15396249502081
15411554320769
15411554910593
15411555533185
15411556614529
15411563823489
15411564446081
15411565035905
15411565429121
15412291928449
15412297007489
15412297073025
15412297138561
15412299661697
15412299760001
15412301922689
15412302020993
15412302446977
15412302512513
15412304707969
15412304773505
15412304806273
15412304871809
15412305527169
15412306215297
15412306608513
15412306772353
15412307100033
15412307657089
15412307689857
15412307853697
15412361593217
15412405272961
15412408615297
15412432175489
15412433256833
15412447543681
15412463108481
15412476445057
15412658667905
15412659978625
15412677607809
15412678328705
15412751499649
15412751860097
15412752155009
15412825063809
15412825129345
15412825194881
15412828733825
15412830634369
15412830896513
15412831256961
15412899643777
15412899676545
15412902756737
15412902789505
15412902855041
15412902953345
15412911079809
15412911178113
15412911964545
15412915110273
15412915339649
15412915470721
15412916060545
15412918190465
15412919304577
15412919402881
15412919566721
15412919763329
15412945191297
15412945224065
15412945289601
15412945355137
15412949451137
15412949483905
15412959773057
15412959805825
15412959871361
15412960002433
15412960067969
15412960133505
15412960592257
15412964458881
15412964557185
15412964655489
15412964688257
15412964786561
15412964852097
15412969144705
15412969406849
15412976681345
15412976714113
15412976746881
15412976845185
15412977926529
15412978352513
15412978483585
15412978516353
15413023015297
15413023113601
15413023342977
15413024915841
15413025014145
15413025145217
15413041168769
15413041889665
15413042479489
15413043200385
15413060829569
15413061484929
15413061779841
15413074985345
15413076853121
15413077115265
15413077279105
15413077410177
15413079343489
15413083046273
15413083111809
15413083242881
15413083832705
15413083898241
15413083931009
15413084062081
15413084160385
15413085733249
15413086323073
15413241184641
15413649998209
15413651046785
15413724676481
15413724873089
15413726282113
15413736931713
15413738996097
15413739684225
15414270558593
15414270624129
15414270689665
15414270820737
15414271836545
15414271902081
15414490399105
15416026235265
15416342675841
15416343757185
15416343986561
15416470208897
15416491704705
15416493506945
15421165339009
15421165502849
15421165601153
15421165666689
15421165764993
15421166059905
15421166092673
15421167042945
15421167075713
15421167108481
15421167436161
15421167468929
15421171859841
15421171892609
15421226746241
15421328359809
15421328425345
15421364896129
15421364928897
15421414113665
15421414211969
15421414277505
15421442261377
15421501211009
15421502030209
15421502554497
15421513630081
15421516218753
15421517889921
15421530603905
15421564912001
15421594501505
15421604299137
15421606953345
15421615473025
15421617537409
15421620257153
15422037361025
15422040277377
15422401479041
15422403051905
15422786535809
15422787453313
15422788272513
15422795088257
15422912332161
15422915445121
15422931927425
15422933500289
15422934647169
15422934909313
15422935007617
15422937563521
15422937760129
15422937792897
15422970134913
15422970167681
15422985765249
15422985798017
15428286513537
15428299161985
15428299194753
15428299260289
15428300112257
15429955944833
15429955977601
15429956010369
15429956043137
15429956075905
15429956141441
15429956206977
15429957517697
15429957845377
15429958238593
15429958304129
15429958336897
15429958369665
15429975343489
15429975409025
15429976031617
15429988516225
15429988614529
15429988745601
15430167855489
15430168052097
15430168117633
15430169002369
15430169133441
15430169919873
15430169985409
15430171427201
15430171525505
15430179357057
15430179422593
15430179455361
15430179520897
15430230704513
15430230901121
15430231032193
15430233555329
15430233588097
15430236504449
15430236733825
15430237061505
15430245515649
15430245548417
15430291849601
15430292078977
15430344311169
15430344409473
15430344442241
15430344475009
15430344507777
15430344573313
15430344606081
15430344638849
15430344671617
15430344704385
15430345425281
15430345490817
15430345556353
15430345589121
15430345621889
15430406668673
15430406734209
15430406832513
15430408438145
15430408503681
15430408634753
15430408700289
15430422561153
15430422659457
15430422692225
15430444122497
15430444155265
15430444253569
15430444286337
15430444319105
15430462603649
15430462636417
15430462669185
15430462701953
15430464012673
15430488326529
15430488883585
15430489211265
15430491275649
15430491308417
15430491373953
15430491439489
15430491668865
15430498353537
15430690865537
15430690898305
15430691029377
15430691062145
15430691094913
15430691160449
15430691193217
15430691225985
15430691586433
15430691684737
15430691783041
15430692110721
15430692143489
15430692176257
15430692209025
15430692241793
15430692274561
15430692307329
15430692340097
15430692372865
15430692405633
15430692438401
15430694404481
15430694437249
15430694470017
15430694502785
15430694797697
15430695190913
15430695223681
15430695256449
15430856376705
15430856442241
15430856573313
15430856606081
15430856638849
15430856737153
15430857097601
15430857130369
15430857425281
15430857523585
15430857589121
15430857621889
15430857654657
15430857687425
15430857851265
15430857884033
15431384269185
15431384498561
15431384859009
15431385121153
15431529759105
15431530054017
15431535886721
15431535919489
15431535952257
15431535985025
15431536017793
15431536050561
15431536083329
15431536116097
15431536148865
15431536181633
15431536673153
15431536968065
15431537000833
15431537033601
15431537066369
15431537099137
15431537131905
15431606731137
15431606796673
15431606829441
15431606862209
15431607452033
15431608140161
15431609418113
15431979860353
15431997325697
15431997391233
15432002797953
15432006992257
15432223228289
15432223850881
15432224473473
15435203871105
15435203903873
15443182944641
15443219186049
15443219218817
15443240944001
15443182846337
15443241075073
15443182813569
15443241140609
15443241173377
15443241206145
15443241238913
15428415226241
15428415422849
15428421353857
15428421386625
15428421419393
15428421452161
15428421681537
15428421714305
15428427940225
15428427972993
15428428005761
15428428038529
15428428071297
15428428104065
15428428136833
15428428169601
15428429513089
15428429578625
15428429611393
15428497015169
15428497047937
15428497080705
15433460220289
15433460253057
15433460285825
15433460318593
15433460351361
15433460384129
15433460416897
15433460449665
15433460482433
15433460515201
15433460547969
15433460580737
15433460613505
15433460646273
15433460679041
15433460711809
15433460744577
15433460777345
15433460810113
15433460842881
15433460875649
15433460973953
15433461006721
15433461039489
15433461072257
15433461137793
15433461170561
15433461236097
15433461301633
15433461334401
15433461367169
15433461399937
15433461432705
15433461465473
15433461531009
15433461563777
15433462022529
15433462055297
15433462088065
15433462120833
15433462153601
15433462186369
15433462219137
15433462251905
15433462284673
15433462350209
15433462808961
15433462841729
15433462874497
15433462907265
15433462940033
15433462972801
15433463038337
15433463071105
15433463103873
15433463136641
15433463169409
15433463202177
15433463234945
15433463267713
15433463300481
15433463333249
15433463366017
15433463398785
15433463431553
15433463464321
15433463497089
15433463529857
15433463562625
15433463595393
15433463628161
15433463660929
15433463693697
15433463726465
15433463759233
15433463792001
15433463824769
15433463857537
15433463988609
15433464021377
15433464054145
15433464086913
15433464152449
15433464217985
15433464250753
15433464316289
15433464349057
15433464381825
15433464447361
15433464512897
15433464545665
15443182911873
15443240976769
15443241042305
15443243663745
15443243696513
15443243762049
15443245433217
15443245465985
15443245662593
15443245760897
15443495846273
15443496108417
15443496141185
15443496206721
15443496239489
15443496927617
15443496960385
15443497025921
15443497976193
15443498893697
15443500466561
15443500597633
15443502006657
15443502072193
15443241009537
15443241107841
15443243598209
15443243729281
15443245498753
15443245531521
15443245597057
15443245629825
15443245728129
15443495879041
15443496173953
15443496731009
15443496763777
15443496862081
15443496993153
15443496894849
15443497681281
15443496829313
15443497714049
15443498107265
15443498959233
15443502104961
15443502137729
15443531760001
15443532218753
15443532251521
15445267808641
15443496796545
15443498336641
15443499647361
15443500368257
15443499614593
15443500433793
15443500302721
15443500695937
15443531792769
15445266923905
15445268726145
15445269348737
15445270233473
15445270921601
15443501580673
15445271609729
15445272428929
15445274263937
15445800288641
15445800354177
15445800386945
15445834465665
15445834498433
15446016557441
15443532185985
15445273379201
15445274919297
15445275771265
15445276197249
15445277933953
15445279474049
15445281046913
15445282750849
15445283602817
15445285863809
15445297136001
15445277016449
15445298774401
15445281833345
15445300674945
15445301428609
15445798814081
15445798879617
15445299364225
15445799076225
15445799174529
15445799240065
15445799108993
15445799338369
15445799436673
15445799469441
15445799666049
15445799698817
15445799862657
15445799960961
15445799993729
15445800059265
15445799534977
15445800157569
15445800255873
15445800452481
15445800518017
15445800550785
15445804941697
15445816476033
15445827223937
15445833449857
15445833613697
15445833646465
15445833744769
15445831057793
15445833875841
15445834006913
15445834039681
15445834269057
15445834367361
15445834531201
15445834629505
15445834727809
15445834793345
15446014886273
15446015148417
15446015443329
15446015738241
15446016393601
15446016852353
15446017180033
15446017442177
15446017671553
15446017933697
15446018326913
15446018654593
15446019015041
15446019408257
15446019801473
15446020161921
15446020424065
15446020686209
15446021144961
15446021570945
15446021833089
15446022193537
15446022619521
15446022947201
15446023274881
15446023635329
15446023668097
15446023700865
15446023897473
15446023963009
15446023995777
15446024094081
15446024192385
15446024290689
15446024323457
15446024356225
15446024388993
15446024487297
15446024552833
15446024683905
15446059319681
15446059680129
15446060007809
15446060269953
15446060597633
15446060859777
15446061220225
15446061547905
15446061941121
15446062301569
15446062596481
15446062924161
15446066626945
15446268379521
15446270902657
15446270935425
15446271492481
15446271525249
15446272835969
15446063612289
15446064202113
15446064464257
15446064726401
15446065021313
15446065873281
15446066299265
15446066954625
15446067249537
15446067937665
15446069510529
15446069936513
15446070526337
15446070886785
15446071247233
15446072295809
15446072754561
15446073377153
15446266315137
15446266446209
15446266773889
15446266806657
15446266839425
15446266904961
15446266937729
15446266970497
15446267068801
15446267134337
15446267167105
15446267199873
15446267265409
15446267298177
15446267363713
15446267396481
15446267462017
15446267494785
15446267527553
15446267593089
15446267691393
15446267724161
15446267888001
15446267920769
15446267953537
15446268019073
15446268117377
15446268215681
15446268248449
15446268346753
15446268412289
15446268477825
15446270542209
15446270607745
15446270706049
15446270771585
15446271000961
15446271066497
15446271164801
15446271230337
15446271295873
15446271328641
15446271623553
15446271689089
15446271721857
15446271820161
15446271951233
15446271984001
15446272016769
15446272147841
15446272311681
15446272344449
15446272573825
15446272606593
15446272639361
15446272672129
15446272737665
15446272803201
15446272934273
15446272999809
15446273098113
15446273163649
15446274933121
15446275326337
15446276243841
15446277357953
15443497648513
15446065611137
15446073737601
15446266675585
15446267036033
15446267789697
15446268510593
15446270640513
15446270738817
15446270869889
15446271197569
15446271754625
15446272082305
15446272180609
15446272770433
15446273065345
15446273196417
15446273261953
15446273360257
15446273458561
15446273851777
15446273884545
15446273917313
15446273950081
15446274048385
15446274638209
15446274670977
15446274802049
15446274834817
15446274867585
15446274900353
15446275031425
15446275064193
15446275096961
15446275129729
15446275162497
15446275195265
15446275293569
15446275359105
15446275424641
15446275457409
15446275522945
15446275555713
15446275588481
15446275621249
15446275817857
15446276571521
15446276800897
15446277194113
15446277325185
15446277456257
15446277489025
15446277521793
15446277587329
15446277652865
15446277751169
15446016065921
15446063907201
15446071640449
15446267101569
15446267625857
15446270443905
15446270804353
15446271099265
15446272213377
15446272967041
15446273294721
15446273425793
15446274015617
15446276407681
15446276997505
15446277718401
15446277816705
15446277915009
15446278963585
15446278996353
15446279061889
15446279127425
15446279258497
15446279455105
15446279750017
15446279782785
15447560520065
15447560749441
15447560978817
15447561273729
15447561765249
15447562158465
15447562289537
15447562486145
15447562715521
15447562846593
15447563043201
15447563272577
15447563403649
15447563895169
15447564222849
15447564321153
15447564452225
15447564845441
15447564976513
15447565042049
15447566025089
15447567106433
15447567794561
15446268150145
15446273393025
15446274703745
15446277554561
15446277783937
15446277882241
15446278635905
15446279029121
15446279225729
15446279553409
15446279717249
15447561109889
15447561929089
15447562617217
15447563174273
15447563633025
15447563764097
15447564550529
15447565205889
15447565304193
15447565468033
15447565664641
15447565861249
15447566123393
15447566320001
15447566385537
15447566549377
15447567040897
15447567303041
15447567335809
15447567466881
15447567532417
15447567729025
15447567958401
15447568023937
15447568253313
15447568744833
15447568908673
15447569170817
15447569465729
15447569596801
15447569891713
15447571661185
15447574380929
15447577264513
15447577461121
15447579525505
15447581327745
15447581753729
15447583064449
15447583326593
15447584113025
15447585030529
15447587586433
15447587815809
15446070329729
15446271033729
15446273229185
15446279094657
15447561535873
15447563010433
15447563993473
15447566582145
15447569367425
15447570121089
15447570416001
15447571104129
15447572054401
15447572218241
15447572513153
15447572775297
15447574872449
15447575069057
15447575331201
15447575986561
15447576183169
15447578018177
15447578476929
15447579066753
15447579263361
15447579754881
15447580344705
15447580541313
15447581098369
15447581557121
15447581917569
15447582114177
15447582736769
15447582900609
15447583555969
15447583949185
15447584506241
15447584833921
15447585194369
15447585489281
15447585685889
15447585882497
15447586144641
15447586603393
15447586931073
15447587160449
15447587357057
15447588077953
15447588274561
15447588438401
15447589028225
15447590502785
15447595417985
15447596859777
15447598268801
15447599153537
15447599350145
15447599546753
15447599972737
15447600365953
15447600628097
15447600791937
15447601217921
15447601381761
15447601611137
15447601774977
15447601971585
15447602168193
15447602364801
15447602758017
15447603020161
15447603413377
15447603609985
15447603806593
15447603937665
15447604101505
15447604265345
15447604658561
15447604855169
15447605051777
15446271558017
15446273622401
15446274736513
15447569629569
15447569826177
15447579918721
15447580770689
15447583752577
15447586374017
15447588667777
15447588864385
15447589257601
15447589486977
15447589650817
15447589814657
15447590011265
15447590142337
15447590371713
15447590732161
15447590961537
15447591223681
15447591420289
15447591649665
15447591911809
15447592108417
15447592272257
15447592468865
15447592632705
15447592862081
15447593058689
15447593353601
15447593550209
15447593779585
15447593976193
15447594172801
15447594467713
15447594697089
15447594893697
15447595090305
15447595254145
15447595549057
15447595811201
15447595975041
15447596106113
15447596302721
15447596499329
15447596663169
15447597089153
15447597252993
15447597482369
15447597711745
15447597908353
15447598072193
15447598498177
15447598825857
15447600103809
15447601021313
15447602561409
15447603216769
15447604461953
15447605313921
15447605510529
15447605739905
15447606002049
15447606198657
15447606428033
15447606657409
15447606821249
15447607148929
15447607443841
15447612653953
15447612883329
15447613145473
15447614783873
15447615668609
15447622320513
15447623303553
15447624548737
15446278144385
15446279356801
15447562420609
15447564714369
15447580082561
15447584309633
15447607673217
15447607968129
15447608066433
15447608263041
15447608590721
15447608885633
15447609246081
15447609704833
15447609966977
15447610229121
15447610458497
15447611310465
15447611539841
15447612260737
15447612522881
15447613309313
15447613768065
15447614161281
15447614390657
15447614554497
15447615046017
15447615406465
15447615865217
15447616061825
15447616323969
15447616618881
15447616881025
15447617208705
15447617470849
15447617700225
15447618060673
15447618453889
15447618716033
15447618978177
15447619273089
15447619600769
15447619928449
15447620288897
15447620616577
15447621009793
15447621337473
15447621665153
15447622058369
15447622484353
15447622648193
15447622877569
15447623139713
15447623696769
15447623958913
15447624188289
15447624417665
15447624810881
15447625007489
15447625204097
15447625433473
15447625630081
15447626219905
15447626678657
15447626875265
15447627137409
15447627334017
15447627497857
15447627760001
15447628251521
15447628480897
15447628710273
15447629103489
15447630872961
15447637950849
15447639916929
15447865491841
15447866507649
15447866900865
15447868309889
15446073082241
15446266872193
15446271656321
15446273819009
15447563534721
15447566844289
15447568482689
15447570186625
15447610982785
15447625957761
15447628874113
15447629529473
15447629758849
15447629955457
15447630348673
15447630512513
15447631069569
15447631528321
15447631724929
15447631987073
15447632150913
15447632347521
15447632576897
15447632740737
15447633068417
15447633494401
15447633691009
15447633822081
15447634018689
15447634477441
15447634706817
15447634903425
15447635100033
15447635329409
15447635788161
15447635984769
15447636181377
15447636377985
15447637000577
15447637197185
15447637557633
15447637787009
15447638147457
15447638868353
15447639294337
15447639687553
15447640113537
15447640670593
15447864508801
15447865098625
15447865295233
15447865622913
15447865819521
15447866081665
15447866311041
15447866704257
15447867163009
15447867359617
15447867588993
15447867687297
15447867949441
15447868146049
15447880335745
15446274965889
15446278898049
15447611769217
15447623467393
15447626449281
15447629332865
15447630741889
15447632937345
15447634248065
15447636607361
15447638540673
15447639097729
15447639490945
15447868440961
15447868670337
15447869587841
15447869751681
15447870308737
15447870800257
15447871226241
15447871422849
15447872045441
15447872209281
15447872602497
15447873028481
15447873356161
15447873552769
15447873749377
15447873945985
15447874208129
15447874371969
15447874797953
15447874961793
15447875158401
15447875584385
15447875715457
15447875912065
15447876174209
15447876370817
15447876567425
15447876862337
15447877091713
15447877583233
15447877747073
15447878041985
15447878271361
15447878500737
15447878762881
15447881974145
15447882137985
15447882301825
15447882432897
15447882596737
15447882695041
15447882891649
15447883022721
15447885087105
15447885316481
15447885742465
15447886758273
15447892492673
15447893475713
15446279651713
15447631298945
15447635591553
15447638344065
15447864934785
15447870538113
15447871652225
15447872831873
15447874568577
15447877353857
15447883153793
15447883317633
15447883383169
15447883645313
15447883710849
15447883841921
15447883972993
15447884104065
15447884267905
15447884398977
15447884530049
15447884792193
15447884890497
15447885185409
15447885480321
15447886004609
15447886266753
15447886561665
15447886987649
15447887282561
15447887675777
15447887970689
15447888265601
15447888593281
15447888855425
15447889084801
15447889478017
15447889740161
15447889969537
15447890264449
15447890493825
15447890821505
15447891050881
15447891378561
15447891542401
15447891673473
15447891771777
15447891902849
15447892099457
15447892230529
15447892361601
15447892656513
15447892787585
15447892885889
15447893049729
15447893180801
15447893311873
15447893901697
15447894098305
15447894294913
15447894458753
15447894688129
15447896490369
15447625793921
15447630152065
15447871029633
15447873159553
15447883514241
15447884661121
15447893737857
15447894819201
15447894983041
15447895114113
15447895310721
15447895736705
15447895933313
15447896195457
15447896326529
15447896654209
15447896752513
15447896916353
15447897080193
15447897244033
15447897407873
15447897604481
15447897768321
15447898096001
15447898259841
15447898554753
15447898718593
15447899079041
15447899242881
15447899406721
15447899603329
15447899734401
15447899931009
15447900094849
15447900258689
15447900422529
15447900619137
15447900750209
15447900881281
15447901208961
15447901340033
15447901536641
15447901700481
15447901831553
15447902126465
15447902290305
15447902421377
15447902880129
15447902978433
15447903109505
15447903273345
15447903404417
15447903502721
15447903633793
15447903764865
15447903928705
15447904059777
15447904354689
15447904485761
15447904616833
15447904911745
15447905173889
15447905272193
15447905436033
15447905567105
15447905698177
15447905862017
15447906091393
15447906189697
15447906386305
15447906779521
15447908909441
15447910678913
15447912153473
15447913660801
15447915987329
15447916183937
15447916347777
15447916609921
15447917068673
15447917199745
15447917494657
15447917822337
15447917920641
15447918313857
15447918477697
15447918903681
15447919001985
15447919133057
15447919264129
15447919395201
15447919559041
15447919722881
15447919919489
15447920116097
15447920411009
15447920542081
15447920836993
15447920902529
15447921066369
15447921361281
15447921525121
15447921754497
15447921918337
15447922213249
15447922540929
15447923196289
15447923294593
15447923491201
15447923622273
15447923917185
15447924048257
15447924375937
15447924867457
15447925064065
15447925227905
15447925522817
15447925916033
15447926079873
15446275260801
15447633330561
15447636771201
15447640441217
15447898423681
15447901045121
15447901995393
15447904256385
15447906550145
15447906910593
15447907041665
15447907205505
15447907369345
15447907500417
15447907664257
15447907828097
15447908450689
15447908581761
15447909204353
15447909400961
15447909695873
15447909859713
15447910023553
15447910187393
15447910384001
15447911203201
15447911465345
15447911760257
15447911956865
15447912415617
15447912644993
15447912907137
15447913234817
15447913464193
15447913890177
15447914152321
15447914381697
15447914643841
15447915790721
15447916511617
15447916839297
15447917330817
15447917625729
15447918051713
15447918182785
15447918608769
15447918739841
15447920279937
15447920673153
15447921230209
15447921656193
15447922082177
15447922344321
15447922803073
15447923818881
15447924179329
15447924507009
15447924638081
15447925358977
15447926243713
15447926342017
15447926473089
15447926833537
15447926931841
15447927390593
15447927521665
15447927849345
15447928340865
15447928406401
15447929028993
15447929356673
15447929389441
15447929487745
15447929651585
15447930143105
15447930503553
15447930732929
15447931060609
15447931388289
15447931617665
15447932207489
15447932338561
15447932436865
15447932567937
15447932764545
15447933059457
15447933157761
15447933354369
15447933550977
15447934140801
15447934304641
15447934828929
15447935058305
15447935222145
15447935385985
15447935517057
15447935648129
15447935779201
15447935910273
15447936041345
15447936598401
15447936762241
15447937057153
15447939318145
15447940268417
15447940825473
15447941054849
15447941251457
15447941316993
15447941480833
15447941677441
15447941841281
15447941972353
15447942136193
15447942300033
15447942594945
15447943020929
15447943381377
15447943643521
15447943774593
15447943840129
15447943971201
15447944135041
15447944298881
15447944429953
15447944561025
15447944692097
15447944823169
15447944954241
15447945118081
15447945249153
15447945412993
15447945544065
15447945675137
15447945740673
15447945871745
15447946035585
15447946199425
15447946363265
15447946527105
15447946658177
15447946822017
15447946953089
15447947116929
15447947313537
15447947444609
15447947575681
15447947739521
15447947837825
15447948099969
15447948198273
15447948329345
15447948525953
15447948755329
15447948919169
15447949050241
15447949214081
15447949345153
15447949640065
15447949738369
15447949836673
15447949934977
15447950066049
15447950262657
15447950557569
15447950688641
15447950786945
15447950918017
15447951180161
15447951311233
15447951507841
15447951606145
15447951835521
15447951999361
15447952195969
15447952327041
15447952425345
15447952556417
15447952753025
15447952884097
15447953015169
15447953179009
15447953342849
15447953473921
15447953572225
15447953736065
15447953932673
15447954030977
15447954227585
15447954456961
15447954620801
15447954817409
15447954981249
15447955177857
15447955341697
15447955505537
15447955636609
15447955800449
15447955964289
15447956128129
15447956324737
15447956521345
15447956685185
15447956816257
15447957012865
15447957143937
15447957340545
15447957504385
15447957733761
15447957864833
15447957963137
15447958192513
15447958323585
15447958487425
15447958716801
15447958880641
15447959077249
15447959241089
15447959404929
15447959568769
15447959699841
15447959863681
15447959994753
15447960158593
15447960355201
15447960486273
15447960682881
15447960846721
15447961010561
15447961272705
15447961502081
15447961764225
15447962091905
15447962321281
15447962648961
15447962812801
15447963042177
15447963271553
15447963500929
15447963828609
15447964025217
15447964254593
15447964516737
15447964746113
15447964975489
15447965172097
15447965401473
15447965663617
15447965860225
15447966056833
15447966351745
15447966515585
15447966679425
15447966908801
15447967072641
15447967170945
15447967302017
15447967433089
15447967596929
15447967793537
15447967924609
15447968219521
15447968383361
15447968547201
15447968842113
15447969005953
15447969235329
15447969399169
15447969595777
15447969956225
15447970349441
15447970546049
15447970709889
15447970873729
15447971070337
15447971234177
15447971430785
15447971561857
15447971660161
15447971955073
15447972118913
15447972413825
15447973757313
15447974379905
15447974543745
15447974740353
15447974871425
15447974969729
15447975133569
15447975264641
15447975362945
15447975461249
15447975625089
15447975788929
15447975887233
15447976018305
15447976182145
15447976345985
15447976509825
15447976739201
15447976935809
15447977099649
15447977296257
15447977427329
15447977525633
15447977722241
15447977820545
15447977984385
15447978115457
15447978279297
15447978508673
15447978639745
15447978934657
15447979065729
15447979229569
15447979393409
15447979491713
15447979622785
15447979819393
15447979983233
15447980147073
15447980310913
15447980474753
15447980638593
15447980802433
15447980966273
15447981097345
15447981261185
15447981457793
15447981654401
15447981719937
15447981851009
15447982014849
15447982145921
15447982440833
15447982571905
15447982899585
15447983063425
15447983194497
15447983325569
15447984243073
15447984406913
15447984472449
15447984636289
15447984832897
15447984996737
15447985160577
15447985357185
15447985521025
15447985717633
15447985881473
15447986012545
15447986176385
15447986405761
15447986569601
15447986733441
15447986831745
15447986864513
15447986995585
15447987224961
15447987356033
15447987487105
15447987650945
15447987814785
15447987945857
15447988076929
15447988240769
15447988568449
15447988699521
15447988830593
15447988896129
15447989059969
15447989191041
15447989322113
15447989453185
15447989617025
15447989780865
15447989911937
15447990043009
15447990206849
15447990403457
15447990632833
15447990763905
15447990960513
15447991026049
15447991189889
15447991320961
15447991484801
15447991648641
15447991779713
15447991943553
15447992074625
15447992304001
15447992467841
15447992598913
15447992729985
15447992828289
15447992992129
15447993090433
15447993254273
15447993418113
15447993581953
15447993745793
15447993876865
15447994007937
15447994171777
15447994335617
15447994466689
15447994630529
15447994794369
15447994925441
15447995056513
15447995154817
15447995318657
15447995482497
15447995679105
15447995908481
15447996203393
15447996400001
15447996694913
15447996957057
15447997251969
15447998366081
15447998726529
15447998988673
15447999316353
15447999545729
15447999807873
15448000135553
15448000397697
15448000659841
15448000921985
15448001216897
15448001479041
15448001773953
15448002068865
15448002331009
15448002593153
15448002822529
15448002986369
15448003084673
15448003248513
15448003346817
15448003477889
15448003608961
15448003805569
15448003936641
15448004067713
15448004198785
15448004297089
15448004428161
15448004559233
15448004690305
15448004821377
15448004919681
15448005083521
15448005247361
15448005411201
15448006394241
15448006525313
15448006689153
15448006885761
15448007016833
15448007147905
15448007278977
15448007410049
15448007573889
15448007672193
15448007803265
15448007999873
15448008163713
15448008327553
15448008491393
15448008655233
15448008786305
15448008884609
15448009048449
15448009212289
15448009343361
15448009507201
15448009703809
15448009834881
15448009933185
15448010097025
15448010260865
15448010391937
15448010555777
15448010719617
15448010883457
15448011014529
15448011178369
15448011342209
15448011538817
15448011702657
15448011833729
15448011932033
15448012063105
15448012259713
15448012390785
15448012554625
15448012751233
15448012915073
15448013078913
15448013242753
15448013406593
15448013570433
15448013734273
15448013898113
15448014029185
15448014127489
15448014291329
15448014520705
15448014684545
15448014881153
15448015012225
15448015176065
15448015274369
15448015405441
15448015569281
15448015733121
15448015864193
15448015995265
15448016126337
15448016224641
15448016355713
15448016519553
15448016650625
15448016814465
15448016945537
15448017076609
15448017174913
15448017273217
15448017371521
15448017502593
15448017633665
15448017830273
15448017961345
15448018092417
15448018223489
15448018354561
15448018485633
15448018649473
15448018780545
15448018911617
15448019075457
15448019206529
15448019370369
15448019501441
15448019665281
15448019796353
15448019927425
15448020091265
15448020255105
15448020418945
15448020582785
15448020746625
15448020943233
15448021303681
15448021565825
15448021762433
15448021926273
15448022188417
15448022450561
15448022712705
15448022974849
15448023138689
15448023302529
15448023466369
15448023630209
15448023761281
15448024580481
15448024940929
15448025268609
15448025530753
15448025661825
15448025825665
15448025891201
15448026022273
15448026186113
15448026382721
15448026579329
15448026743169
15448026907009
15448027070849
15448027169153
15448027300225
15448027464065
15448027627905
15448027791745
15448027955585
15448028053889
15448028217729
15448028381569
15448028545409
15448028643713
15448029331841
15448029495681
15448029626753
15448029757825
15448030183809
15448030347649
15448030511489
15448030642561
15448030708097
15448030839169
15448030970241
15448031101313
15448031297921
15448031527297
15448032018817
15448032280961
15448032510337
15448032772481
15448033001857
15448033296769
15448033460609
15448033689985
15448033886593
15448034181505
15448034443649
15448034673025
15448034935169
15448035230081
15448035459457
15448035688833
15448035950977
15448036213121
15448036442497
15448036704641
15448036802945
15448036934017
15448037130625
15448037294465
15448037425537
15448037622145
15448037753217
15448037917057
15448038080897
15448038277505
15448038474113
15448038605185
15448038769025
15448038998401
15448039129473
15448039260545
15448039489921
15448039719297
15448039915905
15448040046977
15448040210817
15448040309121
15448040407425
15448040571265
15448040735105
15448040898945
15448041062785
15448041193857
15448041259393
15448041423233
15448041619841
15448041783681
15448041914753
15448042045825
15448042209665
15448042307969
15448042406273
15448042570113
15448042701185
15448042865025
15448042963329
15448043028865
15448043061633
15448043094401
15448043127169
15448043225473
15448043258241
15448043291009
15448043323777
15448043389313
15448043422081
15448043487617
15448043520385
15448043553153
15448043585921
15448043618689
15448043651457
15448043749761
15448043782529
15448043815297
15448043848065
15448043880833
15448043913601
15448043946369
15448043979137
15448044011905
15448044110209
15448044142977
15448044208513
15448044241281
15448044306817
15448044339585
15448044372353
15448044405121
15448075829633
15448075862401
15448075895169
15448075927937
15448075993473
15448076026241
15448076059009
15448076091777
15448076124545
15448076190081
15448076222849
15448076255617
15448076288385
15448076321153
15448076386689
15448076419457
15448076452225
15448076484993
15448076517761
15448076550529
15448076583297
15448076648833
15448076681601
15448076714369
15448076779905
15448076845441
15448076910977
15448076943745
15448076976513
15448077009281
15448077042049
15448077074817
15448077140353
15448077173121
15448077205889
15448077238657
15448077271425
15448077304193
15448077336961
15448077402497
15448077435265
15448077468033
15448077500801
15448077533569
15448077566337
15448077599105
15448077664641
15448077697409
15448077730177
15448077762945
15448077795713
15448077861249
15448077894017
15448077959553
15448078025089
15448078057857
15448078123393
15448078188929
15448078221697
15448078254465
15448078287233
15448078320001
15448078352769
15448078418305
15448078451073
15448078483841
15448078516609
15448078549377
15448078582145
15448078647681
15448078680449
15448078713217
15448078745985
15448078778753
15448078811521
15448078844289
15448078909825
15448079368577
15448080613761
15448080646529
15448080679297
15448080712065
15448080744833
15448080777601
15448080810369
15448080843137
15448080908673
15448080941441
15448080974209
15448081006977
15448081039745
15448081072513
15448081105281
15448081138049
15448081170817
15448081203585
15448081269121
15448081301889
15448081334657
15448088281473
15448088314241
15448088347009
15448088379777
15448088412545
15448088445313
15448088478081
15448089624961
15448092279169
15448092311937
15448092344705
15448092377473
15448092443009
15448092475777
15448092508545
15448092541313
15448092574081
15448092606849
15448092672385
15448092705153
15448092737921
15448092770689
15448092803457
15448092836225
15448092934529
15448093000065
15448093032833
15448093065601
15448093098369
15448093131137
15448093163905
15448093196673
15448096506241
15448101519745
15448101552513
15448101585281
15448101618049
15448101683585
15448101945729
15448101978497
15448102011265
15448102044033
15448102076801
15448102109569
15448102207873
15448102240641
15448102306177
15448102371713
15448102404481
15448102437249
15448102601089
15448102633857
15448102666625
15448102732161
15448102764929
15448102797697
15448102896001
15448102961537
15448102994305
15448103027073
15448103092609
15448103125377
15448103158145
15448103223681
15448103256449
15448103289217
15448103321985
15448103354753
15448103420289
15448103453057
15448103780737
15448103813505
15448103846273
15448103879041
15448103944577
15448103977345
15448104010113
15448104042881
15448104075649
15448104141185
15448104173953
15448104206721
15448104239489
15448104305025
15448104337793
15448104370561
15448104403329
15448104468865
15448104501633
15448104534401
15448104567169
15448104632705
15448104665473
15448104698241
15448104763777
15448104862081
15448104960385
15448105156993
15448105288065
15448105353601
15448105386369
15448105419137
15448105451905
15448105484673
15448105517441
15448105550209
15448105615745
15448105648513
15448105681281
15448105714049
15448105746817
15448105779585
15448105910657
15448105976193
15448106041729
15448106107265
15448106140033
15448106172801
15448106205569
15448106238337
15448106271105
15448106336641
15448106369409
15448106402177
15448106434945
15448106467713
15448106500481
15448106533249
15448106598785
15448106664321
15448106697089
15448106729857
15448106762625
15448106795393
15448106828161
15448106860929
15448106926465
15448106959233
15448106992001
15448107090305
15448107188609
15448107254145
15448107319681
15448107385217
15448107417985
15448107450753
15448107483521
15448107549057
15448107581825
15448107614593
15448107680129
15448107778433
15448107811201
15448107843969
15448107909505
15448107942273
15448108007809
15448108040577
15448108138881
15448108237185
15448108269953
15448108335489
15448108368257
15448108401025
15448108433793
15448108466561
15448108564865
15448108630401
15448108695937
15448108761473
15448108794241
15448108827009
15448108859777
15448108958081
15448108990849
15448109023617
15448109056385
15448109089153
15448109121921
15448109154689
15448109187457
15448109220225
15448109318529
15448109351297
15448109449601
15448109613441
15448109646209
15448109842817
15448110104961
15448110203265
15448110236033
15448110268801
15448110334337
15448110367105
15448110399873
15448110432641
15448110498177
15448110530945
15448110563713
15448110596481
15448110629249
15448110694785
15448110727553
15448110760321
15448110793089
15448110825857
15448110858625
15448110924161
15448110956929
15448110989697
15448111022465
15448111055233
15448111120769
15448111219073
15448111251841
15448111284609
15448111350145
15448111382913
15448111415681
15448111481217
15448111513985
15448111546753
15448111579521
15448111612289
15448111710593
15448111776129
15448111808897
15448111841665
15448111874433
15448111907201
15448111939969
15448111972737
15448112038273
15448112071041
15448112103809
15448112169345
15448112202113
15448112234881
15448112267649
15448112333185
15448112464257
15448112595329
15448112726401
15448112857473
15448113021313
15448113152385
15448113283457
15448113447297
15448113578369
15448113709441
15448113906049
15448114037121
15448114135425
15448114168193
15448114200961
15448114233729
15448114299265
15448114332033
15448114463105
15448114495873
15448114561409
15448114594177
15448114626945
15448114659713
15448114725249
15448114758017
15448114889089
15448114954625
15448114987393
15448115052929
15448115085697
15448115118465
15448115151233
15448115216769
15448115249537
15448115282305
15448115315073
15448115347841
15448115380609
15448115413377
15448115446145
15448115478913
15448115544449
15448115577217
15448115609985
15448115642753
15448115708289
15448115773825
15448115806593
15448115839361
15448115872129
15448115937665
15448115970433
15448116003201
15448116035969
15448116068737
15448116101505
15448116134273
15448116167041
15448116199809
15448116265345
15448494440833
15448494473601
15448494571905
15448494604673
15448494670209
15448494866817
15448495063425
15448495194497
15448495260033
15448495292801
15448495325569
15448495391105
15448495423873
15448495456641
15448496079233
15448496112001
15448496144769
15448496308609
15448496341377
15448501059969
15448501780865
15448501813633
15448501846401
15448501879169
15448501911937
15448504074625
15448504238465
15448504304001
15448504336769
15448507416961
15448507711873
15448507974017
15448508367233
15448508662145
15448508727681
15448508760449
15448508793217
15448508858753
15448508891521
15448509022593
15448509153665
15448509383041
15448509514113
15448509579649
15448509612417
15448517017985
15448517345665
15448520032641
15448520360321
15448524456321
15448524521857
15448524587393
15448524685697
15448524751233
15448524784001
15448524915073
15448524980609
15448525046145
15448525111681
15448525177217
15448525209985
15448525242753
15448525308289
15448525865345
15448525996417
15448526029185
15448526160257
15448526291329
15448526356865
15448526553473
15448526717313
15448526750081
15448526782849
15448526848385
15448526979457
15448527044993
15448527077761
15448527176065
15448527372673
15448527536513
15448530780545
15448531075457
15448531337601
15448531632513
15448531927425
15448532189569
15448532418945
15448532713857
15448533008769
15448533270913
15448533598593
15448533860737
15448534122881
15448534352257
15448534614401
15448534876545
15448535105921
15448535302529
15448535499137
15448535695745
15448535925121
15448536121729
15448536383873
15448536613249
15448536875393
15448537170305
15448537399681
15448537629057
15448537923969
15448538186113
15448538415489
15448538644865
15448538874241
15448539136385
15448539398529
15448539693441
15448539922817
15448540184961
15448540447105
15448540643713
15448540938625
15448541233537
15448541495681
15448541823361
15448542118273
15448542478721
15448542708097
15448543003009
15448544117121
15448546017665
15448546312577
15448546967937
15448547393921
15448547852673
15448548376961
15448548868481
15448549261697
15448549687681
15448550146433
15448550441345
15448550867329
15448551326081
15448551719297
15448552178049
15448552505729
15448552833409
15448553161089
15448553488769
15448553849217
15448554176897
15448554504577
15448554865025
15448555094401
15448555291009
15448555553153
15448567972225
15448573346177
15448573378945
15448573444481
15448573510017
15448573575553
15448573608321
15448573673857
15448573804929
15448573936001
15448573968769
15448574034305
15448574099841
15448574230913
15448574329217
15448574427521
15448574460289
15448574591361
15448574820737
15448574984577
15448575115649
15448575148417
15448575279489
15448575312257
15448575410561
15448575476097
15448575508865
15448575541633
15448575672705
15448581964161
15448582029697
15448582062465
15448582160769
15448582259073
15448582291841
15448582324609
15448582357377
15448582422913
15448582521217
15448582586753
15448582652289
15448582685057
15448582750593
15448582816129
15448582881665
15448582914433
15448582979969
15448583045505
15448583078273
15448583143809
15448583209345
15448583242113
15448583340417
15448583373185
15448583438721
15448583471489
15448583537025
15448583635329
15448583700865
15448584782209
15448584847745
15448584880513
15448585011585
15448585077121
15448585175425
15448585208193
15448585470337
15448585601409
15448585666945
15448585699713
15448585732481
15448585765249
15448585863553
15448585896321
15448586060161
15448586125697
15448586224001
15448586289537
15448586453377
15448586617217
15448586715521
15448586781057
15448586813825
15448586879361
15448586977665
15448587075969
15448587108737
15448587141505
15448587305345
15448587403649
15448587436417
15448587501953
15448587534721
15448587600257
15448587665793
15448587698561
15448587731329
15448587829633
15448587862401
15448587927937
15448587960705
15448587993473
15448588190081
15448588321153
15448588419457
15448588517761
15448588583297
15448588616065
15448588681601
15448588714369
15448588747137
15448588812673
15448588878209
15448588910977
15448588943745
15448589009281
15448589074817
15448589140353
15448589173121
15448589205889
15448589238657
15448589271425
15448589304193
15448589468033
15448589599105
15448589730177
15448589894017
15448589992321
15448590057857
15448590123393
15448590188929
15448590254465
15448590320001
15448590352769
15448590385537
15448590418305
15448590483841
15448590549377
15448590614913
15448590647681
15448590680449
15448590713217
15448590745985
15448590778753
15448590844289
15448590909825
15448590975361
15448591008129
15448591139201
15448591270273
15448591401345
15448591434113
15448591466881
15448591532417
15448591630721
15448591663489
15448591761793
15448591794561
15448591860097
15448591892865
15448591958401
15448592089473
15448592286081
15448592417153
15448592515457
15448592580993
15448592613761
15448592646529
15448592777601
15448592810369
15448592843137
15448592908673
15448593006977
15448593039745
15448593105281
15448593138049
15448593203585
15448593236353
15448593269121
15448593432961
15448593564033
15448593760641
15448593826177
15448593858945
15448593924481
15448593957249
15448594055553
15448594088321
15448594186625
15448594284929
15448594317697
15448594383233
15448594416001
15448594514305
15448594612609
15448594710913
15448594907521
15448595038593
15448595169665
15448595267969
15448595300737
15448595333505
15448595366273
15448595431809
15448595497345
15448595562881
15448595595649
15448595628417
15448595661185
15448595726721
15448595759489
15448595890561
15448595923329
15448595988865
15448596054401
15448596087169
15448596119937
15448596185473
15448596218241
15448596349313
15448596513153
15448596676993
15448596775297
15448596873601
15448596906369
15448596939137
15448597037441
15448597102977
15448597135745
15448597168513
15448597201281
15448597234049
15448597299585
15448597332353
15448597365121
15448597397889
15448597594497
15448597725569
15448597856641
15448597954945
15448597987713
15448598020481
15448598086017
15448598118785
15448598184321
15448598249857
15448598282625
15448598348161
15448598413697
15448598446465
15448598479233
15448598512001
15448598577537
15448598610305
15448598643073
15448598708609
15448598839681
15448598970753
15448599069057
15448599134593
15448599167361
15448599200129
15448599232897
15448599298433
15448599331201
15448599396737
15448599429505
15448599462273
15448599527809
15448599593345
15448599658881
15448599724417
15448599789953
15448599855489
15448599953793
15448599986561
15448600019329
15448600084865
15448600150401
15448600248705
15448600347009
15448600478081
15448600543617
15448600641921
15448600707457
15448600805761
15448600838529
15448600904065
15448600936833
15448601035137
15448601067905
15448601133441
15448601166209
15448601231745
15448601264513
15448601297281
15448601330049
15448601526657
15448602083713
15448602149249
15448602182017
15448602214785
15448602247553
15448602280321
15448602378625
15448602411393
15448602444161
15448602509697
15448602542465
15448602575233
15448602608001
15448602640769
15448602673537
15448602739073
15448602771841
15448602804609
15448602870145
15448602935681
15448602968449
15448603001217
15448603033985
15448603066753
15448603099521
15448603132289
15448603230593
15448603263361
15448603296129
15448603361665
15448603394433
15448603427201
15448603459969
15448603492737
15448603525505
15448603591041
15448603656577
15448603820417
15448603853185
15448603918721
15448603951489
15448603984257
15448604082561
15448604180865
15448604344705
15448604377473
15448604410241
15448604443009
15448604574081
15448604672385
15448604705153
15448604737921
15448604803457
15448604868993
15448604934529
15448604967297
15448605065601
15448605131137
15448605163905
15448605196673
15448605229441
15448605327745
15448605458817
15448605589889
15448605884801
15448606048641
15448606212481
15448606343553
15448606507393
15448606671233
15448606769537
15448607031681
15448607195521
15448607326593
15448607392129
15448607424897
15448607490433
15448607523201
15448607621505
15448607654273
15448607687041
15448607752577
15448607818113
15448607850881
15448607883649
15448607916417
15448607949185
15448607981953
15448608113025
15448608145793
15448608178561
15448608211329
15448608276865
15448608309633
15448608375169
15448608407937
15448608506241
15448608539009
15448608571777
15448608637313
15448608801153
15448608932225
15448608997761
15448609030529
15448609063297
15448609096065
15448609161601
15448609259905
15448609292673
15448609325441
15448609358209
15448609423745
15448609456513
15448609522049
15448609587585
15448609620353
15448609685889
15448609784193
15448609816961
15448609849729
15448609915265
15448610111873
15448610144641
15448610210177
15448610275713
15448610341249
15448610406785
15448610472321
15448610537857
15448610603393
15448610636161
15448610701697
15448610734465
15448610800001
15448610865537
15448610931073
15448611062145
15448611291521
15448611389825
15448611422593
15448611455361
15448611586433
15448611881345
15448612340097
15448612831617
15448613192065
15448613552513
15448613945729
15448614240641
15448614568321
15448614994305
15448615321985
15448615649665
15448616272257
15448616567169
15448616862081
15448617058689
15448617222529
15448617484673
15448617812353
15448618107265
15448618369409
15448618631553
15448618926465
15448619188609
15448619450753
15448619680129
15448619942273
15448620237185
15448620564865
15448620859777
15448621252993
15448621613441
15448621908353
15448622236033
15448622563713
15448622858625
15448623186305
15448623579521
15448623939969
15448624234881
15448624529793
15448624890241
15448625185153
15448625512833
15448625840513
15448626135425
15448626430337
15448626758017
15448627052929
15448627315073
15448627577217
15448627937665
15448628232577
15448628593025
15448628920705
15448629150081
15448629444993
15448629739905
15448630100353
15448630395265
15448630657409
15448630952321
15448631214465
15448631542145
15448631804289
15448632099201
15448632459649
15448632885633
15448633082241
15448633377153
15448633639297
15448633999745
15448634261889
15448634458497
15448634687873
15448634884481
15448635081089
15448635277697
15448635507073
15448635736449
15448635998593
15448636227969
15448636457345
15448636719489
15448636948865
15448637276545
15448637538689
15448637800833
15448638128513
15448638456193
15448638718337
15448638980481
15448639242625
15448639603073
15448639897985
15448640192897
15448640520577
15448640848257
15448641012097
15448641208705
15448641470849
15448641864065
15448642191745
15448642519425
15448642748801
15448642781569
15448642847105
15448642912641
15448642945409
15448643010945
15448643043713
15448643076481
15448643142017
15448643174785
15448643240321
15448643338625
15448643371393
15448643469697
15448643502465
15448643600769
15448643666305
15448643699073
15448643731841
15448643764609
15448643797377
15448643862913
15448643928449
15448643993985
15448644026753
15448644092289
15448644157825
15448644190593
15448644256129
15448644288897
15448644321665
15448644419969
15448644452737
15448644518273
15448644583809
15448644649345
15448644714881
15448644780417
15448644878721
15448644977025
15448645206401
15448645304705
15448645370241
15448645435777
15448645534081
15448645566849
15448645632385
15448645665153
15448645697921
15448645763457
15448645796225
15448645861761
15448645927297
15448645960065
15448645992833
15448646025601
15448646058369
15448646091137
15448646156673
15448646189441
15448646222209
15448646254977
15448646320513
15448646386049
15448646451585
15448646484353
15448646582657
15448646615425
15448646680961
15448646713729
15448646812033
15448646844801
15448646910337
15448646943105
15448647008641
15448647041409
15448647106945
15448647139713
15448647172481
15448647205249
15448647303553
15448647369089
15448647401857
15448647434625
15448647467393
15448647532929
15448647565697
15448647631233
15448647664001
15448647696769
15448647795073
15448647827841
15448647860609
15448647893377
15448647958913
15448648024449
15448648089985
15448648122753
15448648155521
15448648188289
15448648352129
15448648384897
15448648450433
15448648515969
15448648614273
15448648712577
15448648810881
15448648876417
15448649040257
15448649335169
15448649400705
15448649433473
15448649531777
15448649564545
15448649728385
15448649859457
15448649990529
15448650088833
15448650154369
15448650252673
15448650318209
15448650416513
15448650482049
15448650514817
15448650580353
15448650613121
15448650645889
15448650711425
15448650809729
15448650842497
15448650875265
15448650940801
15448650973569
15448651006337
15448651071873
15448651104641
15448651170177
15448651202945
15448651235713
15448651268481
15448651366785
15448651432321
15448651465089
15448651497857
15448651530625
15448651596161
15448651628929
15448651661697
15448651727233
15448651792769
15448651825537
15448651891073
15448651923841
15448651956609
15448651989377
15448652087681
15448652120449
15448652153217
15448652251521
15448652284289
15448652349825
15448652513665
15448652579201
15448652644737
15448652677505
15448652743041
15448652775809
15448652841345
15448652874113
15448652939649
15448653005185
15448653103489
15448653169025
15448653267329
15448653300097
15448653365633
15448653398401
15448653463937
15448653496705
15448653562241
15448653627777
15448653693313
15448653758849
15448653922689
15448653988225
15448654020993
15448654053761
15448654086529
15448654152065
15448654184833
15448654217601
15448654283137
15448654348673
15448654381441
15448654512513
15448654610817
15448654676353
15448654741889
15448654774657
15448654840193
15448654872961
15448654938497
15448654971265
15448655004033
15448655036801
15448655069569
15448655135105
15448655266177
15448655298945
15448655397249
15448655430017
15448655462785
15448655495553
15448655561089
15448655659393
15448655692161
15448655724929
15448655757697
15448655823233
15448655856001
15448655888769
15448655921537
15448656019841
15448656052609
15448656216449
15448656347521
15448656511361
15448656609665
15448656642433
15448656675201
15448656707969
15448656740737
15448656806273
15448656871809
15448656904577
15448656937345
15448656970113
15448657002881
15448657035649
15448657101185
15448657265025
15448657396097
15448657527169
15448657625473
15448657691009
15448657723777
15448657756545
15448657789313
15448657822081
15448657854849
15448657887617
15448657920385
15448657953153
15448658018689
15448658051457
15448658084225
15448658116993
15448658280833
15448658477441
15448658772353
15448659001729
15448659034497
15448659100033
15448659165569
15448659198337
15448659263873
15448659329409
15448659362177
15448659427713
15448659460481
15448659526017
15448659558785
15448659591553
15448659624321
15448659657089
15448659755393
15448659788161
15448659853697
15448659886465
15448659919233
15448660017537
15448660050305
15448660115841
15448660181377
15448660214145
15448660279681
15448660312449
15448660345217
15448660377985
15448660410753
15448660541825
15448660738433
15448660869505
15448661000577
15448661066113
15448661131649
15448661262721
15448661459329
15448661623169
15448661787009
15448661983617
15448662114689
15448662311297
15448662442369
15448662606209
15448662737281
15448662901121
15448662999425
15448663163265
15448663392641
15448663654785
15448663949697
15448664211841
15448664441217
15448664605057
15448664736129
15448664932737
15448665063809
15448665227649
15448665424257
15448665489793
15448665620865
15448665653633
15448665686401
15448665719169
15448665850241
15448666014081
15448666145153
15448666276225
15448666308993
15448666341761
15448666407297
15448666472833
15448666538369
15448666636673
15448666669441
15448666734977
15448666800513
15448666833281
15448666866049
15448666898817
15448666964353
15448666997121
15448667029889
15448667062657
15448667160961
15448667292033
15448667423105
15448667488641
15448667554177
15448667586945
15448667652481
15448667685249
15448667750785
15448667783553
15448667816321
15448667881857
15448667947393
15448668012929
15448668045697
15448668111233
15448668144001
15448668176769
15448668242305
15448668340609
15448668406145
15448668438913
15448668504449
15448668602753
15448668668289
15448668701057
15448668832129
15448668930433
15448669127041
15448669290881
15448669454721
15448669749633
15448669880705
15448669946241
15448670011777
15448670273921
15448670404993
15448670470529
15448670536065
15448670601601
15448670667137
15448670765441
15448670798209
15448670863745
15448670929281
15448670962049
15448671027585
15448671125889
15448671158657
15448671224193
15448671289729
15448671322497
15448671355265
15448671388033
15448671453569
15448671486337
15448671584641
15448671715713
15448671814017
15448671945089
15448672043393
15448672076161
15448672108929
15448672141697
15448672174465
15448672207233
15448672240001
15448672305537
15448672371073
15448672403841
15448672469377
15448672534913
15448672633217
15448672665985
15448672731521
15448672764289
15448672797057
15448672829825
15448672862593
15448672895361
15448672928129
15448672993665
15448673026433
15448673059201
15448673157505
15448673288577
15448673419649
15448673550721
15448673616257
15448673649025
15448673681793
15448673747329
15448673812865
15448673845633
15448673878401
15448673943937
15448673976705
15448674009473
15448674042241
15448674075009
15448674107777
15448674173313
15448674206081
15448674238849
15448674304385
15448674337153
15448674402689
15448674435457
15448674664833
15448674730369
15448674861441
15448674926977
15448674992513
15448675156353
15448675254657
15448675451265
15448675516801
15448675746177
15448675811713
15448675910017
15448676008321
15448676073857
15448676303233
15448676434305
15448676663681
15448676794753
15448676958593
15448677089665
15448677220737
15448677286273
15448677351809
15448677515649
15448677548417
15448701403521
15448701534593
15448701731201
15448701927809
15448702615937
15448702910849
15448703271297
15448703467905
15448703500673
15448703566209
15448703664513
15448703730049
15448703795585
15448703926657
15448703959425
15448704024961
15448704188801
15448704352641
15448704450945
15448704516481
15448704549249
15448704614785
15448704680321
15448704745857
15448704778625
15448704811393
15448704844161
15448704909697
15448705040769
15448705171841
15448705728897
15448705827201
15448705859969
15448705958273
15448706154881
15448706384257
15448706515329
15448706613633
15448706679169
15448706744705
15448706941313
15448707170689
15448707367297
15448707596673
15448707727745
15448707760513
15448707858817
15448709923201
15448710087041
15448710185345
15448710349185
15448710447489
15448710513025
15448710545793
15448710578561
15448710676865
15448710742401
15448710775169
15448710840705
15448710873473
15448710971777
15448711004545
15448711070081
15448711201153
15448711299457
15448711332225
15448711397761
15448711528833
15448711692673
15448711889281
15448712020353
15448712184193
15448712249729
15448712282497
15448712380801
15448712413569
15448712446337
15448712577409
15448712642945
15448712675713
15448712741249
15448712774017
15448712839553
15448712872321
15448713003393
15448713101697
15448713200001
15448713232769
15448713363841
15448713494913
15448713625985
15448713724289
15448713757057
15448713822593
15448713855361
15448713888129
15448713953665
15448714117505
15448714215809
15448714314113
15448714346881
15448714510721
15448714609025
15448714674561
15448714740097
15448714838401
15448714969473
15448715133313
15448715198849
15448715329921
15448715559297
15448715657601
15448715723137
15448715755905
15448715788673
15448715886977
15448716018049
15448716050817
15448716116353
15448716214657
15448716509569
15448716673409
15448716771713
15448716902785
15448716935553
15448717033857
15448717099393
15448717197697
15448717296001
15448717394305
15448717492609
15448717623681
15448717656449
15448717689217
15448717787521
15448717820289
15448717853057
15448717918593
15448718049665
15448718180737
15448718344577
15448718442881
15448718541185
15448718639489
15448718672257
15448718737793
15448718803329
15448718967169
15448719032705
15448719098241
15448719163777
15448719196545
15448719262081
15448719360385
15448719425921
15448719655297
15448719786369
15448719982977
15448720048513
15448720146817
15448720310657
15448720343425
15448720441729
15448720540033
15448720572801
15448720605569
15448720671105
15448720769409
15448720867713
15448720900481
15448747344257
15448747409793
15448747475329
15448747671937
15448748491137
15448748556673
15448751899009
15448752619905
15448755536257
15448755601793
15448755667329
15448755732865
15448755831169
15448755995009
15448756093313
15448756158849
15448756224385
15448756322689
15448756453761
15448756519297
15448756617601
15448756715905
15448756814209
15448756879745
15448756912513
15448756978049
15448757141889
15448757272961
15448757338497
15448757436801
15448757502337
15448757535105
15448757600641
15448757797249
15448757895553
15448759271809
15448759337345
15448760484225
15448763040129
15448763171201
15448764940673
15448765071745
15448765268353
15448765333889
15448765497729
15448765628801
15448765727105
15448765759873
15448765890945
15448766022017
15448766054785
15448766251393
15448766316929
15448766382465
15448766579073
15448766742913
15448781324673
15448784994689
15448788140417
15448789057921
15448790270337
15448790368641
15448790401409
15448790499713
15448790565249
15448790663553
15448790761857
15448791449985
15448792400257
15448792498561
15448792564097
15448792662401
15448793612673
15448793678209
15448793776513
15448793907585
15448794005889
15448794071425
15448794136961
15448794202497
15448794300801
15448794431873
15448794497409
15448794595713
15448794661249
15448794726785
15448794759553
15448794857857
15448794923393
15448794956161
15448795054465
15448795120001
15448795283841
15448795414913
15448795611521
15448795742593
15448795906433
15448796070273
15448796234113
15448796397953
15448796529025
15448796660097
15448796889473
15448797053313
15448797217153
15448797380993
15448797512065
15448797643137
15448797708673
15448797741441
15448797839745
15448798036353
15448798298497
15448798626177
15448799347073
15448799510913
15448800166273
15448801378689
15445299954049
15447599808897
15447869981057
15447871848833
15447875355009
15447904780673
15447905993089
15447906681217
15447907959169
15447908254081
15447909007745
15447925752193
15447926636929
15447927062913
15447928832385
15447929192833
15447929815425
15447929979265
15447930306945
15447930831233
15447932928385
15447934468481
15447934632321
15447936205185
15447936467329
15447936893313
15447937188225
15448798003585
15448798101889
15448798232961
15448798364033
15448798495105
15448798691713
15448798888321
15448799052161
15448799281537
15448799609217
15448799674753
15448799838593
15448800002433
15448800526721
15448800723329
15448800985473
15448801083777
15448801214849
15448801509761
15448801673601
15448802132353
15448802361729
15448802460033
15448802558337
15448802656641
15448802722177
15448802853249
15448802951553
15448803082625
15448803312001
15448803475841
15448803737985
15448803869057
15448803934593
15448804295041
15448804753793
15448804983169
15448805769601
15448805998977
15447609475457
15447898915201
15447902552449
15447908745601
15447915561345
15447922999681
15447931748737
15447933714817
15448797905281
15448798560641
15448799019393
15448799183233
15448799478145
15448799773057
15448800231809
15448800461185
15448800788865
15448801018241
15448801313153
15448801575297
15448802001281
15448802165121
15448802296193
15448802328961
15448802427265
15448802623873
15448802754945
15448802886017
15448803017089
15448803049857
15448803180929
15448803246465
15448803377537
15448803574145
15448803803521
15448804065665
15448805245313
15448805540225
15448806261121
15448806457729
15448807276929
15448807735681
15448808030593
15448809996673
15448810815873
15448811143553
15448811438465
15448812388737
15448813011329
15448815141249
15448816320897
15448816583041
15448817500545
15448817828225
15448818778497
15448819696001
15448820679041
15448820842881
15448821170561
15448821924225
15448822120833
15448824775041
15446272115073
15447870112129
15447872438657
15447905010049
15447908090241
15447910973825
15447927226753
15447928045953
15447928177025
15447932043649
15448798331265
15448798462337
15448799150465
15448799936897
15448800854401
15448801771905
15448802492801
15448802787713
15448803639681
15448806883713
15448807539073
15448808358273
15448809079169
15448809374081
15448810586497
15448813339009
15448815468929
15448816058753
15448816910721
15448818450817
15448820154753
15448820384129
15448821694849
15448822645121
15448823366017
15448823955841
15448824250753
15448824381825
15448824447361
15448824480129
15448824578433
15448824709505
15448824971649
15448825397633
15448826085761
15448826184065
15448826675585
15448826806657
15448827068801
15447891214721
15447919788417
15448803508609
15448807113089
15448808587649
15448809668993
15448813699457
15448814027137
15448817172865
15448822382977
15448823103873
15448824185217
15448824545665
15448824742273
15448824807809
15448825102721
15448825233793
15448825528705
15448825627009
15448825725313
15448826020225
15448826216833
15448826315137
15448826511745
15448826872193
15448827036033
15448827199873
15448829264257
15448829985153
15448830509441
15448830837121
15448831197569
15448831656321
15448831721857
15448832278913
15448832377217
15448832508289
15448832672129
15448832704897
15448832803201
15448833196417
15448833458561
15448833982849
15448834048385
15448834146689
15448834408833
15448834474369
15448834507137
15448834605441
15447627989377
15448798953857
15448799445377
15448801149313
15448812028289
15448819892609
15448823660929
15448825037185
15448825430401
15448825659777
15448825889153
15448826052993
15448826380673
15448826708353
15448826970497
15448827888001
15448828313985
15448828707201
15448828903809
15448829067649
15448829526401
15448831033729
15448831426945
15448831820161
15448832180609
15448832409985
15448832606593
15448832868737
15448832999809
15448833622401
15448833786241
15448833917313
15448834113921
15448834244993
15448834539905
15448834670977
15448834703745
15448834736513
15448834802049
15448800395649
15448802066817
15448808849793
15448825561473
15448826282369
15448828969345
15448829460865
15448833851777
15448834310529
15448834834817
15448834867585
15448834965889
15448835064193
15448835162497
15448835293569
15448835359105
15448835490177
15448835555713
15448835752321
15448835785089
15448835948929
15448836047233
15448836211073
15448836309377
15448836440449
15448836571521
15448836669825
15448836800897
15448836899201
15448836997505
15448837095809
15448837161345
15448837685633
15448837751169
15448838111617
15448838242689
15448838635905
15448838930817
15448804000129
15448815796609
15448822907265
15448824643969
15448827593089
15448828182913
15448830345601
15448833655169
15448835195265
15448835883393
15448836178305
15448836702593
15448836964737
15448837259649
15448837587329
15448837849473
15448838046081
15448838340993
15448838472065
15448838570369
15448838799745
15448838963585
15448839094657
15448839324033
15448839356801
15448839520641
15448840831361
15448842764673
15446275391873
15447933878657
15448824316289
15448825790849
15448826773889
15448827494785
15448835326337
15448835522945
15448835981697
15448836374913
15448836833665
15448837226881
15448837456257
15448838013313
15448838406529
15448838668673
15448839061889
15448839192961
15448839389569
15448839553409
15448839618945
15448839684481
15448839782785
15448839946625
15448840012161
15448840241537
15448840503681
15448840995201
15448841388417
15448841978241
15448843420033
15448843911553
15448843977089
15448844075393
15448844337537
15448844370305
15448844468609
15448844566913
15448844599681
15448844730753
15448844796289
15448844927361
15448845025665
15448845091201
15448845189505
15448845353345
15448845681025
15448845779329
15448846008705
15448846467457
15448825135489
15448826577281
15448827756929
15448828674433
15448831525249
15448837390721
15448837980545
15448838504833
15448839160193
15448839750017
15448839979393
15448840569217
15448841224577
15448841585025
15448843846017
15448844272001
15448844665217
15448845058433
15448845222273
15448845255041
15448845451649
15448845615489
15448845943169
15448846041473
15448846270849
15448846434689
15448846598529
15448846664065
15448846762369
15448847253889
15448847483265
15448847745409
15448847876481
15448847909249
15448848007553
15448848040321
15448848105857
15448848302465
15448848499073
15448848564609
15448848695681
15448848761217
15448848793985
15448848826753
15448848925057
15448848957825
15448849023361
15448849121665
15448849449345
15448849711489
15448850104705
15448850366849
15448850628993
15448851087745
15448851382657
15448851546497
15448851677569
15448851874177
15448852038017
15448852201857
15448827134337
15448828838273
15448834343297
15448835686785
15448837030273
15448839455105
15448839848321
15448840307073
15448840700289
15448844140929
15448844960129
15448845549953
15448846172545
15448846369153
15448846860673
15448846926209
15448846958977
15448847090049
15448847221121
15448847319425
15448847417729
15448847548801
15448847581569
15448847778177
15448848400769
15448848597377
15448848630145
15448849252737
15448849940865
15448850760065
15448851218817
15448852300161
15448861344129
15448866128257
15448870748545
15448871797121
15448872714625
15448872747393
15448872878465
15448872976769
15448873402753
15448873566593
15448873632129
15448873730433
15448873763201
15448874320257
15448874615169
15448874779009
15448875172225
15448875499905
15448875532673
15448875630977
15448875663745
15448875696513
15448875762049
15448875827585
15448875860353
15448875925889
15448875991425
15448876122497
15448876220801
15448876253569
15448876286337
15448876351873
15448876548481
15448876581249
15448876679553
15448876810625
15448876876161
15448877203841
15447577657729
15448825954689
15448831394177
15448834998657
15448838177153
15448845582721
15448846074241
15448846205313
15448846500225
15448847155585
15448849580417
15448851743105
15448852464001
15448867701121
15448872845697
15448873075073
15448873173377
15448873468289
15448873533825
15448876056961
15448876417409
15448876777857
15448877007233
15448877105537
15448877171073
15448877269377
15448877400449
15448877433217
15448877465985
15448877531521
15448877597057
15448877629825
15448877662593
15448877760897
15448877826433
15448878154113
15448878514561
15448880480641
15447936336257
15448828051841
15448837521793
15448839651713
15448840339841
15448843157889
15448847712641
15448850923905
15448852529537
15448852627841
15448859771265
15448872452481
15448873107841
15448876745089
15448876941697
15448877859201
15448877924737
15448877990273
15448878023041
15448878121345
15448878219649
15448878285185
15448878317953
15448878383489
15448878416257
15448878449025
15448878580097
15448878645633
15448878711169
15448878743937
15448878907777
15448879202689
15448879464833
15448879595905
15448879825281
15448880054657
15448880251265
15448880644481
15448880742785
15448880841089
15448880939393
15448881037697
15448881070465
15448881201537
15448881267073
15448881365377
15448881627521
15448881693057
15448881791361
15448882413953
15448882708865
15448882839937
15448882872705
15448882938241
15448883003777
15448883200385
15448883790209
15448884674945
15448885592449
15446279848321
15447915168129
15448832475521
15448834179457
15448836637057
15448840143233
15448845812097
15448846336385
15448873009537
15448881004929
15448881398145
15448881889665
15448881987969
15448882151809
15448882184577
15448882250113
15448882315649
15448882643329
15448883102081
15448883462529
15448883528065
15448883691905
15448883757441
15448883822977
15448883888513
15448884052353
15448884117889
15448884248961
15448884347265
15448884380033
15448884543873
15448884609409
15448884806017
15448884904321
15448885133697
15448885199233
15448885363073
15448885461377
15448892047745
15448821498241
15447896097153
15448845287809
15448852758913
15448881299841
15448884085121
15448885264769
15448887001473
15448890245505
15448890769793
15448891163009
15448891195777
15448891261313
15448891392385
15448891916673
15448891982209
15448892080513
15448892113281
15448892178817
15448892408193
15448892539265
15448892735873
15448892834177
15448893063553
15448893227393
15448893391233
15448893587841
15448895259009
15448897421697
15447902716289
15443182879105
15448800592257
15448836112769
15448839225729
15448881496449
15448841519489
15448864326017
15448885657985
15448885756289
15448893718913
15448894046593
15448894275969
15448894570881
15448894734721
15448895095169
15448895390081
15448895553921
15448895684993
15448895881601
15448896045441
15448896176513
15448896340353
15448896438657
15448896504193
15448896569729
15448896635265
15448896700801
15448896733569
15448896831873
15448896864641
15448896962945
15448896995713
15448897094017
15448897159553
15448897192321
15448897225089
15448897356161
15448897487233
15448897683841
15448897814913
15448898109825
15448898208129
15448898273665
15448898306433
15448898371969
15448898437505
15448898535809
15448899322241
15448899813761
15447637393793
15448847057281
15448873271681
15448826413441
15448846139777
15448877334913
15448884838785
15448886706561
15448898699649
15448898896257
15448898929025
15448898961793
15448899092865
15448899158401
15448899223937
15448899256705
15448899420545
15448899486081
15448899551617
15448899584385
15448899879297
15448900010369
15448900239745
15448900272513
15448901419393
15448835228033
15446063284609
15446270574977
15447582441857
15447617012097
15448798167425
15448804557185
15448832770433
15448835391873
15448836276609
15448837325185
15448838898049
15448844435841
15448849088897
15448852332929
15448852431233
15448852693377
15448853545345
15448855118209
15448856560001
15448858067329
15448881561985
15448881955201
15448883036545
15448883298689
15448883560833
15448883659137
15448884216193
15448884478337
15448884707713
15448884740481
15448884969857
15448885297537
15448885789057
15448885821825
15448885887361
15448886051201
15448886116737
15448886444417
15448887329153
15448887656833
15448887918977
15448888246657
15448888541569
15448888803713
15448889557377
15448889655681
15448889721217
15448889819521
15448890311041
15448890540417
15448891064705
15448891097473
15448891457921
15448891720065
15448891752833
15448899125633
15448899387777
15448899682689
15448899780993
15448899846529
15448899944833
15448900174209
15448900370817
15448900436353
15448900567425
15448900731265
15448900796801
15448900895105
15448900960641
15448900993409
15448901058945
15448901124481
15448901222785
15448901288321
15448901386625
15448901452161
15448901517697
15448901583233
15448901648769
15448901714305
15448901747073
15448901845377
15448902009217
15448902107521
15448902205825
15448902238593
15448902271361
15448902369665
15448902402433
15448902435201
15448902533505
15448902599041
15448902762881
15448902828417
15448902893953
15448902926721
15448902959489
15448902992257
15448903090561
15448903156097
15448903188865
15448903287169
15448903385473
15448903418241
15448903483777
15448903582081
15448903647617
15448903713153
15448903844225
15448903876993
15448904008065
15448904106369
15448904139137
15448904171905
15448904237441
15448904270209
15448904335745
15448904401281
15448904499585
15448904565121
15448904597889
15448904630657
15448904696193
15448904728961
15448904794497
15448904827265
15448904860033
15448904925569
15448904958337
15448905023873
15448905089409
15448905154945
15448905220481
15448905253249
15448905318785
15448905449857
15448905548161
15448905744769
15448905908609
15448906170753
15448906334593
15448906465665
15448906662273
15448906858881
15448907055489
15448907252097
15448907415937
15448907612545
15448907776385
15448907972993
15448908038529
15448908136833
15448908202369
15448908267905
15448908366209
15448908497281
15448908628353
15448908693889
15448908792193
15448908988801
15448909152641
15448909218177
15448909283713
15448909382017
15448909414785
15448909545857
15448909676929
15448909775233
15448909840769
15448909906305
15448910004609
15448910102913
15448910168449
15448910233985
15448910299521
15448910365057
15448910397825
15448910496129
15448910594433
15448910659969
15448910725505
15448910791041
15448910856577
15448910889345
15448910922113
15448911020417
15448911053185
15448911151489
15448911184257
15448911249793
15448911315329
15448911348097
15448911413633
15448911446401
15448911511937
15448911577473
15448911643009
15448911708545
15448911741313
15448911839617
15448911937921
15448911970689
15448912036225
15448912101761
15448912134529
15448912200065
15448912232833
15448912331137
15448912363905
15448912396673
15448912462209
15448912494977
15448912560513
15448912626049
15448912658817
15448912724353
15448912757121
15448912789889
15448912855425
15448912888193
15448912920961
15448913019265
15448913084801
15448913150337
15448913215873
15448913281409
15448913314177
15448913379713
15448913412481
15448913478017
15448913510785
15448913543553
15448913609089
15448913674625
15448913707393
15448913805697
15448913838465
15448913871233
15448913936769
15448913969537
15448914067841
15448914166145
15448914231681
15448914264449
15448914329985
15448914395521
15448914428289
15448914493825
15448914592129
15448914657665
15448914723201
15448914788737
15448914821505
15448914887041
15448914919809
15448915018113
15448915083649
15448915116417
15448915214721
15448915280257
15448915313025
15448915378561
15448915411329
15448915444097
15448915509633
15448915640705
15448915673473
15448915739009
15448915771777
15448915804545
15448915870081
15448915902849
15448915935617
15448916001153
15448916033921
15448916132225
15448916197761
15448916230529
15448916263297
15448916361601
15448916394369
15448916427137
15448916492673
15448916525441
15448916558209
15448916623745
15448916689281
15448916722049
15448916754817
15448916820353
15448916853121
15448916918657
15448917082497
15448917213569
15448917279105
15448917311873
15448917442945
15448917541249
15448917606785
15448917705089
15448918000001
15448918098305
15448918163841
15448918229377
15448918360449
15448918458753
15448918524289
15448918622593
15448918688129
15448918786433
15448918983041
15448919081345
15448919114113
15448919146881
15448919212417
15448919277953
15448919441793
15448919507329
15448919572865
15448919605633
15448919900545
15448919966081
15448920162689
15448920195457
15448920260993
15448920293761
15448920359297
15448920392065
15448920457601
15448920523137
15448920588673
15448920785281
15448920818049
15448920883585
15448920916353
15448920949121
15448921145729
15448921211265
15448921276801
15448921309569
15448921375105
15448921407873
15448921440641
15448921473409
15448921571713
15448921604481
15448921768321
15448921866625
15448921964929
15448921997697
15448922063233
15448922096001
15448922227073
15448922292609
15448922325377
15448922390913
15448922489217
15448922587521
15448922653057
15448922718593
15448922784129
15448922816897
15448922882433
15448922915201
15448923013505
15448923079041
15448923242881
15448923406721
15448923537793
15448923734401
15448923898241
15448924062081
15448924225921
15448924356993
15448924488065
15448924684673
15448924815745
15448924946817
15448925110657
15448925307265
15448925372801
15448925471105
15448925503873
15448925569409
15448925634945
15448925700481
15448925766017
15448925798785
15448925929857
15448925962625
15448926060929
15448926126465
15448926159233
15448926224769
15448926257537
15448926290305
15448926355841
15448926421377
15448926486913
15448926552449
15448926617985
15448926716289
15448926781825
15448926847361
15448926912897
15448926945665
15448926978433
15448927011201
15448927076737
15448927142273
15448927175041
15448927240577
15448927273345
15448927338881
15448927404417
15448927502721
15448927535489
15448927568257
15448927666561
15448927699329
15448927797633
15448927863169
15448927928705
15448927961473
15448928027009
15448928059777
15448928125313
15448928190849
15448928256385
15448928289153
15448928321921
15448928354689
15448928452993
15448928485761
15448928518529
15448928584065
15448928616833
15448928682369
15448928747905
15448928780673
15448928813441
15448928878977
15448928911745
15448928977281
15448929042817
15448929075585
15448929141121
15448929206657
15448929239425
15448929403265
15448929436033
15448929468801
15448929567105
15448929698177
15448929796481
15448929829249
15448929862017
15448929960321
15448929993089
15448930058625
15448930091393
15448930124161
15448930189697
15448930255233
15448930353537
15448930386305
15448930451841
15448930517377
15448930550145
15448930615681
15448930681217
15448930746753
15448930812289
15448930877825
15448930976129
15448931041665
15448931074433
15448931139969
15448931271041
15448931303809
15448931369345
15448931434881
15448931467649
15448931533185
15448931598721
15448931697025
15448931729793
15448931795329
15448931828097
15448931893633
15448931926401
15448932057473
15448932123009
15448932188545
15448932221313
15448932286849
15448932319617
15448932385153
15448932516225
15448932548993
15448932614529
15448932647297
15448932745601
15448932778369
15448932843905
15448932942209
15448933007745
15448933237121
15448933269889
15448933335425
15448933368193
15448933400961
15448933466497
15448933499265
15448933630337
15448933663105
15448933695873
15448933761409
15448933826945
15448933925249
15448933958017
15448934023553
15448934056321
15448934089089
15448934154625
15448934220161
15448934252929
15448934318465
15448934351233
15448934416769
15448934515073
15448934547841
15448934613377
15448934941057
15448934973825
15448935006593
15448935104897
15448935170433
15448935235969
15448935367041
15448935563649
15448935629185
15448935793025
15448935858561
15448936022401
15448936317313
15448936415617
15448936513921
15448936612225
15448936644993
15448936710529
15448936743297
15448936808833
15448936841601
15448936939905
15448936972673
15448937005441
15448937070977
15448937136513
15448937202049
15448937267585
15448937398657
15448937431425
15448937496961
15448937562497
15448937595265
15448937660801
15448937726337
15448937824641
15448937890177
15448937955713
15448938021249
15448938054017
15448938086785
15448938185089
15448938250625
15448938283393
15448938348929
15448938447233
15448938480001
15448938545537
15448938578305
15448938676609
15448938709377
15448938774913
15448938840449
15448938873217
15448938971521
15448939004289
15448939168129
15448939200897
15448939266433
15448939299201
15448939331969
15448939364737
15448939463041
15448939626881
15448939659649
15448939692417
15448939757953
15448939823489
15448940085633
15448940118401
15448940183937
15448940249473
15448940380545
15448940478849
15448940577153
15448940642689
15448940708225
15448940773761
15448940839297
15448940872065
15448940904833
15448940970369
15448941232513
15448941035905
15448941134209
15448941199745
15448941298049
15448941330817
15448941396353
15448941461889
15448941494657
15448941560193
15448941592961
15448941658497
15448941691265
15448941756801
15448941789569
15448941855105
15448941920641
15448941986177
15448942018945
15448942084481
15448942117249
15448942248321
15448942281089
15448942346625
15448942412161
15448942510465
15448942543233
15448942641537
15448942707073
15448942772609
15448942838145
15448942903681
15448942969217
15448943034753
15448943100289
15448943165825
15448943198593
15448943264129
15448943362433
15448943427969
15448943460737
15448943526273
15448943657345
15448943690113
15448943755649
15448943821185
15448943919489
15448943952257
15448943985025
15448944050561
15448944116097
15448944247169
15448944312705
15448944345473
15448944411009
15448944542081
15448944607617
15448944673153
15448944705921
15448944738689
15448944804225
15448944836993
15448944968065
15448945000833
15448945066369
15448945099137
15448945164673
15448945230209
15448945361281
15448945394049
15448945492353
15448945557889
15448945623425
15448945688961
15448945787265
15448945852801
15448945885569
15448945918337
15448945983873
15448946016641
15448946049409
15448946147713
15448946180481
15448946246017
15448946278785
15448946311553
15448946377089
15448946442625
15448946508161
15448946573697
15448946672001
15448946704769
15448946737537
15448946901377
15448946966913
15448946999681
15448947032449
15448947097985
15448947130753
15448947163521
15448947229057
15448947294593
15448947360129
15448947425665
15448947458433
15448947491201
15448947556737
15448947589505
15448947622273
15448947720577
15448947786113
15448947851649
15448947917185
15448947949953
15448948015489
15448948081025
15448948146561
15448948179329
15448948212097
15448948277633
15448948310401
15448948375937
15448948474241
15448948539777
15448948605313
15448948736385
15448948834689
15448948900225
15448949031297
15448949096833
15448949129601
15448949195137
15448949260673
15448949293441
15448949358977
15448949457281
15448949522817
15448949621121
15448949752193
15448950047105
15448950112641
15448950178177
15448950210945
15448950243713
15448950276481
15448950309249
15448950342017
15448950407553
15448950440321
15448950505857
15448950571393
15448950604161
15448950768001
15448950931841
15448951030145
15448951128449
15448951161217
15448951193985
15448951226753
15448951259521
15448951325057
15448951390593
15448951423361
15448951456129
15448951521665
15448951685505
15448951718273
15448951783809
15448951980417
15448952242561
15448952308097
15448952406401
15448952832385
15448956240257
15448956273025
15448956404097
15448956633473
15448956666241
15448956699009
15448956764545
15448956797313
15448956895617
15448956928385
15448956993921
15448957059457
15448957092225
15448957157761
15448957223297
15448957288833
15448957354369
15448957419905
15448957485441
15448957518209
15448957583745
15448957649281
15448957747585
15448957845889
15448957911425
15448957976961
15448958009729
15448958075265
15448958108033
15448958206337
15448958239105
15448958337409
15448958468481
15448958501249
15448958599553
15448958697857
15448958763393
15448958796161
15448958960001
15448951587201
15448951619969
15448951849345
15448951914881
15448952144257
15448952471937
15448952537473
15448952635777
15448952766849
15448952897921
15448952996225
15448953061761
15448953127297
15448953225601
15448953291137
15448953356673
15448953422209
15448953520513
15448953684353
15448953782657
15448953815425
15448953880961
15448954110337
15448954208641
15448954470785
15448954536321
15448954569089
15448954634625
15448954667393
15448954732929
15448954798465
15448954831233
15448954896769
15448954962305
15448955126145
15448955191681
15448955257217
15448955289985
15448955355521
15448955453825
15448955552129
15448955584897
15448955617665
15448955683201
15448955715969
15448955814273
15448955879809
15448955912577
15448955978113
15448956043649
15448956109185
15448958861697
15448958927233
15448958992769
15448959025537
15448959091073
15448959222145
15448959320449
15448959353217
15448959385985
15448959418753
15448959451521
15448959549825
15448959615361
15448959648129
15448959680897
15448959746433
15448959779201
15448959811969
15448959877505
15448959910273
15448959975809
15448960008577
15448960074113
15448960106881
15448960139649
15448960205185
15448960237953
15448960303489
15448960434561
15448960500097
15448960565633
15448960598401
15448960663937
15448960762241
15448960827777
15448960893313
15448960926081
15448960991617
15448961024385
15448961089921
15448961155457
15448961188225
15448961253761
15448961319297
15448961352065
15448961450369
15448961548673
15448961614209
15448961679745
15448961745281
15448961810817
15448961876353
15448961909121
15448961941889
15448962007425
15448962072961
15448962105729
15448962171265
15448962236801
15448962269569
15448962335105
15448962400641
15448962466177
15448962564481
15448962630017
15448962695553
15448962761089
15448962892161
15448963056001
15448963252609
15448963416449
15448963645825
15448963842433
15448963973505
15448964137345
15448964301185
15448964465025
15448964563329
15448964596097
15448964694401
15448964759937
15448964792705
15448964891009
15448965054849
15448965087617
15448965120385
15448965218689
15448965284225
15448965349761
15448965382529
15448965448065
15448965513601
15448965546369
15448965611905
15448965677441
15448965841281
15448988221825
15448988451201
15448965939585
15448966005121
15448981963137
15448982028673
15448983175553
15448985010561
15448985108865
15448990679425
15448990810497
15449001001345
15449001099649
15449004376449
15449004736897
15449004802433
15449005490561
15449005556097
15449006440833
15449006473601
15449007096193
15449010569601
15449011585409
15449026396545
15449027641729
15449028002177
15449028297089
15449028395393
15449029116289
15449030984065
15449031049601
15449042485633
15449042551169
15449042583937
15449042715009
15449042813313
15449043173761
15449043435905
15449044779393
15449055232385
15449055265153
15449055854977
15449056215425
15449056346497
15449056412033
15449056510337
15449056674177
15449056739713
15449056805249
15449056903553
15449057001857
15449057100161
15449057165697
15449057264001
15449057329537
15449057460609
15449057526145
15449057624449
15449057722753
15449057853825
15449057952129
15449058017665
15449058083201
15449058181505
15449058279809
15449058345345
15449058378113
15449058509185
15449058640257
15449058738561
15449058804097
15449058869633
15449058935169
15449059033473
15449059099009
15449059131777
15449059164545
15449059230081
15449059328385
15449059426689
15449059492225
15449059524993
15449059688833
15449059754369
15449059819905
15449059950977
15449060213121
15449060770177
15449060868481
15449060966785
15449061065089
15449061163393
15449061196161
15449061261697
15449061327233
15449061392769
15449061425537
15449061491073
15449061523841
15449061589377
15449061654913
15449061687681
15449061753217
15449061785985
15449061982593
15449062146433
15449062408577
15449062605185
15449062801793
15449062965633
15449064046977
15449064112513
15449064178049
15449064243585
15449064276353
15449064440193
15449064472961
15449064538497
15449064636801
15449064702337
15449064800641
15449064898945
15449064931713
15449064964481
15449064997249
15449065095553
15449065193857
15449065292161
15449065324929
15449065357697
15449065423233
15449065488769
15449065554305
15449065652609
15449065718145
15449065750913
15449065816449
15449065881985
15449065947521
15449066013057
15449066045825
15449066111361
15449066176897
15449066242433
15449066307969
15449066373505
15449066439041
15449066504577
15449066570113
15449066635649
15449066701185
15449066766721
15449066799489
15449066865025
15449066897793
15449066996097
15449067028865
15449067094401
15449067127169
15449067192705
15449067225473
15449067291009
15449067356545
15449067389313
15449067422081
15449067454849
15449067553153
15449067684225
15449067716993
15449067782529
15449067815297
15449068011905
15449068077441
15449068175745
15449068208513
15449068274049
15449068306817
15449068372353
15449068437889
15449068503425
15449068568961
15449068634497
15449068667265
15449068765569
15449068863873
15449068929409
15449068994945
15449069060481
15449069126017
15449069158785
15449069191553
15449069289857
15449069420929
15449069486465
15449069584769
15449069617537
15449069748609
15449069846913
15449069912449
15449070010753
15449070109057
15449070141825
15449070240129
15449070371201
15449070535041
15449070698881
15449070731649
15449070797185
15449070928257
15449070993793
15449071026561
15449071157633
15449071255937
15449071354241
15449071419777
15449071518081
15449071550849
15449071616385
15449071714689
15449071780225
15449071845761
15449071911297
15449071976833
15449072042369
15449072238977
15449072533889
15449072599425
15449072664961
15449072730497
15449072828801
15449072927105
15449073025409
15449073058177
15449073123713
15449073156481
15449073222017
15449073254785
15449073385857
15449073484161
15449073549697
15449073648001
15449073811841
15449073910145
15449074172289
15449074368897
15449074565505
15449074762113
15449075024257
15449075220865
15449075384705
15449075614081
15449075876225
15449076072833
15449076105601
15449076203905
15449076269441
15449076334977
15449076400513
15449076498817
15449076531585
15449076597121
15449076695425
15449076728193
15449076859265
15449076924801
15449077055873
15449077154177
15449077219713
15449077285249
15449077350785
15449077383553
15449077449089
15449077547393
15449077645697
15449077711233
15449077744001
15449077809537
15449077842305
15449077940609
15449077973377
15449078038913
15449078104449
15449078169985
15449078235521
15449078366593
15449078432129
15449078464897
15449078530433
15449078661505
15449078727041
15449078792577
15449078858113
15449078923649
15449078989185
15449079021953
15449079087489
15449079120257
15449079153025
15449079218561
15449079251329
15449079284097
15449079349633
15449079382401
15449079415169
15449079480705
15449079546241
15449079579009
15449079644545
15449079677313
15449079742849
15449079775617
15449079841153
15449095438721
15449095471489
15449095537025
15449095569793
15449095602561
15449095635329
15449095668097
15449095700865
15449095733633
15449095831937
15449095864705
15449095930241
15449095963009
15449096028545
15449096094081
15449096126849
15449096159617
15449096192385
15449096225153
15449096257921
15449096290689
15449096388993
15449096421761
15449096454529
15449096487297
15449096520065
15449096618369
15449096651137
15449096683905
15449096782209
15449096814977
15449096880513
15449097044353
15449098289537
15449098322305
15449098355073
15449098420609
15449098453377
15449098486145
15449098518913
15449098551681
15449098584449
15449098617217
15449098649985
15449098682753
15449098715521
15449098781057
15449098813825
15449098846593
15449098879361
15449098912129
15449098944897
15449098977665
15449099010433
15449099043201
15449099075969
15449099108737
15449099174273
15449099207041
15449099239809
15449099272577
15449099305345
15449099338113
15449099370881
15449099403649
15449099436417
15449099469185
15449099501953
15449099567489
15449099600257
15449099665793
15449099698561
15449099731329
15449099764097
15449099796865
15449099829633
15449099862401
15449099895169
15449101304193
15449101369729
15449101402497
15449101926785
15449101959553
15449102057857
15449102090625
15449102123393
15449102156161
15449102188929
15449102254465
15449102287233
15449102320001
15449102352769
15449102385537
15449102451073
15449102516609
15449102549377
15449102582145
15449102614913
15449102647681
15449102745985
15449102909825
15449102975361
15449103008129
15449103040897
15449103073665
15449103139201
15449103171969
15449103204737
15449103237505
15449103270273
15449103303041
15449103335809
15449103401345
15449103434113
15449103499649
15449103532417
15449103565185
15449103597953
15449103663489
15449103696257
15449103729025
15449103794561
15449104187777
15449104220545
15449104286081
15449104318849
15449105170817
15449105203585
15449105269121
15449105301889
15449105334657
15449105367425
15449105400193
15449105465729
15449105498497
15449105957249
15449107104129
15449107661185
15449107693953
15449107726721
15449107792257
15449107890561
15449107923329
15449107956097
15449107988865
15449108021633
15449108054401
15449108087169
15449108152705
15449108185473
15449108218241
15449108251009
15449108283777
15449108316545
15449108349313
15449108414849
15449108447617
15449108480385
15449108513153
15449108545921
15449108578689
15449108611457
15449108676993
15449108709761
15449108840833
15449108971905
15449109070209
15449109365121
15449109430657
15449109463425
15449109496193
15449109528961
15449109561729
15449109627265
15449109660033
15449109692801
15449109725569
15449109758337
15449109791105
15449109823873
15449109922177
15449109954945
15449109987713
15449110020481
15449110446465
15449110512001
15449110544769
15449110577537
15449110610305
15449110643073
15449110675841
15449110708609
15449110741377
15449110774145
15449110839681
15449110872449
15449110905217
15449110937985
15449110970753
15449111003521
15449111036289
15449111167361
15449111232897
15449111298433
15449111331201
15449112674689
15449112707457
15449112740225
15449112805761
15449112838529
15449112871297
15449112904065
15449112936833
15449112969601
15449113035137
15449113067905
15449113100673
15449113133441
15449113166209
15449113198977
15449113231745
15449113264513
15449113428353
15449113461121
15449113526657
15449113559425
15449114116481
15449114247553
15449114280321
15449114313089
15449114378625
15449114411393
15449114444161
15449114476929
15449114542465
15449114673537
15449114771841
15449114804609
15449114837377
15449114870145
15449114902913
15449114935681
15449115001217
15449115033985
15449115492737
15449115525505
15449115558273
15449115623809
15449115656577
15449115689345
15449115722113
15449115754881
15449115787649
15449115853185
15449115885953
15449115918721
15449115984257
15449116115329
15449116213633
15449116344705
15449116377473
15449116410241
15449116443009
15449116508545
15449116541313
15449116574081
15449116606849
15449116639617
15449116672385
15449116737921
15449116770689
15449116803457
15449116836225
15449116868993
15449116901761
15449116967297
15449117032833
15449117065601
15449117098369
15449117131137
15449117163905
15449117262209
15449117294977
15449117819265
15449118114177
15449118146945
15449118179713
15449118212481
15449118245249
15449118278017
15449118409089
15449118933377
15449119392129
15449119424897
15449119457665
15449119523201
15449119588737
15449119621505
15449119654273
15449119687041
15449119719809
15449119785345
15449119818113
15449120637313
15449120866689
15449121390977
15449121456513
15449123062145
15449123225985
15449123258753
15449123291521
15449123324289
15449123357057
15449123389825
15449123422593
15449123455361
15449123488129
15449123586433
15449123651969
15449123783041
15449123881345
15449124012417
15449124045185
15449124110721
15449124307329
15449124733313
15449117327745
15449117360513
15449117393281
15449117426049
15449117458817
15449117491585
15449117524353
15449117589889
15449117622657
15449117655425
15449117688193
15449117720961
15449117753729
15449117852033
15449117884801
15449117917569
15449117950337
15449117983105
15449118048641
15449119850881
15449119883649
15449119916417
15449119981953
15449120571777
15449120670081
15449120702849
15449120735617
15449120768385
15449120833921
15449120899457
15449120932225
15449120964993
15449121030529
15449121096065
15449121227137
15449121292673
15449121358209
15449121423745
15449121784193
15449122210177
15449122668929
15449123029377
15449123094913
15449123127681
15449123160449
15449124176257
15449124209025
15449124372865
15449124405633
15449124471169
15449124536705
15449124602241
15449124667777
15449124798849
15449124864385
15449124929921
15449124995457
15449125224833
15449125290369
15449125355905
15449125421441
15449125486977
15449125552513
15449125618049
15449125749121
15449125912961
15449126273409
15449126306177
15449126371713
15449126437249
15449126470017
15449126502785
15449126633857
15449126699393
15449126732161
15449126764929
15449126830465
15449126896001
15449126928769
15449126994305
15449127027073
15449127059841
15449127125377
15449127158145
15449127223681
15449127256449
15449127321985
15449127387521
15449127420289
15449127485825
15449127518593
15449127584129
15449127649665
15449127682433
15449127715201
15449127747969
15449127846273
15449127879041
15449127944577
15449128010113
15449128042881
15449128075649
15449128108417
15449128173953
15449128239489
15449128272257
15449128305025
15449128403329
15449128436097
15449128468865
15449128501633
15449128567169
15449128599937
15449128665473
15449128763777
15449128862081
15449128894849
15449128927617
15449128960385
15449129025921
15449129058689
15449129124225
15449129156993
15449129255297
15449129320833
15449129386369
15449129451905
15449129550209
15449129615745
15449129681281
15449129746817
15449129812353
15449129910657
15449129976193
15449130041729
15449130172801
15449130205569
15449130238337
15449130369409
15449130402177
15449130434945
15449130467713
15449130533249
15449130566017
15449130664321
15449130729857
15449130762625
15449130795393
15449130893697
15449130926465
15449131024769
15449131123073
15449131188609
15449131221377
15449131254145
15449131319681
15449131385217
15449131417985
15449131483521
15449131549057
15449131581825
15449131614593
15449131647361
15449131680129
15449131745665
15449131811201
15449131909505
15449132171649
15449132237185
15449132335489
15449132401025
15449132466561
15449132532097
15449132564865
15449132695937
15449132794241
15449132859777
15449132892545
15449132925313
15449132958081
15449132990849
15449133023617
15449133089153
15449133121921
15449133154689
15449133187457
15449133220225
15449133285761
15449133318529
15449133351297
15449133384065
15449133416833
15449133449601
15449133515137
15449133547905
15449133580673
15449133613441
15449133646209
15449133678977
15449133744513
15449133777281
15449133842817
15449133908353
15449133973889
15449134006657
15449134039425
15449134104961
15449134137729
15449134170497
15449134203265
15449134236033
15449134268801
15449134301569
15449147212161
15449147244929
15449147310465
15449147343233
15449147376001
15449147408769
15449147474305
15449147507073
15449147670913
15449148064129
15449148096897
15449148129665
15449148293505
15449148490113
15449148719489
15449148916097
15449149079937
15449149276545
15449149407617
15449149440385
15449149473153
15449149505921
15449149538689
15449149571457
15449149604225
15449149669761
15449149702529
15449149800833
15449149866369
15449149899137
15449149964673
15449149997441
15449150030209
15449150062977
15449150095745
15449150128513
15449150194049
15449150226817
15449150292353
15449150357889
15449150423425
15449150456193
15449150521729
15449150554497
15449150620033
15449150652801
15449150685569
15449150718337
15449150751105
15449150816641
15449150849409
15449150882177
15449150947713
15449151013249
15449151078785
15449151144321
15449151177089
15449151209857
15449151242625
15449151275393
15449151308161
15449151340929
15449151406465
15449151504769
15449151537537
15449151570305
15449151603073
15449151635841
15449151668609
15449151734145
15449152553345
15449152717185
15449157108097
15449157271937
15449157468545
15449157632385
15449157796225
15449158025601
15449158222209
15449158254977
15449158287745
15449158320513
15449158418817
15449158451585
15449158484353
15449158517121
15449158615425
15449158648193
15449158680961
15449158746497
15449158779265
15449158812033
15449158844801
15449158877569
15449158910337
15449158943105
15449159041409
15449159074177
15449159532929
15449159598465
15449161892225
15449162580353
15449162613121
15449162678657
15449162711425
15449162744193
15449162809729
15449162842497
15449162875265
15449162908033
15449162940801
15449162973569
15449163039105
15449163137409
15449163170177
15449163202945
15449163301249
15449163334017
15449163366785
15449163432321
15449163530625
15449163563393
15449163596161
15449163628929
15449163661697
15449163694465
15449163760001
15449163923841
15449163956609
15449163989377
15449164054913
15449164087681
15449164120449
15449164153217
15449164185985
15449164218753
15449164284289
15449164349825
15449164382593
15449164415361
15449164480897
15449164546433
15449164611969
15449164644737
15449164677505
15449164775809
15449164808577
15449164841345
15449164874113
15449164906881
15449164939649
15449164972417
15449165005185
15449165037953
15449165070721
15449165136257
15449165496705
15449165529473
15449165595009
15449165660545
15449165693313
15449165758849
15449165791617
15449165824385
15449165922689
15449165955457
15449166020993
15449166053761
15449167331713
15449167364481
15449167397249
15449167462785
15449167495553
15449167593857
15449167528321
15449167659393
15449167692161
15449167757697
15449167790465
15449167856001
15449167888769
15449167921537
15449168019841
15449168052609
15449168085377
15449168118145
15449168150913
15449168183681
15449168216449
15449168314753
15449168347521
15449168413057
15449168478593
15449168544129
15449168576897
15449168642433
15449168707969
15449168740737
15449168806273
15449168839041
15449168871809
15449168937345
15449168970113
15449169133953
15449169166721
15449169494401
15449169592705
15449169658241
15449169723777
15449169756545
15449170084225
15449171100033
15449171198337
15449171394945
15449171427713
15449171460481
15449171493249
15449171526017
15449171591553
15449171624321
15449171689857
15449171755393
15449171788161
15449171853697
15449171952001
15449172083073
15449172148609
15449173492097
15449173688705
15449173950849
15449174147457
15449174212993
15449174245761
15449174278529
15449174311297
15449174344065
15449174376833
15449174442369
15449174507905
15449174540673
15449174606209
15449174671745
15449174704513
15449174770049
15449174802817
15449174835585
15449174901121
15449174966657
15449175032193
15449175064961
15449175097729
15449175130497
15449175163265
15449175261569
15449175523713
15449175425409
15449175490945
15449175556481
15449175622017
15449175654785
15449175687553
15449175753089
15449175851393
15449175916929
15449175949697
15449175982465
15449176015233
15449176048001
15449176146305
15449176277377
15449176310145
15449176342913
15449176408449
15449176473985
15449176506753
15449176572289
15449176703361
15449176768897
15449176867201
15449176899969
15449176932737
15449176998273
15449177129345
15449177293185
15449177325953
15449177457025
15449177489793
15449177522561
15449177555329
15449177588097
15449177620865
15449177653633
15449177719169
15449177751937
15449177784705
15449177850241
15449178046849
15449178079617
15449178112385
15449178145153
15449178177921
15449178210689
15449178308993
15449178341761
15449178374529
15449178472833
15449178603905
15449178636673
15449178669441
15449178734977
15449178767745
15449178866049
15449178931585
15449178997121
15449365610881
15449365676417
15449365741953
15449365873025
15449366004097
15449366659457
15449366823297
15449366987137
15449367150977
15449372131713
15449372197249
15449372295553
15449372328321
15449372361089
15449372426625
15449372459393
15449373475201
15449384288641
15449384485249
15449384616321
15449384747393
15449384812929
15449384911233
15449385140609
15449385238913
15449385927041
15449386385793
15449386484097
15449386549633
15449386647937
15449386811777
15449387008385
15449387073921
15449387499905
15449388155265
15449389105537
15449389203841
15449389302145
15449389367681
15449389498753
15449389629825
15449389859201
15449389957505
15449390154113
15449390776705
15449390973313
15449391137153
15449391366529
15449391432065
15449392152961
15449392251265
15449392480641
15449393070465
15449393168769
15449393299841
15449393725825
15449393824129
15449393922433
15449394413953
15449394545025
15449394741633
15449394905473
15449395036545
15449395954049
15449396052353
15449396117889
15449397297537
15449397952897
15449398051201
15449398116737
15449398804865
15449398903169
15449399034241
15449399198081
15449400803713
15449400967553
15449401524609
15449401622913
15449401885057
15449401917825
15449401950593
15449402114433
15449403031937
15449403326849
15449403588993
15449403687297
15449405325697
15449407095169
15449407488385
15449407521153
15449407586689
15449407619457
15449407717761
15449407783297
15449424691585
15449424757121
15449424789889
15449424953729
15449424986497
15449425052033
15449425117569
15449425150337
15449425183105
15449425215873
15449425248641
15449425314177
15449425346945
15449425379713
15449425412481
15449425445249
15449425478017
15449425543553
15449425609089
15449425641857
15449425674625
15449425740161
15449425805697
15449425838465
15449425871233
15449425904001
15449425936769
15449425969537
15449426035073
15449426067841
15449426100609
15449426133377
15449426166145
15449426198913
15449426231681
15449426297217
15449426329985
15449426362753
15449426395521
15449426428289
15449426461057
15449426493825
15449426559361
15449426592129
15449426657665
15449426690433
15449426723201
15449426755969
15449426788737
15449426821505
15449426887041
15449426919809
15449426952577
15449427018113
15449427050881
15449427116417
15449427149185
15449427181953
15449427247489
15449427280257
15449427444097
15449427542401
15449427575169
15449427640705
15449427706241
15449427739009
15449427771777
15449427837313
15449427902849
15449427935617
15449427968385
15449428033921
15449428066689
15449428164993
15449428197761
15449428230529
15449428263297
15449428296065
15449428328833
15449428394369
15449428427137
15449428492673
15449428525441
15449428558209
15449428623745
15449428656513
15449428689281
15449428722049
15449428754817
15449428787585
15449428885889
15449428951425
15449428984193
15449429016961
15449429049729
15449429115265
15449429148033
15449429180801
15449429246337
15449429279105
15449429311873
15449429377409
15449429410177
15449429442945
15449429508481
15449429541249
15449429574017
15449429639553
15449429705089
15449429737857
15449429836161
15449429868929
15449429934465
15449429967233
15449430000001
15449430065537
15449430098305
15449430131073
15449430196609
15449430229377
15449430262145
15449430360449
15449430393217
15449430425985
15449430524289
15449430557057
15449430589825
15449430655361
15449430688129
15449430720897
15449430753665
15449430819201
15449430851969
15449430917505
15449430950273
15449431015809
15449431048577
15449431081345
15449431114113
15449431146881
15449431212417
15449431277953
15449431343489
15449431376257
15449431441793
15449431474561
15449431507329
15449431540097
15449431572865
15449431605633
15449431638401
15449431703937
15449431769473
15449431835009
15449431867777
15449431900545
15449431933313
15449431966081
15449431998849
15449432064385
15449432097153
15449432162689
15449432195457
15449432228225
15449432260993
15449432326529
15449432359297
15449432424833
15449432457601
15449432490369
15449432555905
15449432588673
15449432621441
15449432686977
15449432719745
15449432752513
15449432818049
15449432850817
15449432883585
15449432916353
15449432981889
15449433014657
15449433080193
15449433112961
15449433145729
15449433178497
15449433211265
15449433244033
15449433309569
15449433342337
15449433375105
15449433407873
15449433440641
15449433506177
15449433538945
15449433571713
15449433637249
15449434521985
15449434554753
15449434620289
15449434653057
15449434685825
15449434718593
15449434751361
15449434816897
15449434882433
15449434915201
15449434980737
15449435079041
15449435210113
15449435242881
15449435275649
15449435341185
15449435406721
15449435439489
15449435472257
15449435505025
15449435537793
15449435570561
15449435603329
15449435636097
15449435701633
15449435767169
15449435799937
15449435832705
15449435865473
15449435898241
15449435931009
15449436062081
15449436225921
15449436258689
15449436291457
15449436356993
15449436389761
15449436422529
15449436455297
15449436488065
15449436553601
15449436586369
15449436619137
15449436684673
15449436750209
15449436782977
15449436815745
15449436848513
15449436914049
15449436946817
15449436979585
15449437012353
15449437077889
15449437110657
15449437143425
15449439338881
15449439437185
15449439601025
15449439895937
15449439994241
15449440027009
15449440092545
15449440616833
15449440649601
15449440682369
15449440747905
15449440813441
15449440846209
15449440878977
15449440977281
15449441010049
15449441042817
15449441075585
15449441108353
15449441141121
15449441206657
15449441239425
15449441370497
15449441534337
15449441567105
15449441632641
15449441665409
15449441698177
15449441730945
15449441796481
15449441862017
15449441927553
15449441960321
15449441993089
15449442025857
15449442058625
15449442124161
15449442222465
15449442320769
15449442386305
15449442582913
15449442615681
15449442681217
15449442713985
15449442779521
15449442812289
15449442845057
15449442877825
15449442943361
15449442976129
15449443041665
15449443107201
15449443139969
15449443172737
15449443238273
15449443336577
15449443369345
15449443402113
15449443467649
15449443533185
15449443598721
15449443631489
15449443697025
15449443762561
15449443828097
15449443893633
15449443926401
15449444024705
15449444057473
15449444090241
15449444155777
15449444254081
15449444286849
15449445335425
15449445400961
15449446023553
15449446089089
15449446121857
15449446187393
15449446809985
15449447072129
15449447235969
15449449136513
15449450086785
15449451463041
15449451495809
15449451528577
15449451561345
15449451594113
15449451626881
15449451692417
15449451725185
15449451757953
15449451790721
15449451823489
15449451856257
15449451921793
15449451987329
15449452020097
15449452052865
15449452085633
15449452118401
15449452151169
15449452183937
15449452216705
15449452249473
15449452315009
15449452347777
15449452413313
15449452446081
15449452478849
15449452511617
15449452577153
15449452609921
15449452642689
15449452675457
15449452708225
15449452740993
15449452806529
15449452872065
15449452904833
15449452937601
15449452970369
15449453003137
15449453035905
15449453068673
15449453298049
15449454674305
15449454903681
15449459491201
15449459753345
15449459786113
15449459818881
15449459851649
15449459884417
15449459917185
15449459982721
15449460015489
15449460048257
15449460081025
15449460113793
15449460179329
15449460277633
15449460310401
15449460343169
15449460375937
15449460408705
15449460474241
15449461096833
15449461129601
15449461195137
15449461227905
15449461260673
15449461293441
15449461358977
15449461391745
15449461424513
15449461457281
15449461490049
15449461522817
15449461588353
15449461621121
15449461653889
15449461686657
15449461752193
15449461784961
15449461817729
15449461850497
15449461883265
15449461948801
15449461981569
15449462014337
15449462047105
15449462112641
15449462145409
15449462210945
15449462243713
15449462276481
15449462309249
15449462342017
15449462374785
15449462407553
15449462473089
15449462505857
15449462538625
15449462571393
15449462604161
15449462669697
15449462702465
15449462768001
15449462800769
15449462833537
15449462899073
15449462931841
15449462964609
15449462997377
15449463030145
15449463095681
15449463128449
15449463161217
15449463193985
15449463226753
15449463292289
15449463357825
15449463390593
15449463423361
15449463456129
15449463488897
15449463554433
15449463587201
15449463619969
15449463652737
15449463718273
15449463751041
15449463816577
15449463914881
15449463980417
15449464013185
15449464045953
15449464144257
15449464242561
15449464340865
15449464373633
15449464406401
15449464439169
15449464471937
15449464537473
15449464603009
15449464635777
15449464668545
15449464701313
15449464734081
15449464799617
15449464832385
15449464865153
15449464897921
15449464930689
15449464996225
15449465094529
15449465127297
15449465160065
15449465192833
15449465225601
15449465291137
15449465323905
15449465356673
15449465389441
15449465520513
15449465684353
15449465717121
15449465749889
15449465848193
15449465913729
15449465979265
15449466012033
15449466044801
15449466077569
15449466143105
15449466175873
15449466208641
15449466241409
15449466306945
15449466372481
15449466405249
15449466438017
15449466470785
15449466503553
15449466569089
15449466634625
15449466667393
15449466700161
15449466732929
15449466765697
15449466798465
15449466831233
15449466896769
15449466929537
15449466962305
15449467060609
15449467158913
15449467224449
15449467289985
15449467322753
15449467355521
15449467388289
15449467421057
15449467453825
15449467519361
15449467552129
15449467617665
15449467650433
15449467683201
15449467715969
15449467748737
15449467781505
15449467814273
15449467879809
15449467912577
15449467945345
15449468010881
15449468109185
15449468141953
15449468174721
15449468207489
15449468240257
15449468273025
15449468305793
15449468338561
15449468371329
15449468436865
15449468469633
15449468502401
15449468535169
15449468567937
15449468600705
15449468633473
15449468699009
15449468731777
15449468764545
15449468830081
15449468862849
15449468928385
15449468961153
15449469026689
15449469059457
15449469190529
15449469223297
15449469288833
15449469321601
15449469354369
15449469387137
15449469419905
15449469485441
15449469550977
15449469649281
15449469682049
15449469714817
15449469780353
15449469813121
15449469845889
15449469878657
15449469911425
15449470042497
15449470075265
15449470108033
15449470239105
15449470665089
15449470730625
15449470796161
15449470828929
15449470861697
15449470992769
15449471025537
15449471058305
15449471091073
15449471287681
15449471549825
15449472336257
15449473286529
15449473352065
15449473384833
15449473450369
15449473581441
15449473614209
15449473646977
15449473712513
15449473745281
15449473778049
15449473843585
15449473876353
15449473909121
15449473941889
15449473974657
15449474007425
15449474040193
15449474105729
15449474138497
15449474171265
15449474204033
15449474236801
15449474269569
15449474302337
15449474335105
15449474367873
15449474433409
15449474466177
15449474531713
15449474564481
15449474630017
15449474662785
15449474695553
15449474728321
15449474761089
15449474793857
15449474859393
15449474924929
15449474990465
15449475023233
15449475056001
15449475154305
15449475187073
15449475219841
15449475285377
15449475318145
15449475350913
15449475383681
15449475416449
15449475481985
15449475514753
15449475547521
15449475580289
15449475613057
15449475645825
15449475711361
15449475744129
15449475776897
15449475842433
15449475875201
15449475940737
15449476039041
15449476071809
15449476104577
15449476137345
15449476235649
15449476432257
15449476727169
15449476759937
15449476792705
15449476858241
15449476891009
15449476923777
15449476956545
15449477054849
15449477087617
15449477120385
15449477153153
15449477185921
15449477284225
15449477316993
15449477349761
15449477382529
15449477448065
15449477480833
15449477513601
15449477677441
15449477710209
15449477742977
15449477775745
15449477906817
15449477939585
15449477972353
15449478005121
15449478037889
15449478070657
15449478103425
15449478168961
15449478201729
15449478234497
15449478300033
15449478332801
15449478365569
15449478398337
15449478431105
15449478463873
15449478529409
15449478562177
15449478627713
15449478660481
15449478726017
15449478758785
15449478791553
15449478824321
15449478857089
15449478889857
15449478922625
15449478955393
15449478988161
15449479020929
15449479086465
15449479152001
15449479315841
15449479348609
15449479414145
15449479446913
15449479479681
15449479512449
15449479545217
15449479577985
15449479610753
15449479643521
15449479676289
15449479709057
15449479774593
15449479807361
15449479840129
15449479872897
15449479905665
15449479938433
15449479971201
15449480036737
15449480135041
15449480167809
15449480233345
15449480266113
15449480298881
15449480331649
15449480364417
15449480462721
15449480659329
15449480692097
15449480757633
15449480823169
15449480855937
15449481052545
15449481085313
15449481118081
15449481183617
15449481216385
15449481249153
15449481281921
15449481347457
15449481380225
15449481412993
15449481445761
15449481478529
15449481511297
15449481544065
15449481609601
15449481642369
15449481707905
15449481740673
15449481773441
15449481937281
15449482002817
15449482068353
15449482101121
15449482264961
15449482330497
15449482396033
15449482428801
15449482527105
15449482559873
15449482592641
15449482690945
15449482822017
15449482887553
15449482920321
15449482953089
15449482985857
15449483018625
15449483051393
15449483116929
15449483149697
15449483215233
15449483248001
15449483280769
15449483313537
15449483346305
15449483411841
15449483444609
15449483477377
15449483510145
15449483542913
15449483575681
15449483641217
15449483673985
15449483706753
15449483837825
15449483870593
15449483903361
15449483968897
15449484001665
15449484034433
15449484067201
15449484165505
15449484198273
15449484231041
15449484296577
15449484329345
15449484427649
15449484460417
15449484493185
15449484525953
15449484591489
15449484624257
15449485246849
15449485312385
15449485345153
15449485377921
15449485410689
15449485443457
15449485476225
15449485508993
15449485541761
15449485574529
15449485607297
15449485672833
15449485771137
15449485869441
15449485934977
15449485967745
15449486000513
15449486033281
15449486131585
15449486229889
15449486262657
15449486295425
15449486328193
15449486360961
15449486426497
15449486524801
15449486557569
15449486590337
15449486655873
15449486688641
15449486721409
15449486754177
15449486786945
15449486852481
15449486918017
15449486950785
15449486983553
15449487016321
15449487114625
15449487147393
15449487180161
15449487212929
15449487311233
15449487376769
15449487409537
15449487442305
15449487475073
15449487507841
15449487573377
15449487606145
15449487638913
15449487671681
15449487802753
15449487868289
15449487933825
15449487966593
15449487999361
15449488032129
15449488130433
15449488621953
15449488654721
15449488687489
15449488818561
15449488851329
15449488884097
15449489047937
15449489113473
15449489179009
15449489211777
15449489277313
15449489310081
15449489375617
15449490162049
15449490194817
15449490227585
15449490293121
15449490325889
15449490358657
15449490391425
15449490456961
15449490489729
15449490522497
15449490555265
15449490620801
15449490653569
15449490686337
15449490719105
15449490751873
15449490784641
15449490850177
15449490882945
15449490915713
15449490948481
15449490981249
15449491046785
15449491112321
15449491145089
15449491177857
15449491210625
15449491243393
15449491308929
15449491341697
15449491407233
15449491440001
15449491472769
15449491538305
15449491571073
15449491603841
15449491636609
15449491669377
15449491702145
15449491734913
15449491800449
15449491833217
15449491865985
15449491898753
15449492062593
15449492095361
15449492357505
15449493242241
15449493537153
15449493864833
15449495011713
15449495142785
15449495470465
15449495732609
15449495765377
15449495863681
15449495929217
15449495961985
15449496060289
15449496224129
15449496289665
15449496355201
15449496453505
15449496519041
15449496650113
15449496748417
15449496781185
15449496879489
15449496945025
15449496977793
15449497108865
15449497239937
15449497665921
15449497764225
15449497895297
15449497993601
15449498059137
15449498091905
15449498255745
15449498354049
15449498386817
15449498452353
15449498616193
15449498911105
15449498943873
15449499074945
15449499107713
15449499206017
15449499304321
15449499435393
15449499533697
15449499566465
15449499697537
15449499828609
15449500516737
15449500615041
15449500647809
15449500680577
15449500811649
15449500909953
15449500975489
15449501041025
15449501204865
15449501303169
15449501368705
15449501467009
15449501598081
15449501663617
15449501729153
15449501794689
15449501860225
15449501892993
15449501991297
15449502056833
15449502220673
15449502318977
15449502351745
15449502417281
15449502482817
15449502548353
15449502679425
15449502810497
15449502876033
15449503039873
15449503203713
15449503236481
15449503400321
15449503728001
15449503859073
15449503891841
15449504022913
15449504285057
15449504317825
15449504514433
15449504809345
15449504874881
15449504973185
15449505005953
15449507889537
15449507922305
15449507987841
15449508053377
15449508118913
15449508151681
15449508217217
15449508249985
15449508282753
15449508315521
15449508348289
15449508381057
15449508413825
15449508446593
15449508479361
15449508512129
15449508577665
15449508610433
15449508643201
15449508774273
15449508807041
15449508839809
15449508938113
15449508970881
15449510150529
15449510183297
15449510216065
15449510281601
15449510314369
15449510347137
15449510379905
15449510412673
15449510445441
15449510478209
15449510543745
15449510576513
15449510609281
15449510642049
15449510674817
15449510707585
15449510740353
15449510773121
15449510838657
15449510871425
15449510904193
15449510936961
15449510969729
15449511002497
15449511068033
15449511100801
15449511133569
15449511166337
15449511199105
15449511231873
15449511264641
15449511330177
15449511362945
15449511395713
15449512640897
15449512706433
15449512771969
15449512804737
15449512870273
15449512903041
15449568280961
15449568313729
15449568346497
15449568412033
15449568444801
15449568477569
15449568510337
15449568575873
15449568641409
15449568674177
15449568739713
15449568805249
15449568969089
15449569001857
15449569067393
15449569100161
15449569132929
15449569165697
15449569198465
15449569264001
15449569427841
15449569460609
15449569624449
15449569657217
15449569722753
15449569788289
15449569821057
15449569919361
15449569952129
15449570836865
15449570902401
15449570935169
15449570967937
15449571000705
15449571033473
15449571066241
15449571131777
15449571197313
15449571262849
15449571295617
15449571328385
15449571361153
15449572147585
15449572245889
15449572311425
15449572409729
15449572442497
15449572475265
15449572508033
15449572606337
15449572639105
15449572704641
15449572770177
15449572802945
15449572934017
15449573294465
15449573687681
15449574015361
15449574408577
15449574965633
15449575260545
15449575555457
15449575850369
15449576014209
15449576079745
15449576145281
15449576505729
15449576604033
15449576636801
15449576669569
15449576767873
15449576833409
15449576866177
15449576931713
15449576964481
15449577030017
15449577062785
15449577095553
15449577128321
15449577226625
15449577357697
15449577488769
15449577849217
15449578537345
15449579028865
15449579815297
15449579913601
15449580011905
15449580044673
15449580110209
15449580142977
15449580208513
15449580306817
15449580405121
15449580536193
15449580634497
15449580798337
15449580896641
15449580994945
15449581060481
15449581257089
15449581322625
15449581355393
15449581388161
15449581420929
15449581486465
15449581519233
15449581552001
15449581617537
15449581715841
15449581748609
15449581814145
15449581879681
15449581912449
15449581977985
15449582043521
15449582109057
15449582174593
15449582272897
15449582305665
15449582338433
15449582403969
15449582469505
15449582502273
15449582535041
15449582600577
15449582633345
15449582731649
15449582764417
15449582797185
15449582829953
15449582928257
15449582961025
15449582993793
15449583059329
15449583092097
15449583157633
15449583190401
15449583288705
15449583354241
15449583419777
15449583485313
15449583550849
15449583681921
15449583780225
15449583911297
15449583976833
15449584566657
15449585975681
15449588400513
15449588892033
15449589973377
15449491931521
15449491964289
15449492029825
15449492128129
15449492160897
15449492226433
15449492291969
15449492324737
15449492390273
15449492455809
15449492488577
15449492521345
15449492554113
15449492586881
15449492619649
15449492652417
15449492717953
15449492750721
15449492816257
15449492881793
15449492914561
15449492980097
15449493012865
15449493078401
15449493111169
15449493176705
15449493209473
15449493307777
15449493340545
15449493406081
15449493504385
15449493569921
15449493668225
15449493700993
15449493733761
15449493766529
15449493832065
15449493897601
15449494389121
15449494487425
15449494552961
15449494618497
15449494749569
15449494913409
15449494946177
15449495110017
15449583714689
15449583812993
15449583845761
15449583878529
15449584075137
15449584271745
15449584501121
15449584861569
15449585123713
15449585418625
15449586205057
15449586434433
15449586729345
15449587024257
15449587286401
15449587581313
15449587908993
15449588171137
15449588629889
15449589154177
15449589416321
15449589711233
15449590563201
15449590825345
15449591120257
15449591382401
15449591644545
15449591906689
15449592365441
15449592725889
15449593086337
15449593479553
15449593774465
15449594069377
15449594331521
15449594593665
15449594659201
15449594691969
15449594757505
15449594823041
15449594855809
15449594921345
15449594954113
15449595019649
15449595117953
15449595183489
15449595281793
15449595380097
15449595543937
15449595576705
15449595609473
15449595675009
15449595707777
15449595740545
15449595806081
15449595969921
15449596100993
15449596199297
15449596232065
15449596297601
15449596428673
15449596526977
15449596658049
15449596821889
15449596887425
15449596920193
15449596985729
15449597116801
15449597182337
15449597215105
15449597313409
15449597411713
15449597444481
15449597477249
15449597608321
15449597673857
15449597903233
15449597968769
15449598067073
15449598165377
15449598296449
15449598460289
15449598558593
15449598722433
15449598787969
15449598820737
15449598853505
15449599017345
15449599082881
15449599181185
15449599213953
15449599246721
15449599312257
15449599541633
15449599738241
15449599836545
15449599869313
15449599934849
15449600033153
15449600065921
15449600164225
15449600196993
15449600229761
15449600328065
15449600360833
15449600426369
15449600491905
15449600524673
15449600557441
15449600655745
15449600983425
15449601081729
15449601180033
15449601540481
15449601606017
15449601900929
15449603572097
15449603637633
15449604129153
15449605734785
15449617400193
15449617531265
15449617662337
15449617695105
15449617793409
15449617858945
15449617924481
15449617957249
15449618022785
15449618055553
15449618121089
15449618153857
15449618416001
15449618481537
15449618514305
15449618579841
15449618645377
15449665175937
15449790316929
15449825673601
15449825739137
15449825771905
15449825902977
15449825935745
15449826066817
15449826165121
15449839665537
15449839698305
15449839731073
15449839763841
15449839829377
15449839862145
15449839894913
15449839927681
15449839993217
15449840025985
15449840058753
15449840091521
15449840157057
15449840222593
15449840255361
15449840288129
15449840386433
15449840419201
15449840451969
15449840517505
15449840550273
15449840583041
15449840615809
15449840648577
15449840714113
15449840779649
15449840812417
15449840877953
15449840910721
15449840943489
15449840976257
15449841009025
15449841107329
15449841140097
15449841172865
15449841205633
15449841238401
15449841303937
15449841402241
15449841467777
15449841533313
15449841598849
15449841631617
15449841697153
15449841860993
15449842254209
15449842614657
15449842909569
15449843335553
15449843663233
15449844220289
15449844580737
15449844941185
15449845236097
15449845694849
15449846153601
15449846415745
15449846743425
15449847005569
15449847366017
15449847660929
15449848119681
15449848414593
15449848906113
15449849364865
15449849725313
15449849921921
15449850249601
15449850675585
15449850937729
15449851199873
15449851363713
15449851625857
15449851822465
15449851920769
15449852084609
15449852313985
15449852445057
15449900679553
15449901138305
15449901826433
15449902580097
15449904185729
15449904939393
15449905627521
15449906348417
15449906938241
15449907790209
15449908347265
15449909166465
15449909625217
15449910116737
15449910968705
15449911689601
15449912115585
15449912803713
15449913426305
15449913983361
15449914671489
15449915490689
15449916014977
15449916670337
15449917161857
15449917686145
15449917882753
15449918243201
15449918603649
15449919193473
15449919521153
15449919979905
15449920504193
15449920995713
15449921520001
15449921814913
15449922044289
15449922208129
15449922535809
15450009567617
15450009698689
15450009895297
15450010157441
15450010288513
15450010419585
15450010550657
15450010714497
15450010976641
15450011173249
15450011402625
15450011599233
15450011795841
15450012057985
15450012320129
15450012516737
15450012647809
15450012909953
15450013073793
15450013237633
15450013467009
15450013761921
15450013991297
15450014187905
15450014384513
15450014515585
15450014712193
15450015269249
15450015498625
15450015662465
15450015859073
15450016055681
15450016350593
15450016514433
15450016711041
15450016907649
15450017235329
15450017431937
15450017726849
15450017923457
15450018087297
15450018283905
15450018480513
15450018775425
15450019070337
15450019299713
15450019725697
15450020184449
15450020708737
15450021200257
15450021855617
15450022478209
15450023002497
15450023526785
15450023985537
15450024477057
15450025066881
15450025623937
15450026213761
15450026836353
15450027327873
15450027819393
15450028540289
15450029162881
15450029687169
15450030211457
15450030801281
15450031325569
15450031653249
15450031849857
15450032079233
15450032275841
15450032505217
15450032701825
15450033062273
15450033422721
15450033586561
15450033881473
15450034078081
15450034274689
15450034536833
15450034700673
15450034897281
15450035093889
15450035388801
15450035782017
15450035978625
15450036208001
15450036404609
15450036601217
15450036765057
15450036928897
15450037092737
15450037223809
15450037420417
15450037551489
15450037682561
15450037944705
15450038043009
15450038370689
15450038731137
15450039222657
15450039484801
15450039779713
15450040041857
15450040336769
15450040598913
15450040828289
15450041057665
15450041319809
15450041581953
15450041876865
15450042237313
15450042663297
15450042990977
15450043351425
15450043679105
15450043974017
15450044301697
15450044662145
15450044957057
15450045251969
15450045940097
15450046235009
15450046497153
15450046726529
15450047119745
15450047447425
15450047644033
15450047840641
15450048037249
15450048299393
15450048594305
15450048954753
15450049151361
15450049380737
15450049610113
15450049905025
15450050232705
15450050625921
15450050953601
15450051215745
15450051412353
15450051674497
15450051903873
15450052198785
15450052362625
15450052592001
15450052788609
15450052985217
15450053378433
15450053542273
15450053837185
15450054033793
15450054230401
15450054394241
15450054623617
15450056196481
15450056425857
15450056655233
15450057081217
15450057310593
15450057507201
15450057736577
15450057933185
15450058129793
15450058588545
15450058817921
15450058948993
15450059243905
15450059473281
15450059768193
15450059964801
15450060030337
15450060325249
15450061767041
15450061996417
15450062225793
15450062487937
15450062782849
15450063012225
15450063208833
15450063405441
15450063634817
15450063831425
15450064224641
15450064454017
15450064650625
15450064880001
15450065142145
15450065437057
15450065600897
15450065895809
15450066125185
15450066387329
15450066583937
15450066846081
15450067108225
15450067304833
15450067534209
15450067763585
15450067992961
15450068189569
15450068451713
15450068681089
15450069074305
15450069336449
15450069598593
15450069827969
15450070122881
15450070385025
15450070614401
15450070876545
15450103579009
15450104463745
15450105708929
15450107019649
15450108100993
15450109215105
15450110493057
15450111017345
15450111345025
15450111607169
15450111639937
15450111902081
15450111934849
15450112131457
15450112164225
15450112360833
15450112459137
15450112655745
15450112754049
15450112885121
15450112983425
15450113048961
15450113212801
15450113311105
15450113507713
15450113540481
15450113704321
15450113769857
15450113933697
15450114032001
15450114195841
15450114261377
15450114457985
15450114523521
15450114687361
15450114752897
15450115146113
15450115342721
15450115441025
15450115572097
15450115735937
15450115801473
15450115932545
15450116063617
15450116161921
15450116325761
15450116424065
15450116522369
15450116653441
15450116817281
15450116882817
15450117079425
15450117472641
15450117669249
15450117865857
15450139263361
15450139492737
15450139722113
15450139984257
15450140180865
15450140377473
15450140574081
15450140868993
15450141065601
15450141426049
15450141589889
15450141786497
15450142212481
15450142441857
15450143031681
15450143392129
15450144047489
15450144211329
15450144702849
15450145915265
15450146079105
15450146210177
15450146505089
15450146668929
15450146865537
15450147127681
15450147324289
15450147520897
15450147651969
15450147848577
15450148176257
15450148307329
15450163904897
15450164101505
15450164330881
15450164560257
15450164822401
15450165019009
15450165182849
15450165772673
15450166034817
15450166231425
15450166460801
15450166886785
15450167083393
15450167312769
15450167509377
15450167705985
15450167935361
15450168131969
15450168361345
15450168525185
15450168787329
15450168918401
15450169147777
15450169344385
15450169540993
15450169868673
15450170065281
15450170392961
15450170786177
15450170982785
15450171179393
15450171376001
15450171572609
15450171769217
15450171998593
15450172195201
15450172326273
15450172719489
15450213908865
15450214072705
15450214269313
15450214498689
15450214629761
15450214662529
15450214695297
15450214793601
15450214826369
15450214859137
15450214891905
15450214924673
15450214957441
15450215022977
15450215055745
15450215088513
15450215154049
15450215186817
15450215252353
15450215285121
15450215383425
15450215514497
15450215547265
15450215645569
15450251854209
15450251886977
15450251919745
15450251952513
15450251985281
15450252018049
15450252050817
15450252083585
15450252116353
15450252149121
15450252181889
15450252214657
15450252247425
15450252312961
15450252476801
15450252607873
15450252640641
15450252673409
15450252706177
15450252738945
15450252771713
15450252804481
15450252837249
15450252870017
15450252902785
15450253001089
15450253033857
15450253066625
15450253099393
15450253132161
15450253164929
15450253197697
15450253230465
15450253263233
15450253296001
15450253328769
15450253361537
15450253394305
15450258047361
15450258080129
15450258112897
15450258145665
15450258178433
15450258211201
15450258243969
15450258276737
15450258309505
15450258440577
15450258637185
15450258669953
15450258702721
15450258735489
15450258768257
15450258801025
15450258833793
15450258899329
15450258932097
15450258997633
15450259095937
15450259128705
15450259161473
15450259194241
15450259259777
15450259325313
15450259784065
15450259816833
15450259849601
15450259915137
15450259947905
15450259980673
15450260013441
15450301628801
15450301727105
15450301759873
15450303136129
15450303168897
15450303299969
15450429391233
15450429424001
15450429555073
15450429653377
15450429751681
15450429882753
15450429981057
15450430079361
15450430112129
15450430210433
15450430341505
15450430439809
15450430538113
15450430636417
15450430800257
15450430833025
15450430996865
15450431062401
15450431160705
15450431226241
15450431422849
15450431521153
15450431586689
15450431684993
15450431750529
15450431816065
15450431848833
15450518258049
15450518651265
15450519077249
15450519503233
15450519798145
15450520682881
15450521633153
15450522419585
15450523009409
15450523337089
15450523632001
15450523992449
15450524418433
15450524909953
15450525335937
15450525794689
15450526220673
15450526613889
15450527105409
15450527465857
15450528055681
15450528547201
15450528874881
15450529300865
15450529726849
15450530087297
15450530546049
15450530939265
15450531398017
15450531824001
15450532282753
15450532741505
15450533200257
15450533790081
15450534642049
15450535199105
15450535625089
15450536083841
15450536477057
15450537001345
15450537394561
15450537787777
15450538115457
15450538443137
15450538803585
15450539196801
15450539557249
15450539884929
15450540048769
15450540376449
15450540704129
15450541097345
15450541425025
15450541818241
15450542178689
15450542637441
15450542932353
15450543292801
15450543817089
15450544112001
15450544439681
15450544832897
15450545226113
15450545586561
15450546045313
15450546438529
15450546897281
15450547323265
15450547749249
15450548306305
15450548765057
15450549158273
15450549649793
15450549977473
15450550337921
15450550632833
15450550829441
15450551189889
15450551550337
15450551845249
15450552107393
15450552500609
15450552861057
15450553188737
15450553549185
15450553909633
15450554270081
15450554696065
15450555056513
15450555187585
15450555253121
15450555318657
15450555416961
15450555449729
15450555548033
15450555613569
15450555679105
15450555777409
15450555810177
15450555941249
15450556072321
15450556105089
15450556137857
15450556268929
15450556432769
15450556531073
15450556694913
15450556760449
15450556825985
15450556924289
15450557022593
15450557120897
15450557251969
15450557579649
15450557743489
15450557907329
15450558071169
15450558235009
15450558562689
15450558923137
15450559218049
15450559447425
15450559938945
15450560299393
15450560594305
15450560987521
15450561413505
15450561773953
15450561970561
15450562134401
15450608861569
15450608992641
15450609058177
15450609156481
15450609287553
15450609385857
15450609418625
15450609615233
15450609779073
15450610106753
15450610172289
15450610303361
15450610401665
15450610565505
15450610663809
15450610762113
15450610958721
15450610991489
15450611089793
15450611155329
15450611188097
15450611319169
15450611417473
15450611450241
15450611581313
15450611679617
15450611777921
15450611941761
15450612138369
15450612334977
15450612466049
15450612597121
15450612793729
15450612859265
15450612957569
15450613023105
15450613121409
15450613285249
15450613318017
15450613350785
15450613449089
15450613514625
15450613612929
15450613645697
15450613711233
15450613776769
15450613809537
15450613940609
15450613973377
15450614038913
15450614235521
15450614301057
15450615316865
15450615382401
15450615513473
15450615546241
15450615579009
15450615611777
15450615677313
15450615742849
15450615808385
15450615841153
15450615873921
15450615906689
15450615939457
15450615972225
15450643366273
15450643530113
15450643595649
15450643693953
15450643792257
15450643825025
15450643857793
15450643890561
15450643956097
15450644021633
15450644054401
15450644119937
15450644152705
15450644218241
15450644251009
15450644283777
15450644349313
15450644414849
15450644447617
15450644513153
15450644611457
15450644644225
15450644676993
15450644709761
15450644742529
15450644775297
15450644808065
15450644840833
15450644873601
15450644906369
15450644939137
15450644971905
15450645037441
15450645102977
15450645135745
15450645234049
15450645266817
15450645299585
15450645332353
15450645365121
15450645430657
15450645496193
15450645528961
15450645561729
15450645594497
15450645660033
15450645692801
15450645791105
15450645823873
15450645856641
15450645922177
15450645987713
15450646053249
15450646086017
15450646151553
15450646184321
15450646282625
15450658537857
15450658603393
15450658636161
15450658800001
15450658898305
15450658996609
15450659062145
15450659127681
15450659225985
15450659324289
15450659389825
15450659488129
15450659586433
15450659684737
15450659783041
15450659848577
15450659914113
15450659979649
15450660110721
15450660209025
15450660307329
15450660372865
15450660503937
15450660536705
15450693337473
15450693501313
15450693665153
15450693697921
15450693796225
15450693894529
15450693927297
15450693960065
15450694058369
15450694320513
15450694713729
15450695074177
15450695369089
15450695795073
15450696122753
15450696384897
15450696679809
15450696810881
15450696843649
15450697040257
15450697204097
15450697400705
15450697597313
15450697761153
15450697924993
15450698219905
15450698383745
15450698613121
15450698776961
15450698908033
15450699170177
15450699366785
15450699530625
15450699661697
15450699891073
15450709098881
15450709131649
15450709164417
15450709197185
15450709229953
15450709262721
15450709328257
15450709393793
15450709426561
15450709459329
15450709492097
15450709524865
15450709557633
15450709590401
15450709623169
15450709655937
15450709688705
15450709721473
15450709754241
15450709819777
15450709852545
15450709885313
15450709918081
15450710016385
15450710081921
15450710114689
15450727612801
15450727645569
15450727678337
15450727711105
15450727743873
15450727776641
15450727842177
15450727907713
15450727940481
15450727973249
15450728006017
15450728038785
15450728071553
15450728104321
15450728137089
15450728169857
15450728202625
15450728268161
15450728300929
15450728366465
15450728432001
15450728464769
15450728825217
15450728857985
15450728890753
15450728923521
15450728989057
15450729021825
15450729054593
15450729087361
15450729152897
15450729185665
15450729218433
15450729251201
15450729283969
15450729316737
15450729382273
15450729415041
15450729447809
15450729480577
15450729513345
15450729546113
15450729578881
15450729611649
15450729644417
15450729677185
15450729709953
15450729742721
15450729775489
15450729808257
15450729873793
15450729906561
15450729939329
15450729972097
15450730004865
15450730037633
15450730070401
15450730103169
15450730168705
15450730201473
15450730267009
15450730299777
15450730332545
15450730365313
15450730398081
15450730430849
15450730463617
15450730496385
15450730529153
15450730561921
15450730660225
15450730692993
15450730758529
15450730791297
15450730824065
15450730856833
15450730889601
15450730922369
15450730955137
15450730987905
15450733117825
15450733183361
15450733281665
15450733412737
15450733445505
15450733511041
15450733576577
15450733805953
15450734035329
15450734297473
15450734559617
15450734854529
15450734952833
15450735018369
15450735116673
15450735247745
15450735378817
15450735411585
15450735444353
15450735477121
15450735509889
15450735575425
15450735608193
15450735640961
15450735706497
15450735739265
15450735772033
15450735804801
15450735837569
15450735870337
15450735903105
15450735935873
15450735968641
15450736001409
15450736034177
15450736066945
15450736099713
15450736132481
15450736165249
15450736198017
15450736263553
15450736296321
15450736329089
15450736361857
15450736394625
15450736427393
15450736460161
15450736492929
15450736525697
15450737213825
15450738491777
15450739278209
15450739376513
15450739409281
15450739442049
15450739474817
15450739507585
15450739540353
15450739573121
15450739605889
15450739638657
15450739671425
15450739704193
15450739736961
15450739769729
15450739802497
15450739900801
15450739933569
15450739966337
15450739999105
15450740031873
15450740064641
15450740097409
15450740162945
15450740195713
15450740228481
15450740294017
15450740326785
15450740359553
15450740392321
15450740425089
15450740457857
15450740490625
15450740523393
15450740556161
15450740588929
15450740621697
15450740654465
15450740687233
15450740752769
15450740785537
15450740818305
15450740851073
15450740883841
15450740949377
15450740982145
15450741014913
15450741047681
15450741080449
15450741113217
15450741145985
15450741178753
15450741211521
15450741244289
15450741277057
15450741309825
15450741342593
15450741375361
15450741408129
15450741440897
15450741473665
15450741506433
15450741571969
15450741604737
15450741637505
15450741670273
15450741703041
15450741735809
15450741801345
15450741834113
15450741866881
15450741899649
15450741965185
15450741997953
15450742063489
15450742096257
15450742129025
15450742358401
15450742587777
15450742849921
15450743112065
15450743439745
15450743701889
15450744029569
15450744324481
15450744521089
15450744848769
15450745045377
15450745340289
15450745864577
15450746159489
15450746421633
15450746716545
15450747011457
15450747240833
15450747535745
15450747699585
15450747994497
15450748256641
15450748518785
15450748813697
15450749075841
15450749337985
15450749632897
15450749829505
15450749960577
15450750222721
15450750615937
15450751009153
15450751336833
15450751631745
15450751959425
15450753859969
15450754154881
15450755137921
15450755367297
15450756579713
15450756776321
15450757038465
15450757300609
15450757955969
15450758185345
15450758414721
15450758807937
15450760642945
15450760806785
15450761068929
15450761298305
15450761658753
15450761920897
15450762150273
15450762674561
15450763002241
15450763788673
15450764149121
15450764378497
15450764870017
15450765164929
15450765427073
15450259358081
15450259423617
15450259456385
15450259521921
15450259587457
15450259620225
15450259685761
15450259751297
15450260144513
15450260308353
15450300907905
15450300973441
15450301038977
15450301071745
15450301170049
15450301202817
15450301333889
15450301399425
15450301432193
15450301792641
15450301858177
15450301890945
15450302185857
15450302448001
15450302513537
15450302579073
15450302644609
15450302677377
15450302742913
15450302775681
15450302841217
15450303201665
15450303234433
15450303332737
15450764607873
15450769457537
15450769621377
15450769817985
15450771292545
15450771784065
15450772078977
15450772341121
15450772570497
15450772865409
15450773160321
15450773422465
15450773684609
15450773979521
15450774307201
15450774569345
15450774864257
15450775355777
15450775716225
15450776076673
15450776371585
15450776666497
15450776994177
15450777485697
15450777551233
15450777846145
15450778304897
15450778632577
15450778894721
15450779156865
15450779550081
15450779812225
15450780041601
15450780172673
15450780762497
15450781221249
15450781680001
15450781712769
15450781778305
15450781811073
15450781843841
15450781876609
15450781909377
15450781942145
15450782007681
15450782040449
15450782073217
15450782138753
15450782171521
15450782204289
15450782237057
15450782269825
15450782302593
15450782335361
15450782368129
15450782400897
15450782433665
15450782499201
15450782695809
15450782761345
15450782794113
15450782826881
15450782859649
15450782892417
15450782957953
15450782990721
15450783023489
15450783056257
15450783089025
15450783121793
15450783154561
15450783187329
15450783220097
15450783252865
15450783285633
15450783318401
15450783351169
15450783383937
15450783416705
15450783449473
15450783482241
15450783515009
15450783547777
15450783580545
15450783613313
15450783646081
15450783678849
15450783711617
15450783744385
15450783777153
15450783809921
15450783842689
15450828571009
15450828603777
15450828636545
15450828669313
15450828702081
15450828734849
15450828767617
15450828800385
15450828865921
15450828898689
15450828964225
15450828996993
15450829062529
15450829095297
15450829128065
15450829160833
15450829226369
15450829259137
15450829291905
15450829357441
15450829390209
15450829422977
15450829488513
15450829521281
15450829586817
15450829619585
15450829685121
15450829750657
15450829881729
15450829914497
15450830012801
15450830045569
15450830111105
15450830143873
15450830176641
15450830209409
15450830242177
15450830274945
15450830340481
15450830373249
15450830406017
15450830438785
15450830471553
15450830504321
15450830537089
15450830569857
15450830602625
15450830635393
15450830668161
15450830700929
15450830733697
15450830766465
15450830799233
15450830864769
15450830897537
15450830930305
15450830995841
15450831061377
15450831094145
15450831126913
15450831192449
15450831225217
15450831290753
15450831323521
15450831389057
15450831454593
15450831487361
15450831520129
15450831552897
15450831585665
15450831618433
15450831651201
15450831683969
15450831716737
15450831749505
15450831815041
15450831847809
15450831880577
15450831913345
15450831978881
15450832011649
15450832044417
15450832077185
15450832109953
15450832142721
15450832175489
15450832241025
15450832273793
15450832306561
15450832339329
15450832372097
15450832404865
15450832437633
15450832470401
15450832503169
15450832535937
15450832568705
15450832601473
15450832634241
15450832667009
15450832699777
15450832765313
15450832798081
15450832830849
15450832863617
15450832896385
15450832929153
15450832961921
15450832994689
15450833027457
15450833060225
15450833125761
15450833158529
15450833191297
15450833224065
15450833256833
15450833289601
15450833322369
15450833355137
15450833387905
15450833420673
15450833453441
15450833486209
15450833518977
15450833551745
15450833584513
15450833617281
15450833650049
15450833682817
15450833715585
15450833748353
15450833781121
15450833813889
15450833944961
15450834239873
15450834338177
15450834370945
15450834403713
15450834436481
15450834469249
15450834534785
15450834567553
15450834600321
15450834633089
15450834665857
15450834698625
15450834731393
15450834796929
15450834829697
15450834862465
15450834928001
15450834960769
15450834993537
15450835026305
15450835059073
15450835091841
15450835124609
15450835157377
15450835190145
15450835222913
15450835255681
15450835288449
15450835321217
15450835353985
15450835386753
15450835419521
15450835452289
15450835485057
15450835517825
15450835550593
15450835583361
15450835616129
15450835648897
15450835681665
15450835714433
15450835747201
15450835779969
15450835812737
15450835845505
15450835878273
15450835911041
15450835943809
15450835976577
15450836009345
15450836074881
15450836107649
15450836140417
15450836173185
15450836205953
15450836271489
15450836304257
15450836337025
15450836369793
15450836402561
15450836468097
15450836500865
15450836533633
15450836566401
15450836599169
15450836631937
15450836664705
15450836697473
15450836730241
15450836763009
15450836795777
15450836828545
15450836861313
15450836894081
15450836926849
15450836959617
15450836992385
15450837057921
15450837090689
15450837156225
15450837188993
15450837221761
15450837254529
15450837287297
15450837320065
15450837352833
15450837385601
15450837418369
15450837451137
15450837483905
15450837549441
15450837582209
15450837614977
15450837647745
15450837680513
15450837713281
15450837746049
15450837778817
15450837811585
15450837844353
15450837909889
15450837975425
15450838008193
15450838040961
15450838073729
15450838106497
15450838139265
15450838237569
15450838270337
15450838303105
15450838335873
15450838401409
15450838532481
15450838565249
15450838598017
15450838630785
15450838761857
15450838860161
15450838892929
15450838958465
15450839056769
15450839089537
15450839122305
15450839187841
15450839253377
15450839286145
15450839318913
15450839384449
15450839449985
15450839515521
15450839548289
15450839646593
15450839679361
15450839712129
15450839777665
15450839843201
15450839875969
15450839908737
15450839974273
15450840007041
15450840072577
15450840105345
15450840203649
15450840269185
15450840301953
15450840367489
15450840400257
15450840433025
15450840465793
15450840498561
15450840531329
15450840596865
15450840629633
15450840662401
15450840695169
15450840727937
15450840793473
15450840990081
15450841055617
15450841088385
15450841121153
15450841153921
15450841186689
15450841219457
15450841252225
15450841284993
15450841317761
15450841350529
15450841383297
15450841448833
15450841481601
15450841514369
15450841579905
15450841612673
15450841678209
15450841710977
15450841743745
15450841776513
15450841809281
15450841842049
15450841874817
15450841907585
15450841940353
15450841973121
15450842005889
15450842038657
15450842071425
15450842104193
15450842136961
15450842202497
15450842235265
15450842268033
15450842300801
15450842333569
15450842366337
15450842399105
15450842431873
15450842694017
15450842726785
15450842759553
15450842792321
15450842825089
15450842890625
15450842923393
15450842956161
15450842988929
15450843087233
15450843152769
15450843185537
15450843251073
15450843283841
15450843316609
15450843349377
15450843382145
15450843447681
15450843480449
15450843513217
15450843545985
15450843578753
15450843611521
15450843644289
15450843677057
15450843742593
15450843775361
15450843808129
15450843840897
15450843873665
15450843906433
15450843939201
15450844004737
15450844037505
15450844070273
15450844103041
15450844135809
15450844168577
15450844201345
15450844234113
15450844266881
15450844299649
15450844332417
15450844365185
15450844397953
15450844430721
15450844463489
15450844496257
15450844529025
15450844561793
15450844594561
15450844627329
15450844660097
15450844692865
15450844725633
15450844758401
15450844791169
15450844823937
15450844856705
15450844889473
15450844922241
15450844955009
15450844987777
15450845020545
15450845053313
15450845086081
15450847805825
15450847838593
15450847871361
15450847904129
15450847936897
15450847969665
15450848002433
15450848035201
15450848067969
15450848100737
15450848166273
15450848199041
15450848231809
15450848264577
15450848297345
15450848330113
15450848362881
15450848395649
15450848428417
15450848461185
15450848493953
15450848526721
15450848559489
15450848592257
15450848625025
15450848657793
15450848690561
15450848723329
15450848756097
15450848788865
15450848821633
15450848854401
15450848919937
15450848952705
15450848985473
15450849018241
15450849051009
15450849083777
15450849116545
15450849149313
15450849182081
15450849214849
15450849247617
15450849280385
15450849313153
15450849345921
15450849378689
15450849411457
15450849444225
15450849476993
15450849509761
15450849542529
15450849575297
15450849608065
15450849640833
15450849673601
15450849706369
15450849739137
15450849771905
15450849804673
15450849837441
15450849870209
15450849902977
15450849935745
15450849968513
15450850001281
15450850066817
15450850099585
15450850132353
15450850165121
15450850197889
15450850230657
15450850263425
15450850296193
15450850328961
15450850361729
15450850394497
15450850427265
15450850460033
15450850492801
15450850525569
15450850591105
15450850623873
15450850656641
15450850689409
15450850722177
15450850754945
15450850787713
15450850820481
15450850853249
15450850886017
15450850918785
15450850951553
15450850984321
15450851017089
15450851049857
15450851082625
15450851115393
15450851148161
15450851180929
15450851213697
15450851246465
15450851279233
15450851312001
15450851344769
15450851377537
15450851410305
15450851443073
15450851475841
15450851508609
15450851541377
15450851606913
15450851639681
15450851672449
15450851705217
15450851737985
15450851770753
15450851803521
15450851836289
15450851869057
15450851901825
15450851934593
15450851967361
15450852000129
15450852032897
15450852065665
15450852098433
15450852131201
15450852163969
15450852360577
15450852426113
15450852458881
15450852491649
15450852589953
15450852622721
15450852655489
15450852786561
15450853048705
15450853179777
15450853212545
15450853245313
15450853278081
15450853310849
15450853343617
15450853376385
15450853409153
15450853441921
15450853474689
15450853507457
15450853540225
15450853605761
15450853638529
15450853671297
15450853704065
15450853736833
15450853769601
15450853802369
15450853835137
15450853867905
15450853900673
15450853933441
15450853966209
15450853998977
15450854031745
15450854064513
15450854097281
15450854130049
15450854162817
15450854195585
15450854261121
15450854293889
15450854326657
15450854359425
15450854424961
15450854457729
15450854490497
15450854523265
15450854556033
15450854588801
15450854621569
15450854654337
15450854687105
15450854719873
15450854752641
15450854785409
15450854818177
15450854850945
15450854883713
15450854916481
15450854949249
15450854982017
15450855014785
15450855047553
15450855080321
15450855113089
15450855145857
15450855178625
15450855211393
15450855244161
15450855276929
15450855342465
15450855375233
15450855408001
15450855440769
15450855473537
15450855506305
15450855539073
15450855571841
15450855604609
15450855637377
15450855866753
15450855899521
15450855932289
15450855965057
15450855997825
15450856030593
15450856063361
15450856096129
15450856128897
15450856161665
15450856194433
15450856227201
15450856259969
15450856292737
15450856325505
15450856358273
15450856391041
15450856423809
15450856456577
15450856489345
15450856522113
15450856554881
15450856587649
15450856620417
15450856653185
15450856718721
15450856751489
15450856784257
15450856817025
15450856849793
15450856882561
15450856915329
15450856948097
15450856980865
15450857046401
15450857079169
15450857111937
15450857144705
15450857177473
15450857210241
15450857243009
15450857275777
15450857308545
15450857374081
15450857406849
15450857439617
15450857472385
15450857505153
15450857537921
15450857603457
15450857636225
15450857701761
15450857734529
15450857767297
15450857800065
15450857832833
15450857865601
15450857898369
15450857931137
15450857996673
15450858029441
15450858062209
15450858094977
15450858127745
15450858160513
15450858193281
15450858226049
15450858258817
15450858324353
15450858357121
15450858389889
15450858422657
15450858455425
15450858488193
15450858520961
15450858553729
15450858619265
15450858684801
15450858717569
15450858750337
15450858783105
15450858815873
15450858979713
15450859045249
15450859078017
15450859110785
15450859143553
15450859176321
15450859209089
15450859307393
15450859340161
15450859372929
15450859438465
15450859471233
15450859504001
15450859569537
15450859602305
15450859635073
15450859733377
15450859766145
15450859798913
15450859831681
15450859864449
15450864189825
15450864222593
15450864255361
15450864288129
15450864320897
15450864386433
15450864451969
15450864484737
15450864550273
15450876543361
15451120959873
15451121058177
15451480129921
15451480260993
15451512701313
15451512799617
15451512865153
15451513618817
15451513848193
15451514175873
15451513979265
15451514012033
15451514044801
15451514077569
15451514110337
15451514143105
15451514241409
15451514339713
15451514569089
15451514667393
15451514831233
15451514962305
15451514995073
15451515322753
15451515683201
15451515814273
15451515879809
15451515912577
15451515945345
15451516109185
15451516174721
15451516240257
15451516338561
15451516436865
15451516469633
15451516502401
15451516567937
15451516600705
15451516666241
15451516699009
15451516731777
15451516797313
15451516862849
15451516961153
15451605303681
15451605336449
15451605369217
15451605401985
15451605434753
15451605467521
15451605500289
15451605598593
15451636334977
15451636367745
15451637940609
15451638038913
15451638104449
15451638169985
15451638202753
15451638235521
15451638301057
15451638333825
15451638366593
15451638399361
15451638432129
15451638464897
15451638497665
15451638530433
15451638563201
15451638595969
15451638661505
15451638694273
15451638727041
15451638759809
15451638792577
15451638956417
15451639087489
15451639153025
15451639185793
15451639218561
15451639251329
15451639284097
15451639316865
15451639349633
15451639382401
15451639447937
15451639513473
15451639546241
15451639579009
15451639644545
15451639677313
15451639710081
15451639742849
15451639841153
15451639873921
15451639906689
15451639939457
15451639972225
15451640070529
15451640103297
15451640136065
15451640168833
15451640201601
15451640234369
15451640267137
15451640299905
15451640332673
15451640365441
15451640398209
15451640430977
15451640463745
15451640529281
15451640562049
15451640594817
15451640627585
15451640660353
15451640693121
15451640725889
15451640758657
15451640791425
15451640824193
15451640889729
15451641020801
15451641086337
15451641119105
15451641151873
15451641184641
15451641217409
15451641250177
15451641282945
15451641315713
15451641348481
15451641381249
15451641414017
15451641446785
15451641479553
15451641512321
15451886649729
15451887272321
15451887993217
15451888484737
15451889336705
15451890286977
15451891368321
15451891827073
15451892515201
15451893039489
15451893432705
15451893858689
15451894382977
15451894940033
15451895562625
15451896217985
15451897921921
15451898380673
15451898904961
15451900051841
15451901788545
15451902509441
15451903164801
15451904049537
15451904541057
15451905851777
15451906048385
15451907129729
15451907588481
15451907850625
15451908145537
15451908735361
15451909292417
15451909816705
15451910209921
15451910570369
15451910832513
15451911061889
15451911225729
15451911455105
15451911750017
15451912044929
15451912798593
15451913159041
15451913552257
15451913847169
15451914076545
15451914273153
15451914502529
15451914797441
15451915026817
15451915288961
15451915518337
15451915747713
15451915977089
15451916206465
15451916599681
15451916861825
15451916894593
15451916927361
15451917025665
15451917091201
15451917123969
15451917189505
15451917222273
15451917418881
15451917975937
15451918598529
15451919221121
15451919712641
15451919745409
15451919843713
15451919974785
15451920040321
15451920204161
15451920269697
15451920368001
15451920466305
15451920662913
15451920826753
15451920859521
15451920925057
15451921252737
15451921613185
15451921908097
15451922334081
15451922661761
15451923120513
15451923382657
15451923710337
15451923743105
15451923808641
15451923841409
15451923939713
15451923972481
15451924005249
15451924038017
15451924169089
15451924234625
15451924267393
15451924365697
15451924431233
15451924496769
15451924562305
15451925184897
15451925381505
15451925479809
15451925512577
15451925578113
15451925840257
15451925938561
15451926036865
15451926135169
15451926167937
15451926233473
15451926331777
15451926397313
15451926462849
15451926561153
15451926593921
15451926626689
15451926692225
15451926724993
15451926757761
15451926823297
15451926856065
15451926921601
15451926954369
15451927085441
15451927183745
15451927249281
15451927314817
15451927380353
15451927413121
15451927445889
15451927609729
15451927773569
15451927839105
15451927871873
15451927904641
15451928002945
15451928134017
15451928592769
15451928723841
15451928920449
15451929117057
15451929248129
15451929543041
15451929575809
15451929641345
15451929903489
15451930100097
15451930263937
15451930427777
15451930657153
15451931115905
15451931345281
15451931738497
15451931836801
15451931869569
15451931935105
15451932000641
15451932066177
15451932164481
15451932262785
15451932426625
15451932590465
15451932656001
15451932754305
15451932950913
15451933245825
15451933344129
15451933507969
15451933573505
15452289139073
15452289204609
15452289302913
15452289368449
15452289401217
15452289466753
15452289532289
15452289597825
15452289663361
15452289728897
15452289958273
15452289991041
15452290122113
15452290318721
15452290417025
15452291432833
15452291727745
15452291957121
15452292219265
15452292481409
15452292972929
15452293202305
15452293431681
15452293759361
15452293988737
15452294611329
15452294807937
15452295037313
15452295266689
15452295463297
15452295692673
15452295954817
15452296249729
15452296610177
15452296872321
15452297068929
15452297363841
15452297625985
15452297888129
15452298150273
15452299526529
15452299755905
15452299985281
15452300280193
15452300509569
15452300771713
15452301001089
15452301230465
15452301525377
15452301951361
15452302377345
15452302606721
15452302901633
15452303163777
15452303720833
15452305490305
15452305785217
15452306112897
15452306375041
15452306604417
15452307456385
15452307784065
15452308308353
15452308832641
15452309389697
15452309619073
15452309881217
15452310110593
15452310372737
15452310667649
15452311257473
15452311486849
15452311748993
15452312076673
15452312273281
15452312535425
15452312764801
15452312994177
15452313289089
15452313715073
15452314009985
15452314239361
15452314501505
15452314796417
15452315058561
15452315713921
15452315910529
15452316172673
15452316533121
15452316795265
15452317090177
15452317417857
15452317811073
15452318040449
15452318335361
15452517237121
15452517564801
15452517826945
15452518154625
15452518449537
15452598501761
15452598534529
15452598567297
15452598665601
15452598731137
15452598763905
15452598927745
15452599026049
15452599091585
15452599255425
15452599353729
15452599386497
15452599484801
15452599550337
15452599681409
15452599714177
15452599746945
15452599910785
15452599943553
15452600172929
15452600402305
15452600467841
15452600533377
15452600598913
15452600631681
15452600697217
15452600828289
15452600959361
15452601057665
15452601155969
15452602368385
15452602433921
15452602532225
15452602564993
15452602728833
15452602794369
15452602827137
15452602892673
15452603089281
15452603154817
15452603187585
15452603220353
15452605448577
15452605481345
15452605546881
15452605579649
15452605677953
15452605710721
15452605743489
15452605841793
15452605972865
15452606071169
15452606103937
15452606267777
15452675047809
15452675113345
15452675146113
15452675211649
15452675244417
15452675277185
15452675309953
15452675441025
15452675506561
15452675572097
15452675604865
15452675637633
15452675867009
15452675899777
15452675932545
15452675965313
15452675998081
15452676096385
15452676129153
15452676161921
15452676194689
15452676227457
15452676292993
15452676358529
15452676391297
15452676424065
15452676456833
15452676489601
15452676555137
15452676587905
15452676620673
15452676653441
15452676686209
15452677210497
15452677276033
15452677308801
15452677341569
15452677374337
15452677439873
15452677472641
15452677538177
15452677570945
15452677636481
15452677669249
15452677767553
15452677800321
15452677833089
15452677898625
15452677931393
15452677964161
15452677996929
15452678029697
15452678062465
15452678128001
15452678160769
15452678193537
15452678226305
15452678259073
15452678390145
15452678422913
15452678455681
15452678685057
15452679111041
15452679143809
15452680520065
15452680585601
15452680618369
15452680782209
15452680814977
15452680847745
15452680913281
15452681011585
15452681208193
15452681273729
15452681404801
15452681503105
15452682125697
15452682879361
15452683272577
15452683600257
15452683862401
15452683927937
15452683993473
15452684059009
15452684124545
15452684157313
15452684222849
15452684255617
15452684288385
15452684353921
15452684386689
15452684419457
15452684550529
15452684583297
15452684812673
15452684878209
15452684943745
15452684976513
15452685009281
15452685107585
15452685173121
15452685369729
15452685402497
15452685435265
15452685468033
15452685599105
15452685992321
15452678488449
15452678521217
15452678553985
15452678652289
15452678717825
15452678783361
15452678816129
15452678881665
15452678914433
15452678979969
15452679012737
15452679078273
15452679176577
15452679209345
15452679242113
15452679307649
15452679340417
15452679438721
15452679471489
15452679569793
15452679602561
15452679635329
15452679700865
15452679766401
15452679799169
15452679864705
15452679897473
15452679963009
15452680028545
15452680061313
15452680094081
15452680126849
15452680159617
15452680257921
15452680290689
15452680323457
15452681535873
15452681601409
15452681798017
15452681863553
15452681896321
15452681929089
15452681994625
15452682092929
15452682224001
15452682387841
15452682486145
15452682518913
15452682584449
15452682617217
15452682649985
15452682682753
15452682715521
15452682781057
15452682813825
15452682846593
15452682944897
15452683010433
15452683043201
15452683075969
15452683174273
15452683239809
15452683370881
15452683403649
15452683469185
15452683534721
15452683567489
15452683665793
15452683698561
15452685205889
15452685238657
15452685271425
15452685304193
15452685566337
15452685697409
15452685730177
15452685795713
15452685828481
15452685894017
15452685926785
15452686090625
15452686123393
15452686156161
15452686287233
15452686320001
15452686352769
15452686385537
15452686451073
15452686516609
15452686549377
15452686713217
15452686745985
15452686811521
15452686909825
15452686942593
15452686975361
15452687008129
15452687073665
15452687106433
15452687171969
15452687401345
15452687434113
15452687499649
15452687532417
15452687597953
15452687630721
15452687663489
15452687696257
15452687761793
15452687794561
15452687827329
15452687860097
15452687958401
15452687991169
15452688023937
15452688089473
15452688155009
15452688220545
15452688253313
15452688318849
15452688384385
15452688417153
15452688449921
15452688482689
15452688548225
15452688613761
15452688646529
15452688679297
15452688712065
15452688777601
15452688810369
15452688843137
15452688875905
15452688908673
15452688974209
15452689006977
15452689072513
15452689138049
15452689203585
15452689236353
15452689301889
15452689334657
15452689400193
15452689432961
15452689465729
15452689498497
15452689564033
15452689596801
15452689629569
15452689793409
15452689826177
15452689858945
15452689891713
15452689924481
15452689957249
15452689990017
15452690022785
15452690055553
15452690088321
15452690153857
15452690186625
15452690219393
15452690416001
15452690514305
15452690776449
15452690841985
15452690907521
15452690940289
15452690973057
15452691005825
15452691071361
15452691104129
15452691136897
15452691169665
15452691267969
15452691300737
15452691333505
15452691366273
15452692513153
15452692545921
15452692578689
15452692644225
15452692676993
15452692709761
15452692742529
15452692775297
15452692808065
15452692840833
15452692873601
15452692906369
15452693004673
15452693037441
15452693070209
15452693102977
15452693135745
15452693463425
15452693725569
15452693758337
15452693791105
15452693823873
15452693856641
15452693889409
15452693922177
15452693954945
15452693987713
15452694053249
15452694086017
15452694118785
15452694151553
15452694184321
15452694217089
15452694249857
15452694282625
15452694315393
15452697198977
15452700705153
15452703883649
15452704047489
15452704080257
15452704113025
15452704309633
15452704407937
15452704571777
15452704735617
15452705128833
15452705259905
15452705358209
15452705456513
15452705554817
15452705685889
15452705751425
15452705849729
15452705882497
15452705948033
15452705980801
15452706013569
15452706046337
15452706111873
15452706144641
15452706177409
15452706210177
15452706242945
15452706275713
15452706308481
15452706341249
15452706374017
15452706406785
15452706439553
15452706472321
15452706505089
15452706537857
15452706570625
15452706603393
15452706636161
15452706668929
15452706701697
15452706734465
15452706767233
15452706800001
15452706832769
15452706865537
15452706898305
15452706963841
15452706996609
15452707029377
15452707062145
15452707094913
15452707127681
15452707160449
15452707225985
15452707258753
15452707291521
15452707324289
15452707357057
15452707389825
15452707422593
15452707455361
15452707488129
15452707520897
15452707553665
15452707586433
15452707619201
15452707651969
15452707684737
15452707717505
15452707750273
15452707881345
15452707914113
15452707946881
15452707979649
15452708012417
15452708045185
15452708077953
15452708110721
15452708143489
15452708176257
15452708209025
15452708241793
15452708274561
15452708307329
15452708340097
15452708372865
15452708405633
15452708471169
15452708503937
15452708536705
15452708569473
15452708602241
15452708635009
15452708667777
15452708700545
15452708733313
15452708798849
15452709224833
15452709257601
15452709290369
15452709323137
15452709355905
15452709388673
15452709454209
15452709486977
15452709519745
15452709552513
15452709585281
15452709618049
15452709650817
15452709683585
15452709716353
15452709749121
15452709781889
15452709814657
15452709847425
15452709880193
15452709912961
15452709945729
15452709978497
15452710044033
15452710109569
15452710142337
15452710175105
15452710207873
15452710240641
15452710273409
15452710306177
15452710338945
15452710371713
15452710404481
15452710437249
15452710470017
15452710502785
15452710535553
15452710568321
15452710601089
15452710633857
15452710666625
15452710699393
15452710732161
15452710764929
15452710797697
15452710830465
15452710863233
15452710896001
15452710928769
15452710961537
15452710994305
15452711027073
15452711059841
15452711092609
15452718530945
15452719088001
15452719350145
15452719415681
15452719743361
15452919366017
15452992995713
15452993585537
15453118398849
15453118628225
15453118726529
15453118824833
15453119218049
15453119283585
15453119414657
15453119480193
15453120364929
15453120627073
15453120856449
15453121380737
15453121446273
15453121479041
15453121675649
15453401088385
15453401121153
15453406560641
15453407740289
15453409575297
15453410787713
15453410820481
15453410853249
15453412360577
15453413638529
15453414588801
15453415997825
15453417374081
15453417406849
15453417472385
15453417734529
15453417767297
15453524361601
15453526720897
15453527703937
15453528129921
15453532717441
15453533897089
15453523771777
15453523837313
15453523870081
15453523902849
15453524001153
15453524066689
15453524099457
15453524263297
15453524328833
15453524459905
15453525737857
15453525967233
15453526327681
15453526458753
15453526753665
15453526786433
15453526950273
15453526983041
15453527015809
15453527769473
15453527802241
15453527966081
15453527998849
15453528064385
15453528162689
15453528293761
15453528326529
15453530292609
15453530325377
15453530456449
15453530685825
15453531636097
15453531668865
15453531701633
15453531767169
15453531799937
15453531865473
15453531898241
15453532553601
15453532619137
15453532684673
15453532750209
15453532782977
15453532815745
15453532848513
15453533798785
15453533864321
15453533962625
15453534060929
15453534093697
15453540614529
15453540647297
15453540680065
15453540712833
15453540745601
15453540811137
15453540843905
15453540909441
15453540942209
15453540974977
15453569450369
15453569581441
15453569810817
15453569941889
15453570105729
15453570302337
15453570400641
15453570433409
15453570597249
15453570695553
15453570728321
15453601530241
15453601563009
15453601595777
15453601890689
15453601923457
15453602120065
15453602152833
15453610344833
15453610410369
15453610606977
15453610967425
15453611032961
15453617324417
15453617881473
15453618110849
15453618143617
15453618176385
15453618241921
15453618340225
15453618372993
15453622763905
15453622829441
15453622894977
15453622993281
15453623091585
15453623124353
15453623189889
15453623288193
15453623353729
15453623419265
15453623452033
15453623484801
15453623517569
15453623583105
15453623648641
15453623681409
15453623714177
15453623746945
15453623812481
15453623845249
15453623878017
15453623910785
15453623976321
15453624009089
15453624074625
15453624172929
15453624238465
15453624271233
15453624336769
15453671063937
15453671162241
15453671227777
15453671293313
15453671489921
15453671620993
15453671752065
15453671817601
15453671948673
15453672046977
15453672145281
15453672178049
15453672276353
15453672309121
15453672407425
15453672472961
15453672571265
15453672636801
15453672702337
15453672800641
15453673095553
15453673750913
15453673816449
15453673881985
15453673947521
15453674013057
15453674111361
15453674209665
15453674307969
15453674373505
15453724180865
15453724213633
15453724246401
15453724311937
15453724344705
15453724377473
15453724443009
15453724541313
15453724606849
15453724639617
15453724672385
15453724705153
15453724737921
15453724770689
15453724803457
15453724836225
15453724901761
15453724934529
15453724967297
15453725000065
15453725065601
15453725131137
15453725229441
15453725262209
15453725294977
15453725327745
15453725360513
15453725393281
15453725458817
15453725491585
15453725589889
15453725622657
15453725688193
15453725753729
15453725786497
15453725819265
15453725852033
15453725884801
15453725950337
15453726015873
15453726081409
15453726114177
15453726146945
15453726212481
15453726245249
15453726310785
15453726343553
15453726376321
15453726474625
15453726540161
15453726572929
15453726605697
15453726638465
15453726671233
15453726736769
15453726769537
15453726835073
15453726900609
15453726933377
15453726998913
15453727555969
15453727621505
15453727687041
15453727752577
15453727785345
15453727818113
15453727916417
15453727949185
15453727981953
15453728047489
15453728113025
15453728178561
15453728211329
15453728276865
15453728309633
15453728375169
15453728440705
15453728473473
15453728506241
15453728571777
15453728604545
15453728637313
15453728670081
15453728702849
15453728768385
15453728801153
15453728833921
15453728866689
15453728899457
15453728932225
15453728964993
15453728997761
15453729063297
15453729096065
15453729161601
15453729194369
15453729227137
15453729259905
15453729292673
15453729325441
15453729390977
15453729423745
15453729456513
15453729489281
15453729522049
15453729554817
15453729587585
15453729620353
15453729653121
15453729685889
15453729718657
15453729751425
15453729784193
15453729816961
15453729849729
15453729915265
15453729948033
15453729980801
15453730013569
15453730046337
15453730079105
15453730111873
15453730144641
15453730177409
15453730210177
15453730242945
15453730275713
15453730308481
15453730341249
15453730374017
15453730406785
15453730439553
15453730472321
15453742694785
15453742760321
15453742825857
15453742924161
15453742956929
15453742989697
15453743022465
15453743055233
15453743088001
15453743120769
15453743153537
15453743186305
15453743219073
15453743251841
15453743284609
15453743317377
15453743350145
15453743382913
15453743415681
15453743448449
15453743481217
15453743513985
15453743546753
15453743579521
15453743612289
15453743645057
15453743677825
15453743743361
15453743776129
15453743808897
15453743841665
15453743874433
15453743907201
15453743972737
15453744005505
15453744071041
15453744103809
15453744136577
15453744169345
15453744202113
15453744234881
15453744300417
15453744333185
15453744365953
15453744398721
15453744431489
15453744464257
15453744497025
15453744529793
15453744562561
15453744595329
15453744628097
15453744693633
15453744726401
15453744759169
15453744791937
15453744824705
15453744890241
15453744923009
15453744955777
15453744988545
15453745021313
15453745054081
15453745086849
15453745119617
15453745152385
15453745185153
15453745217921
15453745283457
15453745316225
15453760029057
15453760061825
15453760094593
15453760160129
15453760192897
15453760225665
15453760258433
15453760291201
15453760323969
15453760356737
15453760422273
15453760455041
15453760487809
15453760520577
15453760553345
15453760586113
15453760618881
15453760651649
15453760684417
15453760717185
15453760782721
15453760815489
15453760848257
15453760881025
15453760946561
15453760979329
15453761110401
15453761405313
15453761012097
15453761044865
15453761077633
15453761143169
15453761175937
15453761241473
15453761274241
15453761307009
15453761339777
15453761372545
15453761438081
15453761503617
15453761536385
15453761569153
15453761601921
15453761634689
15453761667457
15453761700225
15453761732993
15453761765761
15453761798529
15453761831297
15453761864065
15453761929601
15453761962369
15453761995137
15453762027905
15453762060673
15453762093441
15453762158977
15453762191745
15453762224513
15453762257281
15453762290049
15453762322817
15453762355585
15453762388353
15453762421121
15453762453889
15453762486657
15453762519425
15453762552193
15453762584961
15453762617729
15453762650497
15453762683265
15453762716033
15453762748801
15453762781569
15453762814337
15453762879873
15453762978177
15453763010945
15453763076481
15453763109249
15453763142017
15453763174785
15453763207553
15453763240321
15453763273089
15453763305857
15453763338625
15453763404161
15453763436929
15453763469697
15453763502465
15453763535233
15453763568001
15453763600769
15453763633537
15453763666305
15453763699073
15453763731841
15453763764609
15453763797377
15453764125057
15453764157825
15453764223361
15453764256129
15453764321665
15453764354433
15453764387201
15453764419969
15453764452737
15453764485505
15453764518273
15453764551041
15453764583809
15453764616577
15453764649345
15453764682113
15453764714881
15453764747649
15453764780417
15453764813185
15453764878721
15453764911489
15453764944257
15453764977025
15453765009793
15453765042561
15453765075329
15453765108097
15453765140865
15453765206401
15453765239169
15453766877569
15453766910337
15453766943105
15453766975873
15453767041409
15453767074177
15453767106945
15453767139713
15453767172481
15453767205249
15453767238017
15453767270785
15453767303553
15453767336321
15453767369089
15453767401857
15453767434625
15453767467393
15453767500161
15453767532929
15453767565697
15453767598465
15453767631233
15453767664001
15453767696769
15453767729537
15453767762305
15453767795073
15453767827841
15453767860609
15453767926145
15453767958913
15453767991681
15453768024449
15453768057217
15453768089985
15453768122753
15453768155521
15453768221057
15453768253825
15453768286593
15453768352129
15453768384897
15453768417665
15453768450433
15453768483201
15453768515969
15453768548737
15453768581505
15453768614273
15453768647041
15453768679809
15453768712577
15453768745345
15453768778113
15453768810881
15453768843649
15453768876417
15453768909185
15453768941953
15453768974721
15453769007489
15453769040257
15453769073025
15453769105793
15453769138561
15453769171329
15453769204097
15453769236865
15453769269633
15453769302401
15453769335169
15453769367937
15453769400705
15453769433473
15453769466241
15453769499009
15453769564545
15453769597313
15453769630081
15453769662849
15453769695617
15453769728385
15453769761153
15453769793921
15453769826689
15453769859457
15453769892225
15453769924993
15453769957761
15453769990529
15453770023297
15453770056065
15453770088833
15453770121601
15453770154369
15453770187137
15453770219905
15453770252673
15453770285441
15453770318209
15453770350977
15453770383745
15453770416513
15453770449281
15453770482049
15453770514817
15453770547585
15453770580353
15453770613121
15453770645889
15453770678657
15453770711425
15453770744193
15453770776961
15453770809729
15453770842497
15453770875265
15453770908033
15453770940801
15453771006337
15453771039105
15453771071873
15453771104641
15453771137409
15453771170177
15453771202945
15453771235713
15453771301249
15453771366785
15453771399553
15453771432321
15453771497857
15453771563393
15453771596161
15453771661697
15453771727233
15453771760001
15453771825537
15453771858305
15453771923841
15453771989377
15453772022145
15453772054913
15453772120449
15453772153217
15453772185985
15453772284289
15453772317057
15453772349825
15453772382593
15453772448129
15453772480897
15453772546433
15453772579201
15453772611969
15453772644737
15453772710273
15453772775809
15453772808577
15453772841345
15453772874113
15453772939649
15453772972417
15453773005185
15453773037953
15453773103489
15453773136257
15453773169025
15453773201793
15453773234561
15453773267329
15453773300097
15453773332865
15453773365633
15453773398401
15453773431169
15453773463937
15453773496705
15453773529473
15453773562241
15453773595009
15453773627777
15453773660545
15453773693313
15453773726081
15453773758849
15453773791617
15453773824385
15453773857153
15453773889921
15453773922689
15453773955457
15453773988225
15453774020993
15453774053761
15453774086529
15453774119297
15453774152065
15453774184833
15453774217601
15453774250369
15453774283137
15453774315905
15453774348673
15453774381441
15453774414209
15453774446977
15453774479745
15453774512513
15453774545281
15453774578049
15453774610817
15453774643585
15453774676353
15453774709121
15453774774657
15453774807425
15453774872961
15453774905729
15453774938497
15453774971265
15453775004033
15453775036801
15453775069569
15453775102337
15453775135105
15453775167873
15453775200641
15453775233409
15453775266177
15453775298945
15453775331713
15453775364481
15453775397249
15453775430017
15453775462785
15453775495553
15453775528321
15453775561089
15453775659393
15453775692161
15453776249217
15453775593857
15453775626625
15453775724929
15453775757697
15453775790465
15453775823233
15453775856001
15453775888769
15453775921537
15453775954305
15453775987073
15453776019841
15453776052609
15453776118145
15453776150913
15453776183681
15453776216449
15453776281985
15453776314753
15453776347521
15453776380289
15453776413057
15453776445825
15453776478593
15453776511361
15453776544129
15453776576897
15453776609665
15453776642433
15453776675201
15453776707969
15453776740737
15453776773505
15453776806273
15453776839041
15453776871809
15453776904577
15453776937345
15453776970113
15453777002881
15453777035649
15453777068417
15453777101185
15453777166721
15453777232257
15453777297793
15453777330561
15453777428865
15453777559937
15453777592705
15453777625473
15453777691009
15453777789313
15453777854849
15453777920385
15453777953153
15453778018689
15453778051457
15453778084225
15453778182529
15453778248065
15453778313601
15453778411905
15453778444673
15453778510209
15453778542977
15453778575745
15453778706817
15453778805121
15453778837889
15453778870657
15453779034497
15453779067265
15453779132801
15453779263873
15453779296641
15453779329409
15453779493249
15453779526017
15453779591553
15453779788161
15453779820929
15453779853697
15453779952001
15453780017537
15453780115841
15453780214145
15453780312449
15453780345217
15453780509057
15453780541825
15453780672897
15453780738433
15453780836737
15453780902273
15453780967809
15453781000577
15453781164417
15453781229953
15453781262721
15453781328257
15453781393793
15453781459329
15453781492097
15453781557633
15453781721473
15453781754241
15453781787009
15453781819777
15453782016385
15453782049153
15453782081921
15453782114689
15453782278529
15453782311297
15453782376833
15453782409601
15453782606209
15453782770049
15453782966657
15453783163265
15453783359873
15453783392641
15453783425409
15453783622017
15453783654785
15453783785857
15453783884161
15453783982465
15453784048001
15453784080769
15453784211841
15453784375681
15453784408449
15453784441217
15453784605057
15453784670593
15453784703361
15453784768897
15453784998273
15453785031041
15453785063809
15453785194881
15453785293185
15453785325953
15453785391489
15453785457025
15453785522561
15453785719169
15453785751937
15453785784705
15453785915777
15453786046849
15453786079617
15453786210689
15453786308993
15453786407297
15453786472833
15453786571137
15453786636673
15453786702209
15453786866049
15453786997121
15453787259265
15453787292033
15453787521409
15453787554177
15453787652481
15453787816321
15453787849089
15453787914625
15453788111233
15453788176769
15453788242305
15453788406145
15453788471681
15453788504449
15453788766593
15453788799361
15453788832129
15453789094273
15453789159809
15453789192577
15453789454721
15453789487489
15453789520257
15453789585793
15453789782401
15453789913473
15453790044545
15453790142849
15453790306689
15453790339457
15453790536065
15453790568833
15453790601601
15453790634369
15453790667137
15453790699905
15453790732673
15453790765441
15453790798209
15453790830977
15453790863745
15453790896513
15453790929281
15453790962049
15453790994817
15453791027585
15453791060353
15453791093121
15453791125889
15453791158657
15453791191425
15453791224193
15453791256961
15453791289729
15453791322497
15453791355265
15453791388033
15453791420801
15453791453569
15453791486337
15453791519105
15453791551873
15453791584641
15453791617409
15453791650177
15453791682945
15453791715713
15453791748481
15453791781249
15453791814017
15453791846785
15453791879553
15453791912321
15453791945089
15453791977857
15453792010625
15453792043393
15453792076161
15453792108929
15453792141697
15453792174465
15453792207233
15453792240001
15453792272769
15453792305537
15453792338305
15453792371073
15453792403841
15453792436609
15453792469377
15453792502145
15453792534913
15453792567681
15453792600449
15453792633217
15453792665985
15453792698753
15453792731521
15453792764289
15453792797057
15453792829825
15453792862593
15453792895361
15453792928129
15453792960897
15453792993665
15453793026433
15453793059201
15453793091969
15453793124737
15453793157505
15453793190273
15453793223041
15453793255809
15453793288577
15453793321345
15453793354113
15453793386881
15453793419649
15453793452417
15453793485185
15453793517953
15453793550721
15453793583489
15453793616257
15453793649025
15453793681793
15453793714561
15453793747329
15453793780097
15453793812865
15453793845633
15453793878401
15453793911169
15453793943937
15453793976705
15453794009473
15453794042241
15453794075009
15453794107777
15453794140545
15453794173313
15453794206081
15453794238849
15453794271617
15453794304385
15453794337153
15453794369921
15453794402689
15453794435457
15453794468225
15453794500993
15453794533761
15453794566529
15453794599297
15453794632065
15453794664833
15453794697601
15453794730369
15453794795905
15453794828673
15453794861441
15453794894209
15453794926977
15453794959745
15453794992513
15453795025281
15453795058049
15453795090817
15453795221889
15453795254657
15453795352961
15453795385729
15453795680641
15453795746177
15453803151745
15453803839873
15453803970945
15453804134785
15453804167553
15453804364161
15453804396929
15453804659073
15453804822913
15453804855681
15453805511041
15453805707649
15453805773185
15453805937025
15453805969793
15453806002561
15453806035329
15453806068097
15453806100865
15453806133633
15453806461313
15453806559617
15453806657921
15453806920065
15453806985601
15453807149441
15453808001409
15453808263553
15453808492929
15453808918913
15453808951681
15453808984449
15453809017217
15453809049985
15453809082753
15453809148289
15453809181057
15453809213825
15453809312129
15453809344897
15453809377665
15453809410433
15453809443201
15453809475969
15453809508737
15453809541505
15453809574273
15453809607041
15453809639809
15453809672577
15453809705345
15453809738113
15453809770881
15453809803649
15453809836417
15453809869185
15453809901953
15453809934721
15453809967489
15453810000257
15453810065793
15453810098561
15453810131329
15453810164097
15453810196865
15453810229633
15453810262401
15453810295169
15453810327937
15453810426241
15453810459009
15453810491777
15453810524545
15453810557313
15453810590081
15453810622849
15453810655617
15453810786689
15453810852225
15453810884993
15453810950529
15453810983297
15453811016065
15453811048833
15453811081601
15453811114369
15453811179905
15453811212673
15453811245441
15453811278209
15453811310977
15453811343745
15453811376513
15453811409281
15453811442049
15453811474817
15453811507585
15453811540353
15453824549249
15453824614785
15453824647553
15453824680321
15453824745857
15453824778625
15453824811393
15453824844161
15453824876929
15453824909697
15453824942465
15453824975233
15453825008001
15453825040769
15453825073537
15453825106305
15453825139073
15453825171841
15453825204609
15453825237377
15453825270145
15453825335681
15453825368449
15453825401217
15453825433985
15453825499521
15453825532289
15453825565057
15453825630593
15453825663361
15453825696129
15453825728897
15453825761665
15453825794433
15453825827201
15453825859969
15453825925505
15453825958273
15453825991041
15453826023809
15453826056577
15453826089345
15453826154881
15453826220417
15453826318721
15453826417025
15453826449793
15453826482561
15453826515329
15453826548097
15453826580865
15453826613633
15453826646401
15453826679169
15453826711937
15453826744705
15453826777473
15453826810241
15453826843009
15453826908545
15453826941313
15453827006849
15453827039617
15453827072385
15453827105153
15453892575617
15453892608385
15453892673921
15453892706689
15453892739457
15453892772225
15453892837761
15453892870529
15453892903297
15453892936065
15453892968833
15453893001601
15453893034369
15453893067137
15453893099905
15453893132673
15453893165441
15453893198209
15453893230977
15453893263745
15453893329281
15453893362049
15453893394817
15453893427585
15453893460353
15453893493121
15453893525889
15453893558657
15453893591425
15453893624193
15453893656961
15453893689729
15453893722497
15453893755265
15453893788033
15453893820801
15453893853569
15453893886337
15453893919105
15453893951873
15453893984641
15453894017409
15453894082945
15453894115713
15453894148481
15453894214017
15453894246785
15453894279553
15453894312321
15453894345089
15453894377857
15453894410625
15453894443393
15453894476161
15453894508929
15453894541697
15453894607233
15453894640001
15453894672769
15453894705537
15453894738305
15453894771073
15453894803841
15453894836609
15453894869377
15453894902145
15453894934913
15453894967681
15453895000449
15453895033217
15453895065985
15453895098753
15453895131521
15453895164289
15453895197057
15453895229825
15453895262593
15453895295361
15453895328129
15453895360897
15453895393665
15453895426433
15453895459201
15453895491969
15453895524737
15453895557505
15453895590273
15453895623041
15453895655809
15453895688577
15453895754113
15453895786881
15453895819649
15453895852417
15453895885185
15453895917953
15453895950721
15453895983489
15453896016257
15453896049025
15453896081793
15453896114561
15453896147329
15453896180097
15453896212865
15453896245633
15453896278401
15453896311169
15453896343937
15453896376705
15453896409473
15453896442241
15453896475009
15453896507777
15453896540545
15453896573313
15453896606081
15453896671617
15453896704385
15453896737153
15453896769921
15453896802689
15453896835457
15453896868225
15453896900993
15453896933761
15453896966529
15453896999297
15453897032065
15453897064833
15453897097601
15453897130369
15453897163137
15453897195905
15453897228673
15453897261441
15453897294209
15453897326977
15453897359745
15453897392513
15453897425281
15453897458049
15453897490817
15453897523585
15453897556353
15453897589121
15453897621889
15453897654657
15453897687425
15453897720193
15453897785729
15453897851265
15453897884033
15453897916801
15453897949569
15453897982337
15453898015105
15453898047873
15453898080641
15453898113409
15453898146177
15453898178945
15453898211713
15453898244481
15453898277249
15453898310017
15453898342785
15453898408321
15453898441089
15453898473857
15453898506625
15453898539393
15453898572161
15453898604929
15453898637697
15453898670465
15453898703233
15453898736001
15453898768769
15453898801537
15453898834305
15453898867073
15453898899841
15453898932609
15453898965377
15453898998145
15453899030913
15453918429569
15453918691713
15453918953857
15453919216001
15453919412609
15453919543681
15453919609217
15453919871361
15453919904129
15453920133505
15453920166273
15453920428417
15453920461185
15453920592257
15453920625025
15453920690561
15453920723329
15453920756097
15453920788865
15453920821633
15453920887169
15453920919937
15453920985473
15453921018241
15453921051009
15453921083777
15453921182081
15453921214849
15453921247617
15453921280385
15453921313153
15453921345921
15453921378689
15453921411457
15453921444225
15453921509761
15453921542529
15453921575297
15453921608065
15453921640833
15453921673601
15453921706369
15453921739137
15453921804673
15453921837441
15453921870209
15453921902977
15453921935745
15453921968513
15453922001281
15453922034049
15453922066817
15453922099585
15453922132353
15453922165121
15453922230657
15453922263425
15453922328961
15453922361729
15453922394497
15453922427265
15453922460033
15453922492801
15453922525569
15453922558337
15453922591105
15453922623873
15453922754945
15453922787713
15453922820481
15453922886017
15453922918785
15453922984321
15453923017089
15453923049857
15453923082625
15453923115393
15453923148161
15453923213697
15453923246465
15453923279233
15453923312001
15453923344769
15453923377537
15453923443073
15453923475841
15453923508609
15453923541377
15453923574145
15453923606913
15453923639681
15453923672449
15453923705217
15453923737985
15453923770753
15453923803521
15453923836289
15453923869057
15453923901825
15453923934593
15453923967361
15453924000129
15453924032897
15453924065665
15453924098433
15453924163969
15453924196737
15453924262273
15453924327809
15453924360577
15453924393345
15453924426113
15453942579585
15453942743425
15453942776193
15453943071105
15453945299329
15453946675585
15453946806657
15453946937729
15453947003265
15453947167105
15453947265409
15453947396481
15453948739969
15453948772737
15453951066497
15453951099265
15453951164801
15453951328641
15453951361409
15453951426945
15453951558017
15453951590785
15453951623553
15453951820161
15453951852929
15453952967041
15453953032577
15453953098113
15453955064193
15453955424641
15453955457409
15453955555713
15453955588481
15453955621249
15453955654017
15453955686785
15453955719553
15453955752321
15453955785089
15453955817857
15453955883393
15453955916161
15453955948929
15453955981697
15453956014465
15453956047233
15453956080001
15453956112769
15453956145537
15453956178305
15453956211073
15453956243841
15453956276609
15453956309377
15453956342145
15453956374913
15453956440449
15453956473217
15453956505985
15453956637057
15453956669825
15453956702593
15453956768129
15453956800897
15453956866433
15453956899201
15453956931969
15453956964737
15453957030273
15453957161345
15453996515713
15453996548481
15453996581249
15453996614017
15453996646785
15453996679553
15453996712321
15453996745089
15453996777857
15453996810625
15453996843393
15453996876161
15453996908929
15453996941697
15453996974465
15453997007233
15453997040001
15453997072769
15453997138305
15453997171073
15453997203841
15453997236609
15453997269377
15453997302145
15453997334913
15453997367681
15453997400449
15453997433217
15453997465985
15453997498753
15453997531521
15453997597057
15453997662593
15453997695361
15453997760897
15453997859201
15453997891969
15453997924737
15453997957505
15453997990273
15453998023041
15453998055809
15453998088577
15453998121345
15453998186881
15453998219649
15453998252417
15453998285185
15453998317953
15453998383489
15453998416257
15453998449025
15453998481793
15453998514561
15453998547329
15453998580097
15453998612865
15453998645633
15453998678401
15453998743937
15453998776705
15453998809473
15453998842241
15453998875009
15453998907777
15453998940545
15453998973313
15453999006081
15453999038849
15453999071617
15453999104385
15453999137153
15453999169921
15453999202689
15453999235457
15453999268225
15453999300993
15453999333761
15453999366529
15453999399297
15453999432065
15453999464833
15453999497601
15453999530369
15453999563137
15453999595905
15453999628673
15453999661441
15453999694209
15453999726977
15453999759745
15453999792513
15453999825281
15453999858049
15453999890817
15453999923585
15453999956353
15453999989121
15454000021889
15454000054657
15454000087425
15454000120193
15454000152961
15454000185729
15454000218497
15454000251265
15454000284033
15454000316801
15454000349569
15454000382337
15454000415105
15454000447873
15454000480641
15454000513409
15454000546177
15454000578945
15454000611713
15454000644481
15454000677249
15454000710017
15454000808321
15454000841089
15454000873857
15454000906625
15454000939393
15454000972161
15454001004929
15454001037697
15454001070465
15454001103233
15454001136001
15454001168769
15454001201537
15454001267073
15454001299841
15454001332609
15454001365377
15454001398145
15454001430913
15454001463681
15454001496449
15454001561985
15454001594753
15454001627521
15454001660289
15454001725825
15454001758593
15454001791361
15454001856897
15454001889665
15454001922433
15454001955201
15454001987969
15454002020737
15454002053505
15454002086273
15454002119041
15454002151809
15454002217345
15454002250113
15454002282881
15454002315649
15454002348417
15454002381185
15454002413953
15454002479489
15454002512257
15454002545025
15454002610561
15454002643329
15454002676097
15454002708865
15454002807169
15454002839937
15454002872705
15454002905473
15454002938241
15454002971009
15454003003777
15454003036545
15454003069313
15454003102081
15454003167617
15454003233153
15454003265921
15454003298689
15454003364225
15454003396993
15454003429761
15454003462529
15454003495297
15454003528065
15454003560833
15454003593601
15454003626369
15454003659137
15454003691905
15454003724673
15454003757441
15454003790209
15454003822977
15454003855745
15454003888513
15454003921281
15454004019585
15454004052353
15454004085121
15454004117889
15454004150657
15454004183425
15454004216193
15454012506497
15454012572033
15454012637569
15454012670337
15454012735873
15454012801409
15454012866945
15454012932481
15454012965249
15454012998017
15454013063553
15454013096321
15454013129089
15454013161857
15454013194625
15454013260161
15454013325697
15454013358465
15454013391233
15454013489537
15454013522305
15454013555073
15454013620609
15454013718913
15454013751681
15454013784449
15454013915521
15454013948289
15454014013825
15454014144897
15454014210433
15454014275969
15454014407041
15454014472577
15454014538113
15454014636417
15454014669185
15454014701953
15454014767489
15454014800257
15454014898561
15454014964097
15454014996865
15454015062401
15454015095169
15454015127937
15454015226241
15454015259009
15454015291777
15454015357313
15454015390081
15454015455617
15454015553921
15454015586689
15454015619457
15454015684993
15454015717761
15454015816065
15454015848833
15454015914369
15454016045441
15454016078209
15454016209281
15454016242049
15454016307585
15454016340353
15454016438657
15454016471425
15454016569729
15454016602497
15454016700801
15454016733569
15454016766337
15454016864641
15454017028481
15454017061249
15454017126785
15454017192321
15454017225089
15454017257857
15454017356161
15454017388929
15454017421697
15454034952577
15454035018113
15454035050881
15454035149185
15454035181953
15454035214721
15454035247489
15454035280257
15454035313025
15454035378561
15454035411329
15454035444097
15454035476865
15454035509633
15454035542401
15454035575169
15454035607937
15454035673473
15454035706241
15454035739009
15454035771777
15454035804545
15454035837313
15454035870081
15454035902849
15454036001153
15454036033921
15454036066689
15454036099457
15454036132225
15454036164993
15454036230529
15454036263297
15454036296065
15454036328833
15454036361601
15454036427137
15454036459905
15454036558209
15454036623745
15454036689281
15454036722049
15454036754817
15454036787585
15454036820353
15454036918657
15454036951425
15454036984193
15454037016961
15454037049729
15454037148033
15454037180801
15454037279105
15454037311873
15454037344641
15454037377409
15454037410177
15454037442945
15454037475713
15454037508481
15454037574017
15454037606785
15454037672321
15454037705089
15454037770625
15454037803393
15454037868929
15454037901697
15454038000001
15454038032769
15454038065537
15454038131073
15454038163841
15454038196609
15454038229377
15454038262145
15454038327681
15454038360449
15454038393217
15454038425985
15454038458753
15454038491521
15454038524289
15454038589825
15454038622593
15454038655361
15454038688129
15454038720897
15454038753665
15454038786433
15454038819201
15454038851969
15454038884737
15454038917505
15454038983041
15454039015809
15454039048577
15454039081345
15454039114113
15454039146881
15454039212417
15454039245185
15454039277953
15454039310721
15454039343489
15454039474561
15454039540097
15454039572865
15454039671169
15454039736705
15454039769473
15454046060929
15454046159233
15454046224769
15454046355841
15454046486913
15454046552449
15454046617985
15454046650753
15454046716289
15454046749057
15454046847361
15454046945665
15454046978433
15454047011201
15454047043969
15454047076737
15454047109505
15454047175041
15454047207809
15454047240577
15454047273345
15454047306113
15454047338881
15454047371649
15454047404417
15454047437185
15454047469953
15454047502721
15454047535489
15454047568257
15454047601025
15454047633793
15454047666561
15454047699329
15454047764865
15454047797633
15454047830401
15454047994241
15454048125313
15454048190849
15454048289153
15454048485761
15454048518529
15454048649601
15454048682369
15454048747905
15454048780673
15454039802241
15454039835009
15454039867777
15454039900545
15454039933313
15454039966081
15454039998849
15454040031617
15454045798785
15454045864321
15454045897089
15454045962625
15454046126465
15454046192001
15454046323073
15454046454145
15454046519681
15454046585217
15454046683521
15454046781825
15454046814593
15454047895937
15454047961473
15454048092545
15454048158081
15454048223617
15454048256385
15454048321921
15454048551297
15454048715137
15454048813441
15454048846209
15454048878977
15454048911745
15454048944513
15454048977281
15454049010049
15454049042817
15454049108353
15454049141121
15454049173889
15454049206657
15454049239425
15454049272193
15454049304961
15454049370497
15454049403265
15454049468801
15454049501569
15454049534337
15454049567105
15454049599873
15454049632641
15454049665409
15454049698177
15454049730945
15454049763713
15454049796481
15454049829249
15454049862017
15454049894785
15454049960321
15454056251777
15454056284545
15454056317313
15454056382849
15454056415617
15454056448385
15454056481153
15454056513921
15454056546689
15454056612225
15454056644993
15454056710529
15454056743297
15454056776065
15454056972673
15454057005441
15454057038209
15454057103745
15454057136513
15454057169281
15454057202049
15454057234817
15454057267585
15454057300353
15454057333121
15454057365889
15454057398657
15454057431425
15454057496961
15454057529729
15454057562497
15454057595265
15454057628033
15454057660801
15454057693569
15454057759105
15454057791873
15454057824641
15454057857409
15454057890177
15454057922945
15454057988481
15454058021249
15454058054017
15454058086785
15454058119553
15454058152321
15454058185089
15454058217857
15454058250625
15454058283393
15454058316161
15454058348929
15454058381697
15454058414465
15454058447233
15454058480001
15454058512769
15454058545537
15454058578305
15454058611073
15454066475393
15454066508161
15454066606465
15454066639233
15454066672001
15454066704769
15454066770305
15454066835841
15454066868609
15454066901377
15454066934145
15454066966913
15454066999681
15454067032449
15454067065217
15454067097985
15454067130753
15454067163521
15454067196289
15454067229057
15454067261825
15454067294593
15454067327361
15454067360129
15454067392897
15454067491201
15454067523969
15454067556737
15454067589505
15454067655041
15454067687809
15454067720577
15454067786113
15454067818881
15454067884417
15454067917185
15454068015489
15454068048257
15454068081025
15454068113793
15454068146561
15454068179329
15454068212097
15454068244865
15454068277633
15454068310401
15454068343169
15454068408705
15454068441473
15454068507009
15454068539777
15454068572545
15454068605313
15454068638081
15454068670849
15454068736385
15454068769153
15454068801921
15454068834689
15454068867457
15454068900225
15454068932993
15454068965761
15454068998529
15454069031297
15454069064065
15454069096833
15454069129601
15454069162369
15454069195137
15454069227905
15454069260673
15454069293441
15454069326209
15454069358977
15454069457281
15454069490049
15454069522817
15454069555585
15454069621121
15454069653889
15454069686657
15454069719425
15454069752193
15454069784961
15454069817729
15454069850497
15454069883265
15454069916033
15454070014337
15454070047105
15454070079873
15454078042497
15454078075265
15454078108033
15454078140801
15454078173569
15454078271873
15454078304641
15454078337409
15454078370177
15454078402945
15454078435713
15454078501249
15454078534017
15454078697857
15454078730625
15454078763393
15454078796161
15454078828929
15454078861697
15454078894465
15454078927233
15454078960001
15454078992769
15454079025537
15454079058305
15454079091073
15454079123841
15454079156609
15454079222145
15454079254913
15454079353217
15454079385985
15454079418753
15454079451521
15454079484289
15454079517057
15454079549825
15454079582593
15454079648129
15454079713665
15454079746433
15454079779201
15454079844737
15454079877505
15454079910273
15454079943041
15454080008577
15454080041345
15454080074113
15454080106881
15454080139649
15454080172417
15454080205185
15454080237953
15454080270721
15454080303489
15454089642369
15454089675137
15454089707905
15454089773441
15454089806209
15454089838977
15454089871745
15454089904513
15454089970049
15454090002817
15454090035585
15454090068353
15454090101121
15454090199425
15454090232193
15454090264961
15454090297729
15454090330497
15454090396033
15454090428801
15454090461569
15454090494337
15454090559873
15454090592641
15454090625409
15454090658177
15454090723713
15454090822017
15454090887553
15454090690945
15454090756481
15454090789249
15454090854785
15454090920321
15454090953089
15454091018625
15454091051393
15454091084161
15454091116929
15454091149697
15454091182465
15454091215233
15454091248001
15454091280769
15454091313537
15454091346305
15454091379073
15454091411841
15454091444609
15454091477377
15454091510145
15454091542913
15454091575681
15454091608449
15454091641217
15454091673985
15454091706753
15454091739521
15454091805057
15454091837825
15454091870593
15454091903361
15454091936129
15454091968897
15454092001665
15454092034433
15454092067201
15454092099969
15454092132737
15454092165505
15454092198273
15454092231041
15454092263809
15454092296577
15454092329345
15454092362113
15454092394881
15454092427649
15454092460417
15454092493185
15454092558721
15454092591489
15454092624257
15454092657025
15454092689793
15454092755329
15454092788097
15454092820865
15454092853633
15454092919169
15454093083009
15454093115777
15454093148545
15454093181313
15454093246849
15454093312385
15454093377921
15454093410689
15454093443457
15454093476225
15454093607297
15454093640065
15454093672833
15454093705601
15454093836673
15454093934977
15454093967745
15454094033281
15454094066049
15454094131585
15454094164353
15454094197121
15454094229889
15454094262657
15454094295425
15454094328193
15454094393729
15454094426497
15454094459265
15454094492033
15454094524801
15454094590337
15454094655873
15454094688641
15454094721409
15454094754177
15454094852481
15454094885249
15454094918017
15454094950785
15454094983553
15454095016321
15454095049089
15454095081857
15454095114625
15454095147393
15454095180161
15454095212929
15454095245697
15454104322433
15454104387969
15454104420737
15454104453505
15454104519041
15454104551809
15454104584577
15454104617345
15454104650113
15454104715649
15454104748417
15454104781185
15454104813953
15454104846721
15454104912257
15454104945025
15454104977793
15454105010561
15454105043329
15454105076097
15454105108865
15454105141633
15454105174401
15454105207169
15454105239937
15454105272705
15454105305473
15454105338241
15454105371009
15454105403777
15454105436545
15454105469313
15454105502081
15454105534849
15454105567617
15454105600385
15454105633153
15454105665921
15454105698689
15454105731457
15454105764225
15454105928065
15454105960833
15454105993601
15454106026369
15454106059137
15454106091905
15454106124673
15454106157441
15454106190209
15454106222977
15454106255745
15454106288513
15454106321281
15454106354049
15454106386817
15454106419585
15454106452353
15454106485121
15454106517889
15454106550657
15454106583425
15454106616193
15454106648961
15454106681729
15454106714497
15454106747265
15454106780033
15454106812801
15454106845569
15454106878337
15454106911105
15454107042177
15454107074945
15454107107713
15454107140481
15454107206017
15454107238785
15454107271553
15454107304321
15454107337089
15454107369857
15454107402625
15454107435393
15454107468161
15454107500929
15454107533697
15454107566465
15454107599233
15454107697537
15454107828609
15454107861377
15454107894145
15454107926913
15454107959681
15454107992449
15454108025217
15454108057985
15454108090753
15454108123521
15454108156289
15454108189057
15454108221825
15454108287361
15454108320129
15454108352897
15454108385665
15454108418433
15454108549505
15454108615041
15454108647809
15454108680577
15454108713345
15454108746113
15454108778881
15454108811649
15454108844417
15454108877185
15454108909953
15454108942721
15454108975489
15454109008257
15454109041025
15454109073793
15454109106561
15454109139329
15454109172097
15454109204865
15454109237633
15454109270401
15454109303169
15454109335937
15454109368705
15454109401473
15454109434241
15454109499777
15454109532545
15454109565313
15454109598081
15454109630849
15454109663617
15454109696385
15454109729153
15454109761921
15454109794689
15454109827457
15454109860225
15454109892993
15454109925761
15454109958529
15454109991297
15454110024065
15454110056833
15454110089601
15454110155137
15454110187905
15454110220673
15454110253441
15454110286209
15454110318977
15454110351745
15454110384513
15454110450049
15454110482817
15454110515585
15454110581121
15454110613889
15454110646657
15454110679425
15454110712193
15454110744961
15454110777729
15454110810497
15454110843265
15454110876033
15454110908801
15454110941569
15454111007105
15454111039873
15454111072641
15454111105409
15454111138177
15454111203713
15454111236481
15454111269249
15454114808193
15454114840961
15454114873729
15454114906497
15454115037569
15454115103105
15454115234177
15454115463553
15454116512129
15454116544897
15454116577665
15454116610433
15454116675969
15454116708737
15454116807041
15454116872577
15454116938113
15454116970881
15454117003649
15454117036417
15454117101953
15454117134721
15454117167489
15454117200257
15454117233025
15454117265793
15454117298561
15454117331329
15454117364097
15454117396865
15454117429633
15454118674817
15454118707585
15454118805889
15454118838657
15454118904193
15454118969729
15454119002497
15454119035265
15454119100801
15454119133569
15454123819393
15454123852161
15454123884929
15454123917697
15454123950465
15454123983233
15454124016001
15454124048769
15454124081537
15454124114305
15454124147073
15454124179841
15454124212609
15454124278145
15454124310913
15454124343681
15454124376449
15454124409217
15454124507521
15454124540289
15454124605825
15454124638593
15454124671361
15454124704129
15454124736897
15454124769665
15454124802433
15454124835201
15454124867969
15454124933505
15454124966273
15454125031809
15454125064577
15454125130113
15454125195649
15454125228417
15454131290497
15454131323265
15454131356033
15454131618177
15454131650945
15454131749249
15454131814785
15454131880321
15454131945857
15454131978625
15454132044161
15454132076929
15454132175233
15454132208001
15454132273537
15454132306305
15454132371841
15454132470145
15454132502913
15454132535681
15454132601217
15454132633985
15454132732289
15454132765057
15454132863361
15454132896129
15454132928897
15454132961665
15454132994433
15454133027201
15454133059969
15454133092737
15454133125505
15454161043841
15454161076609
15454161109377
15454161174913
15454161207681
15454161240449
15454161273217
15454161305985
15454161338753
15454161371521
15454161404289
15454161437057
15454161469825
15454161502593
15454161535361
15454161568129
15454161600897
15454161633665
15454161666433
15454161699201
15454161731969
15454161764737
15454161797505
15454161830273
15454161863041
15454161895809
15454161928577
15454161961345
15454161994113
15454162026881
15454162059649
15454162092417
15454162125185
15454162157953
15454162190721
15454162223489
15454162256257
15454162289025
15454162321793
15454162354561
15454162387329
15454162420097
15454162452865
15454162518401
15454162551169
15454162583937
15454162649473
15454180147585
15454180180353
15454180245889
15454192304513
15454192337281
15454192370049
15454192402817
15454192435585
15454192468353
15454192501121
15454192533889
15454192599425
15454115299713
15454115332481
15454115365249
15454115430785
15454115496321
15454115529089
15454115561857
15454115594625
15454115660161
15454115692929
15454115725697
15454115758465
15454115791233
15454115824001
15454115856769
15454115889537
15454115955073
15454115987841
15454116020609
15454116053377
15454116086145
15454116118913
15454116151681
15454116184449
15454116217217
15454116282753
15454116348289
15454116381057
15454116413825
15454116446593
15454116479361
15454117462401
15454117495169
15454117527937
15454117560705
15454117593473
15454117626241
15454117691777
15454117724545
15454117757313
15454117790081
15454117822849
15454117855617
15454117921153
15454118019457
15454118052225
15454118084993
15454118150529
15454118183297
15454118216065
15454118314369
15454118347137
15454118379905
15454118445441
15454118478209
15454118510977
15454118609281
15454118642049
15454124573057
15454124999041
15454125162881
15454131257729
15454131388801
15454131421569
15454131454337
15454131487105
15454131519873
15454131552641
15454131585409
15454131683713
15454131716481
15454131782017
15454131847553
15454131913089
15454132011393
15454132109697
15454132240769
15454132339073
15454132404609
15454132568449
15454132666753
15454132699521
15454132797825
15454132830593
15454162616705
15454179950977
15454179983745
15454180016513
15454180049281
15454180082049
15454180114817
15454180213121
15454180278657
15454180311425
15454180344193
15454180376961
15454180409729
15454180442497
15454180475265
15454180508033
15454180540801
15454180573569
15454180606337
15454180639105
15454180671873
15454180704641
15454180737409
15454180770177
15454180802945
15454180835713
15454180868481
15454180901249
15454192566657
15454192632193
15454192664961
15454192697729
15454192730497
15454192763265
15454192796033
15454192828801
15454192861569
15454192894337
15454192927105
15454192959873
15454192992641
15454193025409
15454193058177
15454193090945
15454193123713
15454193156481
15454193189249
15454193222017
15454193254785
15454193287553
15454193320321
15454193353089
15454193385857
15454193418625
15454193451393
15454193484161
15454193549697
15454193582465
15454193615233
15454193648001
15454193680769
15454193713537
15454193746305
15454193779073
15454193811841
15454193844609
15454193877377
15454193910145
15454193942913
15454196728193
15454196793729
15454196859265
15454197318017
15454197383553
15454197449089
15454197481857
15454197580161
15454197612929
15454197645697
15454197678465
15454197711233
15454197744001
15454197776769
15454197809537
15454197842305
15454197875073
15454197907841
15454197940609
15454197973377
15454198006145
15454198038913
15454198071681
15454198104449
15454198137217
15454198169985
15454198202753
15454198235521
15454198268289
15454198301057
15454198333825
15454198366593
15454198399361
15454198432129
15454198464897
15454198497665
15454198530433
15454198563201
15454198595969
15454198628737
15454198661505
15454198694273
15454198727041
15454198759809
15454198792577
15454198825345
15454198858113
15454198890881
15454198923649
15454198956417
15454198989185
15454199021953
15454199054721
15454199087489
15454199120257
15454199153025
15454199185793
15454199218561
15454199251329
15454199284097
15454199316865
15454199349633
15454199382401
15454199415169
15454199447937
15454199480705
15454200627585
15454200660353
15454200725889
15454200758657
15454200791425
15454200824193
15454200856961
15454200889729
15454200922497
15454200955265
15454200988033
15454201020801
15454201053569
15454201086337
15454201119105
15454201151873
15454201184641
15454201217409
15454201282945
15454201315713
15454201381249
15454201446785
15454201479553
15454201512321
15454201545089
15454201577857
15454201643393
15454201708929
15454201741697
15454201774465
15454201807233
15454201840001
15454201872769
15454201905537
15454201938305
15454201971073
15454202003841
15454202036609
15454202069377
15454202102145
15454202134913
15454202167681
15454203609473
15454203642241
15454203675009
15454203707777
15454203740545
15454203773313
15454203806081
15454203838849
15454203871617
15454203904385
15454203937153
15454203969921
15454204002689
15454204068225
15454204100993
15454204133761
15454204199297
15454204232065
15454204264833
15454204297601
15454204330369
15454204363137
15454204395905
15454204428673
15454204461441
15454204494209
15454204526977
15454204559745
15454204592513
15454204625281
15454204658049
15454204690817
15454204723585
15454204756353
15454204789121
15454204821889
15454204854657
15454204887425
15454204920193
15454204952961
15454218224001
15454218256769
15454218289537
15454218322305
15454218355073
15454218387841
15454218420609
15454218453377
15454218486145
15454218584449
15454218617217
15454218649985
15454218682753
15454218715521
15454218748289
15454218781057
15454218813825
15454218846593
15454218879361
15454218912129
15454218944897
15454218977665
15454219010433
15454219075969
15454219108737
15454219141505
15454219174273
15454219207041
15454219239809
15454219272577
15454219305345
15454219338113
15454233919873
15454233952641
15454233985409
15454234018177
15454234050945
15454234116481
15454234149249
15454234182017
15454234214785
15454234247553
15454234378625
15454234411393
15454234280321
15454234313089
15454234345857
15454234444161
15454234476929
15454234509697
15454234542465
15454234575233
15454234608001
15454234640769
15454234673537
15454234739073
15454234771841
15454234804609
15454234837377
15454234870145
15454234902913
15454234935681
15454234968449
15454235001217
15454235033985
15454235066753
15454235099521
15454235132289
15454235263361
15454235296129
15454235328897
15454235361665
15454235394433
15454235459969
15454235492737
15454235525505
15454235558273
15454235591041
15454235623809
15454235656577
15454235689345
15454235722113
15454235754881
15454235787649
15454235820417
15454235853185
15454235885953
15454247256449
15454247289217
15454247387521
15454247420289
15454247551361
15454247584129
15454247649665
15454247682433
15454247715201
15454247747969
15454247780737
15454247813505
15454247846273
15454247911809
15454247944577
15454247977345
15454248010113
15454248042881
15454248141185
15454248173953
15454248206721
15454248337793
15454248370561
15454248403329
15454248436097
15454248468865
15454248501633
15454248534401
15454248567169
15454248599937
15454248632705
15454248698241
15454248731009
15454248763777
15454248796545
15454248829313
15454248862081
15454248894849
15454248927617
15454248960385
15454248993153
15454249025921
15454249058689
15454249091457
15454249124225
15454249189761
15454249222529
15454249255297
15454249288065
15454250140033
15454269735297
15454269833601
15454269866369
15454269964673
15454270030209
15454270095745
15454270128513
15454270161281
15454270194049
15454270259585
15454270423425
15454270488961
15454270554497
15454270587265
15454270718337
15454270783873
15454270882177
15454270947713
15454271144321
15454271308161
15454271340929
15454271406465
15454271537537
15454271570305
15454271635841
15454271701377
15454271865217
15454271897985
15454271996289
15454272029057
15454272061825
15454272094593
15454272127361
15454301290881
15454301323649
15454301421953
15454301520257
15454301684097
15454301749633
15454301847937
15454301913473
15454301946241
15454301979009
15454302044545
15454302077313
15454302110081
15454302208385
15454302273921
15454302306689
15454302339457
15454302372225
15454302470529
15454302503297
15454302536065
15454302568833
15454302699905
15454302994817
15454303322497
15454303355265
15454303388033
15454303453569
15454303486337
15454303519105
15454303551873
15454303584641
15454303617409
15454303682945
15454303715713
15454303781249
15454303879553
15454303912321
15454332584321
15454332617089
15454332649857
15454332748161
15454332780929
15454332813697
15454332846465
15454332879233
15454332944769
15454332977537
15454333043073
15454333108609
15454333141377
15454333174145
15454333239681
15454333305217
15454333403521
15454333469057
15454333567361
15454333600129
15454333632897
15454333665665
15454333698433
15454333829505
15454333862273
15454334058881
15454334091649
15454334157185
15454334189953
15454334288257
15454334321025
15454334419329
15454334452097
15454334484865
15454334517633
15454334550401
15454334615937
15454334648705
15454335009153
15454335336833
15454335402369
15454350442881
15454350475649
15454350508417
15454350541185
15454350573953
15454350672257
15454350705025
15454350803329
15454350868865
15454350999937
15454351098241
15454351131009
15454351163777
15454351196545
15454351229313
15454351360385
15454351458689
15454351491457
15454351524225
15454351589761
15454351655297
15454351688065
15454351753601
15454384423297
15454384521601
15454384685441
15454384980353
15454385144193
15454385242497
15454385439105
15454385504641
15454385537409
15454385570177
15454385602945
15454385635713
15454385701249
15454385766785
15454385832321
15454385865089
15454385897857
15454385963393
15454385996161
15454386028929
15454386061697
15454413488513
15454413586817
15454413980033
15454414045569
15454414537089
15454414700929
15454414995841
15454415159681
15454415389057
15454415421825
15454415454593
15454467522945
15454468014465
15454468342145
15454468669825
15454468997505
15454469390721
15454469718401
15454469751169
15454470078849
15454470111617
15454470570369
15454470766977
15454470996353
15454471324033
15454471618945
15454471651713
15454471750017
15454471782785
15454471815553
15454471881089
15454471913857
15454471946625
15454472012161
15454472077697
15454472110465
15454472208769
15454472274305
15454472438145
15454472470913
15454472503681
15454472569217
15454472601985
15454472634753
15454472667521
15454472765825
15454472896897
15454473027969
15454473093505
15454473224577
15454473257345
15454473355649
15454473486721
15454473552257
15454473617793
15454473650561
15454473814401
15454495146369
15454495474049
15454495834497
15454497079681
15454497472897
15454497833345
15454498193793
15454498587009
15454498718081
15454499078529
15454499438977
15454499799425
15454499864961
15454499897729
15454500127105
15454500290945
15454500323713
15454500520321
15454500651393
15454500913537
15454333010305
15454333206913
15454333337985
15454333501825
15454333763969
15454333895041
15454334124417
15454334222721
15454334386561
15454334714241
15454335238529
15454335304065
15454335435137
15454350016897
15454350082433
15454350115201
15454350246273
15454350279041
15454350377345
15454350410113
15454351393153
15454351622529
15454351720833
15454383866241
15454384193921
15454384324993
15454384488833
15454384619905
15454384718209
15454384750977
15454384816513
15454384849281
15454384882049
15454384914817
15454385013121
15454385111425
15454385176961
15454385340801
15454385373569
15454385471873
15454386127233
15454386160001
15454411882881
15454412177793
15454412669313
15454412898689
15454413095297
15454413455745
15454413554049
15454413619585
15454413750657
15454414078337
15454414111105
15454414143873
15454414242177
15454414274945
15454414340481
15454414406017
15454414471553
15454414602625
15454414635393
15454414733697
15454414832001
15454414930305
15454415094145
15454415126913
15454415225217
15454415290753
15454472798593
15454472995201
15454473060737
15454473159041
15454473388417
15454496129409
15454496457089
15454496653697
15454496784769
15454497309057
15454497603969
15454497866113
15454498161025
15454498488705
15454498849153
15454499045761
15454499242369
15454499570049
15454499701121
15454499963265
15454500225409
15454500618625
15454500979073
15454501044609
15454501273985
15454501339521
15454501437825
15454501699969
15454501798273
15454501994881
15454502027649
15454502322561
15454502617473
15454502715777
15454502814081
15454502879617
15454502977921
15454503108993
15454503338369
15454503633281
15454503666049
15454503993729
15454504124801
15454504747393
15454504845697
15454505402753
15454505664897
15454505828737
15454506025345
15454506320257
15454506484097
15454506680705
15454507270529
15454507434369
15454507958657
15454508089729
15454508188033
15454508679553
15454508745089
15454508843393
15454509465985
15454509859201
15454510088577
15454510416257
15454510580097
15454576673153
15454576771457
15454576836993
15454577000833
15454577262977
15454577328513
15454577590657
15454577623425
15454577754497
15454577787265
15454577885569
15454577918337
15454578016641
15454578147713
15454578213249
15454578278785
15454578311553
15454578344321
15454578409857
15454578540929
15454578639233
15454578704769
15454578737537
15454578803073
15454578835841
15454600593793
15454600724865
15454600921473
15454601314689
15454601576833
15454601838977
15454602068353
15454602330497
15454602363265
15454602658177
15454602854785
15454602985857
15454603215233
15454603313537
15454603641217
15454604886401
15454607311233
15454607475073
15454607606145
15454607638913
15454640800129
15454640931201
15454641062273
15454641127809
15454641160577
15454641193345
15454641258881
15454641324417
15454641455489
15454641488257
15454641521025
15454641553793
15454641783169
15454641881473
15454642241921
15454642307457
15454642667905
15454642700673
15454643061121
15454643093889
15454643323265
15454643388801
15454643487105
15454643683713
15454643749249
15454644142465
15454644306305
15454644437377
15454644568449
15454644732289
15454644765057
15454644896129
15454645092737
15454645158273
15454645289345
15454645453185
15454645518721
15454645617025
15454645780865
15454645911937
15454646010241
15454646403457
15454646600065
15454646698369
15454646829441
15454646960513
15454647091585
15454647484801
15454647943553
15454648009089
15454648598913
15454648861057
15454648926593
15454649483649
15454650368385
15454650892673
15454651318657
15454651744641
15454652170625
15454652531073
15454652924289
15454679662977
15454679728513
15454679794049
15454679892353
15454680023425
15454680088961
15454680154497
15454680318337
15454680383873
15454680514945
15454680613249
15454717510017
15454717608321
15454717739393
15454717837697
15454718001537
15454718165377
15454718329217
15454718460289
15454718656897
15454718755201
15454718919041
15454743331201
15454743888257
15454744019329
15454744084865
15454744183169
15454744281473
15454744347009
15454744445313
15454744510849
15454766170497
15454766301569
15454766399873
15454781636993
15454781669761
15454781735297
15454781768065
15454781833601
15454781866369
15454781899137
15454781931905
15454781997441
15454782030209
15454782062977
15454782095745
15454782128513
15454782161281
15454782194049
15454782226817
15454782259585
15454782292353
15454782325121
15454789370241
15454789403009
15454789435777
15454789501313
15454789534081
15454789566849
15454789599617
15454789632385
15454851465601
15454852022657
15454852055425
15454852088193
15454852120961
15454852153729
15454852186497
15454852219265
15454852252033
15454852284801
15454852317569
15454852350337
15454852383105
15454852415873
15454852448641
15454852481409
15454852514177
15454852546945
15454852579713
15454852612481
15454852645249
15454852678017
15454852710785
15454852743553
15454852776321
15454852809089
15454852841857
15454852874625
15454852907393
15454852940161
15454852972929
15454853005697
15454853071233
15454893605249
15454893670785
15454893703553
15454893736321
15454893769089
15454893801857
15454893834625
15454893867393
15454893900161
15454893932929
15454893965697
15454893998465
15454894031233
15454894064001
15454894096769
15454894162305
15454894195073
15454894227841
15454894260609
15454894293377
15454894326145
15454894358913
15454894391681
15454894424449
15454894457217
15454894489985
15454894588289
15454894719361
15454914642305
15454914806145
15454914904449
15454915527041
15454915559809
15454915592577
15454915625345
15454915658113
15454915690881
15454915723649
15454915756417
15454915789185
15454915821953
15454915854721
15454915887489
15454915920257
15454915953025
15454915985793
15454916018561
15454916051329
15454916084097
15454916116865
15454916968833
15454917034369
15454917165441
15455004590465
15455005278593
15455005344129
15455005376897
15455005442433
15455005475201
15455005507969
15455005573505
15455005737345
15455005770113
15455032738177
15455035785601
15455036014977
15455036211585
15455036342657
15455036572033
15455036834177
15455037129089
15455037489537
15455037817217
15455038144897
15455038374273
15455038407041
15455038636417
15455038669185
15455039259009
15455039750529
15455040012673
15455040143745
15455040209281
15455081038209
15455081136513
15455081234817
15455081333121
15455081431425
15455081628033
15455081759105
15455081791873
15455081890177
15455157780865
15455157846401
15455158206849
15455158632833
15455160140161
15455160336769
15455160762753
15455160861057
15455161024897
15455161090433
15455161352577
15455161483649
15455161581953
15455161713025
15455161909633
15455162007937
15455162237313
15455162335617
15455220367745
15455222759809
15455223284097
15455224562049
15455224922497
15455225119105
15455225938305
15455226364289
15455226691969
15455227380097
15455227969921
15455228100993
15455228559745
15455228952961
15455229411713
15455229936001
15455230787969
15455230984577
15455266472321
15455266701697
15455266898305
15455267094913
15455268241793
15455268372865
15455268405633
15455268471169
15455268503937
15455268536705
15455268635009
15455268667777
15455268733313
15455268766081
15455268798849
15455268831617
15455268864385
15455268929921
15455268962689
15455269060993
15455269093761
15455269126529
15455269159297
15455269224833
15455269257601
15455269323137
15455269421441
15455269486977
15455269519745
15455269585281
15455269716353
15455322571137
15455322702209
15455322833281
15455323128193
15455323324801
15455323554177
15455324897665
15455371035009
15455372378497
15455372476801
15455372542337
15455372640641
15455372706177
15455372935553
15455372968321
15455373001089
15455373033857
15455373197697
15455373230465
15455373296001
15455373361537
15455373427073
15455373459841
15455373558145
15455373590913
15455373623681
15455373721985
15455373853057
15455373951361
15455375098241
15455423922561
15455424577921
15455424905601
15455425364353
15455428968833
15455431721345
15455431852417
15455431917953
15454894522753
15454894555521
15454894621057
15454894653825
15454894752129
15454894784897
15454894817665
15454894850433
15454894883201
15454914216321
15454914249089
15454914281857
15454914675073
15454914707841
15454914740609
15454914773377
15454914838913
15454914871681
15454914937217
15454914969985
15454915002753
15454915035521
15454915068289
15454915101057
15454915133825
15454915166593
15454915199361
15454915232129
15454915264897
15454915297665
15454915330433
15454915395969
15454915428737
15454915461505
15454915494273
15455004623233
15455004688769
15455004787073
15455004819841
15455004852609
15455004918145
15455005540737
15455005606273
15455005671809
15455005704577
15455005802881
15455029100929
15455034802561
15455035163009
15455035261313
15455035425153
15455035654529
15455038898561
15455039193473
15455080644993
15455080677761
15455081070977
15455081169281
15455081267585
15455081365889
15455081398657
15455081464193
15455081496961
15455081562497
15455081595265
15455081660801
15455081693569
15455081726337
15455081824641
15455226888577
15455227412865
15455228133761
15455228789121
15455229378945
15455229804929
15455230460289
15455265554817
15455265751425
15455266374017
15455266570625
15455268176257
15455268209025
15455268307329
15455269552513
15455269650817
15455269683585
15455300714881
15455300845953
15455300878721
15455301009793
15455301042561
15455301075329
15455301304705
15455301370241
15455301435777
15455301501313
15455322734977
15455322898817
15455323423105
15455324602753
15455324635521
15455374049665
15455374082433
15455374246273
15455422054785
15455422087553
15455425134977
15455426675073
15455427068289
15455427264897
15455427527041
15455427854721
15455428411777
15455431557505
15455431754113
15455431950721
15455432049025
15455432081793
15455432114561
15455432147329
15455484871041
15455486574977
15455486673281
15455486869889
15455486968193
15455487000961
15455487132033
15455487263105
15455488934273
15455489720705
15455490441601
15455504925057
15455504957825
15455505088897
15455507087745
15455508038017
15455513346433
15455513379201
15455513411969
15455513543041
15455513608577
15455513641345
15455514263937
15455515246977
15455515378049
15455515443585
15455515509121
15455515541889
15455515574657
15455515607425
15455515640193
15455515672961
15455515705729
15455515738497
15455515771265
15455515804033
15455515836801
15455515869569
15455515902337
15455515935105
15455515967873
15455516000641
15455516033409
15455516066177
15455516098945
15455516131713
15455516197249
15455516230017
15455516262785
15455516295553
15455516328321
15455516361089
15455516393857
15455516426625
15455516459393
15455516492161
15455516524929
15455516557697
15455516623233
15455516688769
15455516721537
15455516754305
15455516787073
15455516819841
15455516852609
15455516885377
15455516918145
15455517147521
15455517180289
15455517835649
15455517901185
15455517933953
15455517966721
15455518032257
15455518065025
15455518097793
15455518130561
15455518163329
15455518196097
15455518294401
15455518327169
15455518359937
15455518392705
15455518425473
15455518491009
15455518523777
15455518589313
15455518654849
15455518720385
15455518785921
15455518818689
15455518884225
15455518949761
15455519572353
15455519998337
15455520031105
15455520719233
15455520817537
15455520850305
15455521079681
15455521112449
15455521145217
15455521210753
15455521276289
15455521341825
15455521374593
15455521407361
15455521735041
15455521931649
15455521964417
15455522095489
15455522128257
15455522161025
15455522193793
15455522226561
15455522259329
15455522292097
15455522390401
15455522423169
15455522521473
15455522718081
15455522816385
15455530385793
15455530418561
15455530516865
15455530647937
15455530779009
15455531041153
15455531139457
15455531204993
15455531270529
15455531401601
15455531434369
15455531499905
15455531565441
15455531663745
15455532024193
15455532188033
15455532351873
15455532384641
15455532482945
15455532548481
15455532646785
15455532712321
15455532843393
15455532941697
15455533302145
15455551684993
15455551816065
15455552012673
15455552045441
15455552078209
15455552110977
15455581110657
15455581536641
15455581602177
15455581733249
15455581929857
15455582192001
15455582323073
15455582585217
15455582814593
15455586976129
15455587008897
15455587041665
15455587074433
15455587107201
15455587139969
15455587172737
15455587205505
15455587238273
15455600771457
15455600869761
15455600968065
15455601033601
15455617188225
15455617253761
15455617745281
15455617778049
15455634784641
15455634817409
15455634882945
15455634948481
15455634981249
15455640420737
15455640453505
15455640748417
15455640781185
15455640813953
15455640846721
15455648940417
15455649300865
15455649628545
15455649857921
15455650611585
15455650644353
15455650709889
15455650742657
15455650840961
15455650873729
15455650939265
15455650972033
15455651037569
15455651070337
15455651168641
15455651299713
15455656149377
15455656214913
15455656247681
15455656280449
15455656313217
15455656345985
15455656411521
15455656444289
15455656477057
15455656542593
15455656575361
15455656608129
15455656640897
15455656673665
15455656706433
15455656739201
15455656771969
15455656804737
15455656870273
15455656903041
15455656935809
15455656968577
15455657001345
15455657034113
15455657066881
15455657099649
15455657132417
15455657165185
15455657197953
15455657230721
15455657263489
15455657296257
15455657329025
15455657361793
15455657394561
15455657427329
15455657460097
15455657492865
15455657525633
15455657558401
15455657591169
15455657623937
15455657656705
15455657689473
15455657722241
15455657755009
15455657787777
15455657820545
15455657853313
15455657886081
15455657918849
15455657951617
15455657984385
15455658017153
15455661228417
15455661261185
15455661293953
15455661359489
15455661392257
15455661457793
15455661490561
15455661523329
15455661556097
15455661588865
15455661621633
15455661654401
15455661687169
15455661719937
15455661752705
15455661785473
15455661818241
15455661851009
15455661883777
15455661916545
15455661949313
15455661982081
15455662014849
15455662047617
15455662080385
15455662113153
15455662145921
15455662178689
15455662211457
15455662244225
15455662276993
15455662309761
15455662342529
15455662375297
15455662408065
15455662473601
15455662506369
15455662539137
15455662571905
15455662604673
15455662637441
15455662670209
15455662702977
15455662735745
15455662768513
15455662801281
15455675744641
15455675842945
15455676137857
15455676727681
15455677022593
15455677284737
15455677514113
15455677743489
15455678071169
15455678103937
15455678366081
15455678693761
15455678726529
15455678988673
15455679152513
15455679545729
15455679873409
15455680168321
15455680266625
15455680430465
15455680659841
15455681216897
15455681577345
15455682101633
15455682134401
15455682167169
15455682199937
15455682232705
15455682265473
15455682298241
15455682331009
15455682363777
15455682396545
15455682429313
15455682462081
15455682494849
15455682527617
15455682560385
15455682593153
15455682625921
15455682658689
15455682691457
15455682724225
15455682756993
15455682789761
15455682822529
15455682855297
15455682888065
15455684624769
15455684657537
15455684723073
15455684755841
15455684788609
15455684821377
15455684854145
15455730467201
15455730532737
15455730794881
15455730893185
15455730925953
15455745474945
15455745507713
15455745638785
15455745671553
15455745704321
15455745769857
15455745868161
15455745933697
15455745966465
15455745999233
15455746032001
15455746130305
15455746163073
15455746195841
15455746228609
15455746261377
15455746326913
15455746359681
15455746425217
15455746457985
15455746523521
15455746556289
15455746621825
15455746654593
15455746720129
15455746752897
15455746785665
15455746818433
15455746851201
15455758877057
15455759106433
15455759237505
15455759270273
15455759303041
15455759368577
15455759401345
15455759466881
15455759499649
15455759565185
15455760089473
15455760187777
15455760286081
15455760318849
15455760482689
15455760580993
15455760646529
15455760679297
15455760777601
15455760974209
15455761105281
15455761236353
15455765922177
15455766479233
15455766512001
15455766544769
15455792857473
15455793119617
15455793414529
15455793611137
15455793906049
15455794135425
15455794397569
15455794528641
15455795020161
15455795249537
15455795577217
15455795904897
15455796003201
15455796035969
15455796101505
15455796199809
15455796232577
15455796298113
15455796429185
15455796461953
15455796560257
15455796691329
15455796855169
15455796887937
15455796953473
15455796986241
15455797019009
15455797084545
15455797215617
15455797281153
15455797346689
15455797379457
15455797510529
15455797608833
15455822446977
15455822610817
15455822643585
15455823561089
15455823659393
15455823757697
15455823856001
15455824019841
15455824150913
15455824314753
15455824445825
15455824478593
15455824511361
15455824544129
15455824609665
15455824675201
15455824707969
15455824773505
15455824806273
15455824839041
15455824871809
15455824904577
15455825035649
15455825101185
15455825232257
15455825297793
15455825363329
15455825396097
15455825527169
15455825625473
15455825723777
15455825854849
15455825985921
15455886115201
15455887950209
15455890932097
15455897682305
15455955190145
15455956140417
15455956337025
15455956435329
15455956664705
15455956697473
15455956926849
15455957025153
15455957156225
15455957188993
15455957254529
15455957320065
15455957451137
15455957516673
15455957713281
15455957746049
15455957811585
15455957844353
15455957909889
15455958008193
15455958073729
15455958270337
15455958368641
15455981994369
15455982977409
15456003817857
15456003883393
15456003981697
15456073908609
15456074203521
15456122864001
15458467152257
15458467185025
15455729353089
15455729385857
15455729451393
15455729582465
15455729746305
15455729811841
15455729975681
15455730041217
15455730073985
15455730106753
15455730237825
15455730336129
15455730368897
15455730499969
15455730565505
15455730631041
15455730696577
15455730762113
15455745147265
15455745180033
15455745245569
15455745343873
15455745376641
15455745540481
15455745737089
15455745835393
15455759597953
15455759663489
15455759860097
15455760122241
15455760351617
15455760449921
15455760744833
15455760875905
15455766741377
15455766872449
15455766905217
15455766970753
15455791907201
15455792071041
15455792103809
15455792169345
15455792202113
15455792234881
15455792267649
15455793185153
15455793480065
15455793643905
15455793676673
15455793807745
15455793840513
15455793971585
15455794037121
15455794266497
15455794561409
15455794692481
15455794790785
15455794921857
15455794954625
15455795085697
15455795151233
15455795184001
15455795216769
15455795380609
15455795446145
15455795708289
15455795741057
15455797412225
15455797444993
15455797576065
15455797641601
15455821726081
15455822840193
15455823004033
15455823036801
15455823135105
15455823298945
15455823364481
15455823495553
15455823954305
15455824052609
15455824118145
15455824413057
15455890735489
15455891292545
15455891784065
15455892373889
15455892603265
15455894733185
15455895683457
15455897354625
15455898239361
15455899222401
15455952830849
15455952929153
15455953092993
15455953224065
15455953256833
15455953355137
15455953617281
15455953682817
15455953748353
15456004473217
15456004833665
15456005685633
15456006603137
15456074465665
15456122732929
15456157794689
15456157860225
15456157892993
15458466693505
15458466726273
15458466759041
15458466824577
15458467119489
15458467250561
15458467283329
15458467381633
15458467447169
15458467479937
15458554085761
15458554216833
15458575614337
15458579480961
15458590949761
15458590982529
15458603336065
15458611659137
15458612150657
15458612183425
15458612216193
15458612248961
15458612281729
15458624307585
15458624373121
15458624536961
15458625094017
15458625225089
15458625257857
15458625290625
15458625323393
15458625356161
15458625388929
15458625454465
15458625487233
15458625520001
15458625552769
15458625618305
15458625651073
15458640626049
15458640658817
15458640691585
15458640724353
15458640757121
15458640789889
15458640822657
15458640855425
15458640920961
15458640953729
15458640986497
15458641019265
15458641052033
15458641084801
15458641117569
15458641183105
15458641215873
15458641248641
15458641281409
15458641314177
15458641346945
15458641379713
15458641445249
15458641478017
15458641510785
15458641543553
15458641576321
15458641609089
15458641641857
15458641674625
15458641707393
15458641772929
15458641805697
15458646720897
15458646753665
15458646786433
15458646819201
15458646851969
15458646884737
15458646917505
15458646950273
15458646983041
15458647015809
15458647048577
15458649407873
15458649440641
15458649473409
15458649538945
15458649571713
15458649670017
15458649833857
15458649932161
15458649964929
15458649997697
15458650030465
15458650096001
15458651242881
15458651275649
15458651308417
15458651341185
15458651373953
15458651406721
15458651505025
15458651898241
15458651931009
15458672902529
15458672935297
15458673033601
15458673066369
15458673131905
15458673164673
15458673197441
15458673230209
15458673295745
15458673328513
15458673361281
15458673394049
15458673426817
15458673459585
15458673492353
15458673525121
15458673557889
15458673590657
15458673623425
15458673656193
15458673688961
15458673721729
15458673754497
15458673787265
15458673820033
15458673852801
15458673885569
15458673918337
15458673951105
15458673983873
15458674016641
15458674049409
15458674082177
15458674114945
15458674180481
15458674213249
15458674246017
15458674278785
15458674311553
15458674344321
15458674377089
15458674409857
15458674442625
15458674475393
15458674508161
15458674540929
15458674573697
15458674606465
15458674639233
15458675065217
15458675097985
15458675130753
15458675753345
15458675949953
15458675982721
15458676081025
15458676736385
15458676801921
15458677358977
15458677850497
15458677916033
15458678636929
15458679521665
15458679619969
15458680242561
15458680308097
15458681028993
15458681291137
15458681749889
15458681946497
15458699706753
15458699739521
15458699772289
15458699870593
15458699936129
15458699968897
15458700001665
15458700034433
15458700067201
15458700099969
15458700165505
15458700198273
15458700263809
15458700296577
15458700329345
15458700362113
15458700493185
15458700624257
15458700689793
15458700722561
15458700788097
15458700820865
15458700886401
15458700919169
15458718908801
15458718974337
15458719072641
15458719138177
15458719269249
15458719367553
15458719498625
15458719531393
15458719564161
15458719596929
15458719629697
15458719662465
15458719695233
15458719760769
15458719793537
15458719826305
15458719924609
15458720055681
15458720088449
15458720252289
15458720317825
15458720416129
15458720481665
15458720579969
15458720645505
15458720678273
15458721563009
15458721628545
15458721726849
15458721759617
15458721792385
15458721956225
15458721988993
15458722120065
15458722152833
15458722218369
15458722283905
15458722382209
15458722447745
15458722513281
15458722611585
15458722644353
15458722742657
15458722775425
15458722840961
15458722906497
15458722972033
15458723070337
15458723234177
15458723332481
15458723496321
15458723660161
15458723758465
15458723824001
15458723955073
15458724086145
15458724315521
15458724479361
15458724839809
15458724872577
15458725069185
15458725134721
15458725167489
15458754134401
15458754593153
15458754658689
15458754855297
15458754920833
15458755805569
15458756067713
15458756198785
15458756264321
15458756362625
15458756493697
15458756657537
15458756690305
15458756755841
15458756821377
15458756854145
15458757017985
15458757050753
15458757083521
15458757214593
15458757247361
15458757280129
15458757509505
15458757542273
15458757607809
15458757673345
15458757738881
15458757804417
15458764390785
15458764423553
15458764489089
15458764554625
15458764620161
15458764652929
15458764882305
15458765144449
15458765209985
15458765275521
15458765373825
15458765406593
15458765472129
15458765570433
15458765635969
15458765701505
15458765799809
15458765832577
15458765865345
15458765930881
15458765963649
15458791883137
15458791948673
15458792145281
15458792178049
15458792243585
15458792309121
15458792472961
15458792538497
15458792571265
15458792669569
15458792702337
15458792735105
15458792800641
15458792866177
15458792931713
15458792997249
15458793095553
15458793161089
15458793226625
15458793259393
15458793292161
15458793357697
15458793488769
15458793521537
15458793554305
15458793587073
15458793652609
15458793685377
15458793816449
15458793914753
15458793980289
15458794144129
15458794275201
15458794668417
15458794766721
15458840904065
15458842411393
15458842444161
15458842509697
15458843197825
15458843328897
15458843394433
15458843689345
15458843951489
15458844049793
15458844082561
15458844213633
15458844311937
15458844377473
15458844574081
15458844639617
15458844672385
15458844836225
15458845032833
15458845131137
15458845196673
15458845229441
15458845262209
15458845294977
15458845327745
15458845360513
15458845393281
15458845458817
15458845491585
15458845557121
15458845655425
15458845753729
15458845884801
15458846081409
15458846114177
15458846638465
15458846736769
15458847064449
15458847654273
15458848014721
15458848178561
15458848670081
15458848964993
15458849128833
15458849685889
15458850406785
15458851029377
15458851651969
15458851717505
15458979643777
15458980331905
15458980921729
15458981609857
15458981970305
15458982265217
15458982658433
15458982953345
15458983346561
15458983838081
15458984198529
15458984329601
15458984427905
15458984755585
15458984886657
15458985116033
15458985312641
15458985476481
15458985640321
15458985804161
15458985968001
15458986099073
15458986295681
15458986459521
15458986819969
15458986885505
15458987082113
15458987344257
15458987409793
15458987639169
15458987803009
15458987934081
15458988097921
15458988228993
15458988327297
15458988622209
15458988720513
15458989146497
15458989212033
15458989670785
15458989867393
15458990195073
15458990227841
15458990457217
15458990719361
15458991112577
15458991145345
15458991505793
15458991604097
15458991964545
15458992062849
15458992488833
15458992783745
15458993504641
15458993897857
15458994258305
15459123659137
15459124216193
15459125559681
15459125625217
15459126182273
15459126346113
15459126641025
15459126673793
15459127099777
15459127132545
15459127198081
15459127591297
15459127656833
15459127689601
15459127722369
15459128148353
15459128246657
15459128279425
15459128443265
15459128607105
15459128672641
15459128738177
15459128836481
15459273343361
15459273703809
15459275473281
15459276095873
15459277406593
15459278061953
15459278848385
15459279470977
15459280585089
15459280716161
15459281830273
15459281863041
15459283009921
15459283272065
15459284681089
15459292152193
15459292676481
15459293528449
15459294118273
15459294675329
15459529523585
15459530768769
15459531096449
15459531522433
15459551412609
15459552035201
15459553247617
15459553313153
15459553476993
15459554984321
15459555017089
15459555737985
15459592470913
15459593453953
15459593519489
15459595190657
15459596927361
15459597549953
15459597812097
15459597910401
15459597975937
15459598041473
15459598139777
15459598303617
15459598369153
15459598434689
15459598500225
15459598631297
15459598664065
15459598729601
15459598827905
15459598893441
15459598958977
15459598991745
15459599057281
15459599122817
15459599253889
15459740451201
15459740549505
15459740615041
15459740680577
15459740811649
15459740909953
15459740942721
15459741073793
15459741172097
15459741368705
15459741467009
15459741663617
15459741729153
15459755229569
15459755327873
15459755721089
15459758899585
15459759128961
15459759686017
15459759751553
15459759817089
15459759849857
15459759915393
15459759948161
15459759980929
15459760046465
15459760079233
15459760144769
15459760177537
15459760210305
15459760275841
15459760308609
15459760374145
15459760472449
15459760505217
15459760537985
15459760603521
15459760701825
15459760832897
15459760996737
15459761127809
15459769319809
15459769352577
15459769385345
15459769418113
15459769450881
15459769483649
15459769516417
15459769549185
15459769647489
15459769713025
15459769745793
15459769778561
15459769844097
15459769876865
15459769909633
15459769975169
15459770007937
15459770073473
15459770106241
15459785769345
15459785802113
15459785933185
15459785998721
15459786064257
15459786097025
15459786162561
15459786228097
15459786260865
15459786359169
15459786391937
15459786457473
15459786490241
15459786523009
15459786555777
15459786588545
15459786621313
15459786654081
15459786686849
15459786719617
15459786752385
15459786785153
15459786817921
15459786850689
15459786883457
15459786916225
15459786948993
15459786981761
15459787014529
15459787047297
15459806282113
15459806314881
15459806380417
15459806478721
15459806544257
15459837116801
15459837149569
15459837215105
15459837673857
15459837804929
15459837870465
15459837903233
15459837968769
15459845800321
15459845833089
15459845931393
15459845996929
15459846062465
15459846160769
15459846226305
15459846521217
15459846586753
15459846619521
15459846685057
15459846717825
15459846881665
15459846979969
15459847012737
15459847111041
15459847209345
15459847471489
15459847799169
15459848159617
15459912024449
15459913073025
15459914023297
15459914088833
15459914154369
15459914219905
15459914252673
15459914318209
15459937288577
15459937747329
15459937943937
15459938075009
15459938107777
15459938173313
15459938206081
15459938271617
15459938402689
15459938500993
15459989782913
15459989913985
15459989979521
15459990012289
15459990307201
15459990405505
15459990602113
15459990634881
15459990667649
15459990733185
15459990798721
15459990831489
15459990897025
15459991028097
15459991093633
15459991126401
15459991257473
15459991323009
15459991355777
15459991486849
15459991552385
15460025008513
15460055646593
15460055744897
15460055843201
15460055875969
15460055941505
15460056007041
15460056039809
15460056072577
15460056105345
15460056138113
15460056203649
15460056301953
15460056433025
15460056498561
15460056531329
15460185506177
15460185932161
15460186194305
15460186521985
15460186947969
15460187308417
15460187668865
15460189110657
15460190028161
15460284170625
15460284498305
15460287709569
15460439556481
15460522295681
15460522361217
15460522393985
15460522426753
15460522492289
15460522525057
15460584489345
15460584522113
15460584587649
15460584620417
15460645863809
15460648845697
15460653728129
15460653826433
15460655104385
15460655333761
15460655464833
15460655530369
15460655595905
15460655661441
15460655726977
15460659200385
15460659233153
15460659331457
15460659364225
15460659396993
15460659462529
15460659495297
15460659528065
15460659560833
15460659593601
15460659626369
15460659659137
15460659757441
15459599352193
15459599417729
15459616293249
15459740025217
15459740057985
15459741106561
15459741204865
15459741335937
15459741434241
15459741532545
15459741630849
15459759161729
15459759260033
15459759522177
15459759620481
15459760669057
15459760800129
15459761389953
15459761455489
15459761521025
15459769123201
15459769155969
15459769221505
15459769254273
15459769287041
15459769581953
15459769614721
15459769680257
15459769811329
15459837313409
15459837346177
15459837411713
15459837444481
15459837510017
15459837575553
15459838230913
15459838591361
15459838886273
15459839279489
15459839574401
15459843375489
15459845669249
15459912483201
15459912515969
15459913433473
15459913564545
15459937649025
15459937812865
15459937976705
15460026057089
15460027040129
15460189471105
15460189798785
15460190159233
15460190421377
15460190716289
15460190912897
15460286890369
15460287250817
15460288037249
15460288430465
15460288561537
15460344562049
15460439589249
15460439622017
15460584653185
15460584685953
15460584718721
15460584751489
15460584849793
15460655497601
15460655563137
15460655628673
15460659691905
15460659790209
15460659822977
15460659855745
15460659888513
15460659921281
15460659954049
15460660019585
15460660052353
15460660085121
15460660117889
15460660150657
15460660183425
15460660281729
15460660314497
15460660347265
15460660380033
15460660412801
15460660445569
15460660511105
15460660543873
15460660576641
15460660609409
15460660642177
15460660674945
15460660740481
15460660773249
15460664705409
15460664738177
15460664770945
15460664803713
15460664836481
15460664869249
15460664934785
15460664967553
15460665000321
15460665033089
15460665065857
15460665098625
15460665131393
15460665164161
15460665196929
15460665229697
15460665262465
15460665295233
15460665328001
15460665360769
15460665393537
15460665426305
15460665459073
15460665491841
15460665524609
15460667130241
15460667163009
15460667195777
15460667261313
15460667294081
15460667326849
15460667359617
15460667392385
15460667425153
15460667457921
15460667490689
15460667523457
15460667588993
15460672242049
15460672373121
15460672405889
15460672438657
15460672471425
15460672504193
15460672536961
15460672569729
15460672602497
15460672635265
15460672668033
15460672700801
15460672733569
15460672766337
15460672799105
15460672831873
15460672897409
15460672930177
15460672962945
15460673061249
15460673094017
15460673126785
15460673159553
15460673192321
15460701602177
15460701634945
15460701667713
15460701700481
15460701766017
15460701798785
15460701831553
15460701929857
15460702749057
15460702945665
15460709663105
15460709695873
15460759208321
15460759437697
15460759470465
15460759568769
15460759699841
15460759798145
15460760191361
15460760289665
15460760355201
15460760420737
15460760453505
15460760486273
15460760519041
15460760551809
15460760617345
15460760715649
15460760781185
15460760846721
15460760912257
15460760977793
15460761043329
15460761108865
15460761141633
15460761174401
15460761207169
15460761272705
15460761305473
15460761338241
15460761403777
15460761469313
15460761502081
15460761534849
15460761567617
15460761600385
15460761633153
15460761665921
15460761731457
15460761796993
15460772544897
15460772610433
15461729698177
15461729730945
15461729796481
15461729829249
15461729894785
15461729927553
15461729960321
15461731959169
15461759353217
15461759385985
15461818466689
15461840486785
15461840519553
15461847531905
15461847630209
15461847728513
15461847794049
15461847892353
15461853397377
15461853462913
15461853495681
15461853528449
15461853561217
15461854708097
15461953339777
15461967135105
15461979488641
15461979554177
15461979586945
15461979652481
15461979685249
15461979783553
15461979849089
15461979947393
15461979980161
15461980012929
15461980045697
15461980111233
15461980176769
15461980209537
15461980275073
15461980307841
15461980373377
15461980438913
15461980471681
15461980537217
15461980569985
15462023659905
15462220136833
15462220169601
15462220202369
15462220267905
15462220300673
15462220333441
15462220431745
15462220464513
15462220497281
15462220530049
15462220562817
15462220595585
15462220628353
15462220661121
15462220693889
15462220726657
15462220759425
15462220792193
15462222659969
15462222692737
15462222725505
15462222758273
15462222791041
15462222823809
15462222856577
15462582223233
15462596772225
15462610731393
15462624559489
15462639829377
15462654083457
15462668337537
15462681870721
15462695141761
15462710444417
15462724010369
15462759072129
15462772638081
15462784663937
15462785745281
15462799573377
15462825001345
15463453294977
15463453327745
15463453360513
15463453393281
15463453458817
15463453524353
15463453786497
15463453819265
15463453852033
15463453884801
15463453917569
15463465484673
15463465550209
15463465582977
15463465615745
15463465648513
15463465681281
15463465746817
15463465812353
15463465845121
15463465910657
15463465943425
15463465976193
15463466041729
15463489274241
15463489536385
15463489831297
15463490093441
15463490781569
15463491076481
15463491240321
15463491666305
15463491830145
15463492125057
15463492288897
15463492419969
15463492551041
15463493599617
15463494320513
15463495008641
15463581385089
15463581680001
15463582040449
15463582368129
15463582663041
15463582957953
15463583056257
15463583187329
15463583482241
15463583711617
15463584498049
15463584924033
15463584989569
15463585218945
15463585284481
15463585317249
15463585513857
15463585644929
15463586038145
15463586431361
15463586726273
15463586890113
15463587250561
15463669596545
15463669694849
15463669858689
15463669924225
15463669989761
15463670055297
15463670219137
15463670284673
15463670350209
15463670415745
15463670514049
15463670612353
15463688601985
15463688864129
15463689093505
15463689355649
15463689552257
15463689683329
15463690207617
15463690371457
15463691321729
15463726252417
15463727464833
15463782056321
15463782449537
15463782515073
15463782547841
15463782711681
15463782908289
15463783006593
15463783137665
15463783235969
15463783760257
15463783858561
15463784087937
15463784120705
15464042070401
15464043118977
15464043184513
15464121565569
15464131428737
15464243790209
15464284389761
15464284553601
15464284651905
15464284750209
15464284815745
15464284914049
15464371061121
15464371257729
15464371487105
15464371880321
15464373289345
15464375091585
15465257042305
15463670808961
15463671005569
15463690633601
15463690699137
15463690862977
15463691125121
15463691256193
15463691452801
15463691551105
15463691616641
15463691682177
15463691780481
15463727759745
15463728021889
15463728087425
15463728152961
15463728218497
15463728284033
15464043217281
15464043282817
15465257435521
15465261400449
15465264251265
15465266971009
15465270411649
15465273065857
15465275851137
15465279160705
15465280766337
15465283780993
15465286992257
15465290596737
15465297838465
15465301148033
15465304424833
15465306947969
15465309700481
15465312715137
15465315991937
15465318056321
15465321202049
15465322447233
15465324806529
15465325920641
15465326936449
15465329721729
15465333293441
15465834217857
15465834348929
15465834447233
15465834512769
15465834578305
15465834611073
15465834938753
15465834971521
15465835037057
15465835069825
15465835233665
15465835266433
15465835331969
15465835364737
15465835397505
15465835430273
15465835561345
15465835626881
15465835659649
15465835725185
15465835757953
15465835823489
15465835856257
15465835889025
15465835987329
15465842082177
15465842147713
15465842213249
15465842278785
15465842344321
15465842377089
15465842442625
15465842475393
15465842573697
15465842606465
15465843065217
15465843130753
15465843294593
15465843327361
15465843392897
15465843425665
15465843458433
15465843523969
15465843556737
15465843589505
15465843655041
15465843687809
15465843753345
15465843786113
15465843884417
15465843949953
15465843982721
15465844048257
15465857483137
15465857515905
15465857548673
15465857614209
15465857646977
15465857712513
15465857778049
15465857810817
15465857843585
15465857909121
15465857941889
15465858007425
15465858826625
15465858859393
15465883500929
15465883533697
15465883664769
15465883697537
15465883763073
15465883795841
15465884451201
15465884516737
15465884615041
15465885630849
15465885860225
15465886155137
15465886187905
15465886417281
15465886450049
15465886515585
15465886548353
15465980461441
15465980821889
15465983017345
15465983476097
15465983771009
15465984131457
15465984491905
15466005660033
15466006020481
15466006315393
15466008215937
15466010050945
15466010608001
15466010902913
15466011197825
15466011558273
15466011853185
15466022175105
15466022371713
15466022404481
15466022535553
15466022601089
15466022633857
15466022666625
15466022732161
15466022797697
15466022928769
15466022961537
15466022994305
15466023092609
15466023125377
15466023223681
15466023256449
15466023321985
15466023354753
15466023387521
15466023420289
15466023518593
15466023616897
15466023649665
15466023715201
15466023747969
15466023813505
15466023846273
15466023879041
15466023944577
15466023977345
15466024010113
15466024042881
15466024075649
15466024108417
15466024141185
15466024173953
15466024206721
15466024272257
15466024305025
15466024403329
15466024436097
15466026631553
15466030203265
15466030236033
15466030432641
15466039476609
15466039771521
15466041213313
15466041377153
15466041475457
15466041540993
15466041639297
15466041770369
15466041803137
15466041901441
15466041934209
15466041966977
15466042065281
15466042130817
15466042229121
15466042360193
15466069262721
15466070311297
15466070409601
15466070606209
15466070802817
15466070868353
15466070933889
15466070966657
15466070999425
15466071064961
15466071130497
15466071163265
15466071228801
15466071327105
15466071392641
15466071458177
15466072899969
15466073522561
15466073588097
15466073686401
15466073751937
15466092298625
15466093773185
15466093805953
15466095804801
15466096361857
15466097213825
15466098753921
15466099179905
15466101014913
15466102260097
15466104062337
15466105209217
15466106225025
15466134307201
15466165567873
15466165633409
15466165666177
15466165764481
15466165830017
15466165895553
15466165993857
15466223632769
15466315972993
15466316071297
15466316202369
15466641523073
15466823549313
15466876109185
15466876207489
15466876273025
15466876338561
15466876371329
15466876436865
15466876469633
15466876502401
15466876567937
15466876600705
15466876633473
15466876666241
15466876699009
15466876731777
15466876764545
15466876797313
15466876830081
15466876862849
15466876895617
15466876928385
15466876961153
15466876993921
15466877026689
15466877059457
15466877092225
15466877124993
15466877157761
15466877190529
15466877223297
15466877256065
15466877288833
15466877321601
15466877354369
15466877387137
15466877419905
15466877452673
15466877518209
15466880958849
15466881057153
15466881188225
15466881253761
15466881286529
15466881319297
15466881352065
15466881417601
15466881450369
15466881483137
15466881515905
15466881548673
15466881581441
15466881614209
15466881646977
15466886791553
15466886824321
15466886857089
15466886889857
15466887020929
15466887184769
15466887250305
15466887283073
15466887315841
15466887381377
15466887414145
15466887446913
15466887479681
15466887545217
15466887577985
15466887610753
15466887643521
15466887676289
15466887709057
15466893771137
15466918445441
15466918510977
15466918773121
15466918838657
15466920116609
15466920149377
15466920182145
15467017437569
15467017503105
15467017535873
15467017601409
15467017634177
15467017699713
15467017732481
15467017765249
15467017798017
15467017863553
15467017896321
15467017961857
15467017994625
15467018027393
15467018092929
15467038114177
15467038212481
15467038278017
15467038409089
15467038474625
15467038638465
15467038802305
15467038966145
15467039064449
15467039129985
15467039359361
15467039392129
15467039490433
15467039523201
15467039621505
15467039687041
15467039785345
15467039818113
15467039883649
15467040080257
15467040309633
15467040735617
15467040801153
15467040899457
15467040997761
15467041096065
15467041128833
15467041161601
15467041259905
15467041325441
15467041390977
15467041554817
15467041718657
15467041816961
15467041948033
15467042046337
15467042111873
15467042210177
15467042308481
15467042439553
15467042472321
15467043094913
15467043783041
15467045159297
15467045224833
15467045323137
15467076845953
15467077009793
15467077206401
15467077370241
15467077796225
15467080122753
15467080253825
15467096637825
15467096670593
15467096736129
15467096834433
15467096899969
15467096998273
15467097096577
15467097162113
15467097293185
15467097358721
15467097489793
15467097588097
15467097719169
15467097751937
15467097817473
15467097883009
15467097948545
15467098145153
15467098308993
15467098440065
15467098505601
15467098571137
15467098997121
15467099128193
15467099292033
15467099390337
15467099455873
15467099488641
15467099586945
15467103256961
15467103355265
15467104010625
15467141136769
15467141366145
15467141890433
15467227545985
15467489231233
15467545657729
15467545690497
15467545788801
15467545854337
15467545985409
15467546050945
15467546182017
15467881103745
15467881169281
15468316262785
15468316295553
15468316328321
15468316361089
15468316426625
15468316459393
15468316524929
15466886922625
15466886988161
15466887119233
15466887152001
15466887217537
15466893541761
15466893869441
15467017372033
15467036967297
15467038048641
15467038900609
15467039981953
15467040211329
15467040539009
15467041489281
15467075928449
15467075961217
15467076256129
15467077763457
15467078025601
15467078058369
15467096244609
15467097194881
15467098243457
15467103486337
15467103519105
15467103551873
15467103650177
15467103748481
15467103846785
15467103912321
15467104141697
15467104174465
15467104272769
15467104436609
15467104567681
15467141497217
15467143659905
15467222696321
15467369136513
15468316557697
15468316590465
15468316656001
15468316721537
15468316754305
15468316787073
15468316819841
15468316852609
15468316885377
15468316918145
15468316950913
15468316983681
15468317016449
15468317081985
15468317147521
15468317180289
15468317245825
15468317278593
15468317311361
15468317344129
15468317376897
15468317409665
15468317442433
15468317475201
15468317507969
15468317540737
15468317573505
15468317606273
15468317671809
15468317737345
15468317770113
15468317802881
15468317835649
15468317868417
15468317933953
15468318032257
15468318065025
15468318097793
15468318130561
15468318163329
15468318196097
15468318294401
15468318327169
15468318359937
15468318392705
15468318425473
15468336284033
15468336447873
15468336677249
15468337004929
15468337201537
15468337529217
15468337889665
15468337987969
15468338151809
15468338282881
15468338446721
15468338676097
15468338807169
15468338839937
15468339102081
15468339167617
15468339495297
15468339626369
15468339888513
15468339954049
15468340216193
15468340314497
15468340543873
15468340642177
15468340871553
15468341166465
15468341395841
15468341559681
15468341657985
15468341854593
15468341952897
15468342477185
15468387664257
15468387729793
15468387762561
15468387828097
15468387860865
15468387893633
15468387926401
15468387959169
15468387991937
15468388057473
15468388319617
15468388385153
15468628443521
15468631556481
15468631589249
15468631687553
15468631753089
15468631851393
15468631916929
15468631982465
15468632080769
15468632736129
15468632801665
15468632867201
15468651315585
15468651413889
15468651839873
15468651970945
15468652134785
15468652200321
15468685623681
15468685754753
15468685885825
15468685951361
15468686016897
15468686049665
15468686082433
15468686115201
15468686180737
15468686279041
15468686442881
15468686508417
15468686541185
15468686573953
15468688834945
15468689686913
15468693586305
15468694503809
15468697321857
15468698173825
15468698927489
15468698993025
15468699058561
15468699091329
15468699124097
15468699189633
15468699222401
15468699255169
15468699353473
15468699386241
15468699419009
15468699451777
15468699484545
15468699517313
15468699582849
15468699615617
15468699648385
15468699681153
15468699713921
15468699746689
15468699779457
15468699844993
15468699943297
15468700041601
15468700074369
15468700172673
15468700270977
15468700336513
15468700434817
15468732744065
15468732842369
15468733694337
15468733890945
15468734022017
15468734120321
15468734218625
15468734251393
15468734284161
15468734349697
15468734382465
15468734448001
15468734513537
15468734710145
15468734841217
15468734873985
15468735234433
15468735267201
15468735299969
15468735332737
15468735365505
15468735398273
15468735463809
15468735496577
15468735529345
15468735562113
15468735627649
15468735660417
15468735693185
15468735725953
15468735857025
15468735889793
15468735955329
15468735988097
15468758270337
15468758401409
15468758499713
15468758663553
15468758761857
15468759122305
15468759155073
15468759187841
15468759286145
15468759318913
15468759417217
15468759449985
15468759515521
15468759679361
15468759744897
15468759777665
15468759875969
15468759941505
15468955664769
15468956057985
15468956516737
15468956811649
15468957106561
15468958024065
15468959400321
15468960547201
15468961890689
15468962120065
15468962578817
15468962840961
15468962906497
15468963168641
15468963299713
15468963824001
15468964249985
15469233865089
15469260439937
15469301465473
15469301662081
15469306282369
15469435453825
15469435650433
15469436240257
15469436731777
15469436928385
15469437124993
15469437321601
15469437485441
15469437682049
15469437944193
15469438108033
15469438501249
15469445349761
15470343913857
15470350664065
15470350696833
15470350860673
15470351024513
15470352335233
15470352368001
15470359675265
15470367572353
15470367637889
15470367670657
15470368096641
15470368129409
15470368194945
15470368260481
15470368358785
15470368489857
15470368686465
15470368883073
15470368948609
15470369014145
15470369079681
15470369145217
15470369210753
15470369243521
15470369407361
15470369505665
15470369538433
15470369636737
15470369735041
15470375371137
15470375928193
15470375993729
15470376026497
15470376223105
15470376255873
15470376354177
15470376419713
15470376485249
15470376649089
15470376681857
15470376714625
15470376747393
15470376780161
15470376812929
15470376878465
15470376911233
15470376944001
15470377009537
15470377075073
15470377173377
15470377238913
15470380286337
15470380417409
15470383366529
15470384152961
15470390215041
15470390641025
15470390673793
15470393852289
15470394900865
15470394999169
15470395883905
15470395982209
15470396014977
15470396408193
15470396539265
15470631616897
15470631780737
15470640693633
15470659436929
15470659568001
15470660026753
15470660223361
15470944878977
15470944944513
15470945010049
15470945075585
15470945173889
15470945206657
15470945239425
15471032074625
15471032598913
