2026-08-21T04:53:33.584Z	4f032f2a10c9	fortura-BO88518	12	6	ok	feed		gid://shopify/InventoryItem/55324470968705	ACTIVE
2026-08-21T04:53:33.585Z	4f032f2a10c9	fortura-CK9974	45	43	ok	feed		gid://shopify/InventoryItem/55324517695873	ACTIVE
2026-08-21T04:53:33.585Z	4f032f2a10c9	fortura-41650	2	1	ok	feed		gid://shopify/InventoryItem/55324883026305	ACTIVE
2026-08-21T04:53:33.585Z	4f032f2a10c9	fortura-49543	10	9	ok	feed		gid://shopify/InventoryItem/55324883681665	ACTIVE
2026-08-21T04:53:33.585Z	4f032f2a10c9	fortura-49546	3	2	ok	feed		gid://shopify/InventoryItem/55324884992385	ACTIVE
2026-08-21T04:53:33.585Z	4f032f2a10c9	fortura-58029	3	2	ok	feed		gid://shopify/InventoryItem/55324885287297	ACTIVE
2026-08-21T04:53:33.585Z	4f032f2a10c9	fortura-90032-6	10	9	ok	feed		gid://shopify/InventoryItem/55324886729089	ACTIVE
2026-08-21T04:53:33.585Z	4f032f2a10c9	fortura-900100	44	43	ok	feed		gid://shopify/InventoryItem/55324887024001	ACTIVE
2026-08-21T04:53:33.585Z	4f032f2a10c9	fortura-901079	27	26	ok	feed		gid://shopify/InventoryItem/55324887056769	ACTIVE
2026-08-21T04:53:33.585Z	4f032f2a10c9	fortura-90149-5	6	5	ok	feed		gid://shopify/InventoryItem/55324888138113	ACTIVE
2026-08-21T04:53:33.585Z	4f032f2a10c9	fortura-90259-2	12	10	ok	feed		gid://shopify/InventoryItem/55324889874817	ACTIVE
2026-08-21T04:53:33.585Z	4f032f2a10c9	fortura-901657	8	7	ok	feed		gid://shopify/InventoryItem/55324890038657	ACTIVE
2026-08-21T04:53:33.585Z	4f032f2a10c9	fortura-58112	11	10	ok	feed		gid://shopify/InventoryItem/55324890071425	ACTIVE
2026-08-21T04:53:33.585Z	4f032f2a10c9	fortura-90253-6	35	33	ok	feed		gid://shopify/InventoryItem/55324890300801	ACTIVE
2026-08-21T04:53:33.585Z	4f032f2a10c9	fortura-90253-7	27	25	ok	feed		gid://shopify/InventoryItem/55324890333569	ACTIVE
2026-08-21T04:53:33.585Z	4f032f2a10c9	fortura-904460	12	11	ok	feed		gid://shopify/InventoryItem/55324890530177	ACTIVE
2026-08-21T04:53:33.585Z	4f032f2a10c9	fortura-90446-5	21	20	ok	feed		gid://shopify/InventoryItem/55324890562945	ACTIVE
2026-08-21T04:53:33.585Z	4f032f2a10c9	fortura-90446-6	17	16	ok	feed		gid://shopify/InventoryItem/55324890595713	ACTIVE
2026-08-21T04:53:33.585Z	4f032f2a10c9	fortura-90446-7	22	21	ok	feed		gid://shopify/InventoryItem/55324890628481	ACTIVE
2026-08-21T04:53:33.585Z	4f032f2a10c9	fortura-90446-8	18	17	ok	feed		gid://shopify/InventoryItem/55324890661249	ACTIVE
2026-08-21T04:53:33.585Z	4f032f2a10c9	fortura-90256-3	8	7	ok	feed		gid://shopify/InventoryItem/55324890726785	ACTIVE
2026-08-21T04:53:33.585Z	4f032f2a10c9	fortura-90259-6	17	16	ok	feed		gid://shopify/InventoryItem/55324890956161	ACTIVE
2026-08-21T04:53:33.585Z	4f032f2a10c9	fortura-90259-7	8	6	ok	feed		gid://shopify/InventoryItem/55324890988929	ACTIVE
2026-08-21T04:53:33.585Z	4f032f2a10c9	fortura-90259-8	16	17	ok	feed		gid://shopify/InventoryItem/55324891021697	ACTIVE
2026-08-21T04:53:33.585Z	4f032f2a10c9	fortura-58150	5	4	ok	feed		gid://shopify/InventoryItem/55324891218305	ACTIVE
2026-08-21T04:53:33.585Z	4f032f2a10c9	fortura-90262-6	31	30	ok	feed		gid://shopify/InventoryItem/55324891382145	ACTIVE
2026-08-21T04:53:33.585Z	4f032f2a10c9	fortura-900099	52	50	ok	feed		gid://shopify/InventoryItem/55324891971969	ACTIVE
2026-08-21T04:53:33.585Z	4f032f2a10c9	fortura-90744-6	21	20	ok	feed		gid://shopify/InventoryItem/55324892332417	ACTIVE
2026-08-21T04:53:33.585Z	4f032f2a10c9	fortura-90744-7	92	90	ok	feed		gid://shopify/InventoryItem/55324892365185	ACTIVE
2026-08-21T04:53:33.585Z	4f032f2a10c9	fortura-90744-8	84	82	ok	feed		gid://shopify/InventoryItem/55324892397953	ACTIVE
2026-08-21T04:53:33.585Z	4f032f2a10c9	fortura-90744-9	42	41	ok	feed		gid://shopify/InventoryItem/55324892430721	ACTIVE
2026-08-21T04:53:33.585Z	4f032f2a10c9	fortura-903444	41	39	ok	feed		gid://shopify/InventoryItem/55324892496257	ACTIVE
2026-08-21T04:53:33.585Z	4f032f2a10c9	fortura-90391-5	29	28	ok	feed		gid://shopify/InventoryItem/55324892758401	ACTIVE
2026-08-21T04:53:33.585Z	4f032f2a10c9	fortura-90190-6	8	7	ok	feed		gid://shopify/InventoryItem/55324893610369	ACTIVE
2026-08-21T04:53:33.585Z	4f032f2a10c9	fortura-90195-2	5	4	ok	feed		gid://shopify/InventoryItem/55324893970817	ACTIVE
2026-08-21T04:53:33.585Z	4f032f2a10c9	fortura-90598-4	2	1	ok	feed		gid://shopify/InventoryItem/55324894134657	ACTIVE
2026-08-21T04:53:33.585Z	4f032f2a10c9	fortura-90935-3	4	3	ok	feed		gid://shopify/InventoryItem/55324894593409	ACTIVE
2026-08-21T04:53:33.585Z	4f032f2a10c9	fortura-909675	4	3	ok	feed		gid://shopify/InventoryItem/55324895576449	ACTIVE
2026-08-21T04:53:33.585Z	4f032f2a10c9	fortura-90328-9	5	4	ok	feed		gid://shopify/InventoryItem/55324895641985	ACTIVE
2026-08-21T04:53:33.585Z	4f032f2a10c9	fortura-90986-2	22	17	ok	feed		gid://shopify/InventoryItem/55324895773057	ACTIVE
2026-08-21T04:53:33.585Z	4f032f2a10c9	fortura-90986-3	5	3	ok	feed		gid://shopify/InventoryItem/55324895805825	ACTIVE
2026-08-21T04:53:33.585Z	4f032f2a10c9	fortura-905847	59	57	ok	feed		gid://shopify/InventoryItem/55324896199041	ACTIVE
2026-08-21T04:53:33.585Z	4f032f2a10c9	fortura-909926	3	2	ok	feed		gid://shopify/InventoryItem/55324896231809	ACTIVE
2026-08-21T04:53:33.585Z	4f032f2a10c9	fortura-91025-1	5	3	ok	feed		gid://shopify/InventoryItem/55324897116545	ACTIVE
2026-08-21T04:53:33.585Z	4f032f2a10c9	fortura-909130	10	8	ok	feed		gid://shopify/InventoryItem/55324897247617	ACTIVE
2026-08-21T04:53:33.585Z	4f032f2a10c9	fortura-90925-2	7	6	ok	feed		gid://shopify/InventoryItem/55324897411457	ACTIVE
2026-08-21T04:53:33.585Z	4f032f2a10c9	fortura-90744-3	37	36	ok	feed		gid://shopify/InventoryItem/55324898951553	ACTIVE
2026-08-21T04:53:33.585Z	4f032f2a10c9	fortura-910334	69	58	ok	feed		gid://shopify/InventoryItem/55324899115393	ACTIVE
2026-08-21T04:53:33.585Z	4f032f2a10c9	fortura-90940-3	4	3	ok	feed		gid://shopify/InventoryItem/55324899377537	ACTIVE
2026-08-21T04:53:33.585Z	4f032f2a10c9	fortura-91058-1	10	8	ok	feed		gid://shopify/InventoryItem/55324899803521	ACTIVE
2026-08-21T04:53:33.585Z	4f032f2a10c9	fortura-90795-2	16	15	ok	feed		gid://shopify/InventoryItem/55324900000129	ACTIVE
2026-08-21T04:53:33.585Z	4f032f2a10c9	fortura-907950	10	7	ok	feed		gid://shopify/InventoryItem/55324900098433	ACTIVE
2026-08-21T04:53:33.585Z	4f032f2a10c9	fortura-909674	44	43	ok	feed		gid://shopify/InventoryItem/55324900229505	ACTIVE
2026-08-21T04:53:33.585Z	4f032f2a10c9	fortura-911094	4	3	ok	feed		gid://shopify/InventoryItem/55324901147009	ACTIVE
2026-08-21T04:53:33.585Z	4f032f2a10c9	fortura-90882-6	19	18	ok	feed		gid://shopify/InventoryItem/55324902064513	ACTIVE
2026-08-21T04:53:33.585Z	4f032f2a10c9	fortura-91187-3	16	13	ok	feed		gid://shopify/InventoryItem/55324902195585	ACTIVE
2026-08-21T04:53:33.585Z	4f032f2a10c9	fortura-910324	30	28	ok	feed		gid://shopify/InventoryItem/55324902523265	ACTIVE
2026-08-21T04:53:33.585Z	4f032f2a10c9	fortura-91307-3	16	15	ok	feed		gid://shopify/InventoryItem/55324902883713	ACTIVE
2026-08-21T04:53:33.585Z	4f032f2a10c9	fortura-90963-2	22	21	ok	feed		gid://shopify/InventoryItem/55324904849793	ACTIVE
2026-08-21T04:53:33.585Z	4f032f2a10c9	fortura-922436	20	19	ok	feed		gid://shopify/InventoryItem/55324905668993	ACTIVE
2026-08-21T04:53:33.585Z	4f032f2a10c9	fortura-922437	24	23	ok	feed		gid://shopify/InventoryItem/55324905701761	ACTIVE
2026-08-21T04:53:33.585Z	4f032f2a10c9	fortura-922438	27	26	ok	feed		gid://shopify/InventoryItem/55324905734529	ACTIVE
2026-08-21T04:53:33.585Z	4f032f2a10c9	fortura-911974	9	7	ok	feed		gid://shopify/InventoryItem/55324905898369	ACTIVE
2026-08-21T04:53:33.585Z	4f032f2a10c9	fortura-910080	9	5	ok	feed		gid://shopify/InventoryItem/55324906258817	ACTIVE
2026-08-21T04:53:33.585Z	4f032f2a10c9	fortura-910323	135	132	ok	feed		gid://shopify/InventoryItem/55324907307393	ACTIVE
2026-08-21T04:53:33.585Z	4f032f2a10c9	fortura-924297	30	29	ok	feed		gid://shopify/InventoryItem/55324908388737	ACTIVE
2026-08-21T04:53:33.585Z	4f032f2a10c9	fortura-910565	3	2	ok	feed		gid://shopify/InventoryItem/55324909568385	ACTIVE
2026-08-21T04:53:33.585Z	4f032f2a10c9	fortura-91101-1	8	7	ok	feed		gid://shopify/InventoryItem/55324910616961	ACTIVE
2026-08-21T04:53:33.585Z	4f032f2a10c9	fortura-91101-2	13	12	ok	feed		gid://shopify/InventoryItem/55324910649729	ACTIVE
2026-08-21T04:53:33.585Z	4f032f2a10c9	fortura-916390	49	45	ok	feed		gid://shopify/InventoryItem/55324910813569	ACTIVE
2026-08-21T04:53:33.585Z	4f032f2a10c9	fortura-929423	17	15	ok	feed		gid://shopify/InventoryItem/55324910977409	ACTIVE
2026-08-21T04:53:33.585Z	4f032f2a10c9	fortura-92972-3	4	3	ok	feed		gid://shopify/InventoryItem/55324911305089	ACTIVE
2026-08-21T04:53:33.585Z	4f032f2a10c9	fortura-91930-3	6	5	ok	feed		gid://shopify/InventoryItem/55324911731073	ACTIVE
2026-08-21T04:53:33.585Z	4f032f2a10c9	fortura-91930-4	10	9	ok	feed		gid://shopify/InventoryItem/55324911763841	ACTIVE
2026-08-21T04:53:33.585Z	4f032f2a10c9	fortura-922423	13	12	ok	feed		gid://shopify/InventoryItem/55324912419201	ACTIVE
2026-08-21T04:53:33.585Z	4f032f2a10c9	fortura-933695	8	5	ok	feed		gid://shopify/InventoryItem/55324912812417	ACTIVE
2026-08-21T04:53:33.585Z	4f032f2a10c9	fortura-923712	19	18	ok	feed		gid://shopify/InventoryItem/55324912943489	ACTIVE
2026-08-21T04:53:33.586Z	4f032f2a10c9	fortura-91779-2	3	2	ok	feed		gid://shopify/InventoryItem/55324913533313	ACTIVE
2026-08-21T04:53:33.586Z	4f032f2a10c9	fortura-925452	9	8	ok	feed		gid://shopify/InventoryItem/55324913664385	ACTIVE
2026-08-21T04:53:33.586Z	4f032f2a10c9	fortura-925454	3	2	ok	feed		gid://shopify/InventoryItem/55324913729921	ACTIVE
2026-08-21T04:53:33.586Z	4f032f2a10c9	fortura-93583	217	213	ok	feed		gid://shopify/InventoryItem/55324913795457	ACTIVE
2026-08-21T04:53:33.586Z	4f032f2a10c9	fortura-942321	5	4	ok	feed		gid://shopify/InventoryItem/55324914057601	ACTIVE
2026-08-21T04:53:33.586Z	4f032f2a10c9	fortura-922471	5	4	ok	feed		gid://shopify/InventoryItem/55324914942337	ACTIVE
2026-08-21T04:53:33.586Z	4f032f2a10c9	fortura-948292	5	4	ok	feed		gid://shopify/InventoryItem/55324915073409	ACTIVE
2026-08-21T04:53:33.586Z	4f032f2a10c9	fortura-948293	28	24	ok	feed		gid://shopify/InventoryItem/55324915106177	ACTIVE
2026-08-21T04:53:33.586Z	4f032f2a10c9	fortura-93231	10	8	ok	feed		gid://shopify/InventoryItem/55324916220289	ACTIVE
2026-08-21T04:53:33.586Z	4f032f2a10c9	fortura-924696	19	18	ok	feed		gid://shopify/InventoryItem/55324916547969	ACTIVE
2026-08-21T04:53:33.586Z	4f032f2a10c9	fortura-944595	14	13	ok	feed		gid://shopify/InventoryItem/55324916941185	ACTIVE
2026-08-21T04:53:33.586Z	4f032f2a10c9	fortura-95534-6	20	19	ok	feed		gid://shopify/InventoryItem/55324917170561	ACTIVE
2026-08-21T04:53:33.586Z	4f032f2a10c9	fortura-95534-7	22	21	ok	feed		gid://shopify/InventoryItem/55324917203329	ACTIVE
2026-08-21T04:53:33.586Z	4f032f2a10c9	fortura-933793	65	56	ok	feed		gid://shopify/InventoryItem/55324917301633	ACTIVE
2026-08-21T04:53:33.586Z	4f032f2a10c9	fortura-92855	43	41	ok	feed		gid://shopify/InventoryItem/55324917825921	ACTIVE
2026-08-21T04:53:33.586Z	4f032f2a10c9	fortura-93909-3	12	11	ok	feed		gid://shopify/InventoryItem/55324918841729	ACTIVE
2026-08-21T04:53:33.586Z	4f032f2a10c9	fortura-93970-2	17	16	ok	feed		gid://shopify/InventoryItem/55324918972801	ACTIVE
2026-08-21T04:53:33.586Z	4f032f2a10c9	fortura-93970-4	4	3	ok	feed		gid://shopify/InventoryItem/55324919038337	ACTIVE
2026-08-21T04:53:33.586Z	4f032f2a10c9	fortura-97316-6	8	6	ok	feed		gid://shopify/InventoryItem/55324919595393	ACTIVE
2026-08-21T04:53:33.586Z	4f032f2a10c9	fortura-97316-7	12	11	ok	feed		gid://shopify/InventoryItem/55324919628161	ACTIVE
2026-08-21T04:53:33.586Z	4f032f2a10c9	fortura-97316-8	8	7	ok	feed		gid://shopify/InventoryItem/55324919660929	ACTIVE
2026-08-21T04:53:33.586Z	4f032f2a10c9	fortura-942314	16	15	ok	feed		gid://shopify/InventoryItem/55324920054145	ACTIVE
2026-08-21T04:53:33.586Z	4f032f2a10c9	fortura-933792	50	43	ok	feed		gid://shopify/InventoryItem/55324920119681	ACTIVE
2026-08-21T04:53:34.633Z	4f032f2a10c9	fortura-94497	22	21	ok	feed		gid://shopify/InventoryItem/55324920512897	ACTIVE
2026-08-21T04:53:34.633Z	4f032f2a10c9	fortura-93902-3	6	5	ok	feed		gid://shopify/InventoryItem/55324920676737	ACTIVE
2026-08-21T04:53:34.633Z	4f032f2a10c9	fortura-99517	14	11	ok	feed		gid://shopify/InventoryItem/55324921463169	ACTIVE
2026-08-21T04:53:34.633Z	4f032f2a10c9	fortura-948769	3	2	ok	feed		gid://shopify/InventoryItem/55324927263105	ACTIVE
2026-08-21T04:53:34.633Z	4f032f2a10c9	fortura-94248-3	14	12	ok	feed		gid://shopify/InventoryItem/55324927754625	ACTIVE
2026-08-21T04:53:34.633Z	4f032f2a10c9	fortura-94969-4	9	8	ok	feed		gid://shopify/InventoryItem/55324927820161	ACTIVE
2026-08-21T04:53:34.633Z	4f032f2a10c9	fortura-99884-1	3	2	ok	feed		gid://shopify/InventoryItem/55324928147841	ACTIVE
2026-08-21T04:53:34.633Z	4f032f2a10c9	fortura-99884-4	19	16	ok	feed		gid://shopify/InventoryItem/55324928213377	ACTIVE
2026-08-21T04:53:34.633Z	4f032f2a10c9	fortura-99887-3	4	3	ok	feed		gid://shopify/InventoryItem/55324928311681	ACTIVE
2026-08-21T04:53:34.633Z	4f032f2a10c9	fortura-99888	8	7	ok	feed		gid://shopify/InventoryItem/55324928344449	ACTIVE
2026-08-21T04:53:34.633Z	4f032f2a10c9	fortura-94509-2	12	10	ok	feed		gid://shopify/InventoryItem/55324928573825	ACTIVE
2026-08-21T04:53:34.633Z	4f032f2a10c9	fortura-BO01955	35	34	ok	feed		gid://shopify/InventoryItem/55324930015617	ACTIVE
2026-08-21T04:53:34.633Z	4f032f2a10c9	fortura-BO1933	40	37	ok	feed		gid://shopify/InventoryItem/55324930310529	ACTIVE
2026-08-21T04:53:34.633Z	4f032f2a10c9	fortura-94746-7	43	41	ok	feed		gid://shopify/InventoryItem/55324930376065	ACTIVE
2026-08-21T04:53:34.633Z	4f032f2a10c9	fortura-BO1936	7	6	ok	feed		gid://shopify/InventoryItem/55324930474369	ACTIVE
2026-08-21T04:53:34.633Z	4f032f2a10c9	fortura-95843	47	45	ok	feed		gid://shopify/InventoryItem/55324930670977	ACTIVE
2026-08-21T04:53:34.633Z	4f032f2a10c9	fortura-94863-3	11	10	ok	feed		gid://shopify/InventoryItem/55324930802049	ACTIVE
2026-08-21T04:53:34.633Z	4f032f2a10c9	fortura-BO44684	18	17	ok	feed		gid://shopify/InventoryItem/55324930965889	ACTIVE
2026-08-21T04:53:34.633Z	4f032f2a10c9	fortura-94908-6	22	20	ok	feed		gid://shopify/InventoryItem/55324931326337	ACTIVE
2026-08-21T04:53:34.633Z	4f032f2a10c9	fortura-94908-7	21	20	ok	feed		gid://shopify/InventoryItem/55324931359105	ACTIVE
2026-08-21T04:53:34.633Z	4f032f2a10c9	fortura-95550-8	15	14	ok	feed		gid://shopify/InventoryItem/55324934472065	ACTIVE
2026-08-21T04:53:34.633Z	4f032f2a10c9	fortura-95652-2	45	43	ok	feed		gid://shopify/InventoryItem/55324934570369	ACTIVE
2026-08-21T04:53:34.633Z	4f032f2a10c9	fortura-95652-3	43	42	ok	feed		gid://shopify/InventoryItem/55324934603137	ACTIVE
2026-08-21T04:53:34.633Z	4f032f2a10c9	fortura-975727	27	23	ok	feed		gid://shopify/InventoryItem/55324934635905	ACTIVE
2026-08-21T04:53:34.633Z	4f032f2a10c9	fortura-BO83772	11	10	ok	feed		gid://shopify/InventoryItem/55324934668673	ACTIVE
2026-08-21T04:53:34.633Z	4f032f2a10c9	fortura-98952	10	9	ok	feed		gid://shopify/InventoryItem/55324934963585	ACTIVE
2026-08-21T04:53:34.633Z	4f032f2a10c9	fortura-99543	58	55	ok	feed		gid://shopify/InventoryItem/55324935815553	ACTIVE
2026-08-21T04:53:34.633Z	4f032f2a10c9	fortura-99880-3	35	34	ok	feed		gid://shopify/InventoryItem/55324936733057	ACTIVE
2026-08-21T04:53:34.633Z	4f032f2a10c9	fortura-99880-4	14	11	ok	feed		gid://shopify/InventoryItem/55324936765825	ACTIVE
2026-08-21T04:53:34.633Z	4f032f2a10c9	fortura-BO84130	12	11	ok	feed		gid://shopify/InventoryItem/55324937093505	ACTIVE
2026-08-21T04:53:34.633Z	4f032f2a10c9	fortura-97585	23	19	ok	feed		gid://shopify/InventoryItem/55324937159041	ACTIVE
2026-08-21T04:53:34.633Z	4f032f2a10c9	fortura-BO01957	34	33	ok	feed		gid://shopify/InventoryItem/55324937191809	ACTIVE
2026-08-21T04:53:34.633Z	4f032f2a10c9	fortura-BO01990	14	23	ok	feed		gid://shopify/InventoryItem/55324937683329	ACTIVE
2026-08-21T04:53:34.633Z	4f032f2a10c9	fortura-98492-6	23	21	ok	feed		gid://shopify/InventoryItem/55324937814401	ACTIVE
2026-08-21T04:53:34.633Z	4f032f2a10c9	fortura-BO02280	10	7	ok	feed		gid://shopify/InventoryItem/55324937879937	ACTIVE
2026-08-21T04:53:34.633Z	4f032f2a10c9	fortura-BO02281	15	13	ok	feed		gid://shopify/InventoryItem/55324937912705	ACTIVE
2026-08-21T04:53:34.633Z	4f032f2a10c9	fortura-BO02282	14	13	ok	feed		gid://shopify/InventoryItem/55324937945473	ACTIVE
2026-08-21T04:53:34.633Z	4f032f2a10c9	fortura-98905	33	32	ok	feed		gid://shopify/InventoryItem/55324938011009	ACTIVE
2026-08-21T04:53:34.633Z	4f032f2a10c9	fortura-BO84559	11	17	ok	feed		gid://shopify/InventoryItem/55324938109313	ACTIVE
2026-08-21T04:53:34.633Z	4f032f2a10c9	fortura-BO84560	5	27	ok	feed		gid://shopify/InventoryItem/55324938142081	ACTIVE
2026-08-21T04:53:34.633Z	4f032f2a10c9	fortura-BO2320	17	16	ok	feed		gid://shopify/InventoryItem/55324938502529	ACTIVE
2026-08-21T04:53:34.633Z	4f032f2a10c9	fortura-BO44497	11	10	ok	feed		gid://shopify/InventoryItem/55324938731905	ACTIVE
2026-08-21T04:53:34.633Z	4f032f2a10c9	fortura-BO44596	14	12	ok	feed		gid://shopify/InventoryItem/55324938862977	ACTIVE
2026-08-21T04:53:34.633Z	4f032f2a10c9	fortura-BO01914	42	41	ok	feed		gid://shopify/InventoryItem/55324939190657	ACTIVE
2026-08-21T04:53:34.633Z	4f032f2a10c9	fortura-BO88510	10	14	ok	feed		gid://shopify/InventoryItem/55324939223425	ACTIVE
2026-08-21T04:53:34.633Z	4f032f2a10c9	fortura-BO88511	17	15	ok	feed		gid://shopify/InventoryItem/55324939256193	ACTIVE
2026-08-21T04:53:34.633Z	4f032f2a10c9	fortura-BO88512	12	7	ok	feed		gid://shopify/InventoryItem/55324939288961	ACTIVE
2026-08-21T04:53:34.633Z	4f032f2a10c9	fortura-BO01977	28	27	ok	feed		gid://shopify/InventoryItem/55324939583873	ACTIVE
2026-08-21T04:53:34.633Z	4f032f2a10c9	fortura-BO1934	3	2	ok	feed		gid://shopify/InventoryItem/55324939878785	ACTIVE
2026-08-21T04:53:34.633Z	4f032f2a10c9	fortura-BO96947	26	24	ok	feed		gid://shopify/InventoryItem/55324939911553	ACTIVE
2026-08-21T04:53:34.633Z	4f032f2a10c9	fortura-BO1937	50	47	ok	feed		gid://shopify/InventoryItem/55324940042625	ACTIVE
2026-08-21T04:53:34.633Z	4f032f2a10c9	fortura-CK107144M	8	7	ok	feed		gid://shopify/InventoryItem/55324940108161	ACTIVE
2026-08-21T04:53:34.633Z	4f032f2a10c9	fortura-BO2322	7	6	ok	feed		gid://shopify/InventoryItem/55324940272001	ACTIVE
2026-08-21T04:53:34.633Z	4f032f2a10c9	fortura-BO44559	16	15	ok	feed		gid://shopify/InventoryItem/55324940730753	ACTIVE
2026-08-21T04:53:34.633Z	4f032f2a10c9	fortura-BO84487	1	7	ok	feed		gid://shopify/InventoryItem/55324941681025	ACTIVE
2026-08-21T04:53:34.633Z	4f032f2a10c9	fortura-BO82281	26	25	ok	feed		gid://shopify/InventoryItem/55324941844865	ACTIVE
2026-08-21T04:53:34.633Z	4f032f2a10c9	fortura-BO82340	26	25	ok	feed		gid://shopify/InventoryItem/55324942532993	ACTIVE
2026-08-21T04:53:34.633Z	4f032f2a10c9	fortura-BO82379	9	8	ok	feed		gid://shopify/InventoryItem/55324942958977	ACTIVE
2026-08-21T04:53:34.633Z	4f032f2a10c9	fortura-CK14113	40	38	ok	feed		gid://shopify/InventoryItem/55324946760065	ACTIVE
2026-08-21T04:53:34.633Z	4f032f2a10c9	fortura-BO84116	1	11	ok	feed		gid://shopify/InventoryItem/55324947808641	ACTIVE
2026-08-21T04:53:34.633Z	4f032f2a10c9	fortura-BO84124	9	8	ok	feed		gid://shopify/InventoryItem/55324948038017	ACTIVE
2026-08-21T04:53:34.633Z	4f032f2a10c9	fortura-CK4354140	1	4	ok	feed		gid://shopify/InventoryItem/55324949840257	ACTIVE
2026-08-21T04:53:34.633Z	4f032f2a10c9	fortura-CK4200M	2	19	ok	feed		gid://shopify/InventoryItem/55324952461697	ACTIVE
2026-08-21T04:53:34.633Z	4f032f2a10c9	fortura-CK4200L	2	16	ok	feed		gid://shopify/InventoryItem/55324952494465	ACTIVE
2026-08-21T04:53:34.633Z	4f032f2a10c9	fortura-CK4612XL	14	13	ok	feed		gid://shopify/InventoryItem/55324953346433	ACTIVE
2026-08-21T04:53:34.633Z	4f032f2a10c9	fortura-CK4654	18	14	ok	feed		gid://shopify/InventoryItem/55324954984833	ACTIVE
2026-08-21T04:53:34.633Z	4f032f2a10c9	fortura-CK465510	7	5	ok	feed		gid://shopify/InventoryItem/55324955214209	ACTIVE
2026-08-21T04:53:34.633Z	4f032f2a10c9	fortura-CK4660116	16	14	ok	feed		gid://shopify/InventoryItem/55324955410817	ACTIVE
2026-08-21T04:53:34.633Z	4f032f2a10c9	fortura-CK4536180	9	33	ok	feed		gid://shopify/InventoryItem/55324955640193	ACTIVE
2026-08-21T04:53:34.633Z	4f032f2a10c9	fortura-CK4044B	17	15	ok	feed		gid://shopify/InventoryItem/55324955705729	ACTIVE
2026-08-21T04:53:34.633Z	4f032f2a10c9	fortura-CK4116128	5	4	ok	feed		gid://shopify/InventoryItem/55324955902337	ACTIVE
2026-08-21T04:53:34.633Z	4f032f2a10c9	fortura-CK4675L	18	16	ok	feed		gid://shopify/InventoryItem/55324956033409	ACTIVE
2026-08-21T04:53:34.633Z	4f032f2a10c9	fortura-CK4693XL	29	28	ok	feed		gid://shopify/InventoryItem/55324956262785	ACTIVE
2026-08-21T04:53:34.633Z	4f032f2a10c9	fortura-CK4735L	6	4	ok	feed		gid://shopify/InventoryItem/55324956885377	ACTIVE
2026-08-21T04:53:34.633Z	4f032f2a10c9	fortura-CK4735XL	3	10	ok	feed		gid://shopify/InventoryItem/55324956918145	ACTIVE
2026-08-21T04:53:34.633Z	4f032f2a10c9	fortura-CK4738S	50	48	ok	feed		gid://shopify/InventoryItem/55324957081985	ACTIVE
2026-08-21T04:53:34.633Z	4f032f2a10c9	fortura-CK4738L	32	29	ok	feed		gid://shopify/InventoryItem/55324957114753	ACTIVE
2026-08-21T04:53:34.633Z	4f032f2a10c9	fortura-CK4750S	46	43	ok	feed		gid://shopify/InventoryItem/55324957573505	ACTIVE
2026-08-21T04:53:34.633Z	4f032f2a10c9	fortura-CK4750M	42	36	ok	feed		gid://shopify/InventoryItem/55324957606273	ACTIVE
2026-08-21T04:53:34.633Z	4f032f2a10c9	fortura-CK4750L	51	49	ok	feed		gid://shopify/InventoryItem/55324957639041	ACTIVE
2026-08-21T04:53:34.633Z	4f032f2a10c9	fortura-CK4753L	54	53	ok	feed		gid://shopify/InventoryItem/55324957802881	ACTIVE
2026-08-21T04:53:34.633Z	4f032f2a10c9	fortura-CK8875	30	29	ok	feed		gid://shopify/InventoryItem/55324957933953	ACTIVE
2026-08-21T04:53:34.633Z	4f032f2a10c9	fortura-CK4734L	16	14	ok	feed		gid://shopify/InventoryItem/55324959965569	ACTIVE
2026-08-21T04:53:34.633Z	4f032f2a10c9	fortura-CK4737S	34	28	ok	feed		gid://shopify/InventoryItem/55324960096641	ACTIVE
2026-08-21T04:53:34.633Z	4f032f2a10c9	fortura-CK4737L	44	36	ok	feed		gid://shopify/InventoryItem/55324960129409	ACTIVE
2026-08-21T04:53:34.633Z	4f032f2a10c9	fortura-CK4740L	8	6	ok	feed		gid://shopify/InventoryItem/55324960588161	ACTIVE
2026-08-21T04:53:34.633Z	4f032f2a10c9	fortura-CK4752S	56	53	ok	feed		gid://shopify/InventoryItem/55324960784769	ACTIVE
2026-08-21T04:53:34.633Z	4f032f2a10c9	fortura-CK4752M	43	38	ok	feed		gid://shopify/InventoryItem/55324960817537	ACTIVE
2026-08-21T04:53:34.633Z	4f032f2a10c9	fortura-CK4752L	53	52	ok	feed		gid://shopify/InventoryItem/55324960850305	ACTIVE
2026-08-21T04:53:34.633Z	4f032f2a10c9	fortura-EU706240ML	14	12	ok	feed		gid://shopify/InventoryItem/55324961636737	ACTIVE
2026-08-21T04:53:34.633Z	4f032f2a10c9	fortura-EU721130ML	9	8	ok	feed		gid://shopify/InventoryItem/55324962816385	ACTIVE
2026-08-21T04:53:34.633Z	4f032f2a10c9	fortura-EU706702ML	11	10	ok	feed		gid://shopify/InventoryItem/55324963012993	ACTIVE
2026-08-21T04:53:34.633Z	4f032f2a10c9	fortura-FM11842646	3	2	ok	feed		gid://shopify/InventoryItem/55324963242369	ACTIVE
2026-08-21T04:53:34.633Z	4f032f2a10c9	fortura-CK4670M	12	11	ok	feed		gid://shopify/InventoryItem/55324963340673	ACTIVE
2026-08-21T04:53:34.633Z	4f032f2a10c9	fortura-CK4670L	15	14	ok	feed		gid://shopify/InventoryItem/55324963373441	ACTIVE
2026-08-21T04:53:34.633Z	4f032f2a10c9	fortura-CK4670XL	12	11	ok	feed		gid://shopify/InventoryItem/55324963406209	ACTIVE
2026-08-21T04:53:34.633Z	4f032f2a10c9	fortura-EU706819ML	9	7	ok	feed		gid://shopify/InventoryItem/55324963537281	ACTIVE
2026-08-21T04:53:34.633Z	4f032f2a10c9	fortura-CK4688S	5	15	ok	feed		gid://shopify/InventoryItem/55324963701121	ACTIVE
2026-08-21T04:53:34.633Z	4f032f2a10c9	fortura-CK4688M	11	18	ok	feed		gid://shopify/InventoryItem/55324963733889	ACTIVE
2026-08-21T04:53:34.633Z	4f032f2a10c9	fortura-CK4688L	4	12	ok	feed		gid://shopify/InventoryItem/55324963766657	ACTIVE
2026-08-21T04:53:35.711Z	4f032f2a10c9	fortura-CK4688XXL	6	12	ok	feed		gid://shopify/InventoryItem/55324963832193	ACTIVE
2026-08-21T04:53:35.711Z	4f032f2a10c9	fortura-CK4694M	11	9	ok	feed		gid://shopify/InventoryItem/55324964127105	ACTIVE
2026-08-21T04:53:35.711Z	4f032f2a10c9	fortura-CK4694XL	8	30	ok	feed		gid://shopify/InventoryItem/55324964192641	ACTIVE
2026-08-21T04:53:35.711Z	4f032f2a10c9	fortura-CK4733S	16	14	ok	feed		gid://shopify/InventoryItem/55324964553089	ACTIVE
2026-08-21T04:53:35.711Z	4f032f2a10c9	fortura-CK4733M	9	8	ok	feed		gid://shopify/InventoryItem/55324964585857	ACTIVE
2026-08-21T04:53:35.711Z	4f032f2a10c9	fortura-CK4739S	23	41	ok	feed		gid://shopify/InventoryItem/55324964880769	ACTIVE
2026-08-21T04:53:35.711Z	4f032f2a10c9	fortura-CK4739L	12	29	ok	feed		gid://shopify/InventoryItem/55324964913537	ACTIVE
2026-08-21T04:53:35.711Z	4f032f2a10c9	fortura-CK4751M	51	47	ok	feed		gid://shopify/InventoryItem/55324965208449	ACTIVE
2026-08-21T04:53:35.711Z	4f032f2a10c9	fortura-CK4751L	55	53	ok	feed		gid://shopify/InventoryItem/55324965241217	ACTIVE
2026-08-21T04:53:35.711Z	4f032f2a10c9	fortura-HB263040	17	15	ok	feed		gid://shopify/InventoryItem/55324965372289	ACTIVE
2026-08-21T04:53:35.711Z	4f032f2a10c9	fortura-HB270542	5	3	ok	feed		gid://shopify/InventoryItem/55324966027649	ACTIVE
2026-08-21T04:53:35.711Z	4f032f2a10c9	fortura-HB270544	5	4	ok	feed		gid://shopify/InventoryItem/55324966060417	ACTIVE
2026-08-21T04:53:35.711Z	4f032f2a10c9	fortura-EU706284ML	15	14	ok	feed		gid://shopify/InventoryItem/55324966158721	ACTIVE
2026-08-21T04:53:35.711Z	4f032f2a10c9	fortura-HB270854	14	12	ok	feed		gid://shopify/InventoryItem/55324966486401	ACTIVE
2026-08-21T04:53:35.711Z	4f032f2a10c9	fortura-HB271136	6	5	ok	feed		gid://shopify/InventoryItem/55324967371137	ACTIVE
2026-08-21T04:53:35.711Z	4f032f2a10c9	fortura-HB2756S	5	4	ok	feed		gid://shopify/InventoryItem/55324967666049	ACTIVE
2026-08-21T04:53:35.711Z	4f032f2a10c9	fortura-HB287658	9	8	ok	feed		gid://shopify/InventoryItem/55324968419713	ACTIVE
2026-08-21T04:53:35.711Z	4f032f2a10c9	fortura-HB2887ML	17	15	ok	feed		gid://shopify/InventoryItem/55324968681857	ACTIVE
2026-08-21T04:53:35.711Z	4f032f2a10c9	fortura-EU721309XS	59	58	ok	feed		gid://shopify/InventoryItem/55324969042305	ACTIVE
2026-08-21T04:53:35.711Z	4f032f2a10c9	fortura-HB362038	2	1	ok	feed		gid://shopify/InventoryItem/55324969107841	ACTIVE
2026-08-21T04:53:35.711Z	4f032f2a10c9	fortura-HB362046	2	1	ok	feed		gid://shopify/InventoryItem/55324969238913	ACTIVE
2026-08-21T04:53:35.711Z	4f032f2a10c9	fortura-HB363536	6	5	ok	feed		gid://shopify/InventoryItem/55324969369985	ACTIVE
2026-08-21T04:53:35.711Z	4f032f2a10c9	fortura-HB363550	9	8	ok	feed		gid://shopify/InventoryItem/55324969599361	ACTIVE
2026-08-21T04:53:35.711Z	4f032f2a10c9	fortura-HB211040	11	9	ok	feed		gid://shopify/InventoryItem/55324970451329	ACTIVE
2026-08-21T04:53:35.711Z	4f032f2a10c9	fortura-HB211044	2	1	ok	feed		gid://shopify/InventoryItem/55324970516865	ACTIVE
2026-08-21T04:53:35.711Z	4f032f2a10c9	fortura-HB503056	2	1	ok	feed		gid://shopify/InventoryItem/55324970975617	ACTIVE
2026-08-21T04:53:35.711Z	4f032f2a10c9	fortura-HB525544	4	3	ok	feed		gid://shopify/InventoryItem/55324971303297	ACTIVE
2026-08-21T04:53:35.711Z	4f032f2a10c9	fortura-HB525548	2	1	ok	feed		gid://shopify/InventoryItem/55324971368833	ACTIVE
2026-08-21T04:53:35.711Z	4f032f2a10c9	fortura-HB525560	5	4	ok	feed		gid://shopify/InventoryItem/55324971565441	ACTIVE
2026-08-21T04:53:35.711Z	4f032f2a10c9	fortura-MY205306	6	5	ok	feed		gid://shopify/InventoryItem/55324971762049	ACTIVE
2026-08-21T04:53:35.711Z	4f032f2a10c9	fortura-HB270136	2	1	ok	feed		gid://shopify/InventoryItem/55324972122497	ACTIVE
2026-08-21T04:53:35.711Z	4f032f2a10c9	fortura-HB270436	8	2	ok	feed		gid://shopify/InventoryItem/55324972417409	ACTIVE
2026-08-21T04:53:35.711Z	4f032f2a10c9	fortura-OR40032S-M	25	23	ok	feed		gid://shopify/InventoryItem/55324972646785	ACTIVE
2026-08-21T04:53:35.711Z	4f032f2a10c9	fortura-HB270740	3	2	ok	feed		gid://shopify/InventoryItem/55324972810625	ACTIVE
2026-08-21T04:53:35.711Z	4f032f2a10c9	fortura-HB270744	8	6	ok	feed		gid://shopify/InventoryItem/55324972876161	ACTIVE
2026-08-21T04:53:35.711Z	4f032f2a10c9	fortura-HB270752	14	11	ok	feed		gid://shopify/InventoryItem/55324973007233	ACTIVE
2026-08-21T04:53:35.711Z	4f032f2a10c9	fortura-HB270754	15	13	ok	feed		gid://shopify/InventoryItem/55324973040001	ACTIVE
2026-08-21T04:53:35.711Z	4f032f2a10c9	fortura-HB2755M	9	8	ok	feed		gid://shopify/InventoryItem/55324973203841	ACTIVE
2026-08-21T04:53:35.711Z	4f032f2a10c9	fortura-HB2755XL	15	14	ok	feed		gid://shopify/InventoryItem/55324973269377	ACTIVE
2026-08-21T04:53:35.711Z	4f032f2a10c9	fortura-OR40092S-M	8	6	ok	feed		gid://shopify/InventoryItem/55324973400449	ACTIVE
2026-08-21T04:53:35.711Z	4f032f2a10c9	fortura-OR4012200-LXL	10	8	ok	feed		gid://shopify/InventoryItem/55324973662593	ACTIVE
2026-08-21T04:53:35.711Z	4f032f2a10c9	fortura-HB2806XXXXL	10	9	ok	feed		gid://shopify/InventoryItem/55324973793665	ACTIVE
2026-08-21T04:53:35.711Z	4f032f2a10c9	fortura-HB284546	3	2	ok	feed		gid://shopify/InventoryItem/55324973924737	ACTIVE
2026-08-21T04:53:35.711Z	4f032f2a10c9	fortura-HB284554	5	4	ok	feed		gid://shopify/InventoryItem/55324974023041	ACTIVE
2026-08-21T04:53:35.711Z	4f032f2a10c9	fortura-HB284556	12	11	ok	feed		gid://shopify/InventoryItem/55324974055809	ACTIVE
2026-08-21T04:53:35.711Z	4f032f2a10c9	fortura-OR5241-98104	4	3	ok	feed		gid://shopify/InventoryItem/55324974252417	ACTIVE
2026-08-21T04:53:35.711Z	4f032f2a10c9	fortura-HB287752	2	1	ok	feed		gid://shopify/InventoryItem/55324974285185	ACTIVE
2026-08-21T04:53:35.711Z	4f032f2a10c9	fortura-HB289052	5	4	ok	feed		gid://shopify/InventoryItem/55324974580097	ACTIVE
2026-08-21T04:53:35.711Z	4f032f2a10c9	fortura-HB2899XL	3	2	ok	feed		gid://shopify/InventoryItem/55324975989121	ACTIVE
2026-08-21T04:53:35.711Z	4f032f2a10c9	fortura-OR5502140	17	16	ok	feed		gid://shopify/InventoryItem/55324976120193	ACTIVE
2026-08-21T04:53:35.711Z	4f032f2a10c9	fortura-HB294138	11	10	ok	feed		gid://shopify/InventoryItem/55324977103233	ACTIVE
2026-08-21T04:53:35.711Z	4f032f2a10c9	fortura-HB294152	14	13	ok	feed		gid://shopify/InventoryItem/55324977332609	ACTIVE
2026-08-21T04:53:35.711Z	4f032f2a10c9	fortura-EU85342202	5	4	ok	feed		gid://shopify/InventoryItem/55324977398145	ACTIVE
2026-08-21T04:53:35.712Z	4f032f2a10c9	fortura-HB299252	7	6	ok	feed		gid://shopify/InventoryItem/55324977922433	ACTIVE
2026-08-21T04:53:35.712Z	4f032f2a10c9	fortura-HB299254	6	5	ok	feed		gid://shopify/InventoryItem/55324977955201	ACTIVE
2026-08-21T04:53:35.712Z	4f032f2a10c9	fortura-HB3550M	13	12	ok	feed		gid://shopify/InventoryItem/55324978053505	ACTIVE
2026-08-21T04:53:35.712Z	4f032f2a10c9	fortura-OR814-L	4	3	ok	feed		gid://shopify/InventoryItem/55324978217345	ACTIVE
2026-08-21T04:53:35.712Z	4f032f2a10c9	fortura-HB364038	2	1	ok	feed		gid://shopify/InventoryItem/55324978413953	ACTIVE
2026-08-21T04:53:35.712Z	4f032f2a10c9	fortura-HB364044	7	5	ok	feed		gid://shopify/InventoryItem/55324978512257	ACTIVE
2026-08-21T04:53:35.712Z	4f032f2a10c9	fortura-HB364052	5	2	ok	feed		gid://shopify/InventoryItem/55324978643329	ACTIVE
2026-08-21T04:53:35.712Z	4f032f2a10c9	fortura-HB365536	4	2	ok	feed		gid://shopify/InventoryItem/55324978872705	ACTIVE
2026-08-21T04:53:35.712Z	4f032f2a10c9	fortura-HB365540	4	3	ok	feed		gid://shopify/InventoryItem/55324978938241	ACTIVE
2026-08-21T04:53:35.712Z	4f032f2a10c9	fortura-HB365548	5	3	ok	feed		gid://shopify/InventoryItem/55324979036545	ACTIVE
2026-08-21T04:53:35.712Z	4f032f2a10c9	fortura-HB210636	2	1	ok	feed		gid://shopify/InventoryItem/55324979102081	ACTIVE
2026-08-21T04:53:35.712Z	4f032f2a10c9	fortura-OR9537L	9	7	ok	feed		gid://shopify/InventoryItem/55324979626369	ACTIVE
2026-08-21T04:53:35.712Z	4f032f2a10c9	fortura-OR9537XL	3	2	ok	feed		gid://shopify/InventoryItem/55324979659137	ACTIVE
2026-08-21T04:53:35.712Z	4f032f2a10c9	fortura-HB220546	7	6	ok	feed		gid://shopify/InventoryItem/55324980052353	ACTIVE
2026-08-21T04:53:35.712Z	4f032f2a10c9	fortura-HB220548	11	10	ok	feed		gid://shopify/InventoryItem/55324980085121	ACTIVE
2026-08-21T04:53:35.712Z	4f032f2a10c9	fortura-HB220550	9	7	ok	feed		gid://shopify/InventoryItem/55324980117889	ACTIVE
2026-08-21T04:53:35.712Z	4f032f2a10c9	fortura-HB220554	12	10	ok	feed		gid://shopify/InventoryItem/55324980183425	ACTIVE
2026-08-21T04:53:35.712Z	4f032f2a10c9	fortura-HB220556	8	7	ok	feed		gid://shopify/InventoryItem/55324980216193	ACTIVE
2026-08-21T04:53:35.712Z	4f032f2a10c9	fortura-HB220558	6	5	ok	feed		gid://shopify/InventoryItem/55324980248961	ACTIVE
2026-08-21T04:53:35.712Z	4f032f2a10c9	fortura-HB220560	5	4	ok	feed		gid://shopify/InventoryItem/55324980281729	ACTIVE
2026-08-21T04:53:35.712Z	4f032f2a10c9	fortura-OR980138-40	21	20	ok	feed		gid://shopify/InventoryItem/55324980543873	ACTIVE
2026-08-21T04:53:35.712Z	4f032f2a10c9	fortura-OR980142-44	20	18	ok	feed		gid://shopify/InventoryItem/55324980576641	ACTIVE
2026-08-21T04:53:35.712Z	4f032f2a10c9	fortura-OR980146-48	17	15	ok	feed		gid://shopify/InventoryItem/55324980609409	ACTIVE
2026-08-21T04:53:35.712Z	4f032f2a10c9	fortura-HB512550	9	8	ok	feed		gid://shopify/InventoryItem/55324980707713	ACTIVE
2026-08-21T04:53:35.712Z	4f032f2a10c9	fortura-HB512552	7	6	ok	feed		gid://shopify/InventoryItem/55324980740481	ACTIVE
2026-08-21T04:53:35.712Z	4f032f2a10c9	fortura-HB512554	4	3	ok	feed		gid://shopify/InventoryItem/55324980773249	ACTIVE
2026-08-21T04:53:35.712Z	4f032f2a10c9	fortura-HB512556	3	2	ok	feed		gid://shopify/InventoryItem/55324980806017	ACTIVE
2026-08-21T04:53:35.712Z	4f032f2a10c9	fortura-HB250838	10	9	ok	feed		gid://shopify/InventoryItem/55324980904321	ACTIVE
2026-08-21T04:53:35.712Z	4f032f2a10c9	fortura-OR988842	9	8	ok	feed		gid://shopify/InventoryItem/55324981232001	ACTIVE
2026-08-21T04:53:35.712Z	4f032f2a10c9	fortura-HB526044	3	2	ok	feed		gid://shopify/InventoryItem/55324981264769	ACTIVE
2026-08-21T04:53:35.712Z	4f032f2a10c9	fortura-HB526056	4	3	ok	feed		gid://shopify/InventoryItem/55324981428609	ACTIVE
2026-08-21T04:53:35.712Z	4f032f2a10c9	fortura-HB526058	5	4	ok	feed		gid://shopify/InventoryItem/55324981461377	ACTIVE
2026-08-21T04:53:35.712Z	4f032f2a10c9	fortura-HB526062	5	4	ok	feed		gid://shopify/InventoryItem/55324981526913	ACTIVE
2026-08-21T04:53:35.712Z	4f032f2a10c9	fortura-OR193131640-42	2	1	ok	feed		gid://shopify/InventoryItem/55324981723521	ACTIVE
2026-08-21T04:53:35.712Z	4f032f2a10c9	fortura-HB256238	2	1	ok	feed		gid://shopify/InventoryItem/55324982215041	ACTIVE
2026-08-21T04:53:35.712Z	4f032f2a10c9	fortura-OR4003223-XS	16	11	ok	feed		gid://shopify/InventoryItem/55324982411649	ACTIVE
2026-08-21T04:53:35.712Z	4f032f2a10c9	fortura-OR4003223S-M	12	7	ok	feed		gid://shopify/InventoryItem/55324982444417	ACTIVE
2026-08-21T04:53:35.712Z	4f032f2a10c9	fortura-OR40058-4042	14	12	ok	feed		gid://shopify/InventoryItem/55324983361921	ACTIVE
2026-08-21T04:53:35.712Z	4f032f2a10c9	fortura-PC22075	16	15	ok	feed		gid://shopify/InventoryItem/55324983427457	ACTIVE
2026-08-21T04:53:35.712Z	4f032f2a10c9	fortura-OR40190L-XL	11	10	ok	feed		gid://shopify/InventoryItem/55324984082817	ACTIVE
2026-08-21T04:53:35.712Z	4f032f2a10c9	fortura-HB2751M	5	4	ok	feed		gid://shopify/InventoryItem/55324984148353	ACTIVE
2026-08-21T04:53:35.712Z	4f032f2a10c9	fortura-HB2751XL	5	4	ok	feed		gid://shopify/InventoryItem/55324984213889	ACTIVE
2026-08-21T04:53:35.712Z	4f032f2a10c9	fortura-PC23094	17	16	ok	feed		gid://shopify/InventoryItem/55324984344961	ACTIVE
2026-08-21T04:53:35.712Z	4f032f2a10c9	fortura-HB2766M	13	11	ok	feed		gid://shopify/InventoryItem/55324984508801	ACTIVE
2026-08-21T04:53:35.712Z	4f032f2a10c9	fortura-OR43232116-140	31	29	ok	feed		gid://shopify/InventoryItem/55324984639873	ACTIVE
2026-08-21T04:53:35.712Z	4f032f2a10c9	fortura-HB2775M	17	15	ok	feed		gid://shopify/InventoryItem/55324984738177	ACTIVE
2026-08-21T04:53:35.712Z	4f032f2a10c9	fortura-HB2775L	13	14	ok	feed		gid://shopify/InventoryItem/55324984770945	ACTIVE
2026-08-21T04:53:36.753Z	4f032f2a10c9	fortura-HB2775XL	16	15	ok	feed		gid://shopify/InventoryItem/55324984803713	ACTIVE
2026-08-21T04:53:36.754Z	4f032f2a10c9	fortura-HB287458	6	5	ok	feed		gid://shopify/InventoryItem/55324985393537	ACTIVE
2026-08-21T04:53:36.754Z	4f032f2a10c9	fortura-HB292540	3	2	ok	feed		gid://shopify/InventoryItem/55324986114433	ACTIVE
2026-08-21T04:53:36.754Z	4f032f2a10c9	fortura-OR727450-52	5	3	ok	feed		gid://shopify/InventoryItem/55324986311041	ACTIVE
2026-08-21T04:53:36.754Z	4f032f2a10c9	fortura-OR729552-54	6	5	ok	feed		gid://shopify/InventoryItem/55324986605953	ACTIVE
2026-08-21T04:53:36.754Z	4f032f2a10c9	fortura-HB294042	9	7	ok	feed		gid://shopify/InventoryItem/55324986802561	ACTIVE
2026-08-21T04:53:36.754Z	4f032f2a10c9	fortura-HB299142	8	7	ok	feed		gid://shopify/InventoryItem/55324987195777	ACTIVE
2026-08-21T04:53:36.754Z	4f032f2a10c9	fortura-OR813-XL	10	9	ok	feed		gid://shopify/InventoryItem/55324988801409	ACTIVE
2026-08-21T04:53:36.754Z	4f032f2a10c9	fortura-HB502548	19	17	ok	feed		gid://shopify/InventoryItem/55324988965249	ACTIVE
2026-08-21T04:53:36.754Z	4f032f2a10c9	fortura-HB502550	25	24	ok	feed		gid://shopify/InventoryItem/55324988998017	ACTIVE
2026-08-21T04:53:36.754Z	4f032f2a10c9	fortura-HB502552	20	19	ok	feed		gid://shopify/InventoryItem/55324989030785	ACTIVE
2026-08-21T04:53:36.754Z	4f032f2a10c9	fortura-33523	4	3	ok	feed		gid://shopify/InventoryItem/55324989227393	ACTIVE
2026-08-21T04:53:36.754Z	4f032f2a10c9	fortura-49564	9	8	ok	feed		gid://shopify/InventoryItem/55324989555073	ACTIVE
2026-08-21T04:53:36.754Z	4f032f2a10c9	fortura-OR9269	8	7	ok	feed		gid://shopify/InventoryItem/55324989587841	ACTIVE
2026-08-21T04:53:36.754Z	4f032f2a10c9	fortura-HB505552	2	1	ok	feed		gid://shopify/InventoryItem/55324989915521	ACTIVE
2026-08-21T04:53:36.754Z	4f032f2a10c9	fortura-OR9758S-M	6	5	ok	feed		gid://shopify/InventoryItem/55324989981057	ACTIVE
2026-08-21T04:53:36.754Z	4f032f2a10c9	fortura-OR9758L-XL	9	7	ok	feed		gid://shopify/InventoryItem/55324990013825	ACTIVE
2026-08-21T04:53:36.754Z	4f032f2a10c9	fortura-900656	23	21	ok	feed		gid://shopify/InventoryItem/55324990210433	ACTIVE
2026-08-21T04:53:36.754Z	4f032f2a10c9	fortura-OR1372425S-M	23	18	ok	feed		gid://shopify/InventoryItem/55324991226241	ACTIVE
2026-08-21T04:53:36.754Z	4f032f2a10c9	fortura-OR1372425L-XL	17	13	ok	feed		gid://shopify/InventoryItem/55324991259009	ACTIVE
2026-08-21T04:53:36.754Z	4f032f2a10c9	fortura-OR13724XXL-XXXL	20	18	ok	feed		gid://shopify/InventoryItem/55324991291777	ACTIVE
2026-08-21T04:53:36.754Z	4f032f2a10c9	fortura-901832	22	17	ok	feed		gid://shopify/InventoryItem/55324991422849	ACTIVE
2026-08-21T04:53:36.754Z	4f032f2a10c9	fortura-OR40120S-M	34	33	ok	feed		gid://shopify/InventoryItem/55324991848833	ACTIVE
2026-08-21T04:53:36.754Z	4f032f2a10c9	fortura-OR40120L-XL	36	34	ok	feed		gid://shopify/InventoryItem/55324991881601	ACTIVE
2026-08-21T04:53:36.754Z	4f032f2a10c9	fortura-901988	51	50	ok	feed		gid://shopify/InventoryItem/55324991979905	ACTIVE
2026-08-21T04:53:36.754Z	4f032f2a10c9	fortura-OR4012300-SM	8	7	ok	feed		gid://shopify/InventoryItem/55324992143745	ACTIVE
2026-08-21T04:53:36.754Z	4f032f2a10c9	fortura-902456	85	83	ok	feed		gid://shopify/InventoryItem/55324992504193	ACTIVE
2026-08-21T04:53:36.754Z	4f032f2a10c9	fortura-902999	18	17	ok	feed		gid://shopify/InventoryItem/55324992962945	ACTIVE
2026-08-21T04:53:36.754Z	4f032f2a10c9	fortura-904133	73	67	ok	feed		gid://shopify/InventoryItem/55324993323393	ACTIVE
2026-08-21T04:53:36.754Z	4f032f2a10c9	fortura-90493	21	17	ok	feed		gid://shopify/InventoryItem/55324993651073	ACTIVE
2026-08-21T04:53:36.754Z	4f032f2a10c9	fortura-90550	71	69	ok	feed		gid://shopify/InventoryItem/55324994142593	ACTIVE
2026-08-21T04:53:36.754Z	4f032f2a10c9	fortura-90592	37	35	ok	feed		gid://shopify/InventoryItem/55324994306433	ACTIVE
2026-08-21T04:53:36.754Z	4f032f2a10c9	fortura-OR90799XXL-XXXL	13	14	ok	feed		gid://shopify/InventoryItem/55324994666881	ACTIVE
2026-08-21T04:53:36.754Z	4f032f2a10c9	fortura-906752	129	127	ok	feed		gid://shopify/InventoryItem/55324994699649	ACTIVE
2026-08-21T04:53:36.754Z	4f032f2a10c9	fortura-906761	38	37	ok	feed		gid://shopify/InventoryItem/55324995060097	ACTIVE
2026-08-21T04:53:36.754Z	4f032f2a10c9	fortura-906908	18	16	ok	feed		gid://shopify/InventoryItem/55324995223937	ACTIVE
2026-08-21T04:53:36.754Z	4f032f2a10c9	fortura-908474	227	224	ok	feed		gid://shopify/InventoryItem/55324995420545	ACTIVE
2026-08-21T04:53:36.754Z	4f032f2a10c9	fortura-OR9985L-XL	10	9	ok	feed		gid://shopify/InventoryItem/55324995486081	ACTIVE
2026-08-21T04:53:36.754Z	4f032f2a10c9	fortura-909758	13	16	ok	feed		gid://shopify/InventoryItem/55324995682689	ACTIVE
2026-08-21T04:53:36.754Z	4f032f2a10c9	fortura-909800	67	65	ok	feed		gid://shopify/InventoryItem/55324996469121	ACTIVE
2026-08-21T04:53:36.754Z	4f032f2a10c9	fortura-909842	5	4	ok	feed		gid://shopify/InventoryItem/55324996665729	ACTIVE
2026-08-21T04:53:36.754Z	4f032f2a10c9	fortura-91420	114	115	ok	feed		gid://shopify/InventoryItem/55324997288321	ACTIVE
2026-08-21T04:53:36.754Z	4f032f2a10c9	fortura-901507	42	41	ok	feed		gid://shopify/InventoryItem/55324997321089	ACTIVE
2026-08-21T04:53:36.754Z	4f032f2a10c9	fortura-92485	100	106	ok	feed		gid://shopify/InventoryItem/55324997452161	ACTIVE
2026-08-21T04:53:36.754Z	4f032f2a10c9	fortura-929102	54	53	ok	feed		gid://shopify/InventoryItem/55324997616001	ACTIVE
2026-08-21T04:53:36.754Z	4f032f2a10c9	fortura-901834	26	21	ok	feed		gid://shopify/InventoryItem/55324998926721	ACTIVE
2026-08-21T04:53:36.754Z	4f032f2a10c9	fortura-90186	195	185	ok	feed		gid://shopify/InventoryItem/55324999057793	ACTIVE
2026-08-21T04:53:36.754Z	4f032f2a10c9	fortura-95977	99	98	ok	feed		gid://shopify/InventoryItem/55324999287169	ACTIVE
2026-08-21T04:53:36.754Z	4f032f2a10c9	fortura-90192	24	22	ok	feed		gid://shopify/InventoryItem/55324999319937	ACTIVE
2026-08-21T04:53:36.754Z	4f032f2a10c9	fortura-96001	69	68	ok	feed		gid://shopify/InventoryItem/55324999582081	ACTIVE
2026-08-21T04:53:36.754Z	4f032f2a10c9	fortura-902128	20	19	ok	feed		gid://shopify/InventoryItem/55324999909761	ACTIVE
2026-08-21T04:53:36.754Z	4f032f2a10c9	fortura-96022	70	62	ok	feed		gid://shopify/InventoryItem/55325000008065	ACTIVE
2026-08-21T04:53:36.754Z	4f032f2a10c9	fortura-902419	19	17	ok	feed		gid://shopify/InventoryItem/55325000040833	ACTIVE
2026-08-21T04:53:36.754Z	4f032f2a10c9	fortura-96034	67	66	ok	feed		gid://shopify/InventoryItem/55325000139137	ACTIVE
2026-08-21T04:53:36.754Z	4f032f2a10c9	fortura-902989	44	40	ok	feed		gid://shopify/InventoryItem/55325000368513	ACTIVE
2026-08-21T04:53:36.754Z	4f032f2a10c9	fortura-903328	95	88	ok	feed		gid://shopify/InventoryItem/55325000466817	ACTIVE
2026-08-21T04:53:36.754Z	4f032f2a10c9	fortura-904411	83	80	ok	feed		gid://shopify/InventoryItem/55325000597889	ACTIVE
2026-08-21T04:53:36.754Z	4f032f2a10c9	fortura-96334	47	41	ok	feed		gid://shopify/InventoryItem/55325000663425	ACTIVE
2026-08-21T04:53:36.754Z	4f032f2a10c9	fortura-96382	41	40	ok	feed		gid://shopify/InventoryItem/55325000827265	ACTIVE
2026-08-21T04:53:36.754Z	4f032f2a10c9	fortura-974975	31	27	ok	feed		gid://shopify/InventoryItem/55325000991105	ACTIVE
2026-08-21T04:53:36.754Z	4f032f2a10c9	fortura-PC99667	9	8	ok	feed		gid://shopify/InventoryItem/55325001154945	ACTIVE
2026-08-21T04:53:36.754Z	4f032f2a10c9	fortura-906745	26	30	ok	feed		gid://shopify/InventoryItem/55325001220481	ACTIVE
2026-08-21T04:53:36.754Z	4f032f2a10c9	fortura-98680	45	44	ok	feed		gid://shopify/InventoryItem/55325001253249	ACTIVE
2026-08-21T04:53:36.754Z	4f032f2a10c9	fortura-906757	20	19	ok	feed		gid://shopify/InventoryItem/55325001384321	ACTIVE
2026-08-21T04:53:36.754Z	4f032f2a10c9	fortura-99187	4	3	ok	feed		gid://shopify/InventoryItem/55325001449857	ACTIVE
2026-08-21T04:53:36.754Z	4f032f2a10c9	fortura-99397	44	33	ok	feed		gid://shopify/InventoryItem/55325001548161	ACTIVE
2026-08-21T04:53:36.754Z	4f032f2a10c9	fortura-906763	32	34	ok	feed		gid://shopify/InventoryItem/55325001580929	ACTIVE
2026-08-21T04:53:36.754Z	4f032f2a10c9	fortura-907807	41	38	ok	feed		gid://shopify/InventoryItem/55325001875841	ACTIVE
2026-08-21T04:53:36.754Z	4f032f2a10c9	fortura-BO00200	31	24	ok	feed		gid://shopify/InventoryItem/55325002006913	ACTIVE
2026-08-21T04:53:36.754Z	4f032f2a10c9	fortura-BO00746	17	15	ok	feed		gid://shopify/InventoryItem/55325002105217	ACTIVE
2026-08-21T04:53:36.754Z	4f032f2a10c9	fortura-90822	186	174	ok	feed		gid://shopify/InventoryItem/55325002170753	ACTIVE
2026-08-21T04:53:36.754Z	4f032f2a10c9	fortura-BO00785	13	12	ok	feed		gid://shopify/InventoryItem/55325002203521	ACTIVE
2026-08-21T04:53:36.754Z	4f032f2a10c9	fortura-901101	91	85	ok	feed		gid://shopify/InventoryItem/55325002236289	ACTIVE
2026-08-21T04:53:36.754Z	4f032f2a10c9	fortura-908485	23	19	ok	feed		gid://shopify/InventoryItem/55325002269057	ACTIVE
2026-08-21T04:53:36.754Z	4f032f2a10c9	fortura-909169	13	10	ok	feed		gid://shopify/InventoryItem/55325002334593	ACTIVE
2026-08-21T04:53:36.754Z	4f032f2a10c9	fortura-BO04298	6	5	ok	feed		gid://shopify/InventoryItem/55325002498433	ACTIVE
2026-08-21T04:53:36.754Z	4f032f2a10c9	fortura-90960	47	46	ok	feed		gid://shopify/InventoryItem/55325002563969	ACTIVE
2026-08-21T04:53:36.754Z	4f032f2a10c9	fortura-BO04349	79	108	ok	feed		gid://shopify/InventoryItem/55325002596737	ACTIVE
2026-08-21T04:53:36.754Z	4f032f2a10c9	fortura-909751	22	20	ok	feed		gid://shopify/InventoryItem/55325002858881	ACTIVE
2026-08-21T04:53:36.754Z	4f032f2a10c9	fortura-BO33005	58	56	ok	feed		gid://shopify/InventoryItem/55325002891649	ACTIVE
2026-08-21T04:53:36.754Z	4f032f2a10c9	fortura-901854	67	56	ok	feed		gid://shopify/InventoryItem/55325003153793	ACTIVE
2026-08-21T04:53:36.754Z	4f032f2a10c9	fortura-901995	50	48	ok	feed		gid://shopify/InventoryItem/55325003252097	ACTIVE
2026-08-21T04:53:36.754Z	4f032f2a10c9	fortura-BO44966	14	13	ok	feed		gid://shopify/InventoryItem/55325003317633	ACTIVE
2026-08-21T04:53:36.754Z	4f032f2a10c9	fortura-BO52226	56	50	ok	feed		gid://shopify/InventoryItem/55325003514241	ACTIVE
2026-08-21T04:53:36.754Z	4f032f2a10c9	fortura-909802	56	53	ok	feed		gid://shopify/InventoryItem/55325003579777	ACTIVE
2026-08-21T04:53:36.754Z	4f032f2a10c9	fortura-BO54389	57	49	ok	feed		gid://shopify/InventoryItem/55325003612545	ACTIVE
2026-08-21T04:53:36.754Z	4f032f2a10c9	fortura-BO54392	33	28	ok	feed		gid://shopify/InventoryItem/55325003710849	ACTIVE
2026-08-21T04:53:36.754Z	4f032f2a10c9	fortura-902994	42	39	ok	feed		gid://shopify/InventoryItem/55325003776385	ACTIVE
2026-08-21T04:53:36.754Z	4f032f2a10c9	fortura-903216	48	42	ok	feed		gid://shopify/InventoryItem/55325003874689	ACTIVE
2026-08-21T04:53:36.754Z	4f032f2a10c9	fortura-BO56750	8	7	ok	feed		gid://shopify/InventoryItem/55325003907457	ACTIVE
2026-08-21T04:53:36.754Z	4f032f2a10c9	fortura-BO56756	18	52	ok	feed		gid://shopify/InventoryItem/55325004005761	ACTIVE
2026-08-21T04:53:36.754Z	4f032f2a10c9	fortura-BO56774	3	48	ok	feed		gid://shopify/InventoryItem/55325004038529	ACTIVE
2026-08-21T04:53:36.754Z	4f032f2a10c9	fortura-903327	117	111	ok	feed		gid://shopify/InventoryItem/55325004136833	ACTIVE
2026-08-21T04:53:36.754Z	4f032f2a10c9	fortura-903612	26	24	ok	feed		gid://shopify/InventoryItem/55325004267905	ACTIVE
2026-08-21T04:53:36.754Z	4f032f2a10c9	fortura-911932	30	9	ok	feed		gid://shopify/InventoryItem/55325004300673	ACTIVE
2026-08-21T04:53:36.754Z	4f032f2a10c9	fortura-BO81938	47	79	ok	feed		gid://shopify/InventoryItem/55325004366209	ACTIVE
2026-08-21T04:53:36.754Z	4f032f2a10c9	fortura-91383	69	54	ok	feed		gid://shopify/InventoryItem/55325004530049	ACTIVE
2026-08-21T04:53:36.754Z	4f032f2a10c9	fortura-92484	60	59	ok	feed		gid://shopify/InventoryItem/55325005414785	ACTIVE
2026-08-21T04:53:36.754Z	4f032f2a10c9	fortura-BO85091	76	80	ok	feed		gid://shopify/InventoryItem/55325005447553	ACTIVE
2026-08-21T04:53:36.754Z	4f032f2a10c9	fortura-90551	49	48	ok	feed		gid://shopify/InventoryItem/55325005480321	ACTIVE
2026-08-21T04:53:37.788Z	4f032f2a10c9	fortura-92517	132	129	ok	feed		gid://shopify/InventoryItem/55325005513089	ACTIVE
2026-08-21T04:53:37.788Z	4f032f2a10c9	fortura-905934	196	189	ok	feed		gid://shopify/InventoryItem/55325005545857	ACTIVE
2026-08-21T04:53:37.788Z	4f032f2a10c9	fortura-925495	61	51	ok	feed		gid://shopify/InventoryItem/55325005611393	ACTIVE
2026-08-21T04:53:37.788Z	4f032f2a10c9	fortura-925708	48	47	ok	feed		gid://shopify/InventoryItem/55325005709697	ACTIVE
2026-08-21T04:53:37.788Z	4f032f2a10c9	fortura-BO85742	60	57	ok	feed		gid://shopify/InventoryItem/55325005775233	ACTIVE
2026-08-21T04:53:37.788Z	4f032f2a10c9	fortura-92589	18	17	ok	feed		gid://shopify/InventoryItem/55325005808001	ACTIVE
2026-08-21T04:53:37.788Z	4f032f2a10c9	fortura-906756	9	8	ok	feed		gid://shopify/InventoryItem/55325005840769	ACTIVE
2026-08-21T04:53:37.788Z	4f032f2a10c9	fortura-BO85811	57	50	ok	feed		gid://shopify/InventoryItem/55325005873537	ACTIVE
2026-08-21T04:53:37.789Z	4f032f2a10c9	fortura-929095	71	67	ok	feed		gid://shopify/InventoryItem/55325006102913	ACTIVE
2026-08-21T04:53:37.789Z	4f032f2a10c9	fortura-90734	15	12	ok	feed		gid://shopify/InventoryItem/55325006135681	ACTIVE
2026-08-21T04:53:37.789Z	4f032f2a10c9	fortura-BO86060	183	239	ok	feed		gid://shopify/InventoryItem/55325006299521	ACTIVE
2026-08-21T04:53:37.789Z	4f032f2a10c9	fortura-93336	43	35	ok	feed		gid://shopify/InventoryItem/55325006332289	ACTIVE
2026-08-21T04:53:37.789Z	4f032f2a10c9	fortura-90749	31	27	ok	feed		gid://shopify/InventoryItem/55325006365057	ACTIVE
2026-08-21T04:53:37.789Z	4f032f2a10c9	fortura-BO86171	35	33	ok	feed		gid://shopify/InventoryItem/55325006397825	ACTIVE
2026-08-21T04:53:37.789Z	4f032f2a10c9	fortura-90755	76	73	ok	feed		gid://shopify/InventoryItem/55325006463361	ACTIVE
2026-08-21T04:53:37.789Z	4f032f2a10c9	fortura-BO96962	32	28	ok	feed		gid://shopify/InventoryItem/55325006496129	ACTIVE
2026-08-21T04:53:37.789Z	4f032f2a10c9	fortura-946939	24	23	ok	feed		gid://shopify/InventoryItem/55325006528897	ACTIVE
2026-08-21T04:53:37.789Z	4f032f2a10c9	fortura-90806	81	79	ok	feed		gid://shopify/InventoryItem/55325006791041	ACTIVE
2026-08-21T04:53:37.789Z	4f032f2a10c9	fortura-CD21417	152	151	ok	feed		gid://shopify/InventoryItem/55325007020417	ACTIVE
2026-08-21T04:53:37.789Z	4f032f2a10c9	fortura-90809	46	45	ok	feed		gid://shopify/InventoryItem/55325007053185	ACTIVE
2026-08-21T04:53:37.789Z	4f032f2a10c9	fortura-95373	20	18	ok	feed		gid://shopify/InventoryItem/55325007085953	ACTIVE
2026-08-21T04:53:37.789Z	4f032f2a10c9	fortura-CK12218	9	8	ok	feed		gid://shopify/InventoryItem/55325007380865	ACTIVE
2026-08-21T04:53:37.789Z	4f032f2a10c9	fortura-908475	78	74	ok	feed		gid://shopify/InventoryItem/55325007413633	ACTIVE
2026-08-21T04:53:37.789Z	4f032f2a10c9	fortura-95961	62	56	ok	feed		gid://shopify/InventoryItem/55325007446401	ACTIVE
2026-08-21T04:53:37.789Z	4f032f2a10c9	fortura-96033	56	53	ok	feed		gid://shopify/InventoryItem/55325007544705	ACTIVE
2026-08-21T04:53:37.789Z	4f032f2a10c9	fortura-960814	72	69	ok	feed		gid://shopify/InventoryItem/55325008036225	ACTIVE
2026-08-21T04:53:37.789Z	4f032f2a10c9	fortura-90959	93	92	ok	feed		gid://shopify/InventoryItem/55325008101761	ACTIVE
2026-08-21T04:53:37.789Z	4f032f2a10c9	fortura-96096	76	74	ok	feed		gid://shopify/InventoryItem/55325008134529	ACTIVE
2026-08-21T04:53:37.789Z	4f032f2a10c9	fortura-909648	18	17	ok	feed		gid://shopify/InventoryItem/55325008200065	ACTIVE
2026-08-21T04:53:37.789Z	4f032f2a10c9	fortura-96108	34	38	ok	feed		gid://shopify/InventoryItem/55325008232833	ACTIVE
2026-08-21T04:53:37.789Z	4f032f2a10c9	fortura-CK13679	28	24	ok	feed		gid://shopify/InventoryItem/55325008265601	ACTIVE
2026-08-21T04:53:37.789Z	4f032f2a10c9	fortura-909753	47	46	ok	feed		gid://shopify/InventoryItem/55325008396673	ACTIVE
2026-08-21T04:53:37.789Z	4f032f2a10c9	fortura-909759	56	52	ok	feed		gid://shopify/InventoryItem/55325008494977	ACTIVE
2026-08-21T04:53:37.789Z	4f032f2a10c9	fortura-909801	61	55	ok	feed		gid://shopify/InventoryItem/55325008724353	ACTIVE
2026-08-21T04:53:37.789Z	4f032f2a10c9	fortura-CK14102	23	68	ok	feed		gid://shopify/InventoryItem/55325008789889	ACTIVE
2026-08-21T04:53:37.789Z	4f032f2a10c9	fortura-CK14348	38	35	ok	feed		gid://shopify/InventoryItem/55325008986497	ACTIVE
2026-08-21T04:53:37.789Z	4f032f2a10c9	fortura-911721	42	38	ok	feed		gid://shopify/InventoryItem/55325009084801	ACTIVE
2026-08-21T04:53:37.789Z	4f032f2a10c9	fortura-CK14417	27	26	ok	feed		gid://shopify/InventoryItem/55325009117569	ACTIVE
2026-08-21T04:53:37.789Z	4f032f2a10c9	fortura-91418	238	231	ok	feed		gid://shopify/InventoryItem/55325009445249	ACTIVE
2026-08-21T04:53:37.789Z	4f032f2a10c9	fortura-91664	40	38	ok	feed		gid://shopify/InventoryItem/55325009543553	ACTIVE
2026-08-21T04:53:37.789Z	4f032f2a10c9	fortura-92489	99	89	ok	feed		gid://shopify/InventoryItem/55325009609089	ACTIVE
2026-08-21T04:53:37.789Z	4f032f2a10c9	fortura-BO00169	32	54	ok	feed		gid://shopify/InventoryItem/55325009674625	ACTIVE
2026-08-21T04:53:37.789Z	4f032f2a10c9	fortura-92591	28	21	ok	feed		gid://shopify/InventoryItem/55325009707393	ACTIVE
2026-08-21T04:53:37.789Z	4f032f2a10c9	fortura-BO00220	32	28	ok	feed		gid://shopify/InventoryItem/55325009772929	ACTIVE
2026-08-21T04:53:37.789Z	4f032f2a10c9	fortura-EU115371	15	13	ok	feed		gid://shopify/InventoryItem/55325009838465	ACTIVE
2026-08-21T04:53:37.789Z	4f032f2a10c9	fortura-92822	22	21	ok	feed		gid://shopify/InventoryItem/55325009904001	ACTIVE
2026-08-21T04:53:37.789Z	4f032f2a10c9	fortura-BO00793	11	9	ok	feed		gid://shopify/InventoryItem/55325009969537	ACTIVE
2026-08-21T04:53:37.789Z	4f032f2a10c9	fortura-929094	56	55	ok	feed		gid://shopify/InventoryItem/55325010002305	ACTIVE
2026-08-21T04:53:37.789Z	4f032f2a10c9	fortura-92951	42	37	ok	feed		gid://shopify/InventoryItem/55325010198913	ACTIVE
2026-08-21T04:53:37.789Z	4f032f2a10c9	fortura-PC23985	42	36	ok	feed		gid://shopify/InventoryItem/55325010329985	ACTIVE
2026-08-21T04:53:37.789Z	4f032f2a10c9	fortura-BO01426	11	10	ok	feed		gid://shopify/InventoryItem/55325010461057	ACTIVE
2026-08-21T04:53:37.789Z	4f032f2a10c9	fortura-946929	4	3	ok	feed		gid://shopify/InventoryItem/55325010493825	ACTIVE
2026-08-21T04:53:37.789Z	4f032f2a10c9	fortura-BO01438	96	95	ok	feed		gid://shopify/InventoryItem/55325010592129	ACTIVE
2026-08-21T04:53:37.789Z	4f032f2a10c9	fortura-64807	11169	11145	ok	feed		gid://shopify/InventoryItem/55325010624897	ACTIVE
2026-08-21T04:53:37.789Z	4f032f2a10c9	fortura-95045	25	20	ok	feed		gid://shopify/InventoryItem/55325010657665	ACTIVE
2026-08-21T04:53:37.789Z	4f032f2a10c9	fortura-BO04210	75	67	ok	feed		gid://shopify/InventoryItem/55325010690433	ACTIVE
2026-08-21T04:53:37.789Z	4f032f2a10c9	fortura-72106	8	7	ok	feed		gid://shopify/InventoryItem/55325010723201	ACTIVE
2026-08-21T04:53:37.789Z	4f032f2a10c9	fortura-960045	22	16	ok	feed		gid://shopify/InventoryItem/55325010952577	ACTIVE
2026-08-21T04:53:37.789Z	4f032f2a10c9	fortura-BO04348	65	61	ok	feed		gid://shopify/InventoryItem/55325010985345	ACTIVE
2026-08-21T04:53:37.789Z	4f032f2a10c9	fortura-BO04384	69	66	ok	feed		gid://shopify/InventoryItem/55325011083649	ACTIVE
2026-08-21T04:53:37.789Z	4f032f2a10c9	fortura-84187	58	57	ok	feed		gid://shopify/InventoryItem/55325011149185	ACTIVE
2026-08-21T04:53:37.789Z	4f032f2a10c9	fortura-BO04504	50	77	ok	feed		gid://shopify/InventoryItem/55325011181953	ACTIVE
2026-08-21T04:53:37.789Z	4f032f2a10c9	fortura-84190	69	65	ok	feed		gid://shopify/InventoryItem/55325011247489	ACTIVE
2026-08-21T04:53:37.789Z	4f032f2a10c9	fortura-900083	76	49	ok	feed		gid://shopify/InventoryItem/55325011345793	ACTIVE
2026-08-21T04:53:37.789Z	4f032f2a10c9	fortura-901208	41	34	ok	feed		gid://shopify/InventoryItem/55325011575169	ACTIVE
2026-08-21T04:53:37.789Z	4f032f2a10c9	fortura-BO44560	51	43	ok	feed		gid://shopify/InventoryItem/55325011739009	ACTIVE
2026-08-21T04:53:37.789Z	4f032f2a10c9	fortura-965106	39	34	ok	feed		gid://shopify/InventoryItem/55325011771777	ACTIVE
2026-08-21T04:53:37.789Z	4f032f2a10c9	fortura-BO54370	194	186	ok	feed		gid://shopify/InventoryItem/55325011837313	ACTIVE
2026-08-21T04:53:37.789Z	4f032f2a10c9	fortura-968565	51	52	ok	feed		gid://shopify/InventoryItem/55325011870081	ACTIVE
2026-08-21T04:53:37.789Z	4f032f2a10c9	fortura-BO54388	38	37	ok	feed		gid://shopify/InventoryItem/55325011935617	ACTIVE
2026-08-21T04:53:37.789Z	4f032f2a10c9	fortura-BO54391	36	39	ok	feed		gid://shopify/InventoryItem/55325012033921	ACTIVE
2026-08-21T04:53:37.789Z	4f032f2a10c9	fortura-974604	4	3	ok	feed		gid://shopify/InventoryItem/55325012066689	ACTIVE
2026-08-21T04:53:37.789Z	4f032f2a10c9	fortura-974973	58	52	ok	feed		gid://shopify/InventoryItem/55325012164993	ACTIVE
2026-08-21T04:53:37.789Z	4f032f2a10c9	fortura-BO56749	11	35	ok	feed		gid://shopify/InventoryItem/55325012427137	ACTIVE
2026-08-21T04:53:37.789Z	4f032f2a10c9	fortura-BO56758	10	40	ok	feed		gid://shopify/InventoryItem/55325012525441	ACTIVE
2026-08-21T04:53:37.789Z	4f032f2a10c9	fortura-91852	61	59	ok	feed		gid://shopify/InventoryItem/55325012590977	ACTIVE
2026-08-21T04:53:37.789Z	4f032f2a10c9	fortura-BO61882	41	40	ok	feed		gid://shopify/InventoryItem/55325012623745	ACTIVE
2026-08-21T04:53:37.789Z	4f032f2a10c9	fortura-91912	60	58	ok	feed		gid://shopify/InventoryItem/55325012754817	ACTIVE
2026-08-21T04:53:37.789Z	4f032f2a10c9	fortura-98678	89	80	ok	feed		gid://shopify/InventoryItem/55325012787585	ACTIVE
2026-08-21T04:53:37.789Z	4f032f2a10c9	fortura-928124	21	16	ok	feed		gid://shopify/InventoryItem/55325012885889	ACTIVE
2026-08-21T04:53:37.789Z	4f032f2a10c9	fortura-BO85066	22	18	ok	feed		gid://shopify/InventoryItem/55325013049729	ACTIVE
2026-08-21T04:53:37.789Z	4f032f2a10c9	fortura-BO85069	47	41	ok	feed		gid://shopify/InventoryItem/55325013148033	ACTIVE
2026-08-21T04:53:37.789Z	4f032f2a10c9	fortura-942197	24	23	ok	feed		gid://shopify/InventoryItem/55325013180801	ACTIVE
2026-08-21T04:53:37.789Z	4f032f2a10c9	fortura-BO00168	29	27	ok	feed		gid://shopify/InventoryItem/55325013213569	ACTIVE
2026-08-21T04:53:37.789Z	4f032f2a10c9	fortura-BO00219	26	24	ok	feed		gid://shopify/InventoryItem/55325013311873	ACTIVE
2026-08-21T04:53:37.789Z	4f032f2a10c9	fortura-948677	3	2	ok	feed		gid://shopify/InventoryItem/55325013475713	ACTIVE
2026-08-21T04:53:37.789Z	4f032f2a10c9	fortura-BO01296	17	15	ok	feed		gid://shopify/InventoryItem/55325013508481	ACTIVE
2026-08-21T04:53:37.789Z	4f032f2a10c9	fortura-BO01437	58	60	ok	feed		gid://shopify/InventoryItem/55325013606785	ACTIVE
2026-08-21T04:53:37.789Z	4f032f2a10c9	fortura-95302	168	162	ok	feed		gid://shopify/InventoryItem/55325013803393	ACTIVE
2026-08-21T04:53:37.789Z	4f032f2a10c9	fortura-BO04224	150	270	ok	feed		gid://shopify/InventoryItem/55325013836161	ACTIVE
2026-08-21T04:53:37.789Z	4f032f2a10c9	fortura-BO04275	73	62	ok	feed		gid://shopify/InventoryItem/55325013934465	ACTIVE
2026-08-21T04:53:37.789Z	4f032f2a10c9	fortura-BO04299	6	5	ok	feed		gid://shopify/InventoryItem/55325014032769	ACTIVE
2026-08-21T04:53:37.789Z	4f032f2a10c9	fortura-BO04500	54	44	ok	feed		gid://shopify/InventoryItem/55325014163841	ACTIVE
2026-08-21T04:53:37.789Z	4f032f2a10c9	fortura-BO86083	29	27	ok	feed		gid://shopify/InventoryItem/55325014196609	ACTIVE
2026-08-21T04:53:37.789Z	4f032f2a10c9	fortura-98644	67	63	ok	feed		gid://shopify/InventoryItem/55325014229377	ACTIVE
2026-08-21T04:53:37.789Z	4f032f2a10c9	fortura-99835	335	331	ok	feed		gid://shopify/InventoryItem/55325014557057	ACTIVE
2026-08-21T04:53:37.789Z	4f032f2a10c9	fortura-BO97519	28	27	ok	feed		gid://shopify/InventoryItem/55325014589825	ACTIVE
2026-08-21T04:53:37.789Z	4f032f2a10c9	fortura-BO44766	56	55	ok	feed		gid://shopify/InventoryItem/55325014622593	ACTIVE
2026-08-21T04:53:37.789Z	4f032f2a10c9	fortura-BO02702	71	119	ok	feed		gid://shopify/InventoryItem/55325014819201	ACTIVE
2026-08-21T04:53:37.789Z	4f032f2a10c9	fortura-BO4517	11	8	ok	feed		gid://shopify/InventoryItem/55325014983041	ACTIVE
2026-08-21T04:53:38.886Z	4f032f2a10c9	fortura-CE74197	140	132	ok	feed		gid://shopify/InventoryItem/55325015146881	ACTIVE
2026-08-21T04:53:38.886Z	4f032f2a10c9	fortura-BO54369	150	144	ok	feed		gid://shopify/InventoryItem/55325015507329	ACTIVE
2026-08-21T04:53:38.886Z	4f032f2a10c9	fortura-BO36014	122	113	ok	feed		gid://shopify/InventoryItem/55325015572865	ACTIVE
2026-08-21T04:53:38.886Z	4f032f2a10c9	fortura-BO54459	59	57	ok	feed		gid://shopify/InventoryItem/55325015605633	ACTIVE
2026-08-21T04:53:38.886Z	4f032f2a10c9	fortura-BO54564	42	41	ok	feed		gid://shopify/InventoryItem/55325015802241	ACTIVE
2026-08-21T04:53:38.886Z	4f032f2a10c9	fortura-BO36038	158	156	ok	feed		gid://shopify/InventoryItem/55325015835009	ACTIVE
2026-08-21T04:53:38.886Z	4f032f2a10c9	fortura-BO54573	78	77	ok	feed		gid://shopify/InventoryItem/55325016097153	ACTIVE
2026-08-21T04:53:38.886Z	4f032f2a10c9	fortura-CK140525	13	28	ok	feed		gid://shopify/InventoryItem/55325016359297	ACTIVE
2026-08-21T04:53:38.886Z	4f032f2a10c9	fortura-BO56772	9	8	ok	feed		gid://shopify/InventoryItem/55325016392065	ACTIVE
2026-08-21T04:53:38.886Z	4f032f2a10c9	fortura-BO52892	19	15	ok	feed		gid://shopify/InventoryItem/55325016490369	ACTIVE
2026-08-21T04:53:38.886Z	4f032f2a10c9	fortura-BO56793	44	43	ok	feed		gid://shopify/InventoryItem/55325016523137	ACTIVE
2026-08-21T04:53:38.886Z	4f032f2a10c9	fortura-BO54341	29	28	ok	feed		gid://shopify/InventoryItem/55325016588673	ACTIVE
2026-08-21T04:53:38.886Z	4f032f2a10c9	fortura-BO72141	40	28	ok	feed		gid://shopify/InventoryItem/55325016654209	ACTIVE
2026-08-21T04:53:38.886Z	4f032f2a10c9	fortura-BO72183	3	2	ok	feed		gid://shopify/InventoryItem/55325016719745	ACTIVE
2026-08-21T04:53:38.886Z	4f032f2a10c9	fortura-BO64562	50	45	ok	feed		gid://shopify/InventoryItem/55325016785281	ACTIVE
2026-08-21T04:53:38.886Z	4f032f2a10c9	fortura-CK14419	15	13	ok	feed		gid://shopify/InventoryItem/55325016818049	ACTIVE
2026-08-21T04:53:38.886Z	4f032f2a10c9	fortura-BO72237	36	34	ok	feed		gid://shopify/InventoryItem/55325016850817	ACTIVE
2026-08-21T04:53:38.886Z	4f032f2a10c9	fortura-BO72110	23	24	ok	feed		gid://shopify/InventoryItem/55325016883585	ACTIVE
2026-08-21T04:53:38.886Z	4f032f2a10c9	fortura-BO81036	19	16	ok	feed		gid://shopify/InventoryItem/55325016949121	ACTIVE
2026-08-21T04:53:38.886Z	4f032f2a10c9	fortura-BO85083	15	13	ok	feed		gid://shopify/InventoryItem/55325017047425	ACTIVE
2026-08-21T04:53:38.886Z	4f032f2a10c9	fortura-BO73235	30	34	ok	feed		gid://shopify/InventoryItem/55325017080193	ACTIVE
2026-08-21T04:53:38.886Z	4f032f2a10c9	fortura-BO85092	74	109	ok	feed		gid://shopify/InventoryItem/55325017145729	ACTIVE
2026-08-21T04:53:38.886Z	4f032f2a10c9	fortura-CK10745	25	23	ok	feed		gid://shopify/InventoryItem/55325017375105	ACTIVE
2026-08-21T04:53:38.886Z	4f032f2a10c9	fortura-BO86112	54	52	ok	feed		gid://shopify/InventoryItem/55325017571713	ACTIVE
2026-08-21T04:53:38.886Z	4f032f2a10c9	fortura-BO86376	34	33	ok	feed		gid://shopify/InventoryItem/55325017670017	ACTIVE
2026-08-21T04:53:38.886Z	4f032f2a10c9	fortura-BO86391	48	40	ok	feed		gid://shopify/InventoryItem/55325017768321	ACTIVE
2026-08-21T04:53:38.886Z	4f032f2a10c9	fortura-EU115205	128	127	ok	feed		gid://shopify/InventoryItem/55325017833857	ACTIVE
2026-08-21T04:53:38.886Z	4f032f2a10c9	fortura-OR21363	35	33	ok	feed		gid://shopify/InventoryItem/55325018096001	ACTIVE
2026-08-21T04:53:38.886Z	4f032f2a10c9	fortura-OR23691	64	57	ok	feed		gid://shopify/InventoryItem/55325018194305	ACTIVE
2026-08-21T04:53:38.886Z	4f032f2a10c9	fortura-OR2397600	46	43	ok	feed		gid://shopify/InventoryItem/55325018390913	ACTIVE
2026-08-21T04:53:38.886Z	4f032f2a10c9	fortura-OR32370	31	27	ok	feed		gid://shopify/InventoryItem/55325018489217	ACTIVE
2026-08-21T04:53:38.886Z	4f032f2a10c9	fortura-CK14552	113	112	ok	feed		gid://shopify/InventoryItem/55325018554753	ACTIVE
2026-08-21T04:53:38.886Z	4f032f2a10c9	fortura-OR4079905	33	30	ok	feed		gid://shopify/InventoryItem/55325018685825	ACTIVE
2026-08-21T04:53:38.886Z	4f032f2a10c9	fortura-PC21200	9	6	ok	feed		gid://shopify/InventoryItem/55325018784129	ACTIVE
2026-08-21T04:53:38.886Z	4f032f2a10c9	fortura-E500538	39	31	ok	feed		gid://shopify/InventoryItem/55325018849665	ACTIVE
2026-08-21T04:53:38.886Z	4f032f2a10c9	fortura-CK1344005	68	67	ok	feed		gid://shopify/InventoryItem/55325018980737	ACTIVE
2026-08-21T04:53:38.886Z	4f032f2a10c9	fortura-CK13752	13	10	ok	feed		gid://shopify/InventoryItem/55325019210113	ACTIVE
2026-08-21T04:53:38.886Z	4f032f2a10c9	fortura-CK14052	9	19	ok	feed		gid://shopify/InventoryItem/55325019406721	ACTIVE
2026-08-21T04:53:38.886Z	4f032f2a10c9	fortura-64569	35	34	ok	feed		gid://shopify/InventoryItem/55325019537793	ACTIVE
2026-08-21T04:53:38.886Z	4f032f2a10c9	fortura-69810	120	102	ok	feed		gid://shopify/InventoryItem/55325019767169	ACTIVE
2026-08-21T04:53:38.886Z	4f032f2a10c9	fortura-HB8084	78	83	ok	feed		gid://shopify/InventoryItem/55325019832705	ACTIVE
2026-08-21T04:53:38.886Z	4f032f2a10c9	fortura-80648-39	78	76	ok	feed		gid://shopify/InventoryItem/55325019898241	ACTIVE
2026-08-21T04:53:38.886Z	4f032f2a10c9	fortura-80648-43	86	82	ok	feed		gid://shopify/InventoryItem/55325019931009	ACTIVE
2026-08-21T04:53:38.886Z	4f032f2a10c9	fortura-80648-47	0	16	ok	feed		gid://shopify/InventoryItem/55325019963777	ACTIVE
2026-08-21T04:53:38.886Z	4f032f2a10c9	fortura-901210	101	85	ok	feed		gid://shopify/InventoryItem/55325020225921	ACTIVE
2026-08-21T04:53:38.886Z	4f032f2a10c9	fortura-CK4631	28	76	ok	feed		gid://shopify/InventoryItem/55325020258689	ACTIVE
2026-08-21T04:53:38.886Z	4f032f2a10c9	fortura-HB8204	29	27	ok	feed		gid://shopify/InventoryItem/55325020324225	ACTIVE
2026-08-21T04:53:38.886Z	4f032f2a10c9	fortura-904837	7	4	ok	feed		gid://shopify/InventoryItem/55325020520833	ACTIVE
2026-08-21T04:53:38.886Z	4f032f2a10c9	fortura-FM70882700	20	19	ok	feed		gid://shopify/InventoryItem/55325020750209	ACTIVE
2026-08-21T04:53:38.886Z	4f032f2a10c9	fortura-OR4401800	86	85	ok	feed		gid://shopify/InventoryItem/55325020782977	ACTIVE
2026-08-21T04:53:38.886Z	4f032f2a10c9	fortura-OR48220	37	35	ok	feed		gid://shopify/InventoryItem/55325020848513	ACTIVE
2026-08-21T04:53:38.886Z	4f032f2a10c9	fortura-910990	31	28	ok	feed		gid://shopify/InventoryItem/55325021536641	ACTIVE
2026-08-21T04:53:38.886Z	4f032f2a10c9	fortura-PC41947	119	104	ok	feed		gid://shopify/InventoryItem/55325021798785	ACTIVE
2026-08-21T04:53:38.886Z	4f032f2a10c9	fortura-917011	31	30	ok	feed		gid://shopify/InventoryItem/55325021929857	ACTIVE
2026-08-21T04:53:38.886Z	4f032f2a10c9	fortura-26573	615	585	ok	feed		gid://shopify/InventoryItem/55325021962625	ACTIVE
2026-08-21T04:53:38.886Z	4f032f2a10c9	fortura-59774	25378	25294	ok	feed		gid://shopify/InventoryItem/55325022060929	ACTIVE
2026-08-21T04:53:38.887Z	4f032f2a10c9	fortura-92967	100	98	ok	feed		gid://shopify/InventoryItem/55325022224769	ACTIVE
2026-08-21T04:53:38.887Z	4f032f2a10c9	fortura-02017	32	28	ok	feed		gid://shopify/InventoryItem/55325022454145	ACTIVE
2026-08-21T04:53:38.887Z	4f032f2a10c9	fortura-02026	33	25	ok	feed		gid://shopify/InventoryItem/55325022683521	ACTIVE
2026-08-21T04:53:38.887Z	4f032f2a10c9	fortura-98214	5	4	ok	feed		gid://shopify/InventoryItem/55325022716289	ACTIVE
2026-08-21T04:53:38.887Z	4f032f2a10c9	fortura-904818	47	41	ok	feed		gid://shopify/InventoryItem/55325022749057	ACTIVE
2026-08-21T04:53:38.887Z	4f032f2a10c9	fortura-02032	60	55	ok	feed		gid://shopify/InventoryItem/55325022781825	ACTIVE
2026-08-21T04:53:38.887Z	4f032f2a10c9	fortura-905826	155	149	ok	feed		gid://shopify/InventoryItem/55325022847361	ACTIVE
2026-08-21T04:53:38.887Z	4f032f2a10c9	fortura-02035	48	36	ok	feed		gid://shopify/InventoryItem/55325022880129	ACTIVE
2026-08-21T04:53:38.887Z	4f032f2a10c9	fortura-905829	218	217	ok	feed		gid://shopify/InventoryItem/55325023043969	ACTIVE
2026-08-21T04:53:38.887Z	4f032f2a10c9	fortura-02038	316	298	ok	feed		gid://shopify/InventoryItem/55325023076737	ACTIVE
2026-08-21T04:53:38.887Z	4f032f2a10c9	fortura-98652	29	25	ok	feed		gid://shopify/InventoryItem/55325023109505	ACTIVE
2026-08-21T04:53:38.887Z	4f032f2a10c9	fortura-905859	199	197	ok	feed		gid://shopify/InventoryItem/55325023142273	ACTIVE
2026-08-21T04:53:38.887Z	4f032f2a10c9	fortura-98673	38	32	ok	feed		gid://shopify/InventoryItem/55325023207809	ACTIVE
2026-08-21T04:53:38.887Z	4f032f2a10c9	fortura-02110	26	27	ok	feed		gid://shopify/InventoryItem/55325023273345	ACTIVE
2026-08-21T04:53:38.887Z	4f032f2a10c9	fortura-99849	159	156	ok	feed		gid://shopify/InventoryItem/55325023404417	ACTIVE
2026-08-21T04:53:38.887Z	4f032f2a10c9	fortura-909561	68	59	ok	feed		gid://shopify/InventoryItem/55325023437185	ACTIVE
2026-08-21T04:53:38.887Z	4f032f2a10c9	fortura-02122	94	88	ok	feed		gid://shopify/InventoryItem/55325023469953	ACTIVE
2026-08-21T04:53:38.887Z	4f032f2a10c9	fortura-BO01753	47	137	ok	feed		gid://shopify/InventoryItem/55325023502721	ACTIVE
2026-08-21T04:53:38.887Z	4f032f2a10c9	fortura-02125	23	21	ok	feed		gid://shopify/InventoryItem/55325023568257	ACTIVE
2026-08-21T04:53:38.887Z	4f032f2a10c9	fortura-02131	24	20	ok	feed		gid://shopify/InventoryItem/55325023666561	ACTIVE
2026-08-21T04:53:38.887Z	4f032f2a10c9	fortura-909825	17	16	ok	feed		gid://shopify/InventoryItem/55325023732097	ACTIVE
2026-08-21T04:53:38.887Z	4f032f2a10c9	fortura-02134	44	40	ok	feed		gid://shopify/InventoryItem/55325023797633	ACTIVE
2026-08-21T04:53:38.887Z	4f032f2a10c9	fortura-BO02707	138	134	ok	feed		gid://shopify/InventoryItem/55325023863169	ACTIVE
2026-08-21T04:53:38.887Z	4f032f2a10c9	fortura-02140	20	18	ok	feed		gid://shopify/InventoryItem/55325023895937	ACTIVE
2026-08-21T04:53:38.887Z	4f032f2a10c9	fortura-BO18601	31	28	ok	feed		gid://shopify/InventoryItem/55325023928705	ACTIVE
2026-08-21T04:53:38.887Z	4f032f2a10c9	fortura-02182	32	31	ok	feed		gid://shopify/InventoryItem/55325023994241	ACTIVE
2026-08-21T04:53:38.887Z	4f032f2a10c9	fortura-BO18604	47	41	ok	feed		gid://shopify/InventoryItem/55325024027009	ACTIVE
2026-08-21T04:53:38.887Z	4f032f2a10c9	fortura-91907	69	63	ok	feed		gid://shopify/InventoryItem/55325024059777	ACTIVE
2026-08-21T04:53:38.887Z	4f032f2a10c9	fortura-02191	76	72	ok	feed		gid://shopify/InventoryItem/55325024092545	ACTIVE
2026-08-21T04:53:38.887Z	4f032f2a10c9	fortura-BO2652	15	13	ok	feed		gid://shopify/InventoryItem/55325024125313	ACTIVE
2026-08-21T04:53:38.887Z	4f032f2a10c9	fortura-02203	75	73	ok	feed		gid://shopify/InventoryItem/55325024190849	ACTIVE
2026-08-21T04:53:38.887Z	4f032f2a10c9	fortura-BO30886	21	27	ok	feed		gid://shopify/InventoryItem/55325024223617	ACTIVE
2026-08-21T04:53:38.887Z	4f032f2a10c9	fortura-02209	26	20	ok	feed		gid://shopify/InventoryItem/55325024289153	ACTIVE
2026-08-21T04:53:38.887Z	4f032f2a10c9	fortura-92729	21	20	ok	feed		gid://shopify/InventoryItem/55325024354689	ACTIVE
2026-08-21T04:53:38.887Z	4f032f2a10c9	fortura-02212	30	29	ok	feed		gid://shopify/InventoryItem/55325024387457	ACTIVE
2026-08-21T04:53:38.887Z	4f032f2a10c9	fortura-BO36010	10	9	ok	feed		gid://shopify/InventoryItem/55325024420225	ACTIVE
2026-08-21T04:53:38.887Z	4f032f2a10c9	fortura-02218	196	189	ok	feed		gid://shopify/InventoryItem/55325024485761	ACTIVE
2026-08-21T04:53:38.887Z	4f032f2a10c9	fortura-93065	113	93	ok	feed		gid://shopify/InventoryItem/55325024551297	ACTIVE
2026-08-21T04:53:38.887Z	4f032f2a10c9	fortura-BO36016	286	278	ok	feed		gid://shopify/InventoryItem/55325024616833	ACTIVE
2026-08-21T04:53:38.887Z	4f032f2a10c9	fortura-02227	77	71	ok	feed		gid://shopify/InventoryItem/55325024682369	ACTIVE
2026-08-21T04:53:38.887Z	4f032f2a10c9	fortura-94100	127	113	ok	feed		gid://shopify/InventoryItem/55325024780673	ACTIVE
2026-08-21T04:53:38.887Z	4f032f2a10c9	fortura-02329	36	18	ok	feed		gid://shopify/InventoryItem/55325024846209	ACTIVE
2026-08-21T04:53:38.887Z	4f032f2a10c9	fortura-02332	374	356	ok	feed		gid://shopify/InventoryItem/55325024944513	ACTIVE
2026-08-21T04:53:38.887Z	4f032f2a10c9	fortura-02344	84	79	ok	feed		gid://shopify/InventoryItem/55325025141121	ACTIVE
2026-08-21T04:53:39.889Z	4f032f2a10c9	fortura-966741	54	53	ok	feed		gid://shopify/InventoryItem/55325025206657	ACTIVE
2026-08-21T04:53:39.889Z	4f032f2a10c9	fortura-02347	45	35	ok	feed		gid://shopify/InventoryItem/55325025239425	ACTIVE
2026-08-21T04:53:39.889Z	4f032f2a10c9	fortura-BO52849	20	16	ok	feed		gid://shopify/InventoryItem/55325025272193	ACTIVE
2026-08-21T04:53:39.889Z	4f032f2a10c9	fortura-02353	354	326	ok	feed		gid://shopify/InventoryItem/55325025337729	ACTIVE
2026-08-21T04:53:39.889Z	4f032f2a10c9	fortura-BO52864	55	51	ok	feed		gid://shopify/InventoryItem/55325025370497	ACTIVE
2026-08-21T04:53:39.889Z	4f032f2a10c9	fortura-BO52891	6	30	ok	feed		gid://shopify/InventoryItem/55325025468801	ACTIVE
2026-08-21T04:53:39.889Z	4f032f2a10c9	fortura-BO54508	90	82	ok	feed		gid://shopify/InventoryItem/55325025567105	ACTIVE
2026-08-21T04:53:39.889Z	4f032f2a10c9	fortura-02443	33	28	ok	feed		gid://shopify/InventoryItem/55325080289665	ACTIVE
2026-08-21T04:53:39.889Z	4f032f2a10c9	fortura-98621	45	42	ok	feed		gid://shopify/InventoryItem/55325080387969	ACTIVE
2026-08-21T04:53:39.889Z	4f032f2a10c9	fortura-BO64543	42	40	ok	feed		gid://shopify/InventoryItem/55325080420737	ACTIVE
2026-08-21T04:53:39.889Z	4f032f2a10c9	fortura-BO64546	96	128	ok	feed		gid://shopify/InventoryItem/55325080519041	ACTIVE
2026-08-21T04:53:39.889Z	4f032f2a10c9	fortura-986865	91	77	ok	feed		gid://shopify/InventoryItem/55325080551809	ACTIVE
2026-08-21T04:53:39.889Z	4f032f2a10c9	fortura-02455	92	90	ok	feed		gid://shopify/InventoryItem/55325080584577	ACTIVE
2026-08-21T04:53:39.889Z	4f032f2a10c9	fortura-BO64558	40	32	ok	feed		gid://shopify/InventoryItem/55325080617345	ACTIVE
2026-08-21T04:53:39.889Z	4f032f2a10c9	fortura-99122	60	37	ok	feed		gid://shopify/InventoryItem/55325080650113	ACTIVE
2026-08-21T04:53:39.889Z	4f032f2a10c9	fortura-99563	20	18	ok	feed		gid://shopify/InventoryItem/55325080748417	ACTIVE
2026-08-21T04:53:39.889Z	4f032f2a10c9	fortura-02485	46	44	ok	feed		gid://shopify/InventoryItem/55325080781185	ACTIVE
2026-08-21T04:53:39.889Z	4f032f2a10c9	fortura-BO64576	56	50	ok	feed		gid://shopify/InventoryItem/55325080813953	ACTIVE
2026-08-21T04:53:39.889Z	4f032f2a10c9	fortura-99566	50	52	ok	feed		gid://shopify/InventoryItem/55325080846721	ACTIVE
2026-08-21T04:53:39.889Z	4f032f2a10c9	fortura-02491	88	81	ok	feed		gid://shopify/InventoryItem/55325080879489	ACTIVE
2026-08-21T04:53:39.889Z	4f032f2a10c9	fortura-02500	33	25	ok	feed		gid://shopify/InventoryItem/55325080977793	ACTIVE
2026-08-21T04:53:39.889Z	4f032f2a10c9	fortura-BO01752	6	186	ok	feed		gid://shopify/InventoryItem/55325081043329	ACTIVE
2026-08-21T04:53:39.889Z	4f032f2a10c9	fortura-02503	30	29	ok	feed		gid://shopify/InventoryItem/55325081076097	ACTIVE
2026-08-21T04:53:39.889Z	4f032f2a10c9	fortura-BO01755	80	254	ok	feed		gid://shopify/InventoryItem/55325081141633	ACTIVE
2026-08-21T04:53:39.889Z	4f032f2a10c9	fortura-CK13141	129	128	ok	feed		gid://shopify/InventoryItem/55325081207169	ACTIVE
2026-08-21T04:53:39.889Z	4f032f2a10c9	fortura-02509	83	81	ok	feed		gid://shopify/InventoryItem/55325081272705	ACTIVE
2026-08-21T04:53:39.889Z	4f032f2a10c9	fortura-02512	30	28	ok	feed		gid://shopify/InventoryItem/55325081371009	ACTIVE
2026-08-21T04:53:39.889Z	4f032f2a10c9	fortura-BO02721	69	65	ok	feed		gid://shopify/InventoryItem/55325081600385	ACTIVE
2026-08-21T04:53:39.889Z	4f032f2a10c9	fortura-02572	33	31	ok	feed		gid://shopify/InventoryItem/55325081633153	ACTIVE
2026-08-21T04:53:39.889Z	4f032f2a10c9	fortura-BO18600	31	27	ok	feed		gid://shopify/InventoryItem/55325081698689	ACTIVE
2026-08-21T04:53:39.889Z	4f032f2a10c9	fortura-E180662	15	14	ok	feed		gid://shopify/InventoryItem/55325081764225	ACTIVE
2026-08-21T04:53:39.889Z	4f032f2a10c9	fortura-BO18603	29	23	ok	feed		gid://shopify/InventoryItem/55325081796993	ACTIVE
2026-08-21T04:53:39.889Z	4f032f2a10c9	fortura-BO2639	37	33	ok	feed		gid://shopify/InventoryItem/55325081895297	ACTIVE
2026-08-21T04:53:39.889Z	4f032f2a10c9	fortura-02671	20	18	ok	feed		gid://shopify/InventoryItem/55325082124673	ACTIVE
2026-08-21T04:53:39.889Z	4f032f2a10c9	fortura-02674	44	41	ok	feed		gid://shopify/InventoryItem/55325082190209	ACTIVE
2026-08-21T04:53:39.889Z	4f032f2a10c9	fortura-02677	58	57	ok	feed		gid://shopify/InventoryItem/55325082288513	ACTIVE
2026-08-21T04:53:39.889Z	4f032f2a10c9	fortura-BO36015	337	326	ok	feed		gid://shopify/InventoryItem/55325082354049	ACTIVE
2026-08-21T04:53:39.889Z	4f032f2a10c9	fortura-02680	24	22	ok	feed		gid://shopify/InventoryItem/55325082386817	ACTIVE
2026-08-21T04:53:39.889Z	4f032f2a10c9	fortura-HB80563942	8	7	ok	feed		gid://shopify/InventoryItem/55325082419585	ACTIVE
2026-08-21T04:53:39.889Z	4f032f2a10c9	fortura-02752	32	31	ok	feed		gid://shopify/InventoryItem/55325082681729	ACTIVE
2026-08-21T04:53:39.889Z	4f032f2a10c9	fortura-BO51036	33	24	ok	feed		gid://shopify/InventoryItem/55325082845569	ACTIVE
2026-08-21T04:53:39.889Z	4f032f2a10c9	fortura-HB8230	11	10	ok	feed		gid://shopify/InventoryItem/55325083533697	ACTIVE
2026-08-21T04:53:39.889Z	4f032f2a10c9	fortura-BO52890	25	29	ok	feed		gid://shopify/InventoryItem/55325083566465	ACTIVE
2026-08-21T04:53:39.889Z	4f032f2a10c9	fortura-02815	10	8	ok	feed		gid://shopify/InventoryItem/55325083664769	ACTIVE
2026-08-21T04:53:39.889Z	4f032f2a10c9	fortura-BO72243	58	57	ok	feed		gid://shopify/InventoryItem/55325083697537	ACTIVE
2026-08-21T04:53:39.889Z	4f032f2a10c9	fortura-02890	43	42	ok	feed		gid://shopify/InventoryItem/55325084025217	ACTIVE
2026-08-21T04:53:39.889Z	4f032f2a10c9	fortura-OR48219	43	41	ok	feed		gid://shopify/InventoryItem/55325084057985	ACTIVE
2026-08-21T04:53:39.889Z	4f032f2a10c9	fortura-03013	38	36	ok	feed		gid://shopify/InventoryItem/55325084123521	ACTIVE
2026-08-21T04:53:39.889Z	4f032f2a10c9	fortura-03040	23	18	ok	feed		gid://shopify/InventoryItem/55325084221825	ACTIVE
2026-08-21T04:53:39.889Z	4f032f2a10c9	fortura-03046	10	4	ok	feed		gid://shopify/InventoryItem/55325084320129	ACTIVE
2026-08-21T04:53:39.889Z	4f032f2a10c9	fortura-PC17201	139	136	ok	feed		gid://shopify/InventoryItem/55325084352897	ACTIVE
2026-08-21T04:53:39.889Z	4f032f2a10c9	fortura-CK010	28	27	ok	feed		gid://shopify/InventoryItem/55325084385665	ACTIVE
2026-08-21T04:53:39.889Z	4f032f2a10c9	fortura-PC20207	32	30	ok	feed		gid://shopify/InventoryItem/55325084451201	ACTIVE
2026-08-21T04:53:39.889Z	4f032f2a10c9	fortura-03151	53	52	ok	feed		gid://shopify/InventoryItem/55325084549505	ACTIVE
2026-08-21T04:53:39.889Z	4f032f2a10c9	fortura-03160	93	87	ok	feed		gid://shopify/InventoryItem/55325084746113	ACTIVE
2026-08-21T04:53:39.889Z	4f032f2a10c9	fortura-CK13773	34	28	ok	feed		gid://shopify/InventoryItem/55325084778881	ACTIVE
2026-08-21T04:53:39.889Z	4f032f2a10c9	fortura-03181	24	20	ok	feed		gid://shopify/InventoryItem/55325084844417	ACTIVE
2026-08-21T04:53:39.889Z	4f032f2a10c9	fortura-RU1676	49	48	ok	feed		gid://shopify/InventoryItem/55325084909953	ACTIVE
2026-08-21T04:53:39.889Z	4f032f2a10c9	fortura-03190	35	34	ok	feed		gid://shopify/InventoryItem/55325084942721	ACTIVE
2026-08-21T04:53:39.889Z	4f032f2a10c9	fortura-CK14067	64	57	ok	feed		gid://shopify/InventoryItem/55325084975489	ACTIVE
2026-08-21T04:53:39.889Z	4f032f2a10c9	fortura-CK14106	40	36	ok	feed		gid://shopify/InventoryItem/55325085073793	ACTIVE
2026-08-21T04:53:39.889Z	4f032f2a10c9	fortura-CK14466	55	54	ok	feed		gid://shopify/InventoryItem/55325085172097	ACTIVE
2026-08-21T04:53:39.889Z	4f032f2a10c9	fortura-03451	45	41	ok	feed		gid://shopify/InventoryItem/55325085237633	ACTIVE
2026-08-21T04:53:39.889Z	4f032f2a10c9	fortura-CK14511	128	133	ok	feed		gid://shopify/InventoryItem/55325085270401	ACTIVE
2026-08-21T04:53:39.889Z	4f032f2a10c9	fortura-03472	71	69	ok	feed		gid://shopify/InventoryItem/55325085335937	ACTIVE
2026-08-21T04:53:39.889Z	4f032f2a10c9	fortura-03481	8	7	ok	feed		gid://shopify/InventoryItem/55325085434241	ACTIVE
2026-08-21T04:53:39.889Z	4f032f2a10c9	fortura-66402	24	23	ok	feed		gid://shopify/InventoryItem/55325085663617	ACTIVE
2026-08-21T04:53:39.889Z	4f032f2a10c9	fortura-03571	76	75	ok	feed		gid://shopify/InventoryItem/55325085761921	ACTIVE
2026-08-21T04:53:39.889Z	4f032f2a10c9	fortura-03655	30	29	ok	feed		gid://shopify/InventoryItem/55325085925761	ACTIVE
2026-08-21T04:53:39.889Z	4f032f2a10c9	fortura-03925	54	52	ok	feed		gid://shopify/InventoryItem/55325086450049	ACTIVE
2026-08-21T04:53:39.889Z	4f032f2a10c9	fortura-E812488	16	15	ok	feed		gid://shopify/InventoryItem/55325086515585	ACTIVE
2026-08-21T04:53:39.889Z	4f032f2a10c9	fortura-060020	69	61	ok	feed		gid://shopify/InventoryItem/55325086548353	ACTIVE
2026-08-21T04:53:39.889Z	4f032f2a10c9	fortura-HA139107	229	216	ok	feed		gid://shopify/InventoryItem/55325086613889	ACTIVE
2026-08-21T04:53:39.889Z	4f032f2a10c9	fortura-060404	128	126	ok	feed		gid://shopify/InventoryItem/55325086679425	ACTIVE
2026-08-21T04:53:39.889Z	4f032f2a10c9	fortura-062003	7	1	ok	feed		gid://shopify/InventoryItem/55325086843265	ACTIVE
2026-08-21T04:53:39.889Z	4f032f2a10c9	fortura-02010	51	47	ok	feed		gid://shopify/InventoryItem/55325086876033	ACTIVE
2026-08-21T04:53:39.889Z	4f032f2a10c9	fortura-02019	35	12	ok	feed		gid://shopify/InventoryItem/55325086974337	ACTIVE
2026-08-21T04:53:39.889Z	4f032f2a10c9	fortura-062111	106	105	ok	feed		gid://shopify/InventoryItem/55325087072641	ACTIVE
2026-08-21T04:53:39.889Z	4f032f2a10c9	fortura-02037	99	94	ok	feed		gid://shopify/InventoryItem/55325087367553	ACTIVE
2026-08-21T04:53:39.889Z	4f032f2a10c9	fortura-062612	53	48	ok	feed		gid://shopify/InventoryItem/55325087498625	ACTIVE
2026-08-21T04:53:39.889Z	4f032f2a10c9	fortura-062660	15	13	ok	feed		gid://shopify/InventoryItem/55325087564161	ACTIVE
2026-08-21T04:53:39.889Z	4f032f2a10c9	fortura-02052	126	125	ok	feed		gid://shopify/InventoryItem/55325087596929	ACTIVE
2026-08-21T04:53:39.889Z	4f032f2a10c9	fortura-02106	39	33	ok	feed		gid://shopify/InventoryItem/55325087662465	ACTIVE
2026-08-21T04:53:39.889Z	4f032f2a10c9	fortura-02112	24	23	ok	feed		gid://shopify/InventoryItem/55325087760769	ACTIVE
2026-08-21T04:53:39.889Z	4f032f2a10c9	fortura-02121	107	106	ok	feed		gid://shopify/InventoryItem/55325087859073	ACTIVE
2026-08-21T04:53:39.889Z	4f032f2a10c9	fortura-02127	57	48	ok	feed		gid://shopify/InventoryItem/55325087957377	ACTIVE
2026-08-21T04:53:39.889Z	4f032f2a10c9	fortura-063053	6	3	ok	feed		gid://shopify/InventoryItem/55325087990145	ACTIVE
2026-08-21T04:53:39.889Z	4f032f2a10c9	fortura-OU914155	13	7	ok	feed		gid://shopify/InventoryItem/55325088022913	ACTIVE
2026-08-21T04:53:39.889Z	4f032f2a10c9	fortura-02130	58	55	ok	feed		gid://shopify/InventoryItem/55325088055681	ACTIVE
2026-08-21T04:53:39.889Z	4f032f2a10c9	fortura-063101	25	21	ok	feed		gid://shopify/InventoryItem/55325088088449	ACTIVE
2026-08-21T04:53:39.889Z	4f032f2a10c9	fortura-02133	40	28	ok	feed		gid://shopify/InventoryItem/55325088153985	ACTIVE
2026-08-21T04:53:39.889Z	4f032f2a10c9	fortura-063110	32	30	ok	feed		gid://shopify/InventoryItem/55325088186753	ACTIVE
2026-08-21T04:53:39.889Z	4f032f2a10c9	fortura-PC24061	51	50	ok	feed		gid://shopify/InventoryItem/55325088219521	ACTIVE
2026-08-21T04:53:39.889Z	4f032f2a10c9	fortura-02136	68	62	ok	feed		gid://shopify/InventoryItem/55325088252289	ACTIVE
2026-08-21T04:53:39.889Z	4f032f2a10c9	fortura-063155	74	73	ok	feed		gid://shopify/InventoryItem/55325088285057	ACTIVE
2026-08-21T04:53:39.889Z	4f032f2a10c9	fortura-02184	281	266	ok	feed		gid://shopify/InventoryItem/55325088350593	ACTIVE
2026-08-21T04:53:39.889Z	4f032f2a10c9	fortura-10054	1889	1079	ok	feed		gid://shopify/InventoryItem/55325088383361	ACTIVE
2026-08-21T04:53:39.889Z	4f032f2a10c9	fortura-02190	118	111	ok	feed		gid://shopify/InventoryItem/55325088547201	ACTIVE
2026-08-21T04:53:39.889Z	4f032f2a10c9	fortura-17725	130	119	ok	feed		gid://shopify/InventoryItem/55325088579969	ACTIVE
2026-08-21T04:53:39.889Z	4f032f2a10c9	fortura-02211	40	28	ok	feed		gid://shopify/InventoryItem/55325088678273	ACTIVE
2026-08-21T04:53:40.860Z	4f032f2a10c9	fortura-17842	44	42	ok	feed		gid://shopify/InventoryItem/55325088743809	ACTIVE
2026-08-21T04:53:40.861Z	4f032f2a10c9	fortura-02214	23	20	ok	feed		gid://shopify/InventoryItem/55325088776577	ACTIVE
2026-08-21T04:53:40.861Z	4f032f2a10c9	fortura-02217	29	27	ok	feed		gid://shopify/InventoryItem/55325088874881	ACTIVE
2026-08-21T04:53:40.861Z	4f032f2a10c9	fortura-02220	171	156	ok	feed		gid://shopify/InventoryItem/55325088973185	ACTIVE
2026-08-21T04:53:40.861Z	4f032f2a10c9	fortura-02226	25	22	ok	feed		gid://shopify/InventoryItem/55325089104257	ACTIVE
2026-08-21T04:53:40.861Z	4f032f2a10c9	fortura-17854	11	5	ok	feed		gid://shopify/InventoryItem/55325089169793	ACTIVE
2026-08-21T04:53:40.861Z	4f032f2a10c9	fortura-02250	21	19	ok	feed		gid://shopify/InventoryItem/55325089202561	ACTIVE
2026-08-21T04:53:40.861Z	4f032f2a10c9	fortura-17860	41	39	ok	feed		gid://shopify/InventoryItem/55325089366401	ACTIVE
2026-08-21T04:53:40.861Z	4f032f2a10c9	fortura-02352	643	631	ok	feed		gid://shopify/InventoryItem/55325089399169	ACTIVE
2026-08-21T04:53:40.861Z	4f032f2a10c9	fortura-49958	7392	6878	ok	feed		gid://shopify/InventoryItem/55325089431937	ACTIVE
2026-08-21T04:53:40.861Z	4f032f2a10c9	fortura-17863	25	23	ok	feed		gid://shopify/InventoryItem/55325089464705	ACTIVE
2026-08-21T04:53:40.861Z	4f032f2a10c9	fortura-02415	17	16	ok	feed		gid://shopify/InventoryItem/55325089497473	ACTIVE
2026-08-21T04:53:40.861Z	4f032f2a10c9	fortura-17869	8	6	ok	feed		gid://shopify/InventoryItem/55325089563009	ACTIVE
2026-08-21T04:53:40.861Z	4f032f2a10c9	fortura-66305	115	114	ok	feed		gid://shopify/InventoryItem/55325089628545	ACTIVE
2026-08-21T04:53:40.861Z	4f032f2a10c9	fortura-17962	25	24	ok	feed		gid://shopify/InventoryItem/55325089661313	ACTIVE
2026-08-21T04:53:40.861Z	4f032f2a10c9	fortura-20274-V	12	26	ok	feed		gid://shopify/InventoryItem/55325089759617	ACTIVE
2026-08-21T04:53:40.861Z	4f032f2a10c9	fortura-02433	80	79	ok	feed		gid://shopify/InventoryItem/55325089825153	ACTIVE
2026-08-21T04:53:40.861Z	4f032f2a10c9	fortura-02445	23	19	ok	feed		gid://shopify/InventoryItem/55325089956225	ACTIVE
2026-08-21T04:53:40.861Z	4f032f2a10c9	fortura-02454	12	10	ok	feed		gid://shopify/InventoryItem/55325090021761	ACTIVE
2026-08-21T04:53:40.861Z	4f032f2a10c9	fortura-20884	2	1	ok	feed		gid://shopify/InventoryItem/55325090087297	ACTIVE
2026-08-21T04:53:40.861Z	4f032f2a10c9	fortura-02466	39	36	ok	feed		gid://shopify/InventoryItem/55325090120065	ACTIVE
2026-08-21T04:53:40.861Z	4f032f2a10c9	fortura-21007	140	139	ok	feed		gid://shopify/InventoryItem/55325090185601	ACTIVE
2026-08-21T04:53:40.861Z	4f032f2a10c9	fortura-02481	38	34	ok	feed		gid://shopify/InventoryItem/55325090218369	ACTIVE
2026-08-21T04:53:40.861Z	4f032f2a10c9	fortura-21070	21	6	ok	feed		gid://shopify/InventoryItem/55325090316673	ACTIVE
2026-08-21T04:53:40.861Z	4f032f2a10c9	fortura-02490	58	53	ok	feed		gid://shopify/InventoryItem/55325090414977	ACTIVE
2026-08-21T04:53:40.861Z	4f032f2a10c9	fortura-02502	13	11	ok	feed		gid://shopify/InventoryItem/55325090480513	ACTIVE
2026-08-21T04:53:40.861Z	4f032f2a10c9	fortura-21315S	193	190	ok	feed		gid://shopify/InventoryItem/55325090677121	ACTIVE
2026-08-21T04:53:40.861Z	4f032f2a10c9	fortura-02511	61	53	ok	feed		gid://shopify/InventoryItem/55325090742657	ACTIVE
2026-08-21T04:53:40.861Z	4f032f2a10c9	fortura-02526	43	42	ok	feed		gid://shopify/InventoryItem/55325090808193	ACTIVE
2026-08-21T04:53:40.861Z	4f032f2a10c9	fortura-25417	29	26	ok	feed		gid://shopify/InventoryItem/55325090972033	ACTIVE
2026-08-21T04:53:40.861Z	4f032f2a10c9	fortura-02544	76	75	ok	feed		gid://shopify/InventoryItem/55325091234177	ACTIVE
2026-08-21T04:53:40.861Z	4f032f2a10c9	fortura-25465	107	106	ok	feed		gid://shopify/InventoryItem/55325091299713	ACTIVE
2026-08-21T04:53:40.861Z	4f032f2a10c9	fortura-02592	48	47	ok	feed		gid://shopify/InventoryItem/55325091430785	ACTIVE
2026-08-21T04:53:40.861Z	4f032f2a10c9	fortura-25780	150	134	ok	feed		gid://shopify/InventoryItem/55325091692929	ACTIVE
2026-08-21T04:53:40.861Z	4f032f2a10c9	fortura-02033	581	576	ok	feed		gid://shopify/InventoryItem/55325091791233	ACTIVE
2026-08-21T04:53:40.861Z	4f032f2a10c9	fortura-25867	1046	1042	ok	feed		gid://shopify/InventoryItem/55325091824001	ACTIVE
2026-08-21T04:53:40.861Z	4f032f2a10c9	fortura-02036	198	194	ok	feed		gid://shopify/InventoryItem/55325091922305	ACTIVE
2026-08-21T04:53:40.861Z	4f032f2a10c9	fortura-25873	93	89	ok	feed		gid://shopify/InventoryItem/55325091955073	ACTIVE
2026-08-21T04:53:40.861Z	4f032f2a10c9	fortura-02676	96	95	ok	feed		gid://shopify/InventoryItem/55325091987841	ACTIVE
2026-08-21T04:53:40.861Z	4f032f2a10c9	fortura-02039	223	211	ok	feed		gid://shopify/InventoryItem/55325092020609	ACTIVE
2026-08-21T04:53:40.861Z	4f032f2a10c9	fortura-25876	72	70	ok	feed		gid://shopify/InventoryItem/55325092053377	ACTIVE
2026-08-21T04:53:40.861Z	4f032f2a10c9	fortura-25879	85	83	ok	feed		gid://shopify/InventoryItem/55325092184449	ACTIVE
2026-08-21T04:53:40.861Z	4f032f2a10c9	fortura-02685	46	43	ok	feed		gid://shopify/InventoryItem/55325092249985	ACTIVE
2026-08-21T04:53:40.861Z	4f032f2a10c9	fortura-02108	46	45	ok	feed		gid://shopify/InventoryItem/55325092315521	ACTIVE
2026-08-21T04:53:40.861Z	4f032f2a10c9	fortura-02739	33	32	ok	feed		gid://shopify/InventoryItem/55325092381057	ACTIVE
2026-08-21T04:53:40.861Z	4f032f2a10c9	fortura-26416	15	112	ok	feed		gid://shopify/InventoryItem/55325092413825	ACTIVE
2026-08-21T04:53:40.861Z	4f032f2a10c9	fortura-02120	32	31	ok	feed		gid://shopify/InventoryItem/55325092446593	ACTIVE
2026-08-21T04:53:40.861Z	4f032f2a10c9	fortura-26482	33	30	ok	feed		gid://shopify/InventoryItem/55325092512129	ACTIVE
2026-08-21T04:53:40.861Z	4f032f2a10c9	fortura-02129	30	28	ok	feed		gid://shopify/InventoryItem/55325092544897	ACTIVE
2026-08-21T04:53:40.861Z	4f032f2a10c9	fortura-33034	362	231	ok	feed		gid://shopify/InventoryItem/55325092643201	ACTIVE
2026-08-21T04:53:40.861Z	4f032f2a10c9	fortura-02132	248	246	ok	feed		gid://shopify/InventoryItem/55325092675969	ACTIVE
2026-08-21T04:53:40.861Z	4f032f2a10c9	fortura-33514	39	37	ok	feed		gid://shopify/InventoryItem/55325092708737	ACTIVE
2026-08-21T04:53:40.861Z	4f032f2a10c9	fortura-02769	23	21	ok	feed		gid://shopify/InventoryItem/55325092741505	ACTIVE
2026-08-21T04:53:40.861Z	4f032f2a10c9	fortura-02135	53	50	ok	feed		gid://shopify/InventoryItem/55325092807041	ACTIVE
2026-08-21T04:53:40.861Z	4f032f2a10c9	fortura-02772	30	29	ok	feed		gid://shopify/InventoryItem/55325092872577	ACTIVE
2026-08-21T04:53:40.861Z	4f032f2a10c9	fortura-02141	26	19	ok	feed		gid://shopify/InventoryItem/55325092905345	ACTIVE
2026-08-21T04:53:40.861Z	4f032f2a10c9	fortura-33631	63	56	ok	feed		gid://shopify/InventoryItem/55325093003649	ACTIVE
2026-08-21T04:53:40.861Z	4f032f2a10c9	fortura-33700	23	65	ok	feed		gid://shopify/InventoryItem/55325093101953	ACTIVE
2026-08-21T04:53:40.861Z	4f032f2a10c9	fortura-02192	26	12	ok	feed		gid://shopify/InventoryItem/55325093167489	ACTIVE
2026-08-21T04:53:40.861Z	4f032f2a10c9	fortura-33973	206	200	ok	feed		gid://shopify/InventoryItem/55325093200257	ACTIVE
2026-08-21T04:53:40.861Z	4f032f2a10c9	fortura-03012	11	6	ok	feed		gid://shopify/InventoryItem/55325093233025	ACTIVE
2026-08-21T04:53:40.861Z	4f032f2a10c9	fortura-02204	74	68	ok	feed		gid://shopify/InventoryItem/55325093265793	ACTIVE
2026-08-21T04:53:40.861Z	4f032f2a10c9	fortura-346-01	16	14	ok	feed		gid://shopify/InventoryItem/55325093298561	ACTIVE
2026-08-21T04:53:40.861Z	4f032f2a10c9	fortura-02207	29	28	ok	feed		gid://shopify/InventoryItem/55325093364097	ACTIVE
2026-08-21T04:53:40.861Z	4f032f2a10c9	fortura-02216	69	38	ok	feed		gid://shopify/InventoryItem/55325093462401	ACTIVE
2026-08-21T04:53:40.861Z	4f032f2a10c9	fortura-39385	43	42	ok	feed		gid://shopify/InventoryItem/55325093495169	ACTIVE
2026-08-21T04:53:40.861Z	4f032f2a10c9	fortura-02222	9	4	ok	feed		gid://shopify/InventoryItem/55325093560705	ACTIVE
2026-08-21T04:53:40.861Z	4f032f2a10c9	fortura-41332	136	120	ok	feed		gid://shopify/InventoryItem/55325093593473	ACTIVE
2026-08-21T04:53:40.861Z	4f032f2a10c9	fortura-03120	50	40	ok	feed		gid://shopify/InventoryItem/55325093659009	ACTIVE
2026-08-21T04:53:40.861Z	4f032f2a10c9	fortura-02225	45	44	ok	feed		gid://shopify/InventoryItem/55325093691777	ACTIVE
2026-08-21T04:53:40.861Z	4f032f2a10c9	fortura-02228	86	81	ok	feed		gid://shopify/InventoryItem/55325093790081	ACTIVE
2026-08-21T04:53:40.861Z	4f032f2a10c9	fortura-03162	15	6	ok	feed		gid://shopify/InventoryItem/55325093888385	ACTIVE
2026-08-21T04:53:40.861Z	4f032f2a10c9	fortura-02252	42	38	ok	feed		gid://shopify/InventoryItem/55325093921153	ACTIVE
2026-08-21T04:53:40.861Z	4f032f2a10c9	fortura-03180	32	31	ok	feed		gid://shopify/InventoryItem/55325093986689	ACTIVE
2026-08-21T04:53:40.861Z	4f032f2a10c9	fortura-02309	143	141	ok	feed		gid://shopify/InventoryItem/55325094019457	ACTIVE
2026-08-21T04:53:40.861Z	4f032f2a10c9	fortura-02318	15	1	ok	feed		gid://shopify/InventoryItem/55325094084993	ACTIVE
2026-08-21T04:53:40.861Z	4f032f2a10c9	fortura-03198	14	12	ok	feed		gid://shopify/InventoryItem/55325094150529	ACTIVE
2026-08-21T04:53:40.861Z	4f032f2a10c9	fortura-02324	8	2	ok	feed		gid://shopify/InventoryItem/55325094216065	ACTIVE
2026-08-21T04:53:40.861Z	4f032f2a10c9	fortura-41743	3243	1925	ok	feed		gid://shopify/InventoryItem/55325094314369	ACTIVE
2026-08-21T04:53:40.861Z	4f032f2a10c9	fortura-02327	34	18	ok	feed		gid://shopify/InventoryItem/55325094347137	ACTIVE
2026-08-21T04:53:40.861Z	4f032f2a10c9	fortura-03453	48	47	ok	feed		gid://shopify/InventoryItem/55325094379905	ACTIVE
2026-08-21T04:53:40.861Z	4f032f2a10c9	fortura-02330	35	31	ok	feed		gid://shopify/InventoryItem/55325094445441	ACTIVE
2026-08-21T04:53:40.861Z	4f032f2a10c9	fortura-02336	76	72	ok	feed		gid://shopify/InventoryItem/55325103227265	ACTIVE
2026-08-21T04:53:40.861Z	4f032f2a10c9	fortura-45595	26358	24706	ok	feed		gid://shopify/InventoryItem/55325103292801	ACTIVE
2026-08-21T04:53:40.861Z	4f032f2a10c9	fortura-02345	101	89	ok	feed		gid://shopify/InventoryItem/55325103325569	ACTIVE
2026-08-21T04:53:40.861Z	4f032f2a10c9	fortura-45838	8030	6108	ok	feed		gid://shopify/InventoryItem/55325103554945	ACTIVE
2026-08-21T04:53:40.861Z	4f032f2a10c9	fortura-03582	15	14	ok	feed		gid://shopify/InventoryItem/55325103587713	ACTIVE
2026-08-21T04:53:40.861Z	4f032f2a10c9	fortura-02456	36	32	ok	feed		gid://shopify/InventoryItem/55325103653249	ACTIVE
2026-08-21T04:53:40.861Z	4f032f2a10c9	fortura-02465	64	46	ok	feed		gid://shopify/InventoryItem/55325103751553	ACTIVE
2026-08-21T04:53:40.861Z	4f032f2a10c9	fortura-49279	357	309	ok	feed		gid://shopify/InventoryItem/55325103817089	ACTIVE
2026-08-21T04:53:40.861Z	4f032f2a10c9	fortura-02501	20	17	ok	feed		gid://shopify/InventoryItem/55325103948161	ACTIVE
2026-08-21T04:53:40.861Z	4f032f2a10c9	fortura-03669	26	25	ok	feed		gid://shopify/InventoryItem/55325104046465	ACTIVE
2026-08-21T04:53:40.861Z	4f032f2a10c9	fortura-49510	30	27	ok	feed		gid://shopify/InventoryItem/55325104112001	ACTIVE
2026-08-21T04:53:40.861Z	4f032f2a10c9	fortura-02513	50	49	ok	feed		gid://shopify/InventoryItem/55325104243073	ACTIVE
2026-08-21T04:53:40.861Z	4f032f2a10c9	fortura-03771	22	21	ok	feed		gid://shopify/InventoryItem/55325104275841	ACTIVE
2026-08-21T04:53:40.861Z	4f032f2a10c9	fortura-02525	6	4	ok	feed		gid://shopify/InventoryItem/55325104341377	ACTIVE
2026-08-21T04:53:40.861Z	4f032f2a10c9	fortura-03780	34	33	ok	feed		gid://shopify/InventoryItem/55325104374145	ACTIVE
2026-08-21T04:53:40.861Z	4f032f2a10c9	fortura-02528	11	9	ok	feed		gid://shopify/InventoryItem/55325104439681	ACTIVE
2026-08-21T04:53:40.861Z	4f032f2a10c9	fortura-02543	9	8	ok	feed		gid://shopify/InventoryItem/55325104537985	ACTIVE
2026-08-21T04:53:40.861Z	4f032f2a10c9	fortura-50675-1	32	52	ok	feed		gid://shopify/InventoryItem/55325104636289	ACTIVE
2026-08-21T04:53:41.847Z	4f032f2a10c9	fortura-50675-4	57	97	ok	feed		gid://shopify/InventoryItem/55325104734593	ACTIVE
2026-08-21T04:53:41.847Z	4f032f2a10c9	fortura-060007	19	11	ok	feed		gid://shopify/InventoryItem/55325104767361	ACTIVE
2026-08-21T04:53:41.847Z	4f032f2a10c9	fortura-02582	48	42	ok	feed		gid://shopify/InventoryItem/55325104800129	ACTIVE
2026-08-21T04:53:41.847Z	4f032f2a10c9	fortura-02672	58	57	ok	feed		gid://shopify/InventoryItem/55325104898433	ACTIVE
2026-08-21T04:53:41.847Z	4f032f2a10c9	fortura-52474	1104	3076	ok	feed		gid://shopify/InventoryItem/55325104931201	ACTIVE
2026-08-21T04:53:41.847Z	4f032f2a10c9	fortura-02675	54	53	ok	feed		gid://shopify/InventoryItem/55325105029505	ACTIVE
2026-08-21T04:53:41.847Z	4f032f2a10c9	fortura-52477	6	5	ok	feed		gid://shopify/InventoryItem/55325105062273	ACTIVE
2026-08-21T04:53:41.847Z	4f032f2a10c9	fortura-52510	3903	9158	ok	feed		gid://shopify/InventoryItem/55325105324417	ACTIVE
2026-08-21T04:53:41.847Z	4f032f2a10c9	fortura-060430	26	25	ok	feed		gid://shopify/InventoryItem/55325105357185	ACTIVE
2026-08-21T04:53:41.847Z	4f032f2a10c9	fortura-53452	93	62	ok	feed		gid://shopify/InventoryItem/55325106143617	ACTIVE
2026-08-21T04:53:41.847Z	4f032f2a10c9	fortura-062002	30	25	ok	feed		gid://shopify/InventoryItem/55325106176385	ACTIVE
2026-08-21T04:53:41.847Z	4f032f2a10c9	fortura-062008	29	23	ok	feed		gid://shopify/InventoryItem/55325106241921	ACTIVE
2026-08-21T04:53:41.847Z	4f032f2a10c9	fortura-55381	179	177	ok	feed		gid://shopify/InventoryItem/55325106274689	ACTIVE
2026-08-21T04:53:41.847Z	4f032f2a10c9	fortura-02741	37	32	ok	feed		gid://shopify/InventoryItem/55325106307457	ACTIVE
2026-08-21T04:53:41.847Z	4f032f2a10c9	fortura-062104	57	37	ok	feed		gid://shopify/InventoryItem/55325106340225	ACTIVE
2026-08-21T04:53:41.847Z	4f032f2a10c9	fortura-57079	1237	1232	ok	feed		gid://shopify/InventoryItem/55325106372993	ACTIVE
2026-08-21T04:53:41.847Z	4f032f2a10c9	fortura-02750	13	11	ok	feed		gid://shopify/InventoryItem/55325106405761	ACTIVE
2026-08-21T04:53:41.847Z	4f032f2a10c9	fortura-062110	9	8	ok	feed		gid://shopify/InventoryItem/55325106438529	ACTIVE
2026-08-21T04:53:41.847Z	4f032f2a10c9	fortura-57712	107	83	ok	feed		gid://shopify/InventoryItem/55325106471297	ACTIVE
2026-08-21T04:53:41.847Z	4f032f2a10c9	fortura-02765	22	20	ok	feed		gid://shopify/InventoryItem/55325106504065	ACTIVE
2026-08-21T04:53:41.847Z	4f032f2a10c9	fortura-02771	42	38	ok	feed		gid://shopify/InventoryItem/55325106602369	ACTIVE
2026-08-21T04:53:41.847Z	4f032f2a10c9	fortura-062611	51	44	ok	feed		gid://shopify/InventoryItem/55325106635137	ACTIVE
2026-08-21T04:53:41.847Z	4f032f2a10c9	fortura-57793	183	182	ok	feed		gid://shopify/InventoryItem/55325106667905	ACTIVE
2026-08-21T04:53:41.847Z	4f032f2a10c9	fortura-02774	58	57	ok	feed		gid://shopify/InventoryItem/55325106700673	ACTIVE
2026-08-21T04:53:41.847Z	4f032f2a10c9	fortura-02801	97	96	ok	feed		gid://shopify/InventoryItem/55325106798977	ACTIVE
2026-08-21T04:53:41.847Z	4f032f2a10c9	fortura-062650	32	27	ok	feed		gid://shopify/InventoryItem/55325106831745	ACTIVE
2026-08-21T04:53:41.847Z	4f032f2a10c9	fortura-02813	3	2	ok	feed		gid://shopify/InventoryItem/55325106995585	ACTIVE
2026-08-21T04:53:41.847Z	4f032f2a10c9	fortura-58318	33	32	ok	feed		gid://shopify/InventoryItem/55325107061121	ACTIVE
2026-08-21T04:53:41.847Z	4f032f2a10c9	fortura-063010	29	24	ok	feed		gid://shopify/InventoryItem/55325107224961	ACTIVE
2026-08-21T04:53:41.847Z	4f032f2a10c9	fortura-59098	153	147	ok	feed		gid://shopify/InventoryItem/55325107257729	ACTIVE
2026-08-21T04:53:41.847Z	4f032f2a10c9	fortura-063151	36	35	ok	feed		gid://shopify/InventoryItem/55325107323265	ACTIVE
2026-08-21T04:53:41.847Z	4f032f2a10c9	fortura-03041	15	14	ok	feed		gid://shopify/InventoryItem/55325107388801	ACTIVE
2026-08-21T04:53:41.847Z	4f032f2a10c9	fortura-09042	41	40	ok	feed		gid://shopify/InventoryItem/55325107421569	ACTIVE
2026-08-21T04:53:41.847Z	4f032f2a10c9	fortura-03047	30	26	ok	feed		gid://shopify/InventoryItem/55325107519873	ACTIVE
2026-08-21T04:53:41.847Z	4f032f2a10c9	fortura-59755	3729	3147	ok	feed		gid://shopify/InventoryItem/55325107552641	ACTIVE
2026-08-21T04:53:41.847Z	4f032f2a10c9	fortura-176	343	288	ok	feed		gid://shopify/InventoryItem/55325107585409	ACTIVE
2026-08-21T04:53:41.847Z	4f032f2a10c9	fortura-59854	1649	1598	ok	feed		gid://shopify/InventoryItem/55325107650945	ACTIVE
2026-08-21T04:53:41.847Z	4f032f2a10c9	fortura-17730	3	2	ok	feed		gid://shopify/InventoryItem/55325107683713	ACTIVE
2026-08-21T04:53:41.847Z	4f032f2a10c9	fortura-60880	4320	3120	ok	feed		gid://shopify/InventoryItem/55325107749249	ACTIVE
2026-08-21T04:53:41.847Z	4f032f2a10c9	fortura-17778	5	4	ok	feed		gid://shopify/InventoryItem/55325107782017	ACTIVE
2026-08-21T04:53:41.847Z	4f032f2a10c9	fortura-63457	37729	37657	ok	feed		gid://shopify/InventoryItem/55325108044161	ACTIVE
2026-08-21T04:53:41.847Z	4f032f2a10c9	fortura-17844	44	41	ok	feed		gid://shopify/InventoryItem/55325108175233	ACTIVE
2026-08-21T04:53:41.847Z	4f032f2a10c9	fortura-64423	190	189	ok	feed		gid://shopify/InventoryItem/55325108208001	ACTIVE
2026-08-21T04:53:41.847Z	4f032f2a10c9	fortura-17847	53	52	ok	feed		gid://shopify/InventoryItem/55325108306305	ACTIVE
2026-08-21T04:53:41.847Z	4f032f2a10c9	fortura-64426	29	27	ok	feed		gid://shopify/InventoryItem/55325108339073	ACTIVE
2026-08-21T04:53:41.847Z	4f032f2a10c9	fortura-17850	46	45	ok	feed		gid://shopify/InventoryItem/55325108404609	ACTIVE
2026-08-21T04:53:41.847Z	4f032f2a10c9	fortura-17865	14	12	ok	feed		gid://shopify/InventoryItem/55325108633985	ACTIVE
2026-08-21T04:53:41.847Z	4f032f2a10c9	fortura-03548	40	31	ok	feed		gid://shopify/InventoryItem/55325108666753	ACTIVE
2026-08-21T04:53:41.847Z	4f032f2a10c9	fortura-17868	31	30	ok	feed		gid://shopify/InventoryItem/55325108699521	ACTIVE
2026-08-21T04:53:41.847Z	4f032f2a10c9	fortura-71467	126	97	ok	feed		gid://shopify/InventoryItem/55325108732289	ACTIVE
2026-08-21T04:53:41.847Z	4f032f2a10c9	fortura-71599	2890	2880	ok	feed		gid://shopify/InventoryItem/55325108830593	ACTIVE
2026-08-21T04:53:41.847Z	4f032f2a10c9	fortura-03581	3	2	ok	feed		gid://shopify/InventoryItem/55325108863361	ACTIVE
2026-08-21T04:53:41.847Z	4f032f2a10c9	fortura-195-01	213	195	ok	feed		gid://shopify/InventoryItem/55325108896129	ACTIVE
2026-08-21T04:53:41.847Z	4f032f2a10c9	fortura-195-16	70	50	ok	feed		gid://shopify/InventoryItem/55325108994433	ACTIVE
2026-08-21T04:53:41.847Z	4f032f2a10c9	fortura-76807	1605	1441	ok	feed		gid://shopify/InventoryItem/55325109027201	ACTIVE
2026-08-21T04:53:41.847Z	4f032f2a10c9	fortura-03761	18	17	ok	feed		gid://shopify/InventoryItem/55325109092737	ACTIVE
2026-08-21T04:53:41.847Z	4f032f2a10c9	fortura-80278	5180	4835	ok	feed		gid://shopify/InventoryItem/55325109158273	ACTIVE
2026-08-21T04:53:41.847Z	4f032f2a10c9	fortura-03764	2	1	ok	feed		gid://shopify/InventoryItem/55325109191041	ACTIVE
2026-08-21T04:53:41.847Z	4f032f2a10c9	fortura-20403	57	54	ok	feed		gid://shopify/InventoryItem/55325109223809	ACTIVE
2026-08-21T04:53:41.847Z	4f032f2a10c9	fortura-03767	23	20	ok	feed		gid://shopify/InventoryItem/55325109289345	ACTIVE
2026-08-21T04:53:41.847Z	4f032f2a10c9	fortura-20427	22	21	ok	feed		gid://shopify/InventoryItem/55325109453185	ACTIVE
2026-08-21T04:53:41.847Z	4f032f2a10c9	fortura-80485	56	90	ok	feed		gid://shopify/InventoryItem/55325109485953	ACTIVE
2026-08-21T04:53:41.847Z	4f032f2a10c9	fortura-04040	45	43	ok	feed		gid://shopify/InventoryItem/55325109518721	ACTIVE
2026-08-21T04:53:41.847Z	4f032f2a10c9	fortura-81016	43	41	ok	feed		gid://shopify/InventoryItem/55325109617025	ACTIVE
2026-08-21T04:53:41.847Z	4f032f2a10c9	fortura-04055	17	16	ok	feed		gid://shopify/InventoryItem/55325109649793	ACTIVE
2026-08-21T04:53:41.847Z	4f032f2a10c9	fortura-21006	131	130	ok	feed		gid://shopify/InventoryItem/55325109780865	ACTIVE
2026-08-21T04:53:41.847Z	4f032f2a10c9	fortura-82012	93	86	ok	feed		gid://shopify/InventoryItem/55325109846401	ACTIVE
2026-08-21T04:53:41.847Z	4f032f2a10c9	fortura-060030	18	10	ok	feed		gid://shopify/InventoryItem/55325110010241	ACTIVE
2026-08-21T04:53:41.847Z	4f032f2a10c9	fortura-21259	40	39	ok	feed		gid://shopify/InventoryItem/55325110141313	ACTIVE
2026-08-21T04:53:41.847Z	4f032f2a10c9	fortura-85732	141	139	ok	feed		gid://shopify/InventoryItem/55325110534529	ACTIVE
2026-08-21T04:53:41.847Z	4f032f2a10c9	fortura-062007	8	1	ok	feed		gid://shopify/InventoryItem/55325110829441	ACTIVE
2026-08-21T04:53:41.847Z	4f032f2a10c9	fortura-21330	109	114	ok	feed		gid://shopify/InventoryItem/55325110862209	ACTIVE
2026-08-21T04:53:41.847Z	4f032f2a10c9	fortura-062100	50	46	ok	feed		gid://shopify/InventoryItem/55325110960513	ACTIVE
2026-08-21T04:53:41.847Z	4f032f2a10c9	fortura-062103	22	9	ok	feed		gid://shopify/InventoryItem/55325111091585	ACTIVE
2026-08-21T04:53:41.847Z	4f032f2a10c9	fortura-86500	109	106	ok	feed		gid://shopify/InventoryItem/55325111189889	ACTIVE
2026-08-21T04:53:41.847Z	4f032f2a10c9	fortura-86866	164	113	ok	feed		gid://shopify/InventoryItem/55325111288193	ACTIVE
2026-08-21T04:53:41.847Z	4f032f2a10c9	fortura-25746	88	87	ok	feed		gid://shopify/InventoryItem/55325111320961	ACTIVE
2026-08-21T04:53:41.847Z	4f032f2a10c9	fortura-062151	93	83	ok	feed		gid://shopify/InventoryItem/55325111353729	ACTIVE
2026-08-21T04:53:41.847Z	4f032f2a10c9	fortura-87112	116	113	ok	feed		gid://shopify/InventoryItem/55325111386497	ACTIVE
2026-08-21T04:53:41.847Z	4f032f2a10c9	fortura-25749	40	39	ok	feed		gid://shopify/InventoryItem/55325111452033	ACTIVE
2026-08-21T04:53:41.847Z	4f032f2a10c9	fortura-87115	57	55	ok	feed		gid://shopify/InventoryItem/55325111484801	ACTIVE
2026-08-21T04:53:41.847Z	4f032f2a10c9	fortura-25752	25	15	ok	feed		gid://shopify/InventoryItem/55325111550337	ACTIVE
2026-08-21T04:53:41.847Z	4f032f2a10c9	fortura-87145	15	14	ok	feed		gid://shopify/InventoryItem/55325111583105	ACTIVE
2026-08-21T04:53:41.847Z	4f032f2a10c9	fortura-062604	37	35	ok	feed		gid://shopify/InventoryItem/55325111648641	ACTIVE
2026-08-21T04:53:41.847Z	4f032f2a10c9	fortura-87226	16	13	ok	feed		gid://shopify/InventoryItem/55325111681409	ACTIVE
2026-08-21T04:53:41.847Z	4f032f2a10c9	fortura-25770	297	296	ok	feed		gid://shopify/InventoryItem/55325111714177	ACTIVE
2026-08-21T04:53:41.847Z	4f032f2a10c9	fortura-87241	246	238	ok	feed		gid://shopify/InventoryItem/55325111779713	ACTIVE
2026-08-21T04:53:41.847Z	4f032f2a10c9	fortura-062733	27	26	ok	feed		gid://shopify/InventoryItem/55325111812481	ACTIVE
2026-08-21T04:53:41.847Z	4f032f2a10c9	fortura-25776	17	9	ok	feed		gid://shopify/InventoryItem/55325111943553	ACTIVE
2026-08-21T04:53:41.847Z	4f032f2a10c9	fortura-872534	21	19	ok	feed		gid://shopify/InventoryItem/55325111976321	ACTIVE
2026-08-21T04:53:41.847Z	4f032f2a10c9	fortura-063051	25	24	ok	feed		gid://shopify/InventoryItem/55325112009089	ACTIVE
2026-08-21T04:53:41.847Z	4f032f2a10c9	fortura-872537	21	20	ok	feed		gid://shopify/InventoryItem/55325112074625	ACTIVE
2026-08-21T04:53:41.847Z	4f032f2a10c9	fortura-25869	399	395	ok	feed		gid://shopify/InventoryItem/55325112140161	ACTIVE
2026-08-21T04:53:41.847Z	4f032f2a10c9	fortura-87292	68	66	ok	feed		gid://shopify/InventoryItem/55325112172929	ACTIVE
2026-08-21T04:53:41.847Z	4f032f2a10c9	fortura-25878	35	33	ok	feed		gid://shopify/InventoryItem/55325112304001	ACTIVE
2026-08-21T04:53:41.847Z	4f032f2a10c9	fortura-063150	25	23	ok	feed		gid://shopify/InventoryItem/55325112336769	ACTIVE
2026-08-21T04:53:41.848Z	4f032f2a10c9	fortura-87712	52	33	ok	feed		gid://shopify/InventoryItem/55325112369537	ACTIVE
2026-08-21T04:53:41.848Z	4f032f2a10c9	fortura-25887	318	294	ok	feed		gid://shopify/InventoryItem/55325112435073	ACTIVE
2026-08-21T04:53:41.848Z	4f032f2a10c9	fortura-88036	275	167	ok	feed		gid://shopify/InventoryItem/55325112500609	ACTIVE
2026-08-21T04:53:41.848Z	4f032f2a10c9	fortura-25890	56	53	ok	feed		gid://shopify/InventoryItem/55325112533377	ACTIVE
2026-08-21T04:53:42.852Z	4f032f2a10c9	fortura-10052	200	197	ok	feed		gid://shopify/InventoryItem/55325112566145	ACTIVE
2026-08-21T04:53:42.852Z	4f032f2a10c9	fortura-88093	45	43	ok	feed		gid://shopify/InventoryItem/55325112598913	ACTIVE
2026-08-21T04:53:42.852Z	4f032f2a10c9	fortura-10055	3258	2053	ok	feed		gid://shopify/InventoryItem/55325112664449	ACTIVE
2026-08-21T04:53:42.852Z	4f032f2a10c9	fortura-88144	28	14	ok	feed		gid://shopify/InventoryItem/55325112697217	ACTIVE
2026-08-21T04:53:42.852Z	4f032f2a10c9	fortura-33513	67	61	ok	feed		gid://shopify/InventoryItem/55325112861057	ACTIVE
2026-08-21T04:53:42.852Z	4f032f2a10c9	fortura-88591	96	95	ok	feed		gid://shopify/InventoryItem/55325112893825	ACTIVE
2026-08-21T04:53:42.852Z	4f032f2a10c9	fortura-17849	30	25	ok	feed		gid://shopify/InventoryItem/55325112926593	ACTIVE
2026-08-21T04:53:42.852Z	4f032f2a10c9	fortura-33516	11	7	ok	feed		gid://shopify/InventoryItem/55325112959361	ACTIVE
2026-08-21T04:53:42.852Z	4f032f2a10c9	fortura-33588	89	77	ok	feed		gid://shopify/InventoryItem/55325113057665	ACTIVE
2026-08-21T04:53:42.852Z	4f032f2a10c9	fortura-17861	60	58	ok	feed		gid://shopify/InventoryItem/55325113123201	ACTIVE
2026-08-21T04:53:42.852Z	4f032f2a10c9	fortura-33750	1200	1138	ok	feed		gid://shopify/InventoryItem/55325113155969	ACTIVE
2026-08-21T04:53:42.852Z	4f032f2a10c9	fortura-33909	41	38	ok	feed		gid://shopify/InventoryItem/55325113352577	ACTIVE
2026-08-21T04:53:42.852Z	4f032f2a10c9	fortura-33972	137	124	ok	feed		gid://shopify/InventoryItem/55325113450881	ACTIVE
2026-08-21T04:53:42.852Z	4f032f2a10c9	fortura-921125	49	45	ok	feed		gid://shopify/InventoryItem/55325113581953	ACTIVE
2026-08-21T04:53:42.852Z	4f032f2a10c9	fortura-17966	387	385	ok	feed		gid://shopify/InventoryItem/55325113647489	ACTIVE
2026-08-21T04:53:42.852Z	4f032f2a10c9	fortura-41343	3389	2467	ok	feed		gid://shopify/InventoryItem/55325113745793	ACTIVE
2026-08-21T04:53:42.852Z	4f032f2a10c9	fortura-20396	72	71	ok	feed		gid://shopify/InventoryItem/55325113811329	ACTIVE
2026-08-21T04:53:42.852Z	4f032f2a10c9	fortura-20402	78	72	ok	feed		gid://shopify/InventoryItem/55325113975169	ACTIVE
2026-08-21T04:53:42.852Z	4f032f2a10c9	fortura-20465	85	84	ok	feed		gid://shopify/InventoryItem/55325114171777	ACTIVE
2026-08-21T04:53:42.852Z	4f032f2a10c9	fortura-41673	61	60	ok	feed		gid://shopify/InventoryItem/55325114335617	ACTIVE
2026-08-21T04:53:42.852Z	4f032f2a10c9	fortura-21008	214	213	ok	feed		gid://shopify/InventoryItem/55325114368385	ACTIVE
2026-08-21T04:53:42.852Z	4f032f2a10c9	fortura-41676	228	180	ok	feed		gid://shopify/InventoryItem/55325114401153	ACTIVE
2026-08-21T04:53:42.852Z	4f032f2a10c9	fortura-21137	208	186	ok	feed		gid://shopify/InventoryItem/55325114564993	ACTIVE
2026-08-21T04:53:42.852Z	4f032f2a10c9	fortura-41793	7835	7764	ok	feed		gid://shopify/InventoryItem/55325114597761	ACTIVE
2026-08-21T04:53:42.852Z	4f032f2a10c9	fortura-42900	3433	8898	ok	feed		gid://shopify/InventoryItem/55325114663297	ACTIVE
2026-08-21T04:53:42.852Z	4f032f2a10c9	fortura-42915	247	131	ok	feed		gid://shopify/InventoryItem/55325114728833	ACTIVE
2026-08-21T04:53:42.852Z	4f032f2a10c9	fortura-21536	80	57	ok	feed		gid://shopify/InventoryItem/55325114827137	ACTIVE
2026-08-21T04:53:42.852Z	4f032f2a10c9	fortura-44061	5850	4838	ok	feed		gid://shopify/InventoryItem/55325114859905	ACTIVE
2026-08-21T04:53:42.852Z	4f032f2a10c9	fortura-25310	11284	11239	ok	feed		gid://shopify/InventoryItem/55325114892673	ACTIVE
2026-08-21T04:53:42.852Z	4f032f2a10c9	fortura-45837	4406	2281	ok	feed		gid://shopify/InventoryItem/55325114925441	ACTIVE
2026-08-21T04:53:42.852Z	4f032f2a10c9	fortura-488	90	89	ok	feed		gid://shopify/InventoryItem/55325114990977	ACTIVE
2026-08-21T04:53:42.852Z	4f032f2a10c9	fortura-254631	177	173	ok	feed		gid://shopify/InventoryItem/55325115154817	ACTIVE
2026-08-21T04:53:42.853Z	4f032f2a10c9	fortura-49350	46	77	ok	feed		gid://shopify/InventoryItem/55325115253121	ACTIVE
2026-08-21T04:53:42.853Z	4f032f2a10c9	fortura-49668	61	57	ok	feed		gid://shopify/InventoryItem/55325115449729	ACTIVE
2026-08-21T04:53:42.853Z	4f032f2a10c9	fortura-49671	11	10	ok	feed		gid://shopify/InventoryItem/55325115515265	ACTIVE
2026-08-21T04:53:42.853Z	4f032f2a10c9	fortura-50199	15891	15722	ok	feed		gid://shopify/InventoryItem/55325115580801	ACTIVE
2026-08-21T04:53:42.853Z	4f032f2a10c9	fortura-25832	92690	92687	ok	feed		gid://shopify/InventoryItem/55325115613569	ACTIVE
2026-08-21T04:53:42.853Z	4f032f2a10c9	fortura-512	94	80	ok	feed		gid://shopify/InventoryItem/55325115810177	ACTIVE
2026-08-21T04:53:42.853Z	4f032f2a10c9	fortura-26417	22	66	ok	feed		gid://shopify/InventoryItem/55325200580993	ACTIVE
2026-08-21T04:53:42.853Z	4f032f2a10c9	fortura-57114	8	6	ok	feed		gid://shopify/InventoryItem/55325200613761	ACTIVE
2026-08-21T04:53:42.853Z	4f032f2a10c9	fortura-57840	863	836	ok	feed		gid://shopify/InventoryItem/55325200679297	ACTIVE
2026-08-21T04:53:42.853Z	4f032f2a10c9	fortura-33101	105	424	ok	feed		gid://shopify/InventoryItem/55325200712065	ACTIVE
2026-08-21T04:53:42.853Z	4f032f2a10c9	fortura-33518	37	32	ok	feed		gid://shopify/InventoryItem/55325200777601	ACTIVE
2026-08-21T04:53:42.853Z	4f032f2a10c9	fortura-33665	79	77	ok	feed		gid://shopify/InventoryItem/55325200908673	ACTIVE
2026-08-21T04:53:42.853Z	4f032f2a10c9	fortura-33713	174	170	ok	feed		gid://shopify/InventoryItem/55325200974209	ACTIVE
2026-08-21T04:53:42.853Z	4f032f2a10c9	fortura-59564S	6	5	ok	feed		gid://shopify/InventoryItem/55325201203585	ACTIVE
2026-08-21T04:53:42.853Z	4f032f2a10c9	fortura-59649	22	18	ok	feed		gid://shopify/InventoryItem/55325201269121	ACTIVE
2026-08-21T04:53:42.853Z	4f032f2a10c9	fortura-59754	3419	2810	ok	feed		gid://shopify/InventoryItem/55325201334657	ACTIVE
2026-08-21T04:53:42.853Z	4f032f2a10c9	fortura-59778	1922	1553	ok	feed		gid://shopify/InventoryItem/55325201367425	ACTIVE
2026-08-21T04:53:42.853Z	4f032f2a10c9	fortura-368-01	13	12	ok	feed		gid://shopify/InventoryItem/55325201400193	ACTIVE
2026-08-21T04:53:42.853Z	4f032f2a10c9	fortura-59826	170	117	ok	feed		gid://shopify/InventoryItem/55325201465729	ACTIVE
2026-08-21T04:53:42.853Z	4f032f2a10c9	fortura-41543	212	188	ok	feed		gid://shopify/InventoryItem/55325201531265	ACTIVE
2026-08-21T04:53:42.853Z	4f032f2a10c9	fortura-59844	20	12	ok	feed		gid://shopify/InventoryItem/55325201564033	ACTIVE
2026-08-21T04:53:42.853Z	4f032f2a10c9	fortura-60333	315	4	ok	feed		gid://shopify/InventoryItem/55325201629569	ACTIVE
2026-08-21T04:53:42.853Z	4f032f2a10c9	fortura-41669	81	76	ok	feed		gid://shopify/InventoryItem/55325201662337	ACTIVE
2026-08-21T04:53:42.853Z	4f032f2a10c9	fortura-60645	1732	1660	ok	feed		gid://shopify/InventoryItem/55325201760641	ACTIVE
2026-08-21T04:53:42.853Z	4f032f2a10c9	fortura-64425	48	47	ok	feed		gid://shopify/InventoryItem/55325201957249	ACTIVE
2026-08-21T04:53:42.853Z	4f032f2a10c9	fortura-430	274	257	ok	feed		gid://shopify/InventoryItem/55325202055553	ACTIVE
2026-08-21T04:53:42.853Z	4f032f2a10c9	fortura-45593	18610	17408	ok	feed		gid://shopify/InventoryItem/55325202121089	ACTIVE
2026-08-21T04:53:42.853Z	4f032f2a10c9	fortura-45836	10049	7624	ok	feed		gid://shopify/InventoryItem/55325202186625	ACTIVE
2026-08-21T04:53:42.853Z	4f032f2a10c9	fortura-49277	73	71	ok	feed		gid://shopify/InventoryItem/55325202252161	ACTIVE
2026-08-21T04:53:42.853Z	4f032f2a10c9	fortura-49280	307	259	ok	feed		gid://shopify/InventoryItem/55325202317697	ACTIVE
2026-08-21T04:53:42.853Z	4f032f2a10c9	fortura-67755	344	141	ok	feed		gid://shopify/InventoryItem/55325202350465	ACTIVE
2026-08-21T04:53:42.853Z	4f032f2a10c9	fortura-68964	137	132	ok	feed		gid://shopify/InventoryItem/55325202383233	ACTIVE
2026-08-21T04:53:42.853Z	4f032f2a10c9	fortura-70467	193	191	ok	feed		gid://shopify/InventoryItem/55325202448769	ACTIVE
2026-08-21T04:53:42.853Z	4f032f2a10c9	fortura-71466	75	62	ok	feed		gid://shopify/InventoryItem/55325202514305	ACTIVE
2026-08-21T04:53:42.853Z	4f032f2a10c9	fortura-78249	205	203	ok	feed		gid://shopify/InventoryItem/55325202579841	ACTIVE
2026-08-21T04:53:42.853Z	4f032f2a10c9	fortura-80442	419	337	ok	feed		gid://shopify/InventoryItem/55325202710913	ACTIVE
2026-08-21T04:53:42.853Z	4f032f2a10c9	fortura-50672-2	84	83	ok	feed		gid://shopify/InventoryItem/55325202743681	ACTIVE
2026-08-21T04:53:42.853Z	4f032f2a10c9	fortura-50675-2	38	58	ok	feed		gid://shopify/InventoryItem/55325202809217	ACTIVE
2026-08-21T04:53:42.853Z	4f032f2a10c9	fortura-517	41	36	ok	feed		gid://shopify/InventoryItem/55325202874753	ACTIVE
2026-08-21T04:53:42.853Z	4f032f2a10c9	fortura-82377	22	20	ok	feed		gid://shopify/InventoryItem/55325204218241	ACTIVE
2026-08-21T04:53:42.853Z	4f032f2a10c9	fortura-82791	95	80	ok	feed		gid://shopify/InventoryItem/55325204349313	ACTIVE
2026-08-21T04:53:42.853Z	4f032f2a10c9	fortura-83829	56	55	ok	feed		gid://shopify/InventoryItem/55325204382081	ACTIVE
2026-08-21T04:53:42.853Z	4f032f2a10c9	fortura-57713	54	53	ok	feed		gid://shopify/InventoryItem/55325204480385	ACTIVE
2026-08-21T04:53:42.853Z	4f032f2a10c9	fortura-84747	47	31	ok	feed		gid://shopify/InventoryItem/55325204513153	ACTIVE
2026-08-21T04:53:42.853Z	4f032f2a10c9	fortura-84771	36	840	ok	feed		gid://shopify/InventoryItem/55325204578689	ACTIVE
2026-08-21T04:53:42.853Z	4f032f2a10c9	fortura-57794	70	68	ok	feed		gid://shopify/InventoryItem/55325204611457	ACTIVE
2026-08-21T04:53:42.853Z	4f032f2a10c9	fortura-85530	91	89	ok	feed		gid://shopify/InventoryItem/55325204644225	ACTIVE
2026-08-21T04:53:42.853Z	4f032f2a10c9	fortura-57824	3047	2975	ok	feed		gid://shopify/InventoryItem/55325204676993	ACTIVE
2026-08-21T04:53:42.853Z	4f032f2a10c9	fortura-85731	51	33	ok	feed		gid://shopify/InventoryItem/55325204709761	ACTIVE
2026-08-21T04:53:42.853Z	4f032f2a10c9	fortura-57947	264	262	ok	feed		gid://shopify/InventoryItem/55325204742529	ACTIVE
2026-08-21T04:53:42.853Z	4f032f2a10c9	fortura-85734	219	218	ok	feed		gid://shopify/InventoryItem/55325204775297	ACTIVE
2026-08-21T04:53:42.853Z	4f032f2a10c9	fortura-85740	73	72	ok	feed		gid://shopify/InventoryItem/55325204939137	ACTIVE
2026-08-21T04:53:42.853Z	4f032f2a10c9	fortura-86055	185	180	ok	feed		gid://shopify/InventoryItem/55325204971905	ACTIVE
2026-08-21T04:53:42.853Z	4f032f2a10c9	fortura-59645	61	60	ok	feed		gid://shopify/InventoryItem/55325205004673	ACTIVE
2026-08-21T04:53:42.853Z	4f032f2a10c9	fortura-86877	117	84	ok	feed		gid://shopify/InventoryItem/55325205234049	ACTIVE
2026-08-21T04:53:42.853Z	4f032f2a10c9	fortura-64427	86	85	ok	feed		gid://shopify/InventoryItem/55325205266817	ACTIVE
2026-08-21T04:53:42.853Z	4f032f2a10c9	fortura-87243	3482	2558	ok	feed		gid://shopify/InventoryItem/55325205299585	ACTIVE
2026-08-21T04:53:42.853Z	4f032f2a10c9	fortura-64430	31	30	ok	feed		gid://shopify/InventoryItem/55325205332353	ACTIVE
2026-08-21T04:53:42.853Z	4f032f2a10c9	fortura-64433	47	46	ok	feed		gid://shopify/InventoryItem/55325205430657	ACTIVE
2026-08-21T04:53:42.853Z	4f032f2a10c9	fortura-872536	11	10	ok	feed		gid://shopify/InventoryItem/55325205463425	ACTIVE
2026-08-21T04:53:42.853Z	4f032f2a10c9	fortura-87711	23	22	ok	feed		gid://shopify/InventoryItem/55325205594497	ACTIVE
2026-08-21T04:53:42.853Z	4f032f2a10c9	fortura-88158	7	6	ok	feed		gid://shopify/InventoryItem/55325205660033	ACTIVE
2026-08-21T04:53:42.853Z	4f032f2a10c9	fortura-88593	34	33	ok	feed		gid://shopify/InventoryItem/55325205823873	ACTIVE
2026-08-21T04:53:42.853Z	4f032f2a10c9	fortura-81038	84	83	ok	feed		gid://shopify/InventoryItem/55325205856641	ACTIVE
2026-08-21T04:53:42.853Z	4f032f2a10c9	fortura-81974	27	25	ok	feed		gid://shopify/InventoryItem/55325205922177	ACTIVE
2026-08-21T04:53:42.853Z	4f032f2a10c9	fortura-901414	23	21	ok	feed		gid://shopify/InventoryItem/55325206118785	ACTIVE
2026-08-21T04:53:42.853Z	4f032f2a10c9	fortura-83828	119	118	ok	feed		gid://shopify/InventoryItem/55325206217089	ACTIVE
2026-08-21T04:53:42.853Z	4f032f2a10c9	fortura-84770	45	765	ok	feed		gid://shopify/InventoryItem/55325206315393	ACTIVE
2026-08-21T04:53:43.831Z	4f032f2a10c9	fortura-85211	198	196	ok	feed		gid://shopify/InventoryItem/55325206380929	ACTIVE
2026-08-21T04:53:43.831Z	4f032f2a10c9	fortura-85580	158	84	ok	feed		gid://shopify/InventoryItem/55325206446465	ACTIVE
2026-08-21T04:53:43.831Z	4f032f2a10c9	fortura-93063	54	53	ok	feed		gid://shopify/InventoryItem/55325206577537	ACTIVE
2026-08-21T04:53:43.831Z	4f032f2a10c9	fortura-85739	107	105	ok	feed		gid://shopify/InventoryItem/55325206610305	ACTIVE
2026-08-21T04:53:43.831Z	4f032f2a10c9	fortura-930742	110	107	ok	feed		gid://shopify/InventoryItem/55325206643073	ACTIVE
2026-08-21T04:53:43.831Z	4f032f2a10c9	fortura-85829	98	96	ok	feed		gid://shopify/InventoryItem/55325206675841	ACTIVE
2026-08-21T04:53:43.831Z	4f032f2a10c9	fortura-86780	234	166	ok	feed		gid://shopify/InventoryItem/55325206839681	ACTIVE
2026-08-21T04:53:43.831Z	4f032f2a10c9	fortura-87227	262	242	ok	feed		gid://shopify/InventoryItem/55325206905217	ACTIVE
2026-08-21T04:53:43.831Z	4f032f2a10c9	fortura-87251	18600	17399	ok	feed		gid://shopify/InventoryItem/55325207036289	ACTIVE
2026-08-21T04:53:43.831Z	4f032f2a10c9	fortura-872535	18	15	ok	feed		gid://shopify/InventoryItem/55325207134593	ACTIVE
2026-08-21T04:53:43.831Z	4f032f2a10c9	fortura-872538	32	29	ok	feed		gid://shopify/InventoryItem/55325207200129	ACTIVE
2026-08-21T04:53:43.831Z	4f032f2a10c9	fortura-87623	46	45	ok	feed		gid://shopify/InventoryItem/55325207265665	ACTIVE
2026-08-21T04:53:43.831Z	4f032f2a10c9	fortura-87797	56	55	ok	feed		gid://shopify/InventoryItem/55325207429505	ACTIVE
2026-08-21T04:53:43.831Z	4f032f2a10c9	fortura-87818	721	694	ok	feed		gid://shopify/InventoryItem/55325207462273	ACTIVE
2026-08-21T04:53:43.831Z	4f032f2a10c9	fortura-88109	17	7	ok	feed		gid://shopify/InventoryItem/55325207495041	ACTIVE
2026-08-21T04:53:43.831Z	4f032f2a10c9	fortura-88595	73	71	ok	feed		gid://shopify/InventoryItem/55325207626113	ACTIVE
2026-08-21T04:53:43.831Z	4f032f2a10c9	fortura-901377	108	102	ok	feed		gid://shopify/InventoryItem/55325207658881	ACTIVE
2026-08-21T04:53:43.831Z	4f032f2a10c9	fortura-904H	165	164	ok	feed		gid://shopify/InventoryItem/55325207724417	ACTIVE
2026-08-21T04:53:43.831Z	4f032f2a10c9	fortura-921126	58	57	ok	feed		gid://shopify/InventoryItem/55325207855489	ACTIVE
2026-08-21T04:53:43.831Z	4f032f2a10c9	fortura-930741	86	85	ok	feed		gid://shopify/InventoryItem/55325207888257	ACTIVE
2026-08-21T04:53:43.831Z	4f032f2a10c9	fortura-AC6057117	11	10	ok	feed		gid://shopify/InventoryItem/55325208150401	ACTIVE
2026-08-21T04:53:43.831Z	4f032f2a10c9	fortura-CK4120104	4	3	ok	feed		gid://shopify/InventoryItem/55413075018113	ACTIVE
2026-08-21T04:53:43.831Z	4f032f2a10c9	fortura-CK4192M	3	6	ok	feed		gid://shopify/InventoryItem/55413075181953	ACTIVE
2026-08-21T04:53:43.831Z	4f032f2a10c9	fortura-HB2887ML	17	15	ok	feed		gid://shopify/InventoryItem/55323187544449	DRAFT
2026-08-21T04:53:43.831Z	4f032f2a10c9	fortura-HB2899XL	3	2	ok	feed		gid://shopify/InventoryItem/55323188167041	DRAFT
2026-08-21T04:53:43.831Z	4f032f2a10c9	fortura-33034	362	231	ok	feed		gid://shopify/InventoryItem/55323193377153	DRAFT
2026-08-21T04:53:43.831Z	4f032f2a10c9	fortura-59826	170	117	ok	feed		gid://shopify/InventoryItem/55323193442689	DRAFT
2026-08-21T04:53:43.831Z	4f032f2a10c9	fortura-80442	419	337	ok	feed		gid://shopify/InventoryItem/55323193540993	DRAFT
2026-08-21T04:53:43.831Z	4f032f2a10c9	fortura-85450	1	0	ok	feed		gid://shopify/InventoryItem/55323193606529	DRAFT
2026-08-21T04:53:43.831Z	4f032f2a10c9	fortura-02010	51	47	ok	feed		gid://shopify/InventoryItem/55323222770049	DRAFT
2026-08-21T04:53:43.831Z	4f032f2a10c9	fortura-02017	32	28	ok	feed		gid://shopify/InventoryItem/55323222835585	DRAFT
2026-08-21T04:53:43.831Z	4f032f2a10c9	fortura-02019	35	12	ok	feed		gid://shopify/InventoryItem/55323222966657	DRAFT
2026-08-21T04:53:43.831Z	4f032f2a10c9	fortura-02026	33	25	ok	feed		gid://shopify/InventoryItem/55323223097729	DRAFT
2026-08-21T04:53:43.831Z	4f032f2a10c9	fortura-02031	1	0	ok	feed		gid://shopify/InventoryItem/55323223163265	DRAFT
2026-08-21T04:53:43.831Z	4f032f2a10c9	fortura-02032	60	55	ok	feed		gid://shopify/InventoryItem/55323223196033	DRAFT
2026-08-21T04:53:43.831Z	4f032f2a10c9	fortura-02033	581	576	ok	feed		gid://shopify/InventoryItem/55323223261569	DRAFT
2026-08-21T04:53:43.831Z	4f032f2a10c9	fortura-02035	48	36	ok	feed		gid://shopify/InventoryItem/55323224146305	DRAFT
2026-08-21T04:53:43.831Z	4f032f2a10c9	fortura-02036	198	194	ok	feed		gid://shopify/InventoryItem/55323224179073	DRAFT
2026-08-21T04:53:43.831Z	4f032f2a10c9	fortura-02037	99	94	ok	feed		gid://shopify/InventoryItem/55323224211841	DRAFT
2026-08-21T04:53:43.831Z	4f032f2a10c9	fortura-02038	316	298	ok	feed		gid://shopify/InventoryItem/55323224244609	DRAFT
2026-08-21T04:53:43.831Z	4f032f2a10c9	fortura-02039	223	211	ok	feed		gid://shopify/InventoryItem/55323224277377	DRAFT
2026-08-21T04:53:43.831Z	4f032f2a10c9	fortura-02045	2	0	ok	feed		gid://shopify/InventoryItem/55323224310145	DRAFT
2026-08-21T04:53:43.831Z	4f032f2a10c9	fortura-02052	126	125	ok	feed		gid://shopify/InventoryItem/55323224408449	DRAFT
2026-08-21T04:53:43.831Z	4f032f2a10c9	fortura-02106	39	33	ok	feed		gid://shopify/InventoryItem/55323224768897	DRAFT
2026-08-21T04:53:43.831Z	4f032f2a10c9	fortura-02108	46	45	ok	feed		gid://shopify/InventoryItem/55323224834433	DRAFT
2026-08-21T04:53:43.831Z	4f032f2a10c9	fortura-02110	26	27	ok	feed		gid://shopify/InventoryItem/55323225194881	DRAFT
2026-08-21T04:53:43.831Z	4f032f2a10c9	fortura-02112	24	23	ok	feed		gid://shopify/InventoryItem/55323225293185	DRAFT
2026-08-21T04:53:43.831Z	4f032f2a10c9	fortura-02120	32	31	ok	feed		gid://shopify/InventoryItem/55323225358721	DRAFT
2026-08-21T04:53:43.831Z	4f032f2a10c9	fortura-02121	107	106	ok	feed		gid://shopify/InventoryItem/55323226571137	DRAFT
2026-08-21T04:53:43.831Z	4f032f2a10c9	fortura-02122	94	88	ok	feed		gid://shopify/InventoryItem/55323228569985	DRAFT
2026-08-21T04:53:43.831Z	4f032f2a10c9	fortura-02125	23	21	ok	feed		gid://shopify/InventoryItem/55323228635521	DRAFT
2026-08-21T04:53:43.831Z	4f032f2a10c9	fortura-02127	57	48	ok	feed		gid://shopify/InventoryItem/55323228701057	DRAFT
2026-08-21T04:53:43.831Z	4f032f2a10c9	fortura-02129	30	28	ok	feed		gid://shopify/InventoryItem/55323228733825	DRAFT
2026-08-21T04:53:43.831Z	4f032f2a10c9	fortura-02130	58	55	ok	feed		gid://shopify/InventoryItem/55323228799361	DRAFT
2026-08-21T04:53:43.831Z	4f032f2a10c9	fortura-02131	24	20	ok	feed		gid://shopify/InventoryItem/55323228832129	DRAFT
2026-08-21T04:53:43.831Z	4f032f2a10c9	fortura-02132	248	246	ok	feed		gid://shopify/InventoryItem/55323228897665	DRAFT
2026-08-21T04:53:43.831Z	4f032f2a10c9	fortura-02133	40	28	ok	feed		gid://shopify/InventoryItem/55323228930433	DRAFT
2026-08-21T04:53:43.831Z	4f032f2a10c9	fortura-02134	44	40	ok	feed		gid://shopify/InventoryItem/55323228963201	DRAFT
2026-08-21T04:53:43.831Z	4f032f2a10c9	fortura-02135	53	50	ok	feed		gid://shopify/InventoryItem/55323228995969	DRAFT
2026-08-21T04:53:43.831Z	4f032f2a10c9	fortura-02136	68	62	ok	feed		gid://shopify/InventoryItem/55323229061505	DRAFT
2026-08-21T04:53:43.831Z	4f032f2a10c9	fortura-02140	20	18	ok	feed		gid://shopify/InventoryItem/55323229225345	DRAFT
2026-08-21T04:53:43.831Z	4f032f2a10c9	fortura-02141	26	19	ok	feed		gid://shopify/InventoryItem/55323229290881	DRAFT
2026-08-21T04:53:43.831Z	4f032f2a10c9	fortura-02180	53	49	ok	feed		gid://shopify/InventoryItem/55323229356417	DRAFT
2026-08-21T04:53:43.831Z	4f032f2a10c9	fortura-02182	32	31	ok	feed		gid://shopify/InventoryItem/55323229389185	DRAFT
2026-08-21T04:53:43.831Z	4f032f2a10c9	fortura-02184	281	266	ok	feed		gid://shopify/InventoryItem/55323229487489	DRAFT
2026-08-21T04:53:43.831Z	4f032f2a10c9	fortura-02190	118	111	ok	feed		gid://shopify/InventoryItem/55323229520257	DRAFT
2026-08-21T04:53:43.831Z	4f032f2a10c9	fortura-02191	76	72	ok	feed		gid://shopify/InventoryItem/55323229585793	DRAFT
2026-08-21T04:53:43.831Z	4f032f2a10c9	fortura-02192	26	12	ok	feed		gid://shopify/InventoryItem/55323229618561	DRAFT
2026-08-21T04:53:43.831Z	4f032f2a10c9	fortura-02203	75	73	ok	feed		gid://shopify/InventoryItem/55323229716865	DRAFT
2026-08-21T04:53:43.831Z	4f032f2a10c9	fortura-02204	74	68	ok	feed		gid://shopify/InventoryItem/55323229782401	DRAFT
2026-08-21T04:53:43.831Z	4f032f2a10c9	fortura-02207	29	28	ok	feed		gid://shopify/InventoryItem/55323229815169	DRAFT
2026-08-21T04:53:43.831Z	4f032f2a10c9	fortura-02209	26	20	ok	feed		gid://shopify/InventoryItem/55323229847937	DRAFT
2026-08-21T04:53:43.831Z	4f032f2a10c9	fortura-02211	40	28	ok	feed		gid://shopify/InventoryItem/55323229880705	DRAFT
2026-08-21T04:53:43.831Z	4f032f2a10c9	fortura-02212	30	29	ok	feed		gid://shopify/InventoryItem/55323229946241	DRAFT
2026-08-21T04:53:43.831Z	4f032f2a10c9	fortura-02214	23	20	ok	feed		gid://shopify/InventoryItem/55323229979009	DRAFT
2026-08-21T04:53:43.831Z	4f032f2a10c9	fortura-02216	69	38	ok	feed		gid://shopify/InventoryItem/55323230044545	DRAFT
2026-08-21T04:53:43.832Z	4f032f2a10c9	fortura-02217	29	27	ok	feed		gid://shopify/InventoryItem/55323230175617	DRAFT
2026-08-21T04:53:43.832Z	4f032f2a10c9	fortura-02218	196	189	ok	feed		gid://shopify/InventoryItem/55323230208385	DRAFT
2026-08-21T04:53:43.832Z	4f032f2a10c9	fortura-02220	171	156	ok	feed		gid://shopify/InventoryItem/55323230241153	DRAFT
2026-08-21T04:53:43.832Z	4f032f2a10c9	fortura-02222	9	4	ok	feed		gid://shopify/InventoryItem/55323230273921	DRAFT
2026-08-21T04:53:43.832Z	4f032f2a10c9	fortura-02224	2	0	ok	feed		gid://shopify/InventoryItem/55323230470529	DRAFT
2026-08-21T04:53:43.832Z	4f032f2a10c9	fortura-02225	45	44	ok	feed		gid://shopify/InventoryItem/55323230503297	DRAFT
2026-08-21T04:53:43.832Z	4f032f2a10c9	fortura-02226	25	22	ok	feed		gid://shopify/InventoryItem/55323230536065	DRAFT
2026-08-21T04:53:43.832Z	4f032f2a10c9	fortura-02227	77	71	ok	feed		gid://shopify/InventoryItem/55323230568833	DRAFT
2026-08-21T04:53:43.832Z	4f032f2a10c9	fortura-02228	86	81	ok	feed		gid://shopify/InventoryItem/55323230667137	DRAFT
2026-08-21T04:53:43.832Z	4f032f2a10c9	fortura-02250	21	19	ok	feed		gid://shopify/InventoryItem/55323230732673	DRAFT
2026-08-21T04:53:43.832Z	4f032f2a10c9	fortura-02252	42	38	ok	feed		gid://shopify/InventoryItem/55323230798209	DRAFT
2026-08-21T04:53:43.832Z	4f032f2a10c9	fortura-02324	8	2	ok	feed		gid://shopify/InventoryItem/55323230830977	DRAFT
2026-08-21T04:53:43.832Z	4f032f2a10c9	fortura-02327	34	18	ok	feed		gid://shopify/InventoryItem/55323230929281	DRAFT
2026-08-21T04:53:43.832Z	4f032f2a10c9	fortura-02329	36	18	ok	feed		gid://shopify/InventoryItem/55323231027585	DRAFT
2026-08-21T04:53:43.832Z	4f032f2a10c9	fortura-02330	35	31	ok	feed		gid://shopify/InventoryItem/55323231093121	DRAFT
2026-08-21T04:53:43.832Z	4f032f2a10c9	fortura-02347	45	35	ok	feed		gid://shopify/InventoryItem/55323231158657	DRAFT
2026-08-21T04:53:43.832Z	4f032f2a10c9	fortura-02415	17	16	ok	feed		gid://shopify/InventoryItem/55323231191425	DRAFT
2026-08-21T04:53:43.832Z	4f032f2a10c9	fortura-02433	80	79	ok	feed		gid://shopify/InventoryItem/55323231846785	DRAFT
2026-08-21T04:53:43.832Z	4f032f2a10c9	fortura-02443	33	28	ok	feed		gid://shopify/InventoryItem/55323231879553	DRAFT
2026-08-21T04:53:43.832Z	4f032f2a10c9	fortura-02445	23	19	ok	feed		gid://shopify/InventoryItem/55323231945089	DRAFT
2026-08-21T04:53:43.832Z	4f032f2a10c9	fortura-02454	12	10	ok	feed		gid://shopify/InventoryItem/55323232108929	DRAFT
2026-08-21T04:53:43.832Z	4f032f2a10c9	fortura-02455	92	90	ok	feed		gid://shopify/InventoryItem/55323232207233	DRAFT
2026-08-21T04:53:43.832Z	4f032f2a10c9	fortura-02456	36	32	ok	feed		gid://shopify/InventoryItem/55323232502145	DRAFT
2026-08-21T04:53:43.832Z	4f032f2a10c9	fortura-02465	64	46	ok	feed		gid://shopify/InventoryItem/55323232797057	DRAFT
2026-08-21T04:53:44.892Z	4f032f2a10c9	fortura-02466	39	36	ok	feed		gid://shopify/InventoryItem/55323232862593	DRAFT
2026-08-21T04:53:44.892Z	4f032f2a10c9	fortura-02481	38	34	ok	feed		gid://shopify/InventoryItem/55323232895361	DRAFT
2026-08-21T04:53:44.892Z	4f032f2a10c9	fortura-02485	46	44	ok	feed		gid://shopify/InventoryItem/55323233091969	DRAFT
2026-08-21T04:53:44.892Z	4f032f2a10c9	fortura-02490	58	53	ok	feed		gid://shopify/InventoryItem/55323233190273	DRAFT
2026-08-21T04:53:44.892Z	4f032f2a10c9	fortura-02491	88	81	ok	feed		gid://shopify/InventoryItem/55323233255809	DRAFT
2026-08-21T04:53:44.892Z	4f032f2a10c9	fortura-02500	33	25	ok	feed		gid://shopify/InventoryItem/55323233354113	DRAFT
2026-08-21T04:53:44.892Z	4f032f2a10c9	fortura-02501	20	17	ok	feed		gid://shopify/InventoryItem/55323233485185	DRAFT
2026-08-21T04:53:44.892Z	4f032f2a10c9	fortura-02502	13	11	ok	feed		gid://shopify/InventoryItem/55323233780097	DRAFT
2026-08-21T04:53:44.892Z	4f032f2a10c9	fortura-02503	30	29	ok	feed		gid://shopify/InventoryItem/55323234304385	DRAFT
2026-08-21T04:53:44.892Z	4f032f2a10c9	fortura-02509	83	81	ok	feed		gid://shopify/InventoryItem/55323237024129	DRAFT
2026-08-21T04:53:44.892Z	4f032f2a10c9	fortura-02511	61	53	ok	feed		gid://shopify/InventoryItem/55323238629761	DRAFT
2026-08-21T04:53:44.892Z	4f032f2a10c9	fortura-02512	30	28	ok	feed		gid://shopify/InventoryItem/55323238695297	DRAFT
2026-08-21T04:53:44.892Z	4f032f2a10c9	fortura-02513	50	49	ok	feed		gid://shopify/InventoryItem/55323238728065	DRAFT
2026-08-21T04:53:44.892Z	4f032f2a10c9	fortura-02525	6	4	ok	feed		gid://shopify/InventoryItem/55323238760833	DRAFT
2026-08-21T04:53:44.892Z	4f032f2a10c9	fortura-02526	43	42	ok	feed		gid://shopify/InventoryItem/55323239121281	DRAFT
2026-08-21T04:53:44.892Z	4f032f2a10c9	fortura-02528	11	9	ok	feed		gid://shopify/InventoryItem/55323239154049	DRAFT
2026-08-21T04:53:44.892Z	4f032f2a10c9	fortura-02543	9	8	ok	feed		gid://shopify/InventoryItem/55323239285121	DRAFT
2026-08-21T04:53:44.892Z	4f032f2a10c9	fortura-02544	76	75	ok	feed		gid://shopify/InventoryItem/55323239383425	DRAFT
2026-08-21T04:53:44.892Z	4f032f2a10c9	fortura-02572	33	31	ok	feed		gid://shopify/InventoryItem/55323239678337	DRAFT
2026-08-21T04:53:44.892Z	4f032f2a10c9	fortura-02582	48	42	ok	feed		gid://shopify/InventoryItem/55323239711105	DRAFT
2026-08-21T04:53:44.892Z	4f032f2a10c9	fortura-02587	1	0	ok	feed		gid://shopify/InventoryItem/55323240038785	DRAFT
2026-08-21T04:53:44.892Z	4f032f2a10c9	fortura-02592	48	47	ok	feed		gid://shopify/InventoryItem/55323240169857	DRAFT
2026-08-21T04:53:44.892Z	4f032f2a10c9	fortura-02598	58	57	ok	feed		gid://shopify/InventoryItem/55323240300929	DRAFT
2026-08-21T04:53:44.892Z	4f032f2a10c9	fortura-02671	20	18	ok	feed		gid://shopify/InventoryItem/55323240432001	DRAFT
2026-08-21T04:53:44.892Z	4f032f2a10c9	fortura-02672	58	57	ok	feed		gid://shopify/InventoryItem/55323240497537	DRAFT
2026-08-21T04:53:44.892Z	4f032f2a10c9	fortura-02673	76	73	ok	feed		gid://shopify/InventoryItem/55323240563073	DRAFT
2026-08-21T04:53:44.892Z	4f032f2a10c9	fortura-02674	44	41	ok	feed		gid://shopify/InventoryItem/55323240595841	DRAFT
2026-08-21T04:53:44.892Z	4f032f2a10c9	fortura-02675	54	53	ok	feed		gid://shopify/InventoryItem/55323240890753	DRAFT
2026-08-21T04:53:44.892Z	4f032f2a10c9	fortura-02676	96	95	ok	feed		gid://shopify/InventoryItem/55323240956289	DRAFT
2026-08-21T04:53:44.892Z	4f032f2a10c9	fortura-02677	58	57	ok	feed		gid://shopify/InventoryItem/55323240989057	DRAFT
2026-08-21T04:53:44.892Z	4f032f2a10c9	fortura-02685	46	43	ok	feed		gid://shopify/InventoryItem/55323241349505	DRAFT
2026-08-21T04:53:44.892Z	4f032f2a10c9	fortura-02739	33	32	ok	feed		gid://shopify/InventoryItem/55323241382273	DRAFT
2026-08-21T04:53:44.892Z	4f032f2a10c9	fortura-02741	37	32	ok	feed		gid://shopify/InventoryItem/55323241447809	DRAFT
2026-08-21T04:53:44.892Z	4f032f2a10c9	fortura-02750	13	11	ok	feed		gid://shopify/InventoryItem/55323241513345	DRAFT
2026-08-21T04:53:44.892Z	4f032f2a10c9	fortura-02752	32	31	ok	feed		gid://shopify/InventoryItem/55323242627457	DRAFT
2026-08-21T04:53:44.892Z	4f032f2a10c9	fortura-02765	22	20	ok	feed		gid://shopify/InventoryItem/55323242692993	DRAFT
2026-08-21T04:53:44.892Z	4f032f2a10c9	fortura-02769	23	21	ok	feed		gid://shopify/InventoryItem/55323242725761	DRAFT
2026-08-21T04:53:44.892Z	4f032f2a10c9	fortura-02771	42	38	ok	feed		gid://shopify/InventoryItem/55323242758529	DRAFT
2026-08-21T04:53:44.892Z	4f032f2a10c9	fortura-02772	30	29	ok	feed		gid://shopify/InventoryItem/55323242791297	DRAFT
2026-08-21T04:53:44.892Z	4f032f2a10c9	fortura-02774	58	57	ok	feed		gid://shopify/InventoryItem/55323242889601	DRAFT
2026-08-21T04:53:44.892Z	4f032f2a10c9	fortura-02813	3	2	ok	feed		gid://shopify/InventoryItem/55323243544961	DRAFT
2026-08-21T04:53:44.892Z	4f032f2a10c9	fortura-02815	10	8	ok	feed		gid://shopify/InventoryItem/55323244757377	DRAFT
2026-08-21T04:53:44.892Z	4f032f2a10c9	fortura-03012	11	6	ok	feed		gid://shopify/InventoryItem/55323245085057	DRAFT
2026-08-21T04:53:44.892Z	4f032f2a10c9	fortura-03013	38	36	ok	feed		gid://shopify/InventoryItem/55323245117825	DRAFT
2026-08-21T04:53:44.892Z	4f032f2a10c9	fortura-03040	23	18	ok	feed		gid://shopify/InventoryItem/55323246461313	DRAFT
2026-08-21T04:53:44.892Z	4f032f2a10c9	fortura-03041	15	14	ok	feed		gid://shopify/InventoryItem/55323246494081	DRAFT
2026-08-21T04:53:44.892Z	4f032f2a10c9	fortura-03046	10	4	ok	feed		gid://shopify/InventoryItem/55323246526849	DRAFT
2026-08-21T04:53:44.892Z	4f032f2a10c9	fortura-03047	30	26	ok	feed		gid://shopify/InventoryItem/55323246657921	DRAFT
2026-08-21T04:53:44.892Z	4f032f2a10c9	fortura-03120	50	40	ok	feed		gid://shopify/InventoryItem/55323246756225	DRAFT
2026-08-21T04:53:44.892Z	4f032f2a10c9	fortura-03150	58	57	ok	feed		gid://shopify/InventoryItem/55323246854529	DRAFT
2026-08-21T04:53:44.892Z	4f032f2a10c9	fortura-03151	53	52	ok	feed		gid://shopify/InventoryItem/55323246887297	DRAFT
2026-08-21T04:53:44.892Z	4f032f2a10c9	fortura-03160	93	87	ok	feed		gid://shopify/InventoryItem/55323246920065	DRAFT
2026-08-21T04:53:44.892Z	4f032f2a10c9	fortura-03161	59	56	ok	feed		gid://shopify/InventoryItem/55323246952833	DRAFT
2026-08-21T04:53:44.892Z	4f032f2a10c9	fortura-03162	15	6	ok	feed		gid://shopify/InventoryItem/55323247083905	DRAFT
2026-08-21T04:53:44.892Z	4f032f2a10c9	fortura-03180	32	31	ok	feed		gid://shopify/InventoryItem/55323247247745	DRAFT
2026-08-21T04:53:44.892Z	4f032f2a10c9	fortura-03181	24	20	ok	feed		gid://shopify/InventoryItem/55323247313281	DRAFT
2026-08-21T04:53:44.892Z	4f032f2a10c9	fortura-03190	35	34	ok	feed		gid://shopify/InventoryItem/55323247378817	DRAFT
2026-08-21T04:53:44.892Z	4f032f2a10c9	fortura-03198	14	12	ok	feed		gid://shopify/InventoryItem/55323247444353	DRAFT
2026-08-21T04:53:44.892Z	4f032f2a10c9	fortura-03451	45	41	ok	feed		gid://shopify/InventoryItem/55323248984449	DRAFT
2026-08-21T04:53:44.892Z	4f032f2a10c9	fortura-03453	48	47	ok	feed		gid://shopify/InventoryItem/55323249049985	DRAFT
2026-08-21T04:53:44.892Z	4f032f2a10c9	fortura-03472	71	69	ok	feed		gid://shopify/InventoryItem/55323249148289	DRAFT
2026-08-21T04:53:44.892Z	4f032f2a10c9	fortura-03481	8	7	ok	feed		gid://shopify/InventoryItem/55323249344897	DRAFT
2026-08-21T04:53:44.892Z	4f032f2a10c9	fortura-03548	40	31	ok	feed		gid://shopify/InventoryItem/55323250524545	DRAFT
2026-08-21T04:53:44.892Z	4f032f2a10c9	fortura-03571	76	75	ok	feed		gid://shopify/InventoryItem/55323306623361	DRAFT
2026-08-21T04:53:44.892Z	4f032f2a10c9	fortura-03581	3	2	ok	feed		gid://shopify/InventoryItem/55323306656129	DRAFT
2026-08-21T04:53:44.892Z	4f032f2a10c9	fortura-03582	15	14	ok	feed		gid://shopify/InventoryItem/55323306688897	DRAFT
2026-08-21T04:53:44.892Z	4f032f2a10c9	fortura-03655	30	29	ok	feed		gid://shopify/InventoryItem/55323307180417	DRAFT
2026-08-21T04:53:44.892Z	4f032f2a10c9	fortura-03669	26	25	ok	feed		gid://shopify/InventoryItem/55323307344257	DRAFT
2026-08-21T04:53:44.892Z	4f032f2a10c9	fortura-03761	18	17	ok	feed		gid://shopify/InventoryItem/55323308065153	DRAFT
2026-08-21T04:53:44.892Z	4f032f2a10c9	fortura-03764	2	1	ok	feed		gid://shopify/InventoryItem/55323309080961	DRAFT
2026-08-21T04:53:44.892Z	4f032f2a10c9	fortura-03767	23	20	ok	feed		gid://shopify/InventoryItem/55323310653825	DRAFT
2026-08-21T04:53:44.892Z	4f032f2a10c9	fortura-03771	22	21	ok	feed		gid://shopify/InventoryItem/55323311538561	DRAFT
2026-08-21T04:53:44.892Z	4f032f2a10c9	fortura-03780	34	33	ok	feed		gid://shopify/InventoryItem/55323313078657	DRAFT
2026-08-21T04:53:44.892Z	4f032f2a10c9	fortura-03925	54	52	ok	feed		gid://shopify/InventoryItem/55323314782593	DRAFT
2026-08-21T04:53:44.892Z	4f032f2a10c9	fortura-04040	45	43	ok	feed		gid://shopify/InventoryItem/55323315503489	DRAFT
2026-08-21T04:53:44.892Z	4f032f2a10c9	fortura-04055	17	16	ok	feed		gid://shopify/InventoryItem/55323318223233	DRAFT
2026-08-21T04:53:44.892Z	4f032f2a10c9	fortura-060030	18	10	ok	feed		gid://shopify/InventoryItem/55323319075201	DRAFT
2026-08-21T04:53:44.892Z	4f032f2a10c9	fortura-060430	26	25	ok	feed		gid://shopify/InventoryItem/55323321106817	DRAFT
2026-08-21T04:53:44.892Z	4f032f2a10c9	fortura-062002	30	25	ok	feed		gid://shopify/InventoryItem/55323321926017	DRAFT
2026-08-21T04:53:44.892Z	4f032f2a10c9	fortura-062003	7	1	ok	feed		gid://shopify/InventoryItem/55323322909057	DRAFT
2026-08-21T04:53:44.892Z	4f032f2a10c9	fortura-062007	8	1	ok	feed		gid://shopify/InventoryItem/55323323761025	DRAFT
2026-08-21T04:53:44.892Z	4f032f2a10c9	fortura-062008	29	23	ok	feed		gid://shopify/InventoryItem/55323324678529	DRAFT
2026-08-21T04:53:44.892Z	4f032f2a10c9	fortura-062100	50	46	ok	feed		gid://shopify/InventoryItem/55323325432193	DRAFT
2026-08-21T04:53:44.892Z	4f032f2a10c9	fortura-062103	22	9	ok	feed		gid://shopify/InventoryItem/55323326677377	DRAFT
2026-08-21T04:53:44.892Z	4f032f2a10c9	fortura-062104	57	37	ok	feed		gid://shopify/InventoryItem/55323327103361	DRAFT
2026-08-21T04:53:44.892Z	4f032f2a10c9	fortura-062110	9	8	ok	feed		gid://shopify/InventoryItem/55323328348545	DRAFT
2026-08-21T04:53:44.892Z	4f032f2a10c9	fortura-062111	106	105	ok	feed		gid://shopify/InventoryItem/55323328512385	DRAFT
2026-08-21T04:53:44.892Z	4f032f2a10c9	fortura-062151	93	83	ok	feed		gid://shopify/InventoryItem/55323328643457	DRAFT
2026-08-21T04:53:44.892Z	4f032f2a10c9	fortura-062604	37	35	ok	feed		gid://shopify/InventoryItem/55323329134977	DRAFT
2026-08-21T04:53:44.892Z	4f032f2a10c9	fortura-062611	51	44	ok	feed		gid://shopify/InventoryItem/55323329200513	DRAFT
2026-08-21T04:53:44.892Z	4f032f2a10c9	fortura-062612	53	48	ok	feed		gid://shopify/InventoryItem/55323329233281	DRAFT
2026-08-21T04:53:44.892Z	4f032f2a10c9	fortura-062650	32	27	ok	feed		gid://shopify/InventoryItem/55323330216321	DRAFT
2026-08-21T04:53:44.892Z	4f032f2a10c9	fortura-062660	15	13	ok	feed		gid://shopify/InventoryItem/55323330249089	DRAFT
2026-08-21T04:53:44.892Z	4f032f2a10c9	fortura-062733	27	26	ok	feed		gid://shopify/InventoryItem/55323335623041	DRAFT
2026-08-21T04:53:44.892Z	4f032f2a10c9	fortura-063010	29	24	ok	feed		gid://shopify/InventoryItem/55323335786881	DRAFT
2026-08-21T04:53:44.892Z	4f032f2a10c9	fortura-063051	25	24	ok	feed		gid://shopify/InventoryItem/55323335819649	DRAFT
2026-08-21T04:53:44.892Z	4f032f2a10c9	fortura-063053	6	3	ok	feed		gid://shopify/InventoryItem/55323335950721	DRAFT
2026-08-21T04:53:44.892Z	4f032f2a10c9	fortura-063101	25	21	ok	feed		gid://shopify/InventoryItem/55323335983489	DRAFT
2026-08-21T04:53:44.892Z	4f032f2a10c9	fortura-063110	32	30	ok	feed		gid://shopify/InventoryItem/55323336049025	DRAFT
2026-08-21T04:53:44.892Z	4f032f2a10c9	fortura-063150	25	23	ok	feed		gid://shopify/InventoryItem/55323336802689	DRAFT
2026-08-21T04:53:45.917Z	4f032f2a10c9	fortura-063151	36	35	ok	feed		gid://shopify/InventoryItem/55323340210561	DRAFT
2026-08-21T04:53:45.917Z	4f032f2a10c9	fortura-063155	74	73	ok	feed		gid://shopify/InventoryItem/55323341554049	DRAFT
2026-08-21T04:53:45.917Z	4f032f2a10c9	fortura-09042	41	40	ok	feed		gid://shopify/InventoryItem/55323341652353	DRAFT
2026-08-21T04:53:45.917Z	4f032f2a10c9	fortura-17842	44	42	ok	feed		gid://shopify/InventoryItem/55323341816193	DRAFT
2026-08-21T04:53:45.917Z	4f032f2a10c9	fortura-17844	44	41	ok	feed		gid://shopify/InventoryItem/55323341848961	DRAFT
2026-08-21T04:53:45.917Z	4f032f2a10c9	fortura-17847	53	52	ok	feed		gid://shopify/InventoryItem/55323341980033	DRAFT
2026-08-21T04:53:45.917Z	4f032f2a10c9	fortura-17849	30	25	ok	feed		gid://shopify/InventoryItem/55323342438785	DRAFT
2026-08-21T04:53:45.917Z	4f032f2a10c9	fortura-17850	46	45	ok	feed		gid://shopify/InventoryItem/55323342471553	DRAFT
2026-08-21T04:53:45.917Z	4f032f2a10c9	fortura-17854	11	5	ok	feed		gid://shopify/InventoryItem/55323342733697	DRAFT
2026-08-21T04:53:45.917Z	4f032f2a10c9	fortura-17860	41	39	ok	feed		gid://shopify/InventoryItem/55323342832001	DRAFT
2026-08-21T04:53:45.917Z	4f032f2a10c9	fortura-17861	60	58	ok	feed		gid://shopify/InventoryItem/55323342864769	DRAFT
2026-08-21T04:53:45.917Z	4f032f2a10c9	fortura-17863	25	23	ok	feed		gid://shopify/InventoryItem/55323342897537	DRAFT
2026-08-21T04:53:45.917Z	4f032f2a10c9	fortura-17865	14	12	ok	feed		gid://shopify/InventoryItem/55323343290753	DRAFT
2026-08-21T04:53:45.917Z	4f032f2a10c9	fortura-17868	31	30	ok	feed		gid://shopify/InventoryItem/55323343356289	DRAFT
2026-08-21T04:53:45.917Z	4f032f2a10c9	fortura-17869	8	6	ok	feed		gid://shopify/InventoryItem/55323343421825	DRAFT
2026-08-21T04:53:45.917Z	4f032f2a10c9	fortura-17962	25	24	ok	feed		gid://shopify/InventoryItem/55323343487361	DRAFT
2026-08-21T04:53:45.917Z	4f032f2a10c9	fortura-17966	387	385	ok	feed		gid://shopify/InventoryItem/55323344175489	DRAFT
2026-08-21T04:53:45.917Z	4f032f2a10c9	fortura-20427	22	21	ok	feed		gid://shopify/InventoryItem/55323344306561	DRAFT
2026-08-21T04:53:45.917Z	4f032f2a10c9	fortura-21536	80	57	ok	feed		gid://shopify/InventoryItem/55323344339329	DRAFT
2026-08-21T04:53:45.917Z	4f032f2a10c9	fortura-25417	29	26	ok	feed		gid://shopify/InventoryItem/55323345092993	DRAFT
2026-08-21T04:53:45.917Z	4f032f2a10c9	fortura-25465	107	106	ok	feed		gid://shopify/InventoryItem/55323345289601	DRAFT
2026-08-21T04:53:45.917Z	4f032f2a10c9	fortura-25776	17	9	ok	feed		gid://shopify/InventoryItem/55323345387905	DRAFT
2026-08-21T04:53:45.917Z	4f032f2a10c9	fortura-25876	72	70	ok	feed		gid://shopify/InventoryItem/55323345486209	DRAFT
2026-08-21T04:53:45.917Z	4f032f2a10c9	fortura-25878	35	33	ok	feed		gid://shopify/InventoryItem/55323345518977	DRAFT
2026-08-21T04:53:45.917Z	4f032f2a10c9	fortura-25879	85	83	ok	feed		gid://shopify/InventoryItem/55323345551745	DRAFT
2026-08-21T04:53:45.917Z	4f032f2a10c9	fortura-25890	56	53	ok	feed		gid://shopify/InventoryItem/55323348074881	DRAFT
2026-08-21T04:53:45.917Z	4f032f2a10c9	fortura-26482	33	30	ok	feed		gid://shopify/InventoryItem/55323350630785	DRAFT
2026-08-21T04:53:45.917Z	4f032f2a10c9	fortura-33513	67	61	ok	feed		gid://shopify/InventoryItem/55323350729089	DRAFT
2026-08-21T04:53:45.917Z	4f032f2a10c9	fortura-33514	39	37	ok	feed		gid://shopify/InventoryItem/55323350794625	DRAFT
2026-08-21T04:53:45.917Z	4f032f2a10c9	fortura-33516	11	7	ok	feed		gid://shopify/InventoryItem/55323350860161	DRAFT
2026-08-21T04:53:45.917Z	4f032f2a10c9	fortura-33518	37	32	ok	feed		gid://shopify/InventoryItem/55323351056769	DRAFT
2026-08-21T04:53:45.917Z	4f032f2a10c9	fortura-33588	89	77	ok	feed		gid://shopify/InventoryItem/55323352203649	DRAFT
2026-08-21T04:53:45.917Z	4f032f2a10c9	fortura-33589	1	0	ok	feed		gid://shopify/InventoryItem/55323608940929	DRAFT
2026-08-21T04:53:45.917Z	4f032f2a10c9	fortura-33665	79	77	ok	feed		gid://shopify/InventoryItem/55323608973697	DRAFT
2026-08-21T04:53:45.917Z	4f032f2a10c9	fortura-33909	41	38	ok	feed		gid://shopify/InventoryItem/55323609006465	DRAFT
2026-08-21T04:53:45.917Z	4f032f2a10c9	fortura-33972	137	124	ok	feed		gid://shopify/InventoryItem/55323609039233	DRAFT
2026-08-21T04:53:45.917Z	4f032f2a10c9	fortura-33973	206	200	ok	feed		gid://shopify/InventoryItem/55323609072001	DRAFT
2026-08-21T04:53:45.917Z	4f032f2a10c9	fortura-39385	43	42	ok	feed		gid://shopify/InventoryItem/55323609104769	DRAFT
2026-08-21T04:53:45.917Z	4f032f2a10c9	fortura-41543	212	188	ok	feed		gid://shopify/InventoryItem/55323609432449	DRAFT
2026-08-21T04:53:45.917Z	4f032f2a10c9	fortura-41669	81	76	ok	feed		gid://shopify/InventoryItem/55323611824513	DRAFT
2026-08-21T04:53:45.917Z	4f032f2a10c9	fortura-41673	61	60	ok	feed		gid://shopify/InventoryItem/55323615265153	DRAFT
2026-08-21T04:53:45.917Z	4f032f2a10c9	fortura-41676	228	180	ok	feed		gid://shopify/InventoryItem/55323617132929	DRAFT
2026-08-21T04:53:45.917Z	4f032f2a10c9	fortura-49277	73	71	ok	feed		gid://shopify/InventoryItem/55323621720449	DRAFT
2026-08-21T04:53:45.917Z	4f032f2a10c9	fortura-49279	357	309	ok	feed		gid://shopify/InventoryItem/55323621753217	DRAFT
2026-08-21T04:53:45.918Z	4f032f2a10c9	fortura-49280	307	259	ok	feed		gid://shopify/InventoryItem/55323621949825	DRAFT
2026-08-21T04:53:45.918Z	4f032f2a10c9	fortura-49507	24	0	ok	feed		gid://shopify/InventoryItem/55323625914753	DRAFT
2026-08-21T04:53:45.918Z	4f032f2a10c9	fortura-49510	30	27	ok	feed		gid://shopify/InventoryItem/55323627356545	DRAFT
2026-08-21T04:53:45.918Z	4f032f2a10c9	fortura-57712	107	83	ok	feed		gid://shopify/InventoryItem/55323627422081	DRAFT
2026-08-21T04:53:45.918Z	4f032f2a10c9	fortura-57713	54	53	ok	feed		gid://shopify/InventoryItem/55323627454849	DRAFT
2026-08-21T04:53:45.918Z	4f032f2a10c9	fortura-57793	183	182	ok	feed		gid://shopify/InventoryItem/55323627684225	DRAFT
2026-08-21T04:53:45.918Z	4f032f2a10c9	fortura-57794	70	68	ok	feed		gid://shopify/InventoryItem/55323627815297	DRAFT
2026-08-21T04:53:45.918Z	4f032f2a10c9	fortura-57947	264	262	ok	feed		gid://shopify/InventoryItem/55323629322625	DRAFT
2026-08-21T04:53:45.918Z	4f032f2a10c9	fortura-59645	61	60	ok	feed		gid://shopify/InventoryItem/55323632009601	DRAFT
2026-08-21T04:53:45.918Z	4f032f2a10c9	fortura-59649	22	18	ok	feed		gid://shopify/InventoryItem/55323632566657	DRAFT
2026-08-21T04:53:45.918Z	4f032f2a10c9	fortura-81016	43	41	ok	feed		gid://shopify/InventoryItem/55323636367745	DRAFT
2026-08-21T04:53:45.918Z	4f032f2a10c9	fortura-81038	84	83	ok	feed		gid://shopify/InventoryItem/55323643183489	DRAFT
2026-08-21T04:53:45.918Z	4f032f2a10c9	fortura-81974	27	25	ok	feed		gid://shopify/InventoryItem/55323643249025	DRAFT
2026-08-21T04:53:45.918Z	4f032f2a10c9	fortura-82377	22	20	ok	feed		gid://shopify/InventoryItem/55323649081729	DRAFT
2026-08-21T04:53:45.918Z	4f032f2a10c9	fortura-82791	95	80	ok	feed		gid://shopify/InventoryItem/55323649442177	DRAFT
2026-08-21T04:53:45.918Z	4f032f2a10c9	fortura-83828	119	118	ok	feed		gid://shopify/InventoryItem/55323649769857	DRAFT
2026-08-21T04:53:45.918Z	4f032f2a10c9	fortura-83829	56	55	ok	feed		gid://shopify/InventoryItem/55323649802625	DRAFT
2026-08-21T04:53:45.918Z	4f032f2a10c9	fortura-84747	47	31	ok	feed		gid://shopify/InventoryItem/55323649900929	DRAFT
2026-08-21T04:53:45.918Z	4f032f2a10c9	fortura-85731	51	33	ok	feed		gid://shopify/InventoryItem/55323651965313	DRAFT
2026-08-21T04:53:45.918Z	4f032f2a10c9	fortura-85732	141	139	ok	feed		gid://shopify/InventoryItem/55323651998081	DRAFT
2026-08-21T04:53:45.918Z	4f032f2a10c9	fortura-85734	219	218	ok	feed		gid://shopify/InventoryItem/55323652227457	DRAFT
2026-08-21T04:53:45.918Z	4f032f2a10c9	fortura-85740	73	72	ok	feed		gid://shopify/InventoryItem/55323652587905	DRAFT
2026-08-21T04:53:45.918Z	4f032f2a10c9	fortura-85829	98	96	ok	feed		gid://shopify/InventoryItem/55323653112193	DRAFT
2026-08-21T04:53:45.918Z	4f032f2a10c9	fortura-86866	164	113	ok	feed		gid://shopify/InventoryItem/55323653210497	DRAFT
2026-08-21T04:53:45.918Z	4f032f2a10c9	fortura-87112	116	113	ok	feed		gid://shopify/InventoryItem/55323653243265	DRAFT
2026-08-21T04:53:45.918Z	4f032f2a10c9	fortura-87145	15	14	ok	feed		gid://shopify/InventoryItem/55323653308801	DRAFT
2026-08-21T04:53:45.918Z	4f032f2a10c9	fortura-87226	16	13	ok	feed		gid://shopify/InventoryItem/55323653374337	DRAFT
2026-08-21T04:53:45.918Z	4f032f2a10c9	fortura-87227	262	242	ok	feed		gid://shopify/InventoryItem/55323653439873	DRAFT
2026-08-21T04:53:45.918Z	4f032f2a10c9	fortura-87623	46	45	ok	feed		gid://shopify/InventoryItem/55323653702017	DRAFT
2026-08-21T04:53:45.918Z	4f032f2a10c9	fortura-87711	23	22	ok	feed		gid://shopify/InventoryItem/55323653800321	DRAFT
2026-08-21T04:53:45.918Z	4f032f2a10c9	fortura-87712	52	33	ok	feed		gid://shopify/InventoryItem/55323653833089	DRAFT
2026-08-21T04:53:45.918Z	4f032f2a10c9	fortura-87797	56	55	ok	feed		gid://shopify/InventoryItem/55323653865857	DRAFT
2026-08-21T04:53:45.918Z	4f032f2a10c9	fortura-88093	45	43	ok	feed		gid://shopify/InventoryItem/55323653898625	DRAFT
2026-08-21T04:53:45.918Z	4f032f2a10c9	fortura-88158	7	6	ok	feed		gid://shopify/InventoryItem/55323653931393	DRAFT
2026-08-21T04:53:45.918Z	4f032f2a10c9	fortura-88593	34	33	ok	feed		gid://shopify/InventoryItem/55323654062465	DRAFT
2026-08-21T04:53:45.918Z	4f032f2a10c9	fortura-88595	73	71	ok	feed		gid://shopify/InventoryItem/55323654128001	DRAFT
2026-08-21T04:53:45.918Z	4f032f2a10c9	fortura-90195-2	5	4	ok	feed		gid://shopify/InventoryItem/55323654455681	DRAFT
2026-08-21T04:53:45.918Z	4f032f2a10c9	fortura-922511	10	9	ok	feed		gid://shopify/InventoryItem/55323666284929	DRAFT
2026-08-21T04:53:45.918Z	4f032f2a10c9	fortura-924290	14	13	ok	feed		gid://shopify/InventoryItem/55323666448769	DRAFT
2026-08-21T04:53:45.918Z	4f032f2a10c9	fortura-924292	50	49	ok	feed		gid://shopify/InventoryItem/55323666547073	DRAFT
2026-08-21T04:53:45.918Z	4f032f2a10c9	fortura-924293	40	39	ok	feed		gid://shopify/InventoryItem/55323666579841	DRAFT
2026-08-21T04:53:45.918Z	4f032f2a10c9	fortura-924297	30	29	ok	feed		gid://shopify/InventoryItem/55323666710913	DRAFT
2026-08-21T04:53:45.918Z	4f032f2a10c9	fortura-OR90799XXL-XXXL	13	14	ok	feed		gid://shopify/InventoryItem/55323669234049	DRAFT
2026-08-21T04:53:45.918Z	4f032f2a10c9	fortura-OR980138-40	21	20	ok	feed		gid://shopify/InventoryItem/55323669299585	DRAFT
2026-08-21T04:53:45.918Z	4f032f2a10c9	fortura-OR980142-44	20	18	ok	feed		gid://shopify/InventoryItem/55323669332353	DRAFT
2026-08-21T04:53:45.918Z	4f032f2a10c9	fortura-OR980146-48	17	15	ok	feed		gid://shopify/InventoryItem/55323669365121	DRAFT
2026-08-21T04:53:45.918Z	4f032f2a10c9	fortura-90734	15	12	ok	feed		gid://shopify/InventoryItem/55323669528961	DRAFT
2026-08-21T04:53:45.918Z	4f032f2a10c9	fortura-907807	41	38	ok	feed		gid://shopify/InventoryItem/55323669561729	DRAFT
2026-08-21T04:53:45.918Z	4f032f2a10c9	fortura-96033	56	53	ok	feed		gid://shopify/InventoryItem/55323669594497	DRAFT
2026-08-21T04:53:45.918Z	4f032f2a10c9	fortura-96382	41	40	ok	feed		gid://shopify/InventoryItem/55323669758337	DRAFT
2026-08-21T04:53:45.918Z	4f032f2a10c9	fortura-CK13679	28	24	ok	feed		gid://shopify/InventoryItem/55323669791105	DRAFT
2026-08-21T04:53:45.918Z	4f032f2a10c9	fortura-CK14348	38	35	ok	feed		gid://shopify/InventoryItem/55323669856641	DRAFT
2026-08-21T04:53:45.918Z	4f032f2a10c9	fortura-CK14419	15	13	ok	feed		gid://shopify/InventoryItem/55323670118785	DRAFT
2026-08-21T04:53:45.918Z	4f032f2a10c9	fortura-CK14461	14	11	ok	feed		gid://shopify/InventoryItem/55323670315393	DRAFT
2026-08-21T04:53:45.918Z	4f032f2a10c9	fortura-OR21363	35	33	ok	feed		gid://shopify/InventoryItem/55323670610305	DRAFT
2026-08-21T04:53:45.918Z	4f032f2a10c9	fortura-98644	67	63	ok	feed		gid://shopify/InventoryItem/55323670774145	DRAFT
2026-08-21T04:53:46.952Z	4f032f2a10c9	fortura-98652	29	25	ok	feed		gid://shopify/InventoryItem/55323670839681	DRAFT
2026-08-21T04:53:46.952Z	4f032f2a10c9	fortura-BO72243	58	57	ok	feed		gid://shopify/InventoryItem/55323670905217	DRAFT
2026-08-21T04:53:46.952Z	4f032f2a10c9	fortura-CK13773	34	28	ok	feed		gid://shopify/InventoryItem/55323671363969	DRAFT
2026-08-21T04:53:46.952Z	4f032f2a10c9	fortura-PC24061	51	50	ok	feed		gid://shopify/InventoryItem/55323671822721	DRAFT
2026-08-21T04:53:46.952Z	4f032f2a10c9	fortura-20884	2	1	ok	feed		gid://shopify/InventoryItem/55323671986561	DRAFT
2026-08-21T04:53:46.952Z	4f032f2a10c9	fortura-41743	3243	1925	ok	feed		gid://shopify/InventoryItem/55323672215937	DRAFT
2026-08-21T04:53:46.952Z	4f032f2a10c9	fortura-52510	3903	9158	ok	feed		gid://shopify/InventoryItem/55323672478081	DRAFT
2026-08-21T04:53:46.952Z	4f032f2a10c9	fortura-41650	2	1	ok	feed		gid://shopify/InventoryItem/55323703542145	DRAFT
2026-08-21T04:53:46.952Z	4f032f2a10c9	fortura-49543	10	9	ok	feed		gid://shopify/InventoryItem/55323798864257	DRAFT
2026-08-21T04:53:46.952Z	4f032f2a10c9	fortura-49546	3	2	ok	feed		gid://shopify/InventoryItem/55323798929793	DRAFT
2026-08-21T04:53:46.952Z	4f032f2a10c9	fortura-58029	3	2	ok	feed		gid://shopify/InventoryItem/55323800797569	DRAFT
2026-08-21T04:53:46.952Z	4f032f2a10c9	fortura-58112	11	10	ok	feed		gid://shopify/InventoryItem/55323802796417	DRAFT
2026-08-21T04:53:46.952Z	4f032f2a10c9	fortura-900099	52	50	ok	feed		gid://shopify/InventoryItem/55323803484545	DRAFT
2026-08-21T04:53:46.952Z	4f032f2a10c9	fortura-900100	44	43	ok	feed		gid://shopify/InventoryItem/55323803550081	DRAFT
2026-08-21T04:53:46.952Z	4f032f2a10c9	fortura-90032-6	10	9	ok	feed		gid://shopify/InventoryItem/55323804041601	DRAFT
2026-08-21T04:53:46.952Z	4f032f2a10c9	fortura-901079	27	26	ok	feed		gid://shopify/InventoryItem/55323805057409	DRAFT
2026-08-21T04:53:46.952Z	4f032f2a10c9	fortura-90149-5	6	5	ok	feed		gid://shopify/InventoryItem/55323806073217	DRAFT
2026-08-21T04:53:46.952Z	4f032f2a10c9	fortura-901657	8	7	ok	feed		gid://shopify/InventoryItem/55323807187329	DRAFT
2026-08-21T04:53:46.952Z	4f032f2a10c9	fortura-90190-6	8	7	ok	feed		gid://shopify/InventoryItem/55323807285633	DRAFT
2026-08-21T04:53:46.952Z	4f032f2a10c9	fortura-90253-6	35	33	ok	feed		gid://shopify/InventoryItem/55323807449473	DRAFT
2026-08-21T04:53:46.952Z	4f032f2a10c9	fortura-90253-7	27	25	ok	feed		gid://shopify/InventoryItem/55323807482241	DRAFT
2026-08-21T04:53:46.952Z	4f032f2a10c9	fortura-90259-2	12	10	ok	feed		gid://shopify/InventoryItem/55323807809921	DRAFT
2026-08-21T04:53:46.952Z	4f032f2a10c9	fortura-90259-6	17	16	ok	feed		gid://shopify/InventoryItem/55323807973761	DRAFT
2026-08-21T04:53:46.952Z	4f032f2a10c9	fortura-90259-7	8	6	ok	feed		gid://shopify/InventoryItem/55323808006529	DRAFT
2026-08-21T04:53:46.952Z	4f032f2a10c9	fortura-90259-8	16	17	ok	feed		gid://shopify/InventoryItem/55323808039297	DRAFT
2026-08-21T04:53:46.952Z	4f032f2a10c9	fortura-90262-6	31	30	ok	feed		gid://shopify/InventoryItem/55323808072065	DRAFT
2026-08-21T04:53:46.952Z	4f032f2a10c9	fortura-90328-9	5	4	ok	feed		gid://shopify/InventoryItem/55323808825729	DRAFT
2026-08-21T04:53:46.952Z	4f032f2a10c9	fortura-903444	41	39	ok	feed		gid://shopify/InventoryItem/55323808891265	DRAFT
2026-08-21T04:53:46.952Z	4f032f2a10c9	fortura-904460	12	11	ok	feed		gid://shopify/InventoryItem/55323809120641	DRAFT
2026-08-21T04:53:46.952Z	4f032f2a10c9	fortura-90446-5	21	20	ok	feed		gid://shopify/InventoryItem/55323809186177	DRAFT
2026-08-21T04:53:46.952Z	4f032f2a10c9	fortura-90446-6	17	16	ok	feed		gid://shopify/InventoryItem/55323809218945	DRAFT
2026-08-21T04:53:46.952Z	4f032f2a10c9	fortura-90446-7	22	21	ok	feed		gid://shopify/InventoryItem/55323809284481	DRAFT
2026-08-21T04:53:46.952Z	4f032f2a10c9	fortura-90446-8	18	17	ok	feed		gid://shopify/InventoryItem/55323809317249	DRAFT
2026-08-21T04:53:46.952Z	4f032f2a10c9	fortura-905847	59	57	ok	feed		gid://shopify/InventoryItem/55323810169217	DRAFT
2026-08-21T04:53:46.952Z	4f032f2a10c9	fortura-90598-4	2	1	ok	feed		gid://shopify/InventoryItem/55323810300289	DRAFT
2026-08-21T04:53:46.952Z	4f032f2a10c9	fortura-HB8230	11	10	ok	feed		gid://shopify/InventoryItem/55323811742081	DRAFT
2026-08-21T04:53:46.952Z	4f032f2a10c9	fortura-33631	63	56	ok	feed		gid://shopify/InventoryItem/55323811807617	DRAFT
2026-08-21T04:53:46.952Z	4f032f2a10c9	fortura-90744-3	37	36	ok	feed		gid://shopify/InventoryItem/55323812069761	DRAFT
2026-08-21T04:53:46.952Z	4f032f2a10c9	fortura-90744-9	42	41	ok	feed		gid://shopify/InventoryItem/55323812102529	DRAFT
2026-08-21T04:53:46.952Z	4f032f2a10c9	fortura-907950	10	7	ok	feed		gid://shopify/InventoryItem/55323813183873	DRAFT
2026-08-21T04:53:46.952Z	4f032f2a10c9	fortura-90795-2	16	15	ok	feed		gid://shopify/InventoryItem/55323813249409	DRAFT
2026-08-21T04:53:46.952Z	4f032f2a10c9	fortura-909130	10	8	ok	feed		gid://shopify/InventoryItem/55323814887809	DRAFT
2026-08-21T04:53:46.952Z	4f032f2a10c9	fortura-90925-2	7	6	ok	feed		gid://shopify/InventoryItem/55323815412097	DRAFT
2026-08-21T04:53:46.952Z	4f032f2a10c9	fortura-90935-3	4	3	ok	feed		gid://shopify/InventoryItem/55323815838081	DRAFT
2026-08-21T04:53:46.952Z	4f032f2a10c9	fortura-90963-2	22	21	ok	feed		gid://shopify/InventoryItem/55323817083265	DRAFT
2026-08-21T04:53:46.952Z	4f032f2a10c9	fortura-909674	44	43	ok	feed		gid://shopify/InventoryItem/55323817247105	DRAFT
2026-08-21T04:53:46.952Z	4f032f2a10c9	fortura-909674	44	43	ok	feed		gid://shopify/InventoryItem/55323817279873	DRAFT
2026-08-21T04:53:46.952Z	4f032f2a10c9	fortura-909675	4	3	ok	feed		gid://shopify/InventoryItem/55323817312641	DRAFT
2026-08-21T04:53:46.952Z	4f032f2a10c9	fortura-909675	4	3	ok	feed		gid://shopify/InventoryItem/55323817345409	DRAFT
2026-08-21T04:53:46.952Z	4f032f2a10c9	fortura-90970-2	5	3	ok	feed		gid://shopify/InventoryItem/55323817443713	DRAFT
2026-08-21T04:53:46.952Z	4f032f2a10c9	fortura-90970-2	5	3	ok	feed		gid://shopify/InventoryItem/55323817476481	DRAFT
2026-08-21T04:53:46.952Z	4f032f2a10c9	fortura-90970-3	19	18	ok	feed		gid://shopify/InventoryItem/55323817509249	DRAFT
2026-08-21T04:53:46.952Z	4f032f2a10c9	fortura-90970-3	19	18	ok	feed		gid://shopify/InventoryItem/55323817542017	DRAFT
2026-08-21T04:53:46.952Z	4f032f2a10c9	fortura-909926	3	2	ok	feed		gid://shopify/InventoryItem/55323818033537	DRAFT
2026-08-21T04:53:46.952Z	4f032f2a10c9	fortura-909926	3	2	ok	feed		gid://shopify/InventoryItem/55323818066305	DRAFT
2026-08-21T04:53:46.952Z	4f032f2a10c9	fortura-910080	9	5	ok	feed		gid://shopify/InventoryItem/55323818787201	DRAFT
2026-08-21T04:53:46.953Z	4f032f2a10c9	fortura-91016-3	30	27	ok	feed		gid://shopify/InventoryItem/55323820130689	DRAFT
2026-08-21T04:53:46.953Z	4f032f2a10c9	fortura-91016-3	30	27	ok	feed		gid://shopify/InventoryItem/55323820163457	DRAFT
2026-08-21T04:53:46.953Z	4f032f2a10c9	fortura-91016-4	15	13	ok	feed		gid://shopify/InventoryItem/55323820196225	DRAFT
2026-08-21T04:53:46.953Z	4f032f2a10c9	fortura-91016-4	15	13	ok	feed		gid://shopify/InventoryItem/55323820228993	DRAFT
2026-08-21T04:53:46.953Z	4f032f2a10c9	fortura-91025-1	5	3	ok	feed		gid://shopify/InventoryItem/55323820720513	DRAFT
2026-08-21T04:53:46.953Z	4f032f2a10c9	fortura-91025-1	5	3	ok	feed		gid://shopify/InventoryItem/55323820753281	DRAFT
2026-08-21T04:53:46.953Z	4f032f2a10c9	fortura-910323	135	132	ok	feed		gid://shopify/InventoryItem/55323821080961	DRAFT
2026-08-21T04:53:46.953Z	4f032f2a10c9	fortura-910323	135	132	ok	feed		gid://shopify/InventoryItem/55323821113729	DRAFT
2026-08-21T04:53:46.953Z	4f032f2a10c9	fortura-910565	3	2	ok	feed		gid://shopify/InventoryItem/55323821310337	DRAFT
2026-08-21T04:53:46.953Z	4f032f2a10c9	fortura-910565	3	2	ok	feed		gid://shopify/InventoryItem/55323821343105	DRAFT
2026-08-21T04:53:46.953Z	4f032f2a10c9	fortura-91058-1	10	8	ok	feed		gid://shopify/InventoryItem/55323821408641	DRAFT
2026-08-21T04:53:46.953Z	4f032f2a10c9	fortura-91101-1	8	7	ok	feed		gid://shopify/InventoryItem/55323822555521	DRAFT
2026-08-21T04:53:46.953Z	4f032f2a10c9	fortura-911094	4	3	ok	feed		gid://shopify/InventoryItem/55323823014273	DRAFT
2026-08-21T04:53:46.953Z	4f032f2a10c9	fortura-911094	4	3	ok	feed		gid://shopify/InventoryItem/55323823047041	DRAFT
2026-08-21T04:53:46.953Z	4f032f2a10c9	fortura-91187-3	16	13	ok	feed		gid://shopify/InventoryItem/55323823341953	DRAFT
2026-08-21T04:53:46.953Z	4f032f2a10c9	fortura-911974	9	7	ok	feed		gid://shopify/InventoryItem/55323823407489	DRAFT
2026-08-21T04:53:46.953Z	4f032f2a10c9	fortura-91779-2	3	2	ok	feed		gid://shopify/InventoryItem/55324087320961	DRAFT
2026-08-21T04:53:46.953Z	4f032f2a10c9	fortura-91930-3	6	5	ok	feed		gid://shopify/InventoryItem/55324087779713	DRAFT
2026-08-21T04:53:46.953Z	4f032f2a10c9	fortura-91930-4	10	9	ok	feed		gid://shopify/InventoryItem/55324087812481	DRAFT
2026-08-21T04:53:46.953Z	4f032f2a10c9	fortura-922423	13	12	ok	feed		gid://shopify/InventoryItem/55324090990977	DRAFT
2026-08-21T04:53:46.953Z	4f032f2a10c9	fortura-922436	20	19	ok	feed		gid://shopify/InventoryItem/55324091122049	DRAFT
2026-08-21T04:53:46.953Z	4f032f2a10c9	fortura-922437	24	23	ok	feed		gid://shopify/InventoryItem/55324091154817	DRAFT
2026-08-21T04:53:46.953Z	4f032f2a10c9	fortura-922438	27	26	ok	feed		gid://shopify/InventoryItem/55324091187585	DRAFT
2026-08-21T04:53:46.953Z	4f032f2a10c9	fortura-922471	5	4	ok	feed		gid://shopify/InventoryItem/55324091384193	DRAFT
2026-08-21T04:53:46.953Z	4f032f2a10c9	fortura-923712	19	18	ok	feed		gid://shopify/InventoryItem/55324092432769	DRAFT
2026-08-21T04:53:46.953Z	4f032f2a10c9	fortura-924696	19	18	ok	feed		gid://shopify/InventoryItem/55324096004481	DRAFT
2026-08-21T04:53:46.953Z	4f032f2a10c9	fortura-925452	9	8	ok	feed		gid://shopify/InventoryItem/55324098724225	DRAFT
2026-08-21T04:53:46.953Z	4f032f2a10c9	fortura-925454	3	2	ok	feed		gid://shopify/InventoryItem/55324098855297	DRAFT
2026-08-21T04:53:46.953Z	4f032f2a10c9	fortura-92855	43	41	ok	feed		gid://shopify/InventoryItem/55324100723073	DRAFT
2026-08-21T04:53:46.953Z	4f032f2a10c9	fortura-929423	17	15	ok	feed		gid://shopify/InventoryItem/55324102197633	DRAFT
2026-08-21T04:53:46.953Z	4f032f2a10c9	fortura-92972-2	1	0	ok	feed		gid://shopify/InventoryItem/55324102328705	DRAFT
2026-08-21T04:53:46.953Z	4f032f2a10c9	fortura-92972-3	4	3	ok	feed		gid://shopify/InventoryItem/55324102361473	DRAFT
2026-08-21T04:53:46.953Z	4f032f2a10c9	fortura-93231	10	8	ok	feed		gid://shopify/InventoryItem/55324244312449	DRAFT
2026-08-21T04:53:46.953Z	4f032f2a10c9	fortura-933695	8	5	ok	feed		gid://shopify/InventoryItem/55324246311297	DRAFT
2026-08-21T04:53:46.953Z	4f032f2a10c9	fortura-933792	50	43	ok	feed		gid://shopify/InventoryItem/55324246344065	DRAFT
2026-08-21T04:53:46.953Z	4f032f2a10c9	fortura-933793	65	56	ok	feed		gid://shopify/InventoryItem/55324246376833	DRAFT
2026-08-21T04:53:46.953Z	4f032f2a10c9	fortura-93583	217	213	ok	feed		gid://shopify/InventoryItem/55324250997121	DRAFT
2026-08-21T04:53:46.953Z	4f032f2a10c9	fortura-93902-3	6	5	ok	feed		gid://shopify/InventoryItem/55324252963201	DRAFT
2026-08-21T04:53:46.953Z	4f032f2a10c9	fortura-93909-3	12	11	ok	feed		gid://shopify/InventoryItem/55324285108609	DRAFT
2026-08-21T04:53:46.953Z	4f032f2a10c9	fortura-93970-2	17	16	ok	feed		gid://shopify/InventoryItem/55324293136769	DRAFT
2026-08-21T04:53:46.953Z	4f032f2a10c9	fortura-93970-4	4	3	ok	feed		gid://shopify/InventoryItem/55324293235073	DRAFT
2026-08-21T04:53:46.953Z	4f032f2a10c9	fortura-91383	69	54	ok	feed		gid://shopify/InventoryItem/55324293988737	DRAFT
2026-08-21T04:53:46.953Z	4f032f2a10c9	fortura-64807	11169	11145	ok	feed		gid://shopify/InventoryItem/55324294119809	DRAFT
2026-08-21T04:53:46.953Z	4f032f2a10c9	fortura-BO64546	96	128	ok	feed		gid://shopify/InventoryItem/55324294185345	DRAFT
2026-08-21T04:53:47.992Z	4f032f2a10c9	fortura-BO64558	40	32	ok	feed		gid://shopify/InventoryItem/55324294218113	DRAFT
2026-08-21T04:53:47.992Z	4f032f2a10c9	fortura-BO64562	50	45	ok	feed		gid://shopify/InventoryItem/55324294250881	DRAFT
2026-08-21T04:53:47.992Z	4f032f2a10c9	fortura-OU914155	13	7	ok	feed		gid://shopify/InventoryItem/55324294349185	DRAFT
2026-08-21T04:53:47.993Z	4f032f2a10c9	fortura-66305	115	114	ok	feed		gid://shopify/InventoryItem/55324294840705	DRAFT
2026-08-21T04:53:47.993Z	4f032f2a10c9	fortura-66402	24	23	ok	feed		gid://shopify/InventoryItem/55324295004545	DRAFT
2026-08-21T04:53:47.993Z	4f032f2a10c9	fortura-17725	130	119	ok	feed		gid://shopify/InventoryItem/55324295266689	DRAFT
2026-08-21T04:53:47.993Z	4f032f2a10c9	fortura-17730	3	2	ok	feed		gid://shopify/InventoryItem/55324295364993	DRAFT
2026-08-21T04:53:47.993Z	4f032f2a10c9	fortura-17778	5	4	ok	feed		gid://shopify/InventoryItem/55324295397761	DRAFT
2026-08-21T04:53:47.993Z	4f032f2a10c9	fortura-20403	57	54	ok	feed		gid://shopify/InventoryItem/55324295463297	DRAFT
2026-08-21T04:53:47.993Z	4f032f2a10c9	fortura-20465	85	84	ok	feed		gid://shopify/InventoryItem/55324295528833	DRAFT
2026-08-21T04:53:47.993Z	4f032f2a10c9	fortura-25310	11284	11239	ok	feed		gid://shopify/InventoryItem/55324295627137	DRAFT
2026-08-21T04:53:47.993Z	4f032f2a10c9	fortura-25832	92690	92687	ok	feed		gid://shopify/InventoryItem/55324295659905	DRAFT
2026-08-21T04:53:47.993Z	4f032f2a10c9	fortura-33101	105	424	ok	feed		gid://shopify/InventoryItem/55324295692673	DRAFT
2026-08-21T04:53:47.993Z	4f032f2a10c9	fortura-33713	174	170	ok	feed		gid://shopify/InventoryItem/55324295725441	DRAFT
2026-08-21T04:53:47.993Z	4f032f2a10c9	fortura-49668	61	57	ok	feed		gid://shopify/InventoryItem/55324295889281	DRAFT
2026-08-21T04:53:47.993Z	4f032f2a10c9	fortura-49671	11	10	ok	feed		gid://shopify/InventoryItem/55324295922049	DRAFT
2026-08-21T04:53:47.993Z	4f032f2a10c9	fortura-55381	179	177	ok	feed		gid://shopify/InventoryItem/55324296053121	DRAFT
2026-08-21T04:53:47.993Z	4f032f2a10c9	fortura-57079	1237	1232	ok	feed		gid://shopify/InventoryItem/55324296085889	DRAFT
2026-08-21T04:53:47.993Z	4f032f2a10c9	fortura-57114	8	6	ok	feed		gid://shopify/InventoryItem/55324296118657	DRAFT
2026-08-21T04:53:47.993Z	4f032f2a10c9	fortura-64423	190	189	ok	feed		gid://shopify/InventoryItem/55324296151425	DRAFT
2026-08-21T04:53:47.993Z	4f032f2a10c9	fortura-64425	48	47	ok	feed		gid://shopify/InventoryItem/55324296249729	DRAFT
2026-08-21T04:53:47.993Z	4f032f2a10c9	fortura-64426	29	27	ok	feed		gid://shopify/InventoryItem/55324296315265	DRAFT
2026-08-21T04:53:47.993Z	4f032f2a10c9	fortura-64427	86	85	ok	feed		gid://shopify/InventoryItem/55324296348033	DRAFT
2026-08-21T04:53:47.993Z	4f032f2a10c9	fortura-64430	31	30	ok	feed		gid://shopify/InventoryItem/55324296675713	DRAFT
2026-08-21T04:53:47.993Z	4f032f2a10c9	fortura-64433	47	46	ok	feed		gid://shopify/InventoryItem/55324296839553	DRAFT
2026-08-21T04:53:47.993Z	4f032f2a10c9	fortura-87818	721	694	ok	feed		gid://shopify/InventoryItem/55324296872321	DRAFT
2026-08-21T04:53:47.993Z	4f032f2a10c9	fortura-904839	3	0	ok	feed		gid://shopify/InventoryItem/55324296905089	DRAFT
2026-08-21T04:53:47.993Z	4f032f2a10c9	fortura-921125	49	45	ok	feed		gid://shopify/InventoryItem/55324296970625	DRAFT
2026-08-21T04:53:47.993Z	4f032f2a10c9	fortura-921126	58	57	ok	feed		gid://shopify/InventoryItem/55324297003393	DRAFT
2026-08-21T04:53:47.993Z	4f032f2a10c9	fortura-900083	76	49	ok	feed		gid://shopify/InventoryItem/55324306669953	DRAFT
2026-08-21T04:53:47.993Z	4f032f2a10c9	fortura-HB256238	2	1	ok	feed		gid://shopify/InventoryItem/55324332425601	DRAFT
2026-08-21T04:53:47.993Z	4f032f2a10c9	fortura-NO61622	1	0	ok	feed		gid://shopify/InventoryItem/55324332720513	DRAFT
2026-08-21T04:53:47.993Z	4f032f2a10c9	fortura-942314	16	15	ok	feed		gid://shopify/InventoryItem/55324333769089	DRAFT
2026-08-21T04:53:47.993Z	4f032f2a10c9	fortura-942321	5	4	ok	feed		gid://shopify/InventoryItem/55324333932929	DRAFT
2026-08-21T04:53:47.993Z	4f032f2a10c9	fortura-94248-3	14	12	ok	feed		gid://shopify/InventoryItem/55324334096769	DRAFT
2026-08-21T04:53:47.993Z	4f032f2a10c9	fortura-944595	14	13	ok	feed		gid://shopify/InventoryItem/55324335702401	DRAFT
2026-08-21T04:53:47.993Z	4f032f2a10c9	fortura-94497	22	21	ok	feed		gid://shopify/InventoryItem/55324335800705	DRAFT
2026-08-21T04:53:47.993Z	4f032f2a10c9	fortura-94509-2	12	10	ok	feed		gid://shopify/InventoryItem/55324335899009	DRAFT
2026-08-21T04:53:47.993Z	4f032f2a10c9	fortura-94746-7	43	41	ok	feed		gid://shopify/InventoryItem/55324336587137	DRAFT
2026-08-21T04:53:47.993Z	4f032f2a10c9	fortura-948292	5	4	ok	feed		gid://shopify/InventoryItem/55324339405185	DRAFT
2026-08-21T04:53:47.993Z	4f032f2a10c9	fortura-948293	28	24	ok	feed		gid://shopify/InventoryItem/55324341993857	DRAFT
2026-08-21T04:53:47.993Z	4f032f2a10c9	fortura-948294	5	4	ok	feed		gid://shopify/InventoryItem/55324344451457	DRAFT
2026-08-21T04:53:47.993Z	4f032f2a10c9	fortura-94863-3	11	10	ok	feed		gid://shopify/InventoryItem/55324345860481	DRAFT
2026-08-21T04:53:47.993Z	4f032f2a10c9	fortura-948769	3	2	ok	feed		gid://shopify/InventoryItem/55324359164289	DRAFT
2026-08-21T04:53:47.993Z	4f032f2a10c9	fortura-94908-7	21	20	ok	feed		gid://shopify/InventoryItem/55324369781121	DRAFT
2026-08-21T04:53:47.993Z	4f032f2a10c9	fortura-94969-4	9	8	ok	feed		gid://shopify/InventoryItem/55324371288449	DRAFT
2026-08-21T04:53:47.993Z	4f032f2a10c9	fortura-95534-6	20	19	ok	feed		gid://shopify/InventoryItem/55324375581057	DRAFT
2026-08-21T04:53:47.993Z	4f032f2a10c9	fortura-95534-7	22	21	ok	feed		gid://shopify/InventoryItem/55324375679361	DRAFT
2026-08-21T04:53:47.993Z	4f032f2a10c9	fortura-95550-8	15	14	ok	feed		gid://shopify/InventoryItem/55324376564097	DRAFT
2026-08-21T04:53:47.993Z	4f032f2a10c9	fortura-95652-2	45	43	ok	feed		gid://shopify/InventoryItem/55324377153921	DRAFT
2026-08-21T04:53:47.993Z	4f032f2a10c9	fortura-95652-3	43	42	ok	feed		gid://shopify/InventoryItem/55324377284993	DRAFT
2026-08-21T04:53:47.993Z	4f032f2a10c9	fortura-97316-6	8	6	ok	feed		gid://shopify/InventoryItem/55324421292417	DRAFT
2026-08-21T04:53:47.993Z	4f032f2a10c9	fortura-97316-7	12	11	ok	feed		gid://shopify/InventoryItem/55324421489025	DRAFT
2026-08-21T04:53:47.993Z	4f032f2a10c9	fortura-97316-8	8	7	ok	feed		gid://shopify/InventoryItem/55324421652865	DRAFT
2026-08-21T04:53:47.993Z	4f032f2a10c9	fortura-975727	27	23	ok	feed		gid://shopify/InventoryItem/55324423029121	DRAFT
2026-08-21T04:53:47.993Z	4f032f2a10c9	fortura-97585	23	19	ok	feed		gid://shopify/InventoryItem/55324423356801	DRAFT
2026-08-21T04:53:47.993Z	4f032f2a10c9	fortura-98492-6	23	21	ok	feed		gid://shopify/InventoryItem/55324424077697	DRAFT
2026-08-21T04:53:47.993Z	4f032f2a10c9	fortura-98905	33	32	ok	feed		gid://shopify/InventoryItem/55324424405377	DRAFT
2026-08-21T04:53:47.993Z	4f032f2a10c9	fortura-98952	10	9	ok	feed		gid://shopify/InventoryItem/55324425093505	DRAFT
2026-08-21T04:53:47.993Z	4f032f2a10c9	fortura-99517	14	11	ok	feed		gid://shopify/InventoryItem/55324425421185	DRAFT
2026-08-21T04:53:47.993Z	4f032f2a10c9	fortura-99543	58	55	ok	feed		gid://shopify/InventoryItem/55324425683329	DRAFT
2026-08-21T04:53:47.993Z	4f032f2a10c9	fortura-998790	14	11	ok	feed		gid://shopify/InventoryItem/55324429353345	DRAFT
2026-08-21T04:53:47.993Z	4f032f2a10c9	fortura-99879-1	11	10	ok	feed		gid://shopify/InventoryItem/55324429484417	DRAFT
2026-08-21T04:53:47.993Z	4f032f2a10c9	fortura-99880-3	35	34	ok	feed		gid://shopify/InventoryItem/55324430762369	DRAFT
2026-08-21T04:53:47.993Z	4f032f2a10c9	fortura-99880-4	14	11	ok	feed		gid://shopify/InventoryItem/55324430893441	DRAFT
2026-08-21T04:53:47.993Z	4f032f2a10c9	fortura-99884-4	19	16	ok	feed		gid://shopify/InventoryItem/55324431384961	DRAFT
2026-08-21T04:53:47.993Z	4f032f2a10c9	fortura-99887-3	4	3	ok	feed		gid://shopify/InventoryItem/55324431516033	DRAFT
2026-08-21T04:53:47.993Z	4f032f2a10c9	fortura-99888	8	7	ok	feed		gid://shopify/InventoryItem/55324431810945	DRAFT
2026-08-21T04:53:47.993Z	4f032f2a10c9	fortura-BO01914	42	41	ok	feed		gid://shopify/InventoryItem/55324432826753	DRAFT
2026-08-21T04:53:47.993Z	4f032f2a10c9	fortura-BO01955	35	34	ok	feed		gid://shopify/InventoryItem/55324433252737	DRAFT
2026-08-21T04:53:47.993Z	4f032f2a10c9	fortura-BO01957	34	33	ok	feed		gid://shopify/InventoryItem/55324433416577	DRAFT
2026-08-21T04:53:47.993Z	4f032f2a10c9	fortura-BO01977	28	27	ok	feed		gid://shopify/InventoryItem/55324434170241	DRAFT
2026-08-21T04:53:47.993Z	4f032f2a10c9	fortura-BO01990	14	23	ok	feed		gid://shopify/InventoryItem/55324434334081	DRAFT
2026-08-21T04:53:47.993Z	4f032f2a10c9	fortura-BO02280	10	7	ok	feed		gid://shopify/InventoryItem/55324434465153	DRAFT
2026-08-21T04:53:47.993Z	4f032f2a10c9	fortura-BO02281	15	13	ok	feed		gid://shopify/InventoryItem/55324434628993	DRAFT
2026-08-21T04:53:47.993Z	4f032f2a10c9	fortura-BO02282	14	13	ok	feed		gid://shopify/InventoryItem/55324434760065	DRAFT
2026-08-21T04:53:47.993Z	4f032f2a10c9	fortura-BO1933	40	37	ok	feed		gid://shopify/InventoryItem/55324435087745	DRAFT
2026-08-21T04:53:47.993Z	4f032f2a10c9	fortura-BO1934	3	2	ok	feed		gid://shopify/InventoryItem/55324435218817	DRAFT
2026-08-21T04:53:47.993Z	4f032f2a10c9	fortura-BO1936	7	6	ok	feed		gid://shopify/InventoryItem/55324435513729	DRAFT
2026-08-21T04:53:47.993Z	4f032f2a10c9	fortura-BO1937	50	47	ok	feed		gid://shopify/InventoryItem/55324435710337	DRAFT
2026-08-21T04:53:47.993Z	4f032f2a10c9	fortura-BO2320	17	16	ok	feed		gid://shopify/InventoryItem/55324435972481	DRAFT
2026-08-21T04:53:47.993Z	4f032f2a10c9	fortura-BO2322	7	6	ok	feed		gid://shopify/InventoryItem/55324436103553	DRAFT
2026-08-21T04:53:47.993Z	4f032f2a10c9	fortura-BO44497	11	10	ok	feed		gid://shopify/InventoryItem/55324437184897	DRAFT
2026-08-21T04:53:47.993Z	4f032f2a10c9	fortura-BO44559	16	15	ok	feed		gid://shopify/InventoryItem/55324437741953	DRAFT
2026-08-21T04:53:47.993Z	4f032f2a10c9	fortura-BO44596	14	12	ok	feed		gid://shopify/InventoryItem/55324438299009	DRAFT
2026-08-21T04:53:47.993Z	4f032f2a10c9	fortura-BO44684	18	17	ok	feed		gid://shopify/InventoryItem/55324439085441	DRAFT
2026-08-21T04:53:47.993Z	4f032f2a10c9	fortura-BO82281	26	25	ok	feed		gid://shopify/InventoryItem/55324447605121	DRAFT
2026-08-21T04:53:47.993Z	4f032f2a10c9	fortura-BO82340	26	25	ok	feed		gid://shopify/InventoryItem/55324448522625	DRAFT
2026-08-21T04:53:47.993Z	4f032f2a10c9	fortura-BO83772	11	10	ok	feed		gid://shopify/InventoryItem/55324451570049	DRAFT
2026-08-21T04:53:47.993Z	4f032f2a10c9	fortura-BO84116	1	11	ok	feed		gid://shopify/InventoryItem/55324458189185	DRAFT
2026-08-21T04:53:47.993Z	4f032f2a10c9	fortura-BO84124	9	8	ok	feed		gid://shopify/InventoryItem/55324458680705	DRAFT
2026-08-21T04:53:47.993Z	4f032f2a10c9	fortura-BO84130	12	11	ok	feed		gid://shopify/InventoryItem/55324459565441	DRAFT
2026-08-21T04:53:47.993Z	4f032f2a10c9	fortura-BO84487	1	7	ok	feed		gid://shopify/InventoryItem/55324463858049	DRAFT
2026-08-21T04:53:47.993Z	4f032f2a10c9	fortura-BO84559	11	17	ok	feed		gid://shopify/InventoryItem/55324465922433	DRAFT
2026-08-21T04:53:47.993Z	4f032f2a10c9	fortura-BO84560	5	27	ok	feed		gid://shopify/InventoryItem/55324466086273	DRAFT
2026-08-21T04:53:47.993Z	4f032f2a10c9	fortura-BO88510	10	14	ok	feed		gid://shopify/InventoryItem/55324470444417	DRAFT
2026-08-21T04:53:47.993Z	4f032f2a10c9	fortura-BO88511	17	15	ok	feed		gid://shopify/InventoryItem/55324470575489	DRAFT
2026-08-21T04:53:47.993Z	4f032f2a10c9	fortura-BO88512	12	7	ok	feed		gid://shopify/InventoryItem/55324470706561	DRAFT
2026-08-21T04:53:47.993Z	4f032f2a10c9	fortura-BO88519	19	25	ok	feed		gid://shopify/InventoryItem/55324471132545	DRAFT
2026-08-21T04:53:47.993Z	4f032f2a10c9	fortura-BO96947	26	24	ok	feed		gid://shopify/InventoryItem/55324472050049	DRAFT
2026-08-21T04:53:49.042Z	4f032f2a10c9	fortura-CK107144M	8	7	ok	feed		gid://shopify/InventoryItem/55324473164161	DRAFT
2026-08-21T04:53:49.042Z	4f032f2a10c9	fortura-CK14113	40	38	ok	feed		gid://shopify/InventoryItem/55324505735553	DRAFT
2026-08-21T04:53:49.042Z	4f032f2a10c9	fortura-CK25068402	12	11	ok	feed		gid://shopify/InventoryItem/55324505801089	DRAFT
2026-08-21T04:53:49.042Z	4f032f2a10c9	fortura-CK4044B	17	15	ok	feed		gid://shopify/InventoryItem/55324506390913	DRAFT
2026-08-21T04:53:49.042Z	4f032f2a10c9	fortura-CK4116128	5	4	ok	feed		gid://shopify/InventoryItem/55324506587521	DRAFT
2026-08-21T04:53:49.042Z	4f032f2a10c9	fortura-CK4120104	4	3	ok	feed		gid://shopify/InventoryItem/55324506685825	DRAFT
2026-08-21T04:53:49.042Z	4f032f2a10c9	fortura-CK4192M	3	6	ok	feed		gid://shopify/InventoryItem/55324507636097	DRAFT
2026-08-21T04:53:49.042Z	4f032f2a10c9	fortura-CK4199M	4	21	ok	feed		gid://shopify/InventoryItem/55324508324225	DRAFT
2026-08-21T04:53:49.042Z	4f032f2a10c9	fortura-CK4199XL	2	24	ok	feed		gid://shopify/InventoryItem/55324508356993	DRAFT
2026-08-21T04:53:49.042Z	4f032f2a10c9	fortura-CK4200L	2	16	ok	feed		gid://shopify/InventoryItem/55324508389761	DRAFT
2026-08-21T04:53:49.042Z	4f032f2a10c9	fortura-CK4200M	2	19	ok	feed		gid://shopify/InventoryItem/55324508422529	DRAFT
2026-08-21T04:53:49.042Z	4f032f2a10c9	fortura-CK4354140	1	4	ok	feed		gid://shopify/InventoryItem/55324511175041	DRAFT
2026-08-21T04:53:49.042Z	4f032f2a10c9	fortura-CK4536180	9	33	ok	feed		gid://shopify/InventoryItem/55324511633793	DRAFT
2026-08-21T04:53:49.042Z	4f032f2a10c9	fortura-CK4612XL	14	13	ok	feed		gid://shopify/InventoryItem/55324512846209	DRAFT
2026-08-21T04:53:49.042Z	4f032f2a10c9	fortura-CK4670XL	12	11	ok	feed		gid://shopify/InventoryItem/55324514877825	DRAFT
2026-08-21T04:53:49.042Z	4f032f2a10c9	fortura-CK4654	18	14	ok	feed		gid://shopify/InventoryItem/55324515008897	DRAFT
2026-08-21T04:53:49.042Z	4f032f2a10c9	fortura-CK4675L	18	16	ok	feed		gid://shopify/InventoryItem/55324515139969	DRAFT
2026-08-21T04:53:49.042Z	4f032f2a10c9	fortura-CK4660116	16	14	ok	feed		gid://shopify/InventoryItem/55324515205505	DRAFT
2026-08-21T04:53:49.042Z	4f032f2a10c9	fortura-CK4670M	12	11	ok	feed		gid://shopify/InventoryItem/55324515369345	DRAFT
2026-08-21T04:53:49.042Z	4f032f2a10c9	fortura-CK4688XXL	6	12	ok	feed		gid://shopify/InventoryItem/55324515631489	DRAFT
2026-08-21T04:53:49.042Z	4f032f2a10c9	fortura-CK4670L	15	14	ok	feed		gid://shopify/InventoryItem/55324515697025	DRAFT
2026-08-21T04:53:49.042Z	4f032f2a10c9	fortura-CK4694XL	8	30	ok	feed		gid://shopify/InventoryItem/55324515860865	DRAFT
2026-08-21T04:53:49.042Z	4f032f2a10c9	fortura-CK4688M	11	18	ok	feed		gid://shopify/InventoryItem/55324515926401	DRAFT
2026-08-21T04:53:49.042Z	4f032f2a10c9	fortura-CK4688S	5	15	ok	feed		gid://shopify/InventoryItem/55324516090241	DRAFT
2026-08-21T04:53:49.042Z	4f032f2a10c9	fortura-CK4693XL	29	28	ok	feed		gid://shopify/InventoryItem/55324516221313	DRAFT
2026-08-21T04:53:49.042Z	4f032f2a10c9	fortura-CK4688L	4	12	ok	feed		gid://shopify/InventoryItem/55324516286849	DRAFT
2026-08-21T04:53:49.042Z	4f032f2a10c9	fortura-CK4694M	11	9	ok	feed		gid://shopify/InventoryItem/55324516352385	DRAFT
2026-08-21T04:53:49.042Z	4f032f2a10c9	fortura-CK4735L	6	4	ok	feed		gid://shopify/InventoryItem/55324516581761	DRAFT
2026-08-21T04:53:49.042Z	4f032f2a10c9	fortura-CK4733M	9	8	ok	feed		gid://shopify/InventoryItem/55324516745601	DRAFT
2026-08-21T04:53:49.042Z	4f032f2a10c9	fortura-CK4733S	16	14	ok	feed		gid://shopify/InventoryItem/55324516843905	DRAFT
2026-08-21T04:53:49.042Z	4f032f2a10c9	fortura-CK4734L	16	14	ok	feed		gid://shopify/InventoryItem/55324516942209	DRAFT
2026-08-21T04:53:49.042Z	4f032f2a10c9	fortura-CK4750L	51	49	ok	feed		gid://shopify/InventoryItem/55324517007745	DRAFT
2026-08-21T04:53:49.042Z	4f032f2a10c9	fortura-CK4735XL	3	10	ok	feed		gid://shopify/InventoryItem/55324517040513	DRAFT
2026-08-21T04:53:49.042Z	4f032f2a10c9	fortura-CK4752M	43	38	ok	feed		gid://shopify/InventoryItem/55324517204353	DRAFT
2026-08-21T04:53:49.042Z	4f032f2a10c9	fortura-CK4740L	8	6	ok	feed		gid://shopify/InventoryItem/55324517269889	DRAFT
2026-08-21T04:53:49.042Z	4f032f2a10c9	fortura-CK4751M	51	47	ok	feed		gid://shopify/InventoryItem/55324517335425	DRAFT
2026-08-21T04:53:49.042Z	4f032f2a10c9	fortura-CK4752S	56	53	ok	feed		gid://shopify/InventoryItem/55324517368193	DRAFT
2026-08-21T04:53:49.042Z	4f032f2a10c9	fortura-CK4753L	54	53	ok	feed		gid://shopify/InventoryItem/55324517400961	DRAFT
2026-08-21T04:53:49.042Z	4f032f2a10c9	fortura-CK4750M	42	36	ok	feed		gid://shopify/InventoryItem/55324517466497	DRAFT
2026-08-21T04:53:49.042Z	4f032f2a10c9	fortura-CK4750S	46	43	ok	feed		gid://shopify/InventoryItem/55324517499265	DRAFT
2026-08-21T04:53:49.042Z	4f032f2a10c9	fortura-CK4752L	53	52	ok	feed		gid://shopify/InventoryItem/55324517532033	DRAFT
2026-08-21T04:53:49.042Z	4f032f2a10c9	fortura-CK4751L	55	53	ok	feed		gid://shopify/InventoryItem/55324517597569	DRAFT
2026-08-21T04:53:49.042Z	4f032f2a10c9	fortura-CK8874	45	44	ok	feed		gid://shopify/InventoryItem/55324517761409	DRAFT
2026-08-21T04:53:49.042Z	4f032f2a10c9	fortura-EU706284ML	15	14	ok	feed		gid://shopify/InventoryItem/55324517892481	DRAFT
2026-08-21T04:53:49.042Z	4f032f2a10c9	fortura-CK8875	30	29	ok	feed		gid://shopify/InventoryItem/55324518089089	DRAFT
2026-08-21T04:53:49.042Z	4f032f2a10c9	fortura-EU706240ML	14	12	ok	feed		gid://shopify/InventoryItem/55324518220161	DRAFT
2026-08-21T04:53:49.042Z	4f032f2a10c9	fortura-EU706702ML	11	10	ok	feed		gid://shopify/InventoryItem/55324521365889	DRAFT
2026-08-21T04:53:49.042Z	4f032f2a10c9	fortura-EU706819ML	9	7	ok	feed		gid://shopify/InventoryItem/55324526543233	DRAFT
2026-08-21T04:53:49.042Z	4f032f2a10c9	fortura-EU720875XL	7	6	ok	feed		gid://shopify/InventoryItem/55324550365569	DRAFT
2026-08-21T04:53:49.042Z	4f032f2a10c9	fortura-EU720875ML	9	8	ok	feed		gid://shopify/InventoryItem/55324552888705	DRAFT
2026-08-21T04:53:49.042Z	4f032f2a10c9	fortura-EU721130ML	9	8	ok	feed		gid://shopify/InventoryItem/55324566421889	DRAFT
2026-08-21T04:53:49.042Z	4f032f2a10c9	fortura-EU721309XS	59	58	ok	feed		gid://shopify/InventoryItem/55324569174401	DRAFT
2026-08-21T04:53:49.042Z	4f032f2a10c9	fortura-FM11842646	3	2	ok	feed		gid://shopify/InventoryItem/55324571664769	DRAFT
2026-08-21T04:53:49.042Z	4f032f2a10c9	fortura-EU85342202	5	4	ok	feed		gid://shopify/InventoryItem/55324574220673	DRAFT
2026-08-21T04:53:49.042Z	4f032f2a10c9	fortura-HB210636	2	1	ok	feed		gid://shopify/InventoryItem/55324584771969	DRAFT
2026-08-21T04:53:49.042Z	4f032f2a10c9	fortura-HB211040	11	9	ok	feed		gid://shopify/InventoryItem/55324587557249	DRAFT
2026-08-21T04:53:49.043Z	4f032f2a10c9	fortura-HB211044	2	1	ok	feed		gid://shopify/InventoryItem/55324590211457	DRAFT
2026-08-21T04:53:49.043Z	4f032f2a10c9	fortura-HB213040	0	2	ok	feed		gid://shopify/InventoryItem/55324590408065	DRAFT
2026-08-21T04:53:49.043Z	4f032f2a10c9	fortura-HB213044	0	1	ok	feed		gid://shopify/InventoryItem/55324590539137	DRAFT
2026-08-21T04:53:49.043Z	4f032f2a10c9	fortura-HB213042	0	3	ok	feed		gid://shopify/InventoryItem/55324593160577	DRAFT
2026-08-21T04:53:49.043Z	4f032f2a10c9	fortura-HB220546	7	6	ok	feed		gid://shopify/InventoryItem/55324593193345	DRAFT
2026-08-21T04:53:49.043Z	4f032f2a10c9	fortura-HB213140	1	0	ok	feed		gid://shopify/InventoryItem/55324593226113	DRAFT
2026-08-21T04:53:49.043Z	4f032f2a10c9	fortura-HB220550	9	7	ok	feed		gid://shopify/InventoryItem/55324595847553	DRAFT
2026-08-21T04:53:49.043Z	4f032f2a10c9	fortura-HB220558	6	5	ok	feed		gid://shopify/InventoryItem/55324595913089	DRAFT
2026-08-21T04:53:49.043Z	4f032f2a10c9	fortura-HB220548	11	10	ok	feed		gid://shopify/InventoryItem/55324595945857	DRAFT
2026-08-21T04:53:49.043Z	4f032f2a10c9	fortura-HB220556	8	7	ok	feed		gid://shopify/InventoryItem/55324595978625	DRAFT
2026-08-21T04:53:49.043Z	4f032f2a10c9	fortura-HB220554	12	10	ok	feed		gid://shopify/InventoryItem/55324596044161	DRAFT
2026-08-21T04:53:49.043Z	4f032f2a10c9	fortura-HB220648	0	3	ok	feed		gid://shopify/InventoryItem/55324596109697	DRAFT
2026-08-21T04:53:49.043Z	4f032f2a10c9	fortura-HB220560	5	4	ok	feed		gid://shopify/InventoryItem/55324596142465	DRAFT
2026-08-21T04:53:49.043Z	4f032f2a10c9	fortura-HB2325104	1	0	ok	feed		gid://shopify/InventoryItem/55324596208001	DRAFT
2026-08-21T04:53:49.043Z	4f032f2a10c9	fortura-HB220654	0	1	ok	feed		gid://shopify/InventoryItem/55324596240769	DRAFT
2026-08-21T04:53:49.043Z	4f032f2a10c9	fortura-HB2320110	1	0	ok	feed		gid://shopify/InventoryItem/55324598829441	DRAFT
2026-08-21T04:53:49.043Z	4f032f2a10c9	fortura-HB2325116	1	0	ok	feed		gid://shopify/InventoryItem/55324598862209	DRAFT
2026-08-21T04:53:49.043Z	4f032f2a10c9	fortura-HB250838	10	9	ok	feed		gid://shopify/InventoryItem/55324598960513	DRAFT
2026-08-21T04:53:49.043Z	4f032f2a10c9	fortura-HB263040	17	15	ok	feed		gid://shopify/InventoryItem/55324604858753	DRAFT
2026-08-21T04:53:49.043Z	4f032f2a10c9	fortura-HB270136	2	1	ok	feed		gid://shopify/InventoryItem/55324607545729	DRAFT
2026-08-21T04:53:49.043Z	4f032f2a10c9	fortura-HB270436	8	2	ok	feed		gid://shopify/InventoryItem/55324615672193	DRAFT
2026-08-21T04:53:49.043Z	4f032f2a10c9	fortura-HB270542	5	3	ok	feed		gid://shopify/InventoryItem/55324615967105	DRAFT
2026-08-21T04:53:49.043Z	4f032f2a10c9	fortura-HB270544	5	4	ok	feed		gid://shopify/InventoryItem/55324618490241	DRAFT
2026-08-21T04:53:49.043Z	4f032f2a10c9	fortura-HB270740	3	2	ok	feed		gid://shopify/InventoryItem/55324618654081	DRAFT
2026-08-21T04:53:49.043Z	4f032f2a10c9	fortura-HB270744	8	6	ok	feed		gid://shopify/InventoryItem/55324621275521	DRAFT
2026-08-21T04:53:49.043Z	4f032f2a10c9	fortura-HB270752	14	11	ok	feed		gid://shopify/InventoryItem/55324621308289	DRAFT
2026-08-21T04:53:49.043Z	4f032f2a10c9	fortura-HB270754	15	13	ok	feed		gid://shopify/InventoryItem/55324621472129	DRAFT
2026-08-21T04:53:49.043Z	4f032f2a10c9	fortura-HB270754	15	13	ok	feed		gid://shopify/InventoryItem/55324621504897	DRAFT
2026-08-21T04:53:49.043Z	4f032f2a10c9	fortura-HB270854	14	12	ok	feed		gid://shopify/InventoryItem/55324626747777	DRAFT
2026-08-21T04:53:49.043Z	4f032f2a10c9	fortura-HB271136	6	5	ok	feed		gid://shopify/InventoryItem/55324629303681	DRAFT
2026-08-21T04:53:49.043Z	4f032f2a10c9	fortura-HB2751XL	5	4	ok	feed		gid://shopify/InventoryItem/55324634644865	DRAFT
2026-08-21T04:53:49.043Z	4f032f2a10c9	fortura-HB2755M	9	8	ok	feed		gid://shopify/InventoryItem/55324634677633	DRAFT
2026-08-21T04:53:49.043Z	4f032f2a10c9	fortura-HB2751M	5	4	ok	feed		gid://shopify/InventoryItem/55324634710401	DRAFT
2026-08-21T04:53:49.043Z	4f032f2a10c9	fortura-HB2756S	5	4	ok	feed		gid://shopify/InventoryItem/55324637462913	DRAFT
2026-08-21T04:53:49.043Z	4f032f2a10c9	fortura-HB2755XL	15	14	ok	feed		gid://shopify/InventoryItem/55324639953281	DRAFT
2026-08-21T04:53:49.043Z	4f032f2a10c9	fortura-HB2766M	13	11	ok	feed		gid://shopify/InventoryItem/55324642640257	DRAFT
2026-08-21T04:53:49.043Z	4f032f2a10c9	fortura-HB2775L	13	14	ok	feed		gid://shopify/InventoryItem/55324645327233	DRAFT
2026-08-21T04:53:49.043Z	4f032f2a10c9	fortura-HB2775M	17	15	ok	feed		gid://shopify/InventoryItem/55324647817601	DRAFT
2026-08-21T04:53:49.043Z	4f032f2a10c9	fortura-HB2775XL	16	15	ok	feed		gid://shopify/InventoryItem/55324647883137	DRAFT
2026-08-21T04:53:49.043Z	4f032f2a10c9	fortura-HB2806XXXXL	10	9	ok	feed		gid://shopify/InventoryItem/55324655681921	DRAFT
2026-08-21T04:53:49.043Z	4f032f2a10c9	fortura-HB284554	5	4	ok	feed		gid://shopify/InventoryItem/55324655812993	DRAFT
2026-08-21T04:53:49.043Z	4f032f2a10c9	fortura-HB284546	3	2	ok	feed		gid://shopify/InventoryItem/55324655878529	DRAFT
2026-08-21T04:53:49.043Z	4f032f2a10c9	fortura-HB284556	12	11	ok	feed		gid://shopify/InventoryItem/55324661023105	DRAFT
2026-08-21T04:53:49.043Z	4f032f2a10c9	fortura-HB284562	7	6	ok	feed		gid://shopify/InventoryItem/55324663579009	DRAFT
2026-08-21T04:53:50.112Z	4f032f2a10c9	fortura-HB287458	6	5	ok	feed		gid://shopify/InventoryItem/55324663644545	DRAFT
2026-08-21T04:53:50.112Z	4f032f2a10c9	fortura-HB287752	2	1	ok	feed		gid://shopify/InventoryItem/55324671476097	DRAFT
2026-08-21T04:53:50.112Z	4f032f2a10c9	fortura-HB287658	9	8	ok	feed		gid://shopify/InventoryItem/55324671541633	DRAFT
2026-08-21T04:53:50.112Z	4f032f2a10c9	fortura-HB289052	5	4	ok	feed		gid://shopify/InventoryItem/55324674064769	DRAFT
2026-08-21T04:53:50.112Z	4f032f2a10c9	fortura-HB292540	3	2	ok	feed		gid://shopify/InventoryItem/55324681994625	DRAFT
2026-08-21T04:53:50.112Z	4f032f2a10c9	fortura-HB293538	2	0	ok	feed		gid://shopify/InventoryItem/55324687335809	DRAFT
2026-08-21T04:53:50.112Z	4f032f2a10c9	fortura-HB293538	2	0	ok	feed		gid://shopify/InventoryItem/55324687368577	DRAFT
2026-08-21T04:53:50.112Z	4f032f2a10c9	fortura-HB294042	9	7	ok	feed		gid://shopify/InventoryItem/55324692775297	DRAFT
2026-08-21T04:53:50.112Z	4f032f2a10c9	fortura-HB294042	9	7	ok	feed		gid://shopify/InventoryItem/55324692808065	DRAFT
2026-08-21T04:53:50.112Z	4f032f2a10c9	fortura-HB294138	11	10	ok	feed		gid://shopify/InventoryItem/55324692971905	DRAFT
2026-08-21T04:53:50.112Z	4f032f2a10c9	fortura-HB294138	11	10	ok	feed		gid://shopify/InventoryItem/55324693004673	DRAFT
2026-08-21T04:53:50.112Z	4f032f2a10c9	fortura-HB294152	14	13	ok	feed		gid://shopify/InventoryItem/55324693037441	DRAFT
2026-08-21T04:53:50.112Z	4f032f2a10c9	fortura-HB299142	8	7	ok	feed		gid://shopify/InventoryItem/55324698378625	DRAFT
2026-08-21T04:53:50.112Z	4f032f2a10c9	fortura-HB299254	6	5	ok	feed		gid://shopify/InventoryItem/55324698509697	DRAFT
2026-08-21T04:53:50.112Z	4f032f2a10c9	fortura-HB3550M	13	12	ok	feed		gid://shopify/InventoryItem/55324701065601	DRAFT
2026-08-21T04:53:50.112Z	4f032f2a10c9	fortura-HB299252	7	6	ok	feed		gid://shopify/InventoryItem/55324701491585	DRAFT
2026-08-21T04:53:50.112Z	4f032f2a10c9	fortura-HB361538	3	2	ok	feed		gid://shopify/InventoryItem/55324704014721	DRAFT
2026-08-21T04:53:50.112Z	4f032f2a10c9	fortura-HB362038	2	1	ok	feed		gid://shopify/InventoryItem/55324704178561	DRAFT
2026-08-21T04:53:50.112Z	4f032f2a10c9	fortura-HB361550	6	5	ok	feed		gid://shopify/InventoryItem/55324704309633	DRAFT
2026-08-21T04:53:50.112Z	4f032f2a10c9	fortura-HB362046	2	1	ok	feed		gid://shopify/InventoryItem/55324706865537	DRAFT
2026-08-21T04:53:50.112Z	4f032f2a10c9	fortura-HB363536	6	5	ok	feed		gid://shopify/InventoryItem/55324706996609	DRAFT
2026-08-21T04:53:50.112Z	4f032f2a10c9	fortura-HB363550	9	8	ok	feed		gid://shopify/InventoryItem/55324707029377	DRAFT
2026-08-21T04:53:50.112Z	4f032f2a10c9	fortura-HB364038	2	1	ok	feed		gid://shopify/InventoryItem/55324710011265	DRAFT
2026-08-21T04:53:50.112Z	4f032f2a10c9	fortura-HB364038	2	1	ok	feed		gid://shopify/InventoryItem/55324710044033	DRAFT
2026-08-21T04:53:50.112Z	4f032f2a10c9	fortura-HB364052	5	2	ok	feed		gid://shopify/InventoryItem/55324712567169	DRAFT
2026-08-21T04:53:50.112Z	4f032f2a10c9	fortura-HB364044	7	5	ok	feed		gid://shopify/InventoryItem/55324712599937	DRAFT
2026-08-21T04:53:50.112Z	4f032f2a10c9	fortura-HB365536	4	2	ok	feed		gid://shopify/InventoryItem/55324712632705	DRAFT
2026-08-21T04:53:50.112Z	4f032f2a10c9	fortura-HB365540	4	3	ok	feed		gid://shopify/InventoryItem/55324712698241	DRAFT
2026-08-21T04:53:50.113Z	4f032f2a10c9	fortura-HB365548	5	3	ok	feed		gid://shopify/InventoryItem/55324715352449	DRAFT
2026-08-21T04:53:50.113Z	4f032f2a10c9	fortura-HB4050110	1	0	ok	feed		gid://shopify/InventoryItem/55324726231425	DRAFT
2026-08-21T04:53:50.113Z	4f032f2a10c9	fortura-HB502548	19	17	ok	feed		gid://shopify/InventoryItem/55324728951169	DRAFT
2026-08-21T04:53:50.113Z	4f032f2a10c9	fortura-HB502552	20	19	ok	feed		gid://shopify/InventoryItem/55324731572609	DRAFT
2026-08-21T04:53:50.113Z	4f032f2a10c9	fortura-HB502550	25	24	ok	feed		gid://shopify/InventoryItem/55324731605377	DRAFT
2026-08-21T04:53:50.113Z	4f032f2a10c9	fortura-HB502550	25	24	ok	feed		gid://shopify/InventoryItem/55324731638145	DRAFT
2026-08-21T04:53:50.113Z	4f032f2a10c9	fortura-HB512550	9	8	ok	feed		gid://shopify/InventoryItem/55324736946561	DRAFT
2026-08-21T04:53:50.113Z	4f032f2a10c9	fortura-HB512556	3	2	ok	feed		gid://shopify/InventoryItem/55324737077633	DRAFT
2026-08-21T04:53:50.113Z	4f032f2a10c9	fortura-HB503056	2	1	ok	feed		gid://shopify/InventoryItem/55324737110401	DRAFT
2026-08-21T04:53:50.113Z	4f032f2a10c9	fortura-HB512552	7	6	ok	feed		gid://shopify/InventoryItem/55324747727233	DRAFT
2026-08-21T04:53:50.113Z	4f032f2a10c9	fortura-HB512554	4	3	ok	feed		gid://shopify/InventoryItem/55324747760001	DRAFT
2026-08-21T04:53:50.113Z	4f032f2a10c9	fortura-HB526044	3	2	ok	feed		gid://shopify/InventoryItem/55324750283137	DRAFT
2026-08-21T04:53:50.113Z	4f032f2a10c9	fortura-HB526056	4	3	ok	feed		gid://shopify/InventoryItem/55324752970113	DRAFT
2026-08-21T04:53:50.113Z	4f032f2a10c9	fortura-HB526062	5	4	ok	feed		gid://shopify/InventoryItem/55324755558785	DRAFT
2026-08-21T04:53:50.113Z	4f032f2a10c9	fortura-HB525544	4	3	ok	feed		gid://shopify/InventoryItem/55324755722625	DRAFT
2026-08-21T04:53:50.113Z	4f032f2a10c9	fortura-HB525560	5	4	ok	feed		gid://shopify/InventoryItem/55324758245761	DRAFT
2026-08-21T04:53:50.113Z	4f032f2a10c9	fortura-OR1372425L-XL	17	13	ok	feed		gid://shopify/InventoryItem/55324758409601	DRAFT
2026-08-21T04:53:50.113Z	4f032f2a10c9	fortura-HB526058	5	4	ok	feed		gid://shopify/InventoryItem/55324761031041	DRAFT
2026-08-21T04:53:50.113Z	4f032f2a10c9	fortura-OR1372425S-M	23	18	ok	feed		gid://shopify/InventoryItem/55324761063809	DRAFT
2026-08-21T04:53:50.113Z	4f032f2a10c9	fortura-OR13724XXL-XXXL	20	18	ok	feed		gid://shopify/InventoryItem/55324761162113	DRAFT
2026-08-21T04:53:50.113Z	4f032f2a10c9	fortura-MY205306	6	5	ok	feed		gid://shopify/InventoryItem/55324763652481	DRAFT
2026-08-21T04:53:50.113Z	4f032f2a10c9	fortura-OR193131640-42	2	1	ok	feed		gid://shopify/InventoryItem/55324763718017	DRAFT
2026-08-21T04:53:50.113Z	4f032f2a10c9	fortura-OR4003223-XS	16	11	ok	feed		gid://shopify/InventoryItem/55324768993665	DRAFT
2026-08-21T04:53:50.113Z	4f032f2a10c9	fortura-OR40058-4042	14	12	ok	feed		gid://shopify/InventoryItem/55324771647873	DRAFT
2026-08-21T04:53:50.113Z	4f032f2a10c9	fortura-OR40093L-XL	7	6	ok	feed		gid://shopify/InventoryItem/55324771942785	DRAFT
2026-08-21T04:53:50.113Z	4f032f2a10c9	fortura-OR40120L-XL	36	34	ok	feed		gid://shopify/InventoryItem/55324774793601	DRAFT
2026-08-21T04:53:50.113Z	4f032f2a10c9	fortura-OR4003223S-M	12	7	ok	feed		gid://shopify/InventoryItem/55324777283969	DRAFT
2026-08-21T04:53:50.113Z	4f032f2a10c9	fortura-OR4003223S-M	12	7	ok	feed		gid://shopify/InventoryItem/55324777316737	DRAFT
2026-08-21T04:53:50.113Z	4f032f2a10c9	fortura-OR40032S-M	25	23	ok	feed		gid://shopify/InventoryItem/55324779938177	DRAFT
2026-08-21T04:53:50.113Z	4f032f2a10c9	fortura-OR40120S-M	34	33	ok	feed		gid://shopify/InventoryItem/55324780036481	DRAFT
2026-08-21T04:53:50.113Z	4f032f2a10c9	fortura-OR4012200-LXL	10	8	ok	feed		gid://shopify/InventoryItem/55324780200321	DRAFT
2026-08-21T04:53:50.113Z	4f032f2a10c9	fortura-OR4012300-SM	8	7	ok	feed		gid://shopify/InventoryItem/55324782756225	DRAFT
2026-08-21T04:53:50.113Z	4f032f2a10c9	fortura-OR40092S-M	8	6	ok	feed		gid://shopify/InventoryItem/55324782788993	DRAFT
2026-08-21T04:53:50.113Z	4f032f2a10c9	fortura-OR40092S-M	8	6	ok	feed		gid://shopify/InventoryItem/55324782821761	DRAFT
2026-08-21T04:53:50.113Z	4f032f2a10c9	fortura-OR5241-98104	4	3	ok	feed		gid://shopify/InventoryItem/55324788359553	DRAFT
2026-08-21T04:53:50.113Z	4f032f2a10c9	fortura-OR40190L-XL	11	10	ok	feed		gid://shopify/InventoryItem/55324790849921	DRAFT
2026-08-21T04:53:50.113Z	4f032f2a10c9	fortura-OR43232116-140	31	29	ok	feed		gid://shopify/InventoryItem/55324790948225	DRAFT
2026-08-21T04:53:50.113Z	4f032f2a10c9	fortura-OR5502140	17	16	ok	feed		gid://shopify/InventoryItem/55324793602433	DRAFT
2026-08-21T04:53:50.113Z	4f032f2a10c9	fortura-OR727450-52	5	3	ok	feed		gid://shopify/InventoryItem/55324794126721	DRAFT
2026-08-21T04:53:50.113Z	4f032f2a10c9	fortura-OR729552-54	6	5	ok	feed		gid://shopify/InventoryItem/55324794847617	DRAFT
2026-08-21T04:53:50.113Z	4f032f2a10c9	fortura-OR7990-S	0	2	ok	feed		gid://shopify/InventoryItem/55324795830657	DRAFT
2026-08-21T04:53:50.113Z	4f032f2a10c9	fortura-OR813-XL	10	9	ok	feed		gid://shopify/InventoryItem/55324796387713	DRAFT
2026-08-21T04:53:50.113Z	4f032f2a10c9	fortura-OR814-L	4	3	ok	feed		gid://shopify/InventoryItem/55324796420481	DRAFT
2026-08-21T04:53:50.113Z	4f032f2a10c9	fortura-OR9269	8	7	ok	feed		gid://shopify/InventoryItem/55324796453249	DRAFT
2026-08-21T04:53:50.113Z	4f032f2a10c9	fortura-OR9538XL	2	1	ok	feed		gid://shopify/InventoryItem/55324797043073	DRAFT
2026-08-21T04:53:50.113Z	4f032f2a10c9	fortura-OR9537L	9	7	ok	feed		gid://shopify/InventoryItem/55324797075841	DRAFT
2026-08-21T04:53:50.113Z	4f032f2a10c9	fortura-OR9537XL	3	2	ok	feed		gid://shopify/InventoryItem/55324797305217	DRAFT
2026-08-21T04:53:50.113Z	4f032f2a10c9	fortura-OR988842	9	8	ok	feed		gid://shopify/InventoryItem/55324797403521	DRAFT
2026-08-21T04:53:50.113Z	4f032f2a10c9	fortura-OR9985L-XL	10	9	ok	feed		gid://shopify/InventoryItem/55324798321025	DRAFT
2026-08-21T04:53:50.113Z	4f032f2a10c9	fortura-PC18582	0	2	ok	feed		gid://shopify/InventoryItem/55324798878081	DRAFT
2026-08-21T04:53:50.113Z	4f032f2a10c9	fortura-PC21063	0	1	ok	feed		gid://shopify/InventoryItem/55324799172993	DRAFT
2026-08-21T04:53:50.113Z	4f032f2a10c9	fortura-PC22075	16	15	ok	feed		gid://shopify/InventoryItem/55324800582017	DRAFT
2026-08-21T04:53:50.113Z	4f032f2a10c9	fortura-PC22676	1	0	ok	feed		gid://shopify/InventoryItem/55324800647553	DRAFT
2026-08-21T04:53:50.113Z	4f032f2a10c9	fortura-PC23094	17	16	ok	feed		gid://shopify/InventoryItem/55324800745857	DRAFT
2026-08-21T04:53:50.113Z	4f032f2a10c9	fortura-900656	23	21	ok	feed		gid://shopify/InventoryItem/55324804284801	DRAFT
2026-08-21T04:53:50.113Z	4f032f2a10c9	fortura-PC99667	9	8	ok	feed		gid://shopify/InventoryItem/55324804645249	DRAFT
2026-08-21T04:53:50.113Z	4f032f2a10c9	fortura-PC99667	9	8	ok	feed		gid://shopify/InventoryItem/55324804678017	DRAFT
2026-08-21T04:53:50.113Z	4f032f2a10c9	fortura-901832	22	17	ok	feed		gid://shopify/InventoryItem/55324804743553	DRAFT
2026-08-21T04:53:50.113Z	4f032f2a10c9	fortura-901988	51	50	ok	feed		gid://shopify/InventoryItem/55324804972929	DRAFT
2026-08-21T04:53:50.113Z	4f032f2a10c9	fortura-902456	85	83	ok	feed		gid://shopify/InventoryItem/55324805267841	DRAFT
2026-08-21T04:53:50.113Z	4f032f2a10c9	fortura-902999	18	17	ok	feed		gid://shopify/InventoryItem/55324805529985	DRAFT
2026-08-21T04:53:50.113Z	4f032f2a10c9	fortura-33523	4	3	ok	feed		gid://shopify/InventoryItem/55324805693825	DRAFT
2026-08-21T04:53:50.113Z	4f032f2a10c9	fortura-49564	9	8	ok	feed		gid://shopify/InventoryItem/55324805792129	DRAFT
2026-08-21T04:53:50.113Z	4f032f2a10c9	fortura-49564	9	8	ok	feed		gid://shopify/InventoryItem/55324805824897	DRAFT
2026-08-21T04:53:50.113Z	4f032f2a10c9	fortura-901507	42	41	ok	feed		gid://shopify/InventoryItem/55324805923201	DRAFT
2026-08-21T04:53:50.113Z	4f032f2a10c9	fortura-901827	35	34	ok	feed		gid://shopify/InventoryItem/55324805988737	DRAFT
2026-08-21T04:53:50.113Z	4f032f2a10c9	fortura-90551	49	48	ok	feed		gid://shopify/InventoryItem/55324806119809	DRAFT
2026-08-21T04:53:50.113Z	4f032f2a10c9	fortura-901834	26	21	ok	feed		gid://shopify/InventoryItem/55324806185345	DRAFT
2026-08-21T04:53:50.113Z	4f032f2a10c9	fortura-906752	129	127	ok	feed		gid://shopify/InventoryItem/55324806349185	DRAFT
2026-08-21T04:53:50.113Z	4f032f2a10c9	fortura-901854	67	56	ok	feed		gid://shopify/InventoryItem/55324806480257	DRAFT
2026-08-21T04:53:50.113Z	4f032f2a10c9	fortura-901995	50	48	ok	feed		gid://shopify/InventoryItem/55324806545793	DRAFT
2026-08-21T04:53:50.113Z	4f032f2a10c9	fortura-902128	20	19	ok	feed		gid://shopify/InventoryItem/55324806578561	DRAFT
2026-08-21T04:53:51.150Z	4f032f2a10c9	fortura-906761	38	37	ok	feed		gid://shopify/InventoryItem/55324806611329	DRAFT
2026-08-21T04:53:51.150Z	4f032f2a10c9	fortura-902419	19	17	ok	feed		gid://shopify/InventoryItem/55324806676865	DRAFT
2026-08-21T04:53:51.150Z	4f032f2a10c9	fortura-906908	18	16	ok	feed		gid://shopify/InventoryItem/55324806709633	DRAFT
2026-08-21T04:53:51.150Z	4f032f2a10c9	fortura-90749	31	27	ok	feed		gid://shopify/InventoryItem/55324806840705	DRAFT
2026-08-21T04:53:51.150Z	4f032f2a10c9	fortura-902989	44	40	ok	feed		gid://shopify/InventoryItem/55324807004545	DRAFT
2026-08-21T04:53:51.150Z	4f032f2a10c9	fortura-90755	76	73	ok	feed		gid://shopify/InventoryItem/55324807037313	DRAFT
2026-08-21T04:53:51.150Z	4f032f2a10c9	fortura-902994	42	39	ok	feed		gid://shopify/InventoryItem/55324807070081	DRAFT
2026-08-21T04:53:51.150Z	4f032f2a10c9	fortura-904411	83	80	ok	feed		gid://shopify/InventoryItem/55324807102849	DRAFT
2026-08-21T04:53:51.150Z	4f032f2a10c9	fortura-903216	48	42	ok	feed		gid://shopify/InventoryItem/55324807135617	DRAFT
2026-08-21T04:53:51.150Z	4f032f2a10c9	fortura-90806	81	79	ok	feed		gid://shopify/InventoryItem/55324807168385	DRAFT
2026-08-21T04:53:51.150Z	4f032f2a10c9	fortura-90809	46	45	ok	feed		gid://shopify/InventoryItem/55324807266689	DRAFT
2026-08-21T04:53:51.150Z	4f032f2a10c9	fortura-903612	26	24	ok	feed		gid://shopify/InventoryItem/55324807299457	DRAFT
2026-08-21T04:53:51.150Z	4f032f2a10c9	fortura-908474	227	224	ok	feed		gid://shopify/InventoryItem/55324807430529	DRAFT
2026-08-21T04:53:51.150Z	4f032f2a10c9	fortura-90550	71	69	ok	feed		gid://shopify/InventoryItem/55324807496065	DRAFT
2026-08-21T04:53:51.150Z	4f032f2a10c9	fortura-90959	93	92	ok	feed		gid://shopify/InventoryItem/55324807594369	DRAFT
2026-08-21T04:53:51.150Z	4f032f2a10c9	fortura-90592	37	35	ok	feed		gid://shopify/InventoryItem/55324807627137	DRAFT
2026-08-21T04:53:51.150Z	4f032f2a10c9	fortura-906745	26	30	ok	feed		gid://shopify/InventoryItem/55324807758209	DRAFT
2026-08-21T04:53:51.150Z	4f032f2a10c9	fortura-909758	13	16	ok	feed		gid://shopify/InventoryItem/55324807823745	DRAFT
2026-08-21T04:53:51.150Z	4f032f2a10c9	fortura-906757	20	19	ok	feed		gid://shopify/InventoryItem/55324807856513	DRAFT
2026-08-21T04:53:51.150Z	4f032f2a10c9	fortura-906756	9	8	ok	feed		gid://shopify/InventoryItem/55324807889281	DRAFT
2026-08-21T04:53:51.150Z	4f032f2a10c9	fortura-906756	9	8	ok	feed		gid://shopify/InventoryItem/55324807922049	DRAFT
2026-08-21T04:53:51.150Z	4f032f2a10c9	fortura-906763	32	34	ok	feed		gid://shopify/InventoryItem/55324808085889	DRAFT
2026-08-21T04:53:51.150Z	4f032f2a10c9	fortura-909800	67	65	ok	feed		gid://shopify/InventoryItem/55324808118657	DRAFT
2026-08-21T04:53:51.150Z	4f032f2a10c9	fortura-908485	23	19	ok	feed		gid://shopify/InventoryItem/55324808184193	DRAFT
2026-08-21T04:53:51.150Z	4f032f2a10c9	fortura-90822	186	174	ok	feed		gid://shopify/InventoryItem/55324808216961	DRAFT
2026-08-21T04:53:51.150Z	4f032f2a10c9	fortura-909169	13	10	ok	feed		gid://shopify/InventoryItem/55324808282497	DRAFT
2026-08-21T04:53:51.150Z	4f032f2a10c9	fortura-908475	78	74	ok	feed		gid://shopify/InventoryItem/55324808315265	DRAFT
2026-08-21T04:53:51.150Z	4f032f2a10c9	fortura-908484	37	33	ok	feed		gid://shopify/InventoryItem/55324808544641	DRAFT
2026-08-21T04:53:51.150Z	4f032f2a10c9	fortura-909751	22	20	ok	feed		gid://shopify/InventoryItem/55324808577409	DRAFT
2026-08-21T04:53:51.150Z	4f032f2a10c9	fortura-929102	54	53	ok	feed		gid://shopify/InventoryItem/55324808610177	DRAFT
2026-08-21T04:53:51.150Z	4f032f2a10c9	fortura-908484	37	33	ok	feed		gid://shopify/InventoryItem/55324808642945	DRAFT
2026-08-21T04:53:51.150Z	4f032f2a10c9	fortura-92951	42	37	ok	feed		gid://shopify/InventoryItem/55324808708481	DRAFT
2026-08-21T04:53:51.150Z	4f032f2a10c9	fortura-90960	47	46	ok	feed		gid://shopify/InventoryItem/55324808774017	DRAFT
2026-08-21T04:53:51.150Z	4f032f2a10c9	fortura-909648	18	17	ok	feed		gid://shopify/InventoryItem/55324808872321	DRAFT
2026-08-21T04:53:51.150Z	4f032f2a10c9	fortura-946937	35	31	ok	feed		gid://shopify/InventoryItem/55324808937857	DRAFT
2026-08-21T04:53:51.150Z	4f032f2a10c9	fortura-909753	47	46	ok	feed		gid://shopify/InventoryItem/55324809003393	DRAFT
2026-08-21T04:53:51.150Z	4f032f2a10c9	fortura-909759	56	52	ok	feed		gid://shopify/InventoryItem/55324809101697	DRAFT
2026-08-21T04:53:51.151Z	4f032f2a10c9	fortura-909802	56	53	ok	feed		gid://shopify/InventoryItem/55324809134465	DRAFT
2026-08-21T04:53:51.151Z	4f032f2a10c9	fortura-95045	25	20	ok	feed		gid://shopify/InventoryItem/55324809167233	DRAFT
2026-08-21T04:53:51.151Z	4f032f2a10c9	fortura-909801	61	55	ok	feed		gid://shopify/InventoryItem/55324809298305	DRAFT
2026-08-21T04:53:51.151Z	4f032f2a10c9	fortura-909801	61	55	ok	feed		gid://shopify/InventoryItem/55324809363841	DRAFT
2026-08-21T04:53:51.151Z	4f032f2a10c9	fortura-911721	42	38	ok	feed		gid://shopify/InventoryItem/55324809527681	DRAFT
2026-08-21T04:53:51.151Z	4f032f2a10c9	fortura-925708	48	47	ok	feed		gid://shopify/InventoryItem/55324809658753	DRAFT
2026-08-21T04:53:51.151Z	4f032f2a10c9	fortura-929094	56	55	ok	feed		gid://shopify/InventoryItem/55324809789825	DRAFT
2026-08-21T04:53:51.151Z	4f032f2a10c9	fortura-974975	31	27	ok	feed		gid://shopify/InventoryItem/55324809822593	DRAFT
2026-08-21T04:53:51.151Z	4f032f2a10c9	fortura-929095	71	67	ok	feed		gid://shopify/InventoryItem/55324809855361	DRAFT
2026-08-21T04:53:51.151Z	4f032f2a10c9	fortura-946929	4	3	ok	feed		gid://shopify/InventoryItem/55324810051969	DRAFT
2026-08-21T04:53:51.151Z	4f032f2a10c9	fortura-946939	24	23	ok	feed		gid://shopify/InventoryItem/55324810084737	DRAFT
2026-08-21T04:53:51.151Z	4f032f2a10c9	fortura-BO00168	29	27	ok	feed		gid://shopify/InventoryItem/55324810150273	DRAFT
2026-08-21T04:53:51.151Z	4f032f2a10c9	fortura-95373	20	18	ok	feed		gid://shopify/InventoryItem/55324810215809	DRAFT
2026-08-21T04:53:51.151Z	4f032f2a10c9	fortura-BO00219	26	24	ok	feed		gid://shopify/InventoryItem/55324810248577	DRAFT
2026-08-21T04:53:51.151Z	4f032f2a10c9	fortura-95961	62	56	ok	feed		gid://shopify/InventoryItem/55324810281345	DRAFT
2026-08-21T04:53:51.151Z	4f032f2a10c9	fortura-96034	67	66	ok	feed		gid://shopify/InventoryItem/55324810314113	DRAFT
2026-08-21T04:53:51.151Z	4f032f2a10c9	fortura-95961	62	56	ok	feed		gid://shopify/InventoryItem/55324810346881	DRAFT
2026-08-21T04:53:51.151Z	4f032f2a10c9	fortura-960814	72	69	ok	feed		gid://shopify/InventoryItem/55324810412417	DRAFT
2026-08-21T04:53:51.151Z	4f032f2a10c9	fortura-96096	76	74	ok	feed		gid://shopify/InventoryItem/55324810445185	DRAFT
2026-08-21T04:53:51.151Z	4f032f2a10c9	fortura-BO04500	54	44	ok	feed		gid://shopify/InventoryItem/55324810477953	DRAFT
2026-08-21T04:53:51.151Z	4f032f2a10c9	fortura-96108	34	38	ok	feed		gid://shopify/InventoryItem/55324810543489	DRAFT
2026-08-21T04:53:51.151Z	4f032f2a10c9	fortura-BO54564	42	41	ok	feed		gid://shopify/InventoryItem/55324810707329	DRAFT
2026-08-21T04:53:51.151Z	4f032f2a10c9	fortura-965106	39	34	ok	feed		gid://shopify/InventoryItem/55324810740097	DRAFT
2026-08-21T04:53:51.151Z	4f032f2a10c9	fortura-96334	47	41	ok	feed		gid://shopify/InventoryItem/55324810772865	DRAFT
2026-08-21T04:53:51.151Z	4f032f2a10c9	fortura-BO54573	78	77	ok	feed		gid://shopify/InventoryItem/55324810838401	DRAFT
2026-08-21T04:53:51.151Z	4f032f2a10c9	fortura-968565	51	52	ok	feed		gid://shopify/InventoryItem/55324810871169	DRAFT
2026-08-21T04:53:51.151Z	4f032f2a10c9	fortura-974973	58	52	ok	feed		gid://shopify/InventoryItem/55324811133313	DRAFT
2026-08-21T04:53:51.151Z	4f032f2a10c9	fortura-BO56772	9	8	ok	feed		gid://shopify/InventoryItem/55324811297153	DRAFT
2026-08-21T04:53:51.151Z	4f032f2a10c9	fortura-BO72183	3	2	ok	feed		gid://shopify/InventoryItem/55324811460993	DRAFT
2026-08-21T04:53:51.151Z	4f032f2a10c9	fortura-98680	45	44	ok	feed		gid://shopify/InventoryItem/55324811526529	DRAFT
2026-08-21T04:53:51.151Z	4f032f2a10c9	fortura-BO72237	36	34	ok	feed		gid://shopify/InventoryItem/55324811559297	DRAFT
2026-08-21T04:53:51.151Z	4f032f2a10c9	fortura-99187	4	3	ok	feed		gid://shopify/InventoryItem/55324811952513	DRAFT
2026-08-21T04:53:51.151Z	4f032f2a10c9	fortura-BO81036	19	16	ok	feed		gid://shopify/InventoryItem/55324811985281	DRAFT
2026-08-21T04:53:51.151Z	4f032f2a10c9	fortura-BO00169	32	54	ok	feed		gid://shopify/InventoryItem/55324812018049	DRAFT
2026-08-21T04:53:51.151Z	4f032f2a10c9	fortura-BO00220	32	28	ok	feed		gid://shopify/InventoryItem/55324812116353	DRAFT
2026-08-21T04:53:51.151Z	4f032f2a10c9	fortura-BO85083	15	13	ok	feed		gid://shopify/InventoryItem/55324812149121	DRAFT
2026-08-21T04:53:51.151Z	4f032f2a10c9	fortura-BO00746	17	15	ok	feed		gid://shopify/InventoryItem/55324812181889	DRAFT
2026-08-21T04:53:51.151Z	4f032f2a10c9	fortura-BO85092	74	109	ok	feed		gid://shopify/InventoryItem/55324812247425	DRAFT
2026-08-21T04:53:51.151Z	4f032f2a10c9	fortura-BO00785	13	12	ok	feed		gid://shopify/InventoryItem/55324812280193	DRAFT
2026-08-21T04:53:51.151Z	4f032f2a10c9	fortura-BO00793	11	9	ok	feed		gid://shopify/InventoryItem/55324812378497	DRAFT
2026-08-21T04:53:51.151Z	4f032f2a10c9	fortura-BO04349	79	108	ok	feed		gid://shopify/InventoryItem/55324812771713	DRAFT
2026-08-21T04:53:51.151Z	4f032f2a10c9	fortura-BO86376	34	33	ok	feed		gid://shopify/InventoryItem/55324812902785	DRAFT
2026-08-21T04:53:51.151Z	4f032f2a10c9	fortura-BO04348	65	61	ok	feed		gid://shopify/InventoryItem/55324812968321	DRAFT
2026-08-21T04:53:51.151Z	4f032f2a10c9	fortura-BO04348	65	61	ok	feed		gid://shopify/InventoryItem/55324813001089	DRAFT
2026-08-21T04:53:51.151Z	4f032f2a10c9	fortura-BO86391	48	40	ok	feed		gid://shopify/InventoryItem/55324813066625	DRAFT
2026-08-21T04:53:51.151Z	4f032f2a10c9	fortura-BO04504	50	77	ok	feed		gid://shopify/InventoryItem/55324813099393	DRAFT
2026-08-21T04:53:51.151Z	4f032f2a10c9	fortura-BO54389	57	49	ok	feed		gid://shopify/InventoryItem/55324813164929	DRAFT
2026-08-21T04:53:51.151Z	4f032f2a10c9	fortura-BO54392	33	28	ok	feed		gid://shopify/InventoryItem/55324813263233	DRAFT
2026-08-21T04:53:51.151Z	4f032f2a10c9	fortura-BO44560	51	43	ok	feed		gid://shopify/InventoryItem/55324813328769	DRAFT
2026-08-21T04:53:51.151Z	4f032f2a10c9	fortura-BO4517	11	8	ok	feed		gid://shopify/InventoryItem/55324813427073	DRAFT
2026-08-21T04:53:51.151Z	4f032f2a10c9	fortura-BO54388	38	37	ok	feed		gid://shopify/InventoryItem/55324813459841	DRAFT
2026-08-21T04:53:51.151Z	4f032f2a10c9	fortura-BO56750	8	7	ok	feed		gid://shopify/InventoryItem/55324813525377	DRAFT
2026-08-21T04:53:51.151Z	4f032f2a10c9	fortura-BO54391	36	39	ok	feed		gid://shopify/InventoryItem/55324813558145	DRAFT
2026-08-21T04:53:51.151Z	4f032f2a10c9	fortura-BO54391	36	39	ok	feed		gid://shopify/InventoryItem/55324813590913	DRAFT
2026-08-21T04:53:51.151Z	4f032f2a10c9	fortura-BO56756	18	52	ok	feed		gid://shopify/InventoryItem/55324813689217	DRAFT
2026-08-21T04:53:51.151Z	4f032f2a10c9	fortura-BO56774	3	48	ok	feed		gid://shopify/InventoryItem/55324813787521	DRAFT
2026-08-21T04:53:51.151Z	4f032f2a10c9	fortura-CK1314281	7	6	ok	feed		gid://shopify/InventoryItem/55324813820289	DRAFT
2026-08-21T04:53:51.151Z	4f032f2a10c9	fortura-BO56749	11	35	ok	feed		gid://shopify/InventoryItem/55324814016897	DRAFT
2026-08-21T04:53:51.151Z	4f032f2a10c9	fortura-BO56749	11	35	ok	feed		gid://shopify/InventoryItem/55324813984129	DRAFT
2026-08-21T04:53:51.151Z	4f032f2a10c9	fortura-CK13752	13	10	ok	feed		gid://shopify/InventoryItem/55324814049665	DRAFT
2026-08-21T04:53:51.151Z	4f032f2a10c9	fortura-BO81938	47	79	ok	feed		gid://shopify/InventoryItem/55324814082433	DRAFT
2026-08-21T04:53:51.151Z	4f032f2a10c9	fortura-BO56758	10	40	ok	feed		gid://shopify/InventoryItem/55324814115201	DRAFT
2026-08-21T04:53:51.151Z	4f032f2a10c9	fortura-CK14052	9	19	ok	feed		gid://shopify/InventoryItem/55324814147969	DRAFT
2026-08-21T04:53:52.146Z	4f032f2a10c9	fortura-CK140525	13	28	ok	feed		gid://shopify/InventoryItem/55324814246273	DRAFT
2026-08-21T04:53:52.146Z	4f032f2a10c9	fortura-BO85091	76	80	ok	feed		gid://shopify/InventoryItem/55324814410113	DRAFT
2026-08-21T04:53:52.146Z	4f032f2a10c9	fortura-BO85066	22	18	ok	feed		gid://shopify/InventoryItem/55324814442881	DRAFT
2026-08-21T04:53:52.146Z	4f032f2a10c9	fortura-BO85069	47	41	ok	feed		gid://shopify/InventoryItem/55324814541185	DRAFT
2026-08-21T04:53:52.146Z	4f032f2a10c9	fortura-BO85742	60	57	ok	feed		gid://shopify/InventoryItem/55324814868865	DRAFT
2026-08-21T04:53:52.146Z	4f032f2a10c9	fortura-BO85811	57	50	ok	feed		gid://shopify/InventoryItem/55324814999937	DRAFT
2026-08-21T04:53:52.146Z	4f032f2a10c9	fortura-BO86060	183	239	ok	feed		gid://shopify/InventoryItem/55324816245121	DRAFT
2026-08-21T04:53:52.146Z	4f032f2a10c9	fortura-BO86171	35	33	ok	feed		gid://shopify/InventoryItem/55324816408961	DRAFT
2026-08-21T04:53:52.146Z	4f032f2a10c9	fortura-BO86083	29	27	ok	feed		gid://shopify/InventoryItem/55324816540033	DRAFT
2026-08-21T04:53:52.146Z	4f032f2a10c9	fortura-BO96962	32	28	ok	feed		gid://shopify/InventoryItem/55324816572801	DRAFT
2026-08-21T04:53:52.146Z	4f032f2a10c9	fortura-59774	25378	25294	ok	feed		gid://shopify/InventoryItem/55324816933249	DRAFT
2026-08-21T04:53:52.146Z	4f032f2a10c9	fortura-BO97519	28	27	ok	feed		gid://shopify/InventoryItem/55324817097089	DRAFT
2026-08-21T04:53:52.146Z	4f032f2a10c9	fortura-91907	69	63	ok	feed		gid://shopify/InventoryItem/55324817129857	DRAFT
2026-08-21T04:53:52.146Z	4f032f2a10c9	fortura-92729	21	20	ok	feed		gid://shopify/InventoryItem/55324817392001	DRAFT
2026-08-21T04:53:52.146Z	4f032f2a10c9	fortura-CK13817	0	16	ok	feed		gid://shopify/InventoryItem/55324817490305	DRAFT
2026-08-21T04:53:52.146Z	4f032f2a10c9	fortura-928124	21	16	ok	feed		gid://shopify/InventoryItem/55324817523073	DRAFT
2026-08-21T04:53:52.146Z	4f032f2a10c9	fortura-CK14102	23	68	ok	feed		gid://shopify/InventoryItem/55324817588609	DRAFT
2026-08-21T04:53:52.146Z	4f032f2a10c9	fortura-CK14417	27	26	ok	feed		gid://shopify/InventoryItem/55324817719681	DRAFT
2026-08-21T04:53:52.146Z	4f032f2a10c9	fortura-CK13816	0	18	ok	feed		gid://shopify/InventoryItem/55324817785217	DRAFT
2026-08-21T04:53:52.146Z	4f032f2a10c9	fortura-CK13816	19	18	ok	feed		gid://shopify/InventoryItem/55324817817985	DRAFT
2026-08-21T04:53:52.146Z	4f032f2a10c9	fortura-CK1410210	24	45	ok	feed		gid://shopify/InventoryItem/55324818342273	DRAFT
2026-08-21T04:53:52.146Z	4f032f2a10c9	fortura-98621	45	42	ok	feed		gid://shopify/InventoryItem/55324818473345	DRAFT
2026-08-21T04:53:52.146Z	4f032f2a10c9	fortura-CK4710	0	29	ok	feed		gid://shopify/InventoryItem/55324818506113	DRAFT
2026-08-21T04:53:52.146Z	4f032f2a10c9	fortura-EU095979	0	52	ok	feed		gid://shopify/InventoryItem/55324819751297	DRAFT
2026-08-21T04:53:52.146Z	4f032f2a10c9	fortura-99122	60	37	ok	feed		gid://shopify/InventoryItem/55324819784065	DRAFT
2026-08-21T04:53:52.146Z	4f032f2a10c9	fortura-CK4631	28	76	ok	feed		gid://shopify/InventoryItem/55324819816833	DRAFT
2026-08-21T04:53:52.146Z	4f032f2a10c9	fortura-EU115371	15	13	ok	feed		gid://shopify/InventoryItem/55324819882369	DRAFT
2026-08-21T04:53:52.146Z	4f032f2a10c9	fortura-99563	20	18	ok	feed		gid://shopify/InventoryItem/55324819915137	DRAFT
2026-08-21T04:53:52.146Z	4f032f2a10c9	fortura-EU095978	0	54	ok	feed		gid://shopify/InventoryItem/55324819947905	DRAFT
2026-08-21T04:53:52.146Z	4f032f2a10c9	fortura-OR32370	31	27	ok	feed		gid://shopify/InventoryItem/55324820078977	DRAFT
2026-08-21T04:53:52.146Z	4f032f2a10c9	fortura-FM70882700	20	19	ok	feed		gid://shopify/InventoryItem/55324820144513	DRAFT
2026-08-21T04:53:52.146Z	4f032f2a10c9	fortura-FM70882700	20	19	ok	feed		gid://shopify/InventoryItem/55324820177281	DRAFT
2026-08-21T04:53:52.146Z	4f032f2a10c9	fortura-OR40382	0	6	ok	feed		gid://shopify/InventoryItem/55324820308353	DRAFT
2026-08-21T04:53:52.146Z	4f032f2a10c9	fortura-BO52890	25	29	ok	feed		gid://shopify/InventoryItem/55324820373889	DRAFT
2026-08-21T04:53:52.146Z	4f032f2a10c9	fortura-OR4079905	33	30	ok	feed		gid://shopify/InventoryItem/55324820406657	DRAFT
2026-08-21T04:53:52.146Z	4f032f2a10c9	fortura-BO73206	0	15	ok	feed		gid://shopify/InventoryItem/55324820472193	DRAFT
2026-08-21T04:53:52.146Z	4f032f2a10c9	fortura-84184-09	0	23	ok	feed		gid://shopify/InventoryItem/55324820537729	DRAFT
2026-08-21T04:53:52.146Z	4f032f2a10c9	fortura-PC23587	0	42	ok	feed		gid://shopify/InventoryItem/55324820570497	DRAFT
2026-08-21T04:53:52.146Z	4f032f2a10c9	fortura-CK010	28	27	ok	feed		gid://shopify/InventoryItem/55324820701569	DRAFT
2026-08-21T04:53:52.146Z	4f032f2a10c9	fortura-84187	58	57	ok	feed		gid://shopify/InventoryItem/55324820799873	DRAFT
2026-08-21T04:53:52.146Z	4f032f2a10c9	fortura-CK14064	0	75	ok	feed		gid://shopify/InventoryItem/55324820898177	DRAFT
2026-08-21T04:53:52.146Z	4f032f2a10c9	fortura-84190	69	65	ok	feed		gid://shopify/InventoryItem/55324820930945	DRAFT
2026-08-21T04:53:52.146Z	4f032f2a10c9	fortura-CK14106	40	36	ok	feed		gid://shopify/InventoryItem/55324821356929	DRAFT
2026-08-21T04:53:52.146Z	4f032f2a10c9	fortura-CK27822	0	3	ok	feed		gid://shopify/InventoryItem/55324821488001	DRAFT
2026-08-21T04:53:52.146Z	4f032f2a10c9	fortura-907797	0	89	ok	feed		gid://shopify/InventoryItem/55324821553537	DRAFT
2026-08-21T04:53:52.146Z	4f032f2a10c9	fortura-CK90747	0	50	ok	feed		gid://shopify/InventoryItem/55324821586305	DRAFT
2026-08-21T04:53:52.146Z	4f032f2a10c9	fortura-909561	68	59	ok	feed		gid://shopify/InventoryItem/55324821684609	DRAFT
2026-08-21T04:53:52.146Z	4f032f2a10c9	fortura-909561	68	59	ok	feed		gid://shopify/InventoryItem/55324821717377	DRAFT
2026-08-21T04:53:52.146Z	4f032f2a10c9	fortura-HB80954346	55	53	ok	feed		gid://shopify/InventoryItem/55324821750145	DRAFT
2026-08-21T04:53:52.146Z	4f032f2a10c9	fortura-910990	31	28	ok	feed		gid://shopify/InventoryItem/55324821782913	DRAFT
2026-08-21T04:53:52.146Z	4f032f2a10c9	fortura-91852	61	59	ok	feed		gid://shopify/InventoryItem/55324821913985	DRAFT
2026-08-21T04:53:52.146Z	4f032f2a10c9	fortura-92967	100	98	ok	feed		gid://shopify/InventoryItem/55324822143361	DRAFT
2026-08-21T04:53:52.146Z	4f032f2a10c9	fortura-WO66820-E43	117	112	ok	feed		gid://shopify/InventoryItem/55324822176129	DRAFT
2026-08-21T04:53:52.146Z	4f032f2a10c9	fortura-84888-XL	0	1	ok	feed		gid://shopify/InventoryItem/55324822569345	DRAFT
2026-08-21T04:53:52.146Z	4f032f2a10c9	fortura-98673	38	32	ok	feed		gid://shopify/InventoryItem/55324822765953	DRAFT
2026-08-21T04:53:52.146Z	4f032f2a10c9	fortura-98671	0	49	ok	feed		gid://shopify/InventoryItem/55324822798721	DRAFT
2026-08-21T04:53:52.146Z	4f032f2a10c9	fortura-BO02708	0	15	ok	feed		gid://shopify/InventoryItem/55324822897025	DRAFT
2026-08-21T04:53:52.146Z	4f032f2a10c9	fortura-BO52816	0	22	ok	feed		gid://shopify/InventoryItem/55324823060865	DRAFT
2026-08-21T04:53:52.146Z	4f032f2a10c9	fortura-BO52802	0	13	ok	feed		gid://shopify/InventoryItem/55324823093633	DRAFT
2026-08-21T04:53:52.146Z	4f032f2a10c9	fortura-BO52835	0	17	ok	feed		gid://shopify/InventoryItem/55324823159169	DRAFT
2026-08-21T04:53:52.146Z	4f032f2a10c9	fortura-BO52834	0	21	ok	feed		gid://shopify/InventoryItem/55324823191937	DRAFT
2026-08-21T04:53:52.146Z	4f032f2a10c9	fortura-BO52892	19	15	ok	feed		gid://shopify/InventoryItem/55324823224705	DRAFT
2026-08-21T04:53:52.146Z	4f032f2a10c9	fortura-BO52891	6	30	ok	feed		gid://shopify/InventoryItem/55324823257473	DRAFT
2026-08-21T04:53:52.146Z	4f032f2a10c9	fortura-BO52891	6	30	ok	feed		gid://shopify/InventoryItem/55324823290241	DRAFT
2026-08-21T04:53:52.146Z	4f032f2a10c9	fortura-BO64543	42	40	ok	feed		gid://shopify/InventoryItem/55324823388545	DRAFT
2026-08-21T04:53:52.146Z	4f032f2a10c9	fortura-BO72194	0	18	ok	feed		gid://shopify/InventoryItem/55324823421313	DRAFT
2026-08-21T04:53:52.146Z	4f032f2a10c9	fortura-BO64573	0	63	ok	feed		gid://shopify/InventoryItem/55324823454081	DRAFT
2026-08-21T04:53:52.146Z	4f032f2a10c9	fortura-CK10745	25	23	ok	feed		gid://shopify/InventoryItem/55324823552385	DRAFT
2026-08-21T04:53:52.146Z	4f032f2a10c9	fortura-CK11846	0	2	ok	feed		gid://shopify/InventoryItem/55324823650689	DRAFT
2026-08-21T04:53:52.146Z	4f032f2a10c9	fortura-E812372	0	10	ok	feed		gid://shopify/InventoryItem/55324823880065	DRAFT
2026-08-21T04:53:52.146Z	4f032f2a10c9	fortura-CK14525	70	76	ok	feed		gid://shopify/InventoryItem/55324824273281	DRAFT
2026-08-21T04:53:52.146Z	4f032f2a10c9	fortura-EU115271	0	46	ok	feed		gid://shopify/InventoryItem/55324824306049	DRAFT
2026-08-21T04:53:52.146Z	4f032f2a10c9	fortura-EU105954	0	30	ok	feed		gid://shopify/InventoryItem/55324824338817	DRAFT
2026-08-21T04:53:52.146Z	4f032f2a10c9	fortura-EU115274	0	39	ok	feed		gid://shopify/InventoryItem/55324824371585	DRAFT
2026-08-21T04:53:52.146Z	4f032f2a10c9	fortura-FM100098	0	12	ok	feed		gid://shopify/InventoryItem/55324824404353	DRAFT
2026-08-21T04:53:52.146Z	4f032f2a10c9	fortura-HB8203	0	23	ok	feed		gid://shopify/InventoryItem/55324824502657	DRAFT
2026-08-21T04:53:52.146Z	4f032f2a10c9	fortura-HB8241	0	36	ok	feed		gid://shopify/InventoryItem/55324824535425	DRAFT
2026-08-21T04:53:52.146Z	4f032f2a10c9	fortura-OR479700	0	8	ok	feed		gid://shopify/InventoryItem/55324824600961	DRAFT
2026-08-21T04:53:52.146Z	4f032f2a10c9	fortura-OR48219	43	41	ok	feed		gid://shopify/InventoryItem/55324824699265	DRAFT
2026-08-21T04:53:52.146Z	4f032f2a10c9	fortura-OR48222	0	29	ok	feed		gid://shopify/InventoryItem/55324824732033	DRAFT
2026-08-21T04:53:52.146Z	4f032f2a10c9	fortura-PC11230	0	34	ok	feed		gid://shopify/InventoryItem/55324824764801	DRAFT
2026-08-21T04:53:52.146Z	4f032f2a10c9	fortura-RU9700	0	5	ok	feed		gid://shopify/InventoryItem/55324824863105	DRAFT
2026-08-21T04:53:52.146Z	4f032f2a10c9	fortura-26573	615	585	ok	feed		gid://shopify/InventoryItem/55324825944449	DRAFT
2026-08-21T04:53:52.146Z	4f032f2a10c9	fortura-94100	127	113	ok	feed		gid://shopify/InventoryItem/55324825977217	DRAFT
2026-08-21T04:53:52.146Z	4f032f2a10c9	fortura-BO36015	337	326	ok	feed		gid://shopify/InventoryItem/55324826009985	DRAFT
2026-08-21T04:53:52.146Z	4f032f2a10c9	fortura-E500521	35	33	ok	feed		gid://shopify/InventoryItem/55324826141057	DRAFT
2026-08-21T04:53:52.147Z	4f032f2a10c9	fortura-HB8204	29	27	ok	feed		gid://shopify/InventoryItem/55324826370433	DRAFT
2026-08-21T04:53:52.147Z	4f032f2a10c9	fortura-49958	7392	6878	ok	feed		gid://shopify/InventoryItem/55324826468737	DRAFT
2026-08-21T04:53:52.147Z	4f032f2a10c9	fortura-10052	200	197	ok	feed		gid://shopify/InventoryItem/55324827124097	DRAFT
2026-08-21T04:53:52.147Z	4f032f2a10c9	fortura-10055	3258	2053	ok	feed		gid://shopify/InventoryItem/55324827156865	DRAFT
2026-08-21T04:53:52.147Z	4f032f2a10c9	fortura-20396	72	71	ok	feed		gid://shopify/InventoryItem/55324827189633	DRAFT
2026-08-21T04:53:52.147Z	4f032f2a10c9	fortura-21071	18	5	ok	feed		gid://shopify/InventoryItem/55324827287937	DRAFT
2026-08-21T04:53:52.147Z	4f032f2a10c9	fortura-64569	35	34	ok	feed		gid://shopify/InventoryItem/55324827451777	DRAFT
2026-08-21T04:53:52.147Z	4f032f2a10c9	fortura-25449RS	0	29	ok	feed		gid://shopify/InventoryItem/55324827517313	DRAFT
2026-08-21T04:53:52.147Z	4f032f2a10c9	fortura-69810	120	102	ok	feed		gid://shopify/InventoryItem/55324827550081	DRAFT
2026-08-21T04:53:52.147Z	4f032f2a10c9	fortura-72106	8	7	ok	feed		gid://shopify/InventoryItem/55324827615617	DRAFT
2026-08-21T04:53:52.147Z	4f032f2a10c9	fortura-99849	159	156	ok	feed		gid://shopify/InventoryItem/55324827648385	DRAFT
2026-08-21T04:53:52.147Z	4f032f2a10c9	fortura-BO2639	37	33	ok	feed		gid://shopify/InventoryItem/55324827746689	DRAFT
2026-08-21T04:53:52.147Z	4f032f2a10c9	fortura-26417	22	66	ok	feed		gid://shopify/InventoryItem/55324827779457	DRAFT
2026-08-21T04:53:52.147Z	4f032f2a10c9	fortura-BO01409	0	21	ok	feed		gid://shopify/InventoryItem/55324827812225	DRAFT
2026-08-21T04:53:53.155Z	4f032f2a10c9	fortura-BO2652	15	13	ok	feed		gid://shopify/InventoryItem/55324827910529	DRAFT
2026-08-21T04:53:53.155Z	4f032f2a10c9	fortura-BO36016	286	278	ok	feed		gid://shopify/InventoryItem/55324827943297	DRAFT
2026-08-21T04:53:53.155Z	4f032f2a10c9	fortura-346-01	16	14	ok	feed		gid://shopify/InventoryItem/55324827976065	DRAFT
2026-08-21T04:53:53.155Z	4f032f2a10c9	fortura-BO36014	122	113	ok	feed		gid://shopify/InventoryItem/55324828008833	DRAFT
2026-08-21T04:53:53.155Z	4f032f2a10c9	fortura-E180662	15	14	ok	feed		gid://shopify/InventoryItem/55324828041601	DRAFT
2026-08-21T04:53:53.155Z	4f032f2a10c9	fortura-BO72110	23	24	ok	feed		gid://shopify/InventoryItem/55324828139905	DRAFT
2026-08-21T04:53:53.155Z	4f032f2a10c9	fortura-E500538	39	31	ok	feed		gid://shopify/InventoryItem/55324828402049	DRAFT
2026-08-21T04:53:53.155Z	4f032f2a10c9	fortura-45593	18610	17408	ok	feed		gid://shopify/InventoryItem/55324828533121	DRAFT
2026-08-21T04:53:53.155Z	4f032f2a10c9	fortura-HB8059	97	102	ok	feed		gid://shopify/InventoryItem/55324828598657	DRAFT
2026-08-21T04:53:53.155Z	4f032f2a10c9	fortura-45836	10049	7624	ok	feed		gid://shopify/InventoryItem/55324828631425	DRAFT
2026-08-21T04:53:53.155Z	4f032f2a10c9	fortura-AC8152108	0	3	ok	feed		gid://shopify/InventoryItem/55324828664193	DRAFT
2026-08-21T04:53:53.155Z	4f032f2a10c9	fortura-50672-2	84	83	ok	feed		gid://shopify/InventoryItem/55324828729729	DRAFT
2026-08-21T04:53:53.155Z	4f032f2a10c9	fortura-AC8153911	0	10	ok	feed		gid://shopify/InventoryItem/55324828762497	DRAFT
2026-08-21T04:53:53.155Z	4f032f2a10c9	fortura-PC10802	0	7	ok	feed		gid://shopify/InventoryItem/55324828795265	DRAFT
2026-08-21T04:53:53.155Z	4f032f2a10c9	fortura-50675-2	38	58	ok	feed		gid://shopify/InventoryItem/55324828828033	DRAFT
2026-08-21T04:53:53.155Z	4f032f2a10c9	fortura-IG001MS00964	0	7899	ok	feed		gid://shopify/InventoryItem/55324828860801	DRAFT
2026-08-21T04:53:53.155Z	4f032f2a10c9	fortura-PC20702	0	186	ok	feed		gid://shopify/InventoryItem/55324828893569	DRAFT
2026-08-21T04:53:53.155Z	4f032f2a10c9	fortura-512	94	80	ok	feed		gid://shopify/InventoryItem/55324828926337	DRAFT
2026-08-21T04:53:53.155Z	4f032f2a10c9	fortura-52304FU	0	30	ok	feed		gid://shopify/InventoryItem/55324829057409	DRAFT
2026-08-21T04:53:53.155Z	4f032f2a10c9	fortura-52304GE	0	21	ok	feed		gid://shopify/InventoryItem/55324829188481	DRAFT
2026-08-21T04:53:53.155Z	4f032f2a10c9	fortura-20328	2	0	ok	feed		gid://shopify/InventoryItem/55324829221249	DRAFT
2026-08-21T04:53:53.155Z	4f032f2a10c9	fortura-52304OR	0	32	ok	feed		gid://shopify/InventoryItem/55324829286785	DRAFT
2026-08-21T04:53:53.155Z	4f032f2a10c9	fortura-52304RO	0	42	ok	feed		gid://shopify/InventoryItem/55324829712769	DRAFT
2026-08-21T04:53:53.155Z	4f032f2a10c9	fortura-21069	16	7	ok	feed		gid://shopify/InventoryItem/55324829778305	DRAFT
2026-08-21T04:53:53.155Z	4f032f2a10c9	fortura-10054	1889	1079	ok	feed		gid://shopify/InventoryItem/55324829843841	DRAFT
2026-08-21T04:53:53.155Z	4f032f2a10c9	fortura-52304SW	0	449	ok	feed		gid://shopify/InventoryItem/55324829876609	DRAFT
2026-08-21T04:53:53.155Z	4f032f2a10c9	fortura-21330	109	114	ok	feed		gid://shopify/InventoryItem/55324829909377	DRAFT
2026-08-21T04:53:53.155Z	4f032f2a10c9	fortura-57824	3047	2975	ok	feed		gid://shopify/InventoryItem/55324829974913	DRAFT
2026-08-21T04:53:53.155Z	4f032f2a10c9	fortura-25746	88	87	ok	feed		gid://shopify/InventoryItem/55324830007681	DRAFT
2026-08-21T04:53:53.155Z	4f032f2a10c9	fortura-20274-V	12	26	ok	feed		gid://shopify/InventoryItem/55324830040449	DRAFT
2026-08-21T04:53:53.155Z	4f032f2a10c9	fortura-25749	40	39	ok	feed		gid://shopify/InventoryItem/55324830105985	DRAFT
2026-08-21T04:53:53.155Z	4f032f2a10c9	fortura-25752	25	15	ok	feed		gid://shopify/InventoryItem/55324830204289	DRAFT
2026-08-21T04:53:53.155Z	4f032f2a10c9	fortura-21070	21	6	ok	feed		gid://shopify/InventoryItem/55324830237057	DRAFT
2026-08-21T04:53:53.155Z	4f032f2a10c9	fortura-26509GR	0	4	ok	feed		gid://shopify/InventoryItem/55324830400897	DRAFT
2026-08-21T04:53:53.155Z	4f032f2a10c9	fortura-33750	1200	1138	ok	feed		gid://shopify/InventoryItem/55324830630273	DRAFT
2026-08-21T04:53:53.155Z	4f032f2a10c9	fortura-346-05	4	0	ok	feed		gid://shopify/InventoryItem/55324830728577	DRAFT
2026-08-21T04:53:53.155Z	4f032f2a10c9	fortura-26416	15	112	ok	feed		gid://shopify/InventoryItem/55324830761345	DRAFT
2026-08-21T04:53:53.155Z	4f032f2a10c9	fortura-84770	45	765	ok	feed		gid://shopify/InventoryItem/55324830794113	DRAFT
2026-08-21T04:53:53.155Z	4f032f2a10c9	fortura-368-01	13	12	ok	feed		gid://shopify/InventoryItem/55324830826881	DRAFT
2026-08-21T04:53:53.155Z	4f032f2a10c9	fortura-33700	23	65	ok	feed		gid://shopify/InventoryItem/55324830859649	DRAFT
2026-08-21T04:53:53.155Z	4f032f2a10c9	fortura-41343	3389	2467	ok	feed		gid://shopify/InventoryItem/55324830925185	DRAFT
2026-08-21T04:53:53.155Z	4f032f2a10c9	fortura-87251	18600	17399	ok	feed		gid://shopify/InventoryItem/55324831023489	DRAFT
2026-08-21T04:53:53.155Z	4f032f2a10c9	fortura-41793	7835	7764	ok	feed		gid://shopify/InventoryItem/55324831154561	DRAFT
2026-08-21T04:53:53.155Z	4f032f2a10c9	fortura-42900	3433	8898	ok	feed		gid://shopify/InventoryItem/55324831252865	DRAFT
2026-08-21T04:53:53.155Z	4f032f2a10c9	fortura-872534	21	19	ok	feed		gid://shopify/InventoryItem/55324831285633	DRAFT
2026-08-21T04:53:53.155Z	4f032f2a10c9	fortura-42915	247	131	ok	feed		gid://shopify/InventoryItem/55324831351169	DRAFT
2026-08-21T04:53:53.155Z	4f032f2a10c9	fortura-872537	21	20	ok	feed		gid://shopify/InventoryItem/55324831383937	DRAFT
2026-08-21T04:53:53.155Z	4f032f2a10c9	fortura-430	274	257	ok	feed		gid://shopify/InventoryItem/55324831416705	DRAFT
2026-08-21T04:53:53.155Z	4f032f2a10c9	fortura-45595	26358	24706	ok	feed		gid://shopify/InventoryItem/55324831809921	DRAFT
2026-08-21T04:53:53.155Z	4f032f2a10c9	fortura-44061	5850	4838	ok	feed		gid://shopify/InventoryItem/55324831875457	DRAFT
2026-08-21T04:53:53.155Z	4f032f2a10c9	fortura-45837	4406	2281	ok	feed		gid://shopify/InventoryItem/55324831973761	DRAFT
2026-08-21T04:53:53.155Z	4f032f2a10c9	fortura-49350	46	77	ok	feed		gid://shopify/InventoryItem/55324832104833	DRAFT
2026-08-21T04:53:53.155Z	4f032f2a10c9	fortura-AC6054924	1	0	ok	feed		gid://shopify/InventoryItem/55324832137601	DRAFT
2026-08-21T04:53:53.155Z	4f032f2a10c9	fortura-45838	8030	6108	ok	feed		gid://shopify/InventoryItem/55324832170369	DRAFT
2026-08-21T04:53:53.155Z	4f032f2a10c9	fortura-50199	15891	15722	ok	feed		gid://shopify/InventoryItem/55324832203137	DRAFT
2026-08-21T04:53:53.155Z	4f032f2a10c9	fortura-AC6055893	0	2	ok	feed		gid://shopify/InventoryItem/55324832366977	DRAFT
2026-08-21T04:53:53.155Z	4f032f2a10c9	fortura-AC6057117	11	10	ok	feed		gid://shopify/InventoryItem/55324832465281	DRAFT
2026-08-21T04:53:53.155Z	4f032f2a10c9	fortura-50675-1	32	52	ok	feed		gid://shopify/InventoryItem/55324832498049	DRAFT
2026-08-21T04:53:53.155Z	4f032f2a10c9	fortura-52304GR	0	12	ok	feed		gid://shopify/InventoryItem/55324832530817	DRAFT
2026-08-21T04:53:53.155Z	4f032f2a10c9	fortura-AC6059193	0	6	ok	feed		gid://shopify/InventoryItem/55324832563585	DRAFT
2026-08-21T04:53:53.155Z	4f032f2a10c9	fortura-50675-4	57	97	ok	feed		gid://shopify/InventoryItem/55324832596353	DRAFT
2026-08-21T04:53:53.155Z	4f032f2a10c9	fortura-57840	863	836	ok	feed		gid://shopify/InventoryItem/55324832629121	DRAFT
2026-08-21T04:53:53.155Z	4f032f2a10c9	fortura-517	41	36	ok	feed		gid://shopify/InventoryItem/55324832661889	DRAFT
2026-08-21T04:53:53.155Z	4f032f2a10c9	fortura-58317	27	26	ok	feed		gid://shopify/InventoryItem/55324832694657	DRAFT
2026-08-21T04:53:53.155Z	4f032f2a10c9	fortura-52304BL	0	33	ok	feed		gid://shopify/InventoryItem/55324832727425	DRAFT
2026-08-21T04:53:53.155Z	4f032f2a10c9	fortura-52474	1104	3076	ok	feed		gid://shopify/InventoryItem/55324832792961	DRAFT
2026-08-21T04:53:53.155Z	4f032f2a10c9	fortura-59754	3419	2810	ok	feed		gid://shopify/InventoryItem/55324832825729	DRAFT
2026-08-21T04:53:53.155Z	4f032f2a10c9	fortura-52477	6	5	ok	feed		gid://shopify/InventoryItem/55324832891265	DRAFT
2026-08-21T04:53:53.155Z	4f032f2a10c9	fortura-59778	1922	1553	ok	feed		gid://shopify/InventoryItem/55324832924033	DRAFT
2026-08-21T04:53:53.155Z	4f032f2a10c9	fortura-53452	93	62	ok	feed		gid://shopify/InventoryItem/55324832956801	DRAFT
2026-08-21T04:53:53.155Z	4f032f2a10c9	fortura-60333	315	4	ok	feed		gid://shopify/InventoryItem/55324832989569	DRAFT
2026-08-21T04:53:53.155Z	4f032f2a10c9	fortura-58318	33	32	ok	feed		gid://shopify/InventoryItem/55324833022337	DRAFT
2026-08-21T04:53:53.155Z	4f032f2a10c9	fortura-60645	1732	1660	ok	feed		gid://shopify/InventoryItem/55324833120641	DRAFT
2026-08-21T04:53:53.155Z	4f032f2a10c9	fortura-59098	153	147	ok	feed		gid://shopify/InventoryItem/55324833153409	DRAFT
2026-08-21T04:53:53.155Z	4f032f2a10c9	fortura-59755	3729	3147	ok	feed		gid://shopify/InventoryItem/55324833251713	DRAFT
2026-08-21T04:53:53.155Z	4f032f2a10c9	fortura-59854	1649	1598	ok	feed		gid://shopify/InventoryItem/55324833317249	DRAFT
2026-08-21T04:53:53.155Z	4f032f2a10c9	fortura-60880	4320	3120	ok	feed		gid://shopify/InventoryItem/55324833415553	DRAFT
2026-08-21T04:53:53.155Z	4f032f2a10c9	fortura-63457	37729	37657	ok	feed		gid://shopify/InventoryItem/55324833481089	DRAFT
2026-08-21T04:53:53.155Z	4f032f2a10c9	fortura-67755	344	141	ok	feed		gid://shopify/InventoryItem/55324833513857	DRAFT
2026-08-21T04:53:53.155Z	4f032f2a10c9	fortura-68964	137	132	ok	feed		gid://shopify/InventoryItem/55324833579393	DRAFT
2026-08-21T04:53:53.155Z	4f032f2a10c9	fortura-71467	126	97	ok	feed		gid://shopify/InventoryItem/55324833612161	DRAFT
2026-08-21T04:53:53.155Z	4f032f2a10c9	fortura-71466	75	62	ok	feed		gid://shopify/InventoryItem/55324833644929	DRAFT
2026-08-21T04:53:53.155Z	4f032f2a10c9	fortura-71599	2890	2880	ok	feed		gid://shopify/InventoryItem/55324833743233	DRAFT
2026-08-21T04:53:53.155Z	4f032f2a10c9	fortura-78249	205	203	ok	feed		gid://shopify/InventoryItem/55324833776001	DRAFT
2026-08-21T04:53:53.155Z	4f032f2a10c9	fortura-76807	1605	1441	ok	feed		gid://shopify/InventoryItem/55324833907073	DRAFT
2026-08-21T04:53:53.155Z	4f032f2a10c9	fortura-80278	5180	4835	ok	feed		gid://shopify/InventoryItem/55324833972609	DRAFT
2026-08-21T04:53:53.155Z	4f032f2a10c9	fortura-84771	36	840	ok	feed		gid://shopify/InventoryItem/55324834333057	DRAFT
2026-08-21T04:53:53.155Z	4f032f2a10c9	fortura-80485	56	90	ok	feed		gid://shopify/InventoryItem/55324834365825	DRAFT
2026-08-21T04:53:53.155Z	4f032f2a10c9	fortura-85530	91	89	ok	feed		gid://shopify/InventoryItem/55324834431361	DRAFT
2026-08-21T04:53:53.155Z	4f032f2a10c9	fortura-80489-1	0	230	ok	feed		gid://shopify/InventoryItem/55324834464129	DRAFT
2026-08-21T04:53:53.155Z	4f032f2a10c9	fortura-86055	185	180	ok	feed		gid://shopify/InventoryItem/55324834529665	DRAFT
2026-08-21T04:53:53.155Z	4f032f2a10c9	fortura-82012	93	86	ok	feed		gid://shopify/InventoryItem/55324834595201	DRAFT
2026-08-21T04:53:53.155Z	4f032f2a10c9	fortura-87243	3482	2558	ok	feed		gid://shopify/InventoryItem/55324834627969	DRAFT
2026-08-21T04:53:53.155Z	4f032f2a10c9	fortura-87241	246	238	ok	feed		gid://shopify/InventoryItem/55324834660737	DRAFT
2026-08-21T04:53:53.155Z	4f032f2a10c9	fortura-872535	18	15	ok	feed		gid://shopify/InventoryItem/55324834693505	DRAFT
2026-08-21T04:53:53.155Z	4f032f2a10c9	fortura-872538	32	29	ok	feed		gid://shopify/InventoryItem/55324834759041	DRAFT
2026-08-21T04:53:53.155Z	4f032f2a10c9	fortura-918H	0	1	ok	feed		gid://shopify/InventoryItem/55324834824577	DRAFT
2026-08-21T04:53:53.155Z	4f032f2a10c9	fortura-872536	11	10	ok	feed		gid://shopify/InventoryItem/55324834857345	DRAFT
2026-08-21T04:53:53.155Z	4f032f2a10c9	fortura-87292	68	66	ok	feed		gid://shopify/InventoryItem/55324835021185	DRAFT
2026-08-21T04:53:53.156Z	4f032f2a10c9	fortura-88036	275	167	ok	feed		gid://shopify/InventoryItem/55324835086721	DRAFT
2026-08-21T04:53:54.173Z	4f032f2a10c9	fortura-AC6050620	0	3	ok	feed		gid://shopify/InventoryItem/55324835119489	DRAFT
2026-08-21T04:53:54.173Z	4f032f2a10c9	fortura-901414	23	21	ok	feed		gid://shopify/InventoryItem/55324835217793	DRAFT
2026-08-21T04:53:54.173Z	4f032f2a10c9	fortura-AC6055579	0	2	ok	feed		gid://shopify/InventoryItem/55324835250561	DRAFT
2026-08-21T04:53:54.173Z	4f032f2a10c9	fortura-904H	165	164	ok	feed		gid://shopify/InventoryItem/55324835316097	DRAFT
2026-08-21T04:53:54.174Z	4f032f2a10c9	fortura-AC6057148	0	3	ok	feed		gid://shopify/InventoryItem/55324835414401	DRAFT
2026-08-21T04:53:54.174Z	4f032f2a10c9	fortura-AC6059029	0	2	ok	feed		gid://shopify/InventoryItem/55324835479937	DRAFT
2026-08-21T04:53:54.174Z	4f032f2a10c9	fortura-AC3559192	0	4	ok	feed		gid://shopify/InventoryItem/55324835578241	DRAFT
2026-08-21T04:53:54.174Z	4f032f2a10c9	fortura-AC6056732	0	5	ok	feed		gid://shopify/InventoryItem/55324835676545	DRAFT
2026-08-21T04:53:54.174Z	4f032f2a10c9	fortura-AC6059762	0	7	ok	feed		gid://shopify/InventoryItem/55324835709313	DRAFT
2026-08-21T04:53:54.174Z	4f032f2a10c9	fortura-AC8148308	0	2	ok	feed		gid://shopify/InventoryItem/55324835742081	DRAFT
2026-08-21T04:53:54.174Z	4f032f2a10c9	fortura-91016-3	30	27	ok	feed		gid://shopify/InventoryItem/55324896592257	DRAFT
2026-08-21T04:53:54.174Z	4f032f2a10c9	fortura-91016-4	15	13	ok	feed		gid://shopify/InventoryItem/55324896625025	DRAFT
2026-08-21T04:53:54.174Z	4f032f2a10c9	fortura-90970-2	5	3	ok	feed		gid://shopify/InventoryItem/55324900524417	DRAFT
2026-08-21T04:53:54.174Z	4f032f2a10c9	fortura-90970-3	19	18	ok	feed		gid://shopify/InventoryItem/55324900557185	DRAFT
2026-08-21T04:53:54.174Z	4f032f2a10c9	fortura-90979-1	22	21	ok	feed		gid://shopify/InventoryItem/55324900819329	DRAFT
2026-08-21T04:53:54.174Z	4f032f2a10c9	fortura-90979-2	18	16	ok	feed		gid://shopify/InventoryItem/55324900852097	DRAFT
2026-08-21T04:53:54.174Z	4f032f2a10c9	fortura-909961	7	6	ok	feed		gid://shopify/InventoryItem/55324905800065	DRAFT
2026-08-21T04:53:54.174Z	4f032f2a10c9	fortura-924292	50	49	ok	feed		gid://shopify/InventoryItem/55324907110785	DRAFT
2026-08-21T04:53:54.174Z	4f032f2a10c9	fortura-924293	40	39	ok	feed		gid://shopify/InventoryItem/55324907143553	DRAFT
2026-08-21T04:53:54.174Z	4f032f2a10c9	fortura-924290	14	13	ok	feed		gid://shopify/InventoryItem/55324907176321	DRAFT
2026-08-21T04:53:54.174Z	4f032f2a10c9	fortura-916393	81	78	ok	feed		gid://shopify/InventoryItem/55324911075713	DRAFT
2026-08-21T04:53:54.174Z	4f032f2a10c9	fortura-922511	10	9	ok	feed		gid://shopify/InventoryItem/55324912648577	DRAFT
2026-08-21T04:53:54.174Z	4f032f2a10c9	fortura-922512	14	13	ok	feed		gid://shopify/InventoryItem/55324912681345	DRAFT
2026-08-21T04:53:54.174Z	4f032f2a10c9	fortura-922514	11	7	ok	feed		gid://shopify/InventoryItem/55324912746881	DRAFT
2026-08-21T04:53:54.174Z	4f032f2a10c9	fortura-916392	18	16	ok	feed		gid://shopify/InventoryItem/55324913402241	DRAFT
2026-08-21T04:53:54.174Z	4f032f2a10c9	fortura-99879-1	11	10	ok	feed		gid://shopify/InventoryItem/55324938895745	DRAFT
2026-08-21T04:53:54.174Z	4f032f2a10c9	fortura-998790	14	11	ok	feed		gid://shopify/InventoryItem/55324939026817	DRAFT
2026-08-21T04:53:54.174Z	4f032f2a10c9	fortura-BO88516	10	12	ok	feed		gid://shopify/InventoryItem/55324939420033	DRAFT
2026-08-21T04:53:54.174Z	4f032f2a10c9	fortura-BO88517	13	12	ok	feed		gid://shopify/InventoryItem/55324939452801	DRAFT
2026-08-21T04:53:54.174Z	4f032f2a10c9	fortura-BO88518	12	6	ok	feed		gid://shopify/InventoryItem/55324939485569	DRAFT
2026-08-21T04:53:54.174Z	4f032f2a10c9	fortura-BO88519	19	25	ok	feed		gid://shopify/InventoryItem/55324939518337	DRAFT
2026-08-21T04:53:54.174Z	4f032f2a10c9	fortura-CK25068402	12	11	ok	feed		gid://shopify/InventoryItem/55324947218817	DRAFT
2026-08-21T04:53:54.174Z	4f032f2a10c9	fortura-BO88526	8	12	ok	feed		gid://shopify/InventoryItem/55324952985985	DRAFT
2026-08-21T04:53:54.174Z	4f032f2a10c9	fortura-BO88527	3	15	ok	feed		gid://shopify/InventoryItem/55324953018753	DRAFT
2026-08-21T04:53:54.174Z	4f032f2a10c9	fortura-BO88528	2	32	ok	feed		gid://shopify/InventoryItem/55324953051521	DRAFT
2026-08-21T04:53:54.174Z	4f032f2a10c9	fortura-BO88529	8	14	ok	feed		gid://shopify/InventoryItem/55324953084289	DRAFT
2026-08-21T04:53:54.174Z	4f032f2a10c9	fortura-CK4199M	4	21	ok	feed		gid://shopify/InventoryItem/55324957376897	DRAFT
2026-08-21T04:53:54.174Z	4f032f2a10c9	fortura-CK4199XL	2	24	ok	feed		gid://shopify/InventoryItem/55324957409665	DRAFT
2026-08-21T04:53:54.174Z	4f032f2a10c9	fortura-CK465410	34	30	ok	feed		gid://shopify/InventoryItem/55324958294401	DRAFT
2026-08-21T04:53:54.174Z	4f032f2a10c9	fortura-CK8874	45	44	ok	feed		gid://shopify/InventoryItem/55324961341825	DRAFT
2026-08-21T04:53:54.174Z	4f032f2a10c9	fortura-EU720875ML	9	8	ok	feed		gid://shopify/InventoryItem/55324961866113	DRAFT
2026-08-21T04:53:54.174Z	4f032f2a10c9	fortura-EU720875XL	7	6	ok	feed		gid://shopify/InventoryItem/55324961898881	DRAFT
2026-08-21T04:53:54.174Z	4f032f2a10c9	fortura-HB361538	3	2	ok	feed		gid://shopify/InventoryItem/55324987588993	DRAFT
2026-08-21T04:53:54.174Z	4f032f2a10c9	fortura-HB361550	6	5	ok	feed		gid://shopify/InventoryItem/55324987752833	DRAFT
2026-08-21T04:53:54.174Z	4f032f2a10c9	fortura-OR9538XL	2	1	ok	feed		gid://shopify/InventoryItem/55324995027329	DRAFT
2026-08-21T04:53:54.174Z	4f032f2a10c9	fortura-946937	35	31	ok	feed		gid://shopify/InventoryItem/55324999025025	DRAFT
2026-08-21T04:53:54.174Z	4f032f2a10c9	fortura-901827	35	34	ok	feed		gid://shopify/InventoryItem/55325002760577	DRAFT
2026-08-21T04:53:54.174Z	4f032f2a10c9	fortura-907809	56	52	ok	feed		gid://shopify/InventoryItem/55325006561665	DRAFT
2026-08-21T04:53:54.174Z	4f032f2a10c9	fortura-CD21417GO	124	121	ok	feed		gid://shopify/InventoryItem/55325007118721	DRAFT
2026-08-21T04:53:54.174Z	4f032f2a10c9	fortura-908484	37	33	ok	feed		gid://shopify/InventoryItem/55325008003457	DRAFT
2026-08-21T04:53:54.174Z	4f032f2a10c9	fortura-CK13817	17	16	ok	feed		gid://shopify/InventoryItem/55325008691585	DRAFT
2026-08-21T04:53:54.174Z	4f032f2a10c9	fortura-EU095979	54	52	ok	feed		gid://shopify/InventoryItem/55325009641857	DRAFT
2026-08-21T04:53:54.174Z	4f032f2a10c9	fortura-84184-09	28	23	ok	feed		gid://shopify/InventoryItem/55325010919809	DRAFT
2026-08-21T04:53:54.174Z	4f032f2a10c9	fortura-909818	62	57	ok	feed		gid://shopify/InventoryItem/55325012296065	DRAFT
2026-08-21T04:53:54.174Z	4f032f2a10c9	fortura-909821	122	128	ok	feed		gid://shopify/InventoryItem/55325012361601	DRAFT
2026-08-21T04:53:54.174Z	4f032f2a10c9	fortura-BO52802	18	13	ok	feed		gid://shopify/InventoryItem/55325016228225	DRAFT
2026-08-21T04:53:54.174Z	4f032f2a10c9	fortura-CK13816	19	18	ok	feed		gid://shopify/InventoryItem/55325016260993	DRAFT
2026-08-21T04:53:54.174Z	4f032f2a10c9	fortura-BO52835	21	17	ok	feed		gid://shopify/InventoryItem/55325016424833	DRAFT
2026-08-21T04:53:54.174Z	4f032f2a10c9	fortura-CK1410210	24	45	ok	feed		gid://shopify/InventoryItem/55325016555905	DRAFT
2026-08-21T04:53:54.174Z	4f032f2a10c9	fortura-CK14461	14	11	ok	feed		gid://shopify/InventoryItem/55325016916353	DRAFT
2026-08-21T04:53:54.174Z	4f032f2a10c9	fortura-BO72194	20	18	ok	feed		gid://shopify/InventoryItem/55325016981889	DRAFT
2026-08-21T04:53:54.174Z	4f032f2a10c9	fortura-CK14525	70	76	ok	feed		gid://shopify/InventoryItem/55325018456449	DRAFT
2026-08-21T04:53:54.174Z	4f032f2a10c9	fortura-CK1314281	7	6	ok	feed		gid://shopify/InventoryItem/55325018620289	DRAFT
2026-08-21T04:53:54.174Z	4f032f2a10c9	fortura-FM100098	14	12	ok	feed		gid://shopify/InventoryItem/55325019373953	DRAFT
2026-08-21T04:53:54.174Z	4f032f2a10c9	fortura-HB80954346	55	53	ok	feed		gid://shopify/InventoryItem/55325020094849	DRAFT
2026-08-21T04:53:54.174Z	4f032f2a10c9	fortura-WO66820-E43	117	112	ok	feed		gid://shopify/InventoryItem/55325021405569	DRAFT
2026-08-21T04:53:54.174Z	4f032f2a10c9	fortura-909822	17	23	ok	feed		gid://shopify/InventoryItem/55325023601025	DRAFT
2026-08-21T04:53:54.174Z	4f032f2a10c9	fortura-BO52816	23	22	ok	feed		gid://shopify/InventoryItem/55325025075585	DRAFT
2026-08-21T04:53:54.174Z	4f032f2a10c9	fortura-BO52834	25	21	ok	feed		gid://shopify/InventoryItem/55325025173889	DRAFT
2026-08-21T04:53:54.174Z	4f032f2a10c9	fortura-HB8059	97	102	ok	feed		gid://shopify/InventoryItem/55325082583425	DRAFT
2026-08-21T04:53:54.174Z	4f032f2a10c9	fortura-HB8203	24	23	ok	feed		gid://shopify/InventoryItem/55325082911105	DRAFT
2026-08-21T04:53:54.174Z	4f032f2a10c9	fortura-OR4122202	0	3	ok	feed		gid://shopify/InventoryItem/55325083828609	DRAFT
2026-08-21T04:53:54.174Z	4f032f2a10c9	fortura-PC10802	9	7	ok	feed		gid://shopify/InventoryItem/55325084254593	DRAFT
2026-08-21T04:53:54.174Z	4f032f2a10c9	fortura-CK14064	40	75	ok	feed		gid://shopify/InventoryItem/55325084877185	DRAFT
2026-08-21T04:53:54.174Z	4f032f2a10c9	fortura-90114	0	12	ok	feed		gid://shopify/InventoryItem/55325086253441	DRAFT
2026-08-21T04:53:54.174Z	4f032f2a10c9	fortura-E500521	35	33	ok	feed		gid://shopify/InventoryItem/55325086417281	DRAFT
2026-08-21T04:53:54.174Z	4f032f2a10c9	fortura-AC8152108	4	3	ok	feed		gid://shopify/InventoryItem/55325086482817	DRAFT
2026-08-21T04:53:54.174Z	4f032f2a10c9	fortura-HB8079	52	57	ok	feed		gid://shopify/InventoryItem/55325086810497	DRAFT
2026-08-21T04:53:54.174Z	4f032f2a10c9	fortura-HB8202	1	0	ok	feed		gid://shopify/InventoryItem/55325087039873	DRAFT
2026-08-21T04:53:54.174Z	4f032f2a10c9	fortura-HB8241	37	36	ok	feed		gid://shopify/InventoryItem/55325087433089	DRAFT
2026-08-21T04:53:54.174Z	4f032f2a10c9	fortura-OR479700	9	8	ok	feed		gid://shopify/InventoryItem/55325087826305	DRAFT
2026-08-21T04:53:54.174Z	4f032f2a10c9	fortura-02187	84	80	ok	feed		gid://shopify/InventoryItem/55325088448897	DRAFT
2026-08-21T04:53:54.174Z	4f032f2a10c9	fortura-WO66820-35	0	15	ok	feed		gid://shopify/InventoryItem/55325089038721	DRAFT
2026-08-21T04:53:54.174Z	4f032f2a10c9	fortura-21328	96	101	ok	feed		gid://shopify/InventoryItem/55325090775425	DRAFT
2026-08-21T04:53:54.174Z	4f032f2a10c9	fortura-IG001MS00964	7901	7899	ok	feed		gid://shopify/InventoryItem/55325091037569	DRAFT
2026-08-21T04:53:54.174Z	4f032f2a10c9	fortura-02598	58	57	ok	feed		gid://shopify/InventoryItem/55325091529089	DRAFT
2026-08-21T04:53:54.174Z	4f032f2a10c9	fortura-02673	76	73	ok	feed		gid://shopify/InventoryItem/55325091889537	DRAFT
2026-08-21T04:53:54.174Z	4f032f2a10c9	fortura-02180	53	49	ok	feed		gid://shopify/InventoryItem/55325093036417	DRAFT
2026-08-21T04:53:54.174Z	4f032f2a10c9	fortura-03150	58	57	ok	feed		gid://shopify/InventoryItem/55325093757313	DRAFT
2026-08-21T04:53:54.174Z	4f032f2a10c9	fortura-52304BL	35	33	ok	feed		gid://shopify/InventoryItem/55325104832897	DRAFT
2026-08-21T04:53:54.174Z	4f032f2a10c9	fortura-062785	68	66	ok	feed		gid://shopify/InventoryItem/55325107126657	DRAFT
2026-08-21T04:53:54.174Z	4f032f2a10c9	fortura-03155	89	86	ok	feed		gid://shopify/InventoryItem/55325107716481	DRAFT
2026-08-21T04:53:54.174Z	4f032f2a10c9	fortura-03161	59	56	ok	feed		gid://shopify/InventoryItem/55325107847553	DRAFT
2026-08-21T04:53:54.174Z	4f032f2a10c9	fortura-21069	16	7	ok	feed		gid://shopify/InventoryItem/55325110043009	DRAFT
2026-08-21T04:53:54.174Z	4f032f2a10c9	fortura-41466	6	5	ok	feed		gid://shopify/InventoryItem/55325114007937	DRAFT
2026-08-21T04:53:54.174Z	4f032f2a10c9	fortura-AC8148308	4	2	ok	feed		gid://shopify/InventoryItem/55325114302849	DRAFT
2026-08-21T04:53:54.174Z	4f032f2a10c9	fortura-21071	18	5	ok	feed		gid://shopify/InventoryItem/55325114499457	DRAFT
2026-08-21T04:53:54.174Z	4f032f2a10c9	fortura-52304GR	23	12	ok	feed		gid://shopify/InventoryItem/55325200548225	DRAFT
2026-08-21T04:53:54.174Z	4f032f2a10c9	fortura-58317	27	26	ok	feed		gid://shopify/InventoryItem/55325201006977	DRAFT
2026-08-21T04:53:54.174Z	4f032f2a10c9	fortura-80489-1	103	230	ok	feed		gid://shopify/InventoryItem/55325202776449	DRAFT
2026-08-21T04:53:54.963Z	4f032f2a10c9	fortura-52304FU	35	30	ok	feed		gid://shopify/InventoryItem/55325202940289	DRAFT
2026-08-21T04:53:54.964Z	4f032f2a10c9	fortura-52304GE	24	21	ok	feed		gid://shopify/InventoryItem/55325204185473	DRAFT
2026-08-21T04:53:54.964Z	4f032f2a10c9	fortura-52304OR	34	32	ok	feed		gid://shopify/InventoryItem/55325204251009	DRAFT
2026-08-21T04:53:54.964Z	4f032f2a10c9	fortura-52304RO	45	42	ok	feed		gid://shopify/InventoryItem/55325204316545	DRAFT
2026-08-21T04:53:54.964Z	4f032f2a10c9	fortura-52304SW	501	449	ok	feed		gid://shopify/InventoryItem/55325204414849	DRAFT
2026-08-21T04:53:54.964Z	4f032f2a10c9	fortura-58007	0	2	ok	feed		gid://shopify/InventoryItem/55325204840833	DRAFT
2026-08-21T04:53:54.964Z	4f032f2a10c9	fortura-AC6055893	3	2	ok	feed		gid://shopify/InventoryItem/55325208117633	DRAFT
2026-08-21T04:53:54.964Z	4f032f2a10c9	fortura-90744-3	37	36	ok	feed		gid://shopify/InventoryItem/55412607156609	DRAFT
2026-08-21T04:53:54.964Z	4f032f2a10c9	fortura-90940-3	4	3	ok	feed		gid://shopify/InventoryItem/55412612694401	DRAFT
2026-08-21T04:53:54.964Z	4f032f2a10c9	fortura-90963-2	22	21	ok	feed		gid://shopify/InventoryItem/55412614168961	DRAFT
2026-08-21T04:53:54.964Z	4f032f2a10c9	fortura-99884-1	3	2	ok	feed		gid://shopify/InventoryItem/55412627079553	DRAFT
2026-08-21T04:53:54.964Z	4f032f2a10c9	fortura-99884-4	19	16	ok	feed		gid://shopify/InventoryItem/55412627112321	DRAFT
2026-08-21T04:53:54.964Z	4f032f2a10c9	fortura-HB212036	0	5	ok	feed		gid://shopify/InventoryItem/55412634878337	DRAFT
2026-08-21T04:53:54.964Z	4f032f2a10c9	fortura-HB212040	0	1	ok	feed		gid://shopify/InventoryItem/55412634911105	DRAFT
2026-08-21T04:53:54.964Z	4f032f2a10c9	fortura-HB212042	0	1	ok	feed		gid://shopify/InventoryItem/55412634943873	DRAFT
2026-08-21T04:53:54.964Z	4f032f2a10c9	fortura-HB263040	17	15	ok	feed		gid://shopify/InventoryItem/55412643266945	DRAFT
2026-08-21T04:53:54.964Z	4f032f2a10c9	fortura-HB270144	0	2	ok	feed		gid://shopify/InventoryItem/55412649689473	DRAFT
2026-08-21T04:53:54.964Z	4f032f2a10c9	fortura-HB270148	0	1	ok	feed		gid://shopify/InventoryItem/55412649722241	DRAFT
2026-08-21T04:53:54.964Z	4f032f2a10c9	fortura-HB274252	0	1	ok	feed		gid://shopify/InventoryItem/55412649755009	DRAFT
2026-08-21T04:53:54.964Z	4f032f2a10c9	fortura-HB274254	0	1	ok	feed		gid://shopify/InventoryItem/55412649787777	DRAFT
2026-08-21T04:53:54.964Z	4f032f2a10c9	fortura-HB299142	8	7	ok	feed		gid://shopify/InventoryItem/55412660339073	DRAFT
2026-08-21T04:53:54.964Z	4f032f2a10c9	fortura-HB80903942	0	14	ok	feed		gid://shopify/InventoryItem/55412669612417	DRAFT
2026-08-21T04:53:54.964Z	4f032f2a10c9	fortura-HB80954346	0	53	ok	feed		gid://shopify/InventoryItem/55412669645185	DRAFT
2026-08-21T04:53:54.964Z	4f032f2a10c9	fortura-WO66820-E35	0	220	ok	feed		gid://shopify/InventoryItem/55412671840641	DRAFT
2026-08-21T04:53:54.964Z	4f032f2a10c9	fortura-WO66820-E39	0	65	ok	feed		gid://shopify/InventoryItem/55412671873409	DRAFT
2026-08-21T04:53:54.964Z	4f032f2a10c9	fortura-WO66820-E43	0	112	ok	feed		gid://shopify/InventoryItem/55412671906177	DRAFT
2026-08-21T04:53:54.964Z	4f032f2a10c9	fortura-90256-3	8	7	ok	feed		gid://shopify/InventoryItem/55412817953153	DRAFT
2026-09-24T05:36:28.192Z	0246619cfdfe	fortura-BO88518	6	4	ok	feed		gid://shopify/InventoryItem/55324470968705	ACTIVE
2026-09-24T05:36:28.192Z	0246619cfdfe	fortura-CK9974	43	32	ok	feed		gid://shopify/InventoryItem/55324517695873	ACTIVE
2026-09-24T05:36:28.192Z	0246619cfdfe	fortura-33891	19	16	ok	feed		gid://shopify/InventoryItem/55324882141569	ACTIVE
2026-09-24T05:36:28.192Z	0246619cfdfe	fortura-33885	6	3	ok	feed		gid://shopify/InventoryItem/55324882502017	ACTIVE
2026-09-24T05:36:28.192Z	0246619cfdfe	fortura-33888	19	17	ok	feed		gid://shopify/InventoryItem/55324882567553	ACTIVE
2026-09-24T05:36:28.192Z	0246619cfdfe	fortura-33897	17	15	ok	feed		gid://shopify/InventoryItem/55324883157377	ACTIVE
2026-09-24T05:36:28.192Z	0246619cfdfe	fortura-33898	23	22	ok	feed		gid://shopify/InventoryItem/55324883190145	ACTIVE
2026-09-24T05:36:28.192Z	0246619cfdfe	fortura-33902	7	6	ok	feed		gid://shopify/InventoryItem/55324883485057	ACTIVE
2026-09-24T05:36:28.192Z	0246619cfdfe	fortura-41768	11	9	ok	feed		gid://shopify/InventoryItem/55324884205953	ACTIVE
2026-09-24T05:36:28.192Z	0246619cfdfe	fortura-49645	5	4	ok	feed		gid://shopify/InventoryItem/55324884599169	ACTIVE
2026-09-24T05:36:28.192Z	0246619cfdfe	fortura-49647	7	6	ok	feed		gid://shopify/InventoryItem/55324884631937	ACTIVE
2026-09-24T05:36:28.192Z	0246619cfdfe	fortura-58030	6	5	ok	feed		gid://shopify/InventoryItem/55324884697473	ACTIVE
2026-09-24T05:36:28.192Z	0246619cfdfe	fortura-52391	4	2	ok	feed		gid://shopify/InventoryItem/55324884730241	ACTIVE
2026-09-24T05:36:28.193Z	0246619cfdfe	fortura-58036	7	5	ok	feed		gid://shopify/InventoryItem/55324884795777	ACTIVE
2026-09-24T05:36:28.193Z	0246619cfdfe	fortura-58049	11	10	ok	feed		gid://shopify/InventoryItem/55324885090689	ACTIVE
2026-09-24T05:36:28.193Z	0246619cfdfe	fortura-58102	1	0	ok	feed		gid://shopify/InventoryItem/55324885352833	ACTIVE
2026-09-24T05:36:28.193Z	0246619cfdfe	fortura-58103	1	0	ok	feed		gid://shopify/InventoryItem/55324885385601	ACTIVE
2026-09-24T05:36:28.193Z	0246619cfdfe	fortura-900098	16	14	ok	feed		gid://shopify/InventoryItem/55324885778817	ACTIVE
2026-09-24T05:36:28.193Z	0246619cfdfe	fortura-58089	5	4	ok	feed		gid://shopify/InventoryItem/55324885811585	ACTIVE
2026-09-24T05:36:28.193Z	0246619cfdfe	fortura-58090	14	13	ok	feed		gid://shopify/InventoryItem/55324885844353	ACTIVE
2026-09-24T05:36:28.193Z	0246619cfdfe	fortura-49633	5	4	ok	feed		gid://shopify/InventoryItem/55324885975425	ACTIVE
2026-09-24T05:36:28.193Z	0246619cfdfe	fortura-58104	16	15	ok	feed		gid://shopify/InventoryItem/55324886434177	ACTIVE
2026-09-24T05:36:28.193Z	0246619cfdfe	fortura-90032-6	9	5	ok	feed		gid://shopify/InventoryItem/55324886729089	ACTIVE
2026-09-24T05:36:28.193Z	0246619cfdfe	fortura-90032-7	14	11	ok	feed		gid://shopify/InventoryItem/55324886761857	ACTIVE
2026-09-24T05:36:28.193Z	0246619cfdfe	fortura-90032-8	12	9	ok	feed		gid://shopify/InventoryItem/55324886794625	ACTIVE
2026-09-24T05:36:28.193Z	0246619cfdfe	fortura-90001-4	38	35	ok	feed		gid://shopify/InventoryItem/55324886860161	ACTIVE
2026-09-24T05:36:28.193Z	0246619cfdfe	fortura-900529	12	11	ok	feed		gid://shopify/InventoryItem/55324886925697	ACTIVE
2026-09-24T05:36:28.193Z	0246619cfdfe	fortura-901079	26	23	ok	feed		gid://shopify/InventoryItem/55324887056769	ACTIVE
2026-09-24T05:36:28.193Z	0246619cfdfe	fortura-901085	6	5	ok	feed		gid://shopify/InventoryItem/55324887187841	ACTIVE
2026-09-24T05:36:28.193Z	0246619cfdfe	fortura-58040	6	5	ok	feed		gid://shopify/InventoryItem/55324887253377	ACTIVE
2026-09-24T05:36:28.193Z	0246619cfdfe	fortura-58041	2	1	ok	feed		gid://shopify/InventoryItem/55324887286145	ACTIVE
2026-09-24T05:36:28.193Z	0246619cfdfe	fortura-58042	9	8	ok	feed		gid://shopify/InventoryItem/55324887318913	ACTIVE
2026-09-24T05:36:28.193Z	0246619cfdfe	fortura-58043	6	3	ok	feed		gid://shopify/InventoryItem/55324887351681	ACTIVE
2026-09-24T05:36:28.193Z	0246619cfdfe	fortura-90021-2	2	0	ok	feed		gid://shopify/InventoryItem/55324887777665	ACTIVE
2026-09-24T05:36:28.193Z	0246619cfdfe	fortura-90021-3	2	0	ok	feed		gid://shopify/InventoryItem/55324887810433	ACTIVE
2026-09-24T05:36:28.193Z	0246619cfdfe	fortura-90021-4	2	0	ok	feed		gid://shopify/InventoryItem/55324887843201	ACTIVE
2026-09-24T05:36:28.193Z	0246619cfdfe	fortura-58045	12	10	ok	feed		gid://shopify/InventoryItem/55324887941505	ACTIVE
2026-09-24T05:36:28.193Z	0246619cfdfe	fortura-58048	11	10	ok	feed		gid://shopify/InventoryItem/55324888039809	ACTIVE
2026-09-24T05:36:28.193Z	0246619cfdfe	fortura-58093	17	16	ok	feed		gid://shopify/InventoryItem/55324888269185	ACTIVE
2026-09-24T05:36:28.193Z	0246619cfdfe	fortura-90164-6	27	25	ok	feed		gid://shopify/InventoryItem/55324889350529	ACTIVE
2026-09-24T05:36:28.193Z	0246619cfdfe	fortura-90164-7	44	36	ok	feed		gid://shopify/InventoryItem/55324889383297	ACTIVE
2026-09-24T05:36:28.193Z	0246619cfdfe	fortura-90164-8	59	52	ok	feed		gid://shopify/InventoryItem/55324889416065	ACTIVE
2026-09-24T05:36:28.193Z	0246619cfdfe	fortura-90164-9	59	53	ok	feed		gid://shopify/InventoryItem/55324889448833	ACTIVE
2026-09-24T05:36:28.193Z	0246619cfdfe	fortura-58100	25	24	ok	feed		gid://shopify/InventoryItem/55324889481601	ACTIVE
2026-09-24T05:36:28.193Z	0246619cfdfe	fortura-901315	2	1	ok	feed		gid://shopify/InventoryItem/55324889514369	ACTIVE
2026-09-24T05:36:28.193Z	0246619cfdfe	fortura-90257-2	9	8	ok	feed		gid://shopify/InventoryItem/55324889579905	ACTIVE
2026-09-24T05:36:28.193Z	0246619cfdfe	fortura-90257-3	7	5	ok	feed		gid://shopify/InventoryItem/55324889612673	ACTIVE
2026-09-24T05:36:28.193Z	0246619cfdfe	fortura-90259-2	10	9	ok	feed		gid://shopify/InventoryItem/55324889874817	ACTIVE
2026-09-24T05:36:28.193Z	0246619cfdfe	fortura-90259-3	11	17	ok	feed		gid://shopify/InventoryItem/55324889907585	ACTIVE
2026-09-24T05:36:28.193Z	0246619cfdfe	fortura-90259-4	19	14	ok	feed		gid://shopify/InventoryItem/55324889940353	ACTIVE
2026-09-24T05:36:28.193Z	0246619cfdfe	fortura-90263-4	7	5	ok	feed		gid://shopify/InventoryItem/55324890104193	ACTIVE
2026-09-24T05:36:28.193Z	0246619cfdfe	fortura-90253-6	33	30	ok	feed		gid://shopify/InventoryItem/55324890300801	ACTIVE
2026-09-24T05:36:28.193Z	0246619cfdfe	fortura-90253-7	25	21	ok	feed		gid://shopify/InventoryItem/55324890333569	ACTIVE
2026-09-24T05:36:28.193Z	0246619cfdfe	fortura-90253-8	34	32	ok	feed		gid://shopify/InventoryItem/55324890366337	ACTIVE
2026-09-24T05:36:28.193Z	0246619cfdfe	fortura-90253-9	8	7	ok	feed		gid://shopify/InventoryItem/55324890399105	ACTIVE
2026-09-24T05:36:28.193Z	0246619cfdfe	fortura-904460	11	10	ok	feed		gid://shopify/InventoryItem/55324890530177	ACTIVE
2026-09-24T05:36:28.193Z	0246619cfdfe	fortura-90446-6	16	12	ok	feed		gid://shopify/InventoryItem/55324890595713	ACTIVE
2026-09-24T05:36:28.193Z	0246619cfdfe	fortura-90446-7	21	19	ok	feed		gid://shopify/InventoryItem/55324890628481	ACTIVE
2026-09-24T05:36:28.193Z	0246619cfdfe	fortura-902560	2	1	ok	feed		gid://shopify/InventoryItem/55324890759553	ACTIVE
2026-09-24T05:36:28.193Z	0246619cfdfe	fortura-90259-7	6	18	ok	feed		gid://shopify/InventoryItem/55324890988929	ACTIVE
2026-09-24T05:36:28.193Z	0246619cfdfe	fortura-90259-8	17	14	ok	feed		gid://shopify/InventoryItem/55324891021697	ACTIVE
2026-09-24T05:36:28.193Z	0246619cfdfe	fortura-91259-9	4	3	ok	feed		gid://shopify/InventoryItem/55324891087233	ACTIVE
2026-09-24T05:36:28.193Z	0246619cfdfe	fortura-58146	7	6	ok	feed		gid://shopify/InventoryItem/55324891152769	ACTIVE
2026-09-24T05:36:28.193Z	0246619cfdfe	fortura-58147	11	10	ok	feed		gid://shopify/InventoryItem/55324891185537	ACTIVE
2026-09-24T05:36:28.193Z	0246619cfdfe	fortura-58150	4	3	ok	feed		gid://shopify/InventoryItem/55324891218305	ACTIVE
2026-09-24T05:36:28.193Z	0246619cfdfe	fortura-90262-6	30	23	ok	feed		gid://shopify/InventoryItem/55324891382145	ACTIVE
2026-09-24T05:36:28.193Z	0246619cfdfe	fortura-90262-7	33	31	ok	feed		gid://shopify/InventoryItem/55324891414913	ACTIVE
2026-09-24T05:36:28.193Z	0246619cfdfe	fortura-58155	15	14	ok	feed		gid://shopify/InventoryItem/55324891447681	ACTIVE
2026-09-24T05:36:28.193Z	0246619cfdfe	fortura-905500	4	3	ok	feed		gid://shopify/InventoryItem/55324891611521	ACTIVE
2026-09-24T05:36:28.193Z	0246619cfdfe	fortura-90265-3	19	13	ok	feed		gid://shopify/InventoryItem/55324891644289	ACTIVE
2026-09-24T05:36:28.193Z	0246619cfdfe	fortura-902689	56	54	ok	feed		gid://shopify/InventoryItem/55324891939201	ACTIVE
2026-09-24T05:36:28.193Z	0246619cfdfe	fortura-900099	50	41	ok	feed		gid://shopify/InventoryItem/55324891971969	ACTIVE
2026-09-24T05:36:28.193Z	0246619cfdfe	fortura-907435	7	4	ok	feed		gid://shopify/InventoryItem/55324892004737	ACTIVE
2026-09-24T05:36:28.193Z	0246619cfdfe	fortura-90743-6	35	33	ok	feed		gid://shopify/InventoryItem/55324892037505	ACTIVE
2026-09-24T05:36:28.193Z	0246619cfdfe	fortura-90743-8	25	23	ok	feed		gid://shopify/InventoryItem/55324892103041	ACTIVE
2026-09-24T05:36:28.193Z	0246619cfdfe	fortura-90277-2	7	5	ok	feed		gid://shopify/InventoryItem/55324892168577	ACTIVE
2026-09-24T05:36:28.194Z	0246619cfdfe	fortura-90033-6	13	10	ok	feed		gid://shopify/InventoryItem/55324892234113	ACTIVE
2026-09-24T05:36:28.194Z	0246619cfdfe	fortura-90033-8	20	16	ok	feed		gid://shopify/InventoryItem/55324892299649	ACTIVE
2026-09-24T05:36:28.194Z	0246619cfdfe	fortura-90744-6	20	11	ok	feed		gid://shopify/InventoryItem/55324892332417	ACTIVE
2026-09-24T05:36:28.194Z	0246619cfdfe	fortura-90744-7	90	79	ok	feed		gid://shopify/InventoryItem/55324892365185	ACTIVE
2026-09-24T05:36:28.194Z	0246619cfdfe	fortura-90744-8	82	74	ok	feed		gid://shopify/InventoryItem/55324892397953	ACTIVE
2026-09-24T05:36:28.194Z	0246619cfdfe	fortura-90744-9	41	34	ok	feed		gid://shopify/InventoryItem/55324892430721	ACTIVE
2026-09-24T05:36:28.194Z	0246619cfdfe	fortura-903443	38	34	ok	feed		gid://shopify/InventoryItem/55324892463489	ACTIVE
2026-09-24T05:36:28.194Z	0246619cfdfe	fortura-903444	39	38	ok	feed		gid://shopify/InventoryItem/55324892496257	ACTIVE
2026-09-24T05:36:28.194Z	0246619cfdfe	fortura-90391-4	4	3	ok	feed		gid://shopify/InventoryItem/55324892725633	ACTIVE
2026-09-24T05:36:28.194Z	0246619cfdfe	fortura-90391-5	28	25	ok	feed		gid://shopify/InventoryItem/55324892758401	ACTIVE
2026-09-24T05:36:28.194Z	0246619cfdfe	fortura-90391-6	23	19	ok	feed		gid://shopify/InventoryItem/55324892791169	ACTIVE
2026-09-24T05:36:28.194Z	0246619cfdfe	fortura-90788-7	4	1	ok	feed		gid://shopify/InventoryItem/55324892922241	ACTIVE
2026-09-24T05:36:28.194Z	0246619cfdfe	fortura-90403-2	11	5	ok	feed		gid://shopify/InventoryItem/55324893086081	ACTIVE
2026-09-24T05:36:28.194Z	0246619cfdfe	fortura-904039	7	5	ok	feed		gid://shopify/InventoryItem/55324893151617	ACTIVE
2026-09-24T05:36:28.194Z	0246619cfdfe	fortura-90508-1	20	17	ok	feed		gid://shopify/InventoryItem/55324893380993	ACTIVE
2026-09-24T05:36:28.194Z	0246619cfdfe	fortura-90508-4	8	7	ok	feed		gid://shopify/InventoryItem/55324893446529	ACTIVE
2026-09-24T05:36:28.194Z	0246619cfdfe	fortura-90190-8	7	6	ok	feed		gid://shopify/InventoryItem/55324893675905	ACTIVE
2026-09-24T05:36:28.194Z	0246619cfdfe	fortura-90559-6	7	6	ok	feed		gid://shopify/InventoryItem/55324893708673	ACTIVE
2026-09-24T05:36:28.194Z	0246619cfdfe	fortura-90559-7	8	4	ok	feed		gid://shopify/InventoryItem/55324893741441	ACTIVE
2026-09-24T05:36:28.194Z	0246619cfdfe	fortura-90195-3	17	15	ok	feed		gid://shopify/InventoryItem/55324894003585	ACTIVE
2026-09-24T05:36:28.194Z	0246619cfdfe	fortura-909121	2	1	ok	feed		gid://shopify/InventoryItem/55324894200193	ACTIVE
2026-09-24T05:36:28.194Z	0246619cfdfe	fortura-90652-4	2	1	ok	feed		gid://shopify/InventoryItem/55324894364033	ACTIVE
2026-09-24T05:36:28.194Z	0246619cfdfe	fortura-90935-3	3	2	ok	feed		gid://shopify/InventoryItem/55324894593409	ACTIVE
2026-09-24T05:36:28.194Z	0246619cfdfe	fortura-90264-6	25	20	ok	feed		gid://shopify/InventoryItem/55324894658945	ACTIVE
2026-09-24T05:36:29.680Z	0246619cfdfe	fortura-90264-7	37	33	ok	feed		gid://shopify/InventoryItem/55324894691713	ACTIVE
2026-09-24T05:36:29.681Z	0246619cfdfe	fortura-90264-8	44	43	ok	feed		gid://shopify/InventoryItem/55324894724481	ACTIVE
2026-09-24T05:36:29.681Z	0246619cfdfe	fortura-90658-2	15	13	ok	feed		gid://shopify/InventoryItem/55324894790017	ACTIVE
2026-09-24T05:36:29.681Z	0246619cfdfe	fortura-909671	1	0	ok	feed		gid://shopify/InventoryItem/55324894822785	ACTIVE
2026-09-24T05:36:29.681Z	0246619cfdfe	fortura-909672	4	0	ok	feed		gid://shopify/InventoryItem/55324894855553	ACTIVE
2026-09-24T05:36:29.681Z	0246619cfdfe	fortura-90285-1	19	17	ok	feed		gid://shopify/InventoryItem/55324895379841	ACTIVE
2026-09-24T05:36:29.681Z	0246619cfdfe	fortura-90285-3	29	27	ok	feed		gid://shopify/InventoryItem/55324895445377	ACTIVE
2026-09-24T05:36:29.681Z	0246619cfdfe	fortura-90986-2	17	10	ok	feed		gid://shopify/InventoryItem/55324895773057	ACTIVE
2026-09-24T05:36:29.681Z	0246619cfdfe	fortura-90986-3	3	2	ok	feed		gid://shopify/InventoryItem/55324895805825	ACTIVE
2026-09-24T05:36:29.681Z	0246619cfdfe	fortura-905847	57	56	ok	feed		gid://shopify/InventoryItem/55324896199041	ACTIVE
2026-09-24T05:36:29.681Z	0246619cfdfe	fortura-908239	29	27	ok	feed		gid://shopify/InventoryItem/55324897051009	ACTIVE
2026-09-24T05:36:29.681Z	0246619cfdfe	fortura-908231	24	22	ok	feed		gid://shopify/InventoryItem/55324897083777	ACTIVE
2026-09-24T05:36:29.681Z	0246619cfdfe	fortura-909129	6	5	ok	feed		gid://shopify/InventoryItem/55324897214849	ACTIVE
2026-09-24T05:36:29.681Z	0246619cfdfe	fortura-909130	8	7	ok	feed		gid://shopify/InventoryItem/55324897247617	ACTIVE
2026-09-24T05:36:29.681Z	0246619cfdfe	fortura-910322	32	31	ok	feed		gid://shopify/InventoryItem/55324897313153	ACTIVE
2026-09-24T05:36:29.681Z	0246619cfdfe	fortura-907419	40	39	ok	feed		gid://shopify/InventoryItem/55324897345921	ACTIVE
2026-09-24T05:36:29.681Z	0246619cfdfe	fortura-90925-2	6	4	ok	feed		gid://shopify/InventoryItem/55324897411457	ACTIVE
2026-09-24T05:36:29.681Z	0246619cfdfe	fortura-90744-1	32	29	ok	feed		gid://shopify/InventoryItem/55324898886017	ACTIVE
2026-09-24T05:36:29.681Z	0246619cfdfe	fortura-90744-2	21	17	ok	feed		gid://shopify/InventoryItem/55324898918785	ACTIVE
2026-09-24T05:36:29.681Z	0246619cfdfe	fortura-90744-3	36	30	ok	feed		gid://shopify/InventoryItem/55324898951553	ACTIVE
2026-09-24T05:36:29.681Z	0246619cfdfe	fortura-907440	22	18	ok	feed		gid://shopify/InventoryItem/55324898984321	ACTIVE
2026-09-24T05:36:29.681Z	0246619cfdfe	fortura-907450	27	25	ok	feed		gid://shopify/InventoryItem/55324899017089	ACTIVE
2026-09-24T05:36:29.681Z	0246619cfdfe	fortura-910334	58	55	ok	feed		gid://shopify/InventoryItem/55324899115393	ACTIVE
2026-09-24T05:36:29.681Z	0246619cfdfe	fortura-907510	14	11	ok	feed		gid://shopify/InventoryItem/55324899279233	ACTIVE
2026-09-24T05:36:29.681Z	0246619cfdfe	fortura-90940-1	11	10	ok	feed		gid://shopify/InventoryItem/55324899312001	ACTIVE
2026-09-24T05:36:29.681Z	0246619cfdfe	fortura-90940-3	3	2	ok	feed		gid://shopify/InventoryItem/55324899377537	ACTIVE
2026-09-24T05:36:29.681Z	0246619cfdfe	fortura-90771-2	2	1	ok	feed		gid://shopify/InventoryItem/55324899541377	ACTIVE
2026-09-24T05:36:29.681Z	0246619cfdfe	fortura-90952-3	3	2	ok	feed		gid://shopify/InventoryItem/55324899606913	ACTIVE
2026-09-24T05:36:29.681Z	0246619cfdfe	fortura-90789-6	11	6	ok	feed		gid://shopify/InventoryItem/55324899672449	ACTIVE
2026-09-24T05:36:29.681Z	0246619cfdfe	fortura-90789-7	13	8	ok	feed		gid://shopify/InventoryItem/55324899705217	ACTIVE
2026-09-24T05:36:29.681Z	0246619cfdfe	fortura-90789-8	6	5	ok	feed		gid://shopify/InventoryItem/55324899737985	ACTIVE
2026-09-24T05:36:29.681Z	0246619cfdfe	fortura-90795-2	15	14	ok	feed		gid://shopify/InventoryItem/55324900000129	ACTIVE
2026-09-24T05:36:29.681Z	0246619cfdfe	fortura-90795-4	6	5	ok	feed		gid://shopify/InventoryItem/55324900065665	ACTIVE
2026-09-24T05:36:29.681Z	0246619cfdfe	fortura-907950	7	5	ok	feed		gid://shopify/InventoryItem/55324900098433	ACTIVE
2026-09-24T05:36:29.681Z	0246619cfdfe	fortura-91073-1	1	0	ok	feed		gid://shopify/InventoryItem/55324900131201	ACTIVE
2026-09-24T05:36:29.681Z	0246619cfdfe	fortura-91073-3	1	0	ok	feed		gid://shopify/InventoryItem/55324900163969	ACTIVE
2026-09-24T05:36:29.681Z	0246619cfdfe	fortura-909673	24	23	ok	feed		gid://shopify/InventoryItem/55324900196737	ACTIVE
2026-09-24T05:36:29.681Z	0246619cfdfe	fortura-909674	43	36	ok	feed		gid://shopify/InventoryItem/55324900229505	ACTIVE
2026-09-24T05:36:29.681Z	0246619cfdfe	fortura-91109-2	16	15	ok	feed		gid://shopify/InventoryItem/55324901081473	ACTIVE
2026-09-24T05:36:29.681Z	0246619cfdfe	fortura-90882-5	25	20	ok	feed		gid://shopify/InventoryItem/55324902031745	ACTIVE
2026-09-24T05:36:29.681Z	0246619cfdfe	fortura-90882-6	18	16	ok	feed		gid://shopify/InventoryItem/55324902064513	ACTIVE
2026-09-24T05:36:29.681Z	0246619cfdfe	fortura-91187-2	12	9	ok	feed		gid://shopify/InventoryItem/55324902162817	ACTIVE
2026-09-24T05:36:29.681Z	0246619cfdfe	fortura-91187-3	13	6	ok	feed		gid://shopify/InventoryItem/55324902195585	ACTIVE
2026-09-24T05:36:29.681Z	0246619cfdfe	fortura-91187-4	8	15	ok	feed		gid://shopify/InventoryItem/55324902228353	ACTIVE
2026-09-24T05:36:29.681Z	0246619cfdfe	fortura-911870	14	13	ok	feed		gid://shopify/InventoryItem/55324902261121	ACTIVE
2026-09-24T05:36:29.681Z	0246619cfdfe	fortura-912564	9	7	ok	feed		gid://shopify/InventoryItem/55324902424961	ACTIVE
2026-09-24T05:36:29.681Z	0246619cfdfe	fortura-912566	9	8	ok	feed		gid://shopify/InventoryItem/55324902490497	ACTIVE
2026-09-24T05:36:29.681Z	0246619cfdfe	fortura-91286-3	4	3	ok	feed		gid://shopify/InventoryItem/55324902621569	ACTIVE
2026-09-24T05:36:29.681Z	0246619cfdfe	fortura-910333	1	0	ok	feed		gid://shopify/InventoryItem/55324902785409	ACTIVE
2026-09-24T05:36:29.681Z	0246619cfdfe	fortura-91307-3	15	14	ok	feed		gid://shopify/InventoryItem/55324902883713	ACTIVE
2026-09-24T05:36:29.681Z	0246619cfdfe	fortura-910354	43	42	ok	feed		gid://shopify/InventoryItem/55324903408001	ACTIVE
2026-09-24T05:36:29.681Z	0246619cfdfe	fortura-90945-1	10	9	ok	feed		gid://shopify/InventoryItem/55324903670145	ACTIVE
2026-09-24T05:36:29.681Z	0246619cfdfe	fortura-910666	48	45	ok	feed		gid://shopify/InventoryItem/55324904915329	ACTIVE
2026-09-24T05:36:29.682Z	0246619cfdfe	fortura-922223	10	9	ok	feed		gid://shopify/InventoryItem/55324905013633	ACTIVE
2026-09-24T05:36:29.682Z	0246619cfdfe	fortura-922220	9	7	ok	feed		gid://shopify/InventoryItem/55324905079169	ACTIVE
2026-09-24T05:36:29.682Z	0246619cfdfe	fortura-90988-2	3	2	ok	feed		gid://shopify/InventoryItem/55324905111937	ACTIVE
2026-09-24T05:36:29.682Z	0246619cfdfe	fortura-91174-5	12	8	ok	feed		gid://shopify/InventoryItem/55324905243009	ACTIVE
2026-09-24T05:36:29.682Z	0246619cfdfe	fortura-922426	18	15	ok	feed		gid://shopify/InventoryItem/55324905308545	ACTIVE
2026-09-24T05:36:29.682Z	0246619cfdfe	fortura-922427	18	15	ok	feed		gid://shopify/InventoryItem/55324905341313	ACTIVE
2026-09-24T05:36:29.682Z	0246619cfdfe	fortura-922428	18	15	ok	feed		gid://shopify/InventoryItem/55324905374081	ACTIVE
2026-09-24T05:36:29.682Z	0246619cfdfe	fortura-922436	19	12	ok	feed		gid://shopify/InventoryItem/55324905668993	ACTIVE
2026-09-24T05:36:29.682Z	0246619cfdfe	fortura-922437	23	18	ok	feed		gid://shopify/InventoryItem/55324905701761	ACTIVE
2026-09-24T05:36:29.682Z	0246619cfdfe	fortura-922438	26	17	ok	feed		gid://shopify/InventoryItem/55324905734529	ACTIVE
2026-09-24T05:36:29.682Z	0246619cfdfe	fortura-911974	7	52	ok	feed		gid://shopify/InventoryItem/55324905898369	ACTIVE
2026-09-24T05:36:29.682Z	0246619cfdfe	fortura-922462	2	22	ok	feed		gid://shopify/InventoryItem/55324905963905	ACTIVE
2026-09-24T05:36:29.682Z	0246619cfdfe	fortura-922463	1	15	ok	feed		gid://shopify/InventoryItem/55324905996673	ACTIVE
2026-09-24T05:36:29.682Z	0246619cfdfe	fortura-910081	27	18	ok	feed		gid://shopify/InventoryItem/55324906291585	ACTIVE
2026-09-24T05:36:29.682Z	0246619cfdfe	fortura-910082	30	28	ok	feed		gid://shopify/InventoryItem/55324906324353	ACTIVE
2026-09-24T05:36:29.682Z	0246619cfdfe	fortura-912379	4	3	ok	feed		gid://shopify/InventoryItem/55324906422657	ACTIVE
2026-09-24T05:36:29.682Z	0246619cfdfe	fortura-91023-2	4	3	ok	feed		gid://shopify/InventoryItem/55324906619265	ACTIVE
2026-09-24T05:36:29.682Z	0246619cfdfe	fortura-91023-4	2	1	ok	feed		gid://shopify/InventoryItem/55324906684801	ACTIVE
2026-09-24T05:36:29.682Z	0246619cfdfe	fortura-922881	15	14	ok	feed		gid://shopify/InventoryItem/55324906848641	ACTIVE
2026-09-24T05:36:29.682Z	0246619cfdfe	fortura-910278	45	44	ok	feed		gid://shopify/InventoryItem/55324906881409	ACTIVE
2026-09-24T05:36:29.682Z	0246619cfdfe	fortura-912519	8	6	ok	feed		gid://shopify/InventoryItem/55324906979713	ACTIVE
2026-09-24T05:36:29.682Z	0246619cfdfe	fortura-910323	132	129	ok	feed		gid://shopify/InventoryItem/55324907307393	ACTIVE
2026-09-24T05:36:29.682Z	0246619cfdfe	fortura-924295	17	12	ok	feed		gid://shopify/InventoryItem/55324908323201	ACTIVE
2026-09-24T05:36:29.682Z	0246619cfdfe	fortura-924296	26	17	ok	feed		gid://shopify/InventoryItem/55324908355969	ACTIVE
2026-09-24T05:36:29.682Z	0246619cfdfe	fortura-924297	29	33	ok	feed		gid://shopify/InventoryItem/55324908388737	ACTIVE
2026-09-24T05:36:29.682Z	0246619cfdfe	fortura-924298	50	40	ok	feed		gid://shopify/InventoryItem/55324908421505	ACTIVE
2026-09-24T05:36:29.682Z	0246619cfdfe	fortura-924299	35	24	ok	feed		gid://shopify/InventoryItem/55324908454273	ACTIVE
2026-09-24T05:36:29.682Z	0246619cfdfe	fortura-925432	2	1	ok	feed		gid://shopify/InventoryItem/55324908749185	ACTIVE
2026-09-24T05:36:29.682Z	0246619cfdfe	fortura-925433	15	12	ok	feed		gid://shopify/InventoryItem/55324908781953	ACTIVE
2026-09-24T05:36:29.682Z	0246619cfdfe	fortura-925434	12	11	ok	feed		gid://shopify/InventoryItem/55324908814721	ACTIVE
2026-09-24T05:36:29.682Z	0246619cfdfe	fortura-927902	9	6	ok	feed		gid://shopify/InventoryItem/55324908978561	ACTIVE
2026-09-24T05:36:29.682Z	0246619cfdfe	fortura-927903	6	18	ok	feed		gid://shopify/InventoryItem/55324909011329	ACTIVE
2026-09-24T05:36:29.682Z	0246619cfdfe	fortura-927904	6	5	ok	feed		gid://shopify/InventoryItem/55324909044097	ACTIVE
2026-09-24T05:36:29.682Z	0246619cfdfe	fortura-91273-3	8	7	ok	feed		gid://shopify/InventoryItem/55324909175169	ACTIVE
2026-09-24T05:36:29.682Z	0246619cfdfe	fortura-913641	4	34	ok	feed		gid://shopify/InventoryItem/55324909437313	ACTIVE
2026-09-24T05:36:29.682Z	0246619cfdfe	fortura-913671	4	25	ok	feed		gid://shopify/InventoryItem/55324909633921	ACTIVE
2026-09-24T05:36:29.682Z	0246619cfdfe	fortura-913670	21	20	ok	feed		gid://shopify/InventoryItem/55324909699457	ACTIVE
2026-09-24T05:36:29.682Z	0246619cfdfe	fortura-913842	17	9	ok	feed		gid://shopify/InventoryItem/55324909961601	ACTIVE
2026-09-24T05:36:29.682Z	0246619cfdfe	fortura-929061	14	13	ok	feed		gid://shopify/InventoryItem/55324910092673	ACTIVE
2026-09-24T05:36:29.682Z	0246619cfdfe	fortura-929063	6	5	ok	feed		gid://shopify/InventoryItem/55324910158209	ACTIVE
2026-09-24T05:36:29.682Z	0246619cfdfe	fortura-929064	6	5	ok	feed		gid://shopify/InventoryItem/55324910190977	ACTIVE
2026-09-24T05:36:29.682Z	0246619cfdfe	fortura-915823	2	12	ok	feed		gid://shopify/InventoryItem/55324910322049	ACTIVE
2026-09-24T05:36:29.682Z	0246619cfdfe	fortura-92940-3	5	0	ok	feed		gid://shopify/InventoryItem/55324910551425	ACTIVE
2026-09-24T05:36:29.682Z	0246619cfdfe	fortura-92940-4	2	0	ok	feed		gid://shopify/InventoryItem/55324910584193	ACTIVE
2026-09-24T05:36:29.682Z	0246619cfdfe	fortura-91101-1	7	5	ok	feed		gid://shopify/InventoryItem/55324910616961	ACTIVE
2026-09-24T05:36:29.682Z	0246619cfdfe	fortura-91101-2	12	11	ok	feed		gid://shopify/InventoryItem/55324910649729	ACTIVE
2026-09-24T05:36:29.682Z	0246619cfdfe	fortura-916390	45	43	ok	feed		gid://shopify/InventoryItem/55324910813569	ACTIVE
2026-09-24T05:36:31.265Z	0246619cfdfe	fortura-929424	13	10	ok	feed		gid://shopify/InventoryItem/55324911010177	ACTIVE
2026-09-24T05:36:31.265Z	0246619cfdfe	fortura-929420	16	15	ok	feed		gid://shopify/InventoryItem/55324911042945	ACTIVE
2026-09-24T05:36:31.265Z	0246619cfdfe	fortura-929729	4	2	ok	feed		gid://shopify/InventoryItem/55324911206785	ACTIVE
2026-09-24T05:36:31.265Z	0246619cfdfe	fortura-92972-1	9	7	ok	feed		gid://shopify/InventoryItem/55324911239553	ACTIVE
2026-09-24T05:36:31.265Z	0246619cfdfe	fortura-92972-3	3	2	ok	feed		gid://shopify/InventoryItem/55324911305089	ACTIVE
2026-09-24T05:36:31.265Z	0246619cfdfe	fortura-91224-5	22	18	ok	feed		gid://shopify/InventoryItem/55324911337857	ACTIVE
2026-09-24T05:36:31.265Z	0246619cfdfe	fortura-91224-6	35	31	ok	feed		gid://shopify/InventoryItem/55324911370625	ACTIVE
2026-09-24T05:36:31.265Z	0246619cfdfe	fortura-91224-7	27	23	ok	feed		gid://shopify/InventoryItem/55324911403393	ACTIVE
2026-09-24T05:36:31.265Z	0246619cfdfe	fortura-91224-8	28	22	ok	feed		gid://shopify/InventoryItem/55324911436161	ACTIVE
2026-09-24T05:36:31.265Z	0246619cfdfe	fortura-91224-9	13	9	ok	feed		gid://shopify/InventoryItem/55324911468929	ACTIVE
2026-09-24T05:36:31.266Z	0246619cfdfe	fortura-93005-3	3	2	ok	feed		gid://shopify/InventoryItem/55324911600001	ACTIVE
2026-09-24T05:36:31.266Z	0246619cfdfe	fortura-91930-3	5	3	ok	feed		gid://shopify/InventoryItem/55324911731073	ACTIVE
2026-09-24T05:36:31.266Z	0246619cfdfe	fortura-91930-4	9	8	ok	feed		gid://shopify/InventoryItem/55324911763841	ACTIVE
2026-09-24T05:36:31.266Z	0246619cfdfe	fortura-93106	54	52	ok	feed		gid://shopify/InventoryItem/55324911796609	ACTIVE
2026-09-24T05:36:31.266Z	0246619cfdfe	fortura-921448	20	15	ok	feed		gid://shopify/InventoryItem/55324911960449	ACTIVE
2026-09-24T05:36:31.266Z	0246619cfdfe	fortura-93169	1	0	ok	feed		gid://shopify/InventoryItem/55324911993217	ACTIVE
2026-09-24T05:36:31.266Z	0246619cfdfe	fortura-932006	4	3	ok	feed		gid://shopify/InventoryItem/55324912320897	ACTIVE
2026-09-24T05:36:31.266Z	0246619cfdfe	fortura-922421	11	5	ok	feed		gid://shopify/InventoryItem/55324912353665	ACTIVE
2026-09-24T05:36:31.266Z	0246619cfdfe	fortura-922422	16	12	ok	feed		gid://shopify/InventoryItem/55324912386433	ACTIVE
2026-09-24T05:36:31.266Z	0246619cfdfe	fortura-922423	12	17	ok	feed		gid://shopify/InventoryItem/55324912419201	ACTIVE
2026-09-24T05:36:31.266Z	0246619cfdfe	fortura-922424	25	20	ok	feed		gid://shopify/InventoryItem/55324912451969	ACTIVE
2026-09-24T05:36:31.266Z	0246619cfdfe	fortura-923712	18	17	ok	feed		gid://shopify/InventoryItem/55324912943489	ACTIVE
2026-09-24T05:36:31.266Z	0246619cfdfe	fortura-923713	8	6	ok	feed		gid://shopify/InventoryItem/55324912976257	ACTIVE
2026-09-24T05:36:31.266Z	0246619cfdfe	fortura-923710	7	5	ok	feed		gid://shopify/InventoryItem/55324913009025	ACTIVE
2026-09-24T05:36:31.266Z	0246619cfdfe	fortura-933794	16	15	ok	feed		gid://shopify/InventoryItem/55324913238401	ACTIVE
2026-09-24T05:36:31.266Z	0246619cfdfe	fortura-925438	4	2	ok	feed		gid://shopify/InventoryItem/55324913369473	ACTIVE
2026-09-24T05:36:31.266Z	0246619cfdfe	fortura-93521-2	21	20	ok	feed		gid://shopify/InventoryItem/55324913435009	ACTIVE
2026-09-24T05:36:31.266Z	0246619cfdfe	fortura-93521-3	25	23	ok	feed		gid://shopify/InventoryItem/55324913467777	ACTIVE
2026-09-24T05:36:31.266Z	0246619cfdfe	fortura-91779-4	3	1	ok	feed		gid://shopify/InventoryItem/55324913598849	ACTIVE
2026-09-24T05:36:31.266Z	0246619cfdfe	fortura-925451	15	14	ok	feed		gid://shopify/InventoryItem/55324913631617	ACTIVE
2026-09-24T05:36:31.266Z	0246619cfdfe	fortura-925452	8	6	ok	feed		gid://shopify/InventoryItem/55324913664385	ACTIVE
2026-09-24T05:36:31.266Z	0246619cfdfe	fortura-925454	2	1	ok	feed		gid://shopify/InventoryItem/55324913729921	ACTIVE
2026-09-24T05:36:31.266Z	0246619cfdfe	fortura-925450	11	6	ok	feed		gid://shopify/InventoryItem/55324913762689	ACTIVE
2026-09-24T05:36:31.266Z	0246619cfdfe	fortura-93583	213	190	ok	feed		gid://shopify/InventoryItem/55324913795457	ACTIVE
2026-09-24T05:36:31.266Z	0246619cfdfe	fortura-918791	18	17	ok	feed		gid://shopify/InventoryItem/55324913828225	ACTIVE
2026-09-24T05:36:31.266Z	0246619cfdfe	fortura-918792	14	13	ok	feed		gid://shopify/InventoryItem/55324913860993	ACTIVE
2026-09-24T05:36:31.266Z	0246619cfdfe	fortura-918793	17	14	ok	feed		gid://shopify/InventoryItem/55324913893761	ACTIVE
2026-09-24T05:36:31.266Z	0246619cfdfe	fortura-918794	10	9	ok	feed		gid://shopify/InventoryItem/55324913926529	ACTIVE
2026-09-24T05:36:31.266Z	0246619cfdfe	fortura-918790	18	16	ok	feed		gid://shopify/InventoryItem/55324913959297	ACTIVE
2026-09-24T05:36:31.266Z	0246619cfdfe	fortura-942322	5	4	ok	feed		gid://shopify/InventoryItem/55324914090369	ACTIVE
2026-09-24T05:36:31.266Z	0246619cfdfe	fortura-94400-1	5	4	ok	feed		gid://shopify/InventoryItem/55324914221441	ACTIVE
2026-09-24T05:36:31.266Z	0246619cfdfe	fortura-94458-2	7	5	ok	feed		gid://shopify/InventoryItem/55324914450817	ACTIVE
2026-09-24T05:36:31.266Z	0246619cfdfe	fortura-945841	7	18	ok	feed		gid://shopify/InventoryItem/55324914614657	ACTIVE
2026-09-24T05:36:31.266Z	0246619cfdfe	fortura-945842	7	19	ok	feed		gid://shopify/InventoryItem/55324914647425	ACTIVE
2026-09-24T05:36:31.266Z	0246619cfdfe	fortura-945843	9	7	ok	feed		gid://shopify/InventoryItem/55324914680193	ACTIVE
2026-09-24T05:36:31.266Z	0246619cfdfe	fortura-92856	16	52	ok	feed		gid://shopify/InventoryItem/55324914712961	ACTIVE
2026-09-24T05:36:31.266Z	0246619cfdfe	fortura-92983-2	11	10	ok	feed		gid://shopify/InventoryItem/55324914876801	ACTIVE
2026-09-24T05:36:31.266Z	0246619cfdfe	fortura-922471	4	3	ok	feed		gid://shopify/InventoryItem/55324914942337	ACTIVE
2026-09-24T05:36:31.266Z	0246619cfdfe	fortura-948292	4	2	ok	feed		gid://shopify/InventoryItem/55324915073409	ACTIVE
2026-09-24T05:36:31.266Z	0246619cfdfe	fortura-948293	24	23	ok	feed		gid://shopify/InventoryItem/55324915106177	ACTIVE
2026-09-24T05:36:31.266Z	0246619cfdfe	fortura-93088-4	31	29	ok	feed		gid://shopify/InventoryItem/55324915171713	ACTIVE
2026-09-24T05:36:31.266Z	0246619cfdfe	fortura-948928	19	18	ok	feed		gid://shopify/InventoryItem/55324915335553	ACTIVE
2026-09-24T05:36:31.266Z	0246619cfdfe	fortura-93901-1	32	31	ok	feed		gid://shopify/InventoryItem/55324915761537	ACTIVE
2026-09-24T05:36:31.266Z	0246619cfdfe	fortura-93901-3	24	23	ok	feed		gid://shopify/InventoryItem/55324915827073	ACTIVE
2026-09-24T05:36:31.266Z	0246619cfdfe	fortura-944574	8	7	ok	feed		gid://shopify/InventoryItem/55324915892609	ACTIVE
2026-09-24T05:36:31.266Z	0246619cfdfe	fortura-944575	20	19	ok	feed		gid://shopify/InventoryItem/55324915925377	ACTIVE
2026-09-24T05:36:31.266Z	0246619cfdfe	fortura-923822	28	25	ok	feed		gid://shopify/InventoryItem/55324916121985	ACTIVE
2026-09-24T05:36:31.266Z	0246619cfdfe	fortura-923823	32	31	ok	feed		gid://shopify/InventoryItem/55324916154753	ACTIVE
2026-09-24T05:36:31.266Z	0246619cfdfe	fortura-923820	40	38	ok	feed		gid://shopify/InventoryItem/55324916187521	ACTIVE
2026-09-24T05:36:31.266Z	0246619cfdfe	fortura-93231	8	9	ok	feed		gid://shopify/InventoryItem/55324916220289	ACTIVE
2026-09-24T05:36:31.266Z	0246619cfdfe	fortura-924695	5	16	ok	feed		gid://shopify/InventoryItem/55324916515201	ACTIVE
2026-09-24T05:36:31.266Z	0246619cfdfe	fortura-924697	10	8	ok	feed		gid://shopify/InventoryItem/55324916580737	ACTIVE
2026-09-24T05:36:31.266Z	0246619cfdfe	fortura-924698	10	9	ok	feed		gid://shopify/InventoryItem/55324916613505	ACTIVE
2026-09-24T05:36:31.266Z	0246619cfdfe	fortura-94459-2	41	39	ok	feed		gid://shopify/InventoryItem/55324916810113	ACTIVE
2026-09-24T05:36:31.266Z	0246619cfdfe	fortura-94459-3	37	36	ok	feed		gid://shopify/InventoryItem/55324916842881	ACTIVE
2026-09-24T05:36:31.267Z	0246619cfdfe	fortura-944595	13	12	ok	feed		gid://shopify/InventoryItem/55324916941185	ACTIVE
2026-09-24T05:36:31.267Z	0246619cfdfe	fortura-933694	60	58	ok	feed		gid://shopify/InventoryItem/55324917006721	ACTIVE
2026-09-24T05:36:31.267Z	0246619cfdfe	fortura-925456	2	1	ok	feed		gid://shopify/InventoryItem/55324917072257	ACTIVE
2026-09-24T05:36:31.267Z	0246619cfdfe	fortura-95534-6	19	14	ok	feed		gid://shopify/InventoryItem/55324917170561	ACTIVE
2026-09-24T05:36:31.267Z	0246619cfdfe	fortura-95534-7	21	18	ok	feed		gid://shopify/InventoryItem/55324917203329	ACTIVE
2026-09-24T05:36:31.267Z	0246619cfdfe	fortura-95534-8	19	16	ok	feed		gid://shopify/InventoryItem/55324917236097	ACTIVE
2026-09-24T05:36:31.267Z	0246619cfdfe	fortura-95534-9	10	9	ok	feed		gid://shopify/InventoryItem/55324917268865	ACTIVE
2026-09-24T05:36:31.267Z	0246619cfdfe	fortura-933793	56	43	ok	feed		gid://shopify/InventoryItem/55324917301633	ACTIVE
2026-09-24T05:36:31.267Z	0246619cfdfe	fortura-928065	13	12	ok	feed		gid://shopify/InventoryItem/55324917334401	ACTIVE
2026-09-24T05:36:31.267Z	0246619cfdfe	fortura-95651-2	8	7	ok	feed		gid://shopify/InventoryItem/55324917498241	ACTIVE
2026-09-24T05:36:31.267Z	0246619cfdfe	fortura-95651-3	11	10	ok	feed		gid://shopify/InventoryItem/55324917531009	ACTIVE
2026-09-24T05:36:31.267Z	0246619cfdfe	fortura-928531	14	13	ok	feed		gid://shopify/InventoryItem/55324917596545	ACTIVE
2026-09-24T05:36:31.267Z	0246619cfdfe	fortura-933796	4	2	ok	feed		gid://shopify/InventoryItem/55324917694849	ACTIVE
2026-09-24T05:36:31.267Z	0246619cfdfe	fortura-92855	41	37	ok	feed		gid://shopify/InventoryItem/55324917825921	ACTIVE
2026-09-24T05:36:31.267Z	0246619cfdfe	fortura-93585	45	26	ok	feed		gid://shopify/InventoryItem/55324917924225	ACTIVE
2026-09-24T05:36:31.267Z	0246619cfdfe	fortura-929012	11	9	ok	feed		gid://shopify/InventoryItem/55324917989761	ACTIVE
2026-09-24T05:36:31.267Z	0246619cfdfe	fortura-929013	9	6	ok	feed		gid://shopify/InventoryItem/55324918022529	ACTIVE
2026-09-24T05:36:31.267Z	0246619cfdfe	fortura-93811-6	14	8	ok	feed		gid://shopify/InventoryItem/55324918120833	ACTIVE
2026-09-24T05:36:31.267Z	0246619cfdfe	fortura-93811-7	21	18	ok	feed		gid://shopify/InventoryItem/55324918153601	ACTIVE
2026-09-24T05:36:31.267Z	0246619cfdfe	fortura-93811-8	28	27	ok	feed		gid://shopify/InventoryItem/55324918186369	ACTIVE
2026-09-24T05:36:31.267Z	0246619cfdfe	fortura-92973-4	5	3	ok	feed		gid://shopify/InventoryItem/55324918251905	ACTIVE
2026-09-24T05:36:31.267Z	0246619cfdfe	fortura-96554-2	31	30	ok	feed		gid://shopify/InventoryItem/55324918317441	ACTIVE
2026-09-24T05:36:31.267Z	0246619cfdfe	fortura-96554-3	26	38	ok	feed		gid://shopify/InventoryItem/55324918350209	ACTIVE
2026-09-24T05:36:31.267Z	0246619cfdfe	fortura-93847-8	5	3	ok	feed		gid://shopify/InventoryItem/55324918448513	ACTIVE
2026-09-24T05:36:31.267Z	0246619cfdfe	fortura-96557-3	4	3	ok	feed		gid://shopify/InventoryItem/55324918743425	ACTIVE
2026-09-24T05:36:31.267Z	0246619cfdfe	fortura-96557-4	5	4	ok	feed		gid://shopify/InventoryItem/55324918776193	ACTIVE
2026-09-24T05:36:31.267Z	0246619cfdfe	fortura-93909-3	11	10	ok	feed		gid://shopify/InventoryItem/55324918841729	ACTIVE
2026-09-24T05:36:31.267Z	0246619cfdfe	fortura-97202-3	18	16	ok	feed		gid://shopify/InventoryItem/55324919333249	ACTIVE
2026-09-24T05:36:31.267Z	0246619cfdfe	fortura-94081-2	16	15	ok	feed		gid://shopify/InventoryItem/55324919431553	ACTIVE
2026-09-24T05:36:31.267Z	0246619cfdfe	fortura-94081-3	13	14	ok	feed		gid://shopify/InventoryItem/55324919464321	ACTIVE
2026-09-24T05:36:31.267Z	0246619cfdfe	fortura-93243	1	0	ok	feed		gid://shopify/InventoryItem/55324919562625	ACTIVE
2026-09-24T05:36:31.267Z	0246619cfdfe	fortura-97316-6	6	5	ok	feed		gid://shopify/InventoryItem/55324919595393	ACTIVE
2026-09-24T05:36:31.267Z	0246619cfdfe	fortura-97316-8	7	6	ok	feed		gid://shopify/InventoryItem/55324919660929	ACTIVE
2026-09-24T05:36:31.267Z	0246619cfdfe	fortura-97355-2	2	0	ok	feed		gid://shopify/InventoryItem/55324919890305	ACTIVE
2026-09-24T05:36:31.267Z	0246619cfdfe	fortura-97355-3	5	4	ok	feed		gid://shopify/InventoryItem/55324919923073	ACTIVE
2026-09-24T05:36:32.475Z	0246619cfdfe	fortura-942312	13	11	ok	feed		gid://shopify/InventoryItem/55324919988609	ACTIVE
2026-09-24T05:36:32.475Z	0246619cfdfe	fortura-942313	10	7	ok	feed		gid://shopify/InventoryItem/55324920021377	ACTIVE
2026-09-24T05:36:32.475Z	0246619cfdfe	fortura-942314	15	14	ok	feed		gid://shopify/InventoryItem/55324920054145	ACTIVE
2026-09-24T05:36:32.475Z	0246619cfdfe	fortura-942310	10	9	ok	feed		gid://shopify/InventoryItem/55324920086913	ACTIVE
2026-09-24T05:36:32.475Z	0246619cfdfe	fortura-942931	9	7	ok	feed		gid://shopify/InventoryItem/55324920283521	ACTIVE
2026-09-24T05:36:32.475Z	0246619cfdfe	fortura-93498-2	16	15	ok	feed		gid://shopify/InventoryItem/55324920349057	ACTIVE
2026-09-24T05:36:32.475Z	0246619cfdfe	fortura-93569	7	4	ok	feed		gid://shopify/InventoryItem/55324920447361	ACTIVE
2026-09-24T05:36:32.475Z	0246619cfdfe	fortura-94306-2	31	30	ok	feed		gid://shopify/InventoryItem/55324920480129	ACTIVE
2026-09-24T05:36:32.475Z	0246619cfdfe	fortura-94497	21	20	ok	feed		gid://shopify/InventoryItem/55324920512897	ACTIVE
2026-09-24T05:36:32.475Z	0246619cfdfe	fortura-97931-1	2	0	ok	feed		gid://shopify/InventoryItem/55324920545665	ACTIVE
2026-09-24T05:36:32.475Z	0246619cfdfe	fortura-97931-2	7	4	ok	feed		gid://shopify/InventoryItem/55324920578433	ACTIVE
2026-09-24T05:36:32.475Z	0246619cfdfe	fortura-979310	1	0	ok	feed		gid://shopify/InventoryItem/55324920643969	ACTIVE
2026-09-24T05:36:32.475Z	0246619cfdfe	fortura-94336-1	5	4	ok	feed		gid://shopify/InventoryItem/55324920742273	ACTIVE
2026-09-24T05:36:32.475Z	0246619cfdfe	fortura-94336-4	2	1	ok	feed		gid://shopify/InventoryItem/55324920840577	ACTIVE
2026-09-24T05:36:32.475Z	0246619cfdfe	fortura-984923	4	3	ok	feed		gid://shopify/InventoryItem/55324920938881	ACTIVE
2026-09-24T05:36:32.475Z	0246619cfdfe	fortura-94011-4	6	5	ok	feed		gid://shopify/InventoryItem/55324921332097	ACTIVE
2026-09-24T05:36:32.475Z	0246619cfdfe	fortura-94375-9	13	11	ok	feed		gid://shopify/InventoryItem/55324921430401	ACTIVE
2026-09-24T05:36:32.475Z	0246619cfdfe	fortura-945584	28	3	ok	feed		gid://shopify/InventoryItem/55324926443905	ACTIVE
2026-09-24T05:36:32.475Z	0246619cfdfe	fortura-945585	9	14	ok	feed		gid://shopify/InventoryItem/55324926476673	ACTIVE
2026-09-24T05:36:32.475Z	0246619cfdfe	fortura-996545	34	28	ok	feed		gid://shopify/InventoryItem/55324926640513	ACTIVE
2026-09-24T05:36:32.475Z	0246619cfdfe	fortura-94181	23	16	ok	feed		gid://shopify/InventoryItem/55324926869889	ACTIVE
2026-09-24T05:36:32.476Z	0246619cfdfe	fortura-945851	1	10	ok	feed		gid://shopify/InventoryItem/55324926935425	ACTIVE
2026-09-24T05:36:32.476Z	0246619cfdfe	fortura-945853	8	6	ok	feed		gid://shopify/InventoryItem/55324926968193	ACTIVE
2026-09-24T05:36:32.476Z	0246619cfdfe	fortura-99719-3	8	6	ok	feed		gid://shopify/InventoryItem/55324927000961	ACTIVE
2026-09-24T05:36:32.476Z	0246619cfdfe	fortura-942315	3	2	ok	feed		gid://shopify/InventoryItem/55324927394177	ACTIVE
2026-09-24T05:36:32.476Z	0246619cfdfe	fortura-942316	2	7	ok	feed		gid://shopify/InventoryItem/55324927426945	ACTIVE
2026-09-24T05:36:32.476Z	0246619cfdfe	fortura-94908-1	6	5	ok	feed		gid://shopify/InventoryItem/55324927558017	ACTIVE
2026-09-24T05:36:32.476Z	0246619cfdfe	fortura-94908-2	14	11	ok	feed		gid://shopify/InventoryItem/55324927590785	ACTIVE
2026-09-24T05:36:32.476Z	0246619cfdfe	fortura-998681	10	6	ok	feed		gid://shopify/InventoryItem/55324927689089	ACTIVE
2026-09-24T05:36:32.476Z	0246619cfdfe	fortura-94248-2	12	10	ok	feed		gid://shopify/InventoryItem/55324927721857	ACTIVE
2026-09-24T05:36:32.476Z	0246619cfdfe	fortura-94248-3	12	9	ok	feed		gid://shopify/InventoryItem/55324927754625	ACTIVE
2026-09-24T05:36:32.476Z	0246619cfdfe	fortura-998729	5	4	ok	feed		gid://shopify/InventoryItem/55324927885697	ACTIVE
2026-09-24T05:36:32.476Z	0246619cfdfe	fortura-94295	14	9	ok	feed		gid://shopify/InventoryItem/55324927984001	ACTIVE
2026-09-24T05:36:32.476Z	0246619cfdfe	fortura-95029-3	7	6	ok	feed		gid://shopify/InventoryItem/55324928049537	ACTIVE
2026-09-24T05:36:32.476Z	0246619cfdfe	fortura-95029-4	5	4	ok	feed		gid://shopify/InventoryItem/55324928082305	ACTIVE
2026-09-24T05:36:32.476Z	0246619cfdfe	fortura-99884	14	11	ok	feed		gid://shopify/InventoryItem/55324928180609	ACTIVE
2026-09-24T05:36:32.476Z	0246619cfdfe	fortura-99884-4	16	12	ok	feed		gid://shopify/InventoryItem/55324928213377	ACTIVE
2026-09-24T05:36:32.476Z	0246619cfdfe	fortura-998875	4	3	ok	feed		gid://shopify/InventoryItem/55324928377217	ACTIVE
2026-09-24T05:36:32.476Z	0246619cfdfe	fortura-BO01520	33	28	ok	feed		gid://shopify/InventoryItem/55324928639361	ACTIVE
2026-09-24T05:36:32.476Z	0246619cfdfe	fortura-945581	1	34	ok	feed		gid://shopify/InventoryItem/55324928803201	ACTIVE
2026-09-24T05:36:32.476Z	0246619cfdfe	fortura-95514	43	36	ok	feed		gid://shopify/InventoryItem/55324929917313	ACTIVE
2026-09-24T05:36:32.476Z	0246619cfdfe	fortura-BO01955	34	32	ok	feed		gid://shopify/InventoryItem/55324930015617	ACTIVE
2026-09-24T05:36:32.476Z	0246619cfdfe	fortura-956592	10	8	ok	feed		gid://shopify/InventoryItem/55324930212225	ACTIVE
2026-09-24T05:36:32.476Z	0246619cfdfe	fortura-BO1933	37	34	ok	feed		gid://shopify/InventoryItem/55324930310529	ACTIVE
2026-09-24T05:36:32.476Z	0246619cfdfe	fortura-94746-7	41	38	ok	feed		gid://shopify/InventoryItem/55324930376065	ACTIVE
2026-09-24T05:36:32.476Z	0246619cfdfe	fortura-94746-8	28	20	ok	feed		gid://shopify/InventoryItem/55324930408833	ACTIVE
2026-09-24T05:36:32.476Z	0246619cfdfe	fortura-BO1936	6	5	ok	feed		gid://shopify/InventoryItem/55324930474369	ACTIVE
2026-09-24T05:36:32.476Z	0246619cfdfe	fortura-95842-1	65	63	ok	feed		gid://shopify/InventoryItem/55324930572673	ACTIVE
2026-09-24T05:36:32.476Z	0246619cfdfe	fortura-95842-3	72	69	ok	feed		gid://shopify/InventoryItem/55324930638209	ACTIVE
2026-09-24T05:36:32.476Z	0246619cfdfe	fortura-95843	45	42	ok	feed		gid://shopify/InventoryItem/55324930670977	ACTIVE
2026-09-24T05:36:32.476Z	0246619cfdfe	fortura-94863-3	10	7	ok	feed		gid://shopify/InventoryItem/55324930802049	ACTIVE
2026-09-24T05:36:32.476Z	0246619cfdfe	fortura-BO44684	17	14	ok	feed		gid://shopify/InventoryItem/55324930965889	ACTIVE
2026-09-24T05:36:32.476Z	0246619cfdfe	fortura-94908-7	20	16	ok	feed		gid://shopify/InventoryItem/55324931359105	ACTIVE
2026-09-24T05:36:32.476Z	0246619cfdfe	fortura-94923-8	11	10	ok	feed		gid://shopify/InventoryItem/55324931621249	ACTIVE
2026-09-24T05:36:32.476Z	0246619cfdfe	fortura-BO71021	8	6	ok	feed		gid://shopify/InventoryItem/55324931686785	ACTIVE
2026-09-24T05:36:32.476Z	0246619cfdfe	fortura-96040-8	7	5	ok	feed		gid://shopify/InventoryItem/55324931817857	ACTIVE
2026-09-24T05:36:32.476Z	0246619cfdfe	fortura-96040-9	8	5	ok	feed		gid://shopify/InventoryItem/55324931850625	ACTIVE
2026-09-24T05:36:32.476Z	0246619cfdfe	fortura-BO78191	117	114	ok	feed		gid://shopify/InventoryItem/55324932014465	ACTIVE
2026-09-24T05:36:32.476Z	0246619cfdfe	fortura-96553-2	44	43	ok	feed		gid://shopify/InventoryItem/55324932080001	ACTIVE
2026-09-24T05:36:32.476Z	0246619cfdfe	fortura-BO79271	14	13	ok	feed		gid://shopify/InventoryItem/55324932342145	ACTIVE
2026-09-24T05:36:32.476Z	0246619cfdfe	fortura-97024-5	10	9	ok	feed		gid://shopify/InventoryItem/55324932473217	ACTIVE
2026-09-24T05:36:32.476Z	0246619cfdfe	fortura-97024-6	7	6	ok	feed		gid://shopify/InventoryItem/55324932505985	ACTIVE
2026-09-24T05:36:32.476Z	0246619cfdfe	fortura-97024-7	5	4	ok	feed		gid://shopify/InventoryItem/55324932538753	ACTIVE
2026-09-24T05:36:32.476Z	0246619cfdfe	fortura-949920	7	6	ok	feed		gid://shopify/InventoryItem/55324932735361	ACTIVE
2026-09-24T05:36:32.476Z	0246619cfdfe	fortura-BO79305	27	23	ok	feed		gid://shopify/InventoryItem/55324932800897	ACTIVE
2026-09-24T05:36:32.476Z	0246619cfdfe	fortura-BO79306	11	10	ok	feed		gid://shopify/InventoryItem/55324932833665	ACTIVE
2026-09-24T05:36:32.476Z	0246619cfdfe	fortura-97075-3	11	10	ok	feed		gid://shopify/InventoryItem/55324933063041	ACTIVE
2026-09-24T05:36:32.476Z	0246619cfdfe	fortura-BO82303	5	3	ok	feed		gid://shopify/InventoryItem/55324933161345	ACTIVE
2026-09-24T05:36:32.476Z	0246619cfdfe	fortura-BO82304	3	2	ok	feed		gid://shopify/InventoryItem/55324933194113	ACTIVE
2026-09-24T05:36:32.476Z	0246619cfdfe	fortura-95364-4	8	7	ok	feed		gid://shopify/InventoryItem/55324934242689	ACTIVE
2026-09-24T05:36:32.476Z	0246619cfdfe	fortura-97393-3	24	0	ok	nicht-mehr-im-feed		gid://shopify/InventoryItem/55324934308225	ACTIVE
2026-09-24T05:36:32.476Z	0246619cfdfe	fortura-BO83591	12	11	ok	feed		gid://shopify/InventoryItem/55324934373761	ACTIVE
2026-09-24T05:36:32.476Z	0246619cfdfe	fortura-95550-6	6	4	ok	feed		gid://shopify/InventoryItem/55324934406529	ACTIVE
2026-09-24T05:36:32.476Z	0246619cfdfe	fortura-95550-7	21	17	ok	feed		gid://shopify/InventoryItem/55324934439297	ACTIVE
2026-09-24T05:36:32.476Z	0246619cfdfe	fortura-95550-8	14	8	ok	feed		gid://shopify/InventoryItem/55324934472065	ACTIVE
2026-09-24T05:36:32.476Z	0246619cfdfe	fortura-95652-3	42	32	ok	feed		gid://shopify/InventoryItem/55324934603137	ACTIVE
2026-09-24T05:36:32.476Z	0246619cfdfe	fortura-975727	23	20	ok	feed		gid://shopify/InventoryItem/55324934635905	ACTIVE
2026-09-24T05:36:32.476Z	0246619cfdfe	fortura-95947-6	9	8	ok	feed		gid://shopify/InventoryItem/55324934766977	ACTIVE
2026-09-24T05:36:32.476Z	0246619cfdfe	fortura-989512	11	9	ok	feed		gid://shopify/InventoryItem/55324934898049	ACTIVE
2026-09-24T05:36:32.476Z	0246619cfdfe	fortura-98952	9	8	ok	feed		gid://shopify/InventoryItem/55324934963585	ACTIVE
2026-09-24T05:36:32.476Z	0246619cfdfe	fortura-BO83776	14	13	ok	feed		gid://shopify/InventoryItem/55324935029121	ACTIVE
2026-09-24T05:36:32.476Z	0246619cfdfe	fortura-993434	16	14	ok	feed		gid://shopify/InventoryItem/55324935324033	ACTIVE
2026-09-24T05:36:32.476Z	0246619cfdfe	fortura-96040-4	62	61	ok	feed		gid://shopify/InventoryItem/55324935553409	ACTIVE
2026-09-24T05:36:32.476Z	0246619cfdfe	fortura-99519	14	13	ok	feed		gid://shopify/InventoryItem/55324935618945	ACTIVE
2026-09-24T05:36:32.477Z	0246619cfdfe	fortura-99543	55	57	ok	feed		gid://shopify/InventoryItem/55324935815553	ACTIVE
2026-09-24T05:36:32.477Z	0246619cfdfe	fortura-BO83936	6	4	ok	feed		gid://shopify/InventoryItem/55324936012161	ACTIVE
2026-09-24T05:36:32.477Z	0246619cfdfe	fortura-BO83937	8	5	ok	feed		gid://shopify/InventoryItem/55324936044929	ACTIVE
2026-09-24T05:36:32.477Z	0246619cfdfe	fortura-BO83980	13	12	ok	feed		gid://shopify/InventoryItem/55324936208769	ACTIVE
2026-09-24T05:36:32.477Z	0246619cfdfe	fortura-BO83981	21	20	ok	feed		gid://shopify/InventoryItem/55324936241537	ACTIVE
2026-09-24T05:36:32.477Z	0246619cfdfe	fortura-97293-7	25	22	ok	feed		gid://shopify/InventoryItem/55324936307073	ACTIVE
2026-09-24T05:36:32.477Z	0246619cfdfe	fortura-99880-1	15	25	ok	feed		gid://shopify/InventoryItem/55324936667521	ACTIVE
2026-09-24T05:36:32.477Z	0246619cfdfe	fortura-99880-2	17	22	ok	feed		gid://shopify/InventoryItem/55324936700289	ACTIVE
2026-09-24T05:36:32.477Z	0246619cfdfe	fortura-99880-3	34	28	ok	feed		gid://shopify/InventoryItem/55324936733057	ACTIVE
2026-09-24T05:36:32.477Z	0246619cfdfe	fortura-99880-4	11	8	ok	feed		gid://shopify/InventoryItem/55324936765825	ACTIVE
2026-09-24T05:36:32.477Z	0246619cfdfe	fortura-BO84100	3	2	ok	feed		gid://shopify/InventoryItem/55324936798593	ACTIVE
2026-09-24T05:36:32.477Z	0246619cfdfe	fortura-97585	19	37	ok	feed		gid://shopify/InventoryItem/55324937159041	ACTIVE
2026-09-24T05:36:32.477Z	0246619cfdfe	fortura-BO01957	33	31	ok	feed		gid://shopify/InventoryItem/55324937191809	ACTIVE
2026-09-24T05:36:32.477Z	0246619cfdfe	fortura-BO01975	26	25	ok	feed		gid://shopify/InventoryItem/55324937355649	ACTIVE
2026-09-24T05:36:32.477Z	0246619cfdfe	fortura-BO01990	23	20	ok	feed		gid://shopify/InventoryItem/55324937683329	ACTIVE
2026-09-24T05:36:32.477Z	0246619cfdfe	fortura-98492-5	8	7	ok	feed		gid://shopify/InventoryItem/55324937781633	ACTIVE
2026-09-24T05:36:34.075Z	0246619cfdfe	fortura-BO84557	17	15	ok	feed		gid://shopify/InventoryItem/55324937847169	ACTIVE
2026-09-24T05:36:34.076Z	0246619cfdfe	fortura-BO02280	7	3	ok	feed		gid://shopify/InventoryItem/55324937879937	ACTIVE
2026-09-24T05:36:34.076Z	0246619cfdfe	fortura-BO02282	13	10	ok	feed		gid://shopify/InventoryItem/55324937945473	ACTIVE
2026-09-24T05:36:34.076Z	0246619cfdfe	fortura-98905	32	30	ok	feed		gid://shopify/InventoryItem/55324938011009	ACTIVE
2026-09-24T05:36:34.076Z	0246619cfdfe	fortura-BO84558	33	30	ok	feed		gid://shopify/InventoryItem/55324938076545	ACTIVE
2026-09-24T05:36:34.076Z	0246619cfdfe	fortura-BO84559	17	12	ok	feed		gid://shopify/InventoryItem/55324938109313	ACTIVE
2026-09-24T05:36:34.076Z	0246619cfdfe	fortura-99654-8	50	46	ok	feed		gid://shopify/InventoryItem/55324938436993	ACTIVE
2026-09-24T05:36:34.076Z	0246619cfdfe	fortura-BO2320	16	7	ok	feed		gid://shopify/InventoryItem/55324938502529	ACTIVE
2026-09-24T05:36:34.076Z	0246619cfdfe	fortura-BO88064	11	9	ok	feed		gid://shopify/InventoryItem/55324938535297	ACTIVE
2026-09-24T05:36:34.076Z	0246619cfdfe	fortura-BO44497	10	9	ok	feed		gid://shopify/InventoryItem/55324938731905	ACTIVE
2026-09-24T05:36:34.076Z	0246619cfdfe	fortura-BO54334	6	5	ok	feed		gid://shopify/InventoryItem/55324939157889	ACTIVE
2026-09-24T05:36:34.076Z	0246619cfdfe	fortura-BO01914	41	37	ok	feed		gid://shopify/InventoryItem/55324939190657	ACTIVE
2026-09-24T05:36:34.076Z	0246619cfdfe	fortura-BO88510	14	13	ok	feed		gid://shopify/InventoryItem/55324939223425	ACTIVE
2026-09-24T05:36:34.076Z	0246619cfdfe	fortura-BO88511	15	10	ok	feed		gid://shopify/InventoryItem/55324939256193	ACTIVE
2026-09-24T05:36:34.076Z	0246619cfdfe	fortura-BO88512	7	5	ok	feed		gid://shopify/InventoryItem/55324939288961	ACTIVE
2026-09-24T05:36:34.076Z	0246619cfdfe	fortura-BO88513	15	11	ok	feed		gid://shopify/InventoryItem/55324939321729	ACTIVE
2026-09-24T05:36:34.076Z	0246619cfdfe	fortura-BO70996	21	19	ok	feed		gid://shopify/InventoryItem/55324939354497	ACTIVE
2026-09-24T05:36:34.076Z	0246619cfdfe	fortura-BO71020	6	5	ok	feed		gid://shopify/InventoryItem/55324939551105	ACTIVE
2026-09-24T05:36:34.076Z	0246619cfdfe	fortura-BO88557	2	1	ok	feed		gid://shopify/InventoryItem/55324939714945	ACTIVE
2026-09-24T05:36:34.076Z	0246619cfdfe	fortura-BO96947	24	12	ok	feed		gid://shopify/InventoryItem/55324939911553	ACTIVE
2026-09-24T05:36:34.076Z	0246619cfdfe	fortura-CK107144M	7	5	ok	feed		gid://shopify/InventoryItem/55324940108161	ACTIVE
2026-09-24T05:36:34.076Z	0246619cfdfe	fortura-CK107144XL	11	9	ok	feed		gid://shopify/InventoryItem/55324940173697	ACTIVE
2026-09-24T05:36:34.076Z	0246619cfdfe	fortura-BO83522	7	4	ok	feed		gid://shopify/InventoryItem/55324940206465	ACTIVE
2026-09-24T05:36:34.076Z	0246619cfdfe	fortura-BO83523	1	0	ok	feed		gid://shopify/InventoryItem/55324940239233	ACTIVE
2026-09-24T05:36:34.076Z	0246619cfdfe	fortura-BO44376	12	10	ok	feed		gid://shopify/InventoryItem/55324940435841	ACTIVE
2026-09-24T05:36:34.076Z	0246619cfdfe	fortura-BO83765	5	3	ok	feed		gid://shopify/InventoryItem/55324940501377	ACTIVE
2026-09-24T05:36:34.076Z	0246619cfdfe	fortura-BO83766	4	3	ok	feed		gid://shopify/InventoryItem/55324940534145	ACTIVE
2026-09-24T05:36:34.076Z	0246619cfdfe	fortura-BO83767	8	6	ok	feed		gid://shopify/InventoryItem/55324940566913	ACTIVE
2026-09-24T05:36:34.076Z	0246619cfdfe	fortura-BO44496	23	19	ok	feed		gid://shopify/InventoryItem/55324940599681	ACTIVE
2026-09-24T05:36:34.076Z	0246619cfdfe	fortura-CK1110M	4	39	ok	feed		gid://shopify/InventoryItem/55324940665217	ACTIVE
2026-09-24T05:36:34.076Z	0246619cfdfe	fortura-BO83995	14	13	ok	feed		gid://shopify/InventoryItem/55324940992897	ACTIVE
2026-09-24T05:36:34.076Z	0246619cfdfe	fortura-BO83997	12	11	ok	feed		gid://shopify/InventoryItem/55324941058433	ACTIVE
2026-09-24T05:36:34.076Z	0246619cfdfe	fortura-BO79221	11	9	ok	feed		gid://shopify/InventoryItem/55324941123969	ACTIVE
2026-09-24T05:36:34.076Z	0246619cfdfe	fortura-BO79222	4	3	ok	feed		gid://shopify/InventoryItem/55324941156737	ACTIVE
2026-09-24T05:36:34.076Z	0246619cfdfe	fortura-BO79223	13	8	ok	feed		gid://shopify/InventoryItem/55324941189505	ACTIVE
2026-09-24T05:36:34.076Z	0246619cfdfe	fortura-BO79251	13	12	ok	feed		gid://shopify/InventoryItem/55324941418881	ACTIVE
2026-09-24T05:36:34.076Z	0246619cfdfe	fortura-BO84459	8	7	ok	feed		gid://shopify/InventoryItem/55324941517185	ACTIVE
2026-09-24T05:36:34.076Z	0246619cfdfe	fortura-BO84460	10	8	ok	feed		gid://shopify/InventoryItem/55324941549953	ACTIVE
2026-09-24T05:36:34.076Z	0246619cfdfe	fortura-BO84487	7	6	ok	feed		gid://shopify/InventoryItem/55324941681025	ACTIVE
2026-09-24T05:36:34.076Z	0246619cfdfe	fortura-BO82280	9	7	ok	feed		gid://shopify/InventoryItem/55324941812097	ACTIVE
2026-09-24T05:36:34.076Z	0246619cfdfe	fortura-BO82281	25	23	ok	feed		gid://shopify/InventoryItem/55324941844865	ACTIVE
2026-09-24T05:36:34.076Z	0246619cfdfe	fortura-CK4120	7	4	ok	feed		gid://shopify/InventoryItem/55324941910401	ACTIVE
2026-09-24T05:36:34.076Z	0246619cfdfe	fortura-CK4120116	8	12	ok	feed		gid://shopify/InventoryItem/55324942107009	ACTIVE
2026-09-24T05:36:34.076Z	0246619cfdfe	fortura-BO82339	30	28	ok	feed		gid://shopify/InventoryItem/55324942500225	ACTIVE
2026-09-24T05:36:34.076Z	0246619cfdfe	fortura-BO82340	25	22	ok	feed		gid://shopify/InventoryItem/55324942532993	ACTIVE
2026-09-24T05:36:34.076Z	0246619cfdfe	fortura-BO83517	1	0	ok	feed		gid://shopify/InventoryItem/55324943090049	ACTIVE
2026-09-24T05:36:34.076Z	0246619cfdfe	fortura-BO83696	16	15	ok	feed		gid://shopify/InventoryItem/55324944171393	ACTIVE
2026-09-24T05:36:34.076Z	0246619cfdfe	fortura-CK107134M	7	5	ok	feed		gid://shopify/InventoryItem/55324944662913	ACTIVE
2026-09-24T05:36:34.076Z	0246619cfdfe	fortura-CK4208L	4	3	ok	feed		gid://shopify/InventoryItem/55324944892289	ACTIVE
2026-09-24T05:36:34.076Z	0246619cfdfe	fortura-CK4210M	5	4	ok	feed		gid://shopify/InventoryItem/55324946399617	ACTIVE
2026-09-24T05:36:34.076Z	0246619cfdfe	fortura-CK4213140	4	3	ok	feed		gid://shopify/InventoryItem/55324946628993	ACTIVE
2026-09-24T05:36:34.076Z	0246619cfdfe	fortura-BO83984	16	15	ok	feed		gid://shopify/InventoryItem/55324947087745	ACTIVE
2026-09-24T05:36:34.076Z	0246619cfdfe	fortura-BO83989	12	11	ok	feed		gid://shopify/InventoryItem/55324947513729	ACTIVE
2026-09-24T05:36:34.076Z	0246619cfdfe	fortura-CK4042H	4	6	ok	feed		gid://shopify/InventoryItem/55324947612033	ACTIVE
2026-09-24T05:36:34.076Z	0246619cfdfe	fortura-BO84116	11	7	ok	feed		gid://shopify/InventoryItem/55324947808641	ACTIVE
2026-09-24T05:36:34.076Z	0246619cfdfe	fortura-CK4237L	9	8	ok	feed		gid://shopify/InventoryItem/55324947939713	ACTIVE
2026-09-24T05:36:34.076Z	0246619cfdfe	fortura-CK4237XL	5	3	ok	feed		gid://shopify/InventoryItem/55324947972481	ACTIVE
2026-09-24T05:36:34.076Z	0246619cfdfe	fortura-BO84125	7	5	ok	feed		gid://shopify/InventoryItem/55324948070785	ACTIVE
2026-09-24T05:36:34.076Z	0246619cfdfe	fortura-CK4240128	2	1	ok	feed		gid://shopify/InventoryItem/55324948332929	ACTIVE
2026-09-24T05:36:34.076Z	0246619cfdfe	fortura-BO84148	7	5	ok	feed		gid://shopify/InventoryItem/55324948464001	ACTIVE
2026-09-24T05:36:34.076Z	0246619cfdfe	fortura-CK4128M	1	0	ok	feed		gid://shopify/InventoryItem/55324948496769	ACTIVE
2026-09-24T05:36:34.076Z	0246619cfdfe	fortura-CK4143	3	2	ok	feed		gid://shopify/InventoryItem/55324948627841	ACTIVE
2026-09-24T05:36:34.076Z	0246619cfdfe	fortura-CK4158S	1	0	ok	feed		gid://shopify/InventoryItem/55324948824449	ACTIVE
2026-09-24T05:36:34.076Z	0246619cfdfe	fortura-BO84510	7	5	ok	feed		gid://shopify/InventoryItem/55324948889985	ACTIVE
2026-09-24T05:36:34.076Z	0246619cfdfe	fortura-CK4252116	3	2	ok	feed		gid://shopify/InventoryItem/55324948955521	ACTIVE
2026-09-24T05:36:34.076Z	0246619cfdfe	fortura-CK4267M	12	9	ok	feed		gid://shopify/InventoryItem/55324949414273	ACTIVE
2026-09-24T05:36:34.076Z	0246619cfdfe	fortura-BO87113	16	15	ok	feed		gid://shopify/InventoryItem/55324949774721	ACTIVE
2026-09-24T05:36:34.076Z	0246619cfdfe	fortura-CK4354140	4	2	ok	feed		gid://shopify/InventoryItem/55324949840257	ACTIVE
2026-09-24T05:36:34.076Z	0246619cfdfe	fortura-CK4194128	3	1	ok	feed		gid://shopify/InventoryItem/55324952265089	ACTIVE
2026-09-24T05:36:34.076Z	0246619cfdfe	fortura-CK4432164	6	12	ok	feed		gid://shopify/InventoryItem/55324952396161	ACTIVE
2026-09-24T05:36:34.076Z	0246619cfdfe	fortura-CK4432180	2	12	ok	feed		gid://shopify/InventoryItem/55324952428929	ACTIVE
2026-09-24T05:36:34.076Z	0246619cfdfe	fortura-CK4200M	19	13	ok	feed		gid://shopify/InventoryItem/55324952461697	ACTIVE
2026-09-24T05:36:34.076Z	0246619cfdfe	fortura-CK4200L	16	9	ok	feed		gid://shopify/InventoryItem/55324952494465	ACTIVE
2026-09-24T05:36:34.076Z	0246619cfdfe	fortura-CD25714	15	14	ok	feed		gid://shopify/InventoryItem/55324953248129	ACTIVE
2026-09-24T05:36:34.076Z	0246619cfdfe	fortura-CK4612XL	13	12	ok	feed		gid://shopify/InventoryItem/55324953346433	ACTIVE
2026-09-24T05:36:34.076Z	0246619cfdfe	fortura-CK1091180	1	3	ok	feed		gid://shopify/InventoryItem/55324953411969	ACTIVE
2026-09-24T05:36:34.076Z	0246619cfdfe	fortura-CK4218104	8	6	ok	feed		gid://shopify/InventoryItem/55324953444737	ACTIVE
2026-09-24T05:36:34.076Z	0246619cfdfe	fortura-CK4237140	5	4	ok	feed		gid://shopify/InventoryItem/55324953706881	ACTIVE
2026-09-24T05:36:34.076Z	0246619cfdfe	fortura-CK4237152	5	4	ok	feed		gid://shopify/InventoryItem/55324953739649	ACTIVE
2026-09-24T05:36:34.076Z	0246619cfdfe	fortura-CK1106M	6	18	ok	feed		gid://shopify/InventoryItem/55324953870721	ACTIVE
2026-09-24T05:36:34.076Z	0246619cfdfe	fortura-CK4238140	11	12	ok	feed		gid://shopify/InventoryItem/55324953936257	ACTIVE
2026-09-24T05:36:34.077Z	0246619cfdfe	fortura-CK4630S	24	22	ok	feed		gid://shopify/InventoryItem/55324954198401	ACTIVE
2026-09-24T05:36:34.077Z	0246619cfdfe	fortura-CK4630M	31	29	ok	feed		gid://shopify/InventoryItem/55324954231169	ACTIVE
2026-09-24T05:36:34.077Z	0246619cfdfe	fortura-CK4630XL	40	39	ok	feed		gid://shopify/InventoryItem/55324954296705	ACTIVE
2026-09-24T05:36:34.077Z	0246619cfdfe	fortura-CK4260116	6	4	ok	feed		gid://shopify/InventoryItem/55324954853761	ACTIVE
2026-09-24T05:36:34.077Z	0246619cfdfe	fortura-CK4260140	3	2	ok	feed		gid://shopify/InventoryItem/55324954886529	ACTIVE
2026-09-24T05:36:34.077Z	0246619cfdfe	fortura-CK4654	14	13	ok	feed		gid://shopify/InventoryItem/55324954984833	ACTIVE
2026-09-24T05:36:34.077Z	0246619cfdfe	fortura-CK4660104	10	7	ok	feed		gid://shopify/InventoryItem/55324955378049	ACTIVE
2026-09-24T05:36:34.077Z	0246619cfdfe	fortura-CK4660116	14	13	ok	feed		gid://shopify/InventoryItem/55324955410817	ACTIVE
2026-09-24T05:36:34.077Z	0246619cfdfe	fortura-CK4502140	3	5	ok	feed		gid://shopify/InventoryItem/55324955509121	ACTIVE
2026-09-24T05:36:34.077Z	0246619cfdfe	fortura-CK4663	1	0	ok	feed		gid://shopify/InventoryItem/55324955574657	ACTIVE
2026-09-24T05:36:34.077Z	0246619cfdfe	fortura-CK4536190	15	27	ok	feed		gid://shopify/InventoryItem/55324955672961	ACTIVE
2026-09-24T05:36:34.077Z	0246619cfdfe	fortura-CK4116104	2	1	ok	feed		gid://shopify/InventoryItem/55324955836801	ACTIVE
2026-09-24T05:36:34.077Z	0246619cfdfe	fortura-CK4675L	16	15	ok	feed		gid://shopify/InventoryItem/55324956033409	ACTIVE
2026-09-24T05:36:34.077Z	0246619cfdfe	fortura-CK4693M	24	20	ok	feed		gid://shopify/InventoryItem/55324956197249	ACTIVE
2026-09-24T05:36:34.077Z	0246619cfdfe	fortura-CK4693XL	28	24	ok	feed		gid://shopify/InventoryItem/55324956262785	ACTIVE
2026-09-24T05:36:34.077Z	0246619cfdfe	fortura-CK4735S	6	4	ok	feed		gid://shopify/InventoryItem/55324956819841	ACTIVE
2026-09-24T05:36:34.077Z	0246619cfdfe	fortura-CK4735M	6	4	ok	feed		gid://shopify/InventoryItem/55324956852609	ACTIVE
2026-09-24T05:36:34.077Z	0246619cfdfe	fortura-CK4735L	4	9	ok	feed		gid://shopify/InventoryItem/55324956885377	ACTIVE
2026-09-24T05:36:34.077Z	0246619cfdfe	fortura-CK4735XL	10	8	ok	feed		gid://shopify/InventoryItem/55324956918145	ACTIVE
2026-09-24T05:36:35.555Z	0246619cfdfe	fortura-CK4741L	6	5	ok	feed		gid://shopify/InventoryItem/55324957344129	ACTIVE
2026-09-24T05:36:35.556Z	0246619cfdfe	fortura-CK4629XS	46	45	ok	feed		gid://shopify/InventoryItem/55324957442433	ACTIVE
2026-09-24T05:36:35.556Z	0246619cfdfe	fortura-CK4629S	43	42	ok	feed		gid://shopify/InventoryItem/55324957475201	ACTIVE
2026-09-24T05:36:35.556Z	0246619cfdfe	fortura-CK4629L	28	26	ok	feed		gid://shopify/InventoryItem/55324957540737	ACTIVE
2026-09-24T05:36:35.556Z	0246619cfdfe	fortura-CK4750S	43	41	ok	feed		gid://shopify/InventoryItem/55324957573505	ACTIVE
2026-09-24T05:36:35.556Z	0246619cfdfe	fortura-CK4750L	49	46	ok	feed		gid://shopify/InventoryItem/55324957639041	ACTIVE
2026-09-24T05:36:35.556Z	0246619cfdfe	fortura-CK464186	1	8	ok	feed		gid://shopify/InventoryItem/55324957671809	ACTIVE
2026-09-24T05:36:35.556Z	0246619cfdfe	fortura-CK4753L	53	52	ok	feed		gid://shopify/InventoryItem/55324957802881	ACTIVE
2026-09-24T05:36:35.556Z	0246619cfdfe	fortura-CK464476	12	17	ok	feed		gid://shopify/InventoryItem/55324957835649	ACTIVE
2026-09-24T05:36:35.556Z	0246619cfdfe	fortura-CK464486	3	12	ok	feed		gid://shopify/InventoryItem/55324957868417	ACTIVE
2026-09-24T05:36:35.556Z	0246619cfdfe	fortura-CK8875	29	27	ok	feed		gid://shopify/InventoryItem/55324957933953	ACTIVE
2026-09-24T05:36:35.556Z	0246619cfdfe	fortura-CK4256	38	22	ok	feed		gid://shopify/InventoryItem/55324959015297	ACTIVE
2026-09-24T05:36:35.556Z	0246619cfdfe	fortura-CK4671164	6	18	ok	feed		gid://shopify/InventoryItem/55324959211905	ACTIVE
2026-09-24T05:36:35.556Z	0246619cfdfe	fortura-CK4671180	4	16	ok	feed		gid://shopify/InventoryItem/55324959244673	ACTIVE
2026-09-24T05:36:35.556Z	0246619cfdfe	fortura-CK4671190	7	12	ok	feed		gid://shopify/InventoryItem/55324959277441	ACTIVE
2026-09-24T05:36:35.556Z	0246619cfdfe	fortura-CK4283L	6	3	ok	feed		gid://shopify/InventoryItem/55324959375745	ACTIVE
2026-09-24T05:36:35.556Z	0246619cfdfe	fortura-CK4283XL	14	13	ok	feed		gid://shopify/InventoryItem/55324959408513	ACTIVE
2026-09-24T05:36:35.556Z	0246619cfdfe	fortura-CK4298164	10	13	ok	feed		gid://shopify/InventoryItem/55324959572353	ACTIVE
2026-09-24T05:36:35.556Z	0246619cfdfe	fortura-CK4298180	10	11	ok	feed		gid://shopify/InventoryItem/55324959605121	ACTIVE
2026-09-24T05:36:35.556Z	0246619cfdfe	fortura-CK4298190	3	15	ok	feed		gid://shopify/InventoryItem/55324959637889	ACTIVE
2026-09-24T05:36:35.556Z	0246619cfdfe	fortura-CK4734S	6	5	ok	feed		gid://shopify/InventoryItem/55324959900033	ACTIVE
2026-09-24T05:36:35.556Z	0246619cfdfe	fortura-EU706844ML	33	32	ok	feed		gid://shopify/InventoryItem/55324960031105	ACTIVE
2026-09-24T05:36:35.556Z	0246619cfdfe	fortura-CK4737L	36	31	ok	feed		gid://shopify/InventoryItem/55324960129409	ACTIVE
2026-09-24T05:36:35.556Z	0246619cfdfe	fortura-CK4752L	52	51	ok	feed		gid://shopify/InventoryItem/55324960850305	ACTIVE
2026-09-24T05:36:35.556Z	0246619cfdfe	fortura-EU707183S	14	13	ok	feed		gid://shopify/InventoryItem/55324961014145	ACTIVE
2026-09-24T05:36:35.556Z	0246619cfdfe	fortura-EU707333S	16	14	ok	feed		gid://shopify/InventoryItem/55324961374593	ACTIVE
2026-09-24T05:36:35.556Z	0246619cfdfe	fortura-CK4625M	40	39	ok	feed		gid://shopify/InventoryItem/55324961472897	ACTIVE
2026-09-24T05:36:35.556Z	0246619cfdfe	fortura-EU720863XL	15	14	ok	feed		gid://shopify/InventoryItem/55324961603969	ACTIVE
2026-09-24T05:36:35.556Z	0246619cfdfe	fortura-CK4628XS	37	36	ok	feed		gid://shopify/InventoryItem/55324961669505	ACTIVE
2026-09-24T05:36:35.556Z	0246619cfdfe	fortura-CK4628M	32	31	ok	feed		gid://shopify/InventoryItem/55324961735041	ACTIVE
2026-09-24T05:36:35.556Z	0246619cfdfe	fortura-EU706300ML	12	11	ok	feed		gid://shopify/InventoryItem/55324961800577	ACTIVE
2026-09-24T05:36:35.556Z	0246619cfdfe	fortura-CK4640152	1	3	ok	feed		gid://shopify/InventoryItem/55324961997185	ACTIVE
2026-09-24T05:36:35.556Z	0246619cfdfe	fortura-EU70651900	8	6	ok	feed		gid://shopify/InventoryItem/55324962554241	ACTIVE
2026-09-24T05:36:35.556Z	0246619cfdfe	fortura-EU721130ML	8	7	ok	feed		gid://shopify/InventoryItem/55324962816385	ACTIVE
2026-09-24T05:36:35.556Z	0246619cfdfe	fortura-CK4664	1	0	ok	feed		gid://shopify/InventoryItem/55324963176833	ACTIVE
2026-09-24T05:36:35.556Z	0246619cfdfe	fortura-CK4670M	11	0	ok	nicht-mehr-im-feed		gid://shopify/InventoryItem/55324963340673	ACTIVE
2026-09-24T05:36:35.556Z	0246619cfdfe	fortura-CK4670L	14	0	ok	nicht-mehr-im-feed		gid://shopify/InventoryItem/55324963373441	ACTIVE
2026-09-24T05:36:35.556Z	0246619cfdfe	fortura-CK4670XL	11	0	ok	nicht-mehr-im-feed		gid://shopify/InventoryItem/55324963406209	ACTIVE
2026-09-24T05:36:35.556Z	0246619cfdfe	fortura-CK4676S	13	11	ok	feed		gid://shopify/InventoryItem/55324963438977	ACTIVE
2026-09-24T05:36:35.556Z	0246619cfdfe	fortura-CK4676M	9	6	ok	feed		gid://shopify/InventoryItem/55324963471745	ACTIVE
2026-09-24T05:36:35.556Z	0246619cfdfe	fortura-EU706819ML	7	6	ok	feed		gid://shopify/InventoryItem/55324963537281	ACTIVE
2026-09-24T05:36:35.556Z	0246619cfdfe	fortura-HB210542	5	3	ok	feed		gid://shopify/InventoryItem/55324963602817	ACTIVE
2026-09-24T05:36:35.556Z	0246619cfdfe	fortura-HB210544	1	0	ok	feed		gid://shopify/InventoryItem/55324963635585	ACTIVE
2026-09-24T05:36:35.556Z	0246619cfdfe	fortura-HB210546	1	0	ok	feed		gid://shopify/InventoryItem/55324963668353	ACTIVE
2026-09-24T05:36:35.556Z	0246619cfdfe	fortura-CK4688XL	18	16	ok	feed		gid://shopify/InventoryItem/55324963799425	ACTIVE
2026-09-24T05:36:35.556Z	0246619cfdfe	fortura-CK4688XXL	12	11	ok	feed		gid://shopify/InventoryItem/55324963832193	ACTIVE
2026-09-24T05:36:35.556Z	0246619cfdfe	fortura-HB210838	1	0	ok	feed		gid://shopify/InventoryItem/55324963897729	ACTIVE
2026-09-24T05:36:35.556Z	0246619cfdfe	fortura-HB210842	6	5	ok	feed		gid://shopify/InventoryItem/55324963963265	ACTIVE
2026-09-24T05:36:35.556Z	0246619cfdfe	fortura-HB210846	1	0	ok	feed		gid://shopify/InventoryItem/55324964028801	ACTIVE
2026-09-24T05:36:35.556Z	0246619cfdfe	fortura-CK4700M	8	12	ok	feed		gid://shopify/InventoryItem/55324964389249	ACTIVE
2026-09-24T05:36:35.556Z	0246619cfdfe	fortura-CK4700L	7	5	ok	feed		gid://shopify/InventoryItem/55324964422017	ACTIVE
2026-09-24T05:36:35.556Z	0246619cfdfe	fortura-HB252240	2	0	ok	feed		gid://shopify/InventoryItem/55324964651393	ACTIVE
2026-09-24T05:36:35.556Z	0246619cfdfe	fortura-EU706992XL	15	14	ok	feed		gid://shopify/InventoryItem/55324964848001	ACTIVE
2026-09-24T05:36:35.556Z	0246619cfdfe	fortura-CK4739L	29	22	ok	feed		gid://shopify/InventoryItem/55324964913537	ACTIVE
2026-09-24T05:36:35.556Z	0246619cfdfe	fortura-HB253438	2	1	ok	feed		gid://shopify/InventoryItem/55324964946305	ACTIVE
2026-09-24T05:36:35.556Z	0246619cfdfe	fortura-CK4751L	53	49	ok	feed		gid://shopify/InventoryItem/55324965241217	ACTIVE
2026-09-24T05:36:35.556Z	0246619cfdfe	fortura-HB263040	15	12	ok	feed		gid://shopify/InventoryItem/55324965372289	ACTIVE
2026-09-24T05:36:35.556Z	0246619cfdfe	fortura-HB263042	2	1	ok	feed		gid://shopify/InventoryItem/55324965405057	ACTIVE
2026-09-24T05:36:35.556Z	0246619cfdfe	fortura-HB263044	2	1	ok	feed		gid://shopify/InventoryItem/55324965437825	ACTIVE
2026-09-24T05:36:35.556Z	0246619cfdfe	fortura-HB263052	1	0	ok	feed		gid://shopify/InventoryItem/55324965503361	ACTIVE
2026-09-24T05:36:35.556Z	0246619cfdfe	fortura-EU107404	10	8	ok	feed		gid://shopify/InventoryItem/55324965634433	ACTIVE
2026-09-24T05:36:35.556Z	0246619cfdfe	fortura-HB270236	4	3	ok	feed		gid://shopify/InventoryItem/55324965667201	ACTIVE
2026-09-24T05:36:35.556Z	0246619cfdfe	fortura-HB270238	2	1	ok	feed		gid://shopify/InventoryItem/55324965699969	ACTIVE
2026-09-24T05:36:35.556Z	0246619cfdfe	fortura-HB270240	1	0	ok	feed		gid://shopify/InventoryItem/55324965732737	ACTIVE
2026-09-24T05:36:35.556Z	0246619cfdfe	fortura-HB270250	2	0	ok	feed		gid://shopify/InventoryItem/55324965765505	ACTIVE
2026-09-24T05:36:35.556Z	0246619cfdfe	fortura-EU706075	33	30	ok	feed		gid://shopify/InventoryItem/55324965929345	ACTIVE
2026-09-24T05:36:35.557Z	0246619cfdfe	fortura-HB270538	2	0	ok	feed		gid://shopify/InventoryItem/55324965962113	ACTIVE
2026-09-24T05:36:35.557Z	0246619cfdfe	fortura-HB270540	3	1	ok	feed		gid://shopify/InventoryItem/55324965994881	ACTIVE
2026-09-24T05:36:35.557Z	0246619cfdfe	fortura-HB270542	3	2	ok	feed		gid://shopify/InventoryItem/55324966027649	ACTIVE
2026-09-24T05:36:35.557Z	0246619cfdfe	fortura-HB270544	4	2	ok	feed		gid://shopify/InventoryItem/55324966060417	ACTIVE
2026-09-24T05:36:35.557Z	0246619cfdfe	fortura-HB270548	3	0	ok	feed		gid://shopify/InventoryItem/55324966093185	ACTIVE
2026-09-24T05:36:35.557Z	0246619cfdfe	fortura-HB270836	7	6	ok	feed		gid://shopify/InventoryItem/55324966191489	ACTIVE
2026-09-24T05:36:35.557Z	0246619cfdfe	fortura-HB270838	3	4	ok	feed		gid://shopify/InventoryItem/55324966224257	ACTIVE
2026-09-24T05:36:35.557Z	0246619cfdfe	fortura-HB270840	8	7	ok	feed		gid://shopify/InventoryItem/55324966257025	ACTIVE
2026-09-24T05:36:35.557Z	0246619cfdfe	fortura-HB270842	9	8	ok	feed		gid://shopify/InventoryItem/55324966289793	ACTIVE
2026-09-24T05:36:35.557Z	0246619cfdfe	fortura-HB270850	11	9	ok	feed		gid://shopify/InventoryItem/55324966420865	ACTIVE
2026-09-24T05:36:35.557Z	0246619cfdfe	fortura-HB271138	2	7	ok	feed		gid://shopify/InventoryItem/55324967403905	ACTIVE
2026-09-24T05:36:35.557Z	0246619cfdfe	fortura-HB271140	2	6	ok	feed		gid://shopify/InventoryItem/55324967436673	ACTIVE
2026-09-24T05:36:35.557Z	0246619cfdfe	fortura-HB2756S	4	5	ok	feed		gid://shopify/InventoryItem/55324967666049	ACTIVE
2026-09-24T05:36:35.557Z	0246619cfdfe	fortura-HB2756L	9	4	ok	feed		gid://shopify/InventoryItem/55324967731585	ACTIVE
2026-09-24T05:36:35.557Z	0246619cfdfe	fortura-HB2756XL	5	6	ok	feed		gid://shopify/InventoryItem/55324967764353	ACTIVE
2026-09-24T05:36:35.557Z	0246619cfdfe	fortura-HB2756XXXL	3	2	ok	feed		gid://shopify/InventoryItem/55324967829889	ACTIVE
2026-09-24T05:36:35.557Z	0246619cfdfe	fortura-HB2810M	1	0	ok	feed		gid://shopify/InventoryItem/55324968059265	ACTIVE
2026-09-24T05:36:35.557Z	0246619cfdfe	fortura-HB2810XXL	2	1	ok	feed		gid://shopify/InventoryItem/55324968124801	ACTIVE
2026-09-24T05:36:35.557Z	0246619cfdfe	fortura-HB287650	2	6	ok	feed		gid://shopify/InventoryItem/55324968288641	ACTIVE
2026-09-24T05:36:35.557Z	0246619cfdfe	fortura-HB287652	3	8	ok	feed		gid://shopify/InventoryItem/55324968321409	ACTIVE
2026-09-24T05:36:35.557Z	0246619cfdfe	fortura-HB287654	2	6	ok	feed		gid://shopify/InventoryItem/55324968354177	ACTIVE
2026-09-24T05:36:35.557Z	0246619cfdfe	fortura-HB287656	4	6	ok	feed		gid://shopify/InventoryItem/55324968386945	ACTIVE
2026-09-24T05:36:35.557Z	0246619cfdfe	fortura-HB287658	8	5	ok	feed		gid://shopify/InventoryItem/55324968419713	ACTIVE
2026-09-24T05:36:35.557Z	0246619cfdfe	fortura-HB287660	3	2	ok	feed		gid://shopify/InventoryItem/55324968452481	ACTIVE
2026-09-24T05:36:35.557Z	0246619cfdfe	fortura-HB287662	3	2	ok	feed		gid://shopify/InventoryItem/55324968485249	ACTIVE
2026-09-24T05:36:35.557Z	0246619cfdfe	fortura-EU7212130	24	23	ok	feed		gid://shopify/InventoryItem/55324968550785	ACTIVE
2026-09-24T05:36:35.557Z	0246619cfdfe	fortura-EU72121302	30	28	ok	feed		gid://shopify/InventoryItem/55324968616321	ACTIVE
2026-09-24T05:36:35.557Z	0246619cfdfe	fortura-EU72121303	32	29	ok	feed		gid://shopify/InventoryItem/55324968649089	ACTIVE
2026-09-24T05:36:35.557Z	0246619cfdfe	fortura-HB2887ML	15	3	ok	feed		gid://shopify/InventoryItem/55324968681857	ACTIVE
2026-09-24T05:36:35.557Z	0246619cfdfe	fortura-EU706665ML	13	9	ok	feed		gid://shopify/InventoryItem/55324968714625	ACTIVE
2026-09-24T05:36:35.557Z	0246619cfdfe	fortura-EU721309XS	58	57	ok	feed		gid://shopify/InventoryItem/55324969042305	ACTIVE
2026-09-24T05:36:35.557Z	0246619cfdfe	fortura-HB362040	4	3	ok	feed		gid://shopify/InventoryItem/55324969140609	ACTIVE
2026-09-24T05:36:35.557Z	0246619cfdfe	fortura-HB362042	4	3	ok	feed		gid://shopify/InventoryItem/55324969173377	ACTIVE
2026-09-24T05:36:35.557Z	0246619cfdfe	fortura-HB362044	2	1	ok	feed		gid://shopify/InventoryItem/55324969206145	ACTIVE
2026-09-24T05:36:36.610Z	0246619cfdfe	fortura-EU866745ML	12	11	ok	feed		gid://shopify/InventoryItem/55324969337217	ACTIVE
2026-09-24T05:36:36.610Z	0246619cfdfe	fortura-HB363536	5	3	ok	feed		gid://shopify/InventoryItem/55324969369985	ACTIVE
2026-09-24T05:36:36.610Z	0246619cfdfe	fortura-HB363546	7	6	ok	feed		gid://shopify/InventoryItem/55324969533825	ACTIVE
2026-09-24T05:36:36.610Z	0246619cfdfe	fortura-HB363550	8	7	ok	feed		gid://shopify/InventoryItem/55324969599361	ACTIVE
2026-09-24T05:36:36.610Z	0246619cfdfe	fortura-HB363552	8	6	ok	feed		gid://shopify/InventoryItem/55324969632129	ACTIVE
2026-09-24T05:36:36.610Z	0246619cfdfe	fortura-HB366548	5	4	ok	feed		gid://shopify/InventoryItem/55324969894273	ACTIVE
2026-09-24T05:36:36.610Z	0246619cfdfe	fortura-HB3800L	7	5	ok	feed		gid://shopify/InventoryItem/55324970189185	ACTIVE
2026-09-24T05:36:36.610Z	0246619cfdfe	fortura-HB211036	3	2	ok	feed		gid://shopify/InventoryItem/55324970385793	ACTIVE
2026-09-24T05:36:36.610Z	0246619cfdfe	fortura-HB211038	9	8	ok	feed		gid://shopify/InventoryItem/55324970418561	ACTIVE
2026-09-24T05:36:36.610Z	0246619cfdfe	fortura-HB211040	9	7	ok	feed		gid://shopify/InventoryItem/55324970451329	ACTIVE
2026-09-24T05:36:36.610Z	0246619cfdfe	fortura-HB211042	6	4	ok	feed		gid://shopify/InventoryItem/55324970484097	ACTIVE
2026-09-24T05:36:36.610Z	0246619cfdfe	fortura-HB211044	1	0	ok	feed		gid://shopify/InventoryItem/55324970516865	ACTIVE
2026-09-24T05:36:36.610Z	0246619cfdfe	fortura-HB503048	1	4	ok	feed		gid://shopify/InventoryItem/55324970877313	ACTIVE
2026-09-24T05:36:36.610Z	0246619cfdfe	fortura-HB503050	4	7	ok	feed		gid://shopify/InventoryItem/55324970910081	ACTIVE
2026-09-24T05:36:36.610Z	0246619cfdfe	fortura-HB503054	3	1	ok	feed		gid://shopify/InventoryItem/55324970942849	ACTIVE
2026-09-24T05:36:36.610Z	0246619cfdfe	fortura-HB525544	3	2	ok	feed		gid://shopify/InventoryItem/55324971303297	ACTIVE
2026-09-24T05:36:36.610Z	0246619cfdfe	fortura-HB525546	4	2	ok	feed		gid://shopify/InventoryItem/55324971336065	ACTIVE
2026-09-24T05:36:36.610Z	0246619cfdfe	fortura-HB525548	1	5	ok	feed		gid://shopify/InventoryItem/55324971368833	ACTIVE
2026-09-24T05:36:36.610Z	0246619cfdfe	fortura-HB525550	5	2	ok	feed		gid://shopify/InventoryItem/55324971401601	ACTIVE
2026-09-24T05:36:36.610Z	0246619cfdfe	fortura-HB525552	4	0	ok	feed		gid://shopify/InventoryItem/55324971434369	ACTIVE
2026-09-24T05:36:36.610Z	0246619cfdfe	fortura-HB525554	3	5	ok	feed		gid://shopify/InventoryItem/55324971467137	ACTIVE
2026-09-24T05:36:36.610Z	0246619cfdfe	fortura-HB525556	2	1	ok	feed		gid://shopify/InventoryItem/55324971499905	ACTIVE
2026-09-24T05:36:36.610Z	0246619cfdfe	fortura-HB525558	3	2	ok	feed		gid://shopify/InventoryItem/55324971532673	ACTIVE
2026-09-24T05:36:36.610Z	0246619cfdfe	fortura-HB525560	4	1	ok	feed		gid://shopify/InventoryItem/55324971565441	ACTIVE
2026-09-24T05:36:36.610Z	0246619cfdfe	fortura-HB525562	6	4	ok	feed		gid://shopify/InventoryItem/55324971598209	ACTIVE
2026-09-24T05:36:36.610Z	0246619cfdfe	fortura-HB525564	4	3	ok	feed		gid://shopify/InventoryItem/55324971630977	ACTIVE
2026-09-24T05:36:36.610Z	0246619cfdfe	fortura-HB270136	1	0	ok	feed		gid://shopify/InventoryItem/55324972122497	ACTIVE
2026-09-24T05:36:36.610Z	0246619cfdfe	fortura-HB270142	2	0	ok	feed		gid://shopify/InventoryItem/55324972220801	ACTIVE
2026-09-24T05:36:36.610Z	0246619cfdfe	fortura-HB270438	2	6	ok	feed		gid://shopify/InventoryItem/55324972450177	ACTIVE
2026-09-24T05:36:36.610Z	0246619cfdfe	fortura-HB270440	4	1	ok	feed		gid://shopify/InventoryItem/55324972482945	ACTIVE
2026-09-24T05:36:36.610Z	0246619cfdfe	fortura-HB270442	8	2	ok	feed		gid://shopify/InventoryItem/55324972515713	ACTIVE
2026-09-24T05:36:36.610Z	0246619cfdfe	fortura-HB270444	11	8	ok	feed		gid://shopify/InventoryItem/55324972548481	ACTIVE
2026-09-24T05:36:36.610Z	0246619cfdfe	fortura-HB270446	9	7	ok	feed		gid://shopify/InventoryItem/55324972581249	ACTIVE
2026-09-24T05:36:36.610Z	0246619cfdfe	fortura-HB270734	5	2	ok	feed		gid://shopify/InventoryItem/55324972712321	ACTIVE
2026-09-24T05:36:36.610Z	0246619cfdfe	fortura-HB270736	7	3	ok	feed		gid://shopify/InventoryItem/55324972745089	ACTIVE
2026-09-24T05:36:36.610Z	0246619cfdfe	fortura-HB270742	8	5	ok	feed		gid://shopify/InventoryItem/55324972843393	ACTIVE
2026-09-24T05:36:36.610Z	0246619cfdfe	fortura-HB270746	6	3	ok	feed		gid://shopify/InventoryItem/55324972908929	ACTIVE
2026-09-24T05:36:36.610Z	0246619cfdfe	fortura-HB270748	11	9	ok	feed		gid://shopify/InventoryItem/55324972941697	ACTIVE
2026-09-24T05:36:36.610Z	0246619cfdfe	fortura-HB270750	11	10	ok	feed		gid://shopify/InventoryItem/55324972974465	ACTIVE
2026-09-24T05:36:36.610Z	0246619cfdfe	fortura-OR40047S-M	8	28	ok	feed		gid://shopify/InventoryItem/55324973138305	ACTIVE
2026-09-24T05:36:36.610Z	0246619cfdfe	fortura-HB2755S	3	5	ok	feed		gid://shopify/InventoryItem/55324973171073	ACTIVE
2026-09-24T05:36:36.610Z	0246619cfdfe	fortura-HB2755M	8	5	ok	feed		gid://shopify/InventoryItem/55324973203841	ACTIVE
2026-09-24T05:36:36.610Z	0246619cfdfe	fortura-HB2755L	11	3	ok	feed		gid://shopify/InventoryItem/55324973236609	ACTIVE
2026-09-24T05:36:36.610Z	0246619cfdfe	fortura-HB2755XL	14	5	ok	feed		gid://shopify/InventoryItem/55324973269377	ACTIVE
2026-09-24T05:36:36.610Z	0246619cfdfe	fortura-HB2755XXL	1	0	ok	feed		gid://shopify/InventoryItem/55324973302145	ACTIVE
2026-09-24T05:36:36.610Z	0246619cfdfe	fortura-HB2755XXXL	3	4	ok	feed		gid://shopify/InventoryItem/55324973334913	ACTIVE
2026-09-24T05:36:36.610Z	0246619cfdfe	fortura-EU707115ML	13	12	ok	feed		gid://shopify/InventoryItem/55324973367681	ACTIVE
2026-09-24T05:36:36.610Z	0246619cfdfe	fortura-OR40092S-M	6	5	ok	feed		gid://shopify/InventoryItem/55324973400449	ACTIVE
2026-09-24T05:36:36.610Z	0246619cfdfe	fortura-HB2800M	3	0	ok	feed		gid://shopify/InventoryItem/55324973498753	ACTIVE
2026-09-24T05:36:36.610Z	0246619cfdfe	fortura-HB2800L	3	0	ok	feed		gid://shopify/InventoryItem/55324973531521	ACTIVE
2026-09-24T05:36:36.610Z	0246619cfdfe	fortura-HB2800XL	4	3	ok	feed		gid://shopify/InventoryItem/55324973564289	ACTIVE
2026-09-24T05:36:36.610Z	0246619cfdfe	fortura-HB2806XL	4	3	ok	feed		gid://shopify/InventoryItem/55324973695361	ACTIVE
2026-09-24T05:36:36.610Z	0246619cfdfe	fortura-HB2806XXL	8	7	ok	feed		gid://shopify/InventoryItem/55324973728129	ACTIVE
2026-09-24T05:36:36.610Z	0246619cfdfe	fortura-HB2806XXXL	5	2	ok	feed		gid://shopify/InventoryItem/55324973760897	ACTIVE
2026-09-24T05:36:36.610Z	0246619cfdfe	fortura-HB2806XXXXL	9	5	ok	feed		gid://shopify/InventoryItem/55324973793665	ACTIVE
2026-09-24T05:36:36.610Z	0246619cfdfe	fortura-HB2806XXXXXL	9	5	ok	feed		gid://shopify/InventoryItem/55324973826433	ACTIVE
2026-09-24T05:36:36.610Z	0246619cfdfe	fortura-HB284552	8	7	ok	feed		gid://shopify/InventoryItem/55324973990273	ACTIVE
2026-09-24T05:36:36.611Z	0246619cfdfe	fortura-HB284554	4	2	ok	feed		gid://shopify/InventoryItem/55324974023041	ACTIVE
2026-09-24T05:36:36.611Z	0246619cfdfe	fortura-HB284556	11	10	ok	feed		gid://shopify/InventoryItem/55324974055809	ACTIVE
2026-09-24T05:36:36.611Z	0246619cfdfe	fortura-HB284560	3	2	ok	feed		gid://shopify/InventoryItem/55324974121345	ACTIVE
2026-09-24T05:36:36.611Z	0246619cfdfe	fortura-EU720957XL	20	19	ok	feed		gid://shopify/InventoryItem/55324974186881	ACTIVE
2026-09-24T05:36:36.611Z	0246619cfdfe	fortura-HB287752	1	0	ok	feed		gid://shopify/InventoryItem/55324974285185	ACTIVE
2026-09-24T05:36:36.611Z	0246619cfdfe	fortura-HB287756	6	5	ok	feed		gid://shopify/InventoryItem/55324974317953	ACTIVE
2026-09-24T05:36:36.611Z	0246619cfdfe	fortura-EU72110102	16	14	ok	feed		gid://shopify/InventoryItem/55324974416257	ACTIVE
2026-09-24T05:36:36.611Z	0246619cfdfe	fortura-HB289052	4	3	ok	feed		gid://shopify/InventoryItem/55324974580097	ACTIVE
2026-09-24T05:36:36.611Z	0246619cfdfe	fortura-HB2899S	41	34	ok	feed		gid://shopify/InventoryItem/55324975890817	ACTIVE
2026-09-24T05:36:36.611Z	0246619cfdfe	fortura-HB2899M	19	13	ok	feed		gid://shopify/InventoryItem/55324975923585	ACTIVE
2026-09-24T05:36:36.611Z	0246619cfdfe	fortura-HB2899L	6	4	ok	feed		gid://shopify/InventoryItem/55324975956353	ACTIVE
2026-09-24T05:36:36.611Z	0246619cfdfe	fortura-HB2899XL	2	1	ok	feed		gid://shopify/InventoryItem/55324975989121	ACTIVE
2026-09-24T05:36:36.611Z	0246619cfdfe	fortura-HB2899XXL	5	4	ok	feed		gid://shopify/InventoryItem/55324976021889	ACTIVE
2026-09-24T05:36:36.611Z	0246619cfdfe	fortura-EU721212S	16	15	ok	feed		gid://shopify/InventoryItem/55324976480641	ACTIVE
2026-09-24T05:36:36.611Z	0246619cfdfe	fortura-EU721212ML	20	18	ok	feed		gid://shopify/InventoryItem/55324976513409	ACTIVE
2026-09-24T05:36:36.611Z	0246619cfdfe	fortura-OR6850240-42	9	6	ok	feed		gid://shopify/InventoryItem/55324976611713	ACTIVE
2026-09-24T05:36:36.611Z	0246619cfdfe	fortura-OR6850248-50	16	14	ok	feed		gid://shopify/InventoryItem/55324976677249	ACTIVE
2026-09-24T05:36:36.611Z	0246619cfdfe	fortura-OR6851736-38	6	5	ok	feed		gid://shopify/InventoryItem/55324976972161	ACTIVE
2026-09-24T05:36:36.611Z	0246619cfdfe	fortura-OR6851740-42	1	0	ok	feed		gid://shopify/InventoryItem/55324977004929	ACTIVE
2026-09-24T05:36:36.611Z	0246619cfdfe	fortura-OR6851744-46	4	9	ok	feed		gid://shopify/InventoryItem/55324977037697	ACTIVE
2026-09-24T05:36:36.611Z	0246619cfdfe	fortura-HB294140	12	11	ok	feed		gid://shopify/InventoryItem/55324977136001	ACTIVE
2026-09-24T05:36:36.611Z	0246619cfdfe	fortura-HB294146	11	10	ok	feed		gid://shopify/InventoryItem/55324977234305	ACTIVE
2026-09-24T05:36:36.611Z	0246619cfdfe	fortura-HB294148	12	11	ok	feed		gid://shopify/InventoryItem/55324977267073	ACTIVE
2026-09-24T05:36:36.611Z	0246619cfdfe	fortura-EU85342202	4	2	ok	feed		gid://shopify/InventoryItem/55324977398145	ACTIVE
2026-09-24T05:36:36.611Z	0246619cfdfe	fortura-OR7866-48	6	4	ok	feed		gid://shopify/InventoryItem/55324977463681	ACTIVE
2026-09-24T05:36:36.611Z	0246619cfdfe	fortura-OR7866-54	4	3	ok	feed		gid://shopify/InventoryItem/55324977561985	ACTIVE
2026-09-24T05:36:36.611Z	0246619cfdfe	fortura-OR7866-56	11	7	ok	feed		gid://shopify/InventoryItem/55324977594753	ACTIVE
2026-09-24T05:36:36.611Z	0246619cfdfe	fortura-OR7866-58	8	7	ok	feed		gid://shopify/InventoryItem/55324977627521	ACTIVE
2026-09-24T05:36:36.611Z	0246619cfdfe	fortura-OR7866-60	8	6	ok	feed		gid://shopify/InventoryItem/55324977660289	ACTIVE
2026-09-24T05:36:36.611Z	0246619cfdfe	fortura-HB299240	3	2	ok	feed		gid://shopify/InventoryItem/55324977725825	ACTIVE
2026-09-24T05:36:36.611Z	0246619cfdfe	fortura-HB299242	8	4	ok	feed		gid://shopify/InventoryItem/55324977758593	ACTIVE
2026-09-24T05:36:36.611Z	0246619cfdfe	fortura-HB299246	8	7	ok	feed		gid://shopify/InventoryItem/55324977824129	ACTIVE
2026-09-24T05:36:36.611Z	0246619cfdfe	fortura-HB299252	6	1	ok	feed		gid://shopify/InventoryItem/55324977922433	ACTIVE
2026-09-24T05:36:36.611Z	0246619cfdfe	fortura-HB299254	5	3	ok	feed		gid://shopify/InventoryItem/55324977955201	ACTIVE
2026-09-24T05:36:36.611Z	0246619cfdfe	fortura-HB3550L	10	6	ok	feed		gid://shopify/InventoryItem/55324978086273	ACTIVE
2026-09-24T05:36:36.611Z	0246619cfdfe	fortura-HB3550XL	7	4	ok	feed		gid://shopify/InventoryItem/55324978119041	ACTIVE
2026-09-24T05:36:36.611Z	0246619cfdfe	fortura-HB3550XXL	1	0	ok	feed		gid://shopify/InventoryItem/55324978151809	ACTIVE
2026-09-24T05:36:36.611Z	0246619cfdfe	fortura-HB364036	3	0	ok	feed		gid://shopify/InventoryItem/55324978381185	ACTIVE
2026-09-24T05:36:36.611Z	0246619cfdfe	fortura-HB364038	1	0	ok	feed		gid://shopify/InventoryItem/55324978413953	ACTIVE
2026-09-24T05:36:36.611Z	0246619cfdfe	fortura-HB364040	2	1	ok	feed		gid://shopify/InventoryItem/55324978446721	ACTIVE
2026-09-24T05:36:36.611Z	0246619cfdfe	fortura-HB364042	2	0	ok	feed		gid://shopify/InventoryItem/55324978479489	ACTIVE
2026-09-24T05:36:36.611Z	0246619cfdfe	fortura-HB364044	5	3	ok	feed		gid://shopify/InventoryItem/55324978512257	ACTIVE
2026-09-24T05:36:36.611Z	0246619cfdfe	fortura-HB364046	7	5	ok	feed		gid://shopify/InventoryItem/55324978545025	ACTIVE
2026-09-24T05:36:37.645Z	0246619cfdfe	fortura-HB364048	6	3	ok	feed		gid://shopify/InventoryItem/55324978577793	ACTIVE
2026-09-24T05:36:37.645Z	0246619cfdfe	fortura-HB364050	2	1	ok	feed		gid://shopify/InventoryItem/55324978610561	ACTIVE
2026-09-24T05:36:37.645Z	0246619cfdfe	fortura-OR950734-36	4	2	ok	feed		gid://shopify/InventoryItem/55324978774401	ACTIVE
2026-09-24T05:36:37.645Z	0246619cfdfe	fortura-HB365538	3	2	ok	feed		gid://shopify/InventoryItem/55324978905473	ACTIVE
2026-09-24T05:36:37.645Z	0246619cfdfe	fortura-HB365540	3	2	ok	feed		gid://shopify/InventoryItem/55324978938241	ACTIVE
2026-09-24T05:36:37.645Z	0246619cfdfe	fortura-HB365546	5	3	ok	feed		gid://shopify/InventoryItem/55324979003777	ACTIVE
2026-09-24T05:36:37.645Z	0246619cfdfe	fortura-HB210636	1	0	ok	feed		gid://shopify/InventoryItem/55324979102081	ACTIVE
2026-09-24T05:36:37.645Z	0246619cfdfe	fortura-HB210638	6	5	ok	feed		gid://shopify/InventoryItem/55324979134849	ACTIVE
2026-09-24T05:36:37.645Z	0246619cfdfe	fortura-HB210640	3	2	ok	feed		gid://shopify/InventoryItem/55324979167617	ACTIVE
2026-09-24T05:36:37.645Z	0246619cfdfe	fortura-HB210646	1	0	ok	feed		gid://shopify/InventoryItem/55324979233153	ACTIVE
2026-09-24T05:36:37.645Z	0246619cfdfe	fortura-HB3805M	14	11	ok	feed		gid://shopify/InventoryItem/55324979364225	ACTIVE
2026-09-24T05:36:37.645Z	0246619cfdfe	fortura-HB3805L	8	7	ok	feed		gid://shopify/InventoryItem/55324979396993	ACTIVE
2026-09-24T05:36:37.645Z	0246619cfdfe	fortura-HB3805XL	6	5	ok	feed		gid://shopify/InventoryItem/55324979429761	ACTIVE
2026-09-24T05:36:37.645Z	0246619cfdfe	fortura-OR9537S	9	8	ok	feed		gid://shopify/InventoryItem/55324979560833	ACTIVE
2026-09-24T05:36:37.645Z	0246619cfdfe	fortura-OR9537M	7	5	ok	feed		gid://shopify/InventoryItem/55324979593601	ACTIVE
2026-09-24T05:36:37.645Z	0246619cfdfe	fortura-HB502650	1	2	ok	feed		gid://shopify/InventoryItem/55324979921281	ACTIVE
2026-09-24T05:36:37.645Z	0246619cfdfe	fortura-HB502654	3	2	ok	feed		gid://shopify/InventoryItem/55324979954049	ACTIVE
2026-09-24T05:36:37.645Z	0246619cfdfe	fortura-HB220544	20	15	ok	feed		gid://shopify/InventoryItem/55324980019585	ACTIVE
2026-09-24T05:36:37.645Z	0246619cfdfe	fortura-HB220546	6	5	ok	feed		gid://shopify/InventoryItem/55324980052353	ACTIVE
2026-09-24T05:36:37.645Z	0246619cfdfe	fortura-HB220548	10	5	ok	feed		gid://shopify/InventoryItem/55324980085121	ACTIVE
2026-09-24T05:36:37.645Z	0246619cfdfe	fortura-HB220550	7	3	ok	feed		gid://shopify/InventoryItem/55324980117889	ACTIVE
2026-09-24T05:36:37.645Z	0246619cfdfe	fortura-HB220554	10	1	ok	feed		gid://shopify/InventoryItem/55324980183425	ACTIVE
2026-09-24T05:36:37.645Z	0246619cfdfe	fortura-HB220556	7	2	ok	feed		gid://shopify/InventoryItem/55324980216193	ACTIVE
2026-09-24T05:36:37.645Z	0246619cfdfe	fortura-HB220558	5	4	ok	feed		gid://shopify/InventoryItem/55324980248961	ACTIVE
2026-09-24T05:36:37.646Z	0246619cfdfe	fortura-HB220560	4	2	ok	feed		gid://shopify/InventoryItem/55324980281729	ACTIVE
2026-09-24T05:36:37.646Z	0246619cfdfe	fortura-HB504150	1	0	ok	feed		gid://shopify/InventoryItem/55324980380033	ACTIVE
2026-09-24T05:36:37.646Z	0246619cfdfe	fortura-OR97992S-M	11	6	ok	feed		gid://shopify/InventoryItem/55324980478337	ACTIVE
2026-09-24T05:36:37.646Z	0246619cfdfe	fortura-OR980134-36	18	16	ok	feed		gid://shopify/InventoryItem/55324980511105	ACTIVE
2026-09-24T05:36:37.646Z	0246619cfdfe	fortura-OR980138-40	20	16	ok	feed		gid://shopify/InventoryItem/55324980543873	ACTIVE
2026-09-24T05:36:37.646Z	0246619cfdfe	fortura-OR980146-48	15	13	ok	feed		gid://shopify/InventoryItem/55324980609409	ACTIVE
2026-09-24T05:36:37.646Z	0246619cfdfe	fortura-HB512548	10	3	ok	feed		gid://shopify/InventoryItem/55324980674945	ACTIVE
2026-09-24T05:36:37.646Z	0246619cfdfe	fortura-HB512550	8	1	ok	feed		gid://shopify/InventoryItem/55324980707713	ACTIVE
2026-09-24T05:36:37.646Z	0246619cfdfe	fortura-HB512552	6	1	ok	feed		gid://shopify/InventoryItem/55324980740481	ACTIVE
2026-09-24T05:36:37.646Z	0246619cfdfe	fortura-HB512556	2	1	ok	feed		gid://shopify/InventoryItem/55324980806017	ACTIVE
2026-09-24T05:36:37.646Z	0246619cfdfe	fortura-HB250838	9	6	ok	feed		gid://shopify/InventoryItem/55324980904321	ACTIVE
2026-09-24T05:36:37.646Z	0246619cfdfe	fortura-HB250844	4	2	ok	feed		gid://shopify/InventoryItem/55324981002625	ACTIVE
2026-09-24T05:36:37.646Z	0246619cfdfe	fortura-HB250850	2	0	ok	feed		gid://shopify/InventoryItem/55324981100929	ACTIVE
2026-09-24T05:36:37.646Z	0246619cfdfe	fortura-OR988836	8	7	ok	feed		gid://shopify/InventoryItem/55324981133697	ACTIVE
2026-09-24T05:36:37.646Z	0246619cfdfe	fortura-OR988838	6	4	ok	feed		gid://shopify/InventoryItem/55324981166465	ACTIVE
2026-09-24T05:36:37.646Z	0246619cfdfe	fortura-HB526048	2	1	ok	feed		gid://shopify/InventoryItem/55324981330305	ACTIVE
2026-09-24T05:36:37.646Z	0246619cfdfe	fortura-HB526050	3	1	ok	feed		gid://shopify/InventoryItem/55324981363073	ACTIVE
2026-09-24T05:36:37.646Z	0246619cfdfe	fortura-HB526056	3	2	ok	feed		gid://shopify/InventoryItem/55324981428609	ACTIVE
2026-09-24T05:36:37.646Z	0246619cfdfe	fortura-HB526058	4	2	ok	feed		gid://shopify/InventoryItem/55324981461377	ACTIVE
2026-09-24T05:36:37.646Z	0246619cfdfe	fortura-HB526060	5	1	ok	feed		gid://shopify/InventoryItem/55324981494145	ACTIVE
2026-09-24T05:36:37.646Z	0246619cfdfe	fortura-HB526062	4	2	ok	feed		gid://shopify/InventoryItem/55324981526913	ACTIVE
2026-09-24T05:36:37.646Z	0246619cfdfe	fortura-HB526064	4	2	ok	feed		gid://shopify/InventoryItem/55324981559681	ACTIVE
2026-09-24T05:36:37.646Z	0246619cfdfe	fortura-OR990634-36	3	9	ok	feed		gid://shopify/InventoryItem/55324981592449	ACTIVE
2026-09-24T05:36:37.646Z	0246619cfdfe	fortura-HB251144	1	0	ok	feed		gid://shopify/InventoryItem/55324981625217	ACTIVE
2026-09-24T05:36:37.646Z	0246619cfdfe	fortura-HB251148	3	2	ok	feed		gid://shopify/InventoryItem/55324981657985	ACTIVE
2026-09-24T05:36:37.646Z	0246619cfdfe	fortura-OR193131636-38	3	13	ok	feed		gid://shopify/InventoryItem/55324981690753	ACTIVE
2026-09-24T05:36:37.646Z	0246619cfdfe	fortura-OR193131640-42	1	10	ok	feed		gid://shopify/InventoryItem/55324981723521	ACTIVE
2026-09-24T05:36:37.646Z	0246619cfdfe	fortura-OR193131644-46	7	16	ok	feed		gid://shopify/InventoryItem/55324981756289	ACTIVE
2026-09-24T05:36:37.646Z	0246619cfdfe	fortura-OR193131648-50	4	14	ok	feed		gid://shopify/InventoryItem/55324981789057	ACTIVE
2026-09-24T05:36:37.646Z	0246619cfdfe	fortura-HB256238	1	0	ok	feed		gid://shopify/InventoryItem/55324982215041	ACTIVE
2026-09-24T05:36:37.646Z	0246619cfdfe	fortura-HB256242	1	0	ok	feed		gid://shopify/InventoryItem/55324982247809	ACTIVE
2026-09-24T05:36:37.646Z	0246619cfdfe	fortura-HB256244	2	3	ok	feed		gid://shopify/InventoryItem/55324982280577	ACTIVE
2026-09-24T05:36:37.646Z	0246619cfdfe	fortura-HB256248	1	3	ok	feed		gid://shopify/InventoryItem/55324982313345	ACTIVE
2026-09-24T05:36:37.646Z	0246619cfdfe	fortura-HB256250	2	0	ok	feed		gid://shopify/InventoryItem/55324982346113	ACTIVE
2026-09-24T05:36:37.646Z	0246619cfdfe	fortura-OR4003223L-XL	6	16	ok	feed		gid://shopify/InventoryItem/55324982477185	ACTIVE
2026-09-24T05:36:37.646Z	0246619cfdfe	fortura-PC21060	44	43	ok	feed		gid://shopify/InventoryItem/55324982575489	ACTIVE
2026-09-24T05:36:37.646Z	0246619cfdfe	fortura-PC21061	9	6	ok	feed		gid://shopify/InventoryItem/55324982608257	ACTIVE
2026-09-24T05:36:37.646Z	0246619cfdfe	fortura-HB261044	1	0	ok	feed		gid://shopify/InventoryItem/55324982837633	ACTIVE
2026-09-24T05:36:37.646Z	0246619cfdfe	fortura-HB261046	1	0	ok	feed		gid://shopify/InventoryItem/55324982870401	ACTIVE
2026-09-24T05:36:37.646Z	0246619cfdfe	fortura-HB261052	1	0	ok	feed		gid://shopify/InventoryItem/55324982903169	ACTIVE
2026-09-24T05:36:37.646Z	0246619cfdfe	fortura-OR40058-4042	12	11	ok	feed		gid://shopify/InventoryItem/55324983361921	ACTIVE
2026-09-24T05:36:37.646Z	0246619cfdfe	fortura-PC22662	3	48	ok	feed		gid://shopify/InventoryItem/55324983624065	ACTIVE
2026-09-24T05:36:37.646Z	0246619cfdfe	fortura-HB274236	4	3	ok	feed		gid://shopify/InventoryItem/55324983722369	ACTIVE
2026-09-24T05:36:37.646Z	0246619cfdfe	fortura-HB274238	4	2	ok	feed		gid://shopify/InventoryItem/55324983755137	ACTIVE
2026-09-24T05:36:37.646Z	0246619cfdfe	fortura-HB274246	1	0	ok	feed		gid://shopify/InventoryItem/55324983853441	ACTIVE
2026-09-24T05:36:37.646Z	0246619cfdfe	fortura-HB274252	1	0	ok	feed		gid://shopify/InventoryItem/55324983886209	ACTIVE
2026-09-24T05:36:37.646Z	0246619cfdfe	fortura-OR40127S-M	3	2	ok	feed		gid://shopify/InventoryItem/55324983656833	ACTIVE
2026-09-24T05:36:37.646Z	0246619cfdfe	fortura-HB2751S	2	3	ok	feed		gid://shopify/InventoryItem/55324984115585	ACTIVE
2026-09-24T05:36:37.646Z	0246619cfdfe	fortura-HB2751M	4	2	ok	feed		gid://shopify/InventoryItem/55324984148353	ACTIVE
2026-09-24T05:36:37.646Z	0246619cfdfe	fortura-HB2751L	12	6	ok	feed		gid://shopify/InventoryItem/55324984181121	ACTIVE
2026-09-24T05:36:37.646Z	0246619cfdfe	fortura-HB2751XXL	1	3	ok	feed		gid://shopify/InventoryItem/55324984246657	ACTIVE
2026-09-24T05:36:37.647Z	0246619cfdfe	fortura-PC23093	33	32	ok	feed		gid://shopify/InventoryItem/55324984312193	ACTIVE
2026-09-24T05:36:37.647Z	0246619cfdfe	fortura-PC23094	16	15	ok	feed		gid://shopify/InventoryItem/55324984344961	ACTIVE
2026-09-24T05:36:37.647Z	0246619cfdfe	fortura-PC23095	7	4	ok	feed		gid://shopify/InventoryItem/55324984377729	ACTIVE
2026-09-24T05:36:37.647Z	0246619cfdfe	fortura-HB2766M	11	5	ok	feed		gid://shopify/InventoryItem/55324984508801	ACTIVE
2026-09-24T05:36:37.647Z	0246619cfdfe	fortura-HB2766L	8	2	ok	feed		gid://shopify/InventoryItem/55324984541569	ACTIVE
2026-09-24T05:36:37.647Z	0246619cfdfe	fortura-HB2766XL	5	4	ok	feed		gid://shopify/InventoryItem/55324984574337	ACTIVE
2026-09-24T05:36:37.647Z	0246619cfdfe	fortura-PC24549	21	17	ok	feed		gid://shopify/InventoryItem/55324984672641	ACTIVE
2026-09-24T05:36:37.647Z	0246619cfdfe	fortura-HB2775M	15	7	ok	feed		gid://shopify/InventoryItem/55324984738177	ACTIVE
2026-09-24T05:36:37.647Z	0246619cfdfe	fortura-HB2775L	14	4	ok	feed		gid://shopify/InventoryItem/55324984770945	ACTIVE
2026-09-24T05:36:37.647Z	0246619cfdfe	fortura-HB2775XL	15	3	ok	feed		gid://shopify/InventoryItem/55324984803713	ACTIVE
2026-09-24T05:36:37.647Z	0246619cfdfe	fortura-HB2775XXL	6	3	ok	feed		gid://shopify/InventoryItem/55324984836481	ACTIVE
2026-09-24T05:36:37.647Z	0246619cfdfe	fortura-HB2835XXL	5	3	ok	feed		gid://shopify/InventoryItem/55324985033089	ACTIVE
2026-09-24T05:36:37.647Z	0246619cfdfe	fortura-HB2835XXXXL	4	3	ok	feed		gid://shopify/InventoryItem/55324985098625	ACTIVE
2026-09-24T05:36:37.647Z	0246619cfdfe	fortura-HB2835XXXXXL	4	3	ok	feed		gid://shopify/InventoryItem/55324985131393	ACTIVE
2026-09-24T05:36:37.647Z	0246619cfdfe	fortura-HB287448	2	1	ok	feed		gid://shopify/InventoryItem/55324985295233	ACTIVE
2026-09-24T05:36:37.647Z	0246619cfdfe	fortura-HB287454	1	0	ok	feed		gid://shopify/InventoryItem/55324985360769	ACTIVE
2026-09-24T05:36:37.647Z	0246619cfdfe	fortura-HB287460	5	3	ok	feed		gid://shopify/InventoryItem/55324985426305	ACTIVE
2026-09-24T05:36:37.647Z	0246619cfdfe	fortura-HB287462	8	5	ok	feed		gid://shopify/InventoryItem/55324985459073	ACTIVE
2026-09-24T05:36:37.647Z	0246619cfdfe	fortura-PC66056	10	9	ok	feed		gid://shopify/InventoryItem/55324985491841	ACTIVE
2026-09-24T05:36:37.647Z	0246619cfdfe	fortura-PC66057	5	2	ok	feed		gid://shopify/InventoryItem/55324985524609	ACTIVE
2026-09-24T05:36:37.647Z	0246619cfdfe	fortura-PC66058	1	0	ok	feed		gid://shopify/InventoryItem/55324985557377	ACTIVE
2026-09-24T05:36:37.647Z	0246619cfdfe	fortura-HB2898L	28	27	ok	feed		gid://shopify/InventoryItem/55324985786753	ACTIVE
2026-09-24T05:36:37.647Z	0246619cfdfe	fortura-HB292536	4	2	ok	feed		gid://shopify/InventoryItem/55324986048897	ACTIVE
2026-09-24T05:36:37.647Z	0246619cfdfe	fortura-HB292540	2	3	ok	feed		gid://shopify/InventoryItem/55324986114433	ACTIVE
2026-09-24T05:36:37.647Z	0246619cfdfe	fortura-HB292542	14	8	ok	feed		gid://shopify/InventoryItem/55324986147201	ACTIVE
2026-09-24T05:36:38.632Z	0246619cfdfe	fortura-HB292544	10	6	ok	feed		gid://shopify/InventoryItem/55324986179969	ACTIVE
2026-09-24T05:36:38.633Z	0246619cfdfe	fortura-HB292548	2	1	ok	feed		gid://shopify/InventoryItem/55324986212737	ACTIVE
2026-09-24T05:36:38.633Z	0246619cfdfe	fortura-OR729552-54	5	4	ok	feed		gid://shopify/InventoryItem/55324986605953	ACTIVE
2026-09-24T05:36:38.633Z	0246619cfdfe	fortura-HB294036	1	0	ok	feed		gid://shopify/InventoryItem/55324986704257	ACTIVE
2026-09-24T05:36:38.633Z	0246619cfdfe	fortura-HB294038	4	1	ok	feed		gid://shopify/InventoryItem/55324986737025	ACTIVE
2026-09-24T05:36:38.633Z	0246619cfdfe	fortura-HB294040	1	0	ok	feed		gid://shopify/InventoryItem/55324986769793	ACTIVE
2026-09-24T05:36:38.633Z	0246619cfdfe	fortura-HB294046	2	0	ok	feed		gid://shopify/InventoryItem/55324986835329	ACTIVE
2026-09-24T05:36:38.633Z	0246619cfdfe	fortura-OR7442D	2	17	ok	feed		gid://shopify/InventoryItem/55324987031937	ACTIVE
2026-09-24T05:36:38.633Z	0246619cfdfe	fortura-OR7442H	3	23	ok	feed		gid://shopify/InventoryItem/55324987064705	ACTIVE
2026-09-24T05:36:38.633Z	0246619cfdfe	fortura-HB299138	3	2	ok	feed		gid://shopify/InventoryItem/55324987130241	ACTIVE
2026-09-24T05:36:38.633Z	0246619cfdfe	fortura-HB299140	5	2	ok	feed		gid://shopify/InventoryItem/55324987163009	ACTIVE
2026-09-24T05:36:38.633Z	0246619cfdfe	fortura-HB299142	7	6	ok	feed		gid://shopify/InventoryItem/55324987195777	ACTIVE
2026-09-24T05:36:38.633Z	0246619cfdfe	fortura-HB299144	7	5	ok	feed		gid://shopify/InventoryItem/55324987228545	ACTIVE
2026-09-24T05:36:38.633Z	0246619cfdfe	fortura-HB299146	4	2	ok	feed		gid://shopify/InventoryItem/55324987261313	ACTIVE
2026-09-24T05:36:38.633Z	0246619cfdfe	fortura-HB299148	3	2	ok	feed		gid://shopify/InventoryItem/55324987294081	ACTIVE
2026-09-24T05:36:38.633Z	0246619cfdfe	fortura-HB299150	1	0	ok	feed		gid://shopify/InventoryItem/55324987326849	ACTIVE
2026-09-24T05:36:38.633Z	0246619cfdfe	fortura-OR7973H	1	0	ok	feed		gid://shopify/InventoryItem/55324987818369	ACTIVE
2026-09-24T05:36:38.633Z	0246619cfdfe	fortura-HB3810S	2	3	ok	feed		gid://shopify/InventoryItem/55324987851137	ACTIVE
2026-09-24T05:36:38.633Z	0246619cfdfe	fortura-HB3810M	7	5	ok	feed		gid://shopify/InventoryItem/55324987883905	ACTIVE
2026-09-24T05:36:38.633Z	0246619cfdfe	fortura-HB3810L	10	8	ok	feed		gid://shopify/InventoryItem/55324987916673	ACTIVE
2026-09-24T05:36:38.633Z	0246619cfdfe	fortura-HB3810XL	8	6	ok	feed		gid://shopify/InventoryItem/55324987949441	ACTIVE
2026-09-24T05:36:38.633Z	0246619cfdfe	fortura-HB3810XXL	10	9	ok	feed		gid://shopify/InventoryItem/55324987982209	ACTIVE
2026-09-24T05:36:38.633Z	0246619cfdfe	fortura-OR798550-52	3	1	ok	feed		gid://shopify/InventoryItem/55324988277121	ACTIVE
2026-09-24T05:36:38.633Z	0246619cfdfe	fortura-OR798554-56	3	2	ok	feed		gid://shopify/InventoryItem/55324988309889	ACTIVE
2026-09-24T05:36:38.633Z	0246619cfdfe	fortura-OR798558-60	6	5	ok	feed		gid://shopify/InventoryItem/55324988342657	ACTIVE
2026-09-24T05:36:38.633Z	0246619cfdfe	fortura-HB501650	4	2	ok	feed		gid://shopify/InventoryItem/55324988572033	ACTIVE
2026-09-24T05:36:38.633Z	0246619cfdfe	fortura-HB501658	2	1	ok	feed		gid://shopify/InventoryItem/55324988670337	ACTIVE
2026-09-24T05:36:38.633Z	0246619cfdfe	fortura-OR813-L	6	3	ok	feed		gid://shopify/InventoryItem/55324988768641	ACTIVE
2026-09-24T05:36:38.633Z	0246619cfdfe	fortura-HB502546	8	4	ok	feed		gid://shopify/InventoryItem/55324988932481	ACTIVE
2026-09-24T05:36:38.633Z	0246619cfdfe	fortura-HB502548	17	19	ok	feed		gid://shopify/InventoryItem/55324988965249	ACTIVE
2026-09-24T05:36:38.633Z	0246619cfdfe	fortura-HB502550	24	14	ok	feed		gid://shopify/InventoryItem/55324988998017	ACTIVE
2026-09-24T05:36:38.633Z	0246619cfdfe	fortura-HB502552	19	11	ok	feed		gid://shopify/InventoryItem/55324989030785	ACTIVE
2026-09-24T05:36:38.633Z	0246619cfdfe	fortura-HB502554	11	6	ok	feed		gid://shopify/InventoryItem/55324989063553	ACTIVE
2026-09-24T05:36:38.633Z	0246619cfdfe	fortura-HB502556	6	4	ok	feed		gid://shopify/InventoryItem/55324989096321	ACTIVE
2026-09-24T05:36:38.633Z	0246619cfdfe	fortura-OR8670252-54	17	15	ok	feed		gid://shopify/InventoryItem/55324989161857	ACTIVE
2026-09-24T05:36:38.633Z	0246619cfdfe	fortura-33523	3	2	ok	feed		gid://shopify/InventoryItem/55324989227393	ACTIVE
2026-09-24T05:36:38.633Z	0246619cfdfe	fortura-HB503148	8	4	ok	feed		gid://shopify/InventoryItem/55324989325697	ACTIVE
2026-09-24T05:36:38.633Z	0246619cfdfe	fortura-HB503150	8	4	ok	feed		gid://shopify/InventoryItem/55324989358465	ACTIVE
2026-09-24T05:36:38.633Z	0246619cfdfe	fortura-HB503152	2	4	ok	feed		gid://shopify/InventoryItem/55324989391233	ACTIVE
2026-09-24T05:36:38.633Z	0246619cfdfe	fortura-HB503156	1	3	ok	feed		gid://shopify/InventoryItem/55324989424001	ACTIVE
2026-09-24T05:36:38.633Z	0246619cfdfe	fortura-HB503158	5	3	ok	feed		gid://shopify/InventoryItem/55324989456769	ACTIVE
2026-09-24T05:36:38.633Z	0246619cfdfe	fortura-49564	8	7	ok	feed		gid://shopify/InventoryItem/55324989555073	ACTIVE
2026-09-24T05:36:38.633Z	0246619cfdfe	fortura-HB504050	2	1	ok	feed		gid://shopify/InventoryItem/55324989653377	ACTIVE
2026-09-24T05:36:38.633Z	0246619cfdfe	fortura-HB504052	1	3	ok	feed		gid://shopify/InventoryItem/55324989686145	ACTIVE
2026-09-24T05:36:38.633Z	0246619cfdfe	fortura-HB504056	2	1	ok	feed		gid://shopify/InventoryItem/55324989718913	ACTIVE
2026-09-24T05:36:38.633Z	0246619cfdfe	fortura-49663	35	34	ok	feed		gid://shopify/InventoryItem/55324989849985	ACTIVE
2026-09-24T05:36:38.633Z	0246619cfdfe	fortura-HB523552	3	2	ok	feed		gid://shopify/InventoryItem/55324990112129	ACTIVE
2026-09-24T05:36:38.633Z	0246619cfdfe	fortura-900656	21	20	ok	feed		gid://shopify/InventoryItem/55324990210433	ACTIVE
2026-09-24T05:36:38.633Z	0246619cfdfe	fortura-OR9884M	3	2	ok	feed		gid://shopify/InventoryItem/55324990243201	ACTIVE
2026-09-24T05:36:38.633Z	0246619cfdfe	fortura-OR9884L	6	8	ok	feed		gid://shopify/InventoryItem/55324990275969	ACTIVE
2026-09-24T05:36:38.633Z	0246619cfdfe	fortura-HB525044	3	2	ok	feed		gid://shopify/InventoryItem/55324990341505	ACTIVE
2026-09-24T05:36:38.633Z	0246619cfdfe	fortura-HB525046	1	0	ok	feed		gid://shopify/InventoryItem/55324990374273	ACTIVE
2026-09-24T05:36:38.633Z	0246619cfdfe	fortura-HB525048	5	2	ok	feed		gid://shopify/InventoryItem/55324990407041	ACTIVE
2026-09-24T05:36:38.633Z	0246619cfdfe	fortura-HB525050	1	4	ok	feed		gid://shopify/InventoryItem/55324990439809	ACTIVE
2026-09-24T05:36:38.633Z	0246619cfdfe	fortura-HB525052	5	2	ok	feed		gid://shopify/InventoryItem/55324990472577	ACTIVE
2026-09-24T05:36:38.633Z	0246619cfdfe	fortura-HB525060	1	2	ok	feed		gid://shopify/InventoryItem/55324990538113	ACTIVE
2026-09-24T05:36:38.633Z	0246619cfdfe	fortura-HB525064	3	2	ok	feed		gid://shopify/InventoryItem/55324990570881	ACTIVE
2026-09-24T05:36:38.633Z	0246619cfdfe	fortura-OR103038-40	2	8	ok	feed		gid://shopify/InventoryItem/55324990800257	ACTIVE
2026-09-24T05:36:38.633Z	0246619cfdfe	fortura-OR103042-44	6	12	ok	feed		gid://shopify/InventoryItem/55324990833025	ACTIVE
2026-09-24T05:36:38.633Z	0246619cfdfe	fortura-OR9920S-M	3	21	ok	feed		gid://shopify/InventoryItem/55324990865793	ACTIVE
2026-09-24T05:36:38.633Z	0246619cfdfe	fortura-OR9920L-XL	1	7	ok	feed		gid://shopify/InventoryItem/55324990898561	ACTIVE
2026-09-24T05:36:38.633Z	0246619cfdfe	fortura-901823	23	41	ok	feed		gid://shopify/InventoryItem/55324990964097	ACTIVE
2026-09-24T05:36:38.634Z	0246619cfdfe	fortura-901826	19	17	ok	feed		gid://shopify/InventoryItem/55324991193473	ACTIVE
2026-09-24T05:36:38.634Z	0246619cfdfe	fortura-OR1372425S-M	18	40	ok	feed		gid://shopify/InventoryItem/55324991226241	ACTIVE
2026-09-24T05:36:38.634Z	0246619cfdfe	fortura-OR1372425L-XL	13	35	ok	feed		gid://shopify/InventoryItem/55324991259009	ACTIVE
2026-09-24T05:36:38.634Z	0246619cfdfe	fortura-OR13724XXL-XXXL	18	15	ok	feed		gid://shopify/InventoryItem/55324991291777	ACTIVE
2026-09-24T05:36:38.634Z	0246619cfdfe	fortura-901841	46	44	ok	feed		gid://shopify/InventoryItem/55324991521153	ACTIVE
2026-09-24T05:36:38.634Z	0246619cfdfe	fortura-OR4011750S-M	15	13	ok	feed		gid://shopify/InventoryItem/55324991652225	ACTIVE
2026-09-24T05:36:38.634Z	0246619cfdfe	fortura-901988	50	48	ok	feed		gid://shopify/InventoryItem/55324991979905	ACTIVE
2026-09-24T05:36:38.634Z	0246619cfdfe	fortura-90202	4	3	ok	feed		gid://shopify/InventoryItem/55324992274817	ACTIVE
2026-09-24T05:36:38.634Z	0246619cfdfe	fortura-PC22036	9	8	ok	feed		gid://shopify/InventoryItem/55324992405889	ACTIVE
2026-09-24T05:36:38.634Z	0246619cfdfe	fortura-PC22037	6	5	ok	feed		gid://shopify/InventoryItem/55324992438657	ACTIVE
2026-09-24T05:36:38.634Z	0246619cfdfe	fortura-902456	83	76	ok	feed		gid://shopify/InventoryItem/55324992504193	ACTIVE
2026-09-24T05:36:38.634Z	0246619cfdfe	fortura-PC22065	5	14	ok	feed		gid://shopify/InventoryItem/55324992733569	ACTIVE
2026-09-24T05:36:38.634Z	0246619cfdfe	fortura-PC22066	3	14	ok	feed		gid://shopify/InventoryItem/55324992766337	ACTIVE
2026-09-24T05:36:38.634Z	0246619cfdfe	fortura-PC22067	1	4	ok	feed		gid://shopify/InventoryItem/55324992799105	ACTIVE
2026-09-24T05:36:38.634Z	0246619cfdfe	fortura-OR5533104	4	22	ok	feed		gid://shopify/InventoryItem/55324992995713	ACTIVE
2026-09-24T05:36:38.634Z	0246619cfdfe	fortura-PC22709	6	4	ok	feed		gid://shopify/InventoryItem/55324993028481	ACTIVE
2026-09-24T05:36:38.634Z	0246619cfdfe	fortura-OR702450-52	4	3	ok	feed		gid://shopify/InventoryItem/55324993192321	ACTIVE
2026-09-24T05:36:38.634Z	0246619cfdfe	fortura-PC22763	6	28	ok	feed		gid://shopify/InventoryItem/55324993290625	ACTIVE
2026-09-24T05:36:38.634Z	0246619cfdfe	fortura-904133	67	51	ok	feed		gid://shopify/InventoryItem/55324993323393	ACTIVE
2026-09-24T05:36:38.634Z	0246619cfdfe	fortura-OR762746-48	18	16	ok	feed		gid://shopify/InventoryItem/55324993356161	ACTIVE
2026-09-24T05:36:38.634Z	0246619cfdfe	fortura-OR762750-52	22	21	ok	feed		gid://shopify/InventoryItem/55324993388929	ACTIVE
2026-09-24T05:36:38.634Z	0246619cfdfe	fortura-PC23052	10	7	ok	feed		gid://shopify/InventoryItem/55324993487233	ACTIVE
2026-09-24T05:36:38.634Z	0246619cfdfe	fortura-904652	73	60	ok	feed		gid://shopify/InventoryItem/55324993552769	ACTIVE
2026-09-24T05:36:38.634Z	0246619cfdfe	fortura-90493	17	12	ok	feed		gid://shopify/InventoryItem/55324993651073	ACTIVE
2026-09-24T05:36:38.634Z	0246619cfdfe	fortura-905402	9	4	ok	feed		gid://shopify/InventoryItem/55324993913217	ACTIVE
2026-09-24T05:36:38.634Z	0246619cfdfe	fortura-PC23240	10	22	ok	feed		gid://shopify/InventoryItem/55324993978753	ACTIVE
2026-09-24T05:36:38.634Z	0246619cfdfe	fortura-OR798454-56	1	7	ok	feed		gid://shopify/InventoryItem/55324994077057	ACTIVE
2026-09-24T05:36:38.634Z	0246619cfdfe	fortura-OR798458-60	2	1	ok	feed		gid://shopify/InventoryItem/55324994109825	ACTIVE
2026-09-24T05:36:38.634Z	0246619cfdfe	fortura-90550	69	60	ok	feed		gid://shopify/InventoryItem/55324994142593	ACTIVE
2026-09-24T05:36:38.634Z	0246619cfdfe	fortura-90592	35	33	ok	feed		gid://shopify/InventoryItem/55324994306433	ACTIVE
2026-09-24T05:36:38.634Z	0246619cfdfe	fortura-PC23653	18	17	ok	feed		gid://shopify/InventoryItem/55324994371969	ACTIVE
2026-09-24T05:36:38.634Z	0246619cfdfe	fortura-OR9079916S-M	8	7	ok	feed		gid://shopify/InventoryItem/55324994601345	ACTIVE
2026-09-24T05:36:38.634Z	0246619cfdfe	fortura-OR90799XXL-XXXL	14	12	ok	feed		gid://shopify/InventoryItem/55324994666881	ACTIVE
2026-09-24T05:36:38.634Z	0246619cfdfe	fortura-906752	127	123	ok	feed		gid://shopify/InventoryItem/55324994699649	ACTIVE
2026-09-24T05:36:38.634Z	0246619cfdfe	fortura-OR943642-44	43	42	ok	feed		gid://shopify/InventoryItem/55324994797953	ACTIVE
2026-09-24T05:36:38.634Z	0246619cfdfe	fortura-906758	18	15	ok	feed		gid://shopify/InventoryItem/55324994830721	ACTIVE
2026-09-24T05:36:38.634Z	0246619cfdfe	fortura-PC66580	4	3	ok	feed		gid://shopify/InventoryItem/55324994863489	ACTIVE
2026-09-24T05:36:38.634Z	0246619cfdfe	fortura-906908	16	14	ok	feed		gid://shopify/InventoryItem/55324995223937	ACTIVE
2026-09-24T05:36:39.717Z	0246619cfdfe	fortura-908474	224	217	ok	feed		gid://shopify/InventoryItem/55324995420545	ACTIVE
2026-09-24T05:36:39.717Z	0246619cfdfe	fortura-OR9985S-M	6	30	ok	feed		gid://shopify/InventoryItem/55324995453313	ACTIVE
2026-09-24T05:36:39.717Z	0246619cfdfe	fortura-OR9985L-XL	9	15	ok	feed		gid://shopify/InventoryItem/55324995486081	ACTIVE
2026-09-24T05:36:39.717Z	0246619cfdfe	fortura-PC88691	6	4	ok	feed		gid://shopify/InventoryItem/55324995551617	ACTIVE
2026-09-24T05:36:39.717Z	0246619cfdfe	fortura-PC88692	8	6	ok	feed		gid://shopify/InventoryItem/55324995584385	ACTIVE
2026-09-24T05:36:39.717Z	0246619cfdfe	fortura-PC91217	6	5	ok	feed		gid://shopify/InventoryItem/55324995813761	ACTIVE
2026-09-24T05:36:39.717Z	0246619cfdfe	fortura-PC93736	20	18	ok	feed		gid://shopify/InventoryItem/55324996239745	ACTIVE
2026-09-24T05:36:39.717Z	0246619cfdfe	fortura-909761	28	26	ok	feed		gid://shopify/InventoryItem/55324996305281	ACTIVE
2026-09-24T05:36:39.717Z	0246619cfdfe	fortura-PC99669	2	1	ok	feed		gid://shopify/InventoryItem/55324996403585	ACTIVE
2026-09-24T05:36:39.717Z	0246619cfdfe	fortura-909800	65	52	ok	feed		gid://shopify/InventoryItem/55324996469121	ACTIVE
2026-09-24T05:36:39.717Z	0246619cfdfe	fortura-910274	10	9	ok	feed		gid://shopify/InventoryItem/55324996796801	ACTIVE
2026-09-24T05:36:39.717Z	0246619cfdfe	fortura-PC21184	2	1	ok	feed		gid://shopify/InventoryItem/55324997058945	ACTIVE
2026-09-24T05:36:39.717Z	0246619cfdfe	fortura-90081	12	11	ok	feed		gid://shopify/InventoryItem/55324997124481	ACTIVE
2026-09-24T05:36:39.717Z	0246619cfdfe	fortura-PC22008	12	11	ok	feed		gid://shopify/InventoryItem/55324997222785	ACTIVE
2026-09-24T05:36:39.717Z	0246619cfdfe	fortura-91420	115	114	ok	feed		gid://shopify/InventoryItem/55324997288321	ACTIVE
2026-09-24T05:36:39.717Z	0246619cfdfe	fortura-901507	41	29	ok	feed		gid://shopify/InventoryItem/55324997321089	ACTIVE
2026-09-24T05:36:39.717Z	0246619cfdfe	fortura-PC22027	17	16	ok	feed		gid://shopify/InventoryItem/55324997353857	ACTIVE
2026-09-24T05:36:39.717Z	0246619cfdfe	fortura-92485	106	139	ok	feed		gid://shopify/InventoryItem/55324997452161	ACTIVE
2026-09-24T05:36:39.717Z	0246619cfdfe	fortura-929102	53	51	ok	feed		gid://shopify/InventoryItem/55324997616001	ACTIVE
2026-09-24T05:36:39.717Z	0246619cfdfe	fortura-901825	13	11	ok	feed		gid://shopify/InventoryItem/55324997648769	ACTIVE
2026-09-24T05:36:39.717Z	0246619cfdfe	fortura-PC23048	12	11	ok	feed		gid://shopify/InventoryItem/55324998959489	ACTIVE
2026-09-24T05:36:39.717Z	0246619cfdfe	fortura-90186	185	103	ok	feed		gid://shopify/InventoryItem/55324999057793	ACTIVE
2026-09-24T05:36:39.717Z	0246619cfdfe	fortura-PC23073	6	4	ok	feed		gid://shopify/InventoryItem/55324999090561	ACTIVE
2026-09-24T05:36:39.717Z	0246619cfdfe	fortura-946940	1	0	ok	feed		gid://shopify/InventoryItem/55324999156097	ACTIVE
2026-09-24T05:36:39.717Z	0246619cfdfe	fortura-901891	14	10	ok	feed		gid://shopify/InventoryItem/55324999188865	ACTIVE
2026-09-24T05:36:39.717Z	0246619cfdfe	fortura-PC23135	5	6	ok	feed		gid://shopify/InventoryItem/55324999221633	ACTIVE
2026-09-24T05:36:39.717Z	0246619cfdfe	fortura-PC23136	3	4	ok	feed		gid://shopify/InventoryItem/55324999254401	ACTIVE
2026-09-24T05:36:39.717Z	0246619cfdfe	fortura-95977	98	111	ok	feed		gid://shopify/InventoryItem/55324999287169	ACTIVE
2026-09-24T05:36:39.717Z	0246619cfdfe	fortura-90192	22	21	ok	feed		gid://shopify/InventoryItem/55324999319937	ACTIVE
2026-09-24T05:36:39.717Z	0246619cfdfe	fortura-959981	1	0	ok	feed		gid://shopify/InventoryItem/55324999418241	ACTIVE
2026-09-24T05:36:39.717Z	0246619cfdfe	fortura-901993	29	27	ok	feed		gid://shopify/InventoryItem/55324999451009	ACTIVE
2026-09-24T05:36:39.717Z	0246619cfdfe	fortura-PC23506	8	6	ok	feed		gid://shopify/InventoryItem/55324999549313	ACTIVE
2026-09-24T05:36:39.717Z	0246619cfdfe	fortura-960047	6	5	ok	feed		gid://shopify/InventoryItem/55324999745921	ACTIVE
2026-09-24T05:36:39.717Z	0246619cfdfe	fortura-902077	28	24	ok	feed		gid://shopify/InventoryItem/55324999778689	ACTIVE
2026-09-24T05:36:39.717Z	0246619cfdfe	fortura-96007	98	93	ok	feed		gid://shopify/InventoryItem/55324999876993	ACTIVE
2026-09-24T05:36:39.717Z	0246619cfdfe	fortura-902128	19	18	ok	feed		gid://shopify/InventoryItem/55324999909761	ACTIVE
2026-09-24T05:36:39.717Z	0246619cfdfe	fortura-96022	62	56	ok	feed		gid://shopify/InventoryItem/55325000008065	ACTIVE
2026-09-24T05:36:39.717Z	0246619cfdfe	fortura-902419	17	9	ok	feed		gid://shopify/InventoryItem/55325000040833	ACTIVE
2026-09-24T05:36:39.717Z	0246619cfdfe	fortura-96034	66	63	ok	feed		gid://shopify/InventoryItem/55325000139137	ACTIVE
2026-09-24T05:36:39.717Z	0246619cfdfe	fortura-902458	82	80	ok	feed		gid://shopify/InventoryItem/55325000237441	ACTIVE
2026-09-24T05:36:39.717Z	0246619cfdfe	fortura-96070	51	44	ok	feed		gid://shopify/InventoryItem/55325000335745	ACTIVE
2026-09-24T05:36:39.717Z	0246619cfdfe	fortura-PC44431	33	29	ok	feed		gid://shopify/InventoryItem/55325000401281	ACTIVE
2026-09-24T05:36:39.717Z	0246619cfdfe	fortura-96187	32	31	ok	feed		gid://shopify/InventoryItem/55325000434049	ACTIVE
2026-09-24T05:36:39.717Z	0246619cfdfe	fortura-96241	25	0	ok	feed		gid://shopify/InventoryItem/55325000565121	ACTIVE
2026-09-24T05:36:39.717Z	0246619cfdfe	fortura-904411	80	68	ok	feed		gid://shopify/InventoryItem/55325000597889	ACTIVE
2026-09-24T05:36:39.717Z	0246619cfdfe	fortura-96334	41	36	ok	feed		gid://shopify/InventoryItem/55325000663425	ACTIVE
2026-09-24T05:36:39.717Z	0246619cfdfe	fortura-904654	41	34	ok	feed		gid://shopify/InventoryItem/55325000696193	ACTIVE
2026-09-24T05:36:39.717Z	0246619cfdfe	fortura-PC88207	4	2	ok	feed		gid://shopify/InventoryItem/55325000958337	ACTIVE
2026-09-24T05:36:39.717Z	0246619cfdfe	fortura-974975	27	24	ok	feed		gid://shopify/InventoryItem/55325000991105	ACTIVE
2026-09-24T05:36:39.717Z	0246619cfdfe	fortura-PC88303	11	47	ok	feed		gid://shopify/InventoryItem/55325001056641	ACTIVE
2026-09-24T05:36:39.718Z	0246619cfdfe	fortura-PC99667	8	7	ok	feed		gid://shopify/InventoryItem/55325001154945	ACTIVE
2026-09-24T05:36:39.718Z	0246619cfdfe	fortura-PC99668	9	8	ok	feed		gid://shopify/InventoryItem/55325001187713	ACTIVE
2026-09-24T05:36:39.718Z	0246619cfdfe	fortura-906745	30	52	ok	feed		gid://shopify/InventoryItem/55325001220481	ACTIVE
2026-09-24T05:36:39.718Z	0246619cfdfe	fortura-98680	44	40	ok	feed		gid://shopify/InventoryItem/55325001253249	ACTIVE
2026-09-24T05:36:39.718Z	0246619cfdfe	fortura-99097	3	2	ok	feed		gid://shopify/InventoryItem/55325001351553	ACTIVE
2026-09-24T05:36:39.718Z	0246619cfdfe	fortura-906760	24	22	ok	feed		gid://shopify/InventoryItem/55325001482625	ACTIVE
2026-09-24T05:36:39.718Z	0246619cfdfe	fortura-99397	33	31	ok	feed		gid://shopify/InventoryItem/55325001548161	ACTIVE
2026-09-24T05:36:39.718Z	0246619cfdfe	fortura-906763	34	31	ok	feed		gid://shopify/InventoryItem/55325001580929	ACTIVE
2026-09-24T05:36:39.718Z	0246619cfdfe	fortura-995711	186	7	ok	feed		gid://shopify/InventoryItem/55325001712001	ACTIVE
2026-09-24T05:36:39.718Z	0246619cfdfe	fortura-907807	38	19	ok	feed		gid://shopify/InventoryItem/55325001875841	ACTIVE
2026-09-24T05:36:39.718Z	0246619cfdfe	fortura-RU882085M	1	0	ok	feed		gid://shopify/InventoryItem/55325001941377	ACTIVE
2026-09-24T05:36:39.718Z	0246619cfdfe	fortura-BO00200	24	25	ok	feed		gid://shopify/InventoryItem/55325002006913	ACTIVE
2026-09-24T05:36:39.718Z	0246619cfdfe	fortura-90807	64	63	ok	feed		gid://shopify/InventoryItem/55325002072449	ACTIVE
2026-09-24T05:36:39.718Z	0246619cfdfe	fortura-49664	32	31	ok	feed		gid://shopify/InventoryItem/55325002137985	ACTIVE
2026-09-24T05:36:39.718Z	0246619cfdfe	fortura-90822	174	110	ok	feed		gid://shopify/InventoryItem/55325002170753	ACTIVE
2026-09-24T05:36:39.718Z	0246619cfdfe	fortura-BO00785	12	10	ok	feed		gid://shopify/InventoryItem/55325002203521	ACTIVE
2026-09-24T05:36:39.718Z	0246619cfdfe	fortura-901101	85	118	ok	feed		gid://shopify/InventoryItem/55325002236289	ACTIVE
2026-09-24T05:36:39.718Z	0246619cfdfe	fortura-908485	19	17	ok	feed		gid://shopify/InventoryItem/55325002269057	ACTIVE
2026-09-24T05:36:39.718Z	0246619cfdfe	fortura-BO00794	14	13	ok	feed		gid://shopify/InventoryItem/55325002301825	ACTIVE
2026-09-24T05:36:39.718Z	0246619cfdfe	fortura-BO01418	23	21	ok	feed		gid://shopify/InventoryItem/55325002400129	ACTIVE
2026-09-24T05:36:39.718Z	0246619cfdfe	fortura-901821	50	45	ok	feed		gid://shopify/InventoryItem/55325002465665	ACTIVE
2026-09-24T05:36:39.718Z	0246619cfdfe	fortura-BO04298	5	4	ok	feed		gid://shopify/InventoryItem/55325002498433	ACTIVE
2026-09-24T05:36:39.718Z	0246619cfdfe	fortura-90960	46	39	ok	feed		gid://shopify/InventoryItem/55325002563969	ACTIVE
2026-09-24T05:36:39.718Z	0246619cfdfe	fortura-BO04349	108	93	ok	feed		gid://shopify/InventoryItem/55325002596737	ACTIVE
2026-09-24T05:36:39.718Z	0246619cfdfe	fortura-909649	41	37	ok	feed		gid://shopify/InventoryItem/55325002727809	ACTIVE
2026-09-24T05:36:39.718Z	0246619cfdfe	fortura-BO04352	2	0	ok	feed		gid://shopify/InventoryItem/55325002793345	ACTIVE
2026-09-24T05:36:39.718Z	0246619cfdfe	fortura-909751	20	13	ok	feed		gid://shopify/InventoryItem/55325002858881	ACTIVE
2026-09-24T05:36:39.718Z	0246619cfdfe	fortura-BO33005	56	52	ok	feed		gid://shopify/InventoryItem/55325002891649	ACTIVE
2026-09-24T05:36:39.718Z	0246619cfdfe	fortura-909754	44	42	ok	feed		gid://shopify/InventoryItem/55325002957185	ACTIVE
2026-09-24T05:36:39.718Z	0246619cfdfe	fortura-BO33029	1	0	ok	feed		gid://shopify/InventoryItem/55325002989953	ACTIVE
2026-09-24T05:36:39.718Z	0246619cfdfe	fortura-901842	58	56	ok	feed		gid://shopify/InventoryItem/55325003055489	ACTIVE
2026-09-24T05:36:39.718Z	0246619cfdfe	fortura-901854	56	43	ok	feed		gid://shopify/InventoryItem/55325003153793	ACTIVE
2026-09-24T05:36:39.718Z	0246619cfdfe	fortura-901995	48	42	ok	feed		gid://shopify/InventoryItem/55325003252097	ACTIVE
2026-09-24T05:36:39.718Z	0246619cfdfe	fortura-909781	27	17	ok	feed		gid://shopify/InventoryItem/55325003383169	ACTIVE
2026-09-24T05:36:39.718Z	0246619cfdfe	fortura-902097	3	45	ok	feed		gid://shopify/InventoryItem/55325003448705	ACTIVE
2026-09-24T05:36:39.718Z	0246619cfdfe	fortura-909784	39	38	ok	feed		gid://shopify/InventoryItem/55325003481473	ACTIVE
2026-09-24T05:36:39.718Z	0246619cfdfe	fortura-BO52226	50	43	ok	feed		gid://shopify/InventoryItem/55325003514241	ACTIVE
2026-09-24T05:36:39.718Z	0246619cfdfe	fortura-909802	53	41	ok	feed		gid://shopify/InventoryItem/55325003579777	ACTIVE
2026-09-24T05:36:39.718Z	0246619cfdfe	fortura-BO54389	49	42	ok	feed		gid://shopify/InventoryItem/55325003612545	ACTIVE
2026-09-24T05:36:39.718Z	0246619cfdfe	fortura-902457	91	90	ok	feed		gid://shopify/InventoryItem/55325003678081	ACTIVE
2026-09-24T05:36:39.718Z	0246619cfdfe	fortura-902994	39	37	ok	feed		gid://shopify/InventoryItem/55325003776385	ACTIVE
2026-09-24T05:36:39.718Z	0246619cfdfe	fortura-BO54572	35	33	ok	feed		gid://shopify/InventoryItem/55325003809153	ACTIVE
2026-09-24T05:36:39.718Z	0246619cfdfe	fortura-903216	42	25	ok	feed		gid://shopify/InventoryItem/55325003874689	ACTIVE
2026-09-24T05:36:39.718Z	0246619cfdfe	fortura-BO56756	52	45	ok	feed		gid://shopify/InventoryItem/55325004005761	ACTIVE
2026-09-24T05:36:39.718Z	0246619cfdfe	fortura-BO56774	48	36	ok	feed		gid://shopify/InventoryItem/55325004038529	ACTIVE
2026-09-24T05:36:39.718Z	0246619cfdfe	fortura-903318	7	1	ok	feed		gid://shopify/InventoryItem/55325004104065	ACTIVE
2026-09-24T05:36:39.718Z	0246619cfdfe	fortura-BO72242	46	36	ok	feed		gid://shopify/InventoryItem/55325004169601	ACTIVE
2026-09-24T05:36:39.718Z	0246619cfdfe	fortura-903327	111	93	ok	feed		gid://shopify/InventoryItem/55325004136833	ACTIVE
2026-09-24T05:36:39.718Z	0246619cfdfe	fortura-911764	107	106	ok	feed		gid://shopify/InventoryItem/55325004202369	ACTIVE
2026-09-24T05:36:39.718Z	0246619cfdfe	fortura-BO72251	30	26	ok	feed		gid://shopify/InventoryItem/55325004235137	ACTIVE
2026-09-24T05:36:40.815Z	0246619cfdfe	fortura-903612	24	20	ok	feed		gid://shopify/InventoryItem/55325004267905	ACTIVE
2026-09-24T05:36:40.815Z	0246619cfdfe	fortura-911932	9	13	ok	feed		gid://shopify/InventoryItem/55325004300673	ACTIVE
2026-09-24T05:36:40.815Z	0246619cfdfe	fortura-BO81938	79	52	ok	feed		gid://shopify/InventoryItem/55325004366209	ACTIVE
2026-09-24T05:36:40.815Z	0246619cfdfe	fortura-BO85046	25	23	ok	feed		gid://shopify/InventoryItem/55325004464513	ACTIVE
2026-09-24T05:36:40.815Z	0246619cfdfe	fortura-91383	54	28	ok	feed		gid://shopify/InventoryItem/55325004530049	ACTIVE
2026-09-24T05:36:40.815Z	0246619cfdfe	fortura-90533	61	59	ok	feed		gid://shopify/InventoryItem/55325005349249	ACTIVE
2026-09-24T05:36:40.815Z	0246619cfdfe	fortura-92484	59	56	ok	feed		gid://shopify/InventoryItem/55325005414785	ACTIVE
2026-09-24T05:36:40.815Z	0246619cfdfe	fortura-BO85091	80	72	ok	feed		gid://shopify/InventoryItem/55325005447553	ACTIVE
2026-09-24T05:36:40.815Z	0246619cfdfe	fortura-90551	48	67	ok	feed		gid://shopify/InventoryItem/55325005480321	ACTIVE
2026-09-24T05:36:40.815Z	0246619cfdfe	fortura-92517	129	196	ok	feed		gid://shopify/InventoryItem/55325005513089	ACTIVE
2026-09-24T05:36:40.815Z	0246619cfdfe	fortura-905934	189	180	ok	feed		gid://shopify/InventoryItem/55325005545857	ACTIVE
2026-09-24T05:36:40.815Z	0246619cfdfe	fortura-925495	51	77	ok	feed		gid://shopify/InventoryItem/55325005611393	ACTIVE
2026-09-24T05:36:40.816Z	0246619cfdfe	fortura-BO85613	40	33	ok	feed		gid://shopify/InventoryItem/55325005676929	ACTIVE
2026-09-24T05:36:40.816Z	0246619cfdfe	fortura-925708	47	44	ok	feed		gid://shopify/InventoryItem/55325005709697	ACTIVE
2026-09-24T05:36:40.816Z	0246619cfdfe	fortura-906753	73	70	ok	feed		gid://shopify/InventoryItem/55325005742465	ACTIVE
2026-09-24T05:36:40.816Z	0246619cfdfe	fortura-BO85811	50	44	ok	feed		gid://shopify/InventoryItem/55325005873537	ACTIVE
2026-09-24T05:36:40.816Z	0246619cfdfe	fortura-906909	5	4	ok	feed		gid://shopify/InventoryItem/55325005939073	ACTIVE
2026-09-24T05:36:40.816Z	0246619cfdfe	fortura-929095	67	63	ok	feed		gid://shopify/InventoryItem/55325006102913	ACTIVE
2026-09-24T05:36:40.816Z	0246619cfdfe	fortura-90734	12	10	ok	feed		gid://shopify/InventoryItem/55325006135681	ACTIVE
2026-09-24T05:36:40.816Z	0246619cfdfe	fortura-BO86060	239	225	ok	feed		gid://shopify/InventoryItem/55325006299521	ACTIVE
2026-09-24T05:36:40.816Z	0246619cfdfe	fortura-93336	35	8	ok	feed		gid://shopify/InventoryItem/55325006332289	ACTIVE
2026-09-24T05:36:40.816Z	0246619cfdfe	fortura-90749	27	20	ok	feed		gid://shopify/InventoryItem/55325006365057	ACTIVE
2026-09-24T05:36:40.816Z	0246619cfdfe	fortura-BO86171	33	31	ok	feed		gid://shopify/InventoryItem/55325006397825	ACTIVE
2026-09-24T05:36:40.816Z	0246619cfdfe	fortura-946918	43	42	ok	feed		gid://shopify/InventoryItem/55325006430593	ACTIVE
2026-09-24T05:36:40.816Z	0246619cfdfe	fortura-90755	73	71	ok	feed		gid://shopify/InventoryItem/55325006463361	ACTIVE
2026-09-24T05:36:40.816Z	0246619cfdfe	fortura-BO96962	28	22	ok	feed		gid://shopify/InventoryItem/55325006496129	ACTIVE
2026-09-24T05:36:40.816Z	0246619cfdfe	fortura-946939	23	19	ok	feed		gid://shopify/InventoryItem/55325006528897	ACTIVE
2026-09-24T05:36:40.816Z	0246619cfdfe	fortura-948631	14	13	ok	feed		gid://shopify/InventoryItem/55325006823809	ACTIVE
2026-09-24T05:36:40.816Z	0246619cfdfe	fortura-90806	79	59	ok	feed		gid://shopify/InventoryItem/55325006791041	ACTIVE
2026-09-24T05:36:40.816Z	0246619cfdfe	fortura-CD21417	151	149	ok	feed		gid://shopify/InventoryItem/55325007020417	ACTIVE
2026-09-24T05:36:40.816Z	0246619cfdfe	fortura-90809	45	40	ok	feed		gid://shopify/InventoryItem/55325007053185	ACTIVE
2026-09-24T05:36:40.816Z	0246619cfdfe	fortura-95373	18	13	ok	feed		gid://shopify/InventoryItem/55325007085953	ACTIVE
2026-09-24T05:36:40.816Z	0246619cfdfe	fortura-CK12218	8	9	ok	feed		gid://shopify/InventoryItem/55325007380865	ACTIVE
2026-09-24T05:36:40.816Z	0246619cfdfe	fortura-908475	74	60	ok	feed		gid://shopify/InventoryItem/55325007413633	ACTIVE
2026-09-24T05:36:40.816Z	0246619cfdfe	fortura-95961	56	33	ok	feed		gid://shopify/InventoryItem/55325007446401	ACTIVE
2026-09-24T05:36:40.816Z	0246619cfdfe	fortura-CK13088	13	26	ok	feed		gid://shopify/InventoryItem/55325007479169	ACTIVE
2026-09-24T05:36:40.816Z	0246619cfdfe	fortura-908481	52	48	ok	feed		gid://shopify/InventoryItem/55325007511937	ACTIVE
2026-09-24T05:36:40.816Z	0246619cfdfe	fortura-96033	53	44	ok	feed		gid://shopify/InventoryItem/55325007544705	ACTIVE
2026-09-24T05:36:40.816Z	0246619cfdfe	fortura-960814	69	57	ok	feed		gid://shopify/InventoryItem/55325008036225	ACTIVE
2026-09-24T05:36:40.816Z	0246619cfdfe	fortura-90959	92	101	ok	feed		gid://shopify/InventoryItem/55325008101761	ACTIVE
2026-09-24T05:36:40.816Z	0246619cfdfe	fortura-96096	74	96	ok	feed		gid://shopify/InventoryItem/55325008134529	ACTIVE
2026-09-24T05:36:40.816Z	0246619cfdfe	fortura-909648	17	11	ok	feed		gid://shopify/InventoryItem/55325008200065	ACTIVE
2026-09-24T05:36:40.816Z	0246619cfdfe	fortura-96108	38	103	ok	feed		gid://shopify/InventoryItem/55325008232833	ACTIVE
2026-09-24T05:36:40.816Z	0246619cfdfe	fortura-CK13679	24	23	ok	feed		gid://shopify/InventoryItem/55325008265601	ACTIVE
2026-09-24T05:36:40.816Z	0246619cfdfe	fortura-909750	90	83	ok	feed		gid://shopify/InventoryItem/55325008298369	ACTIVE
2026-09-24T05:36:40.816Z	0246619cfdfe	fortura-96279	37	31	ok	feed		gid://shopify/InventoryItem/55325008331137	ACTIVE
2026-09-24T05:36:40.816Z	0246619cfdfe	fortura-CK13739	13	12	ok	feed		gid://shopify/InventoryItem/55325008363905	ACTIVE
2026-09-24T05:36:40.816Z	0246619cfdfe	fortura-909753	46	44	ok	feed		gid://shopify/InventoryItem/55325008396673	ACTIVE
2026-09-24T05:36:40.816Z	0246619cfdfe	fortura-962881	14	13	ok	feed		gid://shopify/InventoryItem/55325008429441	ACTIVE
2026-09-24T05:36:40.816Z	0246619cfdfe	fortura-CK13745	43	34	ok	feed		gid://shopify/InventoryItem/55325008462209	ACTIVE
2026-09-24T05:36:40.816Z	0246619cfdfe	fortura-909759	52	40	ok	feed		gid://shopify/InventoryItem/55325008494977	ACTIVE
2026-09-24T05:36:40.816Z	0246619cfdfe	fortura-96489	26	45	ok	feed		gid://shopify/InventoryItem/55325008527745	ACTIVE
2026-09-24T05:36:40.816Z	0246619cfdfe	fortura-CK13814	46	43	ok	feed		gid://shopify/InventoryItem/55325008560513	ACTIVE
2026-09-24T05:36:40.816Z	0246619cfdfe	fortura-965104	16	13	ok	feed		gid://shopify/InventoryItem/55325008658817	ACTIVE
2026-09-24T05:36:40.816Z	0246619cfdfe	fortura-909801	55	44	ok	feed		gid://shopify/InventoryItem/55325008724353	ACTIVE
2026-09-24T05:36:40.816Z	0246619cfdfe	fortura-910014	6	5	ok	feed		gid://shopify/InventoryItem/55325008920961	ACTIVE
2026-09-24T05:36:40.816Z	0246619cfdfe	fortura-CK14348	35	23	ok	feed		gid://shopify/InventoryItem/55325008986497	ACTIVE
2026-09-24T05:36:40.816Z	0246619cfdfe	fortura-910671	7	4	ok	feed		gid://shopify/InventoryItem/55325009019265	ACTIVE
2026-09-24T05:36:40.816Z	0246619cfdfe	fortura-911721	38	35	ok	feed		gid://shopify/InventoryItem/55325009084801	ACTIVE
2026-09-24T05:36:40.816Z	0246619cfdfe	fortura-CK14417	26	16	ok	feed		gid://shopify/InventoryItem/55325009117569	ACTIVE
2026-09-24T05:36:40.816Z	0246619cfdfe	fortura-975718	27	26	ok	feed		gid://shopify/InventoryItem/55325009150337	ACTIVE
2026-09-24T05:36:40.816Z	0246619cfdfe	fortura-98427	141	130	ok	feed		gid://shopify/InventoryItem/55325009248641	ACTIVE
2026-09-24T05:36:40.816Z	0246619cfdfe	fortura-98523	14	5	ok	feed		gid://shopify/InventoryItem/55325009379713	ACTIVE
2026-09-24T05:36:40.816Z	0246619cfdfe	fortura-CK4618	25	24	ok	feed		gid://shopify/InventoryItem/55325009412481	ACTIVE
2026-09-24T05:36:40.816Z	0246619cfdfe	fortura-91418	231	364	ok	feed		gid://shopify/InventoryItem/55325009445249	ACTIVE
2026-09-24T05:36:40.816Z	0246619cfdfe	fortura-91664	38	33	ok	feed		gid://shopify/InventoryItem/55325009543553	ACTIVE
2026-09-24T05:36:40.816Z	0246619cfdfe	fortura-92489	89	81	ok	feed		gid://shopify/InventoryItem/55325009609089	ACTIVE
2026-09-24T05:36:40.816Z	0246619cfdfe	fortura-BO00169	54	47	ok	feed		gid://shopify/InventoryItem/55325009674625	ACTIVE
2026-09-24T05:36:40.816Z	0246619cfdfe	fortura-92591	21	74	ok	feed		gid://shopify/InventoryItem/55325009707393	ACTIVE
2026-09-24T05:36:40.816Z	0246619cfdfe	fortura-EU108432	22	20	ok	feed		gid://shopify/InventoryItem/55325009740161	ACTIVE
2026-09-24T05:36:40.816Z	0246619cfdfe	fortura-BO00220	28	27	ok	feed		gid://shopify/InventoryItem/55325009772929	ACTIVE
2026-09-24T05:36:40.816Z	0246619cfdfe	fortura-92816	39	36	ok	feed		gid://shopify/InventoryItem/55325009805697	ACTIVE
2026-09-24T05:36:40.816Z	0246619cfdfe	fortura-92822	21	18	ok	feed		gid://shopify/InventoryItem/55325009904001	ACTIVE
2026-09-24T05:36:40.816Z	0246619cfdfe	fortura-929094	55	50	ok	feed		gid://shopify/InventoryItem/55325010002305	ACTIVE
2026-09-24T05:36:40.816Z	0246619cfdfe	fortura-929103	72	66	ok	feed		gid://shopify/InventoryItem/55325010100609	ACTIVE
2026-09-24T05:36:40.816Z	0246619cfdfe	fortura-BO01408	35	31	ok	feed		gid://shopify/InventoryItem/55325010166145	ACTIVE
2026-09-24T05:36:40.816Z	0246619cfdfe	fortura-92951	37	33	ok	feed		gid://shopify/InventoryItem/55325010198913	ACTIVE
2026-09-24T05:36:40.816Z	0246619cfdfe	fortura-OR47166.01	106	102	ok	feed		gid://shopify/InventoryItem/55325010231681	ACTIVE
2026-09-24T05:36:40.816Z	0246619cfdfe	fortura-BO01411	37	35	ok	feed		gid://shopify/InventoryItem/55325010264449	ACTIVE
2026-09-24T05:36:40.816Z	0246619cfdfe	fortura-93326	156	150	ok	feed		gid://shopify/InventoryItem/55325010297217	ACTIVE
2026-09-24T05:36:40.816Z	0246619cfdfe	fortura-PC23985	36	33	ok	feed		gid://shopify/InventoryItem/55325010329985	ACTIVE
2026-09-24T05:36:40.816Z	0246619cfdfe	fortura-45817	41	24	ok	feed		gid://shopify/InventoryItem/55325010428289	ACTIVE
2026-09-24T05:36:40.816Z	0246619cfdfe	fortura-946929	3	2	ok	feed		gid://shopify/InventoryItem/55325010493825	ACTIVE
2026-09-24T05:36:40.816Z	0246619cfdfe	fortura-64663	238	222	ok	feed		gid://shopify/InventoryItem/55325010526593	ACTIVE
2026-09-24T05:36:40.816Z	0246619cfdfe	fortura-BO01438	95	92	ok	feed		gid://shopify/InventoryItem/55325010592129	ACTIVE
2026-09-24T05:36:40.816Z	0246619cfdfe	fortura-64807	11145	11142	ok	feed		gid://shopify/InventoryItem/55325010624897	ACTIVE
2026-09-24T05:36:40.816Z	0246619cfdfe	fortura-BO04210	67	117	ok	feed		gid://shopify/InventoryItem/55325010690433	ACTIVE
2026-09-24T05:36:40.816Z	0246619cfdfe	fortura-95372	90	62	ok	feed		gid://shopify/InventoryItem/55325010755969	ACTIVE
2026-09-24T05:36:40.816Z	0246619cfdfe	fortura-95978	7	22	ok	feed		gid://shopify/InventoryItem/55325010854273	ACTIVE
2026-09-24T05:36:40.816Z	0246619cfdfe	fortura-96032	44	41	ok	feed		gid://shopify/InventoryItem/55325011018113	ACTIVE
2026-09-24T05:36:40.816Z	0246619cfdfe	fortura-84184-93	39	29	ok	feed		gid://shopify/InventoryItem/55325011050881	ACTIVE
2026-09-24T05:36:40.816Z	0246619cfdfe	fortura-BO04384	66	52	ok	feed		gid://shopify/InventoryItem/55325011083649	ACTIVE
2026-09-24T05:36:40.816Z	0246619cfdfe	fortura-96137	40	31	ok	feed		gid://shopify/InventoryItem/55325011116417	ACTIVE
2026-09-24T05:36:40.816Z	0246619cfdfe	fortura-BO04504	77	72	ok	feed		gid://shopify/InventoryItem/55325011181953	ACTIVE
2026-09-24T05:36:40.816Z	0246619cfdfe	fortura-96140	15	14	ok	feed		gid://shopify/InventoryItem/55325011214721	ACTIVE
2026-09-24T05:36:40.816Z	0246619cfdfe	fortura-84190	65	61	ok	feed		gid://shopify/InventoryItem/55325011247489	ACTIVE
2026-09-24T05:36:40.816Z	0246619cfdfe	fortura-BO31201	27	22	ok	feed		gid://shopify/InventoryItem/55325011280257	ACTIVE
2026-09-24T05:36:40.817Z	0246619cfdfe	fortura-900083	49	36	ok	feed		gid://shopify/InventoryItem/55325011345793	ACTIVE
2026-09-24T05:36:40.817Z	0246619cfdfe	fortura-901208	34	18	ok	feed		gid://shopify/InventoryItem/55325011575169	ACTIVE
2026-09-24T05:36:40.817Z	0246619cfdfe	fortura-96269	14	13	ok	feed		gid://shopify/InventoryItem/55325011607937	ACTIVE
2026-09-24T05:36:41.822Z	0246619cfdfe	fortura-96491	33	32	ok	feed		gid://shopify/InventoryItem/55325011673473	ACTIVE
2026-09-24T05:36:41.822Z	0246619cfdfe	fortura-BO44560	43	35	ok	feed		gid://shopify/InventoryItem/55325011739009	ACTIVE
2026-09-24T05:36:41.822Z	0246619cfdfe	fortura-965106	34	32	ok	feed		gid://shopify/InventoryItem/55325011771777	ACTIVE
2026-09-24T05:36:41.822Z	0246619cfdfe	fortura-BO54370	186	183	ok	feed		gid://shopify/InventoryItem/55325011837313	ACTIVE
2026-09-24T05:36:41.822Z	0246619cfdfe	fortura-968565	52	89	ok	feed		gid://shopify/InventoryItem/55325011870081	ACTIVE
2026-09-24T05:36:41.822Z	0246619cfdfe	fortura-BO54388	37	27	ok	feed		gid://shopify/InventoryItem/55325011935617	ACTIVE
2026-09-24T05:36:41.822Z	0246619cfdfe	fortura-974604	3	2	ok	feed		gid://shopify/InventoryItem/55325012066689	ACTIVE
2026-09-24T05:36:41.822Z	0246619cfdfe	fortura-905858	37	22	ok	feed		gid://shopify/InventoryItem/55325012099457	ACTIVE
2026-09-24T05:36:41.822Z	0246619cfdfe	fortura-974973	52	48	ok	feed		gid://shopify/InventoryItem/55325012164993	ACTIVE
2026-09-24T05:36:41.822Z	0246619cfdfe	fortura-909665	1	0	ok	feed		gid://shopify/InventoryItem/55325012197761	ACTIVE
2026-09-24T05:36:41.822Z	0246619cfdfe	fortura-BO54571	36	34	ok	feed		gid://shopify/InventoryItem/55325012328833	ACTIVE
2026-09-24T05:36:41.822Z	0246619cfdfe	fortura-975717	68	51	ok	feed		gid://shopify/InventoryItem/55325012394369	ACTIVE
2026-09-24T05:36:41.822Z	0246619cfdfe	fortura-909833	18	14	ok	feed		gid://shopify/InventoryItem/55325012459905	ACTIVE
2026-09-24T05:36:41.822Z	0246619cfdfe	fortura-976164	39	16	ok	feed		gid://shopify/InventoryItem/55325012492673	ACTIVE
2026-09-24T05:36:41.822Z	0246619cfdfe	fortura-BO56758	40	34	ok	feed		gid://shopify/InventoryItem/55325012525441	ACTIVE
2026-09-24T05:36:41.822Z	0246619cfdfe	fortura-91852	59	56	ok	feed		gid://shopify/InventoryItem/55325012590977	ACTIVE
2026-09-24T05:36:41.822Z	0246619cfdfe	fortura-91912	58	133	ok	feed		gid://shopify/InventoryItem/55325012754817	ACTIVE
2026-09-24T05:36:41.822Z	0246619cfdfe	fortura-98678	80	174	ok	feed		gid://shopify/InventoryItem/55325012787585	ACTIVE
2026-09-24T05:36:41.822Z	0246619cfdfe	fortura-BO72253	31	25	ok	feed		gid://shopify/InventoryItem/55325012820353	ACTIVE
2026-09-24T05:36:41.822Z	0246619cfdfe	fortura-928124	16	11	ok	feed		gid://shopify/InventoryItem/55325012885889	ACTIVE
2026-09-24T05:36:41.822Z	0246619cfdfe	fortura-99077	30	29	ok	feed		gid://shopify/InventoryItem/55325012918657	ACTIVE
2026-09-24T05:36:41.822Z	0246619cfdfe	fortura-BO81031	2	1	ok	feed		gid://shopify/InventoryItem/55325012951425	ACTIVE
2026-09-24T05:36:41.822Z	0246619cfdfe	fortura-99098	12	11	ok	feed		gid://shopify/InventoryItem/55325013016961	ACTIVE
2026-09-24T05:36:41.822Z	0246619cfdfe	fortura-BO85066	18	17	ok	feed		gid://shopify/InventoryItem/55325013049729	ACTIVE
2026-09-24T05:36:41.822Z	0246619cfdfe	fortura-BO85069	41	40	ok	feed		gid://shopify/InventoryItem/55325013148033	ACTIVE
2026-09-24T05:36:41.822Z	0246619cfdfe	fortura-BO00168	27	18	ok	feed		gid://shopify/InventoryItem/55325013213569	ACTIVE
2026-09-24T05:36:41.822Z	0246619cfdfe	fortura-946736	3	2	ok	feed		gid://shopify/InventoryItem/55325013279105	ACTIVE
2026-09-24T05:36:41.822Z	0246619cfdfe	fortura-BO00219	24	20	ok	feed		gid://shopify/InventoryItem/55325013311873	ACTIVE
2026-09-24T05:36:41.822Z	0246619cfdfe	fortura-946751	40	38	ok	feed		gid://shopify/InventoryItem/55325013377409	ACTIVE
2026-09-24T05:36:41.823Z	0246619cfdfe	fortura-BO00792	14	13	ok	feed		gid://shopify/InventoryItem/55325013410177	ACTIVE
2026-09-24T05:36:41.823Z	0246619cfdfe	fortura-BO85096	91	80	ok	feed		gid://shopify/InventoryItem/55325013442945	ACTIVE
2026-09-24T05:36:41.823Z	0246619cfdfe	fortura-BO01296	15	42	ok	feed		gid://shopify/InventoryItem/55325013508481	ACTIVE
2026-09-24T05:36:41.823Z	0246619cfdfe	fortura-BO85108	56	53	ok	feed		gid://shopify/InventoryItem/55325013541249	ACTIVE
2026-09-24T05:36:41.823Z	0246619cfdfe	fortura-95035	280	265	ok	feed		gid://shopify/InventoryItem/55325013574017	ACTIVE
2026-09-24T05:36:41.823Z	0246619cfdfe	fortura-BO01437	60	56	ok	feed		gid://shopify/InventoryItem/55325013606785	ACTIVE
2026-09-24T05:36:41.823Z	0246619cfdfe	fortura-BO85300	55	47	ok	feed		gid://shopify/InventoryItem/55325013770625	ACTIVE
2026-09-24T05:36:41.823Z	0246619cfdfe	fortura-95302	162	113	ok	feed		gid://shopify/InventoryItem/55325013803393	ACTIVE
2026-09-24T05:36:41.823Z	0246619cfdfe	fortura-BO04224	270	249	ok	feed		gid://shopify/InventoryItem/55325013836161	ACTIVE
2026-09-24T05:36:41.823Z	0246619cfdfe	fortura-BO85303	23	17	ok	feed		gid://shopify/InventoryItem/55325013868929	ACTIVE
2026-09-24T05:36:41.823Z	0246619cfdfe	fortura-966785	2	0	ok	feed		gid://shopify/InventoryItem/55325013901697	ACTIVE
2026-09-24T05:36:41.823Z	0246619cfdfe	fortura-BO04275	62	54	ok	feed		gid://shopify/InventoryItem/55325013934465	ACTIVE
2026-09-24T05:36:41.823Z	0246619cfdfe	fortura-BO85609	50	45	ok	feed		gid://shopify/InventoryItem/55325013967233	ACTIVE
2026-09-24T05:36:41.823Z	0246619cfdfe	fortura-BO04299	5	4	ok	feed		gid://shopify/InventoryItem/55325014032769	ACTIVE
2026-09-24T05:36:41.823Z	0246619cfdfe	fortura-BO04500	44	33	ok	feed		gid://shopify/InventoryItem/55325014163841	ACTIVE
2026-09-24T05:36:41.823Z	0246619cfdfe	fortura-BO86083	27	19	ok	feed		gid://shopify/InventoryItem/55325014196609	ACTIVE
2026-09-24T05:36:41.823Z	0246619cfdfe	fortura-98644	63	60	ok	feed		gid://shopify/InventoryItem/55325014229377	ACTIVE
2026-09-24T05:36:41.823Z	0246619cfdfe	fortura-BO1847	2	0	ok	feed		gid://shopify/InventoryItem/55325014327681	ACTIVE
2026-09-24T05:36:41.823Z	0246619cfdfe	fortura-BO86368	30	29	ok	feed		gid://shopify/InventoryItem/55325014360449	ACTIVE
2026-09-24T05:36:41.823Z	0246619cfdfe	fortura-BO33024	10	7	ok	feed		gid://shopify/InventoryItem/55325014425985	ACTIVE
2026-09-24T05:36:41.823Z	0246619cfdfe	fortura-BO96997	35	32	ok	feed		gid://shopify/InventoryItem/55325014491521	ACTIVE
2026-09-24T05:36:41.823Z	0246619cfdfe	fortura-99835	331	279	ok	feed		gid://shopify/InventoryItem/55325014557057	ACTIVE
2026-09-24T05:36:41.823Z	0246619cfdfe	fortura-BO97519	27	21	ok	feed		gid://shopify/InventoryItem/55325014589825	ACTIVE
2026-09-24T05:36:41.823Z	0246619cfdfe	fortura-BO44766	55	96	ok	feed		gid://shopify/InventoryItem/55325014622593	ACTIVE
2026-09-24T05:36:41.823Z	0246619cfdfe	fortura-BO97588	8	7	ok	feed		gid://shopify/InventoryItem/55325014688129	ACTIVE
2026-09-24T05:36:41.823Z	0246619cfdfe	fortura-BO02702	119	113	ok	feed		gid://shopify/InventoryItem/55325014819201	ACTIVE
2026-09-24T05:36:41.823Z	0246619cfdfe	fortura-BO02705	122	121	ok	feed		gid://shopify/InventoryItem/55325015114113	ACTIVE
2026-09-24T05:36:41.823Z	0246619cfdfe	fortura-CE74197	132	130	ok	feed		gid://shopify/InventoryItem/55325015146881	ACTIVE
2026-09-24T05:36:41.823Z	0246619cfdfe	fortura-BO50031	30	28	ok	feed		gid://shopify/InventoryItem/55325015310721	ACTIVE
2026-09-24T05:36:41.823Z	0246619cfdfe	fortura-BO02720	164	156	ok	feed		gid://shopify/InventoryItem/55325015474561	ACTIVE
2026-09-24T05:36:41.823Z	0246619cfdfe	fortura-BO54369	144	139	ok	feed		gid://shopify/InventoryItem/55325015507329	ACTIVE
2026-09-24T05:36:41.823Z	0246619cfdfe	fortura-BO36014	113	106	ok	feed		gid://shopify/InventoryItem/55325015572865	ACTIVE
2026-09-24T05:36:41.823Z	0246619cfdfe	fortura-BO54459	57	56	ok	feed		gid://shopify/InventoryItem/55325015605633	ACTIVE
2026-09-24T05:36:41.823Z	0246619cfdfe	fortura-BO36032	56	52	ok	feed		gid://shopify/InventoryItem/55325015703937	ACTIVE
2026-09-24T05:36:41.823Z	0246619cfdfe	fortura-CK13171	9	8	ok	feed		gid://shopify/InventoryItem/55325015736705	ACTIVE
2026-09-24T05:36:41.823Z	0246619cfdfe	fortura-BO36038	156	150	ok	feed		gid://shopify/InventoryItem/55325015835009	ACTIVE
2026-09-24T05:36:41.823Z	0246619cfdfe	fortura-BO54573	77	70	ok	feed		gid://shopify/InventoryItem/55325016097153	ACTIVE
2026-09-24T05:36:41.823Z	0246619cfdfe	fortura-CK13747	11	10	ok	feed		gid://shopify/InventoryItem/55325016162689	ACTIVE
2026-09-24T05:36:41.823Z	0246619cfdfe	fortura-BO52823	16	15	ok	feed		gid://shopify/InventoryItem/55325016326529	ACTIVE
2026-09-24T05:36:41.823Z	0246619cfdfe	fortura-CK140525	28	27	ok	feed		gid://shopify/InventoryItem/55325016359297	ACTIVE
2026-09-24T05:36:41.823Z	0246619cfdfe	fortura-BO52892	15	11	ok	feed		gid://shopify/InventoryItem/55325016490369	ACTIVE
2026-09-24T05:36:41.823Z	0246619cfdfe	fortura-BO56793	43	24	ok	feed		gid://shopify/InventoryItem/55325016523137	ACTIVE
2026-09-24T05:36:41.823Z	0246619cfdfe	fortura-BO54341	28	92	ok	feed		gid://shopify/InventoryItem/55325016588673	ACTIVE
2026-09-24T05:36:41.823Z	0246619cfdfe	fortura-CK14350	25	10	ok	feed		gid://shopify/InventoryItem/55325016621441	ACTIVE
2026-09-24T05:36:41.823Z	0246619cfdfe	fortura-BO72141	28	22	ok	feed		gid://shopify/InventoryItem/55325016654209	ACTIVE
2026-09-24T05:36:41.823Z	0246619cfdfe	fortura-CK14413	7	6	ok	feed		gid://shopify/InventoryItem/55325016752513	ACTIVE
2026-09-24T05:36:41.823Z	0246619cfdfe	fortura-BO64562	45	41	ok	feed		gid://shopify/InventoryItem/55325016785281	ACTIVE
2026-09-24T05:36:41.823Z	0246619cfdfe	fortura-CK14419	13	6	ok	feed		gid://shopify/InventoryItem/55325016818049	ACTIVE
2026-09-24T05:36:41.823Z	0246619cfdfe	fortura-BO72237	34	27	ok	feed		gid://shopify/InventoryItem/55325016850817	ACTIVE
2026-09-24T05:36:41.823Z	0246619cfdfe	fortura-BO72110	24	15	ok	feed		gid://shopify/InventoryItem/55325016883585	ACTIVE
2026-09-24T05:36:41.823Z	0246619cfdfe	fortura-BO81036	16	15	ok	feed		gid://shopify/InventoryItem/55325016949121	ACTIVE
2026-09-24T05:36:41.824Z	0246619cfdfe	fortura-BO85083	13	12	ok	feed		gid://shopify/InventoryItem/55325017047425	ACTIVE
2026-09-24T05:36:41.824Z	0246619cfdfe	fortura-BO73235	34	28	ok	feed		gid://shopify/InventoryItem/55325017080193	ACTIVE
2026-09-24T05:36:41.824Z	0246619cfdfe	fortura-BO85092	109	92	ok	feed		gid://shopify/InventoryItem/55325017145729	ACTIVE
2026-09-24T05:36:41.824Z	0246619cfdfe	fortura-CK4632	29	24	ok	feed		gid://shopify/InventoryItem/55325017211265	ACTIVE
2026-09-24T05:36:41.824Z	0246619cfdfe	fortura-BO85098	46	45	ok	feed		gid://shopify/InventoryItem/55325017244033	ACTIVE
2026-09-24T05:36:41.824Z	0246619cfdfe	fortura-CK003	4	0	ok	feed		gid://shopify/InventoryItem/55325017276801	ACTIVE
2026-09-24T05:36:41.824Z	0246619cfdfe	fortura-BO85302	20	14	ok	feed		gid://shopify/InventoryItem/55325017342337	ACTIVE
2026-09-24T05:36:41.824Z	0246619cfdfe	fortura-CK10745	23	20	ok	feed		gid://shopify/InventoryItem/55325017375105	ACTIVE
2026-09-24T05:36:41.824Z	0246619cfdfe	fortura-BO85797	15	12	ok	feed		gid://shopify/InventoryItem/55325017473409	ACTIVE
2026-09-24T05:36:41.824Z	0246619cfdfe	fortura-BO86112	52	43	ok	feed		gid://shopify/InventoryItem/55325017571713	ACTIVE
2026-09-24T05:36:41.824Z	0246619cfdfe	fortura-BO86376	33	25	ok	feed		gid://shopify/InventoryItem/55325017670017	ACTIVE
2026-09-24T05:36:41.824Z	0246619cfdfe	fortura-CK13736	11	10	ok	feed		gid://shopify/InventoryItem/55325017702785	ACTIVE
2026-09-24T05:36:41.824Z	0246619cfdfe	fortura-BO86391	40	34	ok	feed		gid://shopify/InventoryItem/55325017768321	ACTIVE
2026-09-24T05:36:41.824Z	0246619cfdfe	fortura-FM21021202	6	5	ok	feed		gid://shopify/InventoryItem/55325017932161	ACTIVE
2026-09-24T05:36:41.824Z	0246619cfdfe	fortura-OR21363	33	25	ok	feed		gid://shopify/InventoryItem/55325018096001	ACTIVE
2026-09-24T05:36:41.824Z	0246619cfdfe	fortura-CK14414	18	16	ok	feed		gid://shopify/InventoryItem/55325018161537	ACTIVE
2026-09-24T05:36:41.824Z	0246619cfdfe	fortura-OR23691	57	55	ok	feed		gid://shopify/InventoryItem/55325018194305	ACTIVE
2026-09-24T05:36:41.824Z	0246619cfdfe	fortura-CD27715	27	11	ok	feed		gid://shopify/InventoryItem/55325018227073	ACTIVE
2026-09-24T05:36:41.824Z	0246619cfdfe	fortura-CK1444702	113	112	ok	feed		gid://shopify/InventoryItem/55325018259841	ACTIVE
2026-09-24T05:36:41.824Z	0246619cfdfe	fortura-CK11190	39	20	ok	feed		gid://shopify/InventoryItem/55325018325377	ACTIVE
2026-09-24T05:36:42.865Z	0246619cfdfe	fortura-CK14462	7	6	ok	feed		gid://shopify/InventoryItem/55325018358145	ACTIVE
2026-09-24T05:36:42.865Z	0246619cfdfe	fortura-OR2397600	43	24	ok	feed		gid://shopify/InventoryItem/55325018390913	ACTIVE
2026-09-24T05:36:42.865Z	0246619cfdfe	fortura-OR4079905	30	42	ok	feed		gid://shopify/InventoryItem/55325018685825	ACTIVE
2026-09-24T05:36:42.865Z	0246619cfdfe	fortura-CK13143	2	1	ok	feed		gid://shopify/InventoryItem/55325018718593	ACTIVE
2026-09-24T05:36:42.865Z	0246619cfdfe	fortura-E407790	8	2	ok	feed		gid://shopify/InventoryItem/55325018751361	ACTIVE
2026-09-24T05:36:42.865Z	0246619cfdfe	fortura-E500538	31	21	ok	feed		gid://shopify/InventoryItem/55325018849665	ACTIVE
2026-09-24T05:36:42.865Z	0246619cfdfe	fortura-CK1344005	67	65	ok	feed		gid://shopify/InventoryItem/55325018980737	ACTIVE
2026-09-24T05:36:42.865Z	0246619cfdfe	fortura-CK1344008	74	67	ok	feed		gid://shopify/InventoryItem/55325019079041	ACTIVE
2026-09-24T05:36:42.865Z	0246619cfdfe	fortura-CK14052	19	15	ok	feed		gid://shopify/InventoryItem/55325019406721	ACTIVE
2026-09-24T05:36:42.865Z	0246619cfdfe	fortura-45816	13	10	ok	feed		gid://shopify/InventoryItem/55325019439489	ACTIVE
2026-09-24T05:36:42.865Z	0246619cfdfe	fortura-HA139106	306	300	ok	feed		gid://shopify/InventoryItem/55325019472257	ACTIVE
2026-09-24T05:36:42.865Z	0246619cfdfe	fortura-64569	34	109	ok	feed		gid://shopify/InventoryItem/55325019537793	ACTIVE
2026-09-24T05:36:42.865Z	0246619cfdfe	fortura-HB8015	8	7	ok	feed		gid://shopify/InventoryItem/55325019570561	ACTIVE
2026-09-24T05:36:42.865Z	0246619cfdfe	fortura-HB8054	98	69	ok	feed		gid://shopify/InventoryItem/55325019734401	ACTIVE
2026-09-24T05:36:42.865Z	0246619cfdfe	fortura-69810	102	74	ok	feed		gid://shopify/InventoryItem/55325019767169	ACTIVE
2026-09-24T05:36:42.865Z	0246619cfdfe	fortura-HB8084	83	61	ok	feed		gid://shopify/InventoryItem/55325019832705	ACTIVE
2026-09-24T05:36:42.865Z	0246619cfdfe	fortura-80648-39	76	64	ok	feed		gid://shopify/InventoryItem/55325019898241	ACTIVE
2026-09-24T05:36:42.865Z	0246619cfdfe	fortura-80648-43	82	71	ok	feed		gid://shopify/InventoryItem/55325019931009	ACTIVE
2026-09-24T05:36:42.865Z	0246619cfdfe	fortura-HB8186	18	16	ok	feed		gid://shopify/InventoryItem/55325020193153	ACTIVE
2026-09-24T05:36:42.865Z	0246619cfdfe	fortura-901210	85	138	ok	feed		gid://shopify/InventoryItem/55325020225921	ACTIVE
2026-09-24T05:36:42.865Z	0246619cfdfe	fortura-CK4631	76	72	ok	feed		gid://shopify/InventoryItem/55325020258689	ACTIVE
2026-09-24T05:36:42.865Z	0246619cfdfe	fortura-HB8195	2	19	ok	feed		gid://shopify/InventoryItem/55325020291457	ACTIVE
2026-09-24T05:36:42.865Z	0246619cfdfe	fortura-HB8204	27	24	ok	feed		gid://shopify/InventoryItem/55325020324225	ACTIVE
2026-09-24T05:36:42.865Z	0246619cfdfe	fortura-904102	72	62	ok	feed		gid://shopify/InventoryItem/55325020422529	ACTIVE
2026-09-24T05:36:42.865Z	0246619cfdfe	fortura-904837	4	0	ok	feed		gid://shopify/InventoryItem/55325020520833	ACTIVE
2026-09-24T05:36:42.865Z	0246619cfdfe	fortura-EU105958	57	49	ok	feed		gid://shopify/InventoryItem/55325020586369	ACTIVE
2026-09-24T05:36:42.865Z	0246619cfdfe	fortura-905827	174	167	ok	feed		gid://shopify/InventoryItem/55325020619137	ACTIVE
2026-09-24T05:36:42.865Z	0246619cfdfe	fortura-OR4401800	85	79	ok	feed		gid://shopify/InventoryItem/55325020782977	ACTIVE
2026-09-24T05:36:42.865Z	0246619cfdfe	fortura-OR2364602	13	12	ok	feed		gid://shopify/InventoryItem/55325020815745	ACTIVE
2026-09-24T05:36:42.865Z	0246619cfdfe	fortura-907801	7	4	ok	feed		gid://shopify/InventoryItem/55325020881281	ACTIVE
2026-09-24T05:36:42.866Z	0246619cfdfe	fortura-909607	397	391	ok	feed		gid://shopify/InventoryItem/55325020946817	ACTIVE
2026-09-24T05:36:42.866Z	0246619cfdfe	fortura-OU612036	32	29	ok	feed		gid://shopify/InventoryItem/55325020979585	ACTIVE
2026-09-24T05:36:42.866Z	0246619cfdfe	fortura-PC15237	8	7	ok	feed		gid://shopify/InventoryItem/55325021045121	ACTIVE
2026-09-24T05:36:42.866Z	0246619cfdfe	fortura-PC20703	70	39	ok	feed		gid://shopify/InventoryItem/55325021176193	ACTIVE
2026-09-24T05:36:42.866Z	0246619cfdfe	fortura-910990	28	19	ok	feed		gid://shopify/InventoryItem/55325021536641	ACTIVE
2026-09-24T05:36:42.866Z	0246619cfdfe	fortura-PC24913	84	77	ok	feed		gid://shopify/InventoryItem/55325021700481	ACTIVE
2026-09-24T05:36:42.866Z	0246619cfdfe	fortura-91638	4723	4717	ok	feed		gid://shopify/InventoryItem/55325021733249	ACTIVE
2026-09-24T05:36:42.866Z	0246619cfdfe	fortura-PC41947	104	210	ok	feed		gid://shopify/InventoryItem/55325021798785	ACTIVE
2026-09-24T05:36:42.866Z	0246619cfdfe	fortura-917011	30	25	ok	feed		gid://shopify/InventoryItem/55325021929857	ACTIVE
2026-09-24T05:36:42.866Z	0246619cfdfe	fortura-26573	585	579	ok	feed		gid://shopify/InventoryItem/55325021962625	ACTIVE
2026-09-24T05:36:42.866Z	0246619cfdfe	fortura-90126	109	103	ok	feed		gid://shopify/InventoryItem/55325021995393	ACTIVE
2026-09-24T05:36:42.866Z	0246619cfdfe	fortura-91851	16	10	ok	feed		gid://shopify/InventoryItem/55325022028161	ACTIVE
2026-09-24T05:36:42.866Z	0246619cfdfe	fortura-59774	25294	25195	ok	feed		gid://shopify/InventoryItem/55325022060929	ACTIVE
2026-09-24T05:36:42.866Z	0246619cfdfe	fortura-MT100199	2	0	ok	feed		gid://shopify/InventoryItem/55325022093697	ACTIVE
2026-09-24T05:36:42.866Z	0246619cfdfe	fortura-928624	114	108	ok	feed		gid://shopify/InventoryItem/55325022126465	ACTIVE
2026-09-24T05:36:42.866Z	0246619cfdfe	fortura-900015	15	12	ok	feed		gid://shopify/InventoryItem/55325022159233	ACTIVE
2026-09-24T05:36:42.866Z	0246619cfdfe	fortura-MT100205	1	0	ok	feed		gid://shopify/InventoryItem/55325022192001	ACTIVE
2026-09-24T05:36:42.866Z	0246619cfdfe	fortura-92967	98	126	ok	feed		gid://shopify/InventoryItem/55325022224769	ACTIVE
2026-09-24T05:36:42.866Z	0246619cfdfe	fortura-900120	2	1	ok	feed		gid://shopify/InventoryItem/55325022290305	ACTIVE
2026-09-24T05:36:42.866Z	0246619cfdfe	fortura-968566	72	42	ok	feed		gid://shopify/InventoryItem/55325022421377	ACTIVE
2026-09-24T05:36:42.866Z	0246619cfdfe	fortura-02017	28	100	ok	feed		gid://shopify/InventoryItem/55325022454145	ACTIVE
2026-09-24T05:36:42.866Z	0246619cfdfe	fortura-02020	52	108	ok	feed		gid://shopify/InventoryItem/55325022585217	ACTIVE
2026-09-24T05:36:42.866Z	0246619cfdfe	fortura-98088	9	8	ok	feed		gid://shopify/InventoryItem/55325022617985	ACTIVE
2026-09-24T05:36:42.866Z	0246619cfdfe	fortura-904104	81	70	ok	feed		gid://shopify/InventoryItem/55325022650753	ACTIVE
2026-09-24T05:36:42.866Z	0246619cfdfe	fortura-02026	25	48	ok	feed		gid://shopify/InventoryItem/55325022683521	ACTIVE
2026-09-24T05:36:42.866Z	0246619cfdfe	fortura-98214	4	3	ok	feed		gid://shopify/InventoryItem/55325022716289	ACTIVE
2026-09-24T05:36:42.866Z	0246619cfdfe	fortura-904818	41	97	ok	feed		gid://shopify/InventoryItem/55325022749057	ACTIVE
2026-09-24T05:36:42.866Z	0246619cfdfe	fortura-02032	55	103	ok	feed		gid://shopify/InventoryItem/55325022781825	ACTIVE
2026-09-24T05:36:42.866Z	0246619cfdfe	fortura-98601	61	60	ok	feed		gid://shopify/InventoryItem/55325022814593	ACTIVE
2026-09-24T05:36:42.866Z	0246619cfdfe	fortura-905826	149	121	ok	feed		gid://shopify/InventoryItem/55325022847361	ACTIVE
2026-09-24T05:36:42.866Z	0246619cfdfe	fortura-02035	36	61	ok	feed		gid://shopify/InventoryItem/55325022880129	ACTIVE
2026-09-24T05:36:42.866Z	0246619cfdfe	fortura-905829	217	210	ok	feed		gid://shopify/InventoryItem/55325023043969	ACTIVE
2026-09-24T05:36:42.866Z	0246619cfdfe	fortura-02038	298	260	ok	feed		gid://shopify/InventoryItem/55325023076737	ACTIVE
2026-09-24T05:36:42.866Z	0246619cfdfe	fortura-98652	25	71	ok	feed		gid://shopify/InventoryItem/55325023109505	ACTIVE
2026-09-24T05:36:42.866Z	0246619cfdfe	fortura-905859	197	192	ok	feed		gid://shopify/InventoryItem/55325023142273	ACTIVE
2026-09-24T05:36:42.866Z	0246619cfdfe	fortura-02104	5	3	ok	feed		gid://shopify/InventoryItem/55325023175041	ACTIVE
2026-09-24T05:36:42.866Z	0246619cfdfe	fortura-98673	32	28	ok	feed		gid://shopify/InventoryItem/55325023207809	ACTIVE
2026-09-24T05:36:42.866Z	0246619cfdfe	fortura-907059	7	6	ok	feed		gid://shopify/InventoryItem/55325023240577	ACTIVE
2026-09-24T05:36:42.866Z	0246619cfdfe	fortura-02110	27	39	ok	feed		gid://shopify/InventoryItem/55325023273345	ACTIVE
2026-09-24T05:36:42.866Z	0246619cfdfe	fortura-98712	16	15	ok	feed		gid://shopify/InventoryItem/55325023306113	ACTIVE
2026-09-24T05:36:42.866Z	0246619cfdfe	fortura-02119	35	52	ok	feed		gid://shopify/InventoryItem/55325023371649	ACTIVE
2026-09-24T05:36:42.866Z	0246619cfdfe	fortura-99849	156	150	ok	feed		gid://shopify/InventoryItem/55325023404417	ACTIVE
2026-09-24T05:36:42.866Z	0246619cfdfe	fortura-909561	59	39	ok	feed		gid://shopify/InventoryItem/55325023437185	ACTIVE
2026-09-24T05:36:42.866Z	0246619cfdfe	fortura-02122	88	116	ok	feed		gid://shopify/InventoryItem/55325023469953	ACTIVE
2026-09-24T05:36:42.866Z	0246619cfdfe	fortura-BO01753	137	135	ok	feed		gid://shopify/InventoryItem/55325023502721	ACTIVE
2026-09-24T05:36:42.866Z	0246619cfdfe	fortura-02125	21	78	ok	feed		gid://shopify/InventoryItem/55325023568257	ACTIVE
2026-09-24T05:36:42.866Z	0246619cfdfe	fortura-BO02599	19	18	ok	feed		gid://shopify/InventoryItem/55325023633793	ACTIVE
2026-09-24T05:36:42.866Z	0246619cfdfe	fortura-02131	20	21	ok	feed		gid://shopify/InventoryItem/55325023666561	ACTIVE
2026-09-24T05:36:42.867Z	0246619cfdfe	fortura-02134	40	54	ok	feed		gid://shopify/InventoryItem/55325023797633	ACTIVE
2026-09-24T05:36:42.867Z	0246619cfdfe	fortura-912033	44	43	ok	feed		gid://shopify/InventoryItem/55325023830401	ACTIVE
2026-09-24T05:36:42.867Z	0246619cfdfe	fortura-02140	18	52	ok	feed		gid://shopify/InventoryItem/55325023895937	ACTIVE
2026-09-24T05:36:42.867Z	0246619cfdfe	fortura-916788	13	11	ok	feed		gid://shopify/InventoryItem/55325023961473	ACTIVE
2026-09-24T05:36:42.867Z	0246619cfdfe	fortura-02182	31	71	ok	feed		gid://shopify/InventoryItem/55325023994241	ACTIVE
2026-09-24T05:36:42.867Z	0246619cfdfe	fortura-BO18604	41	38	ok	feed		gid://shopify/InventoryItem/55325024027009	ACTIVE
2026-09-24T05:36:42.867Z	0246619cfdfe	fortura-02191	72	150	ok	feed		gid://shopify/InventoryItem/55325024092545	ACTIVE
2026-09-24T05:36:42.867Z	0246619cfdfe	fortura-91919	37	34	ok	feed		gid://shopify/InventoryItem/55325024158081	ACTIVE
2026-09-24T05:36:42.867Z	0246619cfdfe	fortura-02203	73	65	ok	feed		gid://shopify/InventoryItem/55325024190849	ACTIVE
2026-09-24T05:36:42.867Z	0246619cfdfe	fortura-BO30886	27	21	ok	feed		gid://shopify/InventoryItem/55325024223617	ACTIVE
2026-09-24T05:36:42.867Z	0246619cfdfe	fortura-02209	20	78	ok	feed		gid://shopify/InventoryItem/55325024289153	ACTIVE
2026-09-24T05:36:42.867Z	0246619cfdfe	fortura-BO36004	2	0	ok	feed		gid://shopify/InventoryItem/55325024321921	ACTIVE
2026-09-24T05:36:42.867Z	0246619cfdfe	fortura-92729	20	11	ok	feed		gid://shopify/InventoryItem/55325024354689	ACTIVE
2026-09-24T05:36:42.867Z	0246619cfdfe	fortura-02212	29	53	ok	feed		gid://shopify/InventoryItem/55325024387457	ACTIVE
2026-09-24T05:36:42.867Z	0246619cfdfe	fortura-929361	70	66	ok	feed		gid://shopify/InventoryItem/55325024452993	ACTIVE
2026-09-24T05:36:42.867Z	0246619cfdfe	fortura-02218	189	162	ok	feed		gid://shopify/InventoryItem/55325024485761	ACTIVE
2026-09-24T05:36:42.867Z	0246619cfdfe	fortura-BO36013	32	29	ok	feed		gid://shopify/InventoryItem/55325024518529	ACTIVE
2026-09-24T05:36:42.867Z	0246619cfdfe	fortura-93065	93	47	ok	feed		gid://shopify/InventoryItem/55325024551297	ACTIVE
2026-09-24T05:36:42.867Z	0246619cfdfe	fortura-BO36016	278	249	ok	feed		gid://shopify/InventoryItem/55325024616833	ACTIVE
2026-09-24T05:36:42.867Z	0246619cfdfe	fortura-93305	50	49	ok	feed		gid://shopify/InventoryItem/55325024649601	ACTIVE
2026-09-24T05:36:42.867Z	0246619cfdfe	fortura-02227	71	156	ok	feed		gid://shopify/InventoryItem/55325024682369	ACTIVE
2026-09-24T05:36:42.867Z	0246619cfdfe	fortura-94100	113	63	ok	feed		gid://shopify/InventoryItem/55325024780673	ACTIVE
2026-09-24T05:36:43.805Z	0246619cfdfe	fortura-02329	18	44	ok	feed		gid://shopify/InventoryItem/55325024846209	ACTIVE
2026-09-24T05:36:43.805Z	0246619cfdfe	fortura-BO36037	108	107	ok	feed		gid://shopify/InventoryItem/55325024878977	ACTIVE
2026-09-24T05:36:43.805Z	0246619cfdfe	fortura-02332	356	320	ok	feed		gid://shopify/InventoryItem/55325024944513	ACTIVE
2026-09-24T05:36:43.805Z	0246619cfdfe	fortura-946734	15	12	ok	feed		gid://shopify/InventoryItem/55325025010049	ACTIVE
2026-09-24T05:36:43.805Z	0246619cfdfe	fortura-952815	36	26	ok	feed		gid://shopify/InventoryItem/55325025108353	ACTIVE
2026-09-24T05:36:43.805Z	0246619cfdfe	fortura-02344	79	150	ok	feed		gid://shopify/InventoryItem/55325025141121	ACTIVE
2026-09-24T05:36:43.805Z	0246619cfdfe	fortura-966741	53	51	ok	feed		gid://shopify/InventoryItem/55325025206657	ACTIVE
2026-09-24T05:36:43.805Z	0246619cfdfe	fortura-02347	35	64	ok	feed		gid://shopify/InventoryItem/55325025239425	ACTIVE
2026-09-24T05:36:43.805Z	0246619cfdfe	fortura-96695	520	435	ok	feed		gid://shopify/InventoryItem/55325025304961	ACTIVE
2026-09-24T05:36:43.805Z	0246619cfdfe	fortura-02353	326	337	ok	feed		gid://shopify/InventoryItem/55325025337729	ACTIVE
2026-09-24T05:36:43.805Z	0246619cfdfe	fortura-97007	60	57	ok	feed		gid://shopify/InventoryItem/55325025403265	ACTIVE
2026-09-24T05:36:43.805Z	0246619cfdfe	fortura-BO52891	30	24	ok	feed		gid://shopify/InventoryItem/55325025468801	ACTIVE
2026-09-24T05:36:43.805Z	0246619cfdfe	fortura-97520	46	45	ok	feed		gid://shopify/InventoryItem/55325025501569	ACTIVE
2026-09-24T05:36:43.805Z	0246619cfdfe	fortura-02422	2	0	ok	feed		gid://shopify/InventoryItem/55325025534337	ACTIVE
2026-09-24T05:36:43.805Z	0246619cfdfe	fortura-BO54508	82	58	ok	feed		gid://shopify/InventoryItem/55325025567105	ACTIVE
2026-09-24T05:36:43.805Z	0246619cfdfe	fortura-98408	555	542	ok	feed		gid://shopify/InventoryItem/55325025599873	ACTIVE
2026-09-24T05:36:43.805Z	0246619cfdfe	fortura-02425	20	38	ok	feed		gid://shopify/InventoryItem/55325025632641	ACTIVE
2026-09-24T05:36:43.805Z	0246619cfdfe	fortura-BO54559	17	12	ok	feed		gid://shopify/InventoryItem/55325080224129	ACTIVE
2026-09-24T05:36:43.805Z	0246619cfdfe	fortura-02443	28	32	ok	feed		gid://shopify/InventoryItem/55325080289665	ACTIVE
2026-09-24T05:36:43.805Z	0246619cfdfe	fortura-02449	67	59	ok	feed		gid://shopify/InventoryItem/55325080355201	ACTIVE
2026-09-24T05:36:43.805Z	0246619cfdfe	fortura-98621	42	32	ok	feed		gid://shopify/InventoryItem/55325080387969	ACTIVE
2026-09-24T05:36:43.805Z	0246619cfdfe	fortura-BO64543	40	36	ok	feed		gid://shopify/InventoryItem/55325080420737	ACTIVE
2026-09-24T05:36:43.805Z	0246619cfdfe	fortura-98627	5	1	ok	feed		gid://shopify/InventoryItem/55325080453505	ACTIVE
2026-09-24T05:36:43.805Z	0246619cfdfe	fortura-02452	36	28	ok	feed		gid://shopify/InventoryItem/55325080486273	ACTIVE
2026-09-24T05:36:43.805Z	0246619cfdfe	fortura-986865	77	66	ok	feed		gid://shopify/InventoryItem/55325080551809	ACTIVE
2026-09-24T05:36:43.805Z	0246619cfdfe	fortura-02455	90	104	ok	feed		gid://shopify/InventoryItem/55325080584577	ACTIVE
2026-09-24T05:36:43.805Z	0246619cfdfe	fortura-BO64558	32	23	ok	feed		gid://shopify/InventoryItem/55325080617345	ACTIVE
2026-09-24T05:36:43.805Z	0246619cfdfe	fortura-99122	37	30	ok	feed		gid://shopify/InventoryItem/55325080650113	ACTIVE
2026-09-24T05:36:43.805Z	0246619cfdfe	fortura-02458	45	40	ok	feed		gid://shopify/InventoryItem/55325080682881	ACTIVE
2026-09-24T05:36:43.805Z	0246619cfdfe	fortura-99563	18	14	ok	feed		gid://shopify/InventoryItem/55325080748417	ACTIVE
2026-09-24T05:36:43.805Z	0246619cfdfe	fortura-02485	44	42	ok	feed		gid://shopify/InventoryItem/55325080781185	ACTIVE
2026-09-24T05:36:43.805Z	0246619cfdfe	fortura-BO64576	50	38	ok	feed		gid://shopify/InventoryItem/55325080813953	ACTIVE
2026-09-24T05:36:43.805Z	0246619cfdfe	fortura-99566	52	45	ok	feed		gid://shopify/InventoryItem/55325080846721	ACTIVE
2026-09-24T05:36:43.805Z	0246619cfdfe	fortura-02491	81	65	ok	feed		gid://shopify/InventoryItem/55325080879489	ACTIVE
2026-09-24T05:36:43.805Z	0246619cfdfe	fortura-CK008	7	0	ok	feed		gid://shopify/InventoryItem/55325080912257	ACTIVE
2026-09-24T05:36:43.805Z	0246619cfdfe	fortura-02500	25	52	ok	feed		gid://shopify/InventoryItem/55325080977793	ACTIVE
2026-09-24T05:36:43.805Z	0246619cfdfe	fortura-CK023	11	10	ok	feed		gid://shopify/InventoryItem/55325081010561	ACTIVE
2026-09-24T05:36:43.805Z	0246619cfdfe	fortura-BO01752	186	155	ok	feed		gid://shopify/InventoryItem/55325081043329	ACTIVE
2026-09-24T05:36:43.805Z	0246619cfdfe	fortura-BO01755	254	228	ok	feed		gid://shopify/InventoryItem/55325081141633	ACTIVE
2026-09-24T05:36:43.805Z	0246619cfdfe	fortura-CK13141	128	120	ok	feed		gid://shopify/InventoryItem/55325081207169	ACTIVE
2026-09-24T05:36:43.805Z	0246619cfdfe	fortura-CK13789	48	46	ok	feed		gid://shopify/InventoryItem/55325081305473	ACTIVE
2026-09-24T05:36:43.805Z	0246619cfdfe	fortura-02512	28	55	ok	feed		gid://shopify/InventoryItem/55325081371009	ACTIVE
2026-09-24T05:36:43.805Z	0246619cfdfe	fortura-BO02706	92	91	ok	feed		gid://shopify/InventoryItem/55325081436545	ACTIVE
2026-09-24T05:36:43.805Z	0246619cfdfe	fortura-02545	138	137	ok	feed		gid://shopify/InventoryItem/55325081469313	ACTIVE
2026-09-24T05:36:43.805Z	0246619cfdfe	fortura-CK14467	87	78	ok	feed		gid://shopify/InventoryItem/55325081502081	ACTIVE
2026-09-24T05:36:43.805Z	0246619cfdfe	fortura-BO02721	65	64	ok	feed		gid://shopify/InventoryItem/55325081600385	ACTIVE
2026-09-24T05:36:43.805Z	0246619cfdfe	fortura-02572	31	44	ok	feed		gid://shopify/InventoryItem/55325081633153	ACTIVE
2026-09-24T05:36:43.805Z	0246619cfdfe	fortura-CK27892	13	12	ok	feed		gid://shopify/InventoryItem/55325081665921	ACTIVE
2026-09-24T05:36:43.805Z	0246619cfdfe	fortura-02581	91	168	ok	feed		gid://shopify/InventoryItem/55325081731457	ACTIVE
2026-09-24T05:36:43.805Z	0246619cfdfe	fortura-E180662	14	11	ok	feed		gid://shopify/InventoryItem/55325081764225	ACTIVE
2026-09-24T05:36:43.806Z	0246619cfdfe	fortura-BO18603	23	16	ok	feed		gid://shopify/InventoryItem/55325081796993	ACTIVE
2026-09-24T05:36:43.806Z	0246619cfdfe	fortura-BO2639	33	25	ok	feed		gid://shopify/InventoryItem/55325081895297	ACTIVE
2026-09-24T05:36:43.806Z	0246619cfdfe	fortura-02593	23	37	ok	feed		gid://shopify/InventoryItem/55325081928065	ACTIVE
2026-09-24T05:36:43.806Z	0246619cfdfe	fortura-BO30846	45	40	ok	feed		gid://shopify/InventoryItem/55325081993601	ACTIVE
2026-09-24T05:36:43.806Z	0246619cfdfe	fortura-BO36000	9	5	ok	feed		gid://shopify/InventoryItem/55325082091905	ACTIVE
2026-09-24T05:36:43.806Z	0246619cfdfe	fortura-02671	18	10	ok	feed		gid://shopify/InventoryItem/55325082124673	ACTIVE
2026-09-24T05:36:43.806Z	0246619cfdfe	fortura-02674	41	125	ok	feed		gid://shopify/InventoryItem/55325082190209	ACTIVE
2026-09-24T05:36:43.806Z	0246619cfdfe	fortura-02677	57	53	ok	feed		gid://shopify/InventoryItem/55325082288513	ACTIVE
2026-09-24T05:36:43.806Z	0246619cfdfe	fortura-HB8035	1	0	ok	feed		gid://shopify/InventoryItem/55325082321281	ACTIVE
2026-09-24T05:36:43.806Z	0246619cfdfe	fortura-BO36015	326	289	ok	feed		gid://shopify/InventoryItem/55325082354049	ACTIVE
2026-09-24T05:36:43.806Z	0246619cfdfe	fortura-02680	22	11	ok	feed		gid://shopify/InventoryItem/55325082386817	ACTIVE
2026-09-24T05:36:43.806Z	0246619cfdfe	fortura-HB80614346	17	15	ok	feed		gid://shopify/InventoryItem/55325082452353	ACTIVE
2026-09-24T05:36:43.806Z	0246619cfdfe	fortura-02752	31	29	ok	feed		gid://shopify/InventoryItem/55325082681729	ACTIVE
2026-09-24T05:36:43.806Z	0246619cfdfe	fortura-HB80683538	14	6	ok	feed		gid://shopify/InventoryItem/55325082714497	ACTIVE
2026-09-24T05:36:43.806Z	0246619cfdfe	fortura-HB80693942	37	11	ok	feed		gid://shopify/InventoryItem/55325082747265	ACTIVE
2026-09-24T05:36:43.806Z	0246619cfdfe	fortura-02803	48	98	ok	feed		gid://shopify/InventoryItem/55325082878337	ACTIVE
2026-09-24T05:36:43.806Z	0246619cfdfe	fortura-HB8230	10	7	ok	feed		gid://shopify/InventoryItem/55325083533697	ACTIVE
2026-09-24T05:36:43.806Z	0246619cfdfe	fortura-BO52890	29	21	ok	feed		gid://shopify/InventoryItem/55325083566465	ACTIVE
2026-09-24T05:36:43.806Z	0246619cfdfe	fortura-BO72243	57	41	ok	feed		gid://shopify/InventoryItem/55325083697537	ACTIVE
2026-09-24T05:36:43.806Z	0246619cfdfe	fortura-02821	3	5	ok	feed		gid://shopify/InventoryItem/55325083861377	ACTIVE
2026-09-24T05:36:43.806Z	0246619cfdfe	fortura-02824	6	10	ok	feed		gid://shopify/InventoryItem/55325083959681	ACTIVE
2026-09-24T05:36:43.806Z	0246619cfdfe	fortura-BO73236	54	47	ok	feed		gid://shopify/InventoryItem/55325083992449	ACTIVE
2026-09-24T05:36:43.806Z	0246619cfdfe	fortura-02890	42	33	ok	feed		gid://shopify/InventoryItem/55325084025217	ACTIVE
2026-09-24T05:36:43.806Z	0246619cfdfe	fortura-03040	18	27	ok	feed		gid://shopify/InventoryItem/55325084221825	ACTIVE
2026-09-24T05:36:43.806Z	0246619cfdfe	fortura-03046	4	18	ok	feed		gid://shopify/InventoryItem/55325084320129	ACTIVE
2026-09-24T05:36:43.806Z	0246619cfdfe	fortura-PC17201	136	185	ok	feed		gid://shopify/InventoryItem/55325084352897	ACTIVE
2026-09-24T05:36:43.806Z	0246619cfdfe	fortura-03121	34	67	ok	feed		gid://shopify/InventoryItem/55325084418433	ACTIVE
2026-09-24T05:36:43.806Z	0246619cfdfe	fortura-PC20207	30	22	ok	feed		gid://shopify/InventoryItem/55325084451201	ACTIVE
2026-09-24T05:36:43.806Z	0246619cfdfe	fortura-CK013	15	9	ok	feed		gid://shopify/InventoryItem/55325084483969	ACTIVE
2026-09-24T05:36:43.806Z	0246619cfdfe	fortura-03151	52	72	ok	feed		gid://shopify/InventoryItem/55325084549505	ACTIVE
2026-09-24T05:36:43.806Z	0246619cfdfe	fortura-PC21077	10	9	ok	feed		gid://shopify/InventoryItem/55325084680577	ACTIVE
2026-09-24T05:36:43.806Z	0246619cfdfe	fortura-CK13734	15	11	ok	feed		gid://shopify/InventoryItem/55325084713345	ACTIVE
2026-09-24T05:36:43.806Z	0246619cfdfe	fortura-03160	87	75	ok	feed		gid://shopify/InventoryItem/55325084746113	ACTIVE
2026-09-24T05:36:43.806Z	0246619cfdfe	fortura-CK13773	28	15	ok	feed		gid://shopify/InventoryItem/55325084778881	ACTIVE
2026-09-24T05:36:43.806Z	0246619cfdfe	fortura-03181	20	39	ok	feed		gid://shopify/InventoryItem/55325084844417	ACTIVE
2026-09-24T05:36:43.806Z	0246619cfdfe	fortura-RU1676	48	45	ok	feed		gid://shopify/InventoryItem/55325084909953	ACTIVE
2026-09-24T05:36:43.806Z	0246619cfdfe	fortura-03190	34	52	ok	feed		gid://shopify/InventoryItem/55325084942721	ACTIVE
2026-09-24T05:36:43.806Z	0246619cfdfe	fortura-CK14067	57	55	ok	feed		gid://shopify/InventoryItem/55325084975489	ACTIVE
2026-09-24T05:36:43.806Z	0246619cfdfe	fortura-03412	24	37	ok	feed		gid://shopify/InventoryItem/55325085041025	ACTIVE
2026-09-24T05:36:43.806Z	0246619cfdfe	fortura-CK14466	54	58	ok	feed		gid://shopify/InventoryItem/55325085172097	ACTIVE
2026-09-24T05:36:43.806Z	0246619cfdfe	fortura-03451	41	99	ok	feed		gid://shopify/InventoryItem/55325085237633	ACTIVE
2026-09-24T05:36:43.806Z	0246619cfdfe	fortura-CK14511	133	127	ok	feed		gid://shopify/InventoryItem/55325085270401	ACTIVE
2026-09-24T05:36:43.806Z	0246619cfdfe	fortura-03472	69	66	ok	feed		gid://shopify/InventoryItem/55325085335937	ACTIVE
2026-09-24T05:36:43.806Z	0246619cfdfe	fortura-03481	7	5	ok	feed		gid://shopify/InventoryItem/55325085434241	ACTIVE
2026-09-24T05:36:43.806Z	0246619cfdfe	fortura-03553	73	67	ok	feed		gid://shopify/InventoryItem/55325085630849	ACTIVE
2026-09-24T05:36:43.806Z	0246619cfdfe	fortura-66402	23	22	ok	feed		gid://shopify/InventoryItem/55325085663617	ACTIVE
2026-09-24T05:36:43.806Z	0246619cfdfe	fortura-03571	75	71	ok	feed		gid://shopify/InventoryItem/55325085761921	ACTIVE
2026-09-24T05:36:43.806Z	0246619cfdfe	fortura-03655	29	19	ok	feed		gid://shopify/InventoryItem/55325085925761	ACTIVE
2026-09-24T05:36:43.806Z	0246619cfdfe	fortura-E180112	2	1	ok	feed		gid://shopify/InventoryItem/55325086024065	ACTIVE
2026-09-24T05:36:43.806Z	0246619cfdfe	fortura-03685	13	11	ok	feed		gid://shopify/InventoryItem/55325086056833	ACTIVE
2026-09-24T05:36:44.870Z	0246619cfdfe	fortura-03760	36	35	ok	feed		gid://shopify/InventoryItem/55325086122369	ACTIVE
2026-09-24T05:36:44.870Z	0246619cfdfe	fortura-E180556	17	12	ok	feed		gid://shopify/InventoryItem/55325086187905	ACTIVE
2026-09-24T05:36:44.870Z	0246619cfdfe	fortura-03775	121	119	ok	feed		gid://shopify/InventoryItem/55325086318977	ACTIVE
2026-09-24T05:36:44.870Z	0246619cfdfe	fortura-90127	3	0	ok	feed		gid://shopify/InventoryItem/55325086351745	ACTIVE
2026-09-24T05:36:44.870Z	0246619cfdfe	fortura-90128	8	2	ok	feed		gid://shopify/InventoryItem/55325086384513	ACTIVE
2026-09-24T05:36:44.870Z	0246619cfdfe	fortura-03925	52	51	ok	feed		gid://shopify/InventoryItem/55325086450049	ACTIVE
2026-09-24T05:36:44.870Z	0246619cfdfe	fortura-E812488	15	14	ok	feed		gid://shopify/InventoryItem/55325086515585	ACTIVE
2026-09-24T05:36:44.870Z	0246619cfdfe	fortura-060020	61	57	ok	feed		gid://shopify/InventoryItem/55325086548353	ACTIVE
2026-09-24T05:36:44.870Z	0246619cfdfe	fortura-HA139107	216	208	ok	feed		gid://shopify/InventoryItem/55325086613889	ACTIVE
2026-09-24T05:36:44.870Z	0246619cfdfe	fortura-062003	1	111	ok	feed		gid://shopify/InventoryItem/55325086843265	ACTIVE
2026-09-24T05:36:44.870Z	0246619cfdfe	fortura-02010	47	34	ok	feed		gid://shopify/InventoryItem/55325086876033	ACTIVE
2026-09-24T05:36:44.870Z	0246619cfdfe	fortura-02019	12	39	ok	feed		gid://shopify/InventoryItem/55325086974337	ACTIVE
2026-09-24T05:36:44.870Z	0246619cfdfe	fortura-062111	105	104	ok	feed		gid://shopify/InventoryItem/55325087072641	ACTIVE
2026-09-24T05:36:44.870Z	0246619cfdfe	fortura-HB8226	51	49	ok	feed		gid://shopify/InventoryItem/55325087138177	ACTIVE
2026-09-24T05:36:44.870Z	0246619cfdfe	fortura-02034	13	70	ok	feed		gid://shopify/InventoryItem/55325087203713	ACTIVE
2026-09-24T05:36:44.870Z	0246619cfdfe	fortura-062150	19	18	ok	feed		gid://shopify/InventoryItem/55325087236481	ACTIVE
2026-09-24T05:36:44.870Z	0246619cfdfe	fortura-HB8235	3	2	ok	feed		gid://shopify/InventoryItem/55325087302017	ACTIVE
2026-09-24T05:36:44.870Z	0246619cfdfe	fortura-062507	22	20	ok	feed		gid://shopify/InventoryItem/55325087334785	ACTIVE
2026-09-24T05:36:44.870Z	0246619cfdfe	fortura-02037	94	113	ok	feed		gid://shopify/InventoryItem/55325087367553	ACTIVE
2026-09-24T05:36:44.870Z	0246619cfdfe	fortura-062612	48	106	ok	feed		gid://shopify/InventoryItem/55325087498625	ACTIVE
2026-09-24T05:36:44.870Z	0246619cfdfe	fortura-HB8250	197	195	ok	feed		gid://shopify/InventoryItem/55325087531393	ACTIVE
2026-09-24T05:36:44.870Z	0246619cfdfe	fortura-062660	13	10	ok	feed		gid://shopify/InventoryItem/55325087564161	ACTIVE
2026-09-24T05:36:44.870Z	0246619cfdfe	fortura-02052	125	118	ok	feed		gid://shopify/InventoryItem/55325087596929	ACTIVE
2026-09-24T05:36:44.870Z	0246619cfdfe	fortura-02106	33	63	ok	feed		gid://shopify/InventoryItem/55325087662465	ACTIVE
2026-09-24T05:36:44.870Z	0246619cfdfe	fortura-02121	106	169	ok	feed		gid://shopify/InventoryItem/55325087859073	ACTIVE
2026-09-24T05:36:44.870Z	0246619cfdfe	fortura-02127	48	168	ok	feed		gid://shopify/InventoryItem/55325087957377	ACTIVE
2026-09-24T05:36:44.870Z	0246619cfdfe	fortura-063053	3	2	ok	feed		gid://shopify/InventoryItem/55325087990145	ACTIVE
2026-09-24T05:36:44.870Z	0246619cfdfe	fortura-OU914155	7	6	ok	feed		gid://shopify/InventoryItem/55325088022913	ACTIVE
2026-09-24T05:36:44.870Z	0246619cfdfe	fortura-02130	55	146	ok	feed		gid://shopify/InventoryItem/55325088055681	ACTIVE
2026-09-24T05:36:44.870Z	0246619cfdfe	fortura-063101	21	123	ok	feed		gid://shopify/InventoryItem/55325088088449	ACTIVE
2026-09-24T05:36:44.870Z	0246619cfdfe	fortura-02133	28	51	ok	feed		gid://shopify/InventoryItem/55325088153985	ACTIVE
2026-09-24T05:36:44.870Z	0246619cfdfe	fortura-063110	30	24	ok	feed		gid://shopify/InventoryItem/55325088186753	ACTIVE
2026-09-24T05:36:44.870Z	0246619cfdfe	fortura-PC24061	50	48	ok	feed		gid://shopify/InventoryItem/55325088219521	ACTIVE
2026-09-24T05:36:44.870Z	0246619cfdfe	fortura-02136	62	89	ok	feed		gid://shopify/InventoryItem/55325088252289	ACTIVE
2026-09-24T05:36:44.870Z	0246619cfdfe	fortura-02184	266	250	ok	feed		gid://shopify/InventoryItem/55325088350593	ACTIVE
2026-09-24T05:36:44.870Z	0246619cfdfe	fortura-10054	1079	4652	ok	feed		gid://shopify/InventoryItem/55325088383361	ACTIVE
2026-09-24T05:36:44.870Z	0246619cfdfe	fortura-02190	111	119	ok	feed		gid://shopify/InventoryItem/55325088547201	ACTIVE
2026-09-24T05:36:44.870Z	0246619cfdfe	fortura-17725	119	98	ok	feed		gid://shopify/InventoryItem/55325088579969	ACTIVE
2026-09-24T05:36:44.871Z	0246619cfdfe	fortura-17761	47	39	ok	feed		gid://shopify/InventoryItem/55325088645505	ACTIVE
2026-09-24T05:36:44.871Z	0246619cfdfe	fortura-02211	28	43	ok	feed		gid://shopify/InventoryItem/55325088678273	ACTIVE
2026-09-24T05:36:44.871Z	0246619cfdfe	fortura-17842	42	40	ok	feed		gid://shopify/InventoryItem/55325088743809	ACTIVE
2026-09-24T05:36:44.871Z	0246619cfdfe	fortura-02214	20	131	ok	feed		gid://shopify/InventoryItem/55325088776577	ACTIVE
2026-09-24T05:36:44.871Z	0246619cfdfe	fortura-17845	450	440	ok	feed		gid://shopify/InventoryItem/55325088842113	ACTIVE
2026-09-24T05:36:44.871Z	0246619cfdfe	fortura-02217	27	19	ok	feed		gid://shopify/InventoryItem/55325088874881	ACTIVE
2026-09-24T05:36:44.871Z	0246619cfdfe	fortura-WO27730WE	21	15	ok	feed		gid://shopify/InventoryItem/55325088907649	ACTIVE
2026-09-24T05:36:44.871Z	0246619cfdfe	fortura-02220	156	119	ok	feed		gid://shopify/InventoryItem/55325088973185	ACTIVE
2026-09-24T05:36:44.871Z	0246619cfdfe	fortura-17851	19	18	ok	feed		gid://shopify/InventoryItem/55325089071489	ACTIVE
2026-09-24T05:36:44.871Z	0246619cfdfe	fortura-02226	22	39	ok	feed		gid://shopify/InventoryItem/55325089104257	ACTIVE
2026-09-24T05:36:44.871Z	0246619cfdfe	fortura-17854	5	4	ok	feed		gid://shopify/InventoryItem/55325089169793	ACTIVE
2026-09-24T05:36:44.871Z	0246619cfdfe	fortura-02250	19	44	ok	feed		gid://shopify/InventoryItem/55325089202561	ACTIVE
2026-09-24T05:36:44.871Z	0246619cfdfe	fortura-02331	26	36	ok	feed		gid://shopify/InventoryItem/55325089300865	ACTIVE
2026-09-24T05:36:44.871Z	0246619cfdfe	fortura-26543	2706	2418	ok	feed		gid://shopify/InventoryItem/55325089333633	ACTIVE
2026-09-24T05:36:44.871Z	0246619cfdfe	fortura-49958	6878	4067	ok	feed		gid://shopify/InventoryItem/55325089431937	ACTIVE
2026-09-24T05:36:44.871Z	0246619cfdfe	fortura-17863	23	20	ok	feed		gid://shopify/InventoryItem/55325089464705	ACTIVE
2026-09-24T05:36:44.871Z	0246619cfdfe	fortura-02415	16	61	ok	feed		gid://shopify/InventoryItem/55325089497473	ACTIVE
2026-09-24T05:36:44.871Z	0246619cfdfe	fortura-02427	19	14	ok	feed		gid://shopify/InventoryItem/55325089595777	ACTIVE
2026-09-24T05:36:44.871Z	0246619cfdfe	fortura-02430	44	43	ok	feed		gid://shopify/InventoryItem/55325089726849	ACTIVE
2026-09-24T05:36:44.871Z	0246619cfdfe	fortura-20274-V	26	23	ok	feed		gid://shopify/InventoryItem/55325089759617	ACTIVE
2026-09-24T05:36:44.871Z	0246619cfdfe	fortura-66380	768	764	ok	feed		gid://shopify/InventoryItem/55325089792385	ACTIVE
2026-09-24T05:36:44.871Z	0246619cfdfe	fortura-02433	79	52	ok	feed		gid://shopify/InventoryItem/55325089825153	ACTIVE
2026-09-24T05:36:44.871Z	0246619cfdfe	fortura-02445	19	50	ok	feed		gid://shopify/InventoryItem/55325089956225	ACTIVE
2026-09-24T05:36:44.871Z	0246619cfdfe	fortura-20398	47	34	ok	feed		gid://shopify/InventoryItem/55325089988993	ACTIVE
2026-09-24T05:36:44.871Z	0246619cfdfe	fortura-02454	10	14	ok	feed		gid://shopify/InventoryItem/55325090021761	ACTIVE
2026-09-24T05:36:44.871Z	0246619cfdfe	fortura-21007	139	130	ok	feed		gid://shopify/InventoryItem/55325090185601	ACTIVE
2026-09-24T05:36:44.871Z	0246619cfdfe	fortura-02481	34	81	ok	feed		gid://shopify/InventoryItem/55325090218369	ACTIVE
2026-09-24T05:36:44.871Z	0246619cfdfe	fortura-90124	15	9	ok	feed		gid://shopify/InventoryItem/55325090283905	ACTIVE
2026-09-24T05:36:44.871Z	0246619cfdfe	fortura-21070	6	5	ok	feed		gid://shopify/InventoryItem/55325090316673	ACTIVE
2026-09-24T05:36:44.871Z	0246619cfdfe	fortura-90129	1	0	ok	feed		gid://shopify/InventoryItem/55325090349441	ACTIVE
2026-09-24T05:36:44.871Z	0246619cfdfe	fortura-02490	53	82	ok	feed		gid://shopify/InventoryItem/55325090414977	ACTIVE
2026-09-24T05:36:44.871Z	0246619cfdfe	fortura-21250	291	248	ok	feed		gid://shopify/InventoryItem/55325090447745	ACTIVE
2026-09-24T05:36:44.871Z	0246619cfdfe	fortura-02505	24	32	ok	feed		gid://shopify/InventoryItem/55325090611585	ACTIVE
2026-09-24T05:36:44.871Z	0246619cfdfe	fortura-96665	23	22	ok	feed		gid://shopify/InventoryItem/55325090644353	ACTIVE
2026-09-24T05:36:44.871Z	0246619cfdfe	fortura-21315S	190	185	ok	feed		gid://shopify/InventoryItem/55325090677121	ACTIVE
2026-09-24T05:36:44.871Z	0246619cfdfe	fortura-02511	53	125	ok	feed		gid://shopify/InventoryItem/55325090742657	ACTIVE
2026-09-24T05:36:44.871Z	0246619cfdfe	fortura-02526	42	41	ok	feed		gid://shopify/InventoryItem/55325090808193	ACTIVE
2026-09-24T05:36:44.871Z	0246619cfdfe	fortura-21358	1	13	ok	feed		gid://shopify/InventoryItem/55325090873729	ACTIVE
2026-09-24T05:36:44.871Z	0246619cfdfe	fortura-HE9036	1	0	ok	feed		gid://shopify/InventoryItem/55325090906497	ACTIVE
2026-09-24T05:36:44.871Z	0246619cfdfe	fortura-25417	26	25	ok	feed		gid://shopify/InventoryItem/55325090972033	ACTIVE
2026-09-24T05:36:44.871Z	0246619cfdfe	fortura-02541	19	29	ok	feed		gid://shopify/InventoryItem/55325091103105	ACTIVE
2026-09-24T05:36:44.871Z	0246619cfdfe	fortura-KO1001190	20	0	ok	feed		gid://shopify/InventoryItem/55325091168641	ACTIVE
2026-09-24T05:36:44.871Z	0246619cfdfe	fortura-25462	36	35	ok	feed		gid://shopify/InventoryItem/55325091201409	ACTIVE
2026-09-24T05:36:44.871Z	0246619cfdfe	fortura-02544	75	73	ok	feed		gid://shopify/InventoryItem/55325091234177	ACTIVE
2026-09-24T05:36:44.871Z	0246619cfdfe	fortura-25465	106	105	ok	feed		gid://shopify/InventoryItem/55325091299713	ACTIVE
2026-09-24T05:36:44.871Z	0246619cfdfe	fortura-02589	39	38	ok	feed		gid://shopify/InventoryItem/55325091332481	ACTIVE
2026-09-24T05:36:44.871Z	0246619cfdfe	fortura-02592	47	71	ok	feed		gid://shopify/InventoryItem/55325091430785	ACTIVE
2026-09-24T05:36:44.871Z	0246619cfdfe	fortura-25753	276	258	ok	feed		gid://shopify/InventoryItem/55325091496321	ACTIVE
2026-09-24T05:36:44.871Z	0246619cfdfe	fortura-01184	443	442	ok	feed		gid://shopify/InventoryItem/55325091561857	ACTIVE
2026-09-24T05:36:44.871Z	0246619cfdfe	fortura-25768	150	149	ok	feed		gid://shopify/InventoryItem/55325091594625	ACTIVE
2026-09-24T05:36:44.871Z	0246619cfdfe	fortura-01685	213	211	ok	feed		gid://shopify/InventoryItem/55325091627393	ACTIVE
2026-09-24T05:36:44.871Z	0246619cfdfe	fortura-25780	134	122	ok	feed		gid://shopify/InventoryItem/55325091692929	ACTIVE
2026-09-24T05:36:44.871Z	0246619cfdfe	fortura-02033	576	569	ok	feed		gid://shopify/InventoryItem/55325091791233	ACTIVE
2026-09-24T05:36:44.871Z	0246619cfdfe	fortura-02036	194	177	ok	feed		gid://shopify/InventoryItem/55325091922305	ACTIVE
2026-09-24T05:36:44.871Z	0246619cfdfe	fortura-25873	89	87	ok	feed		gid://shopify/InventoryItem/55325091955073	ACTIVE
2026-09-24T05:36:44.871Z	0246619cfdfe	fortura-02676	95	121	ok	feed		gid://shopify/InventoryItem/55325091987841	ACTIVE
2026-09-24T05:36:44.872Z	0246619cfdfe	fortura-02039	211	184	ok	feed		gid://shopify/InventoryItem/55325092020609	ACTIVE
2026-09-24T05:36:44.872Z	0246619cfdfe	fortura-25876	70	49	ok	feed		gid://shopify/InventoryItem/55325092053377	ACTIVE
2026-09-24T05:36:44.872Z	0246619cfdfe	fortura-02679	56	54	ok	feed		gid://shopify/InventoryItem/55325092086145	ACTIVE
2026-09-24T05:36:44.872Z	0246619cfdfe	fortura-02682	62	61	ok	feed		gid://shopify/InventoryItem/55325092151681	ACTIVE
2026-09-24T05:36:44.872Z	0246619cfdfe	fortura-25879	83	81	ok	feed		gid://shopify/InventoryItem/55325092184449	ACTIVE
2026-09-24T05:36:44.872Z	0246619cfdfe	fortura-02685	43	35	ok	feed		gid://shopify/InventoryItem/55325092249985	ACTIVE
2026-09-24T05:36:45.708Z	0246619cfdfe	fortura-25888	208	184	ok	feed		gid://shopify/InventoryItem/55325092282753	ACTIVE
2026-09-24T05:36:45.708Z	0246619cfdfe	fortura-02108	45	82	ok	feed		gid://shopify/InventoryItem/55325092315521	ACTIVE
2026-09-24T05:36:45.708Z	0246619cfdfe	fortura-02739	32	22	ok	feed		gid://shopify/InventoryItem/55325092381057	ACTIVE
2026-09-24T05:36:45.708Z	0246619cfdfe	fortura-26416	112	81	ok	feed		gid://shopify/InventoryItem/55325092413825	ACTIVE
2026-09-24T05:36:45.708Z	0246619cfdfe	fortura-02120	31	39	ok	feed		gid://shopify/InventoryItem/55325092446593	ACTIVE
2026-09-24T05:36:45.708Z	0246619cfdfe	fortura-02751	42	41	ok	feed		gid://shopify/InventoryItem/55325092479361	ACTIVE
2026-09-24T05:36:45.708Z	0246619cfdfe	fortura-26482	30	29	ok	feed		gid://shopify/InventoryItem/55325092512129	ACTIVE
2026-09-24T05:36:45.708Z	0246619cfdfe	fortura-02129	28	32	ok	feed		gid://shopify/InventoryItem/55325092544897	ACTIVE
2026-09-24T05:36:45.708Z	0246619cfdfe	fortura-02754	2	0	ok	feed		gid://shopify/InventoryItem/55325092610433	ACTIVE
2026-09-24T05:36:45.708Z	0246619cfdfe	fortura-33034	231	176	ok	feed		gid://shopify/InventoryItem/55325092643201	ACTIVE
2026-09-24T05:36:45.708Z	0246619cfdfe	fortura-02132	246	236	ok	feed		gid://shopify/InventoryItem/55325092675969	ACTIVE
2026-09-24T05:36:45.708Z	0246619cfdfe	fortura-33514	37	35	ok	feed		gid://shopify/InventoryItem/55325092708737	ACTIVE
2026-09-24T05:36:45.708Z	0246619cfdfe	fortura-02769	21	34	ok	feed		gid://shopify/InventoryItem/55325092741505	ACTIVE
2026-09-24T05:36:45.708Z	0246619cfdfe	fortura-02135	50	85	ok	feed		gid://shopify/InventoryItem/55325092807041	ACTIVE
2026-09-24T05:36:45.708Z	0246619cfdfe	fortura-02772	29	25	ok	feed		gid://shopify/InventoryItem/55325092872577	ACTIVE
2026-09-24T05:36:45.708Z	0246619cfdfe	fortura-02141	19	11	ok	feed		gid://shopify/InventoryItem/55325092905345	ACTIVE
2026-09-24T05:36:45.708Z	0246619cfdfe	fortura-33631	56	32	ok	feed		gid://shopify/InventoryItem/55325093003649	ACTIVE
2026-09-24T05:36:45.708Z	0246619cfdfe	fortura-02814	2	5	ok	feed		gid://shopify/InventoryItem/55325093069185	ACTIVE
2026-09-24T05:36:45.708Z	0246619cfdfe	fortura-33700	65	104	ok	feed		gid://shopify/InventoryItem/55325093101953	ACTIVE
2026-09-24T05:36:45.708Z	0246619cfdfe	fortura-02192	12	152	ok	feed		gid://shopify/InventoryItem/55325093167489	ACTIVE
2026-09-24T05:36:45.708Z	0246619cfdfe	fortura-33973	200	186	ok	feed		gid://shopify/InventoryItem/55325093200257	ACTIVE
2026-09-24T05:36:45.708Z	0246619cfdfe	fortura-03012	6	11	ok	feed		gid://shopify/InventoryItem/55325093233025	ACTIVE
2026-09-24T05:36:45.708Z	0246619cfdfe	fortura-02204	68	136	ok	feed		gid://shopify/InventoryItem/55325093265793	ACTIVE
2026-09-24T05:36:45.708Z	0246619cfdfe	fortura-03015	6	37	ok	feed		gid://shopify/InventoryItem/55325093331329	ACTIVE
2026-09-24T05:36:45.708Z	0246619cfdfe	fortura-02207	28	30	ok	feed		gid://shopify/InventoryItem/55325093364097	ACTIVE
2026-09-24T05:36:45.708Z	0246619cfdfe	fortura-03018	28	90	ok	feed		gid://shopify/InventoryItem/55325093429633	ACTIVE
2026-09-24T05:36:45.708Z	0246619cfdfe	fortura-02216	38	173	ok	feed		gid://shopify/InventoryItem/55325093462401	ACTIVE
2026-09-24T05:36:45.708Z	0246619cfdfe	fortura-39385	42	38	ok	feed		gid://shopify/InventoryItem/55325093495169	ACTIVE
2026-09-24T05:36:45.708Z	0246619cfdfe	fortura-03081	15	7	ok	feed		gid://shopify/InventoryItem/55325093527937	ACTIVE
2026-09-24T05:36:45.708Z	0246619cfdfe	fortura-02222	4	9	ok	feed		gid://shopify/InventoryItem/55325093560705	ACTIVE
2026-09-24T05:36:45.708Z	0246619cfdfe	fortura-41332	120	108	ok	feed		gid://shopify/InventoryItem/55325093593473	ACTIVE
2026-09-24T05:36:45.708Z	0246619cfdfe	fortura-03120	40	105	ok	feed		gid://shopify/InventoryItem/55325093659009	ACTIVE
2026-09-24T05:36:45.708Z	0246619cfdfe	fortura-02225	44	37	ok	feed		gid://shopify/InventoryItem/55325093691777	ACTIVE
2026-09-24T05:36:45.708Z	0246619cfdfe	fortura-41464	1	7	ok	feed		gid://shopify/InventoryItem/55325093724545	ACTIVE
2026-09-24T05:36:45.708Z	0246619cfdfe	fortura-02228	81	66	ok	feed		gid://shopify/InventoryItem/55325093790081	ACTIVE
2026-09-24T05:36:45.708Z	0246619cfdfe	fortura-41605	2	1	ok	feed		gid://shopify/InventoryItem/55325093822849	ACTIVE
2026-09-24T05:36:45.708Z	0246619cfdfe	fortura-03162	6	66	ok	feed		gid://shopify/InventoryItem/55325093888385	ACTIVE
2026-09-24T05:36:45.708Z	0246619cfdfe	fortura-02252	38	103	ok	feed		gid://shopify/InventoryItem/55325093921153	ACTIVE
2026-09-24T05:36:45.708Z	0246619cfdfe	fortura-41608	1	0	ok	feed		gid://shopify/InventoryItem/55325093953921	ACTIVE
2026-09-24T05:36:45.709Z	0246619cfdfe	fortura-03180	31	84	ok	feed		gid://shopify/InventoryItem/55325093986689	ACTIVE
2026-09-24T05:36:45.709Z	0246619cfdfe	fortura-02309	141	133	ok	feed		gid://shopify/InventoryItem/55325094019457	ACTIVE
2026-09-24T05:36:45.709Z	0246619cfdfe	fortura-02318	1	168	ok	feed		gid://shopify/InventoryItem/55325094084993	ACTIVE
2026-09-24T05:36:45.709Z	0246619cfdfe	fortura-41668	35	32	ok	feed		gid://shopify/InventoryItem/55325094117761	ACTIVE
2026-09-24T05:36:45.709Z	0246619cfdfe	fortura-03198	12	28	ok	feed		gid://shopify/InventoryItem/55325094150529	ACTIVE
2026-09-24T05:36:45.709Z	0246619cfdfe	fortura-41674	53	32	ok	feed		gid://shopify/InventoryItem/55325094183297	ACTIVE
2026-09-24T05:36:45.709Z	0246619cfdfe	fortura-02324	2	130	ok	feed		gid://shopify/InventoryItem/55325094216065	ACTIVE
2026-09-24T05:36:45.709Z	0246619cfdfe	fortura-03420	76	68	ok	feed		gid://shopify/InventoryItem/55325094281601	ACTIVE
2026-09-24T05:36:45.709Z	0246619cfdfe	fortura-41743	1925	3286	ok	feed		gid://shopify/InventoryItem/55325094314369	ACTIVE
2026-09-24T05:36:45.709Z	0246619cfdfe	fortura-02327	18	6	ok	feed		gid://shopify/InventoryItem/55325094347137	ACTIVE
2026-09-24T05:36:45.709Z	0246619cfdfe	fortura-03453	47	77	ok	feed		gid://shopify/InventoryItem/55325094379905	ACTIVE
2026-09-24T05:36:45.709Z	0246619cfdfe	fortura-41758	1	0	ok	feed		gid://shopify/InventoryItem/55325094412673	ACTIVE
2026-09-24T05:36:45.709Z	0246619cfdfe	fortura-02330	31	81	ok	feed		gid://shopify/InventoryItem/55325094445441	ACTIVE
2026-09-24T05:36:45.709Z	0246619cfdfe	fortura-02336	72	48	ok	feed		gid://shopify/InventoryItem/55325103227265	ACTIVE
2026-09-24T05:36:45.709Z	0246619cfdfe	fortura-03471	74	72	ok	feed		gid://shopify/InventoryItem/55325103260033	ACTIVE
2026-09-24T05:36:45.709Z	0246619cfdfe	fortura-45595	24706	19738	ok	feed		gid://shopify/InventoryItem/55325103292801	ACTIVE
2026-09-24T05:36:45.709Z	0246619cfdfe	fortura-02345	89	304	ok	feed		gid://shopify/InventoryItem/55325103325569	ACTIVE
2026-09-24T05:36:45.709Z	0246619cfdfe	fortura-02426	54	42	ok	feed		gid://shopify/InventoryItem/55325103423873	ACTIVE
2026-09-24T05:36:45.709Z	0246619cfdfe	fortura-02432	1	128	ok	feed		gid://shopify/InventoryItem/55325103522177	ACTIVE
2026-09-24T05:36:45.709Z	0246619cfdfe	fortura-45838	6108	3946	ok	feed		gid://shopify/InventoryItem/55325103554945	ACTIVE
2026-09-24T05:36:45.709Z	0246619cfdfe	fortura-02456	32	14	ok	feed		gid://shopify/InventoryItem/55325103653249	ACTIVE
2026-09-24T05:36:45.709Z	0246619cfdfe	fortura-02465	46	135	ok	feed		gid://shopify/InventoryItem/55325103751553	ACTIVE
2026-09-24T05:36:45.709Z	0246619cfdfe	fortura-03621	21	31	ok	feed		gid://shopify/InventoryItem/55325103784321	ACTIVE
2026-09-24T05:36:45.709Z	0246619cfdfe	fortura-49279	309	231	ok	feed		gid://shopify/InventoryItem/55325103817089	ACTIVE
2026-09-24T05:36:45.709Z	0246619cfdfe	fortura-02483	60	46	ok	feed		gid://shopify/InventoryItem/55325103849857	ACTIVE
2026-09-24T05:36:45.709Z	0246619cfdfe	fortura-02501	17	34	ok	feed		gid://shopify/InventoryItem/55325103948161	ACTIVE
2026-09-24T05:36:45.709Z	0246619cfdfe	fortura-03669	25	33	ok	feed		gid://shopify/InventoryItem/55325104046465	ACTIVE
2026-09-24T05:36:45.709Z	0246619cfdfe	fortura-02504	21	30	ok	feed		gid://shopify/InventoryItem/55325104079233	ACTIVE
2026-09-24T05:36:45.709Z	0246619cfdfe	fortura-49510	27	25	ok	feed		gid://shopify/InventoryItem/55325104112001	ACTIVE
2026-09-24T05:36:45.709Z	0246619cfdfe	fortura-02507	18	10	ok	feed		gid://shopify/InventoryItem/55325104177537	ACTIVE
2026-09-24T05:36:45.709Z	0246619cfdfe	fortura-02513	49	38	ok	feed		gid://shopify/InventoryItem/55325104243073	ACTIVE
2026-09-24T05:36:45.709Z	0246619cfdfe	fortura-03771	21	17	ok	feed		gid://shopify/InventoryItem/55325104275841	ACTIVE
2026-09-24T05:36:45.709Z	0246619cfdfe	fortura-02525	4	20	ok	feed		gid://shopify/InventoryItem/55325104341377	ACTIVE
2026-09-24T05:36:45.709Z	0246619cfdfe	fortura-03780	33	30	ok	feed		gid://shopify/InventoryItem/55325104374145	ACTIVE
2026-09-24T05:36:45.709Z	0246619cfdfe	fortura-50672-1	10	9	ok	feed		gid://shopify/InventoryItem/55325104406913	ACTIVE
2026-09-24T05:36:45.709Z	0246619cfdfe	fortura-02528	9	28	ok	feed		gid://shopify/InventoryItem/55325104439681	ACTIVE
2026-09-24T05:36:45.709Z	0246619cfdfe	fortura-04041	17	35	ok	feed		gid://shopify/InventoryItem/55325104472449	ACTIVE
2026-09-24T05:36:45.709Z	0246619cfdfe	fortura-02543	8	6	ok	feed		gid://shopify/InventoryItem/55325104537985	ACTIVE
2026-09-24T05:36:45.709Z	0246619cfdfe	fortura-50675-1	52	45	ok	feed		gid://shopify/InventoryItem/55325104636289	ACTIVE
2026-09-24T05:36:45.709Z	0246619cfdfe	fortura-02546	19	35	ok	feed		gid://shopify/InventoryItem/55325104701825	ACTIVE
2026-09-24T05:36:45.709Z	0246619cfdfe	fortura-50675-4	97	26	ok	feed		gid://shopify/InventoryItem/55325104734593	ACTIVE
2026-09-24T05:36:45.709Z	0246619cfdfe	fortura-060007	11	44	ok	feed		gid://shopify/InventoryItem/55325104767361	ACTIVE
2026-09-24T05:36:45.709Z	0246619cfdfe	fortura-02582	42	70	ok	feed		gid://shopify/InventoryItem/55325104800129	ACTIVE
2026-09-24T05:36:45.709Z	0246619cfdfe	fortura-060100	96	85	ok	feed		gid://shopify/InventoryItem/55325104865665	ACTIVE
2026-09-24T05:36:45.709Z	0246619cfdfe	fortura-02672	57	55	ok	feed		gid://shopify/InventoryItem/55325104898433	ACTIVE
2026-09-24T05:36:45.709Z	0246619cfdfe	fortura-52474	3076	2144	ok	feed		gid://shopify/InventoryItem/55325104931201	ACTIVE
2026-09-24T05:36:45.709Z	0246619cfdfe	fortura-02675	53	50	ok	feed		gid://shopify/InventoryItem/55325105029505	ACTIVE
2026-09-24T05:36:45.709Z	0246619cfdfe	fortura-060406	24	22	ok	feed		gid://shopify/InventoryItem/55325105127809	ACTIVE
2026-09-24T05:36:45.709Z	0246619cfdfe	fortura-52510	9158	8246	ok	feed		gid://shopify/InventoryItem/55325105324417	ACTIVE
2026-09-24T05:36:45.709Z	0246619cfdfe	fortura-53452	62	381	ok	feed		gid://shopify/InventoryItem/55325106143617	ACTIVE
2026-09-24T05:36:45.709Z	0246619cfdfe	fortura-062002	25	52	ok	feed		gid://shopify/InventoryItem/55325106176385	ACTIVE
2026-09-24T05:36:45.709Z	0246619cfdfe	fortura-02684	16	36	ok	feed		gid://shopify/InventoryItem/55325106209153	ACTIVE
2026-09-24T05:36:45.709Z	0246619cfdfe	fortura-062008	23	10	ok	feed		gid://shopify/InventoryItem/55325106241921	ACTIVE
2026-09-24T05:36:45.709Z	0246619cfdfe	fortura-55381	177	165	ok	feed		gid://shopify/InventoryItem/55325106274689	ACTIVE
2026-09-24T05:36:45.709Z	0246619cfdfe	fortura-02741	32	58	ok	feed		gid://shopify/InventoryItem/55325106307457	ACTIVE
2026-09-24T05:36:45.709Z	0246619cfdfe	fortura-062104	37	135	ok	feed		gid://shopify/InventoryItem/55325106340225	ACTIVE
2026-09-24T05:36:45.709Z	0246619cfdfe	fortura-57079	1232	1231	ok	feed		gid://shopify/InventoryItem/55325106372993	ACTIVE
2026-09-24T05:36:45.709Z	0246619cfdfe	fortura-062110	8	7	ok	feed		gid://shopify/InventoryItem/55325106438529	ACTIVE
2026-09-24T05:36:45.709Z	0246619cfdfe	fortura-57712	83	56	ok	feed		gid://shopify/InventoryItem/55325106471297	ACTIVE
2026-09-24T05:36:45.709Z	0246619cfdfe	fortura-02771	38	23	ok	feed		gid://shopify/InventoryItem/55325106602369	ACTIVE
2026-09-24T05:36:45.710Z	0246619cfdfe	fortura-062611	44	60	ok	feed		gid://shopify/InventoryItem/55325106635137	ACTIVE
2026-09-24T05:36:46.716Z	0246619cfdfe	fortura-02774	57	54	ok	feed		gid://shopify/InventoryItem/55325106700673	ACTIVE
2026-09-24T05:36:46.716Z	0246619cfdfe	fortura-02801	96	94	ok	feed		gid://shopify/InventoryItem/55325106798977	ACTIVE
2026-09-24T05:36:46.716Z	0246619cfdfe	fortura-062650	27	87	ok	feed		gid://shopify/InventoryItem/55325106831745	ACTIVE
2026-09-24T05:36:46.716Z	0246619cfdfe	fortura-02813	2	0	ok	feed		gid://shopify/InventoryItem/55325106995585	ACTIVE
2026-09-24T05:36:46.716Z	0246619cfdfe	fortura-062731	27	19	ok	feed		gid://shopify/InventoryItem/55325107028353	ACTIVE
2026-09-24T05:36:46.716Z	0246619cfdfe	fortura-58318	32	29	ok	feed		gid://shopify/InventoryItem/55325107061121	ACTIVE
2026-09-24T05:36:46.716Z	0246619cfdfe	fortura-02831	11	13	ok	feed		gid://shopify/InventoryItem/55325107093889	ACTIVE
2026-09-24T05:36:46.716Z	0246619cfdfe	fortura-59002	175	275	ok	feed		gid://shopify/InventoryItem/55325107159425	ACTIVE
2026-09-24T05:36:46.716Z	0246619cfdfe	fortura-063010	24	44	ok	feed		gid://shopify/InventoryItem/55325107224961	ACTIVE
2026-09-24T05:36:46.716Z	0246619cfdfe	fortura-59098	147	237	ok	feed		gid://shopify/InventoryItem/55325107257729	ACTIVE
2026-09-24T05:36:46.716Z	0246619cfdfe	fortura-59562S	7	5	ok	feed		gid://shopify/InventoryItem/55325107356033	ACTIVE
2026-09-24T05:36:46.716Z	0246619cfdfe	fortura-03041	14	24	ok	feed		gid://shopify/InventoryItem/55325107388801	ACTIVE
2026-09-24T05:36:46.716Z	0246619cfdfe	fortura-09042	40	38	ok	feed		gid://shopify/InventoryItem/55325107421569	ACTIVE
2026-09-24T05:36:46.716Z	0246619cfdfe	fortura-03047	26	23	ok	feed		gid://shopify/InventoryItem/55325107519873	ACTIVE
2026-09-24T05:36:46.716Z	0246619cfdfe	fortura-59755	3147	2703	ok	feed		gid://shopify/InventoryItem/55325107552641	ACTIVE
2026-09-24T05:36:46.717Z	0246619cfdfe	fortura-176	288	298	ok	feed		gid://shopify/InventoryItem/55325107585409	ACTIVE
2026-09-24T05:36:46.717Z	0246619cfdfe	fortura-59854	1598	1329	ok	feed		gid://shopify/InventoryItem/55325107650945	ACTIVE
2026-09-24T05:36:46.717Z	0246619cfdfe	fortura-60880	3120	600	ok	feed		gid://shopify/InventoryItem/55325107749249	ACTIVE
2026-09-24T05:36:46.717Z	0246619cfdfe	fortura-17778	4	0	ok	feed		gid://shopify/InventoryItem/55325107782017	ACTIVE
2026-09-24T05:36:46.717Z	0246619cfdfe	fortura-63457	37657	37081	ok	feed		gid://shopify/InventoryItem/55325108044161	ACTIVE
2026-09-24T05:36:46.717Z	0246619cfdfe	fortura-03413	43	48	ok	feed		gid://shopify/InventoryItem/55325108109697	ACTIVE
2026-09-24T05:36:46.717Z	0246619cfdfe	fortura-64423	189	176	ok	feed		gid://shopify/InventoryItem/55325108208001	ACTIVE
2026-09-24T05:36:46.717Z	0246619cfdfe	fortura-03452	53	55	ok	feed		gid://shopify/InventoryItem/55325108273537	ACTIVE
2026-09-24T05:36:46.717Z	0246619cfdfe	fortura-03470	44	42	ok	feed		gid://shopify/InventoryItem/55325108371841	ACTIVE
2026-09-24T05:36:46.717Z	0246619cfdfe	fortura-03485	56	55	ok	feed		gid://shopify/InventoryItem/55325108470145	ACTIVE
2026-09-24T05:36:46.717Z	0246619cfdfe	fortura-03524	1	0	ok	feed		gid://shopify/InventoryItem/55325108568449	ACTIVE
2026-09-24T05:36:46.717Z	0246619cfdfe	fortura-03548	31	55	ok	feed		gid://shopify/InventoryItem/55325108666753	ACTIVE
2026-09-24T05:36:46.717Z	0246619cfdfe	fortura-71467	97	58	ok	feed		gid://shopify/InventoryItem/55325108732289	ACTIVE
2026-09-24T05:36:46.717Z	0246619cfdfe	fortura-03551	39	36	ok	feed		gid://shopify/InventoryItem/55325108765057	ACTIVE
2026-09-24T05:36:46.717Z	0246619cfdfe	fortura-71599	2880	2800	ok	feed		gid://shopify/InventoryItem/55325108830593	ACTIVE
2026-09-24T05:36:46.717Z	0246619cfdfe	fortura-195-01	195	204	ok	feed		gid://shopify/InventoryItem/55325108896129	ACTIVE
2026-09-24T05:36:46.717Z	0246619cfdfe	fortura-03623	23	19	ok	feed		gid://shopify/InventoryItem/55325108961665	ACTIVE
2026-09-24T05:36:46.717Z	0246619cfdfe	fortura-195-16	50	28	ok	feed		gid://shopify/InventoryItem/55325108994433	ACTIVE
2026-09-24T05:36:46.717Z	0246619cfdfe	fortura-76807	1441	1123	ok	feed		gid://shopify/InventoryItem/55325109027201	ACTIVE
2026-09-24T05:36:46.717Z	0246619cfdfe	fortura-03761	17	16	ok	feed		gid://shopify/InventoryItem/55325109092737	ACTIVE
2026-09-24T05:36:46.717Z	0246619cfdfe	fortura-80278	4835	7315	ok	feed		gid://shopify/InventoryItem/55325109158273	ACTIVE
2026-09-24T05:36:46.717Z	0246619cfdfe	fortura-20403	54	47	ok	feed		gid://shopify/InventoryItem/55325109223809	ACTIVE
2026-09-24T05:36:46.717Z	0246619cfdfe	fortura-80341	211	190	ok	feed		gid://shopify/InventoryItem/55325109256577	ACTIVE
2026-09-24T05:36:46.717Z	0246619cfdfe	fortura-03767	20	29	ok	feed		gid://shopify/InventoryItem/55325109289345	ACTIVE
2026-09-24T05:36:46.717Z	0246619cfdfe	fortura-03785	19	27	ok	feed		gid://shopify/InventoryItem/55325109420417	ACTIVE
2026-09-24T05:36:46.717Z	0246619cfdfe	fortura-20427	21	20	ok	feed		gid://shopify/InventoryItem/55325109453185	ACTIVE
2026-09-24T05:36:46.717Z	0246619cfdfe	fortura-80485	90	142	ok	feed		gid://shopify/InventoryItem/55325109485953	ACTIVE
2026-09-24T05:36:46.717Z	0246619cfdfe	fortura-04040	43	71	ok	feed		gid://shopify/InventoryItem/55325109518721	ACTIVE
2026-09-24T05:36:46.717Z	0246619cfdfe	fortura-20646	24	22	ok	feed		gid://shopify/InventoryItem/55325109551489	ACTIVE
2026-09-24T05:36:46.717Z	0246619cfdfe	fortura-81016	41	40	ok	feed		gid://shopify/InventoryItem/55325109617025	ACTIVE
2026-09-24T05:36:46.717Z	0246619cfdfe	fortura-04055	16	28	ok	feed		gid://shopify/InventoryItem/55325109649793	ACTIVE
2026-09-24T05:36:46.717Z	0246619cfdfe	fortura-21006	130	119	ok	feed		gid://shopify/InventoryItem/55325109780865	ACTIVE
2026-09-24T05:36:46.717Z	0246619cfdfe	fortura-82012	86	68	ok	feed		gid://shopify/InventoryItem/55325109846401	ACTIVE
2026-09-24T05:36:46.717Z	0246619cfdfe	fortura-060006	44	116	ok	feed		gid://shopify/InventoryItem/55325109879169	ACTIVE
2026-09-24T05:36:46.717Z	0246619cfdfe	fortura-21060	14	12	ok	feed		gid://shopify/InventoryItem/55325109911937	ACTIVE
2026-09-24T05:36:46.717Z	0246619cfdfe	fortura-060030	10	74	ok	feed		gid://shopify/InventoryItem/55325110010241	ACTIVE
2026-09-24T05:36:46.717Z	0246619cfdfe	fortura-85531	46	36	ok	feed		gid://shopify/InventoryItem/55325110075777	ACTIVE
2026-09-24T05:36:46.717Z	0246619cfdfe	fortura-21259	39	38	ok	feed		gid://shopify/InventoryItem/55325110141313	ACTIVE
2026-09-24T05:36:46.717Z	0246619cfdfe	fortura-21260	40	39	ok	feed		gid://shopify/InventoryItem/55325110174081	ACTIVE
2026-09-24T05:36:46.717Z	0246619cfdfe	fortura-21261	40	39	ok	feed		gid://shopify/InventoryItem/55325110206849	ACTIVE
2026-09-24T05:36:46.717Z	0246619cfdfe	fortura-21262	40	39	ok	feed		gid://shopify/InventoryItem/55325110239617	ACTIVE
2026-09-24T05:36:46.717Z	0246619cfdfe	fortura-21263	40	39	ok	feed		gid://shopify/InventoryItem/55325110272385	ACTIVE
2026-09-24T05:36:46.717Z	0246619cfdfe	fortura-21264	49	48	ok	feed		gid://shopify/InventoryItem/55325110305153	ACTIVE
2026-09-24T05:36:46.717Z	0246619cfdfe	fortura-21265	49	48	ok	feed		gid://shopify/InventoryItem/55325110337921	ACTIVE
2026-09-24T05:36:46.717Z	0246619cfdfe	fortura-21266	49	48	ok	feed		gid://shopify/InventoryItem/55325110370689	ACTIVE
2026-09-24T05:36:46.717Z	0246619cfdfe	fortura-21267	49	48	ok	feed		gid://shopify/InventoryItem/55325110403457	ACTIVE
2026-09-24T05:36:46.717Z	0246619cfdfe	fortura-21268	48	47	ok	feed		gid://shopify/InventoryItem/55325110436225	ACTIVE
2026-09-24T05:36:46.717Z	0246619cfdfe	fortura-35212	11	10	ok	feed		gid://shopify/InventoryItem/55325110468993	ACTIVE
2026-09-24T05:36:46.717Z	0246619cfdfe	fortura-85732	139	137	ok	feed		gid://shopify/InventoryItem/55325110534529	ACTIVE
2026-09-24T05:36:46.717Z	0246619cfdfe	fortura-060405	114	113	ok	feed		gid://shopify/InventoryItem/55325110567297	ACTIVE
2026-09-24T05:36:46.717Z	0246619cfdfe	fortura-21314S	208	206	ok	feed		gid://shopify/InventoryItem/55325110600065	ACTIVE
2026-09-24T05:36:46.717Z	0246619cfdfe	fortura-85735	43	42	ok	feed		gid://shopify/InventoryItem/55325110665601	ACTIVE
2026-09-24T05:36:46.717Z	0246619cfdfe	fortura-85738	163	139	ok	feed		gid://shopify/InventoryItem/55325110796673	ACTIVE
2026-09-24T05:36:46.717Z	0246619cfdfe	fortura-062007	1	61	ok	feed		gid://shopify/InventoryItem/55325110829441	ACTIVE
2026-09-24T05:36:46.717Z	0246619cfdfe	fortura-062100	46	83	ok	feed		gid://shopify/InventoryItem/55325110960513	ACTIVE
2026-09-24T05:36:46.717Z	0246619cfdfe	fortura-21537	120	107	ok	feed		gid://shopify/InventoryItem/55325110993281	ACTIVE
2026-09-24T05:36:46.717Z	0246619cfdfe	fortura-062103	9	31	ok	feed		gid://shopify/InventoryItem/55325111091585	ACTIVE
2026-09-24T05:36:46.717Z	0246619cfdfe	fortura-86500	106	104	ok	feed		gid://shopify/InventoryItem/55325111189889	ACTIVE
2026-09-24T05:36:46.717Z	0246619cfdfe	fortura-062130	24	37	ok	feed		gid://shopify/InventoryItem/55325111255425	ACTIVE
2026-09-24T05:36:46.717Z	0246619cfdfe	fortura-86866	113	2	ok	feed		gid://shopify/InventoryItem/55325111288193	ACTIVE
2026-09-24T05:36:46.717Z	0246619cfdfe	fortura-25746	87	83	ok	feed		gid://shopify/InventoryItem/55325111320961	ACTIVE
2026-09-24T05:36:46.717Z	0246619cfdfe	fortura-87112	113	102	ok	feed		gid://shopify/InventoryItem/55325111386497	ACTIVE
2026-09-24T05:36:46.718Z	0246619cfdfe	fortura-25749	39	31	ok	feed		gid://shopify/InventoryItem/55325111452033	ACTIVE
2026-09-24T05:36:46.718Z	0246619cfdfe	fortura-87115	55	54	ok	feed		gid://shopify/InventoryItem/55325111484801	ACTIVE
2026-09-24T05:36:46.718Z	0246619cfdfe	fortura-25752	15	8	ok	feed		gid://shopify/InventoryItem/55325111550337	ACTIVE
2026-09-24T05:36:46.718Z	0246619cfdfe	fortura-87145	14	13	ok	feed		gid://shopify/InventoryItem/55325111583105	ACTIVE
2026-09-24T05:36:46.718Z	0246619cfdfe	fortura-062604	35	142	ok	feed		gid://shopify/InventoryItem/55325111648641	ACTIVE
2026-09-24T05:36:46.718Z	0246619cfdfe	fortura-87226	13	5	ok	feed		gid://shopify/InventoryItem/55325111681409	ACTIVE
2026-09-24T05:36:46.718Z	0246619cfdfe	fortura-062610	125	116	ok	feed		gid://shopify/InventoryItem/55325111746945	ACTIVE
2026-09-24T05:36:46.718Z	0246619cfdfe	fortura-87241	238	201	ok	feed		gid://shopify/InventoryItem/55325111779713	ACTIVE
2026-09-24T05:36:46.718Z	0246619cfdfe	fortura-062733	26	22	ok	feed		gid://shopify/InventoryItem/55325111812481	ACTIVE
2026-09-24T05:36:46.718Z	0246619cfdfe	fortura-87253	48	41	ok	feed		gid://shopify/InventoryItem/55325111878017	ACTIVE
2026-09-24T05:36:46.718Z	0246619cfdfe	fortura-063000	22	67	ok	feed		gid://shopify/InventoryItem/55325111910785	ACTIVE
2026-09-24T05:36:46.718Z	0246619cfdfe	fortura-872534	19	24	ok	feed		gid://shopify/InventoryItem/55325111976321	ACTIVE
2026-09-24T05:36:46.718Z	0246619cfdfe	fortura-063051	24	14	ok	feed		gid://shopify/InventoryItem/55325112009089	ACTIVE
2026-09-24T05:36:46.718Z	0246619cfdfe	fortura-872537	20	62	ok	feed		gid://shopify/InventoryItem/55325112074625	ACTIVE
2026-09-24T05:36:46.718Z	0246619cfdfe	fortura-063111	48	38	ok	feed		gid://shopify/InventoryItem/55325112107393	ACTIVE
2026-09-24T05:36:46.718Z	0246619cfdfe	fortura-25869	395	391	ok	feed		gid://shopify/InventoryItem/55325112140161	ACTIVE
2026-09-24T05:36:46.718Z	0246619cfdfe	fortura-87292	66	61	ok	feed		gid://shopify/InventoryItem/55325112172929	ACTIVE
2026-09-24T05:36:46.718Z	0246619cfdfe	fortura-25872	309	305	ok	feed		gid://shopify/InventoryItem/55325112205697	ACTIVE
2026-09-24T05:36:46.718Z	0246619cfdfe	fortura-063120	72	70	ok	feed		gid://shopify/InventoryItem/55325112238465	ACTIVE
2026-09-24T05:36:46.718Z	0246619cfdfe	fortura-87619	148	141	ok	feed		gid://shopify/InventoryItem/55325112271233	ACTIVE
2026-09-24T05:36:46.718Z	0246619cfdfe	fortura-25878	33	32	ok	feed		gid://shopify/InventoryItem/55325112304001	ACTIVE
2026-09-24T05:36:46.718Z	0246619cfdfe	fortura-063150	23	22	ok	feed		gid://shopify/InventoryItem/55325112336769	ACTIVE
2026-09-24T05:36:46.718Z	0246619cfdfe	fortura-87712	33	21	ok	feed		gid://shopify/InventoryItem/55325112369537	ACTIVE
2026-09-24T05:36:47.685Z	0246619cfdfe	fortura-10034	186	167	ok	feed		gid://shopify/InventoryItem/55325112467841	ACTIVE
2026-09-24T05:36:47.685Z	0246619cfdfe	fortura-88036	167	97	ok	feed		gid://shopify/InventoryItem/55325112500609	ACTIVE
2026-09-24T05:36:47.685Z	0246619cfdfe	fortura-25890	53	47	ok	feed		gid://shopify/InventoryItem/55325112533377	ACTIVE
2026-09-24T05:36:47.685Z	0246619cfdfe	fortura-10052	197	7157	ok	feed		gid://shopify/InventoryItem/55325112566145	ACTIVE
2026-09-24T05:36:47.685Z	0246619cfdfe	fortura-10055	2053	2787	ok	feed		gid://shopify/InventoryItem/55325112664449	ACTIVE
2026-09-24T05:36:47.685Z	0246619cfdfe	fortura-88144	14	8	ok	feed		gid://shopify/InventoryItem/55325112697217	ACTIVE
2026-09-24T05:36:47.685Z	0246619cfdfe	fortura-27000	3	2	ok	feed		gid://shopify/InventoryItem/55325112729985	ACTIVE
2026-09-24T05:36:47.685Z	0246619cfdfe	fortura-17788S	1	0	ok	feed		gid://shopify/InventoryItem/55325112762753	ACTIVE
2026-09-24T05:36:47.685Z	0246619cfdfe	fortura-88255	14	11	ok	feed		gid://shopify/InventoryItem/55325112795521	ACTIVE
2026-09-24T05:36:47.685Z	0246619cfdfe	fortura-33513	61	51	ok	feed		gid://shopify/InventoryItem/55325112861057	ACTIVE
2026-09-24T05:36:47.685Z	0246619cfdfe	fortura-88591	95	94	ok	feed		gid://shopify/InventoryItem/55325112893825	ACTIVE
2026-09-24T05:36:47.685Z	0246619cfdfe	fortura-17849	25	18	ok	feed		gid://shopify/InventoryItem/55325112926593	ACTIVE
2026-09-24T05:36:47.685Z	0246619cfdfe	fortura-33516	7	3	ok	feed		gid://shopify/InventoryItem/55325112959361	ACTIVE
2026-09-24T05:36:47.685Z	0246619cfdfe	fortura-33588	77	46	ok	feed		gid://shopify/InventoryItem/55325113057665	ACTIVE
2026-09-24T05:36:47.685Z	0246619cfdfe	fortura-904874	13	2	ok	feed		gid://shopify/InventoryItem/55325113090433	ACTIVE
2026-09-24T05:36:47.685Z	0246619cfdfe	fortura-33750	1138	1051	ok	feed		gid://shopify/InventoryItem/55325113155969	ACTIVE
2026-09-24T05:36:47.685Z	0246619cfdfe	fortura-33870	7	0	ok	feed		gid://shopify/InventoryItem/55325113254273	ACTIVE
2026-09-24T05:36:47.685Z	0246619cfdfe	fortura-910994	2	1	ok	feed		gid://shopify/InventoryItem/55325113287041	ACTIVE
2026-09-24T05:36:47.685Z	0246619cfdfe	fortura-17873	58	57	ok	feed		gid://shopify/InventoryItem/55325113418113	ACTIVE
2026-09-24T05:36:47.685Z	0246619cfdfe	fortura-33972	124	114	ok	feed		gid://shopify/InventoryItem/55325113450881	ACTIVE
2026-09-24T05:36:47.685Z	0246619cfdfe	fortura-342-13	1	0	ok	feed		gid://shopify/InventoryItem/55325113549185	ACTIVE
2026-09-24T05:36:47.685Z	0246619cfdfe	fortura-41331	54	44	ok	feed		gid://shopify/InventoryItem/55325113614721	ACTIVE
2026-09-24T05:36:47.685Z	0246619cfdfe	fortura-17966	385	381	ok	feed		gid://shopify/InventoryItem/55325113647489	ACTIVE
2026-09-24T05:36:47.685Z	0246619cfdfe	fortura-41343	2467	2317	ok	feed		gid://shopify/InventoryItem/55325113745793	ACTIVE
2026-09-24T05:36:47.685Z	0246619cfdfe	fortura-20396	71	63	ok	feed		gid://shopify/InventoryItem/55325113811329	ACTIVE
2026-09-24T05:36:47.685Z	0246619cfdfe	fortura-20402	72	71	ok	feed		gid://shopify/InventoryItem/55325113975169	ACTIVE
2026-09-24T05:36:47.685Z	0246619cfdfe	fortura-AC6056543	4	2	ok	feed		gid://shopify/InventoryItem/55325113942401	ACTIVE
2026-09-24T05:36:47.685Z	0246619cfdfe	fortura-20465	84	61	ok	feed		gid://shopify/InventoryItem/55325114171777	ACTIVE
2026-09-24T05:36:47.685Z	0246619cfdfe	fortura-41670	25	18	ok	feed		gid://shopify/InventoryItem/55325114237313	ACTIVE
2026-09-24T05:36:47.685Z	0246619cfdfe	fortura-41673	60	50	ok	feed		gid://shopify/InventoryItem/55325114335617	ACTIVE
2026-09-24T05:36:47.685Z	0246619cfdfe	fortura-21008	213	203	ok	feed		gid://shopify/InventoryItem/55325114368385	ACTIVE
2026-09-24T05:36:47.685Z	0246619cfdfe	fortura-41676	180	132	ok	feed		gid://shopify/InventoryItem/55325114401153	ACTIVE
2026-09-24T05:36:47.685Z	0246619cfdfe	fortura-41724	22	6	ok	feed		gid://shopify/InventoryItem/55325114466689	ACTIVE
2026-09-24T05:36:47.685Z	0246619cfdfe	fortura-41772	34	31	ok	feed		gid://shopify/InventoryItem/55325114532225	ACTIVE
2026-09-24T05:36:47.685Z	0246619cfdfe	fortura-21137	186	182	ok	feed		gid://shopify/InventoryItem/55325114564993	ACTIVE
2026-09-24T05:36:47.685Z	0246619cfdfe	fortura-41793	7764	7284	ok	feed		gid://shopify/InventoryItem/55325114597761	ACTIVE
2026-09-24T05:36:47.685Z	0246619cfdfe	fortura-21245	16	5	ok	feed		gid://shopify/InventoryItem/55325114630529	ACTIVE
2026-09-24T05:36:47.685Z	0246619cfdfe	fortura-42900	8898	6142	ok	feed		gid://shopify/InventoryItem/55325114663297	ACTIVE
2026-09-24T05:36:47.685Z	0246619cfdfe	fortura-21316S	207	206	ok	feed		gid://shopify/InventoryItem/55325114696065	ACTIVE
2026-09-24T05:36:47.685Z	0246619cfdfe	fortura-42915	131	2	ok	feed		gid://shopify/InventoryItem/55325114728833	ACTIVE
2026-09-24T05:36:47.686Z	0246619cfdfe	fortura-43299	5160	5110	ok	feed		gid://shopify/InventoryItem/55325114794369	ACTIVE
2026-09-24T05:36:47.686Z	0246619cfdfe	fortura-21536	57	37	ok	feed		gid://shopify/InventoryItem/55325114827137	ACTIVE
2026-09-24T05:36:47.686Z	0246619cfdfe	fortura-44061	4838	3027	ok	feed		gid://shopify/InventoryItem/55325114859905	ACTIVE
2026-09-24T05:36:47.686Z	0246619cfdfe	fortura-25310	11239	11132	ok	feed		gid://shopify/InventoryItem/55325114892673	ACTIVE
2026-09-24T05:36:47.686Z	0246619cfdfe	fortura-45837	2281	7043	ok	feed		gid://shopify/InventoryItem/55325114925441	ACTIVE
2026-09-24T05:36:47.686Z	0246619cfdfe	fortura-488	89	78	ok	feed		gid://shopify/InventoryItem/55325114990977	ACTIVE
2026-09-24T05:36:47.686Z	0246619cfdfe	fortura-49245	74	58	ok	feed		gid://shopify/InventoryItem/55325115056513	ACTIVE
2026-09-24T05:36:47.686Z	0246619cfdfe	fortura-25450SW	13	12	ok	feed		gid://shopify/InventoryItem/55325115089281	ACTIVE
2026-09-24T05:36:47.686Z	0246619cfdfe	fortura-49248	81	79	ok	feed		gid://shopify/InventoryItem/55325115122049	ACTIVE
2026-09-24T05:36:47.686Z	0246619cfdfe	fortura-49350	77	101	ok	feed		gid://shopify/InventoryItem/55325115253121	ACTIVE
2026-09-24T05:36:47.686Z	0246619cfdfe	fortura-49455	75	74	ok	feed		gid://shopify/InventoryItem/55325115318657	ACTIVE
2026-09-24T05:36:47.686Z	0246619cfdfe	fortura-49668	57	54	ok	feed		gid://shopify/InventoryItem/55325115449729	ACTIVE
2026-09-24T05:36:47.686Z	0246619cfdfe	fortura-25775	170	167	ok	feed		gid://shopify/InventoryItem/55325115482497	ACTIVE
2026-09-24T05:36:47.686Z	0246619cfdfe	fortura-50199	15722	11926	ok	feed		gid://shopify/InventoryItem/55325115580801	ACTIVE
2026-09-24T05:36:47.686Z	0246619cfdfe	fortura-25832	92687	91503	ok	feed		gid://shopify/InventoryItem/55325115613569	ACTIVE
2026-09-24T05:36:47.686Z	0246619cfdfe	fortura-25871	447	443	ok	feed		gid://shopify/InventoryItem/55325115711873	ACTIVE
2026-09-24T05:36:47.686Z	0246619cfdfe	fortura-50675-3	48	39	ok	feed		gid://shopify/InventoryItem/55325115744641	ACTIVE
2026-09-24T05:36:47.686Z	0246619cfdfe	fortura-512	80	36	ok	feed		gid://shopify/InventoryItem/55325115810177	ACTIVE
2026-09-24T05:36:47.686Z	0246619cfdfe	fortura-26417	66	62	ok	feed		gid://shopify/InventoryItem/55325200580993	ACTIVE
2026-09-24T05:36:47.686Z	0246619cfdfe	fortura-57114	6	5	ok	feed		gid://shopify/InventoryItem/55325200613761	ACTIVE
2026-09-24T05:36:47.686Z	0246619cfdfe	fortura-57840	836	761	ok	feed		gid://shopify/InventoryItem/55325200679297	ACTIVE
2026-09-24T05:36:47.686Z	0246619cfdfe	fortura-33101	424	347	ok	feed		gid://shopify/InventoryItem/55325200712065	ACTIVE
2026-09-24T05:36:47.686Z	0246619cfdfe	fortura-57945	114	108	ok	feed		gid://shopify/InventoryItem/55325200744833	ACTIVE
2026-09-24T05:36:47.686Z	0246619cfdfe	fortura-33518	32	24	ok	feed		gid://shopify/InventoryItem/55325200777601	ACTIVE
2026-09-24T05:36:47.686Z	0246619cfdfe	fortura-57993	67	33	ok	feed		gid://shopify/InventoryItem/55325200843137	ACTIVE
2026-09-24T05:36:47.686Z	0246619cfdfe	fortura-33665	77	74	ok	feed		gid://shopify/InventoryItem/55325200908673	ACTIVE
2026-09-24T05:36:47.686Z	0246619cfdfe	fortura-58118S	2	0	ok	feed		gid://shopify/InventoryItem/55325200941441	ACTIVE
2026-09-24T05:36:47.686Z	0246619cfdfe	fortura-33713	170	166	ok	feed		gid://shopify/InventoryItem/55325200974209	ACTIVE
2026-09-24T05:36:47.686Z	0246619cfdfe	fortura-59001	217	207	ok	feed		gid://shopify/InventoryItem/55325201138049	ACTIVE
2026-09-24T05:36:47.686Z	0246619cfdfe	fortura-342-18	1	0	ok	feed		gid://shopify/InventoryItem/55325201170817	ACTIVE
2026-09-24T05:36:47.686Z	0246619cfdfe	fortura-59649	18	15	ok	feed		gid://shopify/InventoryItem/55325201269121	ACTIVE
2026-09-24T05:36:47.686Z	0246619cfdfe	fortura-59754	2810	2164	ok	feed		gid://shopify/InventoryItem/55325201334657	ACTIVE
2026-09-24T05:36:47.686Z	0246619cfdfe	fortura-59778	1553	522	ok	feed		gid://shopify/InventoryItem/55325201367425	ACTIVE
2026-09-24T05:36:47.686Z	0246619cfdfe	fortura-368-01	12	0	ok	feed		gid://shopify/InventoryItem/55325201400193	ACTIVE
2026-09-24T05:36:47.686Z	0246619cfdfe	fortura-41447	76	75	ok	feed		gid://shopify/InventoryItem/55325201432961	ACTIVE
2026-09-24T05:36:47.686Z	0246619cfdfe	fortura-41543	188	164	ok	feed		gid://shopify/InventoryItem/55325201531265	ACTIVE
2026-09-24T05:36:47.686Z	0246619cfdfe	fortura-59844	12	2	ok	feed		gid://shopify/InventoryItem/55325201564033	ACTIVE
2026-09-24T05:36:47.686Z	0246619cfdfe	fortura-60333	4	232	ok	feed		gid://shopify/InventoryItem/55325201629569	ACTIVE
2026-09-24T05:36:47.686Z	0246619cfdfe	fortura-60645	1660	3024	ok	feed		gid://shopify/InventoryItem/55325201760641	ACTIVE
2026-09-24T05:36:47.686Z	0246619cfdfe	fortura-41771	4	0	ok	feed		gid://shopify/InventoryItem/55325201924481	ACTIVE
2026-09-24T05:36:47.686Z	0246619cfdfe	fortura-64425	47	46	ok	feed		gid://shopify/InventoryItem/55325201957249	ACTIVE
2026-09-24T05:36:47.686Z	0246619cfdfe	fortura-430	257	202	ok	feed		gid://shopify/InventoryItem/55325202055553	ACTIVE
2026-09-24T05:36:47.686Z	0246619cfdfe	fortura-45593	17408	15501	ok	feed		gid://shopify/InventoryItem/55325202121089	ACTIVE
2026-09-24T05:36:47.686Z	0246619cfdfe	fortura-45836	7624	7379	ok	feed		gid://shopify/InventoryItem/55325202186625	ACTIVE
2026-09-24T05:36:47.686Z	0246619cfdfe	fortura-49280	259	211	ok	feed		gid://shopify/InventoryItem/55325202317697	ACTIVE
2026-09-24T05:36:47.686Z	0246619cfdfe	fortura-67755	141	2801	ok	feed		gid://shopify/InventoryItem/55325202350465	ACTIVE
2026-09-24T05:36:47.686Z	0246619cfdfe	fortura-68964	132	116	ok	feed		gid://shopify/InventoryItem/55325202383233	ACTIVE
2026-09-24T05:36:47.686Z	0246619cfdfe	fortura-49454	38	35	ok	feed		gid://shopify/InventoryItem/55325202416001	ACTIVE
2026-09-24T05:36:47.686Z	0246619cfdfe	fortura-70467	191	189	ok	feed		gid://shopify/InventoryItem/55325202448769	ACTIVE
2026-09-24T05:36:47.686Z	0246619cfdfe	fortura-49505	111	109	ok	feed		gid://shopify/InventoryItem/55325202481537	ACTIVE
2026-09-24T05:36:47.686Z	0246619cfdfe	fortura-71466	62	53	ok	feed		gid://shopify/InventoryItem/55325202514305	ACTIVE
2026-09-24T05:36:47.686Z	0246619cfdfe	fortura-49508	45	43	ok	feed		gid://shopify/InventoryItem/55325202547073	ACTIVE
2026-09-24T05:36:47.687Z	0246619cfdfe	fortura-78249	203	195	ok	feed		gid://shopify/InventoryItem/55325202579841	ACTIVE
2026-09-24T05:36:47.687Z	0246619cfdfe	fortura-49667	68	59	ok	feed		gid://shopify/InventoryItem/55325202612609	ACTIVE
2026-09-24T05:36:47.687Z	0246619cfdfe	fortura-80340	9	8	ok	feed		gid://shopify/InventoryItem/55325202645377	ACTIVE
2026-09-24T05:36:47.687Z	0246619cfdfe	fortura-49673	85	80	ok	feed		gid://shopify/InventoryItem/55325202678145	ACTIVE
2026-09-24T05:36:47.687Z	0246619cfdfe	fortura-50672-2	83	82	ok	feed		gid://shopify/InventoryItem/55325202743681	ACTIVE
2026-09-24T05:36:47.687Z	0246619cfdfe	fortura-50675-2	58	48	ok	feed		gid://shopify/InventoryItem/55325202809217	ACTIVE
2026-09-24T05:36:47.687Z	0246619cfdfe	fortura-517	36	33	ok	feed		gid://shopify/InventoryItem/55325202874753	ACTIVE
2026-09-24T05:36:47.687Z	0246619cfdfe	fortura-82377	20	17	ok	feed		gid://shopify/InventoryItem/55325204218241	ACTIVE
2026-09-24T05:36:48.587Z	0246619cfdfe	fortura-82791	80	55	ok	feed		gid://shopify/InventoryItem/55325204349313	ACTIVE
2026-09-24T05:36:48.587Z	0246619cfdfe	fortura-57713	53	52	ok	feed		gid://shopify/InventoryItem/55325204480385	ACTIVE
2026-09-24T05:36:48.587Z	0246619cfdfe	fortura-84747	31	27	ok	feed		gid://shopify/InventoryItem/55325204513153	ACTIVE
2026-09-24T05:36:48.587Z	0246619cfdfe	fortura-84771	840	1372	ok	feed		gid://shopify/InventoryItem/55325204578689	ACTIVE
2026-09-24T05:36:48.587Z	0246619cfdfe	fortura-57794	68	64	ok	feed		gid://shopify/InventoryItem/55325204611457	ACTIVE
2026-09-24T05:36:48.587Z	0246619cfdfe	fortura-85530	89	70	ok	feed		gid://shopify/InventoryItem/55325204644225	ACTIVE
2026-09-24T05:36:48.587Z	0246619cfdfe	fortura-57824	2975	6286	ok	feed		gid://shopify/InventoryItem/55325204676993	ACTIVE
2026-09-24T05:36:48.587Z	0246619cfdfe	fortura-85731	33	1	ok	feed		gid://shopify/InventoryItem/55325204709761	ACTIVE
2026-09-24T05:36:48.587Z	0246619cfdfe	fortura-85734	218	215	ok	feed		gid://shopify/InventoryItem/55325204775297	ACTIVE
2026-09-24T05:36:48.587Z	0246619cfdfe	fortura-85737	20	16	ok	feed		gid://shopify/InventoryItem/55325204873601	ACTIVE
2026-09-24T05:36:48.587Z	0246619cfdfe	fortura-58070	63	57	ok	feed		gid://shopify/InventoryItem/55325204906369	ACTIVE
2026-09-24T05:36:48.587Z	0246619cfdfe	fortura-85740	72	55	ok	feed		gid://shopify/InventoryItem/55325204939137	ACTIVE
2026-09-24T05:36:48.587Z	0246619cfdfe	fortura-86055	180	166	ok	feed		gid://shopify/InventoryItem/55325204971905	ACTIVE
2026-09-24T05:36:48.587Z	0246619cfdfe	fortura-59645	60	57	ok	feed		gid://shopify/InventoryItem/55325205004673	ACTIVE
2026-09-24T05:36:48.587Z	0246619cfdfe	fortura-59815S	8	7	ok	feed		gid://shopify/InventoryItem/55325205070209	ACTIVE
2026-09-24T05:36:48.587Z	0246619cfdfe	fortura-86499	92	91	ok	feed		gid://shopify/InventoryItem/55325205168513	ACTIVE
2026-09-24T05:36:48.587Z	0246619cfdfe	fortura-644241	131	130	ok	feed		gid://shopify/InventoryItem/55325205201281	ACTIVE
2026-09-24T05:36:48.587Z	0246619cfdfe	fortura-86877	84	49	ok	feed		gid://shopify/InventoryItem/55325205234049	ACTIVE
2026-09-24T05:36:48.587Z	0246619cfdfe	fortura-64427	85	84	ok	feed		gid://shopify/InventoryItem/55325205266817	ACTIVE
2026-09-24T05:36:48.588Z	0246619cfdfe	fortura-87243	2558	1185	ok	feed		gid://shopify/InventoryItem/55325205299585	ACTIVE
2026-09-24T05:36:48.588Z	0246619cfdfe	fortura-872533	54	37	ok	feed		gid://shopify/InventoryItem/55325205365121	ACTIVE
2026-09-24T05:36:48.588Z	0246619cfdfe	fortura-872536	10	24	ok	feed		gid://shopify/InventoryItem/55325205463425	ACTIVE
2026-09-24T05:36:48.588Z	0246619cfdfe	fortura-87711	22	20	ok	feed		gid://shopify/InventoryItem/55325205594497	ACTIVE
2026-09-24T05:36:48.588Z	0246619cfdfe	fortura-74213	51	49	ok	feed		gid://shopify/InventoryItem/55325205725569	ACTIVE
2026-09-24T05:36:48.588Z	0246619cfdfe	fortura-81023	217	210	ok	feed		gid://shopify/InventoryItem/55325205791105	ACTIVE
2026-09-24T05:36:48.588Z	0246619cfdfe	fortura-88593	33	31	ok	feed		gid://shopify/InventoryItem/55325205823873	ACTIVE
2026-09-24T05:36:48.588Z	0246619cfdfe	fortura-81038	83	79	ok	feed		gid://shopify/InventoryItem/55325205856641	ACTIVE
2026-09-24T05:36:48.588Z	0246619cfdfe	fortura-81974	25	19	ok	feed		gid://shopify/InventoryItem/55325205922177	ACTIVE
2026-09-24T05:36:48.588Z	0246619cfdfe	fortura-901378	5	3	ok	feed		gid://shopify/InventoryItem/55325205954945	ACTIVE
2026-09-24T05:36:48.588Z	0246619cfdfe	fortura-81977	6	0	ok	feed		gid://shopify/InventoryItem/55325206020481	ACTIVE
2026-09-24T05:36:48.588Z	0246619cfdfe	fortura-81983	90	86	ok	feed		gid://shopify/InventoryItem/55325206086017	ACTIVE
2026-09-24T05:36:48.588Z	0246619cfdfe	fortura-901414	21	13	ok	feed		gid://shopify/InventoryItem/55325206118785	ACTIVE
2026-09-24T05:36:48.588Z	0246619cfdfe	fortura-84770	765	1404	ok	feed		gid://shopify/InventoryItem/55325206315393	ACTIVE
2026-09-24T05:36:48.588Z	0246619cfdfe	fortura-85211	196	185	ok	feed		gid://shopify/InventoryItem/55325206380929	ACTIVE
2026-09-24T05:36:48.588Z	0246619cfdfe	fortura-910996	21	18	ok	feed		gid://shopify/InventoryItem/55325206413697	ACTIVE
2026-09-24T05:36:48.588Z	0246619cfdfe	fortura-85580	84	7	ok	feed		gid://shopify/InventoryItem/55325206446465	ACTIVE
2026-09-24T05:36:48.588Z	0246619cfdfe	fortura-918-B	144	142	ok	feed		gid://shopify/InventoryItem/55325206479233	ACTIVE
2026-09-24T05:36:48.588Z	0246619cfdfe	fortura-85736	29	27	ok	feed		gid://shopify/InventoryItem/55325206512001	ACTIVE
2026-09-24T05:36:48.588Z	0246619cfdfe	fortura-93063	53	40	ok	feed		gid://shopify/InventoryItem/55325206577537	ACTIVE
2026-09-24T05:36:48.588Z	0246619cfdfe	fortura-85739	105	103	ok	feed		gid://shopify/InventoryItem/55325206610305	ACTIVE
2026-09-24T05:36:48.588Z	0246619cfdfe	fortura-930742	107	105	ok	feed		gid://shopify/InventoryItem/55325206643073	ACTIVE
2026-09-24T05:36:48.588Z	0246619cfdfe	fortura-85829	96	95	ok	feed		gid://shopify/InventoryItem/55325206675841	ACTIVE
2026-09-24T05:36:48.588Z	0246619cfdfe	fortura-98238	53	32	ok	feed		gid://shopify/InventoryItem/55325206774145	ACTIVE
2026-09-24T05:36:48.588Z	0246619cfdfe	fortura-87227	242	234	ok	feed		gid://shopify/InventoryItem/55325206905217	ACTIVE
2026-09-24T05:36:48.588Z	0246619cfdfe	fortura-AC5156944	1	0	ok	feed		gid://shopify/InventoryItem/55325206937985	ACTIVE
2026-09-24T05:36:48.588Z	0246619cfdfe	fortura-87251	17399	13599	ok	feed		gid://shopify/InventoryItem/55325207036289	ACTIVE
2026-09-24T05:36:48.588Z	0246619cfdfe	fortura-872535	15	29	ok	feed		gid://shopify/InventoryItem/55325207134593	ACTIVE
2026-09-24T05:36:48.588Z	0246619cfdfe	fortura-AC6056539	4	1	ok	feed		gid://shopify/InventoryItem/55325207167361	ACTIVE
2026-09-24T05:36:48.588Z	0246619cfdfe	fortura-872538	29	51	ok	feed		gid://shopify/InventoryItem/55325207200129	ACTIVE
2026-09-24T05:36:48.588Z	0246619cfdfe	fortura-87623	45	41	ok	feed		gid://shopify/InventoryItem/55325207265665	ACTIVE
2026-09-24T05:36:48.588Z	0246619cfdfe	fortura-87797	55	53	ok	feed		gid://shopify/InventoryItem/55325207429505	ACTIVE
2026-09-24T05:36:48.588Z	0246619cfdfe	fortura-87818	694	658	ok	feed		gid://shopify/InventoryItem/55325207462273	ACTIVE
2026-09-24T05:36:48.588Z	0246619cfdfe	fortura-88109	7	0	ok	feed		gid://shopify/InventoryItem/55325207495041	ACTIVE
2026-09-24T05:36:48.588Z	0246619cfdfe	fortura-88262	202	194	ok	feed		gid://shopify/InventoryItem/55325207527809	ACTIVE
2026-09-24T05:36:48.588Z	0246619cfdfe	fortura-88595	71	67	ok	feed		gid://shopify/InventoryItem/55325207626113	ACTIVE
2026-09-24T05:36:48.588Z	0246619cfdfe	fortura-901377	102	111	ok	feed		gid://shopify/InventoryItem/55325207658881	ACTIVE
2026-09-24T05:36:48.588Z	0246619cfdfe	fortura-904H	164	148	ok	feed		gid://shopify/InventoryItem/55325207724417	ACTIVE
2026-09-24T05:36:48.588Z	0246619cfdfe	fortura-930741	85	76	ok	feed		gid://shopify/InventoryItem/55325207888257	ACTIVE
2026-09-24T05:36:48.588Z	0246619cfdfe	fortura-95405	198	110	ok	feed		gid://shopify/InventoryItem/55325207921025	ACTIVE
2026-09-24T05:36:48.588Z	0246619cfdfe	fortura-98264	18	16	ok	feed		gid://shopify/InventoryItem/55325207986561	ACTIVE
2026-09-24T05:36:48.588Z	0246619cfdfe	fortura-AC6057117	10	7	ok	feed		gid://shopify/InventoryItem/55325208150401	ACTIVE
2026-09-24T05:36:48.588Z	0246619cfdfe	fortura-94099-4	30	29	ok	feed		gid://shopify/InventoryItem/55407838757249	ACTIVE
2026-09-24T05:36:48.588Z	0246619cfdfe	fortura-94035-3	12	11	ok	feed		gid://shopify/InventoryItem/55407839052161	ACTIVE
2026-09-24T05:36:48.588Z	0246619cfdfe	fortura-940350	15	13	ok	feed		gid://shopify/InventoryItem/55407839117697	ACTIVE
2026-09-24T05:36:48.588Z	0246619cfdfe	fortura-90717-3	4	3	ok	feed		gid://shopify/InventoryItem/55412606075265	ACTIVE
2026-09-24T05:36:48.588Z	0246619cfdfe	fortura-97356-4	5	3	ok	feed		gid://shopify/InventoryItem/55412625703297	ACTIVE
2026-09-24T05:36:48.588Z	0246619cfdfe	fortura-CK4194128	3	1	ok	feed		gid://shopify/InventoryItem/55413074854273	ACTIVE
2026-09-24T05:36:48.588Z	0246619cfdfe	fortura-CK4194140	6	4	ok	feed		gid://shopify/InventoryItem/55413074887041	ACTIVE
2026-09-24T05:36:48.588Z	0246619cfdfe	fortura-CK4192M	6	4	ok	feed		gid://shopify/InventoryItem/55413075181953	ACTIVE
2026-09-24T05:36:48.588Z	0246619cfdfe	fortura-CK4238S	7	5	ok	feed		gid://shopify/InventoryItem/55413076361601	ACTIVE
2026-09-24T05:36:48.588Z	0246619cfdfe	fortura-CK4629164	36	34	ok	feed		gid://shopify/InventoryItem/55413076623745	ACTIVE
2026-09-24T05:36:48.588Z	0246619cfdfe	fortura-CK4640180	4	16	ok	feed		gid://shopify/InventoryItem/55413077541249	ACTIVE
2026-09-24T05:36:48.588Z	0246619cfdfe	fortura-CK4208152	5	4	ok	feed		gid://shopify/InventoryItem/55413571223937	ACTIVE
2026-09-24T05:36:48.588Z	0246619cfdfe	fortura-CK4383M	4	20	ok	feed		gid://shopify/InventoryItem/55413571486081	ACTIVE
2026-09-24T05:36:48.588Z	0246619cfdfe	fortura-CK4383180	14	40	ok	feed		gid://shopify/InventoryItem/55413571518849	ACTIVE
2026-09-24T05:36:48.588Z	0246619cfdfe	fortura-CK4383190	9	43	ok	feed		gid://shopify/InventoryItem/55413571551617	ACTIVE
2026-09-24T05:36:48.588Z	0246619cfdfe	fortura-HB2887ML	15	3	ok	feed		gid://shopify/InventoryItem/55323187544449	DRAFT
2026-09-24T05:36:48.588Z	0246619cfdfe	fortura-HB2899L	6	4	ok	feed		gid://shopify/InventoryItem/55323187577217	DRAFT
2026-09-24T05:36:48.588Z	0246619cfdfe	fortura-HB2899M	19	13	ok	feed		gid://shopify/InventoryItem/55323187872129	DRAFT
2026-09-24T05:36:48.588Z	0246619cfdfe	fortura-HB2899S	41	34	ok	feed		gid://shopify/InventoryItem/55323187937665	DRAFT
2026-09-24T05:36:48.588Z	0246619cfdfe	fortura-HB2899XL	2	1	ok	feed		gid://shopify/InventoryItem/55323188167041	DRAFT
2026-09-24T05:36:48.588Z	0246619cfdfe	fortura-HB2899XXL	5	4	ok	feed		gid://shopify/InventoryItem/55323188232577	DRAFT
2026-09-24T05:36:48.588Z	0246619cfdfe	fortura-33034	231	176	ok	feed		gid://shopify/InventoryItem/55323193377153	DRAFT
2026-09-24T05:36:48.588Z	0246619cfdfe	fortura-01184	443	442	ok	feed		gid://shopify/InventoryItem/55323222507905	DRAFT
2026-09-24T05:36:48.588Z	0246619cfdfe	fortura-01685	213	211	ok	feed		gid://shopify/InventoryItem/55323222573441	DRAFT
2026-09-24T05:36:48.589Z	0246619cfdfe	fortura-02010	47	34	ok	feed		gid://shopify/InventoryItem/55323222770049	DRAFT
2026-09-24T05:36:48.589Z	0246619cfdfe	fortura-02017	28	100	ok	feed		gid://shopify/InventoryItem/55323222835585	DRAFT
2026-09-24T05:36:48.589Z	0246619cfdfe	fortura-02019	12	39	ok	feed		gid://shopify/InventoryItem/55323222966657	DRAFT
2026-09-24T05:36:48.589Z	0246619cfdfe	fortura-02020	52	108	ok	feed		gid://shopify/InventoryItem/55323223032193	DRAFT
2026-09-24T05:36:48.589Z	0246619cfdfe	fortura-02026	25	48	ok	feed		gid://shopify/InventoryItem/55323223097729	DRAFT
2026-09-24T05:36:48.589Z	0246619cfdfe	fortura-02031	0	27	ok	feed		gid://shopify/InventoryItem/55323223163265	DRAFT
2026-09-24T05:36:48.589Z	0246619cfdfe	fortura-02032	55	103	ok	feed		gid://shopify/InventoryItem/55323223196033	DRAFT
2026-09-24T05:36:48.589Z	0246619cfdfe	fortura-02033	576	569	ok	feed		gid://shopify/InventoryItem/55323223261569	DRAFT
2026-09-24T05:36:48.589Z	0246619cfdfe	fortura-02034	13	70	ok	feed		gid://shopify/InventoryItem/55323224113537	DRAFT
2026-09-24T05:36:48.589Z	0246619cfdfe	fortura-02035	36	61	ok	feed		gid://shopify/InventoryItem/55323224146305	DRAFT
2026-09-24T05:36:48.589Z	0246619cfdfe	fortura-02036	194	177	ok	feed		gid://shopify/InventoryItem/55323224179073	DRAFT
2026-09-24T05:36:48.589Z	0246619cfdfe	fortura-02037	94	113	ok	feed		gid://shopify/InventoryItem/55323224211841	DRAFT
2026-09-24T05:36:48.589Z	0246619cfdfe	fortura-02038	298	260	ok	feed		gid://shopify/InventoryItem/55323224244609	DRAFT
2026-09-24T05:36:48.589Z	0246619cfdfe	fortura-02039	211	184	ok	feed		gid://shopify/InventoryItem/55323224277377	DRAFT
2026-09-24T05:36:48.589Z	0246619cfdfe	fortura-02045	0	12	ok	feed		gid://shopify/InventoryItem/55323224310145	DRAFT
2026-09-24T05:36:49.485Z	0246619cfdfe	fortura-02052	125	118	ok	feed		gid://shopify/InventoryItem/55323224408449	DRAFT
2026-09-24T05:36:49.485Z	0246619cfdfe	fortura-02104	5	3	ok	feed		gid://shopify/InventoryItem/55323224736129	DRAFT
2026-09-24T05:36:49.485Z	0246619cfdfe	fortura-02106	33	63	ok	feed		gid://shopify/InventoryItem/55323224768897	DRAFT
2026-09-24T05:36:49.485Z	0246619cfdfe	fortura-02108	45	82	ok	feed		gid://shopify/InventoryItem/55323224834433	DRAFT
2026-09-24T05:36:49.485Z	0246619cfdfe	fortura-02110	27	39	ok	feed		gid://shopify/InventoryItem/55323225194881	DRAFT
2026-09-24T05:36:49.485Z	0246619cfdfe	fortura-02119	35	52	ok	feed		gid://shopify/InventoryItem/55323225325953	DRAFT
2026-09-24T05:36:49.485Z	0246619cfdfe	fortura-02120	31	39	ok	feed		gid://shopify/InventoryItem/55323225358721	DRAFT
2026-09-24T05:36:49.485Z	0246619cfdfe	fortura-02121	106	169	ok	feed		gid://shopify/InventoryItem/55323226571137	DRAFT
2026-09-24T05:36:49.485Z	0246619cfdfe	fortura-02122	88	116	ok	feed		gid://shopify/InventoryItem/55323228569985	DRAFT
2026-09-24T05:36:49.485Z	0246619cfdfe	fortura-02125	21	78	ok	feed		gid://shopify/InventoryItem/55323228635521	DRAFT
2026-09-24T05:36:49.485Z	0246619cfdfe	fortura-02127	48	168	ok	feed		gid://shopify/InventoryItem/55323228701057	DRAFT
2026-09-24T05:36:49.485Z	0246619cfdfe	fortura-02129	28	32	ok	feed		gid://shopify/InventoryItem/55323228733825	DRAFT
2026-09-24T05:36:49.485Z	0246619cfdfe	fortura-02130	55	146	ok	feed		gid://shopify/InventoryItem/55323228799361	DRAFT
2026-09-24T05:36:49.485Z	0246619cfdfe	fortura-02131	20	21	ok	feed		gid://shopify/InventoryItem/55323228832129	DRAFT
2026-09-24T05:36:49.485Z	0246619cfdfe	fortura-02132	246	236	ok	feed		gid://shopify/InventoryItem/55323228897665	DRAFT
2026-09-24T05:36:49.485Z	0246619cfdfe	fortura-02133	28	51	ok	feed		gid://shopify/InventoryItem/55323228930433	DRAFT
2026-09-24T05:36:49.485Z	0246619cfdfe	fortura-02134	40	54	ok	feed		gid://shopify/InventoryItem/55323228963201	DRAFT
2026-09-24T05:36:49.485Z	0246619cfdfe	fortura-02135	50	85	ok	feed		gid://shopify/InventoryItem/55323228995969	DRAFT
2026-09-24T05:36:49.485Z	0246619cfdfe	fortura-02136	62	89	ok	feed		gid://shopify/InventoryItem/55323229061505	DRAFT
2026-09-24T05:36:49.485Z	0246619cfdfe	fortura-02140	18	52	ok	feed		gid://shopify/InventoryItem/55323229225345	DRAFT
2026-09-24T05:36:49.485Z	0246619cfdfe	fortura-02141	19	11	ok	feed		gid://shopify/InventoryItem/55323229290881	DRAFT
2026-09-24T05:36:49.485Z	0246619cfdfe	fortura-02180	49	127	ok	feed		gid://shopify/InventoryItem/55323229356417	DRAFT
2026-09-24T05:36:49.485Z	0246619cfdfe	fortura-02182	31	71	ok	feed		gid://shopify/InventoryItem/55323229389185	DRAFT
2026-09-24T05:36:49.485Z	0246619cfdfe	fortura-02184	266	250	ok	feed		gid://shopify/InventoryItem/55323229487489	DRAFT
2026-09-24T05:36:49.485Z	0246619cfdfe	fortura-02190	111	119	ok	feed		gid://shopify/InventoryItem/55323229520257	DRAFT
2026-09-24T05:36:49.485Z	0246619cfdfe	fortura-02191	72	150	ok	feed		gid://shopify/InventoryItem/55323229585793	DRAFT
2026-09-24T05:36:49.485Z	0246619cfdfe	fortura-02192	12	152	ok	feed		gid://shopify/InventoryItem/55323229618561	DRAFT
2026-09-24T05:36:49.485Z	0246619cfdfe	fortura-02203	73	65	ok	feed		gid://shopify/InventoryItem/55323229716865	DRAFT
2026-09-24T05:36:49.485Z	0246619cfdfe	fortura-02204	68	136	ok	feed		gid://shopify/InventoryItem/55323229782401	DRAFT
2026-09-24T05:36:49.485Z	0246619cfdfe	fortura-02207	28	30	ok	feed		gid://shopify/InventoryItem/55323229815169	DRAFT
2026-09-24T05:36:49.485Z	0246619cfdfe	fortura-02209	20	78	ok	feed		gid://shopify/InventoryItem/55323229847937	DRAFT
2026-09-24T05:36:49.485Z	0246619cfdfe	fortura-02211	28	43	ok	feed		gid://shopify/InventoryItem/55323229880705	DRAFT
2026-09-24T05:36:49.485Z	0246619cfdfe	fortura-02212	29	53	ok	feed		gid://shopify/InventoryItem/55323229946241	DRAFT
2026-09-24T05:36:49.486Z	0246619cfdfe	fortura-02214	20	131	ok	feed		gid://shopify/InventoryItem/55323229979009	DRAFT
2026-09-24T05:36:49.486Z	0246619cfdfe	fortura-02216	38	173	ok	feed		gid://shopify/InventoryItem/55323230044545	DRAFT
2026-09-24T05:36:49.486Z	0246619cfdfe	fortura-02217	27	19	ok	feed		gid://shopify/InventoryItem/55323230175617	DRAFT
2026-09-24T05:36:49.486Z	0246619cfdfe	fortura-02218	189	162	ok	feed		gid://shopify/InventoryItem/55323230208385	DRAFT
2026-09-24T05:36:49.486Z	0246619cfdfe	fortura-02220	156	119	ok	feed		gid://shopify/InventoryItem/55323230241153	DRAFT
2026-09-24T05:36:49.486Z	0246619cfdfe	fortura-02222	4	9	ok	feed		gid://shopify/InventoryItem/55323230273921	DRAFT
2026-09-24T05:36:49.486Z	0246619cfdfe	fortura-02224	0	179	ok	feed		gid://shopify/InventoryItem/55323230470529	DRAFT
2026-09-24T05:36:49.486Z	0246619cfdfe	fortura-02225	44	37	ok	feed		gid://shopify/InventoryItem/55323230503297	DRAFT
2026-09-24T05:36:49.486Z	0246619cfdfe	fortura-02226	22	39	ok	feed		gid://shopify/InventoryItem/55323230536065	DRAFT
2026-09-24T05:36:49.486Z	0246619cfdfe	fortura-02227	71	156	ok	feed		gid://shopify/InventoryItem/55323230568833	DRAFT
2026-09-24T05:36:49.486Z	0246619cfdfe	fortura-02228	81	66	ok	feed		gid://shopify/InventoryItem/55323230667137	DRAFT
2026-09-24T05:36:49.486Z	0246619cfdfe	fortura-02250	19	44	ok	feed		gid://shopify/InventoryItem/55323230732673	DRAFT
2026-09-24T05:36:49.486Z	0246619cfdfe	fortura-02252	38	103	ok	feed		gid://shopify/InventoryItem/55323230798209	DRAFT
2026-09-24T05:36:49.486Z	0246619cfdfe	fortura-02324	2	130	ok	feed		gid://shopify/InventoryItem/55323230830977	DRAFT
2026-09-24T05:36:49.486Z	0246619cfdfe	fortura-02327	18	6	ok	feed		gid://shopify/InventoryItem/55323230929281	DRAFT
2026-09-24T05:36:49.486Z	0246619cfdfe	fortura-02329	18	44	ok	feed		gid://shopify/InventoryItem/55323231027585	DRAFT
2026-09-24T05:36:49.486Z	0246619cfdfe	fortura-02330	31	81	ok	feed		gid://shopify/InventoryItem/55323231093121	DRAFT
2026-09-24T05:36:49.486Z	0246619cfdfe	fortura-02331	26	36	ok	feed		gid://shopify/InventoryItem/55323231125889	DRAFT
2026-09-24T05:36:49.486Z	0246619cfdfe	fortura-02347	35	64	ok	feed		gid://shopify/InventoryItem/55323231158657	DRAFT
2026-09-24T05:36:49.486Z	0246619cfdfe	fortura-02415	16	61	ok	feed		gid://shopify/InventoryItem/55323231191425	DRAFT
2026-09-24T05:36:49.486Z	0246619cfdfe	fortura-02422	2	0	ok	feed		gid://shopify/InventoryItem/55323231224193	DRAFT
2026-09-24T05:36:49.486Z	0246619cfdfe	fortura-02425	20	38	ok	feed		gid://shopify/InventoryItem/55323231256961	DRAFT
2026-09-24T05:36:49.486Z	0246619cfdfe	fortura-02426	54	42	ok	feed		gid://shopify/InventoryItem/55323231289729	DRAFT
2026-09-24T05:36:49.486Z	0246619cfdfe	fortura-02427	19	14	ok	feed		gid://shopify/InventoryItem/55323231486337	DRAFT
2026-09-24T05:36:49.486Z	0246619cfdfe	fortura-02430	44	43	ok	feed		gid://shopify/InventoryItem/55323231519105	DRAFT
2026-09-24T05:36:49.486Z	0246619cfdfe	fortura-02432	1	128	ok	feed		gid://shopify/InventoryItem/55323231814017	DRAFT
2026-09-24T05:36:49.486Z	0246619cfdfe	fortura-02433	79	52	ok	feed		gid://shopify/InventoryItem/55323231846785	DRAFT
2026-09-24T05:36:49.486Z	0246619cfdfe	fortura-02443	28	32	ok	feed		gid://shopify/InventoryItem/55323231879553	DRAFT
2026-09-24T05:36:49.486Z	0246619cfdfe	fortura-02445	19	50	ok	feed		gid://shopify/InventoryItem/55323231945089	DRAFT
2026-09-24T05:36:49.486Z	0246619cfdfe	fortura-02449	67	59	ok	feed		gid://shopify/InventoryItem/55323232043393	DRAFT
2026-09-24T05:36:49.486Z	0246619cfdfe	fortura-02452	36	28	ok	feed		gid://shopify/InventoryItem/55323232076161	DRAFT
2026-09-24T05:36:49.486Z	0246619cfdfe	fortura-02454	10	14	ok	feed		gid://shopify/InventoryItem/55323232108929	DRAFT
2026-09-24T05:36:49.486Z	0246619cfdfe	fortura-02455	90	104	ok	feed		gid://shopify/InventoryItem/55323232207233	DRAFT
2026-09-24T05:36:49.486Z	0246619cfdfe	fortura-02456	32	14	ok	feed		gid://shopify/InventoryItem/55323232502145	DRAFT
2026-09-24T05:36:49.486Z	0246619cfdfe	fortura-02458	45	40	ok	feed		gid://shopify/InventoryItem/55323232764289	DRAFT
2026-09-24T05:36:49.486Z	0246619cfdfe	fortura-02465	46	135	ok	feed		gid://shopify/InventoryItem/55323232797057	DRAFT
2026-09-24T05:36:49.486Z	0246619cfdfe	fortura-02481	34	81	ok	feed		gid://shopify/InventoryItem/55323232895361	DRAFT
2026-09-24T05:36:49.486Z	0246619cfdfe	fortura-02483	60	46	ok	feed		gid://shopify/InventoryItem/55323232960897	DRAFT
2026-09-24T05:36:49.486Z	0246619cfdfe	fortura-02485	44	42	ok	feed		gid://shopify/InventoryItem/55323233091969	DRAFT
2026-09-24T05:36:49.486Z	0246619cfdfe	fortura-02490	53	82	ok	feed		gid://shopify/InventoryItem/55323233190273	DRAFT
2026-09-24T05:36:49.486Z	0246619cfdfe	fortura-02491	81	65	ok	feed		gid://shopify/InventoryItem/55323233255809	DRAFT
2026-09-24T05:36:49.486Z	0246619cfdfe	fortura-02500	25	52	ok	feed		gid://shopify/InventoryItem/55323233354113	DRAFT
2026-09-24T05:36:49.486Z	0246619cfdfe	fortura-02501	17	34	ok	feed		gid://shopify/InventoryItem/55323233485185	DRAFT
2026-09-24T05:36:49.486Z	0246619cfdfe	fortura-02504	21	30	ok	feed		gid://shopify/InventoryItem/55323234369921	DRAFT
2026-09-24T05:36:49.486Z	0246619cfdfe	fortura-02505	24	32	ok	feed		gid://shopify/InventoryItem/55323234435457	DRAFT
2026-09-24T05:36:49.486Z	0246619cfdfe	fortura-02507	18	10	ok	feed		gid://shopify/InventoryItem/55323236991361	DRAFT
2026-09-24T05:36:49.486Z	0246619cfdfe	fortura-02511	53	125	ok	feed		gid://shopify/InventoryItem/55323238629761	DRAFT
2026-09-24T05:36:49.486Z	0246619cfdfe	fortura-02512	28	55	ok	feed		gid://shopify/InventoryItem/55323238695297	DRAFT
2026-09-24T05:36:49.486Z	0246619cfdfe	fortura-02513	49	38	ok	feed		gid://shopify/InventoryItem/55323238728065	DRAFT
2026-09-24T05:36:49.486Z	0246619cfdfe	fortura-02525	4	20	ok	feed		gid://shopify/InventoryItem/55323238760833	DRAFT
2026-09-24T05:36:49.486Z	0246619cfdfe	fortura-02526	42	41	ok	feed		gid://shopify/InventoryItem/55323239121281	DRAFT
2026-09-24T05:36:49.486Z	0246619cfdfe	fortura-02528	9	28	ok	feed		gid://shopify/InventoryItem/55323239154049	DRAFT
2026-09-24T05:36:49.486Z	0246619cfdfe	fortura-02541	19	29	ok	feed		gid://shopify/InventoryItem/55323239252353	DRAFT
2026-09-24T05:36:49.486Z	0246619cfdfe	fortura-02543	8	6	ok	feed		gid://shopify/InventoryItem/55323239285121	DRAFT
2026-09-24T05:36:49.486Z	0246619cfdfe	fortura-02544	75	73	ok	feed		gid://shopify/InventoryItem/55323239383425	DRAFT
2026-09-24T05:36:49.486Z	0246619cfdfe	fortura-02545	138	137	ok	feed		gid://shopify/InventoryItem/55323239580033	DRAFT
2026-09-24T05:36:49.486Z	0246619cfdfe	fortura-02546	19	35	ok	feed		gid://shopify/InventoryItem/55323239645569	DRAFT
2026-09-24T05:36:49.486Z	0246619cfdfe	fortura-02572	31	44	ok	feed		gid://shopify/InventoryItem/55323239678337	DRAFT
2026-09-24T05:36:49.486Z	0246619cfdfe	fortura-02582	42	70	ok	feed		gid://shopify/InventoryItem/55323239711105	DRAFT
2026-09-24T05:36:49.486Z	0246619cfdfe	fortura-02589	39	38	ok	feed		gid://shopify/InventoryItem/55323240137089	DRAFT
2026-09-24T05:36:49.486Z	0246619cfdfe	fortura-02592	47	71	ok	feed		gid://shopify/InventoryItem/55323240169857	DRAFT
2026-09-24T05:36:49.486Z	0246619cfdfe	fortura-02593	23	37	ok	feed		gid://shopify/InventoryItem/55323240268161	DRAFT
2026-09-24T05:36:49.486Z	0246619cfdfe	fortura-02598	57	56	ok	feed		gid://shopify/InventoryItem/55323240300929	DRAFT
2026-09-24T05:36:49.486Z	0246619cfdfe	fortura-02671	18	10	ok	feed		gid://shopify/InventoryItem/55323240432001	DRAFT
2026-09-24T05:36:49.486Z	0246619cfdfe	fortura-02672	57	55	ok	feed		gid://shopify/InventoryItem/55323240497537	DRAFT
2026-09-24T05:36:49.486Z	0246619cfdfe	fortura-02673	73	68	ok	feed		gid://shopify/InventoryItem/55323240563073	DRAFT
2026-09-24T05:36:49.487Z	0246619cfdfe	fortura-02674	41	125	ok	feed		gid://shopify/InventoryItem/55323240595841	DRAFT
2026-09-24T05:36:50.412Z	0246619cfdfe	fortura-02675	53	50	ok	feed		gid://shopify/InventoryItem/55323240890753	DRAFT
2026-09-24T05:36:50.412Z	0246619cfdfe	fortura-02676	95	121	ok	feed		gid://shopify/InventoryItem/55323240956289	DRAFT
2026-09-24T05:36:50.412Z	0246619cfdfe	fortura-02677	57	53	ok	feed		gid://shopify/InventoryItem/55323240989057	DRAFT
2026-09-24T05:36:50.412Z	0246619cfdfe	fortura-02682	62	61	ok	feed		gid://shopify/InventoryItem/55323241087361	DRAFT
2026-09-24T05:36:50.412Z	0246619cfdfe	fortura-02684	16	36	ok	feed		gid://shopify/InventoryItem/55323241218433	DRAFT
2026-09-24T05:36:50.412Z	0246619cfdfe	fortura-02685	43	35	ok	feed		gid://shopify/InventoryItem/55323241349505	DRAFT
2026-09-24T05:36:50.412Z	0246619cfdfe	fortura-02739	32	22	ok	feed		gid://shopify/InventoryItem/55323241382273	DRAFT
2026-09-24T05:36:50.412Z	0246619cfdfe	fortura-02741	32	58	ok	feed		gid://shopify/InventoryItem/55323241447809	DRAFT
2026-09-24T05:36:50.412Z	0246619cfdfe	fortura-02751	42	41	ok	feed		gid://shopify/InventoryItem/55323242365313	DRAFT
2026-09-24T05:36:50.412Z	0246619cfdfe	fortura-02752	31	29	ok	feed		gid://shopify/InventoryItem/55323242627457	DRAFT
2026-09-24T05:36:50.412Z	0246619cfdfe	fortura-02754	2	0	ok	feed		gid://shopify/InventoryItem/55323242660225	DRAFT
2026-09-24T05:36:50.412Z	0246619cfdfe	fortura-02769	21	34	ok	feed		gid://shopify/InventoryItem/55323242725761	DRAFT
2026-09-24T05:36:50.412Z	0246619cfdfe	fortura-02771	38	23	ok	feed		gid://shopify/InventoryItem/55323242758529	DRAFT
2026-09-24T05:36:50.412Z	0246619cfdfe	fortura-02772	29	25	ok	feed		gid://shopify/InventoryItem/55323242791297	DRAFT
2026-09-24T05:36:50.412Z	0246619cfdfe	fortura-02774	57	54	ok	feed		gid://shopify/InventoryItem/55323242889601	DRAFT
2026-09-24T05:36:50.412Z	0246619cfdfe	fortura-02813	2	0	ok	feed		gid://shopify/InventoryItem/55323243544961	DRAFT
2026-09-24T05:36:50.412Z	0246619cfdfe	fortura-02814	2	5	ok	feed		gid://shopify/InventoryItem/55323243577729	DRAFT
2026-09-24T05:36:50.412Z	0246619cfdfe	fortura-02821	3	5	ok	feed		gid://shopify/InventoryItem/55323244822913	DRAFT
2026-09-24T05:36:50.412Z	0246619cfdfe	fortura-02824	6	10	ok	feed		gid://shopify/InventoryItem/55323244888449	DRAFT
2026-09-24T05:36:50.412Z	0246619cfdfe	fortura-02831	11	13	ok	feed		gid://shopify/InventoryItem/55323244986753	DRAFT
2026-09-24T05:36:50.412Z	0246619cfdfe	fortura-02880	21	41	ok	feed		gid://shopify/InventoryItem/55323245019521	DRAFT
2026-09-24T05:36:50.412Z	0246619cfdfe	fortura-03012	6	11	ok	feed		gid://shopify/InventoryItem/55323245085057	DRAFT
2026-09-24T05:36:50.412Z	0246619cfdfe	fortura-03015	6	37	ok	feed		gid://shopify/InventoryItem/55323245150593	DRAFT
2026-09-24T05:36:50.412Z	0246619cfdfe	fortura-03018	28	90	ok	feed		gid://shopify/InventoryItem/55323246395777	DRAFT
2026-09-24T05:36:50.412Z	0246619cfdfe	fortura-03040	18	27	ok	feed		gid://shopify/InventoryItem/55323246461313	DRAFT
2026-09-24T05:36:50.412Z	0246619cfdfe	fortura-03041	14	24	ok	feed		gid://shopify/InventoryItem/55323246494081	DRAFT
2026-09-24T05:36:50.412Z	0246619cfdfe	fortura-03046	4	18	ok	feed		gid://shopify/InventoryItem/55323246526849	DRAFT
2026-09-24T05:36:50.412Z	0246619cfdfe	fortura-03047	26	23	ok	feed		gid://shopify/InventoryItem/55323246657921	DRAFT
2026-09-24T05:36:50.412Z	0246619cfdfe	fortura-03081	15	7	ok	feed		gid://shopify/InventoryItem/55323246723457	DRAFT
2026-09-24T05:36:50.412Z	0246619cfdfe	fortura-03120	40	105	ok	feed		gid://shopify/InventoryItem/55323246756225	DRAFT
2026-09-24T05:36:50.412Z	0246619cfdfe	fortura-03121	34	67	ok	feed		gid://shopify/InventoryItem/55323246821761	DRAFT
2026-09-24T05:36:50.412Z	0246619cfdfe	fortura-03150	57	68	ok	feed		gid://shopify/InventoryItem/55323246854529	DRAFT
2026-09-24T05:36:50.412Z	0246619cfdfe	fortura-03151	52	72	ok	feed		gid://shopify/InventoryItem/55323246887297	DRAFT
2026-09-24T05:36:50.412Z	0246619cfdfe	fortura-03160	87	75	ok	feed		gid://shopify/InventoryItem/55323246920065	DRAFT
2026-09-24T05:36:50.412Z	0246619cfdfe	fortura-03161	56	55	ok	feed		gid://shopify/InventoryItem/55323246952833	DRAFT
2026-09-24T05:36:50.412Z	0246619cfdfe	fortura-03162	6	66	ok	feed		gid://shopify/InventoryItem/55323247083905	DRAFT
2026-09-24T05:36:50.412Z	0246619cfdfe	fortura-03180	31	84	ok	feed		gid://shopify/InventoryItem/55323247247745	DRAFT
2026-09-24T05:36:50.412Z	0246619cfdfe	fortura-03181	20	39	ok	feed		gid://shopify/InventoryItem/55323247313281	DRAFT
2026-09-24T05:36:50.412Z	0246619cfdfe	fortura-03190	34	52	ok	feed		gid://shopify/InventoryItem/55323247378817	DRAFT
2026-09-24T05:36:50.412Z	0246619cfdfe	fortura-03198	12	28	ok	feed		gid://shopify/InventoryItem/55323247444353	DRAFT
2026-09-24T05:36:50.412Z	0246619cfdfe	fortura-03412	24	37	ok	feed		gid://shopify/InventoryItem/55323247542657	DRAFT
2026-09-24T05:36:50.412Z	0246619cfdfe	fortura-03413	43	48	ok	feed		gid://shopify/InventoryItem/55323247640961	DRAFT
2026-09-24T05:36:50.412Z	0246619cfdfe	fortura-03420	76	68	ok	feed		gid://shopify/InventoryItem/55323248951681	DRAFT
2026-09-24T05:36:50.413Z	0246619cfdfe	fortura-03451	41	99	ok	feed		gid://shopify/InventoryItem/55323248984449	DRAFT
2026-09-24T05:36:50.413Z	0246619cfdfe	fortura-03453	47	77	ok	feed		gid://shopify/InventoryItem/55323249049985	DRAFT
2026-09-24T05:36:50.413Z	0246619cfdfe	fortura-03470	44	42	ok	feed		gid://shopify/InventoryItem/55323249082753	DRAFT
2026-09-24T05:36:50.413Z	0246619cfdfe	fortura-03471	74	72	ok	feed		gid://shopify/InventoryItem/55323249115521	DRAFT
2026-09-24T05:36:50.413Z	0246619cfdfe	fortura-03472	69	66	ok	feed		gid://shopify/InventoryItem/55323249148289	DRAFT
2026-09-24T05:36:50.413Z	0246619cfdfe	fortura-03481	7	5	ok	feed		gid://shopify/InventoryItem/55323249344897	DRAFT
2026-09-24T05:36:50.413Z	0246619cfdfe	fortura-03485	56	55	ok	feed		gid://shopify/InventoryItem/55323249475969	DRAFT
2026-09-24T05:36:50.413Z	0246619cfdfe	fortura-03524	1	0	ok	feed		gid://shopify/InventoryItem/55323250491777	DRAFT
2026-09-24T05:36:50.413Z	0246619cfdfe	fortura-03548	31	55	ok	feed		gid://shopify/InventoryItem/55323250524545	DRAFT
2026-09-24T05:36:50.413Z	0246619cfdfe	fortura-03551	39	36	ok	feed		gid://shopify/InventoryItem/55323250590081	DRAFT
2026-09-24T05:36:50.413Z	0246619cfdfe	fortura-03553	73	67	ok	feed		gid://shopify/InventoryItem/55323306262913	DRAFT
2026-09-24T05:36:50.413Z	0246619cfdfe	fortura-03571	75	71	ok	feed		gid://shopify/InventoryItem/55323306623361	DRAFT
2026-09-24T05:36:50.413Z	0246619cfdfe	fortura-03621	21	31	ok	feed		gid://shopify/InventoryItem/55323306852737	DRAFT
2026-09-24T05:36:50.413Z	0246619cfdfe	fortura-03623	23	19	ok	feed		gid://shopify/InventoryItem/55323307114881	DRAFT
2026-09-24T05:36:50.413Z	0246619cfdfe	fortura-03655	29	19	ok	feed		gid://shopify/InventoryItem/55323307180417	DRAFT
2026-09-24T05:36:50.413Z	0246619cfdfe	fortura-03669	25	33	ok	feed		gid://shopify/InventoryItem/55323307344257	DRAFT
2026-09-24T05:36:50.413Z	0246619cfdfe	fortura-03685	13	11	ok	feed		gid://shopify/InventoryItem/55323307377025	DRAFT
2026-09-24T05:36:50.413Z	0246619cfdfe	fortura-03760	36	35	ok	feed		gid://shopify/InventoryItem/55323307475329	DRAFT
2026-09-24T05:36:50.413Z	0246619cfdfe	fortura-03761	17	16	ok	feed		gid://shopify/InventoryItem/55323308065153	DRAFT
2026-09-24T05:36:50.413Z	0246619cfdfe	fortura-03767	20	29	ok	feed		gid://shopify/InventoryItem/55323310653825	DRAFT
2026-09-24T05:36:50.413Z	0246619cfdfe	fortura-03771	21	17	ok	feed		gid://shopify/InventoryItem/55323311538561	DRAFT
2026-09-24T05:36:50.413Z	0246619cfdfe	fortura-03775	121	119	ok	feed		gid://shopify/InventoryItem/55323312324993	DRAFT
2026-09-24T05:36:50.413Z	0246619cfdfe	fortura-03780	33	30	ok	feed		gid://shopify/InventoryItem/55323313078657	DRAFT
2026-09-24T05:36:50.413Z	0246619cfdfe	fortura-03785	19	27	ok	feed		gid://shopify/InventoryItem/55323313930625	DRAFT
2026-09-24T05:36:50.413Z	0246619cfdfe	fortura-03925	52	51	ok	feed		gid://shopify/InventoryItem/55323314782593	DRAFT
2026-09-24T05:36:50.413Z	0246619cfdfe	fortura-04040	43	71	ok	feed		gid://shopify/InventoryItem/55323315503489	DRAFT
2026-09-24T05:36:50.413Z	0246619cfdfe	fortura-04041	17	35	ok	feed		gid://shopify/InventoryItem/55323317305729	DRAFT
2026-09-24T05:36:50.413Z	0246619cfdfe	fortura-04055	16	28	ok	feed		gid://shopify/InventoryItem/55323318223233	DRAFT
2026-09-24T05:36:50.413Z	0246619cfdfe	fortura-060030	10	74	ok	feed		gid://shopify/InventoryItem/55323319075201	DRAFT
2026-09-24T05:36:50.413Z	0246619cfdfe	fortura-062002	25	52	ok	feed		gid://shopify/InventoryItem/55323321926017	DRAFT
2026-09-24T05:36:50.413Z	0246619cfdfe	fortura-062003	1	111	ok	feed		gid://shopify/InventoryItem/55323322909057	DRAFT
2026-09-24T05:36:50.413Z	0246619cfdfe	fortura-062007	1	61	ok	feed		gid://shopify/InventoryItem/55323323761025	DRAFT
2026-09-24T05:36:50.413Z	0246619cfdfe	fortura-062008	23	10	ok	feed		gid://shopify/InventoryItem/55323324678529	DRAFT
2026-09-24T05:36:50.413Z	0246619cfdfe	fortura-062100	46	83	ok	feed		gid://shopify/InventoryItem/55323325432193	DRAFT
2026-09-24T05:36:50.413Z	0246619cfdfe	fortura-062103	9	31	ok	feed		gid://shopify/InventoryItem/55323326677377	DRAFT
2026-09-24T05:36:50.413Z	0246619cfdfe	fortura-062104	37	135	ok	feed		gid://shopify/InventoryItem/55323327103361	DRAFT
2026-09-24T05:36:50.413Z	0246619cfdfe	fortura-062110	8	7	ok	feed		gid://shopify/InventoryItem/55323328348545	DRAFT
2026-09-24T05:36:50.413Z	0246619cfdfe	fortura-062111	105	104	ok	feed		gid://shopify/InventoryItem/55323328512385	DRAFT
2026-09-24T05:36:50.413Z	0246619cfdfe	fortura-062130	24	37	ok	feed		gid://shopify/InventoryItem/55323328577921	DRAFT
2026-09-24T05:36:50.413Z	0246619cfdfe	fortura-062150	19	18	ok	feed		gid://shopify/InventoryItem/55323328610689	DRAFT
2026-09-24T05:36:50.413Z	0246619cfdfe	fortura-062507	22	20	ok	feed		gid://shopify/InventoryItem/55323328905601	DRAFT
2026-09-24T05:36:50.413Z	0246619cfdfe	fortura-062604	35	142	ok	feed		gid://shopify/InventoryItem/55323329134977	DRAFT
2026-09-24T05:36:50.413Z	0246619cfdfe	fortura-062610	125	116	ok	feed		gid://shopify/InventoryItem/55323329167745	DRAFT
2026-09-24T05:36:50.413Z	0246619cfdfe	fortura-062611	44	60	ok	feed		gid://shopify/InventoryItem/55323329200513	DRAFT
2026-09-24T05:36:50.413Z	0246619cfdfe	fortura-062612	48	106	ok	feed		gid://shopify/InventoryItem/55323329233281	DRAFT
2026-09-24T05:36:50.413Z	0246619cfdfe	fortura-062650	27	87	ok	feed		gid://shopify/InventoryItem/55323330216321	DRAFT
2026-09-24T05:36:50.413Z	0246619cfdfe	fortura-062660	13	10	ok	feed		gid://shopify/InventoryItem/55323330249089	DRAFT
2026-09-24T05:36:50.413Z	0246619cfdfe	fortura-062731	27	19	ok	feed		gid://shopify/InventoryItem/55323330544001	DRAFT
2026-09-24T05:36:50.413Z	0246619cfdfe	fortura-062733	26	22	ok	feed		gid://shopify/InventoryItem/55323335623041	DRAFT
2026-09-24T05:36:50.413Z	0246619cfdfe	fortura-063000	22	67	ok	feed		gid://shopify/InventoryItem/55323335688577	DRAFT
2026-09-24T05:36:50.413Z	0246619cfdfe	fortura-063010	24	44	ok	feed		gid://shopify/InventoryItem/55323335786881	DRAFT
2026-09-24T05:36:50.413Z	0246619cfdfe	fortura-063051	24	14	ok	feed		gid://shopify/InventoryItem/55323335819649	DRAFT
2026-09-24T05:36:50.413Z	0246619cfdfe	fortura-063053	3	2	ok	feed		gid://shopify/InventoryItem/55323335950721	DRAFT
2026-09-24T05:36:50.413Z	0246619cfdfe	fortura-063101	21	123	ok	feed		gid://shopify/InventoryItem/55323335983489	DRAFT
2026-09-24T05:36:50.413Z	0246619cfdfe	fortura-063110	30	24	ok	feed		gid://shopify/InventoryItem/55323336049025	DRAFT
2026-09-24T05:36:50.414Z	0246619cfdfe	fortura-063111	48	38	ok	feed		gid://shopify/InventoryItem/55323336540545	DRAFT
2026-09-24T05:36:50.414Z	0246619cfdfe	fortura-063120	72	70	ok	feed		gid://shopify/InventoryItem/55323336737153	DRAFT
2026-09-24T05:36:51.470Z	0246619cfdfe	fortura-063150	23	22	ok	feed		gid://shopify/InventoryItem/55323336802689	DRAFT
2026-09-24T05:36:51.470Z	0246619cfdfe	fortura-09042	40	38	ok	feed		gid://shopify/InventoryItem/55323341652353	DRAFT
2026-09-24T05:36:51.470Z	0246619cfdfe	fortura-17842	42	40	ok	feed		gid://shopify/InventoryItem/55323341816193	DRAFT
2026-09-24T05:36:51.470Z	0246619cfdfe	fortura-17845	450	440	ok	feed		gid://shopify/InventoryItem/55323341881729	DRAFT
2026-09-24T05:36:51.470Z	0246619cfdfe	fortura-17849	25	18	ok	feed		gid://shopify/InventoryItem/55323342438785	DRAFT
2026-09-24T05:36:51.470Z	0246619cfdfe	fortura-17851	19	18	ok	feed		gid://shopify/InventoryItem/55323342504321	DRAFT
2026-09-24T05:36:51.470Z	0246619cfdfe	fortura-17854	5	4	ok	feed		gid://shopify/InventoryItem/55323342733697	DRAFT
2026-09-24T05:36:51.470Z	0246619cfdfe	fortura-17863	23	20	ok	feed		gid://shopify/InventoryItem/55323342897537	DRAFT
2026-09-24T05:36:51.470Z	0246619cfdfe	fortura-17873	58	57	ok	feed		gid://shopify/InventoryItem/55323343454593	DRAFT
2026-09-24T05:36:51.470Z	0246619cfdfe	fortura-17966	385	381	ok	feed		gid://shopify/InventoryItem/55323344175489	DRAFT
2026-09-24T05:36:51.470Z	0246619cfdfe	fortura-20427	21	20	ok	feed		gid://shopify/InventoryItem/55323344306561	DRAFT
2026-09-24T05:36:51.470Z	0246619cfdfe	fortura-21536	57	37	ok	feed		gid://shopify/InventoryItem/55323344339329	DRAFT
2026-09-24T05:36:51.470Z	0246619cfdfe	fortura-21537	120	107	ok	feed		gid://shopify/InventoryItem/55323344830849	DRAFT
2026-09-24T05:36:51.470Z	0246619cfdfe	fortura-25417	26	25	ok	feed		gid://shopify/InventoryItem/55323345092993	DRAFT
2026-09-24T05:36:51.470Z	0246619cfdfe	fortura-25462	36	35	ok	feed		gid://shopify/InventoryItem/55323345158529	DRAFT
2026-09-24T05:36:51.470Z	0246619cfdfe	fortura-25465	106	105	ok	feed		gid://shopify/InventoryItem/55323345289601	DRAFT
2026-09-24T05:36:51.470Z	0246619cfdfe	fortura-25775	170	167	ok	feed		gid://shopify/InventoryItem/55323345355137	DRAFT
2026-09-24T05:36:51.470Z	0246619cfdfe	fortura-25876	70	49	ok	feed		gid://shopify/InventoryItem/55323345486209	DRAFT
2026-09-24T05:36:51.470Z	0246619cfdfe	fortura-25878	33	32	ok	feed		gid://shopify/InventoryItem/55323345518977	DRAFT
2026-09-24T05:36:51.470Z	0246619cfdfe	fortura-25879	83	81	ok	feed		gid://shopify/InventoryItem/55323345551745	DRAFT
2026-09-24T05:36:51.470Z	0246619cfdfe	fortura-25890	53	47	ok	feed		gid://shopify/InventoryItem/55323348074881	DRAFT
2026-09-24T05:36:51.470Z	0246619cfdfe	fortura-26482	30	29	ok	feed		gid://shopify/InventoryItem/55323350630785	DRAFT
2026-09-24T05:36:51.470Z	0246619cfdfe	fortura-33513	61	51	ok	feed		gid://shopify/InventoryItem/55323350729089	DRAFT
2026-09-24T05:36:51.470Z	0246619cfdfe	fortura-33514	37	35	ok	feed		gid://shopify/InventoryItem/55323350794625	DRAFT
2026-09-24T05:36:51.470Z	0246619cfdfe	fortura-33516	7	3	ok	feed		gid://shopify/InventoryItem/55323350860161	DRAFT
2026-09-24T05:36:51.470Z	0246619cfdfe	fortura-33518	32	24	ok	feed		gid://shopify/InventoryItem/55323351056769	DRAFT
2026-09-24T05:36:51.470Z	0246619cfdfe	fortura-33588	77	46	ok	feed		gid://shopify/InventoryItem/55323352203649	DRAFT
2026-09-24T05:36:51.470Z	0246619cfdfe	fortura-33665	77	74	ok	feed		gid://shopify/InventoryItem/55323608973697	DRAFT
2026-09-24T05:36:51.470Z	0246619cfdfe	fortura-33972	124	114	ok	feed		gid://shopify/InventoryItem/55323609039233	DRAFT
2026-09-24T05:36:51.470Z	0246619cfdfe	fortura-33973	200	186	ok	feed		gid://shopify/InventoryItem/55323609072001	DRAFT
2026-09-24T05:36:51.470Z	0246619cfdfe	fortura-39385	42	38	ok	feed		gid://shopify/InventoryItem/55323609104769	DRAFT
2026-09-24T05:36:51.470Z	0246619cfdfe	fortura-41331	54	44	ok	feed		gid://shopify/InventoryItem/55323609137537	DRAFT
2026-09-24T05:36:51.470Z	0246619cfdfe	fortura-41447	76	75	ok	feed		gid://shopify/InventoryItem/55323609235841	DRAFT
2026-09-24T05:36:51.470Z	0246619cfdfe	fortura-41543	188	164	ok	feed		gid://shopify/InventoryItem/55323609432449	DRAFT
2026-09-24T05:36:51.470Z	0246619cfdfe	fortura-41668	35	32	ok	feed		gid://shopify/InventoryItem/55323609858433	DRAFT
2026-09-24T05:36:51.470Z	0246619cfdfe	fortura-41670	25	18	ok	feed		gid://shopify/InventoryItem/55323613036929	DRAFT
2026-09-24T05:36:51.470Z	0246619cfdfe	fortura-41673	60	50	ok	feed		gid://shopify/InventoryItem/55323615265153	DRAFT
2026-09-24T05:36:51.470Z	0246619cfdfe	fortura-41676	180	132	ok	feed		gid://shopify/InventoryItem/55323617132929	DRAFT
2026-09-24T05:36:51.470Z	0246619cfdfe	fortura-41724	22	6	ok	feed		gid://shopify/InventoryItem/55323620966785	DRAFT
2026-09-24T05:36:51.470Z	0246619cfdfe	fortura-49279	309	231	ok	feed		gid://shopify/InventoryItem/55323621753217	DRAFT
2026-09-24T05:36:51.470Z	0246619cfdfe	fortura-49280	259	211	ok	feed		gid://shopify/InventoryItem/55323621949825	DRAFT
2026-09-24T05:36:51.470Z	0246619cfdfe	fortura-49455	75	74	ok	feed		gid://shopify/InventoryItem/55323625816449	DRAFT
2026-09-24T05:36:51.470Z	0246619cfdfe	fortura-49505	111	109	ok	feed		gid://shopify/InventoryItem/55323625881985	DRAFT
2026-09-24T05:36:51.470Z	0246619cfdfe	fortura-49508	45	43	ok	feed		gid://shopify/InventoryItem/55323627323777	DRAFT
2026-09-24T05:36:51.470Z	0246619cfdfe	fortura-49510	27	25	ok	feed		gid://shopify/InventoryItem/55323627356545	DRAFT
2026-09-24T05:36:51.470Z	0246619cfdfe	fortura-49608	69	63	ok	feed		gid://shopify/InventoryItem/55323627389313	DRAFT
2026-09-24T05:36:51.470Z	0246619cfdfe	fortura-57712	83	56	ok	feed		gid://shopify/InventoryItem/55323627422081	DRAFT
2026-09-24T05:36:51.470Z	0246619cfdfe	fortura-57713	53	52	ok	feed		gid://shopify/InventoryItem/55323627454849	DRAFT
2026-09-24T05:36:51.470Z	0246619cfdfe	fortura-57794	68	64	ok	feed		gid://shopify/InventoryItem/55323627815297	DRAFT
2026-09-24T05:36:51.470Z	0246619cfdfe	fortura-57993	67	33	ok	feed		gid://shopify/InventoryItem/55323629945217	DRAFT
2026-09-24T05:36:51.470Z	0246619cfdfe	fortura-58070	63	57	ok	feed		gid://shopify/InventoryItem/55323630272897	DRAFT
2026-09-24T05:36:51.470Z	0246619cfdfe	fortura-59645	60	57	ok	feed		gid://shopify/InventoryItem/55323632009601	DRAFT
2026-09-24T05:36:51.470Z	0246619cfdfe	fortura-59649	18	15	ok	feed		gid://shopify/InventoryItem/55323632566657	DRAFT
2026-09-24T05:36:51.471Z	0246619cfdfe	fortura-80340	9	8	ok	feed		gid://shopify/InventoryItem/55323636007297	DRAFT
2026-09-24T05:36:51.471Z	0246619cfdfe	fortura-81016	41	40	ok	feed		gid://shopify/InventoryItem/55323636367745	DRAFT
2026-09-24T05:36:51.471Z	0246619cfdfe	fortura-81023	217	210	ok	feed		gid://shopify/InventoryItem/55323639873921	DRAFT
2026-09-24T05:36:51.471Z	0246619cfdfe	fortura-81038	83	79	ok	feed		gid://shopify/InventoryItem/55323643183489	DRAFT
2026-09-24T05:36:51.471Z	0246619cfdfe	fortura-81974	25	19	ok	feed		gid://shopify/InventoryItem/55323643249025	DRAFT
2026-09-24T05:36:51.471Z	0246619cfdfe	fortura-81977	6	0	ok	feed		gid://shopify/InventoryItem/55323647836545	DRAFT
2026-09-24T05:36:51.471Z	0246619cfdfe	fortura-81983	90	86	ok	feed		gid://shopify/InventoryItem/55323648065921	DRAFT
2026-09-24T05:36:51.471Z	0246619cfdfe	fortura-82377	20	17	ok	feed		gid://shopify/InventoryItem/55323649081729	DRAFT
2026-09-24T05:36:51.471Z	0246619cfdfe	fortura-82791	80	55	ok	feed		gid://shopify/InventoryItem/55323649442177	DRAFT
2026-09-24T05:36:51.471Z	0246619cfdfe	fortura-84747	31	27	ok	feed		gid://shopify/InventoryItem/55323649900929	DRAFT
2026-09-24T05:36:51.471Z	0246619cfdfe	fortura-85531	46	36	ok	feed		gid://shopify/InventoryItem/55323651899777	DRAFT
2026-09-24T05:36:51.471Z	0246619cfdfe	fortura-85731	33	1	ok	feed		gid://shopify/InventoryItem/55323651965313	DRAFT
2026-09-24T05:36:51.471Z	0246619cfdfe	fortura-85732	139	137	ok	feed		gid://shopify/InventoryItem/55323651998081	DRAFT
2026-09-24T05:36:51.471Z	0246619cfdfe	fortura-85734	218	215	ok	feed		gid://shopify/InventoryItem/55323652227457	DRAFT
2026-09-24T05:36:51.471Z	0246619cfdfe	fortura-85735	43	42	ok	feed		gid://shopify/InventoryItem/55323652489601	DRAFT
2026-09-24T05:36:51.471Z	0246619cfdfe	fortura-85736	29	27	ok	feed		gid://shopify/InventoryItem/55323652522369	DRAFT
2026-09-24T05:36:51.471Z	0246619cfdfe	fortura-85737	20	16	ok	feed		gid://shopify/InventoryItem/55323652555137	DRAFT
2026-09-24T05:36:51.471Z	0246619cfdfe	fortura-85740	72	55	ok	feed		gid://shopify/InventoryItem/55323652587905	DRAFT
2026-09-24T05:36:51.471Z	0246619cfdfe	fortura-85829	96	95	ok	feed		gid://shopify/InventoryItem/55323653112193	DRAFT
2026-09-24T05:36:51.471Z	0246619cfdfe	fortura-86866	113	2	ok	feed		gid://shopify/InventoryItem/55323653210497	DRAFT
2026-09-24T05:36:51.471Z	0246619cfdfe	fortura-87112	113	102	ok	feed		gid://shopify/InventoryItem/55323653243265	DRAFT
2026-09-24T05:36:51.471Z	0246619cfdfe	fortura-87145	14	13	ok	feed		gid://shopify/InventoryItem/55323653308801	DRAFT
2026-09-24T05:36:51.471Z	0246619cfdfe	fortura-87226	13	5	ok	feed		gid://shopify/InventoryItem/55323653374337	DRAFT
2026-09-24T05:36:51.471Z	0246619cfdfe	fortura-87227	242	234	ok	feed		gid://shopify/InventoryItem/55323653439873	DRAFT
2026-09-24T05:36:51.471Z	0246619cfdfe	fortura-87623	45	41	ok	feed		gid://shopify/InventoryItem/55323653702017	DRAFT
2026-09-24T05:36:51.471Z	0246619cfdfe	fortura-87711	22	20	ok	feed		gid://shopify/InventoryItem/55323653800321	DRAFT
2026-09-24T05:36:51.471Z	0246619cfdfe	fortura-87712	33	21	ok	feed		gid://shopify/InventoryItem/55323653833089	DRAFT
2026-09-24T05:36:51.471Z	0246619cfdfe	fortura-87797	55	53	ok	feed		gid://shopify/InventoryItem/55323653865857	DRAFT
2026-09-24T05:36:51.471Z	0246619cfdfe	fortura-88255	14	11	ok	feed		gid://shopify/InventoryItem/55323653964161	DRAFT
2026-09-24T05:36:51.471Z	0246619cfdfe	fortura-88593	33	31	ok	feed		gid://shopify/InventoryItem/55323654062465	DRAFT
2026-09-24T05:36:51.471Z	0246619cfdfe	fortura-88595	71	67	ok	feed		gid://shopify/InventoryItem/55323654128001	DRAFT
2026-09-24T05:36:51.471Z	0246619cfdfe	fortura-90164-6	27	25	ok	feed		gid://shopify/InventoryItem/55323654259073	DRAFT
2026-09-24T05:36:51.471Z	0246619cfdfe	fortura-90164-7	44	36	ok	feed		gid://shopify/InventoryItem/55323654291841	DRAFT
2026-09-24T05:36:51.471Z	0246619cfdfe	fortura-90164-8	59	52	ok	feed		gid://shopify/InventoryItem/55323654324609	DRAFT
2026-09-24T05:36:51.471Z	0246619cfdfe	fortura-90164-9	59	53	ok	feed		gid://shopify/InventoryItem/55323654357377	DRAFT
2026-09-24T05:36:51.471Z	0246619cfdfe	fortura-90195-3	17	15	ok	feed		gid://shopify/InventoryItem/55323654488449	DRAFT
2026-09-24T05:36:51.471Z	0246619cfdfe	fortura-918790	18	16	ok	feed		gid://shopify/InventoryItem/55323665236353	DRAFT
2026-09-24T05:36:51.471Z	0246619cfdfe	fortura-918791	18	17	ok	feed		gid://shopify/InventoryItem/55323665400193	DRAFT
2026-09-24T05:36:51.471Z	0246619cfdfe	fortura-918792	14	13	ok	feed		gid://shopify/InventoryItem/55323665465729	DRAFT
2026-09-24T05:36:51.471Z	0246619cfdfe	fortura-918793	17	14	ok	feed		gid://shopify/InventoryItem/55323665531265	DRAFT
2026-09-24T05:36:51.471Z	0246619cfdfe	fortura-918794	10	9	ok	feed		gid://shopify/InventoryItem/55323665727873	DRAFT
2026-09-24T05:36:51.471Z	0246619cfdfe	fortura-922427	18	15	ok	feed		gid://shopify/InventoryItem/55323665826177	DRAFT
2026-09-24T05:36:51.471Z	0246619cfdfe	fortura-922503	13	11	ok	feed		gid://shopify/InventoryItem/55323666055553	DRAFT
2026-09-24T05:36:51.471Z	0246619cfdfe	fortura-922511	9	8	ok	feed		gid://shopify/InventoryItem/55323666284929	DRAFT
2026-09-24T05:36:51.471Z	0246619cfdfe	fortura-924290	13	11	ok	feed		gid://shopify/InventoryItem/55323666448769	DRAFT
2026-09-24T05:36:51.471Z	0246619cfdfe	fortura-924292	49	46	ok	feed		gid://shopify/InventoryItem/55323666547073	DRAFT
2026-09-24T05:36:51.471Z	0246619cfdfe	fortura-924293	39	34	ok	feed		gid://shopify/InventoryItem/55323666579841	DRAFT
2026-09-24T05:36:52.356Z	0246619cfdfe	fortura-924295	17	12	ok	feed		gid://shopify/InventoryItem/55323666645377	DRAFT
2026-09-24T05:36:52.357Z	0246619cfdfe	fortura-924296	26	17	ok	feed		gid://shopify/InventoryItem/55323666678145	DRAFT
2026-09-24T05:36:52.357Z	0246619cfdfe	fortura-924297	29	33	ok	feed		gid://shopify/InventoryItem/55323666710913	DRAFT
2026-09-24T05:36:52.357Z	0246619cfdfe	fortura-924298	50	40	ok	feed		gid://shopify/InventoryItem/55323666743681	DRAFT
2026-09-24T05:36:52.357Z	0246619cfdfe	fortura-924299	35	24	ok	feed		gid://shopify/InventoryItem/55323666776449	DRAFT
2026-09-24T05:36:52.357Z	0246619cfdfe	fortura-993434	16	14	ok	feed		gid://shopify/InventoryItem/55323666907521	DRAFT
2026-09-24T05:36:52.357Z	0246619cfdfe	fortura-BO70996	21	19	ok	feed		gid://shopify/InventoryItem/55323667038593	DRAFT
2026-09-24T05:36:52.357Z	0246619cfdfe	fortura-BO79305	27	23	ok	feed		gid://shopify/InventoryItem/55323667136897	DRAFT
2026-09-24T05:36:52.357Z	0246619cfdfe	fortura-BO79306	11	10	ok	feed		gid://shopify/InventoryItem/55323667202433	DRAFT
2026-09-24T05:36:52.357Z	0246619cfdfe	fortura-CD25714	15	14	ok	feed		gid://shopify/InventoryItem/55323667235201	DRAFT
2026-09-24T05:36:52.357Z	0246619cfdfe	fortura-CK4283L	6	3	ok	feed		gid://shopify/InventoryItem/55323667530113	DRAFT
2026-09-24T05:36:52.357Z	0246619cfdfe	fortura-CK4283XL	14	13	ok	feed		gid://shopify/InventoryItem/55323667628417	DRAFT
2026-09-24T05:36:52.357Z	0246619cfdfe	fortura-CK4298164	10	13	ok	feed		gid://shopify/InventoryItem/55323668152705	DRAFT
2026-09-24T05:36:52.357Z	0246619cfdfe	fortura-CK4298180	10	11	ok	feed		gid://shopify/InventoryItem/55323668185473	DRAFT
2026-09-24T05:36:52.357Z	0246619cfdfe	fortura-CK4298190	3	15	ok	feed		gid://shopify/InventoryItem/55323668218241	DRAFT
2026-09-24T05:36:52.357Z	0246619cfdfe	fortura-EU107404	10	8	ok	feed		gid://shopify/InventoryItem/55323668251009	DRAFT
2026-09-24T05:36:52.357Z	0246619cfdfe	fortura-EU707183S	14	13	ok	feed		gid://shopify/InventoryItem/55323668283777	DRAFT
2026-09-24T05:36:52.357Z	0246619cfdfe	fortura-OR90799XXL-XXXL	14	12	ok	feed		gid://shopify/InventoryItem/55323669234049	DRAFT
2026-09-24T05:36:52.357Z	0246619cfdfe	fortura-OR980134-36	18	16	ok	feed		gid://shopify/InventoryItem/55323669266817	DRAFT
2026-09-24T05:36:52.357Z	0246619cfdfe	fortura-OR980138-40	20	16	ok	feed		gid://shopify/InventoryItem/55323669299585	DRAFT
2026-09-24T05:36:52.357Z	0246619cfdfe	fortura-OR980146-48	15	13	ok	feed		gid://shopify/InventoryItem/55323669365121	DRAFT
2026-09-24T05:36:52.357Z	0246619cfdfe	fortura-902077	28	24	ok	feed		gid://shopify/InventoryItem/55323669496193	DRAFT
2026-09-24T05:36:52.357Z	0246619cfdfe	fortura-90734	12	10	ok	feed		gid://shopify/InventoryItem/55323669528961	DRAFT
2026-09-24T05:36:52.357Z	0246619cfdfe	fortura-907807	38	19	ok	feed		gid://shopify/InventoryItem/55323669561729	DRAFT
2026-09-24T05:36:52.357Z	0246619cfdfe	fortura-96033	53	44	ok	feed		gid://shopify/InventoryItem/55323669594497	DRAFT
2026-09-24T05:36:52.357Z	0246619cfdfe	fortura-96137	40	31	ok	feed		gid://shopify/InventoryItem/55323669660033	DRAFT
2026-09-24T05:36:52.357Z	0246619cfdfe	fortura-96279	37	31	ok	feed		gid://shopify/InventoryItem/55323669725569	DRAFT
2026-09-24T05:36:52.357Z	0246619cfdfe	fortura-CK13679	24	23	ok	feed		gid://shopify/InventoryItem/55323669791105	DRAFT
2026-09-24T05:36:52.357Z	0246619cfdfe	fortura-CK13814	46	43	ok	feed		gid://shopify/InventoryItem/55323669823873	DRAFT
2026-09-24T05:36:52.357Z	0246619cfdfe	fortura-CK14348	35	23	ok	feed		gid://shopify/InventoryItem/55323669856641	DRAFT
2026-09-24T05:36:52.357Z	0246619cfdfe	fortura-CK14350	25	10	ok	feed		gid://shopify/InventoryItem/55323669889409	DRAFT
2026-09-24T05:36:52.357Z	0246619cfdfe	fortura-CK14413	7	6	ok	feed		gid://shopify/InventoryItem/55323669922177	DRAFT
2026-09-24T05:36:52.357Z	0246619cfdfe	fortura-CK14415	7	6	ok	feed		gid://shopify/InventoryItem/55323669987713	DRAFT
2026-09-24T05:36:52.357Z	0246619cfdfe	fortura-CK14419	13	6	ok	feed		gid://shopify/InventoryItem/55323670118785	DRAFT
2026-09-24T05:36:52.357Z	0246619cfdfe	fortura-CK14461	11	6	ok	feed		gid://shopify/InventoryItem/55323670315393	DRAFT
2026-09-24T05:36:52.357Z	0246619cfdfe	fortura-EU105958	57	49	ok	feed		gid://shopify/InventoryItem/55323670380929	DRAFT
2026-09-24T05:36:52.357Z	0246619cfdfe	fortura-EU108432	22	20	ok	feed		gid://shopify/InventoryItem/55323670446465	DRAFT
2026-09-24T05:36:52.357Z	0246619cfdfe	fortura-OR21363	33	25	ok	feed		gid://shopify/InventoryItem/55323670610305	DRAFT
2026-09-24T05:36:52.357Z	0246619cfdfe	fortura-952815	36	26	ok	feed		gid://shopify/InventoryItem/55323670708609	DRAFT
2026-09-24T05:36:52.357Z	0246619cfdfe	fortura-98644	63	60	ok	feed		gid://shopify/InventoryItem/55323670774145	DRAFT
2026-09-24T05:36:52.357Z	0246619cfdfe	fortura-98652	25	71	ok	feed		gid://shopify/InventoryItem/55323670839681	DRAFT
2026-09-24T05:36:52.357Z	0246619cfdfe	fortura-BO72243	57	41	ok	feed		gid://shopify/InventoryItem/55323670905217	DRAFT
2026-09-24T05:36:52.357Z	0246619cfdfe	fortura-CK13734	15	11	ok	feed		gid://shopify/InventoryItem/55323671167361	DRAFT
2026-09-24T05:36:52.357Z	0246619cfdfe	fortura-CK13736	11	10	ok	feed		gid://shopify/InventoryItem/55323671298433	DRAFT
2026-09-24T05:36:52.357Z	0246619cfdfe	fortura-CK13773	28	15	ok	feed		gid://shopify/InventoryItem/55323671363969	DRAFT
2026-09-24T05:36:52.357Z	0246619cfdfe	fortura-CK13789	48	46	ok	feed		gid://shopify/InventoryItem/55323671429505	DRAFT
2026-09-24T05:36:52.357Z	0246619cfdfe	fortura-CK1444702	113	112	ok	feed		gid://shopify/InventoryItem/55323671462273	DRAFT
2026-09-24T05:36:52.357Z	0246619cfdfe	fortura-CK14462	7	6	ok	feed		gid://shopify/InventoryItem/55323671527809	DRAFT
2026-09-24T05:36:52.357Z	0246619cfdfe	fortura-CK14467	87	78	ok	feed		gid://shopify/InventoryItem/55323671560577	DRAFT
2026-09-24T05:36:52.357Z	0246619cfdfe	fortura-CK27892	13	12	ok	feed		gid://shopify/InventoryItem/55323671593345	DRAFT
2026-09-24T05:36:52.357Z	0246619cfdfe	fortura-PC24061	50	48	ok	feed		gid://shopify/InventoryItem/55323671822721	DRAFT
2026-09-24T05:36:52.357Z	0246619cfdfe	fortura-25450SW	13	12	ok	feed		gid://shopify/InventoryItem/55323672150401	DRAFT
2026-09-24T05:36:52.357Z	0246619cfdfe	fortura-41743	1925	3286	ok	feed		gid://shopify/InventoryItem/55323672215937	DRAFT
2026-09-24T05:36:52.357Z	0246619cfdfe	fortura-52510	9158	8246	ok	feed		gid://shopify/InventoryItem/55323672478081	DRAFT
2026-09-24T05:36:52.357Z	0246619cfdfe	fortura-904874	13	2	ok	feed		gid://shopify/InventoryItem/55323673133441	DRAFT
2026-09-24T05:36:52.357Z	0246619cfdfe	fortura-95405	198	110	ok	feed		gid://shopify/InventoryItem/55323673231745	DRAFT
2026-09-24T05:36:52.357Z	0246619cfdfe	fortura-98264	18	16	ok	feed		gid://shopify/InventoryItem/55323673395585	DRAFT
2026-09-24T05:36:52.357Z	0246619cfdfe	fortura-33885	6	3	ok	feed		gid://shopify/InventoryItem/55323699970433	DRAFT
2026-09-24T05:36:52.357Z	0246619cfdfe	fortura-33888	19	17	ok	feed		gid://shopify/InventoryItem/55323700167041	DRAFT
2026-09-24T05:36:52.357Z	0246619cfdfe	fortura-33897	17	15	ok	feed		gid://shopify/InventoryItem/55323702395265	DRAFT
2026-09-24T05:36:52.357Z	0246619cfdfe	fortura-41768	11	9	ok	feed		gid://shopify/InventoryItem/55323703705985	DRAFT
2026-09-24T05:36:52.357Z	0246619cfdfe	fortura-49633	5	4	ok	feed		gid://shopify/InventoryItem/55323799880065	DRAFT
2026-09-24T05:36:52.357Z	0246619cfdfe	fortura-49645	5	4	ok	feed		gid://shopify/InventoryItem/55323799945601	DRAFT
2026-09-24T05:36:52.357Z	0246619cfdfe	fortura-49647	7	6	ok	feed		gid://shopify/InventoryItem/55323799978369	DRAFT
2026-09-24T05:36:52.357Z	0246619cfdfe	fortura-52391	4	2	ok	feed		gid://shopify/InventoryItem/55323800469889	DRAFT
2026-09-24T05:36:52.357Z	0246619cfdfe	fortura-58030	6	5	ok	feed		gid://shopify/InventoryItem/55323800830337	DRAFT
2026-09-24T05:36:52.357Z	0246619cfdfe	fortura-58036	7	5	ok	feed		gid://shopify/InventoryItem/55323800863105	DRAFT
2026-09-24T05:36:52.357Z	0246619cfdfe	fortura-58040	6	5	ok	feed		gid://shopify/InventoryItem/55323800994177	DRAFT
2026-09-24T05:36:52.357Z	0246619cfdfe	fortura-58041	2	1	ok	feed		gid://shopify/InventoryItem/55323801026945	DRAFT
2026-09-24T05:36:52.357Z	0246619cfdfe	fortura-58042	9	8	ok	feed		gid://shopify/InventoryItem/55323801059713	DRAFT
2026-09-24T05:36:52.357Z	0246619cfdfe	fortura-58043	6	3	ok	feed		gid://shopify/InventoryItem/55323801092481	DRAFT
2026-09-24T05:36:52.358Z	0246619cfdfe	fortura-58045	12	10	ok	feed		gid://shopify/InventoryItem/55323801125249	DRAFT
2026-09-24T05:36:52.358Z	0246619cfdfe	fortura-58048	11	10	ok	feed		gid://shopify/InventoryItem/55323801223553	DRAFT
2026-09-24T05:36:52.358Z	0246619cfdfe	fortura-58049	11	10	ok	feed		gid://shopify/InventoryItem/55323801256321	DRAFT
2026-09-24T05:36:52.358Z	0246619cfdfe	fortura-58089	5	4	ok	feed		gid://shopify/InventoryItem/55323801420161	DRAFT
2026-09-24T05:36:52.358Z	0246619cfdfe	fortura-58090	14	13	ok	feed		gid://shopify/InventoryItem/55323801616769	DRAFT
2026-09-24T05:36:52.358Z	0246619cfdfe	fortura-58093	17	16	ok	feed		gid://shopify/InventoryItem/55323801878913	DRAFT
2026-09-24T05:36:52.358Z	0246619cfdfe	fortura-58100	25	24	ok	feed		gid://shopify/InventoryItem/55323802009985	DRAFT
2026-09-24T05:36:52.358Z	0246619cfdfe	fortura-58102	1	0	ok	feed		gid://shopify/InventoryItem/55323802075521	DRAFT
2026-09-24T05:36:52.358Z	0246619cfdfe	fortura-58103	1	0	ok	feed		gid://shopify/InventoryItem/55323802141057	DRAFT
2026-09-24T05:36:52.358Z	0246619cfdfe	fortura-58104	16	15	ok	feed		gid://shopify/InventoryItem/55323802239361	DRAFT
2026-09-24T05:36:52.358Z	0246619cfdfe	fortura-58146	7	6	ok	feed		gid://shopify/InventoryItem/55323803124097	DRAFT
2026-09-24T05:36:52.358Z	0246619cfdfe	fortura-58155	15	14	ok	feed		gid://shopify/InventoryItem/55323803156865	DRAFT
2026-09-24T05:36:52.358Z	0246619cfdfe	fortura-90001-4	38	35	ok	feed		gid://shopify/InventoryItem/55323803320705	DRAFT
2026-09-24T05:36:52.358Z	0246619cfdfe	fortura-900098	16	14	ok	feed		gid://shopify/InventoryItem/55323803419009	DRAFT
2026-09-24T05:36:52.358Z	0246619cfdfe	fortura-900099	50	41	ok	feed		gid://shopify/InventoryItem/55323803484545	DRAFT
2026-09-24T05:36:52.358Z	0246619cfdfe	fortura-90021-2	2	0	ok	feed		gid://shopify/InventoryItem/55323803746689	DRAFT
2026-09-24T05:36:52.358Z	0246619cfdfe	fortura-90021-3	2	0	ok	feed		gid://shopify/InventoryItem/55323803844993	DRAFT
2026-09-24T05:36:52.358Z	0246619cfdfe	fortura-90021-4	2	0	ok	feed		gid://shopify/InventoryItem/55323803910529	DRAFT
2026-09-24T05:36:52.358Z	0246619cfdfe	fortura-90029-7	25	22	ok	feed		gid://shopify/InventoryItem/55323803976065	DRAFT
2026-09-24T05:36:52.358Z	0246619cfdfe	fortura-90032-6	9	5	ok	feed		gid://shopify/InventoryItem/55323804041601	DRAFT
2026-09-24T05:36:52.358Z	0246619cfdfe	fortura-90032-7	14	11	ok	feed		gid://shopify/InventoryItem/55323804074369	DRAFT
2026-09-24T05:36:52.358Z	0246619cfdfe	fortura-90032-8	12	9	ok	feed		gid://shopify/InventoryItem/55323804107137	DRAFT
2026-09-24T05:36:52.358Z	0246619cfdfe	fortura-90033-6	13	10	ok	feed		gid://shopify/InventoryItem/55323804139905	DRAFT
2026-09-24T05:36:52.358Z	0246619cfdfe	fortura-90033-8	20	16	ok	feed		gid://shopify/InventoryItem/55323804205441	DRAFT
2026-09-24T05:36:52.358Z	0246619cfdfe	fortura-900529	12	11	ok	feed		gid://shopify/InventoryItem/55323804369281	DRAFT
2026-09-24T05:36:52.358Z	0246619cfdfe	fortura-901079	26	23	ok	feed		gid://shopify/InventoryItem/55323805057409	DRAFT
2026-09-24T05:36:52.358Z	0246619cfdfe	fortura-901085	6	5	ok	feed		gid://shopify/InventoryItem/55323805417857	DRAFT
2026-09-24T05:36:52.358Z	0246619cfdfe	fortura-901315	2	1	ok	feed		gid://shopify/InventoryItem/55323805909377	DRAFT
2026-09-24T05:36:52.358Z	0246619cfdfe	fortura-90190-8	7	6	ok	feed		gid://shopify/InventoryItem/55323807351169	DRAFT
2026-09-24T05:36:53.652Z	0246619cfdfe	fortura-90253-6	33	30	ok	feed		gid://shopify/InventoryItem/55323807449473	DRAFT
2026-09-24T05:36:53.652Z	0246619cfdfe	fortura-90253-7	25	21	ok	feed		gid://shopify/InventoryItem/55323807482241	DRAFT
2026-09-24T05:36:53.652Z	0246619cfdfe	fortura-90253-8	34	32	ok	feed		gid://shopify/InventoryItem/55323807515009	DRAFT
2026-09-24T05:36:53.652Z	0246619cfdfe	fortura-90253-9	8	7	ok	feed		gid://shopify/InventoryItem/55323807547777	DRAFT
2026-09-24T05:36:53.652Z	0246619cfdfe	fortura-902560	2	1	ok	feed		gid://shopify/InventoryItem/55323807580545	DRAFT
2026-09-24T05:36:53.652Z	0246619cfdfe	fortura-90257-2	9	8	ok	feed		gid://shopify/InventoryItem/55323807711617	DRAFT
2026-09-24T05:36:53.652Z	0246619cfdfe	fortura-90259-2	10	9	ok	feed		gid://shopify/InventoryItem/55323807809921	DRAFT
2026-09-24T05:36:53.652Z	0246619cfdfe	fortura-90259-3	11	17	ok	feed		gid://shopify/InventoryItem/55323807875457	DRAFT
2026-09-24T05:36:53.652Z	0246619cfdfe	fortura-90259-4	19	14	ok	feed		gid://shopify/InventoryItem/55323807908225	DRAFT
2026-09-24T05:36:53.652Z	0246619cfdfe	fortura-90259-7	6	18	ok	feed		gid://shopify/InventoryItem/55323808006529	DRAFT
2026-09-24T05:36:53.652Z	0246619cfdfe	fortura-90259-8	17	14	ok	feed		gid://shopify/InventoryItem/55323808039297	DRAFT
2026-09-24T05:36:53.652Z	0246619cfdfe	fortura-90262-6	30	23	ok	feed		gid://shopify/InventoryItem/55323808072065	DRAFT
2026-09-24T05:36:53.652Z	0246619cfdfe	fortura-90262-7	33	31	ok	feed		gid://shopify/InventoryItem/55323808104833	DRAFT
2026-09-24T05:36:53.652Z	0246619cfdfe	fortura-90263-4	7	5	ok	feed		gid://shopify/InventoryItem/55323808170369	DRAFT
2026-09-24T05:36:53.652Z	0246619cfdfe	fortura-90264-6	25	20	ok	feed		gid://shopify/InventoryItem/55323808203137	DRAFT
2026-09-24T05:36:53.652Z	0246619cfdfe	fortura-90264-8	44	43	ok	feed		gid://shopify/InventoryItem/55323808301441	DRAFT
2026-09-24T05:36:53.652Z	0246619cfdfe	fortura-90265-3	19	13	ok	feed		gid://shopify/InventoryItem/55323808366977	DRAFT
2026-09-24T05:36:53.652Z	0246619cfdfe	fortura-902689	56	54	ok	feed		gid://shopify/InventoryItem/55323808498049	DRAFT
2026-09-24T05:36:53.652Z	0246619cfdfe	fortura-90277-2	7	5	ok	feed		gid://shopify/InventoryItem/55323808563585	DRAFT
2026-09-24T05:36:53.652Z	0246619cfdfe	fortura-90285-1	19	17	ok	feed		gid://shopify/InventoryItem/55323808661889	DRAFT
2026-09-24T05:36:53.652Z	0246619cfdfe	fortura-90285-3	29	27	ok	feed		gid://shopify/InventoryItem/55323808727425	DRAFT
2026-09-24T05:36:53.652Z	0246619cfdfe	fortura-903443	38	34	ok	feed		gid://shopify/InventoryItem/55323808858497	DRAFT
2026-09-24T05:36:53.652Z	0246619cfdfe	fortura-903444	39	38	ok	feed		gid://shopify/InventoryItem/55323808891265	DRAFT
2026-09-24T05:36:53.652Z	0246619cfdfe	fortura-90391-4	4	3	ok	feed		gid://shopify/InventoryItem/55323808924033	DRAFT
2026-09-24T05:36:53.652Z	0246619cfdfe	fortura-90403-2	11	5	ok	feed		gid://shopify/InventoryItem/55323808956801	DRAFT
2026-09-24T05:36:53.652Z	0246619cfdfe	fortura-904039	7	5	ok	feed		gid://shopify/InventoryItem/55323809087873	DRAFT
2026-09-24T05:36:53.652Z	0246619cfdfe	fortura-904460	11	10	ok	feed		gid://shopify/InventoryItem/55323809120641	DRAFT
2026-09-24T05:36:53.652Z	0246619cfdfe	fortura-90446-6	16	12	ok	feed		gid://shopify/InventoryItem/55323809218945	DRAFT
2026-09-24T05:36:53.652Z	0246619cfdfe	fortura-90446-7	21	19	ok	feed		gid://shopify/InventoryItem/55323809284481	DRAFT
2026-09-24T05:36:53.652Z	0246619cfdfe	fortura-90508-1	20	17	ok	feed		gid://shopify/InventoryItem/55323809546625	DRAFT
2026-09-24T05:36:53.652Z	0246619cfdfe	fortura-90508-4	8	7	ok	feed		gid://shopify/InventoryItem/55323809612161	DRAFT
2026-09-24T05:36:53.652Z	0246619cfdfe	fortura-905500	4	3	ok	feed		gid://shopify/InventoryItem/55323809776001	DRAFT
2026-09-24T05:36:53.652Z	0246619cfdfe	fortura-90559-6	7	6	ok	feed		gid://shopify/InventoryItem/55323810038145	DRAFT
2026-09-24T05:36:53.652Z	0246619cfdfe	fortura-90559-7	8	4	ok	feed		gid://shopify/InventoryItem/55323810070913	DRAFT
2026-09-24T05:36:53.652Z	0246619cfdfe	fortura-905847	57	56	ok	feed		gid://shopify/InventoryItem/55323810169217	DRAFT
2026-09-24T05:36:53.652Z	0246619cfdfe	fortura-90652-4	2	1	ok	feed		gid://shopify/InventoryItem/55323810464129	DRAFT
2026-09-24T05:36:53.652Z	0246619cfdfe	fortura-90658-2	15	13	ok	feed		gid://shopify/InventoryItem/55323810562433	DRAFT
2026-09-24T05:36:53.652Z	0246619cfdfe	fortura-90717-3	4	3	ok	feed		gid://shopify/InventoryItem/55323811578241	DRAFT
2026-09-24T05:36:53.652Z	0246619cfdfe	fortura-907419	40	39	ok	feed		gid://shopify/InventoryItem/55323811643777	DRAFT
2026-09-24T05:36:53.652Z	0246619cfdfe	fortura-HB8195	2	19	ok	feed		gid://shopify/InventoryItem/55323811676545	DRAFT
2026-09-24T05:36:53.652Z	0246619cfdfe	fortura-HB8230	10	7	ok	feed		gid://shopify/InventoryItem/55323811742081	DRAFT
2026-09-24T05:36:53.652Z	0246619cfdfe	fortura-907435	7	4	ok	feed		gid://shopify/InventoryItem/55323811774849	DRAFT
2026-09-24T05:36:53.652Z	0246619cfdfe	fortura-33631	56	32	ok	feed		gid://shopify/InventoryItem/55323811807617	DRAFT
2026-09-24T05:36:53.652Z	0246619cfdfe	fortura-90743-6	35	33	ok	feed		gid://shopify/InventoryItem/55323811840385	DRAFT
2026-09-24T05:36:53.652Z	0246619cfdfe	fortura-90743-8	25	23	ok	feed		gid://shopify/InventoryItem/55323811905921	DRAFT
2026-09-24T05:36:53.652Z	0246619cfdfe	fortura-90744-2	21	17	ok	feed		gid://shopify/InventoryItem/55323812036993	DRAFT
2026-09-24T05:36:53.652Z	0246619cfdfe	fortura-90744-3	36	30	ok	feed		gid://shopify/InventoryItem/55323812069761	DRAFT
2026-09-24T05:36:53.652Z	0246619cfdfe	fortura-90744-9	41	34	ok	feed		gid://shopify/InventoryItem/55323812102529	DRAFT
2026-09-24T05:36:53.652Z	0246619cfdfe	fortura-907510	14	11	ok	feed		gid://shopify/InventoryItem/55323812299137	DRAFT
2026-09-24T05:36:53.652Z	0246619cfdfe	fortura-90771-2	2	1	ok	feed		gid://shopify/InventoryItem/55323812692353	DRAFT
2026-09-24T05:36:53.653Z	0246619cfdfe	fortura-90788-7	4	1	ok	feed		gid://shopify/InventoryItem/55323812888961	DRAFT
2026-09-24T05:36:53.653Z	0246619cfdfe	fortura-907950	7	5	ok	feed		gid://shopify/InventoryItem/55323813183873	DRAFT
2026-09-24T05:36:53.653Z	0246619cfdfe	fortura-90795-2	15	14	ok	feed		gid://shopify/InventoryItem/55323813249409	DRAFT
2026-09-24T05:36:53.653Z	0246619cfdfe	fortura-90795-4	6	5	ok	feed		gid://shopify/InventoryItem/55323813314945	DRAFT
2026-09-24T05:36:53.653Z	0246619cfdfe	fortura-908231	24	22	ok	feed		gid://shopify/InventoryItem/55323814166913	DRAFT
2026-09-24T05:36:53.653Z	0246619cfdfe	fortura-908239	29	27	ok	feed		gid://shopify/InventoryItem/55323814199681	DRAFT
2026-09-24T05:36:53.653Z	0246619cfdfe	fortura-90882-5	25	20	ok	feed		gid://shopify/InventoryItem/55323814527361	DRAFT
2026-09-24T05:36:53.653Z	0246619cfdfe	fortura-909121	2	1	ok	feed		gid://shopify/InventoryItem/55323814723969	DRAFT
2026-09-24T05:36:53.653Z	0246619cfdfe	fortura-909129	6	5	ok	feed		gid://shopify/InventoryItem/55323814855041	DRAFT
2026-09-24T05:36:53.653Z	0246619cfdfe	fortura-909130	8	7	ok	feed		gid://shopify/InventoryItem/55323814887809	DRAFT
2026-09-24T05:36:53.653Z	0246619cfdfe	fortura-90925-2	6	4	ok	feed		gid://shopify/InventoryItem/55323815412097	DRAFT
2026-09-24T05:36:53.653Z	0246619cfdfe	fortura-90935-3	3	2	ok	feed		gid://shopify/InventoryItem/55323815838081	DRAFT
2026-09-24T05:36:53.653Z	0246619cfdfe	fortura-90940-1	11	10	ok	feed		gid://shopify/InventoryItem/55323816165761	DRAFT
2026-09-24T05:36:53.653Z	0246619cfdfe	fortura-909429	1	0	ok	feed		gid://shopify/InventoryItem/55323816296833	DRAFT
2026-09-24T05:36:53.653Z	0246619cfdfe	fortura-90945-1	10	9	ok	feed		gid://shopify/InventoryItem/55323816362369	DRAFT
2026-09-24T05:36:53.653Z	0246619cfdfe	fortura-90952-3	3	2	ok	feed		gid://shopify/InventoryItem/55323816460673	DRAFT
2026-09-24T05:36:53.653Z	0246619cfdfe	fortura-909671	1	0	ok	feed		gid://shopify/InventoryItem/55323817116033	DRAFT
2026-09-24T05:36:53.653Z	0246619cfdfe	fortura-909672	4	0	ok	feed		gid://shopify/InventoryItem/55323817148801	DRAFT
2026-09-24T05:36:53.653Z	0246619cfdfe	fortura-909673	24	23	ok	feed		gid://shopify/InventoryItem/55323817181569	DRAFT
2026-09-24T05:36:53.653Z	0246619cfdfe	fortura-909673	24	23	ok	feed		gid://shopify/InventoryItem/55323817214337	DRAFT
2026-09-24T05:36:53.653Z	0246619cfdfe	fortura-909674	43	36	ok	feed		gid://shopify/InventoryItem/55323817247105	DRAFT
2026-09-24T05:36:53.653Z	0246619cfdfe	fortura-909674	43	36	ok	feed		gid://shopify/InventoryItem/55323817279873	DRAFT
2026-09-24T05:36:53.653Z	0246619cfdfe	fortura-90970-2	3	2	ok	feed		gid://shopify/InventoryItem/55323817443713	DRAFT
2026-09-24T05:36:53.653Z	0246619cfdfe	fortura-90970-2	3	2	ok	feed		gid://shopify/InventoryItem/55323817476481	DRAFT
2026-09-24T05:36:53.653Z	0246619cfdfe	fortura-90988-2	3	2	ok	feed		gid://shopify/InventoryItem/55323817640321	DRAFT
2026-09-24T05:36:53.653Z	0246619cfdfe	fortura-90988-2	3	2	ok	feed		gid://shopify/InventoryItem/55323817673089	DRAFT
2026-09-24T05:36:53.653Z	0246619cfdfe	fortura-910081	27	18	ok	feed		gid://shopify/InventoryItem/55323818819969	DRAFT
2026-09-24T05:36:53.653Z	0246619cfdfe	fortura-910082	30	28	ok	feed		gid://shopify/InventoryItem/55323820065153	DRAFT
2026-09-24T05:36:53.653Z	0246619cfdfe	fortura-910160	15	11	ok	feed		gid://shopify/InventoryItem/55323820097921	DRAFT
2026-09-24T05:36:53.653Z	0246619cfdfe	fortura-91016-4	13	12	ok	feed		gid://shopify/InventoryItem/55323820196225	DRAFT
2026-09-24T05:36:53.653Z	0246619cfdfe	fortura-91016-4	13	12	ok	feed		gid://shopify/InventoryItem/55323820228993	DRAFT
2026-09-24T05:36:53.653Z	0246619cfdfe	fortura-91017-2	10	9	ok	feed		gid://shopify/InventoryItem/55323820261761	DRAFT
2026-09-24T05:36:53.653Z	0246619cfdfe	fortura-91017-2	10	9	ok	feed		gid://shopify/InventoryItem/55323820294529	DRAFT
2026-09-24T05:36:53.653Z	0246619cfdfe	fortura-91023-2	4	3	ok	feed		gid://shopify/InventoryItem/55323820523905	DRAFT
2026-09-24T05:36:53.653Z	0246619cfdfe	fortura-91023-2	4	3	ok	feed		gid://shopify/InventoryItem/55323820556673	DRAFT
2026-09-24T05:36:53.653Z	0246619cfdfe	fortura-91023-4	2	1	ok	feed		gid://shopify/InventoryItem/55323820654977	DRAFT
2026-09-24T05:36:53.653Z	0246619cfdfe	fortura-91023-4	2	1	ok	feed		gid://shopify/InventoryItem/55323820687745	DRAFT
2026-09-24T05:36:53.653Z	0246619cfdfe	fortura-910278	45	44	ok	feed		gid://shopify/InventoryItem/55323820949889	DRAFT
2026-09-24T05:36:53.653Z	0246619cfdfe	fortura-910278	45	44	ok	feed		gid://shopify/InventoryItem/55323820982657	DRAFT
2026-09-24T05:36:53.653Z	0246619cfdfe	fortura-910322	32	31	ok	feed		gid://shopify/InventoryItem/55323821015425	DRAFT
2026-09-24T05:36:53.653Z	0246619cfdfe	fortura-910322	32	31	ok	feed		gid://shopify/InventoryItem/55323821048193	DRAFT
2026-09-24T05:36:53.653Z	0246619cfdfe	fortura-910323	132	129	ok	feed		gid://shopify/InventoryItem/55323821080961	DRAFT
2026-09-24T05:36:53.653Z	0246619cfdfe	fortura-910323	132	129	ok	feed		gid://shopify/InventoryItem/55323821113729	DRAFT
2026-09-24T05:36:53.653Z	0246619cfdfe	fortura-910351	22	19	ok	feed		gid://shopify/InventoryItem/55323821146497	DRAFT
2026-09-24T05:36:53.653Z	0246619cfdfe	fortura-910351	22	19	ok	feed		gid://shopify/InventoryItem/55323821179265	DRAFT
2026-09-24T05:36:53.653Z	0246619cfdfe	fortura-91073-1	1	0	ok	feed		gid://shopify/InventoryItem/55323821998465	DRAFT
2026-09-24T05:36:53.653Z	0246619cfdfe	fortura-91073-1	1	0	ok	feed		gid://shopify/InventoryItem/55323822031233	DRAFT
2026-09-24T05:36:53.653Z	0246619cfdfe	fortura-91073-3	1	0	ok	feed		gid://shopify/InventoryItem/55323822260609	DRAFT
2026-09-24T05:36:53.653Z	0246619cfdfe	fortura-91073-3	1	0	ok	feed		gid://shopify/InventoryItem/55323822293377	DRAFT
2026-09-24T05:36:53.653Z	0246619cfdfe	fortura-91074-2	2	0	ok	feed		gid://shopify/InventoryItem/55323822326145	DRAFT
2026-09-24T05:36:54.707Z	0246619cfdfe	fortura-91101-1	7	5	ok	feed		gid://shopify/InventoryItem/55323822555521	DRAFT
2026-09-24T05:36:54.707Z	0246619cfdfe	fortura-91109-2	16	15	ok	feed		gid://shopify/InventoryItem/55323822883201	DRAFT
2026-09-24T05:36:54.707Z	0246619cfdfe	fortura-91174-5	12	8	ok	feed		gid://shopify/InventoryItem/55323823112577	DRAFT
2026-09-24T05:36:54.707Z	0246619cfdfe	fortura-911870	14	13	ok	feed		gid://shopify/InventoryItem/55323823243649	DRAFT
2026-09-24T05:36:54.707Z	0246619cfdfe	fortura-91187-2	12	9	ok	feed		gid://shopify/InventoryItem/55323823309185	DRAFT
2026-09-24T05:36:54.707Z	0246619cfdfe	fortura-91187-3	13	6	ok	feed		gid://shopify/InventoryItem/55323823341953	DRAFT
2026-09-24T05:36:54.707Z	0246619cfdfe	fortura-91187-4	8	15	ok	feed		gid://shopify/InventoryItem/55323823374721	DRAFT
2026-09-24T05:36:54.707Z	0246619cfdfe	fortura-911974	7	52	ok	feed		gid://shopify/InventoryItem/55323823407489	DRAFT
2026-09-24T05:36:54.707Z	0246619cfdfe	fortura-91224-5	22	18	ok	feed		gid://shopify/InventoryItem/55323823636865	DRAFT
2026-09-24T05:36:54.707Z	0246619cfdfe	fortura-91224-6	35	31	ok	feed		gid://shopify/InventoryItem/55323823669633	DRAFT
2026-09-24T05:36:54.707Z	0246619cfdfe	fortura-91224-7	27	23	ok	feed		gid://shopify/InventoryItem/55323823702401	DRAFT
2026-09-24T05:36:54.707Z	0246619cfdfe	fortura-91224-7	27	23	ok	feed		gid://shopify/InventoryItem/55323823735169	DRAFT
2026-09-24T05:36:54.707Z	0246619cfdfe	fortura-91224-8	28	22	ok	feed		gid://shopify/InventoryItem/55323823767937	DRAFT
2026-09-24T05:36:54.707Z	0246619cfdfe	fortura-91224-8	28	22	ok	feed		gid://shopify/InventoryItem/55323823800705	DRAFT
2026-09-24T05:36:54.707Z	0246619cfdfe	fortura-91224-9	13	9	ok	feed		gid://shopify/InventoryItem/55323823833473	DRAFT
2026-09-24T05:36:54.707Z	0246619cfdfe	fortura-91224-9	13	9	ok	feed		gid://shopify/InventoryItem/55323823866241	DRAFT
2026-09-24T05:36:54.707Z	0246619cfdfe	fortura-912379	4	3	ok	feed		gid://shopify/InventoryItem/55323823997313	DRAFT
2026-09-24T05:36:54.707Z	0246619cfdfe	fortura-912519	8	6	ok	feed		gid://shopify/InventoryItem/55323824456065	DRAFT
2026-09-24T05:36:54.707Z	0246619cfdfe	fortura-912519	8	6	ok	feed		gid://shopify/InventoryItem/55323824488833	DRAFT
2026-09-24T05:36:54.707Z	0246619cfdfe	fortura-912526	11	10	ok	feed		gid://shopify/InventoryItem/55323824652673	DRAFT
2026-09-24T05:36:54.707Z	0246619cfdfe	fortura-91273-3	8	7	ok	feed		gid://shopify/InventoryItem/55324085485953	DRAFT
2026-09-24T05:36:54.707Z	0246619cfdfe	fortura-91284-2	8	6	ok	feed		gid://shopify/InventoryItem/55324085584257	DRAFT
2026-09-24T05:36:54.707Z	0246619cfdfe	fortura-91284-3	4	3	ok	feed		gid://shopify/InventoryItem/55324085649793	DRAFT
2026-09-24T05:36:54.707Z	0246619cfdfe	fortura-913641	4	34	ok	feed		gid://shopify/InventoryItem/55324085977473	DRAFT
2026-09-24T05:36:54.707Z	0246619cfdfe	fortura-913670	21	20	ok	feed		gid://shopify/InventoryItem/55324086043009	DRAFT
2026-09-24T05:36:54.707Z	0246619cfdfe	fortura-913671	4	25	ok	feed		gid://shopify/InventoryItem/55324086174081	DRAFT
2026-09-24T05:36:54.707Z	0246619cfdfe	fortura-913842	17	9	ok	feed		gid://shopify/InventoryItem/55324086370689	DRAFT
2026-09-24T05:36:54.707Z	0246619cfdfe	fortura-915813	13	11	ok	feed		gid://shopify/InventoryItem/55324086862209	DRAFT
2026-09-24T05:36:54.707Z	0246619cfdfe	fortura-91779-4	3	1	ok	feed		gid://shopify/InventoryItem/55324087386497	DRAFT
2026-09-24T05:36:54.707Z	0246619cfdfe	fortura-91930-3	5	3	ok	feed		gid://shopify/InventoryItem/55324087779713	DRAFT
2026-09-24T05:36:54.707Z	0246619cfdfe	fortura-91930-4	9	8	ok	feed		gid://shopify/InventoryItem/55324087812481	DRAFT
2026-09-24T05:36:54.707Z	0246619cfdfe	fortura-921444	22	8	ok	feed		gid://shopify/InventoryItem/55324088009089	DRAFT
2026-09-24T05:36:54.707Z	0246619cfdfe	fortura-922220	9	7	ok	feed		gid://shopify/InventoryItem/55324088500609	DRAFT
2026-09-24T05:36:54.707Z	0246619cfdfe	fortura-922223	10	9	ok	feed		gid://shopify/InventoryItem/55324090794369	DRAFT
2026-09-24T05:36:54.707Z	0246619cfdfe	fortura-922421	11	5	ok	feed		gid://shopify/InventoryItem/55324090859905	DRAFT
2026-09-24T05:36:54.707Z	0246619cfdfe	fortura-922422	16	12	ok	feed		gid://shopify/InventoryItem/55324090925441	DRAFT
2026-09-24T05:36:54.707Z	0246619cfdfe	fortura-922423	12	17	ok	feed		gid://shopify/InventoryItem/55324090990977	DRAFT
2026-09-24T05:36:54.707Z	0246619cfdfe	fortura-922424	25	20	ok	feed		gid://shopify/InventoryItem/55324091023745	DRAFT
2026-09-24T05:36:54.707Z	0246619cfdfe	fortura-922426	18	15	ok	feed		gid://shopify/InventoryItem/55324091056513	DRAFT
2026-09-24T05:36:54.707Z	0246619cfdfe	fortura-922428	18	15	ok	feed		gid://shopify/InventoryItem/55324091089281	DRAFT
2026-09-24T05:36:54.707Z	0246619cfdfe	fortura-922436	19	12	ok	feed		gid://shopify/InventoryItem/55324091122049	DRAFT
2026-09-24T05:36:54.707Z	0246619cfdfe	fortura-922437	23	18	ok	feed		gid://shopify/InventoryItem/55324091154817	DRAFT
2026-09-24T05:36:54.707Z	0246619cfdfe	fortura-922438	26	17	ok	feed		gid://shopify/InventoryItem/55324091187585	DRAFT
2026-09-24T05:36:54.707Z	0246619cfdfe	fortura-922462	2	22	ok	feed		gid://shopify/InventoryItem/55324091318657	DRAFT
2026-09-24T05:36:54.707Z	0246619cfdfe	fortura-922463	1	15	ok	feed		gid://shopify/InventoryItem/55324091351425	DRAFT
2026-09-24T05:36:54.707Z	0246619cfdfe	fortura-922471	4	3	ok	feed		gid://shopify/InventoryItem/55324091384193	DRAFT
2026-09-24T05:36:54.707Z	0246619cfdfe	fortura-922501	8	4	ok	feed		gid://shopify/InventoryItem/55324091679105	DRAFT
2026-09-24T05:36:54.707Z	0246619cfdfe	fortura-922502	8	16	ok	feed		gid://shopify/InventoryItem/55324091777409	DRAFT
2026-09-24T05:36:54.707Z	0246619cfdfe	fortura-922504	3	4	ok	feed		gid://shopify/InventoryItem/55324091908481	DRAFT
2026-09-24T05:36:54.707Z	0246619cfdfe	fortura-922513	7	4	ok	feed		gid://shopify/InventoryItem/55324092039553	DRAFT
2026-09-24T05:36:54.707Z	0246619cfdfe	fortura-922881	15	14	ok	feed		gid://shopify/InventoryItem/55324092137857	DRAFT
2026-09-24T05:36:54.708Z	0246619cfdfe	fortura-923710	7	5	ok	feed		gid://shopify/InventoryItem/55324092367233	DRAFT
2026-09-24T05:36:54.708Z	0246619cfdfe	fortura-923712	18	17	ok	feed		gid://shopify/InventoryItem/55324092432769	DRAFT
2026-09-24T05:36:54.708Z	0246619cfdfe	fortura-923713	8	6	ok	feed		gid://shopify/InventoryItem/55324092531073	DRAFT
2026-09-24T05:36:54.708Z	0246619cfdfe	fortura-923820	40	38	ok	feed		gid://shopify/InventoryItem/55324092596609	DRAFT
2026-09-24T05:36:54.708Z	0246619cfdfe	fortura-923822	28	25	ok	feed		gid://shopify/InventoryItem/55324095086977	DRAFT
2026-09-24T05:36:54.708Z	0246619cfdfe	fortura-923823	32	31	ok	feed		gid://shopify/InventoryItem/55324095250817	DRAFT
2026-09-24T05:36:54.708Z	0246619cfdfe	fortura-924695	5	16	ok	feed		gid://shopify/InventoryItem/55324095480193	DRAFT
2026-09-24T05:36:54.708Z	0246619cfdfe	fortura-924697	10	8	ok	feed		gid://shopify/InventoryItem/55324096430465	DRAFT
2026-09-24T05:36:54.708Z	0246619cfdfe	fortura-924698	10	9	ok	feed		gid://shopify/InventoryItem/55324096496001	DRAFT
2026-09-24T05:36:54.708Z	0246619cfdfe	fortura-925432	2	1	ok	feed		gid://shopify/InventoryItem/55324097282433	DRAFT
2026-09-24T05:36:54.708Z	0246619cfdfe	fortura-925433	15	12	ok	feed		gid://shopify/InventoryItem/55324097315201	DRAFT
2026-09-24T05:36:54.708Z	0246619cfdfe	fortura-925434	12	11	ok	feed		gid://shopify/InventoryItem/55324097446273	DRAFT
2026-09-24T05:36:54.708Z	0246619cfdfe	fortura-925438	4	2	ok	feed		gid://shopify/InventoryItem/55324098167169	DRAFT
2026-09-24T05:36:54.708Z	0246619cfdfe	fortura-925450	11	6	ok	feed		gid://shopify/InventoryItem/55324098593153	DRAFT
2026-09-24T05:36:54.708Z	0246619cfdfe	fortura-925451	15	14	ok	feed		gid://shopify/InventoryItem/55324098625921	DRAFT
2026-09-24T05:36:54.708Z	0246619cfdfe	fortura-925452	8	6	ok	feed		gid://shopify/InventoryItem/55324098724225	DRAFT
2026-09-24T05:36:54.708Z	0246619cfdfe	fortura-925454	2	1	ok	feed		gid://shopify/InventoryItem/55324098855297	DRAFT
2026-09-24T05:36:54.708Z	0246619cfdfe	fortura-925456	2	1	ok	feed		gid://shopify/InventoryItem/55324098920833	DRAFT
2026-09-24T05:36:54.708Z	0246619cfdfe	fortura-927902	9	6	ok	feed		gid://shopify/InventoryItem/55324099084673	DRAFT
2026-09-24T05:36:54.708Z	0246619cfdfe	fortura-927903	6	18	ok	feed		gid://shopify/InventoryItem/55324099117441	DRAFT
2026-09-24T05:36:54.708Z	0246619cfdfe	fortura-927904	6	5	ok	feed		gid://shopify/InventoryItem/55324099150209	DRAFT
2026-09-24T05:36:54.708Z	0246619cfdfe	fortura-928065	13	12	ok	feed		gid://shopify/InventoryItem/55324099248513	DRAFT
2026-09-24T05:36:54.708Z	0246619cfdfe	fortura-928531	14	13	ok	feed		gid://shopify/InventoryItem/55324099871105	DRAFT
2026-09-24T05:36:54.708Z	0246619cfdfe	fortura-92855	41	37	ok	feed		gid://shopify/InventoryItem/55324100723073	DRAFT
2026-09-24T05:36:54.708Z	0246619cfdfe	fortura-92856	16	52	ok	feed		gid://shopify/InventoryItem/55324100854145	DRAFT
2026-09-24T05:36:54.708Z	0246619cfdfe	fortura-929012	11	9	ok	feed		gid://shopify/InventoryItem/55324101083521	DRAFT
2026-09-24T05:36:54.708Z	0246619cfdfe	fortura-929013	9	6	ok	feed		gid://shopify/InventoryItem/55324101214593	DRAFT
2026-09-24T05:36:54.708Z	0246619cfdfe	fortura-929061	14	13	ok	feed		gid://shopify/InventoryItem/55324101640577	DRAFT
2026-09-24T05:36:54.708Z	0246619cfdfe	fortura-929063	6	5	ok	feed		gid://shopify/InventoryItem/55324101738881	DRAFT
2026-09-24T05:36:54.708Z	0246619cfdfe	fortura-929064	6	5	ok	feed		gid://shopify/InventoryItem/55324101771649	DRAFT
2026-09-24T05:36:54.708Z	0246619cfdfe	fortura-92940-3	5	0	ok	feed		gid://shopify/InventoryItem/55324101935489	DRAFT
2026-09-24T05:36:54.708Z	0246619cfdfe	fortura-92940-4	2	0	ok	feed		gid://shopify/InventoryItem/55324102033793	DRAFT
2026-09-24T05:36:54.708Z	0246619cfdfe	fortura-929420	16	15	ok	feed		gid://shopify/InventoryItem/55324102164865	DRAFT
2026-09-24T05:36:54.708Z	0246619cfdfe	fortura-929424	13	10	ok	feed		gid://shopify/InventoryItem/55324102263169	DRAFT
2026-09-24T05:36:54.708Z	0246619cfdfe	fortura-92972-1	9	7	ok	feed		gid://shopify/InventoryItem/55324102295937	DRAFT
2026-09-24T05:36:54.708Z	0246619cfdfe	fortura-92972-3	3	2	ok	feed		gid://shopify/InventoryItem/55324102361473	DRAFT
2026-09-24T05:36:54.708Z	0246619cfdfe	fortura-929729	4	2	ok	feed		gid://shopify/InventoryItem/55324102394241	DRAFT
2026-09-24T05:36:54.708Z	0246619cfdfe	fortura-92973-4	5	3	ok	feed		gid://shopify/InventoryItem/55324102492545	DRAFT
2026-09-24T05:36:54.708Z	0246619cfdfe	fortura-92983-2	11	10	ok	feed		gid://shopify/InventoryItem/55324102525313	DRAFT
2026-09-24T05:36:54.708Z	0246619cfdfe	fortura-93005-3	3	2	ok	feed		gid://shopify/InventoryItem/55324102656385	DRAFT
2026-09-24T05:36:54.708Z	0246619cfdfe	fortura-93088-4	31	29	ok	feed		gid://shopify/InventoryItem/55324102820225	DRAFT
2026-09-24T05:36:54.708Z	0246619cfdfe	fortura-93106	54	52	ok	feed		gid://shopify/InventoryItem/55324102852993	DRAFT
2026-09-24T05:36:54.708Z	0246619cfdfe	fortura-93169	1	0	ok	feed		gid://shopify/InventoryItem/55324102918529	DRAFT
2026-09-24T05:36:54.708Z	0246619cfdfe	fortura-932006	4	3	ok	feed		gid://shopify/InventoryItem/55324103213441	DRAFT
2026-09-24T05:36:54.708Z	0246619cfdfe	fortura-93231	8	9	ok	feed		gid://shopify/InventoryItem/55324244312449	DRAFT
2026-09-24T05:36:54.708Z	0246619cfdfe	fortura-93243	1	0	ok	feed		gid://shopify/InventoryItem/55324246147457	DRAFT
2026-09-24T05:36:54.708Z	0246619cfdfe	fortura-933694	60	58	ok	feed		gid://shopify/InventoryItem/55324246245761	DRAFT
2026-09-24T05:36:54.708Z	0246619cfdfe	fortura-933793	56	43	ok	feed		gid://shopify/InventoryItem/55324246376833	DRAFT
2026-09-24T05:36:54.708Z	0246619cfdfe	fortura-933794	16	15	ok	feed		gid://shopify/InventoryItem/55324246409601	DRAFT
2026-09-24T05:36:55.575Z	0246619cfdfe	fortura-933796	4	2	ok	feed		gid://shopify/InventoryItem/55324246475137	DRAFT
2026-09-24T05:36:55.575Z	0246619cfdfe	fortura-93498-2	16	15	ok	feed		gid://shopify/InventoryItem/55324246573441	DRAFT
2026-09-24T05:36:55.575Z	0246619cfdfe	fortura-93521-2	21	20	ok	feed		gid://shopify/InventoryItem/55324246770049	DRAFT
2026-09-24T05:36:55.575Z	0246619cfdfe	fortura-93521-3	25	23	ok	feed		gid://shopify/InventoryItem/55324250931585	DRAFT
2026-09-24T05:36:55.575Z	0246619cfdfe	fortura-93569	7	4	ok	feed		gid://shopify/InventoryItem/55324250964353	DRAFT
2026-09-24T05:36:55.575Z	0246619cfdfe	fortura-93583	213	190	ok	feed		gid://shopify/InventoryItem/55324250997121	DRAFT
2026-09-24T05:36:55.575Z	0246619cfdfe	fortura-93585	45	26	ok	feed		gid://shopify/InventoryItem/55324251095425	DRAFT
2026-09-24T05:36:55.575Z	0246619cfdfe	fortura-93811-6	14	8	ok	feed		gid://shopify/InventoryItem/55324251160961	DRAFT
2026-09-24T05:36:55.575Z	0246619cfdfe	fortura-93811-7	21	18	ok	feed		gid://shopify/InventoryItem/55324251193729	DRAFT
2026-09-24T05:36:55.575Z	0246619cfdfe	fortura-93811-8	28	27	ok	feed		gid://shopify/InventoryItem/55324251652481	DRAFT
2026-09-24T05:36:55.575Z	0246619cfdfe	fortura-93847-8	5	3	ok	feed		gid://shopify/InventoryItem/55324252275073	DRAFT
2026-09-24T05:36:55.575Z	0246619cfdfe	fortura-93901-3	24	23	ok	feed		gid://shopify/InventoryItem/55324252864897	DRAFT
2026-09-24T05:36:55.575Z	0246619cfdfe	fortura-93909-3	11	10	ok	feed		gid://shopify/InventoryItem/55324285108609	DRAFT
2026-09-24T05:36:55.575Z	0246619cfdfe	fortura-94011-4	6	5	ok	feed		gid://shopify/InventoryItem/55324293497217	DRAFT
2026-09-24T05:36:55.575Z	0246619cfdfe	fortura-91383	54	28	ok	feed		gid://shopify/InventoryItem/55324293988737	DRAFT
2026-09-24T05:36:55.575Z	0246619cfdfe	fortura-64807	11145	11142	ok	feed		gid://shopify/InventoryItem/55324294119809	DRAFT
2026-09-24T05:36:55.575Z	0246619cfdfe	fortura-BO64558	32	23	ok	feed		gid://shopify/InventoryItem/55324294218113	DRAFT
2026-09-24T05:36:55.575Z	0246619cfdfe	fortura-BO64562	45	41	ok	feed		gid://shopify/InventoryItem/55324294250881	DRAFT
2026-09-24T05:36:55.575Z	0246619cfdfe	fortura-OU914155	7	6	ok	feed		gid://shopify/InventoryItem/55324294349185	DRAFT
2026-09-24T05:36:55.575Z	0246619cfdfe	fortura-66402	23	22	ok	feed		gid://shopify/InventoryItem/55324295004545	DRAFT
2026-09-24T05:36:55.575Z	0246619cfdfe	fortura-17725	119	98	ok	feed		gid://shopify/InventoryItem/55324295266689	DRAFT
2026-09-24T05:36:55.575Z	0246619cfdfe	fortura-17778	4	0	ok	feed		gid://shopify/InventoryItem/55324295397761	DRAFT
2026-09-24T05:36:55.575Z	0246619cfdfe	fortura-20403	54	47	ok	feed		gid://shopify/InventoryItem/55324295463297	DRAFT
2026-09-24T05:36:55.575Z	0246619cfdfe	fortura-20465	84	61	ok	feed		gid://shopify/InventoryItem/55324295528833	DRAFT
2026-09-24T05:36:55.575Z	0246619cfdfe	fortura-21358	1	13	ok	feed		gid://shopify/InventoryItem/55324295594369	DRAFT
2026-09-24T05:36:55.575Z	0246619cfdfe	fortura-25310	11239	11132	ok	feed		gid://shopify/InventoryItem/55324295627137	DRAFT
2026-09-24T05:36:55.575Z	0246619cfdfe	fortura-25832	92687	91503	ok	feed		gid://shopify/InventoryItem/55324295659905	DRAFT
2026-09-24T05:36:55.575Z	0246619cfdfe	fortura-33101	424	347	ok	feed		gid://shopify/InventoryItem/55324295692673	DRAFT
2026-09-24T05:36:55.575Z	0246619cfdfe	fortura-33713	170	166	ok	feed		gid://shopify/InventoryItem/55324295725441	DRAFT
2026-09-24T05:36:55.575Z	0246619cfdfe	fortura-33870	7	0	ok	feed		gid://shopify/InventoryItem/55324295758209	DRAFT
2026-09-24T05:36:55.575Z	0246619cfdfe	fortura-41771	4	0	ok	feed		gid://shopify/InventoryItem/55324295856513	DRAFT
2026-09-24T05:36:55.575Z	0246619cfdfe	fortura-49668	57	54	ok	feed		gid://shopify/InventoryItem/55324295889281	DRAFT
2026-09-24T05:36:55.575Z	0246619cfdfe	fortura-49673	85	80	ok	feed		gid://shopify/InventoryItem/55324296020353	DRAFT
2026-09-24T05:36:55.575Z	0246619cfdfe	fortura-55381	177	165	ok	feed		gid://shopify/InventoryItem/55324296053121	DRAFT
2026-09-24T05:36:55.576Z	0246619cfdfe	fortura-57079	1232	1231	ok	feed		gid://shopify/InventoryItem/55324296085889	DRAFT
2026-09-24T05:36:55.576Z	0246619cfdfe	fortura-57114	6	5	ok	feed		gid://shopify/InventoryItem/55324296118657	DRAFT
2026-09-24T05:36:55.576Z	0246619cfdfe	fortura-64423	189	176	ok	feed		gid://shopify/InventoryItem/55324296151425	DRAFT
2026-09-24T05:36:55.576Z	0246619cfdfe	fortura-644241	131	130	ok	feed		gid://shopify/InventoryItem/55324296184193	DRAFT
2026-09-24T05:36:55.576Z	0246619cfdfe	fortura-64425	47	46	ok	feed		gid://shopify/InventoryItem/55324296249729	DRAFT
2026-09-24T05:36:55.576Z	0246619cfdfe	fortura-64427	85	84	ok	feed		gid://shopify/InventoryItem/55324296348033	DRAFT
2026-09-24T05:36:55.576Z	0246619cfdfe	fortura-87818	694	658	ok	feed		gid://shopify/InventoryItem/55324296872321	DRAFT
2026-09-24T05:36:55.576Z	0246619cfdfe	fortura-918-B	144	142	ok	feed		gid://shopify/InventoryItem/55324296937857	DRAFT
2026-09-24T05:36:55.576Z	0246619cfdfe	fortura-97393-3	24	0	ok	nicht-mehr-im-feed		gid://shopify/InventoryItem/55324297036161	DRAFT
2026-09-24T05:36:55.576Z	0246619cfdfe	fortura-979310	1	0	ok	feed		gid://shopify/InventoryItem/55324297068929	DRAFT
2026-09-24T05:36:55.576Z	0246619cfdfe	fortura-97931-1	2	0	ok	feed		gid://shopify/InventoryItem/55324297134465	DRAFT
2026-09-24T05:36:55.576Z	0246619cfdfe	fortura-97931-2	7	4	ok	feed		gid://shopify/InventoryItem/55324298117505	DRAFT
2026-09-24T05:36:55.576Z	0246619cfdfe	fortura-97932-3	3	2	ok	feed		gid://shopify/InventoryItem/55324305457537	DRAFT
2026-09-24T05:36:55.576Z	0246619cfdfe	fortura-900083	49	36	ok	feed		gid://shopify/InventoryItem/55324306669953	DRAFT
2026-09-24T05:36:55.576Z	0246619cfdfe	fortura-BO83522	7	4	ok	feed		gid://shopify/InventoryItem/55324325872001	DRAFT
2026-09-24T05:36:55.576Z	0246619cfdfe	fortura-BO83523	1	0	ok	feed		gid://shopify/InventoryItem/55324326035841	DRAFT
2026-09-24T05:36:55.576Z	0246619cfdfe	fortura-BO83591	12	11	ok	feed		gid://shopify/InventoryItem/55324330099073	DRAFT
2026-09-24T05:36:55.576Z	0246619cfdfe	fortura-HB253438	2	1	ok	feed		gid://shopify/InventoryItem/55324331049345	DRAFT
2026-09-24T05:36:55.576Z	0246619cfdfe	fortura-HB256238	1	0	ok	feed		gid://shopify/InventoryItem/55324332425601	DRAFT
2026-09-24T05:36:55.576Z	0246619cfdfe	fortura-HB256242	1	0	ok	feed		gid://shopify/InventoryItem/55324332458369	DRAFT
2026-09-24T05:36:55.576Z	0246619cfdfe	fortura-HE9036	1	0	ok	feed		gid://shopify/InventoryItem/55324332654977	DRAFT
2026-09-24T05:36:55.576Z	0246619cfdfe	fortura-940350	15	13	ok	feed		gid://shopify/InventoryItem/55324333212033	DRAFT
2026-09-24T05:36:55.576Z	0246619cfdfe	fortura-94035-3	12	11	ok	feed		gid://shopify/InventoryItem/55324333310337	DRAFT
2026-09-24T05:36:55.576Z	0246619cfdfe	fortura-94181	23	16	ok	feed		gid://shopify/InventoryItem/55324333605249	DRAFT
2026-09-24T05:36:55.576Z	0246619cfdfe	fortura-942310	10	9	ok	feed		gid://shopify/InventoryItem/55324333638017	DRAFT
2026-09-24T05:36:55.576Z	0246619cfdfe	fortura-942312	13	11	ok	feed		gid://shopify/InventoryItem/55324333703553	DRAFT
2026-09-24T05:36:55.576Z	0246619cfdfe	fortura-942313	10	7	ok	feed		gid://shopify/InventoryItem/55324333736321	DRAFT
2026-09-24T05:36:55.576Z	0246619cfdfe	fortura-942314	15	14	ok	feed		gid://shopify/InventoryItem/55324333769089	DRAFT
2026-09-24T05:36:55.576Z	0246619cfdfe	fortura-942315	3	2	ok	feed		gid://shopify/InventoryItem/55324333801857	DRAFT
2026-09-24T05:36:55.576Z	0246619cfdfe	fortura-942316	2	7	ok	feed		gid://shopify/InventoryItem/55324333834625	DRAFT
2026-09-24T05:36:55.576Z	0246619cfdfe	fortura-942322	5	4	ok	feed		gid://shopify/InventoryItem/55324333965697	DRAFT
2026-09-24T05:36:55.576Z	0246619cfdfe	fortura-94248-2	12	10	ok	feed		gid://shopify/InventoryItem/55324334064001	DRAFT
2026-09-24T05:36:55.576Z	0246619cfdfe	fortura-94248-3	12	9	ok	feed		gid://shopify/InventoryItem/55324334096769	DRAFT
2026-09-24T05:36:55.576Z	0246619cfdfe	fortura-942931	9	7	ok	feed		gid://shopify/InventoryItem/55324334195073	DRAFT
2026-09-24T05:36:55.576Z	0246619cfdfe	fortura-94295	14	9	ok	feed		gid://shopify/InventoryItem/55324334260609	DRAFT
2026-09-24T05:36:55.576Z	0246619cfdfe	fortura-94306-2	31	30	ok	feed		gid://shopify/InventoryItem/55324334293377	DRAFT
2026-09-24T05:36:55.576Z	0246619cfdfe	fortura-94336-1	5	4	ok	feed		gid://shopify/InventoryItem/55324334424449	DRAFT
2026-09-24T05:36:55.576Z	0246619cfdfe	fortura-94336-4	2	1	ok	feed		gid://shopify/InventoryItem/55324334588289	DRAFT
2026-09-24T05:36:55.576Z	0246619cfdfe	fortura-94375-9	13	11	ok	feed		gid://shopify/InventoryItem/55324335079809	DRAFT
2026-09-24T05:36:55.576Z	0246619cfdfe	fortura-94400-1	5	4	ok	feed		gid://shopify/InventoryItem/55324335210881	DRAFT
2026-09-24T05:36:55.576Z	0246619cfdfe	fortura-944574	8	7	ok	feed		gid://shopify/InventoryItem/55324335374721	DRAFT
2026-09-24T05:36:55.576Z	0246619cfdfe	fortura-944575	20	19	ok	feed		gid://shopify/InventoryItem/55324335440257	DRAFT
2026-09-24T05:36:55.576Z	0246619cfdfe	fortura-94458-2	7	5	ok	feed		gid://shopify/InventoryItem/55324335473025	DRAFT
2026-09-24T05:36:55.576Z	0246619cfdfe	fortura-94459-2	41	39	ok	feed		gid://shopify/InventoryItem/55324335538561	DRAFT
2026-09-24T05:36:55.576Z	0246619cfdfe	fortura-94459-3	37	36	ok	feed		gid://shopify/InventoryItem/55324335571329	DRAFT
2026-09-24T05:36:55.576Z	0246619cfdfe	fortura-944595	13	12	ok	feed		gid://shopify/InventoryItem/55324335702401	DRAFT
2026-09-24T05:36:55.576Z	0246619cfdfe	fortura-94497	21	20	ok	feed		gid://shopify/InventoryItem/55324335800705	DRAFT
2026-09-24T05:36:55.576Z	0246619cfdfe	fortura-945581	1	34	ok	feed		gid://shopify/InventoryItem/55324335964545	DRAFT
2026-09-24T05:36:55.576Z	0246619cfdfe	fortura-945584	28	3	ok	feed		gid://shopify/InventoryItem/55324335997313	DRAFT
2026-09-24T05:36:55.576Z	0246619cfdfe	fortura-945585	9	14	ok	feed		gid://shopify/InventoryItem/55324336030081	DRAFT
2026-09-24T05:36:55.576Z	0246619cfdfe	fortura-945828	20	30	ok	feed		gid://shopify/InventoryItem/55324336357761	DRAFT
2026-09-24T05:36:55.576Z	0246619cfdfe	fortura-945829	22	33	ok	feed		gid://shopify/InventoryItem/55324336390529	DRAFT
2026-09-24T05:36:55.576Z	0246619cfdfe	fortura-945851	1	10	ok	feed		gid://shopify/InventoryItem/55324336456065	DRAFT
2026-09-24T05:36:55.576Z	0246619cfdfe	fortura-945853	8	6	ok	feed		gid://shopify/InventoryItem/55324336488833	DRAFT
2026-09-24T05:36:55.576Z	0246619cfdfe	fortura-94746-7	41	38	ok	feed		gid://shopify/InventoryItem/55324336587137	DRAFT
2026-09-24T05:36:55.576Z	0246619cfdfe	fortura-94746-8	28	20	ok	feed		gid://shopify/InventoryItem/55324336619905	DRAFT
2026-09-24T05:36:55.576Z	0246619cfdfe	fortura-948292	4	2	ok	feed		gid://shopify/InventoryItem/55324339405185	DRAFT
2026-09-24T05:36:55.576Z	0246619cfdfe	fortura-948293	24	23	ok	feed		gid://shopify/InventoryItem/55324341993857	DRAFT
2026-09-24T05:36:55.577Z	0246619cfdfe	fortura-94863-3	10	7	ok	feed		gid://shopify/InventoryItem/55324345860481	DRAFT
2026-09-24T05:36:55.577Z	0246619cfdfe	fortura-94876-2	1	0	ok	feed		gid://shopify/InventoryItem/55324350873985	DRAFT
2026-09-24T05:36:55.577Z	0246619cfdfe	fortura-94876-3	14	12	ok	feed		gid://shopify/InventoryItem/55324353986945	DRAFT
2026-09-24T05:36:55.577Z	0246619cfdfe	fortura-948928	19	18	ok	feed		gid://shopify/InventoryItem/55324359754113	DRAFT
2026-09-24T05:36:55.577Z	0246619cfdfe	fortura-94908-1	6	5	ok	feed		gid://shopify/InventoryItem/55324361425281	DRAFT
2026-09-24T05:36:55.577Z	0246619cfdfe	fortura-94908-2	14	11	ok	feed		gid://shopify/InventoryItem/55324363325825	DRAFT
2026-09-24T05:36:55.577Z	0246619cfdfe	fortura-94908-7	20	16	ok	feed		gid://shopify/InventoryItem/55324369781121	DRAFT
2026-09-24T05:36:55.577Z	0246619cfdfe	fortura-94923-8	11	10	ok	feed		gid://shopify/InventoryItem/55324370600321	DRAFT
2026-09-24T05:36:56.681Z	0246619cfdfe	fortura-949920	7	6	ok	feed		gid://shopify/InventoryItem/55324371648897	DRAFT
2026-09-24T05:36:56.681Z	0246619cfdfe	fortura-95029-3	7	6	ok	feed		gid://shopify/InventoryItem/55324373483905	DRAFT
2026-09-24T05:36:56.681Z	0246619cfdfe	fortura-95029-4	5	4	ok	feed		gid://shopify/InventoryItem/55324373582209	DRAFT
2026-09-24T05:36:56.681Z	0246619cfdfe	fortura-95364-4	8	7	ok	feed		gid://shopify/InventoryItem/55324374794625	DRAFT
2026-09-24T05:36:56.681Z	0246619cfdfe	fortura-95514	43	36	ok	feed		gid://shopify/InventoryItem/55324375417217	DRAFT
2026-09-24T05:36:56.681Z	0246619cfdfe	fortura-95534-6	19	14	ok	feed		gid://shopify/InventoryItem/55324375581057	DRAFT
2026-09-24T05:36:56.681Z	0246619cfdfe	fortura-95534-7	21	18	ok	feed		gid://shopify/InventoryItem/55324375679361	DRAFT
2026-09-24T05:36:56.681Z	0246619cfdfe	fortura-95534-8	19	16	ok	feed		gid://shopify/InventoryItem/55324375777665	DRAFT
2026-09-24T05:36:56.681Z	0246619cfdfe	fortura-95534-9	10	9	ok	feed		gid://shopify/InventoryItem/55324375908737	DRAFT
2026-09-24T05:36:56.681Z	0246619cfdfe	fortura-95550-6	6	4	ok	feed		gid://shopify/InventoryItem/55324376334721	DRAFT
2026-09-24T05:36:56.681Z	0246619cfdfe	fortura-95550-7	21	17	ok	feed		gid://shopify/InventoryItem/55324376465793	DRAFT
2026-09-24T05:36:56.681Z	0246619cfdfe	fortura-95550-8	14	8	ok	feed		gid://shopify/InventoryItem/55324376564097	DRAFT
2026-09-24T05:36:56.681Z	0246619cfdfe	fortura-95651-2	8	7	ok	feed		gid://shopify/InventoryItem/55324376859009	DRAFT
2026-09-24T05:36:56.681Z	0246619cfdfe	fortura-95651-3	11	10	ok	feed		gid://shopify/InventoryItem/55324377055617	DRAFT
2026-09-24T05:36:56.681Z	0246619cfdfe	fortura-95652-3	42	32	ok	feed		gid://shopify/InventoryItem/55324377284993	DRAFT
2026-09-24T05:36:56.681Z	0246619cfdfe	fortura-956592	10	8	ok	feed		gid://shopify/InventoryItem/55324377383297	DRAFT
2026-09-24T05:36:56.681Z	0246619cfdfe	fortura-95842-1	65	63	ok	feed		gid://shopify/InventoryItem/55324378366337	DRAFT
2026-09-24T05:36:56.681Z	0246619cfdfe	fortura-95842-3	72	69	ok	feed		gid://shopify/InventoryItem/55324378497409	DRAFT
2026-09-24T05:36:56.681Z	0246619cfdfe	fortura-95947-6	9	8	ok	feed		gid://shopify/InventoryItem/55324379382145	DRAFT
2026-09-24T05:36:56.681Z	0246619cfdfe	fortura-96040-4	62	61	ok	feed		gid://shopify/InventoryItem/55324381217153	DRAFT
2026-09-24T05:36:56.681Z	0246619cfdfe	fortura-96040-8	7	5	ok	feed		gid://shopify/InventoryItem/55324381577601	DRAFT
2026-09-24T05:36:56.681Z	0246619cfdfe	fortura-96040-9	8	5	ok	feed		gid://shopify/InventoryItem/55324381741441	DRAFT
2026-09-24T05:36:56.681Z	0246619cfdfe	fortura-96553-2	44	43	ok	feed		gid://shopify/InventoryItem/55324382101889	DRAFT
2026-09-24T05:36:56.681Z	0246619cfdfe	fortura-96554-2	31	30	ok	feed		gid://shopify/InventoryItem/55324383936897	DRAFT
2026-09-24T05:36:56.681Z	0246619cfdfe	fortura-96554-3	26	38	ok	feed		gid://shopify/InventoryItem/55324386820481	DRAFT
2026-09-24T05:36:56.681Z	0246619cfdfe	fortura-96557-3	4	3	ok	feed		gid://shopify/InventoryItem/55324392980865	DRAFT
2026-09-24T05:36:56.681Z	0246619cfdfe	fortura-96557-4	5	4	ok	feed		gid://shopify/InventoryItem/55324393243009	DRAFT
2026-09-24T05:36:56.681Z	0246619cfdfe	fortura-97024-5	10	9	ok	feed		gid://shopify/InventoryItem/55324404941185	DRAFT
2026-09-24T05:36:56.681Z	0246619cfdfe	fortura-97024-6	7	6	ok	feed		gid://shopify/InventoryItem/55324405858689	DRAFT
2026-09-24T05:36:56.681Z	0246619cfdfe	fortura-97024-7	5	4	ok	feed		gid://shopify/InventoryItem/55324407693697	DRAFT
2026-09-24T05:36:56.681Z	0246619cfdfe	fortura-97075-3	11	10	ok	feed		gid://shopify/InventoryItem/55324414574977	DRAFT
2026-09-24T05:36:56.681Z	0246619cfdfe	fortura-97202-3	18	16	ok	feed		gid://shopify/InventoryItem/55324415656321	DRAFT
2026-09-24T05:36:56.681Z	0246619cfdfe	fortura-97293-7	25	22	ok	feed		gid://shopify/InventoryItem/55324420997505	DRAFT
2026-09-24T05:36:56.681Z	0246619cfdfe	fortura-97316-6	6	5	ok	feed		gid://shopify/InventoryItem/55324421292417	DRAFT
2026-09-24T05:36:56.681Z	0246619cfdfe	fortura-97316-8	7	6	ok	feed		gid://shopify/InventoryItem/55324421652865	DRAFT
2026-09-24T05:36:56.681Z	0246619cfdfe	fortura-97355-2	2	0	ok	feed		gid://shopify/InventoryItem/55324421751169	DRAFT
2026-09-24T05:36:56.681Z	0246619cfdfe	fortura-97356-4	5	3	ok	feed		gid://shopify/InventoryItem/55324422275457	DRAFT
2026-09-24T05:36:56.681Z	0246619cfdfe	fortura-975727	23	20	ok	feed		gid://shopify/InventoryItem/55324423029121	DRAFT
2026-09-24T05:36:56.682Z	0246619cfdfe	fortura-97585	19	37	ok	feed		gid://shopify/InventoryItem/55324423356801	DRAFT
2026-09-24T05:36:56.682Z	0246619cfdfe	fortura-984923	4	3	ok	feed		gid://shopify/InventoryItem/55324423717249	DRAFT
2026-09-24T05:36:56.682Z	0246619cfdfe	fortura-98492-5	8	7	ok	feed		gid://shopify/InventoryItem/55324423979393	DRAFT
2026-09-24T05:36:56.682Z	0246619cfdfe	fortura-98905	32	30	ok	feed		gid://shopify/InventoryItem/55324424405377	DRAFT
2026-09-24T05:36:56.682Z	0246619cfdfe	fortura-989512	11	9	ok	feed		gid://shopify/InventoryItem/55324424831361	DRAFT
2026-09-24T05:36:56.682Z	0246619cfdfe	fortura-98952	9	8	ok	feed		gid://shopify/InventoryItem/55324425093505	DRAFT
2026-09-24T05:36:56.682Z	0246619cfdfe	fortura-99519	14	13	ok	feed		gid://shopify/InventoryItem/55324425552257	DRAFT
2026-09-24T05:36:56.682Z	0246619cfdfe	fortura-99543	55	57	ok	feed		gid://shopify/InventoryItem/55324425683329	DRAFT
2026-09-24T05:36:56.682Z	0246619cfdfe	fortura-996545	34	28	ok	feed		gid://shopify/InventoryItem/55324426207617	DRAFT
2026-09-24T05:36:56.682Z	0246619cfdfe	fortura-99654-8	50	46	ok	feed		gid://shopify/InventoryItem/55324426338689	DRAFT
2026-09-24T05:36:56.682Z	0246619cfdfe	fortura-99719-3	8	6	ok	feed		gid://shopify/InventoryItem/55324427288961	DRAFT
2026-09-24T05:36:56.682Z	0246619cfdfe	fortura-998681	10	6	ok	feed		gid://shopify/InventoryItem/55324428566913	DRAFT
2026-09-24T05:36:56.682Z	0246619cfdfe	fortura-998729	5	4	ok	feed		gid://shopify/InventoryItem/55324429189505	DRAFT
2026-09-24T05:36:56.682Z	0246619cfdfe	fortura-998790	11	9	ok	feed		gid://shopify/InventoryItem/55324429353345	DRAFT
2026-09-24T05:36:56.682Z	0246619cfdfe	fortura-99879-2	10	20	ok	feed		gid://shopify/InventoryItem/55324429713793	DRAFT
2026-09-24T05:36:56.682Z	0246619cfdfe	fortura-99879-3	30	26	ok	feed		gid://shopify/InventoryItem/55324429877633	DRAFT
2026-09-24T05:36:56.682Z	0246619cfdfe	fortura-99879-4	7	4	ok	feed		gid://shopify/InventoryItem/55324430238081	DRAFT
2026-09-24T05:36:56.682Z	0246619cfdfe	fortura-99880-1	15	25	ok	feed		gid://shopify/InventoryItem/55324430369153	DRAFT
2026-09-24T05:36:56.682Z	0246619cfdfe	fortura-99880-2	17	22	ok	feed		gid://shopify/InventoryItem/55324430532993	DRAFT
2026-09-24T05:36:56.682Z	0246619cfdfe	fortura-99880-3	34	28	ok	feed		gid://shopify/InventoryItem/55324430762369	DRAFT
2026-09-24T05:36:56.682Z	0246619cfdfe	fortura-99880-4	11	8	ok	feed		gid://shopify/InventoryItem/55324430893441	DRAFT
2026-09-24T05:36:56.682Z	0246619cfdfe	fortura-99884	14	11	ok	feed		gid://shopify/InventoryItem/55324431057281	DRAFT
2026-09-24T05:36:56.682Z	0246619cfdfe	fortura-99884-4	16	12	ok	feed		gid://shopify/InventoryItem/55324431384961	DRAFT
2026-09-24T05:36:56.682Z	0246619cfdfe	fortura-998875	4	3	ok	feed		gid://shopify/InventoryItem/55324431679873	DRAFT
2026-09-24T05:36:56.682Z	0246619cfdfe	fortura-BO01520	33	28	ok	feed		gid://shopify/InventoryItem/55324431974785	DRAFT
2026-09-24T05:36:56.682Z	0246619cfdfe	fortura-BO01914	41	37	ok	feed		gid://shopify/InventoryItem/55324432826753	DRAFT
2026-09-24T05:36:56.682Z	0246619cfdfe	fortura-BO01955	34	32	ok	feed		gid://shopify/InventoryItem/55324433252737	DRAFT
2026-09-24T05:36:56.682Z	0246619cfdfe	fortura-BO01957	33	31	ok	feed		gid://shopify/InventoryItem/55324433416577	DRAFT
2026-09-24T05:36:56.682Z	0246619cfdfe	fortura-BO01975	26	25	ok	feed		gid://shopify/InventoryItem/55324433547649	DRAFT
2026-09-24T05:36:56.682Z	0246619cfdfe	fortura-BO01990	23	20	ok	feed		gid://shopify/InventoryItem/55324434334081	DRAFT
2026-09-24T05:36:56.682Z	0246619cfdfe	fortura-BO02280	7	3	ok	feed		gid://shopify/InventoryItem/55324434465153	DRAFT
2026-09-24T05:36:56.682Z	0246619cfdfe	fortura-BO02282	13	10	ok	feed		gid://shopify/InventoryItem/55324434760065	DRAFT
2026-09-24T05:36:56.682Z	0246619cfdfe	fortura-BO1933	37	34	ok	feed		gid://shopify/InventoryItem/55324435087745	DRAFT
2026-09-24T05:36:56.682Z	0246619cfdfe	fortura-BO1936	6	5	ok	feed		gid://shopify/InventoryItem/55324435513729	DRAFT
2026-09-24T05:36:56.682Z	0246619cfdfe	fortura-BO2320	16	7	ok	feed		gid://shopify/InventoryItem/55324435972481	DRAFT
2026-09-24T05:36:56.682Z	0246619cfdfe	fortura-BO44376	12	10	ok	feed		gid://shopify/InventoryItem/55324436595073	DRAFT
2026-09-24T05:36:56.682Z	0246619cfdfe	fortura-BO44496	23	19	ok	feed		gid://shopify/InventoryItem/55324436889985	DRAFT
2026-09-24T05:36:56.682Z	0246619cfdfe	fortura-BO44497	10	9	ok	feed		gid://shopify/InventoryItem/55324437184897	DRAFT
2026-09-24T05:36:56.682Z	0246619cfdfe	fortura-BO44684	17	14	ok	feed		gid://shopify/InventoryItem/55324439085441	DRAFT
2026-09-24T05:36:56.682Z	0246619cfdfe	fortura-BO54334	6	5	ok	feed		gid://shopify/InventoryItem/55324441346433	DRAFT
2026-09-24T05:36:56.682Z	0246619cfdfe	fortura-BO71020	6	5	ok	feed		gid://shopify/InventoryItem/55324444492161	DRAFT
2026-09-24T05:36:56.682Z	0246619cfdfe	fortura-BO71021	8	6	ok	feed		gid://shopify/InventoryItem/55324444885377	DRAFT
2026-09-24T05:36:56.682Z	0246619cfdfe	fortura-BO78191	117	114	ok	feed		gid://shopify/InventoryItem/55324445344129	DRAFT
2026-09-24T05:36:56.682Z	0246619cfdfe	fortura-BO79221	11	9	ok	feed		gid://shopify/InventoryItem/55324445704577	DRAFT
2026-09-24T05:36:56.682Z	0246619cfdfe	fortura-BO79222	4	3	ok	feed		gid://shopify/InventoryItem/55324445868417	DRAFT
2026-09-24T05:36:56.682Z	0246619cfdfe	fortura-BO79223	13	8	ok	feed		gid://shopify/InventoryItem/55324446032257	DRAFT
2026-09-24T05:36:56.682Z	0246619cfdfe	fortura-BO79251	13	12	ok	feed		gid://shopify/InventoryItem/55324446130561	DRAFT
2026-09-24T05:36:56.682Z	0246619cfdfe	fortura-BO79271	14	13	ok	feed		gid://shopify/InventoryItem/55324446589313	DRAFT
2026-09-24T05:36:56.682Z	0246619cfdfe	fortura-BO82280	9	7	ok	feed		gid://shopify/InventoryItem/55324447539585	DRAFT
2026-09-24T05:36:56.682Z	0246619cfdfe	fortura-BO82281	25	23	ok	feed		gid://shopify/InventoryItem/55324447605121	DRAFT
2026-09-24T05:36:56.682Z	0246619cfdfe	fortura-BO82339	30	28	ok	feed		gid://shopify/InventoryItem/55324448358785	DRAFT
2026-09-24T05:36:56.682Z	0246619cfdfe	fortura-BO82340	25	22	ok	feed		gid://shopify/InventoryItem/55324448522625	DRAFT
2026-09-24T05:36:56.682Z	0246619cfdfe	fortura-BO83517	1	0	ok	feed		gid://shopify/InventoryItem/55324449243521	DRAFT
2026-09-24T05:36:56.682Z	0246619cfdfe	fortura-BO83696	16	15	ok	feed		gid://shopify/InventoryItem/55324450488705	DRAFT
2026-09-24T05:36:56.683Z	0246619cfdfe	fortura-BO83765	5	3	ok	feed		gid://shopify/InventoryItem/55324451176833	DRAFT
2026-09-24T05:36:56.683Z	0246619cfdfe	fortura-BO83766	4	3	ok	feed		gid://shopify/InventoryItem/55324451307905	DRAFT
2026-09-24T05:36:56.683Z	0246619cfdfe	fortura-BO83767	8	6	ok	feed		gid://shopify/InventoryItem/55324451406209	DRAFT
2026-09-24T05:36:56.683Z	0246619cfdfe	fortura-BO83776	14	13	ok	feed		gid://shopify/InventoryItem/55324452159873	DRAFT
2026-09-24T05:36:56.683Z	0246619cfdfe	fortura-BO83936	6	4	ok	feed		gid://shopify/InventoryItem/55324454846849	DRAFT
2026-09-24T05:36:56.683Z	0246619cfdfe	fortura-BO83937	8	5	ok	feed		gid://shopify/InventoryItem/55324455010689	DRAFT
2026-09-24T05:36:56.683Z	0246619cfdfe	fortura-BO83980	13	12	ok	feed		gid://shopify/InventoryItem/55324455141761	DRAFT
2026-09-24T05:36:56.683Z	0246619cfdfe	fortura-BO83981	21	20	ok	feed		gid://shopify/InventoryItem/55324455272833	DRAFT
2026-09-24T05:36:57.701Z	0246619cfdfe	fortura-BO83984	16	15	ok	feed		gid://shopify/InventoryItem/55324455403905	DRAFT
2026-09-24T05:36:57.702Z	0246619cfdfe	fortura-BO83989	12	11	ok	feed		gid://shopify/InventoryItem/55324455862657	DRAFT
2026-09-24T05:36:57.702Z	0246619cfdfe	fortura-BO83995	14	13	ok	feed		gid://shopify/InventoryItem/55324456354177	DRAFT
2026-09-24T05:36:57.702Z	0246619cfdfe	fortura-BO83997	12	11	ok	feed		gid://shopify/InventoryItem/55324456649089	DRAFT
2026-09-24T05:36:57.702Z	0246619cfdfe	fortura-BO84100	3	2	ok	feed		gid://shopify/InventoryItem/55324457238913	DRAFT
2026-09-24T05:36:57.702Z	0246619cfdfe	fortura-BO84116	11	7	ok	feed		gid://shopify/InventoryItem/55324458189185	DRAFT
2026-09-24T05:36:57.702Z	0246619cfdfe	fortura-BO84125	7	5	ok	feed		gid://shopify/InventoryItem/55324458811777	DRAFT
2026-09-24T05:36:57.702Z	0246619cfdfe	fortura-BO84148	7	5	ok	feed		gid://shopify/InventoryItem/55324460646785	DRAFT
2026-09-24T05:36:57.702Z	0246619cfdfe	fortura-BO84459	8	7	ok	feed		gid://shopify/InventoryItem/55324462219649	DRAFT
2026-09-24T05:36:57.702Z	0246619cfdfe	fortura-BO84460	10	8	ok	feed		gid://shopify/InventoryItem/55324462547329	DRAFT
2026-09-24T05:36:57.702Z	0246619cfdfe	fortura-BO84487	7	6	ok	feed		gid://shopify/InventoryItem/55324463858049	DRAFT
2026-09-24T05:36:57.702Z	0246619cfdfe	fortura-BO84510	7	5	ok	feed		gid://shopify/InventoryItem/55324464578945	DRAFT
2026-09-24T05:36:57.702Z	0246619cfdfe	fortura-BO84557	17	15	ok	feed		gid://shopify/InventoryItem/55324465627521	DRAFT
2026-09-24T05:36:57.702Z	0246619cfdfe	fortura-BO84558	33	30	ok	feed		gid://shopify/InventoryItem/55324465791361	DRAFT
2026-09-24T05:36:57.702Z	0246619cfdfe	fortura-BO84559	17	12	ok	feed		gid://shopify/InventoryItem/55324465922433	DRAFT
2026-09-24T05:36:57.702Z	0246619cfdfe	fortura-BO87113	16	15	ok	feed		gid://shopify/InventoryItem/55324467396993	DRAFT
2026-09-24T05:36:57.702Z	0246619cfdfe	fortura-BO88064	11	9	ok	feed		gid://shopify/InventoryItem/55324467691905	DRAFT
2026-09-24T05:36:57.702Z	0246619cfdfe	fortura-BO88510	14	13	ok	feed		gid://shopify/InventoryItem/55324470444417	DRAFT
2026-09-24T05:36:57.702Z	0246619cfdfe	fortura-BO88511	15	10	ok	feed		gid://shopify/InventoryItem/55324470575489	DRAFT
2026-09-24T05:36:57.702Z	0246619cfdfe	fortura-BO88512	7	5	ok	feed		gid://shopify/InventoryItem/55324470706561	DRAFT
2026-09-24T05:36:57.702Z	0246619cfdfe	fortura-BO88513	15	11	ok	feed		gid://shopify/InventoryItem/55324470837633	DRAFT
2026-09-24T05:36:57.702Z	0246619cfdfe	fortura-BO88519	25	24	ok	feed		gid://shopify/InventoryItem/55324471132545	DRAFT
2026-09-24T05:36:57.702Z	0246619cfdfe	fortura-BO88553	5	4	ok	feed		gid://shopify/InventoryItem/55324471787905	DRAFT
2026-09-24T05:36:57.702Z	0246619cfdfe	fortura-BO96947	24	12	ok	feed		gid://shopify/InventoryItem/55324472050049	DRAFT
2026-09-24T05:36:57.702Z	0246619cfdfe	fortura-CK107134M	7	5	ok	feed		gid://shopify/InventoryItem/55324472639873	DRAFT
2026-09-24T05:36:57.702Z	0246619cfdfe	fortura-CK107144M	7	5	ok	feed		gid://shopify/InventoryItem/55324473164161	DRAFT
2026-09-24T05:36:57.702Z	0246619cfdfe	fortura-CK107144XL	11	9	ok	feed		gid://shopify/InventoryItem/55324473295233	DRAFT
2026-09-24T05:36:57.702Z	0246619cfdfe	fortura-CK1091180	1	3	ok	feed		gid://shopify/InventoryItem/55324473786753	DRAFT
2026-09-24T05:36:57.702Z	0246619cfdfe	fortura-CK1106M	6	18	ok	feed		gid://shopify/InventoryItem/55324474442113	DRAFT
2026-09-24T05:36:57.702Z	0246619cfdfe	fortura-CK1110M	4	39	ok	feed		gid://shopify/InventoryItem/55324474605953	DRAFT
2026-09-24T05:36:57.702Z	0246619cfdfe	fortura-CK25068402	11	10	ok	feed		gid://shopify/InventoryItem/55324505801089	DRAFT
2026-09-24T05:36:57.702Z	0246619cfdfe	fortura-CK4021S	23	43	ok	feed		gid://shopify/InventoryItem/55324506194305	DRAFT
2026-09-24T05:36:57.702Z	0246619cfdfe	fortura-CK4042H	4	6	ok	feed		gid://shopify/InventoryItem/55324506292609	DRAFT
2026-09-24T05:36:57.702Z	0246619cfdfe	fortura-CK4116104	2	1	ok	feed		gid://shopify/InventoryItem/55324506521985	DRAFT
2026-09-24T05:36:57.702Z	0246619cfdfe	fortura-CK4120	7	4	ok	feed		gid://shopify/InventoryItem/55324506653057	DRAFT
2026-09-24T05:36:57.702Z	0246619cfdfe	fortura-CK4120116	8	12	ok	feed		gid://shopify/InventoryItem/55324506718593	DRAFT
2026-09-24T05:36:57.702Z	0246619cfdfe	fortura-CK4128M	1	0	ok	feed		gid://shopify/InventoryItem/55324507013505	DRAFT
2026-09-24T05:36:57.702Z	0246619cfdfe	fortura-CK4143	3	2	ok	feed		gid://shopify/InventoryItem/55324507046273	DRAFT
2026-09-24T05:36:57.702Z	0246619cfdfe	fortura-CK4158S	1	0	ok	feed		gid://shopify/InventoryItem/55324507144577	DRAFT
2026-09-24T05:36:57.702Z	0246619cfdfe	fortura-CK4192M	6	4	ok	feed		gid://shopify/InventoryItem/55324507636097	DRAFT
2026-09-24T05:36:57.702Z	0246619cfdfe	fortura-CK4194140	6	4	ok	feed		gid://shopify/InventoryItem/55324508225921	DRAFT
2026-09-24T05:36:57.702Z	0246619cfdfe	fortura-CK4199M	21	31	ok	feed		gid://shopify/InventoryItem/55324508324225	DRAFT
2026-09-24T05:36:57.702Z	0246619cfdfe	fortura-CK4200L	16	9	ok	feed		gid://shopify/InventoryItem/55324508389761	DRAFT
2026-09-24T05:36:57.702Z	0246619cfdfe	fortura-CK4200M	19	13	ok	feed		gid://shopify/InventoryItem/55324508422529	DRAFT
2026-09-24T05:36:57.702Z	0246619cfdfe	fortura-CK4208L	4	3	ok	feed		gid://shopify/InventoryItem/55324508782977	DRAFT
2026-09-24T05:36:57.702Z	0246619cfdfe	fortura-CK4208152	5	4	ok	feed		gid://shopify/InventoryItem/55324508848513	DRAFT
2026-09-24T05:36:57.702Z	0246619cfdfe	fortura-CK4210M	5	4	ok	feed		gid://shopify/InventoryItem/55324509045121	DRAFT
2026-09-24T05:36:57.702Z	0246619cfdfe	fortura-CK4218104	8	6	ok	feed		gid://shopify/InventoryItem/55324509077889	DRAFT
2026-09-24T05:36:57.702Z	0246619cfdfe	fortura-CK4218116	1	0	ok	feed		gid://shopify/InventoryItem/55324509176193	DRAFT
2026-09-24T05:36:57.702Z	0246619cfdfe	fortura-CK4213140	4	3	ok	feed		gid://shopify/InventoryItem/55324509241729	DRAFT
2026-09-24T05:36:57.702Z	0246619cfdfe	fortura-CK4237XL	5	3	ok	feed		gid://shopify/InventoryItem/55324509438337	DRAFT
2026-09-24T05:36:57.702Z	0246619cfdfe	fortura-CK4237L	9	8	ok	feed		gid://shopify/InventoryItem/55324509700481	DRAFT
2026-09-24T05:36:57.702Z	0246619cfdfe	fortura-CK4238140	11	12	ok	feed		gid://shopify/InventoryItem/55324509733249	DRAFT
2026-09-24T05:36:57.702Z	0246619cfdfe	fortura-CK4237140	5	4	ok	feed		gid://shopify/InventoryItem/55324509897089	DRAFT
2026-09-24T05:36:57.702Z	0246619cfdfe	fortura-CK4237152	5	4	ok	feed		gid://shopify/InventoryItem/55324509962625	DRAFT
2026-09-24T05:36:57.702Z	0246619cfdfe	fortura-CK4238S	7	5	ok	feed		gid://shopify/InventoryItem/55324510093697	DRAFT
2026-09-24T05:36:57.702Z	0246619cfdfe	fortura-CK4256	38	22	ok	feed		gid://shopify/InventoryItem/55324510257537	DRAFT
2026-09-24T05:36:57.702Z	0246619cfdfe	fortura-CK4240128	2	1	ok	feed		gid://shopify/InventoryItem/55324510323073	DRAFT
2026-09-24T05:36:57.702Z	0246619cfdfe	fortura-CK4260116	6	4	ok	feed		gid://shopify/InventoryItem/55324510486913	DRAFT
2026-09-24T05:36:57.702Z	0246619cfdfe	fortura-CK4252116	3	2	ok	feed		gid://shopify/InventoryItem/55324510519681	DRAFT
2026-09-24T05:36:57.702Z	0246619cfdfe	fortura-CK4252116	3	2	ok	feed		gid://shopify/InventoryItem/55324510552449	DRAFT
2026-09-24T05:36:57.702Z	0246619cfdfe	fortura-CK4352104	5	3	ok	feed		gid://shopify/InventoryItem/55324510716289	DRAFT
2026-09-24T05:36:57.702Z	0246619cfdfe	fortura-CK4260140	3	2	ok	feed		gid://shopify/InventoryItem/55324510749057	DRAFT
2026-09-24T05:36:57.702Z	0246619cfdfe	fortura-CK4267M	12	9	ok	feed		gid://shopify/InventoryItem/55324510978433	DRAFT
2026-09-24T05:36:57.702Z	0246619cfdfe	fortura-CK4354140	4	2	ok	feed		gid://shopify/InventoryItem/55324511175041	DRAFT
2026-09-24T05:36:57.703Z	0246619cfdfe	fortura-CK4383190	9	43	ok	feed		gid://shopify/InventoryItem/55324511240577	DRAFT
2026-09-24T05:36:57.703Z	0246619cfdfe	fortura-CK4383180	14	40	ok	feed		gid://shopify/InventoryItem/55324511306113	DRAFT
2026-09-24T05:36:57.703Z	0246619cfdfe	fortura-CK4432180	2	12	ok	feed		gid://shopify/InventoryItem/55324511338881	DRAFT
2026-09-24T05:36:57.703Z	0246619cfdfe	fortura-CK4432164	6	12	ok	feed		gid://shopify/InventoryItem/55324511535489	DRAFT
2026-09-24T05:36:57.703Z	0246619cfdfe	fortura-CK4502140	3	5	ok	feed		gid://shopify/InventoryItem/55324511797633	DRAFT
2026-09-24T05:36:57.703Z	0246619cfdfe	fortura-CK4536190	15	27	ok	feed		gid://shopify/InventoryItem/55324511928705	DRAFT
2026-09-24T05:36:57.703Z	0246619cfdfe	fortura-CK4612XL	13	12	ok	feed		gid://shopify/InventoryItem/55324512846209	DRAFT
2026-09-24T05:36:57.703Z	0246619cfdfe	fortura-CK4625M	40	39	ok	feed		gid://shopify/InventoryItem/55324513534337	DRAFT
2026-09-24T05:36:57.703Z	0246619cfdfe	fortura-CK4625M	40	39	ok	feed		gid://shopify/InventoryItem/55324513567105	DRAFT
2026-09-24T05:36:57.703Z	0246619cfdfe	fortura-CK4640180	4	16	ok	feed		gid://shopify/InventoryItem/55324513730945	DRAFT
2026-09-24T05:36:57.703Z	0246619cfdfe	fortura-CK4630M	31	29	ok	feed		gid://shopify/InventoryItem/55324513894785	DRAFT
2026-09-24T05:36:57.703Z	0246619cfdfe	fortura-CK4630S	24	22	ok	feed		gid://shopify/InventoryItem/55324514025857	DRAFT
2026-09-24T05:36:57.703Z	0246619cfdfe	fortura-CK464476	12	17	ok	feed		gid://shopify/InventoryItem/55324514091393	DRAFT
2026-09-24T05:36:57.703Z	0246619cfdfe	fortura-CK4630XL	40	39	ok	feed		gid://shopify/InventoryItem/55324514156929	DRAFT
2026-09-24T05:36:57.703Z	0246619cfdfe	fortura-CK4646XL	12	11	ok	feed		gid://shopify/InventoryItem/55324514222465	DRAFT
2026-09-24T05:36:57.703Z	0246619cfdfe	fortura-CK464186	1	8	ok	feed		gid://shopify/InventoryItem/55324514386305	DRAFT
2026-09-24T05:36:57.703Z	0246619cfdfe	fortura-CK4640152	1	3	ok	feed		gid://shopify/InventoryItem/55324514517377	DRAFT
2026-09-24T05:36:57.703Z	0246619cfdfe	fortura-CK464486	3	12	ok	feed		gid://shopify/InventoryItem/55324514615681	DRAFT
2026-09-24T05:36:57.703Z	0246619cfdfe	fortura-CK464586	3	8	ok	feed		gid://shopify/InventoryItem/55324514779521	DRAFT
2026-09-24T05:36:57.703Z	0246619cfdfe	fortura-CK4670XL	11	0	ok	nicht-mehr-im-feed		gid://shopify/InventoryItem/55324514877825	DRAFT
2026-09-24T05:36:57.703Z	0246619cfdfe	fortura-CK4671164	6	18	ok	feed		gid://shopify/InventoryItem/55324514976129	DRAFT
2026-09-24T05:36:57.703Z	0246619cfdfe	fortura-CK4654	14	13	ok	feed		gid://shopify/InventoryItem/55324515008897	DRAFT
2026-09-24T05:36:57.703Z	0246619cfdfe	fortura-CK4660104	10	7	ok	feed		gid://shopify/InventoryItem/55324515107201	DRAFT
2026-09-24T05:36:57.703Z	0246619cfdfe	fortura-CK4675L	16	15	ok	feed		gid://shopify/InventoryItem/55324515139969	DRAFT
2026-09-24T05:36:57.703Z	0246619cfdfe	fortura-CK4664	1	0	ok	feed		gid://shopify/InventoryItem/55324515172737	DRAFT
2026-09-24T05:36:57.703Z	0246619cfdfe	fortura-CK4660116	14	13	ok	feed		gid://shopify/InventoryItem/55324515205505	DRAFT
2026-09-24T05:36:57.703Z	0246619cfdfe	fortura-CK4670M	11	0	ok	nicht-mehr-im-feed		gid://shopify/InventoryItem/55324515369345	DRAFT
2026-09-24T05:36:57.703Z	0246619cfdfe	fortura-CK4671190	7	12	ok	feed		gid://shopify/InventoryItem/55324515467649	DRAFT
2026-09-24T05:36:57.703Z	0246619cfdfe	fortura-CK4663	1	0	ok	feed		gid://shopify/InventoryItem/55324515500417	DRAFT
2026-09-24T05:36:57.703Z	0246619cfdfe	fortura-CK4663	1	0	ok	feed		gid://shopify/InventoryItem/55324515533185	DRAFT
2026-09-24T05:36:57.703Z	0246619cfdfe	fortura-CK4688XL	18	16	ok	feed		gid://shopify/InventoryItem/55324515565953	DRAFT
2026-09-24T05:36:57.703Z	0246619cfdfe	fortura-CK4676M	9	6	ok	feed		gid://shopify/InventoryItem/55324515598721	DRAFT
2026-09-24T05:36:57.703Z	0246619cfdfe	fortura-CK4688XXL	12	11	ok	feed		gid://shopify/InventoryItem/55324515631489	DRAFT
2026-09-24T05:36:57.703Z	0246619cfdfe	fortura-CK4670L	14	0	ok	nicht-mehr-im-feed		gid://shopify/InventoryItem/55324515697025	DRAFT
2026-09-24T05:36:57.703Z	0246619cfdfe	fortura-CK4676S	13	11	ok	feed		gid://shopify/InventoryItem/55324515729793	DRAFT
2026-09-24T05:36:58.871Z	0246619cfdfe	fortura-CK4671180	4	16	ok	feed		gid://shopify/InventoryItem/55324515795329	DRAFT
2026-09-24T05:36:58.871Z	0246619cfdfe	fortura-CK4677L	9	8	ok	feed		gid://shopify/InventoryItem/55324515828097	DRAFT
2026-09-24T05:36:58.871Z	0246619cfdfe	fortura-CK4693XL	28	24	ok	feed		gid://shopify/InventoryItem/55324516221313	DRAFT
2026-09-24T05:36:58.871Z	0246619cfdfe	fortura-CK4693M	24	20	ok	feed		gid://shopify/InventoryItem/55324516417921	DRAFT
2026-09-24T05:36:58.871Z	0246619cfdfe	fortura-CK4734S	6	5	ok	feed		gid://shopify/InventoryItem/55324516483457	DRAFT
2026-09-24T05:36:58.871Z	0246619cfdfe	fortura-CK4700M	8	12	ok	feed		gid://shopify/InventoryItem/55324516548993	DRAFT
2026-09-24T05:36:58.871Z	0246619cfdfe	fortura-CK4735L	4	9	ok	feed		gid://shopify/InventoryItem/55324516581761	DRAFT
2026-09-24T05:36:58.871Z	0246619cfdfe	fortura-CK4700L	7	5	ok	feed		gid://shopify/InventoryItem/55324516712833	DRAFT
2026-09-24T05:36:58.871Z	0246619cfdfe	fortura-CK4735M	6	4	ok	feed		gid://shopify/InventoryItem/55324516876673	DRAFT
2026-09-24T05:36:58.871Z	0246619cfdfe	fortura-CK4741L	6	5	ok	feed		gid://shopify/InventoryItem/55324516909441	DRAFT
2026-09-24T05:36:58.871Z	0246619cfdfe	fortura-CK4735S	6	4	ok	feed		gid://shopify/InventoryItem/55324516974977	DRAFT
2026-09-24T05:36:58.871Z	0246619cfdfe	fortura-CK4750L	49	46	ok	feed		gid://shopify/InventoryItem/55324517007745	DRAFT
2026-09-24T05:36:58.871Z	0246619cfdfe	fortura-CK4735XL	10	8	ok	feed		gid://shopify/InventoryItem/55324517040513	DRAFT
2026-09-24T05:36:58.871Z	0246619cfdfe	fortura-CK4753L	53	52	ok	feed		gid://shopify/InventoryItem/55324517400961	DRAFT
2026-09-24T05:36:58.871Z	0246619cfdfe	fortura-CK4750S	43	41	ok	feed		gid://shopify/InventoryItem/55324517499265	DRAFT
2026-09-24T05:36:58.871Z	0246619cfdfe	fortura-CK4752L	52	51	ok	feed		gid://shopify/InventoryItem/55324517532033	DRAFT
2026-09-24T05:36:58.871Z	0246619cfdfe	fortura-CK4763180	12	10	ok	feed		gid://shopify/InventoryItem/55324517564801	DRAFT
2026-09-24T05:36:58.871Z	0246619cfdfe	fortura-CK4751L	53	49	ok	feed		gid://shopify/InventoryItem/55324517597569	DRAFT
2026-09-24T05:36:58.871Z	0246619cfdfe	fortura-CK8874	44	43	ok	feed		gid://shopify/InventoryItem/55324517761409	DRAFT
2026-09-24T05:36:58.871Z	0246619cfdfe	fortura-CKH4193128	2	1	ok	feed		gid://shopify/InventoryItem/55324517794177	DRAFT
2026-09-24T05:36:58.871Z	0246619cfdfe	fortura-CK4763190	14	13	ok	feed		gid://shopify/InventoryItem/55324517925249	DRAFT
2026-09-24T05:36:58.871Z	0246619cfdfe	fortura-CK4763190	14	13	ok	feed		gid://shopify/InventoryItem/55324517990785	DRAFT
2026-09-24T05:36:58.871Z	0246619cfdfe	fortura-CK8875	29	27	ok	feed		gid://shopify/InventoryItem/55324518089089	DRAFT
2026-09-24T05:36:58.871Z	0246619cfdfe	fortura-EU706075	33	30	ok	feed		gid://shopify/InventoryItem/55324518121857	DRAFT
2026-09-24T05:36:58.871Z	0246619cfdfe	fortura-EU706300ML	12	11	ok	feed		gid://shopify/InventoryItem/55324518318465	DRAFT
2026-09-24T05:36:58.871Z	0246619cfdfe	fortura-EU706665ML	13	9	ok	feed		gid://shopify/InventoryItem/55324518482305	DRAFT
2026-09-24T05:36:58.871Z	0246619cfdfe	fortura-EU706844ML	33	32	ok	feed		gid://shopify/InventoryItem/55324526510465	DRAFT
2026-09-24T05:36:58.871Z	0246619cfdfe	fortura-EU706819ML	7	6	ok	feed		gid://shopify/InventoryItem/55324526543233	DRAFT
2026-09-24T05:36:58.871Z	0246619cfdfe	fortura-EU706992XL	15	14	ok	feed		gid://shopify/InventoryItem/55324531622273	DRAFT
2026-09-24T05:36:58.871Z	0246619cfdfe	fortura-EU707333S	16	14	ok	feed		gid://shopify/InventoryItem/55324542239105	DRAFT
2026-09-24T05:36:58.871Z	0246619cfdfe	fortura-EU707115ML	13	12	ok	feed		gid://shopify/InventoryItem/55324544926081	DRAFT
2026-09-24T05:36:58.871Z	0246619cfdfe	fortura-EU720863XL	15	14	ok	feed		gid://shopify/InventoryItem/55324547645825	DRAFT
2026-09-24T05:36:58.871Z	0246619cfdfe	fortura-EU720957XL	20	19	ok	feed		gid://shopify/InventoryItem/55324561146241	DRAFT
2026-09-24T05:36:58.871Z	0246619cfdfe	fortura-EU721212ML	20	18	ok	feed		gid://shopify/InventoryItem/55324561375617	DRAFT
2026-09-24T05:36:58.871Z	0246619cfdfe	fortura-EU7212130	24	23	ok	feed		gid://shopify/InventoryItem/55324563931521	DRAFT
2026-09-24T05:36:58.871Z	0246619cfdfe	fortura-EU721130ML	8	7	ok	feed		gid://shopify/InventoryItem/55324566421889	DRAFT
2026-09-24T05:36:58.871Z	0246619cfdfe	fortura-EU721212S	16	15	ok	feed		gid://shopify/InventoryItem/55324566454657	DRAFT
2026-09-24T05:36:58.871Z	0246619cfdfe	fortura-EU72121303	32	29	ok	feed		gid://shopify/InventoryItem/55324566585729	DRAFT
2026-09-24T05:36:58.872Z	0246619cfdfe	fortura-EU721309XS	58	57	ok	feed		gid://shopify/InventoryItem/55324569174401	DRAFT
2026-09-24T05:36:58.872Z	0246619cfdfe	fortura-EU85342202	4	2	ok	feed		gid://shopify/InventoryItem/55324574220673	DRAFT
2026-09-24T05:36:58.872Z	0246619cfdfe	fortura-EU866745ML	12	11	ok	feed		gid://shopify/InventoryItem/55324574351745	DRAFT
2026-09-24T05:36:58.872Z	0246619cfdfe	fortura-HB210136	2	1	ok	feed		gid://shopify/InventoryItem/55324576973185	DRAFT
2026-09-24T05:36:58.872Z	0246619cfdfe	fortura-HB210542	5	3	ok	feed		gid://shopify/InventoryItem/55324579594625	DRAFT
2026-09-24T05:36:58.872Z	0246619cfdfe	fortura-HB210544	1	0	ok	feed		gid://shopify/InventoryItem/55324579627393	DRAFT
2026-09-24T05:36:58.872Z	0246619cfdfe	fortura-HB210638	6	5	ok	feed		gid://shopify/InventoryItem/55324579692929	DRAFT
2026-09-24T05:36:58.872Z	0246619cfdfe	fortura-HB210546	1	0	ok	feed		gid://shopify/InventoryItem/55324582216065	DRAFT
2026-09-24T05:36:58.872Z	0246619cfdfe	fortura-HB210640	3	2	ok	feed		gid://shopify/InventoryItem/55324582281601	DRAFT
2026-09-24T05:36:58.872Z	0246619cfdfe	fortura-HB210636	1	0	ok	feed		gid://shopify/InventoryItem/55324584771969	DRAFT
2026-09-24T05:36:58.872Z	0246619cfdfe	fortura-HB210646	1	0	ok	feed		gid://shopify/InventoryItem/55324584837505	DRAFT
2026-09-24T05:36:58.872Z	0246619cfdfe	fortura-HB210842	6	5	ok	feed		gid://shopify/InventoryItem/55324584903041	DRAFT
2026-09-24T05:36:58.872Z	0246619cfdfe	fortura-HB210838	1	0	ok	feed		gid://shopify/InventoryItem/55324584935809	DRAFT
2026-09-24T05:36:58.872Z	0246619cfdfe	fortura-HB210846	1	0	ok	feed		gid://shopify/InventoryItem/55324587524481	DRAFT
2026-09-24T05:36:58.872Z	0246619cfdfe	fortura-HB211040	9	7	ok	feed		gid://shopify/InventoryItem/55324587557249	DRAFT
2026-09-24T05:36:58.872Z	0246619cfdfe	fortura-HB211038	9	8	ok	feed		gid://shopify/InventoryItem/55324587622785	DRAFT
2026-09-24T05:36:58.872Z	0246619cfdfe	fortura-HB211036	3	2	ok	feed		gid://shopify/InventoryItem/55324587655553	DRAFT
2026-09-24T05:36:58.872Z	0246619cfdfe	fortura-HB211042	6	4	ok	feed		gid://shopify/InventoryItem/55324590178689	DRAFT
2026-09-24T05:36:58.872Z	0246619cfdfe	fortura-HB211044	1	0	ok	feed		gid://shopify/InventoryItem/55324590211457	DRAFT
2026-09-24T05:36:58.872Z	0246619cfdfe	fortura-HB212042	1	0	ok	feed		gid://shopify/InventoryItem/55324590276993	DRAFT
2026-09-24T05:36:58.872Z	0246619cfdfe	fortura-HB212034	8	6	ok	feed		gid://shopify/InventoryItem/55324590342529	DRAFT
2026-09-24T05:36:58.872Z	0246619cfdfe	fortura-HB212034	8	6	ok	feed		gid://shopify/InventoryItem/55324590375297	DRAFT
2026-09-24T05:36:58.872Z	0246619cfdfe	fortura-HB213040	2	0	ok	feed		gid://shopify/InventoryItem/55324590408065	DRAFT
2026-09-24T05:36:58.872Z	0246619cfdfe	fortura-HB213038	2	1	ok	feed		gid://shopify/InventoryItem/55324590440833	DRAFT
2026-09-24T05:36:58.872Z	0246619cfdfe	fortura-HB213036	3	1	ok	feed		gid://shopify/InventoryItem/55324593029505	DRAFT
2026-09-24T05:36:58.872Z	0246619cfdfe	fortura-HB213036	3	1	ok	feed		gid://shopify/InventoryItem/55324593062273	DRAFT
2026-09-24T05:36:58.872Z	0246619cfdfe	fortura-HB213042	3	1	ok	feed		gid://shopify/InventoryItem/55324593160577	DRAFT
2026-09-24T05:36:58.872Z	0246619cfdfe	fortura-HB220546	6	5	ok	feed		gid://shopify/InventoryItem/55324593193345	DRAFT
2026-09-24T05:36:58.872Z	0246619cfdfe	fortura-HB220544	20	15	ok	feed		gid://shopify/InventoryItem/55324593258881	DRAFT
2026-09-24T05:36:58.872Z	0246619cfdfe	fortura-HB220550	7	3	ok	feed		gid://shopify/InventoryItem/55324595847553	DRAFT
2026-09-24T05:36:58.872Z	0246619cfdfe	fortura-HB220558	5	4	ok	feed		gid://shopify/InventoryItem/55324595913089	DRAFT
2026-09-24T05:36:58.872Z	0246619cfdfe	fortura-HB220548	10	5	ok	feed		gid://shopify/InventoryItem/55324595945857	DRAFT
2026-09-24T05:36:58.872Z	0246619cfdfe	fortura-HB220556	7	2	ok	feed		gid://shopify/InventoryItem/55324595978625	DRAFT
2026-09-24T05:36:58.872Z	0246619cfdfe	fortura-HB220554	10	1	ok	feed		gid://shopify/InventoryItem/55324596044161	DRAFT
2026-09-24T05:36:58.872Z	0246619cfdfe	fortura-HB220648	3	2	ok	feed		gid://shopify/InventoryItem/55324596109697	DRAFT
2026-09-24T05:36:58.872Z	0246619cfdfe	fortura-HB220560	4	2	ok	feed		gid://shopify/InventoryItem/55324596142465	DRAFT
2026-09-24T05:36:58.872Z	0246619cfdfe	fortura-HB250838	9	6	ok	feed		gid://shopify/InventoryItem/55324598960513	DRAFT
2026-09-24T05:36:58.872Z	0246619cfdfe	fortura-HB250844	4	2	ok	feed		gid://shopify/InventoryItem/55324599124353	DRAFT
2026-09-24T05:36:58.872Z	0246619cfdfe	fortura-HB250850	2	0	ok	feed		gid://shopify/InventoryItem/55324599222657	DRAFT
2026-09-24T05:36:58.872Z	0246619cfdfe	fortura-HB251148	3	2	ok	feed		gid://shopify/InventoryItem/55324599288193	DRAFT
2026-09-24T05:36:58.872Z	0246619cfdfe	fortura-HB251144	1	0	ok	feed		gid://shopify/InventoryItem/55324599320961	DRAFT
2026-09-24T05:36:58.872Z	0246619cfdfe	fortura-HB252240	2	0	ok	feed		gid://shopify/InventoryItem/55324601876865	DRAFT
2026-09-24T05:36:58.872Z	0246619cfdfe	fortura-HB261046	1	0	ok	feed		gid://shopify/InventoryItem/55324601975169	DRAFT
2026-09-24T05:36:58.872Z	0246619cfdfe	fortura-HB261052	1	0	ok	feed		gid://shopify/InventoryItem/55324602073473	DRAFT
2026-09-24T05:36:58.872Z	0246619cfdfe	fortura-HB256250	2	0	ok	feed		gid://shopify/InventoryItem/55324604563841	DRAFT
2026-09-24T05:36:58.872Z	0246619cfdfe	fortura-HB256248	1	3	ok	feed		gid://shopify/InventoryItem/55324604596609	DRAFT
2026-09-24T05:36:58.872Z	0246619cfdfe	fortura-HB256248	1	3	ok	feed		gid://shopify/InventoryItem/55324604629377	DRAFT
2026-09-24T05:36:58.872Z	0246619cfdfe	fortura-HB263044	2	1	ok	feed		gid://shopify/InventoryItem/55324604793217	DRAFT
2026-09-24T05:36:58.872Z	0246619cfdfe	fortura-HB261044	1	0	ok	feed		gid://shopify/InventoryItem/55324604825985	DRAFT
2026-09-24T05:36:58.872Z	0246619cfdfe	fortura-HB263040	15	12	ok	feed		gid://shopify/InventoryItem/55324604858753	DRAFT
2026-09-24T05:36:58.872Z	0246619cfdfe	fortura-HB263052	1	0	ok	feed		gid://shopify/InventoryItem/55324607480193	DRAFT
2026-09-24T05:36:58.872Z	0246619cfdfe	fortura-HB270136	1	0	ok	feed		gid://shopify/InventoryItem/55324607545729	DRAFT
2026-09-24T05:36:58.873Z	0246619cfdfe	fortura-HB263042	2	1	ok	feed		gid://shopify/InventoryItem/55324607578497	DRAFT
2026-09-24T05:36:58.873Z	0246619cfdfe	fortura-HB270142	2	0	ok	feed		gid://shopify/InventoryItem/55324607644033	DRAFT
2026-09-24T05:36:58.873Z	0246619cfdfe	fortura-HB270240	1	0	ok	feed		gid://shopify/InventoryItem/55324610265473	DRAFT
2026-09-24T05:36:58.873Z	0246619cfdfe	fortura-HB270238	2	1	ok	feed		gid://shopify/InventoryItem/55324610298241	DRAFT
2026-09-24T05:36:58.873Z	0246619cfdfe	fortura-HB270236	4	3	ok	feed		gid://shopify/InventoryItem/55324610331009	DRAFT
2026-09-24T05:36:58.873Z	0246619cfdfe	fortura-HB270336	1	0	ok	feed		gid://shopify/InventoryItem/55324610363777	DRAFT
2026-09-24T05:36:58.873Z	0246619cfdfe	fortura-HB270250	2	0	ok	feed		gid://shopify/InventoryItem/55324610396545	DRAFT
2026-09-24T05:36:58.873Z	0246619cfdfe	fortura-HB270338	2	1	ok	feed		gid://shopify/InventoryItem/55324610429313	DRAFT
2026-09-24T05:36:58.873Z	0246619cfdfe	fortura-HB270342	2	1	ok	feed		gid://shopify/InventoryItem/55324612919681	DRAFT
2026-09-24T05:36:58.873Z	0246619cfdfe	fortura-HB270342	2	1	ok	feed		gid://shopify/InventoryItem/55324612952449	DRAFT
2026-09-24T05:36:59.820Z	0246619cfdfe	fortura-HB270340	2	1	ok	feed		gid://shopify/InventoryItem/55324612985217	DRAFT
2026-09-24T05:36:59.820Z	0246619cfdfe	fortura-HB270348	10	8	ok	feed		gid://shopify/InventoryItem/55324613050753	DRAFT
2026-09-24T05:36:59.820Z	0246619cfdfe	fortura-HB270440	4	1	ok	feed		gid://shopify/InventoryItem/55324615704961	DRAFT
2026-09-24T05:36:59.820Z	0246619cfdfe	fortura-HB270438	2	6	ok	feed		gid://shopify/InventoryItem/55324615737729	DRAFT
2026-09-24T05:36:59.820Z	0246619cfdfe	fortura-HB270442	8	2	ok	feed		gid://shopify/InventoryItem/55324615770497	DRAFT
2026-09-24T05:36:59.820Z	0246619cfdfe	fortura-HB270446	9	7	ok	feed		gid://shopify/InventoryItem/55324615803265	DRAFT
2026-09-24T05:36:59.820Z	0246619cfdfe	fortura-HB270444	11	8	ok	feed		gid://shopify/InventoryItem/55324615868801	DRAFT
2026-09-24T05:36:59.820Z	0246619cfdfe	fortura-HB270444	11	8	ok	feed		gid://shopify/InventoryItem/55324615901569	DRAFT
2026-09-24T05:36:59.820Z	0246619cfdfe	fortura-HB270538	2	0	ok	feed		gid://shopify/InventoryItem/55324615934337	DRAFT
2026-09-24T05:36:59.820Z	0246619cfdfe	fortura-HB270542	3	2	ok	feed		gid://shopify/InventoryItem/55324615967105	DRAFT
2026-09-24T05:36:59.820Z	0246619cfdfe	fortura-HB270540	3	1	ok	feed		gid://shopify/InventoryItem/55324618457473	DRAFT
2026-09-24T05:36:59.820Z	0246619cfdfe	fortura-HB270544	4	2	ok	feed		gid://shopify/InventoryItem/55324618490241	DRAFT
2026-09-24T05:36:59.820Z	0246619cfdfe	fortura-HB270548	3	0	ok	feed		gid://shopify/InventoryItem/55324618523009	DRAFT
2026-09-24T05:36:59.820Z	0246619cfdfe	fortura-HB270640	3	0	ok	feed		gid://shopify/InventoryItem/55324618588545	DRAFT
2026-09-24T05:36:59.820Z	0246619cfdfe	fortura-HB270734	5	2	ok	feed		gid://shopify/InventoryItem/55324618621313	DRAFT
2026-09-24T05:36:59.820Z	0246619cfdfe	fortura-HB270736	7	3	ok	feed		gid://shopify/InventoryItem/55324618686849	DRAFT
2026-09-24T05:36:59.820Z	0246619cfdfe	fortura-HB270746	6	3	ok	feed		gid://shopify/InventoryItem/55324621209985	DRAFT
2026-09-24T05:36:59.820Z	0246619cfdfe	fortura-HB270742	8	5	ok	feed		gid://shopify/InventoryItem/55324621242753	DRAFT
2026-09-24T05:36:59.820Z	0246619cfdfe	fortura-HB270750	11	10	ok	feed		gid://shopify/InventoryItem/55324621341057	DRAFT
2026-09-24T05:36:59.820Z	0246619cfdfe	fortura-HB270748	11	9	ok	feed		gid://shopify/InventoryItem/55324621373825	DRAFT
2026-09-24T05:36:59.820Z	0246619cfdfe	fortura-HB270836	7	6	ok	feed		gid://shopify/InventoryItem/55324621406593	DRAFT
2026-09-24T05:36:59.820Z	0246619cfdfe	fortura-HB270840	8	7	ok	feed		gid://shopify/InventoryItem/55324621439361	DRAFT
2026-09-24T05:36:59.820Z	0246619cfdfe	fortura-HB270842	9	8	ok	feed		gid://shopify/InventoryItem/55324621537665	DRAFT
2026-09-24T05:36:59.820Z	0246619cfdfe	fortura-HB270838	3	4	ok	feed		gid://shopify/InventoryItem/55324624060801	DRAFT
2026-09-24T05:36:59.820Z	0246619cfdfe	fortura-HB270850	11	9	ok	feed		gid://shopify/InventoryItem/55324626780545	DRAFT
2026-09-24T05:36:59.820Z	0246619cfdfe	fortura-HB271140	2	6	ok	feed		gid://shopify/InventoryItem/55324629270913	DRAFT
2026-09-24T05:36:59.820Z	0246619cfdfe	fortura-HB271138	2	7	ok	feed		gid://shopify/InventoryItem/55324629336449	DRAFT
2026-09-24T05:36:59.820Z	0246619cfdfe	fortura-HB274236	4	3	ok	feed		gid://shopify/InventoryItem/55324631925121	DRAFT
2026-09-24T05:36:59.820Z	0246619cfdfe	fortura-HB274238	4	2	ok	feed		gid://shopify/InventoryItem/55324631957889	DRAFT
2026-09-24T05:36:59.820Z	0246619cfdfe	fortura-HB274246	1	0	ok	feed		gid://shopify/InventoryItem/55324631990657	DRAFT
2026-09-24T05:36:59.821Z	0246619cfdfe	fortura-HB2751L	12	6	ok	feed		gid://shopify/InventoryItem/55324634546561	DRAFT
2026-09-24T05:36:59.821Z	0246619cfdfe	fortura-HB274252	1	0	ok	feed		gid://shopify/InventoryItem/55324634579329	DRAFT
2026-09-24T05:36:59.821Z	0246619cfdfe	fortura-HB2755M	8	5	ok	feed		gid://shopify/InventoryItem/55324634677633	DRAFT
2026-09-24T05:36:59.821Z	0246619cfdfe	fortura-HB2751M	4	2	ok	feed		gid://shopify/InventoryItem/55324634710401	DRAFT
2026-09-24T05:36:59.821Z	0246619cfdfe	fortura-HB2751S	2	3	ok	feed		gid://shopify/InventoryItem/55324637200769	DRAFT
2026-09-24T05:36:59.821Z	0246619cfdfe	fortura-HB2755S	3	5	ok	feed		gid://shopify/InventoryItem/55324637266305	DRAFT
2026-09-24T05:36:59.821Z	0246619cfdfe	fortura-HB2751XXL	1	3	ok	feed		gid://shopify/InventoryItem/55324637331841	DRAFT
2026-09-24T05:36:59.821Z	0246619cfdfe	fortura-HB2755XXL	1	0	ok	feed		gid://shopify/InventoryItem/55324637364609	DRAFT
2026-09-24T05:36:59.821Z	0246619cfdfe	fortura-HB2755L	11	3	ok	feed		gid://shopify/InventoryItem/55324637430145	DRAFT
2026-09-24T05:36:59.821Z	0246619cfdfe	fortura-HB2756S	4	5	ok	feed		gid://shopify/InventoryItem/55324637462913	DRAFT
2026-09-24T05:36:59.821Z	0246619cfdfe	fortura-HB2755XL	14	5	ok	feed		gid://shopify/InventoryItem/55324639953281	DRAFT
2026-09-24T05:36:59.821Z	0246619cfdfe	fortura-HB2756L	9	4	ok	feed		gid://shopify/InventoryItem/55324639986049	DRAFT
2026-09-24T05:36:59.821Z	0246619cfdfe	fortura-HB2756XL	5	6	ok	feed		gid://shopify/InventoryItem/55324640051585	DRAFT
2026-09-24T05:36:59.821Z	0246619cfdfe	fortura-HB2755XXXL	3	4	ok	feed		gid://shopify/InventoryItem/55324640084353	DRAFT
2026-09-24T05:36:59.821Z	0246619cfdfe	fortura-HB2766L	8	2	ok	feed		gid://shopify/InventoryItem/55324642607489	DRAFT
2026-09-24T05:36:59.821Z	0246619cfdfe	fortura-HB2766M	11	5	ok	feed		gid://shopify/InventoryItem/55324642640257	DRAFT
2026-09-24T05:36:59.821Z	0246619cfdfe	fortura-HB2756XXXL	3	2	ok	feed		gid://shopify/InventoryItem/55324642673025	DRAFT
2026-09-24T05:36:59.821Z	0246619cfdfe	fortura-HB2766XL	5	4	ok	feed		gid://shopify/InventoryItem/55324642771329	DRAFT
2026-09-24T05:36:59.821Z	0246619cfdfe	fortura-HB2800M	3	0	ok	feed		gid://shopify/InventoryItem/55324645261697	DRAFT
2026-09-24T05:36:59.821Z	0246619cfdfe	fortura-HB2775L	14	4	ok	feed		gid://shopify/InventoryItem/55324645327233	DRAFT
2026-09-24T05:36:59.821Z	0246619cfdfe	fortura-HB2775M	15	7	ok	feed		gid://shopify/InventoryItem/55324647817601	DRAFT
2026-09-24T05:36:59.821Z	0246619cfdfe	fortura-HB2806XXL	8	7	ok	feed		gid://shopify/InventoryItem/55324647850369	DRAFT
2026-09-24T05:36:59.821Z	0246619cfdfe	fortura-HB2775XL	15	3	ok	feed		gid://shopify/InventoryItem/55324647883137	DRAFT
2026-09-24T05:36:59.821Z	0246619cfdfe	fortura-HB2775XXL	6	3	ok	feed		gid://shopify/InventoryItem/55324647915905	DRAFT
2026-09-24T05:36:59.821Z	0246619cfdfe	fortura-HB2800L	3	0	ok	feed		gid://shopify/InventoryItem/55324650439041	DRAFT
2026-09-24T05:36:59.821Z	0246619cfdfe	fortura-HB2806XXXL	5	2	ok	feed		gid://shopify/InventoryItem/55324650471809	DRAFT
2026-09-24T05:36:59.821Z	0246619cfdfe	fortura-HB2800XL	4	3	ok	feed		gid://shopify/InventoryItem/55324650537345	DRAFT
2026-09-24T05:36:59.821Z	0246619cfdfe	fortura-HB2800XL	4	3	ok	feed		gid://shopify/InventoryItem/55324650570113	DRAFT
2026-09-24T05:36:59.821Z	0246619cfdfe	fortura-HB2810M	1	0	ok	feed		gid://shopify/InventoryItem/55324650602881	DRAFT
2026-09-24T05:36:59.821Z	0246619cfdfe	fortura-HB2806XL	4	3	ok	feed		gid://shopify/InventoryItem/55324653093249	DRAFT
2026-09-24T05:36:59.821Z	0246619cfdfe	fortura-HB2806XL	4	3	ok	feed		gid://shopify/InventoryItem/55324653126017	DRAFT
2026-09-24T05:36:59.821Z	0246619cfdfe	fortura-HB2835XXXXL	4	3	ok	feed		gid://shopify/InventoryItem/55324653158785	DRAFT
2026-09-24T05:36:59.821Z	0246619cfdfe	fortura-HB2810XXL	2	1	ok	feed		gid://shopify/InventoryItem/55324653191553	DRAFT
2026-09-24T05:36:59.821Z	0246619cfdfe	fortura-HB2806XXXXL	9	5	ok	feed		gid://shopify/InventoryItem/55324655681921	DRAFT
2026-09-24T05:36:59.821Z	0246619cfdfe	fortura-HB2835XXXXXL	4	3	ok	feed		gid://shopify/InventoryItem/55324655714689	DRAFT
2026-09-24T05:36:59.821Z	0246619cfdfe	fortura-HB2806XXXXXL	9	5	ok	feed		gid://shopify/InventoryItem/55324655780225	DRAFT
2026-09-24T05:36:59.821Z	0246619cfdfe	fortura-HB284554	4	2	ok	feed		gid://shopify/InventoryItem/55324655812993	DRAFT
2026-09-24T05:36:59.821Z	0246619cfdfe	fortura-HB2835XXL	5	3	ok	feed		gid://shopify/InventoryItem/55324655845761	DRAFT
2026-09-24T05:36:59.821Z	0246619cfdfe	fortura-HB284560	3	2	ok	feed		gid://shopify/InventoryItem/55324658401665	DRAFT
2026-09-24T05:36:59.821Z	0246619cfdfe	fortura-HB284552	8	7	ok	feed		gid://shopify/InventoryItem/55324658499969	DRAFT
2026-09-24T05:36:59.821Z	0246619cfdfe	fortura-HB284556	11	10	ok	feed		gid://shopify/InventoryItem/55324661023105	DRAFT
2026-09-24T05:36:59.821Z	0246619cfdfe	fortura-HB284562	6	5	ok	feed		gid://shopify/InventoryItem/55324663579009	DRAFT
2026-09-24T05:36:59.821Z	0246619cfdfe	fortura-HB287462	8	5	ok	feed		gid://shopify/InventoryItem/55324663611777	DRAFT
2026-09-24T05:36:59.821Z	0246619cfdfe	fortura-HB287448	2	1	ok	feed		gid://shopify/InventoryItem/55324663677313	DRAFT
2026-09-24T05:36:59.821Z	0246619cfdfe	fortura-HB287448	2	1	ok	feed		gid://shopify/InventoryItem/55324663710081	DRAFT
2026-09-24T05:36:59.821Z	0246619cfdfe	fortura-HB287650	2	6	ok	feed		gid://shopify/InventoryItem/55324666233217	DRAFT
2026-09-24T05:36:59.821Z	0246619cfdfe	fortura-HB287454	1	0	ok	feed		gid://shopify/InventoryItem/55324666265985	DRAFT
2026-09-24T05:36:59.821Z	0246619cfdfe	fortura-HB287654	2	6	ok	feed		gid://shopify/InventoryItem/55324666298753	DRAFT
2026-09-24T05:36:59.821Z	0246619cfdfe	fortura-HB287656	4	6	ok	feed		gid://shopify/InventoryItem/55324666331521	DRAFT
2026-09-24T05:36:59.821Z	0246619cfdfe	fortura-HB287660	3	2	ok	feed		gid://shopify/InventoryItem/55324668854657	DRAFT
2026-09-24T05:36:59.821Z	0246619cfdfe	fortura-HB287646	10	9	ok	feed		gid://shopify/InventoryItem/55324668887425	DRAFT
2026-09-24T05:36:59.821Z	0246619cfdfe	fortura-HB287662	3	2	ok	feed		gid://shopify/InventoryItem/55324668920193	DRAFT
2026-09-24T05:36:59.821Z	0246619cfdfe	fortura-HB287756	6	5	ok	feed		gid://shopify/InventoryItem/55324671410561	DRAFT
2026-09-24T05:36:59.821Z	0246619cfdfe	fortura-HB287652	3	8	ok	feed		gid://shopify/InventoryItem/55324671443329	DRAFT
2026-09-24T05:36:59.821Z	0246619cfdfe	fortura-HB287752	1	0	ok	feed		gid://shopify/InventoryItem/55324671476097	DRAFT
2026-09-24T05:36:59.821Z	0246619cfdfe	fortura-HB287658	8	5	ok	feed		gid://shopify/InventoryItem/55324671541633	DRAFT
2026-09-24T05:36:59.821Z	0246619cfdfe	fortura-HB289052	4	3	ok	feed		gid://shopify/InventoryItem/55324674064769	DRAFT
2026-09-24T05:36:59.822Z	0246619cfdfe	fortura-HB2898L	28	27	ok	feed		gid://shopify/InventoryItem/55324676817281	DRAFT
2026-09-24T05:36:59.822Z	0246619cfdfe	fortura-HB292540	2	3	ok	feed		gid://shopify/InventoryItem/55324681994625	DRAFT
2026-09-24T05:36:59.822Z	0246619cfdfe	fortura-HB292536	4	2	ok	feed		gid://shopify/InventoryItem/55324682060161	DRAFT
2026-09-24T05:36:59.822Z	0246619cfdfe	fortura-HB292544	10	6	ok	feed		gid://shopify/InventoryItem/55324684616065	DRAFT
2026-09-24T05:36:59.822Z	0246619cfdfe	fortura-HB292542	14	8	ok	feed		gid://shopify/InventoryItem/55324684648833	DRAFT
2026-09-24T05:36:59.822Z	0246619cfdfe	fortura-HB292548	2	1	ok	feed		gid://shopify/InventoryItem/55324687171969	DRAFT
2026-09-24T05:36:59.822Z	0246619cfdfe	fortura-HB292548	2	1	ok	feed		gid://shopify/InventoryItem/55324687237505	DRAFT
2026-09-24T05:36:59.822Z	0246619cfdfe	fortura-HB294040	1	0	ok	feed		gid://shopify/InventoryItem/55324687270273	DRAFT
2026-09-24T05:36:59.822Z	0246619cfdfe	fortura-HB294038	4	1	ok	feed		gid://shopify/InventoryItem/55324690022785	DRAFT
2026-09-24T05:36:59.822Z	0246619cfdfe	fortura-HB294036	1	0	ok	feed		gid://shopify/InventoryItem/55324690186625	DRAFT
2026-09-24T05:36:59.822Z	0246619cfdfe	fortura-HB294148	12	11	ok	feed		gid://shopify/InventoryItem/55324690252161	DRAFT
2026-09-24T05:36:59.822Z	0246619cfdfe	fortura-HB294140	12	11	ok	feed		gid://shopify/InventoryItem/55324692742529	DRAFT
2026-09-24T05:36:59.822Z	0246619cfdfe	fortura-HB294146	11	10	ok	feed		gid://shopify/InventoryItem/55324692873601	DRAFT
2026-09-24T05:37:00.880Z	0246619cfdfe	fortura-HB299146	4	2	ok	feed		gid://shopify/InventoryItem/55324695626113	DRAFT
2026-09-24T05:37:00.880Z	0246619cfdfe	fortura-HB299242	8	4	ok	feed		gid://shopify/InventoryItem/55324698280321	DRAFT
2026-09-24T05:37:00.880Z	0246619cfdfe	fortura-HB299142	7	6	ok	feed		gid://shopify/InventoryItem/55324698378625	DRAFT
2026-09-24T05:37:00.880Z	0246619cfdfe	fortura-HB299138	3	2	ok	feed		gid://shopify/InventoryItem/55324698444161	DRAFT
2026-09-24T05:37:00.880Z	0246619cfdfe	fortura-HB299148	3	2	ok	feed		gid://shopify/InventoryItem/55324698476929	DRAFT
2026-09-24T05:37:00.880Z	0246619cfdfe	fortura-HB299254	5	3	ok	feed		gid://shopify/InventoryItem/55324698509697	DRAFT
2026-09-24T05:37:00.880Z	0246619cfdfe	fortura-HB299144	7	5	ok	feed		gid://shopify/InventoryItem/55324698542465	DRAFT
2026-09-24T05:37:00.880Z	0246619cfdfe	fortura-HB299144	7	5	ok	feed		gid://shopify/InventoryItem/55324698575233	DRAFT
2026-09-24T05:37:00.880Z	0246619cfdfe	fortura-HB299150	1	0	ok	feed		gid://shopify/InventoryItem/55324701131137	DRAFT
2026-09-24T05:37:00.880Z	0246619cfdfe	fortura-HB299240	3	2	ok	feed		gid://shopify/InventoryItem/55324701262209	DRAFT
2026-09-24T05:37:00.880Z	0246619cfdfe	fortura-HB299246	8	7	ok	feed		gid://shopify/InventoryItem/55324701360513	DRAFT
2026-09-24T05:37:00.880Z	0246619cfdfe	fortura-HB3550XXL	1	0	ok	feed		gid://shopify/InventoryItem/55324701393281	DRAFT
2026-09-24T05:37:00.880Z	0246619cfdfe	fortura-HB361540	1	0	ok	feed		gid://shopify/InventoryItem/55324701458817	DRAFT
2026-09-24T05:37:00.880Z	0246619cfdfe	fortura-HB299252	6	1	ok	feed		gid://shopify/InventoryItem/55324701491585	DRAFT
2026-09-24T05:37:00.880Z	0246619cfdfe	fortura-HB3550L	10	6	ok	feed		gid://shopify/InventoryItem/55324703981953	DRAFT
2026-09-24T05:37:00.880Z	0246619cfdfe	fortura-HB361538	2	0	ok	feed		gid://shopify/InventoryItem/55324704014721	DRAFT
2026-09-24T05:37:00.880Z	0246619cfdfe	fortura-HB3550XL	7	4	ok	feed		gid://shopify/InventoryItem/55324704080257	DRAFT
2026-09-24T05:37:00.880Z	0246619cfdfe	fortura-HB361544	2	1	ok	feed		gid://shopify/InventoryItem/55324704145793	DRAFT
2026-09-24T05:37:00.880Z	0246619cfdfe	fortura-HB361548	1	0	ok	feed		gid://shopify/InventoryItem/55324704211329	DRAFT
2026-09-24T05:37:00.880Z	0246619cfdfe	fortura-HB362044	2	1	ok	feed		gid://shopify/InventoryItem/55324704244097	DRAFT
2026-09-24T05:37:00.880Z	0246619cfdfe	fortura-HB362040	4	3	ok	feed		gid://shopify/InventoryItem/55324704276865	DRAFT
2026-09-24T05:37:00.880Z	0246619cfdfe	fortura-HB361550	5	4	ok	feed		gid://shopify/InventoryItem/55324704309633	DRAFT
2026-09-24T05:37:00.880Z	0246619cfdfe	fortura-HB362042	4	3	ok	feed		gid://shopify/InventoryItem/55324706898305	DRAFT
2026-09-24T05:37:00.880Z	0246619cfdfe	fortura-HB363536	5	3	ok	feed		gid://shopify/InventoryItem/55324706996609	DRAFT
2026-09-24T05:37:00.880Z	0246619cfdfe	fortura-HB363550	8	7	ok	feed		gid://shopify/InventoryItem/55324707029377	DRAFT
2026-09-24T05:37:00.881Z	0246619cfdfe	fortura-HB363546	7	6	ok	feed		gid://shopify/InventoryItem/55324707094913	DRAFT
2026-09-24T05:37:00.881Z	0246619cfdfe	fortura-HB364036	3	0	ok	feed		gid://shopify/InventoryItem/55324709618049	DRAFT
2026-09-24T05:37:00.881Z	0246619cfdfe	fortura-HB363552	8	6	ok	feed		gid://shopify/InventoryItem/55324709814657	DRAFT
2026-09-24T05:37:00.881Z	0246619cfdfe	fortura-HB364040	2	1	ok	feed		gid://shopify/InventoryItem/55324709912961	DRAFT
2026-09-24T05:37:00.881Z	0246619cfdfe	fortura-HB364042	2	0	ok	feed		gid://shopify/InventoryItem/55324709945729	DRAFT
2026-09-24T05:37:00.881Z	0246619cfdfe	fortura-HB364046	7	5	ok	feed		gid://shopify/InventoryItem/55324709978497	DRAFT
2026-09-24T05:37:00.881Z	0246619cfdfe	fortura-HB364038	1	0	ok	feed		gid://shopify/InventoryItem/55324710011265	DRAFT
2026-09-24T05:37:00.881Z	0246619cfdfe	fortura-HB364038	1	0	ok	feed		gid://shopify/InventoryItem/55324710044033	DRAFT
2026-09-24T05:37:00.881Z	0246619cfdfe	fortura-HB364048	6	3	ok	feed		gid://shopify/InventoryItem/55324712534401	DRAFT
2026-09-24T05:37:00.881Z	0246619cfdfe	fortura-HB364044	5	3	ok	feed		gid://shopify/InventoryItem/55324712599937	DRAFT
2026-09-24T05:37:00.881Z	0246619cfdfe	fortura-HB365540	3	2	ok	feed		gid://shopify/InventoryItem/55324712698241	DRAFT
2026-09-24T05:37:00.881Z	0246619cfdfe	fortura-HB364050	2	1	ok	feed		gid://shopify/InventoryItem/55324712731009	DRAFT
2026-09-24T05:37:00.881Z	0246619cfdfe	fortura-HB365538	3	2	ok	feed		gid://shopify/InventoryItem/55324712796545	DRAFT
2026-09-24T05:37:00.881Z	0246619cfdfe	fortura-HB365546	5	3	ok	feed		gid://shopify/InventoryItem/55324712829313	DRAFT
2026-09-24T05:37:00.881Z	0246619cfdfe	fortura-HB366548	5	4	ok	feed		gid://shopify/InventoryItem/55324715483521	DRAFT
2026-09-24T05:37:00.881Z	0246619cfdfe	fortura-HB3800L	7	5	ok	feed		gid://shopify/InventoryItem/55324718137729	DRAFT
2026-09-24T05:37:00.881Z	0246619cfdfe	fortura-HB3805M	14	11	ok	feed		gid://shopify/InventoryItem/55324720791937	DRAFT
2026-09-24T05:37:00.881Z	0246619cfdfe	fortura-HB3805L	8	7	ok	feed		gid://shopify/InventoryItem/55324720857473	DRAFT
2026-09-24T05:37:00.881Z	0246619cfdfe	fortura-HB3805L	8	7	ok	feed		gid://shopify/InventoryItem/55324720890241	DRAFT
2026-09-24T05:37:00.881Z	0246619cfdfe	fortura-HB3805XL	6	5	ok	feed		gid://shopify/InventoryItem/55324723380609	DRAFT
2026-09-24T05:37:00.881Z	0246619cfdfe	fortura-HB3810M	7	5	ok	feed		gid://shopify/InventoryItem/55324723511681	DRAFT
2026-09-24T05:37:00.881Z	0246619cfdfe	fortura-HB3810L	10	8	ok	feed		gid://shopify/InventoryItem/55324723544449	DRAFT
2026-09-24T05:37:00.881Z	0246619cfdfe	fortura-HB3810S	2	3	ok	feed		gid://shopify/InventoryItem/55324726067585	DRAFT
2026-09-24T05:37:00.881Z	0246619cfdfe	fortura-HB3810XL	8	6	ok	feed		gid://shopify/InventoryItem/55324726100353	DRAFT
2026-09-24T05:37:00.881Z	0246619cfdfe	fortura-HB3810XXL	10	9	ok	feed		gid://shopify/InventoryItem/55324726198657	DRAFT
2026-09-24T05:37:00.881Z	0246619cfdfe	fortura-HB501658	2	1	ok	feed		gid://shopify/InventoryItem/55324728918401	DRAFT
2026-09-24T05:37:00.881Z	0246619cfdfe	fortura-HB502548	17	19	ok	feed		gid://shopify/InventoryItem/55324728951169	DRAFT
2026-09-24T05:37:00.881Z	0246619cfdfe	fortura-HB501650	4	2	ok	feed		gid://shopify/InventoryItem/55324728983937	DRAFT
2026-09-24T05:37:00.881Z	0246619cfdfe	fortura-HB502546	8	4	ok	feed		gid://shopify/InventoryItem/55324729016705	DRAFT
2026-09-24T05:37:00.881Z	0246619cfdfe	fortura-HB502554	11	6	ok	feed		gid://shopify/InventoryItem/55324729049473	DRAFT
2026-09-24T05:37:00.881Z	0246619cfdfe	fortura-HB502552	19	11	ok	feed		gid://shopify/InventoryItem/55324731572609	DRAFT
2026-09-24T05:37:00.881Z	0246619cfdfe	fortura-HB502550	24	14	ok	feed		gid://shopify/InventoryItem/55324731605377	DRAFT
2026-09-24T05:37:00.881Z	0246619cfdfe	fortura-HB502550	24	14	ok	feed		gid://shopify/InventoryItem/55324731638145	DRAFT
2026-09-24T05:37:00.881Z	0246619cfdfe	fortura-HB502650	1	2	ok	feed		gid://shopify/InventoryItem/55324731670913	DRAFT
2026-09-24T05:37:00.881Z	0246619cfdfe	fortura-HB503148	8	4	ok	feed		gid://shopify/InventoryItem/55324731736449	DRAFT
2026-09-24T05:37:00.881Z	0246619cfdfe	fortura-HB502556	6	4	ok	feed		gid://shopify/InventoryItem/55324731769217	DRAFT
2026-09-24T05:37:00.881Z	0246619cfdfe	fortura-HB504150	1	0	ok	feed		gid://shopify/InventoryItem/55324736749953	DRAFT
2026-09-24T05:37:00.881Z	0246619cfdfe	fortura-HB503048	1	4	ok	feed		gid://shopify/InventoryItem/55324736782721	DRAFT
2026-09-24T05:37:00.881Z	0246619cfdfe	fortura-HB502654	3	2	ok	feed		gid://shopify/InventoryItem/55324736881025	DRAFT
2026-09-24T05:37:00.881Z	0246619cfdfe	fortura-HB512550	8	1	ok	feed		gid://shopify/InventoryItem/55324736946561	DRAFT
2026-09-24T05:37:00.881Z	0246619cfdfe	fortura-HB503054	3	1	ok	feed		gid://shopify/InventoryItem/55324736913793	DRAFT
2026-09-24T05:37:00.881Z	0246619cfdfe	fortura-HB503050	4	7	ok	feed		gid://shopify/InventoryItem/55324736979329	DRAFT
2026-09-24T05:37:00.881Z	0246619cfdfe	fortura-HB503050	4	7	ok	feed		gid://shopify/InventoryItem/55324737012097	DRAFT
2026-09-24T05:37:00.881Z	0246619cfdfe	fortura-HB512556	2	1	ok	feed		gid://shopify/InventoryItem/55324737077633	DRAFT
2026-09-24T05:37:00.881Z	0246619cfdfe	fortura-HB503150	8	4	ok	feed		gid://shopify/InventoryItem/55324739633537	DRAFT
2026-09-24T05:37:00.881Z	0246619cfdfe	fortura-HB503152	2	4	ok	feed		gid://shopify/InventoryItem/55324739731841	DRAFT
2026-09-24T05:37:00.881Z	0246619cfdfe	fortura-HB503156	1	3	ok	feed		gid://shopify/InventoryItem/55324739764609	DRAFT
2026-09-24T05:37:00.881Z	0246619cfdfe	fortura-HB525048	5	2	ok	feed		gid://shopify/InventoryItem/55324739797377	DRAFT
2026-09-24T05:37:00.881Z	0246619cfdfe	fortura-HB503158	5	3	ok	feed		gid://shopify/InventoryItem/55324739830145	DRAFT
2026-09-24T05:37:00.881Z	0246619cfdfe	fortura-HB504050	2	1	ok	feed		gid://shopify/InventoryItem/55324739862913	DRAFT
2026-09-24T05:37:00.881Z	0246619cfdfe	fortura-HB504052	1	3	ok	feed		gid://shopify/InventoryItem/55324742418817	DRAFT
2026-09-24T05:37:00.881Z	0246619cfdfe	fortura-HB504056	2	1	ok	feed		gid://shopify/InventoryItem/55324742451585	DRAFT
2026-09-24T05:37:00.881Z	0246619cfdfe	fortura-HB525060	1	2	ok	feed		gid://shopify/InventoryItem/55324742484353	DRAFT
2026-09-24T05:37:00.881Z	0246619cfdfe	fortura-HB525546	4	2	ok	feed		gid://shopify/InventoryItem/55324745040257	DRAFT
2026-09-24T05:37:00.881Z	0246619cfdfe	fortura-HB525558	3	2	ok	feed		gid://shopify/InventoryItem/55324745138561	DRAFT
2026-09-24T05:37:00.881Z	0246619cfdfe	fortura-HB512548	10	3	ok	feed		gid://shopify/InventoryItem/55324747661697	DRAFT
2026-09-24T05:37:00.881Z	0246619cfdfe	fortura-HB525564	4	3	ok	feed		gid://shopify/InventoryItem/55324747694465	DRAFT
2026-09-24T05:37:00.881Z	0246619cfdfe	fortura-HB512552	6	1	ok	feed		gid://shopify/InventoryItem/55324747727233	DRAFT
2026-09-24T05:37:00.881Z	0246619cfdfe	fortura-HB523552	3	2	ok	feed		gid://shopify/InventoryItem/55324750315905	DRAFT
2026-09-24T05:37:00.881Z	0246619cfdfe	fortura-HB523552	3	2	ok	feed		gid://shopify/InventoryItem/55324750348673	DRAFT
2026-09-24T05:37:00.881Z	0246619cfdfe	fortura-HB526050	3	1	ok	feed		gid://shopify/InventoryItem/55324750414209	DRAFT
2026-09-24T05:37:00.881Z	0246619cfdfe	fortura-HB525046	1	0	ok	feed		gid://shopify/InventoryItem/55324752904577	DRAFT
2026-09-24T05:37:00.881Z	0246619cfdfe	fortura-HB525044	3	2	ok	feed		gid://shopify/InventoryItem/55324752937345	DRAFT
2026-09-24T05:37:00.881Z	0246619cfdfe	fortura-HB526056	3	2	ok	feed		gid://shopify/InventoryItem/55324752970113	DRAFT
2026-09-24T05:37:00.881Z	0246619cfdfe	fortura-HB525052	5	2	ok	feed		gid://shopify/InventoryItem/55324753002881	DRAFT
2026-09-24T05:37:00.881Z	0246619cfdfe	fortura-HB525052	5	2	ok	feed		gid://shopify/InventoryItem/55324753035649	DRAFT
2026-09-24T05:37:00.881Z	0246619cfdfe	fortura-HB525050	1	4	ok	feed		gid://shopify/InventoryItem/55324753068417	DRAFT
2026-09-24T05:37:00.881Z	0246619cfdfe	fortura-HB526062	4	2	ok	feed		gid://shopify/InventoryItem/55324755558785	DRAFT
2026-09-24T05:37:00.881Z	0246619cfdfe	fortura-HB525064	3	2	ok	feed		gid://shopify/InventoryItem/55324755657089	DRAFT
2026-09-24T05:37:00.881Z	0246619cfdfe	fortura-HB525544	3	2	ok	feed		gid://shopify/InventoryItem/55324755722625	DRAFT
2026-09-24T05:37:00.881Z	0246619cfdfe	fortura-HB525560	4	1	ok	feed		gid://shopify/InventoryItem/55324758245761	DRAFT
2026-09-24T05:37:00.881Z	0246619cfdfe	fortura-HB525556	2	1	ok	feed		gid://shopify/InventoryItem/55324758278529	DRAFT
2026-09-24T05:37:00.881Z	0246619cfdfe	fortura-HB525550	5	2	ok	feed		gid://shopify/InventoryItem/55324758344065	DRAFT
2026-09-24T05:37:00.881Z	0246619cfdfe	fortura-OR1372425L-XL	13	35	ok	feed		gid://shopify/InventoryItem/55324758409601	DRAFT
2026-09-24T05:37:00.881Z	0246619cfdfe	fortura-HB525562	6	4	ok	feed		gid://shopify/InventoryItem/55324758442369	DRAFT
2026-09-24T05:37:01.963Z	0246619cfdfe	fortura-HB526048	2	1	ok	feed		gid://shopify/InventoryItem/55324760998273	DRAFT
2026-09-24T05:37:01.963Z	0246619cfdfe	fortura-HB526058	4	2	ok	feed		gid://shopify/InventoryItem/55324761031041	DRAFT
2026-09-24T05:37:01.963Z	0246619cfdfe	fortura-OR1372425S-M	18	40	ok	feed		gid://shopify/InventoryItem/55324761063809	DRAFT
2026-09-24T05:37:01.963Z	0246619cfdfe	fortura-HB526064	4	2	ok	feed		gid://shopify/InventoryItem/55324761129345	DRAFT
2026-09-24T05:37:01.963Z	0246619cfdfe	fortura-OR13724XXL-XXXL	18	15	ok	feed		gid://shopify/InventoryItem/55324761162113	DRAFT
2026-09-24T05:37:01.963Z	0246619cfdfe	fortura-HB526060	5	1	ok	feed		gid://shopify/InventoryItem/55324763685249	DRAFT
2026-09-24T05:37:01.963Z	0246619cfdfe	fortura-OR193131640-42	1	10	ok	feed		gid://shopify/InventoryItem/55324763718017	DRAFT
2026-09-24T05:37:01.963Z	0246619cfdfe	fortura-OR103038-40	2	8	ok	feed		gid://shopify/InventoryItem/55324763750785	DRAFT
2026-09-24T05:37:01.963Z	0246619cfdfe	fortura-OR103042-44	6	12	ok	feed		gid://shopify/InventoryItem/55324763783553	DRAFT
2026-09-24T05:37:01.963Z	0246619cfdfe	fortura-OR193131636-38	3	13	ok	feed		gid://shopify/InventoryItem/55324769026433	DRAFT
2026-09-24T05:37:01.963Z	0246619cfdfe	fortura-OR193131644-46	7	16	ok	feed		gid://shopify/InventoryItem/55324769059201	DRAFT
2026-09-24T05:37:01.963Z	0246619cfdfe	fortura-OR193131648-50	4	14	ok	feed		gid://shopify/InventoryItem/55324771582337	DRAFT
2026-09-24T05:37:01.963Z	0246619cfdfe	fortura-OR40058-4042	12	11	ok	feed		gid://shopify/InventoryItem/55324771647873	DRAFT
2026-09-24T05:37:01.963Z	0246619cfdfe	fortura-OR4003223L-XL	6	16	ok	feed		gid://shopify/InventoryItem/55324774695297	DRAFT
2026-09-24T05:37:01.963Z	0246619cfdfe	fortura-OR4003223L-XL	6	16	ok	feed		gid://shopify/InventoryItem/55324774728065	DRAFT
2026-09-24T05:37:01.963Z	0246619cfdfe	fortura-OR4011750S-M	15	13	ok	feed		gid://shopify/InventoryItem/55324779905409	DRAFT
2026-09-24T05:37:01.963Z	0246619cfdfe	fortura-OR40127S-M	3	2	ok	feed		gid://shopify/InventoryItem/55324780003713	DRAFT
2026-09-24T05:37:01.963Z	0246619cfdfe	fortura-OR40047S-M	8	28	ok	feed		gid://shopify/InventoryItem/55324780069249	DRAFT
2026-09-24T05:37:01.963Z	0246619cfdfe	fortura-OR40092S-M	6	5	ok	feed		gid://shopify/InventoryItem/55324782788993	DRAFT
2026-09-24T05:37:01.963Z	0246619cfdfe	fortura-OR40092S-M	6	5	ok	feed		gid://shopify/InventoryItem/55324782821761	DRAFT
2026-09-24T05:37:01.963Z	0246619cfdfe	fortura-OR5533104	4	22	ok	feed		gid://shopify/InventoryItem/55324793635201	DRAFT
2026-09-24T05:37:01.964Z	0246619cfdfe	fortura-OR6850248-50	16	14	ok	feed		gid://shopify/InventoryItem/55324793799041	DRAFT
2026-09-24T05:37:01.964Z	0246619cfdfe	fortura-OR6851744-46	4	9	ok	feed		gid://shopify/InventoryItem/55324793897345	DRAFT
2026-09-24T05:37:01.964Z	0246619cfdfe	fortura-OR6850240-42	9	6	ok	feed		gid://shopify/InventoryItem/55324793930113	DRAFT
2026-09-24T05:37:01.964Z	0246619cfdfe	fortura-OR6851736-38	6	5	ok	feed		gid://shopify/InventoryItem/55324794028417	DRAFT
2026-09-24T05:37:01.964Z	0246619cfdfe	fortura-OR7442D	2	17	ok	feed		gid://shopify/InventoryItem/55324794454401	DRAFT
2026-09-24T05:37:01.964Z	0246619cfdfe	fortura-OR6851740-42	1	0	ok	feed		gid://shopify/InventoryItem/55324794519937	DRAFT
2026-09-24T05:37:01.964Z	0246619cfdfe	fortura-OR762746-48	18	16	ok	feed		gid://shopify/InventoryItem/55324794585473	DRAFT
2026-09-24T05:37:01.964Z	0246619cfdfe	fortura-OR702450-52	4	3	ok	feed		gid://shopify/InventoryItem/55324794618241	DRAFT
2026-09-24T05:37:01.964Z	0246619cfdfe	fortura-OR762750-52	22	21	ok	feed		gid://shopify/InventoryItem/55324794782081	DRAFT
2026-09-24T05:37:01.964Z	0246619cfdfe	fortura-OR729552-54	5	4	ok	feed		gid://shopify/InventoryItem/55324794847617	DRAFT
2026-09-24T05:37:01.964Z	0246619cfdfe	fortura-OR7442H	3	23	ok	feed		gid://shopify/InventoryItem/55324794945921	DRAFT
2026-09-24T05:37:01.964Z	0246619cfdfe	fortura-OR7866-48	6	4	ok	feed		gid://shopify/InventoryItem/55324794978689	DRAFT
2026-09-24T05:37:01.964Z	0246619cfdfe	fortura-OR7866-54	4	3	ok	feed		gid://shopify/InventoryItem/55324795109761	DRAFT
2026-09-24T05:37:01.964Z	0246619cfdfe	fortura-OR7866-60	8	6	ok	feed		gid://shopify/InventoryItem/55324795240833	DRAFT
2026-09-24T05:37:01.964Z	0246619cfdfe	fortura-OR7866-56	11	7	ok	feed		gid://shopify/InventoryItem/55324795371905	DRAFT
2026-09-24T05:37:01.964Z	0246619cfdfe	fortura-OR7866-58	8	7	ok	feed		gid://shopify/InventoryItem/55324795404673	DRAFT
2026-09-24T05:37:01.964Z	0246619cfdfe	fortura-OR798458-60	2	1	ok	feed		gid://shopify/InventoryItem/55324795601281	DRAFT
2026-09-24T05:37:01.964Z	0246619cfdfe	fortura-OR7973H	1	0	ok	feed		gid://shopify/InventoryItem/55324795666817	DRAFT
2026-09-24T05:37:01.964Z	0246619cfdfe	fortura-OR798550-52	3	1	ok	feed		gid://shopify/InventoryItem/55324795699585	DRAFT
2026-09-24T05:37:01.964Z	0246619cfdfe	fortura-OR798554-56	3	2	ok	feed		gid://shopify/InventoryItem/55324795732353	DRAFT
2026-09-24T05:37:01.964Z	0246619cfdfe	fortura-OR798454-56	1	7	ok	feed		gid://shopify/InventoryItem/55324795765121	DRAFT
2026-09-24T05:37:01.964Z	0246619cfdfe	fortura-OR798454-56	1	7	ok	feed		gid://shopify/InventoryItem/55324795797889	DRAFT
2026-09-24T05:37:01.964Z	0246619cfdfe	fortura-OR813-L	6	3	ok	feed		gid://shopify/InventoryItem/55324795863425	DRAFT
2026-09-24T05:37:01.964Z	0246619cfdfe	fortura-OR798558-60	6	5	ok	feed		gid://shopify/InventoryItem/55324795994497	DRAFT
2026-09-24T05:37:01.964Z	0246619cfdfe	fortura-OR9079916S-M	8	7	ok	feed		gid://shopify/InventoryItem/55324796486017	DRAFT
2026-09-24T05:37:01.964Z	0246619cfdfe	fortura-OR8670252-54	17	15	ok	feed		gid://shopify/InventoryItem/55324796551553	DRAFT
2026-09-24T05:37:01.964Z	0246619cfdfe	fortura-OR950734-36	4	2	ok	feed		gid://shopify/InventoryItem/55324796748161	DRAFT
2026-09-24T05:37:01.964Z	0246619cfdfe	fortura-OR943642-44	43	42	ok	feed		gid://shopify/InventoryItem/55324796780929	DRAFT
2026-09-24T05:37:01.964Z	0246619cfdfe	fortura-OR9538M	10	9	ok	feed		gid://shopify/InventoryItem/55324796813697	DRAFT
2026-09-24T05:37:01.964Z	0246619cfdfe	fortura-OR9537M	7	5	ok	feed		gid://shopify/InventoryItem/55324797108609	DRAFT
2026-09-24T05:37:01.964Z	0246619cfdfe	fortura-OR9884L	6	8	ok	feed		gid://shopify/InventoryItem/55324797141377	DRAFT
2026-09-24T05:37:01.964Z	0246619cfdfe	fortura-OR9884M	3	2	ok	feed		gid://shopify/InventoryItem/55324797174145	DRAFT
2026-09-24T05:37:01.964Z	0246619cfdfe	fortura-OR9537S	9	8	ok	feed		gid://shopify/InventoryItem/55324797206913	DRAFT
2026-09-24T05:37:01.964Z	0246619cfdfe	fortura-OR988836	8	7	ok	feed		gid://shopify/InventoryItem/55324797239681	DRAFT
2026-09-24T05:37:01.964Z	0246619cfdfe	fortura-OR97992S-M	11	6	ok	feed		gid://shopify/InventoryItem/55324797370753	DRAFT
2026-09-24T05:37:01.964Z	0246619cfdfe	fortura-OR9538L	3	5	ok	feed		gid://shopify/InventoryItem/55324797469057	DRAFT
2026-09-24T05:37:01.964Z	0246619cfdfe	fortura-OR988838	6	4	ok	feed		gid://shopify/InventoryItem/55324797895041	DRAFT
2026-09-24T05:37:01.964Z	0246619cfdfe	fortura-OR988838	6	4	ok	feed		gid://shopify/InventoryItem/55324797927809	DRAFT
2026-09-24T05:37:01.964Z	0246619cfdfe	fortura-OR9920S-M	3	21	ok	feed		gid://shopify/InventoryItem/55324798026113	DRAFT
2026-09-24T05:37:01.964Z	0246619cfdfe	fortura-OR990634-36	3	9	ok	feed		gid://shopify/InventoryItem/55324798091649	DRAFT
2026-09-24T05:37:01.964Z	0246619cfdfe	fortura-OR9985L-XL	9	15	ok	feed		gid://shopify/InventoryItem/55324798321025	DRAFT
2026-09-24T05:37:01.964Z	0246619cfdfe	fortura-OR9920L-XL	1	7	ok	feed		gid://shopify/InventoryItem/55324798419329	DRAFT
2026-09-24T05:37:01.964Z	0246619cfdfe	fortura-OR9985S-M	6	30	ok	feed		gid://shopify/InventoryItem/55324798910849	DRAFT
2026-09-24T05:37:01.964Z	0246619cfdfe	fortura-PC21060	44	43	ok	feed		gid://shopify/InventoryItem/55324799041921	DRAFT
2026-09-24T05:37:01.964Z	0246619cfdfe	fortura-PC21017	4	3	ok	feed		gid://shopify/InventoryItem/55324799336833	DRAFT
2026-09-24T05:37:01.964Z	0246619cfdfe	fortura-PC21061	9	6	ok	feed		gid://shopify/InventoryItem/55324799500673	DRAFT
2026-09-24T05:37:01.964Z	0246619cfdfe	fortura-PC22008	12	11	ok	feed		gid://shopify/InventoryItem/55324799566209	DRAFT
2026-09-24T05:37:01.964Z	0246619cfdfe	fortura-PC22065	5	14	ok	feed		gid://shopify/InventoryItem/55324799992193	DRAFT
2026-09-24T05:37:01.964Z	0246619cfdfe	fortura-PC21184	2	1	ok	feed		gid://shopify/InventoryItem/55324800024961	DRAFT
2026-09-24T05:37:01.964Z	0246619cfdfe	fortura-PC22037	6	5	ok	feed		gid://shopify/InventoryItem/55324800123265	DRAFT
2026-09-24T05:37:01.964Z	0246619cfdfe	fortura-PC22027	17	16	ok	feed		gid://shopify/InventoryItem/55324800188801	DRAFT
2026-09-24T05:37:01.964Z	0246619cfdfe	fortura-PC22662	3	48	ok	feed		gid://shopify/InventoryItem/55324800221569	DRAFT
2026-09-24T05:37:01.964Z	0246619cfdfe	fortura-PC22036	9	8	ok	feed		gid://shopify/InventoryItem/55324800287105	DRAFT
2026-09-24T05:37:01.964Z	0246619cfdfe	fortura-PC22067	1	4	ok	feed		gid://shopify/InventoryItem/55324800385409	DRAFT
2026-09-24T05:37:01.964Z	0246619cfdfe	fortura-PC22066	3	14	ok	feed		gid://shopify/InventoryItem/55324800450945	DRAFT
2026-09-24T05:37:01.964Z	0246619cfdfe	fortura-PC23052	10	7	ok	feed		gid://shopify/InventoryItem/55324800549249	DRAFT
2026-09-24T05:37:01.964Z	0246619cfdfe	fortura-PC23073	6	4	ok	feed		gid://shopify/InventoryItem/55324800614785	DRAFT
2026-09-24T05:37:01.964Z	0246619cfdfe	fortura-PC22709	6	4	ok	feed		gid://shopify/InventoryItem/55324800713089	DRAFT
2026-09-24T05:37:01.964Z	0246619cfdfe	fortura-PC23094	16	15	ok	feed		gid://shopify/InventoryItem/55324800745857	DRAFT
2026-09-24T05:37:01.964Z	0246619cfdfe	fortura-PC22763	6	28	ok	feed		gid://shopify/InventoryItem/55324801106305	DRAFT
2026-09-24T05:37:01.964Z	0246619cfdfe	fortura-PC23136	3	4	ok	feed		gid://shopify/InventoryItem/55324801139073	DRAFT
2026-09-24T05:37:01.964Z	0246619cfdfe	fortura-PC23048	12	11	ok	feed		gid://shopify/InventoryItem/55324801204609	DRAFT
2026-09-24T05:37:01.964Z	0246619cfdfe	fortura-PC23048	12	11	ok	feed		gid://shopify/InventoryItem/55324801237377	DRAFT
2026-09-24T05:37:01.964Z	0246619cfdfe	fortura-PC23093	33	32	ok	feed		gid://shopify/InventoryItem/55324801466753	DRAFT
2026-09-24T05:37:01.964Z	0246619cfdfe	fortura-PC23095	7	4	ok	feed		gid://shopify/InventoryItem/55324801532289	DRAFT
2026-09-24T05:37:01.964Z	0246619cfdfe	fortura-PC23135	5	6	ok	feed		gid://shopify/InventoryItem/55324801597825	DRAFT
2026-09-24T05:37:01.964Z	0246619cfdfe	fortura-PC24549	21	17	ok	feed		gid://shopify/InventoryItem/55324801630593	DRAFT
2026-09-24T05:37:01.964Z	0246619cfdfe	fortura-PC23240	10	22	ok	feed		gid://shopify/InventoryItem/55324801761665	DRAFT
2026-09-24T05:37:01.964Z	0246619cfdfe	fortura-PC23506	8	6	ok	feed		gid://shopify/InventoryItem/55324802089345	DRAFT
2026-09-24T05:37:01.964Z	0246619cfdfe	fortura-PC66057	5	2	ok	feed		gid://shopify/InventoryItem/55324802351489	DRAFT
2026-09-24T05:37:01.964Z	0246619cfdfe	fortura-PC66056	10	9	ok	feed		gid://shopify/InventoryItem/55324802646401	DRAFT
2026-09-24T05:37:01.965Z	0246619cfdfe	fortura-PC44431	33	29	ok	feed		gid://shopify/InventoryItem/55324802679169	DRAFT
2026-09-24T05:37:01.965Z	0246619cfdfe	fortura-PC66058	1	0	ok	feed		gid://shopify/InventoryItem/55324802777473	DRAFT
2026-09-24T05:37:01.965Z	0246619cfdfe	fortura-PC88692	8	6	ok	feed		gid://shopify/InventoryItem/55324802810241	DRAFT
2026-09-24T05:37:01.965Z	0246619cfdfe	fortura-PC66580	4	3	ok	feed		gid://shopify/InventoryItem/55324803039617	DRAFT
2026-09-24T05:37:01.965Z	0246619cfdfe	fortura-PC99669	2	1	ok	feed		gid://shopify/InventoryItem/55324803268993	DRAFT
2026-09-24T05:37:01.965Z	0246619cfdfe	fortura-PC88207	4	2	ok	feed		gid://shopify/InventoryItem/55324803891585	DRAFT
2026-09-24T05:37:01.965Z	0246619cfdfe	fortura-PC88691	6	4	ok	feed		gid://shopify/InventoryItem/55324803989889	DRAFT
2026-09-24T05:37:01.965Z	0246619cfdfe	fortura-RU882085M	1	0	ok	feed		gid://shopify/InventoryItem/55324804055425	DRAFT
2026-09-24T05:37:02.973Z	0246619cfdfe	fortura-PC88303	11	47	ok	feed		gid://shopify/InventoryItem/55324804088193	DRAFT
2026-09-24T05:37:02.973Z	0246619cfdfe	fortura-PC91217	6	5	ok	feed		gid://shopify/InventoryItem/55324804120961	DRAFT
2026-09-24T05:37:02.973Z	0246619cfdfe	fortura-900656	21	20	ok	feed		gid://shopify/InventoryItem/55324804284801	DRAFT
2026-09-24T05:37:02.973Z	0246619cfdfe	fortura-PC93736	20	18	ok	feed		gid://shopify/InventoryItem/55324804415873	DRAFT
2026-09-24T05:37:02.973Z	0246619cfdfe	fortura-PC99668	9	8	ok	feed		gid://shopify/InventoryItem/55324804448641	DRAFT
2026-09-24T05:37:02.973Z	0246619cfdfe	fortura-901823	23	41	ok	feed		gid://shopify/InventoryItem/55324804514177	DRAFT
2026-09-24T05:37:02.973Z	0246619cfdfe	fortura-PC99667	8	7	ok	feed		gid://shopify/InventoryItem/55324804645249	DRAFT
2026-09-24T05:37:02.973Z	0246619cfdfe	fortura-901826	19	17	ok	feed		gid://shopify/InventoryItem/55324804612481	DRAFT
2026-09-24T05:37:02.973Z	0246619cfdfe	fortura-PC99667	8	7	ok	feed		gid://shopify/InventoryItem/55324804678017	DRAFT
2026-09-24T05:37:02.973Z	0246619cfdfe	fortura-901841	46	44	ok	feed		gid://shopify/InventoryItem/55324804874625	DRAFT
2026-09-24T05:37:02.973Z	0246619cfdfe	fortura-901988	50	48	ok	feed		gid://shopify/InventoryItem/55324804972929	DRAFT
2026-09-24T05:37:02.973Z	0246619cfdfe	fortura-902456	83	76	ok	feed		gid://shopify/InventoryItem/55324805267841	DRAFT
2026-09-24T05:37:02.973Z	0246619cfdfe	fortura-33523	3	2	ok	feed		gid://shopify/InventoryItem/55324805693825	DRAFT
2026-09-24T05:37:02.973Z	0246619cfdfe	fortura-904652	73	60	ok	feed		gid://shopify/InventoryItem/55324805726593	DRAFT
2026-09-24T05:37:02.973Z	0246619cfdfe	fortura-901821	50	45	ok	feed		gid://shopify/InventoryItem/55324805759361	DRAFT
2026-09-24T05:37:02.974Z	0246619cfdfe	fortura-49564	8	7	ok	feed		gid://shopify/InventoryItem/55324805792129	DRAFT
2026-09-24T05:37:02.974Z	0246619cfdfe	fortura-49564	8	7	ok	feed		gid://shopify/InventoryItem/55324805824897	DRAFT
2026-09-24T05:37:02.974Z	0246619cfdfe	fortura-90533	61	59	ok	feed		gid://shopify/InventoryItem/55324805857665	DRAFT
2026-09-24T05:37:02.974Z	0246619cfdfe	fortura-901507	41	29	ok	feed		gid://shopify/InventoryItem/55324805923201	DRAFT
2026-09-24T05:37:02.974Z	0246619cfdfe	fortura-905402	9	4	ok	feed		gid://shopify/InventoryItem/55324805955969	DRAFT
2026-09-24T05:37:02.974Z	0246619cfdfe	fortura-901825	13	11	ok	feed		gid://shopify/InventoryItem/55324806021505	DRAFT
2026-09-24T05:37:02.974Z	0246619cfdfe	fortura-90551	48	67	ok	feed		gid://shopify/InventoryItem/55324806119809	DRAFT
2026-09-24T05:37:02.974Z	0246619cfdfe	fortura-901891	14	10	ok	feed		gid://shopify/InventoryItem/55324806316417	DRAFT
2026-09-24T05:37:02.974Z	0246619cfdfe	fortura-906752	127	123	ok	feed		gid://shopify/InventoryItem/55324806349185	DRAFT
2026-09-24T05:37:02.974Z	0246619cfdfe	fortura-901842	58	56	ok	feed		gid://shopify/InventoryItem/55324806381953	DRAFT
2026-09-24T05:37:02.974Z	0246619cfdfe	fortura-901854	56	43	ok	feed		gid://shopify/InventoryItem/55324806480257	DRAFT
2026-09-24T05:37:02.974Z	0246619cfdfe	fortura-906758	18	15	ok	feed		gid://shopify/InventoryItem/55324806513025	DRAFT
2026-09-24T05:37:02.974Z	0246619cfdfe	fortura-901995	48	42	ok	feed		gid://shopify/InventoryItem/55324806545793	DRAFT
2026-09-24T05:37:02.974Z	0246619cfdfe	fortura-902128	19	18	ok	feed		gid://shopify/InventoryItem/55324806578561	DRAFT
2026-09-24T05:37:02.974Z	0246619cfdfe	fortura-902097	3	45	ok	feed		gid://shopify/InventoryItem/55324806644097	DRAFT
2026-09-24T05:37:02.974Z	0246619cfdfe	fortura-902419	17	9	ok	feed		gid://shopify/InventoryItem/55324806676865	DRAFT
2026-09-24T05:37:02.974Z	0246619cfdfe	fortura-906908	16	14	ok	feed		gid://shopify/InventoryItem/55324806709633	DRAFT
2026-09-24T05:37:02.974Z	0246619cfdfe	fortura-902458	82	80	ok	feed		gid://shopify/InventoryItem/55324806807937	DRAFT
2026-09-24T05:37:02.974Z	0246619cfdfe	fortura-90749	27	20	ok	feed		gid://shopify/InventoryItem/55324806840705	DRAFT
2026-09-24T05:37:02.974Z	0246619cfdfe	fortura-902457	91	90	ok	feed		gid://shopify/InventoryItem/55324806873473	DRAFT
2026-09-24T05:37:02.974Z	0246619cfdfe	fortura-90755	73	71	ok	feed		gid://shopify/InventoryItem/55324807037313	DRAFT
2026-09-24T05:37:02.974Z	0246619cfdfe	fortura-902994	39	37	ok	feed		gid://shopify/InventoryItem/55324807070081	DRAFT
2026-09-24T05:37:02.974Z	0246619cfdfe	fortura-904411	80	68	ok	feed		gid://shopify/InventoryItem/55324807102849	DRAFT
2026-09-24T05:37:02.974Z	0246619cfdfe	fortura-903216	42	25	ok	feed		gid://shopify/InventoryItem/55324807135617	DRAFT
2026-09-24T05:37:02.974Z	0246619cfdfe	fortura-90806	79	59	ok	feed		gid://shopify/InventoryItem/55324807168385	DRAFT
2026-09-24T05:37:02.974Z	0246619cfdfe	fortura-904654	41	34	ok	feed		gid://shopify/InventoryItem/55324807233921	DRAFT
2026-09-24T05:37:02.974Z	0246619cfdfe	fortura-90809	45	40	ok	feed		gid://shopify/InventoryItem/55324807266689	DRAFT
2026-09-24T05:37:02.974Z	0246619cfdfe	fortura-903612	24	20	ok	feed		gid://shopify/InventoryItem/55324807299457	DRAFT
2026-09-24T05:37:02.974Z	0246619cfdfe	fortura-908474	224	217	ok	feed		gid://shopify/InventoryItem/55324807430529	DRAFT
2026-09-24T05:37:02.974Z	0246619cfdfe	fortura-90550	69	60	ok	feed		gid://shopify/InventoryItem/55324807496065	DRAFT
2026-09-24T05:37:02.974Z	0246619cfdfe	fortura-90959	92	101	ok	feed		gid://shopify/InventoryItem/55324807594369	DRAFT
2026-09-24T05:37:02.974Z	0246619cfdfe	fortura-90592	35	33	ok	feed		gid://shopify/InventoryItem/55324807627137	DRAFT
2026-09-24T05:37:02.974Z	0246619cfdfe	fortura-906327	39	38	ok	feed		gid://shopify/InventoryItem/55324807659905	DRAFT
2026-09-24T05:37:02.974Z	0246619cfdfe	fortura-906745	30	52	ok	feed		gid://shopify/InventoryItem/55324807758209	DRAFT
2026-09-24T05:37:02.974Z	0246619cfdfe	fortura-906753	73	70	ok	feed		gid://shopify/InventoryItem/55324807790977	DRAFT
2026-09-24T05:37:02.974Z	0246619cfdfe	fortura-909761	28	26	ok	feed		gid://shopify/InventoryItem/55324807987585	DRAFT
2026-09-24T05:37:02.974Z	0246619cfdfe	fortura-906760	24	22	ok	feed		gid://shopify/InventoryItem/55324808020353	DRAFT
2026-09-24T05:37:02.974Z	0246619cfdfe	fortura-906909	5	4	ok	feed		gid://shopify/InventoryItem/55324808053121	DRAFT
2026-09-24T05:37:02.974Z	0246619cfdfe	fortura-906763	34	31	ok	feed		gid://shopify/InventoryItem/55324808085889	DRAFT
2026-09-24T05:37:02.974Z	0246619cfdfe	fortura-909800	65	52	ok	feed		gid://shopify/InventoryItem/55324808118657	DRAFT
2026-09-24T05:37:02.974Z	0246619cfdfe	fortura-90807	64	63	ok	feed		gid://shopify/InventoryItem/55324808151425	DRAFT
2026-09-24T05:37:02.974Z	0246619cfdfe	fortura-908485	19	17	ok	feed		gid://shopify/InventoryItem/55324808184193	DRAFT
2026-09-24T05:37:02.974Z	0246619cfdfe	fortura-90822	174	110	ok	feed		gid://shopify/InventoryItem/55324808216961	DRAFT
2026-09-24T05:37:02.974Z	0246619cfdfe	fortura-910274	10	9	ok	feed		gid://shopify/InventoryItem/55324808249729	DRAFT
2026-09-24T05:37:02.974Z	0246619cfdfe	fortura-908475	74	60	ok	feed		gid://shopify/InventoryItem/55324808315265	DRAFT
2026-09-24T05:37:02.974Z	0246619cfdfe	fortura-908481	52	48	ok	feed		gid://shopify/InventoryItem/55324808380801	DRAFT
2026-09-24T05:37:02.974Z	0246619cfdfe	fortura-909649	41	37	ok	feed		gid://shopify/InventoryItem/55324808413569	DRAFT
2026-09-24T05:37:02.974Z	0246619cfdfe	fortura-908481	52	48	ok	feed		gid://shopify/InventoryItem/55324808479105	DRAFT
2026-09-24T05:37:02.974Z	0246619cfdfe	fortura-908484	33	30	ok	feed		gid://shopify/InventoryItem/55324808544641	DRAFT
2026-09-24T05:37:02.974Z	0246619cfdfe	fortura-909751	20	13	ok	feed		gid://shopify/InventoryItem/55324808577409	DRAFT
2026-09-24T05:37:02.974Z	0246619cfdfe	fortura-929102	53	51	ok	feed		gid://shopify/InventoryItem/55324808610177	DRAFT
2026-09-24T05:37:02.974Z	0246619cfdfe	fortura-908484	33	30	ok	feed		gid://shopify/InventoryItem/55324808642945	DRAFT
2026-09-24T05:37:02.974Z	0246619cfdfe	fortura-909754	44	42	ok	feed		gid://shopify/InventoryItem/55324808675713	DRAFT
2026-09-24T05:37:02.974Z	0246619cfdfe	fortura-92951	37	33	ok	feed		gid://shopify/InventoryItem/55324808708481	DRAFT
2026-09-24T05:37:02.974Z	0246619cfdfe	fortura-90960	46	39	ok	feed		gid://shopify/InventoryItem/55324808774017	DRAFT
2026-09-24T05:37:02.974Z	0246619cfdfe	fortura-909648	17	11	ok	feed		gid://shopify/InventoryItem/55324808872321	DRAFT
2026-09-24T05:37:02.974Z	0246619cfdfe	fortura-909750	90	83	ok	feed		gid://shopify/InventoryItem/55324808970625	DRAFT
2026-09-24T05:37:02.974Z	0246619cfdfe	fortura-909753	46	44	ok	feed		gid://shopify/InventoryItem/55324809003393	DRAFT
2026-09-24T05:37:02.974Z	0246619cfdfe	fortura-946940	1	0	ok	feed		gid://shopify/InventoryItem/55324809068929	DRAFT
2026-09-24T05:37:02.974Z	0246619cfdfe	fortura-909759	52	40	ok	feed		gid://shopify/InventoryItem/55324809101697	DRAFT
2026-09-24T05:37:02.974Z	0246619cfdfe	fortura-909802	53	41	ok	feed		gid://shopify/InventoryItem/55324809134465	DRAFT
2026-09-24T05:37:02.974Z	0246619cfdfe	fortura-959981	1	0	ok	feed		gid://shopify/InventoryItem/55324809232769	DRAFT
2026-09-24T05:37:02.974Z	0246619cfdfe	fortura-909801	55	44	ok	feed		gid://shopify/InventoryItem/55324809298305	DRAFT
2026-09-24T05:37:02.974Z	0246619cfdfe	fortura-909801	55	44	ok	feed		gid://shopify/InventoryItem/55324809363841	DRAFT
2026-09-24T05:37:02.974Z	0246619cfdfe	fortura-96032	44	41	ok	feed		gid://shopify/InventoryItem/55324809396609	DRAFT
2026-09-24T05:37:02.975Z	0246619cfdfe	fortura-96140	15	14	ok	feed		gid://shopify/InventoryItem/55324809494913	DRAFT
2026-09-24T05:37:02.975Z	0246619cfdfe	fortura-911721	38	35	ok	feed		gid://shopify/InventoryItem/55324809527681	DRAFT
2026-09-24T05:37:02.975Z	0246619cfdfe	fortura-925708	47	44	ok	feed		gid://shopify/InventoryItem/55324809658753	DRAFT
2026-09-24T05:37:02.975Z	0246619cfdfe	fortura-96491	33	32	ok	feed		gid://shopify/InventoryItem/55324809724289	DRAFT
2026-09-24T05:37:02.975Z	0246619cfdfe	fortura-929094	55	50	ok	feed		gid://shopify/InventoryItem/55324809789825	DRAFT
2026-09-24T05:37:02.975Z	0246619cfdfe	fortura-974975	27	24	ok	feed		gid://shopify/InventoryItem/55324809822593	DRAFT
2026-09-24T05:37:02.975Z	0246619cfdfe	fortura-929095	67	63	ok	feed		gid://shopify/InventoryItem/55324809855361	DRAFT
2026-09-24T05:37:02.975Z	0246619cfdfe	fortura-929103	72	66	ok	feed		gid://shopify/InventoryItem/55324809888129	DRAFT
2026-09-24T05:37:02.975Z	0246619cfdfe	fortura-99077	30	29	ok	feed		gid://shopify/InventoryItem/55324809920897	DRAFT
2026-09-24T05:37:02.975Z	0246619cfdfe	fortura-946918	43	42	ok	feed		gid://shopify/InventoryItem/55324809953665	DRAFT
2026-09-24T05:37:02.975Z	0246619cfdfe	fortura-946929	3	2	ok	feed		gid://shopify/InventoryItem/55324810051969	DRAFT
2026-09-24T05:37:02.975Z	0246619cfdfe	fortura-946939	23	19	ok	feed		gid://shopify/InventoryItem/55324810084737	DRAFT
2026-09-24T05:37:02.975Z	0246619cfdfe	fortura-BO00168	27	18	ok	feed		gid://shopify/InventoryItem/55324810150273	DRAFT
2026-09-24T05:37:02.975Z	0246619cfdfe	fortura-96007	98	93	ok	feed		gid://shopify/InventoryItem/55324810183041	DRAFT
2026-09-24T05:37:02.975Z	0246619cfdfe	fortura-95373	18	13	ok	feed		gid://shopify/InventoryItem/55324810215809	DRAFT
2026-09-24T05:37:02.975Z	0246619cfdfe	fortura-BO00219	24	20	ok	feed		gid://shopify/InventoryItem/55324810248577	DRAFT
2026-09-24T05:37:02.975Z	0246619cfdfe	fortura-95961	56	33	ok	feed		gid://shopify/InventoryItem/55324810281345	DRAFT
2026-09-24T05:37:02.975Z	0246619cfdfe	fortura-96034	66	63	ok	feed		gid://shopify/InventoryItem/55324810314113	DRAFT
2026-09-24T05:37:02.975Z	0246619cfdfe	fortura-95961	56	33	ok	feed		gid://shopify/InventoryItem/55324810346881	DRAFT
2026-09-24T05:37:02.975Z	0246619cfdfe	fortura-BO00792	14	13	ok	feed		gid://shopify/InventoryItem/55324810379649	DRAFT
2026-09-24T05:37:04.218Z	0246619cfdfe	fortura-960814	69	57	ok	feed		gid://shopify/InventoryItem/55324810412417	DRAFT
2026-09-24T05:37:04.219Z	0246619cfdfe	fortura-96096	74	96	ok	feed		gid://shopify/InventoryItem/55324810445185	DRAFT
2026-09-24T05:37:04.219Z	0246619cfdfe	fortura-BO04500	44	33	ok	feed		gid://shopify/InventoryItem/55324810477953	DRAFT
2026-09-24T05:37:04.219Z	0246619cfdfe	fortura-96187	32	31	ok	feed		gid://shopify/InventoryItem/55324810510721	DRAFT
2026-09-24T05:37:04.219Z	0246619cfdfe	fortura-96108	38	103	ok	feed		gid://shopify/InventoryItem/55324810543489	DRAFT
2026-09-24T05:37:04.219Z	0246619cfdfe	fortura-96241	25	0	ok	feed		gid://shopify/InventoryItem/55324810609025	DRAFT
2026-09-24T05:37:04.219Z	0246619cfdfe	fortura-96489	26	45	ok	feed		gid://shopify/InventoryItem/55324810641793	DRAFT
2026-09-24T05:37:04.219Z	0246619cfdfe	fortura-962881	14	13	ok	feed		gid://shopify/InventoryItem/55324810674561	DRAFT
2026-09-24T05:37:04.219Z	0246619cfdfe	fortura-965106	34	32	ok	feed		gid://shopify/InventoryItem/55324810740097	DRAFT
2026-09-24T05:37:04.219Z	0246619cfdfe	fortura-96334	41	36	ok	feed		gid://shopify/InventoryItem/55324810772865	DRAFT
2026-09-24T05:37:04.219Z	0246619cfdfe	fortura-BO54573	77	70	ok	feed		gid://shopify/InventoryItem/55324810838401	DRAFT
2026-09-24T05:37:04.219Z	0246619cfdfe	fortura-968565	52	89	ok	feed		gid://shopify/InventoryItem/55324810871169	DRAFT
2026-09-24T05:37:04.219Z	0246619cfdfe	fortura-965104	16	13	ok	feed		gid://shopify/InventoryItem/55324810903937	DRAFT
2026-09-24T05:37:04.219Z	0246619cfdfe	fortura-965104	16	13	ok	feed		gid://shopify/InventoryItem/55324810936705	DRAFT
2026-09-24T05:37:04.219Z	0246619cfdfe	fortura-974973	52	48	ok	feed		gid://shopify/InventoryItem/55324811133313	DRAFT
2026-09-24T05:37:04.219Z	0246619cfdfe	fortura-975717	68	51	ok	feed		gid://shopify/InventoryItem/55324811428225	DRAFT
2026-09-24T05:37:04.219Z	0246619cfdfe	fortura-976164	39	16	ok	feed		gid://shopify/InventoryItem/55324811493761	DRAFT
2026-09-24T05:37:04.219Z	0246619cfdfe	fortura-98680	44	40	ok	feed		gid://shopify/InventoryItem/55324811526529	DRAFT
2026-09-24T05:37:04.219Z	0246619cfdfe	fortura-BO72237	34	27	ok	feed		gid://shopify/InventoryItem/55324811559297	DRAFT
2026-09-24T05:37:04.219Z	0246619cfdfe	fortura-BO81036	16	15	ok	feed		gid://shopify/InventoryItem/55324811985281	DRAFT
2026-09-24T05:37:04.219Z	0246619cfdfe	fortura-BO00169	54	47	ok	feed		gid://shopify/InventoryItem/55324812018049	DRAFT
2026-09-24T05:37:04.219Z	0246619cfdfe	fortura-BO00220	28	27	ok	feed		gid://shopify/InventoryItem/55324812116353	DRAFT
2026-09-24T05:37:04.219Z	0246619cfdfe	fortura-BO85083	13	12	ok	feed		gid://shopify/InventoryItem/55324812149121	DRAFT
2026-09-24T05:37:04.219Z	0246619cfdfe	fortura-BO85092	109	92	ok	feed		gid://shopify/InventoryItem/55324812247425	DRAFT
2026-09-24T05:37:04.219Z	0246619cfdfe	fortura-BO00785	12	10	ok	feed		gid://shopify/InventoryItem/55324812280193	DRAFT
2026-09-24T05:37:04.219Z	0246619cfdfe	fortura-BO00794	14	13	ok	feed		gid://shopify/InventoryItem/55324812345729	DRAFT
2026-09-24T05:37:04.219Z	0246619cfdfe	fortura-BO85098	46	45	ok	feed		gid://shopify/InventoryItem/55324812411265	DRAFT
2026-09-24T05:37:04.219Z	0246619cfdfe	fortura-BO85302	20	14	ok	feed		gid://shopify/InventoryItem/55324812607873	DRAFT
2026-09-24T05:37:04.219Z	0246619cfdfe	fortura-BO01418	23	21	ok	feed		gid://shopify/InventoryItem/55324812640641	DRAFT
2026-09-24T05:37:04.219Z	0246619cfdfe	fortura-BO01411	37	35	ok	feed		gid://shopify/InventoryItem/55324812673409	DRAFT
2026-09-24T05:37:04.219Z	0246619cfdfe	fortura-BO04349	108	93	ok	feed		gid://shopify/InventoryItem/55324812771713	DRAFT
2026-09-24T05:37:04.219Z	0246619cfdfe	fortura-BO85797	15	12	ok	feed		gid://shopify/InventoryItem/55324812804481	DRAFT
2026-09-24T05:37:04.219Z	0246619cfdfe	fortura-BO86376	33	25	ok	feed		gid://shopify/InventoryItem/55324812902785	DRAFT
2026-09-24T05:37:04.219Z	0246619cfdfe	fortura-BO04352	2	0	ok	feed		gid://shopify/InventoryItem/55324812935553	DRAFT
2026-09-24T05:37:04.219Z	0246619cfdfe	fortura-BO33029	1	0	ok	feed		gid://shopify/InventoryItem/55324813033857	DRAFT
2026-09-24T05:37:04.219Z	0246619cfdfe	fortura-BO86391	40	34	ok	feed		gid://shopify/InventoryItem/55324813066625	DRAFT
2026-09-24T05:37:04.219Z	0246619cfdfe	fortura-BO04504	77	72	ok	feed		gid://shopify/InventoryItem/55324813099393	DRAFT
2026-09-24T05:37:04.219Z	0246619cfdfe	fortura-BO54389	49	42	ok	feed		gid://shopify/InventoryItem/55324813164929	DRAFT
2026-09-24T05:37:04.219Z	0246619cfdfe	fortura-BO44560	43	35	ok	feed		gid://shopify/InventoryItem/55324813328769	DRAFT
2026-09-24T05:37:04.219Z	0246619cfdfe	fortura-BO54572	35	33	ok	feed		gid://shopify/InventoryItem/55324813361537	DRAFT
2026-09-24T05:37:04.219Z	0246619cfdfe	fortura-CK11190	39	20	ok	feed		gid://shopify/InventoryItem/55324813394305	DRAFT
2026-09-24T05:37:04.219Z	0246619cfdfe	fortura-BO54388	37	27	ok	feed		gid://shopify/InventoryItem/55324813459841	DRAFT
2026-09-24T05:37:04.219Z	0246619cfdfe	fortura-BO56756	52	45	ok	feed		gid://shopify/InventoryItem/55324813689217	DRAFT
2026-09-24T05:37:04.219Z	0246619cfdfe	fortura-BO56774	48	36	ok	feed		gid://shopify/InventoryItem/55324813787521	DRAFT
2026-09-24T05:37:04.219Z	0246619cfdfe	fortura-BO54571	36	34	ok	feed		gid://shopify/InventoryItem/55324813885825	DRAFT
2026-09-24T05:37:04.219Z	0246619cfdfe	fortura-BO72251	30	26	ok	feed		gid://shopify/InventoryItem/55324813951361	DRAFT
2026-09-24T05:37:04.219Z	0246619cfdfe	fortura-BO81938	79	52	ok	feed		gid://shopify/InventoryItem/55324814082433	DRAFT
2026-09-24T05:37:04.219Z	0246619cfdfe	fortura-BO56758	40	34	ok	feed		gid://shopify/InventoryItem/55324814115201	DRAFT
2026-09-24T05:37:04.219Z	0246619cfdfe	fortura-CK14052	19	15	ok	feed		gid://shopify/InventoryItem/55324814147969	DRAFT
2026-09-24T05:37:04.219Z	0246619cfdfe	fortura-BO85046	25	23	ok	feed		gid://shopify/InventoryItem/55324814180737	DRAFT
2026-09-24T05:37:04.219Z	0246619cfdfe	fortura-BO72253	31	25	ok	feed		gid://shopify/InventoryItem/55324814213505	DRAFT
2026-09-24T05:37:04.219Z	0246619cfdfe	fortura-CK140525	28	27	ok	feed		gid://shopify/InventoryItem/55324814246273	DRAFT
2026-09-24T05:37:04.219Z	0246619cfdfe	fortura-BO81031	2	1	ok	feed		gid://shopify/InventoryItem/55324814311809	DRAFT
2026-09-24T05:37:04.219Z	0246619cfdfe	fortura-BO85091	80	72	ok	feed		gid://shopify/InventoryItem/55324814410113	DRAFT
2026-09-24T05:37:04.219Z	0246619cfdfe	fortura-BO85066	18	17	ok	feed		gid://shopify/InventoryItem/55324814442881	DRAFT
2026-09-24T05:37:04.219Z	0246619cfdfe	fortura-BO85069	41	40	ok	feed		gid://shopify/InventoryItem/55324814541185	DRAFT
2026-09-24T05:37:04.219Z	0246619cfdfe	fortura-BO85613	40	33	ok	feed		gid://shopify/InventoryItem/55324814639489	DRAFT
2026-09-24T05:37:04.219Z	0246619cfdfe	fortura-CK4618	25	24	ok	feed		gid://shopify/InventoryItem/55324814901633	DRAFT
2026-09-24T05:37:04.220Z	0246619cfdfe	fortura-BO85096	91	80	ok	feed		gid://shopify/InventoryItem/55324814934401	DRAFT
2026-09-24T05:37:04.220Z	0246619cfdfe	fortura-BO85811	50	44	ok	feed		gid://shopify/InventoryItem/55324814999937	DRAFT
2026-09-24T05:37:04.220Z	0246619cfdfe	fortura-BO85300	55	47	ok	feed		gid://shopify/InventoryItem/55324815032705	DRAFT
2026-09-24T05:37:04.220Z	0246619cfdfe	fortura-BO85303	23	17	ok	feed		gid://shopify/InventoryItem/55324816146817	DRAFT
2026-09-24T05:37:04.220Z	0246619cfdfe	fortura-BO85303	23	17	ok	feed		gid://shopify/InventoryItem/55324816179585	DRAFT
2026-09-24T05:37:04.220Z	0246619cfdfe	fortura-BO86060	239	225	ok	feed		gid://shopify/InventoryItem/55324816245121	DRAFT
2026-09-24T05:37:04.220Z	0246619cfdfe	fortura-BO85609	50	45	ok	feed		gid://shopify/InventoryItem/55324816310657	DRAFT
2026-09-24T05:37:04.220Z	0246619cfdfe	fortura-BO85609	50	45	ok	feed		gid://shopify/InventoryItem/55324816343425	DRAFT
2026-09-24T05:37:04.220Z	0246619cfdfe	fortura-OR2364602	13	12	ok	feed		gid://shopify/InventoryItem/55324816376193	DRAFT
2026-09-24T05:37:04.220Z	0246619cfdfe	fortura-BO86171	33	31	ok	feed		gid://shopify/InventoryItem/55324816408961	DRAFT
2026-09-24T05:37:04.220Z	0246619cfdfe	fortura-BO86083	27	19	ok	feed		gid://shopify/InventoryItem/55324816540033	DRAFT
2026-09-24T05:37:04.220Z	0246619cfdfe	fortura-BO96962	28	22	ok	feed		gid://shopify/InventoryItem/55324816572801	DRAFT
2026-09-24T05:37:04.220Z	0246619cfdfe	fortura-59774	25294	25195	ok	feed		gid://shopify/InventoryItem/55324816933249	DRAFT
2026-09-24T05:37:04.220Z	0246619cfdfe	fortura-BO86368	30	29	ok	feed		gid://shopify/InventoryItem/55324816998785	DRAFT
2026-09-24T05:37:04.220Z	0246619cfdfe	fortura-CK13088	13	26	ok	feed		gid://shopify/InventoryItem/55324817064321	DRAFT
2026-09-24T05:37:04.220Z	0246619cfdfe	fortura-BO97519	27	21	ok	feed		gid://shopify/InventoryItem/55324817097089	DRAFT
2026-09-24T05:37:04.220Z	0246619cfdfe	fortura-BO97588	8	7	ok	feed		gid://shopify/InventoryItem/55324817195393	DRAFT
2026-09-24T05:37:04.220Z	0246619cfdfe	fortura-91919	37	34	ok	feed		gid://shopify/InventoryItem/55324817260929	DRAFT
2026-09-24T05:37:04.220Z	0246619cfdfe	fortura-CK13739	13	12	ok	feed		gid://shopify/InventoryItem/55324817326465	DRAFT
2026-09-24T05:37:04.220Z	0246619cfdfe	fortura-92729	20	11	ok	feed		gid://shopify/InventoryItem/55324817392001	DRAFT
2026-09-24T05:37:04.220Z	0246619cfdfe	fortura-928124	16	11	ok	feed		gid://shopify/InventoryItem/55324817523073	DRAFT
2026-09-24T05:37:04.220Z	0246619cfdfe	fortura-CK13171	9	8	ok	feed		gid://shopify/InventoryItem/55324817555841	DRAFT
2026-09-24T05:37:04.220Z	0246619cfdfe	fortura-CK13747	11	10	ok	feed		gid://shopify/InventoryItem/55324817686913	DRAFT
2026-09-24T05:37:04.220Z	0246619cfdfe	fortura-CK14417	26	16	ok	feed		gid://shopify/InventoryItem/55324817719681	DRAFT
2026-09-24T05:37:04.220Z	0246619cfdfe	fortura-93305	50	49	ok	feed		gid://shopify/InventoryItem/55324817752449	DRAFT
2026-09-24T05:37:04.220Z	0246619cfdfe	fortura-CK13816	18	17	ok	feed		gid://shopify/InventoryItem/55324817785217	DRAFT
2026-09-24T05:37:04.220Z	0246619cfdfe	fortura-CK13816	18	17	ok	feed		gid://shopify/InventoryItem/55324817817985	DRAFT
2026-09-24T05:37:04.220Z	0246619cfdfe	fortura-946736	3	2	ok	feed		gid://shopify/InventoryItem/55324817883521	DRAFT
2026-09-24T05:37:04.220Z	0246619cfdfe	fortura-966785	2	0	ok	feed		gid://shopify/InventoryItem/55324817949057	DRAFT
2026-09-24T05:37:04.220Z	0246619cfdfe	fortura-CK4632	29	24	ok	feed		gid://shopify/InventoryItem/55324817981825	DRAFT
2026-09-24T05:37:04.220Z	0246619cfdfe	fortura-CK1410210	45	44	ok	feed		gid://shopify/InventoryItem/55324818342273	DRAFT
2026-09-24T05:37:04.220Z	0246619cfdfe	fortura-97520	46	45	ok	feed		gid://shopify/InventoryItem/55324818375041	DRAFT
2026-09-24T05:37:04.220Z	0246619cfdfe	fortura-98621	42	32	ok	feed		gid://shopify/InventoryItem/55324818473345	DRAFT
2026-09-24T05:37:04.220Z	0246619cfdfe	fortura-CK4710	29	28	ok	feed		gid://shopify/InventoryItem/55324818506113	DRAFT
2026-09-24T05:37:04.220Z	0246619cfdfe	fortura-EU095979	52	46	ok	feed		gid://shopify/InventoryItem/55324819751297	DRAFT
2026-09-24T05:37:04.220Z	0246619cfdfe	fortura-99122	37	30	ok	feed		gid://shopify/InventoryItem/55324819784065	DRAFT
2026-09-24T05:37:04.220Z	0246619cfdfe	fortura-CK4631	76	72	ok	feed		gid://shopify/InventoryItem/55324819816833	DRAFT
2026-09-24T05:37:04.220Z	0246619cfdfe	fortura-99563	18	14	ok	feed		gid://shopify/InventoryItem/55324819915137	DRAFT
2026-09-24T05:37:04.220Z	0246619cfdfe	fortura-FM21021202	6	5	ok	feed		gid://shopify/InventoryItem/55324819980673	DRAFT
2026-09-24T05:37:04.220Z	0246619cfdfe	fortura-BO36033	58	54	ok	feed		gid://shopify/InventoryItem/55324820111745	DRAFT
2026-09-24T05:37:04.220Z	0246619cfdfe	fortura-BO52890	29	21	ok	feed		gid://shopify/InventoryItem/55324820373889	DRAFT
2026-09-24T05:37:04.220Z	0246619cfdfe	fortura-OR4079905	30	42	ok	feed		gid://shopify/InventoryItem/55324820406657	DRAFT
2026-09-24T05:37:05.138Z	0246619cfdfe	fortura-OR47166.01	106	102	ok	feed		gid://shopify/InventoryItem/55324820504961	DRAFT
2026-09-24T05:37:05.139Z	0246619cfdfe	fortura-84184-09	23	19	ok	feed		gid://shopify/InventoryItem/55324820537729	DRAFT
2026-09-24T05:37:05.139Z	0246619cfdfe	fortura-84184-93	39	29	ok	feed		gid://shopify/InventoryItem/55324820668801	DRAFT
2026-09-24T05:37:05.139Z	0246619cfdfe	fortura-CK013	15	9	ok	feed		gid://shopify/InventoryItem/55324820832641	DRAFT
2026-09-24T05:37:05.139Z	0246619cfdfe	fortura-CK14064	75	67	ok	feed		gid://shopify/InventoryItem/55324820898177	DRAFT
2026-09-24T05:37:05.139Z	0246619cfdfe	fortura-84190	65	61	ok	feed		gid://shopify/InventoryItem/55324820930945	DRAFT
2026-09-24T05:37:05.139Z	0246619cfdfe	fortura-900120	2	1	ok	feed		gid://shopify/InventoryItem/55324820963713	DRAFT
2026-09-24T05:37:05.139Z	0246619cfdfe	fortura-900120	2	1	ok	feed		gid://shopify/InventoryItem/55324820996481	DRAFT
2026-09-24T05:37:05.139Z	0246619cfdfe	fortura-904102	72	62	ok	feed		gid://shopify/InventoryItem/55324821389697	DRAFT
2026-09-24T05:37:05.139Z	0246619cfdfe	fortura-904104	81	70	ok	feed		gid://shopify/InventoryItem/55324821422465	DRAFT
2026-09-24T05:37:05.139Z	0246619cfdfe	fortura-CK27822	3	2	ok	feed		gid://shopify/InventoryItem/55324821488001	DRAFT
2026-09-24T05:37:05.139Z	0246619cfdfe	fortura-907797	89	70	ok	feed		gid://shopify/InventoryItem/55324821520769	DRAFT
2026-09-24T05:37:05.139Z	0246619cfdfe	fortura-907797	89	70	ok	feed		gid://shopify/InventoryItem/55324821553537	DRAFT
2026-09-24T05:37:05.139Z	0246619cfdfe	fortura-CK90747	50	22	ok	feed		gid://shopify/InventoryItem/55324821586305	DRAFT
2026-09-24T05:37:05.139Z	0246619cfdfe	fortura-907801	7	4	ok	feed		gid://shopify/InventoryItem/55324821619073	DRAFT
2026-09-24T05:37:05.139Z	0246619cfdfe	fortura-909561	59	39	ok	feed		gid://shopify/InventoryItem/55324821684609	DRAFT
2026-09-24T05:37:05.139Z	0246619cfdfe	fortura-909561	59	39	ok	feed		gid://shopify/InventoryItem/55324821717377	DRAFT
2026-09-24T05:37:05.139Z	0246619cfdfe	fortura-HB80954346	53	51	ok	feed		gid://shopify/InventoryItem/55324821750145	DRAFT
2026-09-24T05:37:05.139Z	0246619cfdfe	fortura-910990	28	19	ok	feed		gid://shopify/InventoryItem/55324821782913	DRAFT
2026-09-24T05:37:05.139Z	0246619cfdfe	fortura-916788	13	11	ok	feed		gid://shopify/InventoryItem/55324821815681	DRAFT
2026-09-24T05:37:05.139Z	0246619cfdfe	fortura-91852	59	56	ok	feed		gid://shopify/InventoryItem/55324821913985	DRAFT
2026-09-24T05:37:05.139Z	0246619cfdfe	fortura-91851	16	10	ok	feed		gid://shopify/InventoryItem/55324821946753	DRAFT
2026-09-24T05:37:05.139Z	0246619cfdfe	fortura-PC15237	8	7	ok	feed		gid://shopify/InventoryItem/55324821979521	DRAFT
2026-09-24T05:37:05.139Z	0246619cfdfe	fortura-928624	114	108	ok	feed		gid://shopify/InventoryItem/55324822012289	DRAFT
2026-09-24T05:37:05.139Z	0246619cfdfe	fortura-929361	70	66	ok	feed		gid://shopify/InventoryItem/55324822045057	DRAFT
2026-09-24T05:37:05.139Z	0246619cfdfe	fortura-95035	280	265	ok	feed		gid://shopify/InventoryItem/55324822110593	DRAFT
2026-09-24T05:37:05.139Z	0246619cfdfe	fortura-92967	98	126	ok	feed		gid://shopify/InventoryItem/55324822143361	DRAFT
2026-09-24T05:37:05.139Z	0246619cfdfe	fortura-WO66820-E43	112	84	ok	feed		gid://shopify/InventoryItem/55324822176129	DRAFT
2026-09-24T05:37:05.139Z	0246619cfdfe	fortura-968566	72	42	ok	feed		gid://shopify/InventoryItem/55324822274433	DRAFT
2026-09-24T05:37:05.139Z	0246619cfdfe	fortura-90128	8	2	ok	feed		gid://shopify/InventoryItem/55324822700417	DRAFT
2026-09-24T05:37:05.139Z	0246619cfdfe	fortura-98673	32	28	ok	feed		gid://shopify/InventoryItem/55324822765953	DRAFT
2026-09-24T05:37:05.139Z	0246619cfdfe	fortura-49667	68	59	ok	feed		gid://shopify/InventoryItem/55324822864257	DRAFT
2026-09-24T05:37:05.139Z	0246619cfdfe	fortura-BO36031	54	47	ok	feed		gid://shopify/InventoryItem/55324822929793	DRAFT
2026-09-24T05:37:05.139Z	0246619cfdfe	fortura-910994	2	1	ok	feed		gid://shopify/InventoryItem/55324822962561	DRAFT
2026-09-24T05:37:05.139Z	0246619cfdfe	fortura-BO36032	56	52	ok	feed		gid://shopify/InventoryItem/55324823028097	DRAFT
2026-09-24T05:37:05.139Z	0246619cfdfe	fortura-BO52816	22	16	ok	feed		gid://shopify/InventoryItem/55324823060865	DRAFT
2026-09-24T05:37:05.139Z	0246619cfdfe	fortura-BO52802	13	8	ok	feed		gid://shopify/InventoryItem/55324823093633	DRAFT
2026-09-24T05:37:05.139Z	0246619cfdfe	fortura-BO52835	17	13	ok	feed		gid://shopify/InventoryItem/55324823159169	DRAFT
2026-09-24T05:37:05.139Z	0246619cfdfe	fortura-BO52834	21	16	ok	feed		gid://shopify/InventoryItem/55324823191937	DRAFT
2026-09-24T05:37:05.139Z	0246619cfdfe	fortura-BO52892	15	11	ok	feed		gid://shopify/InventoryItem/55324823224705	DRAFT
2026-09-24T05:37:05.139Z	0246619cfdfe	fortura-BO52891	30	24	ok	feed		gid://shopify/InventoryItem/55324823257473	DRAFT
2026-09-24T05:37:05.139Z	0246619cfdfe	fortura-BO52891	30	24	ok	feed		gid://shopify/InventoryItem/55324823290241	DRAFT
2026-09-24T05:37:05.139Z	0246619cfdfe	fortura-BO54559	17	12	ok	feed		gid://shopify/InventoryItem/55324823355777	DRAFT
2026-09-24T05:37:05.139Z	0246619cfdfe	fortura-BO64543	40	36	ok	feed		gid://shopify/InventoryItem/55324823388545	DRAFT
2026-09-24T05:37:05.139Z	0246619cfdfe	fortura-BO72194	18	16	ok	feed		gid://shopify/InventoryItem/55324823421313	DRAFT
2026-09-24T05:37:05.139Z	0246619cfdfe	fortura-BO64573	63	60	ok	feed		gid://shopify/InventoryItem/55324823454081	DRAFT
2026-09-24T05:37:05.139Z	0246619cfdfe	fortura-CK003	4	0	ok	feed		gid://shopify/InventoryItem/55324823486849	DRAFT
2026-09-24T05:37:05.139Z	0246619cfdfe	fortura-CK008	7	0	ok	feed		gid://shopify/InventoryItem/55324823519617	DRAFT
2026-09-24T05:37:05.139Z	0246619cfdfe	fortura-CK10745	23	20	ok	feed		gid://shopify/InventoryItem/55324823552385	DRAFT
2026-09-24T05:37:05.139Z	0246619cfdfe	fortura-CK023	11	10	ok	feed		gid://shopify/InventoryItem/55324823585153	DRAFT
2026-09-24T05:37:05.139Z	0246619cfdfe	fortura-CK023	11	10	ok	feed		gid://shopify/InventoryItem/55324823617921	DRAFT
2026-09-24T05:37:05.139Z	0246619cfdfe	fortura-E812372	10	9	ok	feed		gid://shopify/InventoryItem/55324823880065	DRAFT
2026-09-24T05:37:05.139Z	0246619cfdfe	fortura-CK14525	76	70	ok	feed		gid://shopify/InventoryItem/55324824273281	DRAFT
2026-09-24T05:37:05.139Z	0246619cfdfe	fortura-EU115271	46	42	ok	feed		gid://shopify/InventoryItem/55324824306049	DRAFT
2026-09-24T05:37:05.139Z	0246619cfdfe	fortura-FM100098	12	6	ok	feed		gid://shopify/InventoryItem/55324824404353	DRAFT
2026-09-24T05:37:05.139Z	0246619cfdfe	fortura-HB8202	0	8	ok	feed		gid://shopify/InventoryItem/55324824469889	DRAFT
2026-09-24T05:37:05.139Z	0246619cfdfe	fortura-HB8203	23	8	ok	feed		gid://shopify/InventoryItem/55324824502657	DRAFT
2026-09-24T05:37:05.139Z	0246619cfdfe	fortura-HB8241	36	35	ok	feed		gid://shopify/InventoryItem/55324824535425	DRAFT
2026-09-24T05:37:05.139Z	0246619cfdfe	fortura-OR479700	8	25	ok	feed		gid://shopify/InventoryItem/55324824600961	DRAFT
2026-09-24T05:37:05.139Z	0246619cfdfe	fortura-OR48222	29	23	ok	feed		gid://shopify/InventoryItem/55324824732033	DRAFT
2026-09-24T05:37:05.139Z	0246619cfdfe	fortura-PC11230	34	33	ok	feed		gid://shopify/InventoryItem/55324824764801	DRAFT
2026-09-24T05:37:05.139Z	0246619cfdfe	fortura-90114	12	10	ok	feed		gid://shopify/InventoryItem/55324825026945	DRAFT
2026-09-24T05:37:05.139Z	0246619cfdfe	fortura-WO66820-E39	65	53	ok	feed		gid://shopify/InventoryItem/55324825125249	DRAFT
2026-09-24T05:37:05.139Z	0246619cfdfe	fortura-90124	15	9	ok	feed		gid://shopify/InventoryItem/55324825190785	DRAFT
2026-09-24T05:37:05.140Z	0246619cfdfe	fortura-90127	3	0	ok	feed		gid://shopify/InventoryItem/55324825223553	DRAFT
2026-09-24T05:37:05.140Z	0246619cfdfe	fortura-90126	109	103	ok	feed		gid://shopify/InventoryItem/55324825256321	DRAFT
2026-09-24T05:37:05.140Z	0246619cfdfe	fortura-90129	1	0	ok	feed		gid://shopify/InventoryItem/55324825289089	DRAFT
2026-09-24T05:37:05.140Z	0246619cfdfe	fortura-26573	585	579	ok	feed		gid://shopify/InventoryItem/55324825944449	DRAFT
2026-09-24T05:37:05.140Z	0246619cfdfe	fortura-94100	113	63	ok	feed		gid://shopify/InventoryItem/55324825977217	DRAFT
2026-09-24T05:37:05.140Z	0246619cfdfe	fortura-BO36015	326	289	ok	feed		gid://shopify/InventoryItem/55324826009985	DRAFT
2026-09-24T05:37:05.140Z	0246619cfdfe	fortura-E180112	2	1	ok	feed		gid://shopify/InventoryItem/55324826042753	DRAFT
2026-09-24T05:37:05.140Z	0246619cfdfe	fortura-E180556	17	12	ok	feed		gid://shopify/InventoryItem/55324826075521	DRAFT
2026-09-24T05:37:05.140Z	0246619cfdfe	fortura-E500521	33	28	ok	feed		gid://shopify/InventoryItem/55324826141057	DRAFT
2026-09-24T05:37:05.140Z	0246619cfdfe	fortura-HB8015	8	7	ok	feed		gid://shopify/InventoryItem/55324826173825	DRAFT
2026-09-24T05:37:05.140Z	0246619cfdfe	fortura-HB8054	98	69	ok	feed		gid://shopify/InventoryItem/55324826206593	DRAFT
2026-09-24T05:37:05.140Z	0246619cfdfe	fortura-HB8186	18	16	ok	feed		gid://shopify/InventoryItem/55324826272129	DRAFT
2026-09-24T05:37:05.140Z	0246619cfdfe	fortura-HB8204	27	24	ok	feed		gid://shopify/InventoryItem/55324826370433	DRAFT
2026-09-24T05:37:05.140Z	0246619cfdfe	fortura-26543	2706	2418	ok	feed		gid://shopify/InventoryItem/55324826435969	DRAFT
2026-09-24T05:37:05.140Z	0246619cfdfe	fortura-49958	6878	4067	ok	feed		gid://shopify/InventoryItem/55324826468737	DRAFT
2026-09-24T05:37:05.140Z	0246619cfdfe	fortura-66380	768	764	ok	feed		gid://shopify/InventoryItem/55324826534273	DRAFT
2026-09-24T05:37:05.140Z	0246619cfdfe	fortura-10052	197	7157	ok	feed		gid://shopify/InventoryItem/55324827124097	DRAFT
2026-09-24T05:37:05.140Z	0246619cfdfe	fortura-10055	2053	2787	ok	feed		gid://shopify/InventoryItem/55324827156865	DRAFT
2026-09-24T05:37:05.140Z	0246619cfdfe	fortura-20396	71	63	ok	feed		gid://shopify/InventoryItem/55324827189633	DRAFT
2026-09-24T05:37:05.140Z	0246619cfdfe	fortura-21245	16	5	ok	feed		gid://shopify/InventoryItem/55324827320705	DRAFT
2026-09-24T05:37:05.140Z	0246619cfdfe	fortura-45816	13	10	ok	feed		gid://shopify/InventoryItem/55324827353473	DRAFT
2026-09-24T05:37:05.140Z	0246619cfdfe	fortura-45817	41	24	ok	feed		gid://shopify/InventoryItem/55324827386241	DRAFT
2026-09-24T05:37:05.140Z	0246619cfdfe	fortura-64569	34	109	ok	feed		gid://shopify/InventoryItem/55324827451777	DRAFT
2026-09-24T05:37:05.140Z	0246619cfdfe	fortura-64663	238	222	ok	feed		gid://shopify/InventoryItem/55324827484545	DRAFT
2026-09-24T05:37:05.140Z	0246619cfdfe	fortura-25449RS	29	25	ok	feed		gid://shopify/InventoryItem/55324827517313	DRAFT
2026-09-24T05:37:05.140Z	0246619cfdfe	fortura-69810	102	74	ok	feed		gid://shopify/InventoryItem/55324827550081	DRAFT
2026-09-24T05:37:05.140Z	0246619cfdfe	fortura-99849	156	150	ok	feed		gid://shopify/InventoryItem/55324827648385	DRAFT
2026-09-24T05:37:05.140Z	0246619cfdfe	fortura-25748	89	82	ok	feed		gid://shopify/InventoryItem/55324827681153	DRAFT
2026-09-24T05:37:05.140Z	0246619cfdfe	fortura-909607	397	391	ok	feed		gid://shopify/InventoryItem/55324827713921	DRAFT
2026-09-24T05:37:05.140Z	0246619cfdfe	fortura-BO2639	33	25	ok	feed		gid://shopify/InventoryItem/55324827746689	DRAFT
2026-09-24T05:37:05.140Z	0246619cfdfe	fortura-26417	66	62	ok	feed		gid://shopify/InventoryItem/55324827779457	DRAFT
2026-09-24T05:37:05.140Z	0246619cfdfe	fortura-BO01409	21	14	ok	feed		gid://shopify/InventoryItem/55324827812225	DRAFT
2026-09-24T05:37:05.140Z	0246619cfdfe	fortura-BO36013	32	29	ok	feed		gid://shopify/InventoryItem/55324827844993	DRAFT
2026-09-24T05:37:05.140Z	0246619cfdfe	fortura-BO36016	278	249	ok	feed		gid://shopify/InventoryItem/55324827943297	DRAFT
2026-09-24T05:37:05.140Z	0246619cfdfe	fortura-BO36014	113	106	ok	feed		gid://shopify/InventoryItem/55324828008833	DRAFT
2026-09-24T05:37:05.140Z	0246619cfdfe	fortura-E180662	14	11	ok	feed		gid://shopify/InventoryItem/55324828041601	DRAFT
2026-09-24T05:37:05.983Z	0246619cfdfe	fortura-BO72110	24	15	ok	feed		gid://shopify/InventoryItem/55324828139905	DRAFT
2026-09-24T05:37:05.984Z	0246619cfdfe	fortura-HB8034	7	4	ok	feed		gid://shopify/InventoryItem/55324828270977	DRAFT
2026-09-24T05:37:05.984Z	0246619cfdfe	fortura-E407790	8	2	ok	feed		gid://shopify/InventoryItem/55324828336513	DRAFT
2026-09-24T05:37:05.984Z	0246619cfdfe	fortura-HB8181	16	14	ok	feed		gid://shopify/InventoryItem/55324828369281	DRAFT
2026-09-24T05:37:05.984Z	0246619cfdfe	fortura-E500538	31	21	ok	feed		gid://shopify/InventoryItem/55324828402049	DRAFT
2026-09-24T05:37:05.984Z	0246619cfdfe	fortura-HB8035	1	0	ok	feed		gid://shopify/InventoryItem/55324828500353	DRAFT
2026-09-24T05:37:05.984Z	0246619cfdfe	fortura-45593	17408	15501	ok	feed		gid://shopify/InventoryItem/55324828533121	DRAFT
2026-09-24T05:37:05.984Z	0246619cfdfe	fortura-HB8059	102	173	ok	feed		gid://shopify/InventoryItem/55324828598657	DRAFT
2026-09-24T05:37:05.984Z	0246619cfdfe	fortura-45836	7624	7379	ok	feed		gid://shopify/InventoryItem/55324828631425	DRAFT
2026-09-24T05:37:05.984Z	0246619cfdfe	fortura-AC8152108	3	0	ok	feed		gid://shopify/InventoryItem/55324828664193	DRAFT
2026-09-24T05:37:05.984Z	0246619cfdfe	fortura-OU612036	32	29	ok	feed		gid://shopify/InventoryItem/55324828696961	DRAFT
2026-09-24T05:37:05.984Z	0246619cfdfe	fortura-50672-2	83	82	ok	feed		gid://shopify/InventoryItem/55324828729729	DRAFT
2026-09-24T05:37:05.984Z	0246619cfdfe	fortura-AC8153911	10	0	ok	feed		gid://shopify/InventoryItem/55324828762497	DRAFT
2026-09-24T05:37:05.984Z	0246619cfdfe	fortura-PC10802	7	18	ok	feed		gid://shopify/InventoryItem/55324828795265	DRAFT
2026-09-24T05:37:05.984Z	0246619cfdfe	fortura-50675-2	58	48	ok	feed		gid://shopify/InventoryItem/55324828828033	DRAFT
2026-09-24T05:37:05.984Z	0246619cfdfe	fortura-PC20702	186	158	ok	feed		gid://shopify/InventoryItem/55324828893569	DRAFT
2026-09-24T05:37:05.984Z	0246619cfdfe	fortura-512	80	36	ok	feed		gid://shopify/InventoryItem/55324828926337	DRAFT
2026-09-24T05:37:05.984Z	0246619cfdfe	fortura-KO1001190	20	0	ok	feed		gid://shopify/InventoryItem/55324828959105	DRAFT
2026-09-24T05:37:05.984Z	0246619cfdfe	fortura-52304FU	30	19	ok	feed		gid://shopify/InventoryItem/55324829057409	DRAFT
2026-09-24T05:37:05.984Z	0246619cfdfe	fortura-MT100199	2	0	ok	feed		gid://shopify/InventoryItem/55324829155713	DRAFT
2026-09-24T05:37:05.984Z	0246619cfdfe	fortura-52304GE	21	17	ok	feed		gid://shopify/InventoryItem/55324829188481	DRAFT
2026-09-24T05:37:05.984Z	0246619cfdfe	fortura-MT100205	1	0	ok	feed		gid://shopify/InventoryItem/55324829254017	DRAFT
2026-09-24T05:37:05.984Z	0246619cfdfe	fortura-52304OR	32	21	ok	feed		gid://shopify/InventoryItem/55324829286785	DRAFT
2026-09-24T05:37:05.984Z	0246619cfdfe	fortura-21060	14	12	ok	feed		gid://shopify/InventoryItem/55324829319553	DRAFT
2026-09-24T05:37:05.984Z	0246619cfdfe	fortura-52304RO	42	37	ok	feed		gid://shopify/InventoryItem/55324829712769	DRAFT
2026-09-24T05:37:05.984Z	0246619cfdfe	fortura-21069	7	5	ok	feed		gid://shopify/InventoryItem/55324829778305	DRAFT
2026-09-24T05:37:05.984Z	0246619cfdfe	fortura-10054	1079	4652	ok	feed		gid://shopify/InventoryItem/55324829843841	DRAFT
2026-09-24T05:37:05.984Z	0246619cfdfe	fortura-52304SW	449	369	ok	feed		gid://shopify/InventoryItem/55324829876609	DRAFT
2026-09-24T05:37:05.984Z	0246619cfdfe	fortura-57824	2975	6286	ok	feed		gid://shopify/InventoryItem/55324829974913	DRAFT
2026-09-24T05:37:05.984Z	0246619cfdfe	fortura-25746	87	83	ok	feed		gid://shopify/InventoryItem/55324830007681	DRAFT
2026-09-24T05:37:05.984Z	0246619cfdfe	fortura-20274-V	26	23	ok	feed		gid://shopify/InventoryItem/55324830040449	DRAFT
2026-09-24T05:37:05.984Z	0246619cfdfe	fortura-25749	39	31	ok	feed		gid://shopify/InventoryItem/55324830105985	DRAFT
2026-09-24T05:37:05.984Z	0246619cfdfe	fortura-20398	47	34	ok	feed		gid://shopify/InventoryItem/55324830138753	DRAFT
2026-09-24T05:37:05.984Z	0246619cfdfe	fortura-61898	176	171	ok	feed		gid://shopify/InventoryItem/55324830171521	DRAFT
2026-09-24T05:37:05.984Z	0246619cfdfe	fortura-25752	15	8	ok	feed		gid://shopify/InventoryItem/55324830204289	DRAFT
2026-09-24T05:37:05.984Z	0246619cfdfe	fortura-21070	6	5	ok	feed		gid://shopify/InventoryItem/55324830237057	DRAFT
2026-09-24T05:37:05.984Z	0246619cfdfe	fortura-21250	291	248	ok	feed		gid://shopify/InventoryItem/55324830335361	DRAFT
2026-09-24T05:37:05.984Z	0246619cfdfe	fortura-27000	3	2	ok	feed		gid://shopify/InventoryItem/55324830531969	DRAFT
2026-09-24T05:37:05.984Z	0246619cfdfe	fortura-74213	51	49	ok	feed		gid://shopify/InventoryItem/55324830597505	DRAFT
2026-09-24T05:37:05.984Z	0246619cfdfe	fortura-33750	1138	1051	ok	feed		gid://shopify/InventoryItem/55324830630273	DRAFT
2026-09-24T05:37:05.984Z	0246619cfdfe	fortura-25753	276	258	ok	feed		gid://shopify/InventoryItem/55324830663041	DRAFT
2026-09-24T05:37:05.984Z	0246619cfdfe	fortura-26416	112	81	ok	feed		gid://shopify/InventoryItem/55324830761345	DRAFT
2026-09-24T05:37:05.984Z	0246619cfdfe	fortura-84770	765	1404	ok	feed		gid://shopify/InventoryItem/55324830794113	DRAFT
2026-09-24T05:37:05.984Z	0246619cfdfe	fortura-368-01	12	0	ok	feed		gid://shopify/InventoryItem/55324830826881	DRAFT
2026-09-24T05:37:05.984Z	0246619cfdfe	fortura-33700	65	104	ok	feed		gid://shopify/InventoryItem/55324830859649	DRAFT
2026-09-24T05:37:05.984Z	0246619cfdfe	fortura-41343	2467	2317	ok	feed		gid://shopify/InventoryItem/55324830925185	DRAFT
2026-09-24T05:37:05.984Z	0246619cfdfe	fortura-35212	11	10	ok	feed		gid://shopify/InventoryItem/55324830957953	DRAFT
2026-09-24T05:37:05.984Z	0246619cfdfe	fortura-87251	17399	13599	ok	feed		gid://shopify/InventoryItem/55324831023489	DRAFT
2026-09-24T05:37:05.984Z	0246619cfdfe	fortura-41464	1	7	ok	feed		gid://shopify/InventoryItem/55324831089025	DRAFT
2026-09-24T05:37:05.984Z	0246619cfdfe	fortura-872531	102	99	ok	feed		gid://shopify/InventoryItem/55324831121793	DRAFT
2026-09-24T05:37:05.984Z	0246619cfdfe	fortura-41793	7764	7284	ok	feed		gid://shopify/InventoryItem/55324831154561	DRAFT
2026-09-24T05:37:05.984Z	0246619cfdfe	fortura-41605	2	1	ok	feed		gid://shopify/InventoryItem/55324831187329	DRAFT
2026-09-24T05:37:05.984Z	0246619cfdfe	fortura-42900	8898	6142	ok	feed		gid://shopify/InventoryItem/55324831252865	DRAFT
2026-09-24T05:37:05.984Z	0246619cfdfe	fortura-872534	19	24	ok	feed		gid://shopify/InventoryItem/55324831285633	DRAFT
2026-09-24T05:37:05.984Z	0246619cfdfe	fortura-41608	1	0	ok	feed		gid://shopify/InventoryItem/55324831318401	DRAFT
2026-09-24T05:37:05.984Z	0246619cfdfe	fortura-42915	131	2	ok	feed		gid://shopify/InventoryItem/55324831351169	DRAFT
2026-09-24T05:37:05.984Z	0246619cfdfe	fortura-872537	20	62	ok	feed		gid://shopify/InventoryItem/55324831383937	DRAFT
2026-09-24T05:37:05.984Z	0246619cfdfe	fortura-430	257	202	ok	feed		gid://shopify/InventoryItem/55324831416705	DRAFT
2026-09-24T05:37:05.984Z	0246619cfdfe	fortura-43299	5160	5110	ok	feed		gid://shopify/InventoryItem/55324831777153	DRAFT
2026-09-24T05:37:05.984Z	0246619cfdfe	fortura-45595	24706	19738	ok	feed		gid://shopify/InventoryItem/55324831809921	DRAFT
2026-09-24T05:37:05.984Z	0246619cfdfe	fortura-88262	202	194	ok	feed		gid://shopify/InventoryItem/55324831842689	DRAFT
2026-09-24T05:37:05.984Z	0246619cfdfe	fortura-44061	4838	3027	ok	feed		gid://shopify/InventoryItem/55324831875457	DRAFT
2026-09-24T05:37:05.984Z	0246619cfdfe	fortura-45837	2281	7043	ok	feed		gid://shopify/InventoryItem/55324831973761	DRAFT
2026-09-24T05:37:05.984Z	0246619cfdfe	fortura-49350	77	101	ok	feed		gid://shopify/InventoryItem/55324832104833	DRAFT
2026-09-24T05:37:05.985Z	0246619cfdfe	fortura-45838	6108	3946	ok	feed		gid://shopify/InventoryItem/55324832170369	DRAFT
2026-09-24T05:37:05.985Z	0246619cfdfe	fortura-50199	15722	11926	ok	feed		gid://shopify/InventoryItem/55324832203137	DRAFT
2026-09-24T05:37:05.985Z	0246619cfdfe	fortura-50672-1	10	9	ok	feed		gid://shopify/InventoryItem/55324832235905	DRAFT
2026-09-24T05:37:05.985Z	0246619cfdfe	fortura-AC6055893	2	1	ok	feed		gid://shopify/InventoryItem/55324832366977	DRAFT
2026-09-24T05:37:05.985Z	0246619cfdfe	fortura-50675-3	48	39	ok	feed		gid://shopify/InventoryItem/55324832432513	DRAFT
2026-09-24T05:37:05.985Z	0246619cfdfe	fortura-AC6057117	10	7	ok	feed		gid://shopify/InventoryItem/55324832465281	DRAFT
2026-09-24T05:37:05.985Z	0246619cfdfe	fortura-50675-1	52	45	ok	feed		gid://shopify/InventoryItem/55324832498049	DRAFT
2026-09-24T05:37:05.985Z	0246619cfdfe	fortura-52304GR	12	10	ok	feed		gid://shopify/InventoryItem/55324832530817	DRAFT
2026-09-24T05:37:05.985Z	0246619cfdfe	fortura-AC6059193	6	5	ok	feed		gid://shopify/InventoryItem/55324832563585	DRAFT
2026-09-24T05:37:05.985Z	0246619cfdfe	fortura-50675-4	97	26	ok	feed		gid://shopify/InventoryItem/55324832596353	DRAFT
2026-09-24T05:37:05.985Z	0246619cfdfe	fortura-57840	836	761	ok	feed		gid://shopify/InventoryItem/55324832629121	DRAFT
2026-09-24T05:37:05.985Z	0246619cfdfe	fortura-517	36	33	ok	feed		gid://shopify/InventoryItem/55324832661889	DRAFT
2026-09-24T05:37:05.985Z	0246619cfdfe	fortura-58317	26	24	ok	feed		gid://shopify/InventoryItem/55324832694657	DRAFT
2026-09-24T05:37:05.985Z	0246619cfdfe	fortura-52304BL	33	28	ok	feed		gid://shopify/InventoryItem/55324832727425	DRAFT
2026-09-24T05:37:05.985Z	0246619cfdfe	fortura-59001	217	207	ok	feed		gid://shopify/InventoryItem/55324832760193	DRAFT
2026-09-24T05:37:05.985Z	0246619cfdfe	fortura-52474	3076	2144	ok	feed		gid://shopify/InventoryItem/55324832792961	DRAFT
2026-09-24T05:37:05.985Z	0246619cfdfe	fortura-59754	2810	2164	ok	feed		gid://shopify/InventoryItem/55324832825729	DRAFT
2026-09-24T05:37:05.985Z	0246619cfdfe	fortura-59778	1553	522	ok	feed		gid://shopify/InventoryItem/55324832924033	DRAFT
2026-09-24T05:37:05.985Z	0246619cfdfe	fortura-53452	62	381	ok	feed		gid://shopify/InventoryItem/55324832956801	DRAFT
2026-09-24T05:37:05.985Z	0246619cfdfe	fortura-60333	4	232	ok	feed		gid://shopify/InventoryItem/55324832989569	DRAFT
2026-09-24T05:37:05.985Z	0246619cfdfe	fortura-58318	32	29	ok	feed		gid://shopify/InventoryItem/55324833022337	DRAFT
2026-09-24T05:37:05.985Z	0246619cfdfe	fortura-59002	175	275	ok	feed		gid://shopify/InventoryItem/55324833087873	DRAFT
2026-09-24T05:37:05.985Z	0246619cfdfe	fortura-60645	1660	3024	ok	feed		gid://shopify/InventoryItem/55324833120641	DRAFT
2026-09-24T05:37:05.985Z	0246619cfdfe	fortura-59098	147	237	ok	feed		gid://shopify/InventoryItem/55324833153409	DRAFT
2026-09-24T05:37:05.985Z	0246619cfdfe	fortura-59755	3147	2703	ok	feed		gid://shopify/InventoryItem/55324833251713	DRAFT
2026-09-24T05:37:05.985Z	0246619cfdfe	fortura-59854	1598	1329	ok	feed		gid://shopify/InventoryItem/55324833317249	DRAFT
2026-09-24T05:37:05.985Z	0246619cfdfe	fortura-60880	3120	600	ok	feed		gid://shopify/InventoryItem/55324833415553	DRAFT
2026-09-24T05:37:05.985Z	0246619cfdfe	fortura-63457	37657	37081	ok	feed		gid://shopify/InventoryItem/55324833481089	DRAFT
2026-09-24T05:37:05.985Z	0246619cfdfe	fortura-67755	141	2801	ok	feed		gid://shopify/InventoryItem/55324833513857	DRAFT
2026-09-24T05:37:05.985Z	0246619cfdfe	fortura-68964	132	116	ok	feed		gid://shopify/InventoryItem/55324833579393	DRAFT
2026-09-24T05:37:05.985Z	0246619cfdfe	fortura-71467	97	58	ok	feed		gid://shopify/InventoryItem/55324833612161	DRAFT
2026-09-24T05:37:05.985Z	0246619cfdfe	fortura-71466	62	53	ok	feed		gid://shopify/InventoryItem/55324833644929	DRAFT
2026-09-24T05:37:05.985Z	0246619cfdfe	fortura-71599	2880	2800	ok	feed		gid://shopify/InventoryItem/55324833743233	DRAFT
2026-09-24T05:37:05.985Z	0246619cfdfe	fortura-78249	203	195	ok	feed		gid://shopify/InventoryItem/55324833776001	DRAFT
2026-09-24T05:37:05.985Z	0246619cfdfe	fortura-76807	1441	1123	ok	feed		gid://shopify/InventoryItem/55324833907073	DRAFT
2026-09-24T05:37:05.985Z	0246619cfdfe	fortura-80278	4835	7315	ok	feed		gid://shopify/InventoryItem/55324833972609	DRAFT
2026-09-24T05:37:06.886Z	0246619cfdfe	fortura-84771	840	1372	ok	feed		gid://shopify/InventoryItem/55324834333057	DRAFT
2026-09-24T05:37:06.886Z	0246619cfdfe	fortura-80485	90	142	ok	feed		gid://shopify/InventoryItem/55324834365825	DRAFT
2026-09-24T05:37:06.886Z	0246619cfdfe	fortura-85530	89	70	ok	feed		gid://shopify/InventoryItem/55324834431361	DRAFT
2026-09-24T05:37:06.886Z	0246619cfdfe	fortura-80489-1	230	249	ok	feed		gid://shopify/InventoryItem/55324834464129	DRAFT
2026-09-24T05:37:06.886Z	0246619cfdfe	fortura-86055	180	166	ok	feed		gid://shopify/InventoryItem/55324834529665	DRAFT
2026-09-24T05:37:06.886Z	0246619cfdfe	fortura-82012	86	68	ok	feed		gid://shopify/InventoryItem/55324834595201	DRAFT
2026-09-24T05:37:06.886Z	0246619cfdfe	fortura-87243	2558	1185	ok	feed		gid://shopify/InventoryItem/55324834627969	DRAFT
2026-09-24T05:37:06.886Z	0246619cfdfe	fortura-87241	238	201	ok	feed		gid://shopify/InventoryItem/55324834660737	DRAFT
2026-09-24T05:37:06.886Z	0246619cfdfe	fortura-872535	15	29	ok	feed		gid://shopify/InventoryItem/55324834693505	DRAFT
2026-09-24T05:37:06.886Z	0246619cfdfe	fortura-87253	48	41	ok	feed		gid://shopify/InventoryItem/55324834726273	DRAFT
2026-09-24T05:37:06.886Z	0246619cfdfe	fortura-872538	29	51	ok	feed		gid://shopify/InventoryItem/55324834759041	DRAFT
2026-09-24T05:37:06.886Z	0246619cfdfe	fortura-872533	54	37	ok	feed		gid://shopify/InventoryItem/55324834791809	DRAFT
2026-09-24T05:37:06.886Z	0246619cfdfe	fortura-872536	10	24	ok	feed		gid://shopify/InventoryItem/55324834857345	DRAFT
2026-09-24T05:37:06.886Z	0246619cfdfe	fortura-87292	66	61	ok	feed		gid://shopify/InventoryItem/55324835021185	DRAFT
2026-09-24T05:37:06.886Z	0246619cfdfe	fortura-AC5156944	1	0	ok	feed		gid://shopify/InventoryItem/55324835053953	DRAFT
2026-09-24T05:37:06.886Z	0246619cfdfe	fortura-88036	167	97	ok	feed		gid://shopify/InventoryItem/55324835086721	DRAFT
2026-09-24T05:37:06.886Z	0246619cfdfe	fortura-901414	21	13	ok	feed		gid://shopify/InventoryItem/55324835217793	DRAFT
2026-09-24T05:37:06.886Z	0246619cfdfe	fortura-AC6055579	2	0	ok	feed		gid://shopify/InventoryItem/55324835250561	DRAFT
2026-09-24T05:37:06.886Z	0246619cfdfe	fortura-904H	164	148	ok	feed		gid://shopify/InventoryItem/55324835316097	DRAFT
2026-09-24T05:37:06.886Z	0246619cfdfe	fortura-AC6056539	4	1	ok	feed		gid://shopify/InventoryItem/55324835348865	DRAFT
2026-09-24T05:37:06.886Z	0246619cfdfe	fortura-AC6057148	3	0	ok	feed		gid://shopify/InventoryItem/55324835414401	DRAFT
2026-09-24T05:37:06.886Z	0246619cfdfe	fortura-910996	21	18	ok	feed		gid://shopify/InventoryItem/55324835512705	DRAFT
2026-09-24T05:37:06.886Z	0246619cfdfe	fortura-AC3559192	4	3	ok	feed		gid://shopify/InventoryItem/55324835578241	DRAFT
2026-09-24T05:37:06.887Z	0246619cfdfe	fortura-AC6056543	4	2	ok	feed		gid://shopify/InventoryItem/55324835643777	DRAFT
2026-09-24T05:37:06.887Z	0246619cfdfe	fortura-AC6056732	5	0	ok	feed		gid://shopify/InventoryItem/55324835676545	DRAFT
2026-09-24T05:37:06.887Z	0246619cfdfe	fortura-90029-7	25	22	ok	feed		gid://shopify/InventoryItem/55324886368641	DRAFT
2026-09-24T05:37:06.887Z	0246619cfdfe	fortura-91016-4	13	12	ok	feed		gid://shopify/InventoryItem/55324896625025	DRAFT
2026-09-24T05:37:06.887Z	0246619cfdfe	fortura-910160	15	11	ok	feed		gid://shopify/InventoryItem/55324896657793	DRAFT
2026-09-24T05:37:06.887Z	0246619cfdfe	fortura-90717-3	4	3	ok	feed		gid://shopify/InventoryItem/55324897018241	DRAFT
2026-09-24T05:37:06.887Z	0246619cfdfe	fortura-90970-2	3	2	ok	feed		gid://shopify/InventoryItem/55324900524417	DRAFT
2026-09-24T05:37:06.887Z	0246619cfdfe	fortura-90979-2	16	9	ok	feed		gid://shopify/InventoryItem/55324900852097	DRAFT
2026-09-24T05:37:06.887Z	0246619cfdfe	fortura-91017-2	10	9	ok	feed		gid://shopify/InventoryItem/55324902293889	DRAFT
2026-09-24T05:37:06.887Z	0246619cfdfe	fortura-91017-4	9	7	ok	feed		gid://shopify/InventoryItem/55324902359425	DRAFT
2026-09-24T05:37:06.887Z	0246619cfdfe	fortura-910351	22	19	ok	feed		gid://shopify/InventoryItem/55324903113089	DRAFT
2026-09-24T05:37:06.887Z	0246619cfdfe	fortura-909429	1	0	ok	feed		gid://shopify/InventoryItem/55324903539073	DRAFT
2026-09-24T05:37:06.887Z	0246619cfdfe	fortura-909961	6	5	ok	feed		gid://shopify/InventoryItem/55324905800065	DRAFT
2026-09-24T05:37:06.887Z	0246619cfdfe	fortura-909962	11	7	ok	feed		gid://shopify/InventoryItem/55324905832833	DRAFT
2026-09-24T05:37:06.887Z	0246619cfdfe	fortura-924292	49	46	ok	feed		gid://shopify/InventoryItem/55324907110785	DRAFT
2026-09-24T05:37:06.887Z	0246619cfdfe	fortura-924293	39	34	ok	feed		gid://shopify/InventoryItem/55324907143553	DRAFT
2026-09-24T05:37:06.887Z	0246619cfdfe	fortura-924290	13	11	ok	feed		gid://shopify/InventoryItem/55324907176321	DRAFT
2026-09-24T05:37:06.887Z	0246619cfdfe	fortura-912526	11	10	ok	feed		gid://shopify/InventoryItem/55324907274625	DRAFT
2026-09-24T05:37:06.887Z	0246619cfdfe	fortura-91074-2	2	0	ok	feed		gid://shopify/InventoryItem/55324910485889	DRAFT
2026-09-24T05:37:06.887Z	0246619cfdfe	fortura-916393	78	77	ok	feed		gid://shopify/InventoryItem/55324911075713	DRAFT
2026-09-24T05:37:06.887Z	0246619cfdfe	fortura-91284-2	8	6	ok	feed		gid://shopify/InventoryItem/55324911829377	DRAFT
2026-09-24T05:37:06.887Z	0246619cfdfe	fortura-91284-3	4	3	ok	feed		gid://shopify/InventoryItem/55324911862145	DRAFT
2026-09-24T05:37:06.887Z	0246619cfdfe	fortura-922511	9	8	ok	feed		gid://shopify/InventoryItem/55324912648577	DRAFT
2026-09-24T05:37:06.887Z	0246619cfdfe	fortura-922512	13	9	ok	feed		gid://shopify/InventoryItem/55324912681345	DRAFT
2026-09-24T05:37:06.887Z	0246619cfdfe	fortura-922513	7	4	ok	feed		gid://shopify/InventoryItem/55324912714113	DRAFT
2026-09-24T05:37:06.887Z	0246619cfdfe	fortura-922514	7	5	ok	feed		gid://shopify/InventoryItem/55324912746881	DRAFT
2026-09-24T05:37:06.887Z	0246619cfdfe	fortura-915813	13	11	ok	feed		gid://shopify/InventoryItem/55324913107329	DRAFT
2026-09-24T05:37:06.887Z	0246619cfdfe	fortura-916392	16	15	ok	feed		gid://shopify/InventoryItem/55324913402241	DRAFT
2026-09-24T05:37:06.887Z	0246619cfdfe	fortura-921444	22	8	ok	feed		gid://shopify/InventoryItem/55324914418049	DRAFT
2026-09-24T05:37:06.887Z	0246619cfdfe	fortura-922501	8	4	ok	feed		gid://shopify/InventoryItem/55324915237249	DRAFT
2026-09-24T05:37:06.887Z	0246619cfdfe	fortura-922502	8	16	ok	feed		gid://shopify/InventoryItem/55324915270017	DRAFT
2026-09-24T05:37:06.887Z	0246619cfdfe	fortura-922504	3	4	ok	feed		gid://shopify/InventoryItem/55324915302785	DRAFT
2026-09-24T05:37:06.887Z	0246619cfdfe	fortura-922532	8	7	ok	feed		gid://shopify/InventoryItem/55324915564929	DRAFT
2026-09-24T05:37:06.887Z	0246619cfdfe	fortura-94099-4	30	29	ok	feed		gid://shopify/InventoryItem/55324919792001	DRAFT
2026-09-24T05:37:06.887Z	0246619cfdfe	fortura-94035-3	12	11	ok	feed		gid://shopify/InventoryItem/55324921889153	DRAFT
2026-09-24T05:37:06.887Z	0246619cfdfe	fortura-940350	15	13	ok	feed		gid://shopify/InventoryItem/55324921954689	DRAFT
2026-09-24T05:37:06.887Z	0246619cfdfe	fortura-945828	20	30	ok	feed		gid://shopify/InventoryItem/55324926673281	DRAFT
2026-09-24T05:37:06.887Z	0246619cfdfe	fortura-945829	22	33	ok	feed		gid://shopify/InventoryItem/55324926706049	DRAFT
2026-09-24T05:37:06.887Z	0246619cfdfe	fortura-94876-2	1	0	ok	feed		gid://shopify/InventoryItem/55324931031425	DRAFT
2026-09-24T05:37:06.887Z	0246619cfdfe	fortura-94876-3	14	12	ok	feed		gid://shopify/InventoryItem/55324931064193	DRAFT
2026-09-24T05:37:06.887Z	0246619cfdfe	fortura-97356-4	5	3	ok	feed		gid://shopify/InventoryItem/55324936634753	DRAFT
2026-09-24T05:37:06.887Z	0246619cfdfe	fortura-97932-1	10	7	ok	feed		gid://shopify/InventoryItem/55324937388417	DRAFT
2026-09-24T05:37:06.887Z	0246619cfdfe	fortura-97932-3	3	2	ok	feed		gid://shopify/InventoryItem/55324937421185	DRAFT
2026-09-24T05:37:06.887Z	0246619cfdfe	fortura-97932-4	7	3	ok	feed		gid://shopify/InventoryItem/55324937453953	DRAFT
2026-09-24T05:37:06.887Z	0246619cfdfe	fortura-979320	7	5	ok	feed		gid://shopify/InventoryItem/55324937486721	DRAFT
2026-09-24T05:37:06.887Z	0246619cfdfe	fortura-99879-2	10	20	ok	feed		gid://shopify/InventoryItem/55324938928513	DRAFT
2026-09-24T05:37:06.887Z	0246619cfdfe	fortura-99879-3	30	26	ok	feed		gid://shopify/InventoryItem/55324938961281	DRAFT
2026-09-24T05:37:06.887Z	0246619cfdfe	fortura-99879-4	7	4	ok	feed		gid://shopify/InventoryItem/55324938994049	DRAFT
2026-09-24T05:37:06.887Z	0246619cfdfe	fortura-998790	11	9	ok	feed		gid://shopify/InventoryItem/55324939026817	DRAFT
2026-09-24T05:37:06.887Z	0246619cfdfe	fortura-BO88518	6	4	ok	feed		gid://shopify/InventoryItem/55324939485569	DRAFT
2026-09-24T05:37:06.887Z	0246619cfdfe	fortura-BO88519	25	24	ok	feed		gid://shopify/InventoryItem/55324939518337	DRAFT
2026-09-24T05:37:06.887Z	0246619cfdfe	fortura-BO88553	5	4	ok	feed		gid://shopify/InventoryItem/55324943221121	DRAFT
2026-09-24T05:37:06.887Z	0246619cfdfe	fortura-CK4194140	6	4	ok	feed		gid://shopify/InventoryItem/55324944105857	DRAFT
2026-09-24T05:37:06.888Z	0246619cfdfe	fortura-CK25068402	11	10	ok	feed		gid://shopify/InventoryItem/55324947218817	DRAFT
2026-09-24T05:37:06.888Z	0246619cfdfe	fortura-BO88526	12	10	ok	feed		gid://shopify/InventoryItem/55324952985985	DRAFT
2026-09-24T05:37:06.888Z	0246619cfdfe	fortura-BO88527	15	8	ok	feed		gid://shopify/InventoryItem/55324953018753	DRAFT
2026-09-24T05:37:06.888Z	0246619cfdfe	fortura-BO88528	32	23	ok	feed		gid://shopify/InventoryItem/55324953051521	DRAFT
2026-09-24T05:37:06.888Z	0246619cfdfe	fortura-BO88529	14	13	ok	feed		gid://shopify/InventoryItem/55324953084289	DRAFT
2026-09-24T05:37:06.888Z	0246619cfdfe	fortura-CK4629164	36	34	ok	feed		gid://shopify/InventoryItem/55324954034561	DRAFT
2026-09-24T05:37:06.888Z	0246619cfdfe	fortura-CK4238S	7	5	ok	feed		gid://shopify/InventoryItem/55324954100097	DRAFT
2026-09-24T05:37:06.888Z	0246619cfdfe	fortura-CK4021S	23	43	ok	feed		gid://shopify/InventoryItem/55324955181441	DRAFT
2026-09-24T05:37:06.888Z	0246619cfdfe	fortura-CK4383180	14	40	ok	feed		gid://shopify/InventoryItem/55324955246977	DRAFT
2026-09-24T05:37:06.888Z	0246619cfdfe	fortura-CK4383190	9	43	ok	feed		gid://shopify/InventoryItem/55324955279745	DRAFT
2026-09-24T05:37:06.888Z	0246619cfdfe	fortura-CK4383M	4	20	ok	feed		gid://shopify/InventoryItem/55324955312513	DRAFT
2026-09-24T05:37:06.888Z	0246619cfdfe	fortura-CK4199M	21	31	ok	feed		gid://shopify/InventoryItem/55324957376897	DRAFT
2026-09-24T05:37:06.888Z	0246619cfdfe	fortura-CK4208152	5	4	ok	feed		gid://shopify/InventoryItem/55324957901185	DRAFT
2026-09-24T05:37:06.888Z	0246619cfdfe	fortura-CKH4193128	2	1	ok	feed		gid://shopify/InventoryItem/55324958163329	DRAFT
2026-09-24T05:37:06.888Z	0246619cfdfe	fortura-CK465410	30	29	ok	feed		gid://shopify/InventoryItem/55324958294401	DRAFT
2026-09-24T05:37:06.888Z	0246619cfdfe	fortura-CK4352104	5	3	ok	feed		gid://shopify/InventoryItem/55324960162177	DRAFT
2026-09-24T05:37:06.888Z	0246619cfdfe	fortura-CK4763180	12	10	ok	feed		gid://shopify/InventoryItem/55324960948609	DRAFT
2026-09-24T05:37:06.888Z	0246619cfdfe	fortura-CK4763190	14	13	ok	feed		gid://shopify/InventoryItem/55324960981377	DRAFT
2026-09-24T05:37:06.888Z	0246619cfdfe	fortura-CK4764180	14	11	ok	feed		gid://shopify/InventoryItem/55324961210753	DRAFT
2026-09-24T05:37:06.888Z	0246619cfdfe	fortura-CK8874	44	43	ok	feed		gid://shopify/InventoryItem/55324961341825	DRAFT
2026-09-24T05:37:06.888Z	0246619cfdfe	fortura-CK4640180	4	16	ok	feed		gid://shopify/InventoryItem/55324962193793	DRAFT
2026-09-24T05:37:06.888Z	0246619cfdfe	fortura-CK4646XL	12	11	ok	feed		gid://shopify/InventoryItem/55324962718081	DRAFT
2026-09-24T05:37:06.888Z	0246619cfdfe	fortura-HB212034	8	6	ok	feed		gid://shopify/InventoryItem/55324964225409	DRAFT
2026-09-24T05:37:06.888Z	0246619cfdfe	fortura-HB212036	5	0	ok	feed		gid://shopify/InventoryItem/55324964258177	DRAFT
2026-09-24T05:37:07.842Z	0246619cfdfe	fortura-HB212042	1	0	ok	feed		gid://shopify/InventoryItem/55324964323713	DRAFT
2026-09-24T05:37:07.842Z	0246619cfdfe	fortura-HB213036	3	1	ok	feed		gid://shopify/InventoryItem/55324979724673	DRAFT
2026-09-24T05:37:07.842Z	0246619cfdfe	fortura-HB213038	2	1	ok	feed		gid://shopify/InventoryItem/55324979757441	DRAFT
2026-09-24T05:37:07.842Z	0246619cfdfe	fortura-HB213040	2	0	ok	feed		gid://shopify/InventoryItem/55324979790209	DRAFT
2026-09-24T05:37:07.842Z	0246619cfdfe	fortura-HB213042	3	1	ok	feed		gid://shopify/InventoryItem/55324979822977	DRAFT
2026-09-24T05:37:07.842Z	0246619cfdfe	fortura-HB270336	1	0	ok	feed		gid://shopify/InventoryItem/55324983034241	DRAFT
2026-09-24T05:37:07.842Z	0246619cfdfe	fortura-HB270338	2	1	ok	feed		gid://shopify/InventoryItem/55324983067009	DRAFT
2026-09-24T05:37:07.842Z	0246619cfdfe	fortura-HB270340	2	1	ok	feed		gid://shopify/InventoryItem/55324983099777	DRAFT
2026-09-24T05:37:07.842Z	0246619cfdfe	fortura-HB270342	2	1	ok	feed		gid://shopify/InventoryItem/55324983132545	DRAFT
2026-09-24T05:37:07.842Z	0246619cfdfe	fortura-HB270348	10	8	ok	feed		gid://shopify/InventoryItem/55324983230849	DRAFT
2026-09-24T05:37:07.842Z	0246619cfdfe	fortura-HB270640	3	0	ok	feed		gid://shopify/InventoryItem/55324983558529	DRAFT
2026-09-24T05:37:07.842Z	0246619cfdfe	fortura-HB361538	2	0	ok	feed		gid://shopify/InventoryItem/55324987588993	DRAFT
2026-09-24T05:37:07.842Z	0246619cfdfe	fortura-HB361540	1	0	ok	feed		gid://shopify/InventoryItem/55324987621761	DRAFT
2026-09-24T05:37:07.842Z	0246619cfdfe	fortura-HB361544	2	1	ok	feed		gid://shopify/InventoryItem/55324987654529	DRAFT
2026-09-24T05:37:07.842Z	0246619cfdfe	fortura-HB361548	1	0	ok	feed		gid://shopify/InventoryItem/55324987720065	DRAFT
2026-09-24T05:37:07.842Z	0246619cfdfe	fortura-HB361550	5	4	ok	feed		gid://shopify/InventoryItem/55324987752833	DRAFT
2026-09-24T05:37:07.842Z	0246619cfdfe	fortura-PC21017	4	3	ok	feed		gid://shopify/InventoryItem/55324991783297	DRAFT
2026-09-24T05:37:07.842Z	0246619cfdfe	fortura-OR9538M	10	9	ok	feed		gid://shopify/InventoryItem/55324994961793	DRAFT
2026-09-24T05:37:07.842Z	0246619cfdfe	fortura-OR9538L	3	5	ok	feed		gid://shopify/InventoryItem/55324994994561	DRAFT
2026-09-24T05:37:07.842Z	0246619cfdfe	fortura-909811	6	5	ok	feed		gid://shopify/InventoryItem/55325003743617	DRAFT
2026-09-24T05:37:07.842Z	0246619cfdfe	fortura-906327	39	38	ok	feed		gid://shopify/InventoryItem/55325005644161	DRAFT
2026-09-24T05:37:07.842Z	0246619cfdfe	fortura-907809	52	34	ok	feed		gid://shopify/InventoryItem/55325006561665	DRAFT
2026-09-24T05:37:07.842Z	0246619cfdfe	fortura-CD21417GO	121	118	ok	feed		gid://shopify/InventoryItem/55325007118721	DRAFT
2026-09-24T05:37:07.842Z	0246619cfdfe	fortura-908484	33	30	ok	feed		gid://shopify/InventoryItem/55325008003457	DRAFT
2026-09-24T05:37:07.842Z	0246619cfdfe	fortura-CK1314280	21	18	ok	feed		gid://shopify/InventoryItem/55325008068993	DRAFT
2026-09-24T05:37:07.842Z	0246619cfdfe	fortura-CK14468	24	22	ok	feed		gid://shopify/InventoryItem/55325009215873	DRAFT
2026-09-24T05:37:07.842Z	0246619cfdfe	fortura-EU095979	52	46	ok	feed		gid://shopify/InventoryItem/55325009641857	DRAFT
2026-09-24T05:37:07.842Z	0246619cfdfe	fortura-84184-09	23	19	ok	feed		gid://shopify/InventoryItem/55325010919809	DRAFT
2026-09-24T05:37:07.842Z	0246619cfdfe	fortura-909818	57	39	ok	feed		gid://shopify/InventoryItem/55325012296065	DRAFT
2026-09-24T05:37:07.842Z	0246619cfdfe	fortura-909821	128	119	ok	feed		gid://shopify/InventoryItem/55325012361601	DRAFT
2026-09-24T05:37:07.842Z	0246619cfdfe	fortura-982902	9	8	ok	feed		gid://shopify/InventoryItem/55325012558209	DRAFT
2026-09-24T05:37:07.842Z	0246619cfdfe	fortura-BO01409	21	14	ok	feed		gid://shopify/InventoryItem/55325014655361	DRAFT
2026-09-24T05:37:07.842Z	0246619cfdfe	fortura-BO52802	13	8	ok	feed		gid://shopify/InventoryItem/55325016228225	DRAFT
2026-09-24T05:37:07.842Z	0246619cfdfe	fortura-CK13816	18	17	ok	feed		gid://shopify/InventoryItem/55325016260993	DRAFT
2026-09-24T05:37:07.843Z	0246619cfdfe	fortura-BO52835	17	13	ok	feed		gid://shopify/InventoryItem/55325016424833	DRAFT
2026-09-24T05:37:07.843Z	0246619cfdfe	fortura-CK1410210	45	44	ok	feed		gid://shopify/InventoryItem/55325016555905	DRAFT
2026-09-24T05:37:07.843Z	0246619cfdfe	fortura-CK14461	11	6	ok	feed		gid://shopify/InventoryItem/55325016916353	DRAFT
2026-09-24T05:37:07.843Z	0246619cfdfe	fortura-BO72194	18	16	ok	feed		gid://shopify/InventoryItem/55325016981889	DRAFT
2026-09-24T05:37:07.843Z	0246619cfdfe	fortura-CK4710	29	28	ok	feed		gid://shopify/InventoryItem/55325017407873	DRAFT
2026-09-24T05:37:07.843Z	0246619cfdfe	fortura-CK14525	76	70	ok	feed		gid://shopify/InventoryItem/55325018456449	DRAFT
2026-09-24T05:37:07.843Z	0246619cfdfe	fortura-FM100098	12	6	ok	feed		gid://shopify/InventoryItem/55325019373953	DRAFT
2026-09-24T05:37:07.843Z	0246619cfdfe	fortura-CK14415	7	6	ok	feed		gid://shopify/InventoryItem/55325019505025	DRAFT
2026-09-24T05:37:07.843Z	0246619cfdfe	fortura-HB80954346	53	51	ok	feed		gid://shopify/InventoryItem/55325020094849	DRAFT
2026-09-24T05:37:07.843Z	0246619cfdfe	fortura-OR412202	40	36	ok	feed		gid://shopify/InventoryItem/55325020488065	DRAFT
2026-09-24T05:37:07.843Z	0246619cfdfe	fortura-WO66820-E43	112	84	ok	feed		gid://shopify/InventoryItem/55325021405569	DRAFT
2026-09-24T05:37:07.843Z	0246619cfdfe	fortura-907797	89	70	ok	feed		gid://shopify/InventoryItem/55325023338881	DRAFT
2026-09-24T05:37:07.843Z	0246619cfdfe	fortura-02224	0	179	ok	feed		gid://shopify/InventoryItem/55325024584065	DRAFT
2026-09-24T05:37:07.843Z	0246619cfdfe	fortura-BO36031	54	47	ok	feed		gid://shopify/InventoryItem/55325024715137	DRAFT
2026-09-24T05:37:07.843Z	0246619cfdfe	fortura-02338	0	88	ok	feed		gid://shopify/InventoryItem/55325025042817	DRAFT
2026-09-24T05:37:07.843Z	0246619cfdfe	fortura-BO52816	22	16	ok	feed		gid://shopify/InventoryItem/55325025075585	DRAFT
2026-09-24T05:37:07.843Z	0246619cfdfe	fortura-BO52834	21	16	ok	feed		gid://shopify/InventoryItem/55325025173889	DRAFT
2026-09-24T05:37:07.843Z	0246619cfdfe	fortura-BO64573	63	60	ok	feed		gid://shopify/InventoryItem/55325080715649	DRAFT
2026-09-24T05:37:07.843Z	0246619cfdfe	fortura-E812372	10	9	ok	feed		gid://shopify/InventoryItem/55325081862529	DRAFT
2026-09-24T05:37:07.843Z	0246619cfdfe	fortura-EU115271	46	42	ok	feed		gid://shopify/InventoryItem/55325082059137	DRAFT
2026-09-24T05:37:07.843Z	0246619cfdfe	fortura-BO36033	58	54	ok	feed		gid://shopify/InventoryItem/55325082485121	DRAFT
2026-09-24T05:37:07.843Z	0246619cfdfe	fortura-HB8059	102	173	ok	feed		gid://shopify/InventoryItem/55325082583425	DRAFT
2026-09-24T05:37:07.843Z	0246619cfdfe	fortura-HB8203	23	8	ok	feed		gid://shopify/InventoryItem/55325082911105	DRAFT
2026-09-24T05:37:07.843Z	0246619cfdfe	fortura-OR412201	421	415	ok	feed		gid://shopify/InventoryItem/55325083599233	DRAFT
2026-09-24T05:37:07.843Z	0246619cfdfe	fortura-OR48222	29	23	ok	feed		gid://shopify/InventoryItem/55325084156289	DRAFT
2026-09-24T05:37:07.843Z	0246619cfdfe	fortura-PC10802	7	18	ok	feed		gid://shopify/InventoryItem/55325084254593	DRAFT
2026-09-24T05:37:07.843Z	0246619cfdfe	fortura-PC20702	186	158	ok	feed		gid://shopify/InventoryItem/55325084582273	DRAFT
2026-09-24T05:37:07.843Z	0246619cfdfe	fortura-03154	46	43	ok	feed		gid://shopify/InventoryItem/55325084647809	DRAFT
2026-09-24T05:37:07.843Z	0246619cfdfe	fortura-CK14064	75	67	ok	feed		gid://shopify/InventoryItem/55325084877185	DRAFT
2026-09-24T05:37:07.843Z	0246619cfdfe	fortura-WO66820-E39	65	53	ok	feed		gid://shopify/InventoryItem/55325085008257	DRAFT
2026-09-24T05:37:07.843Z	0246619cfdfe	fortura-CK14553	135	133	ok	feed		gid://shopify/InventoryItem/55325085368705	DRAFT
2026-09-24T05:37:07.843Z	0246619cfdfe	fortura-CK27822	3	2	ok	feed		gid://shopify/InventoryItem/55325085467009	DRAFT
2026-09-24T05:37:07.843Z	0246619cfdfe	fortura-CK90747	50	22	ok	feed		gid://shopify/InventoryItem/55325085892993	DRAFT
2026-09-24T05:37:07.843Z	0246619cfdfe	fortura-90114	12	10	ok	feed		gid://shopify/InventoryItem/55325086253441	DRAFT
2026-09-24T05:37:07.843Z	0246619cfdfe	fortura-E500521	33	28	ok	feed		gid://shopify/InventoryItem/55325086417281	DRAFT
2026-09-24T05:37:07.843Z	0246619cfdfe	fortura-AC8152108	3	0	ok	feed		gid://shopify/InventoryItem/55325086482817	DRAFT
2026-09-24T05:37:07.843Z	0246619cfdfe	fortura-AC8153911	10	0	ok	feed		gid://shopify/InventoryItem/55325086581121	DRAFT
2026-09-24T05:37:07.843Z	0246619cfdfe	fortura-HB8034	7	4	ok	feed		gid://shopify/InventoryItem/55325086712193	DRAFT
2026-09-24T05:37:07.843Z	0246619cfdfe	fortura-HB8079	57	39	ok	feed		gid://shopify/InventoryItem/55325086810497	DRAFT
2026-09-24T05:37:07.843Z	0246619cfdfe	fortura-HB8181	16	14	ok	feed		gid://shopify/InventoryItem/55325086941569	DRAFT
2026-09-24T05:37:07.843Z	0246619cfdfe	fortura-HB8202	0	8	ok	feed		gid://shopify/InventoryItem/55325087039873	DRAFT
2026-09-24T05:37:07.843Z	0246619cfdfe	fortura-02031	0	27	ok	feed		gid://shopify/InventoryItem/55325087105409	DRAFT
2026-09-24T05:37:07.843Z	0246619cfdfe	fortura-HB8241	36	35	ok	feed		gid://shopify/InventoryItem/55325087433089	DRAFT
2026-09-24T05:37:07.843Z	0246619cfdfe	fortura-OR479700	8	25	ok	feed		gid://shopify/InventoryItem/55325087826305	DRAFT
2026-09-24T05:37:07.843Z	0246619cfdfe	fortura-PC11230	34	33	ok	feed		gid://shopify/InventoryItem/55325088121217	DRAFT
2026-09-24T05:37:07.843Z	0246619cfdfe	fortura-02187	80	116	ok	feed		gid://shopify/InventoryItem/55325088448897	DRAFT
2026-09-24T05:37:07.843Z	0246619cfdfe	fortura-WO66820-E35	220	218	ok	feed		gid://shopify/InventoryItem/55325089137025	DRAFT
2026-09-24T05:37:07.843Z	0246619cfdfe	fortura-02598	57	56	ok	feed		gid://shopify/InventoryItem/55325091529089	DRAFT
2026-09-24T05:37:07.843Z	0246619cfdfe	fortura-02673	73	68	ok	feed		gid://shopify/InventoryItem/55325091889537	DRAFT
2026-09-24T05:37:07.843Z	0246619cfdfe	fortura-02045	0	12	ok	feed		gid://shopify/InventoryItem/55325092118913	DRAFT
2026-09-24T05:37:07.843Z	0246619cfdfe	fortura-02180	49	127	ok	feed		gid://shopify/InventoryItem/55325093036417	DRAFT
2026-09-24T05:37:07.843Z	0246619cfdfe	fortura-02880	21	41	ok	feed		gid://shopify/InventoryItem/55325093134721	DRAFT
2026-09-24T05:37:07.843Z	0246619cfdfe	fortura-03150	57	68	ok	feed		gid://shopify/InventoryItem/55325093757313	DRAFT
2026-09-24T05:37:07.843Z	0246619cfdfe	fortura-03333	0	267	ok	feed		gid://shopify/InventoryItem/55325094248833	DRAFT
2026-09-24T05:37:07.843Z	0246619cfdfe	fortura-52304BL	33	28	ok	feed		gid://shopify/InventoryItem/55325104832897	DRAFT
2026-09-24T05:37:07.843Z	0246619cfdfe	fortura-03161	56	55	ok	feed		gid://shopify/InventoryItem/55325107847553	DRAFT
2026-09-24T05:37:07.843Z	0246619cfdfe	fortura-21069	7	5	ok	feed		gid://shopify/InventoryItem/55325110043009	DRAFT
2026-09-24T05:37:07.843Z	0246619cfdfe	fortura-AC3559192	4	3	ok	feed		gid://shopify/InventoryItem/55325113778561	DRAFT
2026-09-24T05:37:07.843Z	0246619cfdfe	fortura-AC6056732	5	0	ok	feed		gid://shopify/InventoryItem/55325114040705	DRAFT
2026-09-24T05:37:07.843Z	0246619cfdfe	fortura-25449RS	29	25	ok	feed		gid://shopify/InventoryItem/55325114958209	DRAFT
2026-09-24T05:37:07.843Z	0246619cfdfe	fortura-25748	89	82	ok	feed		gid://shopify/InventoryItem/55325115285889	DRAFT
2026-09-24T05:37:07.843Z	0246619cfdfe	fortura-49608	69	63	ok	feed		gid://shopify/InventoryItem/55325115384193	DRAFT
2026-09-24T05:37:07.843Z	0246619cfdfe	fortura-52304GR	12	10	ok	feed		gid://shopify/InventoryItem/55325200548225	DRAFT
2026-09-24T05:37:07.843Z	0246619cfdfe	fortura-58317	26	24	ok	feed		gid://shopify/InventoryItem/55325201006977	DRAFT
2026-09-24T05:37:07.843Z	0246619cfdfe	fortura-80489-1	230	249	ok	feed		gid://shopify/InventoryItem/55325202776449	DRAFT
2026-09-24T05:37:07.843Z	0246619cfdfe	fortura-52304FU	30	19	ok	feed		gid://shopify/InventoryItem/55325202940289	DRAFT
2026-09-24T05:37:08.688Z	0246619cfdfe	fortura-52304GE	21	17	ok	feed		gid://shopify/InventoryItem/55325204185473	DRAFT
2026-09-24T05:37:08.688Z	0246619cfdfe	fortura-52304OR	32	21	ok	feed		gid://shopify/InventoryItem/55325204251009	DRAFT
2026-09-24T05:37:08.688Z	0246619cfdfe	fortura-52304RO	42	37	ok	feed		gid://shopify/InventoryItem/55325204316545	DRAFT
2026-09-24T05:37:08.688Z	0246619cfdfe	fortura-52304SW	449	369	ok	feed		gid://shopify/InventoryItem/55325204414849	DRAFT
2026-09-24T05:37:08.688Z	0246619cfdfe	fortura-61898	176	171	ok	feed		gid://shopify/InventoryItem/55325205135745	DRAFT
2026-09-24T05:37:08.688Z	0246619cfdfe	fortura-AC6055579	2	0	ok	feed		gid://shopify/InventoryItem/55325207101825	DRAFT
2026-09-24T05:37:08.688Z	0246619cfdfe	fortura-AC6057148	3	0	ok	feed		gid://shopify/InventoryItem/55325207232897	DRAFT
2026-09-24T05:37:08.688Z	0246619cfdfe	fortura-AC6055893	2	1	ok	feed		gid://shopify/InventoryItem/55325208117633	DRAFT
2026-09-24T05:37:08.688Z	0246619cfdfe	fortura-AC6059193	6	5	ok	feed		gid://shopify/InventoryItem/55325208183169	DRAFT
2026-09-24T05:37:08.688Z	0246619cfdfe	fortura-90264-7	37	33	ok	feed		gid://shopify/InventoryItem/55412599521665	DRAFT
2026-09-24T05:37:08.688Z	0246619cfdfe	fortura-90264-8	44	43	ok	feed		gid://shopify/InventoryItem/55412599554433	DRAFT
2026-09-24T05:37:08.688Z	0246619cfdfe	fortura-90744-1	32	29	ok	feed		gid://shopify/InventoryItem/55412607123841	DRAFT
2026-09-24T05:37:08.688Z	0246619cfdfe	fortura-90744-3	36	30	ok	feed		gid://shopify/InventoryItem/55412607156609	DRAFT
2026-09-24T05:37:08.688Z	0246619cfdfe	fortura-90940-3	3	2	ok	feed		gid://shopify/InventoryItem/55412612694401	DRAFT
2026-09-24T05:37:08.688Z	0246619cfdfe	fortura-91259-9	4	3	ok	feed		gid://shopify/InventoryItem/55412615741825	DRAFT
2026-09-24T05:37:08.688Z	0246619cfdfe	fortura-93901-1	32	31	ok	feed		gid://shopify/InventoryItem/55412621017473	DRAFT
2026-09-24T05:37:08.688Z	0246619cfdfe	fortura-93901-3	24	23	ok	feed		gid://shopify/InventoryItem/55412621050241	DRAFT
2026-09-24T05:37:08.688Z	0246619cfdfe	fortura-97355-3	5	4	ok	feed		gid://shopify/InventoryItem/55412624261505	DRAFT
2026-09-24T05:37:08.688Z	0246619cfdfe	fortura-99884-4	16	12	ok	feed		gid://shopify/InventoryItem/55412627112321	DRAFT
2026-09-24T05:37:08.688Z	0246619cfdfe	fortura-CK4383M	4	20	ok	feed		gid://shopify/InventoryItem/55412633502081	DRAFT
2026-09-24T05:37:08.688Z	0246619cfdfe	fortura-CK4383190	9	43	ok	feed		gid://shopify/InventoryItem/55412633534849	DRAFT
2026-09-24T05:37:08.688Z	0246619cfdfe	fortura-HB212036	5	0	ok	feed		gid://shopify/InventoryItem/55412634878337	DRAFT
2026-09-24T05:37:08.688Z	0246619cfdfe	fortura-HB212042	1	0	ok	feed		gid://shopify/InventoryItem/55412634943873	DRAFT
2026-09-24T05:37:08.688Z	0246619cfdfe	fortura-HB256244	2	3	ok	feed		gid://shopify/InventoryItem/55412636418433	DRAFT
2026-09-24T05:37:08.688Z	0246619cfdfe	fortura-HB256248	1	3	ok	feed		gid://shopify/InventoryItem/55412636451201	DRAFT
2026-09-24T05:37:08.688Z	0246619cfdfe	fortura-HB256250	2	0	ok	feed		gid://shopify/InventoryItem/55412636483969	DRAFT
2026-09-24T05:37:08.688Z	0246619cfdfe	fortura-HB263040	15	12	ok	feed		gid://shopify/InventoryItem/55412643266945	DRAFT
2026-09-24T05:37:08.688Z	0246619cfdfe	fortura-HB263042	2	1	ok	feed		gid://shopify/InventoryItem/55412643299713	DRAFT
2026-09-24T05:37:08.688Z	0246619cfdfe	fortura-HB263044	2	1	ok	feed		gid://shopify/InventoryItem/55412643332481	DRAFT
2026-09-24T05:37:08.688Z	0246619cfdfe	fortura-HB263052	1	0	ok	feed		gid://shopify/InventoryItem/55412643398017	DRAFT
2026-09-24T05:37:08.688Z	0246619cfdfe	fortura-HB274252	1	0	ok	feed		gid://shopify/InventoryItem/55412649755009	DRAFT
2026-09-24T05:37:08.688Z	0246619cfdfe	fortura-HB287460	5	3	ok	feed		gid://shopify/InventoryItem/55412653162881	DRAFT
2026-09-24T05:37:08.688Z	0246619cfdfe	fortura-HB287462	8	5	ok	feed		gid://shopify/InventoryItem/55412653195649	DRAFT
2026-09-24T05:37:08.688Z	0246619cfdfe	fortura-HB294046	2	0	ok	feed		gid://shopify/InventoryItem/55412655063425	DRAFT
2026-09-24T05:37:08.688Z	0246619cfdfe	fortura-HB299140	5	2	ok	feed		gid://shopify/InventoryItem/55412660306305	DRAFT
2026-09-24T05:37:08.688Z	0246619cfdfe	fortura-HB299142	7	6	ok	feed		gid://shopify/InventoryItem/55412660339073	DRAFT
2026-09-24T05:37:08.688Z	0246619cfdfe	fortura-HB299144	7	5	ok	feed		gid://shopify/InventoryItem/55412660371841	DRAFT
2026-09-24T05:37:08.688Z	0246619cfdfe	fortura-HB299146	4	2	ok	feed		gid://shopify/InventoryItem/55412660404609	DRAFT
2026-09-24T05:37:08.688Z	0246619cfdfe	fortura-HB299148	3	2	ok	feed		gid://shopify/InventoryItem/55412660437377	DRAFT
2026-09-24T05:37:08.688Z	0246619cfdfe	fortura-HB299150	1	0	ok	feed		gid://shopify/InventoryItem/55412660470145	DRAFT
2026-09-24T05:37:08.688Z	0246619cfdfe	fortura-HB80954346	53	51	ok	feed		gid://shopify/InventoryItem/55412669645185	DRAFT
2026-09-24T05:37:08.689Z	0246619cfdfe	fortura-WO66820-E35	220	218	ok	feed		gid://shopify/InventoryItem/55412671840641	DRAFT
2026-09-24T05:37:08.689Z	0246619cfdfe	fortura-WO66820-E39	65	53	ok	feed		gid://shopify/InventoryItem/55412671873409	DRAFT
2026-09-24T05:37:08.689Z	0246619cfdfe	fortura-WO66820-E43	112	84	ok	feed		gid://shopify/InventoryItem/55412671906177	DRAFT
2026-09-24T05:37:08.689Z	0246619cfdfe	fortura-90257-2	9	8	ok	feed		gid://shopify/InventoryItem/55412818739585	DRAFT
2026-09-24T05:37:08.689Z	0246619cfdfe	fortura-90257-3	7	5	ok	feed		gid://shopify/InventoryItem/55412818772353	DRAFT
2026-09-24T05:37:08.689Z	0246619cfdfe	fortura-96553-2	44	43	ok	feed		gid://shopify/InventoryItem/55412818870657	DRAFT
2026-09-25T12:32:07.843Z	cde89c21f5ac	fortura-58090	13	12	ok	feed		gid://shopify/InventoryItem/55324885844353	ACTIVE
2026-09-25T12:32:07.843Z	cde89c21f5ac	fortura-90032-8	9	10	ok	feed		gid://shopify/InventoryItem/55324886794625	ACTIVE
2026-09-25T12:32:07.843Z	cde89c21f5ac	fortura-90164-7	36	38	ok	feed		gid://shopify/InventoryItem/55324889383297	ACTIVE
2026-09-25T12:32:07.843Z	cde89c21f5ac	fortura-90164-9	53	55	ok	feed		gid://shopify/InventoryItem/55324889448833	ACTIVE
2026-09-25T12:32:07.843Z	cde89c21f5ac	fortura-90259-2	9	8	ok	feed		gid://shopify/InventoryItem/55324889874817	ACTIVE
2026-09-25T12:32:07.843Z	cde89c21f5ac	fortura-90259-3	17	20	ok	feed		gid://shopify/InventoryItem/55324889907585	ACTIVE
2026-09-25T12:32:07.843Z	cde89c21f5ac	fortura-904460	10	11	ok	feed		gid://shopify/InventoryItem/55324890530177	ACTIVE
2026-09-25T12:32:07.843Z	cde89c21f5ac	fortura-90446-6	12	14	ok	feed		gid://shopify/InventoryItem/55324890595713	ACTIVE
2026-09-25T12:32:07.844Z	cde89c21f5ac	fortura-90262-6	23	25	ok	feed		gid://shopify/InventoryItem/55324891382145	ACTIVE
2026-09-25T12:32:07.844Z	cde89c21f5ac	fortura-90265-3	13	14	ok	feed		gid://shopify/InventoryItem/55324891644289	ACTIVE
2026-09-25T12:32:07.844Z	cde89c21f5ac	fortura-900099	41	44	ok	feed		gid://shopify/InventoryItem/55324891971969	ACTIVE
2026-09-25T12:32:07.844Z	cde89c21f5ac	fortura-90033-8	16	18	ok	feed		gid://shopify/InventoryItem/55324892299649	ACTIVE
2026-09-25T12:32:07.844Z	cde89c21f5ac	fortura-90744-9	34	35	ok	feed		gid://shopify/InventoryItem/55324892430721	ACTIVE
2026-09-25T12:32:07.844Z	cde89c21f5ac	fortura-90391-5	25	26	ok	feed		gid://shopify/InventoryItem/55324892758401	ACTIVE
2026-09-25T12:32:07.844Z	cde89c21f5ac	fortura-90788-7	1	3	ok	feed		gid://shopify/InventoryItem/55324892922241	ACTIVE
2026-09-25T12:32:07.844Z	cde89c21f5ac	fortura-90403-2	5	8	ok	feed		gid://shopify/InventoryItem/55324893086081	ACTIVE
2026-09-25T12:32:07.844Z	cde89c21f5ac	fortura-90195-1	2	1	ok	feed		gid://shopify/InventoryItem/55324893938049	ACTIVE
2026-09-25T12:32:07.844Z	cde89c21f5ac	fortura-90195-3	15	17	ok	feed		gid://shopify/InventoryItem/55324894003585	ACTIVE
2026-09-25T12:32:07.844Z	cde89c21f5ac	fortura-90264-6	20	22	ok	feed		gid://shopify/InventoryItem/55324894658945	ACTIVE
2026-09-25T12:32:07.844Z	cde89c21f5ac	fortura-90264-7	33	35	ok	feed		gid://shopify/InventoryItem/55324894691713	ACTIVE
2026-09-25T12:32:07.844Z	cde89c21f5ac	fortura-90986-2	10	13	ok	feed		gid://shopify/InventoryItem/55324895773057	ACTIVE
2026-09-25T12:32:07.844Z	cde89c21f5ac	fortura-90986-3	2	3	ok	feed		gid://shopify/InventoryItem/55324895805825	ACTIVE
2026-09-25T12:32:07.844Z	cde89c21f5ac	fortura-910322	31	30	ok	feed		gid://shopify/InventoryItem/55324897313153	ACTIVE
2026-09-25T12:32:07.844Z	cde89c21f5ac	fortura-90882-5	20	21	ok	feed		gid://shopify/InventoryItem/55324902031745	ACTIVE
2026-09-25T12:32:07.844Z	cde89c21f5ac	fortura-90882-6	16	18	ok	feed		gid://shopify/InventoryItem/55324902064513	ACTIVE
2026-09-25T12:32:07.844Z	cde89c21f5ac	fortura-909459	7	6	ok	feed		gid://shopify/InventoryItem/55324903637377	ACTIVE
2026-09-25T12:32:07.844Z	cde89c21f5ac	fortura-922426	15	16	ok	feed		gid://shopify/InventoryItem/55324905308545	ACTIVE
2026-09-25T12:32:07.844Z	cde89c21f5ac	fortura-922427	15	16	ok	feed		gid://shopify/InventoryItem/55324905341313	ACTIVE
2026-09-25T12:32:07.844Z	cde89c21f5ac	fortura-922428	15	16	ok	feed		gid://shopify/InventoryItem/55324905374081	ACTIVE
2026-09-25T12:32:07.844Z	cde89c21f5ac	fortura-922438	17	19	ok	feed		gid://shopify/InventoryItem/55324905734529	ACTIVE
2026-09-25T12:32:07.844Z	cde89c21f5ac	fortura-910081	18	20	ok	feed		gid://shopify/InventoryItem/55324906291585	ACTIVE
2026-09-25T12:32:07.844Z	cde89c21f5ac	fortura-922881	14	13	ok	feed		gid://shopify/InventoryItem/55324906848641	ACTIVE
2026-09-25T12:32:07.844Z	cde89c21f5ac	fortura-924295	12	13	ok	feed		gid://shopify/InventoryItem/55324908323201	ACTIVE
2026-09-25T12:32:07.844Z	cde89c21f5ac	fortura-924299	24	27	ok	feed		gid://shopify/InventoryItem/55324908454273	ACTIVE
2026-09-25T12:32:07.844Z	cde89c21f5ac	fortura-913641	34	33	ok	feed		gid://shopify/InventoryItem/55324909437313	ACTIVE
2026-09-25T12:32:07.844Z	cde89c21f5ac	fortura-913842	9	11	ok	feed		gid://shopify/InventoryItem/55324909961601	ACTIVE
2026-09-25T12:32:07.844Z	cde89c21f5ac	fortura-929064	5	6	ok	feed		gid://shopify/InventoryItem/55324910190977	ACTIVE
2026-09-25T12:32:07.844Z	cde89c21f5ac	fortura-922421	5	6	ok	feed		gid://shopify/InventoryItem/55324912353665	ACTIVE
2026-09-25T12:32:07.844Z	cde89c21f5ac	fortura-922423	17	19	ok	feed		gid://shopify/InventoryItem/55324912419201	ACTIVE
2026-09-25T12:32:07.844Z	cde89c21f5ac	fortura-922424	20	22	ok	feed		gid://shopify/InventoryItem/55324912451969	ACTIVE
2026-09-25T12:32:07.844Z	cde89c21f5ac	fortura-925438	2	3	ok	feed		gid://shopify/InventoryItem/55324913369473	ACTIVE
2026-09-25T12:32:07.844Z	cde89c21f5ac	fortura-918790	16	15	ok	feed		gid://shopify/InventoryItem/55324913959297	ACTIVE
2026-09-25T12:32:07.844Z	cde89c21f5ac	fortura-948293	23	22	ok	feed		gid://shopify/InventoryItem/55324915106177	ACTIVE
2026-09-25T12:32:07.844Z	cde89c21f5ac	fortura-924697	8	9	ok	feed		gid://shopify/InventoryItem/55324916580737	ACTIVE
2026-09-25T12:32:07.844Z	cde89c21f5ac	fortura-95534-6	14	15	ok	feed		gid://shopify/InventoryItem/55324917170561	ACTIVE
2026-09-25T12:32:07.844Z	cde89c21f5ac	fortura-95534-7	18	19	ok	feed		gid://shopify/InventoryItem/55324917203329	ACTIVE
2026-09-25T12:32:07.844Z	cde89c21f5ac	fortura-95534-8	16	17	ok	feed		gid://shopify/InventoryItem/55324917236097	ACTIVE
2026-09-25T12:32:07.844Z	cde89c21f5ac	fortura-95651-2	7	8	ok	feed		gid://shopify/InventoryItem/55324917498241	ACTIVE
2026-09-25T12:32:07.844Z	cde89c21f5ac	fortura-95651-3	10	11	ok	feed		gid://shopify/InventoryItem/55324917531009	ACTIVE
2026-09-25T12:32:07.844Z	cde89c21f5ac	fortura-92855	37	38	ok	feed		gid://shopify/InventoryItem/55324917825921	ACTIVE
2026-09-25T12:32:07.844Z	cde89c21f5ac	fortura-929012	9	11	ok	feed		gid://shopify/InventoryItem/55324917989761	ACTIVE
2026-09-25T12:32:07.844Z	cde89c21f5ac	fortura-929013	6	8	ok	feed		gid://shopify/InventoryItem/55324918022529	ACTIVE
2026-09-25T12:32:07.844Z	cde89c21f5ac	fortura-94746-8	20	22	ok	feed		gid://shopify/InventoryItem/55324930408833	ACTIVE
2026-09-25T12:32:07.844Z	cde89c21f5ac	fortura-94908-7	16	18	ok	feed		gid://shopify/InventoryItem/55324931359105	ACTIVE
2026-09-25T12:32:07.844Z	cde89c21f5ac	fortura-95550-8	8	9	ok	feed		gid://shopify/InventoryItem/55324934472065	ACTIVE
2026-09-25T12:32:07.844Z	cde89c21f5ac	fortura-97585	37	36	ok	feed		gid://shopify/InventoryItem/55324937159041	ACTIVE
2026-09-25T12:32:07.844Z	cde89c21f5ac	fortura-BO83806	18	17	ok	feed		gid://shopify/InventoryItem/55324940697985	ACTIVE
2026-09-25T12:32:07.844Z	cde89c21f5ac	fortura-BO79221	9	11	ok	feed		gid://shopify/InventoryItem/55324941123969	ACTIVE
2026-09-25T12:32:07.844Z	cde89c21f5ac	fortura-BO84459	7	8	ok	feed		gid://shopify/InventoryItem/55324941517185	ACTIVE
2026-09-25T12:32:07.844Z	cde89c21f5ac	fortura-BO84460	8	9	ok	feed		gid://shopify/InventoryItem/55324941549953	ACTIVE
2026-09-25T12:32:07.844Z	cde89c21f5ac	fortura-BO82340	22	24	ok	feed		gid://shopify/InventoryItem/55324942532993	ACTIVE
2026-09-25T12:32:07.844Z	cde89c21f5ac	fortura-CK464186	8	10	ok	feed		gid://shopify/InventoryItem/55324957671809	ACTIVE
2026-09-25T12:32:07.844Z	cde89c21f5ac	fortura-CK8875	27	26	ok	feed		gid://shopify/InventoryItem/55324957933953	ACTIVE
2026-09-25T12:32:07.844Z	cde89c21f5ac	fortura-CK4298180	11	12	ok	feed		gid://shopify/InventoryItem/55324959605121	ACTIVE
2026-09-25T12:32:07.844Z	cde89c21f5ac	fortura-CK4640152	3	5	ok	feed		gid://shopify/InventoryItem/55324961997185	ACTIVE
2026-09-25T12:32:07.845Z	cde89c21f5ac	fortura-HB263040	12	11	ok	feed		gid://shopify/InventoryItem/55324965372289	ACTIVE
2026-09-25T12:32:07.845Z	cde89c21f5ac	fortura-HB270236	3	2	ok	feed		gid://shopify/InventoryItem/55324965667201	ACTIVE
2026-09-25T12:32:07.845Z	cde89c21f5ac	fortura-HB2756M	2	3	ok	feed		gid://shopify/InventoryItem/55324967698817	ACTIVE
2026-09-25T12:32:07.845Z	cde89c21f5ac	fortura-HB2756XXXL	2	3	ok	feed		gid://shopify/InventoryItem/55324967829889	ACTIVE
2026-09-25T12:32:07.845Z	cde89c21f5ac	fortura-HB287650	6	5	ok	feed		gid://shopify/InventoryItem/55324968288641	ACTIVE
2026-09-25T12:32:07.845Z	cde89c21f5ac	fortura-HB287652	8	7	ok	feed		gid://shopify/InventoryItem/55324968321409	ACTIVE
2026-09-25T12:32:07.845Z	cde89c21f5ac	fortura-HB287654	6	5	ok	feed		gid://shopify/InventoryItem/55324968354177	ACTIVE
2026-09-25T12:32:07.845Z	cde89c21f5ac	fortura-HB287656	6	7	ok	feed		gid://shopify/InventoryItem/55324968386945	ACTIVE
2026-09-25T12:32:07.845Z	cde89c21f5ac	fortura-HB287658	5	4	ok	feed		gid://shopify/InventoryItem/55324968419713	ACTIVE
2026-09-25T12:32:07.845Z	cde89c21f5ac	fortura-HB362038	1	0	ok	feed		gid://shopify/InventoryItem/55324969107841	ACTIVE
2026-09-25T12:32:07.845Z	cde89c21f5ac	fortura-HB525548	5	4	ok	feed		gid://shopify/InventoryItem/55324971368833	ACTIVE
2026-09-25T12:32:07.845Z	cde89c21f5ac	fortura-HB525562	4	3	ok	feed		gid://shopify/InventoryItem/55324971598209	ACTIVE
2026-09-25T12:32:07.845Z	cde89c21f5ac	fortura-HB270138	3	2	ok	feed		gid://shopify/InventoryItem/55324972155265	ACTIVE
2026-09-25T12:32:07.845Z	cde89c21f5ac	fortura-HB2755XL	5	4	ok	feed		gid://shopify/InventoryItem/55324973269377	ACTIVE
2026-09-25T12:32:07.845Z	cde89c21f5ac	fortura-HB2755XXXL	4	5	ok	feed		gid://shopify/InventoryItem/55324973334913	ACTIVE
2026-09-25T12:32:07.845Z	cde89c21f5ac	fortura-HB2899M	13	12	ok	feed		gid://shopify/InventoryItem/55324975923585	ACTIVE
2026-09-25T12:32:07.845Z	cde89c21f5ac	fortura-OR7866-56	7	9	ok	feed		gid://shopify/InventoryItem/55324977594753	ACTIVE
2026-09-25T12:32:07.845Z	cde89c21f5ac	fortura-HB3550L	6	8	ok	feed		gid://shopify/InventoryItem/55324978086273	ACTIVE
2026-09-25T12:32:07.845Z	cde89c21f5ac	fortura-HB3550XL	4	6	ok	feed		gid://shopify/InventoryItem/55324978119041	ACTIVE
2026-09-25T12:32:07.845Z	cde89c21f5ac	fortura-HB502650	2	1	ok	feed		gid://shopify/InventoryItem/55324979921281	ACTIVE
2026-09-25T12:32:07.845Z	cde89c21f5ac	fortura-HB220556	2	1	ok	feed		gid://shopify/InventoryItem/55324980216193	ACTIVE
2026-09-25T12:32:07.845Z	cde89c21f5ac	fortura-HB512552	1	0	ok	feed		gid://shopify/InventoryItem/55324980740481	ACTIVE
2026-09-25T12:32:07.845Z	cde89c21f5ac	fortura-HB512554	3	2	ok	feed		gid://shopify/InventoryItem/55324980773249	ACTIVE
2026-09-25T12:32:07.845Z	cde89c21f5ac	fortura-HB512556	1	0	ok	feed		gid://shopify/InventoryItem/55324980806017	ACTIVE
2026-09-25T12:32:07.845Z	cde89c21f5ac	fortura-HB253536	2	1	ok	feed		gid://shopify/InventoryItem/55324981854593	ACTIVE
2026-09-25T12:32:07.845Z	cde89c21f5ac	fortura-HB2751L	6	7	ok	feed		gid://shopify/InventoryItem/55324984181121	ACTIVE
2026-09-25T12:32:07.845Z	cde89c21f5ac	fortura-HB2775M	7	6	ok	feed		gid://shopify/InventoryItem/55324984738177	ACTIVE
2026-09-25T12:32:07.845Z	cde89c21f5ac	fortura-HB287460	3	2	ok	feed		gid://shopify/InventoryItem/55324985426305	ACTIVE
2026-09-25T12:32:07.845Z	cde89c21f5ac	fortura-PC66056	9	10	ok	feed		gid://shopify/InventoryItem/55324985491841	ACTIVE
2026-09-25T12:32:07.845Z	cde89c21f5ac	fortura-HB502548	19	17	ok	feed		gid://shopify/InventoryItem/55324988965249	ACTIVE
2026-09-25T12:32:07.845Z	cde89c21f5ac	fortura-HB502550	14	12	ok	feed		gid://shopify/InventoryItem/55324988998017	ACTIVE
2026-09-25T12:32:07.845Z	cde89c21f5ac	fortura-HB502552	11	7	ok	feed		gid://shopify/InventoryItem/55324989030785	ACTIVE
2026-09-25T12:32:07.845Z	cde89c21f5ac	fortura-HB502554	6	4	ok	feed		gid://shopify/InventoryItem/55324989063553	ACTIVE
2026-09-25T12:32:07.845Z	cde89c21f5ac	fortura-OR796946-48	8	7	ok	feed		gid://shopify/InventoryItem/55324993814913	ACTIVE
2026-09-25T12:32:07.845Z	cde89c21f5ac	fortura-92485	139	138	ok	feed		gid://shopify/InventoryItem/55324997452161	ACTIVE
2026-09-25T12:32:08.799Z	cde89c21f5ac	fortura-90186	103	99	ok	feed		gid://shopify/InventoryItem/55324999057793	ACTIVE
2026-09-25T12:32:08.799Z	cde89c21f5ac	fortura-904411	68	67	ok	feed		gid://shopify/InventoryItem/55325000597889	ACTIVE
2026-09-25T12:32:08.799Z	cde89c21f5ac	fortura-906760	22	21	ok	feed		gid://shopify/InventoryItem/55325001482625	ACTIVE
2026-09-25T12:32:08.799Z	cde89c21f5ac	fortura-BO54389	42	41	ok	feed		gid://shopify/InventoryItem/55325003612545	ACTIVE
2026-09-25T12:32:08.799Z	cde89c21f5ac	fortura-91383	28	24	ok	feed		gid://shopify/InventoryItem/55325004530049	ACTIVE
2026-09-25T12:32:08.799Z	cde89c21f5ac	fortura-92517	196	193	ok	feed		gid://shopify/InventoryItem/55325005513089	ACTIVE
2026-09-25T12:32:08.799Z	cde89c21f5ac	fortura-BO86060	225	224	ok	feed		gid://shopify/InventoryItem/55325006299521	ACTIVE
2026-09-25T12:32:08.799Z	cde89c21f5ac	fortura-90749	20	19	ok	feed		gid://shopify/InventoryItem/55325006365057	ACTIVE
2026-09-25T12:32:08.799Z	cde89c21f5ac	fortura-95961	33	32	ok	feed		gid://shopify/InventoryItem/55325007446401	ACTIVE
2026-09-25T12:32:08.799Z	cde89c21f5ac	fortura-96108	103	102	ok	feed		gid://shopify/InventoryItem/55325008232833	ACTIVE
2026-09-25T12:32:08.799Z	cde89c21f5ac	fortura-CK14102	68	67	ok	feed		gid://shopify/InventoryItem/55325008789889	ACTIVE
2026-09-25T12:32:08.799Z	cde89c21f5ac	fortura-974971	3	2	ok	feed		gid://shopify/InventoryItem/55325008855425	ACTIVE
2026-09-25T12:32:08.799Z	cde89c21f5ac	fortura-CK14348	23	22	ok	feed		gid://shopify/InventoryItem/55325008986497	ACTIVE
2026-09-25T12:32:08.799Z	cde89c21f5ac	fortura-92591	74	68	ok	feed		gid://shopify/InventoryItem/55325009707393	ACTIVE
2026-09-25T12:32:08.799Z	cde89c21f5ac	fortura-BO04210	117	116	ok	feed		gid://shopify/InventoryItem/55325010690433	ACTIVE
2026-09-25T12:32:08.799Z	cde89c21f5ac	fortura-BO44560	35	34	ok	feed		gid://shopify/InventoryItem/55325011739009	ACTIVE
2026-09-25T12:32:08.800Z	cde89c21f5ac	fortura-BO04224	249	248	ok	feed		gid://shopify/InventoryItem/55325013836161	ACTIVE
2026-09-25T12:32:08.800Z	cde89c21f5ac	fortura-BO44766	96	95	ok	feed		gid://shopify/InventoryItem/55325014622593	ACTIVE
2026-09-25T12:32:08.800Z	cde89c21f5ac	fortura-BO95481	154	152	ok	feed		gid://shopify/InventoryItem/55325017866625	ACTIVE
2026-09-25T12:32:08.800Z	cde89c21f5ac	fortura-OR2382000	8	7	ok	feed		gid://shopify/InventoryItem/55325018292609	ACTIVE
2026-09-25T12:32:08.800Z	cde89c21f5ac	fortura-HB8084	61	60	ok	feed		gid://shopify/InventoryItem/55325019832705	ACTIVE
2026-09-25T12:32:08.800Z	cde89c21f5ac	fortura-80648-39	64	58	ok	feed		gid://shopify/InventoryItem/55325019898241	ACTIVE
2026-09-25T12:32:08.800Z	cde89c21f5ac	fortura-80648-43	71	70	ok	feed		gid://shopify/InventoryItem/55325019931009	ACTIVE
2026-09-25T12:32:08.800Z	cde89c21f5ac	fortura-901210	138	137	ok	feed		gid://shopify/InventoryItem/55325020225921	ACTIVE
2026-09-25T12:32:08.800Z	cde89c21f5ac	fortura-OR47166.02	151	149	ok	feed		gid://shopify/InventoryItem/55325021143425	ACTIVE
2026-09-25T12:32:08.800Z	cde89c21f5ac	fortura-02020	108	107	ok	feed		gid://shopify/InventoryItem/55325022585217	ACTIVE
2026-09-25T12:32:08.800Z	cde89c21f5ac	fortura-02032	103	100	ok	feed		gid://shopify/InventoryItem/55325022781825	ACTIVE
2026-09-25T12:32:08.800Z	cde89c21f5ac	fortura-02038	260	257	ok	feed		gid://shopify/InventoryItem/55325023076737	ACTIVE
2026-09-25T12:32:08.800Z	cde89c21f5ac	fortura-02110	39	38	ok	feed		gid://shopify/InventoryItem/55325023273345	ACTIVE
2026-09-25T12:32:08.800Z	cde89c21f5ac	fortura-02134	54	51	ok	feed		gid://shopify/InventoryItem/55325023797633	ACTIVE
2026-09-25T12:32:08.800Z	cde89c21f5ac	fortura-02191	150	148	ok	feed		gid://shopify/InventoryItem/55325024092545	ACTIVE
2026-09-25T12:32:08.800Z	cde89c21f5ac	fortura-02218	162	158	ok	feed		gid://shopify/InventoryItem/55325024485761	ACTIVE
2026-09-25T12:32:08.800Z	cde89c21f5ac	fortura-02227	156	154	ok	feed		gid://shopify/InventoryItem/55325024682369	ACTIVE
2026-09-25T12:32:08.800Z	cde89c21f5ac	fortura-02332	320	316	ok	feed		gid://shopify/InventoryItem/55325024944513	ACTIVE
2026-09-25T12:32:08.800Z	cde89c21f5ac	fortura-02449	59	57	ok	feed		gid://shopify/InventoryItem/55325080355201	ACTIVE
2026-09-25T12:32:08.800Z	cde89c21f5ac	fortura-99122	30	28	ok	feed		gid://shopify/InventoryItem/55325080650113	ACTIVE
2026-09-25T12:32:08.800Z	cde89c21f5ac	fortura-02500	52	50	ok	feed		gid://shopify/InventoryItem/55325080977793	ACTIVE
2026-09-25T12:32:08.800Z	cde89c21f5ac	fortura-BO01755	228	227	ok	feed		gid://shopify/InventoryItem/55325081141633	ACTIVE
2026-09-25T12:32:08.800Z	cde89c21f5ac	fortura-HB80563942	7	6	ok	feed		gid://shopify/InventoryItem/55325082419585	ACTIVE
2026-09-25T12:32:08.800Z	cde89c21f5ac	fortura-HB80614346	15	14	ok	feed		gid://shopify/InventoryItem/55325082452353	ACTIVE
2026-09-25T12:32:08.800Z	cde89c21f5ac	fortura-HB80683538	6	5	ok	feed		gid://shopify/InventoryItem/55325082714497	ACTIVE
2026-09-25T12:32:08.800Z	cde89c21f5ac	fortura-03040	27	25	ok	feed		gid://shopify/InventoryItem/55325084221825	ACTIVE
2026-09-25T12:32:08.800Z	cde89c21f5ac	fortura-PC20207	22	21	ok	feed		gid://shopify/InventoryItem/55325084451201	ACTIVE
2026-09-25T12:32:08.800Z	cde89c21f5ac	fortura-03760	35	34	ok	feed		gid://shopify/InventoryItem/55325086122369	ACTIVE
2026-09-25T12:32:08.800Z	cde89c21f5ac	fortura-02019	39	38	ok	feed		gid://shopify/InventoryItem/55325086974337	ACTIVE
2026-09-25T12:32:08.800Z	cde89c21f5ac	fortura-02130	146	145	ok	feed		gid://shopify/InventoryItem/55325088055681	ACTIVE
2026-09-25T12:32:08.800Z	cde89c21f5ac	fortura-02133	51	49	ok	feed		gid://shopify/InventoryItem/55325088153985	ACTIVE
2026-09-25T12:32:08.800Z	cde89c21f5ac	fortura-063110	24	22	ok	feed		gid://shopify/InventoryItem/55325088186753	ACTIVE
2026-09-25T12:32:08.800Z	cde89c21f5ac	fortura-02214	131	129	ok	feed		gid://shopify/InventoryItem/55325088776577	ACTIVE
2026-09-25T12:32:08.800Z	cde89c21f5ac	fortura-02226	39	37	ok	feed		gid://shopify/InventoryItem/55325089104257	ACTIVE
2026-09-25T12:32:08.800Z	cde89c21f5ac	fortura-02454	14	13	ok	feed		gid://shopify/InventoryItem/55325090021761	ACTIVE
2026-09-25T12:32:08.800Z	cde89c21f5ac	fortura-02592	71	70	ok	feed		gid://shopify/InventoryItem/55325091430785	ACTIVE
2026-09-25T12:32:08.800Z	cde89c21f5ac	fortura-02033	569	567	ok	feed		gid://shopify/InventoryItem/55325091791233	ACTIVE
2026-09-25T12:32:08.800Z	cde89c21f5ac	fortura-02036	177	176	ok	feed		gid://shopify/InventoryItem/55325091922305	ACTIVE
2026-09-25T12:32:08.800Z	cde89c21f5ac	fortura-02676	121	119	ok	feed		gid://shopify/InventoryItem/55325091987841	ACTIVE
2026-09-25T12:32:08.800Z	cde89c21f5ac	fortura-02129	32	31	ok	feed		gid://shopify/InventoryItem/55325092544897	ACTIVE
2026-09-25T12:32:08.800Z	cde89c21f5ac	fortura-02141	11	12	ok	feed		gid://shopify/InventoryItem/55325092905345	ACTIVE
2026-09-25T12:32:08.800Z	cde89c21f5ac	fortura-02192	152	148	ok	feed		gid://shopify/InventoryItem/55325093167489	ACTIVE
2026-09-25T12:32:08.800Z	cde89c21f5ac	fortura-02225	37	36	ok	feed		gid://shopify/InventoryItem/55325093691777	ACTIVE
2026-09-25T12:32:08.800Z	cde89c21f5ac	fortura-02318	168	166	ok	feed		gid://shopify/InventoryItem/55325094084993	ACTIVE
2026-09-25T12:32:08.800Z	cde89c21f5ac	fortura-41743	3286	3282	ok	feed		gid://shopify/InventoryItem/55325094314369	ACTIVE
2026-09-25T12:32:08.800Z	cde89c21f5ac	fortura-02345	304	298	ok	feed		gid://shopify/InventoryItem/55325103325569	ACTIVE
2026-09-25T12:32:08.800Z	cde89c21f5ac	fortura-02432	128	124	ok	feed		gid://shopify/InventoryItem/55325103522177	ACTIVE
2026-09-25T12:32:08.800Z	cde89c21f5ac	fortura-45838	3946	3942	ok	feed		gid://shopify/InventoryItem/55325103554945	ACTIVE
2026-09-25T12:32:08.800Z	cde89c21f5ac	fortura-02465	135	127	ok	feed		gid://shopify/InventoryItem/55325103751553	ACTIVE
2026-09-25T12:32:08.800Z	cde89c21f5ac	fortura-03621	31	30	ok	feed		gid://shopify/InventoryItem/55325103784321	ACTIVE
2026-09-25T12:32:08.800Z	cde89c21f5ac	fortura-02483	46	44	ok	feed		gid://shopify/InventoryItem/55325103849857	ACTIVE
2026-09-25T12:32:08.800Z	cde89c21f5ac	fortura-58318	29	27	ok	feed		gid://shopify/InventoryItem/55325107061121	ACTIVE
2026-09-25T12:32:08.800Z	cde89c21f5ac	fortura-64429	41	40	ok	feed		gid://shopify/InventoryItem/55325108437377	ACTIVE
2026-09-25T12:32:08.800Z	cde89c21f5ac	fortura-71467	58	57	ok	feed		gid://shopify/InventoryItem/55325108732289	ACTIVE
2026-09-25T12:32:08.800Z	cde89c21f5ac	fortura-03767	29	28	ok	feed		gid://shopify/InventoryItem/55325109289345	ACTIVE
2026-09-25T12:32:08.801Z	cde89c21f5ac	fortura-25776	9	8	ok	feed		gid://shopify/InventoryItem/55325111943553	ACTIVE
2026-09-25T12:32:08.801Z	cde89c21f5ac	fortura-33750	1051	1062	ok	feed		gid://shopify/InventoryItem/55325113155969	ACTIVE
2026-09-25T12:32:08.801Z	cde89c21f5ac	fortura-33972	114	113	ok	feed		gid://shopify/InventoryItem/55325113450881	ACTIVE
2026-09-25T12:32:08.801Z	cde89c21f5ac	fortura-21245	5	0	ok	feed		gid://shopify/InventoryItem/55325114630529	ACTIVE
2026-09-25T12:32:08.801Z	cde89c21f5ac	fortura-42915	2	1	ok	feed		gid://shopify/InventoryItem/55325114728833	ACTIVE
2026-09-25T12:32:08.801Z	cde89c21f5ac	fortura-45837	7043	7039	ok	feed		gid://shopify/InventoryItem/55325114925441	ACTIVE
2026-09-25T12:32:08.801Z	cde89c21f5ac	fortura-33101	347	343	ok	feed		gid://shopify/InventoryItem/55325200712065	ACTIVE
2026-09-25T12:32:08.801Z	cde89c21f5ac	fortura-33518	24	23	ok	feed		gid://shopify/InventoryItem/55325200777601	ACTIVE
2026-09-25T12:32:08.801Z	cde89c21f5ac	fortura-60333	232	211	ok	feed		gid://shopify/InventoryItem/55325201629569	ACTIVE
2026-09-25T12:32:08.801Z	cde89c21f5ac	fortura-64428	301	300	ok	feed		gid://shopify/InventoryItem/55325202022785	ACTIVE
2026-09-25T12:32:08.801Z	cde89c21f5ac	fortura-430	202	201	ok	feed		gid://shopify/InventoryItem/55325202055553	ACTIVE
2026-09-25T12:32:08.801Z	cde89c21f5ac	fortura-45836	7379	7478	ok	feed		gid://shopify/InventoryItem/55325202186625	ACTIVE
2026-09-25T12:32:08.801Z	cde89c21f5ac	fortura-86055	166	164	ok	feed		gid://shopify/InventoryItem/55325204971905	ACTIVE
2026-09-25T12:32:08.801Z	cde89c21f5ac	fortura-64430	30	29	ok	feed		gid://shopify/InventoryItem/55325205332353	ACTIVE
2026-09-25T12:32:08.801Z	cde89c21f5ac	fortura-918-B	142	143	ok	feed		gid://shopify/InventoryItem/55325206479233	ACTIVE
2026-09-25T12:32:08.801Z	cde89c21f5ac	fortura-95405	110	108	ok	feed		gid://shopify/InventoryItem/55325207921025	ACTIVE
2026-09-25T12:32:08.801Z	cde89c21f5ac	fortura-940350	13	14	ok	feed		gid://shopify/InventoryItem/55407839117697	ACTIVE
2026-09-25T12:32:08.801Z	cde89c21f5ac	fortura-CK4629164	34	35	ok	feed		gid://shopify/InventoryItem/55413076623745	ACTIVE
2026-09-25T12:32:08.801Z	cde89c21f5ac	fortura-HB2899M	13	12	ok	feed		gid://shopify/InventoryItem/55323187872129	DRAFT
2026-09-25T12:32:08.801Z	cde89c21f5ac	fortura-02019	39	38	ok	feed		gid://shopify/InventoryItem/55323222966657	DRAFT
2026-09-25T12:32:08.801Z	cde89c21f5ac	fortura-02020	108	107	ok	feed		gid://shopify/InventoryItem/55323223032193	DRAFT
2026-09-25T12:32:08.801Z	cde89c21f5ac	fortura-02032	103	100	ok	feed		gid://shopify/InventoryItem/55323223196033	DRAFT
2026-09-25T12:32:08.801Z	cde89c21f5ac	fortura-02033	569	567	ok	feed		gid://shopify/InventoryItem/55323223261569	DRAFT
2026-09-25T12:32:08.801Z	cde89c21f5ac	fortura-02036	177	176	ok	feed		gid://shopify/InventoryItem/55323224179073	DRAFT
2026-09-25T12:32:08.801Z	cde89c21f5ac	fortura-02038	260	257	ok	feed		gid://shopify/InventoryItem/55323224244609	DRAFT
2026-09-25T12:32:08.801Z	cde89c21f5ac	fortura-02110	39	38	ok	feed		gid://shopify/InventoryItem/55323225194881	DRAFT
2026-09-25T12:32:08.801Z	cde89c21f5ac	fortura-02129	32	31	ok	feed		gid://shopify/InventoryItem/55323228733825	DRAFT
2026-09-25T12:32:08.801Z	cde89c21f5ac	fortura-02130	146	145	ok	feed		gid://shopify/InventoryItem/55323228799361	DRAFT
2026-09-25T12:32:08.801Z	cde89c21f5ac	fortura-02133	51	49	ok	feed		gid://shopify/InventoryItem/55323228930433	DRAFT
2026-09-25T12:32:09.704Z	cde89c21f5ac	fortura-02134	54	51	ok	feed		gid://shopify/InventoryItem/55323228963201	DRAFT
2026-09-25T12:32:09.704Z	cde89c21f5ac	fortura-02141	11	12	ok	feed		gid://shopify/InventoryItem/55323229290881	DRAFT
2026-09-25T12:32:09.704Z	cde89c21f5ac	fortura-02180	127	125	ok	feed		gid://shopify/InventoryItem/55323229356417	DRAFT
2026-09-25T12:32:09.704Z	cde89c21f5ac	fortura-02191	150	148	ok	feed		gid://shopify/InventoryItem/55323229585793	DRAFT
2026-09-25T12:32:09.704Z	cde89c21f5ac	fortura-02192	152	148	ok	feed		gid://shopify/InventoryItem/55323229618561	DRAFT
2026-09-25T12:32:09.704Z	cde89c21f5ac	fortura-02214	131	129	ok	feed		gid://shopify/InventoryItem/55323229979009	DRAFT
2026-09-25T12:32:09.704Z	cde89c21f5ac	fortura-02218	162	158	ok	feed		gid://shopify/InventoryItem/55323230208385	DRAFT
2026-09-25T12:32:09.704Z	cde89c21f5ac	fortura-02225	37	36	ok	feed		gid://shopify/InventoryItem/55323230503297	DRAFT
2026-09-25T12:32:09.704Z	cde89c21f5ac	fortura-02226	39	37	ok	feed		gid://shopify/InventoryItem/55323230536065	DRAFT
2026-09-25T12:32:09.704Z	cde89c21f5ac	fortura-02227	156	154	ok	feed		gid://shopify/InventoryItem/55323230568833	DRAFT
2026-09-25T12:32:09.704Z	cde89c21f5ac	fortura-02432	128	124	ok	feed		gid://shopify/InventoryItem/55323231814017	DRAFT
2026-09-25T12:32:09.704Z	cde89c21f5ac	fortura-02449	59	57	ok	feed		gid://shopify/InventoryItem/55323232043393	DRAFT
2026-09-25T12:32:09.704Z	cde89c21f5ac	fortura-02454	14	13	ok	feed		gid://shopify/InventoryItem/55323232108929	DRAFT
2026-09-25T12:32:09.704Z	cde89c21f5ac	fortura-02465	135	127	ok	feed		gid://shopify/InventoryItem/55323232797057	DRAFT
2026-09-25T12:32:09.704Z	cde89c21f5ac	fortura-02483	46	44	ok	feed		gid://shopify/InventoryItem/55323232960897	DRAFT
2026-09-25T12:32:09.704Z	cde89c21f5ac	fortura-02500	52	50	ok	feed		gid://shopify/InventoryItem/55323233354113	DRAFT
2026-09-25T12:32:09.704Z	cde89c21f5ac	fortura-02592	71	70	ok	feed		gid://shopify/InventoryItem/55323240169857	DRAFT
2026-09-25T12:32:09.704Z	cde89c21f5ac	fortura-02676	121	119	ok	feed		gid://shopify/InventoryItem/55323240956289	DRAFT
2026-09-25T12:32:09.704Z	cde89c21f5ac	fortura-03040	27	25	ok	feed		gid://shopify/InventoryItem/55323246461313	DRAFT
2026-09-25T12:32:09.704Z	cde89c21f5ac	fortura-03161	55	54	ok	feed		gid://shopify/InventoryItem/55323246952833	DRAFT
2026-09-25T12:32:09.704Z	cde89c21f5ac	fortura-03621	31	30	ok	feed		gid://shopify/InventoryItem/55323306852737	DRAFT
2026-09-25T12:32:09.704Z	cde89c21f5ac	fortura-03760	35	34	ok	feed		gid://shopify/InventoryItem/55323307475329	DRAFT
2026-09-25T12:32:09.704Z	cde89c21f5ac	fortura-03767	29	28	ok	feed		gid://shopify/InventoryItem/55323310653825	DRAFT
2026-09-25T12:32:09.704Z	cde89c21f5ac	fortura-063110	24	22	ok	feed		gid://shopify/InventoryItem/55323336049025	DRAFT
2026-09-25T12:32:09.704Z	cde89c21f5ac	fortura-25776	9	8	ok	feed		gid://shopify/InventoryItem/55323345387905	DRAFT
2026-09-25T12:32:09.704Z	cde89c21f5ac	fortura-33518	24	23	ok	feed		gid://shopify/InventoryItem/55323351056769	DRAFT
2026-09-25T12:32:09.704Z	cde89c21f5ac	fortura-33972	114	113	ok	feed		gid://shopify/InventoryItem/55323609039233	DRAFT
2026-09-25T12:32:09.704Z	cde89c21f5ac	fortura-90164-7	36	38	ok	feed		gid://shopify/InventoryItem/55323654291841	DRAFT
2026-09-25T12:32:09.704Z	cde89c21f5ac	fortura-90164-9	53	55	ok	feed		gid://shopify/InventoryItem/55323654357377	DRAFT
2026-09-25T12:32:09.704Z	cde89c21f5ac	fortura-90195-1	2	1	ok	feed		gid://shopify/InventoryItem/55323654390145	DRAFT
2026-09-25T12:32:09.704Z	cde89c21f5ac	fortura-90195-3	15	17	ok	feed		gid://shopify/InventoryItem/55323654488449	DRAFT
2026-09-25T12:32:09.704Z	cde89c21f5ac	fortura-918790	16	15	ok	feed		gid://shopify/InventoryItem/55323665236353	DRAFT
2026-09-25T12:32:09.704Z	cde89c21f5ac	fortura-922427	15	16	ok	feed		gid://shopify/InventoryItem/55323665826177	DRAFT
2026-09-25T12:32:09.704Z	cde89c21f5ac	fortura-924295	12	13	ok	feed		gid://shopify/InventoryItem/55323666645377	DRAFT
2026-09-25T12:32:09.704Z	cde89c21f5ac	fortura-924299	24	27	ok	feed		gid://shopify/InventoryItem/55323666776449	DRAFT
2026-09-25T12:32:09.704Z	cde89c21f5ac	fortura-CK4298180	11	12	ok	feed		gid://shopify/InventoryItem/55323668185473	DRAFT
2026-09-25T12:32:09.704Z	cde89c21f5ac	fortura-CK14348	23	22	ok	feed		gid://shopify/InventoryItem/55323669856641	DRAFT
2026-09-25T12:32:09.704Z	cde89c21f5ac	fortura-41743	3286	3282	ok	feed		gid://shopify/InventoryItem/55323672215937	DRAFT
2026-09-25T12:32:09.704Z	cde89c21f5ac	fortura-52510	8246	8358	ok	feed		gid://shopify/InventoryItem/55323672478081	DRAFT
2026-09-25T12:32:09.704Z	cde89c21f5ac	fortura-95405	110	108	ok	feed		gid://shopify/InventoryItem/55323673231745	DRAFT
2026-09-25T12:32:09.704Z	cde89c21f5ac	fortura-58090	13	12	ok	feed		gid://shopify/InventoryItem/55323801616769	DRAFT
2026-09-25T12:32:09.704Z	cde89c21f5ac	fortura-900099	41	44	ok	feed		gid://shopify/InventoryItem/55323803484545	DRAFT
2026-09-25T12:32:09.704Z	cde89c21f5ac	fortura-90032-8	9	10	ok	feed		gid://shopify/InventoryItem/55323804107137	DRAFT
2026-09-25T12:32:09.704Z	cde89c21f5ac	fortura-90033-8	16	18	ok	feed		gid://shopify/InventoryItem/55323804205441	DRAFT
2026-09-25T12:32:09.704Z	cde89c21f5ac	fortura-90259-2	9	8	ok	feed		gid://shopify/InventoryItem/55323807809921	DRAFT
2026-09-25T12:32:09.704Z	cde89c21f5ac	fortura-90259-3	17	20	ok	feed		gid://shopify/InventoryItem/55323807875457	DRAFT
2026-09-25T12:32:09.704Z	cde89c21f5ac	fortura-90262-6	23	25	ok	feed		gid://shopify/InventoryItem/55323808072065	DRAFT
2026-09-25T12:32:09.705Z	cde89c21f5ac	fortura-90264-6	20	22	ok	feed		gid://shopify/InventoryItem/55323808203137	DRAFT
2026-09-25T12:32:09.705Z	cde89c21f5ac	fortura-90265-3	13	14	ok	feed		gid://shopify/InventoryItem/55323808366977	DRAFT
2026-09-25T12:32:09.705Z	cde89c21f5ac	fortura-90403-2	5	8	ok	feed		gid://shopify/InventoryItem/55323808956801	DRAFT
2026-09-25T12:32:09.705Z	cde89c21f5ac	fortura-904460	10	11	ok	feed		gid://shopify/InventoryItem/55323809120641	DRAFT
2026-09-25T12:32:09.705Z	cde89c21f5ac	fortura-90446-6	12	14	ok	feed		gid://shopify/InventoryItem/55323809218945	DRAFT
2026-09-25T12:32:09.705Z	cde89c21f5ac	fortura-90744-9	34	35	ok	feed		gid://shopify/InventoryItem/55323812102529	DRAFT
2026-09-25T12:32:09.705Z	cde89c21f5ac	fortura-90788-7	1	3	ok	feed		gid://shopify/InventoryItem/55323812888961	DRAFT
2026-09-25T12:32:09.705Z	cde89c21f5ac	fortura-90882-5	20	21	ok	feed		gid://shopify/InventoryItem/55323814527361	DRAFT
2026-09-25T12:32:09.705Z	cde89c21f5ac	fortura-909459	7	6	ok	feed		gid://shopify/InventoryItem/55323816427905	DRAFT
2026-09-25T12:32:09.705Z	cde89c21f5ac	fortura-910081	18	20	ok	feed		gid://shopify/InventoryItem/55323818819969	DRAFT
2026-09-25T12:32:09.705Z	cde89c21f5ac	fortura-910322	31	30	ok	feed		gid://shopify/InventoryItem/55323821015425	DRAFT
2026-09-25T12:32:09.705Z	cde89c21f5ac	fortura-910322	31	30	ok	feed		gid://shopify/InventoryItem/55323821048193	DRAFT
2026-09-25T12:32:09.705Z	cde89c21f5ac	fortura-913641	34	33	ok	feed		gid://shopify/InventoryItem/55324085977473	DRAFT
2026-09-25T12:32:09.705Z	cde89c21f5ac	fortura-913842	9	11	ok	feed		gid://shopify/InventoryItem/55324086370689	DRAFT
2026-09-25T12:32:09.705Z	cde89c21f5ac	fortura-915813	11	12	ok	feed		gid://shopify/InventoryItem/55324086862209	DRAFT
2026-09-25T12:32:09.705Z	cde89c21f5ac	fortura-922421	5	6	ok	feed		gid://shopify/InventoryItem/55324090859905	DRAFT
2026-09-25T12:32:09.705Z	cde89c21f5ac	fortura-922423	17	19	ok	feed		gid://shopify/InventoryItem/55324090990977	DRAFT
2026-09-25T12:32:09.705Z	cde89c21f5ac	fortura-922424	20	22	ok	feed		gid://shopify/InventoryItem/55324091023745	DRAFT
2026-09-25T12:32:09.705Z	cde89c21f5ac	fortura-922426	15	16	ok	feed		gid://shopify/InventoryItem/55324091056513	DRAFT
2026-09-25T12:32:09.705Z	cde89c21f5ac	fortura-922428	15	16	ok	feed		gid://shopify/InventoryItem/55324091089281	DRAFT
2026-09-25T12:32:09.705Z	cde89c21f5ac	fortura-922438	17	19	ok	feed		gid://shopify/InventoryItem/55324091187585	DRAFT
2026-09-25T12:32:09.705Z	cde89c21f5ac	fortura-922881	14	13	ok	feed		gid://shopify/InventoryItem/55324092137857	DRAFT
2026-09-25T12:32:09.705Z	cde89c21f5ac	fortura-924697	8	9	ok	feed		gid://shopify/InventoryItem/55324096430465	DRAFT
2026-09-25T12:32:09.705Z	cde89c21f5ac	fortura-925438	2	3	ok	feed		gid://shopify/InventoryItem/55324098167169	DRAFT
2026-09-25T12:32:09.705Z	cde89c21f5ac	fortura-92855	37	38	ok	feed		gid://shopify/InventoryItem/55324100723073	DRAFT
2026-09-25T12:32:09.705Z	cde89c21f5ac	fortura-929012	9	11	ok	feed		gid://shopify/InventoryItem/55324101083521	DRAFT
2026-09-25T12:32:09.705Z	cde89c21f5ac	fortura-929013	6	8	ok	feed		gid://shopify/InventoryItem/55324101214593	DRAFT
2026-09-25T12:32:09.705Z	cde89c21f5ac	fortura-929064	5	6	ok	feed		gid://shopify/InventoryItem/55324101771649	DRAFT
2026-09-25T12:32:09.705Z	cde89c21f5ac	fortura-91383	28	24	ok	feed		gid://shopify/InventoryItem/55324293988737	DRAFT
2026-09-25T12:32:09.705Z	cde89c21f5ac	fortura-33101	347	343	ok	feed		gid://shopify/InventoryItem/55324295692673	DRAFT
2026-09-25T12:32:09.705Z	cde89c21f5ac	fortura-64428	301	300	ok	feed		gid://shopify/InventoryItem/55324296380801	DRAFT
2026-09-25T12:32:09.705Z	cde89c21f5ac	fortura-64429	41	40	ok	feed		gid://shopify/InventoryItem/55324296413569	DRAFT
2026-09-25T12:32:09.705Z	cde89c21f5ac	fortura-64430	30	29	ok	feed		gid://shopify/InventoryItem/55324296675713	DRAFT
2026-09-25T12:32:09.705Z	cde89c21f5ac	fortura-918-B	142	143	ok	feed		gid://shopify/InventoryItem/55324296937857	DRAFT
2026-09-25T12:32:09.705Z	cde89c21f5ac	fortura-HB253536	2	1	ok	feed		gid://shopify/InventoryItem/55324332163457	DRAFT
2026-09-25T12:32:09.705Z	cde89c21f5ac	fortura-940350	13	14	ok	feed		gid://shopify/InventoryItem/55324333212033	DRAFT
2026-09-25T12:32:09.705Z	cde89c21f5ac	fortura-94746-8	20	22	ok	feed		gid://shopify/InventoryItem/55324336619905	DRAFT
2026-09-25T12:32:09.705Z	cde89c21f5ac	fortura-948293	23	22	ok	feed		gid://shopify/InventoryItem/55324341993857	DRAFT
2026-09-25T12:32:09.705Z	cde89c21f5ac	fortura-94908-7	16	18	ok	feed		gid://shopify/InventoryItem/55324369781121	DRAFT
2026-09-25T12:32:09.705Z	cde89c21f5ac	fortura-95534-6	14	15	ok	feed		gid://shopify/InventoryItem/55324375581057	DRAFT
2026-09-25T12:32:09.705Z	cde89c21f5ac	fortura-95534-7	18	19	ok	feed		gid://shopify/InventoryItem/55324375679361	DRAFT
2026-09-25T12:32:09.705Z	cde89c21f5ac	fortura-95534-8	16	17	ok	feed		gid://shopify/InventoryItem/55324375777665	DRAFT
2026-09-25T12:32:09.705Z	cde89c21f5ac	fortura-95550-8	8	9	ok	feed		gid://shopify/InventoryItem/55324376564097	DRAFT
2026-09-25T12:32:09.705Z	cde89c21f5ac	fortura-95651-2	7	8	ok	feed		gid://shopify/InventoryItem/55324376859009	DRAFT
2026-09-25T12:32:09.705Z	cde89c21f5ac	fortura-95651-3	10	11	ok	feed		gid://shopify/InventoryItem/55324377055617	DRAFT
2026-09-25T12:32:09.705Z	cde89c21f5ac	fortura-97585	37	36	ok	feed		gid://shopify/InventoryItem/55324423356801	DRAFT
2026-09-25T12:32:09.705Z	cde89c21f5ac	fortura-99879-4	4	3	ok	feed		gid://shopify/InventoryItem/55324430238081	DRAFT
2026-09-25T12:32:09.705Z	cde89c21f5ac	fortura-BO79221	9	11	ok	feed		gid://shopify/InventoryItem/55324445704577	DRAFT
2026-09-25T12:32:09.705Z	cde89c21f5ac	fortura-BO82340	22	24	ok	feed		gid://shopify/InventoryItem/55324448522625	DRAFT
2026-09-25T12:32:09.705Z	cde89c21f5ac	fortura-BO83806	18	17	ok	feed		gid://shopify/InventoryItem/55324452913537	DRAFT
2026-09-25T12:32:09.705Z	cde89c21f5ac	fortura-BO84459	7	8	ok	feed		gid://shopify/InventoryItem/55324462219649	DRAFT
2026-09-25T12:32:09.705Z	cde89c21f5ac	fortura-BO84460	8	9	ok	feed		gid://shopify/InventoryItem/55324462547329	DRAFT
2026-09-25T12:32:09.705Z	cde89c21f5ac	fortura-CK464186	8	10	ok	feed		gid://shopify/InventoryItem/55324514386305	DRAFT
2026-09-25T12:32:10.662Z	cde89c21f5ac	fortura-CK4640152	3	5	ok	feed		gid://shopify/InventoryItem/55324514517377	DRAFT
2026-09-25T12:32:10.662Z	cde89c21f5ac	fortura-CK8875	27	26	ok	feed		gid://shopify/InventoryItem/55324518089089	DRAFT
2026-09-25T12:32:10.662Z	cde89c21f5ac	fortura-HB220556	2	1	ok	feed		gid://shopify/InventoryItem/55324595978625	DRAFT
2026-09-25T12:32:10.662Z	cde89c21f5ac	fortura-HB263040	12	11	ok	feed		gid://shopify/InventoryItem/55324604858753	DRAFT
2026-09-25T12:32:10.662Z	cde89c21f5ac	fortura-HB270138	3	2	ok	feed		gid://shopify/InventoryItem/55324607611265	DRAFT
2026-09-25T12:32:10.662Z	cde89c21f5ac	fortura-HB270236	3	2	ok	feed		gid://shopify/InventoryItem/55324610331009	DRAFT
2026-09-25T12:32:10.662Z	cde89c21f5ac	fortura-HB2751L	6	7	ok	feed		gid://shopify/InventoryItem/55324634546561	DRAFT
2026-09-25T12:32:10.662Z	cde89c21f5ac	fortura-HB2756M	2	3	ok	feed		gid://shopify/InventoryItem/55324637299073	DRAFT
2026-09-25T12:32:10.662Z	cde89c21f5ac	fortura-HB2755XL	5	4	ok	feed		gid://shopify/InventoryItem/55324639953281	DRAFT
2026-09-25T12:32:10.662Z	cde89c21f5ac	fortura-HB2755XXXL	4	5	ok	feed		gid://shopify/InventoryItem/55324640084353	DRAFT
2026-09-25T12:32:10.662Z	cde89c21f5ac	fortura-HB2756XXXL	2	3	ok	feed		gid://shopify/InventoryItem/55324642673025	DRAFT
2026-09-25T12:32:10.662Z	cde89c21f5ac	fortura-HB2775M	7	6	ok	feed		gid://shopify/InventoryItem/55324647817601	DRAFT
2026-09-25T12:32:10.662Z	cde89c21f5ac	fortura-HB287650	6	5	ok	feed		gid://shopify/InventoryItem/55324666233217	DRAFT
2026-09-25T12:32:10.662Z	cde89c21f5ac	fortura-HB287654	6	5	ok	feed		gid://shopify/InventoryItem/55324666298753	DRAFT
2026-09-25T12:32:10.662Z	cde89c21f5ac	fortura-HB287656	6	7	ok	feed		gid://shopify/InventoryItem/55324666331521	DRAFT
2026-09-25T12:32:10.662Z	cde89c21f5ac	fortura-HB287652	8	7	ok	feed		gid://shopify/InventoryItem/55324671443329	DRAFT
2026-09-25T12:32:10.662Z	cde89c21f5ac	fortura-HB287658	5	4	ok	feed		gid://shopify/InventoryItem/55324671541633	DRAFT
2026-09-25T12:32:10.662Z	cde89c21f5ac	fortura-HB3550L	6	8	ok	feed		gid://shopify/InventoryItem/55324703981953	DRAFT
2026-09-25T12:32:10.662Z	cde89c21f5ac	fortura-HB3550XL	4	6	ok	feed		gid://shopify/InventoryItem/55324704080257	DRAFT
2026-09-25T12:32:10.662Z	cde89c21f5ac	fortura-HB362038	1	0	ok	feed		gid://shopify/InventoryItem/55324704178561	DRAFT
2026-09-25T12:32:10.662Z	cde89c21f5ac	fortura-HB502548	19	17	ok	feed		gid://shopify/InventoryItem/55324728951169	DRAFT
2026-09-25T12:32:10.662Z	cde89c21f5ac	fortura-HB502554	6	4	ok	feed		gid://shopify/InventoryItem/55324729049473	DRAFT
2026-09-25T12:32:10.662Z	cde89c21f5ac	fortura-HB502552	11	7	ok	feed		gid://shopify/InventoryItem/55324731572609	DRAFT
2026-09-25T12:32:10.662Z	cde89c21f5ac	fortura-HB502550	14	12	ok	feed		gid://shopify/InventoryItem/55324731605377	DRAFT
2026-09-25T12:32:10.663Z	cde89c21f5ac	fortura-HB502550	14	12	ok	feed		gid://shopify/InventoryItem/55324731638145	DRAFT
2026-09-25T12:32:10.663Z	cde89c21f5ac	fortura-HB502650	2	1	ok	feed		gid://shopify/InventoryItem/55324731670913	DRAFT
2026-09-25T12:32:10.663Z	cde89c21f5ac	fortura-HB512556	1	0	ok	feed		gid://shopify/InventoryItem/55324737077633	DRAFT
2026-09-25T12:32:10.663Z	cde89c21f5ac	fortura-HB512552	1	0	ok	feed		gid://shopify/InventoryItem/55324747727233	DRAFT
2026-09-25T12:32:10.663Z	cde89c21f5ac	fortura-HB512554	3	2	ok	feed		gid://shopify/InventoryItem/55324747760001	DRAFT
2026-09-25T12:32:10.663Z	cde89c21f5ac	fortura-HB525562	4	3	ok	feed		gid://shopify/InventoryItem/55324758442369	DRAFT
2026-09-25T12:32:10.663Z	cde89c21f5ac	fortura-OR7866-56	7	9	ok	feed		gid://shopify/InventoryItem/55324795371905	DRAFT
2026-09-25T12:32:10.663Z	cde89c21f5ac	fortura-OR796946-48	8	7	ok	feed		gid://shopify/InventoryItem/55324795502977	DRAFT
2026-09-25T12:32:10.663Z	cde89c21f5ac	fortura-OR796946-48	8	7	ok	feed		gid://shopify/InventoryItem/55324795535745	DRAFT
2026-09-25T12:32:10.663Z	cde89c21f5ac	fortura-PC66056	9	10	ok	feed		gid://shopify/InventoryItem/55324802646401	DRAFT
2026-09-25T12:32:10.663Z	cde89c21f5ac	fortura-90749	20	19	ok	feed		gid://shopify/InventoryItem/55324806840705	DRAFT
2026-09-25T12:32:10.663Z	cde89c21f5ac	fortura-904411	68	67	ok	feed		gid://shopify/InventoryItem/55324807102849	DRAFT
2026-09-25T12:32:10.663Z	cde89c21f5ac	fortura-906760	22	21	ok	feed		gid://shopify/InventoryItem/55324808020353	DRAFT
2026-09-25T12:32:10.663Z	cde89c21f5ac	fortura-95961	33	32	ok	feed		gid://shopify/InventoryItem/55324810281345	DRAFT
2026-09-25T12:32:10.663Z	cde89c21f5ac	fortura-95961	33	32	ok	feed		gid://shopify/InventoryItem/55324810346881	DRAFT
2026-09-25T12:32:10.663Z	cde89c21f5ac	fortura-96108	103	102	ok	feed		gid://shopify/InventoryItem/55324810543489	DRAFT
2026-09-25T12:32:10.663Z	cde89c21f5ac	fortura-974971	3	2	ok	feed		gid://shopify/InventoryItem/55324811166081	DRAFT
2026-09-25T12:32:10.663Z	cde89c21f5ac	fortura-974971	3	2	ok	feed		gid://shopify/InventoryItem/55324811198849	DRAFT
2026-09-25T12:32:10.663Z	cde89c21f5ac	fortura-BO54389	42	41	ok	feed		gid://shopify/InventoryItem/55324813164929	DRAFT
2026-09-25T12:32:10.663Z	cde89c21f5ac	fortura-BO44560	35	34	ok	feed		gid://shopify/InventoryItem/55324813328769	DRAFT
2026-09-25T12:32:10.663Z	cde89c21f5ac	fortura-BO86060	225	224	ok	feed		gid://shopify/InventoryItem/55324816245121	DRAFT
2026-09-25T12:32:10.663Z	cde89c21f5ac	fortura-CK14102	68	67	ok	feed		gid://shopify/InventoryItem/55324817588609	DRAFT
2026-09-25T12:32:10.663Z	cde89c21f5ac	fortura-99122	30	28	ok	feed		gid://shopify/InventoryItem/55324819784065	DRAFT
2026-09-25T12:32:10.663Z	cde89c21f5ac	fortura-OR47166.02	151	149	ok	feed		gid://shopify/InventoryItem/55324820210049	DRAFT
2026-09-25T12:32:10.663Z	cde89c21f5ac	fortura-HB80954346	51	50	ok	feed		gid://shopify/InventoryItem/55324821750145	DRAFT
2026-09-25T12:32:10.663Z	cde89c21f5ac	fortura-WO66820-E43	84	85	ok	feed		gid://shopify/InventoryItem/55324822176129	DRAFT
2026-09-25T12:32:10.663Z	cde89c21f5ac	fortura-10052	7157	6957	ok	feed		gid://shopify/InventoryItem/55324827124097	DRAFT
2026-09-25T12:32:10.663Z	cde89c21f5ac	fortura-10055	2787	2586	ok	feed		gid://shopify/InventoryItem/55324827156865	DRAFT
2026-09-25T12:32:10.663Z	cde89c21f5ac	fortura-21245	5	0	ok	feed		gid://shopify/InventoryItem/55324827320705	DRAFT
2026-09-25T12:32:10.663Z	cde89c21f5ac	fortura-45593	15501	15477	ok	feed		gid://shopify/InventoryItem/55324828533121	DRAFT
2026-09-25T12:32:10.663Z	cde89c21f5ac	fortura-HB8059	173	171	ok	feed		gid://shopify/InventoryItem/55324828598657	DRAFT
2026-09-25T12:32:10.663Z	cde89c21f5ac	fortura-45836	7379	7478	ok	feed		gid://shopify/InventoryItem/55324828631425	DRAFT
2026-09-25T12:32:10.663Z	cde89c21f5ac	fortura-52304RO	37	36	ok	feed		gid://shopify/InventoryItem/55324829712769	DRAFT
2026-09-25T12:32:10.663Z	cde89c21f5ac	fortura-10054	4652	4452	ok	feed		gid://shopify/InventoryItem/55324829843841	DRAFT
2026-09-25T12:32:10.663Z	cde89c21f5ac	fortura-52304SW	369	367	ok	feed		gid://shopify/InventoryItem/55324829876609	DRAFT
2026-09-25T12:32:10.663Z	cde89c21f5ac	fortura-57824	6286	6358	ok	feed		gid://shopify/InventoryItem/55324829974913	DRAFT
2026-09-25T12:32:10.663Z	cde89c21f5ac	fortura-33750	1051	1062	ok	feed		gid://shopify/InventoryItem/55324830630273	DRAFT
2026-09-25T12:32:10.663Z	cde89c21f5ac	fortura-41343	2317	2289	ok	feed		gid://shopify/InventoryItem/55324830925185	DRAFT
2026-09-25T12:32:10.663Z	cde89c21f5ac	fortura-87251	13599	13499	ok	feed		gid://shopify/InventoryItem/55324831023489	DRAFT
2026-09-25T12:32:10.663Z	cde89c21f5ac	fortura-42900	6142	6140	ok	feed		gid://shopify/InventoryItem/55324831252865	DRAFT
2026-09-25T12:32:10.663Z	cde89c21f5ac	fortura-42915	2	1	ok	feed		gid://shopify/InventoryItem/55324831351169	DRAFT
2026-09-25T12:32:10.663Z	cde89c21f5ac	fortura-430	202	201	ok	feed		gid://shopify/InventoryItem/55324831416705	DRAFT
2026-09-25T12:32:10.663Z	cde89c21f5ac	fortura-45595	19738	19588	ok	feed		gid://shopify/InventoryItem/55324831809921	DRAFT
2026-09-25T12:32:10.663Z	cde89c21f5ac	fortura-45837	7043	7039	ok	feed		gid://shopify/InventoryItem/55324831973761	DRAFT
2026-09-25T12:32:10.663Z	cde89c21f5ac	fortura-45838	3946	3942	ok	feed		gid://shopify/InventoryItem/55324832170369	DRAFT
2026-09-25T12:32:10.663Z	cde89c21f5ac	fortura-58317	24	16	ok	feed		gid://shopify/InventoryItem/55324832694657	DRAFT
2026-09-25T12:32:10.663Z	cde89c21f5ac	fortura-59754	2164	2116	ok	feed		gid://shopify/InventoryItem/55324832825729	DRAFT
2026-09-25T12:32:10.663Z	cde89c21f5ac	fortura-60333	232	211	ok	feed		gid://shopify/InventoryItem/55324832989569	DRAFT
2026-09-25T12:32:10.663Z	cde89c21f5ac	fortura-58318	29	27	ok	feed		gid://shopify/InventoryItem/55324833022337	DRAFT
2026-09-25T12:32:10.663Z	cde89c21f5ac	fortura-60645	3024	3095	ok	feed		gid://shopify/InventoryItem/55324833120641	DRAFT
2026-09-25T12:32:10.664Z	cde89c21f5ac	fortura-59755	2703	2655	ok	feed		gid://shopify/InventoryItem/55324833251713	DRAFT
2026-09-25T12:32:10.664Z	cde89c21f5ac	fortura-71467	58	57	ok	feed		gid://shopify/InventoryItem/55324833612161	DRAFT
2026-09-25T12:32:10.664Z	cde89c21f5ac	fortura-84771	1372	1371	ok	feed		gid://shopify/InventoryItem/55324834333057	DRAFT
2026-09-25T12:32:10.664Z	cde89c21f5ac	fortura-80489-1	249	255	ok	feed		gid://shopify/InventoryItem/55324834464129	DRAFT
2026-09-25T12:32:10.664Z	cde89c21f5ac	fortura-86055	166	164	ok	feed		gid://shopify/InventoryItem/55324834529665	DRAFT
2026-09-25T12:32:10.664Z	cde89c21f5ac	fortura-87243	1185	1101	ok	feed		gid://shopify/InventoryItem/55324834627969	DRAFT
2026-09-25T12:32:10.664Z	cde89c21f5ac	fortura-90979-2	9	13	ok	feed		gid://shopify/InventoryItem/55324900852097	DRAFT
2026-09-25T12:32:10.664Z	cde89c21f5ac	fortura-915813	11	12	ok	feed		gid://shopify/InventoryItem/55324913107329	DRAFT
2026-09-25T12:32:10.664Z	cde89c21f5ac	fortura-940350	13	14	ok	feed		gid://shopify/InventoryItem/55324921954689	DRAFT
2026-09-25T12:32:10.664Z	cde89c21f5ac	fortura-99879-4	4	3	ok	feed		gid://shopify/InventoryItem/55324938994049	DRAFT
2026-09-25T12:32:10.664Z	cde89c21f5ac	fortura-CK4629164	34	35	ok	feed		gid://shopify/InventoryItem/55324954034561	DRAFT
2026-09-25T12:32:10.664Z	cde89c21f5ac	fortura-HB80903942	14	13	ok	feed		gid://shopify/InventoryItem/55325020062081	DRAFT
2026-09-25T12:32:10.664Z	cde89c21f5ac	fortura-HB80954346	51	50	ok	feed		gid://shopify/InventoryItem/55325020094849	DRAFT
2026-09-25T12:32:10.664Z	cde89c21f5ac	fortura-WO66820-E43	84	85	ok	feed		gid://shopify/InventoryItem/55325021405569	DRAFT
2026-09-25T12:32:10.664Z	cde89c21f5ac	fortura-HB8059	173	171	ok	feed		gid://shopify/InventoryItem/55325082583425	DRAFT
2026-09-25T12:32:10.664Z	cde89c21f5ac	fortura-HB8079	39	38	ok	feed		gid://shopify/InventoryItem/55325086810497	DRAFT
2026-09-25T12:32:10.664Z	cde89c21f5ac	fortura-10054	4652	4452	ok	feed		gid://shopify/InventoryItem/55325088383361	DRAFT
2026-09-25T12:32:10.664Z	cde89c21f5ac	fortura-02187	116	112	ok	feed		gid://shopify/InventoryItem/55325088448897	DRAFT
2026-09-25T12:32:10.664Z	cde89c21f5ac	fortura-02180	127	125	ok	feed		gid://shopify/InventoryItem/55325093036417	DRAFT
2026-09-25T12:32:10.664Z	cde89c21f5ac	fortura-45595	19738	19588	ok	feed		gid://shopify/InventoryItem/55325103292801	DRAFT
2026-09-25T12:32:10.664Z	cde89c21f5ac	fortura-52510	8246	8358	ok	feed		gid://shopify/InventoryItem/55325105324417	DRAFT
2026-09-25T12:32:10.664Z	cde89c21f5ac	fortura-59755	2703	2655	ok	feed		gid://shopify/InventoryItem/55325107552641	DRAFT
2026-09-25T12:32:10.664Z	cde89c21f5ac	fortura-03161	55	54	ok	feed		gid://shopify/InventoryItem/55325107847553	DRAFT
2026-09-25T12:32:10.664Z	cde89c21f5ac	fortura-10052	7157	6957	ok	feed		gid://shopify/InventoryItem/55325112566145	DRAFT
2026-09-25T12:32:10.664Z	cde89c21f5ac	fortura-10055	2787	2586	ok	feed		gid://shopify/InventoryItem/55325112664449	DRAFT
2026-09-25T12:32:10.664Z	cde89c21f5ac	fortura-41343	2317	2289	ok	feed		gid://shopify/InventoryItem/55325113745793	DRAFT
2026-09-25T12:32:11.434Z	cde89c21f5ac	fortura-42900	6142	6140	ok	feed		gid://shopify/InventoryItem/55325114663297	DRAFT
2026-09-25T12:32:11.435Z	cde89c21f5ac	fortura-58317	24	16	ok	feed		gid://shopify/InventoryItem/55325201006977	DRAFT
2026-09-25T12:32:11.435Z	cde89c21f5ac	fortura-59754	2164	2116	ok	feed		gid://shopify/InventoryItem/55325201334657	DRAFT
2026-09-25T12:32:11.435Z	cde89c21f5ac	fortura-60645	3024	3095	ok	feed		gid://shopify/InventoryItem/55325201760641	DRAFT
2026-09-25T12:32:11.435Z	cde89c21f5ac	fortura-45593	15501	15477	ok	feed		gid://shopify/InventoryItem/55325202121089	DRAFT
2026-09-25T12:32:11.435Z	cde89c21f5ac	fortura-80489-1	249	255	ok	feed		gid://shopify/InventoryItem/55325202776449	DRAFT
2026-09-25T12:32:11.435Z	cde89c21f5ac	fortura-52304RO	37	36	ok	feed		gid://shopify/InventoryItem/55325204316545	DRAFT
2026-09-25T12:32:11.435Z	cde89c21f5ac	fortura-52304SW	369	367	ok	feed		gid://shopify/InventoryItem/55325204414849	DRAFT
2026-09-25T12:32:11.435Z	cde89c21f5ac	fortura-84771	1372	1371	ok	feed		gid://shopify/InventoryItem/55325204578689	DRAFT
2026-09-25T12:32:11.435Z	cde89c21f5ac	fortura-57824	6286	6358	ok	feed		gid://shopify/InventoryItem/55325204676993	DRAFT
2026-09-25T12:32:11.435Z	cde89c21f5ac	fortura-87243	1185	1101	ok	feed		gid://shopify/InventoryItem/55325205299585	DRAFT
2026-09-25T12:32:11.435Z	cde89c21f5ac	fortura-87251	13599	13499	ok	feed		gid://shopify/InventoryItem/55325207036289	DRAFT
2026-09-25T12:32:11.435Z	cde89c21f5ac	fortura-90264-7	33	35	ok	feed		gid://shopify/InventoryItem/55412599521665	DRAFT
2026-09-25T12:32:11.435Z	cde89c21f5ac	fortura-HB263040	12	11	ok	feed		gid://shopify/InventoryItem/55412643266945	DRAFT
2026-09-25T12:32:11.435Z	cde89c21f5ac	fortura-HB287460	3	2	ok	feed		gid://shopify/InventoryItem/55412653162881	DRAFT
2026-09-25T12:32:11.435Z	cde89c21f5ac	fortura-HB80903942	14	13	ok	feed		gid://shopify/InventoryItem/55412669612417	DRAFT
2026-09-25T12:32:11.435Z	cde89c21f5ac	fortura-HB80954346	51	50	ok	feed		gid://shopify/InventoryItem/55412669645185	DRAFT
2026-09-25T12:32:11.435Z	cde89c21f5ac	fortura-WO66820-E43	84	85	ok	feed		gid://shopify/InventoryItem/55412671906177	DRAFT
