elegantes-sommerkleid-a-linie-hemdkragen-fliessend-damen-3-farben	Apparel & Accessories > Clothing	Apparel & Accessories > Clothing > Dresses
strand-rock-a-linie-mit-ruschen-doppellagig-fliessend-damen-4-farben	Apparel & Accessories > Clothing	Apparel & Accessories > Clothing > Skirts
herren-business-poloshirt-gestrickte-ice-silk-kuhlend-m-3xl-2-farben	Apparel & Accessories > Clothing	Apparel & Accessories > Clothing > Shirts & Tops
bikini-set-damen-einteilig-schmeichelhaft-s-3xl-mehrere-farben	Apparel & Accessories > Clothing	Apparel & Accessories > Clothing > Swimwear
leinenhose-damen-baumwoll-leinen-locker-atmungsaktiv-viele-farben	Apparel & Accessories > Clothing	Apparel & Accessories > Clothing > Pants
neckholder-sommerkleid-mit-blumen-print-v-ausschnitt-damen	Apparel & Accessories > Clothing	Apparel & Accessories > Clothing > Dresses
2-teiliges-sommer-set-zip-top-ruschen-shorts-damen	Apparel & Accessories > Clothing	Apparel & Accessories > Clothing > Outfit Sets
strand-cardigan-riviera-leichter-uv-schutz-uberwurf	Apparel & Accessories > Clothing	Apparel & Accessories > Clothing > Shirts & Tops
relaxed-fit-hoodie-cosy-mit-fell-panel-kordelzug	Apparel & Accessories > Clothing	Apparel & Accessories > Clothing > Shirts & Tops
spitzen-tragertop-lacey-feminines-sommer-basic	Apparel & Accessories > Clothing	Apparel & Accessories > Clothing > Shirts & Tops
2-teilige-mesh-bluse-resille-langarm-mit-hollow-out	Apparel & Accessories > Clothing	Apparel & Accessories > Clothing > Outfit Sets
strand-maxikleid-bali-luftiges-stufenkleid	Apparel & Accessories > Clothing	Apparel & Accessories > Clothing > Dresses
polka-dot-retro-kleid-daisy-deep-v-mit-schleife	Apparel & Accessories > Clothing	Apparel & Accessories > Clothing > Dresses
sommerkleid-savanna-western-style-midi	Apparel & Accessories > Clothing	Apparel & Accessories > Clothing > Dresses
blumen-maxikleid-fleurette-neckholder-mit-fishtail	Apparel & Accessories > Clothing	Apparel & Accessories > Clothing > Dresses
herren-sommerhemd-monsieur-french-court-style-kurzarm	Apparel & Accessories > Clothing	Apparel & Accessories > Clothing > Shirts & Tops
etuikleid-lumea-cut-out-sheath	Apparel & Accessories > Clothing	Apparel & Accessories > Clothing > Dresses
midikleid-bluette-fake-2-teiler-mit-v-ausschnitt	Apparel & Accessories > Clothing	Apparel & Accessories > Clothing > Dresses
schnurkleid-noir-schleifen-detail	Apparel & Accessories > Clothing	Apparel & Accessories > Clothing > Dresses
off-shoulder-kleid-brise-locker-armellos	Apparel & Accessories > Clothing	Apparel & Accessories > Clothing > Dresses
sommerkleid-dos-nu-locker-mit-rucken-cut-out	Apparel & Accessories > Clothing	Apparel & Accessories > Clothing > Dresses
t-shirt-kleid-casa-locker-mit-print	Apparel & Accessories > Clothing	Apparel & Accessories > Clothing > Dresses
herren-sommershirt-breeze-leicht-atmungsaktiv	Apparel & Accessories > Clothing	Apparel & Accessories > Clothing > Shirts & Tops
herren-strickshirt-riviera-cord-kurzarm	Apparel & Accessories > Clothing	Apparel & Accessories > Clothing > Shirts & Tops
herren-leinenhose-lino-locker-atmungsaktiv	Apparel & Accessories > Clothing	Apparel & Accessories > Clothing > Pants
slip-kleid-nuit-v-ausschnitt-langarm-elegant	Apparel & Accessories > Clothing	Apparel & Accessories > Clothing > Underwear & Socks
boho-kleid-ibiza-baumwoll-leinen-locker	Apparel & Accessories > Clothing	Apparel & Accessories > Clothing > Dresses
sommer-top-sole-v-neck-mit-knopfleiste	Apparel & Accessories > Clothing	Apparel & Accessories > Clothing > Shirts & Tops
langarm-top-dentelle-spitzen-panel-color-block	Apparel & Accessories > Clothing	Apparel & Accessories > Clothing > Shirts & Tops
wide-leg-hose-largo-gerades-bein-elegant	Apparel & Accessories > Clothing	Apparel & Accessories > Clothing > Pants
boho-resort-set-2-teilig-sommer-kollektion-2026-top-hose	Apparel & Accessories > Clothing	Apparel & Accessories > Clothing > Outfit Sets
spitzen-bluse-mit-schleife-damen-patchwork-design-sommer-2026	Apparel & Accessories > Clothing	Apparel & Accessories > Clothing > Shirts & Tops
mini-kleid-mit-ruschen-spaghetti-trager-elastisch-sommer-2026	Apparel & Accessories > Clothing	Apparel & Accessories > Clothing > Dresses
wide-leg-hose-damen-fliessend-locker-elegant-2026	Apparel & Accessories > Clothing	Apparel & Accessories > Clothing > Pants
cropped-blazer-damen-mit-pailletten-detail	Apparel & Accessories > Clothing	Apparel & Accessories > Clothing > Outerwear > Coats & Jackets
jumpsuit-mit-blazer-kragen-damen-chic-uni-sommer-2026	Apparel & Accessories > Clothing	Apparel & Accessories > Clothing > One-Pieces > Jumpsuits & Rompers
bandeau-top-uni-damen-schulterfrei-elastisch-sommer-2026	Apparel & Accessories > Clothing	Apparel & Accessories > Clothing > Shirts & Tops
sommerkleid-armellos-damen-tailliert-elegant-schwarz	Apparel & Accessories > Clothing	Apparel & Accessories > Clothing > Dresses
floral-sommerkleid-marguerite-ruschen-trager-figurbetont	Apparel & Accessories > Clothing	Apparel & Accessories > Clothing > Dresses
off-shoulder-plisseekleid-aurelie-schulterfrei-fliessend-damen-4-farben	Apparel & Accessories > Clothing	Apparel & Accessories > Clothing > Dresses
etuikleid-bureau-ruschenarmel-hohe-taille-damen-s-3xl-6-farben	Apparel & Accessories > Clothing	Apparel & Accessories > Clothing > Dresses
floral-sommerkleid-capucine-puffarmel-leicht-luftig-damen	Apparel & Accessories > Clothing	Apparel & Accessories > Clothing > Dresses
high-waist-hose-lina-wide-leg-fliessend-damen-s-2xl	Apparel & Accessories > Clothing	Apparel & Accessories > Clothing > Pants
tunika-mini-kleid-riva-v-ausschnitt-strand-stil-damen	Apparel & Accessories > Clothing	Apparel & Accessories > Clothing > Dresses
long-weste-resort-armellos-color-block-mit-schleife	Apparel & Accessories > Clothing	Apparel & Accessories > Clothing > Outerwear > Vests
workout-set-active-2-teilig-geripptes-tank-damen	Apparel & Accessories > Clothing	Apparel & Accessories > Clothing > Outfit Sets
sommer-set-riviera-2-teilig-lassig-damen	Apparel & Accessories > Clothing	Apparel & Accessories > Clothing > Outfit Sets
herren-set-resort-kurzarm-hemd-hose	Apparel & Accessories > Clothing	Apparel & Accessories > Clothing > Outfit Sets
long-blazer-milano-uni-ohne-knopfe-damen	Apparel & Accessories > Clothing	Apparel & Accessories > Clothing > Outerwear > Coats & Jackets
kapuzen-cardigan-cosy-uni-mit-knopfen-damen	Apparel & Accessories > Clothing	Apparel & Accessories > Clothing > Shirts & Tops
boho-jeansjacke-dentelle-denim-mit-spitzen-panel	Apparel & Accessories > Clothing	Apparel & Accessories > Clothing > Outerwear > Coats & Jackets
jeans-shorts-cristal-strass-besatz-mid-rise-stretch	Apparel & Accessories > Clothing	Apparel & Accessories > Clothing > Shorts
sommerkleid-sole-casual-midi-raglan-armel	Apparel & Accessories > Clothing	Apparel & Accessories > Clothing > Dresses
strick-cardigan-boheme-pointelle-leicht-offen	Apparel & Accessories > Clothing	Apparel & Accessories > Clothing > Shirts & Tops
strandkleid-mare-boho-midi-mit-volants-quasten	Apparel & Accessories > Clothing	Apparel & Accessories > Clothing > Dresses
herren-sommerhemd-lido-stehkragen-kurzarm-leinen-look	Apparel & Accessories > Clothing	Apparel & Accessories > Clothing > Shirts & Tops
boho-jacke-fiore-bluten-stickerei-bindeband	Apparel & Accessories > Clothing	Apparel & Accessories > Clothing > Outerwear > Coats & Jackets
boho-kleid-indigo-armellos-mit-knopfleiste-volant	Apparel & Accessories > Clothing	Apparel & Accessories > Clothing > Dresses
sommer-playsuit-marigold-bluten-print-trager	Apparel & Accessories > Clothing	Apparel & Accessories > Clothing > One-Pieces > Jumpsuits & Rompers
unisex-t-shirt-selbst-gestalten	Apparel & Accessories > Clothing	Apparel & Accessories > Clothing > Shirts & Tops
unisex-hoodie-selbst-gestalten	Apparel & Accessories > Clothing	Apparel & Accessories > Clothing > Shirts & Tops
klassisches-unisex-t-shirt-selbst-gestalten	Apparel & Accessories > Clothing	Apparel & Accessories > Clothing > Shirts & Tops
herren-strickhemd-amalfi-ajour-knit-camp-kragen	Apparel & Accessories > Clothing	Apparel & Accessories > Clothing > Shirts & Tops
herren-slip-on-sail-canvas-leichte-sohle	Apparel & Accessories > Clothing	Apparel & Accessories > Clothing > Underwear & Socks
herren-set-costa-kapuzen-shirt-jogger	Apparel & Accessories > Clothing	Apparel & Accessories > Clothing > Outfit Sets
leinen-set-lino-weste-weite-hose	Apparel & Accessories > Clothing	Apparel & Accessories > Clothing > Outfit Sets
tennis-kleid-match-plissee-integrierte-shorts	Apparel & Accessories > Clothing	Apparel & Accessories > Clothing > Dresses
boardshorts-mit-allover-druck-selbst-gestalten	Apparel & Accessories > Clothing	Apparel & Accessories > Clothing > Shorts
einteiliger-allover-badeanzug-selbst-gestalten	Apparel & Accessories > Clothing	Apparel & Accessories > Clothing > Swimwear
allover-yoga-leggings-selbst-gestalten	Apparel & Accessories > Clothing	Apparel & Accessories > Clothing > Activewear
recycelter-unisex-allover-pullover-selbst-gestalten	Apparel & Accessories > Clothing	Apparel & Accessories > Clothing > Shirts & Tops
recycelter-unisex-allover-hoodie-selbst-gestalten	Apparel & Accessories > Clothing	Apparel & Accessories > Clothing > Shirts & Tops
unisex-allover-bomberjacke-selbst-gestalten	Apparel & Accessories > Clothing	Apparel & Accessories > Clothing > Outerwear > Coats & Jackets
kleid-mit-schlitz-und-allover-druck-selbst-gestalten	Apparel & Accessories > Clothing	Apparel & Accessories > Clothing > Dresses
recycelte-allover-jogginghosen-selbst-gestalten	Apparel & Accessories > Clothing	Apparel & Accessories > Clothing > Pants
allover-sport-bh-selbst-gestalten	Apparel & Accessories > Clothing	Apparel & Accessories > Clothing > Underwear & Socks
shirt-alphorn	Apparel & Accessories > Clothing	Apparel & Accessories > Clothing > Shirts & Tops
shirt-1-august	Apparel & Accessories > Clothing	Apparel & Accessories > Clothing > Shirts & Tops
shirt-alpaufzug	Apparel & Accessories > Clothing	Apparel & Accessories > Clothing > Shirts & Tops
shirt-apero-time	Apparel & Accessories > Clothing	Apparel & Accessories > Clothing > Shirts & Tops
shirt-baehnli	Apparel & Accessories > Clothing	Apparel & Accessories > Clothing > Shirts & Tops
shirt-baern	Apparel & Accessories > Clothing	Apparel & Accessories > Clothing > Shirts & Tops
shirt-basel	Apparel & Accessories > Clothing	Apparel & Accessories > Clothing > Shirts & Tops
shirt-bernese-dog	Apparel & Accessories > Clothing	Apparel & Accessories > Clothing > Shirts & Tops
shirt-bernhardiner	Apparel & Accessories > Clothing	Apparel & Accessories > Clothing > Shirts & Tops
shirt-braunvieh	Apparel & Accessories > Clothing	Apparel & Accessories > Clothing > Shirts & Tops
shirt-buenzli	Apparel & Accessories > Clothing	Apparel & Accessories > Clothing > Shirts & Tops
shirt-cervelat	Apparel & Accessories > Clothing	Apparel & Accessories > Clothing > Shirts & Tops
shirt-chalet	Apparel & Accessories > Clothing	Apparel & Accessories > Clothing > Shirts & Tops
shirt-chuchichaeschtli	Apparel & Accessories > Clothing	Apparel & Accessories > Clothing > Shirts & Tops
shirt-edelweiss-line	Apparel & Accessories > Clothing	Apparel & Accessories > Clothing > Shirts & Tops
shirt-eidgenoss	Apparel & Accessories > Clothing	Apparel & Accessories > Clothing > Shirts & Tops
shirt-enzian	Apparel & Accessories > Clothing	Apparel & Accessories > Clothing > Shirts & Tops
shirt-es-git-nu-eis-zueri	Apparel & Accessories > Clothing	Apparel & Accessories > Clothing > Shirts & Tops
shirt-fasnacht-mask	Apparel & Accessories > Clothing	Apparel & Accessories > Clothing > Shirts & Tops
shirt-feierabig	Apparel & Accessories > Clothing	Apparel & Accessories > Clothing > Shirts & Tops
shirt-fondue-caquelon	Apparel & Accessories > Clothing	Apparel & Accessories > Clothing > Shirts & Tops
shirt-gaell	Apparel & Accessories > Clothing	Apparel & Accessories > Clothing > Shirts & Tops
shirt-gopfertami	Apparel & Accessories > Clothing	Apparel & Accessories > Clothing > Shirts & Tops
shirt-gruezi-mitenand	Apparel & Accessories > Clothing	Apparel & Accessories > Clothing > Shirts & Tops
shirt-haeee	Apparel & Accessories > Clothing	Apparel & Accessories > Clothing > Shirts & Tops
shirt-haerzlech	Apparel & Accessories > Clothing	Apparel & Accessories > Clothing > Shirts & Tops
shirt-heidi	Apparel & Accessories > Clothing	Apparel & Accessories > Clothing > Shirts & Tops
shirt-hoi-zaeme	Apparel & Accessories > Clothing	Apparel & Accessories > Clothing > Shirts & Tops
shirt-matterhorn-sun	Apparel & Accessories > Clothing	Apparel & Accessories > Clothing > Shirts & Tops
shirt-merci-vilmal	Apparel & Accessories > Clothing	Apparel & Accessories > Clothing > Shirts & Tops
shirt-murmeli	Apparel & Accessories > Clothing	Apparel & Accessories > Clothing > Shirts & Tops
shirt-postauto-horn	Apparel & Accessories > Clothing	Apparel & Accessories > Clothing > Shirts & Tops
shirt-prosit	Apparel & Accessories > Clothing	Apparel & Accessories > Clothing > Shirts & Tops
shirt-raclette	Apparel & Accessories > Clothing	Apparel & Accessories > Clothing > Shirts & Tops
shirt-sali-zaeme	Apparel & Accessories > Clothing	Apparel & Accessories > Clothing > Shirts & Tops
shirt-schoggi-bar	Apparel & Accessories > Clothing	Apparel & Accessories > Clothing > Shirts & Tops
shirt-steinbock	Apparel & Accessories > Clothing	Apparel & Accessories > Clothing > Shirts & Tops
shirt-swiss-army-knife	Apparel & Accessories > Clothing	Apparel & Accessories > Clothing > Shirts & Tops
shirt-swiss-cross-badge	Apparel & Accessories > Clothing	Apparel & Accessories > Clothing > Shirts & Tops
shirt-znueni	Apparel & Accessories > Clothing	Apparel & Accessories > Clothing > Shirts & Tops
shirt-fondue	Apparel & Accessories > Clothing	Apparel & Accessories > Clothing > Shirts & Tops
shirt-matterhorn	Apparel & Accessories > Clothing	Apparel & Accessories > Clothing > Shirts & Tops
shirt-swiss-chocolate	Apparel & Accessories > Clothing	Apparel & Accessories > Clothing > Shirts & Tops
shirt-swiss-cowbell	Apparel & Accessories > Clothing	Apparel & Accessories > Clothing > Shirts & Tops
shirt-text-gruezi	Apparel & Accessories > Clothing	Apparel & Accessories > Clothing > Shirts & Tops
shirt-text-hoi	Apparel & Accessories > Clothing	Apparel & Accessories > Clothing > Shirts & Tops
shirt-text-merci	Apparel & Accessories > Clothing	Apparel & Accessories > Clothing > Shirts & Tops
shirt-zum-selbstgestalten	Apparel & Accessories > Clothing	Apparel & Accessories > Clothing > Shirts & Tops
king-queen-partner-shirts-couple-t-shirts-👑	Apparel & Accessories > Clothing	Apparel & Accessories > Clothing > Shirts & Tops
mr-mrs-partner-shirts-couple-t-shirts-zur-hochzeit-💍	Apparel & Accessories > Clothing	Apparel & Accessories > Clothing > Shirts & Tops
her-king-his-queen-partner-shirts-couple-t-shirts-👑	Apparel & Accessories > Clothing	Apparel & Accessories > Clothing > Shirts & Tops
hubby-wifey-partner-shirts-couple-t-shirts-mit-herz-❤️	Apparel & Accessories > Clothing	Apparel & Accessories > Clothing > Shirts & Tops
wide-leg-midi-rock-studio-fliessend-freigrosse	Apparel & Accessories > Clothing	Apparel & Accessories > Clothing > Skirts
polka-dot-wickel-rock-dolce-high-waist-asymmetrisch	Apparel & Accessories > Clothing	Apparel & Accessories > Clothing > Skirts
damen-beach-slides-mare-slip-on	Apparel & Accessories > Clothing	Apparel & Accessories > Clothing > Underwear & Socks
herren-high-top-sneaker-brooklyn-mesh-atmungsaktiv	Apparel & Accessories > Clothing	Apparel & Accessories > Clothing > Shirts & Tops
herren-kurzarm-hemd-breeze-quick-dry-atmungsaktiv	Apparel & Accessories > Clothing	Apparel & Accessories > Clothing > Shirts & Tops
herren-strick-polo-lido-ajour-optik	Apparel & Accessories > Clothing	Apparel & Accessories > Clothing > Shirts & Tops
herren-sommer-set-riviera-hemd-shorts	Apparel & Accessories > Clothing	Apparel & Accessories > Clothing > Outfit Sets
herren-chino-shorts-cruise-loose-fit	Apparel & Accessories > Clothing	Apparel & Accessories > Clothing > Shorts
herren-tank-top-court-color-block	Apparel & Accessories > Clothing	Apparel & Accessories > Clothing > Shirts & Tops
herren-leinen-hose-lino-straight-leg	Apparel & Accessories > Clothing	Apparel & Accessories > Clothing > Pants
herren-cargo-hose-trail-multi-pocket-outdoor	Apparel & Accessories > Clothing	Apparel & Accessories > Clothing > Pants
herren-strickpullover-nico-half-neck-baumwolle	Apparel & Accessories > Clothing	Apparel & Accessories > Clothing > Shirts & Tops
damen-bikini-maui-neckholder-floral	Apparel & Accessories > Clothing	Apparel & Accessories > Clothing > Swimwear
damen-bikini-sunset-front-zip-farbverlauf	Apparel & Accessories > Clothing	Apparel & Accessories > Clothing > Swimwear
damen-bikini-sole-one-shoulder-cut-out	Apparel & Accessories > Clothing	Apparel & Accessories > Clothing > Swimwear
damen-strand-cover-up-brisa-crochet-strick	Apparel & Accessories > Clothing	Apparel & Accessories > Clothing > Swimwear
damen-chiffon-kleid-capri-resort-fliessend	Apparel & Accessories > Clothing	Apparel & Accessories > Clothing > Dresses
damen-maxikleid-sirena-seitenschlitz-einfarbig	Apparel & Accessories > Clothing	Apparel & Accessories > Clothing > Dresses
damen-a-linien-kleid-fiorella-neckholder-bestickt	Apparel & Accessories > Clothing	Apparel & Accessories > Clothing > Dresses
damen-sommerkleid-bloom-trager-print	Apparel & Accessories > Clothing	Apparel & Accessories > Clothing > Dresses
damen-kleid-aria-cut-out-einfarbig	Apparel & Accessories > Clothing	Apparel & Accessories > Clothing > Dresses
damen-loungewear-set-cozy-hoodie-hose	Apparel & Accessories > Clothing	Apparel & Accessories > Clothing > Sleepwear & Loungewear
streifen-bluse-marbella-color-block-kurzarm	Apparel & Accessories > Clothing	Apparel & Accessories > Clothing > Shirts & Tops
spitzen-bluse-dentelle-v-ausschnitt-loose-fit	Apparel & Accessories > Clothing	Apparel & Accessories > Clothing > Shirts & Tops
strick-bluse-maglia-hollow-out-loose-langarm	Apparel & Accessories > Clothing	Apparel & Accessories > Clothing > Shirts & Tops
chiffon-set-solare-bluse-weite-hose	Apparel & Accessories > Clothing	Apparel & Accessories > Clothing > Outfit Sets
elegantes-strickkleid-mit-stehkragen-627000	Apparel & Accessories > Clothing	Apparel & Accessories > Clothing > Dresses
minikleid-mit-cut-out-und-ruckenausschnitt-633700	Apparel & Accessories > Clothing	Apparel & Accessories > Clothing > Dresses
enges-armelloses-minikleid-mit-spaghettitrager-619900	Apparel & Accessories > Clothing	Apparel & Accessories > Clothing > Dresses
damen-langarm-rollkragenkleid-mit-ruschensaum-621000	Apparel & Accessories > Clothing	Apparel & Accessories > Clothing > Dresses
elegantes-spitzenkleid-mit-langen-armeln-613400	Apparel & Accessories > Clothing	Apparel & Accessories > Clothing > Dresses
elegantes-a-linien-plisseekleid-mit-hoher-tail-618600	Apparel & Accessories > Clothing	Apparel & Accessories > Clothing > Dresses
armelloses-sommerkleid-im-franzosischen-stil-619100	Apparel & Accessories > Clothing	Apparel & Accessories > Clothing > Dresses
chiffonkleid-mit-blumenprint-und-ruschen-622000	Apparel & Accessories > Clothing	Apparel & Accessories > Clothing > Dresses
elegantes-midikleid-mit-blumenprint-620200	Apparel & Accessories > Clothing	Apparel & Accessories > Clothing > Dresses
florales-etuikleid-mit-ballonarmeln-632200	Apparel & Accessories > Clothing	Apparel & Accessories > Clothing > Dresses
glanzendes-twill-patchwork-maxikleid-631500	Apparel & Accessories > Clothing	Apparel & Accessories > Clothing > Dresses
elegantes-blaues-etuikleid-610200	Apparel & Accessories > Clothing	Apparel & Accessories > Clothing > Dresses
gestreiftes-langarm-hemdblusenkleid-622600	Apparel & Accessories > Clothing	Apparel & Accessories > Clothing > Dresses
locker-sitzendes-kapuzen-sweatshirt-mit-spitze-636100	Apparel & Accessories > Clothing	Apparel & Accessories > Clothing > Shirts & Tops
elegantes-samt-top-mit-stehkragen-fur-damen-605600	Apparel & Accessories > Clothing	Apparel & Accessories > Clothing > Shirts & Tops
einfarbiger-sommer-cardigan-mit-uv-schutz-615900	Apparel & Accessories > Clothing	Apparel & Accessories > Clothing > Shirts & Tops
sportliches-halb-zip-polo-shirt-mit-u-boot-aus-609100	Apparel & Accessories > Clothing	Apparel & Accessories > Clothing > Shirts & Tops
herren-langarm-freizeit-hemd-601900	Apparel & Accessories > Clothing	Apparel & Accessories > Clothing > Shirts & Tops
herren-langarmhemd-mit-farbblock-muster-622400	Apparel & Accessories > Clothing	Apparel & Accessories > Clothing > Shirts & Tops
herren-hemd-langarm-nouveau-riche-stil-627800	Apparel & Accessories > Clothing	Apparel & Accessories > Clothing > Shirts & Tops
gestreiftes-kurzarmhemd-aus-eisseide-fur-herre-604400	Apparel & Accessories > Clothing	Apparel & Accessories > Clothing > Shirts & Tops
herren-leinenhemd-langarm-606900	Apparel & Accessories > Clothing	Apparel & Accessories > Clothing > Shirts & Tops
hawaiihemd-fur-herren-atmungsaktiv-stylisch-618400	Apparel & Accessories > Clothing	Apparel & Accessories > Clothing > Shirts & Tops
herren-hemd-kurzarm-mit-reverskragen-604400	Apparel & Accessories > Clothing	Apparel & Accessories > Clothing > Shirts & Tops
herren-kurzarmhemd-im-plaid-muster-604300	Apparel & Accessories > Clothing	Apparel & Accessories > Clothing > Shirts & Tops
y2k-loose-fit-kurzarm-top-fur-herren-633300	Apparel & Accessories > Clothing	Apparel & Accessories > Clothing > Shirts & Tops
leinenhemd-kurzarm-loose-fit-fur-herren-613900	Apparel & Accessories > Clothing	Apparel & Accessories > Clothing > Shirts & Tops
trendiges-langarmhemd-im-loose-fit-624700	Apparel & Accessories > Clothing	Apparel & Accessories > Clothing > Shirts & Tops
herren-jacquard-polo-shirt-mit-reissverschluss-614101	Apparel & Accessories > Clothing	Apparel & Accessories > Clothing > Shirts & Tops
legeres-hemd-mit-streifen-613000	Apparel & Accessories > Clothing	Apparel & Accessories > Clothing > Shirts & Tops
leinenhemd-fur-herren-638400	Apparel & Accessories > Clothing	Apparel & Accessories > Clothing > Shirts & Tops
gestreiftes-kurzarmhemd-fur-herren-601900	Apparel & Accessories > Clothing	Apparel & Accessories > Clothing > Shirts & Tops
polo-shirt-kurzarm-slim-fit-pique-baumwolle-615000	Apparel & Accessories > Clothing	Apparel & Accessories > Clothing > Shirts & Tops
herren-windbreaker-laufjacke-mit-stehkragen-631200	Apparel & Accessories > Clothing	Apparel & Accessories > Clothing > Outerwear > Coats & Jackets
leinenhemd-im-china-stil-fur-herren-620100	Apparel & Accessories > Clothing	Apparel & Accessories > Clothing > Shirts & Tops
oxford-langarmhemd-fur-herren-baumwolle-bugelf-625900	Apparel & Accessories > Clothing	Apparel & Accessories > Clothing > Shirts & Tops
leinenhemd-langarmlig-fur-herren-624700	Apparel & Accessories > Clothing	Apparel & Accessories > Clothing > Shirts & Tops
herren-armelloses-v-neck-tank-top-631500	Apparel & Accessories > Clothing	Apparel & Accessories > Clothing > Shirts & Tops
herren-hemd-leinen-optik-langarm-loose-fit-632900	Apparel & Accessories > Clothing	Apparel & Accessories > Clothing > Shirts & Tops
jacquard-polo-shirt-mit-reverskragen-602400	Apparel & Accessories > Clothing	Apparel & Accessories > Clothing > Shirts & Tops
herren-langarmhemd-mit-revers-619700	Apparel & Accessories > Clothing	Apparel & Accessories > Clothing > Shirts & Tops
leinenhemd-kurzarm-fur-herren-605000	Apparel & Accessories > Clothing	Apparel & Accessories > Clothing > Shirts & Tops
lederjacke-mit-abnehmbarem-futter-603500	Apparel & Accessories > Clothing	Apparel & Accessories > Clothing > Outerwear > Coats & Jackets
outdoor-shell-jacke-fur-herren-612800	Apparel & Accessories > Clothing	Apparel & Accessories > Clothing > Outerwear > Coats & Jackets
leichte-leinenjacke-fur-herren-623800	Apparel & Accessories > Clothing	Apparel & Accessories > Clothing > Outerwear > Coats & Jackets
outdoor-sportshirt-mit-uv-schutz-636200	Apparel & Accessories > Clothing	Apparel & Accessories > Clothing > Shirts & Tops
uv-schutz-shirt-fur-outdoor-sport-625100	Apparel & Accessories > Clothing	Apparel & Accessories > Clothing > Shirts & Tops
corduroy-cotton-padded-casual-coat-for-men-633900	Apparel & Accessories > Clothing	Apparel & Accessories > Clothing > Outerwear > Coats & Jackets
herren-kunstfelljacke-british-style-637200	Apparel & Accessories > Clothing	Apparel & Accessories > Clothing > Outerwear > Coats & Jackets
herren-plus-size-fleece-jacke-mit-revers-627100	Apparel & Accessories > Clothing	Apparel & Accessories > Clothing > Outerwear > Coats & Jackets
retro-schal-mit-kaschmir-gefuhl-638300	Apparel & Accessories > Clothing	Apparel & Accessories > Clothing Accessories > Scarves & Shawls
dreieckiger-strickschal-mit-lochmuster-604300	Apparel & Accessories > Clothing	Apparel & Accessories > Clothing Accessories > Scarves & Shawls
baumwoll-leinen-gestreifter-jacquard-schal-637700	Apparel & Accessories > Clothing	Apparel & Accessories > Clothing Accessories > Scarves & Shawls
kaschmir-gefuhl-cape-schal-mit-pferdemotiv-610500	Apparel & Accessories > Clothing	Apparel & Accessories > Clothing Accessories > Scarves & Shawls
gestreifter-strick-schal-fur-damen-601400	Apparel & Accessories > Clothing	Apparel & Accessories > Clothing Accessories > Scarves & Shawls
vielseitiger-schal-mit-abnehmbarem-kragen-600700	Apparel & Accessories > Clothing	Apparel & Accessories > Clothing Accessories > Scarves & Shawls
vintage-ombre-seidenschal-618200	Apparel & Accessories > Clothing	Apparel & Accessories > Clothing Accessories > Scarves & Shawls
gedruckter-baumwoll-leinen-schal-fur-herbst-wi-626100	Apparel & Accessories > Clothing	Apparel & Accessories > Clothing Accessories > Scarves & Shawls
multifunktionaler-halsschal-fur-klimatisierte-626900	Apparel & Accessories > Clothing	Apparel & Accessories > Clothing Accessories > Scarves & Shawls
seidenschal-mit-uv-schutz-fur-strand-freizeit-622600	Apparel & Accessories > Clothing	Apparel & Accessories > Clothing Accessories > Scarves & Shawls
kaschmirahnlicher-schal-mit-totem-muster-607900	Apparel & Accessories > Clothing	Apparel & Accessories > Clothing Accessories > Scarves & Shawls
vielseitiger-dreiecksschal-mit-bindebandern-616400	Apparel & Accessories > Clothing	Apparel & Accessories > Clothing Accessories > Scarves & Shawls
leichter-strick-schal-aus-eisseide-619800	Apparel & Accessories > Clothing	Apparel & Accessories > Clothing Accessories > Scarves & Shawls
gestreifter-plissee-schal-aus-baumwoll-leinen-606400	Apparel & Accessories > Clothing	Apparel & Accessories > Clothing Accessories > Scarves & Shawls
quadratisches-halstuch-mit-uv-schutz-633100	Apparel & Accessories > Clothing	Apparel & Accessories > Clothing Accessories > Scarves & Shawls
plissierter-seidenschal-mit-rautenmuster-604500	Apparel & Accessories > Clothing	Apparel & Accessories > Clothing Accessories > Scarves & Shawls
wollschal-einfarbig-fur-damen-609800	Apparel & Accessories > Clothing	Apparel & Accessories > Clothing Accessories > Scarves & Shawls
cape-jacke-im-retro-ethno-stil-601500	Apparel & Accessories > Clothing	Apparel & Accessories > Clothing > Outerwear > Coats & Jackets
eleganter-faux-kaschmir-schal-fur-jede-jahresz-606400	Apparel & Accessories > Clothing	Apparel & Accessories > Clothing Accessories > Scarves & Shawls
vielseitiger-chiffon-schal-mit-blumenmuster-600300	Apparel & Accessories > Clothing	Apparel & Accessories > Clothing Accessories > Scarves & Shawls
organza-schal-mit-quasten-627800	Apparel & Accessories > Clothing	Apparel & Accessories > Clothing Accessories > Scarves & Shawls
retro-karo-halstuch-mit-sonnenschutz-626900	Apparel & Accessories > Clothing	Apparel & Accessories > Clothing Accessories > Scarves & Shawls
vielseitiger-vintage-halsschal-616100	Apparel & Accessories > Clothing	Apparel & Accessories > Clothing Accessories > Scarves & Shawls
gehakelter-dreiecksschal-im-ethno-stil-616300	Apparel & Accessories > Clothing	Apparel & Accessories > Clothing Accessories > Scarves & Shawls
geknitterter-baumwoll-leinen-schal-im-distress-639700	Apparel & Accessories > Clothing	Apparel & Accessories > Clothing Accessories > Scarves & Shawls
seidenschal-mit-magnetverschluss-626500	Apparel & Accessories > Clothing	Apparel & Accessories > Clothing Accessories > Scarves & Shawls
schal-mit-katzenmuster-im-koreanischen-stil-607500	Apparel & Accessories > Clothing	Apparel & Accessories > Clothing Accessories > Scarves & Shawls
minimalistischer-taschenschal-627500	Apparel & Accessories > Clothing	Apparel & Accessories > Clothing Accessories > Scarves & Shawls
hut-handschuhe-schal-3-in-1-set-609900	Apparel & Accessories > Clothing	Apparel & Accessories > Clothing Accessories > Scarves & Shawls
top-perspective-hakel-schultertuch-610600	Apparel & Accessories > Clothing	Apparel & Accessories > Clothing > Shirts & Tops
vielseitiger-warmer-schal-aus-faux-kaschmir-626600	Apparel & Accessories > Clothing	Apparel & Accessories > Clothing Accessories > Scarves & Shawls
warmer-faux-kaschmir-schal-617200	Apparel & Accessories > Clothing	Apparel & Accessories > Clothing Accessories > Scarves & Shawls
kurzer-cardigan-aus-chiffon-mit-uv-schutz-619600	Apparel & Accessories > Clothing	Apparel & Accessories > Clothing > Shirts & Tops
farbverlauf-satin-crinkle-schal-627400	Apparel & Accessories > Clothing	Apparel & Accessories > Clothing Accessories > Scarves & Shawls
warmer-schal-aus-fuchsfell-und-rexkaninchenfel-627600	Apparel & Accessories > Clothing	Apparel & Accessories > Clothing Accessories > Scarves & Shawls
kaschmir-schal-fur-damen-608000	Apparel & Accessories > Clothing	Apparel & Accessories > Clothing Accessories > Scarves & Shawls
weisser-maxirock-mit-spitzen-overlay-616300	Apparel & Accessories > Clothing	Apparel & Accessories > Clothing > Skirts
leichter-schal-mit-wasserwellenmuster-621200	Apparel & Accessories > Clothing	Apparel & Accessories > Clothing Accessories > Scarves & Shawls
kapuzen-schal-mit-kordelzug-fur-damen-619600	Apparel & Accessories > Clothing	Apparel & Accessories > Clothing Accessories > Scarves & Shawls
eleganter-seidenschal-mit-blumenmuster-631000	Apparel & Accessories > Clothing	Apparel & Accessories > Clothing Accessories > Scarves & Shawls
crinkled-satin-schal-seidig-glatt-603800	Apparel & Accessories > Clothing	Apparel & Accessories > Clothing Accessories > Scarves & Shawls
cashew-jacquard-schal-mit-quasten-618600	Apparel & Accessories > Clothing	Apparel & Accessories > Clothing Accessories > Scarves & Shawls
jacquard-schal-mit-cashew-muster-und-quasten-625300	Apparel & Accessories > Clothing	Apparel & Accessories > Clothing Accessories > Scarves & Shawls
paisley-jacquard-schal-mit-quasten-600200	Apparel & Accessories > Clothing	Apparel & Accessories > Clothing Accessories > Scarves & Shawls
eleganter-vielseitiger-quadratischer-schal-616300	Apparel & Accessories > Clothing	Apparel & Accessories > Clothing Accessories > Scarves & Shawls
retro-color-block-blumen-schal-601000	Apparel & Accessories > Clothing	Apparel & Accessories > Clothing Accessories > Scarves & Shawls
jacquard-cashew-fransen-schal-fur-damen-621300	Apparel & Accessories > Clothing	Apparel & Accessories > Clothing Accessories > Scarves & Shawls
gebets-schal-mit-ethno-muster-622400	Apparel & Accessories > Clothing	Apparel & Accessories > Clothing Accessories > Scarves & Shawls
bohemian-herbstschal-aus-jacquard-kaschmir-615700	Apparel & Accessories > Clothing	Apparel & Accessories > Clothing Accessories > Scarves & Shawls
retro-schal-mit-quasten-vielseitig-tragbar-604100	Apparel & Accessories > Clothing	Apparel & Accessories > Clothing Accessories > Scarves & Shawls
geometrischer-jacquard-schal-mit-quasten-623800	Apparel & Accessories > Clothing	Apparel & Accessories > Clothing Accessories > Scarves & Shawls
bestickter-quasten-schal-fur-damen-635400	Apparel & Accessories > Clothing	Apparel & Accessories > Clothing Accessories > Scarves & Shawls
personalisierbarer-schal-mit-sutra-text-602600	Apparel & Accessories > Clothing	Apparel & Accessories > Clothing Accessories > Scarves & Shawls
bestickter-schal-im-koreanischen-stil-631700	Apparel & Accessories > Clothing	Apparel & Accessories > Clothing Accessories > Scarves & Shawls
multifunktionaler-jacquard-schal-609300	Apparel & Accessories > Clothing	Apparel & Accessories > Clothing Accessories > Scarves & Shawls
farbwechselnde-stoffmasken-mit-print-10er-set-620900	Apparel & Accessories > Clothing	Apparel & Accessories > Clothing > Outfit Sets
damen-ledergurtel-fur-jeans-und-hosen-636800	Apparel & Accessories > Clothing	Apparel & Accessories > Clothing > Pants
korsett-mit-fischgrat-stabchen-und-3-verschlus-603600	Apparel & Accessories > Clothing	Apparel & Accessories > Clothing > Underwear & Socks
atmungsaktiver-taillengurtel-mit-fischgrat-sha-624200	Apparel & Accessories > Clothing	Apparel & Accessories > Clothing > Underwear & Socks
sportlicher-taillenformer-mit-reissverschluss-633000	Apparel & Accessories > Clothing	Apparel & Accessories > Clothing > Underwear & Socks
midi-jupe-im-a-linien-schnitt-mit-stickerei-635900	Apparel & Accessories > Clothing	Apparel & Accessories > Clothing > Skirts
satin-korsett-mit-funf-knopfen-616000	Apparel & Accessories > Clothing	Apparel & Accessories > Clothing > Underwear & Socks
atmungsaktives-korsett-zur-haltungskorrektur-623100	Apparel & Accessories > Clothing	Apparel & Accessories > Clothing > Underwear & Socks
gothic-korsett-mit-stickereien-632500	Apparel & Accessories > Clothing	Apparel & Accessories > Clothing > Underwear & Socks
latex-sport-shapewear-weste-fur-definierte-mit-618600	Apparel & Accessories > Clothing	Apparel & Accessories > Clothing > Underwear & Socks
stylischer-jeans-gurtel-fur-damen-606600	Apparel & Accessories > Clothing	Apparel & Accessories > Clothing > Pants
dicke-thermo-daunen-und-baumwollhandschuhe-639700	Apparel & Accessories > Clothing	Apparel & Accessories > Clothing > Outerwear > Coats & Jackets
3-teiliges-winterset-handschuhe-mutze-schal-621800	Apparel & Accessories > Clothing	Apparel & Accessories > Clothing Accessories > Scarves & Shawls
elegante-damenbluse-mit-ruschen-und-knopfleist-606400	Apparel & Accessories > Clothing	Apparel & Accessories > Clothing > Shirts & Tops
glitzernde-netzstrumpfe-mit-strass-617200	Apparel & Accessories > Clothing	Apparel & Accessories > Clothing > Underwear & Socks
anti-rutsch-basketballsocken-637400	Apparel & Accessories > Clothing	Apparel & Accessories > Clothing > Underwear & Socks
vintage-mid-calf-socken-im-magazin-stil-633700	Apparel & Accessories > Clothing	Apparel & Accessories > Clothing > Underwear & Socks
zwei-paar-socken-spitze-boot-680386	Apparel & Accessories > Clothing	Apparel & Accessories > Clothing > Underwear & Socks
pilates-anti-rutsch-socken-fur-damen-606900	Apparel & Accessories > Clothing	Apparel & Accessories > Clothing > Underwear & Socks
kompressionssocken-aus-bambusfaser-620700	Apparel & Accessories > Clothing	Apparel & Accessories > Clothing > Underwear & Socks
10-paar-unsichtbare-socken-fur-damen-195841	Apparel & Accessories > Clothing	Apparel & Accessories > Clothing > Underwear & Socks
nahtlose-sommerstrumpfe-mit-sternen-tattoo-pri-888193	Apparel & Accessories > Clothing	Apparel & Accessories > Clothing > Underwear & Socks
4er-set-socken-mit-fruchtemotiven-638300	Apparel & Accessories > Clothing	Apparel & Accessories > Clothing > Underwear & Socks
nahtlose-hauchdunne-seiden-strumpfhose-605000	Apparel & Accessories > Clothing	Apparel & Accessories > Clothing > Underwear & Socks
reflektierende-outdoor-velo-socken-612300	Apparel & Accessories > Clothing	Apparel & Accessories > Clothing > Underwear & Socks
retro-patchwork-socken-fur-damen-630700	Apparel & Accessories > Clothing	Apparel & Accessories > Clothing > Underwear & Socks
personalisierbare-jacquard-socken-629300	Apparel & Accessories > Clothing	Apparel & Accessories > Clothing > Underwear & Socks
overknee-strumpfe-in-leder-optik-639401	Apparel & Accessories > Clothing	Apparel & Accessories > Clothing > Underwear & Socks
3-paar-20d-ultra-sheer-strumpfhosen-mit-shapin-235970	Apparel & Accessories > Clothing	Apparel & Accessories > Clothing > Underwear & Socks
6-paar-plus-size-strumpfhosen-fur-damen-556481	Apparel & Accessories > Clothing	Apparel & Accessories > Clothing > Underwear & Socks
3-paar-shiny-strumpfhosen-fur-damen-plus-size-545090	Apparel & Accessories > Clothing	Apparel & Accessories > Clothing > Underwear & Socks
grobe-strickstrumpfe-fur-herbst-winter-619300	Apparel & Accessories > Clothing	Apparel & Accessories > Clothing > Underwear & Socks
grune-britisch-karierte-strumpfhose-610100	Apparel & Accessories > Clothing	Apparel & Accessories > Clothing > Underwear & Socks
samt-strumpfhose-mit-pflanzenmuster-627000	Apparel & Accessories > Clothing	Apparel & Accessories > Clothing > Underwear & Socks
overknee-socken-mit-doppelseitigem-print-609900	Apparel & Accessories > Clothing	Apparel & Accessories > Clothing > Underwear & Socks
kuschelige-baren-socken-fur-damen-932034	Apparel & Accessories > Clothing	Apparel & Accessories > Clothing > Underwear & Socks
aurora-nahtlose-ultra-dunne-strumpfhose-622000	Apparel & Accessories > Clothing	Apparel & Accessories > Clothing > Underwear & Socks
overknee-spitzenstrumpfe-631300	Apparel & Accessories > Clothing	Apparel & Accessories > Clothing > Underwear & Socks
japanische-jk-style-strumpfhose-mit-muster-616600	Apparel & Accessories > Clothing	Apparel & Accessories > Clothing > Underwear & Socks
vintage-jacquard-schal-mit-knopfverschluss-635800	Apparel & Accessories > Clothing	Apparel & Accessories > Clothing Accessories > Scarves & Shawls
leichter-seiden-baumwollschal-624100	Apparel & Accessories > Clothing	Apparel & Accessories > Clothing Accessories > Scarves & Shawls
eleganter-schal-mit-schmetterlingsdruck-und-uv-615900	Apparel & Accessories > Clothing	Apparel & Accessories > Clothing Accessories > Scarves & Shawls
atmungsaktiver-baumwoll-schal-621700	Apparel & Accessories > Clothing	Apparel & Accessories > Clothing Accessories > Scarves & Shawls
kreativ-bedruckter-schal-und-kopftuch-fur-dame-615900	Apparel & Accessories > Clothing	Apparel & Accessories > Clothing Accessories > Scarves & Shawls
eleganter-schal-aus-arctic-velvet-607200	Apparel & Accessories > Clothing	Apparel & Accessories > Clothing Accessories > Scarves & Shawls
strick-cape-schal-fur-damen-634700	Apparel & Accessories > Clothing	Apparel & Accessories > Clothing Accessories > Scarves & Shawls
ofenhandschuh-topfuntersetzer-set-mit-mops-pri-620500	Apparel & Accessories > Clothing	Apparel & Accessories > Clothing > Outfit Sets
partnerlook-sweatshirts-fur-familien-609500	Apparel & Accessories > Clothing	Apparel & Accessories > Clothing > Shirts & Tops
lassiges-damen-sweatshirt-mit-tiermotiv-615300	Apparel & Accessories > Clothing	Apparel & Accessories > Clothing > Shirts & Tops
mutter-tochter-sweater-fur-herbst-winter-608600	Apparel & Accessories > Clothing	Apparel & Accessories > Clothing > Shirts & Tops
mountain-ekg-kurzarm-shirt-fur-paare-629700	Apparel & Accessories > Clothing	Apparel & Accessories > Clothing > Shirts & Tops
schnelltrocknendes-crewneck-t-shirt-fur-damen-607100	Apparel & Accessories > Clothing	Apparel & Accessories > Clothing > Shirts & Tops
hiphop-chic-y2k-baumwoll-t-shirt-mit-harajuku-616000	Apparel & Accessories > Clothing	Apparel & Accessories > Clothing > Shirts & Tops
nio-workwear-kurzarm-shirt-aus-eisseide-634400	Apparel & Accessories > Clothing	Apparel & Accessories > Clothing > Shirts & Tops
loose-fit-t-shirt-fur-paare-familie-617100	Apparel & Accessories > Clothing	Apparel & Accessories > Clothing > Shirts & Tops
loose-fit-t-shirt-mit-cartoon-print-620800	Apparel & Accessories > Clothing	Apparel & Accessories > Clothing > Shirts & Tops
loose-fit-baumwoll-t-shirt-mit-kurzen-armeln-616900	Apparel & Accessories > Clothing	Apparel & Accessories > Clothing > Shirts & Tops
polo-shirt-aus-merzerisierter-baumwolle-627400	Apparel & Accessories > Clothing	Apparel & Accessories > Clothing > Shirts & Tops
kurzarm-shirt-mit-trendigem-katzenprint-635000	Apparel & Accessories > Clothing	Apparel & Accessories > Clothing > Shirts & Tops
personalisierbare-baumwoll-t-shirts-fur-damen-611900	Apparel & Accessories > Clothing	Apparel & Accessories > Clothing > Shirts & Tops
herren-basic-t-shirt-kurzarm-613900	Apparel & Accessories > Clothing	Apparel & Accessories > Clothing > Shirts & Tops
doppelgarn-kurzarm-baumwoll-t-shirt-628800	Apparel & Accessories > Clothing	Apparel & Accessories > Clothing > Shirts & Tops
mesh-t-shirt-mit-schlangenhaut-design-622100	Apparel & Accessories > Clothing	Apparel & Accessories > Clothing > Shirts & Tops
schwarz-weiss-bedrucktes-rundhals-t-shirt-602700	Apparel & Accessories > Clothing	Apparel & Accessories > Clothing > Shirts & Tops
kurzarmshirt-mit-plusch-welpen-stickerei-612100	Apparel & Accessories > Clothing	Apparel & Accessories > Clothing > Shirts & Tops
partnerlook-t-shirt-just-a-dad-who-loves-his-g-597696	Apparel & Accessories > Clothing	Apparel & Accessories > Clothing > Shirts & Tops
partnerlook-langarmkleid-mit-print-489024	Apparel & Accessories > Clothing	Apparel & Accessories > Clothing > Dresses
color-matching-pocket-family-suit-parent-child-109504	Apparel & Accessories > Clothing	Apparel & Accessories > Clothing > Shirts & Tops
partnerlook-t-shirt-fur-die-ganze-familie-494080	Apparel & Accessories > Clothing	Apparel & Accessories > Clothing > Shirts & Tops
cartoon-mutter-tochter-t-shirt-436416	Apparel & Accessories > Clothing	Apparel & Accessories > Clothing > Shirts & Tops
langer-daunenmantel-fur-herren-mit-kapuze-612800	Apparel & Accessories > Clothing	Apparel & Accessories > Clothing > Outerwear > Coats & Jackets
wind-wasserdichte-outdoor-jacke-herren-649400	Apparel & Accessories > Clothing	Apparel & Accessories > Clothing > Outerwear > Coats & Jackets
smarte-heizjacke-mit-konstanter-temperatur-617800	Apparel & Accessories > Clothing	Apparel & Accessories > Clothing > Outerwear > Coats & Jackets
ferien-look-partner-hemd-mit-blattermuster-631500	Apparel & Accessories > Clothing	Apparel & Accessories > Clothing > Shirts & Tops
baumwoll-sweatshirt-mit-rundhals-und-langen-ar-604500	Apparel & Accessories > Clothing	Apparel & Accessories > Clothing > Shirts & Tops
chenille-baumwolljacke-mit-reissverschluss-619400	Apparel & Accessories > Clothing	Apparel & Accessories > Clothing > Outerwear > Coats & Jackets
partnerlook-bikini-blau-weiss-gestreift-612500	Apparel & Accessories > Clothing	Apparel & Accessories > Clothing > Swimwear
sportliches-fleece-set-mit-letter-print-620500	Apparel & Accessories > Clothing	Apparel & Accessories > Clothing > Outfit Sets
sportlicher-patchwork-trainingsanzug-fur-damen-636800	Apparel & Accessories > Clothing	Apparel & Accessories > Clothing > Activewear
eltern-kind-baumwoll-set-fur-herbst-633600	Apparel & Accessories > Clothing	Apparel & Accessories > Clothing > Outfit Sets
weihnachts-pyjama-fur-die-ganze-familie-600900	Apparel & Accessories > Clothing	Apparel & Accessories > Clothing > Sleepwear & Loungewear
weihnachts-loungewear-fur-die-ganze-familie-604200	Apparel & Accessories > Clothing	Apparel & Accessories > Clothing > Sleepwear & Loungewear
weihnachts-pyjama-sets-fur-die-ganze-familie-613100	Apparel & Accessories > Clothing	Apparel & Accessories > Clothing > Sleepwear & Loungewear
loungewear-pyjama-set-fur-die-ganze-familie-603800	Apparel & Accessories > Clothing	Apparel & Accessories > Clothing > Sleepwear & Loungewear
dopamine-seaside-tyndall-effekt-rock-mit-blume-605900	Apparel & Accessories > Clothing	Apparel & Accessories > Clothing > Skirts
unisex-wind-und-wasserdichter-skianzug-600300	Apparel & Accessories > Clothing	Apparel & Accessories > Clothing > Suits
dinosaurier-pyjama-partnerlook-fur-die-ganze-f-612500	Apparel & Accessories > Clothing	Apparel & Accessories > Clothing > Sleepwear & Loungewear
sport-t-shirt-kurzarm-schnelltrocknend-600100	Apparel & Accessories > Clothing	Apparel & Accessories > Clothing > Shirts & Tops
leopard-print-langarm-bademode-fur-mutter-kind-600000	Apparel & Accessories > Clothing	Apparel & Accessories > Clothing > Swimwear
bambus-baumwoll-pyjama-fur-eltern-kind-629000	Apparel & Accessories > Clothing	Apparel & Accessories > Clothing > Sleepwear & Loungewear
weihnachts-hausanzug-fur-die-ganze-familie-617300	Apparel & Accessories > Clothing	Apparel & Accessories > Clothing > Suits
kariertes-pyjama-set-fur-die-ganze-familie-600300	Apparel & Accessories > Clothing	Apparel & Accessories > Clothing > Sleepwear & Loungewear
weihnachts-homewear-fur-die-ganze-familie-615600	Apparel & Accessories > Clothing	Apparel & Accessories > Clothing > Sleepwear & Loungewear
weihnachts-pyjama-set-fur-die-ganze-familie-615100	Apparel & Accessories > Clothing	Apparel & Accessories > Clothing > Sleepwear & Loungewear
kariertes-familien-pyjama-set-mit-hirschgeweih-616100	Apparel & Accessories > Clothing	Apparel & Accessories > Clothing > Sleepwear & Loungewear
weihnachts-pyjama-fur-mutter-tochter-611100	Apparel & Accessories > Clothing	Apparel & Accessories > Clothing > Sleepwear & Loungewear
partnerlook-hausanzug-fur-die-ganze-familie-622600	Apparel & Accessories > Clothing	Apparel & Accessories > Clothing > Suits
elch-pyjama-fur-die-ganze-familie-608300	Apparel & Accessories > Clothing	Apparel & Accessories > Clothing > Sleepwear & Loungewear
weihnachts-homewear-im-partnerlook-605400	Apparel & Accessories > Clothing	Apparel & Accessories > Clothing > Sleepwear & Loungewear
partnerlook-pyjama-set-mit-augen-print-608900	Apparel & Accessories > Clothing	Apparel & Accessories > Clothing > Sleepwear & Loungewear
pyjama-set-fur-die-ganze-familie-616700	Apparel & Accessories > Clothing	Apparel & Accessories > Clothing > Sleepwear & Loungewear
weihnachtsbaum-print-hausanzug-625100	Apparel & Accessories > Clothing	Apparel & Accessories > Clothing > Suits
weihnachts-pyjama-set-mit-elch-muster-fur-die-627800	Apparel & Accessories > Clothing	Apparel & Accessories > Clothing > Sleepwear & Loungewear
dino-weihnachtsbaum-pyjama-fur-die-ganze-famil-602400	Apparel & Accessories > Clothing	Apparel & Accessories > Clothing > Sleepwear & Loungewear
freizeit-cheongsam-familien-set-im-china-stil-602700	Apparel & Accessories > Clothing	Apparel & Accessories > Clothing > Outfit Sets
familien-pyjama-set-mit-tiermotiven-616100	Apparel & Accessories > Clothing	Apparel & Accessories > Clothing > Sleepwear & Loungewear
herz-print-pyjama-set-fur-eltern-kind-620400	Apparel & Accessories > Clothing	Apparel & Accessories > Clothing > Sleepwear & Loungewear
hanfu-partnerlook-kurzarm-set-091456	Apparel & Accessories > Clothing	Apparel & Accessories > Clothing > Outfit Sets
freizeit-cardigan-mit-kontrastfarbe-012672	Apparel & Accessories > Clothing	Apparel & Accessories > Clothing > Shirts & Tops
weihnachts-pyjama-im-partnerlook-764352	Apparel & Accessories > Clothing	Apparel & Accessories > Clothing > Sleepwear & Loungewear
kariertes-freizeit-set-fur-die-ganze-familie-738944	Apparel & Accessories > Clothing	Apparel & Accessories > Clothing > Outfit Sets
weihnachts-elch-pyjama-fur-die-ganze-familie-884416	Apparel & Accessories > Clothing	Apparel & Accessories > Clothing > Sleepwear & Loungewear
damen-und-kind-freizeitanzug-mit-print-568960	Apparel & Accessories > Clothing	Apparel & Accessories > Clothing > Suits
einfacher-homewear-pyjama-anzug-fur-damen-146624	Apparel & Accessories > Clothing	Apparel & Accessories > Clothing > Sleepwear & Loungewear
weihnachts-pyjama-set-im-rot-schwarzen-karomus-076864	Apparel & Accessories > Clothing	Apparel & Accessories > Clothing > Sleepwear & Loungewear
partnerlook-freizeitanzug-schwarz-weiss-777536	Apparel & Accessories > Clothing	Apparel & Accessories > Clothing > Suits
gestreiftes-familien-set-fur-weihnachten-246528	Apparel & Accessories > Clothing	Apparel & Accessories > Clothing > Outfit Sets
cargo-hose-fur-herren-im-retro-look-635100	Apparel & Accessories > Clothing	Apparel & Accessories > Clothing > Pants
gerade-geschnittene-stretch-freizeithose-fur-h-624400	Apparel & Accessories > Clothing	Apparel & Accessories > Clothing > Pants
archon-ix9-tactical-cargo-hose-623300	Apparel & Accessories > Clothing	Apparel & Accessories > Clothing > Pants
high-waist-stretch-jeans-mit-bootcut-602100	Apparel & Accessories > Clothing	Apparel & Accessories > Clothing > Pants
freizeit-sweatpants-fur-herren-mit-kordelzug-610400	Apparel & Accessories > Clothing	Apparel & Accessories > Clothing > Pants
warme-freizeithose-mit-bindedetail-616800	Apparel & Accessories > Clothing	Apparel & Accessories > Clothing > Pants
herren-anzughose-straight-fit-618000	Apparel & Accessories > Clothing	Apparel & Accessories > Clothing > Pants
loose-fit-cargo-hose-fur-herren-619400	Apparel & Accessories > Clothing	Apparel & Accessories > Clothing > Pants
unisex-schneehose-fur-wintersport-616600	Apparel & Accessories > Clothing	Apparel & Accessories > Clothing > Pants
elegante-high-waist-stoffhose-627500	Apparel & Accessories > Clothing	Apparel & Accessories > Clothing > Pants
wind-und-wasserdichte-outdoor-hose-fur-damen-u-643900	Apparel & Accessories > Clothing	Apparel & Accessories > Clothing > Pants
sportliches-slim-fit-polo-shirt-fur-damen-343490	Apparel & Accessories > Clothing	Apparel & Accessories > Clothing > Shirts & Tops
gehakeltes-strandkleid-mit-spaghettitragern-942913	Apparel & Accessories > Clothing	Apparel & Accessories > Clothing > Dresses
gehakeltes-spaghetti-trager-top-mit-quasten-431746	Apparel & Accessories > Clothing	Apparel & Accessories > Clothing > Shirts & Tops
sommerliches-strick-top-mit-v-ausschnitt-818818	Apparel & Accessories > Clothing	Apparel & Accessories > Clothing > Shirts & Tops
leichtes-strick-top-mit-v-ausschnitt-687425	Apparel & Accessories > Clothing	Apparel & Accessories > Clothing > Shirts & Tops
strick-top-mit-quasten-und-rundhals-335425	Apparel & Accessories > Clothing	Apparel & Accessories > Clothing > Shirts & Tops
leoparden-print-seiden-netz-v-neck-camisole-613200	Apparel & Accessories > Clothing	Apparel & Accessories > Clothing > Shirts & Tops
sommerliches-neckholder-bandeau-top-fur-damen-622700	Apparel & Accessories > Clothing	Apparel & Accessories > Clothing > Shirts & Tops
sexy-open-back-bikini-strand-cover-up-511489	Apparel & Accessories > Clothing	Apparel & Accessories > Clothing > Swimwear
gestreiftes-stricktop-mit-rundhals-920641	Apparel & Accessories > Clothing	Apparel & Accessories > Clothing > Shirts & Tops
french-chic-color-block-bandeau-top-607000	Apparel & Accessories > Clothing	Apparel & Accessories > Clothing > Shirts & Tops
spitzen-neckholder-top-mit-integrierten-pads-632800	Apparel & Accessories > Clothing	Apparel & Accessories > Clothing > Shirts & Tops
strick-top-mit-eckigem-ausschnitt-und-volantsa-603500	Apparel & Accessories > Clothing	Apparel & Accessories > Clothing > Shirts & Tops
rippstrick-sommer-top-mit-spitze-951298	Apparel & Accessories > Clothing	Apparel & Accessories > Clothing > Shirts & Tops
neckholder-jacquard-top-mit-v-ausschnitt-544257	Apparel & Accessories > Clothing	Apparel & Accessories > Clothing > Shirts & Tops
bandeau-top-mit-taillenschnurung-618700	Apparel & Accessories > Clothing	Apparel & Accessories > Clothing > Shirts & Tops
nahtloser-sport-bh-mit-hoher-elastizitat-600900	Apparel & Accessories > Clothing	Apparel & Accessories > Clothing > Underwear & Socks
halterneck-off-shoulder-top-mit-raffung-612700	Apparel & Accessories > Clothing	Apparel & Accessories > Clothing > Shirts & Tops
sport-bh-mit-dunnen-tragern-626700	Apparel & Accessories > Clothing	Apparel & Accessories > Clothing > Underwear & Socks
vintage-camisole-mit-wellenmuster-608000	Apparel & Accessories > Clothing	Apparel & Accessories > Clothing > Shirts & Tops
doppeltrager-tanktop-mit-asymmetrischem-saum-744257	Apparel & Accessories > Clothing	Apparel & Accessories > Clothing > Shirts & Tops
halterneck-top-mit-ruschen-608500	Apparel & Accessories > Clothing	Apparel & Accessories > Clothing > Shirts & Tops
one-shoulder-tanktop-mit-ruschen-637200	Apparel & Accessories > Clothing	Apparel & Accessories > Clothing > Shirts & Tops
satin-camisole-mit-neckholder-622900	Apparel & Accessories > Clothing	Apparel & Accessories > Clothing > Shirts & Tops
asymmetrisches-halterneck-top-600300	Apparel & Accessories > Clothing	Apparel & Accessories > Clothing > Shirts & Tops
gepolstertes-sport-top-fur-damen-633600	Apparel & Accessories > Clothing	Apparel & Accessories > Clothing > Shirts & Tops
retro-chiffon-top-mit-blumenmuster-639300	Apparel & Accessories > Clothing	Apparel & Accessories > Clothing > Shirts & Tops
sommerliches-jacquard-top-mit-spitzenbesatz-614400	Apparel & Accessories > Clothing	Apparel & Accessories > Clothing > Shirts & Tops
armelloses-colorblock-camisole-top-623800	Apparel & Accessories > Clothing	Apparel & Accessories > Clothing > Shirts & Tops
armelloses-camisole-mit-v-ausschnitt-und-reiss-605500	Apparel & Accessories > Clothing	Apparel & Accessories > Clothing > Shirts & Tops
carmen-chiffonbluse-mit-ruschensaum-601500	Apparel & Accessories > Clothing	Apparel & Accessories > Clothing > Shirts & Tops
neckholder-top-mit-ruschensaum-622300	Apparel & Accessories > Clothing	Apparel & Accessories > Clothing > Shirts & Tops
retro-metallic-gestreiftes-camisole-top-606900	Apparel & Accessories > Clothing	Apparel & Accessories > Clothing > Shirts & Tops
kariertes-spitzen-cami-mit-v-ausschnitt-602200	Apparel & Accessories > Clothing	Apparel & Accessories > Clothing > Shirts & Tops
armelloses-top-im-business-casual-stil-621700	Apparel & Accessories > Clothing	Apparel & Accessories > Clothing > Shirts & Tops
spitzenbesetztes-v-neck-top-606700	Apparel & Accessories > Clothing	Apparel & Accessories > Clothing > Shirts & Tops
mesh-top-mit-3d-blumen-612700	Apparel & Accessories > Clothing	Apparel & Accessories > Clothing > Shirts & Tops
blaues-spaghetti-top-mit-blumenmuster-632600	Apparel & Accessories > Clothing	Apparel & Accessories > Clothing > Shirts & Tops
zebra-print-v-neck-mesh-camisole-601900	Apparel & Accessories > Clothing	Apparel & Accessories > Clothing > Shirts & Tops
spitzenverziertes-tragertop-mit-integrierten-p-637800	Apparel & Accessories > Clothing	Apparel & Accessories > Clothing > Shirts & Tops
sternenprint-tanktop-fur-damen-616000	Apparel & Accessories > Clothing	Apparel & Accessories > Clothing > Shirts & Tops
satin-top-mit-spitzenbesatz-621000	Apparel & Accessories > Clothing	Apparel & Accessories > Clothing > Shirts & Tops
armelloses-henley-top-im-lassigen-stil-608200	Apparel & Accessories > Clothing	Apparel & Accessories > Clothing > Shirts & Tops
tragerloser-bh-mit-3d-effekt-und-bindebandern-609100	Apparel & Accessories > Clothing	Apparel & Accessories > Clothing > Underwear & Socks
damen-satin-bandeau-top-634100	Apparel & Accessories > Clothing	Apparel & Accessories > Clothing > Shirts & Tops
retro-polka-dot-halter-top-fur-damen-635601	Apparel & Accessories > Clothing	Apparel & Accessories > Clothing > Shirts & Tops
tragertop-fur-den-sommer-629400	Apparel & Accessories > Clothing	Apparel & Accessories > Clothing > Shirts & Tops
tanktop-mit-integrierten-polstern-fur-damen-630500	Apparel & Accessories > Clothing	Apparel & Accessories > Clothing > Shirts & Tops
figurbetonendes-tanktop-mit-u-ausschnitt-628900	Apparel & Accessories > Clothing	Apparel & Accessories > Clothing > Shirts & Tops
pailletten-top-mit-spaghettitragern-607600	Apparel & Accessories > Clothing	Apparel & Accessories > Clothing > Shirts & Tops
eleganter-high-neck-tankini-fur-damen-321986	Apparel & Accessories > Clothing	Apparel & Accessories > Clothing > Swimwear
eleganter-tankini-mit-hohem-kragen-846017	Apparel & Accessories > Clothing	Apparel & Accessories > Clothing > Swimwear
eleganter-high-neck-tankini-mit-verstellbaren-071745	Apparel & Accessories > Clothing	Apparel & Accessories > Clothing > Swimwear
eleganter-tankini-mit-hohem-kragen-und-bikinih-400769	Apparel & Accessories > Clothing	Apparel & Accessories > Clothing > Swimwear
high-neck-bikini-set-fur-den-strand-259970	Apparel & Accessories > Clothing	Apparel & Accessories > Clothing > Swimwear
zweiteiliger-freizeit-badeanzug-fur-damen-986817	Apparel & Accessories > Clothing	Apparel & Accessories > Clothing > Swimwear
high-neck-badekleid-mit-integriertem-bustier-959682	Apparel & Accessories > Clothing	Apparel & Accessories > Clothing > Dresses
eleganter-high-neck-tankini-fur-damen-170882	Apparel & Accessories > Clothing	Apparel & Accessories > Clothing > Swimwear
geruschtes-neckholder-top-mit-v-ausschnitt-605800	Apparel & Accessories > Clothing	Apparel & Accessories > Clothing > Shirts & Tops
elegantes-zweiteiliges-damen-bikini-set-344066	Apparel & Accessories > Clothing	Apparel & Accessories > Clothing > Swimwear
eleganter-tankini-mit-hohem-halsausschnitt-479553	Apparel & Accessories > Clothing	Apparel & Accessories > Clothing > Swimwear
casual-damen-tanktop-352833	Apparel & Accessories > Clothing	Apparel & Accessories > Clothing > Shirts & Tops
outdoor-velo-und-laufweste-mit-handyfach-631400	Apparel & Accessories > Clothing	Apparel & Accessories > Clothing > Outerwear > Vests
rundhals-strickweste-fur-damen-605300	Apparel & Accessories > Clothing	Apparel & Accessories > Clothing > Outerwear > Vests
gefaltete-blumenprint-ruschenbluse-mit-bandern-639900	Apparel & Accessories > Clothing	Apparel & Accessories > Clothing > Shirts & Tops
armellose-strickweste-990273	Apparel & Accessories > Clothing	Apparel & Accessories > Clothing > Outerwear > Vests
elegante-blazer-weste-fur-damen-608000	Apparel & Accessories > Clothing	Apparel & Accessories > Clothing > Outerwear > Vests
elegante-v-neck-leinen-weste-615100	Apparel & Accessories > Clothing	Apparel & Accessories > Clothing > Outerwear > Vests
geripptes-high-neck-tank-top-fur-damen-244418	Apparel & Accessories > Clothing	Apparel & Accessories > Clothing > Shirts & Tops
hollow-out-strickweste-fur-damen-252993	Apparel & Accessories > Clothing	Apparel & Accessories > Clothing > Outerwear > Vests
luftige-strickweste-fur-fruhling-sommer-821313	Apparel & Accessories > Clothing	Apparel & Accessories > Clothing > Outerwear > Vests
blumige-strickweste-im-vintage-stil-637500	Apparel & Accessories > Clothing	Apparel & Accessories > Clothing > Outerwear > Vests
billiard-print-strickweste-fur-damen-649345	Apparel & Accessories > Clothing	Apparel & Accessories > Clothing > Outerwear > Vests
elegantes-armelloses-top-mit-schleifendetail-600300	Apparel & Accessories > Clothing	Apparel & Accessories > Clothing > Shirts & Tops
damen-spitzen-tube-top-mit-offener-ruckenparti-601800	Apparel & Accessories > Clothing	Apparel & Accessories > Clothing > Shirts & Tops
preppy-strickweste-fur-damen-602000	Apparel & Accessories > Clothing	Apparel & Accessories > Clothing > Outerwear > Vests
sommerliches-slimming-top-mit-halbkragen-619800	Apparel & Accessories > Clothing	Apparel & Accessories > Clothing > Shirts & Tops
armelloses-schnur-top-fur-damen-604400	Apparel & Accessories > Clothing	Apparel & Accessories > Clothing > Shirts & Tops
leichte-luxus-weste-im-italienischen-stil-620100	Apparel & Accessories > Clothing	Apparel & Accessories > Clothing > Outerwear > Vests
kurzes-plissee-top-mit-rundhals-603500	Apparel & Accessories > Clothing	Apparel & Accessories > Clothing > Shirts & Tops
softshell-weste-mit-stehkragen-625000	Apparel & Accessories > Clothing	Apparel & Accessories > Clothing > Outerwear > Vests
rundhals-strickweste-mit-holzknopfen-614000	Apparel & Accessories > Clothing	Apparel & Accessories > Clothing > Outerwear > Vests
figurbetonte-jeans-weste-mit-rundhals-606900	Apparel & Accessories > Clothing	Apparel & Accessories > Clothing > Outerwear > Vests
armellose-strickweste-fur-damen-638600	Apparel & Accessories > Clothing	Apparel & Accessories > Clothing > Outerwear > Vests
retro-strickweste-mit-knopfleiste-633500	Apparel & Accessories > Clothing	Apparel & Accessories > Clothing > Outerwear > Vests
elegantes-armelloses-top-mit-lochstickerei-128514	Apparel & Accessories > Clothing	Apparel & Accessories > Clothing > Shirts & Tops
denim-weste-fur-fruhling-und-sommer-617100	Apparel & Accessories > Clothing	Apparel & Accessories > Clothing > Outerwear > Vests
modische-strickweste-mit-v-ausschnitt-625600	Apparel & Accessories > Clothing	Apparel & Accessories > Clothing > Outerwear > Vests
fleece-cardigan-weste-fur-damen-600500	Apparel & Accessories > Clothing	Apparel & Accessories > Clothing > Shirts & Tops
retro-pu-weste-fur-damen-606700	Apparel & Accessories > Clothing	Apparel & Accessories > Clothing > Outerwear > Vests
armelloses-jeans-top-mit-v-ausschnitt-632300	Apparel & Accessories > Clothing	Apparel & Accessories > Clothing > Pants
merino-woll-cardigan-weste-602500	Apparel & Accessories > Clothing	Apparel & Accessories > Clothing > Shirts & Tops
asymmetrisches-armelloses-top-mit-eckigem-auss-619200	Apparel & Accessories > Clothing	Apparel & Accessories > Clothing > Shirts & Tops
sommerliches-floral-print-tanktop-631100	Apparel & Accessories > Clothing	Apparel & Accessories > Clothing > Shirts & Tops
damen-polka-dot-print-top-armellos-606800	Apparel & Accessories > Clothing	Apparel & Accessories > Clothing > Shirts & Tops
schwarze-armellose-weste-mit-rundhalsausschnit-611400	Apparel & Accessories > Clothing	Apparel & Accessories > Clothing > Outerwear > Vests
retro-polka-dot-tanktop-mit-eckigem-ausschnitt-609800	Apparel & Accessories > Clothing	Apparel & Accessories > Clothing > Shirts & Tops
elegante-chenille-weste-mit-streifenmuster-634500	Apparel & Accessories > Clothing	Apparel & Accessories > Clothing > Outerwear > Vests
elegantes-v-neck-tank-top-fur-den-sommer-636100	Apparel & Accessories > Clothing	Apparel & Accessories > Clothing > Shirts & Tops
kurze-anzugweste-fur-damen-636700	Apparel & Accessories > Clothing	Apparel & Accessories > Clothing > Outerwear > Vests
elegante-slim-fit-weste-mit-split-panel-631800	Apparel & Accessories > Clothing	Apparel & Accessories > Clothing > Outerwear > Vests
v-neck-strickweste-fur-damen-einheitsgrosse-630500	Apparel & Accessories > Clothing	Apparel & Accessories > Clothing > Outerwear > Vests
gerippte-strickweste-fur-damen-629000	Apparel & Accessories > Clothing	Apparel & Accessories > Clothing > Outerwear > Vests
3d-strick-slip-weste-636300	Apparel & Accessories > Clothing	Apparel & Accessories > Clothing > Underwear & Socks
elegante-kaschmir-weste-fur-damen-623200	Apparel & Accessories > Clothing	Apparel & Accessories > Clothing > Outerwear > Vests
kurzes-jacquard-gilet-mit-blumenmuster-633200	Apparel & Accessories > Clothing	Apparel & Accessories > Clothing > Outerwear > Vests
armelloses-casual-top-fur-damen-627100	Apparel & Accessories > Clothing	Apparel & Accessories > Clothing > Shirts & Tops
retro-fransenweste-mit-goldstickerei-637100	Apparel & Accessories > Clothing	Apparel & Accessories > Clothing > Outerwear > Vests
chunky-knit-strickweste-mit-kapuze-636500	Apparel & Accessories > Clothing	Apparel & Accessories > Clothing > Outerwear > Vests
elegante-armellose-weste-631300	Apparel & Accessories > Clothing	Apparel & Accessories > Clothing > Outerwear > Vests
elegante-weste-mit-ruschensaum-636500	Apparel & Accessories > Clothing	Apparel & Accessories > Clothing > Outerwear > Vests
gestreiftes-stricktop-fur-den-alltag-611600	Apparel & Accessories > Clothing	Apparel & Accessories > Clothing > Shirts & Tops
knit-weste-im-koreanischen-casual-stil-635200	Apparel & Accessories > Clothing	Apparel & Accessories > Clothing > Outerwear > Vests
elegante-a-linien-weste-mit-rundhals-624600	Apparel & Accessories > Clothing	Apparel & Accessories > Clothing > Outerwear > Vests
elegante-damen-anzugweste-615100	Apparel & Accessories > Clothing	Apparel & Accessories > Clothing > Outerwear > Vests
armellose-chiffon-weste-im-korea-stil-624900	Apparel & Accessories > Clothing	Apparel & Accessories > Clothing > Outerwear > Vests
armelloses-top-aus-baumwoll-leinen-mix-619300	Apparel & Accessories > Clothing	Apparel & Accessories > Clothing > Shirts & Tops
elegante-asymmetrische-mesh-weste-605400	Apparel & Accessories > Clothing	Apparel & Accessories > Clothing > Outerwear > Vests
armelloses-cropped-top-im-french-stil-624700	Apparel & Accessories > Clothing	Apparel & Accessories > Clothing > Shirts & Tops
damen-pluschweste-doppelseitig-tragbar-609600	Apparel & Accessories > Clothing	Apparel & Accessories > Clothing > Outerwear > Vests
v-neck-weste-aus-baumwoll-leinen-mix-617700	Apparel & Accessories > Clothing	Apparel & Accessories > Clothing > Outerwear > Vests
elegante-anzugweste-im-koreanischen-stil-605400	Apparel & Accessories > Clothing	Apparel & Accessories > Clothing > Outerwear > Vests
kunstlerische-weste-aus-baumwoll-leinen-mix-604000	Apparel & Accessories > Clothing	Apparel & Accessories > Clothing > Outerwear > Vests
damen-patchwork-anzugweste-621200	Apparel & Accessories > Clothing	Apparel & Accessories > Clothing > Outerwear > Vests
taillierte-weste-fur-anzuge-635100	Apparel & Accessories > Clothing	Apparel & Accessories > Clothing > Outerwear > Vests
baumwoll-leinen-weste-im-retro-stil-636700	Apparel & Accessories > Clothing	Apparel & Accessories > Clothing > Outerwear > Vests
legeres-strick-gilet-fur-damen-630800	Apparel & Accessories > Clothing	Apparel & Accessories > Clothing > Outerwear > Vests
eleganter-damen-cardigan-ohne-armel-626300	Apparel & Accessories > Clothing	Apparel & Accessories > Clothing > Shirts & Tops
fransige-weste-ohne-knopfe-619100	Apparel & Accessories > Clothing	Apparel & Accessories > Clothing > Outerwear > Vests
armelloses-v-neck-top-mit-knopfleiste-620300	Apparel & Accessories > Clothing	Apparel & Accessories > Clothing > Shirts & Tops
fleece-rollkragenweste-fur-damen-628100	Apparel & Accessories > Clothing	Apparel & Accessories > Clothing > Outerwear > Vests
y2k-lace-camisole-top-mit-polka-dots-604700	Apparel & Accessories > Clothing	Apparel & Accessories > Clothing > Shirts & Tops
kurze-leinen-weste-fur-damen-628600	Apparel & Accessories > Clothing	Apparel & Accessories > Clothing > Outerwear > Vests
damen-sport-tanktop-mit-integrierten-bh-pads-606900	Apparel & Accessories > Clothing	Apparel & Accessories > Clothing > Underwear & Socks
sport-bh-mit-polsterung-und-schonem-ruckendesi-619300	Apparel & Accessories > Clothing	Apparel & Accessories > Clothing > Underwear & Socks
retro-color-block-strickweste-fur-damen-633000	Apparel & Accessories > Clothing	Apparel & Accessories > Clothing > Outerwear > Vests
elegante-damenweste-mit-blumenmuster-636700	Apparel & Accessories > Clothing	Apparel & Accessories > Clothing > Outerwear > Vests
cardigan-mit-pluschtaschen-629500	Apparel & Accessories > Clothing	Apparel & Accessories > Clothing > Shirts & Tops
hollowed-out-tank-dress-stricktop-603200	Apparel & Accessories > Clothing	Apparel & Accessories > Clothing > Dresses
corduroy-weste-fur-herren-mit-patchwork-606400	Apparel & Accessories > Clothing	Apparel & Accessories > Clothing > Outerwear > Vests
rundhals-t-shirt-aus-eisseide-612500	Apparel & Accessories > Clothing	Apparel & Accessories > Clothing > Shirts & Tops
kurzarm-top-mit-rundhals-und-lochstickerei-614300	Apparel & Accessories > Clothing	Apparel & Accessories > Clothing > Shirts & Tops
seiden-top-mit-schleifendetail-fur-damen-605600	Apparel & Accessories > Clothing	Apparel & Accessories > Clothing > Shirts & Tops
armellose-strickweste-mit-v-ausschnitt-609000	Apparel & Accessories > Clothing	Apparel & Accessories > Clothing > Outerwear > Vests
armelloses-v-neck-top-in-unifarben-607400	Apparel & Accessories > Clothing	Apparel & Accessories > Clothing > Shirts & Tops
off-shoulder-denim-look-top-mit-bindedetail-615400	Apparel & Accessories > Clothing	Apparel & Accessories > Clothing > Shirts & Tops
armelloses-top-mit-spitze-und-falten-612500	Apparel & Accessories > Clothing	Apparel & Accessories > Clothing > Shirts & Tops
off-shoulder-batwing-top-mit-taillenschnurung-620100	Apparel & Accessories > Clothing	Apparel & Accessories > Clothing > Shirts & Tops
kurzarm-stricktop-mit-uberschnittenen-schulter-601200	Apparel & Accessories > Clothing	Apparel & Accessories > Clothing > Shirts & Tops
figurbetontes-mesh-shirt-mit-kurzen-armeln-616500	Apparel & Accessories > Clothing	Apparel & Accessories > Clothing > Shirts & Tops
khakifarbenes-loose-fit-damen-shirt-609400	Apparel & Accessories > Clothing	Apparel & Accessories > Clothing > Shirts & Tops
halter-neck-v-shirt-fur-damen-628100	Apparel & Accessories > Clothing	Apparel & Accessories > Clothing > Shirts & Tops
u-boot-neck-camisole-mit-kontrasttragern-614500	Apparel & Accessories > Clothing	Apparel & Accessories > Clothing > Shirts & Tops
damen-print-top-mit-3d-effekt-637700	Apparel & Accessories > Clothing	Apparel & Accessories > Clothing > Shirts & Tops
jacquard-plissee-top-mit-puffarmeln-604300	Apparel & Accessories > Clothing	Apparel & Accessories > Clothing > Shirts & Tops
gestreiftes-kurzarmshirt-im-casual-look-600000	Apparel & Accessories > Clothing	Apparel & Accessories > Clothing > Shirts & Tops
bikini-set-mit-print-tragern-620800	Apparel & Accessories > Clothing	Apparel & Accessories > Clothing > Swimwear
asymmetrisches-kurzarm-shirt-mit-u-boot-aussch-620700	Apparel & Accessories > Clothing	Apparel & Accessories > Clothing > Shirts & Tops
elegante-off-shoulder-chiffonbluse-mit-ruschen-632200	Apparel & Accessories > Clothing	Apparel & Accessories > Clothing > Shirts & Tops
retro-shirt-mit-ruschen-und-lockerer-passform-618300	Apparel & Accessories > Clothing	Apparel & Accessories > Clothing > Shirts & Tops
bedrucktes-kurzarm-t-shirt-mit-rundhals-612500	Apparel & Accessories > Clothing	Apparel & Accessories > Clothing > Shirts & Tops
elegantes-kurzarm-top-mit-v-ausschnitt-und-spi-637800	Apparel & Accessories > Clothing	Apparel & Accessories > Clothing > Shirts & Tops
floraler-spitzen-cardigan-fur-den-strand-370369	Apparel & Accessories > Clothing	Apparel & Accessories > Clothing > Shirts & Tops
fransen-t-shirt-mit-rundhals-und-halbarm-660034	Apparel & Accessories > Clothing	Apparel & Accessories > Clothing > Shirts & Tops
t-shirt-to-god-be-the-glory-goldprint-574657	Apparel & Accessories > Clothing	Apparel & Accessories > Clothing > Shirts & Tops
figurbetontes-off-shoulder-top-mit-metall-deta-617400	Apparel & Accessories > Clothing	Apparel & Accessories > Clothing > Shirts & Tops
kurzes-slim-fit-bandeau-top-fur-damen-613000	Apparel & Accessories > Clothing	Apparel & Accessories > Clothing > Shirts & Tops
v-neck-t-shirt-mit-blumenprint-630100	Apparel & Accessories > Clothing	Apparel & Accessories > Clothing > Shirts & Tops
satin-top-im-china-stil-mit-mandarinkragen-633200	Apparel & Accessories > Clothing	Apparel & Accessories > Clothing > Shirts & Tops
gehakeltes-bikini-cover-up-mit-quasten-686914	Apparel & Accessories > Clothing	Apparel & Accessories > Clothing > Swimwear
minimalistisches-leinen-shirt-mit-rundhals-612300	Apparel & Accessories > Clothing	Apparel & Accessories > Clothing > Shirts & Tops
gestreiftes-kurzarmshirt-mit-rundhals-626000	Apparel & Accessories > Clothing	Apparel & Accessories > Clothing > Shirts & Tops
armelloses-bedrucktes-rollkragen-top-639300	Apparel & Accessories > Clothing	Apparel & Accessories > Clothing > Shirts & Tops
elegantes-v-neck-top-mit-schnallendetail-612000	Apparel & Accessories > Clothing	Apparel & Accessories > Clothing > Shirts & Tops
v-ausschnitt-slim-fit-kurzarm-shirt-607000	Apparel & Accessories > Clothing	Apparel & Accessories > Clothing > Shirts & Tops
geruschtes-waffelstrick-top-mit-rundhals-624200	Apparel & Accessories > Clothing	Apparel & Accessories > Clothing > Shirts & Tops
t-shirt-mit-cartoon-hasen-print-fur-damen-639400	Apparel & Accessories > Clothing	Apparel & Accessories > Clothing > Shirts & Tops
v-ausschnitt-kurzarm-top-fur-damen-639000	Apparel & Accessories > Clothing	Apparel & Accessories > Clothing > Shirts & Tops
gelbes-slim-fit-shirt-mit-spitze-607300	Apparel & Accessories > Clothing	Apparel & Accessories > Clothing > Shirts & Tops
off-shoulder-t-shirt-fur-den-sommer-865153	Apparel & Accessories > Clothing	Apparel & Accessories > Clothing > Shirts & Tops
western-y2k-strap-vest-mit-knopfen-614000	Apparel & Accessories > Clothing	Apparel & Accessories > Clothing > Outerwear > Vests
kurzes-baumwoll-crop-top-mit-rundhals-605400	Apparel & Accessories > Clothing	Apparel & Accessories > Clothing > Shirts & Tops
kurzarmhemd-mit-armelloser-weste-627900	Apparel & Accessories > Clothing	Apparel & Accessories > Clothing > Outerwear > Vests
elegantes-fledermausarmel-top-fur-damen-605600	Apparel & Accessories > Clothing	Apparel & Accessories > Clothing > Shirts & Tops
v-ausschnitt-quasten-top-aus-leinenmix-603800	Apparel & Accessories > Clothing	Apparel & Accessories > Clothing > Shirts & Tops
ruckenfreies-top-mit-rundhals-und-3-4-armeln-602500	Apparel & Accessories > Clothing	Apparel & Accessories > Clothing > Shirts & Tops
halterneck-cutout-crop-top-aus-kunstleder-610600	Apparel & Accessories > Clothing	Apparel & Accessories > Clothing > Shirts & Tops
y2k-asymmetrisches-plissees-top-610800	Apparel & Accessories > Clothing	Apparel & Accessories > Clothing > Shirts & Tops
gestreiftes-stricktop-mit-langen-armeln-613400	Apparel & Accessories > Clothing	Apparel & Accessories > Clothing > Shirts & Tops
kurzes-crop-top-mit-puffarmeln-und-spitze-613200	Apparel & Accessories > Clothing	Apparel & Accessories > Clothing > Shirts & Tops
kurzes-stricktop-mit-prinzessinnenarmeln-631400	Apparel & Accessories > Clothing	Apparel & Accessories > Clothing > Shirts & Tops
sexy-tanktop-mit-reissverschluss-im-western-st-615900	Apparel & Accessories > Clothing	Apparel & Accessories > Clothing > Shirts & Tops
kurzarm-t-shirt-mit-spitze-626100	Apparel & Accessories > Clothing	Apparel & Accessories > Clothing > Shirts & Tops
dear-traveler-behind-me-t-shirt-619600	Apparel & Accessories > Clothing	Apparel & Accessories > Clothing > Shirts & Tops
einfarbiges-rundhals-t-shirt-mit-kurzen-armeln-637800	Apparel & Accessories > Clothing	Apparel & Accessories > Clothing > Shirts & Tops
enganliegendes-sport-shirt-damen-619100	Apparel & Accessories > Clothing	Apparel & Accessories > Clothing > Shirts & Tops
off-shoulder-bluse-mit-spitze-und-taillengurte-620100	Apparel & Accessories > Clothing	Apparel & Accessories > Clothing > Shirts & Tops
weisses-armelloses-top-mit-ruschen-und-schnuru-614000	Apparel & Accessories > Clothing	Apparel & Accessories > Clothing > Shirts & Tops
kurzarm-hemd-mit-stehkragen-im-retro-karodesig-612400	Apparel & Accessories > Clothing	Apparel & Accessories > Clothing > Shirts & Tops
rundhals-shirt-mit-raffung-611100	Apparel & Accessories > Clothing	Apparel & Accessories > Clothing > Shirts & Tops
armelloses-top-fur-pendler-khaki-618100	Apparel & Accessories > Clothing	Apparel & Accessories > Clothing > Shirts & Tops
figurbetonendes-satin-top-mit-spitzenkragen-614100	Apparel & Accessories > Clothing	Apparel & Accessories > Clothing > Shirts & Tops
elegante-bluse-mit-puffarmeln-und-rundhals-618100	Apparel & Accessories > Clothing	Apparel & Accessories > Clothing > Shirts & Tops
strandshirt-mit-kordelzug-576002	Apparel & Accessories > Clothing	Apparel & Accessories > Clothing > Shirts & Tops
sportlicher-padded-bra-fur-junge-frauen-619500	Apparel & Accessories > Clothing	Apparel & Accessories > Clothing > Underwear & Socks
sportliches-top-mit-integriertem-bh-632100	Apparel & Accessories > Clothing	Apparel & Accessories > Clothing > Underwear & Socks
enganliegendes-schnelltrocknendes-kurzarm-shir-626500	Apparel & Accessories > Clothing	Apparel & Accessories > Clothing > Shirts & Tops
relaxed-fit-shirt-mit-rundhals-und-kurzen-arme-616500	Apparel & Accessories > Clothing	Apparel & Accessories > Clothing > Shirts & Tops
kurzes-freizeit-top-mit-geometrie-muster-627300	Apparel & Accessories > Clothing	Apparel & Accessories > Clothing > Shirts & Tops
runaway-girl-off-shoulder-t-shirt-mit-ruschen-612800	Apparel & Accessories > Clothing	Apparel & Accessories > Clothing > Shirts & Tops
elegantes-kurzarm-top-im-franzosischen-stil-605400	Apparel & Accessories > Clothing	Apparel & Accessories > Clothing > Shirts & Tops
jacquard-top-mit-puffarmeln-und-schleife-622100	Apparel & Accessories > Clothing	Apparel & Accessories > Clothing > Shirts & Tops
leichte-wickelbluse-mit-kurzen-armeln-609600	Apparel & Accessories > Clothing	Apparel & Accessories > Clothing > Shirts & Tops
vielseitiges-rundhals-top-mit-metall-akzenten-603400	Apparel & Accessories > Clothing	Apparel & Accessories > Clothing > Shirts & Tops
elegantes-retro-fledermaus-top-mit-rundhals-637100	Apparel & Accessories > Clothing	Apparel & Accessories > Clothing > Shirts & Tops
retro-polo-shirt-mit-farbblock-streifen-604800	Apparel & Accessories > Clothing	Apparel & Accessories > Clothing > Shirts & Tops
locker-sitzendes-v-neck-kurzarm-top-fur-damen-605200	Apparel & Accessories > Clothing	Apparel & Accessories > Clothing > Shirts & Tops
elegantes-langarmshirt-im-retro-look-mit-pflan-619000	Apparel & Accessories > Clothing	Apparel & Accessories > Clothing > Shirts & Tops
strick-cardigan-im-vintage-stil-602000	Apparel & Accessories > Clothing	Apparel & Accessories > Clothing > Shirts & Tops
vintage-top-mit-diagonalem-verschluss-630400	Apparel & Accessories > Clothing	Apparel & Accessories > Clothing > Shirts & Tops
leinen-stricktop-mit-rundhals-und-langen-armel-621900	Apparel & Accessories > Clothing	Apparel & Accessories > Clothing > Shirts & Tops
spitzenbesetztes-langarmshirt-mit-schnurung-634600	Apparel & Accessories > Clothing	Apparel & Accessories > Clothing > Shirts & Tops
waffelstrick-shirt-mit-langen-armeln-608800	Apparel & Accessories > Clothing	Apparel & Accessories > Clothing > Shirts & Tops
strandkleid-mit-spitze-und-stickerei-143745	Apparel & Accessories > Clothing	Apparel & Accessories > Clothing > Dresses
langarm-stricktop-mit-v-ausschnitt-608900	Apparel & Accessories > Clothing	Apparel & Accessories > Clothing > Shirts & Tops
strick-cardigan-mit-blumenmuster-625400	Apparel & Accessories > Clothing	Apparel & Accessories > Clothing > Shirts & Tops
samt-langarmshirt-mit-knopfleiste-102082	Apparel & Accessories > Clothing	Apparel & Accessories > Clothing > Shirts & Tops
chiffon-polo-strandhemd-mit-uv-schutz-067522	Apparel & Accessories > Clothing	Apparel & Accessories > Clothing > Shirts & Tops
gestricktes-langarmhemd-mit-falten-optik-267522	Apparel & Accessories > Clothing	Apparel & Accessories > Clothing > Shirts & Tops
samt-langarmbluse-mit-v-ausschnitt-360129	Apparel & Accessories > Clothing	Apparel & Accessories > Clothing > Shirts & Tops
muschel-muster-strand-cover-up-mit-fransenarme-603650	Apparel & Accessories > Clothing	Apparel & Accessories > Clothing > Swimwear
samt-off-shoulder-langarmshirt-611900	Apparel & Accessories > Clothing	Apparel & Accessories > Clothing > Shirts & Tops
vintage-slim-fit-top-mit-froschknopfen-636600	Apparel & Accessories > Clothing	Apparel & Accessories > Clothing > Shirts & Tops
elegantes-langarmshirt-mit-spitze-617600	Apparel & Accessories > Clothing	Apparel & Accessories > Clothing > Shirts & Tops
v-neck-langarmshirt-mit-3d-effekt-626100	Apparel & Accessories > Clothing	Apparel & Accessories > Clothing > Shirts & Tops
v-ausschnitt-top-mit-ballonarmeln-618600	Apparel & Accessories > Clothing	Apparel & Accessories > Clothing > Shirts & Tops
off-shoulder-mesh-langarmshirt-617700	Apparel & Accessories > Clothing	Apparel & Accessories > Clothing > Shirts & Tops
minimalistisches-langarmshirt-mit-spitze-613200	Apparel & Accessories > Clothing	Apparel & Accessories > Clothing > Shirts & Tops
strickkleid-mit-aushohlungen-und-langen-armeln-504130	Apparel & Accessories > Clothing	Apparel & Accessories > Clothing > Dresses
bedruckte-langarmbluse-im-casual-look-613400	Apparel & Accessories > Clothing	Apparel & Accessories > Clothing > Shirts & Tops
cardigan-mit-lochmuster-und-bindedetail-469825	Apparel & Accessories > Clothing	Apparel & Accessories > Clothing > Shirts & Tops
luftiger-strick-cardigan-mit-lochmuster-670594	Apparel & Accessories > Clothing	Apparel & Accessories > Clothing > Shirts & Tops
kurzes-strick-top-mit-langen-armeln-470145	Apparel & Accessories > Clothing	Apparel & Accessories > Clothing > Shirts & Tops
franzosische-spitze-langarm-strandhemd-572225	Apparel & Accessories > Clothing	Apparel & Accessories > Clothing > Shirts & Tops
v-ausschnitt-langarmshirt-mit-print-630700	Apparel & Accessories > Clothing	Apparel & Accessories > Clothing > Shirts & Tops
mesh-langarm-top-mit-camisole-600100	Apparel & Accessories > Clothing	Apparel & Accessories > Clothing > Shirts & Tops
elegante-spitzenbluse-mit-dreiviertelarmeln-604900	Apparel & Accessories > Clothing	Apparel & Accessories > Clothing > Shirts & Tops
off-shoulder-longsleeve-mit-schnurung-616300	Apparel & Accessories > Clothing	Apparel & Accessories > Clothing > Shirts & Tops
damen-langarm-top-mit-spitzenruschen-612800	Apparel & Accessories > Clothing	Apparel & Accessories > Clothing > Shirts & Tops
sexy-hollow-out-shirt-mit-dreiviertelarmeln-731522	Apparel & Accessories > Clothing	Apparel & Accessories > Clothing > Shirts & Tops
retro-tie-dye-langarmshirt-639200	Apparel & Accessories > Clothing	Apparel & Accessories > Clothing > Shirts & Tops
pailletten-rippstrick-top-mit-langarm-616100	Apparel & Accessories > Clothing	Apparel & Accessories > Clothing > Shirts & Tops
sonnen-schutzshirt-mit-breiter-krempe-617000	Apparel & Accessories > Clothing	Apparel & Accessories > Clothing > Shirts & Tops
uv-schutz-langarmshirt-fur-outdoor-aktivitaten-604800	Apparel & Accessories > Clothing	Apparel & Accessories > Clothing > Shirts & Tops
elegantes-off-shoulder-langarm-top-mit-laterne-632800	Apparel & Accessories > Clothing	Apparel & Accessories > Clothing > Shirts & Tops
leichte-uv-schutzjacke-fur-damen-603400	Apparel & Accessories > Clothing	Apparel & Accessories > Clothing > Outerwear > Coats & Jackets
gestreifte-bluse-mit-puffarmeln-618500	Apparel & Accessories > Clothing	Apparel & Accessories > Clothing > Shirts & Tops
minimalistisches-langarmshirt-fur-damen-633500	Apparel & Accessories > Clothing	Apparel & Accessories > Clothing > Shirts & Tops
goldenes-spaghetti-trager-strandkleid-820098	Apparel & Accessories > Clothing	Apparel & Accessories > Clothing > Dresses
bedrucktes-langarm-sweatshirt-fur-damen-627400	Apparel & Accessories > Clothing	Apparel & Accessories > Clothing > Shirts & Tops
elegantes-langarm-top-fur-damen-605100	Apparel & Accessories > Clothing	Apparel & Accessories > Clothing > Shirts & Tops
kariertes-langarmhemd-im-american-style-603500	Apparel & Accessories > Clothing	Apparel & Accessories > Clothing > Shirts & Tops
elegantes-langarmshirt-mit-v-ausschnitt-633600	Apparel & Accessories > Clothing	Apparel & Accessories > Clothing > Shirts & Tops
elegante-samtbluse-mit-v-ausschnitt-603000	Apparel & Accessories > Clothing	Apparel & Accessories > Clothing > Shirts & Tops
langarmshirt-mit-spitzenbesatz-010049	Apparel & Accessories > Clothing	Apparel & Accessories > Clothing > Shirts & Tops
unifarbener-kapuzen-cardigan-fur-damen-474178	Apparel & Accessories > Clothing	Apparel & Accessories > Clothing > Shirts & Tops
spitzenbesetztes-langarmshirt-mit-rundhals-043457	Apparel & Accessories > Clothing	Apparel & Accessories > Clothing > Shirts & Tops
langarmshirt-mit-v-ausschnitt-und-lockerer-pas-634400	Apparel & Accessories > Clothing	Apparel & Accessories > Clothing > Shirts & Tops
off-shoulder-strandbluse-mit-seitenschlitz-490113	Apparel & Accessories > Clothing	Apparel & Accessories > Clothing > Shirts & Tops
locker-geschnittenes-langarmshirt-616200	Apparel & Accessories > Clothing	Apparel & Accessories > Clothing > Shirts & Tops
locker-fallendes-strandkleid-mit-lochmuster-900482	Apparel & Accessories > Clothing	Apparel & Accessories > Clothing > Dresses
gestreiftes-jacquard-shirt-mit-taillenbetonung-605200	Apparel & Accessories > Clothing	Apparel & Accessories > Clothing > Shirts & Tops
corduroy-v-neck-langarmshirt-mit-knopfen-612800	Apparel & Accessories > Clothing	Apparel & Accessories > Clothing > Shirts & Tops
tailliertes-langarmshirt-mit-puffarmeln-627500	Apparel & Accessories > Clothing	Apparel & Accessories > Clothing > Shirts & Tops
elegante-v-neck-bluse-mit-ruschenarmeln-160834	Apparel & Accessories > Clothing	Apparel & Accessories > Clothing > Shirts & Tops
elegante-jacquard-bluse-mit-schnurung-627200	Apparel & Accessories > Clothing	Apparel & Accessories > Clothing > Shirts & Tops
slim-cardigan-langarmshirt-fur-damen-618200	Apparel & Accessories > Clothing	Apparel & Accessories > Clothing > Shirts & Tops
strick-cardigan-mit-lochmuster-und-kordelzug-637800	Apparel & Accessories > Clothing	Apparel & Accessories > Clothing > Shirts & Tops
lassiges-langarmshirt-mit-falten-und-karomuste-617300	Apparel & Accessories > Clothing	Apparel & Accessories > Clothing > Shirts & Tops
samt-shirt-mit-wasserfallausschnitt-454210	Apparel & Accessories > Clothing	Apparel & Accessories > Clothing > Shirts & Tops
langarmshirt-aus-baumwolle-mit-letter-print-616100	Apparel & Accessories > Clothing	Apparel & Accessories > Clothing > Shirts & Tops
vintage-langarmshirt-mit-spitze-aus-baumwoll-l-639600	Apparel & Accessories > Clothing	Apparel & Accessories > Clothing > Shirts & Tops
elegantes-langarmshirt-mit-lochstickerei-611000	Apparel & Accessories > Clothing	Apparel & Accessories > Clothing > Shirts & Tops
geruschtes-v-neck-cropped-top-fur-fruhling-som-631500	Apparel & Accessories > Clothing	Apparel & Accessories > Clothing > Shirts & Tops
elegantes-langarmshirt-mit-schnurung-629400	Apparel & Accessories > Clothing	Apparel & Accessories > Clothing > Shirts & Tops
gestreiftes-strandhemd-mit-kapuze-622800	Apparel & Accessories > Clothing	Apparel & Accessories > Clothing > Shirts & Tops
langarm-shirt-mit-geradem-schnitt-604200	Apparel & Accessories > Clothing	Apparel & Accessories > Clothing > Shirts & Tops
elegante-langarm-strickjacke-fur-damen-631700	Apparel & Accessories > Clothing	Apparel & Accessories > Clothing > Shirts & Tops
crop-bluse-mit-spitzkragen-und-herz-cutout-663490	Apparel & Accessories > Clothing	Apparel & Accessories > Clothing > Shirts & Tops
retro-besticktes-shirt-mit-puffarmeln-616900	Apparel & Accessories > Clothing	Apparel & Accessories > Clothing > Shirts & Tops
damen-leinenhemd-langarm-luftig-lassig-601100	Apparel & Accessories > Clothing	Apparel & Accessories > Clothing > Shirts & Tops
corduroy-hemd-mit-v-ausschnitt-609900	Apparel & Accessories > Clothing	Apparel & Accessories > Clothing > Shirts & Tops
langarmshirt-mit-herz-stickerei-und-streifenmu-632700	Apparel & Accessories > Clothing	Apparel & Accessories > Clothing > Shirts & Tops
lassige-bedruckte-patchwork-bluse-fur-damen-611500	Apparel & Accessories > Clothing	Apparel & Accessories > Clothing > Shirts & Tops
rundhals-bluse-mit-ruschen-und-kurzen-armeln-614400	Apparel & Accessories > Clothing	Apparel & Accessories > Clothing > Shirts & Tops
bluse-mit-spitze-und-langen-armeln-639200	Apparel & Accessories > Clothing	Apparel & Accessories > Clothing > Shirts & Tops
v-neck-bluse-mit-ruschen-und-puffarmeln-639500	Apparel & Accessories > Clothing	Apparel & Accessories > Clothing > Shirts & Tops
lassige-leinenbluse-mit-v-ausschnitt-603600	Apparel & Accessories > Clothing	Apparel & Accessories > Clothing > Shirts & Tops
jeans-top-mit-revers-und-tragern-605800	Apparel & Accessories > Clothing	Apparel & Accessories > Clothing > Pants
atmungsaktive-bluse-mit-falten-textur-604100	Apparel & Accessories > Clothing	Apparel & Accessories > Clothing > Shirts & Tops
taillierte-langarm-bluse-fur-damen-625900	Apparel & Accessories > Clothing	Apparel & Accessories > Clothing > Shirts & Tops
lassiges-v-neck-langarmshirt-fur-damen-616500	Apparel & Accessories > Clothing	Apparel & Accessories > Clothing > Shirts & Tops
langarmshirt-mit-rundhals-und-saumschlitz-615000	Apparel & Accessories > Clothing	Apparel & Accessories > Clothing > Shirts & Tops
vintage-bluse-mit-v-ausschnitt-und-spitze-627100	Apparel & Accessories > Clothing	Apparel & Accessories > Clothing > Shirts & Tops
samt-blazer-mit-reverskragen-605600	Apparel & Accessories > Clothing	Apparel & Accessories > Clothing > Outerwear > Coats & Jackets
kurzarm-top-einfarbig-locker-geschnitten-630700	Apparel & Accessories > Clothing	Apparel & Accessories > Clothing > Shirts & Tops
spitzenbesetzte-bluse-als-strand-cardigan-622700	Apparel & Accessories > Clothing	Apparel & Accessories > Clothing > Shirts & Tops
spitzenbesetzte-langarmbluse-mit-wellenmuster-631700	Apparel & Accessories > Clothing	Apparel & Accessories > Clothing > Shirts & Tops
vielseitige-langarm-bluse-fur-fruhling-sommer-624200	Apparel & Accessories > Clothing	Apparel & Accessories > Clothing > Shirts & Tops
vintage-denim-hemd-im-hong-kong-stil-622900	Apparel & Accessories > Clothing	Apparel & Accessories > Clothing > Shirts & Tops
langarm-bluse-einfarbig-regular-fit-619400	Apparel & Accessories > Clothing	Apparel & Accessories > Clothing > Shirts & Tops
v-neck-langarmshirt-mit-asymmetrischem-saum-634400	Apparel & Accessories > Clothing	Apparel & Accessories > Clothing > Shirts & Tops
langarm-shirt-mit-rundhals-und-knopfleiste-606900	Apparel & Accessories > Clothing	Apparel & Accessories > Clothing > Shirts & Tops
locker-sitzendes-langarm-top-fur-damen-603500	Apparel & Accessories > Clothing	Apparel & Accessories > Clothing > Shirts & Tops
gestreifter-jupe-im-preppy-stil-mit-a-linie-618900	Apparel & Accessories > Clothing	Apparel & Accessories > Clothing > Skirts
satinbluse-mit-stehkragen-und-schleifen-detail-638000	Apparel & Accessories > Clothing	Apparel & Accessories > Clothing > Shirts & Tops
gepunktetes-slim-fit-top-mit-schleife-und-spag-631300	Apparel & Accessories > Clothing	Apparel & Accessories > Clothing > Shirts & Tops
langarmbluse-mit-rundhals-und-3d-print-626600	Apparel & Accessories > Clothing	Apparel & Accessories > Clothing > Shirts & Tops
kurz-geschnittene-langarmbluse-im-retro-karo-628200	Apparel & Accessories > Clothing	Apparel & Accessories > Clothing > Shirts & Tops
sommerliches-langarmshirt-mit-3d-print-621900	Apparel & Accessories > Clothing	Apparel & Accessories > Clothing > Shirts & Tops
kurzarm-stricktop-mit-rundhalsausschnitt-639200	Apparel & Accessories > Clothing	Apparel & Accessories > Clothing > Shirts & Tops
graues-strick-t-shirt-mit-bindedetail-619800	Apparel & Accessories > Clothing	Apparel & Accessories > Clothing > Shirts & Tops
bodycon-camisole-mit-spitze-604200	Apparel & Accessories > Clothing	Apparel & Accessories > Clothing > Shirts & Tops
fransen-weste-aus-chenille-625000	Apparel & Accessories > Clothing	Apparel & Accessories > Clothing > Outerwear > Vests
kurzarm-cardigan-bluse-mit-kleinem-revers-636200	Apparel & Accessories > Clothing	Apparel & Accessories > Clothing > Shirts & Tops
gestreiftes-kurzarmhemd-mit-revers-606400	Apparel & Accessories > Clothing	Apparel & Accessories > Clothing > Shirts & Tops
langarm-top-mit-bambusstruktur-und-uv-schutz-606100	Apparel & Accessories > Clothing	Apparel & Accessories > Clothing > Shirts & Tops
elegantes-kurzarm-shirt-mit-holzohr-ruschen-601700	Apparel & Accessories > Clothing	Apparel & Accessories > Clothing > Shirts & Tops
elegante-bluse-mit-puffarmeln-und-raffung-616900	Apparel & Accessories > Clothing	Apparel & Accessories > Clothing > Shirts & Tops
armellose-bluse-mit-doppelten-ruschen-617700	Apparel & Accessories > Clothing	Apparel & Accessories > Clothing > Shirts & Tops
gestreifte-bluse-mit-peter-pan-kragen-638100	Apparel & Accessories > Clothing	Apparel & Accessories > Clothing > Shirts & Tops
bluse-mit-blutenprint-ruschen-und-schleife-623500	Apparel & Accessories > Clothing	Apparel & Accessories > Clothing > Shirts & Tops
kurzarm-t-shirt-mit-gebursteter-textur-624000	Apparel & Accessories > Clothing	Apparel & Accessories > Clothing > Shirts & Tops
stretch-rollkragen-shirt-fur-damen-625500	Apparel & Accessories > Clothing	Apparel & Accessories > Clothing > Shirts & Tops
mock-two-piece-t-shirt-mit-rundhals-und-print-631400	Apparel & Accessories > Clothing	Apparel & Accessories > Clothing > Shirts & Tops
einfarbige-damen-tunika-bluse-638900	Apparel & Accessories > Clothing	Apparel & Accessories > Clothing > Shirts & Tops
leoparden-patchwork-denim-hemd-603900	Apparel & Accessories > Clothing	Apparel & Accessories > Clothing > Shirts & Tops
langarmshirt-mit-spitzenbesatz-und-ausgestellt-601300	Apparel & Accessories > Clothing	Apparel & Accessories > Clothing > Shirts & Tops
elegante-satin-bluse-mit-kurzarm-und-doppel-pa-601500	Apparel & Accessories > Clothing	Apparel & Accessories > Clothing > Shirts & Tops
langarmbluse-mit-gurtel-und-3d-effekt-603900	Apparel & Accessories > Clothing	Apparel & Accessories > Clothing > Shirts & Tops
sommer-bluse-mit-print-611100	Apparel & Accessories > Clothing	Apparel & Accessories > Clothing > Shirts & Tops
v-neck-langarmshirt-mit-print-627900	Apparel & Accessories > Clothing	Apparel & Accessories > Clothing > Shirts & Tops
armelloses-off-shoulder-top-mit-u-boot-ausschn-618400	Apparel & Accessories > Clothing	Apparel & Accessories > Clothing > Shirts & Tops
leinen-weste-mit-revers-armellos-atmungsaktiv-627400	Apparel & Accessories > Clothing	Apparel & Accessories > Clothing > Outerwear > Vests
retro-plissiertes-camisole-632800	Apparel & Accessories > Clothing	Apparel & Accessories > Clothing > Shirts & Tops
chiffon-bluse-im-boyfriend-stil-614200	Apparel & Accessories > Clothing	Apparel & Accessories > Clothing > Shirts & Tops
damen-t-shirt-mit-ausgestellten-armeln-615500	Apparel & Accessories > Clothing	Apparel & Accessories > Clothing > Shirts & Tops
weisse-bluse-mit-flatterndem-kragen-615900	Apparel & Accessories > Clothing	Apparel & Accessories > Clothing > Shirts & Tops
besticktes-jacquard-top-mit-ruschen-und-v-auss-609900	Apparel & Accessories > Clothing	Apparel & Accessories > Clothing > Shirts & Tops
v-ausschnitt-bluse-mit-ruschen-und-ausgestellt-611400	Apparel & Accessories > Clothing	Apparel & Accessories > Clothing > Shirts & Tops
kariertes-kurzarmhemd-mit-knopfleiste-603000	Apparel & Accessories > Clothing	Apparel & Accessories > Clothing > Shirts & Tops
armelloses-shirt-mit-kordelzug-610900	Apparel & Accessories > Clothing	Apparel & Accessories > Clothing > Shirts & Tops
chiffonbluse-mit-ruschensaum-631700	Apparel & Accessories > Clothing	Apparel & Accessories > Clothing > Shirts & Tops
damen-rollkragen-off-shoulder-langarm-top-629500	Apparel & Accessories > Clothing	Apparel & Accessories > Clothing > Shirts & Tops
bauchfreundliches-langarmshirt-mit-ruschen-635000	Apparel & Accessories > Clothing	Apparel & Accessories > Clothing > Shirts & Tops
elegante-chiffonbluse-mit-one-shoulder-design-601100	Apparel & Accessories > Clothing	Apparel & Accessories > Clothing > Shirts & Tops
freizeit-langarmshirt-fur-damen-631500	Apparel & Accessories > Clothing	Apparel & Accessories > Clothing > Shirts & Tops
v-ausschnitt-baumwoll-leinen-bluse-634700	Apparel & Accessories > Clothing	Apparel & Accessories > Clothing > Shirts & Tops
peplum-bluse-mit-froschknopfen-und-puffarmeln-636545	Apparel & Accessories > Clothing	Apparel & Accessories > Clothing > Shirts & Tops
3d-blumen-print-kurzarm-top-627800	Apparel & Accessories > Clothing	Apparel & Accessories > Clothing > Shirts & Tops
gestreifte-v-neck-bluse-mit-3-4-armeln-619600	Apparel & Accessories > Clothing	Apparel & Accessories > Clothing > Shirts & Tops
ruckenfreies-camisole-mit-spitze-623400	Apparel & Accessories > Clothing	Apparel & Accessories > Clothing > Shirts & Tops
weihnachts-t-shirt-fur-damen-mit-aufdruck-630400	Apparel & Accessories > Clothing	Apparel & Accessories > Clothing > Shirts & Tops
bowknot-camisole-v-neck-top-873856	Apparel & Accessories > Clothing	Apparel & Accessories > Clothing > Shirts & Tops
v-neck-armelloses-slim-fit-top-633400	Apparel & Accessories > Clothing	Apparel & Accessories > Clothing > Shirts & Tops
gepunktetes-bandeau-top-637100	Apparel & Accessories > Clothing	Apparel & Accessories > Clothing > Shirts & Tops
casual-badetop-fur-damen-465857	Apparel & Accessories > Clothing	Apparel & Accessories > Clothing > Shirts & Tops
casual-bademode-damen-945089	Apparel & Accessories > Clothing	Apparel & Accessories > Clothing > Swimwear
elegantes-bikini-set-mit-hohem-kragen-589058	Apparel & Accessories > Clothing	Apparel & Accessories > Clothing > Swimwear
eleganter-tankini-mit-hohem-kragen-und-bikinih-943874	Apparel & Accessories > Clothing	Apparel & Accessories > Clothing > Swimwear
casual-damen-tankini-583425	Apparel & Accessories > Clothing	Apparel & Accessories > Clothing > Swimwear
lassiger-badeanzug-sportlich-geschnitten-990914	Apparel & Accessories > Clothing	Apparel & Accessories > Clothing > Swimwear
lassiger-badeanzug-klassisch-920642	Apparel & Accessories > Clothing	Apparel & Accessories > Clothing > Swimwear
eleganter-damen-tankini-mit-hohem-hals-048386	Apparel & Accessories > Clothing	Apparel & Accessories > Clothing > Swimwear
eleganter-hochgeschlossener-langarm-strand-cov-551298	Apparel & Accessories > Clothing	Apparel & Accessories > Clothing > Swimwear
spitzentop-mit-tiefem-v-ausschnitt-634100	Apparel & Accessories > Clothing	Apparel & Accessories > Clothing > Shirts & Tops
bikini-set-939841	Apparel & Accessories > Clothing	Apparel & Accessories > Clothing > Swimwear
badeanzug-set-fur-damen-875713	Apparel & Accessories > Clothing	Apparel & Accessories > Clothing > Swimwear
bikini-set-483841	Apparel & Accessories > Clothing	Apparel & Accessories > Clothing > Swimwear
badeanzug-set-243841	Apparel & Accessories > Clothing	Apparel & Accessories > Clothing > Swimwear
elfenbeinfarbenes-camisole-top-mit-spitze-571457	Apparel & Accessories > Clothing	Apparel & Accessories > Clothing > Shirts & Tops
damen-bikini-set-203969	Apparel & Accessories > Clothing	Apparel & Accessories > Clothing > Swimwear
damen-bikini-set-400770	Apparel & Accessories > Clothing	Apparel & Accessories > Clothing > Swimwear
elegantes-armelloses-slimming-top-614900	Apparel & Accessories > Clothing	Apparel & Accessories > Clothing > Shirts & Tops
armelloses-v-neck-top-fur-damen-628200	Apparel & Accessories > Clothing	Apparel & Accessories > Clothing > Shirts & Tops
ruckenfreies-ultra-kurzes-neckholder-top-637600	Apparel & Accessories > Clothing	Apparel & Accessories > Clothing > Shirts & Tops
korsett-top-mit-rosenprint-und-schleife-969538	Apparel & Accessories > Clothing	Apparel & Accessories > Clothing > Underwear & Socks
samt-camisole-mit-schnurung-958338	Apparel & Accessories > Clothing	Apparel & Accessories > Clothing > Shirts & Tops
v-neck-camisole-mit-wellenkante-305538	Apparel & Accessories > Clothing	Apparel & Accessories > Clothing > Shirts & Tops
keel-slim-fit-print-top-626600	Apparel & Accessories > Clothing	Apparel & Accessories > Clothing > Shirts & Tops
besticktes-asymmetrisches-ruschen-top-fur-dame-607700	Apparel & Accessories > Clothing	Apparel & Accessories > Clothing > Shirts & Tops
tanktop-mit-integrierten-brustpolstern-604800	Apparel & Accessories > Clothing	Apparel & Accessories > Clothing > Shirts & Tops
damen-camisole-mit-knopfen-621100	Apparel & Accessories > Clothing	Apparel & Accessories > Clothing > Shirts & Tops
neckholder-top-mit-schnurung-und-quasten-632100	Apparel & Accessories > Clothing	Apparel & Accessories > Clothing > Shirts & Tops
damen-tanktop-mit-tiefem-v-ausschnitt-623700	Apparel & Accessories > Clothing	Apparel & Accessories > Clothing > Shirts & Tops
gepunktetes-chiffon-halterneck-top-422657	Apparel & Accessories > Clothing	Apparel & Accessories > Clothing > Shirts & Tops
neckholder-top-mit-retro-leopardenprint-603400	Apparel & Accessories > Clothing	Apparel & Accessories > Clothing > Shirts & Tops
glitzerndes-dekollete-kettentop-616700	Apparel & Accessories > Clothing	Apparel & Accessories > Clothing > Shirts & Tops
punk-geometric-gemstone-suspender-top-621000	Apparel & Accessories > Clothing	Apparel & Accessories > Clothing > Shirts & Tops
pailletten-body-chain-top-613400	Apparel & Accessories > Clothing	Apparel & Accessories > Clothing > Underwear & Socks
blumenprint-camisole-im-beach-style-619200	Apparel & Accessories > Clothing	Apparel & Accessories > Clothing > Shirts & Tops
retro-spitzen-patchwork-camisole-630100	Apparel & Accessories > Clothing	Apparel & Accessories > Clothing > Shirts & Tops
gestricktes-slim-fit-tanktop-623400	Apparel & Accessories > Clothing	Apparel & Accessories > Clothing > Shirts & Tops
sportliches-tank-top-mit-racerback-fur-damen-608100	Apparel & Accessories > Clothing	Apparel & Accessories > Clothing > Shirts & Tops
schwarzes-neckholder-top-mit-knopfdetails-819009	Apparel & Accessories > Clothing	Apparel & Accessories > Clothing > Shirts & Tops
himbeerrotes-polka-dot-camisole-606700	Apparel & Accessories > Clothing	Apparel & Accessories > Clothing > Shirts & Tops
sommerliches-spitzen-camisole-636400	Apparel & Accessories > Clothing	Apparel & Accessories > Clothing > Shirts & Tops
spitzenbesetzte-bluse-mit-blumenmuster-606300	Apparel & Accessories > Clothing	Apparel & Accessories > Clothing > Shirts & Tops
atmungsaktives-taillenbetontes-top-fur-frauen-630900	Apparel & Accessories > Clothing	Apparel & Accessories > Clothing > Shirts & Tops
geripptes-tanktop-fur-damen-633400	Apparel & Accessories > Clothing	Apparel & Accessories > Clothing > Shirts & Tops
off-shoulder-kurzarmshirt-633000	Apparel & Accessories > Clothing	Apparel & Accessories > Clothing > Shirts & Tops
slim-fit-rundhals-shirt-mit-kurzen-armeln-610300	Apparel & Accessories > Clothing	Apparel & Accessories > Clothing > Shirts & Tops
geripptes-slim-fit-t-shirt-mit-eckigem-ausschn-606800	Apparel & Accessories > Clothing	Apparel & Accessories > Clothing > Shirts & Tops
lassiges-kurzarm-top-im-loose-fit-633700	Apparel & Accessories > Clothing	Apparel & Accessories > Clothing > Shirts & Tops
gestreiftes-langarmshirt-im-loose-fit-616100	Apparel & Accessories > Clothing	Apparel & Accessories > Clothing > Shirts & Tops
kapuzen-sweatshirt-mit-polka-dot-print-609300	Apparel & Accessories > Clothing	Apparel & Accessories > Clothing > Shirts & Tops
rundhals-top-mit-ausgestellten-armeln-629600	Apparel & Accessories > Clothing	Apparel & Accessories > Clothing > Shirts & Tops
loose-fit-sweatshirt-mit-reissverschluss-600200	Apparel & Accessories > Clothing	Apparel & Accessories > Clothing > Shirts & Tops
kapuzen-sweatshirt-fur-damen-lockere-passform-638200	Apparel & Accessories > Clothing	Apparel & Accessories > Clothing > Shirts & Tops
chiffon-top-mit-puffarmeln-und-rundhals-632200	Apparel & Accessories > Clothing	Apparel & Accessories > Clothing > Shirts & Tops
chiffon-bluse-mit-polka-dots-und-mesh-600900	Apparel & Accessories > Clothing	Apparel & Accessories > Clothing > Shirts & Tops
elegantes-spitzen-langarmshirt-mit-puffarmeln-634900	Apparel & Accessories > Clothing	Apparel & Accessories > Clothing > Shirts & Tops
gestreifter-fluffy-woll-cardigan-slim-fit-616300	Apparel & Accessories > Clothing	Apparel & Accessories > Clothing > Shirts & Tops
off-shoulder-longsleeve-mit-spitze-602600	Apparel & Accessories > Clothing	Apparel & Accessories > Clothing > Shirts & Tops
langarm-shirt-mit-rundhalsausschnitt-618600	Apparel & Accessories > Clothing	Apparel & Accessories > Clothing > Shirts & Tops
locker-geschnittenes-langarmshirt-fur-damen-606200	Apparel & Accessories > Clothing	Apparel & Accessories > Clothing > Shirts & Tops
gemustertes-langarmshirt-mit-rundhalsausschnit-613800	Apparel & Accessories > Clothing	Apparel & Accessories > Clothing > Shirts & Tops
glitzer-mesh-langarmshirt-785858	Apparel & Accessories > Clothing	Apparel & Accessories > Clothing > Shirts & Tops
elegantes-strickkleid-mit-a-linie-608800	Apparel & Accessories > Clothing	Apparel & Accessories > Clothing > Dresses
herz-strass-langarmshirt-mit-mesh-armeln-774146	Apparel & Accessories > Clothing	Apparel & Accessories > Clothing > Shirts & Tops
strick-cardigan-fur-herbst-und-winter-602700	Apparel & Accessories > Clothing	Apparel & Accessories > Clothing > Shirts & Tops
damen-top-mit-rundhals-und-polka-dots-606800	Apparel & Accessories > Clothing	Apparel & Accessories > Clothing > Shirts & Tops
elegantes-langarm-top-mit-tweed-armeln-632300	Apparel & Accessories > Clothing	Apparel & Accessories > Clothing > Shirts & Tops
strick-cardigan-mit-lochmuster-636700	Apparel & Accessories > Clothing	Apparel & Accessories > Clothing > Shirts & Tops
chiffonbluse-mit-letter-print-601600	Apparel & Accessories > Clothing	Apparel & Accessories > Clothing > Shirts & Tops
vielseitiges-langarmhemd-mit-reverskragen-614800	Apparel & Accessories > Clothing	Apparel & Accessories > Clothing > Shirts & Tops
retro-print-langarmbluse-617400	Apparel & Accessories > Clothing	Apparel & Accessories > Clothing > Shirts & Tops
v-neck-sport-shirt-kurzarm-peach-498242	Apparel & Accessories > Clothing	Apparel & Accessories > Clothing > Shirts & Tops
u-ausschnitt-slimming-sport-bh-508994	Apparel & Accessories > Clothing	Apparel & Accessories > Clothing > Underwear & Socks
sport-top-mit-starkem-halt-und-polsterung-922626	Apparel & Accessories > Clothing	Apparel & Accessories > Clothing > Shirts & Tops
sportliches-camisole-fur-sommer-workouts-139905	Apparel & Accessories > Clothing	Apparel & Accessories > Clothing > Shirts & Tops
wellen-strickweste-mit-ruffle-details-110401	Apparel & Accessories > Clothing	Apparel & Accessories > Clothing > Outerwear > Vests
slim-fit-sporttop-mit-reissverschluss-peach-go-212993	Apparel & Accessories > Clothing	Apparel & Accessories > Clothing > Shirts & Tops
elegante-v-neck-bluse-mit-ruschen-laternenarme-600200	Apparel & Accessories > Clothing	Apparel & Accessories > Clothing > Shirts & Tops
bedrucktes-langarmshirt-mit-reverskragen-626800	Apparel & Accessories > Clothing	Apparel & Accessories > Clothing > Shirts & Tops
langarmshirt-mit-polka-dots-621700	Apparel & Accessories > Clothing	Apparel & Accessories > Clothing > Shirts & Tops
retro-v-neck-besticktes-langarm-top-612100	Apparel & Accessories > Clothing	Apparel & Accessories > Clothing > Shirts & Tops
langarmshirt-im-post-apokalypse-stil-606700	Apparel & Accessories > Clothing	Apparel & Accessories > Clothing > Shirts & Tops
mesh-cardigan-mit-laternenarmeln-637500	Apparel & Accessories > Clothing	Apparel & Accessories > Clothing > Shirts & Tops
elegantes-spitzen-top-mit-langen-armeln-612700	Apparel & Accessories > Clothing	Apparel & Accessories > Clothing > Shirts & Tops
lyocell-off-shoulder-langarmshirt-625100	Apparel & Accessories > Clothing	Apparel & Accessories > Clothing > Shirts & Tops
gestreiftes-langarmshirt-im-color-blocking-sti-607200	Apparel & Accessories > Clothing	Apparel & Accessories > Clothing > Shirts & Tops
milchseide-langarmshirt-mit-eckigem-ausschnitt-623800	Apparel & Accessories > Clothing	Apparel & Accessories > Clothing > Shirts & Tops
rotes-langarmshirt-mit-spitze-629400	Apparel & Accessories > Clothing	Apparel & Accessories > Clothing > Shirts & Tops
langarm-baselayer-top-fur-damen-slim-fit-601100	Apparel & Accessories > Clothing	Apparel & Accessories > Clothing > Shirts & Tops
langarmshirt-mit-blumenprint-fur-damen-635700	Apparel & Accessories > Clothing	Apparel & Accessories > Clothing > Shirts & Tops
grunes-polka-dot-v-neck-langarmshirt-606900	Apparel & Accessories > Clothing	Apparel & Accessories > Clothing > Shirts & Tops
loose-langarmshirt-im-retro-look-624800	Apparel & Accessories > Clothing	Apparel & Accessories > Clothing > Shirts & Tops
besticktes-v-neck-shirt-aus-baumwoll-leinen-606400	Apparel & Accessories > Clothing	Apparel & Accessories > Clothing > Shirts & Tops
gestreiftes-langarmshirt-fur-vielseitige-looks-623300	Apparel & Accessories > Clothing	Apparel & Accessories > Clothing > Shirts & Tops
retro-sweatshirt-mit-geometrischem-muster-618700	Apparel & Accessories > Clothing	Apparel & Accessories > Clothing > Shirts & Tops
langarmhemd-mit-peter-pan-kragen-aus-baumwoll-610800	Apparel & Accessories > Clothing	Apparel & Accessories > Clothing > Shirts & Tops
elegantes-langarm-spitzentop-fur-damen-609000	Apparel & Accessories > Clothing	Apparel & Accessories > Clothing > Shirts & Tops
chiffon-halter-top-mit-laternenarmeln-614700	Apparel & Accessories > Clothing	Apparel & Accessories > Clothing > Shirts & Tops
lassiges-langarmshirt-mit-print-fur-damen-614300	Apparel & Accessories > Clothing	Apparel & Accessories > Clothing > Shirts & Tops
v-ausschnitt-camisole-mit-spitze-620900	Apparel & Accessories > Clothing	Apparel & Accessories > Clothing > Shirts & Tops
spitzenbesticktes-patchwork-hemd-fur-damen-611100	Apparel & Accessories > Clothing	Apparel & Accessories > Clothing > Shirts & Tops
farblich-abgestimmtes-hemd-mit-revers-und-tail-626300	Apparel & Accessories > Clothing	Apparel & Accessories > Clothing > Shirts & Tops
leichtes-baumwoll-leinen-hemd-fur-den-sommer-630800	Apparel & Accessories > Clothing	Apparel & Accessories > Clothing > Shirts & Tops
langarmliges-damenhemd-mit-knopfleiste-638200	Apparel & Accessories > Clothing	Apparel & Accessories > Clothing > Shirts & Tops
damen-plissiertes-langarmhemd-aus-baumwoll-lei-631100	Apparel & Accessories > Clothing	Apparel & Accessories > Clothing > Shirts & Tops
elegante-bluse-mit-spitzen-einsatzen-628000	Apparel & Accessories > Clothing	Apparel & Accessories > Clothing > Shirts & Tops
lassiges-denim-langarmshirt-mit-v-ausschnitt-606600	Apparel & Accessories > Clothing	Apparel & Accessories > Clothing > Shirts & Tops
strukturierte-bluse-mit-ruschenmanschetten-606500	Apparel & Accessories > Clothing	Apparel & Accessories > Clothing > Shirts & Tops
vintage-bluse-aus-doppel-baumwollgarn-609500	Apparel & Accessories > Clothing	Apparel & Accessories > Clothing > Shirts & Tops
western-hemd-mit-fransen-aus-wildlederimitat-608700	Apparel & Accessories > Clothing	Apparel & Accessories > Clothing > Shirts & Tops
kurze-jeansbluse-mit-waschung-620300	Apparel & Accessories > Clothing	Apparel & Accessories > Clothing > Shirts & Tops
gestreifte-langarmbluse-mit-schnurung-626200	Apparel & Accessories > Clothing	Apparel & Accessories > Clothing > Shirts & Tops
figurbetontes-kurzarmhemd-mit-v-ausschnitt-638800	Apparel & Accessories > Clothing	Apparel & Accessories > Clothing > Shirts & Tops
casual-halter-top-fur-damen-618300	Apparel & Accessories > Clothing	Apparel & Accessories > Clothing > Shirts & Tops
elegante-damenbluse-mit-ruschen-und-spitze-634900	Apparel & Accessories > Clothing	Apparel & Accessories > Clothing > Shirts & Tops
uni-damenbluse-mit-genahtem-kragen-617100	Apparel & Accessories > Clothing	Apparel & Accessories > Clothing > Shirts & Tops
baumwoll-leinen-top-mit-rundhals-und-3-4-armel-608800	Apparel & Accessories > Clothing	Apparel & Accessories > Clothing > Shirts & Tops
elegante-satinbluse-mit-schleife-617800	Apparel & Accessories > Clothing	Apparel & Accessories > Clothing > Shirts & Tops
schwarz-weiss-gemusterte-bluse-mit-leopardenpr-615100	Apparel & Accessories > Clothing	Apparel & Accessories > Clothing > Shirts & Tops
lassiges-hemd-mit-revers-und-3-4-armeln-635700	Apparel & Accessories > Clothing	Apparel & Accessories > Clothing > Shirts & Tops
damen-bluse-mit-ruschen-und-puffarmeln-621100	Apparel & Accessories > Clothing	Apparel & Accessories > Clothing > Shirts & Tops
damen-puffarmel-top-mit-ruschensaum-637400	Apparel & Accessories > Clothing	Apparel & Accessories > Clothing > Shirts & Tops
damen-bluse-mit-blumenmuster-und-kurzen-armeln-619200	Apparel & Accessories > Clothing	Apparel & Accessories > Clothing > Shirts & Tops
bohemian-cardigan-mit-langarm-und-geometermust-613000	Apparel & Accessories > Clothing	Apparel & Accessories > Clothing > Shirts & Tops
langarmbluse-mit-klappentaschen-und-reverskrag-619300	Apparel & Accessories > Clothing	Apparel & Accessories > Clothing > Shirts & Tops
gestreifte-kurzarmbluse-mit-schleife-604900	Apparel & Accessories > Clothing	Apparel & Accessories > Clothing > Shirts & Tops
elegante-bluse-mit-figurschmeichelnder-passfor-600300	Apparel & Accessories > Clothing	Apparel & Accessories > Clothing > Shirts & Tops
v-ausschnitt-bluse-mit-knopfen-619200	Apparel & Accessories > Clothing	Apparel & Accessories > Clothing > Shirts & Tops
vielseitiges-denim-hemd-fur-damen-613600	Apparel & Accessories > Clothing	Apparel & Accessories > Clothing > Shirts & Tops
bluse-mit-blumenmuster-locker-geschnitten-618100	Apparel & Accessories > Clothing	Apparel & Accessories > Clothing > Shirts & Tops
strick-cardigan-im-franzosischen-stil-628700	Apparel & Accessories > Clothing	Apparel & Accessories > Clothing > Shirts & Tops
gestreifte-langarmbluse-im-franzosischen-stil-602100	Apparel & Accessories > Clothing	Apparel & Accessories > Clothing > Shirts & Tops
doppellagiges-baumwollhemd-612700	Apparel & Accessories > Clothing	Apparel & Accessories > Clothing > Shirts & Tops
leichte-baumwoll-leinen-cardigan-bluse-615100	Apparel & Accessories > Clothing	Apparel & Accessories > Clothing > Shirts & Tops
loose-shirt-mit-3-4-armeln-633600	Apparel & Accessories > Clothing	Apparel & Accessories > Clothing > Shirts & Tops
loose-fit-t-shirt-mit-print-633300	Apparel & Accessories > Clothing	Apparel & Accessories > Clothing > Shirts & Tops
langarm-shirt-fur-fruhling-und-sommer-631900	Apparel & Accessories > Clothing	Apparel & Accessories > Clothing > Shirts & Tops
damen-sommerhemd-mit-geometermuster-600100	Apparel & Accessories > Clothing	Apparel & Accessories > Clothing > Shirts & Tops
gefuttertes-kapuzen-sweatshirt-fur-damen-614500	Apparel & Accessories > Clothing	Apparel & Accessories > Clothing > Shirts & Tops
sweatshirt-mit-3d-digitaldruck-im-china-stil-604200	Apparel & Accessories > Clothing	Apparel & Accessories > Clothing > Shirts & Tops
elegantes-langarm-sweatshirt-fur-damen-333377	Apparel & Accessories > Clothing	Apparel & Accessories > Clothing > Shirts & Tops
kuhfell-pluschjacke-mit-knopfen-310722	Apparel & Accessories > Clothing	Apparel & Accessories > Clothing > Outerwear > Coats & Jackets
lassiger-damen-cardigan-mit-reissverschluss-339585	Apparel & Accessories > Clothing	Apparel & Accessories > Clothing > Shirts & Tops
oversized-sweatshirt-mit-3d-effekt-635400	Apparel & Accessories > Clothing	Apparel & Accessories > Clothing > Shirts & Tops
kapuzenjacke-mit-reissverschluss-793154	Apparel & Accessories > Clothing	Apparel & Accessories > Clothing > Outerwear > Coats & Jackets
plusch-kapuzenjacke-mit-reissverschluss-955201	Apparel & Accessories > Clothing	Apparel & Accessories > Clothing > Outerwear > Coats & Jackets
off-shoulder-sweatshirt-mit-tunnelzug-683905	Apparel & Accessories > Clothing	Apparel & Accessories > Clothing > Shirts & Tops
off-shoulder-sweatshirt-mit-blumenmuster-609300	Apparel & Accessories > Clothing	Apparel & Accessories > Clothing > Shirts & Tops
unifarbenes-crewneck-sweatshirt-im-relaxed-fit-617400	Apparel & Accessories > Clothing	Apparel & Accessories > Clothing > Shirts & Tops
trendiges-rundhals-sweatshirt-fur-damen-630700	Apparel & Accessories > Clothing	Apparel & Accessories > Clothing > Shirts & Tops
unifarbenes-kapuzen-sweatshirt-mit-kordelzug-639200	Apparel & Accessories > Clothing	Apparel & Accessories > Clothing > Shirts & Tops
loose-fit-kapuzenjacke-mit-reissverschluss-625800	Apparel & Accessories > Clothing	Apparel & Accessories > Clothing > Outerwear > Coats & Jackets
gepolsterte-half-zip-jacke-fur-damen-611400	Apparel & Accessories > Clothing	Apparel & Accessories > Clothing > Outerwear > Coats & Jackets
color-block-rundhals-sweatshirt-fur-damen-622400	Apparel & Accessories > Clothing	Apparel & Accessories > Clothing > Shirts & Tops
3d-digital-print-freizeit-sweatshirt-fur-damen-605600	Apparel & Accessories > Clothing	Apparel & Accessories > Clothing > Shirts & Tops
herren-hoodie-mit-letter-print-604300	Apparel & Accessories > Clothing	Apparel & Accessories > Clothing > Shirts & Tops
unifarbenes-rundhals-sweatshirt-625100	Apparel & Accessories > Clothing	Apparel & Accessories > Clothing > Shirts & Tops
sweatshirt-mit-leoparden-kirschen-print-626000	Apparel & Accessories > Clothing	Apparel & Accessories > Clothing > Shirts & Tops
raglan-sweatshirt-mit-denim-patchwork-634100	Apparel & Accessories > Clothing	Apparel & Accessories > Clothing > Shirts & Tops
sweatshirt-kirschbluten-muster-605700	Apparel & Accessories > Clothing	Apparel & Accessories > Clothing > Shirts & Tops
sweatshirt-mit-rundhals-und-schleifendetail-608800	Apparel & Accessories > Clothing	Apparel & Accessories > Clothing > Shirts & Tops
retro-henley-langarm-sweatshirt-614800	Apparel & Accessories > Clothing	Apparel & Accessories > Clothing > Shirts & Tops
waffle-knit-crewneck-sweatshirt-631400	Apparel & Accessories > Clothing	Apparel & Accessories > Clothing > Shirts & Tops
langarm-stricktop-aus-baumwolle-609600	Apparel & Accessories > Clothing	Apparel & Accessories > Clothing > Shirts & Tops
freizeit-sweatshirt-mit-stehkragen-und-reissve-627200	Apparel & Accessories > Clothing	Apparel & Accessories > Clothing > Shirts & Tops
rundhals-sweatshirt-in-apricot-612700	Apparel & Accessories > Clothing	Apparel & Accessories > Clothing > Shirts & Tops
puffarmel-sweatshirt-fur-damen-936257	Apparel & Accessories > Clothing	Apparel & Accessories > Clothing > Shirts & Tops
letter-sweatshirt-fur-damen-605500	Apparel & Accessories > Clothing	Apparel & Accessories > Clothing > Shirts & Tops
fisoew-crewneck-sweatshirt-mit-halbem-raglanar-514370	Apparel & Accessories > Clothing	Apparel & Accessories > Clothing > Shirts & Tops
fisoew-cropped-sweatshirt-waffelstrick-682114	Apparel & Accessories > Clothing	Apparel & Accessories > Clothing > Shirts & Tops
fisoew-bomberjacke-mit-reissverschluss-681729	Apparel & Accessories > Clothing	Apparel & Accessories > Clothing > Outerwear > Coats & Jackets
jumpsuit-mit-leopardenmuster-und-v-ausschnitt-627300	Apparel & Accessories > Clothing	Apparel & Accessories > Clothing > One-Pieces > Jumpsuits & Rompers
nahtloser-body-mit-bauch-und-po-formung-742082	Apparel & Accessories > Clothing	Apparel & Accessories > Clothing > Underwear & Socks
nahtloser-body-mit-bauch-und-po-kontrolle-386434	Apparel & Accessories > Clothing	Apparel & Accessories > Clothing > Underwear & Socks
high-waist-shapewear-shorts-977281	Apparel & Accessories > Clothing	Apparel & Accessories > Clothing > Underwear & Socks
jumpsuit-mit-v-ausschnitt-und-kurzen-armeln-623600	Apparel & Accessories > Clothing	Apparel & Accessories > Clothing > One-Pieces > Jumpsuits & Rompers
nahtloser-body-shaper-fur-damen-544641	Apparel & Accessories > Clothing	Apparel & Accessories > Clothing > Underwear & Socks
off-shoulder-bandeau-shapewear-bodysuit-097281	Apparel & Accessories > Clothing	Apparel & Accessories > Clothing > Underwear & Socks
shapewear-bodysuit-mit-verstellbaren-tragern-632900	Apparel & Accessories > Clothing	Apparel & Accessories > Clothing > Underwear & Socks
eleganter-jumpsuit-mit-langen-armeln-612900	Apparel & Accessories > Clothing	Apparel & Accessories > Clothing > One-Pieces > Jumpsuits & Rompers
body-shaper-mit-bh-und-bauchkontrolle-463425	Apparel & Accessories > Clothing	Apparel & Accessories > Clothing > Underwear & Socks
fajas-colombianas-body-shaper-mit-bauchkontrol-381185	Apparel & Accessories > Clothing	Apparel & Accessories > Clothing > Underwear & Socks
taillenformer-mit-bh-und-doppelter-bauchkontro-551042	Apparel & Accessories > Clothing	Apparel & Accessories > Clothing > Underwear & Socks
figurbetonter-ruckenfreier-badeanzug-mit-rusch-636000	Apparel & Accessories > Clothing	Apparel & Accessories > Clothing > Swimwear
high-compression-shapewear-mit-frontreissversc-360578	Apparel & Accessories > Clothing	Apparel & Accessories > Clothing > Underwear & Socks
fajas-colombianas-postpartum-shapewear-889346	Apparel & Accessories > Clothing	Apparel & Accessories > Clothing > Underwear & Socks
jumpsuit-mit-v-ausschnitt-und-tiermuster-639000	Apparel & Accessories > Clothing	Apparel & Accessories > Clothing > One-Pieces > Jumpsuits & Rompers
leichter-leinen-jumpsuit-mit-weitem-bein-775041	Apparel & Accessories > Clothing	Apparel & Accessories > Clothing > One-Pieces > Jumpsuits & Rompers
nahtloser-body-shaper-mit-rundhals-und-bauchko-341953	Apparel & Accessories > Clothing	Apparel & Accessories > Clothing > Underwear & Socks
taillenformer-korsett-top-mit-stahlstaben-333890	Apparel & Accessories > Clothing	Apparel & Accessories > Clothing > Underwear & Socks
formiva-shapewear-outdoorfun-ganzkorper-body-693185	Apparel & Accessories > Clothing	Apparel & Accessories > Clothing > Underwear & Socks
shapewear-bodysuit-mit-bauchkontrolle-730689	Apparel & Accessories > Clothing	Apparel & Accessories > Clothing > Underwear & Socks
figurformender-jumpsuit-mit-bauchkontrolle-630082	Apparel & Accessories > Clothing	Apparel & Accessories > Clothing > One-Pieces > Jumpsuits & Rompers
jumpsuit-mit-polo-kragen-und-kurzen-hosen-637400	Apparel & Accessories > Clothing	Apparel & Accessories > Clothing > One-Pieces > Jumpsuits & Rompers
shapewear-bodysuit-mit-bauchkontrolle-534274	Apparel & Accessories > Clothing	Apparel & Accessories > Clothing > Underwear & Socks
fajas-colombianas-bauchkontrolle-body-shaper-031554	Apparel & Accessories > Clothing	Apparel & Accessories > Clothing > Underwear & Socks
nahtloser-jumpsuit-mit-bedeckter-brust-970433	Apparel & Accessories > Clothing	Apparel & Accessories > Clothing > One-Pieces > Jumpsuits & Rompers
khakifarbener-weiter-jumpsuit-fur-den-sommer-611600	Apparel & Accessories > Clothing	Apparel & Accessories > Clothing > One-Pieces > Jumpsuits & Rompers
leoparden-print-badeanzug-mit-ruschen-634400	Apparel & Accessories > Clothing	Apparel & Accessories > Clothing > Swimwear
armelloser-leinen-mix-jumpsuit-fur-damen-616900	Apparel & Accessories > Clothing	Apparel & Accessories > Clothing > One-Pieces > Jumpsuits & Rompers
color-block-sport-bikini-einteiler-615100	Apparel & Accessories > Clothing	Apparel & Accessories > Clothing > Swimwear
eleganter-plissee-jumpsuit-mit-weitem-bein-619500	Apparel & Accessories > Clothing	Apparel & Accessories > Clothing > One-Pieces > Jumpsuits & Rompers
eleganter-slim-fit-spitzen-jumpsuit-fur-damen-610600	Apparel & Accessories > Clothing	Apparel & Accessories > Clothing > One-Pieces > Jumpsuits & Rompers
eleganter-jumpsuit-mit-cut-out-und-3-4-armeln-624300	Apparel & Accessories > Clothing	Apparel & Accessories > Clothing > One-Pieces > Jumpsuits & Rompers
3d-print-latzhose-mit-weitem-bein-634100	Apparel & Accessories > Clothing	Apparel & Accessories > Clothing > Pants
gestreifter-strick-jumpsuit-im-casual-look-630100	Apparel & Accessories > Clothing	Apparel & Accessories > Clothing > One-Pieces > Jumpsuits & Rompers
vielseitiger-denim-overall-mit-geradem-bein-634900	Apparel & Accessories > Clothing	Apparel & Accessories > Clothing > One-Pieces > Jumpsuits & Rompers
damen-jumpsuit-mit-v-ausschnitt-und-neckholder-629800	Apparel & Accessories > Clothing	Apparel & Accessories > Clothing > One-Pieces > Jumpsuits & Rompers
eleganter-jumpsuit-mit-plisseearmeln-627700	Apparel & Accessories > Clothing	Apparel & Accessories > Clothing > One-Pieces > Jumpsuits & Rompers
gestreifter-jumpsuit-mit-bunter-stickerei-625600	Apparel & Accessories > Clothing	Apparel & Accessories > Clothing > One-Pieces > Jumpsuits & Rompers
eleganter-casual-jumpsuit-fur-damen-626900	Apparel & Accessories > Clothing	Apparel & Accessories > Clothing > One-Pieces > Jumpsuits & Rompers
gestreifter-high-waist-badeanzug-fur-damen-603800	Apparel & Accessories > Clothing	Apparel & Accessories > Clothing > Swimwear
eleganter-jumpsuit-mit-metallschnalle-624500	Apparel & Accessories > Clothing	Apparel & Accessories > Clothing > One-Pieces > Jumpsuits & Rompers
kurzer-ruckenfreier-cami-jumpsuit-631500	Apparel & Accessories > Clothing	Apparel & Accessories > Clothing > One-Pieces > Jumpsuits & Rompers
sexy-off-shoulder-jumpsuit-mit-printmuster-601300	Apparel & Accessories > Clothing	Apparel & Accessories > Clothing > One-Pieces > Jumpsuits & Rompers
crinkled-halterneck-jumpsuit-624600	Apparel & Accessories > Clothing	Apparel & Accessories > Clothing > One-Pieces > Jumpsuits & Rompers
v-ausschnitt-kirschen-print-pyjama-jumpsuit-609100	Apparel & Accessories > Clothing	Apparel & Accessories > Clothing > Sleepwear & Loungewear
ruschen-jumpsuit-mit-saumstickerei-628700	Apparel & Accessories > Clothing	Apparel & Accessories > Clothing > One-Pieces > Jumpsuits & Rompers
damen-denim-latzhose-im-workwear-stil-608600	Apparel & Accessories > Clothing	Apparel & Accessories > Clothing > Pants
jumpsuit-mit-huftlifting-design-624300	Apparel & Accessories > Clothing	Apparel & Accessories > Clothing > One-Pieces > Jumpsuits & Rompers
halter-body-mit-v-ausschnitt-636400	Apparel & Accessories > Clothing	Apparel & Accessories > Clothing > Underwear & Socks
eleganter-bodycon-jumpsuit-mit-v-ausschnitt-624400	Apparel & Accessories > Clothing	Apparel & Accessories > Clothing > One-Pieces > Jumpsuits & Rompers
jumpsuit-mit-spitze-und-schleifendetail-614700	Apparel & Accessories > Clothing	Apparel & Accessories > Clothing > One-Pieces > Jumpsuits & Rompers
eleganter-skinny-jumpsuit-mit-reissverschluss-630700	Apparel & Accessories > Clothing	Apparel & Accessories > Clothing > One-Pieces > Jumpsuits & Rompers
eleganter-jumpsuit-mit-spaghettitragern-und-ru-639100	Apparel & Accessories > Clothing	Apparel & Accessories > Clothing > One-Pieces > Jumpsuits & Rompers
kurzer-jumpsuit-mit-lochstickerei-619200	Apparel & Accessories > Clothing	Apparel & Accessories > Clothing > One-Pieces > Jumpsuits & Rompers
damen-fleece-jumpsuit-langarm-overall-639700	Apparel & Accessories > Clothing	Apparel & Accessories > Clothing > One-Pieces > Jumpsuits & Rompers
langarm-badeanzug-fur-kurvige-figuren-602800	Apparel & Accessories > Clothing	Apparel & Accessories > Clothing > Swimwear
damen-maxikleid-mit-leopardenprint-und-schnuru-630000	Apparel & Accessories > Clothing	Apparel & Accessories > Clothing > Dresses
jumpsuit-mit-laternenarmeln-und-eckigem-aussch-637800	Apparel & Accessories > Clothing	Apparel & Accessories > Clothing > One-Pieces > Jumpsuits & Rompers
sommerlicher-jumpsuit-mit-v-ausschnitt-und-rus-620100	Apparel & Accessories > Clothing	Apparel & Accessories > Clothing > One-Pieces > Jumpsuits & Rompers
eleganter-slim-fit-jumpsuit-mit-hohem-bund-630600	Apparel & Accessories > Clothing	Apparel & Accessories > Clothing > One-Pieces > Jumpsuits & Rompers
armelloser-blumen-jumpsuit-fur-damen-617000	Apparel & Accessories > Clothing	Apparel & Accessories > Clothing > One-Pieces > Jumpsuits & Rompers
eleganter-jumpsuit-mit-eckigem-ausschnitt-und-613400	Apparel & Accessories > Clothing	Apparel & Accessories > Clothing > One-Pieces > Jumpsuits & Rompers
eleganter-jumpsuit-mit-weitem-bein-und-v-aussc-622000	Apparel & Accessories > Clothing	Apparel & Accessories > Clothing > One-Pieces > Jumpsuits & Rompers
armelloser-jumpsuit-mit-stehkragen-619100	Apparel & Accessories > Clothing	Apparel & Accessories > Clothing > One-Pieces > Jumpsuits & Rompers
gerippter-langarm-jumpsuit-fur-damen-603100	Apparel & Accessories > Clothing	Apparel & Accessories > Clothing > One-Pieces > Jumpsuits & Rompers
damen-jumpsuit-mit-print-und-hohem-bund-627800	Apparel & Accessories > Clothing	Apparel & Accessories > Clothing > One-Pieces > Jumpsuits & Rompers
klassischer-jumpsuit-mit-weihnachtsmuster-659600	Apparel & Accessories > Clothing	Apparel & Accessories > Clothing > One-Pieces > Jumpsuits & Rompers
jumpsuit-mit-print-und-off-shoulder-619400	Apparel & Accessories > Clothing	Apparel & Accessories > Clothing > One-Pieces > Jumpsuits & Rompers
corduroy-loose-straight-bib-pants-damen-604300	Apparel & Accessories > Clothing	Apparel & Accessories > Clothing > Pants
skelett-digital-jumpsuit-fur-damen-639800	Apparel & Accessories > Clothing	Apparel & Accessories > Clothing > One-Pieces > Jumpsuits & Rompers
eleganter-polyester-jumpsuit-mit-hoher-taille-655300	Apparel & Accessories > Clothing	Apparel & Accessories > Clothing > One-Pieces > Jumpsuits & Rompers
sportlicher-jumpsuit-mit-offenem-rucken-611000	Apparel & Accessories > Clothing	Apparel & Accessories > Clothing > One-Pieces > Jumpsuits & Rompers
armelloser-jumpsuit-mit-weitem-bein-637400	Apparel & Accessories > Clothing	Apparel & Accessories > Clothing > One-Pieces > Jumpsuits & Rompers
jumpsuit-mit-neckholder-und-stirnband-609000	Apparel & Accessories > Clothing	Apparel & Accessories > Clothing > One-Pieces > Jumpsuits & Rompers
gepunkteter-halterneck-jumpsuit-634100	Apparel & Accessories > Clothing	Apparel & Accessories > Clothing > One-Pieces > Jumpsuits & Rompers
casual-resort-jumpsuit-mit-weitem-bein-630100	Apparel & Accessories > Clothing	Apparel & Accessories > Clothing > One-Pieces > Jumpsuits & Rompers
leopard-print-einteiler-badeanzug-637500	Apparel & Accessories > Clothing	Apparel & Accessories > Clothing > Swimwear
eleganter-jumpsuit-mit-weitem-bein-und-v-aussc-624300	Apparel & Accessories > Clothing	Apparel & Accessories > Clothing > One-Pieces > Jumpsuits & Rompers
eleganter-jumpsuit-mit-weitem-bein-150145	Apparel & Accessories > Clothing	Apparel & Accessories > Clothing > One-Pieces > Jumpsuits & Rompers
eleganter-damen-jumpsuit-mit-reissverschluss-606000	Apparel & Accessories > Clothing	Apparel & Accessories > Clothing > One-Pieces > Jumpsuits & Rompers
minimalistischer-plissierter-jumpsuit-631700	Apparel & Accessories > Clothing	Apparel & Accessories > Clothing > One-Pieces > Jumpsuits & Rompers
eleganter-jumpsuit-mit-woll-applikationen-616100	Apparel & Accessories > Clothing	Apparel & Accessories > Clothing > One-Pieces > Jumpsuits & Rompers
gemusterter-langarm-jumpsuit-mit-v-ausschnitt-633400	Apparel & Accessories > Clothing	Apparel & Accessories > Clothing > One-Pieces > Jumpsuits & Rompers
v-ausschnitt-jumpsuit-mit-langer-armel-609100	Apparel & Accessories > Clothing	Apparel & Accessories > Clothing > One-Pieces > Jumpsuits & Rompers
damen-weiter-jumpsuit-mit-tragern-629700	Apparel & Accessories > Clothing	Apparel & Accessories > Clothing > One-Pieces > Jumpsuits & Rompers
denim-latzhose-im-loose-fit-634100	Apparel & Accessories > Clothing	Apparel & Accessories > Clothing > Pants
lockerer-jumpsuit-mit-weitem-bein-und-spaghett-629600	Apparel & Accessories > Clothing	Apparel & Accessories > Clothing > One-Pieces > Jumpsuits & Rompers
armelloser-jumpsuit-mit-weitem-bein-614800	Apparel & Accessories > Clothing	Apparel & Accessories > Clothing > One-Pieces > Jumpsuits & Rompers
eleganter-armelloser-jumpsuit-mit-weitem-bein-614700	Apparel & Accessories > Clothing	Apparel & Accessories > Clothing > One-Pieces > Jumpsuits & Rompers
eleganter-v-ausschnitt-jumpsuit-fur-damen-626600	Apparel & Accessories > Clothing	Apparel & Accessories > Clothing > One-Pieces > Jumpsuits & Rompers
leinen-jumpsuit-mit-weitem-bein-und-v-ausschni-623600	Apparel & Accessories > Clothing	Apparel & Accessories > Clothing > One-Pieces > Jumpsuits & Rompers
armelloser-jumpsuit-mit-v-ausschnitt-629600	Apparel & Accessories > Clothing	Apparel & Accessories > Clothing > One-Pieces > Jumpsuits & Rompers
eleganter-langarm-jumpsuit-mit-weitem-bein-601600	Apparel & Accessories > Clothing	Apparel & Accessories > Clothing > One-Pieces > Jumpsuits & Rompers
armelloser-jumpsuit-mit-engem-oberteil-und-wei-615400	Apparel & Accessories > Clothing	Apparel & Accessories > Clothing > One-Pieces > Jumpsuits & Rompers
tanktop-shorts-set-mit-letter-print-616300	Apparel & Accessories > Clothing	Apparel & Accessories > Clothing > Outfit Sets
gestreifter-armelloser-jumpsuit-mit-bindegurte-629800	Apparel & Accessories > Clothing	Apparel & Accessories > Clothing > One-Pieces > Jumpsuits & Rompers
armelloser-jumpsuit-aus-baumwoll-leinen-mix-623400	Apparel & Accessories > Clothing	Apparel & Accessories > Clothing > One-Pieces > Jumpsuits & Rompers
einteiliger-casual-overall-mit-prinzessinnenar-621800	Apparel & Accessories > Clothing	Apparel & Accessories > Clothing > One-Pieces > Jumpsuits & Rompers
off-shoulder-jumpsuit-mit-ruschenarmeln-657282	Apparel & Accessories > Clothing	Apparel & Accessories > Clothing > One-Pieces > Jumpsuits & Rompers
bohemian-jumpsuit-mit-v-ausschnitt-611000	Apparel & Accessories > Clothing	Apparel & Accessories > Clothing > One-Pieces > Jumpsuits & Rompers
armelloser-jumpsuit-mit-weitem-bein-619500	Apparel & Accessories > Clothing	Apparel & Accessories > Clothing > One-Pieces > Jumpsuits & Rompers
eleganter-armelloser-jumpsuit-mit-weitem-bein-626000	Apparel & Accessories > Clothing	Apparel & Accessories > Clothing > One-Pieces > Jumpsuits & Rompers
fischtail-body-con-strand-playsuit-mit-u-aussc-637100	Apparel & Accessories > Clothing	Apparel & Accessories > Clothing > Underwear & Socks
sportlicher-jumpsuit-mit-v-ausschnitt-und-knop-615900	Apparel & Accessories > Clothing	Apparel & Accessories > Clothing > One-Pieces > Jumpsuits & Rompers
armelloser-jumpsuit-mit-weitem-bein-601700	Apparel & Accessories > Clothing	Apparel & Accessories > Clothing > One-Pieces > Jumpsuits & Rompers
yoga-jumpsuit-mit-uberkreuztragern-637400	Apparel & Accessories > Clothing	Apparel & Accessories > Clothing > One-Pieces > Jumpsuits & Rompers
nahtloser-einteiler-mit-ausgestelltem-bein-608200	Apparel & Accessories > Clothing	Apparel & Accessories > Clothing > One-Pieces > Jumpsuits & Rompers
nahtloser-casual-jumpsuit-mit-thong-boden-639600	Apparel & Accessories > Clothing	Apparel & Accessories > Clothing > One-Pieces > Jumpsuits & Rompers
ruckenbetonender-einteiler-mit-aushohlung-605700	Apparel & Accessories > Clothing	Apparel & Accessories > Clothing > One-Pieces > Jumpsuits & Rompers
sexy-lace-slim-fit-yoga-jumpsuit-623000	Apparel & Accessories > Clothing	Apparel & Accessories > Clothing > One-Pieces > Jumpsuits & Rompers
high-elastic-yoga-einteiler-mit-v-ausschnitt-635200	Apparel & Accessories > Clothing	Apparel & Accessories > Clothing > One-Pieces > Jumpsuits & Rompers
damen-yoga-jumpsuit-mit-mock-neck-626800	Apparel & Accessories > Clothing	Apparel & Accessories > Clothing > One-Pieces > Jumpsuits & Rompers
bohemian-halterneck-jumpsuit-630100	Apparel & Accessories > Clothing	Apparel & Accessories > Clothing > One-Pieces > Jumpsuits & Rompers
damen-tragerloser-yoga-einteiler-617800	Apparel & Accessories > Clothing	Apparel & Accessories > Clothing > One-Pieces > Jumpsuits & Rompers
spitzen-body-mit-blumenmuster-623400	Apparel & Accessories > Clothing	Apparel & Accessories > Clothing > Underwear & Socks
yoga-bodysuit-shorts-stil-613600	Apparel & Accessories > Clothing	Apparel & Accessories > Clothing > Activewear
capri-schwimmanzug-mit-farbverlauf-626900	Apparel & Accessories > Clothing	Apparel & Accessories > Clothing > Suits
gestreifter-halterneck-jumpsuit-623100	Apparel & Accessories > Clothing	Apparel & Accessories > Clothing > One-Pieces > Jumpsuits & Rompers
taillierter-kurzarm-body-617600	Apparel & Accessories > Clothing	Apparel & Accessories > Clothing > Underwear & Socks
sommerlicher-off-shoulder-bodycon-jumpsuit-sho-603600	Apparel & Accessories > Clothing	Apparel & Accessories > Clothing > One-Pieces > Jumpsuits & Rompers
kurzer-yoga-jumpsuit-mit-uberkreuztragern-606200	Apparel & Accessories > Clothing	Apparel & Accessories > Clothing > One-Pieces > Jumpsuits & Rompers
sportlicher-yoga-body-ohne-polsterung-604500	Apparel & Accessories > Clothing	Apparel & Accessories > Clothing > Underwear & Socks
eleganter-armelloser-jumpsuit-mit-weitem-bein-635300	Apparel & Accessories > Clothing	Apparel & Accessories > Clothing > One-Pieces > Jumpsuits & Rompers
kurzer-yoga-jumpsuit-mit-reissverschluss-609800	Apparel & Accessories > Clothing	Apparel & Accessories > Clothing > One-Pieces > Jumpsuits & Rompers
nahtloser-v-ausschnitt-yoga-jumpsuit-606000	Apparel & Accessories > Clothing	Apparel & Accessories > Clothing > One-Pieces > Jumpsuits & Rompers
armelloser-jumpsuit-mit-v-ausschnitt-624900	Apparel & Accessories > Clothing	Apparel & Accessories > Clothing > One-Pieces > Jumpsuits & Rompers
figurbetonter-einteiler-mit-blumenprint-619700	Apparel & Accessories > Clothing	Apparel & Accessories > Clothing > One-Pieces > Jumpsuits & Rompers
off-shoulder-jumpsuit-mit-ruschensaum-634300	Apparel & Accessories > Clothing	Apparel & Accessories > Clothing > One-Pieces > Jumpsuits & Rompers
damen-jumpsuit-mit-print-und-spaghettitragern-620100	Apparel & Accessories > Clothing	Apparel & Accessories > Clothing > One-Pieces > Jumpsuits & Rompers
luftiges-sporttop-mit-kordelzug-911938	Apparel & Accessories > Clothing	Apparel & Accessories > Clothing > Shirts & Tops
high-impact-push-up-sport-bh-748353	Apparel & Accessories > Clothing	Apparel & Accessories > Clothing > Underwear & Socks
integriertes-sport-tanktop-fur-damen-724290	Apparel & Accessories > Clothing	Apparel & Accessories > Clothing > Shirts & Tops
designer-stil-polka-dot-spitze-camisole-611000	Apparel & Accessories > Clothing	Apparel & Accessories > Clothing > Shirts & Tops
sexy-tanktop-mit-tiefem-v-ausschnitt-615400	Apparel & Accessories > Clothing	Apparel & Accessories > Clothing > Shirts & Tops
trendiges-unisex-langarmshirt-im-american-styl-635600	Apparel & Accessories > Clothing	Apparel & Accessories > Clothing > Shirts & Tops
tailliertes-langarmshirt-mit-puffarmeln-623000	Apparel & Accessories > Clothing	Apparel & Accessories > Clothing > Shirts & Tops
elegante-langarm-bluse-aus-baumwolle-608300	Apparel & Accessories > Clothing	Apparel & Accessories > Clothing > Shirts & Tops
shirt-mit-karree-ausschnitt-und-ausgestellten-602800	Apparel & Accessories > Clothing	Apparel & Accessories > Clothing > Shirts & Tops
kurze-bluse-mit-puffarmeln-und-schnurung-632300	Apparel & Accessories > Clothing	Apparel & Accessories > Clothing > Shirts & Tops
sportlich-legeres-t-shirt-mit-knopfleiste-612900	Apparel & Accessories > Clothing	Apparel & Accessories > Clothing > Shirts & Tops
glitzerndes-langarm-mesh-shirt-mit-rundhals-614200	Apparel & Accessories > Clothing	Apparel & Accessories > Clothing > Shirts & Tops
damen-oversized-fleece-sweatshirt-mit-kapuze-600500	Apparel & Accessories > Clothing	Apparel & Accessories > Clothing > Shirts & Tops
sportlich-legeres-sweatshirt-mit-rundhals-621900	Apparel & Accessories > Clothing	Apparel & Accessories > Clothing > Shirts & Tops
kurzarm-top-mit-lochmuster-631200	Apparel & Accessories > Clothing	Apparel & Accessories > Clothing > Shirts & Tops
samt-cardigan-mit-kapuze-und-knopfen-603800	Apparel & Accessories > Clothing	Apparel & Accessories > Clothing > Shirts & Tops
high-elastic-denim-jumpsuit-658000	Apparel & Accessories > Clothing	Apparel & Accessories > Clothing > One-Pieces > Jumpsuits & Rompers
einteiliger-bikini-jumpsuit-fur-damen-606700	Apparel & Accessories > Clothing	Apparel & Accessories > Clothing > Swimwear
eleganter-neckholder-jumpsuit-mit-offenem-ruck-612200	Apparel & Accessories > Clothing	Apparel & Accessories > Clothing > One-Pieces > Jumpsuits & Rompers
damen-jumpsuit-mit-spitze-und-ruckenausschnitt-608000	Apparel & Accessories > Clothing	Apparel & Accessories > Clothing > One-Pieces > Jumpsuits & Rompers
eleganter-jumpsuit-mit-v-ausschnitt-und-langen-604700	Apparel & Accessories > Clothing	Apparel & Accessories > Clothing > One-Pieces > Jumpsuits & Rompers
eleganter-satin-jumpsuit-mit-weitem-bein-608100	Apparel & Accessories > Clothing	Apparel & Accessories > Clothing > One-Pieces > Jumpsuits & Rompers
taillenformender-jumpsuit-mit-huftstraffung-602000	Apparel & Accessories > Clothing	Apparel & Accessories > Clothing > One-Pieces > Jumpsuits & Rompers
sommerlicher-overall-mit-weitem-bein-und-blume-431041	Apparel & Accessories > Clothing	Apparel & Accessories > Clothing > One-Pieces > Jumpsuits & Rompers
eleganter-jumpsuit-mit-geradem-bein-und-zierba-915969	Apparel & Accessories > Clothing	Apparel & Accessories > Clothing > One-Pieces > Jumpsuits & Rompers
eng-anliegender-jumpsuit-mit-rundhals-624000	Apparel & Accessories > Clothing	Apparel & Accessories > Clothing > One-Pieces > Jumpsuits & Rompers
bauchkontrollierender-huftlift-jumpsuit-628100	Apparel & Accessories > Clothing	Apparel & Accessories > Clothing > One-Pieces > Jumpsuits & Rompers
jumpsuit-mit-plissee-und-hoher-taille-609500	Apparel & Accessories > Clothing	Apparel & Accessories > Clothing > One-Pieces > Jumpsuits & Rompers
oranger-jumpsuit-mit-v-ausschnitt-und-taillenk-610000	Apparel & Accessories > Clothing	Apparel & Accessories > Clothing > One-Pieces > Jumpsuits & Rompers
figurbetonter-ruckenfreier-einteiler-mit-print-610600	Apparel & Accessories > Clothing	Apparel & Accessories > Clothing > One-Pieces > Jumpsuits & Rompers
jumpsuit-skinny-peach-hip-mit-beauty-rucken-604800	Apparel & Accessories > Clothing	Apparel & Accessories > Clothing > One-Pieces > Jumpsuits & Rompers
atmungsaktiver-taillenformer-mit-bauchkontroll-615700	Apparel & Accessories > Clothing	Apparel & Accessories > Clothing > Underwear & Socks
eleganter-zweiteiler-badeanzug-222594	Apparel & Accessories > Clothing	Apparel & Accessories > Clothing > Swimwear
sommerlicher-jumpsuit-mit-taillentasche-617500	Apparel & Accessories > Clothing	Apparel & Accessories > Clothing > One-Pieces > Jumpsuits & Rompers
sexy-neckholder-bikini-mit-blumenmuster-600700	Apparel & Accessories > Clothing	Apparel & Accessories > Clothing > Swimwear
jumpsuit-mit-geometrischem-print-und-schnurung-624800	Apparel & Accessories > Clothing	Apparel & Accessories > Clothing > One-Pieces > Jumpsuits & Rompers
bedruckter-v-ausschnitt-langarm-jumpsuit-620100	Apparel & Accessories > Clothing	Apparel & Accessories > Clothing > One-Pieces > Jumpsuits & Rompers
leinen-jumpsuit-mit-puffarmeln-612300	Apparel & Accessories > Clothing	Apparel & Accessories > Clothing > One-Pieces > Jumpsuits & Rompers
sexy-bikini-jumpsuit-mit-tiefem-v-601500	Apparel & Accessories > Clothing	Apparel & Accessories > Clothing > Swimwear
einteiliger-bikini-mit-blutenknospen-design-609000	Apparel & Accessories > Clothing	Apparel & Accessories > Clothing > Swimwear
einteiliger-badeanzug-mit-muster-607400	Apparel & Accessories > Clothing	Apparel & Accessories > Clothing > Swimwear
eleganter-jumpsuit-mit-weitem-bein-626300	Apparel & Accessories > Clothing	Apparel & Accessories > Clothing > One-Pieces > Jumpsuits & Rompers
off-shoulder-camouflage-jumpsuit-619800	Apparel & Accessories > Clothing	Apparel & Accessories > Clothing > One-Pieces > Jumpsuits & Rompers
damen-jumpsuit-mit-weitem-bein-und-print-618600	Apparel & Accessories > Clothing	Apparel & Accessories > Clothing > One-Pieces > Jumpsuits & Rompers
einteiliger-damen-badeanzug-614500	Apparel & Accessories > Clothing	Apparel & Accessories > Clothing > Swimwear
figurbetonter-jumpsuit-mit-u-ausschnitt-600100	Apparel & Accessories > Clothing	Apparel & Accessories > Clothing > One-Pieces > Jumpsuits & Rompers
armelloser-jumpsuit-mit-weitem-bein-606800	Apparel & Accessories > Clothing	Apparel & Accessories > Clothing > One-Pieces > Jumpsuits & Rompers
kurzer-jumpsuit-mit-hemdkragen-und-bindedetail-627900	Apparel & Accessories > Clothing	Apparel & Accessories > Clothing > One-Pieces > Jumpsuits & Rompers
gestreifter-einteiliger-bikini-fur-damen-616900	Apparel & Accessories > Clothing	Apparel & Accessories > Clothing > Swimwear
gestreifter-armelloser-v-ausschnitt-jumpsuit-602300	Apparel & Accessories > Clothing	Apparel & Accessories > Clothing > One-Pieces > Jumpsuits & Rompers
color-block-badeanzug-fur-damen-619100	Apparel & Accessories > Clothing	Apparel & Accessories > Clothing > Swimwear
einteiliger-mesh-badeanzug-fur-damen-609900	Apparel & Accessories > Clothing	Apparel & Accessories > Clothing > Swimwear
damen-langarm-v-ausschnitt-badeanzug-607900	Apparel & Accessories > Clothing	Apparel & Accessories > Clothing > Swimwear
kurzer-jumpsuit-mit-knopfleiste-615900	Apparel & Accessories > Clothing	Apparel & Accessories > Clothing > One-Pieces > Jumpsuits & Rompers
grosser-einteiler-mit-karomuster-614700	Apparel & Accessories > Clothing	Apparel & Accessories > Clothing > One-Pieces > Jumpsuits & Rompers
eleganter-armelloser-jumpsuit-mit-weitem-bein-637300	Apparel & Accessories > Clothing	Apparel & Accessories > Clothing > One-Pieces > Jumpsuits & Rompers
eleganter-off-shoulder-jumpsuit-mit-plissees-631700	Apparel & Accessories > Clothing	Apparel & Accessories > Clothing > One-Pieces > Jumpsuits & Rompers
eleganter-armelloser-jumpsuit-mit-spitze-603600	Apparel & Accessories > Clothing	Apparel & Accessories > Clothing > One-Pieces > Jumpsuits & Rompers
kurzarm-body-mit-cityscape-muster-613500	Apparel & Accessories > Clothing	Apparel & Accessories > Clothing > Underwear & Socks
eleganter-workwear-jumpsuit-mit-gurtel-635200	Apparel & Accessories > Clothing	Apparel & Accessories > Clothing > One-Pieces > Jumpsuits & Rompers
v-ausschnitt-armelloser-jumpsuit-mit-weitem-be-635600	Apparel & Accessories > Clothing	Apparel & Accessories > Clothing > One-Pieces > Jumpsuits & Rompers
armelloser-jumpsuit-im-ethno-stil-614900	Apparel & Accessories > Clothing	Apparel & Accessories > Clothing > One-Pieces > Jumpsuits & Rompers
armelloser-leinen-mix-jumpsuit-608700	Apparel & Accessories > Clothing	Apparel & Accessories > Clothing > One-Pieces > Jumpsuits & Rompers
casual-resort-jumpsuit-mit-weitem-bein-636200	Apparel & Accessories > Clothing	Apparel & Accessories > Clothing > One-Pieces > Jumpsuits & Rompers
figurbetontes-off-shoulder-jumpsuit-612700	Apparel & Accessories > Clothing	Apparel & Accessories > Clothing > One-Pieces > Jumpsuits & Rompers
eleganter-bedruckter-jumpsuit-mit-schnurung-619500	Apparel & Accessories > Clothing	Apparel & Accessories > Clothing > One-Pieces > Jumpsuits & Rompers
jumpsuit-set-one-shoulder-top-jogger-hose-603700	Apparel & Accessories > Clothing	Apparel & Accessories > Clothing > Outfit Sets
sportlicher-bikini-einteiler-607500	Apparel & Accessories > Clothing	Apparel & Accessories > Clothing > Swimwear
bohemian-jumpsuit-mit-print-627100	Apparel & Accessories > Clothing	Apparel & Accessories > Clothing > One-Pieces > Jumpsuits & Rompers
figurformender-jeans-jumpsuit-mit-hohem-bund-627500	Apparel & Accessories > Clothing	Apparel & Accessories > Clothing > One-Pieces > Jumpsuits & Rompers
armelloser-jumpsuit-mit-anzugkragen-625500	Apparel & Accessories > Clothing	Apparel & Accessories > Clothing > One-Pieces > Jumpsuits & Rompers
bequemer-denim-jumpsuit-mit-weitem-bein-605300	Apparel & Accessories > Clothing	Apparel & Accessories > Clothing > One-Pieces > Jumpsuits & Rompers
kurzer-jumpsuit-mit-v-ausschnitt-608700	Apparel & Accessories > Clothing	Apparel & Accessories > Clothing > One-Pieces > Jumpsuits & Rompers
eleganter-casual-jumpsuit-mit-weitem-bein-613100	Apparel & Accessories > Clothing	Apparel & Accessories > Clothing > One-Pieces > Jumpsuits & Rompers
eleganter-armelloser-jumpsuit-mit-tragern-617100	Apparel & Accessories > Clothing	Apparel & Accessories > Clothing > One-Pieces > Jumpsuits & Rompers
armelloser-jumpsuit-mit-v-ausschnitt-und-print-624100	Apparel & Accessories > Clothing	Apparel & Accessories > Clothing > One-Pieces > Jumpsuits & Rompers
boho-neckholder-jumpsuit-mit-weitem-bein-632100	Apparel & Accessories > Clothing	Apparel & Accessories > Clothing > One-Pieces > Jumpsuits & Rompers
armelloser-jumpsuit-mit-geradem-bein-623100	Apparel & Accessories > Clothing	Apparel & Accessories > Clothing > One-Pieces > Jumpsuits & Rompers
eleganter-jumpsuit-mit-taillenschnurung-638000	Apparel & Accessories > Clothing	Apparel & Accessories > Clothing > One-Pieces > Jumpsuits & Rompers
eleganter-halterneck-jumpsuit-621800	Apparel & Accessories > Clothing	Apparel & Accessories > Clothing > One-Pieces > Jumpsuits & Rompers
off-shoulder-jumpsuit-mit-stehkragen-605500	Apparel & Accessories > Clothing	Apparel & Accessories > Clothing > One-Pieces > Jumpsuits & Rompers
jumpsuit-mit-weitem-bein-und-ruschensaum-613500	Apparel & Accessories > Clothing	Apparel & Accessories > Clothing > One-Pieces > Jumpsuits & Rompers
armelloser-denim-overall-mit-weitem-bein-605500	Apparel & Accessories > Clothing	Apparel & Accessories > Clothing > One-Pieces > Jumpsuits & Rompers
denim-jumpsuit-schulterfrei-mit-bindebandern-634600	Apparel & Accessories > Clothing	Apparel & Accessories > Clothing > One-Pieces > Jumpsuits & Rompers
armelloser-leinen-jumpsuit-mit-v-ausschnitt-633000	Apparel & Accessories > Clothing	Apparel & Accessories > Clothing > One-Pieces > Jumpsuits & Rompers
eleganter-spitzen-jumpsuit-mit-print-621200	Apparel & Accessories > Clothing	Apparel & Accessories > Clothing > One-Pieces > Jumpsuits & Rompers
jumpsuit-mit-spaghettitragern-611500	Apparel & Accessories > Clothing	Apparel & Accessories > Clothing > One-Pieces > Jumpsuits & Rompers
armelloser-jumpsuit-mit-weitem-bein-604200	Apparel & Accessories > Clothing	Apparel & Accessories > Clothing > One-Pieces > Jumpsuits & Rompers
kurzarm-jumpsuit-mit-weitem-bein-618900	Apparel & Accessories > Clothing	Apparel & Accessories > Clothing > One-Pieces > Jumpsuits & Rompers
casual-romper-set-mit-spaghettitrager-top-601900	Apparel & Accessories > Clothing	Apparel & Accessories > Clothing > Outfit Sets
tragerloses-nachthemd-mit-spitze-auch-fur-drau-609600	Apparel & Accessories > Clothing	Apparel & Accessories > Clothing > Sleepwear & Loungewear
jeans-look-top-mit-tupfenkleid-639700	Apparel & Accessories > Clothing	Apparel & Accessories > Clothing > Dresses
v-ausschnitt-laternenarmel-maxikleid-600700	Apparel & Accessories > Clothing	Apparel & Accessories > Clothing > Dresses
midilanges-damen-strickkleid-mit-halbem-reissv-631700	Apparel & Accessories > Clothing	Apparel & Accessories > Clothing > Dresses
damen-off-shoulder-puffarmel-midikleid-606000	Apparel & Accessories > Clothing	Apparel & Accessories > Clothing > Dresses
wickelkleid-mit-taillierung-und-plissees-601500	Apparel & Accessories > Clothing	Apparel & Accessories > Clothing > Dresses
leinenkleid-mit-schnurung-und-v-ausschnitt-631300	Apparel & Accessories > Clothing	Apparel & Accessories > Clothing > Dresses
gestreiftes-armelloses-midikleid-639400	Apparel & Accessories > Clothing	Apparel & Accessories > Clothing > Dresses
spitzen-hakelkleid-mit-taillenbetonung-622300	Apparel & Accessories > Clothing	Apparel & Accessories > Clothing > Dresses
figurbetontes-tragerloses-spitzenkleid-614500	Apparel & Accessories > Clothing	Apparel & Accessories > Clothing > Dresses
gemustertes-langarmkleid-mit-rundhals-605100	Apparel & Accessories > Clothing	Apparel & Accessories > Clothing > Dresses
maxikleid-mit-rundhals-und-3-4-armeln-638200	Apparel & Accessories > Clothing	Apparel & Accessories > Clothing > Dresses
strickkleid-mit-v-ausschnitt-und-schlitz-608300	Apparel & Accessories > Clothing	Apparel & Accessories > Clothing > Dresses
weisses-strickkleid-fur-den-strandurlaub-618400	Apparel & Accessories > Clothing	Apparel & Accessories > Clothing > Dresses
pailletten-one-shoulder-meerjungfrauenkleid-616100	Apparel & Accessories > Clothing	Apparel & Accessories > Clothing > Dresses
gym-therapy-t-shirt-fur-junge-erwachsene-610000	Apparel & Accessories > Clothing	Apparel & Accessories > Clothing > Shirts & Tops
gemustertes-sommerkleid-mit-stickereien-609800	Apparel & Accessories > Clothing	Apparel & Accessories > Clothing > Dresses
eleganter-spitzen-jumpsuit-mit-transparenten-d-629200	Apparel & Accessories > Clothing	Apparel & Accessories > Clothing > One-Pieces > Jumpsuits & Rompers
3d-printed-suspender-jumpsuit-601100	Apparel & Accessories > Clothing	Apparel & Accessories > Clothing > One-Pieces > Jumpsuits & Rompers
geblumter-jumpsuit-mit-puffarmeln-617400	Apparel & Accessories > Clothing	Apparel & Accessories > Clothing > One-Pieces > Jumpsuits & Rompers
casual-damen-badeanzug-531458	Apparel & Accessories > Clothing	Apparel & Accessories > Clothing > Swimwear
damen-jumpsuit-mit-digitalem-print-610200	Apparel & Accessories > Clothing	Apparel & Accessories > Clothing > One-Pieces > Jumpsuits & Rompers
jumpsuit-mit-hosentragern-und-digitaldruck-620200	Apparel & Accessories > Clothing	Apparel & Accessories > Clothing > One-Pieces > Jumpsuits & Rompers
eleganter-jumpsuit-mit-cut-outs-615900	Apparel & Accessories > Clothing	Apparel & Accessories > Clothing > One-Pieces > Jumpsuits & Rompers
ruckenfreier-jumpsuit-mit-geradem-bein-608200	Apparel & Accessories > Clothing	Apparel & Accessories > Clothing > One-Pieces > Jumpsuits & Rompers
damen-neckholder-badeanzug-mit-ruckenausschnit-606600	Apparel & Accessories > Clothing	Apparel & Accessories > Clothing > Swimwear
eleganter-off-shoulder-jumpsuit-605100	Apparel & Accessories > Clothing	Apparel & Accessories > Clothing > One-Pieces > Jumpsuits & Rompers
armelloser-jumpsuit-mit-bandeau-top-und-rusche-601800	Apparel & Accessories > Clothing	Apparel & Accessories > Clothing > One-Pieces > Jumpsuits & Rompers
jumpsuit-mit-ruschen-und-weitem-bein-621100	Apparel & Accessories > Clothing	Apparel & Accessories > Clothing > One-Pieces > Jumpsuits & Rompers
mesh-jumpsuit-fur-damen-607200	Apparel & Accessories > Clothing	Apparel & Accessories > Clothing > One-Pieces > Jumpsuits & Rompers
v-ausschnitt-jumpsuit-mit-weitem-bein-600700	Apparel & Accessories > Clothing	Apparel & Accessories > Clothing > One-Pieces > Jumpsuits & Rompers
eleganter-jumpsuit-fur-damen-607300	Apparel & Accessories > Clothing	Apparel & Accessories > Clothing > One-Pieces > Jumpsuits & Rompers
lassiger-jumpsuit-mit-spaghettitragern-608900	Apparel & Accessories > Clothing	Apparel & Accessories > Clothing > One-Pieces > Jumpsuits & Rompers
eleganter-slim-fit-jumpsuit-mit-langen-armeln-608900	Apparel & Accessories > Clothing	Apparel & Accessories > Clothing > One-Pieces > Jumpsuits & Rompers
nahtloser-body-shaper-mit-bauchkontrolle-621000	Apparel & Accessories > Clothing	Apparel & Accessories > Clothing > Underwear & Socks
eleganter-high-waist-jumpsuit-mit-weitem-bein-602400	Apparel & Accessories > Clothing	Apparel & Accessories > Clothing > One-Pieces > Jumpsuits & Rompers
eleganter-pailletten-jumpsuit-mit-one-shoulder-628600	Apparel & Accessories > Clothing	Apparel & Accessories > Clothing > One-Pieces > Jumpsuits & Rompers
eleganter-halter-jumpsuit-schwarz-weiss-605501	Apparel & Accessories > Clothing	Apparel & Accessories > Clothing > One-Pieces > Jumpsuits & Rompers
figurbetonter-armelloser-jumpsuit-608600	Apparel & Accessories > Clothing	Apparel & Accessories > Clothing > One-Pieces > Jumpsuits & Rompers
spitzen-body-mit-stickerei-und-formbugel-615200	Apparel & Accessories > Clothing	Apparel & Accessories > Clothing > Underwear & Socks
damen-jumpsuit-mit-weitem-bein-622200	Apparel & Accessories > Clothing	Apparel & Accessories > Clothing > One-Pieces > Jumpsuits & Rompers
eleganter-jumpsuit-mit-v-ausschnitt-622900	Apparel & Accessories > Clothing	Apparel & Accessories > Clothing > One-Pieces > Jumpsuits & Rompers
gestreifter-armelloser-jumpsuit-mit-weitem-bei-610900	Apparel & Accessories > Clothing	Apparel & Accessories > Clothing > One-Pieces > Jumpsuits & Rompers
tie-dye-jumpsuit-mit-weitem-bein-616700	Apparel & Accessories > Clothing	Apparel & Accessories > Clothing > One-Pieces > Jumpsuits & Rompers
eleganter-armelloser-jumpsuit-mit-reverskragen-623700	Apparel & Accessories > Clothing	Apparel & Accessories > Clothing > One-Pieces > Jumpsuits & Rompers
geblumter-jumpsuit-mit-weitem-bein-694849	Apparel & Accessories > Clothing	Apparel & Accessories > Clothing > One-Pieces > Jumpsuits & Rompers
jumpsuit-mit-nadelstreifen-und-weitem-bein-917186	Apparel & Accessories > Clothing	Apparel & Accessories > Clothing > One-Pieces > Jumpsuits & Rompers
gemusterter-langarm-jumpsuit-mit-hoher-taille-609900	Apparel & Accessories > Clothing	Apparel & Accessories > Clothing > One-Pieces > Jumpsuits & Rompers
jumpsuit-mit-blumenprint-und-weitem-bein-629800	Apparel & Accessories > Clothing	Apparel & Accessories > Clothing > One-Pieces > Jumpsuits & Rompers
damen-jumpsuit-mit-weitem-bein-630700	Apparel & Accessories > Clothing	Apparel & Accessories > Clothing > One-Pieces > Jumpsuits & Rompers
eleganter-armelloser-jumpsuit-mit-print-636700	Apparel & Accessories > Clothing	Apparel & Accessories > Clothing > One-Pieces > Jumpsuits & Rompers
color-block-jumpsuit-mit-langen-armeln-602600	Apparel & Accessories > Clothing	Apparel & Accessories > Clothing > One-Pieces > Jumpsuits & Rompers
gerippter-bodycon-jumpsuit-mit-spaghettitrager-604100	Apparel & Accessories > Clothing	Apparel & Accessories > Clothing > One-Pieces > Jumpsuits & Rompers
mesh-jumpsuit-mit-schnurung-608100	Apparel & Accessories > Clothing	Apparel & Accessories > Clothing > One-Pieces > Jumpsuits & Rompers
eleganter-armelloser-jumpsuit-mit-v-ausschnitt-613300	Apparel & Accessories > Clothing	Apparel & Accessories > Clothing > One-Pieces > Jumpsuits & Rompers
gepunkteter-neckholder-off-shoulder-bodysuit-m-607300	Apparel & Accessories > Clothing	Apparel & Accessories > Clothing > Shorts
jumpsuit-casual-washed-mit-weitem-bein-608000	Apparel & Accessories > Clothing	Apparel & Accessories > Clothing > One-Pieces > Jumpsuits & Rompers
gestreifter-armelloser-jumpsuit-mit-v-ausschni-635800	Apparel & Accessories > Clothing	Apparel & Accessories > Clothing > One-Pieces > Jumpsuits & Rompers
v-ausschnitt-jumpsuit-mit-weitem-bein-617200	Apparel & Accessories > Clothing	Apparel & Accessories > Clothing > One-Pieces > Jumpsuits & Rompers
kurzer-jumpsuit-mit-printmuster-636300	Apparel & Accessories > Clothing	Apparel & Accessories > Clothing > One-Pieces > Jumpsuits & Rompers
overall-playsuit-mit-spaghettitragern-654594	Apparel & Accessories > Clothing	Apparel & Accessories > Clothing > One-Pieces > Jumpsuits & Rompers
eleganter-jumpsuit-mit-puffarmeln-616100	Apparel & Accessories > Clothing	Apparel & Accessories > Clothing > One-Pieces > Jumpsuits & Rompers
off-shoulder-casual-chic-jumpsuit-610400	Apparel & Accessories > Clothing	Apparel & Accessories > Clothing > One-Pieces > Jumpsuits & Rompers
eleganter-armelloser-jumpsuit-mit-v-ausschnitt-604500	Apparel & Accessories > Clothing	Apparel & Accessories > Clothing > One-Pieces > Jumpsuits & Rompers
vielseitiger-jumpsuit-mit-weitem-bein-638000	Apparel & Accessories > Clothing	Apparel & Accessories > Clothing > One-Pieces > Jumpsuits & Rompers
gestreifter-armelloser-leinen-playsuit-617100	Apparel & Accessories > Clothing	Apparel & Accessories > Clothing > One-Pieces > Jumpsuits & Rompers
einteiliger-bikini-mit-ruschentragern-629000	Apparel & Accessories > Clothing	Apparel & Accessories > Clothing > Swimwear
nahtloser-body-shaping-thong-625900	Apparel & Accessories > Clothing	Apparel & Accessories > Clothing > Underwear & Socks
seidenkleid-mit-v-ausschnitt-und-taillengurtel-636600	Apparel & Accessories > Clothing	Apparel & Accessories > Clothing > Dresses
tailliertes-minikleid-mit-3-4-armeln-639100	Apparel & Accessories > Clothing	Apparel & Accessories > Clothing > Dresses
franzosisches-spitzenkleid-mit-3d-blumen-603100	Apparel & Accessories > Clothing	Apparel & Accessories > Clothing > Dresses
armelloses-v-neck-tank-dress-aus-baumwoll-lein-604000	Apparel & Accessories > Clothing	Apparel & Accessories > Clothing > Dresses
retro-karo-leinenkleid-fur-damen-618700	Apparel & Accessories > Clothing	Apparel & Accessories > Clothing > Dresses
mesh-halterneck-a-linien-minikleid-624500	Apparel & Accessories > Clothing	Apparel & Accessories > Clothing > Dresses
a-linien-tennisrock-mit-anti-expositions-unter-618900	Apparel & Accessories > Clothing	Apparel & Accessories > Clothing > Skirts
etuikleid-mit-tull-puffarmeln-628200	Apparel & Accessories > Clothing	Apparel & Accessories > Clothing > Dresses
chiffonkleid-mit-v-ausschnitt-und-ruschenarmel-632700	Apparel & Accessories > Clothing	Apparel & Accessories > Clothing > Dresses
etuikleid-mit-v-ausschnitt-ausgestellten-armel-604900	Apparel & Accessories > Clothing	Apparel & Accessories > Clothing > Dresses
off-shoulder-etuikleid-mit-ausgestellten-armel-639800	Apparel & Accessories > Clothing	Apparel & Accessories > Clothing > Dresses
bedrucktes-minikleid-mit-v-ausschnitt-und-spit-609000	Apparel & Accessories > Clothing	Apparel & Accessories > Clothing > Dresses
glockenarmel-strickkleid-mit-rundhals-und-stre-633400	Apparel & Accessories > Clothing	Apparel & Accessories > Clothing > Dresses
midikleid-mit-zopfmuster-und-blumenprint-600200	Apparel & Accessories > Clothing	Apparel & Accessories > Clothing > Dresses
leinenkleid-mit-print-fur-den-sommer-602800	Apparel & Accessories > Clothing	Apparel & Accessories > Clothing > Dresses
retro-hemdblusenkleid-mit-stickerei-und-falten-633400	Apparel & Accessories > Clothing	Apparel & Accessories > Clothing > Dresses
figurbetontes-etui-abendkleid-mit-ruckenschnur-602600	Apparel & Accessories > Clothing	Apparel & Accessories > Clothing > Dresses
elegantes-vintage-maxikleid-mit-eckigem-aussch-602200	Apparel & Accessories > Clothing	Apparel & Accessories > Clothing > Dresses
elegantes-neckholder-minikleid-mit-v-ausschnit-612700	Apparel & Accessories > Clothing	Apparel & Accessories > Clothing > Dresses
spitzenkleid-mit-ruschensaum-und-knopfleiste-628100	Apparel & Accessories > Clothing	Apparel & Accessories > Clothing > Dresses
florales-tragerkleid-mit-langem-rock-615000	Apparel & Accessories > Clothing	Apparel & Accessories > Clothing > Dresses
elegantes-v-neck-langarm-top-mit-spitze-626600	Apparel & Accessories > Clothing	Apparel & Accessories > Clothing > Shirts & Tops
elegantes-damenkleid-mit-3-4-armeln-638800	Apparel & Accessories > Clothing	Apparel & Accessories > Clothing > Dresses
damen-plisseekleid-mit-rundhals-und-langen-arm-605900	Apparel & Accessories > Clothing	Apparel & Accessories > Clothing > Dresses
elegantes-sommerkleid-mit-spitze-610500	Apparel & Accessories > Clothing	Apparel & Accessories > Clothing > Dresses
eleganter-a-linien-midi-jupe-fur-den-sommer-614200	Apparel & Accessories > Clothing	Apparel & Accessories > Clothing > Skirts
ombre-baumwollkleid-mit-one-shoulder-design-622400	Apparel & Accessories > Clothing	Apparel & Accessories > Clothing > Dresses
leinen-hemdblusenkleid-mit-taillengurtel-618100	Apparel & Accessories > Clothing	Apparel & Accessories > Clothing > Dresses
armelloses-etuikleid-mit-u-boot-ausschnitt-630400	Apparel & Accessories > Clothing	Apparel & Accessories > Clothing > Dresses
raglan-top-aus-baumwoll-leinen-mit-knopftasche-617400	Apparel & Accessories > Clothing	Apparel & Accessories > Clothing > Shirts & Tops
elegantes-a-linien-midikleid-mit-eckigem-aussc-614400	Apparel & Accessories > Clothing	Apparel & Accessories > Clothing > Dresses
jacquard-seidenkleid-mit-a-linie-624500	Apparel & Accessories > Clothing	Apparel & Accessories > Clothing > Dresses
etuikleid-mit-ruschenarmeln-und-strass-details-605700	Apparel & Accessories > Clothing	Apparel & Accessories > Clothing > Dresses
armelloses-strickkleid-mit-ajour-muster-604400	Apparel & Accessories > Clothing	Apparel & Accessories > Clothing > Dresses
armelloses-midikleid-mit-libellen-print-614700	Apparel & Accessories > Clothing	Apparel & Accessories > Clothing > Dresses
eleganter-strick-cardigan-mit-v-ausschnitt-616900	Apparel & Accessories > Clothing	Apparel & Accessories > Clothing > Shirts & Tops
gestreifter-strick-cardigan-608800	Apparel & Accessories > Clothing	Apparel & Accessories > Clothing > Shirts & Tops
woll-cardigan-mit-revers-und-doppelreissversch-635200	Apparel & Accessories > Clothing	Apparel & Accessories > Clothing > Shirts & Tops
flauschiger-oversized-strick-cardigan-604900	Apparel & Accessories > Clothing	Apparel & Accessories > Clothing > Shirts & Tops
jacquard-strickpullover-fur-herren-611700	Apparel & Accessories > Clothing	Apparel & Accessories > Clothing > Shirts & Tops
v-ausschnitt-strickjacke-langarm-610700	Apparel & Accessories > Clothing	Apparel & Accessories > Clothing > Shirts & Tops
damen-strickjacke-mit-knopfleiste-und-langen-a-628900	Apparel & Accessories > Clothing	Apparel & Accessories > Clothing > Shirts & Tops
v-ausschnitt-strick-cardigan-fur-damen-628400	Apparel & Accessories > Clothing	Apparel & Accessories > Clothing > Shirts & Tops
leichtes-kurzarm-strickshirt-fur-damen-037698	Apparel & Accessories > Clothing	Apparel & Accessories > Clothing > Shirts & Tops
v-ausschnitt-strickjacke-mit-streifen-016514	Apparel & Accessories > Clothing	Apparel & Accessories > Clothing > Shirts & Tops
oversized-strick-shirt-mit-v-ausschnitt-943809	Apparel & Accessories > Clothing	Apparel & Accessories > Clothing > Shirts & Tops
boho-strick-cardigan-fur-den-sommer-123138	Apparel & Accessories > Clothing	Apparel & Accessories > Clothing > Shirts & Tops
boho-mesh-stricktop-mit-sternen-731329	Apparel & Accessories > Clothing	Apparel & Accessories > Clothing > Shirts & Tops
eleganter-long-cardigan-fur-damen-633900	Apparel & Accessories > Clothing	Apparel & Accessories > Clothing > Shirts & Tops
strick-cardigan-mit-lochmuster-791617	Apparel & Accessories > Clothing	Apparel & Accessories > Clothing > Shirts & Tops
lassiger-cardigan-mit-langen-armeln-577154	Apparel & Accessories > Clothing	Apparel & Accessories > Clothing > Shirts & Tops
strick-cardigan-im-retro-look-635800	Apparel & Accessories > Clothing	Apparel & Accessories > Clothing > Shirts & Tops
lockerer-strick-cardigan-mit-fledermausarmeln-618600	Apparel & Accessories > Clothing	Apparel & Accessories > Clothing > Shirts & Tops
eleganter-damen-cardigan-mit-lochmuster-631700	Apparel & Accessories > Clothing	Apparel & Accessories > Clothing > Shirts & Tops
cardigan-mit-farbblock-plaid-und-puffarmeln-635100	Apparel & Accessories > Clothing	Apparel & Accessories > Clothing > Shirts & Tops
kurzer-strick-cardigan-mit-v-ausschnitt-603700	Apparel & Accessories > Clothing	Apparel & Accessories > Clothing > Shirts & Tops
hooded-drawstring-sweater-aus-strick-630500	Apparel & Accessories > Clothing	Apparel & Accessories > Clothing > Shirts & Tops
strick-cardigan-fur-damen-600400	Apparel & Accessories > Clothing	Apparel & Accessories > Clothing > Shirts & Tops
casual-langarm-pullunder-fur-damen-639100	Apparel & Accessories > Clothing	Apparel & Accessories > Clothing > Shirts & Tops
elegantes-langarmshirt-mit-reverskragen-637600	Apparel & Accessories > Clothing	Apparel & Accessories > Clothing > Shirts & Tops
strick-cardigan-mit-3d-blumen-und-stickereien-601300	Apparel & Accessories > Clothing	Apparel & Accessories > Clothing > Shirts & Tops
strick-cardigan-mit-reverskragen-und-farbblock-623400	Apparel & Accessories > Clothing	Apparel & Accessories > Clothing > Shirts & Tops
gestreifter-strick-cardigan-grun-weiss-757442	Apparel & Accessories > Clothing	Apparel & Accessories > Clothing > Shirts & Tops
herren-rollkragenpullover-aus-modal-617100	Apparel & Accessories > Clothing	Apparel & Accessories > Clothing > Shirts & Tops
armelloses-kaschmir-stricktop-mit-figurbetonte-605800	Apparel & Accessories > Clothing	Apparel & Accessories > Clothing > Shirts & Tops
gepolsterter-cardigan-im-koreanischen-stil-608900	Apparel & Accessories > Clothing	Apparel & Accessories > Clothing > Shirts & Tops
strick-cardigan-mit-rundhals-und-knopfen-626200	Apparel & Accessories > Clothing	Apparel & Accessories > Clothing > Shirts & Tops
boho-chic-resort-set-mit-weitem-bein-607200	Apparel & Accessories > Clothing	Apparel & Accessories > Clothing > Outfit Sets
gestreiftes-strick-pyjama-set-mit-shorts-630300	Apparel & Accessories > Clothing	Apparel & Accessories > Clothing > Sleepwear & Loungewear
regenbogen-tie-dye-top-weite-hose-set-631900	Apparel & Accessories > Clothing	Apparel & Accessories > Clothing > Outfit Sets
pyjama-set-aus-eisseide-mit-spitze-603700	Apparel & Accessories > Clothing	Apparel & Accessories > Clothing > Sleepwear & Loungewear
gestreifter-casual-anzug-mit-v-ausschnitt-614800	Apparel & Accessories > Clothing	Apparel & Accessories > Clothing > Suits
shirt-set-mit-digitaldruck-605300	Apparel & Accessories > Clothing	Apparel & Accessories > Clothing > Outfit Sets
sport-outfit-set-bh-tanktop-high-waist-legging-842945	Apparel & Accessories > Clothing	Apparel & Accessories > Clothing > Underwear & Socks
armelloses-sport-top-jupe-set-605300	Apparel & Accessories > Clothing	Apparel & Accessories > Clothing > Outfit Sets
color-block-shorts-zweiteiler-fur-damen-618900	Apparel & Accessories > Clothing	Apparel & Accessories > Clothing > Shorts
damen-print-top-hose-zweiteiler-604700	Apparel & Accessories > Clothing	Apparel & Accessories > Clothing > Pants
zweiteiliges-set-mit-v-ausschnitt-und-hose-629700	Apparel & Accessories > Clothing	Apparel & Accessories > Clothing > Outfit Sets
damen-blazer-und-hose-mit-geradem-bein-612800	Apparel & Accessories > Clothing	Apparel & Accessories > Clothing > Outerwear > Coats & Jackets
blumen-anzug-set-fur-damen-625400	Apparel & Accessories > Clothing	Apparel & Accessories > Clothing > Outfit Sets
business-casual-anzug-set-fur-herren-610700	Apparel & Accessories > Clothing	Apparel & Accessories > Clothing > Outfit Sets
armelloses-turtleneck-top-mit-satin-midirock-630100	Apparel & Accessories > Clothing	Apparel & Accessories > Clothing > Skirts
besticktes-crop-top-weite-hose-set-752385	Apparel & Accessories > Clothing	Apparel & Accessories > Clothing > Outfit Sets
frottee-loungewear-set-mit-shorts-727681	Apparel & Accessories > Clothing	Apparel & Accessories > Clothing > Sleepwear & Loungewear
sportliches-zweiteiler-set-mit-camisole-hose-762113	Apparel & Accessories > Clothing	Apparel & Accessories > Clothing > Outfit Sets
silber-pailletten-blazer-flare-hose-party-set-143746	Apparel & Accessories > Clothing	Apparel & Accessories > Clothing > Outfit Sets
abstrakter-print-crop-top-midi-rock-set-620289	Apparel & Accessories > Clothing	Apparel & Accessories > Clothing > Outfit Sets
zweiteiler-crop-top-maxi-rock-971521	Apparel & Accessories > Clothing	Apparel & Accessories > Clothing > Skirts
bow-strap-tanktop-shorts-set-801986	Apparel & Accessories > Clothing	Apparel & Accessories > Clothing > Outfit Sets
diamond-check-crop-top-mermaid-maxi-rock-set-571650	Apparel & Accessories > Clothing	Apparel & Accessories > Clothing > Outfit Sets
zweiteiliges-set-mit-stehkragen-742657	Apparel & Accessories > Clothing	Apparel & Accessories > Clothing > Outfit Sets
sport-set-fur-sommer-workouts-858241	Apparel & Accessories > Clothing	Apparel & Accessories > Clothing > Outfit Sets
neckholder-twist-top-mit-caprihose-set-636600	Apparel & Accessories > Clothing	Apparel & Accessories > Clothing > Outfit Sets
sportliches-set-mit-farbblock-und-seitenstreif-623200	Apparel & Accessories > Clothing	Apparel & Accessories > Clothing > Outfit Sets
sportlicher-color-block-cardigan-und-hose-set-628700	Apparel & Accessories > Clothing	Apparel & Accessories > Clothing > Outfit Sets
romantisches-fliessendes-strandkleid-set-605100	Apparel & Accessories > Clothing	Apparel & Accessories > Clothing > Outfit Sets
chic-halter-top-shorts-mit-spitze-630000	Apparel & Accessories > Clothing	Apparel & Accessories > Clothing > Shorts
sexy-zweiteiler-sport-bikini-620900	Apparel & Accessories > Clothing	Apparel & Accessories > Clothing > Swimwear
prinzessinnenkleid-fur-teenager-615100	Apparel & Accessories > Clothing	Apparel & Accessories > Clothing > Dresses
kariertes-doppelreiher-kurzblazer-set-612000	Apparel & Accessories > Clothing	Apparel & Accessories > Clothing > Outfit Sets
elegantes-tragerloses-camisole-laternenhosen-s-615900	Apparel & Accessories > Clothing	Apparel & Accessories > Clothing > Outfit Sets
eleganter-hosenanzug-mit-weitem-bein-631500	Apparel & Accessories > Clothing	Apparel & Accessories > Clothing > Suits
pluschiges-kapuzen-set-mit-langen-armeln-613300	Apparel & Accessories > Clothing	Apparel & Accessories > Clothing > Outfit Sets
gestreiftes-zweiteiler-set-mit-cardigan-hose-622600	Apparel & Accessories > Clothing	Apparel & Accessories > Clothing > Outfit Sets
florales-spitzen-set-oversized-hemd-shorts-152194	Apparel & Accessories > Clothing	Apparel & Accessories > Clothing > Outfit Sets
strick-set-mit-v-ausschnitt-und-spitze-610500	Apparel & Accessories > Clothing	Apparel & Accessories > Clothing > Outfit Sets
kurzes-top-und-shorts-set-633900	Apparel & Accessories > Clothing	Apparel & Accessories > Clothing > Outfit Sets
elegantes-langarm-top-high-waist-shorts-set-629200	Apparel & Accessories > Clothing	Apparel & Accessories > Clothing > Outfit Sets
pu-leder-jacken-und-hosen-set-im-workwear-stil-604600	Apparel & Accessories > Clothing	Apparel & Accessories > Clothing > Outfit Sets
tragerloser-bikini-fur-strand-und-thermalbad-631000	Apparel & Accessories > Clothing	Apparel & Accessories > Clothing > Swimwear
push-up-bikini-set-mit-bugel-639800	Apparel & Accessories > Clothing	Apparel & Accessories > Clothing > Swimwear
damen-t-shirt-set-mit-3d-effekt-print-600800	Apparel & Accessories > Clothing	Apparel & Accessories > Clothing > Outfit Sets
elegantes-armelloses-set-fur-damen-605900	Apparel & Accessories > Clothing	Apparel & Accessories > Clothing > Outfit Sets
kurzarm-strick-cardigan-shorts-2-teiliges-set-600700	Apparel & Accessories > Clothing	Apparel & Accessories > Clothing > Outfit Sets
einfarbiges-hemd-und-shorts-set-fur-damen-620000	Apparel & Accessories > Clothing	Apparel & Accessories > Clothing > Outfit Sets
elegantes-maxikleid-mit-blumenmuster-604900	Apparel & Accessories > Clothing	Apparel & Accessories > Clothing > Dresses
kariertes-bleistiftrock-set-mit-bodycon-top-636700	Apparel & Accessories > Clothing	Apparel & Accessories > Clothing > Outfit Sets
lassiges-zweiteiler-set-mit-weiten-beinen-613400	Apparel & Accessories > Clothing	Apparel & Accessories > Clothing > Outfit Sets
gehakeltes-tank-top-shorts-set-107266	Apparel & Accessories > Clothing	Apparel & Accessories > Clothing > Outfit Sets
halter-v-neck-blazer-top-high-waist-hose-set-857474	Apparel & Accessories > Clothing	Apparel & Accessories > Clothing > Outfit Sets
camisole-und-shorts-set-fur-damen-620600	Apparel & Accessories > Clothing	Apparel & Accessories > Clothing > Outfit Sets
armelloses-top-lange-hose-mit-anti-durchblick-619800	Apparel & Accessories > Clothing	Apparel & Accessories > Clothing > Pants
off-shoulder-top-high-waist-hose-set-622200	Apparel & Accessories > Clothing	Apparel & Accessories > Clothing > Outfit Sets
one-shoulder-ruschen-set-616100	Apparel & Accessories > Clothing	Apparel & Accessories > Clothing > Outfit Sets
eleganter-zweiteiler-mit-rundhals-top-hose-605900	Apparel & Accessories > Clothing	Apparel & Accessories > Clothing > Pants
houndstooth-set-jacke-und-hose-610200	Apparel & Accessories > Clothing	Apparel & Accessories > Clothing > Outfit Sets
geometrisches-print-top-hose-set-605400	Apparel & Accessories > Clothing	Apparel & Accessories > Clothing > Outfit Sets
casual-set-mit-weiter-hose-und-bandeau-top-602700	Apparel & Accessories > Clothing	Apparel & Accessories > Clothing > Outfit Sets
freizeit-hose-mit-weitem-bein-616000	Apparel & Accessories > Clothing	Apparel & Accessories > Clothing > Pants
armelloses-top-und-shorts-set-630400	Apparel & Accessories > Clothing	Apparel & Accessories > Clothing > Outfit Sets
ultra-dunne-ice-silk-leggings-fur-den-sommer-612600	Apparel & Accessories > Clothing	Apparel & Accessories > Clothing > Activewear
elegante-high-waist-leggings-fur-damen-627300	Apparel & Accessories > Clothing	Apparel & Accessories > Clothing > Activewear
high-waist-straight-leg-hose-im-french-stil-359042	Apparel & Accessories > Clothing	Apparel & Accessories > Clothing > Pants
high-waist-flared-leggings-960194	Apparel & Accessories > Clothing	Apparel & Accessories > Clothing > Activewear
leggings-mit-polka-dots-und-patchwork-design-638000	Apparel & Accessories > Clothing	Apparel & Accessories > Clothing > Activewear
weisse-stretch-jeans-mit-geradem-bein-633900	Apparel & Accessories > Clothing	Apparel & Accessories > Clothing > Pants
high-waist-capri-leggings-mit-schlitz-031618	Apparel & Accessories > Clothing	Apparel & Accessories > Clothing > Activewear
high-waist-skirted-leggings-2-in-1-706049	Apparel & Accessories > Clothing	Apparel & Accessories > Clothing > Activewear
winter-leggings-mit-pfirsichpo-effekt-622400	Apparel & Accessories > Clothing	Apparel & Accessories > Clothing > Activewear
leggings-mit-kokosnuss-knopfen-im-asia-stil-619500	Apparel & Accessories > Clothing	Apparel & Accessories > Clothing > Activewear
bequeme-unterhose-636700	Apparel & Accessories > Clothing	Apparel & Accessories > Clothing > Underwear & Socks
leggings-mit-hohem-bund-und-quasten-626800	Apparel & Accessories > Clothing	Apparel & Accessories > Clothing > Activewear
bequeme-capri-leggings-fur-damen-622200	Apparel & Accessories > Clothing	Apparel & Accessories > Clothing > Activewear
leichte-leinen-baumwollhose-mit-geradem-bein-609700	Apparel & Accessories > Clothing	Apparel & Accessories > Clothing > Pants
leggings-aus-eisseide-mit-hohem-bund-608700	Apparel & Accessories > Clothing	Apparel & Accessories > Clothing > Activewear
freizeit-hosen-mit-schnurung-am-knochel-639100	Apparel & Accessories > Clothing	Apparel & Accessories > Clothing > Pants
high-waist-leggings-mit-fleece-futter-631800	Apparel & Accessories > Clothing	Apparel & Accessories > Clothing > Activewear
high-waist-cropped-leggings-fur-damen-626700	Apparel & Accessories > Clothing	Apparel & Accessories > Clothing > Activewear
umstands-capri-leggings-mit-hohem-bund-631600	Apparel & Accessories > Clothing	Apparel & Accessories > Clothing > Activewear
leggings-mit-spitze-und-patchwork-639000	Apparel & Accessories > Clothing	Apparel & Accessories > Clothing > Activewear
elegante-high-waist-cropped-hose-mit-spitze-616900	Apparel & Accessories > Clothing	Apparel & Accessories > Clothing > Pants
nahtlose-tummy-control-leggings-627900	Apparel & Accessories > Clothing	Apparel & Accessories > Clothing > Activewear
high-waist-business-freizeithose-fur-damen-613100	Apparel & Accessories > Clothing	Apparel & Accessories > Clothing > Pants
retro-pentagram-jacquard-leggings-613800	Apparel & Accessories > Clothing	Apparel & Accessories > Clothing > Activewear
damen-leggings-mit-farbigen-3d-blumenprints-631800	Apparel & Accessories > Clothing	Apparel & Accessories > Clothing > Activewear
high-waist-leggings-fur-damen-614600	Apparel & Accessories > Clothing	Apparel & Accessories > Clothing > Activewear
leggings-mit-mesh-einsatzen-und-cutouts-621500	Apparel & Accessories > Clothing	Apparel & Accessories > Clothing > Activewear
high-waist-shapewear-shorts-mit-bauchkontrolle-515522	Apparel & Accessories > Clothing	Apparel & Accessories > Clothing > Underwear & Socks
high-waist-capri-leggings-aus-denim-613400	Apparel & Accessories > Clothing	Apparel & Accessories > Clothing > Activewear
luftige-high-waist-hose-mit-quasten-606000	Apparel & Accessories > Clothing	Apparel & Accessories > Clothing > Pants
po-formende-sport-leggings-fur-damen-627300	Apparel & Accessories > Clothing	Apparel & Accessories > Clothing > Activewear
umstands-leggings-mit-hoher-taille-und-ausgest-630700	Apparel & Accessories > Clothing	Apparel & Accessories > Clothing > Activewear
gestreifte-mid-rise-stretch-flare-leggings-627500	Apparel & Accessories > Clothing	Apparel & Accessories > Clothing > Activewear
spicy-girl-high-waist-patchwork-mesh-hose-635300	Apparel & Accessories > Clothing	Apparel & Accessories > Clothing > Pants
high-waist-flared-pants-mit-bauchkontrolle-626100	Apparel & Accessories > Clothing	Apparel & Accessories > Clothing > Pants
glanzende-leggings-in-leder-optik-635800	Apparel & Accessories > Clothing	Apparel & Accessories > Clothing > Activewear
high-waist-leggings-mit-ausgestelltem-bein-635600	Apparel & Accessories > Clothing	Apparel & Accessories > Clothing > Activewear
high-waist-leggings-mit-rippstruktur-622000	Apparel & Accessories > Clothing	Apparel & Accessories > Clothing > Activewear
gestrickte-leggings-mit-gerafftem-bund-636900	Apparel & Accessories > Clothing	Apparel & Accessories > Clothing > Activewear
patchwork-leggings-mit-kontrastfarben-614700	Apparel & Accessories > Clothing	Apparel & Accessories > Clothing > Activewear
nahtlose-high-waist-leggings-631800	Apparel & Accessories > Clothing	Apparel & Accessories > Clothing > Activewear
elegante-flared-pants-mit-schlangenprint-625800	Apparel & Accessories > Clothing	Apparel & Accessories > Clothing > Pants
gestreifte-slimming-leggings-mit-kordelzug-610400	Apparel & Accessories > Clothing	Apparel & Accessories > Clothing > Activewear
high-waist-shaping-leggings-fur-damen-616300	Apparel & Accessories > Clothing	Apparel & Accessories > Clothing > Activewear
high-elastic-leggings-fur-figurformung-623200	Apparel & Accessories > Clothing	Apparel & Accessories > Clothing > Activewear
elegante-high-waist-business-hose-mit-knopfdet-621100	Apparel & Accessories > Clothing	Apparel & Accessories > Clothing > Pants
kurze-leggings-in-leder-optik-638200	Apparel & Accessories > Clothing	Apparel & Accessories > Clothing > Activewear
gerade-geschnittene-jeans-mit-blumenprint-632600	Apparel & Accessories > Clothing	Apparel & Accessories > Clothing > Pants
vielseitige-ultra-slim-leggings-601200	Apparel & Accessories > Clothing	Apparel & Accessories > Clothing > Activewear
elegante-flared-shorts-fur-damen-614600	Apparel & Accessories > Clothing	Apparel & Accessories > Clothing > Shorts
ethno-flare-leggings-mit-streifenmuster-622900	Apparel & Accessories > Clothing	Apparel & Accessories > Clothing > Activewear
leggings-mit-3d-pragemuster-637100	Apparel & Accessories > Clothing	Apparel & Accessories > Clothing > Activewear
leggings-mit-blumenmuster-und-stretchbund-626900	Apparel & Accessories > Clothing	Apparel & Accessories > Clothing > Activewear
high-waist-haremshose-mit-schlitz-und-bindebun-624900	Apparel & Accessories > Clothing	Apparel & Accessories > Clothing > Pants
leggings-mit-print-buchstaben-609000	Apparel & Accessories > Clothing	Apparel & Accessories > Clothing > Activewear
sport-leggings-mit-mesh-und-seitentaschen-624700	Apparel & Accessories > Clothing	Apparel & Accessories > Clothing > Activewear
leggings-mit-spitzenbund-und-daunenfullung-606800	Apparel & Accessories > Clothing	Apparel & Accessories > Clothing > Activewear
merino-leggings-fur-damen-632000	Apparel & Accessories > Clothing	Apparel & Accessories > Clothing > Activewear
leggings-im-denim-look-mit-leopardenmuster-610100	Apparel & Accessories > Clothing	Apparel & Accessories > Clothing > Activewear
high-elastic-butt-lifting-leggings-631800	Apparel & Accessories > Clothing	Apparel & Accessories > Clothing > Activewear
damen-leggings-mit-tier-print-fur-fruhling-her-612800	Apparel & Accessories > Clothing	Apparel & Accessories > Clothing > Activewear
high-waist-samthose-mit-spitze-600900	Apparel & Accessories > Clothing	Apparel & Accessories > Clothing > Pants
gerippte-strickhose-fur-damen-602200	Apparel & Accessories > Clothing	Apparel & Accessories > Clothing > Pants
gefutterte-leggings-mit-bauchstutze-608200	Apparel & Accessories > Clothing	Apparel & Accessories > Clothing > Activewear
schwangerschafts-leggings-mit-bauchstutze-633800	Apparel & Accessories > Clothing	Apparel & Accessories > Clothing > Activewear
fliesender-tanzrock-637700	Apparel & Accessories > Clothing	Apparel & Accessories > Clothing > Skirts
elegante-figurbetonte-jupe-mit-schlitz-601200	Apparel & Accessories > Clothing	Apparel & Accessories > Clothing > Skirts
maxirock-a-linie-mit-bindegurtel-610500	Apparel & Accessories > Clothing	Apparel & Accessories > Clothing > Skirts
eleganter-faltenrock-mit-raffung-612500	Apparel & Accessories > Clothing	Apparel & Accessories > Clothing > Skirts
langer-vielseitiger-damenrock-mit-leichter-deh-633000	Apparel & Accessories > Clothing	Apparel & Accessories > Clothing > Skirts
gepunktetes-midikleid-in-beige-610800	Apparel & Accessories > Clothing	Apparel & Accessories > Clothing > Dresses
damen-midi-rock-mit-print-und-gurtel-630800	Apparel & Accessories > Clothing	Apparel & Accessories > Clothing > Skirts
khaki-high-waist-plissee-midi-jupe-627700	Apparel & Accessories > Clothing	Apparel & Accessories > Clothing > Skirts
blauer-jeansrock-mit-elastischem-bund-628100	Apparel & Accessories > Clothing	Apparel & Accessories > Clothing > Skirts
retro-plaid-midi-jupe-fur-strand-und-freizeit-614400	Apparel & Accessories > Clothing	Apparel & Accessories > Clothing > Skirts
samtrock-mit-ruschensaum-und-seitenschlitz-620300	Apparel & Accessories > Clothing	Apparel & Accessories > Clothing > Skirts
schlankheits-midirock-in-a-linie-628300	Apparel & Accessories > Clothing	Apparel & Accessories > Clothing > Skirts
boho-a-linien-jupe-mit-blumenmuster-633000	Apparel & Accessories > Clothing	Apparel & Accessories > Clothing > Skirts
eleganter-a-linien-maxirock-in-weiss-621400	Apparel & Accessories > Clothing	Apparel & Accessories > Clothing > Skirts
bedrucktes-2-teiliges-a-linien-set-mit-v-aussc-611700	Apparel & Accessories > Clothing	Apparel & Accessories > Clothing > Outfit Sets
vintage-stufenrock-mit-stickerei-und-schleife-620800	Apparel & Accessories > Clothing	Apparel & Accessories > Clothing > Skirts
atmungsaktiver-sport-minirock-630300	Apparel & Accessories > Clothing	Apparel & Accessories > Clothing > Skirts
merino-twist-top-seiden-midi-jupe-palmprint-625100	Apparel & Accessories > Clothing	Apparel & Accessories > Clothing > Skirts
langes-damen-leopardenkleid-mit-elastischem-bu-602900	Apparel & Accessories > Clothing	Apparel & Accessories > Clothing > Dresses
asymmetrischer-polka-dot-a-linien-rock-625500	Apparel & Accessories > Clothing	Apparel & Accessories > Clothing > Skirts
midlanger-a-linien-rock-aus-baumwoll-leinen-mi-630800	Apparel & Accessories > Clothing	Apparel & Accessories > Clothing > Skirts
eleganter-a-linien-midirock-630000	Apparel & Accessories > Clothing	Apparel & Accessories > Clothing > Skirts
vielseitiger-a-linien-jupe-aus-ramie-638900	Apparel & Accessories > Clothing	Apparel & Accessories > Clothing > Skirts
midilanger-a-linien-plisseerock-mit-kordelzug-606400	Apparel & Accessories > Clothing	Apparel & Accessories > Clothing > Skirts
a-linien-jupe-mit-hoher-taille-617200	Apparel & Accessories > Clothing	Apparel & Accessories > Clothing > Skirts
high-waist-midirock-mit-blumenmuster-625800	Apparel & Accessories > Clothing	Apparel & Accessories > Clothing > Skirts
maxirock-aus-tull-mit-3d-blumenstickerei-638400	Apparel & Accessories > Clothing	Apparel & Accessories > Clothing > Skirts
figurbetonter-a-linien-rock-mit-schlitz-621800	Apparel & Accessories > Clothing	Apparel & Accessories > Clothing > Skirts
eleganter-a-linien-midirock-626300	Apparel & Accessories > Clothing	Apparel & Accessories > Clothing > Skirts
eleganter-plisseerock-fur-damen-623700	Apparel & Accessories > Clothing	Apparel & Accessories > Clothing > Skirts
a-linien-utility-rock-mit-asymmetrischem-saum-639800	Apparel & Accessories > Clothing	Apparel & Accessories > Clothing > Skirts
eleganter-midirock-aus-wolle-mit-hohem-bund-623700	Apparel & Accessories > Clothing	Apparel & Accessories > Clothing > Skirts
a-linien-rock-mit-blumenmuster-611500	Apparel & Accessories > Clothing	Apparel & Accessories > Clothing > Skirts
high-waist-mini-jeansrock-mit-ruschen-625600	Apparel & Accessories > Clothing	Apparel & Accessories > Clothing > Skirts
taillenhoher-leinenrock-mit-geradem-schnitt-633200	Apparel & Accessories > Clothing	Apparel & Accessories > Clothing > Skirts
maxikleid-mit-v-ausschnitt-und-plisseefalten-626100	Apparel & Accessories > Clothing	Apparel & Accessories > Clothing > Dresses
midi-faltenrock-aus-seide-mit-a-linie-627200	Apparel & Accessories > Clothing	Apparel & Accessories > Clothing > Skirts
a-linien-rock-mit-farbverlauf-print-621400	Apparel & Accessories > Clothing	Apparel & Accessories > Clothing > Skirts
a-linien-midi-jupe-mit-stufen-und-blumenmuster-638100	Apparel & Accessories > Clothing	Apparel & Accessories > Clothing > Skirts
high-waist-cake-skirt-mit-ruschen-620000	Apparel & Accessories > Clothing	Apparel & Accessories > Clothing > Skirts
satin-jupe-im-new-chinese-style-605900	Apparel & Accessories > Clothing	Apparel & Accessories > Clothing > Skirts
plissierter-midi-jupe-mit-farbverlauf-604500	Apparel & Accessories > Clothing	Apparel & Accessories > Clothing > Skirts
midi-mesh-rock-im-a-linien-schnitt-602500	Apparel & Accessories > Clothing	Apparel & Accessories > Clothing > Skirts
wickel-shorts-mit-paisley-print-601900	Apparel & Accessories > Clothing	Apparel & Accessories > Clothing > Shorts
sportlicher-tennis-jupe-mit-anti-expositions-d-633600	Apparel & Accessories > Clothing	Apparel & Accessories > Clothing > Skirts
vielseitiger-minirock-mit-polka-dots-611400	Apparel & Accessories > Clothing	Apparel & Accessories > Clothing > Skirts
sportlicher-faux-zweiteiler-skirt-fur-damen-622200	Apparel & Accessories > Clothing	Apparel & Accessories > Clothing > Skirts
luftiger-anti-expositions-rock-mit-hoher-taill-617900	Apparel & Accessories > Clothing	Apparel & Accessories > Clothing > Skirts
satin-midi-rock-mit-hohem-bund-und-schlitz-617800	Apparel & Accessories > Clothing	Apparel & Accessories > Clothing > Skirts
high-waist-minirock-mit-falten-und-karomuster-614600	Apparel & Accessories > Clothing	Apparel & Accessories > Clothing > Skirts
boho-a-linien-jupe-mit-hoher-taille-613600	Apparel & Accessories > Clothing	Apparel & Accessories > Clothing > Skirts
bohemian-patchwork-maxirock-610300	Apparel & Accessories > Clothing	Apparel & Accessories > Clothing > Skirts
stretch-jeansrock-mit-knopfleiste-611300	Apparel & Accessories > Clothing	Apparel & Accessories > Clothing > Skirts
asymmetrischer-mesh-jupe-639500	Apparel & Accessories > Clothing	Apparel & Accessories > Clothing > Skirts
ballett-inspirierter-minirock-635500	Apparel & Accessories > Clothing	Apparel & Accessories > Clothing > Skirts
asymmetrischer-batik-rock-mit-spitze-621200	Apparel & Accessories > Clothing	Apparel & Accessories > Clothing > Skirts
ausgestellter-jupe-mit-spitze-und-gummibund-618200	Apparel & Accessories > Clothing	Apparel & Accessories > Clothing > Skirts
midi-rock-mit-blumenstickerei-und-spitze-632000	Apparel & Accessories > Clothing	Apparel & Accessories > Clothing > Skirts
blumenmuster-high-waist-skort-mit-shorts-858497	Apparel & Accessories > Clothing	Apparel & Accessories > Clothing > Shorts
high-waisted-midi-rock-mit-digitalprint-612900	Apparel & Accessories > Clothing	Apparel & Accessories > Clothing > Skirts
a-linien-minirock-mit-hohem-bund-635300	Apparel & Accessories > Clothing	Apparel & Accessories > Clothing > Skirts
spitzen-minirock-mit-hoher-taille-638300	Apparel & Accessories > Clothing	Apparel & Accessories > Clothing > Skirts
a-linien-midirock-fur-grosse-grossen-614000	Apparel & Accessories > Clothing	Apparel & Accessories > Clothing > Skirts
chiffon-puffrock-mit-polka-dots-610900	Apparel & Accessories > Clothing	Apparel & Accessories > Clothing > Skirts
gepunkteter-midirock-im-koreanischen-stil-600100	Apparel & Accessories > Clothing	Apparel & Accessories > Clothing > Skirts
red-ear-straight-leg-jeans-mit-blumenmuster-607400	Apparel & Accessories > Clothing	Apparel & Accessories > Clothing > Pants
high-waist-tencel-jeans-mit-weitem-bein-628300	Apparel & Accessories > Clothing	Apparel & Accessories > Clothing > Pants
amerikanische-loose-fit-high-waist-flared-jean-627700	Apparel & Accessories > Clothing	Apparel & Accessories > Clothing > Pants
high-waist-bootcut-jeans-im-vintage-stil-604500	Apparel & Accessories > Clothing	Apparel & Accessories > Clothing > Pants
patchwork-wide-leg-distressed-jeans-618000	Apparel & Accessories > Clothing	Apparel & Accessories > Clothing > Pants
high-waist-loose-fit-jeans-im-retro-look-625800	Apparel & Accessories > Clothing	Apparel & Accessories > Clothing > Pants
weisse-wide-leg-jeans-aus-lyocell-faser-638500	Apparel & Accessories > Clothing	Apparel & Accessories > Clothing > Pants
weisse-cropped-jeans-aus-lyocell-625900	Apparel & Accessories > Clothing	Apparel & Accessories > Clothing > Pants
fashionable-stretchy-flare-jeans-fur-damen-618200	Apparel & Accessories > Clothing	Apparel & Accessories > Clothing > Pants
low-waist-straight-leg-jeans-mit-strass-618100	Apparel & Accessories > Clothing	Apparel & Accessories > Clothing > Pants
retro-loose-fit-denim-jeans-636400	Apparel & Accessories > Clothing	Apparel & Accessories > Clothing > Pants
leicht-ausgestellte-stretch-jeans-630200	Apparel & Accessories > Clothing	Apparel & Accessories > Clothing > Pants
denim-shorts-mit-spitze-strass-hohem-bund-627400	Apparel & Accessories > Clothing	Apparel & Accessories > Clothing > Shorts
high-waist-straight-leg-jeans-mit-nieten-636300	Apparel & Accessories > Clothing	Apparel & Accessories > Clothing > Pants
elegante-denim-shorts-mit-aufschlag-627800	Apparel & Accessories > Clothing	Apparel & Accessories > Clothing > Shorts
straight-leg-jeans-mit-nieten-631500	Apparel & Accessories > Clothing	Apparel & Accessories > Clothing > Pants
jeans-mit-print-und-kettendetail-bodenlang-606300	Apparel & Accessories > Clothing	Apparel & Accessories > Clothing > Pants
used-look-jeans-mit-leicht-ausgestelltem-bein-621700	Apparel & Accessories > Clothing	Apparel & Accessories > Clothing > Pants
gerade-jeans-mit-farbverlauf-611000	Apparel & Accessories > Clothing	Apparel & Accessories > Clothing > Pants
vielseitige-jeans-fur-fruhling-und-herbst-607700	Apparel & Accessories > Clothing	Apparel & Accessories > Clothing > Pants
vintage-wide-leg-jeans-mit-hohem-bund-601000	Apparel & Accessories > Clothing	Apparel & Accessories > Clothing > Pants
trendy-ripped-straight-leg-wide-leg-jeans-450497	Apparel & Accessories > Clothing	Apparel & Accessories > Clothing > Pants
damen-bootcut-jeans-mit-geradem-bein-617900	Apparel & Accessories > Clothing	Apparel & Accessories > Clothing > Pants
straight-leg-jeans-im-street-style-628600	Apparel & Accessories > Clothing	Apparel & Accessories > Clothing > Pants
high-waist-straight-jeans-mit-weitem-bein-604000	Apparel & Accessories > Clothing	Apparel & Accessories > Clothing > Pants
retro-schlagjeans-fur-damen-615000	Apparel & Accessories > Clothing	Apparel & Accessories > Clothing > Pants
retro-blue-high-waist-straight-leg-jeans-607300	Apparel & Accessories > Clothing	Apparel & Accessories > Clothing > Pants
slim-straight-leg-jeans-im-koreanischen-stil-609600	Apparel & Accessories > Clothing	Apparel & Accessories > Clothing > Pants
blumenprint-wide-leg-hose-im-vintage-stil-617500	Apparel & Accessories > Clothing	Apparel & Accessories > Clothing > Pants
casual-high-waist-jeans-mit-rissen-611500	Apparel & Accessories > Clothing	Apparel & Accessories > Clothing > Pants
high-waist-flared-jeans-im-vintage-look-616000	Apparel & Accessories > Clothing	Apparel & Accessories > Clothing > Pants
patchwork-bootcut-jeans-609500	Apparel & Accessories > Clothing	Apparel & Accessories > Clothing > Pants
high-rise-slightly-flared-denim-jeans-631000	Apparel & Accessories > Clothing	Apparel & Accessories > Clothing > Pants
leopard-chiffon-hose-mit-weitem-bein-637300	Apparel & Accessories > Clothing	Apparel & Accessories > Clothing > Pants
damen-ripped-denim-shorts-im-thin-style-611100	Apparel & Accessories > Clothing	Apparel & Accessories > Clothing > Shorts
bootcut-jeans-im-american-vintage-design-618100	Apparel & Accessories > Clothing	Apparel & Accessories > Clothing > Pants
starry-hot-rhinestone-retro-jeans-611900	Apparel & Accessories > Clothing	Apparel & Accessories > Clothing > Pants
vintage-capri-jeans-mit-weitem-bein-622400	Apparel & Accessories > Clothing	Apparel & Accessories > Clothing > Pants
ripped-denim-jeans-im-vintage-look-610000	Apparel & Accessories > Clothing	Apparel & Accessories > Clothing > Pants
high-waist-straight-leg-jeans-632600	Apparel & Accessories > Clothing	Apparel & Accessories > Clothing > Pants
high-waist-wide-leg-jeans-aus-denim-621000	Apparel & Accessories > Clothing	Apparel & Accessories > Clothing > Pants
patchwork-denim-jeans-im-western-stil-627700	Apparel & Accessories > Clothing	Apparel & Accessories > Clothing > Pants
high-waist-straight-leg-hose-628500	Apparel & Accessories > Clothing	Apparel & Accessories > Clothing > Pants
high-waist-stretch-denim-shorts-mit-rissen-614900	Apparel & Accessories > Clothing	Apparel & Accessories > Clothing > Shorts
plus-size-cropped-jeans-mit-ripped-details-600400	Apparel & Accessories > Clothing	Apparel & Accessories > Clothing > Pants
cropped-wide-leg-jeans-mit-hoher-taille-601100	Apparel & Accessories > Clothing	Apparel & Accessories > Clothing > Pants
denim-look-leggings-mit-hohem-bund-600800	Apparel & Accessories > Clothing	Apparel & Accessories > Clothing > Activewear
vielseitige-cropped-jeans-mit-hohem-stretch-602900	Apparel & Accessories > Clothing	Apparel & Accessories > Clothing > Pants
high-waist-loose-fit-jeans-washed-610200	Apparel & Accessories > Clothing	Apparel & Accessories > Clothing > Pants
high-waist-straight-leg-jeans-fur-damen-600100	Apparel & Accessories > Clothing	Apparel & Accessories > Clothing > Pants
glitzernde-studded-hose-mit-strass-applikation-610700	Apparel & Accessories > Clothing	Apparel & Accessories > Clothing > Pants
loose-fit-workwear-jeans-mit-metallschnalle-637400	Apparel & Accessories > Clothing	Apparel & Accessories > Clothing > Pants
vintage-cropped-jeans-mit-hohem-bund-603300	Apparel & Accessories > Clothing	Apparel & Accessories > Clothing > Pants
high-waist-wide-leg-jeans-mit-strass-634700	Apparel & Accessories > Clothing	Apparel & Accessories > Clothing > Pants
high-waist-straight-leg-jeans-im-american-styl-636900	Apparel & Accessories > Clothing	Apparel & Accessories > Clothing > Pants
high-waist-slim-fit-horseshoe-jeans-636100	Apparel & Accessories > Clothing	Apparel & Accessories > Clothing > Pants
high-waist-straight-leg-jeans-mit-knopfleiste-636500	Apparel & Accessories > Clothing	Apparel & Accessories > Clothing > Pants
high-waisted-jeans-fur-damen-629700	Apparel & Accessories > Clothing	Apparel & Accessories > Clothing > Pants
high-waist-jeans-mit-weitem-bein-und-fransen-630900	Apparel & Accessories > Clothing	Apparel & Accessories > Clothing > Pants
irregular-design-straight-leg-jeans-623700	Apparel & Accessories > Clothing	Apparel & Accessories > Clothing > Pants
retro-faux-two-piece-wide-leg-jeans-609000	Apparel & Accessories > Clothing	Apparel & Accessories > Clothing > Pants
high-elasticity-slim-fit-jeans-fur-damen-609900	Apparel & Accessories > Clothing	Apparel & Accessories > Clothing > Pants
loose-fit-wide-leg-jeans-fur-damen-618700	Apparel & Accessories > Clothing	Apparel & Accessories > Clothing > Pants
weite-damen-jeans-im-american-style-614600	Apparel & Accessories > Clothing	Apparel & Accessories > Clothing > Pants
high-waist-straight-leg-jeans-fur-damen-625300	Apparel & Accessories > Clothing	Apparel & Accessories > Clothing > Pants
high-waist-straight-leg-jeans-fur-damen-617000	Apparel & Accessories > Clothing	Apparel & Accessories > Clothing > Pants
umstandsjeans-weiss-mit-bauchstutze-625800	Apparel & Accessories > Clothing	Apparel & Accessories > Clothing > Pants
bedruckter-denim-jumpsuit-mit-reissverschlusst-609300	Apparel & Accessories > Clothing	Apparel & Accessories > Clothing > One-Pieces > Jumpsuits & Rompers
fashionable-relaxed-fit-wide-leg-flare-pants-632300	Apparel & Accessories > Clothing	Apparel & Accessories > Clothing > Pants
gestreifte-loose-fit-straight-leg-jeans-fur-da-624800	Apparel & Accessories > Clothing	Apparel & Accessories > Clothing > Pants
loose-retro-jeans-mit-weitem-bein-639500	Apparel & Accessories > Clothing	Apparel & Accessories > Clothing > Pants
camo-cargo-hose-fur-damen-614200	Apparel & Accessories > Clothing	Apparel & Accessories > Clothing > Pants
caprihose-mit-weitem-bein-und-gummizug-611300	Apparel & Accessories > Clothing	Apparel & Accessories > Clothing > Pants
high-waist-shorts-mit-weitem-bein-und-ruschen-622500	Apparel & Accessories > Clothing	Apparel & Accessories > Clothing > Shorts
damen-radhose-mit-polster-621400	Apparel & Accessories > Clothing	Apparel & Accessories > Clothing > Activewear
high-waist-workout-shorts-mit-po-lifting-effek-628100	Apparel & Accessories > Clothing	Apparel & Accessories > Clothing > Shorts
sexy-low-rise-denim-shorts-mit-ripped-details-624000	Apparel & Accessories > Clothing	Apparel & Accessories > Clothing > Shorts
nahtlose-ultra-dunne-damen-seidenstrumpfe-630600	Apparel & Accessories > Clothing	Apparel & Accessories > Clothing > Underwear & Socks
a-linien-denim-shorts-mit-fransen-627400	Apparel & Accessories > Clothing	Apparel & Accessories > Clothing > Shorts
high-waist-weite-bein-shorts-600800	Apparel & Accessories > Clothing	Apparel & Accessories > Clothing > Shorts
trendige-washed-denim-shorts-mit-rissen-604300	Apparel & Accessories > Clothing	Apparel & Accessories > Clothing > Shorts
blumige-patchwork-low-rise-shorts-fur-damen-624700	Apparel & Accessories > Clothing	Apparel & Accessories > Clothing > Shorts
high-waist-faltenrock-mit-anti-expositions-des-601700	Apparel & Accessories > Clothing	Apparel & Accessories > Clothing > Skirts
leichte-capri-culottes-mit-hoher-taille-615600	Apparel & Accessories > Clothing	Apparel & Accessories > Clothing > Pants
polyester-damen-shorts-600900	Apparel & Accessories > Clothing	Apparel & Accessories > Clothing > Shorts
gehakelte-strand-shorts-mit-kordelzug-554498	Apparel & Accessories > Clothing	Apparel & Accessories > Clothing > Shorts
weite-high-waist-shorts-fur-zierliche-figuren-637900	Apparel & Accessories > Clothing	Apparel & Accessories > Clothing > Shorts
high-waisted-cargo-shorts-fur-damen-628600	Apparel & Accessories > Clothing	Apparel & Accessories > Clothing > Shorts
retro-sportshorts-im-american-style-611100	Apparel & Accessories > Clothing	Apparel & Accessories > Clothing > Shorts
trendige-a-linie-hot-pants-aus-denim-632100	Apparel & Accessories > Clothing	Apparel & Accessories > Clothing > Pants
sexy-samt-hotpants-mit-hoher-taille-628000	Apparel & Accessories > Clothing	Apparel & Accessories > Clothing > Pants
sportliche-viertellange-shorts-fur-damen-616700	Apparel & Accessories > Clothing	Apparel & Accessories > Clothing > Shorts
retro-chic-cropped-culottes-plus-size-628900	Apparel & Accessories > Clothing	Apparel & Accessories > Clothing > Pants
retro-capri-shorts-mit-schneeflocken-textur-633000	Apparel & Accessories > Clothing	Apparel & Accessories > Clothing > Shorts
gestreifte-high-waist-denim-shorts-in-ubergros-626800	Apparel & Accessories > Clothing	Apparel & Accessories > Clothing > Shorts
business-freizeit-shorts-fur-damen-618900	Apparel & Accessories > Clothing	Apparel & Accessories > Clothing > Shorts
leichte-outdoor-shorts-fur-damen-629900	Apparel & Accessories > Clothing	Apparel & Accessories > Clothing > Shorts
high-waist-cropped-shorts-mit-weitem-bein-624700	Apparel & Accessories > Clothing	Apparel & Accessories > Clothing > Shorts
mesh-sportshorts-mit-seitenbogen-633700	Apparel & Accessories > Clothing	Apparel & Accessories > Clothing > Shorts
weite-denim-shorts-fur-damen-631100	Apparel & Accessories > Clothing	Apparel & Accessories > Clothing > Shorts
denim-capri-shorts-fur-damen-613600	Apparel & Accessories > Clothing	Apparel & Accessories > Clothing > Shorts
sommer-high-waist-shorts-im-zweiteiler-look-637300	Apparel & Accessories > Clothing	Apparel & Accessories > Clothing > Shorts
sport-shorts-mit-kordelzug-630200	Apparel & Accessories > Clothing	Apparel & Accessories > Clothing > Shorts
freizeit-shorts-mit-weitem-bein-und-print-622200	Apparel & Accessories > Clothing	Apparel & Accessories > Clothing > Shorts
bequeme-shorts-mit-kordelzug-fur-damen-611100	Apparel & Accessories > Clothing	Apparel & Accessories > Clothing > Shorts
elegante-jacquard-shorts-mit-hoher-taille-636200	Apparel & Accessories > Clothing	Apparel & Accessories > Clothing > Shorts
sexy-slim-fit-denim-style-shorts-mit-schleife-630400	Apparel & Accessories > Clothing	Apparel & Accessories > Clothing > Shorts
fashionable-damen-shorts-mit-ripped-edges-606000	Apparel & Accessories > Clothing	Apparel & Accessories > Clothing > Shorts
capri-jeans-mit-shaping-effekt-617600	Apparel & Accessories > Clothing	Apparel & Accessories > Clothing > Pants
elegante-cargo-denim-shorts-fur-damen-623800	Apparel & Accessories > Clothing	Apparel & Accessories > Clothing > Shorts
freizeit-shorts-fur-damen-mit-kordelzug-623800	Apparel & Accessories > Clothing	Apparel & Accessories > Clothing > Shorts
stylishe-slim-fit-denim-shorts-fur-damen-638900	Apparel & Accessories > Clothing	Apparel & Accessories > Clothing > Shorts
curvy-denim-shorts-mit-hoher-taille-637200	Apparel & Accessories > Clothing	Apparel & Accessories > Clothing > Shorts
boho-chic-latz-shorts-fur-damen-634800	Apparel & Accessories > Clothing	Apparel & Accessories > Clothing > Shorts
denim-shorts-mit-hoher-taille-und-knopfleiste-603900	Apparel & Accessories > Clothing	Apparel & Accessories > Clothing > Shorts
loose-straight-casual-shorts-630300	Apparel & Accessories > Clothing	Apparel & Accessories > Clothing > Shorts
bade-shorts-mit-kordelzug-und-lochmuster-965505	Apparel & Accessories > Clothing	Apparel & Accessories > Clothing > Shorts
weisse-low-rise-denim-shorts-fur-damen-624800	Apparel & Accessories > Clothing	Apparel & Accessories > Clothing > Shorts
leichte-sport-shorts-mit-multi-pockets-617100	Apparel & Accessories > Clothing	Apparel & Accessories > Clothing > Shorts
leder-patchwork-shorts-mit-nieten-und-strass-629700	Apparel & Accessories > Clothing	Apparel & Accessories > Clothing > Shorts
sportliche-shorts-mit-schnurung-635300	Apparel & Accessories > Clothing	Apparel & Accessories > Clothing > Shorts
sport-shorts-mit-schnelltrocknendem-nylon-span-628000	Apparel & Accessories > Clothing	Apparel & Accessories > Clothing > Shorts
vintage-low-rise-denim-shorts-fur-damen-618300	Apparel & Accessories > Clothing	Apparel & Accessories > Clothing > Shorts
unisex-street-style-shorts-602800	Apparel & Accessories > Clothing	Apparel & Accessories > Clothing > Shorts
polyester-damen-shorts-617500	Apparel & Accessories > Clothing	Apparel & Accessories > Clothing > Shorts
freizeit-shorts-im-retro-stil-mit-fransen-610800	Apparel & Accessories > Clothing	Apparel & Accessories > Clothing > Shorts
high-waist-boxer-style-umstandsunterhose-611100	Apparel & Accessories > Clothing	Apparel & Accessories > Clothing > Underwear & Socks
mesh-panel-sport-leggings-fur-damen-626100	Apparel & Accessories > Clothing	Apparel & Accessories > Clothing > Activewear
high-waist-leopard-leggings-818690	Apparel & Accessories > Clothing	Apparel & Accessories > Clothing > Activewear
high-waist-shaping-leggings-606600	Apparel & Accessories > Clothing	Apparel & Accessories > Clothing > Activewear
retro-gelbe-low-waist-stretch-hose-fur-damen-636700	Apparel & Accessories > Clothing	Apparel & Accessories > Clothing > Pants
nahtlose-strick-tie-dye-yogahose-fur-damen-607800	Apparel & Accessories > Clothing	Apparel & Accessories > Clothing > Activewear
shapewear-leggings-mit-bauchkontrolle-612300	Apparel & Accessories > Clothing	Apparel & Accessories > Clothing > Underwear & Socks
high-waist-slim-fit-jeans-mit-leicht-ausgestel-608400	Apparel & Accessories > Clothing	Apparel & Accessories > Clothing > Pants
elegante-figurbetonte-fingerless-hose-625500	Apparel & Accessories > Clothing	Apparel & Accessories > Clothing > Pants
high-waist-hose-mit-weitem-bein-und-kordelzug-603700	Apparel & Accessories > Clothing	Apparel & Accessories > Clothing > Pants
damen-bootcut-jeanshose-mit-engem-schnitt-614500	Apparel & Accessories > Clothing	Apparel & Accessories > Clothing > Pants
gelbe-7-8-sportleggings-mit-print-245058	Apparel & Accessories > Clothing	Apparel & Accessories > Clothing > Activewear
vier-jahreszeiten-sport-leggings-mit-print-060097	Apparel & Accessories > Clothing	Apparel & Accessories > Clothing > Activewear
sport-und-yogahose-609700	Apparel & Accessories > Clothing	Apparel & Accessories > Clothing > Activewear
thermo-leggings-mit-kaschmir-effekt-958850	Apparel & Accessories > Clothing	Apparel & Accessories > Clothing > Activewear
figurbetonte-capri-hose-mit-patchwork-603300	Apparel & Accessories > Clothing	Apparel & Accessories > Clothing > Pants
freizeit-hose-mit-letter-print-607400	Apparel & Accessories > Clothing	Apparel & Accessories > Clothing > Pants
high-elastic-quick-dry-sportshose-607600	Apparel & Accessories > Clothing	Apparel & Accessories > Clothing > Pants
pu-lederhose-high-waist-gefuttert-cropped-619400	Apparel & Accessories > Clothing	Apparel & Accessories > Clothing > Pants
high-waist-capri-leggings-fur-damen-618400	Apparel & Accessories > Clothing	Apparel & Accessories > Clothing > Activewear
damen-slim-fit-stretch-jeans-619700	Apparel & Accessories > Clothing	Apparel & Accessories > Clothing > Pants
high-waist-hose-fur-damen-630100	Apparel & Accessories > Clothing	Apparel & Accessories > Clothing > Pants
high-waist-cropped-pants-fur-damen-625400	Apparel & Accessories > Clothing	Apparel & Accessories > Clothing > Pants
vielseitige-caprihose-mit-bundchen-603700	Apparel & Accessories > Clothing	Apparel & Accessories > Clothing > Pants
gestreifte-rippenhose-mit-hohem-bund-607400	Apparel & Accessories > Clothing	Apparel & Accessories > Clothing > Pants
high-waist-thermo-leggings-mit-push-up-effekt-613800	Apparel & Accessories > Clothing	Apparel & Accessories > Clothing > Activewear
nahtlose-sportleggings-fur-damen-624300	Apparel & Accessories > Clothing	Apparel & Accessories > Clothing > Activewear
high-waist-leggings-mit-po-lifting-effekt-630900	Apparel & Accessories > Clothing	Apparel & Accessories > Clothing > Activewear
elegante-high-waist-hose-mit-geradem-bein-155777	Apparel & Accessories > Clothing	Apparel & Accessories > Clothing > Pants
figurbetonte-floralprint-flared-pants-fur-dame-624300	Apparel & Accessories > Clothing	Apparel & Accessories > Clothing > Pants
gefutterte-schlaghose-im-europaischen-stil-624900	Apparel & Accessories > Clothing	Apparel & Accessories > Clothing > Pants
stylische-capri-leggings-fur-damen-626600	Apparel & Accessories > Clothing	Apparel & Accessories > Clothing > Activewear
damen-veloshorts-mit-tragern-614900	Apparel & Accessories > Clothing	Apparel & Accessories > Clothing > Shorts
damen-caprihose-mit-tiefem-bund-und-patchwork-633300	Apparel & Accessories > Clothing	Apparel & Accessories > Clothing > Pants
high-waist-leggings-mit-leopardenmuster-626500	Apparel & Accessories > Clothing	Apparel & Accessories > Clothing > Activewear
karierte-color-block-leggings-fur-damen-634200	Apparel & Accessories > Clothing	Apparel & Accessories > Clothing > Activewear
atmungsaktive-kompressions-yogahose-mit-shapin-624900	Apparel & Accessories > Clothing	Apparel & Accessories > Clothing > Activewear
sport-leggings-fur-damen-616800	Apparel & Accessories > Clothing	Apparel & Accessories > Clothing > Activewear
schwarze-slim-fit-leggings-fur-damen-610700	Apparel & Accessories > Clothing	Apparel & Accessories > Clothing > Activewear
drapey-slimming-cropped-hose-624700	Apparel & Accessories > Clothing	Apparel & Accessories > Clothing > Pants
freizeit-hose-mit-weitem-bein-608000	Apparel & Accessories > Clothing	Apparel & Accessories > Clothing > Pants
high-waist-straight-leg-hose-fur-damen-636200	Apparel & Accessories > Clothing	Apparel & Accessories > Clothing > Pants
sportliche-wide-leg-hose-fur-damen-619400	Apparel & Accessories > Clothing	Apparel & Accessories > Clothing > Pants
corduroy-loose-fit-hose-mit-elastischem-bund-612500	Apparel & Accessories > Clothing	Apparel & Accessories > Clothing > Pants
gepunktete-cropped-hose-mit-schnurung-624100	Apparel & Accessories > Clothing	Apparel & Accessories > Clothing > Pants
high-waist-hose-im-eleganten-minimalistischen-619700	Apparel & Accessories > Clothing	Apparel & Accessories > Clothing > Pants
weite-cordhose-fur-herren-635800	Apparel & Accessories > Clothing	Apparel & Accessories > Clothing > Pants
weite-hose-mit-hohem-bund-629700	Apparel & Accessories > Clothing	Apparel & Accessories > Clothing > Pants
weite-utility-hose-mit-hohem-bund-609600	Apparel & Accessories > Clothing	Apparel & Accessories > Clothing > Pants
vintage-weite-hose-mit-elastischem-bund-und-ka-840449	Apparel & Accessories > Clothing	Apparel & Accessories > Clothing > Pants
high-waist-wide-leg-anzughose-965314	Apparel & Accessories > Clothing	Apparel & Accessories > Clothing > Pants
high-waist-wide-leg-stoffhose-381634	Apparel & Accessories > Clothing	Apparel & Accessories > Clothing > Pants
weite-freizeithose-aus-baumwoll-mix-600300	Apparel & Accessories > Clothing	Apparel & Accessories > Clothing > Pants
weite-sommerhose-mit-elastikbund-623600	Apparel & Accessories > Clothing	Apparel & Accessories > Clothing > Pants
weite-gothic-hose-mit-elastikbund-637400	Apparel & Accessories > Clothing	Apparel & Accessories > Clothing > Pants
corduroy-straight-leg-hose-fur-damen-613400	Apparel & Accessories > Clothing	Apparel & Accessories > Clothing > Pants
retro-cordhose-fur-damen-620700	Apparel & Accessories > Clothing	Apparel & Accessories > Clothing > Pants
retro-cropped-wide-leg-jeans-612900	Apparel & Accessories > Clothing	Apparel & Accessories > Clothing > Pants
schwarze-high-waist-wide-leg-hose-mit-weitem-b-842561	Apparel & Accessories > Clothing	Apparel & Accessories > Clothing > Pants
gestreifte-hose-mit-weitem-bein-und-schleifeng-617600	Apparel & Accessories > Clothing	Apparel & Accessories > Clothing > Pants
hellegraue-slimming-wide-leg-hose-611200	Apparel & Accessories > Clothing	Apparel & Accessories > Clothing > Pants
gestreifte-wide-leg-hose-fur-damen-604900	Apparel & Accessories > Clothing	Apparel & Accessories > Clothing > Pants
weite-freizeithose-mit-polka-dots-604000	Apparel & Accessories > Clothing	Apparel & Accessories > Clothing > Pants
gestreifte-wide-leg-hose-im-yamamoto-stil-635300	Apparel & Accessories > Clothing	Apparel & Accessories > Clothing > Pants
high-waist-loose-fit-stoffhose-605700	Apparel & Accessories > Clothing	Apparel & Accessories > Clothing > Pants
patchwork-wide-leg-hose-mit-reissverschlussen-623300	Apparel & Accessories > Clothing	Apparel & Accessories > Clothing > Pants
high-waist-wide-leg-hose-610600	Apparel & Accessories > Clothing	Apparel & Accessories > Clothing > Pants
satin-cargo-hose-fur-damen-im-western-stil-628600	Apparel & Accessories > Clothing	Apparel & Accessories > Clothing > Pants
patchwork-casual-hose-fur-damen-603500	Apparel & Accessories > Clothing	Apparel & Accessories > Clothing > Pants
retro-freizeithose-mit-weitem-bein-und-kordelz-600100	Apparel & Accessories > Clothing	Apparel & Accessories > Clothing > Pants
retro-cargo-hose-fur-damen-im-street-style-606200	Apparel & Accessories > Clothing	Apparel & Accessories > Clothing > Pants
cordhose-im-loose-fit-mit-weitem-bein-634900	Apparel & Accessories > Clothing	Apparel & Accessories > Clothing > Pants
weite-freizeithose-mit-digitaldruck-621500	Apparel & Accessories > Clothing	Apparel & Accessories > Clothing > Pants
elegante-high-waist-hose-mit-weitem-bein-778498	Apparel & Accessories > Clothing	Apparel & Accessories > Clothing > Pants
freizeit-hose-mit-weitem-bein-623600	Apparel & Accessories > Clothing	Apparel & Accessories > Clothing > Pants
bestickte-weiter-geschnittene-spitzenhose-636400	Apparel & Accessories > Clothing	Apparel & Accessories > Clothing > Pants
weite-freizeithose-mit-hohem-bund-614300	Apparel & Accessories > Clothing	Apparel & Accessories > Clothing > Pants
elegante-palazzo-hose-mit-weitem-bein-615700	Apparel & Accessories > Clothing	Apparel & Accessories > Clothing > Pants
high-waist-wide-leg-hose-mit-spitze-637800	Apparel & Accessories > Clothing	Apparel & Accessories > Clothing > Pants
high-waist-wide-leg-hose-fur-damen-618200	Apparel & Accessories > Clothing	Apparel & Accessories > Clothing > Pants
high-waist-hose-mit-asymmetrischem-saum-612400	Apparel & Accessories > Clothing	Apparel & Accessories > Clothing > Pants
gestreifte-high-waist-wide-leg-hose-fur-damen-628500	Apparel & Accessories > Clothing	Apparel & Accessories > Clothing > Pants
loose-fit-wide-leg-hose-mit-kordelzug-632600	Apparel & Accessories > Clothing	Apparel & Accessories > Clothing > Pants
high-waist-wide-leg-stoffhose-626700	Apparel & Accessories > Clothing	Apparel & Accessories > Clothing > Pants
semi-transparente-mesh-haremshose-603600	Apparel & Accessories > Clothing	Apparel & Accessories > Clothing > Pants
high-rise-bootcut-hose-im-motorrad-stil-601500	Apparel & Accessories > Clothing	Apparel & Accessories > Clothing > Pants
gestreifte-wide-leg-hose-mit-weitem-bein-625100	Apparel & Accessories > Clothing	Apparel & Accessories > Clothing > Pants
high-waist-relaxed-fit-hose-mit-weitem-bein-615900	Apparel & Accessories > Clothing	Apparel & Accessories > Clothing > Pants
weite-freizeithose-mit-elastischem-bund-625600	Apparel & Accessories > Clothing	Apparel & Accessories > Clothing > Pants
high-waist-plissee-hose-mit-weitem-bein-613100	Apparel & Accessories > Clothing	Apparel & Accessories > Clothing > Pants
weite-polka-dot-hose-mit-elastikbund-631500	Apparel & Accessories > Clothing	Apparel & Accessories > Clothing > Pants
karierte-high-waist-hose-fur-damen-615200	Apparel & Accessories > Clothing	Apparel & Accessories > Clothing > Pants
elegante-high-waist-wide-leg-hose-fur-damen-623100	Apparel & Accessories > Clothing	Apparel & Accessories > Clothing > Pants
bequeme-tie-dye-hose-mit-weitem-bein-634700	Apparel & Accessories > Clothing	Apparel & Accessories > Clothing > Pants
bootcut-hose-mit-v-bund-638200	Apparel & Accessories > Clothing	Apparel & Accessories > Clothing > Pants
high-waist-bootcut-sporthose-fur-damen-636500	Apparel & Accessories > Clothing	Apparel & Accessories > Clothing > Pants
weite-freizeithose-mit-kontrastbund-623900	Apparel & Accessories > Clothing	Apparel & Accessories > Clothing > Pants
low-rise-scissor-cut-jeans-fur-damen-607500	Apparel & Accessories > Clothing	Apparel & Accessories > Clothing > Pants
weite-freizeithose-mit-kordelzug-624700	Apparel & Accessories > Clothing	Apparel & Accessories > Clothing > Pants
damen-pinstripe-wide-leg-hose-617800	Apparel & Accessories > Clothing	Apparel & Accessories > Clothing > Pants
camo-low-waist-slim-fit-hose-fur-frauen-638700	Apparel & Accessories > Clothing	Apparel & Accessories > Clothing > Pants
weite-freizeithose-aus-baumwoll-leinen-mix-604900	Apparel & Accessories > Clothing	Apparel & Accessories > Clothing > Pants
figurformende-stretchy-jeans-mit-weitem-bein-637800	Apparel & Accessories > Clothing	Apparel & Accessories > Clothing > Pants
flowing-floral-wide-leg-hose-fur-damen-614200	Apparel & Accessories > Clothing	Apparel & Accessories > Clothing > Pants
high-waist-plissee-hose-mit-nadelstreifen-984834	Apparel & Accessories > Clothing	Apparel & Accessories > Clothing > Pants
asymmetrische-wide-leg-hose-877953	Apparel & Accessories > Clothing	Apparel & Accessories > Clothing > Pants
high-waist-palazzo-hose-mit-weitem-bein-484353	Apparel & Accessories > Clothing	Apparel & Accessories > Clothing > Pants
harem-wide-leg-hose-mit-tunnelzug-618200	Apparel & Accessories > Clothing	Apparel & Accessories > Clothing > Pants
high-waist-wide-leg-hose-604600	Apparel & Accessories > Clothing	Apparel & Accessories > Clothing > Pants
leinenhose-loose-fit-cropped-632800	Apparel & Accessories > Clothing	Apparel & Accessories > Clothing > Pants
retro-patchwork-plaid-wide-leg-pants-605900	Apparel & Accessories > Clothing	Apparel & Accessories > Clothing > Pants
loose-fit-high-waist-stoffhose-614300	Apparel & Accessories > Clothing	Apparel & Accessories > Clothing > Pants
high-waist-hose-mit-weitem-bein-und-kordelzug-610500	Apparel & Accessories > Clothing	Apparel & Accessories > Clothing > Pants
weite-hose-mit-hohem-bund-fur-kleine-grossen-629100	Apparel & Accessories > Clothing	Apparel & Accessories > Clothing > Pants
high-waist-athletic-wide-leg-hose-617300	Apparel & Accessories > Clothing	Apparel & Accessories > Clothing > Pants
elegante-weite-hose-mit-ausgestelltem-bein-627000	Apparel & Accessories > Clothing	Apparel & Accessories > Clothing > Pants
retro-loose-fit-hose-628600	Apparel & Accessories > Clothing	Apparel & Accessories > Clothing > Pants
blazer-mit-blumenmuster-und-spitze-625400	Apparel & Accessories > Clothing	Apparel & Accessories > Clothing > Outerwear > Coats & Jackets
slim-fit-sportjacke-mit-stehkragen-002177	Apparel & Accessories > Clothing	Apparel & Accessories > Clothing > Outerwear > Coats & Jackets
langes-hemdblusenkleid-im-vintage-stil-637900	Apparel & Accessories > Clothing	Apparel & Accessories > Clothing > Dresses
elegante-bordeauxrote-wollweste-fur-damen-620200	Apparel & Accessories > Clothing	Apparel & Accessories > Clothing > Outerwear > Vests
figurformender-badeanzug-615800	Apparel & Accessories > Clothing	Apparel & Accessories > Clothing > Swimwear
damen-langarm-top-mit-knopfen-in-ubergrossen-621900	Apparel & Accessories > Clothing	Apparel & Accessories > Clothing > Shirts & Tops
elegante-bluse-mit-laternenarmeln-und-blumenmu-634200	Apparel & Accessories > Clothing	Apparel & Accessories > Clothing > Shirts & Tops
lange-armellose-weste-mit-taillengurtel-639000	Apparel & Accessories > Clothing	Apparel & Accessories > Clothing > Outerwear > Vests
retro-fransen-top-fur-damen-620200	Apparel & Accessories > Clothing	Apparel & Accessories > Clothing > Shirts & Tops
commuter-cardigan-plus-size-longsleeve-604200	Apparel & Accessories > Clothing	Apparel & Accessories > Clothing > Shirts & Tops
leinen-blazer-mit-pailletten-und-stehkragen-626400	Apparel & Accessories > Clothing	Apparel & Accessories > Clothing > Outerwear > Coats & Jackets
oversized-trenchcoat-aus-baumwolle-631600	Apparel & Accessories > Clothing	Apparel & Accessories > Clothing > Outerwear > Coats & Jackets
asymmetrisches-off-shoulder-top-612300	Apparel & Accessories > Clothing	Apparel & Accessories > Clothing > Shirts & Tops
damen-halterneck-crop-top-mit-3d-print-635800	Apparel & Accessories > Clothing	Apparel & Accessories > Clothing > Shirts & Tops
midi-shawl-mantel-fur-damen-622500	Apparel & Accessories > Clothing	Apparel & Accessories > Clothing > Outerwear > Coats & Jackets
damen-freizeit-top-mit-langen-armeln-und-panee-608800	Apparel & Accessories > Clothing	Apparel & Accessories > Clothing > Shirts & Tops
chiffon-top-mit-blumenmuster-und-v-ausschnitt-623100	Apparel & Accessories > Clothing	Apparel & Accessories > Clothing > Shirts & Tops
damen-v-neck-top-mit-ruschen-und-ausgestellten-626000	Apparel & Accessories > Clothing	Apparel & Accessories > Clothing > Shirts & Tops
satin-v-ausschnitt-langarm-shirt-mit-knoten-613300	Apparel & Accessories > Clothing	Apparel & Accessories > Clothing > Shirts & Tops
armelloses-tanktop-fur-damen-634500	Apparel & Accessories > Clothing	Apparel & Accessories > Clothing > Shirts & Tops
kurzer-blazer-mit-dreiviertel-armeln-fur-damen-611500	Apparel & Accessories > Clothing	Apparel & Accessories > Clothing > Outerwear > Coats & Jackets
damen-freizeit-top-mit-rundhals-und-7-8-armeln-624800	Apparel & Accessories > Clothing	Apparel & Accessories > Clothing > Shirts & Tops
vielseitiger-hakel-cardigan-fur-damen-621000	Apparel & Accessories > Clothing	Apparel & Accessories > Clothing > Shirts & Tops
blazer-top-mit-blumenmuster-und-spitzenbesatz-611700	Apparel & Accessories > Clothing	Apparel & Accessories > Clothing > Outerwear > Coats & Jackets
besticktes-leinen-baumwoll-shirt-615400	Apparel & Accessories > Clothing	Apparel & Accessories > Clothing > Shirts & Tops
retro-mock-neck-top-aus-ramie-609200	Apparel & Accessories > Clothing	Apparel & Accessories > Clothing > Shirts & Tops
gestreiftes-halterneck-top-mit-knoten-617900	Apparel & Accessories > Clothing	Apparel & Accessories > Clothing > Shirts & Tops
relaxed-polo-shirt-mit-umschlagkragen-600500	Apparel & Accessories > Clothing	Apparel & Accessories > Clothing > Shirts & Tops
langarmshirt-mit-rundhals-619200	Apparel & Accessories > Clothing	Apparel & Accessories > Clothing > Shirts & Tops
samt-blazer-mit-weitem-ausschnitt-636200	Apparel & Accessories > Clothing	Apparel & Accessories > Clothing > Outerwear > Coats & Jackets
damen-mesh-top-mit-tupfenarmeln-623900	Apparel & Accessories > Clothing	Apparel & Accessories > Clothing > Shirts & Tops
v-neck-cardigan-mit-lochmuster-624900	Apparel & Accessories > Clothing	Apparel & Accessories > Clothing > Shirts & Tops
eleganter-damenblazer-im-europaischen-stil-619700	Apparel & Accessories > Clothing	Apparel & Accessories > Clothing > Outerwear > Coats & Jackets
gestreiftes-off-shoulder-top-fur-damen-629300	Apparel & Accessories > Clothing	Apparel & Accessories > Clothing > Shirts & Tops
rundhals-spitzentop-623300	Apparel & Accessories > Clothing	Apparel & Accessories > Clothing > Shirts & Tops
strick-top-mit-kreuzkragen-und-metallknopf-606900	Apparel & Accessories > Clothing	Apparel & Accessories > Clothing > Shirts & Tops
chiffon-bluse-mit-ruschen-und-ausgestellten-ar-632300	Apparel & Accessories > Clothing	Apparel & Accessories > Clothing > Shirts & Tops
kurzarm-top-mit-jacquard-print-und-schrager-sc-603800	Apparel & Accessories > Clothing	Apparel & Accessories > Clothing > Shirts & Tops
damen-halterneck-top-mit-spitze-und-ruschen-617000	Apparel & Accessories > Clothing	Apparel & Accessories > Clothing > Shirts & Tops
eleganter-samt-blazer-mit-v-ausschnitt-615800	Apparel & Accessories > Clothing	Apparel & Accessories > Clothing > Outerwear > Coats & Jackets
lavendelfarbenes-langarm-top-mit-spitze-639000	Apparel & Accessories > Clothing	Apparel & Accessories > Clothing > Shirts & Tops
damen-kurzbluse-mit-rundhals-und-knopfleiste-609800	Apparel & Accessories > Clothing	Apparel & Accessories > Clothing > Shirts & Tops
armelloser-leinen-blazer-fur-damen-600300	Apparel & Accessories > Clothing	Apparel & Accessories > Clothing > Outerwear > Coats & Jackets
kurzes-top-im-3d-look-fur-damen-619800	Apparel & Accessories > Clothing	Apparel & Accessories > Clothing > Shirts & Tops
plissiertes-langarm-shirt-mit-bubi-armeln-619300	Apparel & Accessories > Clothing	Apparel & Accessories > Clothing > Shirts & Tops
elegante-langarm-bluse-mit-blumenmuster-615000	Apparel & Accessories > Clothing	Apparel & Accessories > Clothing > Shirts & Tops
langarm-sportshirt-loose-fit-603200	Apparel & Accessories > Clothing	Apparel & Accessories > Clothing > Shirts & Tops
armelloses-sommer-tanktop-mit-hakel-detail-635600	Apparel & Accessories > Clothing	Apparel & Accessories > Clothing > Shirts & Tops
locker-geschnittener-langarm-blazer-633500	Apparel & Accessories > Clothing	Apparel & Accessories > Clothing > Outerwear > Coats & Jackets
leinen-top-mit-v-ausschnitt-und-knopfen-612000	Apparel & Accessories > Clothing	Apparel & Accessories > Clothing > Shirts & Tops
v-neck-t-shirt-mit-spitze-und-knopfen-624500	Apparel & Accessories > Clothing	Apparel & Accessories > Clothing > Shirts & Tops
t-shirt-mit-cartoon-print-und-kurzen-armeln-624600	Apparel & Accessories > Clothing	Apparel & Accessories > Clothing > Shirts & Tops
tragerloses-top-mit-resort-print-628400	Apparel & Accessories > Clothing	Apparel & Accessories > Clothing > Shirts & Tops
elegante-chiffon-cami-mit-3d-effekt-600400	Apparel & Accessories > Clothing	Apparel & Accessories > Clothing > Shirts & Tops
kurzarm-shirt-mit-v-ausschnitt-und-ruschen-638100	Apparel & Accessories > Clothing	Apparel & Accessories > Clothing > Shirts & Tops
strick-weste-mit-lochmuster-634600	Apparel & Accessories > Clothing	Apparel & Accessories > Clothing > Outerwear > Vests
damen-slim-fit-denim-tube-top-625800	Apparel & Accessories > Clothing	Apparel & Accessories > Clothing > Shirts & Tops
corduroy-v-neck-button-down-shirt-639800	Apparel & Accessories > Clothing	Apparel & Accessories > Clothing > Shirts & Tops
rollkragen-strickweste-fur-damen-604000	Apparel & Accessories > Clothing	Apparel & Accessories > Clothing > Outerwear > Vests
romantisches-spitzen-top-mit-blumenmuster-624900	Apparel & Accessories > Clothing	Apparel & Accessories > Clothing > Shirts & Tops
v-neck-camisole-mit-ruschen-633500	Apparel & Accessories > Clothing	Apparel & Accessories > Clothing > Shirts & Tops
armellose-bluse-mit-v-ausschnitt-und-schnurung-635800	Apparel & Accessories > Clothing	Apparel & Accessories > Clothing > Shirts & Tops
damen-top-mit-rundhals-und-raffarmeln-636100	Apparel & Accessories > Clothing	Apparel & Accessories > Clothing > Shirts & Tops
doppellagiges-mesh-neckholder-top-fur-damen-630800	Apparel & Accessories > Clothing	Apparel & Accessories > Clothing > Shirts & Tops
rollkragen-langarmshirt-im-casual-fit-621200	Apparel & Accessories > Clothing	Apparel & Accessories > Clothing > Shirts & Tops
armellose-blazer-weste-mit-drei-knopfen-634500	Apparel & Accessories > Clothing	Apparel & Accessories > Clothing > Outerwear > Vests
locker-geschnittenes-shirt-mit-spitze-und-quas-630000	Apparel & Accessories > Clothing	Apparel & Accessories > Clothing > Shirts & Tops
armelloses-off-shoulder-top-mit-lochmuster-611400	Apparel & Accessories > Clothing	Apparel & Accessories > Clothing > Shirts & Tops
nahtloses-atmungsaktives-workout-top-612900	Apparel & Accessories > Clothing	Apparel & Accessories > Clothing > Shirts & Tops
eleganter-freizeit-blazer-fur-damen-614800	Apparel & Accessories > Clothing	Apparel & Accessories > Clothing > Outerwear > Coats & Jackets
eleganter-doppelseitiger-wollmantel-602200	Apparel & Accessories > Clothing	Apparel & Accessories > Clothing > Outerwear > Coats & Jackets
wildleder-samt-blazer-mit-pattentaschen-633800	Apparel & Accessories > Clothing	Apparel & Accessories > Clothing > Outerwear > Coats & Jackets
kaschmir-mantel-mit-kapuze-611900	Apparel & Accessories > Clothing	Apparel & Accessories > Clothing > Outerwear > Coats & Jackets
midilanger-wollmantel-mit-gurtel-613000	Apparel & Accessories > Clothing	Apparel & Accessories > Clothing > Outerwear > Coats & Jackets
eleganter-color-block-kunstpelzmantel-606500	Apparel & Accessories > Clothing	Apparel & Accessories > Clothing > Outerwear > Coats & Jackets
eleganter-wollmantel-im-koreanischen-stil-623000	Apparel & Accessories > Clothing	Apparel & Accessories > Clothing > Outerwear > Coats & Jackets
eleganter-rollkragen-mantel-mit-schalkragen-606300	Apparel & Accessories > Clothing	Apparel & Accessories > Clothing > Outerwear > Coats & Jackets
doppelter-wollmantel-mit-taillierung-623500	Apparel & Accessories > Clothing	Apparel & Accessories > Clothing > Outerwear > Coats & Jackets
color-block-strickjacke-im-oversize-look-635700	Apparel & Accessories > Clothing	Apparel & Accessories > Clothing > Shirts & Tops
eleganter-wollmantel-fur-damen-034690	Apparel & Accessories > Clothing	Apparel & Accessories > Clothing > Outerwear > Coats & Jackets
eleganter-wollmischmantel-fur-damen-499841	Apparel & Accessories > Clothing	Apparel & Accessories > Clothing > Outerwear > Coats & Jackets
wollmantel-mit-revers-und-taillengurtel-582082	Apparel & Accessories > Clothing	Apparel & Accessories > Clothing > Outerwear > Coats & Jackets
gepolsterter-blazer-aus-wollmischung-623600	Apparel & Accessories > Clothing	Apparel & Accessories > Clothing > Outerwear > Coats & Jackets
eleganter-wollmantel-mit-revers-und-knopfen-618500	Apparel & Accessories > Clothing	Apparel & Accessories > Clothing > Outerwear > Coats & Jackets
eleganter-wollmantel-mit-revers-und-bindegurte-615500	Apparel & Accessories > Clothing	Apparel & Accessories > Clothing > Outerwear > Coats & Jackets
eleganter-wollmantel-im-retro-stil-622600	Apparel & Accessories > Clothing	Apparel & Accessories > Clothing > Outerwear > Coats & Jackets
eleganter-kurzer-woll-blend-mantel-635200	Apparel & Accessories > Clothing	Apparel & Accessories > Clothing > Outerwear > Coats & Jackets
eleganter-kunstpelzmantel-fur-damen-609200	Apparel & Accessories > Clothing	Apparel & Accessories > Clothing > Outerwear > Coats & Jackets
doppelseitiger-fleece-rollkragenmantel-623200	Apparel & Accessories > Clothing	Apparel & Accessories > Clothing > Outerwear > Coats & Jackets
damen-plusch-jacke-mit-reissverschluss-616800	Apparel & Accessories > Clothing	Apparel & Accessories > Clothing > Outerwear > Coats & Jackets
designer-slimming-spicy-girl-top-624400	Apparel & Accessories > Clothing	Apparel & Accessories > Clothing > Shirts & Tops
eleganter-strick-cardigan-mit-schnurdetails-635300	Apparel & Accessories > Clothing	Apparel & Accessories > Clothing > Shirts & Tops
eleganter-mid-long-wollmantel-fur-damen-610100	Apparel & Accessories > Clothing	Apparel & Accessories > Clothing > Outerwear > Coats & Jackets
eleganter-doppelseitiger-wollmantel-fur-damen-634900	Apparel & Accessories > Clothing	Apparel & Accessories > Clothing > Outerwear > Coats & Jackets
eleganter-doubleface-wollmantel-fur-damen-607400	Apparel & Accessories > Clothing	Apparel & Accessories > Clothing > Outerwear > Coats & Jackets
mid-langer-wollmantel-fur-herbst-winter-612700	Apparel & Accessories > Clothing	Apparel & Accessories > Clothing > Outerwear > Coats & Jackets
chenille-wollmantel-mit-schmaler-passform-635100	Apparel & Accessories > Clothing	Apparel & Accessories > Clothing > Outerwear > Coats & Jackets
langer-mantel-mit-reverskragen-und-schlitz-628000	Apparel & Accessories > Clothing	Apparel & Accessories > Clothing > Outerwear > Coats & Jackets
patchwork-mantel-fur-damen-620100	Apparel & Accessories > Clothing	Apparel & Accessories > Clothing > Outerwear > Coats & Jackets
kurzer-flauschiger-mantel-fur-damen-617100	Apparel & Accessories > Clothing	Apparel & Accessories > Clothing > Outerwear > Coats & Jackets
kurzer-longsleeve-mantel-mit-diamanten-605300	Apparel & Accessories > Clothing	Apparel & Accessories > Clothing > Outerwear > Coats & Jackets
eleganter-slim-fit-blazer-fur-damen-607600	Apparel & Accessories > Clothing	Apparel & Accessories > Clothing > Outerwear > Coats & Jackets
extra-langer-dunkelroter-wollmantel-fur-damen-638300	Apparel & Accessories > Clothing	Apparel & Accessories > Clothing > Outerwear > Coats & Jackets
kurze-shearling-jacke-aus-kunstfell-fur-damen-606000	Apparel & Accessories > Clothing	Apparel & Accessories > Clothing > Outerwear > Coats & Jackets
kurzer-doppelseitiger-wollmantel-fur-damen-625100	Apparel & Accessories > Clothing	Apparel & Accessories > Clothing > Outerwear > Coats & Jackets
kapuzenkleid-mit-regenbogen-print-fur-damen-608000	Apparel & Accessories > Clothing	Apparel & Accessories > Clothing > Dresses
kurze-color-block-jacke-mit-revers-601400	Apparel & Accessories > Clothing	Apparel & Accessories > Clothing > Outerwear > Coats & Jackets
eleganter-wollmantel-fur-damen-601200	Apparel & Accessories > Clothing	Apparel & Accessories > Clothing > Outerwear > Coats & Jackets
eleganter-wollmantel-fur-business-alltag-619800	Apparel & Accessories > Clothing	Apparel & Accessories > Clothing > Outerwear > Coats & Jackets
doppelgesichtiger-wollmantel-lange-ausfuhrung-635300	Apparel & Accessories > Clothing	Apparel & Accessories > Clothing > Outerwear > Coats & Jackets
cape-jacke-mit-abstraktem-3d-weihnachtsdruck-629600	Apparel & Accessories > Clothing	Apparel & Accessories > Clothing > Outerwear > Coats & Jackets
eleganter-wollmantel-mit-reverskragen-628800	Apparel & Accessories > Clothing	Apparel & Accessories > Clothing > Outerwear > Coats & Jackets
lammfellmantel-mit-integriertem-fellfutter-615500	Apparel & Accessories > Clothing	Apparel & Accessories > Clothing > Outerwear > Coats & Jackets
damen-wollmantel-mit-gurtel-und-stehkragen-605900	Apparel & Accessories > Clothing	Apparel & Accessories > Clothing > Outerwear > Coats & Jackets
damen-kunstpelz-patchwork-mantel-635800	Apparel & Accessories > Clothing	Apparel & Accessories > Clothing > Outerwear > Coats & Jackets
damen-wollmantel-mit-knopfen-631200	Apparel & Accessories > Clothing	Apparel & Accessories > Clothing > Outerwear > Coats & Jackets
strick-cardigan-locker-geschnitten-604300	Apparel & Accessories > Clothing	Apparel & Accessories > Clothing > Shirts & Tops
eleganter-doppelgesicht-wollmantel-613200	Apparel & Accessories > Clothing	Apparel & Accessories > Clothing > Outerwear > Coats & Jackets
eleganter-wollmantel-im-casual-stil-609500	Apparel & Accessories > Clothing	Apparel & Accessories > Clothing > Outerwear > Coats & Jackets
lassiger-oversize-mantel-aus-lammfellimitat-620800	Apparel & Accessories > Clothing	Apparel & Accessories > Clothing > Outerwear > Coats & Jackets
eleganter-extra-langer-wollmantel-fur-damen-602200	Apparel & Accessories > Clothing	Apparel & Accessories > Clothing > Outerwear > Coats & Jackets
eleganter-wollmantel-mit-revers-fur-damen-629500	Apparel & Accessories > Clothing	Apparel & Accessories > Clothing > Outerwear > Coats & Jackets
eleganter-armelloser-mantel-fur-damen-603500	Apparel & Accessories > Clothing	Apparel & Accessories > Clothing > Outerwear > Coats & Jackets
damen-wollmantel-fur-winter-business-618900	Apparel & Accessories > Clothing	Apparel & Accessories > Clothing > Outerwear > Coats & Jackets
damen-mantel-mit-3d-digitaldruck-und-rundhals-621500	Apparel & Accessories > Clothing	Apparel & Accessories > Clothing > Outerwear > Coats & Jackets
mid-length-wollmantel-casual-chic-615800	Apparel & Accessories > Clothing	Apparel & Accessories > Clothing > Outerwear > Coats & Jackets
retro-rollkragen-wollmantel-mit-knopfen-604400	Apparel & Accessories > Clothing	Apparel & Accessories > Clothing > Outerwear > Coats & Jackets
eleganter-doubleface-wollmantel-im-western-sti-627200	Apparel & Accessories > Clothing	Apparel & Accessories > Clothing > Outerwear > Coats & Jackets
farbiger-patchwork-lammfell-mantel-606700	Apparel & Accessories > Clothing	Apparel & Accessories > Clothing > Outerwear > Coats & Jackets
langer-kapuzenmantel-mit-3d-digitalprint-635600	Apparel & Accessories > Clothing	Apparel & Accessories > Clothing > Outerwear > Coats & Jackets
mid-length-kunstpelzmantel-mit-blazer-kragen-635500	Apparel & Accessories > Clothing	Apparel & Accessories > Clothing > Outerwear > Coats & Jackets
eleganter-marineblauer-wollmantel-mit-schulter-605900	Apparel & Accessories > Clothing	Apparel & Accessories > Clothing > Outerwear > Coats & Jackets
langer-damenmantel-im-kaschmir-look-600600	Apparel & Accessories > Clothing	Apparel & Accessories > Clothing > Outerwear > Coats & Jackets
eleganter-damenmantel-mit-fellkragen-601300	Apparel & Accessories > Clothing	Apparel & Accessories > Clothing > Outerwear > Coats & Jackets
gefutterter-mid-length-mantel-fur-damen-635900	Apparel & Accessories > Clothing	Apparel & Accessories > Clothing > Outerwear > Coats & Jackets
gefutterter-patchwork-wintermantel-mit-kapuze-628900	Apparel & Accessories > Clothing	Apparel & Accessories > Clothing > Outerwear > Coats & Jackets
gefutterte-winddichte-polar-fleece-jacke-608900	Apparel & Accessories > Clothing	Apparel & Accessories > Clothing > Outerwear > Coats & Jackets
gesteppter-baumwollmantel-mit-print-625500	Apparel & Accessories > Clothing	Apparel & Accessories > Clothing > Outerwear > Coats & Jackets
kurze-daunenjacke-mit-patchwork-armeln-fur-dam-603500	Apparel & Accessories > Clothing	Apparel & Accessories > Clothing > Outerwear > Coats & Jackets
karierte-fleece-gefutterte-kapuzenjacke-fur-da-031425	Apparel & Accessories > Clothing	Apparel & Accessories > Clothing > Outerwear > Coats & Jackets
gesteppter-patchwork-baumwollmantel-640898	Apparel & Accessories > Clothing	Apparel & Accessories > Clothing > Outerwear > Coats & Jackets
gefutterte-ski-pufferjacke-mit-kapuze-623900	Apparel & Accessories > Clothing	Apparel & Accessories > Clothing > Outerwear > Coats & Jackets
gepolsterter-stehkragen-mantel-mit-blumenmuste-604600	Apparel & Accessories > Clothing	Apparel & Accessories > Clothing > Outerwear > Coats & Jackets
damen-freizeit-baumwolljacke-mit-knopfen-606600	Apparel & Accessories > Clothing	Apparel & Accessories > Clothing > Outerwear > Coats & Jackets
leichter-daunenmantel-mit-kapuze-613300	Apparel & Accessories > Clothing	Apparel & Accessories > Clothing > Outerwear > Coats & Jackets
gefutterte-damen-pufferjacke-mit-kapuze-638000	Apparel & Accessories > Clothing	Apparel & Accessories > Clothing > Outerwear > Coats & Jackets
damen-steppjacke-mit-grossem-fellkragen-600200	Apparel & Accessories > Clothing	Apparel & Accessories > Clothing > Outerwear > Coats & Jackets
leichte-steppjacke-mit-stehkragen-fur-damen-631700	Apparel & Accessories > Clothing	Apparel & Accessories > Clothing > Outerwear > Coats & Jackets
gerippte-baumwoll-steppjacke-im-street-style-616000	Apparel & Accessories > Clothing	Apparel & Accessories > Clothing > Outerwear > Coats & Jackets
gefutterter-baumwollmantel-mit-prinzessinnenar-637300	Apparel & Accessories > Clothing	Apparel & Accessories > Clothing > Outerwear > Coats & Jackets
woll-mohair-strickjacke-mit-kapuze-616400	Apparel & Accessories > Clothing	Apparel & Accessories > Clothing > Shirts & Tops
kurze-locker-geschnittene-daunenbaumwolljacke-606200	Apparel & Accessories > Clothing	Apparel & Accessories > Clothing > Outerwear > Coats & Jackets
gefutterter-kapuzen-cardigan-mittellang-622300	Apparel & Accessories > Clothing	Apparel & Accessories > Clothing > Shirts & Tops
gepolsterte-baumwolljacke-mit-rundhals-629500	Apparel & Accessories > Clothing	Apparel & Accessories > Clothing > Outerwear > Coats & Jackets
kurze-locker-geschnittene-damen-steppjacke-631600	Apparel & Accessories > Clothing	Apparel & Accessories > Clothing > Outerwear > Coats & Jackets
gefutterter-damen-mantel-im-slim-fit-603100	Apparel & Accessories > Clothing	Apparel & Accessories > Clothing > Outerwear > Coats & Jackets
gefutterter-wintermantel-fur-damen-629800	Apparel & Accessories > Clothing	Apparel & Accessories > Clothing > Outerwear > Coats & Jackets
gepolsterte-weste-fur-damen-630900	Apparel & Accessories > Clothing	Apparel & Accessories > Clothing > Outerwear > Vests
gefutterter-damen-mantel-mit-grossem-kunstfell-608800	Apparel & Accessories > Clothing	Apparel & Accessories > Clothing > Outerwear > Coats & Jackets
warme-damen-steppjacke-im-japanischen-stil-390274	Apparel & Accessories > Clothing	Apparel & Accessories > Clothing > Outerwear > Coats & Jackets
warme-haori-jacke-im-japanischen-stil-746945	Apparel & Accessories > Clothing	Apparel & Accessories > Clothing > Outerwear > Coats & Jackets
gefutterte-damenjacke-mit-blumenmuster-620200	Apparel & Accessories > Clothing	Apparel & Accessories > Clothing > Outerwear > Coats & Jackets
gepolsterte-langarm-baumwolljacke-mit-rundhals-600600	Apparel & Accessories > Clothing	Apparel & Accessories > Clothing > Outerwear > Coats & Jackets
vielseitige-schlankmachende-wattierte-jacke-610400	Apparel & Accessories > Clothing	Apparel & Accessories > Clothing > Outerwear > Coats & Jackets
leichte-daunenjacke-fur-herbst-und-winter-612200	Apparel & Accessories > Clothing	Apparel & Accessories > Clothing > Outerwear > Coats & Jackets
gefutterte-jeansjacke-mit-fleece-futter-631800	Apparel & Accessories > Clothing	Apparel & Accessories > Clothing > Outerwear > Coats & Jackets
gefutterte-damen-freizeitjacke-mit-langen-arme-612400	Apparel & Accessories > Clothing	Apparel & Accessories > Clothing > Outerwear > Coats & Jackets
kurze-daunenjacke-fur-damen-615100	Apparel & Accessories > Clothing	Apparel & Accessories > Clothing > Outerwear > Coats & Jackets
kurze-locker-geschnittene-pufferjacke-636400	Apparel & Accessories > Clothing	Apparel & Accessories > Clothing > Outerwear > Coats & Jackets
damen-steppjacke-mit-rautenmuster-624200	Apparel & Accessories > Clothing	Apparel & Accessories > Clothing > Outerwear > Coats & Jackets
gepolsterte-baumwolljacke-fur-den-winter-624400	Apparel & Accessories > Clothing	Apparel & Accessories > Clothing > Outerwear > Coats & Jackets
gefutterter-kapuzenmantel-schlicht-vielseitig-632300	Apparel & Accessories > Clothing	Apparel & Accessories > Clothing > Outerwear > Coats & Jackets
gefutterte-baumwolljacke-fur-damen-607100	Apparel & Accessories > Clothing	Apparel & Accessories > Clothing > Outerwear > Coats & Jackets
gepolsterte-baumwolljacke-mit-blumenmuster-628000	Apparel & Accessories > Clothing	Apparel & Accessories > Clothing > Outerwear > Coats & Jackets
gefutterter-daunenmantel-mit-kapuze-602600	Apparel & Accessories > Clothing	Apparel & Accessories > Clothing > Outerwear > Coats & Jackets
kurze-daunenjacke-fur-damen-622700	Apparel & Accessories > Clothing	Apparel & Accessories > Clothing > Outerwear > Coats & Jackets
kurze-thermo-steppjacke-fur-damen-602000	Apparel & Accessories > Clothing	Apparel & Accessories > Clothing > Outerwear > Coats & Jackets
damen-daunen-baumwollweste-616400	Apparel & Accessories > Clothing	Apparel & Accessories > Clothing > Outerwear > Vests
kurze-daunenjacke-mit-kapuze-634500	Apparel & Accessories > Clothing	Apparel & Accessories > Clothing > Outerwear > Coats & Jackets
kurzer-daunenmantel-mit-reissverschluss-615300	Apparel & Accessories > Clothing	Apparel & Accessories > Clothing > Outerwear > Coats & Jackets
wende-steppjacke-mit-patchwork-karo-634500	Apparel & Accessories > Clothing	Apparel & Accessories > Clothing > Outerwear > Coats & Jackets
dunkelbrauner-vintage-baumwollmantel-607700	Apparel & Accessories > Clothing	Apparel & Accessories > Clothing > Outerwear > Coats & Jackets
doppelseitige-stehkragenjacke-fur-damen-632800	Apparel & Accessories > Clothing	Apparel & Accessories > Clothing > Outerwear > Coats & Jackets
gefutterte-daunenjacke-mit-v-ausschnitt-635400	Apparel & Accessories > Clothing	Apparel & Accessories > Clothing > Outerwear > Coats & Jackets
kurze-winterjacke-mit-kapuze-632600	Apparel & Accessories > Clothing	Apparel & Accessories > Clothing > Outerwear > Coats & Jackets
gefutterte-kapuzenjacke-fur-damen-605200	Apparel & Accessories > Clothing	Apparel & Accessories > Clothing > Outerwear > Coats & Jackets
gefutterter-damen-baumwollmantel-mit-kragen-634200	Apparel & Accessories > Clothing	Apparel & Accessories > Clothing > Outerwear > Coats & Jackets
leichte-gefutterte-baumwolljacke-fur-damen-629100	Apparel & Accessories > Clothing	Apparel & Accessories > Clothing > Outerwear > Coats & Jackets
extra-dicke-daunenjacke-im-patchwork-stil-619100	Apparel & Accessories > Clothing	Apparel & Accessories > Clothing > Outerwear > Coats & Jackets
gepolsterter-wintermantel-fur-damen-614200	Apparel & Accessories > Clothing	Apparel & Accessories > Clothing > Outerwear > Coats & Jackets
retro-wintermantel-mit-fleece-futter-621600	Apparel & Accessories > Clothing	Apparel & Accessories > Clothing > Outerwear > Coats & Jackets
kurze-wattierte-jacke-mit-karomuster-607300	Apparel & Accessories > Clothing	Apparel & Accessories > Clothing > Outerwear > Coats & Jackets
knielanger-wattierter-baumwollmantel-mit-kapuz-630100	Apparel & Accessories > Clothing	Apparel & Accessories > Clothing > Outerwear > Coats & Jackets
langer-gesteppter-baumwollmantel-mit-kragen-610400	Apparel & Accessories > Clothing	Apparel & Accessories > Clothing > Outerwear > Coats & Jackets
kurzer-wende-shearling-mantel-fur-damen-616700	Apparel & Accessories > Clothing	Apparel & Accessories > Clothing > Outerwear > Coats & Jackets
eleganter-daunenmantel-knielang-607200	Apparel & Accessories > Clothing	Apparel & Accessories > Clothing > Outerwear > Coats & Jackets
kurze-biker-jacke-aus-lederimitat-und-fell-602900	Apparel & Accessories > Clothing	Apparel & Accessories > Clothing > Outerwear > Coats & Jackets
leichte-kurze-daunenjacke-fur-damen-605800	Apparel & Accessories > Clothing	Apparel & Accessories > Clothing > Outerwear > Coats & Jackets
vielseitiger-baumwollmantel-mit-pelzkragen-622900	Apparel & Accessories > Clothing	Apparel & Accessories > Clothing > Outerwear > Coats & Jackets
gepolsterter-mid-length-mantel-mit-abnehmbarer-611000	Apparel & Accessories > Clothing	Apparel & Accessories > Clothing > Outerwear > Coats & Jackets
gefutterter-damen-mantel-im-casual-look-618800	Apparel & Accessories > Clothing	Apparel & Accessories > Clothing > Outerwear > Coats & Jackets
damen-freizeitjacke-mit-reissverschluss-623400	Apparel & Accessories > Clothing	Apparel & Accessories > Clothing > Outerwear > Coats & Jackets
kurze-daunenjacke-im-koreanstyle-fur-damen-604100	Apparel & Accessories > Clothing	Apparel & Accessories > Clothing > Outerwear > Coats & Jackets
gefutterte-kurze-kapuzenjacke-im-loose-fit-608400	Apparel & Accessories > Clothing	Apparel & Accessories > Clothing > Outerwear > Coats & Jackets
winter-corduroy-cotton-coat-622400	Apparel & Accessories > Clothing	Apparel & Accessories > Clothing > Outerwear > Coats & Jackets
winterjacke-aus-lederimitat-mit-fleecefutter-625200	Apparel & Accessories > Clothing	Apparel & Accessories > Clothing > Outerwear > Coats & Jackets
leichte-kurze-baumwoll-liner-jacke-fur-damen-613400	Apparel & Accessories > Clothing	Apparel & Accessories > Clothing > Outerwear > Coats & Jackets
gefutterte-jacke-mit-kunstfellkragen-637700	Apparel & Accessories > Clothing	Apparel & Accessories > Clothing > Outerwear > Coats & Jackets
vielseitige-kurze-baumwoll-steppjacke-damen-611300	Apparel & Accessories > Clothing	Apparel & Accessories > Clothing > Outerwear > Coats & Jackets
damen-daunenmantel-mittellang-weiss-607900	Apparel & Accessories > Clothing	Apparel & Accessories > Clothing > Outerwear > Coats & Jackets
kurze-stehkragen-pufferjacke-fur-damen-632900	Apparel & Accessories > Clothing	Apparel & Accessories > Clothing > Outerwear > Coats & Jackets
langarm-top-mit-ausgestellten-armeln-608400	Apparel & Accessories > Clothing	Apparel & Accessories > Clothing > Shirts & Tops
luftige-retro-bluse-aus-baumwolle-614500	Apparel & Accessories > Clothing	Apparel & Accessories > Clothing > Shirts & Tops
kapuzenjacke-im-american-style-fur-paare-607500	Apparel & Accessories > Clothing	Apparel & Accessories > Clothing > Outerwear > Coats & Jackets
boho-strick-cardigan-mit-rautenmuster-990914	Apparel & Accessories > Clothing	Apparel & Accessories > Clothing > Shirts & Tops
rundhals-cardigan-mit-goldknopfen-730050	Apparel & Accessories > Clothing	Apparel & Accessories > Clothing > Shirts & Tops
strick-cardigan-mit-reverskragen-600000	Apparel & Accessories > Clothing	Apparel & Accessories > Clothing > Shirts & Tops
gestreifter-strick-cardigan-fur-damen-726145	Apparel & Accessories > Clothing	Apparel & Accessories > Clothing > Shirts & Tops
strick-weste-mit-aushohlungen-621800	Apparel & Accessories > Clothing	Apparel & Accessories > Clothing > Outerwear > Vests
strick-cardigan-mit-lochmuster-und-schnurung-627600	Apparel & Accessories > Clothing	Apparel & Accessories > Clothing > Shirts & Tops
warmer-strick-cardigan-629600	Apparel & Accessories > Clothing	Apparel & Accessories > Clothing > Shirts & Tops
vintage-strick-cardigan-fur-damen-638700	Apparel & Accessories > Clothing	Apparel & Accessories > Clothing > Shirts & Tops
strick-cardigan-mit-rundhalsausschnitt-625300	Apparel & Accessories > Clothing	Apparel & Accessories > Clothing > Shirts & Tops
strick-cardigan-fur-damen-625100	Apparel & Accessories > Clothing	Apparel & Accessories > Clothing > Shirts & Tops
vintage-langarm-top-im-japanischen-stil-620800	Apparel & Accessories > Clothing	Apparel & Accessories > Clothing > Shirts & Tops
dunner-strick-cardigan-mit-bischofsarmeln-629400	Apparel & Accessories > Clothing	Apparel & Accessories > Clothing > Shirts & Tops
damen-jeansrock-mit-knopfleiste-639500	Apparel & Accessories > Clothing	Apparel & Accessories > Clothing > Skirts
utility-maxirock-mit-kordelzug-fur-den-sommer-625100	Apparel & Accessories > Clothing	Apparel & Accessories > Clothing > Skirts
leichter-sonnen-schutzrock-mit-schlitz-623000	Apparel & Accessories > Clothing	Apparel & Accessories > Clothing > Skirts
a-linien-jeanskleid-mit-knopfleiste-618200	Apparel & Accessories > Clothing	Apparel & Accessories > Clothing > Dresses
eleganter-business-bleistiftrock-mit-polka-dot-615200	Apparel & Accessories > Clothing	Apparel & Accessories > Clothing > Skirts
boho-a-linien-rock-mit-hoher-taille-639100	Apparel & Accessories > Clothing	Apparel & Accessories > Clothing > Skirts
pailletten-quasten-rock-in-olivgrun-613800	Apparel & Accessories > Clothing	Apparel & Accessories > Clothing > Skirts
asymmetrischer-midi-rock-mit-ruschen-616300	Apparel & Accessories > Clothing	Apparel & Accessories > Clothing > Skirts
eleganter-bodycon-maxirock-fur-den-sommer-630000	Apparel & Accessories > Clothing	Apparel & Accessories > Clothing > Skirts
elegantes-asymmetrisches-maxikleid-mit-polka-d-601600	Apparel & Accessories > Clothing	Apparel & Accessories > Clothing > Dresses
atmungsaktiver-floraler-sommerrock-628500	Apparel & Accessories > Clothing	Apparel & Accessories > Clothing > Skirts
maxirock-mit-ruschen-und-print-624900	Apparel & Accessories > Clothing	Apparel & Accessories > Clothing > Skirts
langes-a-linien-abendkleid-aus-modal-600000	Apparel & Accessories > Clothing	Apparel & Accessories > Clothing > Dresses
eleganter-satin-fishtail-rock-mit-hoher-taille-632600	Apparel & Accessories > Clothing	Apparel & Accessories > Clothing > Skirts
patchwork-twill-a-linien-rock-619100	Apparel & Accessories > Clothing	Apparel & Accessories > Clothing > Skirts
a-linien-maxirock-mit-hoher-taille-und-spitze-639800	Apparel & Accessories > Clothing	Apparel & Accessories > Clothing > Skirts
plissierter-chiffon-rock-fur-damen-634600	Apparel & Accessories > Clothing	Apparel & Accessories > Clothing > Skirts
retro-minirock-aus-wildlederimitat-mit-quasten-614700	Apparel & Accessories > Clothing	Apparel & Accessories > Clothing > Skirts
midi-jupe-mit-volants-im-casual-stil-631700	Apparel & Accessories > Clothing	Apparel & Accessories > Clothing > Skirts
langer-bodycon-jeansrock-mit-spitze-601400	Apparel & Accessories > Clothing	Apparel & Accessories > Clothing > Skirts
weisser-midirock-mit-lochstickerei-600600	Apparel & Accessories > Clothing	Apparel & Accessories > Clothing > Skirts
asymmetrischer-maxirock-mit-blumenprint-603000	Apparel & Accessories > Clothing	Apparel & Accessories > Clothing > Skirts
elegante-straight-flare-hose-mit-hoher-taille-600900	Apparel & Accessories > Clothing	Apparel & Accessories > Clothing > Pants
locker-geschnittenes-langarmhemd-aus-baumwolle-633800	Apparel & Accessories > Clothing	Apparel & Accessories > Clothing > Shirts & Tops
freizeit-langarmshirt-mit-reverskragen-638200	Apparel & Accessories > Clothing	Apparel & Accessories > Clothing > Shirts & Tops
kurzarmhemd-mit-farbblock-design-608000	Apparel & Accessories > Clothing	Apparel & Accessories > Clothing > Shirts & Tops
herren-kurzarm-oxford-hemd-aus-baumwolle-615400	Apparel & Accessories > Clothing	Apparel & Accessories > Clothing > Shirts & Tops
luftiges-ombre-kurzarmhemd-im-resort-stil-636600	Apparel & Accessories > Clothing	Apparel & Accessories > Clothing > Shirts & Tops
freizeit-ubergangsjacke-fur-herren-602600	Apparel & Accessories > Clothing	Apparel & Accessories > Clothing > Outerwear > Coats & Jackets
freizeitjacke-fur-fruhling-und-herbst-628000	Apparel & Accessories > Clothing	Apparel & Accessories > Clothing > Outerwear > Coats & Jackets
leinenhemd-im-old-money-stil-617600	Apparel & Accessories > Clothing	Apparel & Accessories > Clothing > Shirts & Tops
vielseitiges-kurzarmhemd-fur-herren-614700	Apparel & Accessories > Clothing	Apparel & Accessories > Clothing > Shirts & Tops
herren-langarmhemd-mit-mandarin-kragen-601400	Apparel & Accessories > Clothing	Apparel & Accessories > Clothing > Shirts & Tops
herren-freizeithemd-mit-revers-612400	Apparel & Accessories > Clothing	Apparel & Accessories > Clothing > Shirts & Tops
gestreiftes-langarmhemd-mit-reverskragen-614300	Apparel & Accessories > Clothing	Apparel & Accessories > Clothing > Shirts & Tops
kurzarm-freizeithemd-aus-leinenmix-635800	Apparel & Accessories > Clothing	Apparel & Accessories > Clothing > Shirts & Tops
herren-polo-shirt-kurzarm-heavyweight-624100	Apparel & Accessories > Clothing	Apparel & Accessories > Clothing > Shirts & Tops
gestreiftes-kurzarmhemd-fur-herren-638600	Apparel & Accessories > Clothing	Apparel & Accessories > Clothing > Shirts & Tops
gestreiftes-kurzarmhemd-fur-herren-619700	Apparel & Accessories > Clothing	Apparel & Accessories > Clothing > Shirts & Tops
herren-langarmhemd-casual-diverse-farben-631500	Apparel & Accessories > Clothing	Apparel & Accessories > Clothing > Shirts & Tops
herren-langarmhemd-mit-kubakragen-608300	Apparel & Accessories > Clothing	Apparel & Accessories > Clothing > Shirts & Tops
business-hemd-langarm-slim-fit-gestreift-612700	Apparel & Accessories > Clothing	Apparel & Accessories > Clothing > Shirts & Tops
herren-strickjacke-kurzarm-gestreift-634200	Apparel & Accessories > Clothing	Apparel & Accessories > Clothing > Shirts & Tops
herren-leinenhemd-mit-revers-locker-geschnitte-621100	Apparel & Accessories > Clothing	Apparel & Accessories > Clothing > Shirts & Tops
slim-fit-t-shirt-mit-kreuz-print-606300	Apparel & Accessories > Clothing	Apparel & Accessories > Clothing > Shirts & Tops
punk-tie-dye-weste-mit-mattem-finish-635000	Apparel & Accessories > Clothing	Apparel & Accessories > Clothing > Outerwear > Vests
vintage-cropped-t-shirt-aus-baumwolle-617500	Apparel & Accessories > Clothing	Apparel & Accessories > Clothing > Shirts & Tops
herren-strickpullover-im-hakel-look-635400	Apparel & Accessories > Clothing	Apparel & Accessories > Clothing > Shirts & Tops
t-shirt-mit-karpfen-print-und-feder-cape-618900	Apparel & Accessories > Clothing	Apparel & Accessories > Clothing > Shirts & Tops
denim-patch-reversmantel-632600	Apparel & Accessories > Clothing	Apparel & Accessories > Clothing > Outerwear > Coats & Jackets
herren-strickjacke-freizeit-alltag-627300	Apparel & Accessories > Clothing	Apparel & Accessories > Clothing > Shirts & Tops
hawaiihemd-mit-farbblock-muster-632300	Apparel & Accessories > Clothing	Apparel & Accessories > Clothing > Shirts & Tops
leinenhemd-kurzarm-mit-stehkragen-622000	Apparel & Accessories > Clothing	Apparel & Accessories > Clothing > Shirts & Tops
kurzarmhemd-mit-print-fur-herren-621300	Apparel & Accessories > Clothing	Apparel & Accessories > Clothing > Shirts & Tops
sonnenschutz-kapuzenweste-fur-herren-612900	Apparel & Accessories > Clothing	Apparel & Accessories > Clothing > Outerwear > Vests
ice-silk-kurzarm-polohemd-fur-herren-618200	Apparel & Accessories > Clothing	Apparel & Accessories > Clothing > Shirts & Tops
herren-waffelstrick-langarm-cardigan-625500	Apparel & Accessories > Clothing	Apparel & Accessories > Clothing > Shirts & Tops
herren-waffelpique-langarm-cardigan-610800	Apparel & Accessories > Clothing	Apparel & Accessories > Clothing > Shirts & Tops
hemd-mit-kettenmuster-610800	Apparel & Accessories > Clothing	Apparel & Accessories > Clothing > Shirts & Tops
v-ausschnitt-langarmshirt-fur-herren-618700	Apparel & Accessories > Clothing	Apparel & Accessories > Clothing > Shirts & Tops
kurzarm-cargo-hemd-mit-reverskragen-624200	Apparel & Accessories > Clothing	Apparel & Accessories > Clothing > Shirts & Tops
herren-strickpullover-mit-streifenmuster-628100	Apparel & Accessories > Clothing	Apparel & Accessories > Clothing > Shirts & Tops
gestreiftes-langarmhemd-fur-herren-600400	Apparel & Accessories > Clothing	Apparel & Accessories > Clothing > Shirts & Tops
gestreiftes-kurzarmhemd-fur-herren-629600	Apparel & Accessories > Clothing	Apparel & Accessories > Clothing > Shirts & Tops
gestreiftes-strick-t-shirt-mit-halbem-reissver-617700	Apparel & Accessories > Clothing	Apparel & Accessories > Clothing > Shirts & Tops
retro-langarmhemd-fur-herren-608700	Apparel & Accessories > Clothing	Apparel & Accessories > Clothing > Shirts & Tops
polo-shirt-fur-herren-mit-textur-und-knopfen-625100	Apparel & Accessories > Clothing	Apparel & Accessories > Clothing > Shirts & Tops
herren-kurzarmhemd-aus-baumwoll-leinen-613000	Apparel & Accessories > Clothing	Apparel & Accessories > Clothing > Shirts & Tops
gestreiftes-freizeit-oberteil-fur-herren-622400	Apparel & Accessories > Clothing	Apparel & Accessories > Clothing > Shirts & Tops
freizeitjacke-fur-herren-633000	Apparel & Accessories > Clothing	Apparel & Accessories > Clothing > Outerwear > Coats & Jackets
gefutterte-winterjacke-mit-umlegekragen-601100	Apparel & Accessories > Clothing	Apparel & Accessories > Clothing > Outerwear > Coats & Jackets
herren-retro-hemd-mit-brusttasche-622800	Apparel & Accessories > Clothing	Apparel & Accessories > Clothing > Shirts & Tops
herren-trenchcoat-mittellang-621500	Apparel & Accessories > Clothing	Apparel & Accessories > Clothing > Outerwear > Coats & Jackets
legere-herren-ubergangsjacke-mit-revers-603200	Apparel & Accessories > Clothing	Apparel & Accessories > Clothing > Outerwear > Coats & Jackets
corduroy-jeansjacke-fur-herren-mit-kaninchenha-633700	Apparel & Accessories > Clothing	Apparel & Accessories > Clothing > Outerwear > Coats & Jackets
herren-business-weste-mit-v-ausschnitt-621600	Apparel & Accessories > Clothing	Apparel & Accessories > Clothing > Outerwear > Vests
herren-sommerhemd-mit-polster-schultern-617100	Apparel & Accessories > Clothing	Apparel & Accessories > Clothing > Shirts & Tops
herren-weste-zweireihig-einfarbig-624600	Apparel & Accessories > Clothing	Apparel & Accessories > Clothing > Outerwear > Vests
herren-ubergangsjacke-mit-revers-und-blumenpri-612000	Apparel & Accessories > Clothing	Apparel & Accessories > Clothing > Outerwear > Coats & Jackets
vielseitige-strickjacke-fur-herren-614000	Apparel & Accessories > Clothing	Apparel & Accessories > Clothing > Shirts & Tops
herren-ubergangs-trenchcoat-im-retro-stil-613500	Apparel & Accessories > Clothing	Apparel & Accessories > Clothing > Outerwear > Coats & Jackets
gestreifter-business-anzug-fur-herren-620700	Apparel & Accessories > Clothing	Apparel & Accessories > Clothing > Suits
herren-anzug-slim-fit-dunkelblau-615200	Apparel & Accessories > Clothing	Apparel & Accessories > Clothing > Suits
retro-steampunk-weste-fur-herren-612100	Apparel & Accessories > Clothing	Apparel & Accessories > Clothing > Outerwear > Vests
herren-cord-strickjacke-mit-stehkragen-615500	Apparel & Accessories > Clothing	Apparel & Accessories > Clothing > Shirts & Tops
doppelreihiger-casual-blazer-fur-herren-611200	Apparel & Accessories > Clothing	Apparel & Accessories > Clothing > Outerwear > Coats & Jackets
stylische-slim-fit-ubergangsjacke-fur-herren-623700	Apparel & Accessories > Clothing	Apparel & Accessories > Clothing > Outerwear > Coats & Jackets
gefutterte-baumwolljacke-fur-herren-602000	Apparel & Accessories > Clothing	Apparel & Accessories > Clothing > Outerwear > Coats & Jackets
ultraleichte-velo-und-outdoor-handy-weste-602400	Apparel & Accessories > Clothing	Apparel & Accessories > Clothing > Outerwear > Vests
herren-loose-fit-bestickte-jacke-614500	Apparel & Accessories > Clothing	Apparel & Accessories > Clothing > Outerwear > Coats & Jackets
herren-slim-fit-stehkragen-jacke-624000	Apparel & Accessories > Clothing	Apparel & Accessories > Clothing > Outerwear > Coats & Jackets
kurze-shearling-jacke-fur-herren-mit-fellfutte-636800	Apparel & Accessories > Clothing	Apparel & Accessories > Clothing > Outerwear > Coats & Jackets
herren-cord-hemd-langarm-638600	Apparel & Accessories > Clothing	Apparel & Accessories > Clothing > Shirts & Tops
herren-slim-fit-lederjacke-mit-reverskragen-612700	Apparel & Accessories > Clothing	Apparel & Accessories > Clothing > Outerwear > Coats & Jackets
wintermantel-fur-herren-braun-lassig-warm-610100	Apparel & Accessories > Clothing	Apparel & Accessories > Clothing > Outerwear > Coats & Jackets
business-casual-anzug-color-block-fur-junge-ma-630100	Apparel & Accessories > Clothing	Apparel & Accessories > Clothing > Suits
business-casual-mantel-601800	Apparel & Accessories > Clothing	Apparel & Accessories > Clothing > Outerwear > Coats & Jackets
herren-strick-cardigan-weste-623700	Apparel & Accessories > Clothing	Apparel & Accessories > Clothing > Shirts & Tops
kimono-jacke-fur-herren-616900	Apparel & Accessories > Clothing	Apparel & Accessories > Clothing > Outerwear > Coats & Jackets
bestickte-freizeitjacke-fur-herren-623200	Apparel & Accessories > Clothing	Apparel & Accessories > Clothing > Outerwear > Coats & Jackets
leichter-herren-cardigan-aus-reiner-wolle-628900	Apparel & Accessories > Clothing	Apparel & Accessories > Clothing > Shirts & Tops
herren-kaschmir-kurzmantel-doubleface-604200	Apparel & Accessories > Clothing	Apparel & Accessories > Clothing > Outerwear > Coats & Jackets
herren-retro-ubergangsjacke-mit-revers-631900	Apparel & Accessories > Clothing	Apparel & Accessories > Clothing > Outerwear > Coats & Jackets
taktische-outdoor-warnweste-fur-herren-623500	Apparel & Accessories > Clothing	Apparel & Accessories > Clothing > Outerwear > Vests
herren-trenchcoat-leger-sportlich-636100	Apparel & Accessories > Clothing	Apparel & Accessories > Clothing > Outerwear > Coats & Jackets
retro-jacke-fur-herren-mit-revers-609800	Apparel & Accessories > Clothing	Apparel & Accessories > Clothing > Outerwear > Coats & Jackets
herren-halterneck-top-fur-den-ausgang-621800	Apparel & Accessories > Clothing	Apparel & Accessories > Clothing > Shirts & Tops
bluse-mit-blumen-spitze-und-knopfleiste-606100	Apparel & Accessories > Clothing	Apparel & Accessories > Clothing > Shirts & Tops
langarm-t-shirt-mit-kontrastfarbe-und-schleife-618800	Apparel & Accessories > Clothing	Apparel & Accessories > Clothing > Shirts & Tops
lassiges-polo-sweatshirt-mit-umlegekragen-623300	Apparel & Accessories > Clothing	Apparel & Accessories > Clothing > Shirts & Tops
v-ausschnitt-strickjacke-loose-fit-631000	Apparel & Accessories > Clothing	Apparel & Accessories > Clothing > Shirts & Tops
mink-velvet-cardigan-mit-totenkopfmuster-612300	Apparel & Accessories > Clothing	Apparel & Accessories > Clothing > Shirts & Tops
satin-mermaid-midirock-mit-blumenprint-688833	Apparel & Accessories > Clothing	Apparel & Accessories > Clothing > Skirts
bedrucktes-midikleid-im-tie-dye-look-628700	Apparel & Accessories > Clothing	Apparel & Accessories > Clothing > Dresses
midilanger-tullrock-mit-elastischem-bund-603300	Apparel & Accessories > Clothing	Apparel & Accessories > Clothing > Skirts
eleganter-midirock-mit-ruschensaum-629900	Apparel & Accessories > Clothing	Apparel & Accessories > Clothing > Skirts
figurbetonender-a-linien-midi-jupe-aus-denim-627700	Apparel & Accessories > Clothing	Apparel & Accessories > Clothing > Skirts
eleganter-mesh-patchwork-midirock-636200	Apparel & Accessories > Clothing	Apparel & Accessories > Clothing > Skirts
high-waist-a-linien-midi-jupe-mit-kordelzug-450434	Apparel & Accessories > Clothing	Apparel & Accessories > Clothing > Skirts
midi-rock-mit-hoher-taille-und-plisseefalten-855426	Apparel & Accessories > Clothing	Apparel & Accessories > Clothing > Skirts
high-waist-a-linien-jupe-aus-denim-623900	Apparel & Accessories > Clothing	Apparel & Accessories > Clothing > Skirts
gestreifter-a-linien-maxi-rock-618800	Apparel & Accessories > Clothing	Apparel & Accessories > Clothing > Skirts
elegantes-etui-paillettenkleid-mit-hoher-taill-611000	Apparel & Accessories > Clothing	Apparel & Accessories > Clothing > Dresses
high-waist-minirock-mit-ruschen-und-innenfutte-808577	Apparel & Accessories > Clothing	Apparel & Accessories > Clothing > Skirts
falten-jupe-aus-lederimitat-626700	Apparel & Accessories > Clothing	Apparel & Accessories > Clothing > Skirts
mehrlagiger-minirock-mit-ruschen-und-fransen-608300	Apparel & Accessories > Clothing	Apparel & Accessories > Clothing > Skirts
eleganter-maxirock-mit-print-und-kordelzug-614700	Apparel & Accessories > Clothing	Apparel & Accessories > Clothing > Skirts
midi-rock-im-retro-look-614300	Apparel & Accessories > Clothing	Apparel & Accessories > Clothing > Skirts
nachthemd-aus-polyester-606600	Apparel & Accessories > Clothing	Apparel & Accessories > Clothing > Sleepwear & Loungewear
nachthemd-602300	Apparel & Accessories > Clothing	Apparel & Accessories > Clothing > Sleepwear & Loungewear
eleganter-satin-a-linien-rock-fur-damen-619000	Apparel & Accessories > Clothing	Apparel & Accessories > Clothing > Skirts
high-waist-vintage-maxi-jupe-928833	Apparel & Accessories > Clothing	Apparel & Accessories > Clothing > Skirts
off-shoulder-ruschenkleid-mit-polka-dots-604100	Apparel & Accessories > Clothing	Apparel & Accessories > Clothing > Dresses
leopardenmuster-meerjungfrauen-rock-mit-hoher-938817	Apparel & Accessories > Clothing	Apparel & Accessories > Clothing > Skirts
enger-minirock-mit-goldfolien-pragung-612500	Apparel & Accessories > Clothing	Apparel & Accessories > Clothing > Skirts
high-waist-jeans-mit-weitem-bein-638400	Apparel & Accessories > Clothing	Apparel & Accessories > Clothing > Pants
slim-fit-jeans-mit-hohem-bund-631800	Apparel & Accessories > Clothing	Apparel & Accessories > Clothing > Pants
retro-slim-fit-stretch-jeans-622400	Apparel & Accessories > Clothing	Apparel & Accessories > Clothing > Pants
herren-strickpullover-langarm-polo-stil-618000	Apparel & Accessories > Clothing	Apparel & Accessories > Clothing > Shirts & Tops
slim-fit-langarmhemd-im-koreanischen-stil-601600	Apparel & Accessories > Clothing	Apparel & Accessories > Clothing > Shirts & Tops
leinen-lyocell-slim-fit-langarmhemd-607500	Apparel & Accessories > Clothing	Apparel & Accessories > Clothing > Shirts & Tops
business-hemd-langarm-mit-blumenprint-614300	Apparel & Accessories > Clothing	Apparel & Accessories > Clothing > Shirts & Tops
loose-fit-herrenhemd-kurzarm-mit-revers-630100	Apparel & Accessories > Clothing	Apparel & Accessories > Clothing > Shirts & Tops
business-casual-stretch-hemd-fur-herren-602200	Apparel & Accessories > Clothing	Apparel & Accessories > Clothing > Shirts & Tops
herren-langarmshirt-casual-trendy-636000	Apparel & Accessories > Clothing	Apparel & Accessories > Clothing > Shirts & Tops
herren-strickpullover-im-schwarz-weiss-karomus-611501	Apparel & Accessories > Clothing	Apparel & Accessories > Clothing > Shirts & Tops
herren-strickpullover-aus-baumwolle-600600	Apparel & Accessories > Clothing	Apparel & Accessories > Clothing > Shirts & Tops
herren-retro-strickpullover-gestreift-625900	Apparel & Accessories > Clothing	Apparel & Accessories > Clothing > Shirts & Tops
herren-langarm-polo-shirt-mit-revers-620400	Apparel & Accessories > Clothing	Apparel & Accessories > Clothing > Shirts & Tops
herren-jeanshemd-slim-fit-607100	Apparel & Accessories > Clothing	Apparel & Accessories > Clothing > Shirts & Tops
herren-vintage-disco-polo-shirt-mit-glitzer-628900	Apparel & Accessories > Clothing	Apparel & Accessories > Clothing > Shirts & Tops
herren-hemd-slim-fit-langarm-638900	Apparel & Accessories > Clothing	Apparel & Accessories > Clothing > Shirts & Tops
geometrisches-hemd-mit-knopfleiste-628200	Apparel & Accessories > Clothing	Apparel & Accessories > Clothing > Shirts & Tops
kurzarmhemd-mit-blumenmuster-im-ethno-stil-631400	Apparel & Accessories > Clothing	Apparel & Accessories > Clothing > Shirts & Tops
kurzarm-hemd-mit-knopfleiste-und-brusttasche-608400	Apparel & Accessories > Clothing	Apparel & Accessories > Clothing > Shirts & Tops
retro-star-print-jeans-mit-weitem-bein-630300	Apparel & Accessories > Clothing	Apparel & Accessories > Clothing > Pants
fajas-colombianas-ganzkorper-shapewear-mit-bau-466050	Apparel & Accessories > Clothing	Apparel & Accessories > Clothing > Underwear & Socks
gestreiftes-langarmshirt-fur-herren-604300	Apparel & Accessories > Clothing	Apparel & Accessories > Clothing > Shirts & Tops
elegantes-langarmhemd-mit-haifischkragen-600100	Apparel & Accessories > Clothing	Apparel & Accessories > Clothing > Shirts & Tops
kurzarm-freizeithemd-knitter-und-schweissresis-600100	Apparel & Accessories > Clothing	Apparel & Accessories > Clothing > Shirts & Tops
leinenhemd-mit-stehkragen-fur-herren-631800	Apparel & Accessories > Clothing	Apparel & Accessories > Clothing > Shirts & Tops
gestreiftes-jacquard-strick-shirt-fur-herren-632900	Apparel & Accessories > Clothing	Apparel & Accessories > Clothing > Shirts & Tops
herren-cardigan-hemd-mit-stehkragen-619200	Apparel & Accessories > Clothing	Apparel & Accessories > Clothing > Shirts & Tops
kurzarm-polo-mit-3d-digitaldruck-634300	Apparel & Accessories > Clothing	Apparel & Accessories > Clothing > Shirts & Tops
glanz-anzugjacke-mit-goldpragung-624800	Apparel & Accessories > Clothing	Apparel & Accessories > Clothing > Outerwear > Coats & Jackets
herren-jeansjacke-im-slim-fit-603300	Apparel & Accessories > Clothing	Apparel & Accessories > Clothing > Outerwear > Coats & Jackets
herren-ubergangsjacke-aus-kunstleder-600100	Apparel & Accessories > Clothing	Apparel & Accessories > Clothing > Outerwear > Coats & Jackets
herren-hoodie-mit-3d-print-622400	Apparel & Accessories > Clothing	Apparel & Accessories > Clothing > Shirts & Tops
herren-fleece-sweatshirt-mit-stehkragen-629600	Apparel & Accessories > Clothing	Apparel & Accessories > Clothing > Shirts & Tops
lockere-jeansjacke-im-korea-stil-fur-herren-015234	Apparel & Accessories > Clothing	Apparel & Accessories > Clothing > Outerwear > Coats & Jackets
taillierte-jeansjacke-fur-herren-746625	Apparel & Accessories > Clothing	Apparel & Accessories > Clothing > Outerwear > Coats & Jackets
taillierte-jeansjacke-fur-herren-824321	Apparel & Accessories > Clothing	Apparel & Accessories > Clothing > Outerwear > Coats & Jackets
patchwork-denim-jacke-fur-herren-606801	Apparel & Accessories > Clothing	Apparel & Accessories > Clothing > Outerwear > Coats & Jackets
leinenhemd-fur-herren-625500	Apparel & Accessories > Clothing	Apparel & Accessories > Clothing > Shirts & Tops
warmer-baumwoll-steppmantel-fur-herren-608100	Apparel & Accessories > Clothing	Apparel & Accessories > Clothing > Outerwear > Coats & Jackets
taillierte-jeansjacke-fur-herren-928769	Apparel & Accessories > Clothing	Apparel & Accessories > Clothing > Outerwear > Coats & Jackets
taillierte-jeansjacke-fur-herren-282562	Apparel & Accessories > Clothing	Apparel & Accessories > Clothing > Outerwear > Coats & Jackets
lockere-jeansjacke-im-korea-stil-fur-herren-244546	Apparel & Accessories > Clothing	Apparel & Accessories > Clothing > Outerwear > Coats & Jackets
schlanke-jeansjacke-123649	Apparel & Accessories > Clothing	Apparel & Accessories > Clothing > Outerwear > Coats & Jackets
taillierte-jeansjacke-fur-herren-993921	Apparel & Accessories > Clothing	Apparel & Accessories > Clothing > Outerwear > Coats & Jackets
taillierte-jeansjacke-fur-herren-933186	Apparel & Accessories > Clothing	Apparel & Accessories > Clothing > Outerwear > Coats & Jackets
gut-sitzende-jeansjacke-fur-herren-798274	Apparel & Accessories > Clothing	Apparel & Accessories > Clothing > Outerwear > Coats & Jackets
lockere-jeansjacke-im-korea-stil-208961	Apparel & Accessories > Clothing	Apparel & Accessories > Clothing > Outerwear > Coats & Jackets
taillierte-jeansjacke-fur-herren-625281	Apparel & Accessories > Clothing	Apparel & Accessories > Clothing > Outerwear > Coats & Jackets
taillierte-jeansjacke-fur-herren-151874	Apparel & Accessories > Clothing	Apparel & Accessories > Clothing > Outerwear > Coats & Jackets
schlanke-jeansjacke-fur-herren-632962	Apparel & Accessories > Clothing	Apparel & Accessories > Clothing > Outerwear > Coats & Jackets
lockere-jeansjacke-im-korea-stil-fur-herren-566274	Apparel & Accessories > Clothing	Apparel & Accessories > Clothing > Outerwear > Coats & Jackets
lockere-jeansjacke-im-korea-stil-fur-herren-602945	Apparel & Accessories > Clothing	Apparel & Accessories > Clothing > Outerwear > Coats & Jackets
gut-sitzende-jeansjacke-fur-herren-187394	Apparel & Accessories > Clothing	Apparel & Accessories > Clothing > Outerwear > Coats & Jackets
gut-sitzende-jeansjacke-fur-herren-866113	Apparel & Accessories > Clothing	Apparel & Accessories > Clothing > Outerwear > Coats & Jackets
gut-sitzende-jeansjacke-fur-herren-448962	Apparel & Accessories > Clothing	Apparel & Accessories > Clothing > Outerwear > Coats & Jackets
gut-sitzende-jeansjacke-fur-herren-088577	Apparel & Accessories > Clothing	Apparel & Accessories > Clothing > Outerwear > Coats & Jackets
lockere-jeansjacke-im-korea-stil-465921	Apparel & Accessories > Clothing	Apparel & Accessories > Clothing > Outerwear > Coats & Jackets
freizeit-zip-sweatshirt-fur-herbst-winter-634000	Apparel & Accessories > Clothing	Apparel & Accessories > Clothing > Shirts & Tops
sportlicher-cardigan-hoodie-fur-herren-613400	Apparel & Accessories > Clothing	Apparel & Accessories > Clothing > Shirts & Tops
herren-kapuzenpullover-aus-cord-610800	Apparel & Accessories > Clothing	Apparel & Accessories > Clothing > Shirts & Tops
retro-patchwork-langarm-sweatshirt-fur-herren-617500	Apparel & Accessories > Clothing	Apparel & Accessories > Clothing > Shirts & Tops
herren-kapuzen-sweatshirt-mit-reissverschluss-627200	Apparel & Accessories > Clothing	Apparel & Accessories > Clothing > Shirts & Tops
corduroy-pullover-fur-herren-615800	Apparel & Accessories > Clothing	Apparel & Accessories > Clothing > Shirts & Tops
herren-schnelltrocknender-hoodie-602200	Apparel & Accessories > Clothing	Apparel & Accessories > Clothing > Shirts & Tops
herren-langarm-polohemd-606400	Apparel & Accessories > Clothing	Apparel & Accessories > Clothing > Shirts & Tops
kapuzen-sweatshirt-mit-cartoon-print-fur-herre-610500	Apparel & Accessories > Clothing	Apparel & Accessories > Clothing > Shirts & Tops
kapuzen-sweatshirt-fur-herren-637100	Apparel & Accessories > Clothing	Apparel & Accessories > Clothing > Shirts & Tops
herren-vintage-distressed-jeans-629400	Apparel & Accessories > Clothing	Apparel & Accessories > Clothing > Pants
loose-straight-leg-jeans-fur-herren-625900	Apparel & Accessories > Clothing	Apparel & Accessories > Clothing > Pants
lassiger-kapuzenpullover-fur-herren-616900	Apparel & Accessories > Clothing	Apparel & Accessories > Clothing > Shirts & Tops
herren-hoodie-mit-letter-print-615700	Apparel & Accessories > Clothing	Apparel & Accessories > Clothing > Shirts & Tops
herren-fleece-hoodie-langarm-602600	Apparel & Accessories > Clothing	Apparel & Accessories > Clothing > Shirts & Tops
kapuzen-sweatshirt-fur-damen-609200	Apparel & Accessories > Clothing	Apparel & Accessories > Clothing > Shirts & Tops
damen-fleece-cardigan-mit-kapuze-619600	Apparel & Accessories > Clothing	Apparel & Accessories > Clothing > Shirts & Tops
bedrucktes-damen-sweatshirt-mit-rundhals-628500	Apparel & Accessories > Clothing	Apparel & Accessories > Clothing > Shirts & Tops
kapuzen-sweatshirt-set-fleece-gefuttert-639000	Apparel & Accessories > Clothing	Apparel & Accessories > Clothing > Outfit Sets
vintage-color-block-t-shirt-fur-damen-632900	Apparel & Accessories > Clothing	Apparel & Accessories > Clothing > Shirts & Tops
lassiges-rundhals-sweatshirt-fur-damen-604600	Apparel & Accessories > Clothing	Apparel & Accessories > Clothing > Shirts & Tops
damen-kapuzenjacke-fleece-loose-fit-635200	Apparel & Accessories > Clothing	Apparel & Accessories > Clothing > Outerwear > Coats & Jackets
leichtes-strick-top-mit-rundhals-und-langen-ar-839490	Apparel & Accessories > Clothing	Apparel & Accessories > Clothing > Shirts & Tops
lockeres-sport-top-fur-damen-638800	Apparel & Accessories > Clothing	Apparel & Accessories > Clothing > Shirts & Tops
bedrucktes-flannel-sweatshirt-fur-damen-605700	Apparel & Accessories > Clothing	Apparel & Accessories > Clothing > Shirts & Tops
kapuzen-sweatshirt-mit-blumenmuster-614400	Apparel & Accessories > Clothing	Apparel & Accessories > Clothing > Shirts & Tops
kapuzen-sweatshirt-mit-halbem-reissverschluss-426626	Apparel & Accessories > Clothing	Apparel & Accessories > Clothing > Shirts & Tops
off-shoulder-sweatshirt-mit-halbem-reissversch-713217	Apparel & Accessories > Clothing	Apparel & Accessories > Clothing > Shirts & Tops
kapuzen-shirt-im-punk-stil-609600	Apparel & Accessories > Clothing	Apparel & Accessories > Clothing > Shirts & Tops
off-shoulder-rundhals-sweatshirt-fur-damen-631800	Apparel & Accessories > Clothing	Apparel & Accessories > Clothing > Shirts & Tops
damen-cardigan-mit-spitze-und-reissverschluss-625500	Apparel & Accessories > Clothing	Apparel & Accessories > Clothing > Shirts & Tops
sweatshirt-im-chinesischen-stil-fur-damen-628800	Apparel & Accessories > Clothing	Apparel & Accessories > Clothing > Shirts & Tops
kapuzen-sweatshirt-mit-print-630000	Apparel & Accessories > Clothing	Apparel & Accessories > Clothing > Shirts & Tops
luftiger-strick-cardigan-mit-glockenarmeln-876098	Apparel & Accessories > Clothing	Apparel & Accessories > Clothing > Shirts & Tops
leichter-strick-cardigan-mit-puffarmeln-624700	Apparel & Accessories > Clothing	Apparel & Accessories > Clothing > Shirts & Tops
jugendlicher-strick-cardigan-im-designer-stil-612500	Apparel & Accessories > Clothing	Apparel & Accessories > Clothing > Shirts & Tops
color-block-strick-cardigan-im-old-money-stil-603400	Apparel & Accessories > Clothing	Apparel & Accessories > Clothing > Shirts & Tops
kurzer-strick-cardigan-mit-knopfleiste-613800	Apparel & Accessories > Clothing	Apparel & Accessories > Clothing > Shirts & Tops
cardigan-mit-reissverschluss-und-reverskragen-623700	Apparel & Accessories > Clothing	Apparel & Accessories > Clothing > Shirts & Tops
strick-cardigan-slim-fit-kurzarm-damen-635200	Apparel & Accessories > Clothing	Apparel & Accessories > Clothing > Shirts & Tops
damen-strick-cardigan-mit-kapuze-loose-fit-625000	Apparel & Accessories > Clothing	Apparel & Accessories > Clothing > Shirts & Tops
kuscheliger-cardigan-im-japan-stil-637900	Apparel & Accessories > Clothing	Apparel & Accessories > Clothing > Shirts & Tops
v-neck-strick-cardigan-mit-kontrastband-611300	Apparel & Accessories > Clothing	Apparel & Accessories > Clothing > Shirts & Tops
vielseitiger-cardigan-mit-goldknopfen-617300	Apparel & Accessories > Clothing	Apparel & Accessories > Clothing > Shirts & Tops
legere-herrenjacke-fur-alltag-612600	Apparel & Accessories > Clothing	Apparel & Accessories > Clothing > Outerwear > Coats & Jackets
freizeit-kapuzenjacke-mit-reissverschluss-623900	Apparel & Accessories > Clothing	Apparel & Accessories > Clothing > Outerwear > Coats & Jackets
retro-jacquard-cardigan-fur-herren-635700	Apparel & Accessories > Clothing	Apparel & Accessories > Clothing > Shirts & Tops
doppelseitige-fleece-jacke-mit-kapuze-607100	Apparel & Accessories > Clothing	Apparel & Accessories > Clothing > Outerwear > Coats & Jackets
ice-silk-sonnenschutzjacke-fur-herren-633800	Apparel & Accessories > Clothing	Apparel & Accessories > Clothing > Outerwear > Coats & Jackets
atmungsaktive-fischer-und-reiseweste-630600	Apparel & Accessories > Clothing	Apparel & Accessories > Clothing > Outerwear > Vests
winddichte-kapuzenjacke-fur-herren-604200	Apparel & Accessories > Clothing	Apparel & Accessories > Clothing > Outerwear > Coats & Jackets
herren-outdoor-freizeitweste-locker-geschnitte-637800	Apparel & Accessories > Clothing	Apparel & Accessories > Clothing > Outerwear > Vests
gut-sitzende-jeansjacke-fur-herren-718786	Apparel & Accessories > Clothing	Apparel & Accessories > Clothing > Outerwear > Coats & Jackets
lockere-jeansjacke-im-korea-stil-090178	Apparel & Accessories > Clothing	Apparel & Accessories > Clothing > Outerwear > Coats & Jackets
gut-sitzende-jeansjacke-309442	Apparel & Accessories > Clothing	Apparel & Accessories > Clothing > Outerwear > Coats & Jackets
lockere-jeansjacke-im-korea-stil-724802	Apparel & Accessories > Clothing	Apparel & Accessories > Clothing > Outerwear > Coats & Jackets
kord-cardigan-im-retro-look-fur-herren-614500	Apparel & Accessories > Clothing	Apparel & Accessories > Clothing > Shirts & Tops
herren-business-freizeitjacke-mit-stehkragen-604300	Apparel & Accessories > Clothing	Apparel & Accessories > Clothing > Outerwear > Coats & Jackets
atmungsaktive-herren-zip-weste-mit-stehkragen-639900	Apparel & Accessories > Clothing	Apparel & Accessories > Clothing > Outerwear > Vests
herren-ubergangsjacke-mit-stehkragen-600900	Apparel & Accessories > Clothing	Apparel & Accessories > Clothing > Outerwear > Coats & Jackets
herren-cardigan-mit-digitaldruck-und-farbblock-619500	Apparel & Accessories > Clothing	Apparel & Accessories > Clothing > Shirts & Tops
herren-slim-fit-kapuzenjacke-korean-style-629500	Apparel & Accessories > Clothing	Apparel & Accessories > Clothing > Outerwear > Coats & Jackets
herren-hoodie-mit-doppelreissverschluss-610500	Apparel & Accessories > Clothing	Apparel & Accessories > Clothing > Shirts & Tops
freizeitjacke-fur-herren-fruhling-herbst-628000	Apparel & Accessories > Clothing	Apparel & Accessories > Clothing > Outerwear > Coats & Jackets
tweed-gilet-im-retro-look-fur-herren-632900	Apparel & Accessories > Clothing	Apparel & Accessories > Clothing > Outerwear > Vests
freizeitjacke-mit-reverskragen-608500	Apparel & Accessories > Clothing	Apparel & Accessories > Clothing > Outerwear > Coats & Jackets
corduroy-weste-im-preppy-stil-fur-herren-635500	Apparel & Accessories > Clothing	Apparel & Accessories > Clothing > Outerwear > Vests
vintage-distressed-jeansjacke-fur-herren-620000	Apparel & Accessories > Clothing	Apparel & Accessories > Clothing > Outerwear > Coats & Jackets
legere-baumwoll-ubergangsjacke-mit-reissversch-635700	Apparel & Accessories > Clothing	Apparel & Accessories > Clothing > Outerwear > Coats & Jackets
lassige-oversized-jacke-mit-revers-fur-herren-625900	Apparel & Accessories > Clothing	Apparel & Accessories > Clothing > Outerwear > Coats & Jackets
winter-herren-fleece-gefutterte-jacke-mit-kapu-611700	Apparel & Accessories > Clothing	Apparel & Accessories > Clothing > Outerwear > Coats & Jackets
vielseitige-multipocket-weste-fur-herren-625700	Apparel & Accessories > Clothing	Apparel & Accessories > Clothing > Outerwear > Vests
herren-fleece-gefutterte-arbeitsjacke-639800	Apparel & Accessories > Clothing	Apparel & Accessories > Clothing > Outerwear > Coats & Jackets
herren-anti-pilling-strickjacke-mit-reissversc-616500	Apparel & Accessories > Clothing	Apparel & Accessories > Clothing > Shirts & Tops
herren-canvas-jacke-rohweiss-631900	Apparel & Accessories > Clothing	Apparel & Accessories > Clothing > Outerwear > Coats & Jackets
herren-utility-weste-mit-stehkragen-621900	Apparel & Accessories > Clothing	Apparel & Accessories > Clothing > Outerwear > Vests
herren-bomberjacke-mit-kapuze-610500	Apparel & Accessories > Clothing	Apparel & Accessories > Clothing > Outerwear > Coats & Jackets
herren-ubergangsjacke-mit-stehkragen-637100	Apparel & Accessories > Clothing	Apparel & Accessories > Clothing > Outerwear > Coats & Jackets
herren-pullover-aus-reiner-wolle-604200	Apparel & Accessories > Clothing	Apparel & Accessories > Clothing > Shirts & Tops
vintage-patchwork-distressed-jeansjacke-fur-he-619500	Apparel & Accessories > Clothing	Apparel & Accessories > Clothing > Outerwear > Coats & Jackets
asymmetrische-taktische-weste-603500	Apparel & Accessories > Clothing	Apparel & Accessories > Clothing > Outerwear > Vests
preppy-anzug-fur-herren-605600	Apparel & Accessories > Clothing	Apparel & Accessories > Clothing > Suits
gepolsterte-cropped-tech-jacke-617600	Apparel & Accessories > Clothing	Apparel & Accessories > Clothing > Outerwear > Coats & Jackets
leinen-blazer-fur-herren-631000	Apparel & Accessories > Clothing	Apparel & Accessories > Clothing > Outerwear > Coats & Jackets
leinen-baumwollweste-fur-herren-623900	Apparel & Accessories > Clothing	Apparel & Accessories > Clothing > Outerwear > Vests
schwarze-armellose-biker-weste-aus-pu-leder-626000	Apparel & Accessories > Clothing	Apparel & Accessories > Clothing > Outerwear > Vests
leichter-leinen-blazer-fur-herren-612100	Apparel & Accessories > Clothing	Apparel & Accessories > Clothing > Outerwear > Coats & Jackets
jacquard-stehkragen-jacke-fur-herren-604000	Apparel & Accessories > Clothing	Apparel & Accessories > Clothing > Outerwear > Coats & Jackets
kapuzenpullover-fur-herren-mit-kordelzug-633400	Apparel & Accessories > Clothing	Apparel & Accessories > Clothing > Shirts & Tops
kapuzen-sweatshirt-mit-leopardenmuster-und-ske-631200	Apparel & Accessories > Clothing	Apparel & Accessories > Clothing > Shirts & Tops
vielseitiger-kapuzenpullover-fur-herren-628600	Apparel & Accessories > Clothing	Apparel & Accessories > Clothing > Shirts & Tops
kapuzen-sweatshirt-mit-kordelzug-618600	Apparel & Accessories > Clothing	Apparel & Accessories > Clothing > Shirts & Tops
herren-kapuzenpullover-mit-print-606800	Apparel & Accessories > Clothing	Apparel & Accessories > Clothing > Shirts & Tops
langarmshirt-mit-rundhals-und-no-smoking-print-614500	Apparel & Accessories > Clothing	Apparel & Accessories > Clothing > Shirts & Tops
cardigan-sweatshirt-mit-stehkragen-und-reissve-605500	Apparel & Accessories > Clothing	Apparel & Accessories > Clothing > Shirts & Tops
sportliches-patchwork-sweatshirt-herren-626300	Apparel & Accessories > Clothing	Apparel & Accessories > Clothing > Shirts & Tops
herren-kapuzenpullover-langarm-casual-637500	Apparel & Accessories > Clothing	Apparel & Accessories > Clothing > Shirts & Tops
herren-hoodie-pullover-mit-halbem-reissverschl-629700	Apparel & Accessories > Clothing	Apparel & Accessories > Clothing > Shirts & Tops
herren-strickpullover-im-american-style-614000	Apparel & Accessories > Clothing	Apparel & Accessories > Clothing > Shirts & Tops
herren-kapuzenpullover-mit-reflektorstreifen-633100	Apparel & Accessories > Clothing	Apparel & Accessories > Clothing > Shirts & Tops
lassiger-hoodie-im-zweiteiler-look-fur-herren-625900	Apparel & Accessories > Clothing	Apparel & Accessories > Clothing > Shirts & Tops
leichtes-leinen-sweatshirt-mit-kapuze-637300	Apparel & Accessories > Clothing	Apparel & Accessories > Clothing > Shirts & Tops
elastisches-jacquard-kapuzen-sweatshirt-fur-he-637400	Apparel & Accessories > Clothing	Apparel & Accessories > Clothing > Shirts & Tops
gefutterter-kapuzen-cardigan-aus-fleece-631200	Apparel & Accessories > Clothing	Apparel & Accessories > Clothing > Shirts & Tops
herren-langarm-polohemd-mit-reverskragen-600000	Apparel & Accessories > Clothing	Apparel & Accessories > Clothing > Shirts & Tops
color-block-waffelstrick-kapuzenjacke-fur-herr-605500	Apparel & Accessories > Clothing	Apparel & Accessories > Clothing > Outerwear > Coats & Jackets
herren-langarm-sweatshirt-loose-fit-636500	Apparel & Accessories > Clothing	Apparel & Accessories > Clothing > Shirts & Tops
herren-sport-sweatshirt-mit-reissverschluss-616500	Apparel & Accessories > Clothing	Apparel & Accessories > Clothing > Shirts & Tops
herren-waffel-strick-kapuzenpullover-607600	Apparel & Accessories > Clothing	Apparel & Accessories > Clothing > Shirts & Tops
herren-hoodie-waffel-sweatshirt-620300	Apparel & Accessories > Clothing	Apparel & Accessories > Clothing > Shirts & Tops
weisses-a-linien-minikleid-mit-laternenarmeln-611000	Apparel & Accessories > Clothing	Apparel & Accessories > Clothing > Dresses
besticktes-maxikleid-fur-damen-630000	Apparel & Accessories > Clothing	Apparel & Accessories > Clothing > Dresses
boho-vintage-etuikleid-mit-halbem-arm-630900	Apparel & Accessories > Clothing	Apparel & Accessories > Clothing > Dresses
elegantes-tailliertes-langarmkleid-618500	Apparel & Accessories > Clothing	Apparel & Accessories > Clothing > Dresses
halterneck-maxikleid-figurbetont-elegant-625400	Apparel & Accessories > Clothing	Apparel & Accessories > Clothing > Dresses
elegantes-paillettenkleid-mit-laternenarmeln-605800	Apparel & Accessories > Clothing	Apparel & Accessories > Clothing > Dresses
pailletten-minikleid-armellos-634900	Apparel & Accessories > Clothing	Apparel & Accessories > Clothing > Dresses
bandeau-minikleid-mit-off-shoulder-schnitt-612300	Apparel & Accessories > Clothing	Apparel & Accessories > Clothing > Dresses
damen-minikleid-mit-schnurung-und-pailletten-637600	Apparel & Accessories > Clothing	Apparel & Accessories > Clothing > Dresses
armelloses-midikleid-mit-spitze-und-bindeband-605300	Apparel & Accessories > Clothing	Apparel & Accessories > Clothing > Dresses
retro-paillettenkleid-mit-perlen-634300	Apparel & Accessories > Clothing	Apparel & Accessories > Clothing > Dresses
elegantes-high-waist-blusenkleid-603800	Apparel & Accessories > Clothing	Apparel & Accessories > Clothing > Dresses
asymmetrisches-one-shoulder-meerjungfrauenklei-633700	Apparel & Accessories > Clothing	Apparel & Accessories > Clothing > Dresses
bodycon-maxikleid-mit-v-ausschnitt-und-kettend-619500	Apparel & Accessories > Clothing	Apparel & Accessories > Clothing > Dresses
3-4-arm-shirt-rock-zweiteiler-635800	Apparel & Accessories > Clothing	Apparel & Accessories > Clothing > Skirts
elegantes-off-shoulder-spitzenkleid-601400	Apparel & Accessories > Clothing	Apparel & Accessories > Clothing > Dresses
boho-chic-resort-set-hemd-weite-hose-fur-damen-636300	Apparel & Accessories > Clothing	Apparel & Accessories > Clothing > Outfit Sets
retro-halterneck-minikleid-mit-blumenstickerei-604300	Apparel & Accessories > Clothing	Apparel & Accessories > Clothing > Dresses
elegantes-blumenkleid-im-franzosischen-stil-635100	Apparel & Accessories > Clothing	Apparel & Accessories > Clothing > Dresses
damen-bluse-mit-v-ausschnitt-puffarmeln-600300	Apparel & Accessories > Clothing	Apparel & Accessories > Clothing > Shirts & Tops
kurzes-kapuzen-sweatshirt-fur-damen-609300	Apparel & Accessories > Clothing	Apparel & Accessories > Clothing > Shirts & Tops
glanzendes-kunstleder-sweatshirt-mit-rundhals-639600	Apparel & Accessories > Clothing	Apparel & Accessories > Clothing > Shirts & Tops
geblumtes-high-waist-tragerkleid-620200	Apparel & Accessories > Clothing	Apparel & Accessories > Clothing > Dresses
enganliegendes-tragerloses-maxikleid-619300	Apparel & Accessories > Clothing	Apparel & Accessories > Clothing > Dresses
rollkragen-strickkleid-mit-schlitz-605100	Apparel & Accessories > Clothing	Apparel & Accessories > Clothing > Dresses
strick-cardigan-mit-knopfen-im-3d-look-638100	Apparel & Accessories > Clothing	Apparel & Accessories > Clothing > Shirts & Tops
damen-langarm-sweatshirt-mit-print-608400	Apparel & Accessories > Clothing	Apparel & Accessories > Clothing > Shirts & Tops
damen-langarm-christmas-print-sweatshirt-612400	Apparel & Accessories > Clothing	Apparel & Accessories > Clothing > Shirts & Tops
damen-v-ausschnitt-sweatshirt-im-relaxed-fit-604100	Apparel & Accessories > Clothing	Apparel & Accessories > Clothing > Shirts & Tops
damen-sweatshirt-mit-hellblauem-karomuster-613600	Apparel & Accessories > Clothing	Apparel & Accessories > Clothing > Shirts & Tops
3d-print-kapuzen-sweatshirt-fur-damen-611500	Apparel & Accessories > Clothing	Apparel & Accessories > Clothing > Shirts & Tops
cartoon-sweatshirt-mit-lippen-print-fur-damen-614100	Apparel & Accessories > Clothing	Apparel & Accessories > Clothing > Shirts & Tops
damen-color-block-sweatshirt-dick-gefuttert-624200	Apparel & Accessories > Clothing	Apparel & Accessories > Clothing > Shirts & Tops
patchwork-color-block-raglan-sweatshirt-fur-da-630900	Apparel & Accessories > Clothing	Apparel & Accessories > Clothing > Shirts & Tops
freizeit-sweatshirt-mit-print-und-reissverschl-617700	Apparel & Accessories > Clothing	Apparel & Accessories > Clothing > Shirts & Tops
vielseitiges-kapuzen-sweatshirt-fur-damen-633000	Apparel & Accessories > Clothing	Apparel & Accessories > Clothing > Shirts & Tops
vielseitiges-kapuzen-sweatshirt-fur-damen-605000	Apparel & Accessories > Clothing	Apparel & Accessories > Clothing > Shirts & Tops
lassiges-damen-sweatshirt-mit-rundhals-und-lan-618400	Apparel & Accessories > Clothing	Apparel & Accessories > Clothing > Shirts & Tops
gestreifter-cardigan-mit-knopfleiste-622300	Apparel & Accessories > Clothing	Apparel & Accessories > Clothing > Shirts & Tops
cardigan-mit-lochmuster-und-ruschen-616300	Apparel & Accessories > Clothing	Apparel & Accessories > Clothing > Shirts & Tops
v-ausschnitt-strickweste-im-koreanischen-stil-638400	Apparel & Accessories > Clothing	Apparel & Accessories > Clothing > Outerwear > Vests
herren-outdoor-kapuzenpullover-613800	Apparel & Accessories > Clothing	Apparel & Accessories > Clothing > Shirts & Tops
freizeitjacke-mit-stehkragen-fur-herren-622900	Apparel & Accessories > Clothing	Apparel & Accessories > Clothing > Outerwear > Coats & Jackets
sommerliches-kurzarm-t-shirt-mit-herz-stickere-611700	Apparel & Accessories > Clothing	Apparel & Accessories > Clothing > Shirts & Tops
elegante-v-neck-bluse-mit-wellenspitze-600900	Apparel & Accessories > Clothing	Apparel & Accessories > Clothing > Shirts & Tops
elegante-langarmbluse-mit-v-ausschnitt-und-rus-620700	Apparel & Accessories > Clothing	Apparel & Accessories > Clothing > Shirts & Tops
slim-fit-seidentop-mit-farbkontrast-623700	Apparel & Accessories > Clothing	Apparel & Accessories > Clothing > Shirts & Tops
chiffon-bluse-mit-v-ausschnitt-ruschen-600800	Apparel & Accessories > Clothing	Apparel & Accessories > Clothing > Shirts & Tops
vintage-stehkragen-hemd-mit-blumenmuster-614800	Apparel & Accessories > Clothing	Apparel & Accessories > Clothing > Shirts & Tops
gold-samt-bluse-mit-stickerei-606500	Apparel & Accessories > Clothing	Apparel & Accessories > Clothing > Shirts & Tops
damen-bluse-mit-print-630000	Apparel & Accessories > Clothing	Apparel & Accessories > Clothing > Shirts & Tops
elegante-satin-bluse-mit-franzosischer-mansche-614200	Apparel & Accessories > Clothing	Apparel & Accessories > Clothing > Shirts & Tops
damen-bluse-mit-laternenarmeln-und-3d-druck-612700	Apparel & Accessories > Clothing	Apparel & Accessories > Clothing > Shirts & Tops
modal-spitzen-camisole-mit-schonem-rucken-615100	Apparel & Accessories > Clothing	Apparel & Accessories > Clothing > Shirts & Tops
pailletten-camisole-mit-geometrie-muster-620200	Apparel & Accessories > Clothing	Apparel & Accessories > Clothing > Shirts & Tops
damen-rollkragen-langarm-top-601900	Apparel & Accessories > Clothing	Apparel & Accessories > Clothing > Shirts & Tops
gestreiftes-cropped-hemd-aus-baumwoll-popeline-193602	Apparel & Accessories > Clothing	Apparel & Accessories > Clothing > Shirts & Tops
samt-hemd-mit-revers-lange-armel-253442	Apparel & Accessories > Clothing	Apparel & Accessories > Clothing > Shirts & Tops
hummer-print-kurzarm-t-shirt-619800	Apparel & Accessories > Clothing	Apparel & Accessories > Clothing > Shirts & Tops
lassiges-shirt-mit-uberschnittenen-schultern-636000	Apparel & Accessories > Clothing	Apparel & Accessories > Clothing > Shirts & Tops
sexy-deep-v-halter-top-mit-taillenschnurung-625800	Apparel & Accessories > Clothing	Apparel & Accessories > Clothing > Shirts & Tops
strick-cardigan-mit-fruchtemuster-631800	Apparel & Accessories > Clothing	Apparel & Accessories > Clothing > Shirts & Tops
strick-top-mit-lochmuster-fur-den-strand-619600	Apparel & Accessories > Clothing	Apparel & Accessories > Clothing > Shirts & Tops
v-ausschnitt-bluse-mit-ruschen-und-3-4-armeln-625300	Apparel & Accessories > Clothing	Apparel & Accessories > Clothing > Shirts & Tops
damen-langarm-top-aus-gold-samt-611400	Apparel & Accessories > Clothing	Apparel & Accessories > Clothing > Shirts & Tops
besticktes-blusentop-mit-laternenarmeln-628400	Apparel & Accessories > Clothing	Apparel & Accessories > Clothing > Shirts & Tops
leichter-strick-cardigan-mit-dreiviertelarmeln-605400	Apparel & Accessories > Clothing	Apparel & Accessories > Clothing > Shirts & Tops
spitzen-langarmshirt-mit-asymmetrischem-aussch-634400	Apparel & Accessories > Clothing	Apparel & Accessories > Clothing > Shirts & Tops
elegantes-plisseetop-mit-taillenschnurung-629000	Apparel & Accessories > Clothing	Apparel & Accessories > Clothing > Shirts & Tops
figurbetonendes-kurzarm-shirt-608500	Apparel & Accessories > Clothing	Apparel & Accessories > Clothing > Shirts & Tops
elegantes-kurzarm-t-shirt-mit-rundhals-601400	Apparel & Accessories > Clothing	Apparel & Accessories > Clothing > Shirts & Tops
bluse-mit-tupfenmuster-im-ethno-stil-608600	Apparel & Accessories > Clothing	Apparel & Accessories > Clothing > Shirts & Tops
damen-top-mit-verstellbaren-tragern-und-zierkn-630500	Apparel & Accessories > Clothing	Apparel & Accessories > Clothing > Shirts & Tops
gestreifter-cardigan-mit-reverskragen-bindegur-504385	Apparel & Accessories > Clothing	Apparel & Accessories > Clothing > Shirts & Tops
gestreiftes-kurzarm-shirt-mit-schleife-621300	Apparel & Accessories > Clothing	Apparel & Accessories > Clothing > Shirts & Tops
v-ausschnitt-raglan-shirt-mit-seitenschlitz-612400	Apparel & Accessories > Clothing	Apparel & Accessories > Clothing > Shirts & Tops
kariertes-kurzarmhemd-mit-reverskragen-635800	Apparel & Accessories > Clothing	Apparel & Accessories > Clothing > Shirts & Tops
damen-hemd-mit-reverskragen-und-knopfleiste-629900	Apparel & Accessories > Clothing	Apparel & Accessories > Clothing > Shirts & Tops
elegantes-vintage-jeanshemd-mit-schnurung-617200	Apparel & Accessories > Clothing	Apparel & Accessories > Clothing > Shirts & Tops
strick-cardigan-im-relaxed-fit-600300	Apparel & Accessories > Clothing	Apparel & Accessories > Clothing > Shirts & Tops
gestreiftes-baumwoll-hemd-im-retro-look-602500	Apparel & Accessories > Clothing	Apparel & Accessories > Clothing > Shirts & Tops
damen-hemd-mit-puffarmeln-und-karomuster-606800	Apparel & Accessories > Clothing	Apparel & Accessories > Clothing > Shirts & Tops
lassiges-langarm-t-shirt-fur-damen-634300	Apparel & Accessories > Clothing	Apparel & Accessories > Clothing > Shirts & Tops
damen-v-shirt-mit-7-8-armeln-600400	Apparel & Accessories > Clothing	Apparel & Accessories > Clothing > Shirts & Tops
gestreifte-leinenbluse-mit-knopfen-635100	Apparel & Accessories > Clothing	Apparel & Accessories > Clothing > Shirts & Tops
halterneck-tank-top-mit-metall-details-632600	Apparel & Accessories > Clothing	Apparel & Accessories > Clothing > Shirts & Tops
kapuzen-sweatshirt-aus-flanell-mit-3d-effekt-601700	Apparel & Accessories > Clothing	Apparel & Accessories > Clothing > Shirts & Tops
langarm-top-mit-3d-effekt-609500	Apparel & Accessories > Clothing	Apparel & Accessories > Clothing > Shirts & Tops
oversized-kapuzen-sweatshirt-fur-damen-628500	Apparel & Accessories > Clothing	Apparel & Accessories > Clothing > Shirts & Tops
3d-digital-print-crew-neck-langarm-sweatshirt-637100	Apparel & Accessories > Clothing	Apparel & Accessories > Clothing > Shirts & Tops
damen-langarm-top-mit-blumenmuster-609300	Apparel & Accessories > Clothing	Apparel & Accessories > Clothing > Shirts & Tops
spitzen-langarmshirt-aus-samt-600800	Apparel & Accessories > Clothing	Apparel & Accessories > Clothing > Shirts & Tops
locker-sitzendes-baumwoll-sweatshirt-mit-wachs-633500	Apparel & Accessories > Clothing	Apparel & Accessories > Clothing > Shirts & Tops
retro-3d-digital-print-stehkragen-top-fur-dame-635900	Apparel & Accessories > Clothing	Apparel & Accessories > Clothing > Shirts & Tops
kapuzen-sweatshirt-mit-berg-und-waldmotiv-622500	Apparel & Accessories > Clothing	Apparel & Accessories > Clothing > Shirts & Tops
kurze-lederjacke-im-american-style-629900	Apparel & Accessories > Clothing	Apparel & Accessories > Clothing > Outerwear > Coats & Jackets
patchwork-denim-jacke-mit-reverskragen-602900	Apparel & Accessories > Clothing	Apparel & Accessories > Clothing > Outerwear > Coats & Jackets
winddichte-herrenjacke-fur-fruhling-und-herbst-625300	Apparel & Accessories > Clothing	Apparel & Accessories > Clothing > Outerwear > Coats & Jackets
herrenmantel-mit-fischgratmuster-futter-638700	Apparel & Accessories > Clothing	Apparel & Accessories > Clothing > Outerwear > Coats & Jackets
wind-und-wasserdichte-outdoor-jacke-615400	Apparel & Accessories > Clothing	Apparel & Accessories > Clothing > Outerwear > Coats & Jackets
wende-jacke-fur-herren-mit-reissverschluss-602100	Apparel & Accessories > Clothing	Apparel & Accessories > Clothing > Outerwear > Coats & Jackets
vintage-baseball-jacke-mit-stehkragen-606300	Apparel & Accessories > Clothing	Apparel & Accessories > Clothing > Outerwear > Coats & Jackets
gepolsterte-vintage-cordjacke-fur-herren-631000	Apparel & Accessories > Clothing	Apparel & Accessories > Clothing > Outerwear > Coats & Jackets
smart-casual-herren-anzug-mit-3-4-armeln-626400	Apparel & Accessories > Clothing	Apparel & Accessories > Clothing > Suits
kurze-loose-fit-jacke-im-american-style-615100	Apparel & Accessories > Clothing	Apparel & Accessories > Clothing > Outerwear > Coats & Jackets
herren-langarmhemd-aus-reiner-baumwolle-618200	Apparel & Accessories > Clothing	Apparel & Accessories > Clothing > Shirts & Tops
legere-baseballjacke-im-flight-stil-606900	Apparel & Accessories > Clothing	Apparel & Accessories > Clothing > Outerwear > Coats & Jackets
herren-ubergangsjacke-614800	Apparel & Accessories > Clothing	Apparel & Accessories > Clothing > Outerwear > Coats & Jackets
warme-sportweste-fur-herren-624700	Apparel & Accessories > Clothing	Apparel & Accessories > Clothing > Outerwear > Vests
herren-ubergangsjacke-mit-reverskragen-622300	Apparel & Accessories > Clothing	Apparel & Accessories > Clothing > Outerwear > Coats & Jackets
kapuzen-cardigan-fur-herren-616400	Apparel & Accessories > Clothing	Apparel & Accessories > Clothing > Shirts & Tops
gefutterte-wander-und-freizeitjacke-fur-herren-626100	Apparel & Accessories > Clothing	Apparel & Accessories > Clothing > Outerwear > Coats & Jackets
trenchcoat-fur-herren-diverse-farben-639100	Apparel & Accessories > Clothing	Apparel & Accessories > Clothing > Outerwear > Coats & Jackets
reflektierendes-kapuzen-sweatshirt-mit-reissve-616700	Apparel & Accessories > Clothing	Apparel & Accessories > Clothing > Shirts & Tops
herren-hoodie-mit-print-lassige-passform-627300	Apparel & Accessories > Clothing	Apparel & Accessories > Clothing > Shirts & Tops
herren-hoodie-leicht-lassig-623100	Apparel & Accessories > Clothing	Apparel & Accessories > Clothing > Shirts & Tops
color-block-langarm-sports-sweatshirt-622300	Apparel & Accessories > Clothing	Apparel & Accessories > Clothing > Shirts & Tops
langarmshirt-mit-blumen-stickerei-637500	Apparel & Accessories > Clothing	Apparel & Accessories > Clothing > Shirts & Tops
herren-hoodie-im-american-style-619400	Apparel & Accessories > Clothing	Apparel & Accessories > Clothing > Shirts & Tops
roter-kapuzenpullover-fur-herren-616400	Apparel & Accessories > Clothing	Apparel & Accessories > Clothing > Shirts & Tops
herren-hoodie-und-trainerhosen-set-633600	Apparel & Accessories > Clothing	Apparel & Accessories > Clothing > Outfit Sets
weihnachts-sweatshirt-mit-digitaldruck-fur-her-622800	Apparel & Accessories > Clothing	Apparel & Accessories > Clothing > Shirts & Tops
gemusterter-kapuzenpullover-fur-herren-635700	Apparel & Accessories > Clothing	Apparel & Accessories > Clothing > Shirts & Tops
denim-rock-mit-ombre-armeln-615900	Apparel & Accessories > Clothing	Apparel & Accessories > Clothing > Skirts
plissiertes-langarmkleid-621500	Apparel & Accessories > Clothing	Apparel & Accessories > Clothing > Dresses
elegantes-polka-dot-minikleid-614900	Apparel & Accessories > Clothing	Apparel & Accessories > Clothing > Dresses
luftiges-leinenkleid-mit-v-ausschnitt-607000	Apparel & Accessories > Clothing	Apparel & Accessories > Clothing > Dresses
besticktes-langarm-freizeitkleid-mit-print-602400	Apparel & Accessories > Clothing	Apparel & Accessories > Clothing > Dresses
armelloses-ballonkleid-fur-damen-631700	Apparel & Accessories > Clothing	Apparel & Accessories > Clothing > Dresses
armelloses-midikleid-aus-viskose-617900	Apparel & Accessories > Clothing	Apparel & Accessories > Clothing > Dresses
vintage-stil-kapuzen-cardigan-fur-fruhling-her-605700	Apparel & Accessories > Clothing	Apparel & Accessories > Clothing > Shirts & Tops
half-zip-sweatshirt-mit-stehkragen-602300	Apparel & Accessories > Clothing	Apparel & Accessories > Clothing > Shirts & Tops
langarm-freizeitshirt-mit-half-zip-und-print-615600	Apparel & Accessories > Clothing	Apparel & Accessories > Clothing > Shirts & Tops
lassiges-langarm-sweatshirt-mit-rundhals-600000	Apparel & Accessories > Clothing	Apparel & Accessories > Clothing > Shirts & Tops
herren-strick-kapuzenjacke-mit-stickerei-und-p-637600	Apparel & Accessories > Clothing	Apparel & Accessories > Clothing > Outerwear > Coats & Jackets
lassiges-color-block-sweatshirt-mit-leopardenp-621300	Apparel & Accessories > Clothing	Apparel & Accessories > Clothing > Shirts & Tops
warmer-3d-hoodie-mit-doppelkappe-fur-katzenlie-609000	Apparel & Accessories > Clothing	Apparel & Accessories > Clothing > Shirts & Tops
casual-oversized-top-mit-3d-effekt-617200	Apparel & Accessories > Clothing	Apparel & Accessories > Clothing > Shirts & Tops
gestreiftes-kapuzen-sweatshirt-612000	Apparel & Accessories > Clothing	Apparel & Accessories > Clothing > Shirts & Tops
sportliches-langarm-top-mit-farbblocken-628900	Apparel & Accessories > Clothing	Apparel & Accessories > Clothing > Shirts & Tops
blumenprint-langarmshirt-fur-damen-632200	Apparel & Accessories > Clothing	Apparel & Accessories > Clothing > Shirts & Tops
kapuzen-sweatshirt-mit-nieten-design-155841	Apparel & Accessories > Clothing	Apparel & Accessories > Clothing > Shirts & Tops
kapuzen-sweatshirt-mit-lochmuster-063810	Apparel & Accessories > Clothing	Apparel & Accessories > Clothing > Shirts & Tops
damen-sweatshirt-mit-3d-druck-609600	Apparel & Accessories > Clothing	Apparel & Accessories > Clothing > Shirts & Tops
3d-print-v-ausschnitt-sweatshirt-fur-damen-635700	Apparel & Accessories > Clothing	Apparel & Accessories > Clothing > Shirts & Tops
retro-sweatshirt-mit-print-609800	Apparel & Accessories > Clothing	Apparel & Accessories > Clothing > Shirts & Tops
langarm-sweatshirt-mit-sternenmuster-600600	Apparel & Accessories > Clothing	Apparel & Accessories > Clothing > Shirts & Tops
designer-crewneck-sweatshirt-fur-damen-624700	Apparel & Accessories > Clothing	Apparel & Accessories > Clothing > Shirts & Tops
harajuku-illustration-print-damen-sweatshirt-635500	Apparel & Accessories > Clothing	Apparel & Accessories > Clothing > Shirts & Tops
langarmshirt-mit-schneemann-design-603300	Apparel & Accessories > Clothing	Apparel & Accessories > Clothing > Shirts & Tops
retro-patchwork-floral-sweatshirt-621000	Apparel & Accessories > Clothing	Apparel & Accessories > Clothing > Shirts & Tops
damen-bedrucktes-freizeit-sweatshirt-613700	Apparel & Accessories > Clothing	Apparel & Accessories > Clothing > Shirts & Tops
warme-kapuzen-strickjacke-mit-reissverschluss-612400	Apparel & Accessories > Clothing	Apparel & Accessories > Clothing > Shirts & Tops
freizeitjacke-fur-business-und-pendeln-616400	Apparel & Accessories > Clothing	Apparel & Accessories > Clothing > Outerwear > Coats & Jackets
retro-work-shirt-mit-brusttasche-610100	Apparel & Accessories > Clothing	Apparel & Accessories > Clothing > Shirts & Tops
kapuzen-sweatshirt-mit-blumenmuster-602000	Apparel & Accessories > Clothing	Apparel & Accessories > Clothing > Shirts & Tops
bedrucktes-langarm-sweatshirt-mit-rundhals-606200	Apparel & Accessories > Clothing	Apparel & Accessories > Clothing > Shirts & Tops
retro-kapuzen-sweatshirt-mit-doppelreissversch-616300	Apparel & Accessories > Clothing	Apparel & Accessories > Clothing > Shirts & Tops
loose-fit-langarm-top-mit-letter-print-633300	Apparel & Accessories > Clothing	Apparel & Accessories > Clothing > Shirts & Tops
beanie-jacke-mit-geometrischem-patchwork-muste-633000	Apparel & Accessories > Clothing	Apparel & Accessories > Clothing > Outerwear > Coats & Jackets
vielseitiger-strick-cardigan-mit-reissverschlu-636200	Apparel & Accessories > Clothing	Apparel & Accessories > Clothing > Shirts & Tops
kapuzen-sweatshirt-im-american-streetwear-stil-637100	Apparel & Accessories > Clothing	Apparel & Accessories > Clothing > Shirts & Tops
unifarbenes-kapuzen-sweatshirt-614400	Apparel & Accessories > Clothing	Apparel & Accessories > Clothing > Shirts & Tops
trendiges-halbarm-t-shirt-aus-baumwoll-mix-609800	Apparel & Accessories > Clothing	Apparel & Accessories > Clothing > Shirts & Tops
color-blocked-minimalistisches-top-fur-damen-617900	Apparel & Accessories > Clothing	Apparel & Accessories > Clothing > Shirts & Tops
retro-3d-digital-print-crew-neck-sweatshirt-634600	Apparel & Accessories > Clothing	Apparel & Accessories > Clothing > Shirts & Tops
denim-jacke-fur-herren-fruhling-herbst-627600	Apparel & Accessories > Clothing	Apparel & Accessories > Clothing > Outerwear > Coats & Jackets
business-freizeit-jacke-fur-herren-616200	Apparel & Accessories > Clothing	Apparel & Accessories > Clothing > Outerwear > Coats & Jackets
business-freizeitjacke-fur-herren-624000	Apparel & Accessories > Clothing	Apparel & Accessories > Clothing > Outerwear > Coats & Jackets
legere-pilotenjacke-fur-herren-612300	Apparel & Accessories > Clothing	Apparel & Accessories > Clothing > Outerwear > Coats & Jackets
herren-hoodie-leicht-und-unifarben-604100	Apparel & Accessories > Clothing	Apparel & Accessories > Clothing > Shirts & Tops
jeansjacke-mit-umlegekragen-635200	Apparel & Accessories > Clothing	Apparel & Accessories > Clothing > Outerwear > Coats & Jackets
cardigan-aus-wollmischung-mit-stehkragen-606600	Apparel & Accessories > Clothing	Apparel & Accessories > Clothing > Shirts & Tops
herren-wollmantel-loose-fit-636900	Apparel & Accessories > Clothing	Apparel & Accessories > Clothing > Outerwear > Coats & Jackets
herren-ubergangsjacke-im-casual-look-631300	Apparel & Accessories > Clothing	Apparel & Accessories > Clothing > Outerwear > Coats & Jackets
retro-anzugjacke-khaki-europaischer-stil-635400	Apparel & Accessories > Clothing	Apparel & Accessories > Clothing > Outerwear > Coats & Jackets
kurzarm-top-mit-knopfleiste-617400	Apparel & Accessories > Clothing	Apparel & Accessories > Clothing > Shirts & Tops
eleganter-trenchcoat-fur-herren-626300	Apparel & Accessories > Clothing	Apparel & Accessories > Clothing > Outerwear > Coats & Jackets
vintage-bikerjacke-aus-pu-leder-623100	Apparel & Accessories > Clothing	Apparel & Accessories > Clothing > Outerwear > Coats & Jackets
herren-jeansjacke-im-used-look-609500	Apparel & Accessories > Clothing	Apparel & Accessories > Clothing > Outerwear > Coats & Jackets
lassige-jacke-mit-reverskragen-601900	Apparel & Accessories > Clothing	Apparel & Accessories > Clothing > Outerwear > Coats & Jackets
herren-slim-fit-anzug-fur-business-und-freizei-610600	Apparel & Accessories > Clothing	Apparel & Accessories > Clothing > Suits
retro-windjacke-fur-herren-601500	Apparel & Accessories > Clothing	Apparel & Accessories > Clothing > Outerwear > Coats & Jackets
raw-edge-jeansjacke-im-old-money-stil-623900	Apparel & Accessories > Clothing	Apparel & Accessories > Clothing > Outerwear > Coats & Jackets
distressed-fransen-weste-fur-herren-615800	Apparel & Accessories > Clothing	Apparel & Accessories > Clothing > Outerwear > Vests
lederjacke-im-patchwork-stil-fur-herren-622400	Apparel & Accessories > Clothing	Apparel & Accessories > Clothing > Outerwear > Coats & Jackets
v-ausschnitt-weste-fur-herren-606400	Apparel & Accessories > Clothing	Apparel & Accessories > Clothing > Outerwear > Vests
kapuzen-strickpullover-fur-herren-608200	Apparel & Accessories > Clothing	Apparel & Accessories > Clothing > Shirts & Tops
retro-langarm-jacke-im-british-style-605200	Apparel & Accessories > Clothing	Apparel & Accessories > Clothing > Outerwear > Coats & Jackets
lassige-kapuzenjacke-fur-herren-602200	Apparel & Accessories > Clothing	Apparel & Accessories > Clothing > Outerwear > Coats & Jackets
herren-anzugjacke-slim-fit-winter-636400	Apparel & Accessories > Clothing	Apparel & Accessories > Clothing > Outerwear > Coats & Jackets
trendige-wildleder-jacke-mit-reverskragen-627500	Apparel & Accessories > Clothing	Apparel & Accessories > Clothing > Outerwear > Coats & Jackets
herren-mantel-im-retro-stil-mit-reverskragen-602800	Apparel & Accessories > Clothing	Apparel & Accessories > Clothing > Outerwear > Coats & Jackets
