kuhlende-sommerdecke-cool-feel-atmungsaktiv-waschbar	Home & Garden > Decor	Home & Garden > Linens & Bedding > Bedding > Blankets
atmungsaktive-decke-aus-reiner-baumwolle-617400	Home & Garden > Decor	Home & Garden > Linens & Bedding > Bedding > Blankets
ergonomisches-nackenkissen-aus-schaumstoff-591618	Home & Garden > Decor	Home & Garden > Linens & Bedding > Bedding > Pillows
nackenstutzkissen-mit-massageperlen-609000	Home & Garden > Decor	Home & Garden > Linens & Bedding > Bedding > Pillows
nackenkissen-fur-wimpern-und-brauenbehandlunge-605600	Home & Garden > Decor	Home & Garden > Linens & Bedding > Bedding > Pillows
dopamin-fragezeichen-nackenkissen-630800	Home & Garden > Decor	Home & Garden > Linens & Bedding > Bedding > Pillows
halbrundes-memory-foam-kissen-618700	Home & Garden > Decor	Home & Garden > Linens & Bedding > Bedding > Pillows
nackenkissen-zylindrisch-ergonomisch-630400	Home & Garden > Decor	Home & Garden > Linens & Bedding > Bedding > Pillows
duschvorhang-hortensien-schnittmuster-633400	Home & Garden > Decor	Home & Garden > Bathroom Accessories > Shower Curtains
waffel-duschvorhang-mit-schlaufen-einfarbig-624400	Home & Garden > Decor	Home & Garden > Bathroom Accessories > Shower Curtains
blumen-bettwasche-set-aus-baumwolle-4-teilig-608400	Home & Garden > Decor	Home & Garden > Linens & Bedding > Bedding > Duvet Covers
kuscheldecke-mit-tiermuster-634800	Home & Garden > Decor	Home & Garden > Linens & Bedding > Bedding > Blankets
sommerdecke-aus-soja-faser-624100	Home & Garden > Decor	Home & Garden > Linens & Bedding > Bedding > Blankets
stillkissen-2-in-1-605700	Home & Garden > Decor	Baby & Toddler > Nursing & Feeding > Nursing Pillows
stillkissen-mit-taillenstutze-619100	Home & Garden > Decor	Baby & Toddler > Nursing & Feeding > Nursing Pillows
memory-foam-kissen-mit-heizfunktion-622800	Home & Garden > Decor	Home & Garden > Linens & Bedding > Bedding > Pillows
zylindrisches-seitenschlafkissen-630700	Home & Garden > Decor	Home & Garden > Linens & Bedding > Bedding > Pillows
farbenfrohes-bettwasche-set-222145	Home & Garden > Decor	Home & Garden > Linens & Bedding > Bedding > Duvet Covers
kuscheldecke-613200	Home & Garden > Decor	Home & Garden > Linens & Bedding > Bedding > Blankets
druckfreier-memoryschaum-kissen-615900	Home & Garden > Decor	Home & Garden > Linens & Bedding > Bedding > Pillows
2er-set-weiches-nackenkissen-fur-schlaf-588097	Home & Garden > Decor	Home & Garden > Linens & Bedding > Bedding > Pillows
sommerdecke-mit-kuhlung-618000	Home & Garden > Decor	Home & Garden > Linens & Bedding > Bedding > Blankets
sommer-duvet-mit-tencel-und-stickerei-621100	Home & Garden > Decor	Home & Garden > Linens & Bedding > Bedding > Duvet Covers
bettbezug-paar-aus-tencel-der-klasse-a-632900	Home & Garden > Decor	Home & Garden > Linens & Bedding > Bedding > Duvet Covers
kuhl-kopfkissen-d5819e	Home & Garden > Decor	Home & Garden > Linens & Bedding > Bedding > Pillows
atmungsaktives-memory-foam-kissen-609400	Home & Garden > Decor	Home & Garden > Linens & Bedding > Bedding > Pillows
twilight-garten-decke-615936	Home & Garden > Decor	Home & Garden > Linens & Bedding > Bedding > Blankets
cashmere-decke-grun-096704	Home & Garden > Decor	Home & Garden > Linens & Bedding > Bedding > Blankets
stillkissen-fur-den-arm-aus-baumwolle-089280	Home & Garden > Decor	Baby & Toddler > Nursing & Feeding > Nursing Pillows
independent-station-brief-kuscheldecke-552000	Home & Garden > Decor	Home & Garden > Linens & Bedding > Bedding > Blankets
seitenschlaferkissen-mit-abnehmbarem-taillenki-346432	Home & Garden > Decor	Home & Garden > Linens & Bedding > Bedding > Pillows
baby-kopfkissen-mit-memory-schaum-577472	Home & Garden > Decor	Home & Garden > Linens & Bedding > Bedding > Pillows
seiden-nackenkissen-in-u-form-499648	Home & Garden > Decor	Home & Garden > Linens & Bedding > Bedding > Pillows
tragbares-nackenkissen-fur-erholsamen-schlaf-833280	Home & Garden > Decor	Home & Garden > Linens & Bedding > Bedding > Pillows
samt-jacquard-decke-aus-polyesterfaser-230848	Home & Garden > Decor	Home & Garden > Linens & Bedding > Bedding > Blankets
magic-velvet-thermo-decke-789376	Home & Garden > Decor	Home & Garden > Linens & Bedding > Bedding > Blankets
wasserdichtes-babybettbezug-199104	Home & Garden > Decor	Home & Garden > Linens & Bedding > Bedding > Duvet Covers
stillkissen-fur-neugeborene-schwangere-320448	Home & Garden > Decor	Baby & Toddler > Nursing & Feeding > Nursing Pillows
u-formiges-schwangerschaftskissen-679488	Home & Garden > Decor	Baby & Toddler > Nursing & Feeding > Nursing Pillows
u-formiges-nackenkissen-aus-memory-foam-623616	Home & Garden > Decor	Home & Garden > Linens & Bedding > Bedding > Pillows
anpassbares-memory-schaum-kissen-in-wellenform-930624	Home & Garden > Decor	Home & Garden > Linens & Bedding > Bedding > Pillows
natur-latex-nackenkissen-fur-erwachsene-412096	Home & Garden > Decor	Home & Garden > Linens & Bedding > Bedding > Pillows
baby-kopfkissen-fur-schone-kopfform-069952	Home & Garden > Decor	Home & Garden > Linens & Bedding > Bedding > Pillows
kinder-reisekissen-mit-decke-672192	Home & Garden > Decor	Home & Garden > Linens & Bedding > Bedding > Blankets
tencel-memory-foam-kissen-793536	Home & Garden > Decor	Home & Garden > Linens & Bedding > Bedding > Pillows
gansedaunen-kopfkissen-aus-baumwolle-335680	Home & Garden > Decor	Home & Garden > Linens & Bedding > Bedding > Pillows
kreatives-schwangerschaftskissen-044160	Home & Garden > Decor	Baby & Toddler > Nursing & Feeding > Nursing Pillows
ergonomisches-nackenkissen-fur-zuhause-278720	Home & Garden > Decor	Home & Garden > Linens & Bedding > Bedding > Pillows
baby-kopfkissen-latex-tencel-140928	Home & Garden > Decor	Home & Garden > Linens & Bedding > Bedding > Pillows
nackenkissen-aus-memory-schaum-898752	Home & Garden > Decor	Home & Garden > Linens & Bedding > Bedding > Pillows
memory-foam-nackenkissen-fur-kinder-610944	Home & Garden > Decor	Home & Garden > Linens & Bedding > Bedding > Pillows
baby-kopfkissen-slow-rebound-aus-baumwolle-706880	Home & Garden > Decor	Home & Garden > Linens & Bedding > Bedding > Pillows
nackenstutzkissen-aus-sojafaser-reine-baumwoll-532352	Home & Garden > Decor	Home & Garden > Linens & Bedding > Bedding > Pillows
donut-nackenkissen-fur-reisen-578048	Home & Garden > Decor	Home & Garden > Linens & Bedding > Bedding > Pillows
baby-kopfkissen-aus-memory-schaum-518016	Home & Garden > Decor	Home & Garden > Linens & Bedding > Bedding > Pillows
baby-kopfkissen-fur-korrekte-kopfform-987200	Home & Garden > Decor	Home & Garden > Linens & Bedding > Bedding > Pillows
fleece-kissen-und-decke-big-eyes-629500	Home & Garden > Decor	Home & Garden > Linens & Bedding > Bedding > Blankets
naturliches-thai-latex-nackenkissen-771968	Home & Garden > Decor	Home & Garden > Linens & Bedding > Bedding > Pillows
baby-kopfkissen-herzformig-mit-mulde-060736	Home & Garden > Decor	Home & Garden > Linens & Bedding > Bedding > Pillows
nackenstutzkissen-aus-memory-schaum-220096	Home & Garden > Decor	Home & Garden > Linens & Bedding > Bedding > Pillows
susses-kissen-mit-decke-dual-use-116864	Home & Garden > Decor	Home & Garden > Linens & Bedding > Bedding > Blankets
d3-nackenkissen-mit-memory-schaum-287936	Home & Garden > Decor	Home & Garden > Linens & Bedding > Bedding > Pillows
u-formiges-schwangerschaftskissen-aus-baumwoll-784064	Home & Garden > Decor	Baby & Toddler > Nursing & Feeding > Nursing Pillows
satin-bettwasche-aus-extra-breiter-baumwolle-625200	Home & Garden > Decor	Home & Garden > Linens & Bedding > Bedding > Duvet Covers
retro-blumen-bettwasche-set-aus-baumwolle-624500	Home & Garden > Decor	Home & Garden > Linens & Bedding > Bedding > Duvet Covers
einfarbiges-baumwoll-bettwasche-set-615300	Home & Garden > Decor	Home & Garden > Linens & Bedding > Bedding > Duvet Covers
kristall-samt-kissen-und-decke-381504	Home & Garden > Decor	Home & Garden > Linens & Bedding > Bedding > Blankets
tutu-samt-bettwasche-4-teilig-878528	Home & Garden > Decor	Home & Garden > Linens & Bedding > Bedding > Duvet Covers
longeared-hase-bettwasche-set-307136	Home & Garden > Decor	Home & Garden > Linens & Bedding > Bedding > Duvet Covers
baumwollsatin-prinzessinnen-bettwasche-set-059008	Home & Garden > Decor	Home & Garden > Linens & Bedding > Bedding > Duvet Covers
nackenstutzkissen-mit-memory-schaum-und-heizfu-755776	Home & Garden > Decor	Home & Garden > Linens & Bedding > Bedding > Pillows
ganzkopfkissen-fur-nackenstutze-und-schlafhilf-272640	Home & Garden > Decor	Home & Garden > Linens & Bedding > Bedding > Pillows
beauty-schlafkissen-mit-latex-massagepartikeln-705024	Home & Garden > Decor	Home & Garden > Linens & Bedding > Bedding > Pillows
nackenstutzkissen-fur-erholsamen-schlaf-259968	Home & Garden > Decor	Home & Garden > Linens & Bedding > Bedding > Pillows
kuscheldecke-mit-digitaldruck-605600	Home & Garden > Decor	Home & Garden > Linens & Bedding > Bedding > Blankets
einfaches-4-teiliges-bettwasche-set-4-stuck-743360	Home & Garden > Decor	Home & Garden > Linens & Bedding > Bedding > Duvet Covers
u-formiges-schwangerschaftskissen-fur-rucken-u-470592	Home & Garden > Decor	Baby & Toddler > Nursing & Feeding > Nursing Pillows
rundes-memory-schaum-kopfkissen-666368	Home & Garden > Decor	Home & Garden > Linens & Bedding > Bedding > Pillows
microbead-nackenkissen-rolle-753600	Home & Garden > Decor	Home & Garden > Linens & Bedding > Bedding > Pillows
husky-nap-pillow-kuscheldecke-840512	Home & Garden > Decor	Home & Garden > Linens & Bedding > Bedding > Blankets
nackenkissen-mit-baumwolle-und-naturfullung-b972dd	Home & Garden > Decor	Home & Garden > Linens & Bedding > Bedding > Pillows
3-teiliges-samt-bettwasche-set-fur-den-winter-15bcb2	Home & Garden > Decor	Home & Garden > Linens & Bedding > Bedding > Duvet Covers
memory-foam-kissen-mit-samtbezug-56520b	Home & Garden > Decor	Home & Garden > Linens & Bedding > Bedding > Pillows
nackenkissen-mit-schaumstoffpartikeln-062cb9	Home & Garden > Decor	Home & Garden > Linens & Bedding > Bedding > Pillows
nackenstutzkissen-mit-memory-schaum-3f1f22	Home & Garden > Decor	Home & Garden > Linens & Bedding > Bedding > Pillows
nackenkissen-zur-traktion-4b6ab6	Home & Garden > Decor	Home & Garden > Linens & Bedding > Bedding > Pillows
orthopadisches-latex-kopfkissen-b79d89	Home & Garden > Decor	Home & Garden > Linens & Bedding > Bedding > Pillows
fuchs-nackenkissen-414c98	Home & Garden > Decor	Home & Garden > Linens & Bedding > Bedding > Pillows
baby-kopfkissen-5b34f3	Home & Garden > Decor	Home & Garden > Linens & Bedding > Bedding > Pillows
naturlatex-nackenkissen-f55581	Home & Garden > Decor	Home & Garden > Linens & Bedding > Bedding > Pillows
schmetterlings-kopfkissen-aus-memory-schaum-d295fc	Home & Garden > Decor	Home & Garden > Linens & Bedding > Bedding > Pillows
schwangerschaftskissen-u-form-0be3f4	Home & Garden > Decor	Baby & Toddler > Nursing & Feeding > Nursing Pillows
baby-kopfkissen-gegen-plattkopf-bar-6f0767	Home & Garden > Decor	Home & Garden > Linens & Bedding > Bedding > Pillows
u-formiges-nackenkissen-mit-massagefunktion-7f49c5	Home & Garden > Decor	Home & Garden > Linens & Bedding > Bedding > Pillows
memory-nackenkissen-schmetterlingsform-2690ad	Home & Garden > Decor	Home & Garden > Linens & Bedding > Bedding > Pillows
kopfkissen-fur-nackenstutze-hotellerie-qualita-7a4319	Home & Garden > Decor	Home & Garden > Linens & Bedding > Bedding > Pillows
nackenkissen-mit-kopfstutze-blau-0baef3	Home & Garden > Decor	Home & Garden > Linens & Bedding > Bedding > Pillows
latex-nackenkissen-mit-konturform-c2df3c	Home & Garden > Decor	Home & Garden > Linens & Bedding > Bedding > Pillows
nackenstutzkissen-fur-besseren-schlaf-610000	Home & Garden > Decor	Home & Garden > Linens & Bedding > Bedding > Pillows
kopfkissen-fur-kinder-und-studenten-aus-baumwo-624000	Home & Garden > Decor	Home & Garden > Linens & Bedding > Bedding > Pillows
memory-foam-kissen-fur-kinder-614400	Home & Garden > Decor	Home & Garden > Linens & Bedding > Bedding > Pillows
duschvorhang-mit-digitaldruck-187264	Home & Garden > Decor	Home & Garden > Bathroom Accessories > Shower Curtains
nackenkissen-fur-besseren-schlaf-629200	Home & Garden > Decor	Home & Garden > Linens & Bedding > Bedding > Pillows
kopfkissen-fur-nackenstutze-und-schlafkomfort-633700	Home & Garden > Decor	Home & Garden > Linens & Bedding > Bedding > Pillows
doppel-4d-memory-schaum-kissen-601900	Home & Garden > Decor	Home & Garden > Linens & Bedding > Bedding > Pillows
nackenkissen-memory-cloud-600300	Home & Garden > Decor	Home & Garden > Linens & Bedding > Bedding > Pillows
schwangerschaftskissen-fur-seitenlage-613100	Home & Garden > Decor	Baby & Toddler > Nursing & Feeding > Nursing Pillows
memory-foam-kissen-mit-nackenstutze-617200	Home & Garden > Decor	Home & Garden > Linens & Bedding > Bedding > Pillows
memory-schaum-kissen-fur-eine-person-619500	Home & Garden > Decor	Home & Garden > Linens & Bedding > Bedding > Pillows
memory-foam-nackenkissen-schmetterlingsform-619900	Home & Garden > Decor	Home & Garden > Linens & Bedding > Bedding > Pillows
ergonomisches-nackenstutzkissen-mit-eisseidenb-604800	Home & Garden > Decor	Home & Garden > Linens & Bedding > Bedding > Pillows
schmetterlingsformiges-memory-schaum-kissen-636200	Home & Garden > Decor	Home & Garden > Linens & Bedding > Bedding > Pillows
nackenkissen-mit-massagefunktion-627200	Home & Garden > Decor	Home & Garden > Linens & Bedding > Bedding > Pillows
duschvorhang-mit-geometrischem-muster-015040	Home & Garden > Decor	Home & Garden > Bathroom Accessories > Shower Curtains
duschvorhang-mit-magnetverschluss-634688	Home & Garden > Decor	Home & Garden > Bathroom Accessories > Shower Curtains
memory-foam-nackenkissen-60x40x13-cm-624000	Home & Garden > Decor	Home & Garden > Linens & Bedding > Bedding > Pillows
memory-schaum-kissen-619100	Home & Garden > Decor	Home & Garden > Linens & Bedding > Bedding > Pillows
zylindrisches-nackenkissen-aus-memory-schaum-632900	Home & Garden > Decor	Home & Garden > Linens & Bedding > Bedding > Pillows
duschvorhang-mit-blumenmuster-929600	Home & Garden > Decor	Home & Garden > Bathroom Accessories > Shower Curtains
kuhlendes-memory-schaum-kissen-604500	Home & Garden > Decor	Home & Garden > Linens & Bedding > Bedding > Pillows
nackenstutzkissen-schmetterlingsform-605500	Home & Garden > Decor	Home & Garden > Linens & Bedding > Bedding > Pillows
duschvorhang-aus-polyester-mit-landschaftsmust-879744	Home & Garden > Decor	Home & Garden > Bathroom Accessories > Shower Curtains
schmetterling-duschvorhang-aus-stoff-688832	Home & Garden > Decor	Home & Garden > Bathroom Accessories > Shower Curtains
duschvorhang-mit-3d-meeresblick-741888	Home & Garden > Decor	Home & Garden > Bathroom Accessories > Shower Curtains
duschvorhang-mit-bauernhof-kuh-motiv-437824	Home & Garden > Decor	Home & Garden > Bathroom Accessories > Shower Curtains
nackenkissen-mit-kapuze-und-memory-schaum-612400	Home & Garden > Decor	Home & Garden > Linens & Bedding > Bedding > Pillows
aufblasbares-nackenkissen-fur-reisen-612500	Home & Garden > Decor	Home & Garden > Linens & Bedding > Bedding > Pillows
memory-foam-nackenkissen-u-form-tragbar-637300	Home & Garden > Decor	Home & Garden > Linens & Bedding > Bedding > Pillows
atmungsaktives-nackenkissen-613600	Home & Garden > Decor	Home & Garden > Linens & Bedding > Bedding > Pillows
nackenkissen-mit-ladefunktion-633000	Home & Garden > Decor	Home & Garden > Linens & Bedding > Bedding > Pillows
memory-foam-kissen-fur-schlafzimmer-604700	Home & Garden > Decor	Home & Garden > Linens & Bedding > Bedding > Pillows
nackenstutzendes-memory-schaum-kissen-636700	Home & Garden > Decor	Home & Garden > Linens & Bedding > Bedding > Pillows
nackenkissen-aus-memory-schaumstoff-605300	Home & Garden > Decor	Home & Garden > Linens & Bedding > Bedding > Pillows
memory-schaum-kissen-fur-nackenstutze-639500	Home & Garden > Decor	Home & Garden > Linens & Bedding > Bedding > Pillows
memory-schlafkissen-60-40-12-cm-619100	Home & Garden > Decor	Home & Garden > Linens & Bedding > Bedding > Pillows
mehrzweck-schlafkissen-fur-bauchschlafer-616700	Home & Garden > Decor	Home & Garden > Linens & Bedding > Bedding > Pillows
waschbares-nackenkissen-fur-zu-hause-632800	Home & Garden > Decor	Home & Garden > Linens & Bedding > Bedding > Pillows
memory-schaum-kissen-mit-langsamer-ruckfederun-631100	Home & Garden > Decor	Home & Garden > Linens & Bedding > Bedding > Pillows
nackenkissen-mit-memory-schaum-622200	Home & Garden > Decor	Home & Garden > Linens & Bedding > Bedding > Pillows
memory-pilz-kissen-fur-nackenstutze-616400	Home & Garden > Decor	Home & Garden > Linens & Bedding > Bedding > Pillows
schonheits-nacken-pflege-memory-kopfkissen-631300	Home & Garden > Decor	Home & Garden > Linens & Bedding > Bedding > Pillows
schlafkissen-fur-beine-609400	Home & Garden > Decor	Home & Garden > Linens & Bedding > Bedding > Pillows
schlaf-nackenkissen-mit-moxibustion-626500	Home & Garden > Decor	Home & Garden > Linens & Bedding > Bedding > Pillows
memory-foam-kissen-609700	Home & Garden > Decor	Home & Garden > Linens & Bedding > Bedding > Pillows
reise-kopfkissen-mit-memory-schaum-606200	Home & Garden > Decor	Home & Garden > Linens & Bedding > Bedding > Pillows
regenbogen-decke-fur-baby-625400	Home & Garden > Decor	Home & Garden > Linens & Bedding > Bedding > Blankets
dickes-ubergrosses-badetuch-aus-baumwolle-620400	Home & Garden > Decor	Home & Garden > Linens & Bedding > Towels > Bath Towels & Washcloths
badehandtuch-fur-zuhause-634000	Home & Garden > Decor	Home & Garden > Linens & Bedding > Towels > Bath Towels & Washcloths
schnell-trocknendes-badetuch-631600	Home & Garden > Decor	Home & Garden > Linens & Bedding > Towels > Bath Towels & Washcloths
baby-badetuch-aus-reiner-baumwolle-634200	Home & Garden > Decor	Home & Garden > Linens & Bedding > Towels > Bath Towels & Washcloths
dickes-korallen-fleece-badetuch-604100	Home & Garden > Decor	Home & Garden > Linens & Bedding > Towels > Bath Towels & Washcloths
kinder-badetuch-mit-cartoon-druck-633900	Home & Garden > Decor	Home & Garden > Linens & Bedding > Towels > Bath Towels & Washcloths
kopfkissen-fur-kinder-mit-memory-foam-626200	Home & Garden > Decor	Home & Garden > Linens & Bedding > Bedding > Pillows
memory-kopfkissen-fur-erholsamen-schlaf-611900	Home & Garden > Decor	Home & Garden > Linens & Bedding > Bedding > Pillows
garnfarbenes-baumwoll-bettwasche-set-602800	Home & Garden > Decor	Home & Garden > Linens & Bedding > Bedding > Duvet Covers
weiches-saugstarkes-handtuch-630100	Home & Garden > Decor	Home & Garden > Linens & Bedding > Towels > Bath Towels & Washcloths
rotes-handtuchgeschenkset-621200	Home & Garden > Decor	Home & Garden > Linens & Bedding > Towels > Bath Towels & Washcloths
extra-dickes-xinjiang-badehandtuch-627600	Home & Garden > Decor	Home & Garden > Linens & Bedding > Towels > Bath Towels & Washcloths
drei-pack-reine-baumwollhandtucher-618600	Home & Garden > Decor	Home & Garden > Linens & Bedding > Towels > Bath Towels & Washcloths
vierlagiges-baumwoll-handtuch-mit-blumenmuster-612700	Home & Garden > Decor	Home & Garden > Linens & Bedding > Towels > Bath Towels & Washcloths
kotton-handtuch-set-619300	Home & Garden > Decor	Home & Garden > Linens & Bedding > Towels > Bath Towels & Washcloths
wasserdichte-winddichte-campingdecke-200x140-c-617900	Home & Garden > Decor	Home & Garden > Linens & Bedding > Bedding > Blankets
stoffbettwasche-mit-stickerei-hautfreundlich-s-601100	Home & Garden > Decor	Home & Garden > Linens & Bedding > Bedding > Duvet Covers
badetuch-set-mit-logodruck-603500	Home & Garden > Decor	Home & Garden > Linens & Bedding > Towels > Bath Towels & Washcloths
bunte-streifen-badetucher-aus-baumwolle-619300	Home & Garden > Decor	Home & Garden > Linens & Bedding > Towels > Bath Towels & Washcloths
tiefenschlaf-kopfkissen-630200	Home & Garden > Decor	Home & Garden > Linens & Bedding > Bedding > Pillows
europaischer-seidigweicher-4er-bettbezug-626500	Home & Garden > Decor	Home & Garden > Linens & Bedding > Bedding > Duvet Covers
kuhldecke-fur-den-sommer-608600	Home & Garden > Decor	Home & Garden > Linens & Bedding > Bedding > Blankets
weiches-baumwollhandtuch-set-615900	Home & Garden > Decor	Home & Garden > Linens & Bedding > Towels > Bath Towels & Washcloths
6er-set-badetucher-100-baumwolle-634300	Home & Garden > Decor	Home & Garden > Linens & Bedding > Towels > Bath Towels & Washcloths
babys-decke-aus-acryl-unisex-631400	Home & Garden > Decor	Home & Garden > Linens & Bedding > Bedding > Blankets
katzenmuster-bettwasche-601300	Home & Garden > Decor	Home & Garden > Linens & Bedding > Bedding > Duvet Covers
dickgewebte-vier-lagen-jacquard-decke-mit-fran-614800	Home & Garden > Decor	Home & Garden > Linens & Bedding > Bedding > Blankets
wurfdecke-mit-tiger-muster-600000	Home & Garden > Decor	Home & Garden > Linens & Bedding > Bedding > Blankets
kinder-badetuch-aus-baumwolle-632100	Home & Garden > Decor	Home & Garden > Linens & Bedding > Towels > Bath Towels & Washcloths
cotton-bettbezug-614900	Home & Garden > Decor	Home & Garden > Linens & Bedding > Bedding > Duvet Covers
duschvorhang-polyester-621800	Home & Garden > Decor	Home & Garden > Bathroom Accessories > Shower Curtains
kaleidoskop-bettwasche-605700	Home & Garden > Decor	Home & Garden > Linens & Bedding > Bedding > Duvet Covers
sommerdecke-aus-baumwolle-und-sojafasern-631800	Home & Garden > Decor	Home & Garden > Linens & Bedding > Bedding > Blankets
saugfahiges-baumwoll-gauze-badetuch-601400	Home & Garden > Decor	Home & Garden > Linens & Bedding > Towels > Bath Towels & Washcloths
decke-mit-armeln-und-grossen-taschen-607500	Home & Garden > Decor	Home & Garden > Linens & Bedding > Bedding > Blankets
retro-strickdecke-mit-tigermotiv-613800	Home & Garden > Decor	Home & Garden > Linens & Bedding > Bedding > Blankets
tencel-satin-bettwasche-set-4-teilig-604800	Home & Garden > Decor	Home & Garden > Linens & Bedding > Bedding > Duvet Covers
seiden-bettwasche-set-mit-muster-4-teilig-635000	Home & Garden > Decor	Home & Garden > Linens & Bedding > Bedding > Duvet Covers
kuschelige-coral-fleece-decke-614700	Home & Garden > Decor	Home & Garden > Linens & Bedding > Bedding > Blankets
faux-fur-decke-im-tie-dye-look-627100	Home & Garden > Decor	Home & Garden > Linens & Bedding > Bedding > Blankets
memory-foam-kissen-fur-beauty-nackenpflege-611500	Home & Garden > Decor	Home & Garden > Linens & Bedding > Bedding > Pillows
4-lagiger-baumwollbadetuch-612000	Home & Garden > Decor	Home & Garden > Linens & Bedding > Towels > Bath Towels & Washcloths
multifunktionales-nackenkissen-aus-memory-scha-608500	Home & Garden > Decor	Home & Garden > Linens & Bedding > Bedding > Pillows
buntstifte-decke-635000	Home & Garden > Decor	Home & Garden > Linens & Bedding > Bedding > Blankets
kinder-badetuch-aus-reiner-baumwolle-638900	Home & Garden > Decor	Home & Garden > Linens & Bedding > Towels > Bath Towels & Washcloths
sommer-kuhlsteppdecke-mit-frische-effekt-624500	Home & Garden > Decor	Home & Garden > Linens & Bedding > Bedding > Blankets
alpaka-print-flanell-decke-fur-zuhause-608200	Home & Garden > Decor	Home & Garden > Linens & Bedding > Bedding > Blankets
maillard-doppel-schicht-garn-bettwasche-set-635500	Home & Garden > Decor	Home & Garden > Linens & Bedding > Bedding > Duvet Covers
stillkissen-mit-lagerungskissen-608100	Home & Garden > Decor	Baby & Toddler > Nursing & Feeding > Nursing Pillows
baby-kopfkissen-gegen-plattkopf-607000	Home & Garden > Decor	Home & Garden > Linens & Bedding > Bedding > Pillows
baby-kopfkissen-fur-neugeborene-620300	Home & Garden > Decor	Home & Garden > Linens & Bedding > Bedding > Pillows
baby-kopfkissen-mit-hirsekissen-635000	Home & Garden > Decor	Home & Garden > Linens & Bedding > Bedding > Pillows
baby-stillkissen-mit-neigung-605000	Home & Garden > Decor	Baby & Toddler > Nursing & Feeding > Nursing Pillows
gestreifte-baumwoll-bettwasche-vorgewaschen-609300	Home & Garden > Decor	Home & Garden > Linens & Bedding > Bedding > Duvet Covers
kuhlende-baumwolldecke-fur-fruhling-sommer-610700	Home & Garden > Decor	Home & Garden > Linens & Bedding > Bedding > Blankets
bettwasche-set-fur-studenten-ganzjahres-baumwo-627800	Home & Garden > Decor	Home & Garden > Linens & Bedding > Bedding > Duvet Covers
gewaschenes-baumwoll-bettwascheset-einfarbig-638200	Home & Garden > Decor	Home & Garden > Linens & Bedding > Bedding > Duvet Covers
kopfkissen-fur-neugeborene-619800	Home & Garden > Decor	Home & Garden > Linens & Bedding > Bedding > Pillows
gestreiftes-baumwoll-bettwasche-set-617200	Home & Garden > Decor	Home & Garden > Linens & Bedding > Bedding > Duvet Covers
gel-lavendel-memory-foam-kissen-605500	Home & Garden > Decor	Home & Garden > Linens & Bedding > Bedding > Pillows
memory-foam-kissen-mit-federschaum-fullung-626400	Home & Garden > Decor	Home & Garden > Linens & Bedding > Bedding > Pillows
memory-foam-kissen-fur-erholsamen-schlaf-614400	Home & Garden > Decor	Home & Garden > Linens & Bedding > Bedding > Pillows
geruschtes-baumwoll-bettwasche-set-615400	Home & Garden > Decor	Home & Garden > Linens & Bedding > Bedding > Duvet Covers
aloe-baumwoll-bettbezug-624000	Home & Garden > Decor	Home & Garden > Linens & Bedding > Bedding > Duvet Covers
alpaka-strickdecke-fur-babys-614400	Home & Garden > Decor	Home & Garden > Linens & Bedding > Bedding > Blankets
nackenkissen-fur-bett-abnehm-waschbar-782464	Home & Garden > Decor	Home & Garden > Linens & Bedding > Bedding > Pillows
baumwoll-wabenhandtuch-furs-gesicht-502826	Home & Garden > Decor	Home & Garden > Linens & Bedding > Towels > Bath Towels & Washcloths
nackenkissen-wind-anti-ermudung-625900	Home & Garden > Decor	Home & Garden > Linens & Bedding > Bedding > Pillows
u-formiges-schwangerschafts-und-stillkissen-617200	Home & Garden > Decor	Baby & Toddler > Nursing & Feeding > Nursing Pillows
u-formiges-nackenkissen-aus-memory-schaum-607900	Home & Garden > Decor	Home & Garden > Linens & Bedding > Bedding > Pillows
barendecke-aus-musselin-fur-kinder-848832	Home & Garden > Decor	Home & Garden > Linens & Bedding > Bedding > Blankets
rundes-nackenkissen-aus-memory-foam-620500	Home & Garden > Decor	Home & Garden > Linens & Bedding > Bedding > Pillows
japanisches-nackenkissen-aus-sojafasern-606400	Home & Garden > Decor	Home & Garden > Linens & Bedding > Bedding > Pillows
memory-foam-nackenstutzkissen-616600	Home & Garden > Decor	Home & Garden > Linens & Bedding > Bedding > Pillows
digital-bedruckte-flanelldecke-415424	Home & Garden > Decor	Home & Garden > Linens & Bedding > Bedding > Blankets
retro-fleecedecke-doppelseitig-bedruckt-889920	Home & Garden > Decor	Home & Garden > Linens & Bedding > Bedding > Blankets
strickdecke-mit-quasten-510592	Home & Garden > Decor	Home & Garden > Linens & Bedding > Bedding > Blankets
gestrickte-decke-im-landhausstil-091840	Home & Garden > Decor	Home & Garden > Linens & Bedding > Bedding > Blankets
kuscheldecke-hasenfell-imitat-tie-dye-697984	Home & Garden > Decor	Home & Garden > Linens & Bedding > Bedding > Blankets
strickdecke-fur-buro-und-zuhause-145472	Home & Garden > Decor	Home & Garden > Linens & Bedding > Bedding > Blankets
wolldecke-mit-hahnentrittmuster-und-quasten-334336	Home & Garden > Decor	Home & Garden > Linens & Bedding > Bedding > Blankets
nordische-strickdecke-mit-quasten-002112	Home & Garden > Decor	Home & Garden > Linens & Bedding > Bedding > Blankets
stillkissenbezug-u-form-baby-stretch-087168	Home & Garden > Decor	Baby & Toddler > Nursing & Feeding > Nursing Pillows
anti-kick-decke-mit-armeln-558976	Home & Garden > Decor	Home & Garden > Linens & Bedding > Bedding > Blankets
nackenkissen-slow-rebound-memory-foam-612400	Home & Garden > Decor	Home & Garden > Linens & Bedding > Bedding > Pillows
farbenfrohe-hakeldecke-fur-sofa-oder-klimaanla-559680	Home & Garden > Decor	Home & Garden > Linens & Bedding > Bedding > Blankets
baumwoll-badetuch-mit-stickerei-geschenkbox-369920	Home & Garden > Decor	Home & Garden > Linens & Bedding > Towels > Bath Towels & Washcloths
kuscheldecke-mit-quasten-341952	Home & Garden > Decor	Home & Garden > Linens & Bedding > Bedding > Blankets
u-formiges-seitenschlaferkissen-mit-beinstutze-257472	Home & Garden > Decor	Home & Garden > Linens & Bedding > Bedding > Pillows
multifunktionales-c-formiges-schwangerschaftsk-846400	Home & Garden > Decor	Baby & Toddler > Nursing & Feeding > Nursing Pillows
bettwasche-set-golden-jacquard-4-teilig-048896	Home & Garden > Decor	Home & Garden > Linens & Bedding > Bedding > Duvet Covers
children-of-chaos-baumwolldecke-grim-reaper-348608	Home & Garden > Decor	Home & Garden > Linens & Bedding > Bedding > Blankets
retro-strickdecke-fur-sofa-459008	Home & Garden > Decor	Home & Garden > Linens & Bedding > Bedding > Blankets
dicke-kinderdecke-e82831	Home & Garden > Decor	Home & Garden > Linens & Bedding > Bedding > Blankets
schlafkissen-nackenschutz-601900	Home & Garden > Decor	Home & Garden > Linens & Bedding > Bedding > Pillows
nackenstutzkissen-mit-massagefunktion-621300	Home & Garden > Decor	Home & Garden > Linens & Bedding > Bedding > Pillows
nordisches-baumwoll-bettwasche-set-191dc6	Home & Garden > Decor	Home & Garden > Linens & Bedding > Bedding > Duvet Covers
multifunktionales-schwangerschaftskissen-325312	Home & Garden > Decor	Baby & Toddler > Nursing & Feeding > Nursing Pillows
kuscheldecke-mit-motiv-af545c	Home & Garden > Decor	Home & Garden > Linens & Bedding > Bedding > Blankets
silikon-nackenkissen-fur-shampoo-becken-469632	Home & Garden > Decor	Home & Garden > Linens & Bedding > Bedding > Pillows
baren-kopfkissen-aus-baumwolle-284800	Home & Garden > Decor	Home & Garden > Linens & Bedding > Bedding > Pillows
kuscheldecke-haschenohren-fur-babys-c85fc0	Home & Garden > Decor	Home & Garden > Linens & Bedding > Bedding > Blankets
warmes-korallen-fleece-schweinchen-decke-411be6	Home & Garden > Decor	Home & Garden > Linens & Bedding > Bedding > Blankets
kinder-kopfkissen-aus-naturlatex-und-baumwolle-9e92a9	Home & Garden > Decor	Home & Garden > Linens & Bedding > Bedding > Pillows
nackenkissen-fragezeichen-bequem-080064	Home & Garden > Decor	Home & Garden > Linens & Bedding > Bedding > Pillows
memory-foam-kissen-fur-nacken-und-bauchschlafe-734528	Home & Garden > Decor	Home & Garden > Linens & Bedding > Bedding > Pillows
aufblasbares-nackenkissen-zur-entlastung-658644	Home & Garden > Decor	Home & Garden > Linens & Bedding > Bedding > Pillows
led-fahrradtasche-mit-fernbedienung-428225	Sporting Goods > Exercise & Fitness	Sporting Goods > Outdoor Recreation > Cycling > Bicycle Accessories
velo-rucklicht-mit-langer-akkulaufzeit-607100	Sporting Goods > Exercise & Fitness	Sporting Goods > Outdoor Recreation > Cycling > Bicycle Accessories
velo-rucklicht-mit-bewegungssensor-622000	Sporting Goods > Exercise & Fitness	Sporting Goods > Outdoor Recreation > Cycling > Bicycle Accessories
usb-fahrradlicht-fur-nachtfahrten-615100	Sporting Goods > Exercise & Fitness	Sporting Goods > Outdoor Recreation > Cycling > Bicycle Accessories
kabelloses-fernbedienbares-velo-rucklicht-633400	Sporting Goods > Exercise & Fitness	Sporting Goods > Outdoor Recreation > Cycling > Bicycle Accessories
halter-sport-bh-fur-workout-yoga-478466	Sporting Goods > Exercise & Fitness	Apparel & Accessories > Clothing > Activewear
yoga-tanktop-mit-integriertem-bh-316418	Sporting Goods > Exercise & Fitness	Apparel & Accessories > Clothing > Activewear
kurzes-armelloses-yoga-top-fur-damen-101185	Sporting Goods > Exercise & Fitness	Apparel & Accessories > Clothing > Activewear
halterneck-yoga-top-kurzarm-fur-damen-617200	Sporting Goods > Exercise & Fitness	Apparel & Accessories > Clothing > Activewear
langarm-yoga-top-mit-kordelzug-618700	Sporting Goods > Exercise & Fitness	Apparel & Accessories > Clothing > Activewear
damen-slim-fit-outdoor-fitnessjacke-610300	Sporting Goods > Exercise & Fitness	Apparel & Accessories > Clothing > Activewear
yoga-top-mit-reissverschluss-langarm-602200	Sporting Goods > Exercise & Fitness	Apparel & Accessories > Clothing > Activewear
kurzes-yoga-sport-top-mit-rundhals-610300	Sporting Goods > Exercise & Fitness	Apparel & Accessories > Clothing > Activewear
yoga-sport-bh-mit-dunnen-tragern-882690	Sporting Goods > Exercise & Fitness	Apparel & Accessories > Clothing > Activewear
nahtloser-leopard-jumpsuit-fur-yoga-fitness-466946	Sporting Goods > Exercise & Fitness	Apparel & Accessories > Clothing > Activewear
sport-yoga-set-mit-shorts-und-bra-869889	Sporting Goods > Exercise & Fitness	Apparel & Accessories > Clothing > Activewear
langarm-shirt-mit-kordelzug-fur-yoga-sport-529474	Sporting Goods > Exercise & Fitness	Apparel & Accessories > Clothing > Activewear
sportlicher-yoga-jumpsuit-mit-ruckenfrei-desig-601500	Sporting Goods > Exercise & Fitness	Apparel & Accessories > Clothing > Activewear
sport-yoga-jumpsuit-88201-627800	Sporting Goods > Exercise & Fitness	Apparel & Accessories > Clothing > Activewear
yoga-jumpsuit-mit-reissverschluss-und-kurzem-a-604300	Sporting Goods > Exercise & Fitness	Apparel & Accessories > Clothing > Activewear
yoga-jumpsuit-mit-hohem-stretchanteil-605400	Sporting Goods > Exercise & Fitness	Apparel & Accessories > Clothing > Activewear
matte-sport-yoga-set-mit-shorts-und-bh-747905	Sporting Goods > Exercise & Fitness	Apparel & Accessories > Clothing > Activewear
color-block-weste-high-waist-yoga-hose-set-600200	Sporting Goods > Exercise & Fitness	Apparel & Accessories > Clothing > Activewear
nahtloses-yoga-set-mit-sport-bh-613600	Sporting Goods > Exercise & Fitness	Apparel & Accessories > Clothing > Activewear
high-waist-yoga-leggings-mit-shaping-effekt-600600	Sporting Goods > Exercise & Fitness	Apparel & Accessories > Clothing > Activewear
nahtlose-jacquard-yoga-leggings-fur-damen-617700	Sporting Goods > Exercise & Fitness	Apparel & Accessories > Clothing > Activewear
damen-anti-rutsch-leggings-fur-sport-fitness-629700	Sporting Goods > Exercise & Fitness	Apparel & Accessories > Clothing > Activewear
high-waist-yoga-leggings-mit-shaping-effekt-637200	Sporting Goods > Exercise & Fitness	Apparel & Accessories > Clothing > Activewear
high-waist-yoga-leggings-mit-shaping-effekt-616200	Sporting Goods > Exercise & Fitness	Apparel & Accessories > Clothing > Activewear
dunne-high-waist-yoga-leggings-mit-weitem-bein-614200	Sporting Goods > Exercise & Fitness	Apparel & Accessories > Clothing > Activewear
3d-digital-print-yoga-leggings-fur-damen-609900	Sporting Goods > Exercise & Fitness	Apparel & Accessories > Clothing > Activewear
retro-3d-digitalprint-yoga-leggings-fur-damen-619300	Sporting Goods > Exercise & Fitness	Apparel & Accessories > Clothing > Activewear
yoga-fitness-leggings-cropped-612500	Sporting Goods > Exercise & Fitness	Apparel & Accessories > Clothing > Activewear
high-waist-yoga-leggings-mit-shaping-effekt-609900	Sporting Goods > Exercise & Fitness	Apparel & Accessories > Clothing > Activewear
high-waist-yoga-leggings-609300	Sporting Goods > Exercise & Fitness	Apparel & Accessories > Clothing > Activewear
high-waist-yoga-shorts-fur-damen-118145	Sporting Goods > Exercise & Fitness	Apparel & Accessories > Clothing > Activewear
high-waist-yoga-shorts-mit-bauchkontrolle-442818	Sporting Goods > Exercise & Fitness	Apparel & Accessories > Clothing > Activewear
high-waist-yoga-shorts-peach-butt-257602	Sporting Goods > Exercise & Fitness	Apparel & Accessories > Clothing > Activewear
high-waist-yoga-shorts-nahtloses-tragegefuhl-464257	Sporting Goods > Exercise & Fitness	Apparel & Accessories > Clothing > Activewear
high-waist-capri-yoga-hose-mit-bauchkontrolle-600100	Sporting Goods > Exercise & Fitness	Apparel & Accessories > Clothing > Activewear
high-waist-yoga-shorts-mit-farbblock-603200	Sporting Goods > Exercise & Fitness	Apparel & Accessories > Clothing > Activewear
nahtlose-high-waist-tie-dye-yoga-shorts-627800	Sporting Goods > Exercise & Fitness	Apparel & Accessories > Clothing > Activewear
geruschte-yoga-und-fitness-shorts-fur-damen-123330	Sporting Goods > Exercise & Fitness	Apparel & Accessories > Clothing > Activewear
eng-anliegende-yoga-shorts-fur-damen-625200	Sporting Goods > Exercise & Fitness	Apparel & Accessories > Clothing > Activewear
loose-fit-yoga-fitness-shorts-fur-damen-613800	Sporting Goods > Exercise & Fitness	Apparel & Accessories > Clothing > Activewear
high-waist-yoga-leggings-capri-609500	Sporting Goods > Exercise & Fitness	Apparel & Accessories > Clothing > Activewear
high-waist-yoga-shorts-im-zweiteiler-look-637000	Sporting Goods > Exercise & Fitness	Apparel & Accessories > Clothing > Activewear
leopard-print-yoga-shorts-621700	Sporting Goods > Exercise & Fitness	Apparel & Accessories > Clothing > Activewear
nahtlose-high-waist-yoga-hose-fur-damen-625200	Sporting Goods > Exercise & Fitness	Apparel & Accessories > Clothing > Activewear
stylishe-yoga-shorts-fur-damen-600100	Sporting Goods > Exercise & Fitness	Apparel & Accessories > Clothing > Activewear
high-waist-yoga-shorts-mit-po-lifting-effekt-634800	Sporting Goods > Exercise & Fitness	Apparel & Accessories > Clothing > Activewear
high-waist-slim-fit-yoga-leggings-633300	Sporting Goods > Exercise & Fitness	Apparel & Accessories > Clothing > Activewear
nahtlose-high-waist-fitnesshose-fur-damen-626900	Sporting Goods > Exercise & Fitness	Apparel & Accessories > Clothing > Activewear
bootcut-yoga-hose-fur-damen-611800	Sporting Goods > Exercise & Fitness	Apparel & Accessories > Clothing > Activewear
nahtlose-high-waist-yoga-hose-601400	Sporting Goods > Exercise & Fitness	Apparel & Accessories > Clothing > Activewear
vier-jahreszeiten-yoga-hose-mit-print-980290	Sporting Goods > Exercise & Fitness	Apparel & Accessories > Clothing > Activewear
vier-jahreszeiten-yoga-hose-mit-print-798849	Sporting Goods > Exercise & Fitness	Apparel & Accessories > Clothing > Activewear
vier-jahreszeiten-yoga-hose-mit-print-871553	Sporting Goods > Exercise & Fitness	Apparel & Accessories > Clothing > Activewear
vier-jahreszeiten-yoga-hose-mit-print-969538	Sporting Goods > Exercise & Fitness	Apparel & Accessories > Clothing > Activewear
vier-jahreszeiten-yoga-hose-mit-print-278722	Sporting Goods > Exercise & Fitness	Apparel & Accessories > Clothing > Activewear
figurbetonte-yoga-hose-fur-damen-617600	Sporting Goods > Exercise & Fitness	Apparel & Accessories > Clothing > Activewear
atmungsaktive-yoga-hose-mit-weitem-bein-613200	Sporting Goods > Exercise & Fitness	Apparel & Accessories > Clothing > Activewear
nahtlose-yoga-jacke-mit-reissverschluss-624400	Sporting Goods > Exercise & Fitness	Apparel & Accessories > Clothing > Activewear
halter-top-yoga-tank-mit-polsterung-633400	Sporting Goods > Exercise & Fitness	Apparel & Accessories > Clothing > Activewear
nahtloses-feuchtigkeitsableitendes-yoga-top-600800	Sporting Goods > Exercise & Fitness	Apparel & Accessories > Clothing > Activewear
velohelm-fur-kinder-und-erwachsene-613400	Sporting Goods > Exercise & Fitness	Sporting Goods > Outdoor Recreation > Cycling > Cycling Apparel & Accessories > Bicycle Helmets
velohelm-mit-app-gesteuertem-led-display-633200	Sporting Goods > Exercise & Fitness	Sporting Goods > Outdoor Recreation > Cycling > Cycling Apparel & Accessories > Bicycle Helmets
velohelm-fur-kinder-cartoon-design-619300	Sporting Goods > Exercise & Fitness	Sporting Goods > Outdoor Recreation > Cycling > Cycling Apparel & Accessories > Bicycle Helmets
aero-bike-helm-unisex-636700	Sporting Goods > Exercise & Fitness	Sporting Goods > Outdoor Recreation > Cycling > Cycling Apparel & Accessories > Bicycle Helmets
velohelm-mit-schild-und-5-modi-licht-606200	Sporting Goods > Exercise & Fitness	Sporting Goods > Outdoor Recreation > Cycling > Cycling Apparel & Accessories > Bicycle Helmets
retro-velohelm-fur-city-outdoor-602600	Sporting Goods > Exercise & Fitness	Sporting Goods > Outdoor Recreation > Cycling > Cycling Apparel & Accessories > Bicycle Helmets
smarter-velohelm-mit-dual-control-616800	Sporting Goods > Exercise & Fitness	Sporting Goods > Outdoor Recreation > Cycling > Cycling Apparel & Accessories > Bicycle Helmets
velohelm-mit-integriertem-warnlicht-607000	Sporting Goods > Exercise & Fitness	Sporting Goods > Outdoor Recreation > Cycling > Cycling Apparel & Accessories > Bicycle Helmets
velohelm-mit-warnlicht-und-bluetooth-audio-628300	Sporting Goods > Exercise & Fitness	Sporting Goods > Outdoor Recreation > Cycling > Cycling Apparel & Accessories > Bicycle Helmets
led-velohelm-fur-damen-und-herren-613300	Sporting Goods > Exercise & Fitness	Sporting Goods > Outdoor Recreation > Cycling > Cycling Apparel & Accessories > Bicycle Helmets
velohelm-mit-uv-schutz-und-sonnenblende-685954	Sporting Goods > Exercise & Fitness	Sporting Goods > Outdoor Recreation > Cycling > Cycling Apparel & Accessories > Bicycle Helmets
kinder-velohelm-fur-skate-roller-622000	Sporting Goods > Exercise & Fitness	Sporting Goods > Outdoor Recreation > Cycling > Cycling Apparel & Accessories > Bicycle Helmets
vielseitiger-outdoor-fahrradhelm-verstellbar-618300	Sporting Goods > Exercise & Fitness	Sporting Goods > Outdoor Recreation > Cycling > Cycling Apparel & Accessories > Bicycle Helmets
vielseitiger-outdoor-fahrradhelm-615200	Sporting Goods > Exercise & Fitness	Sporting Goods > Outdoor Recreation > Cycling > Cycling Apparel & Accessories > Bicycle Helmets
kinder-velohelm-mit-cartoon-motiven-612800	Sporting Goods > Exercise & Fitness	Sporting Goods > Outdoor Recreation > Cycling > Cycling Apparel & Accessories > Bicycle Helmets
reithelm-fur-outdoor-reitsport-626600	Sporting Goods > Exercise & Fitness	Sporting Goods > Outdoor Recreation > Equestrian > Riding Apparel & Accessories > Equestrian Helmets
reithelm-fur-erwachsene-und-kinder-622300	Sporting Goods > Exercise & Fitness	Sporting Goods > Outdoor Recreation > Equestrian > Riding Apparel & Accessories > Equestrian Helmets
velohelm-fur-city-freizeit-und-sport-616600	Sporting Goods > Exercise & Fitness	Sporting Goods > Outdoor Recreation > Cycling > Cycling Apparel & Accessories > Bicycle Helmets
reithelm-verstellbar-618300	Sporting Goods > Exercise & Fitness	Sporting Goods > Outdoor Recreation > Equestrian > Riding Apparel & Accessories > Equestrian Helmets
velohelm-fur-e-bikes-vier-jahreszeiten-613300	Sporting Goods > Exercise & Fitness	Sporting Goods > Outdoor Recreation > Cycling > Cycling Apparel & Accessories > Bicycle Helmets
velohelm-mit-integriertem-licht-624700	Sporting Goods > Exercise & Fitness	Sporting Goods > Outdoor Recreation > Cycling > Cycling Apparel & Accessories > Bicycle Helmets
velohelm-mit-insektenschutz-860672	Sporting Goods > Exercise & Fitness	Sporting Goods > Outdoor Recreation > Cycling > Cycling Apparel & Accessories > Bicycle Helmets
velo-frontlicht-aus-aluminiumlegierung-620100	Sporting Goods > Exercise & Fitness	Sporting Goods > Outdoor Recreation > Cycling > Bicycle Accessories
velo-rucklicht-fur-mehr-sicherheit-605200	Sporting Goods > Exercise & Fitness	Sporting Goods > Outdoor Recreation > Cycling > Bicycle Accessories
velo-rucklicht-mit-bremslichtfunktion-602800	Sporting Goods > Exercise & Fitness	Sporting Goods > Outdoor Recreation > Cycling > Bicycle Accessories
solar-velo-licht-mit-hupe-625800	Sporting Goods > Exercise & Fitness	Sporting Goods > Outdoor Recreation > Cycling > Bicycle Accessories
devil-eye-fahrrad-rucklicht-mit-app-steuerung-611200	Sporting Goods > Exercise & Fitness	Sporting Goods > Outdoor Recreation > Cycling > Bicycle Accessories
intelligentes-selbstladendes-velo-rucklicht-604600	Sporting Goods > Exercise & Fitness	Sporting Goods > Outdoor Recreation > Cycling > Bicycle Accessories
velo-frontlicht-mit-3400-lumen-609900	Sporting Goods > Exercise & Fitness	Sporting Goods > Outdoor Recreation > Cycling > Bicycle Accessories
usb-velo-rucklicht-mit-blinker-620000	Sporting Goods > Exercise & Fitness	Sporting Goods > Outdoor Recreation > Cycling > Bicycle Accessories
usb-fahrradlicht-mit-bunten-leds-605500	Sporting Goods > Exercise & Fitness	Sporting Goods > Outdoor Recreation > Cycling > Bicycle Accessories
led-fahrradlicht-mit-usb-ladefunktion-604000	Sporting Goods > Exercise & Fitness	Sporting Goods > Outdoor Recreation > Cycling > Bicycle Accessories
intelligentes-velo-rucklicht-mit-bremslichtfun-614900	Sporting Goods > Exercise & Fitness	Sporting Goods > Outdoor Recreation > Cycling > Bicycle Accessories
usb-fahrradblinker-mit-hupe-611800	Sporting Goods > Exercise & Fitness	Sporting Goods > Outdoor Recreation > Cycling > Bicycle Accessories
meroca-intelligentes-velo-rucklicht-mit-brems-626200	Sporting Goods > Exercise & Fitness	Sporting Goods > Outdoor Recreation > Cycling > Bicycle Accessories
ruckstrahlendes-diebstahlschutz-rucklicht-fur-182784	Sporting Goods > Exercise & Fitness	Sporting Goods > Outdoor Recreation > Cycling > Bicycle Accessories
kabelloses-velo-rucklicht-mit-blinker-272960	Sporting Goods > Exercise & Fitness	Sporting Goods > Outdoor Recreation > Cycling > Bicycle Accessories
velo-scheinwerfer-mit-welleninduktion-783936	Sporting Goods > Exercise & Fitness	Sporting Goods > Outdoor Recreation > Cycling > Bicycle Accessories
smart-millimeter-wave-fahrrad-rucklicht-766208	Sporting Goods > Exercise & Fitness	Sporting Goods > Outdoor Recreation > Cycling > Bicycle Accessories
velo-rucklicht-mit-fernbedienung-blinker-173568	Sporting Goods > Exercise & Fitness	Sporting Goods > Outdoor Recreation > Cycling > Bicycle Accessories
l2-velo-frontlicht-usb-c-aufladbar-336896	Sporting Goods > Exercise & Fitness	Sporting Goods > Outdoor Recreation > Cycling > Bicycle Accessories
velo-frontlicht-2000lm-xpt-6-led-aluminium-985472	Sporting Goods > Exercise & Fitness	Sporting Goods > Outdoor Recreation > Cycling > Bicycle Accessories
velo-scheinwerfer-aus-aluminium-500-lumen-320256	Sporting Goods > Exercise & Fitness	Sporting Goods > Outdoor Recreation > Cycling > Bicycle Accessories
velo-frontlicht-mit-hupe-6-modi-akku-666944	Sporting Goods > Exercise & Fitness	Sporting Goods > Outdoor Recreation > Cycling > Bicycle Accessories
velo-frontlicht-fur-nachtfahrten-400-lumen-896000	Sporting Goods > Exercise & Fitness	Sporting Goods > Outdoor Recreation > Cycling > Bicycle Accessories
usb-fernbedienung-velo-rucklicht-499840	Sporting Goods > Exercise & Fitness	Sporting Goods > Outdoor Recreation > Cycling > Bicycle Accessories
velo-rucklicht-mit-blinker-fernbedienung-473728	Sporting Goods > Exercise & Fitness	Sporting Goods > Outdoor Recreation > Cycling > Bicycle Accessories
velo-frontlicht-mit-1000-lumen-808704	Sporting Goods > Exercise & Fitness	Sporting Goods > Outdoor Recreation > Cycling > Bicycle Accessories
velo-scheinwerfer-mit-usb-ladefunktion-725376	Sporting Goods > Exercise & Fitness	Sporting Goods > Outdoor Recreation > Cycling > Bicycle Accessories
intelligentes-velo-rucklicht-mit-bremslicht-854848	Sporting Goods > Exercise & Fitness	Sporting Goods > Outdoor Recreation > Cycling > Bicycle Accessories
usb-fahrradlampe-aus-aluminiumlegierung-698624	Sporting Goods > Exercise & Fitness	Sporting Goods > Outdoor Recreation > Cycling > Bicycle Accessories
usb-velo-rucklicht-mit-bremsfunktion-970496	Sporting Goods > Exercise & Fitness	Sporting Goods > Outdoor Recreation > Cycling > Bicycle Accessories
aluminium-fahrradlicht-mit-usb-aufladung-638700	Sporting Goods > Exercise & Fitness	Sporting Goods > Outdoor Recreation > Cycling > Bicycle Accessories
fahrradlicht-mit-bremsassistent-617400	Sporting Goods > Exercise & Fitness	Sporting Goods > Outdoor Recreation > Cycling > Bicycle Accessories
oberschenkel-bauchtrainer-mit-feder-260186	Sporting Goods > Exercise & Fitness	Sporting Goods > Exercise & Fitness > Ab Wheels & Rollers
bauchtrainer-mit-ellenbogenstutze-618200	Sporting Goods > Exercise & Fitness	Sporting Goods > Exercise & Fitness > Ab Wheels & Rollers
badminton-trainingsanzug-607300	Sporting Goods > Exercise & Fitness	Apparel & Accessories > Clothing > Activewear
kraft-trainingsanzug-612100	Sporting Goods > Exercise & Fitness	Apparel & Accessories > Clothing > Activewear
bauchtrainer-mit-smartem-zahlsystem-627700	Sporting Goods > Exercise & Fitness	Sporting Goods > Exercise & Fitness > Ab Wheels & Rollers
bauchtrainer-mit-4-radern-und-ellenbogenstutze-119744	Sporting Goods > Exercise & Fitness	Sporting Goods > Exercise & Fitness > Ab Wheels & Rollers
daunenschlafsack-fur-outdoor-camping-601800	Sporting Goods > Exercise & Fitness	Sporting Goods > Outdoor Recreation > Camping & Hiking > Sleeping Bags
bauchtrainer-rad-mit-automatischem-rebound-967744	Sporting Goods > Exercise & Fitness	Sporting Goods > Exercise & Fitness > Ab Wheels & Rollers
ellbogenstutze-bauchtrainer-mit-automatischem-199552	Sporting Goods > Exercise & Fitness	Sporting Goods > Exercise & Fitness > Ab Wheels & Rollers
multifunktionale-thermodecke-schlafsack-624600	Sporting Goods > Exercise & Fitness	Sporting Goods > Outdoor Recreation > Camping & Hiking > Sleeping Bags
off-ground-einzel-feldbett-meditationszelt-602800	Sporting Goods > Exercise & Fitness	Sporting Goods > Outdoor Recreation > Camping & Hiking > Tents
bauchtrainer-rad-mit-rutschfester-fitnessmatte-160256	Sporting Goods > Exercise & Fitness	Sporting Goods > Exercise & Fitness > Ab Wheels & Rollers
bauchtrainer-set-fur-zuhause-215168	Sporting Goods > Exercise & Fitness	Sporting Goods > Exercise & Fitness > Ab Wheels & Rollers
smart-home-ems-bauchtrainer-294848	Sporting Goods > Exercise & Fitness	Sporting Goods > Exercise & Fitness > Ab Wheels & Rollers
bauchtrainer-mit-doppelrad-und-zugseil-293056	Sporting Goods > Exercise & Fitness	Sporting Goods > Exercise & Fitness > Ab Wheels & Rollers
reitleggings-fur-erwachsene-und-kinder-381888	Sporting Goods > Exercise & Fitness	Apparel & Accessories > Clothing > Activewear
automatisches-anti-mucken-zelt-fur-3-4-persone-610600	Sporting Goods > Exercise & Fitness	Sporting Goods > Outdoor Recreation > Camping & Hiking > Tents
smart-bauchtrainer-mit-automatischem-rebound-713664	Sporting Goods > Exercise & Fitness	Sporting Goods > Exercise & Fitness > Ab Wheels & Rollers
automatisches-zelt-fur-3-5-personen-608700	Sporting Goods > Exercise & Fitness	Sporting Goods > Outdoor Recreation > Camping & Hiking > Tents
intelligentes-fahrradlicht-mit-usb-ladefunktio-607700	Sporting Goods > Exercise & Fitness	Sporting Goods > Outdoor Recreation > Cycling > Bicycle Accessories
3-in-1-bauchtrainer-rad-fur-dein-muskeltrainin-583168	Sporting Goods > Exercise & Fitness	Sporting Goods > Exercise & Fitness > Ab Wheels & Rollers
mannlicher-daunenweste-plusgrosse-fur-herbst-w-264320	Sporting Goods > Exercise & Fitness	Apparel & Accessories > Clothing > Activewear
rennmotor-jacke-mit-aufprallschutz-569792	Sporting Goods > Exercise & Fitness	Apparel & Accessories > Clothing > Activewear
atmungsaktives-winddichtes-leichtes-trageweste-411264	Sporting Goods > Exercise & Fitness	Apparel & Accessories > Clothing > Activewear
multifunktionale-trainingskleidung-270720	Sporting Goods > Exercise & Fitness	Apparel & Accessories > Clothing > Activewear
herren-stretch-trainingsanzug-langarm-496768	Sporting Goods > Exercise & Fitness	Apparel & Accessories > Clothing > Activewear
herren-sportweste-sommer-schnelltrocknend-374848	Sporting Goods > Exercise & Fitness	Apparel & Accessories > Clothing > Activewear
nylon-jacke-mit-vielen-taschen-144960	Sporting Goods > Exercise & Fitness	Apparel & Accessories > Clothing > Activewear
kapuzenjacke-einfarbig-614720	Sporting Goods > Exercise & Fitness	Apparel & Accessories > Clothing > Activewear
mesh-sommerjacke-aus-oxford-stoff-087424	Sporting Goods > Exercise & Fitness	Apparel & Accessories > Clothing > Activewear
fleecejacke-fur-damen-187200	Sporting Goods > Exercise & Fitness	Apparel & Accessories > Clothing > Activewear
fleece-cardigan-fur-outdoor-sport-827392	Sporting Goods > Exercise & Fitness	Apparel & Accessories > Clothing > Activewear
reitweste-fur-erwachsene-und-kinder-647360	Sporting Goods > Exercise & Fitness	Apparel & Accessories > Clothing > Activewear
kapuzen-fischereianzug-mit-uv-schutz-66c833	Sporting Goods > Exercise & Fitness	Apparel & Accessories > Clothing > Activewear
bedruckte-weste-aus-denim-ee3ba9	Sporting Goods > Exercise & Fitness	Apparel & Accessories > Clothing > Activewear
tarnmuster-jacke-21ab7d	Sporting Goods > Exercise & Fitness	Apparel & Accessories > Clothing > Activewear
outdoor-eiskuhlweste-gegen-hitzschlag-3ed931	Sporting Goods > Exercise & Fitness	Apparel & Accessories > Clothing > Activewear
sportweste-3d8ceb	Sporting Goods > Exercise & Fitness	Apparel & Accessories > Clothing > Activewear
outdoor-t-shirt-a3776a	Sporting Goods > Exercise & Fitness	Apparel & Accessories > Clothing > Activewear
taktische-windjacke-mit-kapuze-a0066e	Sporting Goods > Exercise & Fitness	Apparel & Accessories > Clothing > Activewear
taktische-fleecejacke-fur-herren-b66f16	Sporting Goods > Exercise & Fitness	Apparel & Accessories > Clothing > Activewear
sportjacke-fur-fruhling-und-herbst-532767	Sporting Goods > Exercise & Fitness	Apparel & Accessories > Clothing > Activewear
herren-jacke-fur-fruhling-und-herbst-a89efe	Sporting Goods > Exercise & Fitness	Apparel & Accessories > Clothing > Activewear
herren-bergsteigerjacke-83d501	Sporting Goods > Exercise & Fitness	Apparel & Accessories > Clothing > Activewear
wasserdichte-herren-jacke-mit-reissverschluss-66e701	Sporting Goods > Exercise & Fitness	Apparel & Accessories > Clothing > Activewear
herren-outdoor-softshelljacke-fur-bergsport-28e189	Sporting Goods > Exercise & Fitness	Apparel & Accessories > Clothing > Activewear
leichte-wasserdichte-outdoor-jacke-442845	Sporting Goods > Exercise & Fitness	Apparel & Accessories > Clothing > Activewear
herren-outdoor-softshelljacke-8e749e	Sporting Goods > Exercise & Fitness	Apparel & Accessories > Clothing > Activewear
outdoor-windjacke-fur-herren-8ef0e0	Sporting Goods > Exercise & Fitness	Apparel & Accessories > Clothing > Activewear
velohelm-mit-hoher-sichtbarkeit-632700	Sporting Goods > Exercise & Fitness	Sporting Goods > Outdoor Recreation > Cycling > Cycling Apparel & Accessories > Bicycle Helmets
fahrradhelm-fur-mountainbike-611200	Sporting Goods > Exercise & Fitness	Sporting Goods > Outdoor Recreation > Cycling > Cycling Apparel & Accessories > Bicycle Helmets
schnellaufbau-zelt-fur-camping-und-strand-298752	Sporting Goods > Exercise & Fitness	Sporting Goods > Outdoor Recreation > Camping & Hiking > Tents
hooded-pullover-mit-polyester-kombination-574848	Sporting Goods > Exercise & Fitness	Apparel & Accessories > Clothing > Activewear
3d-digital-flightjack-fur-manner-301824	Sporting Goods > Exercise & Fitness	Apparel & Accessories > Clothing > Activewear
camping-schlafsack-185-75-cm-079232	Sporting Goods > Exercise & Fitness	Sporting Goods > Outdoor Recreation > Camping & Hiking > Sleeping Bags
vintage-motorradsattelanzug-mit-pu-futter-960576	Sporting Goods > Exercise & Fitness	Apparel & Accessories > Clothing > Activewear
outdoor-laufjacke-aus-polyester-eccbc3	Sporting Goods > Exercise & Fitness	Apparel & Accessories > Clothing > Activewear
weisses-cardigan-aus-grober-wolle-2c778c	Sporting Goods > Exercise & Fitness	Apparel & Accessories > Clothing > Activewear
thin-outdoor-jacke-fur-manner-a0f9c6	Sporting Goods > Exercise & Fitness	Apparel & Accessories > Clothing > Activewear
camouflage-jackett-82c515	Sporting Goods > Exercise & Fitness	Apparel & Accessories > Clothing > Activewear
fahrradhelm-fur-grosse-kopfe-039168	Sporting Goods > Exercise & Fitness	Sporting Goods > Outdoor Recreation > Cycling > Cycling Apparel & Accessories > Bicycle Helmets
fahrradhelm-fur-sicheres-radfahren-237632	Sporting Goods > Exercise & Fitness	Sporting Goods > Outdoor Recreation > Cycling > Cycling Apparel & Accessories > Bicycle Helmets
fahrradhelm-fur-mountainbiken-675584	Sporting Goods > Exercise & Fitness	Sporting Goods > Outdoor Recreation > Cycling > Cycling Apparel & Accessories > Bicycle Helmets
reithelm-sommer-678976	Sporting Goods > Exercise & Fitness	Sporting Goods > Outdoor Recreation > Equestrian > Riding Apparel & Accessories > Equestrian Helmets
multifunktionaler-fahrradhelm-904512	Sporting Goods > Exercise & Fitness	Sporting Goods > Outdoor Recreation > Cycling > Cycling Apparel & Accessories > Bicycle Helmets
outdoor-mountainbike-helm-239104	Sporting Goods > Exercise & Fitness	Sporting Goods > Outdoor Recreation > Cycling > Cycling Apparel & Accessories > Bicycle Helmets
fahrradhelm-mit-licht-fur-sommer-128192	Sporting Goods > Exercise & Fitness	Sporting Goods > Outdoor Recreation > Cycling > Cycling Apparel & Accessories > Bicycle Helmets
fahrradhelm-mit-integriertem-licht-844416	Sporting Goods > Exercise & Fitness	Sporting Goods > Outdoor Recreation > Cycling > Cycling Apparel & Accessories > Bicycle Helmets
hochleistungs-fahrradlicht-mit-digitalem-akku-938112	Sporting Goods > Exercise & Fitness	Sporting Goods > Outdoor Recreation > Cycling > Bicycle Accessories
reflektierende-led-weste-mit-usb-ladegerat-004096	Sporting Goods > Exercise & Fitness	Apparel & Accessories > Clothing > Activewear
fahrrad-rucklicht-mit-sitzstange-halter-669952	Sporting Goods > Exercise & Fitness	Sporting Goods > Outdoor Recreation > Cycling > Bicycle Accessories
sicherheitsweste-mit-warnlicht-875520	Sporting Goods > Exercise & Fitness	Apparel & Accessories > Clothing > Activewear
wasserdichtes-zelt-fur-2-personen-617600	Sporting Goods > Exercise & Fitness	Sporting Goods > Outdoor Recreation > Camping & Hiking > Tents
einfaches-zelt-612400	Sporting Goods > Exercise & Fitness	Sporting Goods > Outdoor Recreation > Camping & Hiking > Tents
usb-fahrrad-rucklicht-mit-leuchtmodi-140288	Sporting Goods > Exercise & Fitness	Sporting Goods > Outdoor Recreation > Cycling > Bicycle Accessories
fahrrad-rucklicht-mit-usb-ladung-329024	Sporting Goods > Exercise & Fitness	Sporting Goods > Outdoor Recreation > Cycling > Bicycle Accessories
intelligente-bremssensor-rucklicht-fur-mountai-452544	Sporting Goods > Exercise & Fitness	Sporting Goods > Outdoor Recreation > Cycling > Bicycle Accessories
fahrradhelm-fur-herren-und-damen-226944	Sporting Goods > Exercise & Fitness	Sporting Goods > Outdoor Recreation > Cycling > Cycling Apparel & Accessories > Bicycle Helmets
leichter-mountainbike-helm-145280	Sporting Goods > Exercise & Fitness	Sporting Goods > Outdoor Recreation > Cycling > Cycling Apparel & Accessories > Bicycle Helmets
mountainbike-helm-fur-herren-damen-cross-count-692096	Sporting Goods > Exercise & Fitness	Sporting Goods > Outdoor Recreation > Cycling > Cycling Apparel & Accessories > Bicycle Helmets
fahrradhelm-fur-stra-e-und-berg-936960	Sporting Goods > Exercise & Fitness	Sporting Goods > Outdoor Recreation > Cycling > Cycling Apparel & Accessories > Bicycle Helmets
mountainbike-helm-mit-led-warnlicht-484736	Sporting Goods > Exercise & Fitness	Sporting Goods > Outdoor Recreation > Cycling > Cycling Apparel & Accessories > Bicycle Helmets
ultra-leicht-mountainbike-helm-terrain-457728	Sporting Goods > Exercise & Fitness	Sporting Goods > Outdoor Recreation > Cycling > Cycling Apparel & Accessories > Bicycle Helmets
fahrradhelm-mit-sonnenschutz-und-rucklicht-375232	Sporting Goods > Exercise & Fitness	Sporting Goods > Outdoor Recreation > Cycling > Cycling Apparel & Accessories > Bicycle Helmets
fahrradhelm-355712	Sporting Goods > Exercise & Fitness	Sporting Goods > Outdoor Recreation > Cycling > Cycling Apparel & Accessories > Bicycle Helmets
gradient-fahrradhelm-177536	Sporting Goods > Exercise & Fitness	Sporting Goods > Outdoor Recreation > Cycling > Cycling Apparel & Accessories > Bicycle Helmets
fahrradtaschen-furs-heck-903040	Sporting Goods > Exercise & Fitness	Sporting Goods > Outdoor Recreation > Cycling > Bicycle Accessories
kuhlwind-reithelm-mit-sto-dampfung-atmungaktiv-965440	Sporting Goods > Exercise & Fitness	Sporting Goods > Outdoor Recreation > Equestrian > Riding Apparel & Accessories > Equestrian Helmets
mountainbike-helm-011328	Sporting Goods > Exercise & Fitness	Sporting Goods > Outdoor Recreation > Cycling > Cycling Apparel & Accessories > Bicycle Helmets
einheitliches-fahrradhelm-304704	Sporting Goods > Exercise & Fitness	Sporting Goods > Outdoor Recreation > Cycling > Cycling Apparel & Accessories > Bicycle Helmets
fahrradhelm-mit-led-rucklicht-9-lichtmodi-inte-976448	Sporting Goods > Exercise & Fitness	Sporting Goods > Outdoor Recreation > Cycling > Cycling Apparel & Accessories > Bicycle Helmets
mountainbike-helm-fur-outdoor-fahrten-e0d1d3	Sporting Goods > Exercise & Fitness	Sporting Goods > Outdoor Recreation > Cycling > Cycling Apparel & Accessories > Bicycle Helmets
integrierter-fahrradhelm-fur-mountain-road-bik-1ac787	Sporting Goods > Exercise & Fitness	Sporting Goods > Outdoor Recreation > Cycling > Cycling Apparel & Accessories > Bicycle Helmets
leichter-bergfahrradhelm-fur-erwachsene-a7039a	Sporting Goods > Exercise & Fitness	Sporting Goods > Outdoor Recreation > Cycling > Cycling Apparel & Accessories > Bicycle Helmets
aerodynamischer-fahrradhelm-fur-stra-e-und-ber-a5e745	Sporting Goods > Exercise & Fitness	Sporting Goods > Outdoor Recreation > Cycling > Cycling Apparel & Accessories > Bicycle Helmets
kinder-balance-bike-helm-955072	Sporting Goods > Exercise & Fitness	Sporting Goods > Outdoor Recreation > Cycling > Cycling Apparel & Accessories > Bicycle Helmets
stadtrad-helm-5fa3ae	Sporting Goods > Exercise & Fitness	Sporting Goods > Outdoor Recreation > Cycling > Cycling Apparel & Accessories > Bicycle Helmets
fahrradhelm-mit-licht-403db0	Sporting Goods > Exercise & Fitness	Sporting Goods > Outdoor Recreation > Cycling > Cycling Apparel & Accessories > Bicycle Helmets
bikehelm-herren-damen-mountain-strasse-485568	Sporting Goods > Exercise & Fitness	Sporting Goods > Outdoor Recreation > Cycling > Cycling Apparel & Accessories > Bicycle Helmets
mountainbike-helm-mit-magnet-scheibe-74f80e	Sporting Goods > Exercise & Fitness	Sporting Goods > Outdoor Recreation > Cycling > Cycling Apparel & Accessories > Bicycle Helmets
reithelm-f-659-m-l-e878a3	Sporting Goods > Exercise & Fitness	Sporting Goods > Outdoor Recreation > Equestrian > Riding Apparel & Accessories > Equestrian Helmets
moon-fahrradhelm-mv53-l-schwarz-weiss-rot-52f23d	Sporting Goods > Exercise & Fitness	Sporting Goods > Outdoor Recreation > Cycling > Cycling Apparel & Accessories > Bicycle Helmets
leichter-reithelm-c58a7f	Sporting Goods > Exercise & Fitness	Sporting Goods > Outdoor Recreation > Equestrian > Riding Apparel & Accessories > Equestrian Helmets
integrierte-fahrradhelme-fd7ac0	Sporting Goods > Exercise & Fitness	Sporting Goods > Outdoor Recreation > Cycling > Cycling Apparel & Accessories > Bicycle Helmets
fahrradhelm-fur-mountainbikes-c73326	Sporting Goods > Exercise & Fitness	Sporting Goods > Outdoor Recreation > Cycling > Cycling Apparel & Accessories > Bicycle Helmets
fahrradhelm-fur-erwachsene-0093c6	Sporting Goods > Exercise & Fitness	Sporting Goods > Outdoor Recreation > Cycling > Cycling Apparel & Accessories > Bicycle Helmets
fahrradhelm-hard-shell-e1255d	Sporting Goods > Exercise & Fitness	Sporting Goods > Outdoor Recreation > Cycling > Cycling Apparel & Accessories > Bicycle Helmets
fahrrad-rucklicht-120512	Sporting Goods > Exercise & Fitness	Sporting Goods > Outdoor Recreation > Cycling > Bicycle Accessories
fahrradlicht-set-mit-hoher-leistung-998464	Sporting Goods > Exercise & Fitness	Sporting Goods > Outdoor Recreation > Cycling > Bicycle Accessories
fahrradlicht-set-mit-usb-ladung-292416	Sporting Goods > Exercise & Fitness	Sporting Goods > Outdoor Recreation > Cycling > Bicycle Accessories
fahrrad-scheinwerfer-mit-usb-ladung-077760	Sporting Goods > Exercise & Fitness	Sporting Goods > Outdoor Recreation > Cycling > Bicycle Accessories
fahrrad-frontlicht-mit-usb-ladung-273920	Sporting Goods > Exercise & Fitness	Sporting Goods > Outdoor Recreation > Cycling > Bicycle Accessories
fahrradhelm-aus-pc-eps-einzelstuck-51c951	Sporting Goods > Exercise & Fitness	Sporting Goods > Outdoor Recreation > Cycling > Cycling Apparel & Accessories > Bicycle Helmets
fahrradhelm-fur-outdoor-fahrten-e45c86	Sporting Goods > Exercise & Fitness	Sporting Goods > Outdoor Recreation > Cycling > Cycling Apparel & Accessories > Bicycle Helmets
600-lumen-fahrrad-frontlicht-schwarz-gra-696128	Sporting Goods > Exercise & Fitness	Sporting Goods > Outdoor Recreation > Cycling > Bicycle Accessories
fahrrad-scheinwerfer-mit-display-870016	Sporting Goods > Exercise & Fitness	Sporting Goods > Outdoor Recreation > Cycling > Bicycle Accessories
bergfahrradhelm-56b743	Sporting Goods > Exercise & Fitness	Sporting Goods > Outdoor Recreation > Cycling > Cycling Apparel & Accessories > Bicycle Helmets
deemount-fahrradhelm-e8db3a	Sporting Goods > Exercise & Fitness	Sporting Goods > Outdoor Recreation > Cycling > Cycling Apparel & Accessories > Bicycle Helmets
mountainbike-helm-mit-insektenschutz-de41a8	Sporting Goods > Exercise & Fitness	Sporting Goods > Outdoor Recreation > Cycling > Cycling Apparel & Accessories > Bicycle Helmets
unisex-fahrradhelm-fur-erwussse-7eb230	Sporting Goods > Exercise & Fitness	Sporting Goods > Outdoor Recreation > Cycling > Cycling Apparel & Accessories > Bicycle Helmets
bike-rucklicht-mit-sensor-anti-diebstahl-usb-584960	Sporting Goods > Exercise & Fitness	Sporting Goods > Outdoor Recreation > Cycling > Bicycle Accessories
lichtsensor-fahrradlampe-554048	Sporting Goods > Exercise & Fitness	Sporting Goods > Outdoor Recreation > Cycling > Bicycle Accessories
fahrradlicht-fur-nachtliche-fahrten-816832	Sporting Goods > Exercise & Fitness	Sporting Goods > Outdoor Recreation > Cycling > Bicycle Accessories
wasserdichte-mtb-lampe-180736	Sporting Goods > Exercise & Fitness	Sporting Goods > Outdoor Recreation > Cycling > Bicycle Accessories
fahrradlicht-fur-nachtfahrten-338240	Sporting Goods > Exercise & Fitness	Sporting Goods > Outdoor Recreation > Cycling > Bicycle Accessories
nachladbare-fahrrad-rucklichtsensor-064960	Sporting Goods > Exercise & Fitness	Sporting Goods > Outdoor Recreation > Cycling > Bicycle Accessories
selbstleuchtendes-fahrradlicht-051904	Sporting Goods > Exercise & Fitness	Sporting Goods > Outdoor Recreation > Cycling > Bicycle Accessories
baum-hangematte-fur-freizeit-627000	Sporting Goods > Exercise & Fitness	Home & Garden > Lawn & Garden > Outdoor Living > Hammocks
outdoor-hangematte-mit-sonnenschutz-629900	Sporting Goods > Exercise & Fitness	Home & Garden > Lawn & Garden > Outdoor Living > Hammocks
bauchtrainer-mit-digitalanzeige-ruckprall-639300	Sporting Goods > Exercise & Fitness	Sporting Goods > Exercise & Fitness > Ab Wheels & Rollers
moskitonetz-hangematte-fur-2-personen-629300	Sporting Goods > Exercise & Fitness	Home & Garden > Lawn & Garden > Outdoor Living > Hammocks
fahrradlampe-usb-ladbar-extrem-hell-wasserdicht-094464	Sporting Goods > Exercise & Fitness	Sporting Goods > Outdoor Recreation > Cycling > Bicycle Accessories
wasserdichte-fahrradlampe-fur-nachtfahrten-a9004e	Sporting Goods > Exercise & Fitness	Sporting Goods > Outdoor Recreation > Cycling > Bicycle Accessories
fahrradlampe-fur-bergstra-en-8313b7	Sporting Goods > Exercise & Fitness	Sporting Goods > Outdoor Recreation > Cycling > Bicycle Accessories
einsatzzelts-619100	Sporting Goods > Exercise & Fitness	Sporting Goods > Outdoor Recreation > Camping & Hiking > Tents
faltbare-outdoor-hangematte-mit-quasten-624700	Sporting Goods > Exercise & Fitness	Home & Garden > Lawn & Garden > Outdoor Living > Hammocks
doppelhangematte-mit-holzstange-620500	Sporting Goods > Exercise & Fitness	Home & Garden > Lawn & Garden > Outdoor Living > Hammocks
mountainbike-licht-fur-nachtfahrten-276cf4	Sporting Goods > Exercise & Fitness	Sporting Goods > Outdoor Recreation > Cycling > Bicycle Accessories
bohemian-hangematte-mit-quasten-603600	Sporting Goods > Exercise & Fitness	Home & Garden > Lawn & Garden > Outdoor Living > Hammocks
doppel-hangematte-639000	Sporting Goods > Exercise & Fitness	Home & Garden > Lawn & Garden > Outdoor Living > Hammocks
reise-hangematte-mit-muckenschutz-sonnendach-602000	Sporting Goods > Exercise & Fitness	Home & Garden > Lawn & Garden > Outdoor Living > Hammocks
faltbares-regenfestes-2-personen-zelt-629700	Sporting Goods > Exercise & Fitness	Sporting Goods > Outdoor Recreation > Camping & Hiking > Tents
faltbares-outdoor-zelt-fur-eine-person-612600	Sporting Goods > Exercise & Fitness	Sporting Goods > Outdoor Recreation > Camping & Hiking > Tents
vollautomatisches-campingzelt-fur-2-personen-637400	Sporting Goods > Exercise & Fitness	Sporting Goods > Outdoor Recreation > Camping & Hiking > Tents
hangematte-mit-moskitonetz-fur-outdoor-camping-638400	Sporting Goods > Exercise & Fitness	Home & Garden > Lawn & Garden > Outdoor Living > Hammocks
faltbarer-fahrradhelm-aa577d	Sporting Goods > Exercise & Fitness	Sporting Goods > Outdoor Recreation > Cycling > Cycling Apparel & Accessories > Bicycle Helmets
leichtes-strandzelt-fur-2-3-personen-619500	Sporting Goods > Exercise & Fitness	Sporting Goods > Outdoor Recreation > Camping & Hiking > Tents
eslnf-high-lumen-mountainbike-licht-601100	Sporting Goods > Exercise & Fitness	Sporting Goods > Outdoor Recreation > Cycling > Bicycle Accessories
zelt-und-outdoor-hammer-617800	Sporting Goods > Exercise & Fitness	Sporting Goods > Outdoor Recreation > Camping & Hiking > Tents
warmer-leichter-schlafsack-fur-jedes-abenteuer-635800	Sporting Goods > Exercise & Fitness	Sporting Goods > Outdoor Recreation > Camping & Hiking > Sleeping Bags
velohelm-fur-strasse-und-mountainbike-9a5423	Sporting Goods > Exercise & Fitness	Sporting Goods > Outdoor Recreation > Cycling > Cycling Apparel & Accessories > Bicycle Helmets
velohelm-ce3451	Sporting Goods > Exercise & Fitness	Sporting Goods > Outdoor Recreation > Cycling > Cycling Apparel & Accessories > Bicycle Helmets
velohelm-mit-kuhlung-und-komfort-b71cef	Sporting Goods > Exercise & Fitness	Sporting Goods > Outdoor Recreation > Cycling > Cycling Apparel & Accessories > Bicycle Helmets
smarter-velohelm-mit-led-beleuchtung-7cf496	Sporting Goods > Exercise & Fitness	Sporting Goods > Outdoor Recreation > Cycling > Cycling Apparel & Accessories > Bicycle Helmets
velohelm-carbon-skull-9c9c3b	Sporting Goods > Exercise & Fitness	Sporting Goods > Outdoor Recreation > Cycling > Cycling Apparel & Accessories > Bicycle Helmets
velohelm-mit-rucklicht-fur-outdoor-sport-41550f	Sporting Goods > Exercise & Fitness	Sporting Goods > Outdoor Recreation > Cycling > Cycling Apparel & Accessories > Bicycle Helmets
velohelm-marienkafer-fur-kinder-84ceff	Sporting Goods > Exercise & Fitness	Sporting Goods > Outdoor Recreation > Cycling > Cycling Apparel & Accessories > Bicycle Helmets
machfally-usb-fahrradlicht-mit-stvzo-zulassung-c7e968	Sporting Goods > Exercise & Fitness	Sporting Goods > Outdoor Recreation > Cycling > Bicycle Accessories
usb-velo-frontlicht-f2532b	Sporting Goods > Exercise & Fitness	Sporting Goods > Outdoor Recreation > Cycling > Bicycle Accessories
usb-fahrradlicht-mit-3-leds-9be591	Sporting Goods > Exercise & Fitness	Sporting Goods > Outdoor Recreation > Cycling > Bicycle Accessories
smartes-velo-frontlicht-set-mit-sensor-2c1e9c	Sporting Goods > Exercise & Fitness	Sporting Goods > Outdoor Recreation > Cycling > Bicycle Accessories
usb-velo-rucklicht-mit-6-modi-98947d	Sporting Goods > Exercise & Fitness	Sporting Goods > Outdoor Recreation > Cycling > Bicycle Accessories
led-fahrradlicht-fur-vorne-350-lumen-eca8dc	Sporting Goods > Exercise & Fitness	Sporting Goods > Outdoor Recreation > Cycling > Bicycle Accessories
velo-scheinwerfer-mit-drahtlosem-tacho-ea2716	Sporting Goods > Exercise & Fitness	Sporting Goods > Outdoor Recreation > Cycling > Bicycle Accessories
f3-usb-velo-scheinwerfer-mit-3-t6-leds-704b38	Sporting Goods > Exercise & Fitness	Sporting Goods > Outdoor Recreation > Cycling > Bicycle Accessories
wasserdichte-velo-lichter-mit-powerbank-ccdd43	Sporting Goods > Exercise & Fitness	Sporting Goods > Outdoor Recreation > Cycling > Bicycle Accessories
west-biking-front-fahrradlicht-8dbe17	Sporting Goods > Exercise & Fitness	Sporting Goods > Outdoor Recreation > Cycling > Bicycle Accessories
wasserdichte-led-fahrradlampe-mit-griffmontage-425fe1	Sporting Goods > Exercise & Fitness	Sporting Goods > Outdoor Recreation > Cycling > Bicycle Accessories
a8-velo-alarm-mit-rucklicht-b73ac3	Sporting Goods > Exercise & Fitness	Sporting Goods > Outdoor Recreation > Cycling > Bicycle Accessories
mountainbike-sattel-mit-rucklicht-f7bee5	Sporting Goods > Exercise & Fitness	Sporting Goods > Outdoor Recreation > Cycling > Bicycle Accessories
induktives-velo-rucklicht-59a184	Sporting Goods > Exercise & Fitness	Sporting Goods > Outdoor Recreation > Cycling > Bicycle Accessories
velo-licht-mit-400-lumen-fcf11f	Sporting Goods > Exercise & Fitness	Sporting Goods > Outdoor Recreation > Cycling > Bicycle Accessories
ausziehbarer-veloschutz-mit-rucklicht-4eb858	Sporting Goods > Exercise & Fitness	Sporting Goods > Outdoor Recreation > Cycling > Bicycle Accessories
velo-rucklicht-mit-warnfunktion-cde86f	Sporting Goods > Exercise & Fitness	Sporting Goods > Outdoor Recreation > Cycling > Bicycle Accessories
led-fahrradlicht-fur-die-nacht-8b2bba	Sporting Goods > Exercise & Fitness	Sporting Goods > Outdoor Recreation > Cycling > Bicycle Accessories
bremslicht-laser-rucklicht-fur-velos-5134da	Sporting Goods > Exercise & Fitness	Sporting Goods > Outdoor Recreation > Cycling > Bicycle Accessories
velohelm-fur-erwachsene-ac5744	Sporting Goods > Exercise & Fitness	Sporting Goods > Outdoor Recreation > Cycling > Cycling Apparel & Accessories > Bicycle Helmets
usb-fahrradlicht-set-mit-350-lumen-5dae52	Sporting Goods > Exercise & Fitness	Sporting Goods > Outdoor Recreation > Cycling > Bicycle Accessories
rockbros-velo-frontlicht-usb-ladefunktion-0d243e	Sporting Goods > Exercise & Fitness	Sporting Goods > Outdoor Recreation > Cycling > Bicycle Accessories
gaciron-w08f-20-intelligentes-led-fahrradlicht-928e76	Sporting Goods > Exercise & Fitness	Sporting Goods > Outdoor Recreation > Cycling > Bicycle Accessories
led-fahrradblinker-mit-fernbedienung-0ec295	Sporting Goods > Exercise & Fitness	Sporting Goods > Outdoor Recreation > Cycling > Bicycle Accessories
wiederaufladbarer-velo-scheinwerfer-bc01-600-2160f0	Sporting Goods > Exercise & Fitness	Sporting Goods > Outdoor Recreation > Cycling > Bicycle Accessories
usb-fahrradlicht-set-92b8ba	Sporting Goods > Exercise & Fitness	Sporting Goods > Outdoor Recreation > Cycling > Bicycle Accessories
enfitnix-xlite100-velo-rucklicht-b26b9b	Sporting Goods > Exercise & Fitness	Sporting Goods > Outdoor Recreation > Cycling > Bicycle Accessories
intelligentes-led-fahrrad-rucklicht-mit-blinke-1160d0	Sporting Goods > Exercise & Fitness	Sporting Goods > Outdoor Recreation > Cycling > Bicycle Accessories
velo-rucklicht-fur-mountain-rennvelos-602000	Sporting Goods > Exercise & Fitness	Sporting Goods > Outdoor Recreation > Cycling > Bicycle Accessories
desktop-pulley-trainer-fur-armkraft-621800	Sporting Goods > Exercise & Fitness	Apparel & Accessories > Clothing > Activewear
usb-velo-lampe-mit-oled-display-superhell-9a5aa9	Sporting Goods > Exercise & Fitness	Sporting Goods > Outdoor Recreation > Cycling > Bicycle Accessories
rockbros-velo-rucklicht-mit-blinker-55048f	Sporting Goods > Exercise & Fitness	Sporting Goods > Outdoor Recreation > Cycling > Bicycle Accessories
velo-frontlicht-mit-warnfunktion-26602e	Sporting Goods > Exercise & Fitness	Sporting Goods > Outdoor Recreation > Cycling > Bicycle Accessories
rucklicht-fur-velo-mit-warnfunktion-f60142	Sporting Goods > Exercise & Fitness	Sporting Goods > Outdoor Recreation > Cycling > Bicycle Accessories
velo-blinker-rucksack-a5ada8	Sporting Goods > Exercise & Fitness	Sporting Goods > Outdoor Recreation > Cycling > Bicycle Accessories
velo-hecktasche-mit-rucklicht-7439e9	Sporting Goods > Exercise & Fitness	Sporting Goods > Outdoor Recreation > Cycling > Bicycle Accessories
multifunktionales-split-bauchtrainer-610800	Sporting Goods > Exercise & Fitness	Sporting Goods > Exercise & Fitness > Ab Wheels & Rollers
4-in-1-bauchtrainer-mit-rebound-funktion-620600	Sporting Goods > Exercise & Fitness	Sporting Goods > Exercise & Fitness > Ab Wheels & Rollers
velo-rucklicht-breathing-5ce5e3	Sporting Goods > Exercise & Fitness	Sporting Goods > Outdoor Recreation > Cycling > Bicycle Accessories
smartes-velo-rucklicht-mit-fernbedienung-6f7739	Sporting Goods > Exercise & Fitness	Sporting Goods > Outdoor Recreation > Cycling > Bicycle Accessories
bauchtrainer-mit-automatischem-ruckzug-629900	Sporting Goods > Exercise & Fitness	Sporting Goods > Exercise & Fitness > Ab Wheels & Rollers
gluckskatzenbett-atmungsaktiv-und-warm-616100	Animals & Pet Supplies > Pet Supplies	Animals & Pet Supplies > Pet Supplies > Cat Supplies > Cat Beds
kitty-curls-kratzbrett-mit-ball-122498	Animals & Pet Supplies > Pet Supplies	Animals & Pet Supplies > Pet Supplies > Cat Supplies > Cat Furniture
schleckschale-fur-langsames-fressen-604100	Animals & Pet Supplies > Pet Supplies	Animals & Pet Supplies > Pet Supplies > Pet Bowls, Feeders & Waterers
langsames-futterball-6a5c8c	Animals & Pet Supplies > Pet Supplies	Animals & Pet Supplies > Pet Supplies > Pet Bowls, Feeders & Waterers
kratzbaum-aus-holz-und-sisal-99e550	Animals & Pet Supplies > Pet Supplies	Animals & Pet Supplies > Pet Supplies > Cat Supplies > Cat Furniture
langsames-fressen-621500	Animals & Pet Supplies > Pet Supplies	Animals & Pet Supplies > Pet Supplies > Pet Bowls, Feeders & Waterers
farbenfrohes-schnuffelkissen-875392	Animals & Pet Supplies > Pet Supplies	Animals & Pet Supplies > Pet Supplies > Pet Bowls, Feeders & Waterers
dreieckiger-futtertrog-fur-langsames-fressen-526720	Animals & Pet Supplies > Pet Supplies	Animals & Pet Supplies > Pet Supplies > Pet Bowls, Feeders & Waterers
futterball-multifunktionales-slow-food-spielze-189440	Animals & Pet Supplies > Pet Supplies	Animals & Pet Supplies > Pet Supplies > Pet Bowls, Feeders & Waterers
schnuffelteppich-slow-food-spielspass-506816	Animals & Pet Supplies > Pet Supplies	Animals & Pet Supplies > Pet Supplies > Pet Bowls, Feeders & Waterers
schnuffelring-gegen-langeweile-fur-haustiere-371008	Animals & Pet Supplies > Pet Supplies	Animals & Pet Supplies > Pet Supplies > Pet Bowls, Feeders & Waterers
futterspielzeug-mit-schnuffel-und-quietschfunk-944128	Animals & Pet Supplies > Pet Supplies	Animals & Pet Supplies > Pet Supplies > Pet Bowls, Feeders & Waterers
futterball-fur-haustiere-498560	Animals & Pet Supplies > Pet Supplies	Animals & Pet Supplies > Pet Supplies > Pet Bowls, Feeders & Waterers
anti-rutsch-fressmatte-fur-langsames-fressen-79a4c2	Animals & Pet Supplies > Pet Supplies	Animals & Pet Supplies > Pet Supplies > Pet Bowls, Feeders & Waterers
zweibeiniger-pullover-fur-haustiere-622800	Animals & Pet Supplies > Pet Supplies	Animals & Pet Supplies > Pet Supplies > Dog Supplies > Dog Apparel
rotes-und-weisses-streifenpullover-fur-kleine-295616	Animals & Pet Supplies > Pet Supplies	Animals & Pet Supplies > Pet Supplies > Dog Supplies > Dog Apparel
gelber-wollpullover-fur-h-009408	Animals & Pet Supplies > Pet Supplies	Animals & Pet Supplies > Pet Supplies > Dog Supplies > Dog Apparel
lederpuppensweater-braun-medium-large-142208	Animals & Pet Supplies > Pet Supplies	Animals & Pet Supplies > Pet Supplies > Dog Supplies > Dog Apparel
weisser-elch-schal-fur-haustiere-847680	Animals & Pet Supplies > Pet Supplies	Animals & Pet Supplies > Pet Supplies > Dog Supplies > Dog Apparel
schnauzer-pullover-aus-wolle-rot-163072	Animals & Pet Supplies > Pet Supplies	Animals & Pet Supplies > Pet Supplies > Dog Supplies > Dog Apparel
beige-vellour-tunika-fur-corgi-mit-franzosisch-361152	Animals & Pet Supplies > Pet Supplies	Animals & Pet Supplies > Pet Supplies > Dog Supplies > Dog Apparel
interaktives-futterball-spielzeug-601300	Animals & Pet Supplies > Pet Supplies	Animals & Pet Supplies > Pet Supplies > Pet Bowls, Feeders & Waterers
kuschelkatzenbett-606900	Animals & Pet Supplies > Pet Supplies	Animals & Pet Supplies > Pet Supplies > Cat Supplies > Cat Beds
herbst-winter-nylonschurzhundemantel-852352	Animals & Pet Supplies > Pet Supplies	Animals & Pet Supplies > Pet Supplies > Dog Supplies > Dog Apparel
haustier-buggy-mit-kratzbaum-601500	Animals & Pet Supplies > Pet Supplies	Animals & Pet Supplies > Pet Supplies > Cat Supplies > Cat Furniture
schleckmatte-fur-haustiere-langsam-fressen-604600	Animals & Pet Supplies > Pet Supplies	Animals & Pet Supplies > Pet Supplies > Pet Bowls, Feeders & Waterers
langsames-fressen-schale-617600	Animals & Pet Supplies > Pet Supplies	Animals & Pet Supplies > Pet Supplies > Pet Bowls, Feeders & Waterers
sisal-kratzbaum-mit-liegeflache-634200	Animals & Pet Supplies > Pet Supplies	Animals & Pet Supplies > Pet Supplies > Cat Supplies > Cat Furniture
futterball-aus-naturkautschuk-fur-haustiere-612900	Animals & Pet Supplies > Pet Supplies	Animals & Pet Supplies > Pet Supplies > Pet Bowls, Feeders & Waterers
kratzbaum-mit-kuschelhohle-099520	Animals & Pet Supplies > Pet Supplies	Animals & Pet Supplies > Pet Supplies > Cat Supplies > Cat Furniture
sisal-kratzbaum-mit-massagefunktion-297344	Animals & Pet Supplies > Pet Supplies	Animals & Pet Supplies > Pet Supplies > Cat Supplies > Cat Furniture
sisal-kratzbaum-mit-plattform-c36ed6	Animals & Pet Supplies > Pet Supplies	Animals & Pet Supplies > Pet Supplies > Cat Supplies > Cat Furniture
kratzbaum-mit-tauchturm-327296	Animals & Pet Supplies > Pet Supplies	Animals & Pet Supplies > Pet Supplies > Cat Supplies > Cat Furniture
kratzbaum-mit-sisal-und-spielball-214016	Animals & Pet Supplies > Pet Supplies	Animals & Pet Supplies > Pet Supplies > Cat Supplies > Cat Furniture
kleiner-kratzbaum-mit-sisal-und-holzkugeln-594752	Animals & Pet Supplies > Pet Supplies	Animals & Pet Supplies > Pet Supplies > Cat Supplies > Cat Furniture
futterball-labyrinth-mit-soundeffekt-876864	Animals & Pet Supplies > Pet Supplies	Animals & Pet Supplies > Pet Supplies > Pet Bowls, Feeders & Waterers
kitten-tisch-kratzbaum-515200	Animals & Pet Supplies > Pet Supplies	Animals & Pet Supplies > Pet Supplies > Cat Supplies > Cat Furniture
sisal-kratzbaum-mit-liegemulde-866688	Animals & Pet Supplies > Pet Supplies	Animals & Pet Supplies > Pet Supplies > Cat Supplies > Cat Furniture
truthahn-gemuse-schnuffelspielzeug-602496	Animals & Pet Supplies > Pet Supplies	Animals & Pet Supplies > Pet Supplies > Pet Bowls, Feeders & Waterers
schnuffelteppich-gemusefeld-fur-haustiere-543744	Animals & Pet Supplies > Pet Supplies	Animals & Pet Supplies > Pet Supplies > Pet Bowls, Feeders & Waterers
schnuffelspielzeug-fur-haustiere-9d458d	Animals & Pet Supplies > Pet Supplies	Animals & Pet Supplies > Pet Supplies > Pet Bowls, Feeders & Waterers
diamant-messerscharfer-aus-wolframstahl-746280	Home & Garden > Kitchen & Dining	Home & Garden > Kitchen & Dining > Kitchen Appliances > Knife Sharpeners
elektrischer-messerscharfer-673536	Home & Garden > Kitchen & Dining	Home & Garden > Kitchen & Dining > Kitchen Appliances > Knife Sharpeners
abtropfgestell-aus-schmiedeeisen-mit-tablett-212928	Home & Garden > Kitchen & Dining	Home & Garden > Kitchen & Dining > Kitchen Tools & Utensils > Dish Racks & Drain Boards
north-rail-abtropfgestell-883200	Home & Garden > Kitchen & Dining	Home & Garden > Kitchen & Dining > Kitchen Tools & Utensils > Dish Racks & Drain Boards
ausziehbarer-abtropfkorb-fur-spulbecken-981056	Home & Garden > Kitchen & Dining	Home & Garden > Kitchen & Dining > Kitchen Tools & Utensils > Dish Racks & Drain Boards
ausziehbares-abtropfgestell-fur-kuche-277376	Home & Garden > Kitchen & Dining	Home & Garden > Kitchen & Dining > Kitchen Tools & Utensils > Dish Racks & Drain Boards
abtropfgestell-fur-spulbecken-aus-edelstahl-403840	Home & Garden > Kitchen & Dining	Home & Garden > Kitchen & Dining > Kitchen Tools & Utensils > Dish Racks & Drain Boards
abtropfgestell-fur-geschirr-781184	Home & Garden > Kitchen & Dining	Home & Garden > Kitchen & Dining > Kitchen Tools & Utensils > Dish Racks & Drain Boards
dmd-diamant-keramik-messerscharfer-754880	Home & Garden > Kitchen & Dining	Home & Garden > Kitchen & Dining > Kitchen Appliances > Knife Sharpeners
abtropfgestell-edelstahl-buche-729536	Home & Garden > Kitchen & Dining	Home & Garden > Kitchen & Dining > Kitchen Tools & Utensils > Dish Racks & Drain Boards
wandmontiertes-abtropfgestell-aus-edelstahl-851456	Home & Garden > Kitchen & Dining	Home & Garden > Kitchen & Dining > Kitchen Tools & Utensils > Dish Racks & Drain Boards
doppellagiger-multifunktions-abtropfkorb-714112	Home & Garden > Kitchen & Dining	Home & Garden > Kitchen & Dining > Kitchen Tools & Utensils > Dish Racks & Drain Boards
fasola-abtropfgestell-faltbar-d530c6	Home & Garden > Kitchen & Dining	Home & Garden > Kitchen & Dining > Kitchen Tools & Utensils > Dish Racks & Drain Boards
abtropfgestell-fur-spulbecken-2e49a4	Home & Garden > Kitchen & Dining	Home & Garden > Kitchen & Dining > Kitchen Tools & Utensils > Dish Racks & Drain Boards
multifunktionaler-geschirrabtropf-organizer-au-9e8d01	Home & Garden > Kitchen & Dining	Home & Garden > Kitchen & Dining > Kitchen Tools & Utensils > Dish Racks & Drain Boards
diamant-messerscharfer-mit-festem-winkel-c8b87b	Home & Garden > Kitchen & Dining	Home & Garden > Kitchen & Dining > Kitchen Appliances > Knife Sharpeners
zubehor-fur-messerscharfer-849728	Home & Garden > Kitchen & Dining	Home & Garden > Kitchen & Dining > Kitchen Appliances > Knife Sharpeners
winkelverstellbarer-messerscharfer-512768	Home & Garden > Kitchen & Dining	Home & Garden > Kitchen & Dining > Kitchen Appliances > Knife Sharpeners
abtropfgestell-fur-besteck-geschirr-623300	Home & Garden > Kitchen & Dining	Home & Garden > Kitchen & Dining > Kitchen Tools & Utensils > Dish Racks & Drain Boards
rollender-messerscharfer-mit-diamantbeschichtu-627600	Home & Garden > Kitchen & Dining	Home & Garden > Kitchen & Dining > Kitchen Appliances > Knife Sharpeners
abtropfkorb-fur-obst-und-gemuse-604200	Home & Garden > Kitchen & Dining	Home & Garden > Kitchen & Dining > Kitchen Tools & Utensils > Dish Racks & Drain Boards
messer-wetzstahl-mit-holzgriff-566016	Home & Garden > Kitchen & Dining	Home & Garden > Kitchen & Dining > Kitchen Appliances > Knife Sharpeners
fs-047-multifunktionale-crimpzange-602500	Hardware > Tools	Hardware > Tools > Pliers
crimpzange-set-fur-kabelschuhe-mit-kabelschnei-360064	Hardware > Tools	Hardware > Tools > Pliers
multifunktions-abisolierzange-fur-elektriker-188224	Hardware > Tools	Hardware > Tools > Pliers
7-in-1-multifunktions-abisolierzange-896192	Hardware > Tools	Hardware > Tools > Pliers
crimpzange-fur-federklemmen-0-03-0-5-mm-350208	Hardware > Tools	Hardware > Tools > Pliers
t-shirt-lineal-set-fur-prazises-ausrichten-192512	Hardware > Tools	Hardware > Tools > Measuring Tools & Sensors
abisolierzange-german-silver-dragon-island-019136	Hardware > Tools	Hardware > Tools > Pliers
netzwerkkabel-klemme-mit-tester-1988b-set-439616	Hardware > Tools	Hardware > Tools > Pliers
handlicher-drahtschneider-fur-0-8-2-6-mm-6f6d91	Hardware > Tools	Hardware > Tools > Pliers
winkel-lineal-4-in-1-orange-627400	Hardware > Tools	Hardware > Tools > Measuring Tools & Sensors
dreieck-lineal-aus-aluminiumlegierung-605400	Hardware > Tools	Hardware > Tools > Measuring Tools & Sensors
abisolierzange-fur-elektriker-603300	Hardware > Tools	Hardware > Tools > Pliers
gerades-edelstahl-lineal-15-20-30-50-cm-651300	Hardware > Tools	Hardware > Tools > Measuring Tools & Sensors
konturformer-radian-lineal-603200	Hardware > Tools	Hardware > Tools > Measuring Tools & Sensors
lineal-aus-aluminiumlegierung-mit-mehrwinkel-p-603500	Hardware > Tools	Hardware > Tools > Measuring Tools & Sensors
crimpzange-fur-dupont-stecker-620800	Hardware > Tools	Hardware > Tools > Pliers
mc4-pv-kabel-crimpzange-605100	Hardware > Tools	Hardware > Tools > Pliers
mc4-pv-kabel-crimpzange-ly-2546b-623000	Hardware > Tools	Hardware > Tools > Pliers
multifunktions-abisolierzange-und-drahtschneid-609900	Hardware > Tools	Hardware > Tools > Pliers
multifunktionale-abisolierzange-622700	Hardware > Tools	Hardware > Tools > Pliers
runde-silikon-backform-fur-kuchen-714880	Hardware > Tools	Home & Garden > Kitchen & Dining > Cookware & Bakeware > Bakeware
elektrischer-haarschneider-mit-saugfunktion-663680	Hardware > Tools	Health & Beauty > Personal Care > Shaving & Grooming > Hair Clippers & Trimmers
silikonform-fur-mousse-und-kuchen-kreationen-083072	Hardware > Tools	Home & Garden > Kitchen & Dining > Cookware & Bakeware > Bakeware
silikonform-douyin-eisbar-teddy-hund-220992	Hardware > Tools	Home & Garden > Kitchen & Dining > Cookware & Bakeware > Bakeware
3d-silikonform-mini-goldfische-837056	Hardware > Tools	Home & Garden > Kitchen & Dining > Cookware & Bakeware > Bakeware
grosse-toast-silikonform-rechteckig-124288	Hardware > Tools	Home & Garden > Kitchen & Dining > Cookware & Bakeware > Bakeware
silicone-roschen-form-fur-fondant-und-kuchen-cd170f	Hardware > Tools	Home & Garden > Kitchen & Dining > Cookware & Bakeware > Bakeware
silikonschablone-fur-kuchen-und-sussigkeiten-73869d	Hardware > Tools	Home & Garden > Kitchen & Dining > Cookware & Bakeware > Bakeware
silicone-schneckenform-fur-kuchenrosen-b79274	Hardware > Tools	Home & Garden > Kitchen & Dining > Cookware & Bakeware > Bakeware
nagelknipser-set-c6eaf4	Hardware > Tools	Health & Beauty > Personal Care > Cosmetics > Cosmetic Tools > Nail Tools
kuchenreinigungstuch-mit-schwammblock-c7c925	Hardware > Tools	Home & Garden > Household Supplies > Household Cleaning Supplies
runde-silikonform-fur-kuchen-und-mousse-153b3e	Hardware > Tools	Home & Garden > Kitchen & Dining > Cookware & Bakeware > Bakeware
elektrischer-haarschneider-mit-akku-7d2ddd	Hardware > Tools	Health & Beauty > Personal Care > Shaving & Grooming > Hair Clippers & Trimmers
silikon-backform-fur-fruchte-306cca	Hardware > Tools	Home & Garden > Kitchen & Dining > Cookware & Bakeware > Bakeware
haus-silikon-backform-26-5-26-5-6-cm-2f036f	Hardware > Tools	Home & Garden > Kitchen & Dining > Cookware & Bakeware > Bakeware
silikon-kuchenform-unregelmassige-form-66d104	Hardware > Tools	Home & Garden > Kitchen & Dining > Cookware & Bakeware > Bakeware
silikon-backform-8-teilige-weihnachtsbaum-form-98b4c1	Hardware > Tools	Home & Garden > Kitchen & Dining > Cookware & Bakeware > Bakeware
gedachtnisschaum-nackenstutzkissen-60-35-13-cm-619300	Home & Garden > Decor	Home & Garden > Linens & Bedding > Bedding > Pillows
grosses-seitennackenkissen-fur-das-bett-622100	Home & Garden > Decor	Home & Garden > Linens & Bedding > Bedding > Pillows
u-form-memory-foam-kissen-620400	Home & Garden > Decor	Home & Garden > Linens & Bedding > Bedding > Pillows
memory-foam-schlafkissen-mit-langsamer-ruckfed-607700	Home & Garden > Decor	Home & Garden > Linens & Bedding > Bedding > Pillows
multifunktionale-abisolierzange-fur-elektriker-bb9726	Hardware > Tools	Hardware > Tools > Pliers
abtropfgestell-aus-edelstahl-fur-die-spule-295168	Home & Garden > Kitchen & Dining	Home & Garden > Kitchen & Dining > Kitchen Tools & Utensils > Dish Racks & Drain Boards
elektrischer-messerscharfer-fur-den-haushalt-496448	Home & Garden > Kitchen & Dining	Home & Garden > Kitchen & Dining > Kitchen Appliances > Knife Sharpeners
ergonomisches-nackenkissen-aus-memory-foam-607200	Home & Garden > Decor	Home & Garden > Linens & Bedding > Bedding > Pillows
memory-schaum-kissen-mit-nackenstutze-622200	Home & Garden > Decor	Home & Garden > Linens & Bedding > Bedding > Pillows
kopfkissen-mit-nackenschutz-607900	Home & Garden > Decor	Home & Garden > Linens & Bedding > Bedding > Pillows
katzenhaus-mit-integrierter-katzentoilette-601200	Animals & Pet Supplies > Pet Supplies	Animals & Pet Supplies > Pet Supplies > Cat Supplies > Cat Furniture
kratzerfreie-katzen-lounge-mit-bett-gross-628700	Animals & Pet Supplies > Pet Supplies	Animals & Pet Supplies > Pet Supplies > Cat Supplies > Cat Beds
spielball-mit-leck-funktion-fur-hunde-622784	Animals & Pet Supplies > Pet Supplies	Animals & Pet Supplies > Pet Supplies > Dog Supplies > Dog Toys
kuhlender-spielball-fur-hunde-langsames-futter-620500	Animals & Pet Supplies > Pet Supplies	Animals & Pet Supplies > Pet Supplies > Dog Supplies > Dog Toys
tragbares-golfball-reinigungsgerat-748352	Hardware > Tools	Sporting Goods > Outdoor Recreation > Golf
silikonform-tulpenbluten-kerze-376000	Hardware > Tools	Arts & Entertainment > Hobbies & Creative Arts > Arts & Crafts > Crafting Patterns & Molds > Craft Molds
silikonform-fur-diy-skelettkerzen-124288	Hardware > Tools	Arts & Entertainment > Hobbies & Creative Arts > Arts & Crafts > Crafting Patterns & Molds > Craft Molds
aromatherapie-kerzenform-herz-saule-017472	Hardware > Tools	Arts & Entertainment > Hobbies & Creative Arts > Arts & Crafts > Crafting Patterns & Molds > Craft Molds
diy-kerzenform-astronaut-meerjungfrau-063552	Hardware > Tools	Arts & Entertainment > Hobbies & Creative Arts > Arts & Crafts > Crafting Patterns & Molds > Craft Molds
silikonform-muschel-kerzen-997184	Hardware > Tools	Arts & Entertainment > Hobbies & Creative Arts > Arts & Crafts > Crafting Patterns & Molds > Craft Molds
aromatherapie-gips-seifenform-fur-wachstafeln-217024	Hardware > Tools	Arts & Entertainment > Hobbies & Creative Arts > Arts & Crafts > Crafting Patterns & Molds > Craft Molds
diy-silikonform-meeresmotive-fur-epoxidharz-119616	Hardware > Tools	Arts & Entertainment > Hobbies & Creative Arts > Arts & Crafts > Crafting Patterns & Molds > Craft Molds
knoblauchpresse-aus-edelstahl-303552	Hardware > Tools	Home & Garden > Kitchen & Dining > Kitchen Tools & Utensils
reifenschwammburste-fur-fahrzeuge-733248	Hardware > Tools	Vehicles & Parts > Vehicle Parts & Accessories > Vehicle Maintenance, Care & Decor > Vehicle Cleaning
ethereal-drum-8-ton-12-zoll-zungentrommel-231424	Hardware > Tools	Arts & Entertainment > Hobbies & Creative Arts > Musical Instruments
zylindrische-kerzenform-fur-kirchen-dach-548096	Hardware > Tools	Arts & Entertainment > Hobbies & Creative Arts > Arts & Crafts > Crafting Patterns & Molds > Craft Molds
gitarren-schlagbrett-diverse-modelle-155584	Hardware > Tools	Arts & Entertainment > Hobbies & Creative Arts > Musical Instrument & Orchestra Accessories > String Instrument Accessories
spatz-silikonform-fur-kerzen-und-gips-f090eb	Hardware > Tools	Arts & Entertainment > Hobbies & Creative Arts > Arts & Crafts > Crafting Patterns & Molds > Craft Molds
madchen-kerzenhalter-mit-blumen-design-a86aed	Hardware > Tools	Home & Garden > Decor > Home Fragrance Accessories > Candle Holders
mika-daumenklavier-17-tone-04ce3f	Hardware > Tools	Arts & Entertainment > Hobbies & Creative Arts > Musical Instruments
kerzenform-lowenkopf-retro-diy-282972	Hardware > Tools	Arts & Entertainment > Hobbies & Creative Arts > Arts & Crafts > Crafting Patterns & Molds > Craft Molds
kapodaster-fur-folk-und-e-gitarren-fed160	Hardware > Tools	Arts & Entertainment > Hobbies & Creative Arts > Musical Instrument & Orchestra Accessories > String Instrument Accessories
eiserner-kerzenhalter-1c148-schwarz-958144	Hardware > Tools	Home & Garden > Decor > Home Fragrance Accessories > Candle Holders
faltbarer-uv-schutz-regenschirm-261312	Hardware > Tools	Home & Garden > Parasols & Rain Umbrellas
acryl-kalimba-17-tone-transparent-0c3b22	Hardware > Tools	Arts & Entertainment > Hobbies & Creative Arts > Musical Instruments
holzkerzenhalter-in-verschiedenen-grossen-1fe8ae	Hardware > Tools	Home & Garden > Decor > Home Fragrance Accessories > Candle Holders
van-gogh-olgemalde-regenschirm-1d3469	Hardware > Tools	Home & Garden > Parasols & Rain Umbrellas
stahlgabel-fur-golfplatzreparatur-31fa42	Hardware > Tools	Sporting Goods > Outdoor Recreation > Golf
kalimba-daumenklavier-17-tone-d91282	Hardware > Tools	Arts & Entertainment > Hobbies & Creative Arts > Musical Instruments
uhrenbeweger-mit-piano-lack-03c222	Hardware > Tools	Apparel & Accessories > Jewelry > Watch Accessories > Watch Winders
gitarrensaiten-fur-folk-gitarre-dbb391	Hardware > Tools	Arts & Entertainment > Hobbies & Creative Arts > Musical Instrument & Orchestra Accessories > String Instrument Accessories
kerzenhalter-aus-schmiedeeisen-mit-glas-230723	Hardware > Tools	Home & Garden > Decor > Home Fragrance Accessories > Candle Holders
weihnachtsdeer-kerzenhalter-aus-eisen-1b5d86	Hardware > Tools	Home & Garden > Decor > Home Fragrance Accessories > Candle Holders
eierkurzer-aus-edelstahl-0eee44	Hardware > Tools	Home & Garden > Kitchen & Dining > Kitchen Tools & Utensils
100-stuck-wattestabchen-im-karton-fc57c0	Hardware > Tools	Health & Beauty > Personal Care > Cotton Swabs
gitarren-stompbox-fur-solo-effekte-a29afd	Hardware > Tools	Arts & Entertainment > Hobbies & Creative Arts > Musical Instrument & Orchestra Accessories > String Instrument Accessories
mikrofaser-feather-duster-mit-rundem-kopf-14693b	Hardware > Tools	Home & Garden > Household Supplies > Household Cleaning Supplies
e-gitarren-pickup-in-chrom-schwarz-e7ce34	Hardware > Tools	Arts & Entertainment > Hobbies & Creative Arts > Musical Instrument & Orchestra Accessories > String Instrument Accessories
multifunktionaler-staubsauger-aufsatz-8-teilig-612100	Hardware > Tools	Home & Garden > Household Appliance Accessories > Vacuum Accessories
faltbarer-sonnen-und-regenschirm-603700	Hardware > Tools	Home & Garden > Parasols & Rain Umbrellas
anti-beschlag-hydrophobes-spray-fur-autoscheib-613600	Hardware > Tools	Vehicles & Parts > Vehicle Parts & Accessories > Vehicle Maintenance, Care & Decor > Vehicle Cleaning
reifen-glanz-und-pflegecreme-634500	Hardware > Tools	Vehicles & Parts > Vehicle Parts & Accessories > Vehicle Maintenance, Care & Decor > Vehicle Cleaning
radnaben-kratzerpflegecreme-601500	Hardware > Tools	Vehicles & Parts > Vehicle Parts & Accessories > Vehicle Maintenance, Care & Decor > Vehicle Cleaning
nano-spray-fur-autos-633700	Hardware > Tools	Vehicles & Parts > Vehicle Parts & Accessories > Vehicle Maintenance, Care & Decor > Vehicle Cleaning
reifen-und-kunststoffpflege-612600	Hardware > Tools	Vehicles & Parts > Vehicle Parts & Accessories > Vehicle Maintenance, Care & Decor > Vehicle Cleaning
mini-schirm-fur-sonne-und-regen-626700	Hardware > Tools	Home & Garden > Parasols & Rain Umbrellas
elm327-hsms-can-obd2-diagnosegerat-fur-ford-ma-635400	Hardware > Tools	Vehicles & Parts > Vehicle Parts & Accessories > Vehicle Maintenance, Care & Decor > Vehicle Repair & Specialty Tools > Vehicle Diagnostic Scanners
t200-diagnosegerat-fur-fahrzeugfehler-603800	Hardware > Tools	Vehicles & Parts > Vehicle Parts & Accessories > Vehicle Maintenance, Care & Decor > Vehicle Repair & Specialty Tools > Vehicle Diagnostic Scanners
auto-diagnosegerat-elm327-modified-line-plus-609100	Hardware > Tools	Vehicles & Parts > Vehicle Parts & Accessories > Vehicle Maintenance, Care & Decor > Vehicle Repair & Specialty Tools > Vehicle Diagnostic Scanners
ersatzschlauch-set-fur-staubsauger-627200	Hardware > Tools	Home & Garden > Household Appliance Accessories > Vacuum Accessories
kabelloser-handstaubsauger-mit-lithium-akku-601700	Hardware > Tools	Home & Garden > Household Appliances > Vacuums
elektrische-poliermaschine-fur-haushalt-auto-606200	Hardware > Tools	Vehicles & Parts > Vehicle Parts & Accessories > Vehicle Maintenance, Care & Decor > Vehicle Cleaning
faltbarer-spinnenfanger-mit-langem-stiel-618300	Hardware > Tools	Home & Garden > Household Supplies > Household Cleaning Supplies
manueller-brotschneider-im-retro-stil-613600	Hardware > Tools	Home & Garden > Kitchen & Dining > Kitchen Tools & Utensils
automatischer-uv-schutz-schirm-mit-totenkopf-636100	Hardware > Tools	Home & Garden > Parasols & Rain Umbrellas
princess-sonnenschirm-mit-spitze-617300	Hardware > Tools	Home & Garden > Parasols & Rain Umbrellas
wischmopp-mit-rotierbarem-kopf-629300	Hardware > Tools	Home & Garden > Household Supplies > Household Cleaning Supplies
reifen-glanz-fluid-614300	Hardware > Tools	Vehicles & Parts > Vehicle Parts & Accessories > Vehicle Maintenance, Care & Decor > Vehicle Cleaning
mobiles-starthilfegerat-mit-8-in-1-beleuchtung-612800	Hardware > Tools	Vehicles & Parts > Vehicle Parts & Accessories > Vehicle Maintenance, Care & Decor > Vehicle Repair & Specialty Tools > Vehicle Jump Starters
reinigungs-paste-fur-windschutzscheiben-620900	Hardware > Tools	Vehicles & Parts > Vehicle Parts & Accessories > Vehicle Maintenance, Care & Decor > Vehicle Cleaning
staubsauger-adapter-fur-v7-v8-v10-v11-618900	Hardware > Tools	Home & Garden > Household Appliance Accessories > Vacuum Accessories
ausziehbarer-staubwedel-fur-die-deckenreinigun-627400	Hardware > Tools	Home & Garden > Household Supplies > Household Cleaning Supplies
auto-schiebedach-ablaufreiniger-614500	Hardware > Tools	Vehicles & Parts > Vehicle Parts & Accessories > Vehicle Maintenance, Care & Decor > Vehicle Cleaning
aromatherapie-kerzen-seifenform-615900	Hardware > Tools	Arts & Entertainment > Hobbies & Creative Arts > Arts & Crafts > Crafting Patterns & Molds > Craft Molds
kabelloser-handstaubsauger-mit-blasfunktion-626500	Hardware > Tools	Home & Garden > Household Appliances > Vacuums
fassoffner-aus-gehartetem-karbonstahl-619700	Hardware > Tools	Home & Garden > Kitchen & Dining > Kitchen Tools & Utensils
silikonform-fur-unregelmassige-kerzenschale-628200	Hardware > Tools	Arts & Entertainment > Hobbies & Creative Arts > Arts & Crafts > Crafting Patterns & Molds > Craft Molds
intelligenter-sprungball-fur-hunde-604900	Animals & Pet Supplies > Pet Supplies	Animals & Pet Supplies > Pet Supplies > Dog Supplies > Dog Toys
katzenbett-plattform-mit-saugnapf-58x30-cm-602300	Animals & Pet Supplies > Pet Supplies	Animals & Pet Supplies > Pet Supplies > Cat Supplies > Cat Beds
elektrisches-ufo-spielzeug-fur-katzen-613200	Animals & Pet Supplies > Pet Supplies	Animals & Pet Supplies > Pet Supplies > Cat Supplies > Cat Toys
elektrischer-katzenspielzeug-mit-glocke-611100	Animals & Pet Supplies > Pet Supplies	Animals & Pet Supplies > Pet Supplies > Cat Supplies > Cat Toys
hund-oxford-stoff-kauspielzeug-mit-quietschfun-636500	Animals & Pet Supplies > Pet Supplies	Animals & Pet Supplies > Pet Supplies > Dog Supplies > Dog Toys
automatisch-rollendes-katzenball-spielzeug-615900	Animals & Pet Supplies > Pet Supplies	Animals & Pet Supplies > Pet Supplies > Cat Supplies > Cat Toys
elektrischer-katzenspielzeug-mit-fernsteuerung-602200	Animals & Pet Supplies > Pet Supplies	Animals & Pet Supplies > Pet Supplies > Cat Supplies > Cat Toys
led-fahrradrucksack-mit-blinker-funk-fernbedienung-wasserabweisend	Apparel & Accessories > Handbags, Wallets & Cases > Handbags	Luggage & Bags > Backpacks
make-up-tasche-mirror-kosmetiketui-mit-integriertem-spiegel	Apparel & Accessories > Handbags, Wallets & Cases > Handbags	Luggage & Bags > Cosmetic & Toiletry Bags
allover-rucksack-selbst-gestalten	Apparel & Accessories > Handbags, Wallets & Cases > Handbags	Luggage & Bags > Backpacks
weekender-reisetasche-voyage-faltbar-mit-extra-fach	Apparel & Accessories > Handbags, Wallets & Cases > Handbags	Luggage & Bags > Duffel Bags
wasserdichter-business-rucksack-612200	Apparel & Accessories > Handbags, Wallets & Cases > Handbags	Luggage & Bags > Backpacks
retro-canvas-rucksack-gross-klein-602800	Apparel & Accessories > Handbags, Wallets & Cases > Handbags	Luggage & Bags > Backpacks
multifunktionaler-rucksack-mit-doppelten-schul-602400	Apparel & Accessories > Handbags, Wallets & Cases > Handbags	Luggage & Bags > Backpacks
reisetasche-aus-crazy-horse-leder-628100	Apparel & Accessories > Handbags, Wallets & Cases > Handbags	Luggage & Bags > Duffel Bags
grosser-campus-rucksack-mit-laptopfach-638900	Apparel & Accessories > Handbags, Wallets & Cases > Handbags	Luggage & Bags > Backpacks
outdoor-canvas-rucksack-wasserdicht-610500	Apparel & Accessories > Handbags, Wallets & Cases > Handbags	Luggage & Bags > Backpacks
business-rucksack-mit-nass-trocken-trennung-624800	Apparel & Accessories > Handbags, Wallets & Cases > Handbags	Luggage & Bags > Backpacks
tier-print-rucksack-mit-viel-stauraum-625900	Apparel & Accessories > Handbags, Wallets & Cases > Handbags	Luggage & Bags > Backpacks
business-rucksack-mit-grosser-kapazitat-633700	Apparel & Accessories > Handbags, Wallets & Cases > Handbags	Luggage & Bags > Backpacks
vakuum-kompressionsrucksack-604800	Apparel & Accessories > Handbags, Wallets & Cases > Handbags	Luggage & Bags > Backpacks
45l-taktischer-rucksack-fur-outdoor-bergsteige-628200	Apparel & Accessories > Handbags, Wallets & Cases > Handbags	Luggage & Bags > Backpacks
3-teiliges-dino-rucksack-set-fur-kinder-615000	Apparel & Accessories > Handbags, Wallets & Cases > Handbags	Luggage & Bags > Backpacks
handgepack-rucksack-fur-easyjet-wizz-air-432706	Apparel & Accessories > Handbags, Wallets & Cases > Handbags	Luggage & Bags > Backpacks
rucksack-aus-vollnarbenleder-fur-herren-608700	Apparel & Accessories > Handbags, Wallets & Cases > Handbags	Luggage & Bags > Backpacks
reise-rucksack-mit-grossem-fassungsvermogen-609500	Apparel & Accessories > Handbags, Wallets & Cases > Handbags	Luggage & Bags > Backpacks
leichter-wanderrucksack-fur-outdoor-abenteuer-633800	Apparel & Accessories > Handbags, Wallets & Cases > Handbags	Luggage & Bags > Backpacks
sporttasche-fur-fitness-und-wandern-603500	Apparel & Accessories > Handbags, Wallets & Cases > Handbags	Luggage & Bags > Duffel Bags
cyber-style-mecha-unisex-rucksack-603200	Apparel & Accessories > Handbags, Wallets & Cases > Handbags	Luggage & Bags > Backpacks
wasserdichter-outdoor-rucksack-60l-630000	Apparel & Accessories > Handbags, Wallets & Cases > Handbags	Luggage & Bags > Backpacks
business-reisetasche-20-35l-609100	Apparel & Accessories > Handbags, Wallets & Cases > Handbags	Luggage & Bags > Duffel Bags
39l-taktischer-militar-rucksack-264385	Apparel & Accessories > Handbags, Wallets & Cases > Handbags	Luggage & Bags > Backpacks
minimalistischer-pendler-rucksack-fur-15-zoll-605600	Apparel & Accessories > Handbags, Wallets & Cases > Handbags	Luggage & Bags > Backpacks
business-rucksack-mit-vakuum-kompressionsbeute-629100	Apparel & Accessories > Handbags, Wallets & Cases > Handbags	Luggage & Bags > Backpacks
filz-rucksack-fur-outdoor-aktivitaten-636200	Apparel & Accessories > Handbags, Wallets & Cases > Handbags	Luggage & Bags > Backpacks
lederrucksack-fur-herren-621700	Apparel & Accessories > Handbags, Wallets & Cases > Handbags	Luggage & Bags > Backpacks
wanderrucksack-fur-outdoor-und-freizeit-621900	Apparel & Accessories > Handbags, Wallets & Cases > Handbags	Luggage & Bags > Backpacks
reise-rucksack-fur-geschaftsreisen-632900	Apparel & Accessories > Handbags, Wallets & Cases > Handbags	Luggage & Bags > Backpacks
leichter-multifunktionaler-rucksack-mit-grosse-617500	Apparel & Accessories > Handbags, Wallets & Cases > Handbags	Luggage & Bags > Backpacks
grosse-kleidersack-reisetasche-622300	Apparel & Accessories > Handbags, Wallets & Cases > Handbags	Luggage & Bags > Duffel Bags
faltbarer-wanderrucksack-20-35l-635200	Apparel & Accessories > Handbags, Wallets & Cases > Handbags	Luggage & Bags > Backpacks
business-rucksack-mit-viel-stauraum-624700	Apparel & Accessories > Handbags, Wallets & Cases > Handbags	Luggage & Bags > Backpacks
reise-rucksack-fur-herren-600600	Apparel & Accessories > Handbags, Wallets & Cases > Handbags	Luggage & Bags > Backpacks
business-commuter-rucksack-grosses-volumen-602000	Apparel & Accessories > Handbags, Wallets & Cases > Handbags	Luggage & Bags > Backpacks
leichter-outdoor-rucksack-611100	Apparel & Accessories > Handbags, Wallets & Cases > Handbags	Luggage & Bags > Backpacks
multifunktionale-sporttasche-mit-zwei-griffen-630200	Apparel & Accessories > Handbags, Wallets & Cases > Handbags	Luggage & Bags > Duffel Bags
leichte-outdoor-sporttasche-618900	Apparel & Accessories > Handbags, Wallets & Cases > Handbags	Luggage & Bags > Duffel Bags
leichter-wanderrucksack-36-55l-630700	Apparel & Accessories > Handbags, Wallets & Cases > Handbags	Luggage & Bags > Backpacks
leichter-rucksack-fur-pendler-und-reisen-622600	Apparel & Accessories > Handbags, Wallets & Cases > Handbags	Luggage & Bags > Backpacks
wasserdichter-wanderrucksack-mit-grossem-fassu-610600	Apparel & Accessories > Handbags, Wallets & Cases > Handbags	Luggage & Bags > Backpacks
vakuum-kompressions-rucksack-fur-reisen-631200	Apparel & Accessories > Handbags, Wallets & Cases > Handbags	Luggage & Bags > Backpacks
retro-lederrucksack-fur-herren-und-studenten-626200	Apparel & Accessories > Handbags, Wallets & Cases > Handbags	Luggage & Bags > Backpacks
multifunktionaler-outdoor-rucksack-636700	Apparel & Accessories > Handbags, Wallets & Cases > Handbags	Luggage & Bags > Backpacks
wasserdichter-oxford-stoff-angelrucksack-600000	Apparel & Accessories > Handbags, Wallets & Cases > Handbags	Luggage & Bags > Backpacks
business-rucksack-fur-herren-610900	Apparel & Accessories > Handbags, Wallets & Cases > Handbags	Luggage & Bags > Backpacks
grosser-wasserabweisender-reise-rucksack-613901	Apparel & Accessories > Handbags, Wallets & Cases > Handbags	Luggage & Bags > Backpacks
business-rucksack-mit-usb-port-628900	Apparel & Accessories > Handbags, Wallets & Cases > Handbags	Luggage & Bags > Backpacks
lederrucksack-outdoor-604300	Apparel & Accessories > Handbags, Wallets & Cases > Handbags	Luggage & Bags > Backpacks
nylon-camouflage-taktischer-rucksack-616800	Apparel & Accessories > Handbags, Wallets & Cases > Handbags	Luggage & Bags > Backpacks
leder-aktentasche-fur-herren-631200	Apparel & Accessories > Handbags, Wallets & Cases > Handbags	Luggage & Bags > Briefcases
brust-und-hufttasche-aus-leder-606500	Apparel & Accessories > Handbags, Wallets & Cases > Handbags	Luggage & Bags > Fanny Packs
herren-gurteltasche-aus-echtem-vollnarbenleder-609000	Apparel & Accessories > Handbags, Wallets & Cases > Handbags	Luggage & Bags > Fanny Packs
bookwind-reise-und-sporttasche-603000	Apparel & Accessories > Handbags, Wallets & Cases > Handbags	Luggage & Bags > Duffel Bags
leder-bauchtasche-fur-herren-robust-635500	Apparel & Accessories > Handbags, Wallets & Cases > Handbags	Luggage & Bags > Fanny Packs
crossbody-rucksack-aus-vollnarbenleder-606100	Apparel & Accessories > Handbags, Wallets & Cases > Handbags	Luggage & Bags > Backpacks
crossbody-mini-rucksack-aus-leder-638600	Apparel & Accessories > Handbags, Wallets & Cases > Handbags	Luggage & Bags > Backpacks
multifunktionale-sport-hufttasche-612200	Apparel & Accessories > Handbags, Wallets & Cases > Handbags	Luggage & Bags > Fanny Packs
leder-bauchtasche-fur-herren-600600	Apparel & Accessories > Handbags, Wallets & Cases > Handbags	Luggage & Bags > Fanny Packs
kulturtasche-fur-outdoor-und-reisen-611500	Apparel & Accessories > Handbags, Wallets & Cases > Handbags	Luggage & Bags > Cosmetic & Toiletry Bags
reisetasche-mit-nass-und-trockenfach-633900	Apparel & Accessories > Handbags, Wallets & Cases > Handbags	Luggage & Bags > Duffel Bags
grosser-18-zoll-trolley-mit-volumenerweiterung-614100	Apparel & Accessories > Handbags, Wallets & Cases > Handbags	Luggage & Bags > Suitcases
36l-outdoor-rucksack-327042	Apparel & Accessories > Handbags, Wallets & Cases > Handbags	Luggage & Bags > Backpacks
retro-hufttasche-aus-rindsleder-603200	Apparel & Accessories > Handbags, Wallets & Cases > Handbags	Luggage & Bags > Fanny Packs
retro-gurteltasche-aus-canvas-fur-herren-606000	Apparel & Accessories > Handbags, Wallets & Cases > Handbags	Luggage & Bags > Fanny Packs
wasserdichte-crossbody-gurteltasche-fur-herren-615200	Apparel & Accessories > Handbags, Wallets & Cases > Handbags	Luggage & Bags > Fanny Packs
42-zoll-trolley-koffer-erweiterbar-065986	Apparel & Accessories > Handbags, Wallets & Cases > Handbags	Luggage & Bags > Suitcases
wasserdichte-sport-und-reisetasche-616800	Apparel & Accessories > Handbags, Wallets & Cases > Handbags	Luggage & Bags > Duffel Bags
aluminium-koffer-mit-rahmen-20-zoll-633200	Apparel & Accessories > Handbags, Wallets & Cases > Handbags	Luggage & Bags > Suitcases
casual-crossbody-gurteltasche-mit-gepragtem-di-610600	Apparel & Accessories > Handbags, Wallets & Cases > Handbags	Luggage & Bags > Fanny Packs
herren-clutch-wallet-leder-tasche-628200	Apparel & Accessories > Handbags, Wallets & Cases > Handbags	Apparel & Accessories > Handbags, Wallets & Cases > Wallets & Money Clips
multifunktions-gurteltasche-608000	Apparel & Accessories > Handbags, Wallets & Cases > Handbags	Luggage & Bags > Fanny Packs
herren-crazy-horse-ledergurteltasche-619700	Apparel & Accessories > Handbags, Wallets & Cases > Handbags	Luggage & Bags > Fanny Packs
universelle-hufttasche-620700	Apparel & Accessories > Handbags, Wallets & Cases > Handbags	Luggage & Bags > Fanny Packs
koreanischer-herren-gurteltasche-outdoor-sport-616900	Apparel & Accessories > Handbags, Wallets & Cases > Handbags	Luggage & Bags > Fanny Packs
schweizer-manner-geldborse-aus-erster-rinderha-619000	Apparel & Accessories > Handbags, Wallets & Cases > Handbags	Apparel & Accessories > Handbags, Wallets & Cases > Wallets & Money Clips
herren-kurzgeldborse-aus-vollleder-mit-mehrere-617500	Apparel & Accessories > Handbags, Wallets & Cases > Handbags	Apparel & Accessories > Handbags, Wallets & Cases > Wallets & Money Clips
retro-leder-herren-geldborse-629000	Apparel & Accessories > Handbags, Wallets & Cases > Handbags	Apparel & Accessories > Handbags, Wallets & Cases > Wallets & Money Clips
herren-geldborse-aus-hochwertigem-leder-617500	Apparel & Accessories > Handbags, Wallets & Cases > Handbags	Apparel & Accessories > Handbags, Wallets & Cases > Wallets & Money Clips
herren-geldborse-mit-carbonfaser-optik-609100	Apparel & Accessories > Handbags, Wallets & Cases > Handbags	Apparel & Accessories > Handbags, Wallets & Cases > Wallets & Money Clips
herren-geldborse-mit-diebstahlschutz-632500	Apparel & Accessories > Handbags, Wallets & Cases > Handbags	Apparel & Accessories > Handbags, Wallets & Cases > Wallets & Money Clips
retro-gebrauchspuren-herren-geldborse-601200	Apparel & Accessories > Handbags, Wallets & Cases > Handbags	Apparel & Accessories > Handbags, Wallets & Cases > Wallets & Money Clips
manner-geldborse-aus-pu-leder-617000	Apparel & Accessories > Handbags, Wallets & Cases > Handbags	Apparel & Accessories > Handbags, Wallets & Cases > Wallets & Money Clips
leder-geldborse-mit-olfarbe-615400	Apparel & Accessories > Handbags, Wallets & Cases > Handbags	Apparel & Accessories > Handbags, Wallets & Cases > Wallets & Money Clips
kartenetui-aus-carbonfaser-619100	Apparel & Accessories > Handbags, Wallets & Cases > Handbags	Apparel & Accessories > Handbags, Wallets & Cases > Wallets & Money Clips
grosses-kartenportemonnaie-603900	Apparel & Accessories > Handbags, Wallets & Cases > Handbags	Apparel & Accessories > Handbags, Wallets & Cases > Wallets & Money Clips
sporttasche-mit-handyfach-634300	Apparel & Accessories > Handbags, Wallets & Cases > Handbags	Luggage & Bags > Duffel Bags
kartenhalter-aus-olfarben-leder-607400	Apparel & Accessories > Handbags, Wallets & Cases > Handbags	Apparel & Accessories > Handbags, Wallets & Cases > Wallets & Money Clips
taktisches-portemonnaie-aus-carbonfaser-618900	Apparel & Accessories > Handbags, Wallets & Cases > Handbags	Apparel & Accessories > Handbags, Wallets & Cases > Wallets & Money Clips
kartenhalter-id-tasche-632800	Apparel & Accessories > Handbags, Wallets & Cases > Handbags	Apparel & Accessories > Handbags, Wallets & Cases > Wallets & Money Clips
kartenetui-mit-ortungschip-601900	Apparel & Accessories > Handbags, Wallets & Cases > Handbags	Apparel & Accessories > Handbags, Wallets & Cases > Wallets & Money Clips
magnetischer-kartenhalter-mit-sicherheitsschut-616000	Apparel & Accessories > Handbags, Wallets & Cases > Handbags	Apparel & Accessories > Handbags, Wallets & Cases > Wallets & Money Clips
leder-kartenhalter-fur-herren-623300	Apparel & Accessories > Handbags, Wallets & Cases > Handbags	Apparel & Accessories > Handbags, Wallets & Cases > Wallets & Money Clips
leder-kartenetui-mit-knopf-und-elastischem-ban-636400	Apparel & Accessories > Handbags, Wallets & Cases > Handbags	Apparel & Accessories > Handbags, Wallets & Cases > Wallets & Money Clips
kartenhalter-geldborse-608300	Apparel & Accessories > Handbags, Wallets & Cases > Handbags	Apparel & Accessories > Handbags, Wallets & Cases > Wallets & Money Clips
kartenhalter-braun-619600	Apparel & Accessories > Handbags, Wallets & Cases > Handbags	Apparel & Accessories > Handbags, Wallets & Cases > Wallets & Money Clips
mehrfach-geldborse-aus-leder-614000	Apparel & Accessories > Handbags, Wallets & Cases > Handbags	Apparel & Accessories > Handbags, Wallets & Cases > Wallets & Money Clips
mannliche-leder-geldborse-mit-kartenslots-633300	Apparel & Accessories > Handbags, Wallets & Cases > Handbags	Apparel & Accessories > Handbags, Wallets & Cases > Wallets & Money Clips
manner-geldborse-aus-echtleder-631500	Apparel & Accessories > Handbags, Wallets & Cases > Handbags	Apparel & Accessories > Handbags, Wallets & Cases > Wallets & Money Clips
retro-geldborse-aus-oko-leder-611300	Apparel & Accessories > Handbags, Wallets & Cases > Handbags	Apparel & Accessories > Handbags, Wallets & Cases > Wallets & Money Clips
einfaches-portemonnaie-mit-rfid-schutz-612300	Apparel & Accessories > Handbags, Wallets & Cases > Handbags	Apparel & Accessories > Handbags, Wallets & Cases > Wallets & Money Clips
minimalistisches-airtag-geldborse-fur-herren-757377	Apparel & Accessories > Handbags, Wallets & Cases > Handbags	Apparel & Accessories > Handbags, Wallets & Cases > Wallets & Money Clips
minimales-kartenhalter-wallet-mit-rfid-schutz-720065	Apparel & Accessories > Handbags, Wallets & Cases > Handbags	Apparel & Accessories > Handbags, Wallets & Cases > Wallets & Money Clips
minimalistisches-portemonnaie-mit-kartenfach-370946	Apparel & Accessories > Handbags, Wallets & Cases > Handbags	Apparel & Accessories > Handbags, Wallets & Cases > Wallets & Money Clips
smart-wallet-mit-airtag-halter-286978	Apparel & Accessories > Handbags, Wallets & Cases > Handbags	Apparel & Accessories > Handbags, Wallets & Cases > Wallets & Money Clips
retro-leder-geldborse-616300	Apparel & Accessories > Handbags, Wallets & Cases > Handbags	Apparel & Accessories > Handbags, Wallets & Cases > Wallets & Money Clips
grosses-leder-geldborse-mit-kartenfachern-634800	Apparel & Accessories > Handbags, Wallets & Cases > Handbags	Apparel & Accessories > Handbags, Wallets & Cases > Wallets & Money Clips
casual-reise-rucksack-unisex-628900	Apparel & Accessories > Handbags, Wallets & Cases > Handbags	Luggage & Bags > Backpacks
reise-und-freizeit-rucksack-gross-636700	Apparel & Accessories > Handbags, Wallets & Cases > Handbags	Luggage & Bags > Backpacks
atmungsaktiver-mesh-rucksack-mit-kordelzug-601400	Apparel & Accessories > Handbags, Wallets & Cases > Handbags	Luggage & Bags > Backpacks
militar-stil-wanderrucksack-gross-600900	Apparel & Accessories > Handbags, Wallets & Cases > Handbags	Luggage & Bags > Backpacks
rfid-kartenetui-mit-munzfach-aus-pu-leder-623700	Apparel & Accessories > Handbags, Wallets & Cases > Handbags	Apparel & Accessories > Handbags, Wallets & Cases > Wallets & Money Clips
retro-canvas-portemonnaie-und-necessaire-606900	Apparel & Accessories > Handbags, Wallets & Cases > Handbags	Apparel & Accessories > Handbags, Wallets & Cases > Wallets & Money Clips
minimalistisches-portemonnaie-mit-airtag-chip-636900	Apparel & Accessories > Handbags, Wallets & Cases > Handbags	Apparel & Accessories > Handbags, Wallets & Cases > Wallets & Money Clips
multifunktionales-anti-diebstahl-kartenetui-fu-628900	Apparel & Accessories > Handbags, Wallets & Cases > Handbags	Apparel & Accessories > Handbags, Wallets & Cases > Wallets & Money Clips
herren-portemonnaie-mit-rfid-schutz-593602	Apparel & Accessories > Handbags, Wallets & Cases > Handbags	Apparel & Accessories > Handbags, Wallets & Cases > Wallets & Money Clips
slim-wallet-mit-rfid-schutz-und-kartenautomati-532929	Apparel & Accessories > Handbags, Wallets & Cases > Handbags	Apparel & Accessories > Handbags, Wallets & Cases > Wallets & Money Clips
manner-unternehmensrucksack-798208	Apparel & Accessories > Handbags, Wallets & Cases > Handbags	Luggage & Bags > Backpacks
studenten-rucksack-049152	Apparel & Accessories > Handbags, Wallets & Cases > Handbags	Luggage & Bags > Backpacks
geschaftslaptop-rucksack-585728	Apparel & Accessories > Handbags, Wallets & Cases > Handbags	Luggage & Bags > Backpacks
gro-e-schulrucksacktasche-014272	Apparel & Accessories > Handbags, Wallets & Cases > Handbags	Luggage & Bags > Backpacks
reisetasche-352064	Apparel & Accessories > Handbags, Wallets & Cases > Handbags	Luggage & Bags > Duffel Bags
schwarzer-reisetasche-780544	Apparel & Accessories > Handbags, Wallets & Cases > Handbags	Luggage & Bags > Duffel Bags
rucksack-aus-rindsleder-mit-zugband-352448	Apparel & Accessories > Handbags, Wallets & Cases > Handbags	Luggage & Bags > Backpacks
geflochtener-herren-rucksack-402880	Apparel & Accessories > Handbags, Wallets & Cases > Handbags	Luggage & Bags > Backpacks
schulrucksack-set-5-teilig-203072	Apparel & Accessories > Handbags, Wallets & Cases > Handbags	Luggage & Bags > Backpacks
sporttasche-fur-manner-233600	Apparel & Accessories > Handbags, Wallets & Cases > Handbags	Luggage & Bags > Duffel Bags
rucksack-computer-tasche-grosses-fassungsvermo-791680	Apparel & Accessories > Handbags, Wallets & Cases > Handbags	Luggage & Bags > Backpacks
gro-es-outdoor-rucksack-862016	Apparel & Accessories > Handbags, Wallets & Cases > Handbags	Luggage & Bags > Backpacks
gro-e-grafitti-rucksacktasche-495040	Apparel & Accessories > Handbags, Wallets & Cases > Handbags	Luggage & Bags > Backpacks
tierisch-stilvoller-rucksack-961472	Apparel & Accessories > Handbags, Wallets & Cases > Handbags	Luggage & Bags > Backpacks
schulrucksack-mit-sicherheitsfunktion-826304	Apparel & Accessories > Handbags, Wallets & Cases > Handbags	Luggage & Bags > Backpacks
outdoor-rucksack-mit-usb-ladefunktion-020864	Apparel & Accessories > Handbags, Wallets & Cases > Handbags	Luggage & Bags > Backpacks
reisetasche-mit-sternenmuster-493248	Apparel & Accessories > Handbags, Wallets & Cases > Handbags	Luggage & Bags > Duffel Bags
retro-reiserucksack-aus-crazy-horse-leder-327872	Apparel & Accessories > Handbags, Wallets & Cases > Handbags	Luggage & Bags > Backpacks
tigerkopf-rucksack-gepragter-reiserucksack-634752	Apparel & Accessories > Handbags, Wallets & Cases > Handbags	Luggage & Bags > Backpacks
wasserdichter-unisex-rucksack-30l-891712	Apparel & Accessories > Handbags, Wallets & Cases > Handbags	Luggage & Bags > Backpacks
leder-unternehmensrucksack-613760	Apparel & Accessories > Handbags, Wallets & Cases > Handbags	Luggage & Bags > Backpacks
reise-rucksack-fur-manner-764416	Apparel & Accessories > Handbags, Wallets & Cases > Handbags	Luggage & Bags > Backpacks
picknickrucksack-fur-4-personen-249600	Apparel & Accessories > Handbags, Wallets & Cases > Handbags	Luggage & Bags > Backpacks
vintage-reise-sporttasche-leder-faltbar-420352	Apparel & Accessories > Handbags, Wallets & Cases > Handbags	Luggage & Bags > Duffel Bags
leder-businesstasche-fur-16-zoll-laptops-332416	Apparel & Accessories > Handbags, Wallets & Cases > Handbags	Luggage & Bags > Briefcases
handgemachter-retro-rucksack-aus-rindsleder-323008	Apparel & Accessories > Handbags, Wallets & Cases > Handbags	Luggage & Bags > Backpacks
retro-lederrucksack-fur-herren-164224	Apparel & Accessories > Handbags, Wallets & Cases > Handbags	Luggage & Bags > Backpacks
wasserfester-rucksack-085440	Apparel & Accessories > Handbags, Wallets & Cases > Handbags	Luggage & Bags > Backpacks
crossbody-sport-reisetasche-611700	Apparel & Accessories > Handbags, Wallets & Cases > Handbags	Luggage & Bags > Duffel Bags
gro-raumiger-business-rucksack-428800	Apparel & Accessories > Handbags, Wallets & Cases > Handbags	Luggage & Bags > Backpacks
korean-style-plaid-rucksack-508352	Apparel & Accessories > Handbags, Wallets & Cases > Handbags	Luggage & Bags > Backpacks
reisetasche-mit-usb-ladefunktion-977152	Apparel & Accessories > Handbags, Wallets & Cases > Handbags	Luggage & Bags > Duffel Bags
harajuku-style-rucksack-mit-grossem-fassungsve-559424	Apparel & Accessories > Handbags, Wallets & Cases > Handbags	Luggage & Bags > Backpacks
transparenter-motorrad-rucksack-im-hong-kong-s-174016	Apparel & Accessories > Handbags, Wallets & Cases > Handbags	Luggage & Bags > Backpacks
wasserdichter-damen-rucksack-798336	Apparel & Accessories > Handbags, Wallets & Cases > Handbags	Luggage & Bags > Backpacks
pocket-pet-jugend-rucksack-mit-schulterpolster-540800	Apparel & Accessories > Handbags, Wallets & Cases > Handbags	Luggage & Bags > Backpacks
business-rucksack-fur-14-zoll-laptops-825088	Apparel & Accessories > Handbags, Wallets & Cases > Handbags	Luggage & Bags > Backpacks
japanischer-freizeit-rucksack-fur-herren-17-188352	Apparel & Accessories > Handbags, Wallets & Cases > Handbags	Luggage & Bags > Backpacks
dinosaurier-rucksack-set-fur-kinder-432768	Apparel & Accessories > Handbags, Wallets & Cases > Handbags	Luggage & Bags > Backpacks
business-rucksack-schmal-291904	Apparel & Accessories > Handbags, Wallets & Cases > Handbags	Luggage & Bags > Backpacks
outing-travel-outdoor-rucksack-mit-usb-ladefun-175872	Apparel & Accessories > Handbags, Wallets & Cases > Handbags	Luggage & Bags > Backpacks
business-rucksack-aus-pu-leder-868672	Apparel & Accessories > Handbags, Wallets & Cases > Handbags	Luggage & Bags > Backpacks
leder-aktentasche-im-retro-stil-fur-herren-076928	Apparel & Accessories > Handbags, Wallets & Cases > Handbags	Luggage & Bags > Briefcases
leichte-sporttasche-mit-nass-und-trockenfach-122688	Apparel & Accessories > Handbags, Wallets & Cases > Handbags	Luggage & Bags > Duffel Bags
business-aktentasche-aus-leder-711104	Apparel & Accessories > Handbags, Wallets & Cases > Handbags	Luggage & Bags > Briefcases
retro-leder-reisetasche-485440	Apparel & Accessories > Handbags, Wallets & Cases > Handbags	Luggage & Bags > Duffel Bags
japanische-retro-messenger-bag-fur-herren-203776	Apparel & Accessories > Handbags, Wallets & Cases > Handbags	Luggage & Bags > Messenger Bags
messenger-bag-fur-herren-256320	Apparel & Accessories > Handbags, Wallets & Cases > Handbags	Luggage & Bags > Messenger Bags
reisetasche-fur-manner-036480	Apparel & Accessories > Handbags, Wallets & Cases > Handbags	Luggage & Bags > Duffel Bags
leder-messenger-bag-fur-herren-203072	Apparel & Accessories > Handbags, Wallets & Cases > Handbags	Luggage & Bags > Messenger Bags
thermische-reisetasche-871104	Apparel & Accessories > Handbags, Wallets & Cases > Handbags	Luggage & Bags > Duffel Bags
wasserdichte-hard-shell-bauchtasche-fur-herren-999040	Apparel & Accessories > Handbags, Wallets & Cases > Handbags	Luggage & Bags > Fanny Packs
grosses-reisegepack-367104	Apparel & Accessories > Handbags, Wallets & Cases > Handbags	Luggage & Bags > Backpacks
grosse-wasserdichte-multifunktions-reisetasche-379008	Apparel & Accessories > Handbags, Wallets & Cases > Handbags	Luggage & Bags > Duffel Bags
cowhides-messenger-tasche-360192	Apparel & Accessories > Handbags, Wallets & Cases > Handbags	Luggage & Bags > Messenger Bags
wasserfestes-reisetasche-092160	Apparel & Accessories > Handbags, Wallets & Cases > Handbags	Luggage & Bags > Duffel Bags
wasserfeste-reisetasche-674240	Apparel & Accessories > Handbags, Wallets & Cases > Handbags	Luggage & Bags > Duffel Bags
stilvolles-reisetasche-442752	Apparel & Accessories > Handbags, Wallets & Cases > Handbags	Luggage & Bags > Duffel Bags
grosses-reisetasche-249600	Apparel & Accessories > Handbags, Wallets & Cases > Handbags	Luggage & Bags > Duffel Bags
geschaftslaptop-tasche-538240	Apparel & Accessories > Handbags, Wallets & Cases > Handbags	Luggage & Bags > Briefcases
portabeler-messenger-taschen-611264	Apparel & Accessories > Handbags, Wallets & Cases > Handbags	Luggage & Bags > Messenger Bags
junsheng-taktische-bein-und-hufttasche-060352	Apparel & Accessories > Handbags, Wallets & Cases > Handbags	Luggage & Bags > Fanny Packs
umhangetasche-leisure-messenger-337216	Apparel & Accessories > Handbags, Wallets & Cases > Handbags	Luggage & Bags > Messenger Bags
2s-drone-blue-schulter-messenger-bag-117312	Apparel & Accessories > Handbags, Wallets & Cases > Handbags	Luggage & Bags > Messenger Bags
herren-bauchtasche-aus-rindsleder-481280	Apparel & Accessories > Handbags, Wallets & Cases > Handbags	Luggage & Bags > Fanny Packs
business-aktentasche-mit-grosser-kapazitat-042752	Apparel & Accessories > Handbags, Wallets & Cases > Handbags	Luggage & Bags > Briefcases
leichte-outdoor-reisetasche-mit-grossem-fassun-777344	Apparel & Accessories > Handbags, Wallets & Cases > Handbags	Luggage & Bags > Duffel Bags
retro-reisetasche-aus-leder-310720	Apparel & Accessories > Handbags, Wallets & Cases > Handbags	Luggage & Bags > Duffel Bags
sportliche-leder-bauchtasche-fur-herren-754496	Apparel & Accessories > Handbags, Wallets & Cases > Handbags	Luggage & Bags > Fanny Packs
retro-alien-aktentasche-655168	Apparel & Accessories > Handbags, Wallets & Cases > Handbags	Luggage & Bags > Briefcases
leder-portemonnaie-mit-rfid-schutz-fur-herren-669760	Apparel & Accessories > Handbags, Wallets & Cases > Handbags	Apparel & Accessories > Handbags, Wallets & Cases > Wallets & Money Clips
messenger-bag-wild-ins-wind-398464	Apparel & Accessories > Handbags, Wallets & Cases > Handbags	Luggage & Bags > Messenger Bags
sportliche-messenger-bag-754304	Apparel & Accessories > Handbags, Wallets & Cases > Handbags	Luggage & Bags > Messenger Bags
retro-aktentasche-aus-rindsleder-508800	Apparel & Accessories > Handbags, Wallets & Cases > Handbags	Luggage & Bags > Briefcases
business-laptop-tasche-14-15-6-zoll-519680	Apparel & Accessories > Handbags, Wallets & Cases > Handbags	Luggage & Bags > Briefcases
reisetasche-wasserdicht-pu-leder-755904	Apparel & Accessories > Handbags, Wallets & Cases > Handbags	Luggage & Bags > Duffel Bags
multifunktionale-wasserdichte-leder-kulturtasc-207424	Apparel & Accessories > Handbags, Wallets & Cases > Handbags	Luggage & Bags > Cosmetic & Toiletry Bags
leder-kulturbeutel-mit-viel-stauraum-244864	Apparel & Accessories > Handbags, Wallets & Cases > Handbags	Luggage & Bags > Cosmetic & Toiletry Bags
wasserdichte-business-laptoptasche-488064	Apparel & Accessories > Handbags, Wallets & Cases > Handbags	Luggage & Bags > Briefcases
faltbare-reisetasche-mit-grossem-fassungsvermo-839808	Apparel & Accessories > Handbags, Wallets & Cases > Handbags	Luggage & Bags > Duffel Bags
fanny-pack-fur-manner-huft-brust-oder-umhanget-ab73e9	Apparel & Accessories > Handbags, Wallets & Cases > Handbags	Luggage & Bags > Fanny Packs
funktionale-outdoor-reisetasche-mit-laptopfach-535f96	Apparel & Accessories > Handbags, Wallets & Cases > Handbags	Luggage & Bags > Duffel Bags
reisetasche-hit-the-color-1516be	Apparel & Accessories > Handbags, Wallets & Cases > Handbags	Luggage & Bags > Duffel Bags
freizeit-reisetasche-fur-herren-d35575	Apparel & Accessories > Handbags, Wallets & Cases > Handbags	Luggage & Bags > Duffel Bags
multifunktionale-messenger-bag-2261c8	Apparel & Accessories > Handbags, Wallets & Cases > Handbags	Luggage & Bags > Messenger Bags
reisetasche-im-retro-design-1d1e84	Apparel & Accessories > Handbags, Wallets & Cases > Handbags	Luggage & Bags > Duffel Bags
reisetasche-pu-leder-6574ea	Apparel & Accessories > Handbags, Wallets & Cases > Handbags	Luggage & Bags > Duffel Bags
wasserdichte-reisetasche-mit-schloss-a2fa90	Apparel & Accessories > Handbags, Wallets & Cases > Handbags	Luggage & Bags > Duffel Bags
wasserdichte-reisetasche-fur-herren-mit-laptop-ef0dff	Apparel & Accessories > Handbags, Wallets & Cases > Handbags	Luggage & Bags > Duffel Bags
freizeit-reisetasche-6af63a	Apparel & Accessories > Handbags, Wallets & Cases > Handbags	Luggage & Bags > Duffel Bags
freizeit-reisetasche-aus-oxford-stoff-99aca4	Apparel & Accessories > Handbags, Wallets & Cases > Handbags	Luggage & Bags > Duffel Bags
multifunktionale-laptop-tasche-8d9179	Apparel & Accessories > Handbags, Wallets & Cases > Handbags	Luggage & Bags > Briefcases
wasserdichte-pu-reisetasche-35e7f4	Apparel & Accessories > Handbags, Wallets & Cases > Handbags	Luggage & Bags > Duffel Bags
robuste-schulter-reisetasche-aus-canvas-e91a94	Apparel & Accessories > Handbags, Wallets & Cases > Handbags	Luggage & Bags > Duffel Bags
business-reisetasche-splicing-f497cf	Apparel & Accessories > Handbags, Wallets & Cases > Handbags	Luggage & Bags > Duffel Bags
vielseitige-bucket-reisetasche-d0d834	Apparel & Accessories > Handbags, Wallets & Cases > Handbags	Luggage & Bags > Duffel Bags
business-multifunktions-laptoptasche-15-6-zoll-4c3bd8	Apparel & Accessories > Handbags, Wallets & Cases > Handbags	Luggage & Bags > Briefcases
faltbare-wasserdichte-sporttasche-55ade2	Apparel & Accessories > Handbags, Wallets & Cases > Handbags	Luggage & Bags > Duffel Bags
transporttasche-fur-kletterausrustung-39256a	Apparel & Accessories > Handbags, Wallets & Cases > Handbags	Luggage & Bags > Duffel Bags
oxford-reisetasche-6e0f44	Apparel & Accessories > Handbags, Wallets & Cases > Handbags	Luggage & Bags > Duffel Bags
laptop-tasche-15-6-zoll-1a212d	Apparel & Accessories > Handbags, Wallets & Cases > Handbags	Luggage & Bags > Briefcases
grosse-hip-hop-bauchtasche-a44e70	Apparel & Accessories > Handbags, Wallets & Cases > Handbags	Luggage & Bags > Fanny Packs
sporttasche-d8b1ec	Apparel & Accessories > Handbags, Wallets & Cases > Handbags	Luggage & Bags > Duffel Bags
leder-reisetasche-freizeit-a05537	Apparel & Accessories > Handbags, Wallets & Cases > Handbags	Luggage & Bags > Duffel Bags
laptop-tasche-0893e2	Apparel & Accessories > Handbags, Wallets & Cases > Handbags	Luggage & Bags > Briefcases
multifunktionale-sport-bauchtasche-aus-leder-589056	Apparel & Accessories > Handbags, Wallets & Cases > Handbags	Luggage & Bags > Fanny Packs
laptop-carry-on-reisetasche-625600	Apparel & Accessories > Handbags, Wallets & Cases > Handbags	Luggage & Bags > Duffel Bags
taktische-utility-gurteltasche-604900	Apparel & Accessories > Handbags, Wallets & Cases > Handbags	Luggage & Bags > Fanny Packs
herren-bauchtasche-aus-vollnarbenleder-619400	Apparel & Accessories > Handbags, Wallets & Cases > Handbags	Luggage & Bags > Fanny Packs
vintage-messenger-bag-personalisierbar-586304	Apparel & Accessories > Handbags, Wallets & Cases > Handbags	Luggage & Bags > Messenger Bags
taktische-falt-gurteltasche-fur-outdoor-sport-632700	Apparel & Accessories > Handbags, Wallets & Cases > Handbags	Luggage & Bags > Fanny Packs
multifunktionale-skalierbare-laptoptasche-644300	Apparel & Accessories > Handbags, Wallets & Cases > Handbags	Luggage & Bags > Briefcases
reisetasche-mit-grossem-fassungsvermogen-621600	Apparel & Accessories > Handbags, Wallets & Cases > Handbags	Luggage & Bags > Duffel Bags
reisetasche-aus-rindsleder-604000	Apparel & Accessories > Handbags, Wallets & Cases > Handbags	Luggage & Bags > Duffel Bags
reisetasche-aus-echtleder-fur-herren-624100	Apparel & Accessories > Handbags, Wallets & Cases > Handbags	Luggage & Bags > Duffel Bags
retro-reisetasche-aus-leder-fur-herren-609600	Apparel & Accessories > Handbags, Wallets & Cases > Handbags	Luggage & Bags > Duffel Bags
freizeit-reisetasche-mit-laptopfach-610400	Apparel & Accessories > Handbags, Wallets & Cases > Handbags	Luggage & Bags > Backpacks
kettle-herren-messenger-bag-600700	Apparel & Accessories > Handbags, Wallets & Cases > Handbags	Luggage & Bags > Messenger Bags
motorrad-seitenkoffer-aus-pu-leder-623500	Apparel & Accessories > Handbags, Wallets & Cases > Handbags	Luggage & Bags > Suitcases
multifunktionale-sporttasche-611300	Apparel & Accessories > Handbags, Wallets & Cases > Handbags	Luggage & Bags > Duffel Bags
multifunktionale-18l-reise-sporttasche-608000	Apparel & Accessories > Handbags, Wallets & Cases > Handbags	Luggage & Bags > Duffel Bags
sport-reisetasche-fur-herren-623800	Apparel & Accessories > Handbags, Wallets & Cases > Handbags	Luggage & Bags > Duffel Bags
grosse-multifunktions-reisetasche-fur-kurztrip-620800	Apparel & Accessories > Handbags, Wallets & Cases > Handbags	Luggage & Bags > Duffel Bags
retro-reisetasche-fur-herren-621900	Apparel & Accessories > Handbags, Wallets & Cases > Handbags	Luggage & Bags > Duffel Bags
grosse-reisetasche-fur-business-freizeit-609100	Apparel & Accessories > Handbags, Wallets & Cases > Handbags	Luggage & Bags > Duffel Bags
wander-und-bergsporttasche-mit-grossem-volumen-610100	Apparel & Accessories > Handbags, Wallets & Cases > Handbags	Luggage & Bags > Duffel Bags
vintage-messenger-bag-aus-canvas-und-leder-617400	Apparel & Accessories > Handbags, Wallets & Cases > Handbags	Luggage & Bags > Messenger Bags
reisetasche-fur-business-freizeit-614100	Apparel & Accessories > Handbags, Wallets & Cases > Handbags	Luggage & Bags > Duffel Bags
sporttasche-fur-outdoor-gym-606700	Apparel & Accessories > Handbags, Wallets & Cases > Handbags	Luggage & Bags > Duffel Bags
multifunktionale-reisetasche-mit-grossem-fassu-619100	Apparel & Accessories > Handbags, Wallets & Cases > Handbags	Luggage & Bags > Duffel Bags
personalisierbare-anzug-reisetasche-612000	Apparel & Accessories > Handbags, Wallets & Cases > Handbags	Luggage & Bags > Duffel Bags
kuhlbox-trolley-604300	Apparel & Accessories > Handbags, Wallets & Cases > Handbags	Luggage & Bags > Suitcases
reisetasche-unisex-grosses-gepackvolumen-604500	Apparel & Accessories > Handbags, Wallets & Cases > Handbags	Luggage & Bags > Duffel Bags
business-laptoptasche-aus-oxford-stoff-619000	Apparel & Accessories > Handbags, Wallets & Cases > Handbags	Luggage & Bags > Briefcases
schwarze-herren-reisetasche-casual-627500	Apparel & Accessories > Handbags, Wallets & Cases > Handbags	Luggage & Bags > Duffel Bags
retro-canvas-reisetasche-614400	Apparel & Accessories > Handbags, Wallets & Cases > Handbags	Luggage & Bags > Duffel Bags
outdoor-velo-reisetasche-20-35l-607300	Apparel & Accessories > Handbags, Wallets & Cases > Handbags	Luggage & Bags > Duffel Bags
leder-crossbody-sporttasche-fur-herren-998464	Apparel & Accessories > Handbags, Wallets & Cases > Handbags	Luggage & Bags > Duffel Bags
grosse-reisetasche-fur-herren-628500	Apparel & Accessories > Handbags, Wallets & Cases > Handbags	Luggage & Bags > Duffel Bags
retro-aktentasche-aus-crazy-horse-leder-605800	Apparel & Accessories > Handbags, Wallets & Cases > Handbags	Luggage & Bags > Briefcases
business-aktentasche-schwarz-mit-schultergurt-617400	Apparel & Accessories > Handbags, Wallets & Cases > Handbags	Luggage & Bags > Briefcases
leichte-tragbare-5l-sport-bauchtasche-549888	Apparel & Accessories > Handbags, Wallets & Cases > Handbags	Luggage & Bags > Fanny Packs
retro-gurteltasche-fur-herren-987008	Apparel & Accessories > Handbags, Wallets & Cases > Handbags	Luggage & Bags > Fanny Packs
ultraleichte-multifunktions-sporttasche-781824	Apparel & Accessories > Handbags, Wallets & Cases > Handbags	Luggage & Bags > Duffel Bags
vintage-messenger-bag-aus-leder-614912	Apparel & Accessories > Handbags, Wallets & Cases > Handbags	Luggage & Bags > Messenger Bags
retro-reisetasche-aus-rindsleder-fur-herren-290752	Apparel & Accessories > Handbags, Wallets & Cases > Handbags	Luggage & Bags > Duffel Bags
vintage-messenger-bag-fur-herren-737088	Apparel & Accessories > Handbags, Wallets & Cases > Handbags	Luggage & Bags > Messenger Bags
outdoor-reisetasche-herren-grosse-kapazitat-393920	Apparel & Accessories > Handbags, Wallets & Cases > Handbags	Luggage & Bags > Duffel Bags
wasserdichte-sporttasche-mit-trocken-nass-tren-550528	Apparel & Accessories > Handbags, Wallets & Cases > Handbags	Luggage & Bags > Duffel Bags
aktentasche-aus-echtem-leder-fur-herren-868288	Apparel & Accessories > Handbags, Wallets & Cases > Handbags	Luggage & Bags > Briefcases
casual-messenger-bag-fur-herren-515328	Apparel & Accessories > Handbags, Wallets & Cases > Handbags	Luggage & Bags > Messenger Bags
leder-gurteltasche-fur-coiffeur-werkzeuge-900544	Apparel & Accessories > Handbags, Wallets & Cases > Handbags	Luggage & Bags > Fanny Packs
wasserdichte-outdoor-reisetasche-rund-721728	Apparel & Accessories > Handbags, Wallets & Cases > Handbags	Luggage & Bags > Duffel Bags
leder-messenger-bag-hochformat-601024	Apparel & Accessories > Handbags, Wallets & Cases > Handbags	Luggage & Bags > Messenger Bags
wasserdichte-messenger-bag-fur-outdoor-sport-249152	Apparel & Accessories > Handbags, Wallets & Cases > Handbags	Luggage & Bags > Messenger Bags
business-laptop-tasche-mit-schultergurt-286656	Apparel & Accessories > Handbags, Wallets & Cases > Handbags	Luggage & Bags > Briefcases
faltbare-reisetasche-aus-canvas-193152	Apparel & Accessories > Handbags, Wallets & Cases > Handbags	Luggage & Bags > Duffel Bags
einfache-bauchtasche-aus-rindsleder-fur-herren-383232	Apparel & Accessories > Handbags, Wallets & Cases > Handbags	Luggage & Bags > Fanny Packs
wasserdichte-velo-gurteltasche-fur-herren-540224	Apparel & Accessories > Handbags, Wallets & Cases > Handbags	Luggage & Bags > Fanny Packs
wasserdichte-messenger-bag-fur-herren-164800	Apparel & Accessories > Handbags, Wallets & Cases > Handbags	Luggage & Bags > Messenger Bags
leder-gurteltasche-mit-haken-521536	Apparel & Accessories > Handbags, Wallets & Cases > Handbags	Luggage & Bags > Fanny Packs
herren-messenger-bag-canvas-umhangetasche-532736	Apparel & Accessories > Handbags, Wallets & Cases > Handbags	Luggage & Bags > Messenger Bags
vintage-bauchtasche-aus-rindsleder-993344	Apparel & Accessories > Handbags, Wallets & Cases > Handbags	Luggage & Bags > Fanny Packs
vintage-crazy-horse-leder-laptoptasche-067264	Apparel & Accessories > Handbags, Wallets & Cases > Handbags	Luggage & Bags > Briefcases
laptop-tasche-fur-damen-344256	Apparel & Accessories > Handbags, Wallets & Cases > Handbags	Luggage & Bags > Briefcases
laptop-tasche-aus-pu-leder-multifunktional-661120	Apparel & Accessories > Handbags, Wallets & Cases > Handbags	Luggage & Bags > Briefcases
retro-hufttasche-wasserdicht-408640	Apparel & Accessories > Handbags, Wallets & Cases > Handbags	Luggage & Bags > Fanny Packs
messenger-bag-aus-oxford-stoff-fur-herren-119232	Apparel & Accessories > Handbags, Wallets & Cases > Handbags	Luggage & Bags > Messenger Bags
mittelalterliche-pu-leder-gurteltasche-871488	Apparel & Accessories > Handbags, Wallets & Cases > Handbags	Luggage & Bags > Fanny Packs
kleine-messenger-bag-aus-pu-leder-702784	Apparel & Accessories > Handbags, Wallets & Cases > Handbags	Luggage & Bags > Messenger Bags
leichte-business-laptop-tasche-883776	Apparel & Accessories > Handbags, Wallets & Cases > Handbags	Luggage & Bags > Briefcases
vintage-crazy-horse-leder-messenger-bag-965120	Apparel & Accessories > Handbags, Wallets & Cases > Handbags	Luggage & Bags > Messenger Bags
canvas-messenger-tasche-34-8-26-cm-881600	Apparel & Accessories > Handbags, Wallets & Cases > Handbags	Luggage & Bags > Messenger Bags
mini-messenger-bag-in-schwarz-217024	Apparel & Accessories > Handbags, Wallets & Cases > Handbags	Luggage & Bags > Messenger Bags
outdoor-sporttasche-leicht-wasserdicht-20-35-l-656832	Apparel & Accessories > Handbags, Wallets & Cases > Handbags	Luggage & Bags > Duffel Bags
schwarze-messenger-tasche-793984	Apparel & Accessories > Handbags, Wallets & Cases > Handbags	Luggage & Bags > Messenger Bags
transparenter-pvc-messenger-fur-unterwegs-931008	Apparel & Accessories > Handbags, Wallets & Cases > Handbags	Luggage & Bags > Messenger Bags
grosszugiger-canvas-messenger-fur-alltag-323264	Apparel & Accessories > Handbags, Wallets & Cases > Handbags	Luggage & Bags > Messenger Bags
wasserdichte-laptoptasche-polyester-405248	Apparel & Accessories > Handbags, Wallets & Cases > Handbags	Luggage & Bags > Briefcases
men-s-casual-messenger-bag-aus-pu-leder-736192	Apparel & Accessories > Handbags, Wallets & Cases > Handbags	Luggage & Bags > Messenger Bags
grosses-portemonnaie-fur-herren-767424	Apparel & Accessories > Handbags, Wallets & Cases > Handbags	Apparel & Accessories > Handbags, Wallets & Cases > Wallets & Money Clips
leder-aktenkoffer-mit-zahlenschloss-038848	Apparel & Accessories > Handbags, Wallets & Cases > Handbags	Luggage & Bags > Suitcases
hufttasche-fur-hunde-training-539264	Apparel & Accessories > Handbags, Wallets & Cases > Handbags	Luggage & Bags > Fanny Packs
diablo-mini-bauchtasche-mit-krokopragung-007488	Apparel & Accessories > Handbags, Wallets & Cases > Handbags	Luggage & Bags > Fanny Packs
grosse-business-laptoptasche-fur-reisen-857088	Apparel & Accessories > Handbags, Wallets & Cases > Handbags	Luggage & Bags > Briefcases
kanguru-geldborse-business-clutch-445376	Apparel & Accessories > Handbags, Wallets & Cases > Handbags	Apparel & Accessories > Handbags, Wallets & Cases > Wallets & Money Clips
herren-bauchtasche-aus-oxford-stoff-400512	Apparel & Accessories > Handbags, Wallets & Cases > Handbags	Luggage & Bags > Fanny Packs
laptoptasche-fur-reisen-und-freizeit-615168	Apparel & Accessories > Handbags, Wallets & Cases > Handbags	Luggage & Bags > Briefcases
unisex-messenger-bag-298304	Apparel & Accessories > Handbags, Wallets & Cases > Handbags	Luggage & Bags > Messenger Bags
leder-gurteltasche-fur-falt-smartphones-925568	Apparel & Accessories > Handbags, Wallets & Cases > Handbags	Luggage & Bags > Fanny Packs
herren-geldborse-im-retro-design-278720	Apparel & Accessories > Handbags, Wallets & Cases > Handbags	Apparel & Accessories > Handbags, Wallets & Cases > Wallets & Money Clips
nylon-gurteltasche-fur-sport-und-freizeit-623616	Apparel & Accessories > Handbags, Wallets & Cases > Handbags	Luggage & Bags > Fanny Packs
gurteltasche-fur-sport-und-freizeit-338816	Apparel & Accessories > Handbags, Wallets & Cases > Handbags	Luggage & Bags > Fanny Packs
cowhide-messenger-tasche-mit-magnetverschluss-873024	Apparel & Accessories > Handbags, Wallets & Cases > Handbags	Luggage & Bags > Messenger Bags
reisetasche-aus-rindsleder-mit-krokopragung-630400	Apparel & Accessories > Handbags, Wallets & Cases > Handbags	Luggage & Bags > Duffel Bags
einfache-laptoptasche-067328	Apparel & Accessories > Handbags, Wallets & Cases > Handbags	Luggage & Bags > Briefcases
robuste-sporttasche-aus-polyester-633800	Apparel & Accessories > Handbags, Wallets & Cases > Handbags	Luggage & Bags > Duffel Bags
weibliches-langhandtasche-aus-echtholzleder-625900	Apparel & Accessories > Handbags, Wallets & Cases > Handbags	Apparel & Accessories > Handbags, Wallets & Cases > Wallets & Money Clips
kurzwallet-aus-vollschale-607500	Apparel & Accessories > Handbags, Wallets & Cases > Handbags	Apparel & Accessories > Handbags, Wallets & Cases > Wallets & Money Clips
antimagnetische-vintage-taschenkarte-618900	Apparel & Accessories > Handbags, Wallets & Cases > Handbags	Apparel & Accessories > Handbags, Wallets & Cases > Wallets & Money Clips
long-wallet-mit-reissverschluss-aus-echtleder-610200	Apparel & Accessories > Handbags, Wallets & Cases > Handbags	Apparel & Accessories > Handbags, Wallets & Cases > Wallets & Money Clips
weibliche-langportemonnaie-aus-vollnarbenleder-613200	Apparel & Accessories > Handbags, Wallets & Cases > Handbags	Apparel & Accessories > Handbags, Wallets & Cases > Wallets & Money Clips
handtasche-aus-vollschale-latzleder-616500	Apparel & Accessories > Handbags, Wallets & Cases > Handbags	Apparel & Accessories > Handbags, Wallets & Cases > Wallets & Money Clips
portemonnaie-aus-leder-mit-blumenmuster-614700	Apparel & Accessories > Handbags, Wallets & Cases > Handbags	Apparel & Accessories > Handbags, Wallets & Cases > Wallets & Money Clips
personalisierbare-reisetasche-ae9303	Apparel & Accessories > Handbags, Wallets & Cases > Handbags	Luggage & Bags > Duffel Bags
leichte-reisetasche-mit-hoher-kapazitat-606700	Apparel & Accessories > Handbags, Wallets & Cases > Handbags	Luggage & Bags > Duffel Bags
tragbare-oxford-reisetasche-45cb6a	Apparel & Accessories > Handbags, Wallets & Cases > Handbags	Luggage & Bags > Duffel Bags
mini-portemonnaie-aus-vollnarbenleder-628100	Apparel & Accessories > Handbags, Wallets & Cases > Handbags	Apparel & Accessories > Handbags, Wallets & Cases > Wallets & Money Clips
retro-dreifach-portemonnaie-mit-zwei-reissvers-603100	Apparel & Accessories > Handbags, Wallets & Cases > Handbags	Apparel & Accessories > Handbags, Wallets & Cases > Wallets & Money Clips
kartenetui-aus-echtleder-612800	Apparel & Accessories > Handbags, Wallets & Cases > Handbags	Apparel & Accessories > Handbags, Wallets & Cases > Wallets & Money Clips
leder-portemonnaie-mit-flechtmuster-611000	Apparel & Accessories > Handbags, Wallets & Cases > Handbags	Apparel & Accessories > Handbags, Wallets & Cases > Wallets & Money Clips
mehrschichtiges-munzportemonnaie-630400	Apparel & Accessories > Handbags, Wallets & Cases > Handbags	Apparel & Accessories > Handbags, Wallets & Cases > Wallets & Money Clips
kartenhalter-mit-perlenarmband-633200	Apparel & Accessories > Handbags, Wallets & Cases > Handbags	Apparel & Accessories > Handbags, Wallets & Cases > Wallets & Money Clips
kartenetui-aus-pflanzlich-gegerbtem-leder-625300	Apparel & Accessories > Handbags, Wallets & Cases > Handbags	Apparel & Accessories > Handbags, Wallets & Cases > Wallets & Money Clips
magnetischer-kartenhalter-mit-magsafe-632200	Apparel & Accessories > Handbags, Wallets & Cases > Handbags	Apparel & Accessories > Handbags, Wallets & Cases > Wallets & Money Clips
damen-portemonnaie-aus-leder-mit-quaste-620800	Apparel & Accessories > Handbags, Wallets & Cases > Handbags	Apparel & Accessories > Handbags, Wallets & Cases > Wallets & Money Clips
tassel-first-layer-leder-rfid-wallet-610000	Apparel & Accessories > Handbags, Wallets & Cases > Handbags	Apparel & Accessories > Handbags, Wallets & Cases > Wallets & Money Clips
outdoor-multi-functional-sporttasche-18l-602200	Apparel & Accessories > Handbags, Wallets & Cases > Handbags	Luggage & Bags > Backpacks
oxford-kleidungs-tasche-fur-alltag-624400	Apparel & Accessories > Handbags, Wallets & Cases > Handbags	Luggage & Bags > Backpacks
reisetasche-mit-20-35-l-kapazitat-608100	Apparel & Accessories > Handbags, Wallets & Cases > Handbags	Luggage & Bags > Backpacks
sporttasche-mit-trocken-feucht-trennung-629300	Apparel & Accessories > Handbags, Wallets & Cases > Handbags	Luggage & Bags > Duffel Bags
sporttasche-mit-trocken-wettruckhaltung-603500	Apparel & Accessories > Handbags, Wallets & Cases > Handbags	Luggage & Bags > Duffel Bags
grosse-pu-computer-tasche-fur-unterwegs-119488	Apparel & Accessories > Handbags, Wallets & Cases > Handbags	Luggage & Bags > Backpacks
messenger-tasche-aus-pvc-schwarz-e75274	Apparel & Accessories > Handbags, Wallets & Cases > Handbags	Luggage & Bags > Messenger Bags
taktische-outdoor-gurteltasche-f4e825	Apparel & Accessories > Handbags, Wallets & Cases > Handbags	Luggage & Bags > Fanny Packs
werkzeuggurteltasche-aus-robustem-oxford-b811f2	Apparel & Accessories > Handbags, Wallets & Cases > Handbags	Luggage & Bags > Fanny Packs
gurteltasche-mit-schnalle-60de5a	Apparel & Accessories > Handbags, Wallets & Cases > Handbags	Luggage & Bags > Fanny Packs
belt-bag-fur-manner-b9345f	Apparel & Accessories > Handbags, Wallets & Cases > Handbags	Luggage & Bags > Fanny Packs
kurzgeldborse-aus-vollnarben-rindsleder-614400	Apparel & Accessories > Handbags, Wallets & Cases > Handbags	Apparel & Accessories > Handbags, Wallets & Cases > Wallets & Money Clips
jeans-geldborse-faltbar-blau-grau-631500	Apparel & Accessories > Handbags, Wallets & Cases > Handbags	Apparel & Accessories > Handbags, Wallets & Cases > Wallets & Money Clips
kartenhalter-aus-vollnarben-kuhleder-633200	Apparel & Accessories > Handbags, Wallets & Cases > Handbags	Apparel & Accessories > Handbags, Wallets & Cases > Wallets & Money Clips
echtes-rinderleder-kartenhalter-608500	Apparel & Accessories > Handbags, Wallets & Cases > Handbags	Apparel & Accessories > Handbags, Wallets & Cases > Wallets & Money Clips
vintage-gestanzte-gemusegerbte-leder-geldborse-604500	Apparel & Accessories > Handbags, Wallets & Cases > Handbags	Apparel & Accessories > Handbags, Wallets & Cases > Wallets & Money Clips
leder-geldborse-mit-reissverschluss-und-blumen-639100	Apparel & Accessories > Handbags, Wallets & Cases > Handbags	Apparel & Accessories > Handbags, Wallets & Cases > Wallets & Money Clips
vollnarbige-leder-geldborse-mit-blumenfutter-613100	Apparel & Accessories > Handbags, Wallets & Cases > Handbags	Apparel & Accessories > Handbags, Wallets & Cases > Wallets & Money Clips
grosses-leder-geldborse-mit-tiermuster-626600	Apparel & Accessories > Handbags, Wallets & Cases > Handbags	Apparel & Accessories > Handbags, Wallets & Cases > Wallets & Money Clips
gepflegte-leder-geldborse-mit-blumenpragung-602700	Apparel & Accessories > Handbags, Wallets & Cases > Handbags	Apparel & Accessories > Handbags, Wallets & Cases > Wallets & Money Clips
pragte-clutch-geldborse-619200	Apparel & Accessories > Handbags, Wallets & Cases > Handbags	Apparel & Accessories > Handbags, Wallets & Cases > Wallets & Money Clips
lange-cowhide-ledergeldborse-621700	Apparel & Accessories > Handbags, Wallets & Cases > Handbags	Apparel & Accessories > Handbags, Wallets & Cases > Wallets & Money Clips
leder-geldborse-mit-blumenmuster-und-reissvers-615800	Apparel & Accessories > Handbags, Wallets & Cases > Handbags	Apparel & Accessories > Handbags, Wallets & Cases > Wallets & Money Clips
floral-print-geldborse-aus-vollnarbenleder-617100	Apparel & Accessories > Handbags, Wallets & Cases > Handbags	Apparel & Accessories > Handbags, Wallets & Cases > Wallets & Money Clips
genuine-leather-cowhide-wallet-mit-blumenpragu-638300	Apparel & Accessories > Handbags, Wallets & Cases > Handbags	Apparel & Accessories > Handbags, Wallets & Cases > Wallets & Money Clips
retro-geldborse-mit-blumenpragung-605400	Apparel & Accessories > Handbags, Wallets & Cases > Handbags	Apparel & Accessories > Handbags, Wallets & Cases > Wallets & Money Clips
vintage-pragtes-vollnarbe-portemonnaie-620000	Apparel & Accessories > Handbags, Wallets & Cases > Handbags	Apparel & Accessories > Handbags, Wallets & Cases > Wallets & Money Clips
rfid-sicheres-portemonnaie-schwarz-609500	Apparel & Accessories > Handbags, Wallets & Cases > Handbags	Apparel & Accessories > Handbags, Wallets & Cases > Wallets & Money Clips
retro-leder-portemonnaie-clutch-635700	Apparel & Accessories > Handbags, Wallets & Cases > Handbags	Apparel & Accessories > Handbags, Wallets & Cases > Wallets & Money Clips
anti-diebstahl-geldborse-mit-kartenblocker-635900	Apparel & Accessories > Handbags, Wallets & Cases > Handbags	Apparel & Accessories > Handbags, Wallets & Cases > Wallets & Money Clips
ultra-dunne-langportemonnaie-frau-625600	Apparel & Accessories > Handbags, Wallets & Cases > Handbags	Apparel & Accessories > Handbags, Wallets & Cases > Wallets & Money Clips
faltbare-wasserdichte-reisetasche-mittel-gross-135680	Apparel & Accessories > Handbags, Wallets & Cases > Handbags	Luggage & Bags > Duffel Bags
aluminiumrahmen-koffer-mit-robustem-gehause-031808	Apparel & Accessories > Handbags, Wallets & Cases > Handbags	Luggage & Bags > Suitcases
aluminium-magnesium-luggage-trolley-361664	Apparel & Accessories > Handbags, Wallets & Cases > Handbags	Luggage & Bags > Suitcases
trolley-mit-aluminiumrahmen-grosse-kapazitat-004032	Apparel & Accessories > Handbags, Wallets & Cases > Handbags	Luggage & Bags > Suitcases
trendiger-canvas-laptop-rucksack-600000	Apparel & Accessories > Handbags, Wallets & Cases > Handbags	Luggage & Bags > Backpacks
reise-rucksack-mit-vakuum-verschluss-usb-kompr-618800	Apparel & Accessories > Handbags, Wallets & Cases > Handbags	Luggage & Bags > Backpacks
wasserabweisender-rucksack-622800	Apparel & Accessories > Handbags, Wallets & Cases > Handbags	Luggage & Bags > Backpacks
grosskapazitats-rucksack-fur-business-reisen-634000	Apparel & Accessories > Handbags, Wallets & Cases > Handbags	Luggage & Bags > Backpacks
einfarbig-wasserdichter-oxford-rucksack-633600	Apparel & Accessories > Handbags, Wallets & Cases > Handbags	Luggage & Bags > Backpacks
herausziehender-koffer-aus-aluminium-magnesium-628700	Apparel & Accessories > Handbags, Wallets & Cases > Handbags	Luggage & Bags > Suitcases
14-zoll-mini-reisekoffer-kompakt-leichtgewicht-606800	Apparel & Accessories > Handbags, Wallets & Cases > Handbags	Luggage & Bags > Suitcases
blauer-helm-rucksack-630400	Apparel & Accessories > Handbags, Wallets & Cases > Handbags	Luggage & Bags > Backpacks
taktischer-rucksack-mit-tarnmuster-630700	Apparel & Accessories > Handbags, Wallets & Cases > Handbags	Luggage & Bags > Backpacks
taktischer-rucksack-fur-outdoor-angeln-634000	Apparel & Accessories > Handbags, Wallets & Cases > Handbags	Luggage & Bags > Backpacks
rucksack-fur-die-uni-623500	Apparel & Accessories > Handbags, Wallets & Cases > Handbags	Luggage & Bags > Backpacks
grosses-faltbares-reisetasche-623600	Apparel & Accessories > Handbags, Wallets & Cases > Handbags	Luggage & Bags > Duffel Bags
leichte-reisetasche-fur-herren-608800	Apparel & Accessories > Handbags, Wallets & Cases > Handbags	Luggage & Bags > Duffel Bags
taktischer-brustrucksack-636400	Apparel & Accessories > Handbags, Wallets & Cases > Handbags	Luggage & Bags > Backpacks
manner-rucksack-fur-outdoor-aktivitaten-624900	Apparel & Accessories > Handbags, Wallets & Cases > Handbags	Luggage & Bags > Backpacks
manner-business-rucksack-619900	Apparel & Accessories > Handbags, Wallets & Cases > Handbags	Luggage & Bags > Backpacks
grosskapazitats-rucksack-612200	Apparel & Accessories > Handbags, Wallets & Cases > Handbags	Luggage & Bags > Backpacks
horizontales-portemonnaie-aus-rindsleder-627500	Apparel & Accessories > Handbags, Wallets & Cases > Handbags	Apparel & Accessories > Handbags, Wallets & Cases > Wallets & Money Clips
manner-geldborse-mit-kartenschutz-610800	Apparel & Accessories > Handbags, Wallets & Cases > Handbags	Apparel & Accessories > Handbags, Wallets & Cases > Wallets & Money Clips
herrenportemonnaie-mit-kombinationsschloss-und-627000	Apparel & Accessories > Handbags, Wallets & Cases > Handbags	Apparel & Accessories > Handbags, Wallets & Cases > Wallets & Money Clips
einfaches-vintage-geldborse-633000	Apparel & Accessories > Handbags, Wallets & Cases > Handbags	Apparel & Accessories > Handbags, Wallets & Cases > Wallets & Money Clips
premium-leder-portemonnaie-fur-herren-629500	Apparel & Accessories > Handbags, Wallets & Cases > Handbags	Apparel & Accessories > Handbags, Wallets & Cases > Wallets & Money Clips
herren-portemonnaie-mit-vielen-kartenfachern-612300	Apparel & Accessories > Handbags, Wallets & Cases > Handbags	Apparel & Accessories > Handbags, Wallets & Cases > Wallets & Money Clips
manner-geldborse-mit-rfid-schutz-636900	Apparel & Accessories > Handbags, Wallets & Cases > Handbags	Apparel & Accessories > Handbags, Wallets & Cases > Wallets & Money Clips
taktischer-huftrucksack-616600	Apparel & Accessories > Handbags, Wallets & Cases > Handbags	Luggage & Bags > Backpacks
wasserdichte-sporttasche-mit-diebstahlschutz-628000	Apparel & Accessories > Handbags, Wallets & Cases > Handbags	Luggage & Bags > Duffel Bags
hufttasche-mit-nischenfach-603200	Apparel & Accessories > Handbags, Wallets & Cases > Handbags	Luggage & Bags > Fanny Packs
wasserdichte-hufttasche-fur-sport-615900	Apparel & Accessories > Handbags, Wallets & Cases > Handbags	Luggage & Bags > Fanny Packs
crazy-horse-leder-herren-gurteltasche-mit-hand-628200	Apparel & Accessories > Handbags, Wallets & Cases > Handbags	Luggage & Bags > Fanny Packs
taktische-hufttasche-mit-erste-hilfe-kit-603800	Apparel & Accessories > Handbags, Wallets & Cases > Handbags	Luggage & Bags > Fanny Packs
taktische-hufttasche-fur-outdoor-aktivitaten-623100	Apparel & Accessories > Handbags, Wallets & Cases > Handbags	Luggage & Bags > Fanny Packs
herren-gurtel-portemonnaie-kombi-603800	Apparel & Accessories > Handbags, Wallets & Cases > Handbags	Apparel & Accessories > Handbags, Wallets & Cases > Wallets & Money Clips
grosser-verstellbarer-laptop-rucksack-mit-reis-631000	Apparel & Accessories > Handbags, Wallets & Cases > Handbags	Luggage & Bags > Backpacks
vielseitiger-rucksack-aus-vollleder-624000	Apparel & Accessories > Handbags, Wallets & Cases > Handbags	Luggage & Bags > Backpacks
leichter-business-rucksack-624200	Apparel & Accessories > Handbags, Wallets & Cases > Handbags	Luggage & Bags > Backpacks
leichter-premium-rucksack-634800	Apparel & Accessories > Handbags, Wallets & Cases > Handbags	Luggage & Bags > Backpacks
einfacher-rucksack-fur-den-alltag-638000	Apparel & Accessories > Handbags, Wallets & Cases > Handbags	Luggage & Bags > Backpacks
vollkorn-leder-rucksack-618400	Apparel & Accessories > Handbags, Wallets & Cases > Handbags	Luggage & Bags > Backpacks
business-rucksack-fur-jugendliche-und-laptop-n-610700	Apparel & Accessories > Handbags, Wallets & Cases > Handbags	Luggage & Bags > Backpacks
grosskapazitats-rucksack-fur-business-und-reis-622200	Apparel & Accessories > Handbags, Wallets & Cases > Handbags	Luggage & Bags > Backpacks
minimalistischer-business-rucksack-618300	Apparel & Accessories > Handbags, Wallets & Cases > Handbags	Luggage & Bags > Backpacks
taktischer-outdoor-rucksack-hohe-kapazitat-612600	Apparel & Accessories > Handbags, Wallets & Cases > Handbags	Luggage & Bags > Backpacks
minimalistischer-rucksack-fur-herren-633400	Apparel & Accessories > Handbags, Wallets & Cases > Handbags	Luggage & Bags > Backpacks
herren-rucksack-fur-den-alltag-606100	Apparel & Accessories > Handbags, Wallets & Cases > Handbags	Luggage & Bags > Backpacks
retro-rucksack-patchwork-619800	Apparel & Accessories > Handbags, Wallets & Cases > Handbags	Luggage & Bags > Backpacks
stylischer-reisebackpack-628200	Apparel & Accessories > Handbags, Wallets & Cases > Handbags	Luggage & Bags > Backpacks
stadtischer-rucksack-613100	Apparel & Accessories > Handbags, Wallets & Cases > Handbags	Luggage & Bags > Backpacks
20-pp-trolleykoffer-623700	Apparel & Accessories > Handbags, Wallets & Cases > Handbags	Luggage & Bags > Suitcases
outdoor-stream-tracking-rucksack-mit-ipx7-wass-613400	Apparel & Accessories > Handbags, Wallets & Cases > Handbags	Luggage & Bags > Backpacks
reisegepack-trolley-bag-621000	Apparel & Accessories > Handbags, Wallets & Cases > Handbags	Luggage & Bags > Suitcases
atmungsaktiver-laptop-rucksack-600500	Apparel & Accessories > Handbags, Wallets & Cases > Handbags	Luggage & Bags > Backpacks
einfarbiger-rucksack-fur-unisex-611100	Apparel & Accessories > Handbags, Wallets & Cases > Handbags	Luggage & Bags > Backpacks
rucksack-mit-bluetooth-lautsprecher-621800	Apparel & Accessories > Handbags, Wallets & Cases > Handbags	Luggage & Bags > Backpacks
pu-trolley-koffer-klein-gross-607900	Apparel & Accessories > Handbags, Wallets & Cases > Handbags	Luggage & Bags > Suitcases
herren-rucksack-oxford-stoff-611100	Apparel & Accessories > Handbags, Wallets & Cases > Handbags	Luggage & Bags > Backpacks
leichter-trekking-rucksack-634900	Apparel & Accessories > Handbags, Wallets & Cases > Handbags	Luggage & Bags > Backpacks
outdoor-rucksack-mit-wasserschutz-606800	Apparel & Accessories > Handbags, Wallets & Cases > Handbags	Luggage & Bags > Backpacks
reise-rucksack-fur-laptop-608000	Apparel & Accessories > Handbags, Wallets & Cases > Handbags	Luggage & Bags > Backpacks
ultra-leichter-lauf-und-sportrucksack-fur-mara-635600	Apparel & Accessories > Handbags, Wallets & Cases > Handbags	Luggage & Bags > Backpacks
outdoor-rucksack-unisex-613900	Apparel & Accessories > Handbags, Wallets & Cases > Handbags	Luggage & Bags > Backpacks
leder-rucksack-fur-business-alltag-623000	Apparel & Accessories > Handbags, Wallets & Cases > Handbags	Luggage & Bags > Backpacks
leder-rucksack-mit-mehreren-taschen-621100	Apparel & Accessories > Handbags, Wallets & Cases > Handbags	Luggage & Bags > Backpacks
wasserdichte-laptop-tasche-fur-business-reisen-632900	Apparel & Accessories > Handbags, Wallets & Cases > Handbags	Luggage & Bags > Briefcases
taktische-sporttasche-620000	Apparel & Accessories > Handbags, Wallets & Cases > Handbags	Luggage & Bags > Duffel Bags
retro-hufttasche-620800	Apparel & Accessories > Handbags, Wallets & Cases > Handbags	Luggage & Bags > Fanny Packs
hochwertiger-leder-reisekoffer-abriebfest-624400	Apparel & Accessories > Handbags, Wallets & Cases > Handbags	Luggage & Bags > Suitcases
herren-leder-hufttasche-fur-smartphone-sport-f-624200	Apparel & Accessories > Handbags, Wallets & Cases > Handbags	Luggage & Bags > Fanny Packs
pu-leder-hufttasche-mit-verstellbarem-schulter-613200	Apparel & Accessories > Handbags, Wallets & Cases > Handbags	Luggage & Bags > Fanny Packs
taille-rucksack-set-627500	Apparel & Accessories > Handbags, Wallets & Cases > Handbags	Luggage & Bags > Backpacks
herren-gurteltasche-aus-erstem-leder-robust-un-614100	Apparel & Accessories > Handbags, Wallets & Cases > Handbags	Luggage & Bags > Fanny Packs
mittelalterliche-gurteltasche-620800	Apparel & Accessories > Handbags, Wallets & Cases > Handbags	Luggage & Bags > Fanny Packs
herren-geldborse-aus-echtem-leder-634700	Apparel & Accessories > Handbags, Wallets & Cases > Handbags	Apparel & Accessories > Handbags, Wallets & Cases > Wallets & Money Clips
kartenhalter-mit-diebstahlschutz-639300	Apparel & Accessories > Handbags, Wallets & Cases > Handbags	Apparel & Accessories > Handbags, Wallets & Cases > Wallets & Money Clips
magnetischer-handyhalter-wallet-618500	Apparel & Accessories > Handbags, Wallets & Cases > Handbags	Apparel & Accessories > Handbags, Wallets & Cases > Wallets & Money Clips
kartenhalter-mit-airtag-619800	Apparel & Accessories > Handbags, Wallets & Cases > Handbags	Apparel & Accessories > Handbags, Wallets & Cases > Wallets & Money Clips
herren-makeup-tasche-622400	Apparel & Accessories > Handbags, Wallets & Cases > Handbags	Luggage & Bags > Cosmetic & Toiletry Bags
grosses-kartenetui-fur-herren-655300	Apparel & Accessories > Handbags, Wallets & Cases > Handbags	Apparel & Accessories > Handbags, Wallets & Cases > Wallets & Money Clips
mannliches-portemonnaie-mit-kartenfachern-643000	Apparel & Accessories > Handbags, Wallets & Cases > Handbags	Apparel & Accessories > Handbags, Wallets & Cases > Wallets & Money Clips
ultradunner-kartenhalter-mit-erweiterung-624300	Apparel & Accessories > Handbags, Wallets & Cases > Handbags	Apparel & Accessories > Handbags, Wallets & Cases > Wallets & Money Clips
kartenhalter-aus-carbonfaser-600100	Apparel & Accessories > Handbags, Wallets & Cases > Handbags	Apparel & Accessories > Handbags, Wallets & Cases > Wallets & Money Clips
retro-geldborse-aus-crazy-horse-leder-653500	Apparel & Accessories > Handbags, Wallets & Cases > Handbags	Apparel & Accessories > Handbags, Wallets & Cases > Wallets & Money Clips
rfid-geldborse-mit-kartenfachern-658500	Apparel & Accessories > Handbags, Wallets & Cases > Handbags	Apparel & Accessories > Handbags, Wallets & Cases > Wallets & Money Clips
geschaftsreise-rucksack-618500	Apparel & Accessories > Handbags, Wallets & Cases > Handbags	Luggage & Bags > Backpacks
wasserdichter-reise-trolley-outdoor-613000	Apparel & Accessories > Handbags, Wallets & Cases > Handbags	Luggage & Bags > Suitcases
fashion-rucksack-fur-outdoor-aktivitaten-637900	Apparel & Accessories > Handbags, Wallets & Cases > Handbags	Luggage & Bags > Backpacks
mannliches-leder-geldborse-634600	Apparel & Accessories > Handbags, Wallets & Cases > Handbags	Apparel & Accessories > Handbags, Wallets & Cases > Wallets & Money Clips
leichter-reisekoffer-627000	Apparel & Accessories > Handbags, Wallets & Cases > Handbags	Luggage & Bags > Suitcases
sport-taille-rucksack-826624	Apparel & Accessories > Handbags, Wallets & Cases > Handbags	Luggage & Bags > Backpacks
multifunktionale-hufttasche-387456	Apparel & Accessories > Handbags, Wallets & Cases > Handbags	Luggage & Bags > Fanny Packs
reflektierende-laufhufttasche-992960	Apparel & Accessories > Handbags, Wallets & Cases > Handbags	Luggage & Bags > Fanny Packs
wanderrucksack-outdoor-632400	Apparel & Accessories > Handbags, Wallets & Cases > Handbags	Luggage & Bags > Backpacks
mini-camouflage-rucksack-608800	Apparel & Accessories > Handbags, Wallets & Cases > Handbags	Luggage & Bags > Backpacks
faltbarer-rucksack-fur-outdoor-aktivitaten-610500	Apparel & Accessories > Handbags, Wallets & Cases > Handbags	Luggage & Bags > Backpacks
outdoor-rucksack-55l-630000	Apparel & Accessories > Handbags, Wallets & Cases > Handbags	Luggage & Bags > Backpacks
multifunktionaler-rucksack-610400	Apparel & Accessories > Handbags, Wallets & Cases > Handbags	Luggage & Bags > Backpacks
grosses-business-rucksack-wasserabweisend-607300	Apparel & Accessories > Handbags, Wallets & Cases > Handbags	Luggage & Bags > Backpacks
wasserdichter-laptop-rucksack-601000	Apparel & Accessories > Handbags, Wallets & Cases > Handbags	Luggage & Bags > Backpacks
kunstler-rucksack-mit-stauraum-623200	Apparel & Accessories > Handbags, Wallets & Cases > Handbags	Luggage & Bags > Backpacks
camping-rucksack-camouflage-639200	Apparel & Accessories > Handbags, Wallets & Cases > Handbags	Luggage & Bags > Backpacks
mannliche-leder-geldborse-658300	Apparel & Accessories > Handbags, Wallets & Cases > Handbags	Apparel & Accessories > Handbags, Wallets & Cases > Wallets & Money Clips
manner-leder-geldborse-657700	Apparel & Accessories > Handbags, Wallets & Cases > Handbags	Apparel & Accessories > Handbags, Wallets & Cases > Wallets & Money Clips
carbon-faser-muster-leder-manner-geldborse-647700	Apparel & Accessories > Handbags, Wallets & Cases > Handbags	Apparel & Accessories > Handbags, Wallets & Cases > Wallets & Money Clips
kartenhalter-fur-business-607900	Apparel & Accessories > Handbags, Wallets & Cases > Handbags	Apparel & Accessories > Handbags, Wallets & Cases > Wallets & Money Clips
herren-lederportemonnaie-614000	Apparel & Accessories > Handbags, Wallets & Cases > Handbags	Apparel & Accessories > Handbags, Wallets & Cases > Wallets & Money Clips
herren-geldborse-business-601100	Apparel & Accessories > Handbags, Wallets & Cases > Handbags	Apparel & Accessories > Handbags, Wallets & Cases > Wallets & Money Clips
manner-geldborse-mit-tri-fold-design-607600	Apparel & Accessories > Handbags, Wallets & Cases > Handbags	Apparel & Accessories > Handbags, Wallets & Cases > Wallets & Money Clips
mehrfachkartenhalter-geldborse-621400	Apparel & Accessories > Handbags, Wallets & Cases > Handbags	Apparel & Accessories > Handbags, Wallets & Cases > Wallets & Money Clips
erweiterbarer-multifunktions-rollkoffer-20-zol-624000	Apparel & Accessories > Handbags, Wallets & Cases > Handbags	Luggage & Bags > Suitcases
leder-rucksack-fur-herren-630800	Apparel & Accessories > Handbags, Wallets & Cases > Handbags	Luggage & Bags > Backpacks
grosses-unisex-rucksack-636900	Apparel & Accessories > Handbags, Wallets & Cases > Handbags	Luggage & Bags > Backpacks
einfacher-stadt-rucksack-624400	Apparel & Accessories > Handbags, Wallets & Cases > Handbags	Luggage & Bags > Backpacks
premium-business-rucksack-fur-herren-633500	Apparel & Accessories > Handbags, Wallets & Cases > Handbags	Luggage & Bags > Backpacks
koffer-style-outdoor-rucksack-mit-weitem-fassu-606700	Apparel & Accessories > Handbags, Wallets & Cases > Handbags	Luggage & Bags > Suitcases
tragbarer-rucksack-fur-make-up-kunstler-601600	Apparel & Accessories > Handbags, Wallets & Cases > Handbags	Luggage & Bags > Backpacks
rucksack-set-fur-herren-625200	Apparel & Accessories > Handbags, Wallets & Cases > Handbags	Luggage & Bags > Backpacks
reise-rucksack-mit-schuhfach-606400	Apparel & Accessories > Handbags, Wallets & Cases > Handbags	Luggage & Bags > Backpacks
grosses-reise-rucksack-fur-unisex-619000	Apparel & Accessories > Handbags, Wallets & Cases > Handbags	Luggage & Bags > Backpacks
grosses-leder-rucksack-set-607800	Apparel & Accessories > Handbags, Wallets & Cases > Handbags	Luggage & Bags > Backpacks
manner-rucksack-fur-den-arbeitsweg-607600	Apparel & Accessories > Handbags, Wallets & Cases > Handbags	Luggage & Bags > Backpacks
business-rucksack-unisex-623900	Apparel & Accessories > Handbags, Wallets & Cases > Handbags	Luggage & Bags > Backpacks
handgepack-tasche-business-style-rucksack-624100	Apparel & Accessories > Handbags, Wallets & Cases > Handbags	Luggage & Bags > Backpacks
reise-rucksack-business-605900	Apparel & Accessories > Handbags, Wallets & Cases > Handbags	Luggage & Bags > Backpacks
retro-rucksack-aus-echtleder-618900	Apparel & Accessories > Handbags, Wallets & Cases > Handbags	Luggage & Bags > Backpacks
taktischer-rucksack-fur-herren-638900	Apparel & Accessories > Handbags, Wallets & Cases > Handbags	Luggage & Bags > Backpacks
wasserdichter-reisekoffer-622900	Apparel & Accessories > Handbags, Wallets & Cases > Handbags	Luggage & Bags > Suitcases
retro-leder-reisetasche-603000	Apparel & Accessories > Handbags, Wallets & Cases > Handbags	Luggage & Bags > Duffel Bags
reise-rucksack-607100	Apparel & Accessories > Handbags, Wallets & Cases > Handbags	Luggage & Bags > Backpacks
funktions-rucksack-fur-outdoor-603200	Apparel & Accessories > Handbags, Wallets & Cases > Handbags	Luggage & Bags > Backpacks
herren-motorrad-hufttasche-crossbody-328448	Apparel & Accessories > Handbags, Wallets & Cases > Handbags	Luggage & Bags > Fanny Packs
vintage-hufttasche-damen-strapslos-aus-baumwol-613056	Apparel & Accessories > Handbags, Wallets & Cases > Handbags	Luggage & Bags > Fanny Packs
business-rucksack-fur-herren-mit-gro-er-kapazi-618200	Apparel & Accessories > Handbags, Wallets & Cases > Handbags	Luggage & Bags > Backpacks
modischer-herren-rucksack-grosses-fassungsverm-604800	Apparel & Accessories > Handbags, Wallets & Cases > Handbags	Luggage & Bags > Backpacks
retro-vollleder-herren-rucksack-614000	Apparel & Accessories > Handbags, Wallets & Cases > Handbags	Luggage & Bags > Backpacks
multifunktions-cardholder-herren-geldborse-aus-602700	Apparel & Accessories > Handbags, Wallets & Cases > Handbags	Apparel & Accessories > Handbags, Wallets & Cases > Wallets & Money Clips
wasserdichter-rucksack-fur-unisex-603800	Apparel & Accessories > Handbags, Wallets & Cases > Handbags	Luggage & Bags > Backpacks
reise-rucksack-mit-viel-platz-635000	Apparel & Accessories > Handbags, Wallets & Cases > Handbags	Luggage & Bags > Backpacks
wasserdichter-multifunktionaler-trekking-rucks-625900	Apparel & Accessories > Handbags, Wallets & Cases > Handbags	Luggage & Bags > Backpacks
sporttasche-im-casual-stil-625900	Apparel & Accessories > Handbags, Wallets & Cases > Handbags	Luggage & Bags > Duffel Bags
mini-reisekoffer-mit-rollen-fur-reisen-601000	Apparel & Accessories > Handbags, Wallets & Cases > Handbags	Luggage & Bags > Suitcases
leichtgewichtiger-wasserdichter-business-rucks-630300	Apparel & Accessories > Handbags, Wallets & Cases > Handbags	Luggage & Bags > Backpacks
leichter-rucksack-608500	Apparel & Accessories > Handbags, Wallets & Cases > Handbags	Luggage & Bags > Backpacks
kleiner-taktik-rucksack-mit-camouflage-muster-624700	Apparel & Accessories > Handbags, Wallets & Cases > Handbags	Luggage & Bags > Backpacks
retro-leichtgewicht-bauchtasche-609700	Apparel & Accessories > Handbags, Wallets & Cases > Handbags	Luggage & Bags > Fanny Packs
taktische-outdoor-laptop-tasche-625900	Apparel & Accessories > Handbags, Wallets & Cases > Handbags	Luggage & Bags > Briefcases
reise-rucksack-mit-trocken-feucht-trennung-606900	Apparel & Accessories > Handbags, Wallets & Cases > Handbags	Luggage & Bags > Backpacks
herren-reise-rucksack-617100	Apparel & Accessories > Handbags, Wallets & Cases > Handbags	Luggage & Bags > Backpacks
uni-rucksack-mit-viel-platz-608100	Apparel & Accessories > Handbags, Wallets & Cases > Handbags	Luggage & Bags > Backpacks
fanny-pack-fur-friseure-134272	Apparel & Accessories > Handbags, Wallets & Cases > Handbags	Luggage & Bags > Fanny Packs
leder-taille-rucksack-392192	Apparel & Accessories > Handbags, Wallets & Cases > Handbags	Luggage & Bags > Backpacks
manner-leder-crossbody-rucksack-638600	Apparel & Accessories > Handbags, Wallets & Cases > Handbags	Luggage & Bags > Backpacks
retro-messenger-bag-aus-leder-632300	Apparel & Accessories > Handbags, Wallets & Cases > Handbags	Luggage & Bags > Messenger Bags
multifunktionale-manner-gurteltasche-im-street-619500	Apparel & Accessories > Handbags, Wallets & Cases > Handbags	Luggage & Bags > Fanny Packs
mannlicher-leder-messenger-beutel-644100	Apparel & Accessories > Handbags, Wallets & Cases > Handbags	Luggage & Bags > Messenger Bags
kleiner-schulter-rucksack-aus-rindleder-310784	Apparel & Accessories > Handbags, Wallets & Cases > Handbags	Luggage & Bags > Backpacks
leder-messenger-tasche-991168	Apparel & Accessories > Handbags, Wallets & Cases > Handbags	Luggage & Bags > Messenger Bags
manner-geldborse-aus-leder-und-metall-622600	Apparel & Accessories > Handbags, Wallets & Cases > Handbags	Apparel & Accessories > Handbags, Wallets & Cases > Wallets & Money Clips
geraumiger-atmungsaktiver-leicht-rucksack-609500	Apparel & Accessories > Handbags, Wallets & Cases > Handbags	Luggage & Bags > Backpacks
herren-leder-brieftasche-610800	Apparel & Accessories > Handbags, Wallets & Cases > Handbags	Apparel & Accessories > Handbags, Wallets & Cases > Wallets & Money Clips
