2026-10-09T16:32Z	gid://shopify/Product/15447877091713	Elektronik	Uhren	+uhren	Smartwatch mit Bluetooth-Telefonie & Gesundheits-Tracking
2026-10-09T16:32Z	gid://shopify/Product/15448872976769	Elektronik	Uhren	+uhren	Smart Pager Armbanduhr für Servicepersonal
2026-10-09T16:32Z	gid://shopify/Product/15448873632129	Elektronik	Uhren	+uhren	Armband-Gehäuse 44/45mm für Smartwatches
2026-10-09T16:32Z	gid://shopify/Product/15448874615169	Elektronik	Schmuck		Ohr-Accessoires aus Edelstahl (18mm)
2026-10-09T16:32Z	gid://shopify/Product/15448874779009	Elektronik	Uhren	+uhren	Gebogene Uhrenarmband-Federstege aus Edelstahl
2026-10-09T16:32Z	gid://shopify/Product/15448875172225	Elektronik	Uhren	+uhren	Fitness-Smartwatch mit Herzfrequenz-Tracking · Bernstein-Edi
2026-10-09T16:32Z	gid://shopify/Product/15448875663745	Elektronik	Uhren	+uhren	Love Bracelet Uhrenarmband mit Perlenkette
2026-10-09T16:32Z	gid://shopify/Product/15448875762049	Elektronik	Uhren	+uhren	Smartwatch mit Herzfrequenz- und Schlaf-Tracking
2026-10-09T16:32Z	gid://shopify/Product/15448875827585	Elektronik	Uhren		Titan-Armband für Apple Watch
2026-10-09T16:32Z	gid://shopify/Product/15448876056961	Elektronik	Uhren		Vintage Metall-Leder Armband für Apple Watch
2026-10-09T16:32Z	gid://shopify/Product/15448876220801	Elektronik	Uhren		Pinkycolor Silikonarmband für Apple Watch
2026-10-09T16:32Z	gid://shopify/Product/15448876253569	Elektronik	Uhren	+uhren	Y68 Smartwatch mit Bluetooth
2026-10-09T16:32Z	gid://shopify/Product/15448876548481	Elektronik	Uhren	+uhren	Smartwatch mit Farb-Touchscreen & Blutsauerstoffmessung
2026-10-09T16:32Z	gid://shopify/Product/15448876876161	Elektronik	Uhren	+uhren	Uhrenarmband aus Edelstahl, dreireihig
2026-10-09T16:32Z	gid://shopify/Product/15448877171073	Elektronik	Uhren		Zweifarbiges Silikonarmband für Apple Watch
2026-10-09T16:32Z	gid://shopify/Product/15448877203841	Elektronik	Uhren	+uhren	Smartwatch mit Herzfrequenzmessung · Damen, Armband-Design
2026-10-09T16:32Z	gid://shopify/Product/15448877269377	Elektronik	Uhren	+uhren	Smartwatch-Armband aus Leder-Nylon
2026-10-09T16:32Z	gid://shopify/Product/15448877433217	Elektronik	Uhren	+uhren	C114 Smartwatch mit Herzfrequenzmessung
2026-10-09T16:32Z	gid://shopify/Product/15448877465985	Elektronik	Uhren		Smart Slim Resin Armband für Apple Watch
2026-10-09T16:32Z	gid://shopify/Product/15448877531521	Elektronik	Uhren	+uhren	Harz-Metall-Denim-Ketten-Armband für Smartwatches
2026-10-09T16:32Z	gid://shopify/Product/15448877662593	Elektronik	Uhren	+uhren	Kinder Smartwatch mit GPS und Videoanruf
2026-10-09T16:32Z	gid://shopify/Product/15448877760897	Elektronik	Uhren	+uhren	Smartwatch ZX18 – Fitness-Tracker für Damen und Herren
2026-10-09T16:32Z	gid://shopify/Product/15448877990273	Elektronik	Uhren	+uhren	Smartwatch mit Bluetooth-Anruf- und Musikfunktion
2026-10-09T16:32Z	gid://shopify/Product/15448878023041	Elektronik	Uhren	+uhren	Smartwatch mit Herzfrequenzmessung · schlicht, 4 Farben
2026-10-09T16:32Z	gid://shopify/Product/15448878121345	Elektronik	Uhren	+uhren	Sportuhr mit Silikonarmband
2026-10-09T16:32Z	gid://shopify/Product/15448878317953	Elektronik	Uhren	+uhren	Pedometer Sport-Armbanduhr
2026-10-09T16:32Z	gid://shopify/Product/15448878416257	Elektronik	Uhren	+uhren	Smartwatch mit Fitness-Tracking & Bluetooth-Anrufen
2026-10-09T16:32Z	gid://shopify/Product/15448878449025	Elektronik	Uhren	+uhren	Smartwatch mit Anruf- & Musiksteuerung
2026-10-09T16:32Z	gid://shopify/Product/15448878514561	Elektronik	Uhren	+uhren	Multifunktionale Outdoor Smartwatch mit Taschenlampe
2026-10-09T16:32Z	gid://shopify/Product/15448878645633	Elektronik	Uhren	+uhren	Smartwatch mit Bluetooth-Telefonie & Fitness-Tracker
2026-10-09T16:32Z	gid://shopify/Product/15448878711169	Elektronik	Uhren	+uhren	Smartwatch & Bluetooth Earbuds Set mit Dual-Armband
2026-10-09T16:32Z	gid://shopify/Product/15448878743937	Elektronik	Uhren	+uhren	Smartwatch mit Bluetooth-Anrufen und Fitness-Tracker
2026-10-09T16:32Z	gid://shopify/Product/15448878907777	Elektronik	Uhren	+uhren	Smartwatch mit Schrittzähler und Nachrichten
2026-10-09T16:32Z	gid://shopify/Product/15448879202689	Elektronik	Uhren	+uhren	Smartwatch Multi-Armband-Kit
2026-10-09T16:32Z	gid://shopify/Product/15448879464833	Elektronik	Uhren	+uhren	4G Smartwatch für Kinder (Android)
2026-10-09T16:32Z	gid://shopify/Product/15448879595905	Elektronik	Uhren	+uhren	SKMEI Multifunktions-Studentenuhr für Herren
2026-10-09T16:32Z	gid://shopify/Product/15448879825281	Elektronik	Uhren	+uhren	Smarte Sportuhr mit Bluetooth-Anrufen & Gesundheits-Tracking
2026-10-09T16:32Z	gid://shopify/Product/15448880054657	Elektronik	Uhren	+uhren	4G Smartwatch für Kinder mit Bluetooth
2026-10-09T16:32Z	gid://shopify/Product/15448880251265	Elektronik	Uhren	+uhren	Coole leuchtende, wasserdichte Digitaluhr
2026-10-09T16:32Z	gid://shopify/Product/15448880644481	Elektronik	Uhren		Fitness-Smartwatch mit Herzfrequenz-Tracking · Business, 4 F
2026-10-09T16:32Z	gid://shopify/Product/15448880841089	Elektronik	Uhren	+uhren	Leder-Uhrenarmband im Vintage-Stil
2026-10-09T16:32Z	gid://shopify/Product/15448881004929	Elektronik	Uhren	+uhren	Fitzap3 Anti-Ermüdungs-Smartwatch
2026-10-09T16:32Z	gid://shopify/Product/15448881037697	Elektronik	Uhren	+uhren	Magnetisches Uhrenarmband aus Titan
2026-10-09T16:32Z	gid://shopify/Product/15449128436097	Elektronik	Uhren	+uhren	HD8ultra Smartwatch mit Bluetooth-Telefonie
2026-10-09T16:32Z	gid://shopify/Product/15449452315009	Elektronik	Uhren	+uhren	Uhrband-Set mit 6-Wort Schnalle
2026-10-09T16:32Z	gid://shopify/Product/15479375397249	Elektronik	Uhren		Smartwatch für Sport & Alltag
2026-10-09T16:32Z	gid://shopify/Product/15479375593857	Elektronik	Uhren		Smartwatch für Kinder mit GPS und Kamera
2026-10-09T16:32Z	gid://shopify/Product/15479397155201	Elektronik	Uhren		Smartwatch mit Herzfrequenz
2026-10-09T16:32Z	gid://shopify/Product/15479397450113	Elektronik	Uhren		Bluetooth Smartwatch mit Touchscreen
2026-10-09T16:32Z	gid://shopify/Product/15479415374209	Elektronik	Uhren		Smartwatch GT mit Gesundheitsfunktionen
2026-10-09T16:32Z	gid://shopify/Product/15479415538049	Elektronik	Uhren		Dawn White Smartwatch mit Puls- und Blutsauerstoffmessung
2026-10-09T16:32Z	gid://shopify/Product/15479415767425	Elektronik	Uhren		Smartwatch rund mit Bluetooth-Telefonie und Herzfrequenz
2026-10-09T16:32Z	gid://shopify/Product/15479415996801	Elektronik	Uhren		Smartwatch mit Bluetooth-Telefonie und Herzfrequenz
2026-10-09T16:32Z	gid://shopify/Product/15479416258945	Elektronik	Uhren		Smartwatch für Sport & Fitness
2026-10-09T16:32Z	gid://shopify/Product/15479416422785	Elektronik	Uhren		Smartwatch mit Bluetooth-Anruf und NFC-Zahlung
2026-10-09T16:32Z	gid://shopify/Product/15479416914305	Elektronik	Uhren		Smartwatch mit Kamera und Telefonfunktion
2026-10-09T16:32Z	gid://shopify/Product/15479417045377	Elektronik	Uhren		Smartwatch T98 mit Bluetooth-Anruf und Gesundheitsfunktionen
2026-10-09T16:32Z	gid://shopify/Product/15479417274753	Elektronik	Uhren		Y30 Smartwatch mit Bluetooth-Telefonie
2026-10-09T16:32Z	gid://shopify/Product/15479417405825	Elektronik	Uhren		Bluetooth Smartwatch International
2026-10-09T16:32Z	gid://shopify/Product/15479417635201	Elektronik	Uhren		Smartwatch für Damen mit Bluetooth-Telefonie
2026-10-09T16:32Z	gid://shopify/Product/15479417766273	Elektronik	Uhren		KT80 Smartwatch mit HD-Display & Bluetooth-Anrufen
2026-10-09T16:32Z	gid://shopify/Product/15479417962881	Elektronik	Uhren		Multifunktionale, wasserdichte Smartwatch für Kinder
2026-10-09T16:32Z	gid://shopify/Product/15479466656129	Elektronik	Uhren		HD21 Smartwatch mit Bluetooth-Telefonie
2026-10-09T16:32Z	gid://shopify/Product/15479466721665	Elektronik	Uhren		Smartwatch P90 mit Bluetooth-Anruffunktion
2026-10-09T16:32Z	gid://shopify/Product/15479466885505	Elektronik	Uhren		H9 Smartwatch mit Bluetooth-Anruffunktion
2026-10-09T16:32Z	gid://shopify/Product/15479466951041	Elektronik	Uhren		Smartwatch mit Runddisplay
2026-10-09T16:32Z	gid://shopify/Product/15479467049345	Elektronik	Uhren		H10 Smartwatch mit Runddisplay
2026-10-09T16:32Z	gid://shopify/Product/15479467147649	Elektronik	Uhren		APPLLP 7 MAX Smartwatch mit ausziehbarer Kamera
2026-10-09T16:32Z	gid://shopify/Product/15479467475329	Elektronik	Uhren		Smartwatch mit Bluetooth-Telefonie & Herzfrequenz
2026-10-09T16:32Z	gid://shopify/Product/15479467573633	Elektronik	Uhren		Wasserdichte Smartwatch mit HD Dual-Kamera
2026-10-09T16:32Z	gid://shopify/Product/15479467737473	Elektronik	Uhren		V89 Ultra-dünne Smartwatch mit Bluetooth-Anrufen
2026-10-09T16:32Z	gid://shopify/Product/15479467835777	Elektronik	Uhren		Smart Watch Ultra-dünn mit Bluetooth-Anruffunktion
2026-10-09T16:32Z	gid://shopify/Product/15479467999617	Elektronik	Uhren		Smartwatch mit Sprachassistent & Offline-Zahlung
2026-10-09T16:32Z	gid://shopify/Product/15479468065153	Elektronik	Uhren		D11 Smartwatch mit Anruffunktion
2026-10-09T16:32Z	gid://shopify/Product/15479468196225	Elektronik	Uhren		Smartwatch mit Gesundheits-Monitoring
2026-10-09T16:32Z	gid://shopify/Product/15479468294529	Elektronik	Uhren		Outdoor Smartwatch mit Gesundheitsfunktionen
2026-10-09T16:32Z	gid://shopify/Product/15479468556673	Elektronik	Uhren		Smartwatch T17F mit Herzfrequenz- und Schlafmonitor
2026-10-09T16:32Z	gid://shopify/Product/15479468654977	Elektronik	Uhren		Smarte Gesundheits-Uhr
2026-10-09T16:32Z	gid://shopify/Product/15479468786049	Elektronik	Uhren		Smartwatch für Senioren mit GPS
2026-10-09T16:32Z	gid://shopify/Product/15479468982657	Elektronik	Uhren		Smartwatch mit Fitness- & Schlaf-Tracking
2026-10-09T16:32Z	gid://shopify/Product/15479469146497	Elektronik	Uhren		Smartwatch für Senioren mit GPS und Video
2026-10-09T16:32Z	gid://shopify/Product/15479469343105	Elektronik	Uhren		Smarte Gesundheits-Sportuhr Touch
2026-10-09T16:32Z	gid://shopify/Product/15479469441409	Elektronik	Uhren		Smartwatch mit Herzfrequenz- & Schlaf-Tracking
2026-10-09T16:32Z	gid://shopify/Product/15479469638017	Elektronik	Uhren		Bluetooth Smartwatch für Damen, ultradünn
2026-10-09T16:32Z	gid://shopify/Product/15479469834625	Elektronik	Uhren		Smartwatch für Herzfrequenz, Schlaf & Blutsauerstoff
2026-10-09T16:32Z	gid://shopify/Product/15479469998465	Elektronik	Uhren		M99 Smartwatch mit grossem AMOLED-Display
2026-10-09T16:32Z	gid://shopify/Product/15479470162305	Elektronik	Uhren		IwatchS10 Silikonarmband mit Litschi-Muster
2026-10-09T16:32Z	gid://shopify/Product/15479470358913	Elektronik	Uhren		Intelligente Outdoor-Sportuhr mit GPS
2026-10-09T16:32Z	gid://shopify/Product/15479484154241	Elektronik	Uhren		GTS8 Smartwatch mit Bluetooth
2026-10-09T16:32Z	gid://shopify/Product/15479484318081	Elektronik	Uhren		Smartwatch S15
2026-10-09T16:32Z	gid://shopify/Product/15479484449153	Elektronik	Uhren		Smartwatch mit Bluetooth-Anrufen & Herzfrequenz
2026-10-09T16:32Z	gid://shopify/Product/15479484612993	Elektronik	Uhren		Smartwatch mit Bluetooth-Headset & Sportarmband
2026-10-09T16:32Z	gid://shopify/Product/15479484744065	Elektronik	Uhren		Stratos 2 Ultra GPS Smartwatch
2026-10-09T16:32Z	gid://shopify/Product/15479485038977	Elektronik	Uhren		Smartwatch 4 mit drehbarer Kamera
2026-10-09T16:32Z	gid://shopify/Product/15479485202817	Elektronik	Uhren		Smartwatch mit Müdigkeits- & Schlafanalyse
2026-10-09T16:32Z	gid://shopify/Product/15479485333889	Elektronik	Uhren		Multifunktions-Smartwatch für Kinder
2026-10-09T16:32Z	gid://shopify/Product/15479485432193	Elektronik	Uhren		Smartwatch mit HD-Display und Bluetooth-Anrufen
2026-10-09T16:32Z	gid://shopify/Product/15479485596033	Elektronik	Uhren		Smartwatch mit Gesundheits- und Fitnessfunktionen
2026-10-09T16:32Z	gid://shopify/Product/15479485727105	Elektronik	Uhren		NFC Smartwatch für Multisport
2026-10-09T16:32Z	gid://shopify/Product/15479485825409	Elektronik	Uhren		Smartwatch für Schlaf- und Gesundheitsmonitoring
2026-10-09T16:32Z	gid://shopify/Product/15479486087553	Elektronik	Uhren	+uhren	V-förmiges Metallarmband mit Strasssteinen
2026-10-09T16:32Z	gid://shopify/Product/15479486153089	Elektronik	Uhren		Smartwatch mit Herzfrequenz- & Schrittzähler
2026-10-09T16:32Z	gid://shopify/Product/15479486284161	Elektronik	Uhren		Wasserdichte Sportuhr für Herren mit Dual-Display
2026-10-09T16:32Z	gid://shopify/Product/15479486415233	Elektronik	Uhren		Outdoor Smartwatch mit Herzfrequenzmessung
2026-10-09T16:32Z	gid://shopify/Product/15479486579073	Elektronik	Uhren		GTX2 Outdoor Sportuhr mit GPS
2026-10-09T16:32Z	gid://shopify/Product/15479486677377	Elektronik	Uhren		H20 Smartwatch für Damen mit HD Bluetooth Anruf
2026-10-09T16:32Z	gid://shopify/Product/15479486808449	Elektronik	Uhren		X5 Smartwatch mit Bluetooth & GPS
2026-10-09T16:32Z	gid://shopify/Product/15479486972289	Elektronik	Uhren		Smartwatch mit Silikonarmband
2026-10-09T16:32Z	gid://shopify/Product/15479487103361	Elektronik	Uhren		Multifunktionale Smartwatch mit grossem Display
2026-10-09T16:32Z	gid://shopify/Product/15479487398273	Elektronik	Uhren		Sport Smartwatch mit Blutsauerstoffmessung
2026-10-09T16:32Z	gid://shopify/Product/15479487758721	Elektronik	Uhren		4G All-Netcom Kinder-Smartwatch
2026-10-09T16:32Z	gid://shopify/Product/15479513514369	Elektronik	Uhren	+uhren	Smart-Armband mit Herzfrequenzmessung · Musiksteuerung & Sto
2026-10-09T16:32Z	gid://shopify/Product/15479857217921	Elektronik	Uhren		Smartwatch Bluetooth Anruf Outdoor Sport
2026-10-09T16:32Z	gid://shopify/Product/15480159273345	Elektronik	Uhren		Smartwatch mit Bluetooth-Telefonie und Gesundheits-Tracking
2026-10-09T16:32Z	gid://shopify/Product/15480160944513	Elektronik	Uhren		Smartwatch Sportmodell
2026-10-09T16:32Z	gid://shopify/Product/15480161337729	Elektronik	Uhren		Smartwatch mit Bluetooth-Anruffunktion · Lederarmband
2026-10-09T16:32Z	gid://shopify/Product/15480161993089	Elektronik	Uhren		Smartwatch Fitness Armband mit HD Bluetooth
2026-10-09T16:32Z	gid://shopify/Product/15480164254081	Elektronik	Uhren		Outdoor Kompass 5ATM Wasserdichte Smartwatch
2026-10-09T16:32Z	gid://shopify/Product/15480165695873	Elektronik	Uhren		Smartwatch mit Herzfrequenz- und Gesundheitsmanagement
2026-10-09T16:32Z	gid://shopify/Product/15480167072129	Elektronik	Uhren		Smartwatch mit Herzfrequenz- und Bluetooth-Anruffunktion
2026-10-09T16:32Z	gid://shopify/Product/15480167563649	Elektronik	Uhren		USB-Feuerzeug-Armbanduhr aus Metall
2026-10-09T16:32Z	gid://shopify/Product/15480167858561	Elektronik	Uhren		Smartwatch mit AMOLED-Display & NFC
2026-10-09T16:32Z	gid://shopify/Product/15480168743297	Elektronik	Uhren		Smartwatch Gold Edition mit Herzfrequenzmessung
2026-10-09T16:32Z	gid://shopify/Product/15480170611073	Elektronik	Uhren		Smartwatch mit Bluetooth-Anruf & Gesundheits-Tracking
2026-10-09T16:32Z	gid://shopify/Product/15480172151169	Elektronik	Uhren		Smart Micro-Strom Schlafhilfe-Uhr
2026-10-09T16:32Z	gid://shopify/Product/15480173101441	Elektronik	Uhren		Smartwatch-Armband mit Temperaturmessung
2026-10-09T16:32Z	gid://shopify/Product/15480175001985	Elektronik	Uhren		KC83 Business Smartwatch
2026-10-09T16:32Z	gid://shopify/Product/15480175952257	Elektronik	Uhren		Smartwatch mit Bluetooth-Anrufen & Fitness-Tracking
2026-10-09T16:32Z	gid://shopify/Product/15480178114945	Elektronik	Uhren		Outdoor Sport Smartwatch mit Bluetooth-Anrufen
2026-10-09T16:32Z	gid://shopify/Product/15480178835841	Elektronik	Uhren		Smartwatch mit Körperanalyse & Bluetooth-Anruf
2026-10-09T16:32Z	gid://shopify/Product/15480179589505	Elektronik	Uhren		Smartwatch mit Bluetooth-Telefonie
2026-10-09T16:32Z	gid://shopify/Product/15480180343169	Elektronik	Uhren		WS10 Smartwatch mit grossem Speicher
2026-10-09T16:32Z	gid://shopify/Product/15480339661185	Elektronik	Uhren	+uhren	Smartwatch mit Farbdisplay & Herzfrequenz
2026-10-09T16:32Z	gid://shopify/Product/15480411390337	Elektronik	Uhren	+uhren	Taschenradio mit Uhr und Stereo-Sound
2026-10-09T16:32Z	gid://shopify/Product/15480457691521	Elektronik	Uhren		Smart Watch mit Herzfrequenzmessung
2026-10-09T16:32Z	gid://shopify/Product/15480458281345	Elektronik	Uhren		GT4MAX Smartwatch mit Bluetooth-Telefonie
2026-10-09T16:32Z	gid://shopify/Product/15480458576257	Elektronik	Uhren		T95 Smart TWS 2-in-1 Bluetooth Gesundheits-Watch
2026-10-09T16:32Z	gid://shopify/Product/15480458871169	Elektronik	Uhren		Smartwatch mit Android OS & Sportfunktionen
2026-10-09T16:32Z	gid://shopify/Product/15480459231617	Elektronik	Uhren		T92 Smartwatch mit Bluetooth-Anrufen & Gesundheits-Tracker
2026-10-09T16:32Z	gid://shopify/Product/15480459460993	Elektronik	Uhren		Kinder Smartwatch mit SOS-Funktion & Kamera
2026-10-09T16:32Z	gid://shopify/Product/15480459755905	Elektronik	Uhren		Smartwatch mit Bluetooth-Anrufen & Gesundheitsfunktionen
2026-10-09T16:32Z	gid://shopify/Product/15480461918593	Elektronik	Uhren		Sport Smartwatch mit Bluetooth-Anruffunktion
2026-10-09T16:32Z	gid://shopify/Product/15480463753601	Elektronik	Uhren		Multifunktionale digitale Wanduhr
2026-10-09T16:32Z	gid://shopify/Product/15480479252865	Elektronik	Uhren		Smartwatch mit Gesundheits- und Anruffunktion
2026-10-09T16:32Z	gid://shopify/Product/15480563073409	Elektronik	Uhren	+uhren	Magnetische Wireless Power Bank für Smartwatches
2026-10-09T16:32Z	gid://shopify/Product/15480825807233	Elektronik	Uhren	+uhren	Wasserdichte Smartwatch mit MP3-Player
2026-10-09T16:32Z	gid://shopify/Product/15480826298753	Elektronik	Uhren	+uhren	Wasserdichte Smartwatch mit Gesundheitsmonitoring
2026-10-09T16:32Z	gid://shopify/Product/15480826331521	Elektronik	Uhren	+uhren	Lederarmband für Fitbit Charge 3/4
2026-10-09T16:32Z	gid://shopify/Product/15480827806081	Elektronik	Uhren	+uhren	Edelstahl-Schutzhülle für Apple Watch
2026-10-09T16:32Z	gid://shopify/Product/15480828264833	Elektronik	Uhren	+uhren	Mi Band 6 Runway Smartwatch
2026-10-09T16:32Z	gid://shopify/Product/15480828887425	Elektronik	Uhren	+uhren	Lederarmband aus Rindsleder
2026-10-09T16:32Z	gid://shopify/Product/15480830099841	Elektronik	Uhren	+uhren	Vintage Lederarmband für Apple Watch
2026-10-09T16:32Z	gid://shopify/Product/15480834883969	Elektronik	Uhren	+uhren	Herren Multifunktions-Quarzuhr, wasserdicht
2026-10-09T16:32Z	gid://shopify/Product/15481068552577	Elektronik	Uhren	+uhren	DTX Smartwatch 1.78" HD Sport & Alarm
2026-10-09T16:32Z	gid://shopify/Product/15481070190977	Elektronik	Uhren	+uhren	LEMFO Y99 Kinder Smartwatch mit 4G & GPS
2026-10-09T16:32Z	gid://shopify/Product/15481070485889	Elektronik	Uhren	+uhren	Lederarmband im Literatur-Stil für Samsung S3
2026-10-09T16:32Z	gid://shopify/Product/15481070649729	Elektronik	Uhren	+uhren	R5 Sportuhr mit Herzfrequenz
2026-10-09T16:32Z	gid://shopify/Product/15481072779649	Elektronik	Uhren	+uhren	Smartwatch mit Schrittzähler für Sport & Alltag
2026-10-09T16:32Z	gid://shopify/Product/15481073500545	Elektronik	Uhren	+uhren	F18 Smartwatch mit Metallarmband für Damen
2026-10-09T16:32Z	gid://shopify/Product/15481074942337	Elektronik	Uhren	+uhren	Zweifarbiger Doppelring-Armband (2. Gen.)
2026-10-09T16:32Z	gid://shopify/Product/15481075401089	Elektronik	Uhren	+uhren	Smartwatch mit Musikplayer und Armband
2026-10-09T16:32Z	gid://shopify/Product/15481075466625	Elektronik	Uhren	+uhren	Smartwatch mit Bluetooth-Telefonie & Temperaturmessung
2026-10-09T16:32Z	gid://shopify/Product/15481077334401	Elektronik	Uhren	+uhren	Wasserdichte Pedometer Smartwatch für iOS/Android
2026-10-09T16:32Z	gid://shopify/Product/15481077760385	Elektronik	Uhren	+uhren	I7S Smartwatch mit Herzfrequenzsensor
2026-10-09T16:32Z	gid://shopify/Product/15481253527937	Elektronik	Uhren	+uhren	T91 Smartwatch mit integrierten Bluetooth-Kopfhörern
2026-10-09T16:32Z	gid://shopify/Product/15481258148225	Elektronik	Uhren	+uhren	T6 Smartwatch mit Touchscreen
2026-10-09T16:32Z	gid://shopify/Product/15481259360641	Elektronik	Uhren	+uhren	R3L Smartwatch mit Touch-Display
2026-10-09T16:32Z	gid://shopify/Product/15481261425025	Elektronik	Uhren	+uhren	Smartwatch mit Temperaturmessung
2026-10-09T16:32Z	gid://shopify/Product/15481261654401	Elektronik	Uhren	+uhren	Metall-Armband für Xiaomi Smartwatch
2026-10-09T16:32Z	gid://shopify/Product/15481712902529	Elektronik	Uhren		Smartwatch mit Videoanruf und Kamera
2026-10-09T16:32Z	gid://shopify/Product/15481800163713	Elektronik	Uhren	+uhren	Edelstahl-Armband für Apple Watch
2026-10-09T16:32Z	gid://shopify/Product/15481877692801	Elektronik	Uhren		T6 Smartwatch – leicht, stilvoll, vielseitig
2026-10-09T16:32Z	gid://shopify/Product/15484227486081	Elektronik	Uhren		Smartwatch mit Sauerstoffmessung
2026-10-09T16:32Z	gid://shopify/Product/15484292628865	Elektronik	Uhren		Wasserdichter Sportuhr
2026-10-09T16:32Z	gid://shopify/Product/15485479321985	Elektronik	Uhren		Herrenuhr mit Doppelanzeige
2026-10-09T16:32Z	gid://shopify/Product/15489552417153	Elektronik	Uhren		Smartwatch 4G
2026-10-09T16:32Z	gid://shopify/Product/15490727182721	Elektronik	Uhren	+uhren	Multifunktionales Sport-Armband
2026-10-09T16:32Z	gid://shopify/Product/15491397779841	Elektronik	Uhren		Y80 Smartwatch mit AMOLED-Display
2026-10-09T16:32Z	gid://shopify/Product/15491397878145	Elektronik	Uhren		P60 2-in-1 Outdoor Smartwatch
2026-10-09T16:32Z	gid://shopify/Product/15492023943553	Elektronik	Uhren		Gesundheits-Smartwatch mit Körperanalyse
2026-10-09T16:32Z	gid://shopify/Product/15492084924801	Elektronik	Uhren		C28 Smartwatch Outdoor Sportuhr
2026-10-09T16:32Z	gid://shopify/Product/15493346296193	Elektronik	Uhren		Buntes Resin-Armband für Apple Watch
2026-10-09T16:32Z	gid://shopify/Product/15493347672449	Elektronik	Uhren		Samt-Haarband für Apple Watch
2026-10-09T16:32Z	gid://shopify/Product/15493348393345	Elektronik	Uhren		T8 Smartwatch für Damen mit Herzfrequenzmessung
2026-10-09T16:32Z	gid://shopify/Product/15493349474689	Elektronik	Uhren		Classic Fusion Silikonarmband, 19mm
2026-10-09T16:32Z	gid://shopify/Product/15493350228353	Elektronik	Uhren		Elastisches Stahl-Kugelarmband
2026-10-09T16:32Z	gid://shopify/Product/15493350654337	Elektronik	Uhren		Smartwatch-Armband «Love Chain»
2026-10-09T16:32Z	gid://shopify/Product/15493351670145	Elektronik	Uhren		Smartwatch mit Bluetooth-Telefonie & Sportfunktionen
2026-10-09T16:32Z	gid://shopify/Product/15493476024705	Elektronik	Uhren		Gummi-Armband
2026-10-09T16:32Z	gid://shopify/Product/15493476352385	Elektronik	Uhren		Nylon Loop Armband für Apple Watch
2026-10-09T16:32Z	gid://shopify/Product/15493476483457	Elektronik	Uhren		Keramik Armband
2026-10-09T16:32Z	gid://shopify/Product/15493476581761	Elektronik	Uhren		Retro Lederarmband für Apple Watch
2026-10-09T16:32Z	gid://shopify/Product/15493476712833	Elektronik	Uhren		Bluetooth Sportuhr mit Schlafüberwachung
2026-10-09T16:32Z	gid://shopify/Product/15493476745601	Elektronik	Uhren		Smartwatch mit Anruf-, Herzfrequenz- & Blutsauerstoffmessung
2026-10-09T16:32Z	gid://shopify/Product/15493864292737	Elektronik	Uhren		Life Tree Lederarmband für Apple Watch
2026-10-09T16:32Z	gid://shopify/Product/15493864423809	Elektronik	Uhren		Leder-Uhrenarmband mit Flaggenmuster
2026-10-09T16:32Z	gid://shopify/Product/15493864554881	Elektronik	Uhren		Smartwatch mit Touchscreen & Gesundheitsfunktionen
2026-10-09T16:32Z	gid://shopify/Product/15493864718721	Elektronik	Uhren		C60 Smartwatch mit HD-Display und Temperaturmessung
2026-10-09T16:32Z	gid://shopify/Product/15493864849793	Elektronik	Uhren		Smartwatch Schutzhülle mit Displayschutz
2026-10-09T16:32Z	gid://shopify/Product/15493865144705	Elektronik	Uhren		Sport Smartwatch
2026-10-09T16:32Z	gid://shopify/Product/15493865275777	Elektronik	Uhren		Fluoro-Kautschuk Armband für Smartwatches
2026-10-09T16:32Z	gid://shopify/Product/15493865439617	Elektronik	Uhren		Geschenkset: Uhr, Portemonnaie, Gürtel, Brille
2026-10-09T16:32Z	gid://shopify/Product/15493865668993	Elektronik	Uhren		Schutzhülle für Smartwatch, Full Diamond Cut-out
2026-10-09T16:32Z	gid://shopify/Product/15493869863297	Elektronik	Uhren		GT20 Smartwatch mit Bluetooth-Telefonie & Gesundheitsmonitor
2026-10-09T16:32Z	gid://shopify/Product/15493870125441	Elektronik	Uhren		Armband für Watch Ultra8 49mm
2026-10-09T16:32Z	gid://shopify/Product/15493870354817	Elektronik	Uhren		Smartwatch mit Bluetooth-Anruf und Outdoor-Funktionen
2026-10-09T16:32Z	gid://shopify/Product/15493871010177	Elektronik	Uhren		Smartwatch mit Herzfrequenz- und Blutsauerstoffmessung
2026-10-09T16:32Z	gid://shopify/Product/15493871108481	Elektronik	Uhren		Smartwatch mit Bluetooth-Anruf und Sportmodi
2026-10-09T16:32Z	gid://shopify/Product/15493871239553	Elektronik	Uhren		2-in-1 Bluetooth Smartwatch mit Herzfrequenz
2026-10-09T16:32Z	gid://shopify/Product/15493871370625	Elektronik	Uhren		Smartwatch & Herzfrequenz
2026-10-09T16:32Z	gid://shopify/Product/15493871501697	Elektronik	Uhren		Edles Edelstahlarmband für Apple Watch
2026-10-09T16:32Z	gid://shopify/Product/15493912691073	Elektronik	Uhren		Woven Double-loop Nylon-Lederarmband
2026-10-09T16:32Z	gid://shopify/Product/15493913149825	Elektronik	Uhren		Wasserdichte Multifunktions-Herren Quarzuhr
2026-10-09T16:32Z	gid://shopify/Product/15493913444737	Elektronik	Uhren		Smarte Sportuhr mit Herzfrequenz- & Schlafmonitor
2026-10-09T16:32Z	gid://shopify/Product/15493913805185	Elektronik	Uhren		C21 Smartwatch mit Bluetooth-Anruffunktion
2026-10-09T16:32Z	gid://shopify/Product/15493915148673	Elektronik	Uhren		Smartwatch mit Bluetooth-Anrufen und Offline-Zahlung
2026-10-09T16:32Z	gid://shopify/Product/15493916197249	Elektronik	Uhren		Lederarmband mit Dreiecksverschluss für Smartwatches
2026-10-09T16:32Z	gid://shopify/Product/15493916524929	Elektronik	Uhren		Smartwatch für Kinder mit Herzfrequenzmessung
2026-10-09T16:32Z	gid://shopify/Product/15493916950913	Elektronik	Uhren		Smartwatch mit Bluetooth-Telefonie und Gesundheitsfunktionen
2026-10-09T16:32Z	gid://shopify/Product/15493917409665	Elektronik	Uhren		Lederarmband mit Herz-Design für Smartwatches
2026-10-09T16:32Z	gid://shopify/Product/15499447796097	Elektronik	Uhren	+uhren	Apple Watch 4 Carbon-Faserverbundgehäuse
2026-10-09T16:32Z	gid://shopify/Product/15500990415233	Elektronik	Uhren	+uhren	Wasserdichte Smartwatch
2026-10-09T16:32Z	gid://shopify/Product/15501679001985	Elektronik	Uhren	+uhren	Weisser Magnet-Charger für Smartwatches
2026-10-09T16:32Z	gid://shopify/Product/15501899727233	Elektronik	Uhren	+uhren	Magnetischer Uhrenhalter
2026-10-09T16:32Z	gid://shopify/Product/15502136869249	Elektronik	Uhren	+uhren	Emmett Armbanduhr mit Sechszeiger-Zifferblatt
2026-10-09T16:32Z	gid://shopify/Product/15502307983745	Elektronik	Uhren		Kariertes Lederarmband für Smartwatches
2026-10-09T16:32Z	gid://shopify/Product/15502661583233	Elektronik	Uhren	+uhren	Zifferblatt für Automatikuhr, Camouflage
2026-10-09T16:32Z	gid://shopify/Product/15502661714305	Elektronik	Uhren	+uhren	Grünes Leucht-Zifferblatt für Camouflage-Uhren
2026-10-09T16:32Z	gid://shopify/Product/15503164309889	Elektronik	Uhren	+uhren	Elektronische Uhr mit Dual-Display
2026-10-09T16:32Z	gid://shopify/Product/15503289024897	Elektronik	Uhren	+uhren	Torntisc Smartwatch für Kinder mit GPS & SOS
2026-10-09T16:32Z	gid://shopify/Product/15503292039553	Elektronik	Uhren	+uhren	Herren-Elektronikuhr aus Legierung
2026-10-09T16:32Z	gid://shopify/Product/15503303508353	Elektronik	Uhren	+uhren	Wasserdichte Smartwatch mit Bluetooth-Kamera
2026-10-09T16:32Z	gid://shopify/Product/15503304458625	Elektronik	Uhren	+uhren	A6 Smartwatch mit Farbdisplay
2026-10-09T16:32Z	gid://shopify/Product/15503957098881	Elektronik	Uhren		Smartwatch-Armband aus Milanese-Edelstahl
2026-10-09T16:32Z	gid://shopify/Product/15503957295489	Elektronik	Uhren		Mechanische Herrenuhr, wasserdicht, leuchtend
2026-10-09T16:32Z	gid://shopify/Product/15503957557633	Elektronik	Uhren		Pixel Watch Armband aus Echtleder
2026-10-09T16:32Z	gid://shopify/Product/15503957754241	Elektronik	Uhren		Astronaut Smartwatch mit Bluetooth & Touchscreen
2026-10-09T16:32Z	gid://shopify/Product/15503957885313	Elektronik	Uhren		Tauchcomputer Smartwatch für Herren
2026-10-09T16:32Z	gid://shopify/Product/15504104817025	Elektronik	Uhren		Kinder Smartwatch mit GPS und Wasserschutz
2026-10-09T16:32Z	gid://shopify/Product/15504105046401	Elektronik	Uhren		Retro-Halskettenuhr mit Klappdeckel
2026-10-09T16:32Z	gid://shopify/Product/15504105243009	Elektronik	Uhren		Retro LED Motorrad-Design Anhängeruhr
2026-10-09T16:32Z	gid://shopify/Product/15504105439617	Elektronik	Uhren		Premium Edelstahl-Armband für Apple Watch
2026-10-09T16:32Z	gid://shopify/Product/15504105603457	Elektronik	Uhren		Leder-Uhrenarmband mit geradem Anschluss
2026-10-09T16:32Z	gid://shopify/Product/15504105701761	Elektronik	Uhren		Wasserdichtes Magnet-Armband im Milan-Stil
2026-10-09T16:32Z	gid://shopify/Product/15504105931137	Elektronik	Uhren		Smartwatch für Outdoor & Sport mit Bluetooth-Anruf
2026-10-09T16:32Z	gid://shopify/Product/15504139256193	Elektronik	Uhren		T18 Smartwatch mit Bluetooth-Anruffunktion
2026-10-09T16:32Z	gid://shopify/Product/15504139354497	Elektronik	Uhren		IMILAB W12 Smartwatch – Fitness Tracker
2026-10-09T16:32Z	gid://shopify/Product/15504139420033	Elektronik	Uhren		Smartwatch-Armband aus Silikon (22mm)
2026-10-09T16:32Z	gid://shopify/Product/15504141877633	Elektronik	Uhren	+uhren	Smart-Armbanduhr mit grossem Display
2026-10-09T16:32Z	gid://shopify/Product/15504142041473	Elektronik	Uhren	+uhren	Smart Bluetooth Uhr
2026-10-09T16:32Z	gid://shopify/Product/15504150757761	Elektronik	Uhren	+uhren	Edelstahl-Armband für Fitbit Alta
2026-10-09T16:32Z	gid://shopify/Product/15504151052673	Elektronik	Uhren	+uhren	MK18 Smartwatch-Armband
2026-10-09T16:32Z	gid://shopify/Product/15504197386625	Elektronik	Uhren	+uhren	Q6S Smartwatch mit Farbdisplay
2026-10-09T16:32Z	gid://shopify/Product/15504197845377	Elektronik	Uhren	+uhren	Smartwatch mit Sportfunktionen
2026-10-09T16:32Z	gid://shopify/Product/15504198730113	Elektronik	Uhren	+uhren	SN10 Smartwatch mit Herzfrequenzmessung
2026-10-09T16:32Z	gid://shopify/Product/15504199483777	Elektronik	Uhren	+uhren	Q9 Smartwatch mit Herzfrequenzmessung
2026-10-09T16:32Z	gid://shopify/Product/15504227402113	Elektronik	Uhren	+uhren	Bluetooth Pedometer-Uhr
2026-10-09T16:32Z	gid://shopify/Product/15504230056321	Elektronik	Uhren		Schmetterlingsschnallen-Armband für Apple Watch
2026-10-09T16:32Z	gid://shopify/Product/15504289923457	Elektronik	Uhren		Smartwatch 2.0 mit grossem Display
2026-10-09T16:32Z	gid://shopify/Product/15504290972033	Elektronik	Uhren		Edelstahlarmband mit TPU-Gehäuse für Apple Watch
2026-10-09T16:32Z	gid://shopify/Product/15504292938113	Elektronik	Uhren		Simple Temperament Jelly Color Silikonuhr
2026-10-09T16:32Z	gid://shopify/Product/15504293757313	Elektronik	Uhren		Smartwatch für Kinder mit Videofunktion
2026-10-09T16:32Z	gid://shopify/Product/15504294478209	Elektronik	Uhren		Herren- Quarzuhr mit Milanaise-Armband
2026-10-09T16:32Z	gid://shopify/Product/15504295461249	Elektronik	Uhren		Kinder Smartwatch mit 4G und GPS
2026-10-09T16:32Z	gid://shopify/Product/15504296509825	Elektronik	Uhren		Smartwatch mit Herzfrequenz- & Bluetooth-Anruffunktion
2026-10-09T16:32Z	gid://shopify/Product/15506240471425	Elektronik	Uhren	+uhren	Wasserdichte Smartwatch für Damen
2026-10-09T16:32Z	gid://shopify/Product/15506241421697	Elektronik	Uhren		Mechanische, wasserdichte Leuchtuhr für Herren
2026-10-09T16:32Z	gid://shopify/Product/15506241880449	Elektronik	Uhren		D18 Smartwatch mit Farbdisplay
2026-10-09T16:32Z	gid://shopify/Product/15506242109825	Elektronik	Uhren		Quarz-Herrenuhr „Fashion Diamond Personality“
2026-10-09T16:32Z	gid://shopify/Product/15506242240897	Elektronik	Uhren		Herren Business-Uhr aus Edelstahl, wasserdicht
2026-10-09T16:32Z	gid://shopify/Product/15506242470273	Elektronik	Uhren		Q9 Smartwatch mit Herzfrequenz und Fitness-Tracker
2026-10-09T16:32Z	gid://shopify/Product/15506242699649	Elektronik	Uhren		Smartwatch GT3 Astronaut mit Bluetooth-Anruffunktion
2026-10-09T16:32Z	gid://shopify/Product/15506243060097	Elektronik	Uhren		Smarte wasserdichte Sportuhr mit Herzfrequenz
2026-10-09T16:32Z	gid://shopify/Product/15506243289473	Elektronik	Uhren		Boho-Armband für Samsung/Huawei Smartwatches
2026-10-09T16:32Z	gid://shopify/Product/15506243518849	Elektronik	Uhren		Boho Wachsseil-Armband für Smartwatches
2026-10-09T16:32Z	gid://shopify/Product/15506288804225	Elektronik	Uhren		ONOLA Mechanical Herrenuhr – Automatik, Hohl-Design
2026-10-09T16:32Z	gid://shopify/Product/15506289099137	Elektronik	Uhren		Damen-Armbanduhr mit Regenbogen-Zifferblatt
2026-10-09T16:32Z	gid://shopify/Product/15506289295745	Elektronik	Uhren		Silikonarmband für Apple Watch
2026-10-09T16:32Z	gid://shopify/Product/15506289623425	Elektronik	Uhren		Wasserdichte Tonneau-Herrenuhr mit Lederarmband
2026-10-09T16:32Z	gid://shopify/Product/15506289951105	Elektronik	Uhren		Smartwatch mit Herzfrequenz- und Sport-Monitoring
2026-10-09T16:32Z	gid://shopify/Product/15506290246017	Elektronik	Uhren		Smartwatch Series 7 mit NFC-Türzugang
2026-10-09T16:32Z	gid://shopify/Product/15506290508161	Elektronik	Uhren		Geflochtenes Nylon-Sportarmband im Camouflage-Look
2026-10-09T16:32Z	gid://shopify/Product/15506290803073	Elektronik	Uhren		Smartwatch mit HD-Telefonie & Gesundheitsfunktionen
2026-10-09T16:32Z	gid://shopify/Product/15506291196289	Elektronik	Uhren		Smartwatch mit Wetter- und Anruferinnerung
2026-10-09T16:32Z	gid://shopify/Product/15506291655041	Elektronik	Uhren		Smartwatch mit Bluetooth-Telefonfunktion
2026-10-09T16:32Z	gid://shopify/Product/15506530271617	Elektronik	Uhren		Multifunktionale V20 Smartwatch mit Dual-Kamera
2026-10-09T16:32Z	gid://shopify/Product/15506531025281	Elektronik	Uhren		Rudder Flywheel Skeleton Automatikuhr für Herren
2026-10-09T16:32Z	gid://shopify/Product/15506531516801	Elektronik	Uhren		Transparente Quarzuhr mit drehbarem Chassis
2026-10-09T16:32Z	gid://shopify/Product/15506532467073	Elektronik	Uhren		KR06 Smartwatch mit Bluetooth-Anruf & IP67
2026-10-09T16:32Z	gid://shopify/Product/15506533286273	Elektronik	Uhren		F16 Smartwatch mit Herzfrequenz
2026-10-09T16:32Z	gid://shopify/Product/15506534465921	Elektronik	Uhren		T45S Smartwatch mit Temperatur- & Schlafmonitor
2026-10-09T16:32Z	gid://shopify/Product/15506536268161	Elektronik	Uhren		Smartwatch mit Blutsauerstoffmessung & GPS
2026-10-09T16:32Z	gid://shopify/Product/15506536759681	Elektronik	Uhren		Smartwatch mit Schlafaufzeichnung
2026-10-09T16:32Z	gid://shopify/Product/15506537611649	Elektronik	Uhren		Video-Telefonuhr mit Dual-Kamera
2026-10-09T16:32Z	gid://shopify/Product/15506539446657	Elektronik	Uhren		I13 Smartwatch mit HD-Display und Metallgehäuse
2026-10-09T16:32Z	gid://shopify/Product/15506539905409	Elektronik	Uhren		Q26 Smartwatch mit Herzfrequenz- & Schlafüberwachung
2026-10-09T16:32Z	gid://shopify/Product/15508414595457	Elektronik	Uhren		Farbneutrales Edelstahl-Armband für Apple Watch
2026-10-09T16:32Z	gid://shopify/Product/15508414660993	Elektronik	Uhren		Geometrisches Metall-Armband für Apple Watch
2026-10-09T16:32Z	gid://shopify/Product/15508414759297	Elektronik	Uhren		Smartwatch mit Herzfrequenz & Multisport-Tracking
2026-10-09T16:32Z	gid://shopify/Product/15508414824833	Elektronik	Uhren		Smart Watch Ovales Harzarmband
2026-10-09T16:32Z	gid://shopify/Product/15508414955905	Elektronik	Uhren		Chamäleon-Armband für iWatch
2026-10-09T16:32Z	gid://shopify/Product/15508415054209	Elektronik	Uhren		Resin-Armband mit Schmetterlings-Schnalle für Apple Watch
2026-10-09T16:32Z	gid://shopify/Product/15508415152513	Elektronik	Uhren		Modernes Resin-Armband für Apple Watch
2026-10-09T16:32Z	gid://shopify/Product/15508415414657	Elektronik	Uhren		Personalisiertes D-förmiges Lederarmband für Apple Watch
2026-10-09T16:32Z	gid://shopify/Product/15508415545729	Elektronik	Uhren		Smartwatch mit integrierten Earphones
2026-10-09T16:32Z	gid://shopify/Product/15508415709569	Elektronik	Uhren		Smartwatch mit Bluetooth-Telefonie und Kopfhörern
2026-10-09T16:32Z	gid://shopify/Product/15508415807873	Elektronik	Uhren		X7 Smartwatch mit TWS Bluetooth Headset
2026-10-09T16:32Z	gid://shopify/Product/15508423573889	Elektronik	Uhren		Uhrenarmband aus Kautschuk mit Zubehör
2026-10-09T16:32Z	gid://shopify/Product/15508423672193	Elektronik	Uhren		Berjani Quartz Chronograph Herrenuhr
2026-10-09T16:32Z	gid://shopify/Product/15508423704961	Elektronik	Uhren		Universa GT20/22mm Lederarmband
2026-10-09T16:32Z	gid://shopify/Product/15508423803265	Elektronik	Uhren		Smart Watcharmband aus Edelstahl
2026-10-09T16:32Z	gid://shopify/Product/15508423934337	Elektronik	Uhren		Wasserdichte Quarzuhr mit Nubuklederarmband
2026-10-09T16:32Z	gid://shopify/Product/15508424065409	Elektronik	Uhren		Wasserdichte Kinder Smartwatch mit GPS
2026-10-09T16:32Z	gid://shopify/Product/15508424163713	Elektronik	Uhren		Smartwatch für Kinder mit Herzfrequenz- & Schlaf-Tracking
2026-10-09T16:32Z	gid://shopify/Product/15508424262017	Elektronik	Uhren		Kinder Smartwatch mit Kamera und Spielen
2026-10-09T16:32Z	gid://shopify/Product/15508424360321	Elektronik	Uhren		Smartwatch für Sport & Business
2026-10-09T16:32Z	gid://shopify/Product/15508424458625	Elektronik	Uhren		Outdoor Sport Smartwatch mit Touch-Display
2026-10-09T16:32Z	gid://shopify/Product/15508424524161	Elektronik	Uhren		Smart Bluetooth Sportuhr mit Touchscreen
2026-10-09T16:32Z	gid://shopify/Product/15508424720769	Elektronik	Uhren		iWatch Armband mit grossen quadratischen Kristallen
2026-10-09T16:32Z	gid://shopify/Product/15509344977281	Elektronik	Uhren		NFC Smartwatch mit Bluetooth-Anruffunktion
2026-10-09T16:32Z	gid://shopify/Product/15509345173889	Elektronik	Uhren		Smartwatch mit Bluetooth-Anruf- und Gesundheitsfunktionen
2026-10-09T16:32Z	gid://shopify/Product/15509345403265	Elektronik	Uhren		Modische Damenuhr mit Quarzwerk
2026-10-09T16:32Z	gid://shopify/Product/15509345567105	Elektronik	Uhren		Smartwatch mit Bluetooth-Telefonie und Encoder
2026-10-09T16:32Z	gid://shopify/Product/15509345796481	Elektronik	Uhren		Quarzuhr aus Edelstahl mit Kautschukarmband
2026-10-09T16:32Z	gid://shopify/Product/15509346025857	Elektronik	Uhren		Vintage-Lederarmband für Xiaomi-Armbänder
2026-10-09T16:32Z	gid://shopify/Product/15509346156929	Elektronik	Uhren		Fashion Smartwatch für Damen
2026-10-09T16:32Z	gid://shopify/Product/15509346353537	Elektronik	Uhren		Herrenuhr mit ewigem Kalender und Mondphase
2026-10-09T16:32Z	gid://shopify/Product/15509346451841	Elektronik	Uhren		Herrenuhr mit Edelstahlarmband und grossem Zifferblatt
2026-10-09T16:32Z	gid://shopify/Product/15509346582913	Elektronik	Uhren		Herren Quarzuhr im Business-Freizeit-Stil
2026-10-09T16:32Z	gid://shopify/Product/15509346713985	Elektronik	Uhren		Multifunktionale Herren-Sportuhr
2026-10-09T16:32Z	gid://shopify/Product/15509346910593	Elektronik	Uhren		Retro-Lederarmband mit Schnellverschluss
2026-10-09T16:32Z	gid://shopify/Product/15509354185089	Elektronik	Uhren		Sport-Smartwatch mit Herz- und Blutsauerstoffmessung
2026-10-09T16:32Z	gid://shopify/Product/15509354283393	Elektronik	Uhren		Wasserdichte Quarzuhr mit Kalender
2026-10-09T16:32Z	gid://shopify/Product/15509354348929	Elektronik	Uhren		Smartwatch mit Schlafüberwachung & Schrittzähler
2026-10-09T16:32Z	gid://shopify/Product/15509354447233	Elektronik	Uhren		AK38 Smartwatch für Damen
2026-10-09T16:32Z	gid://shopify/Product/15509354578305	Elektronik	Uhren		Smartwatch Damen mit Runddisplay
2026-10-09T16:32Z	gid://shopify/Product/15509354676609	Elektronik	Uhren		Fashion Bluetooth Smartwatch
2026-10-09T16:32Z	gid://shopify/Product/15509354840449	Elektronik	Uhren		Kinder 4G Videoanruf- und GPS-Uhr
2026-10-09T16:32Z	gid://shopify/Product/15509354971521	Elektronik	Uhren		K15 Kids 4G GPS Videoanruf-Uhr
2026-10-09T16:32Z	gid://shopify/Product/15509355102593	Elektronik	Uhren		Smartwatch mit Herzfrequenzmesser & Pedometer
2026-10-09T16:32Z	gid://shopify/Product/15509355299201	Elektronik	Uhren		Smartwatch mit Split Screen & Bluetooth Anruf
2026-10-09T16:32Z	gid://shopify/Product/15509355430273	Elektronik	Uhren		Herren- Quarzuhr im Casual-Look
2026-10-09T16:32Z	gid://shopify/Product/15509371978113	Elektronik	Uhren		Herrenuhr mit Kalender und Edelstahlarmband
2026-10-09T16:32Z	gid://shopify/Product/15509372076417	Elektronik	Uhren		Wasserdichte Multifunktions-Sportuhr
2026-10-09T16:32Z	gid://shopify/Product/15509372207489	Elektronik	Uhren		Full Touch Smartwatch mit Herzfrequenzmesser
2026-10-09T16:32Z	gid://shopify/Product/15509377188225	Elektronik	Uhren		Smartwatch GPS Herzfrequenz Kompass
2026-10-09T16:32Z	gid://shopify/Product/15509377286529	Elektronik	Uhren		Smartwatch mit Musiksteuerung & Schrittzähler
2026-10-09T16:32Z	gid://shopify/Product/15509377384833	Elektronik	Uhren		Smartwatch mit Gesundheits- und Musikfunktionen
2026-10-09T16:32Z	gid://shopify/Product/15509377483137	Elektronik	Uhren		Elegante Damenuhr mit Strass-Dekoration
2026-10-09T16:32Z	gid://shopify/Product/15509377581441	Elektronik	Uhren		Casual Damenuhr mit Strass-Besatz
2026-10-09T16:32Z	gid://shopify/Product/15509377712513	Elektronik	Uhren		Smartwatch für Studenten
2026-10-09T16:32Z	gid://shopify/Product/15509377843585	Elektronik	Uhren		Smartwatch für Schüler mit Lern-Monitoring
2026-10-09T16:32Z	gid://shopify/Product/15509377974657	Elektronik	Uhren		Wasserdichte Sportuhr mit Herzfrequenzmessung
2026-10-09T16:32Z	gid://shopify/Product/15509378072961	Elektronik	Uhren		Outdoor Smartwatch mit Höhenmesser & Kompass
2026-10-09T16:32Z	gid://shopify/Product/15509378236801	Elektronik	Uhren		Outdoor Sportuhr mit Höhenmesser und Kompass
2026-10-09T16:32Z	gid://shopify/Product/15509378335105	Elektronik	Uhren		Sportliche Herrenuhr, wasserdicht
2026-10-09T16:32Z	gid://shopify/Product/15509378433409	Elektronik	Uhren		Multifunktionale Dual-Display-Uhr
2026-10-09T16:32Z	gid://shopify/Product/15509390950785	Elektronik	Uhren		Smartwatch mit integrierten Bluetooth Kopfhörern
2026-10-09T16:32Z	gid://shopify/Product/15509391606145	Elektronik	Uhren		Mikrofaserleder-Armband für Apple Watch
2026-10-09T16:32Z	gid://shopify/Product/15509391769985	Elektronik	Uhren		Gestreiftes Lederarmband für Apple Watch
2026-10-09T16:32Z	gid://shopify/Product/15509391901057	Elektronik	Uhren		Koreanisches Canvas-Lederarmband für Apple Watch
2026-10-09T16:32Z	gid://shopify/Product/15509392032129	Elektronik	Uhren		Armband Glacier Transparent Harz und Metall
2026-10-09T16:32Z	gid://shopify/Product/15509392130433	Elektronik	Uhren		Personalisierte wasserdichte Herrenuhr
2026-10-09T16:32Z	gid://shopify/Product/15509392195969	Elektronik	Uhren		Smartwatch mit Bluetooth-Anruf- und Sportfunktionen
2026-10-09T16:32Z	gid://shopify/Product/15509392327041	Elektronik	Uhren		Edelstahl-Armband mit Schmetterlingsschliesse
2026-10-09T16:32Z	gid://shopify/Product/15509392359809	Elektronik	Uhren		Lederarmband für Smartwatch
2026-10-09T16:32Z	gid://shopify/Product/15510322643329	Elektronik	Uhren		Smartwatch für Sauerstoffmessung
2026-10-09T16:32Z	gid://shopify/Product/15510322807169	Elektronik	Uhren		Pulsuhr mit drehbarem Zifferblatt
2026-10-09T16:32Z	gid://shopify/Product/15510322938241	Elektronik	Uhren		Fashion Sports Smartwatch
2026-10-09T16:32Z	gid://shopify/Product/15510323003777	Elektronik	Uhren		Herrenuhr mit Datumsanzeige und Leuchtfunktion
2026-10-09T16:32Z	gid://shopify/Product/15510323134849	Elektronik	Uhren		Smartwatch-Gehäuse aus Metall mit Kautschukarmband
2026-10-09T16:32Z	gid://shopify/Product/15510323265921	Elektronik	Uhren		Smartwatch mit Schrittzähler und Touchscreen
2026-10-09T16:32Z	gid://shopify/Product/15510323364225	Elektronik	Uhren		Herren Quarzuhr mit Kalenderfunktion, wasserdicht
2026-10-09T16:32Z	gid://shopify/Product/15510323495297	Elektronik	Uhren		Silikon-Quarzuhr für Damen mit Kalender
2026-10-09T16:32Z	gid://shopify/Product/15510323757441	Elektronik	Uhren		Smartwatch mit Sauerstoffmessung
2026-10-09T16:32Z	gid://shopify/Product/15510334013825	Elektronik	Uhren		Boho-Armband für Apple Watch mit Natursteinen
2026-10-09T16:32Z	gid://shopify/Product/15510336176513	Elektronik	Uhren		Smartwatch mit kabellosem Laden
2026-10-09T16:32Z	gid://shopify/Product/15510336242049	Elektronik	Uhren		Herren Business Quarzuhr mit Kalender
2026-10-09T16:32Z	gid://shopify/Product/15510336307585	Elektronik	Uhren		Quarz-Uhr mit Kalender, Manschettenknöpfen & Füller
2026-10-09T16:32Z	gid://shopify/Product/15510336405889	Elektronik	Uhren		Wasserdichte Smartwatch mit Herzfrequenzmessung
2026-10-09T16:32Z	gid://shopify/Product/15510336602497	Elektronik	Uhren		Lederarmband mit Litschi-Muster
2026-10-09T16:32Z	gid://shopify/Product/15510336700801	Elektronik	Uhren		Multifunktionale Herren-Quarzuhr aus Leder
2026-10-09T16:32Z	gid://shopify/Product/15510336799105	Elektronik	Uhren		Smartwatch X3 mit Herzfrequenzmessung
2026-10-09T16:32Z	gid://shopify/Product/15510336897409	Elektronik	Uhren		Smartwatch mit Bluetooth-Musikplayer und Anruffunktion
2026-10-09T16:32Z	gid://shopify/Product/15510336995713	Elektronik	Uhren		Smartwatch mit Herzfrequenzmessung
2026-10-09T16:32Z	gid://shopify/Product/15510337094017	Elektronik	Uhren		Rivets Color Tide Lederarmband
2026-10-09T16:32Z	gid://shopify/Product/15510337192321	Elektronik	Uhren		Sportliche Dual-Display Quarzuhr für Herren
2026-10-09T16:32Z	gid://shopify/Product/15510924394881	Elektronik	Uhren		Wasserdichte Touchscreen-Smartwatch für Kinder
2026-10-09T16:32Z	gid://shopify/Product/15510924657025	Elektronik	Uhren		Smartwatch mit Bluetooth-Anruf und Blutsauerstoff
2026-10-09T16:32Z	gid://shopify/Product/15510924755329	Elektronik	Uhren		Uhrenarmband-Positionierungsperlen aus Metall
2026-10-09T16:32Z	gid://shopify/Product/15510924820865	Elektronik	Uhren		Denim Chain Metallarmband für Smartwatches
2026-10-09T16:32Z	gid://shopify/Product/15510925050241	Elektronik	Uhren		Edelstahl-Armband für Smartwatches
2026-10-09T16:32Z	gid://shopify/Product/15510925148545	Elektronik	Uhren		Smartwatch-Armband mit Fischgrätmuster und Strasssteinen
2026-10-09T16:32Z	gid://shopify/Product/15510925345153	Elektronik	Uhren		Multifunktions-Smartwatch für Herren
2026-10-09T16:32Z	gid://shopify/Product/15510925443457	Elektronik	Uhren		Smartwatch Bluetooth Armbanduhr Damen
2026-10-09T16:32Z	gid://shopify/Product/15512319918465	Elektronik	Uhren		Smartwatch für Frauen mit Bluetooth & Herzfrequenz
2026-10-09T16:32Z	gid://shopify/Product/15512339808641	Elektronik	Uhren		Smartwatch Outdoor Sport mit Bluetooth-Anruffunktion
2026-10-09T16:32Z	gid://shopify/Product/15512341971329	Elektronik	Uhren		Smartwatch mit Atemtraining & Musikwiedergabe
2026-10-09T16:32Z	gid://shopify/Product/15512343478657	Elektronik	Uhren		Smartwatch Sport & Gesundheit
2026-10-09T16:32Z	gid://shopify/Product/15512344560001	Elektronik	Uhren		Silikon-Armband für Apple Watch mit Print
2026-10-09T16:32Z	gid://shopify/Product/15512345084289	Elektronik	Uhren		Dijia Quarzuhr mit Kalenderfunktion
2026-10-09T16:32Z	gid://shopify/Product/15512345575809	Elektronik	Uhren		Business Herren-Quarzuhr mit Kalender
2026-10-09T16:32Z	gid://shopify/Product/15512346132865	Elektronik	Uhren		Smartwatch mit rundem Display und SIM-Karten-Funktion
2026-10-09T16:32Z	gid://shopify/Product/15512346657153	Elektronik	Uhren		Q9 Pro Smartwatch
2026-10-09T16:32Z	gid://shopify/Product/15512347410817	Elektronik	Uhren		Wasserdichte Smartwatch mit 24 Sportmodi
2026-10-09T16:32Z	gid://shopify/Product/15512412193153	Elektronik	Uhren		Spaceman Smartwatch mit Bluetooth-Anruffunktion
2026-10-09T16:32Z	gid://shopify/Product/15512414585217	Elektronik	Uhren		Herren Quarzuhr, ultraflach, wasserdicht, Kalender
2026-10-09T16:32Z	gid://shopify/Product/15516057633153	Elektronik	Uhren		Smartwatch mit Musik, Bluetooth & Anruffunktion
2026-10-09T16:32Z	gid://shopify/Product/15516058321281	Elektronik	Uhren		Sportuhr mit Countdown und Dualzeit
2026-10-09T16:32Z	gid://shopify/Product/15516058485121	Elektronik	Uhren		Kinder Smartwatch mit GPS und HD-Kamera
2026-10-09T16:32Z	gid://shopify/Product/15516059074945	Elektronik	Uhren		V95 Kinder-Smartwatch wasserdicht mit GPS
2026-10-09T16:32Z	gid://shopify/Product/15516059632001	Elektronik	Uhren		GPS Smartwatch Bluetooth Sport-Armband
2026-10-09T16:32Z	gid://shopify/Product/15516060156289	Elektronik	Uhren		Smartwatch mit Herzfrequenzmessung
2026-10-09T16:32Z	gid://shopify/Product/15516060385665	Elektronik	Uhren		Outdoor Dual-Display Sportuhr mit Beleuchtung
2026-10-09T16:32Z	gid://shopify/Product/15516060615041	Elektronik	Uhren		LED-Armbanduhr mit Licht für Outdoor-Sport
2026-10-09T16:32Z	gid://shopify/Product/15516061237633	Elektronik	Uhren		Uhrenkronenschutz mit Saphirglas und Zirkon
2026-10-09T16:32Z	gid://shopify/Product/15516100788609	Elektronik	Uhren		Smartwatch für Senioren mit GPS und 4G
2026-10-09T16:32Z	gid://shopify/Product/15516101411201	Elektronik	Uhren		Multifunktionale LED-Silikonarmbanduhr
2026-10-09T16:32Z	gid://shopify/Product/15516101607809	Elektronik	Uhren		Kinder-Elektronikuhr wasserdicht
2026-10-09T16:32Z	gid://shopify/Product/15516101935489	Elektronik	Uhren		Herren Quarz-Uhr mit Stahlband und Armband-Set
2026-10-09T16:32Z	gid://shopify/Product/15516102132097	Elektronik	Uhren		Smartwatch mit Herzfrequenz- und Bluetooth-Funktion
2026-10-09T16:32Z	gid://shopify/Product/15516102427009	Elektronik	Uhren		AW13 Smartwatch: Edelstahl, IP68, Sport & Mode
2026-10-09T16:32Z	gid://shopify/Product/15516103147905	Elektronik	Uhren		Wasserdichte Sportuhr mit Dual-Display für Paare
2026-10-09T16:32Z	gid://shopify/Product/15516103377281	Elektronik	Uhren		Bluetooth Sport Smartwatch mit Schrittzähler
2026-10-09T16:32Z	gid://shopify/Product/15516103672193	Elektronik	Uhren		Niedliche Quarzuhr für Kinder
2026-10-09T16:32Z	gid://shopify/Product/15516154462593	Elektronik	Uhren		Smartwatch mit Kamera und GPS für Kinder
2026-10-09T16:32Z	gid://shopify/Product/15516154888577	Elektronik	Uhren		Kinder Smartwatch mit Anruffunktion
2026-10-09T16:32Z	gid://shopify/Product/15516155052417	Elektronik	Uhren		Automatische Mechanische Herrenuhr Miller
2026-10-09T16:32Z	gid://shopify/Product/15516155412865	Elektronik	Uhren		Armbanduhr-Set mit Quarzuhr und Stahlband
2026-10-09T16:32Z	gid://shopify/Product/15516155707777	Elektronik	Uhren		E7 Kinder Smartwatch 4G mit Videocall & GPS
2026-10-09T16:32Z	gid://shopify/Product/15516155871617	Elektronik	Uhren		Silikonarmband für Aquanaut Serie 21mm
2026-10-09T16:32Z	gid://shopify/Product/15516156395905	Elektronik	Uhren		i9L Kinder 4G Videoanruf-Uhr
2026-10-09T16:32Z	gid://shopify/Product/15516156821889	Elektronik	Uhren		AD08 Kinder Smartwatch mit Anruffunktion
2026-10-09T16:32Z	gid://shopify/Product/15516196667777	Elektronik	Uhren		Kinder Smartwatch mit GPS und Kamera
2026-10-09T16:32Z	gid://shopify/Product/15516196897153	Elektronik	Uhren		Wasserdichte Smartwatch mit Herz- & Schlafüberwachung
2026-10-09T16:32Z	gid://shopify/Product/15516197159297	Elektronik	Uhren		Wanduhr rechteckig, vertikal – Luxus-Design
2026-10-09T16:32Z	gid://shopify/Product/15516197486977	Elektronik	Uhren		Magnetisches Edelstahl-Armband für Apple Watch
2026-10-09T16:32Z	gid://shopify/Product/15516197683585	Elektronik	Uhren		DT93 Smartwatch mit Herzfrequenz
2026-10-09T16:32Z	gid://shopify/Product/15516197945729	Elektronik	Uhren		Velo-Stoppuhr & Kilometerzähler
2026-10-09T16:32Z	gid://shopify/Product/15516198175105	Elektronik	Uhren		Wasserdichte Bluetooth Sportuhr
2026-10-09T16:32Z	gid://shopify/Product/15516198535553	Elektronik	Uhren		Fashion Touchscreen-Uhr mit Magnetarmband
2026-10-09T16:32Z	gid://shopify/Product/15516215476609	Elektronik	Uhren		Sport-Smartwatch mit Herzfrequenzmessung
2026-10-09T16:32Z	gid://shopify/Product/15516215738753	Elektronik	Uhren		Herren Quarzuhr Chronograph Edelstahl 50m wasserdicht
2026-10-09T16:32Z	gid://shopify/Product/15516215804289	Elektronik	Uhren		Multifunktions-Chronograph Sport Quarz-Herrenuhr
2026-10-09T16:32Z	gid://shopify/Product/15516215869825	Elektronik	Uhren		Multifunktionale Sport-Chronograph Quarzuhr
2026-10-09T16:32Z	gid://shopify/Product/15516215902593	Elektronik	Uhren		Herren Chronograph, wasserdichtes Stahlarmband
2026-10-09T16:32Z	gid://shopify/Product/15516216000897	Elektronik	Uhren		Multifunktionaler Chronograph Kalender Herrenuhr
2026-10-09T16:32Z	gid://shopify/Product/15516233040257	Elektronik	Uhren		Herren-Quarzuhr im Set
2026-10-09T16:32Z	gid://shopify/Product/15516233073025	Elektronik	Uhren		Digitale Nixie-Röhrenuhr mit 6 Röhren
2026-10-09T16:32Z	gid://shopify/Product/15516233138561	Elektronik	Uhren		Moderne Bambusuhr – minimalistisch & leise
2026-10-09T16:32Z	gid://shopify/Product/15516233236865	Elektronik	Uhren		Armband für Smartwatch – geflochten, schmal
2026-10-09T16:32Z	gid://shopify/Product/15516233564545	Elektronik	Uhren		Smartwatch mit Bluetooth-Telefonie und Sportfunktionen
2026-10-09T16:32Z	gid://shopify/Product/15516233662849	Elektronik	Uhren		Geflochtenes Nylon-Armband für Smartwatch
2026-10-09T16:32Z	gid://shopify/Product/15517524853121	Elektronik	Uhren		Herren Kalender Uhr mit Mesh-Armband
2026-10-09T16:32Z	gid://shopify/Product/15517524951425	Elektronik	Uhren		P16 Smartwatch: Wasserdicht, Musik & Sport
2026-10-09T16:32Z	gid://shopify/Product/15517525180801	Elektronik	Uhren		Smartwatch mit Musik & Bluetooth-Telefonie
2026-10-09T16:32Z	gid://shopify/Product/15517525574017	Elektronik	Uhren		Fussbad-Pager Xunling Smartwatch
2026-10-09T16:32Z	gid://shopify/Product/15517525868929	Elektronik	Uhren		Geflochtenes Solo Loop Armband für Apple Watch
2026-10-09T16:32Z	gid://shopify/Product/15517549396353	Elektronik	Uhren		Transparentes Silikonarmband
2026-10-09T16:32Z	gid://shopify/Product/15517549560193	Elektronik	Uhren		Quarz-Herrenuhr mit Chronograph
2026-10-09T16:32Z	gid://shopify/Product/15517549691265	Elektronik	Uhren		Shifenmei Sport-Smartwatch, wasserdicht
2026-10-09T16:32Z	gid://shopify/Product/15517549789569	Elektronik	Uhren		TWS Headset Armband 2-in-1 Smartwatch
2026-10-09T16:32Z	gid://shopify/Product/15517549920641	Elektronik	Uhren		Silikonarmband für Apple Watch – 6 Löcher
2026-10-09T16:32Z	gid://shopify/Product/15517550182785	Elektronik	Uhren		Herren Automatikuhr, mechanisch, Lederarmband
2026-10-09T16:32Z	gid://shopify/Product/15517550477697	Elektronik	Uhren		Wasserdichte Android Smartwatch für Herren
2026-10-09T16:32Z	gid://shopify/Product/15517550608769	Elektronik	Uhren		Gothic Movement Quarzuhr für Herren
2026-10-09T16:32Z	gid://shopify/Product/15517550772609	Elektronik	Uhren		Kinder Smartwatch mit Dual-Kamera & Spielen
2026-10-09T16:32Z	gid://shopify/Product/15517550870913	Elektronik	Uhren		Leuchtende, wasserdichte Graffiti-Uhr für Kinder
2026-10-09T16:32Z	gid://shopify/Product/15517550969217	Elektronik	Uhren		Smart Watch mit Touchscreen und Herzfrequenz
2026-10-09T16:32Z	gid://shopify/Product/15517567713665	Elektronik	Uhren		Crnaira Herren Quarzuhr mit Milanaise-Armband
2026-10-09T16:32Z	gid://shopify/Product/15517567943041	Elektronik	Uhren		M16Plus Smartwatch mit Gesundheitsmonitoring
2026-10-09T16:32Z	gid://shopify/Product/15517568237953	Elektronik	Uhren		Sportliche Herrenuhr mit Stahlband
2026-10-09T16:32Z	gid://shopify/Product/15517568369025	Elektronik	Uhren		Smartwatch mit Vibrationsalarm & Pedometer
2026-10-09T16:32Z	gid://shopify/Product/15517568696705	Elektronik	Uhren		Digitale Multifunktionsuhr mit Leuchtanzeige
2026-10-09T16:32Z	gid://shopify/Product/15517568958849	Elektronik	Uhren		Business Casual Quarzuhr Leder mit Leuchtzeigern
2026-10-09T16:32Z	gid://shopify/Product/15517569089921	Elektronik	Uhren		Magnetische Küchenuhr ohne Bohren
2026-10-09T16:32Z	gid://shopify/Product/15517569220993	Elektronik	Uhren		Transparente Skelett-Herrenuhr mit Lederarmband
2026-10-09T16:32Z	gid://shopify/Product/15517569352065	Elektronik	Uhren		Schutzhülle für Apple Watch mit Strasssteinen
2026-10-09T16:32Z	gid://shopify/Product/15517569548673	Elektronik	Uhren		Digitale Sportuhr für Kinder und Studenten
2026-10-09T16:32Z	gid://shopify/Product/15517569843585	Elektronik	Uhren		Nylon-Geflecht Armband für Apple Watch
2026-10-09T16:32Z	gid://shopify/Product/15517621551489	Elektronik	Uhren		Q19 Kinder Smartwatch mit GPS
2026-10-09T16:32Z	gid://shopify/Product/15517621682561	Elektronik	Uhren		Apple Watch Armband mit trendigen Designs
2026-10-09T16:32Z	gid://shopify/Product/15517622010241	Elektronik	Uhren		Smartwatch mit Aktivitäts- und Schlafüberwachung
2026-10-09T16:32Z	gid://shopify/Product/15517622174081	Elektronik	Uhren		Smartwatch für Sport und Alltag
2026-10-09T16:32Z	gid://shopify/Product/15517622337921	Elektronik	Uhren		Lederarmband mit Kette für Apple Watch
2026-10-09T16:32Z	gid://shopify/Product/15517622501761	Elektronik	Uhren		Smartwatch: Herzfrequenz, Blutsauerstoff
2026-10-09T16:32Z	gid://shopify/Product/15517622632833	Elektronik	Uhren		HD Smartwatch mit Herzfrequenz
2026-10-09T16:32Z	gid://shopify/Product/15517622796673	Elektronik	Uhren		Herren Sport Quarz Uhr
2026-10-09T16:32Z	gid://shopify/Product/15517623026049	Elektronik	Uhren		Retro Stoffuhr für Damen
2026-10-09T16:32Z	gid://shopify/Product/15517623157121	Elektronik	Uhren		Herren LED-Quarzuhr mit Lederarmband
2026-10-09T16:32Z	gid://shopify/Product/15517623288193	Elektronik	Uhren		Naviforce NF9089 Herren Quarzuhr
2026-10-09T16:32Z	gid://shopify/Product/15517644456321	Elektronik	Uhren		Smartwatch Outdoor Sport Laufen
2026-10-09T16:32Z	gid://shopify/Product/15517644620161	Elektronik	Uhren		Vibrato Net Celebrity Damenuhr-Set
2026-10-09T16:32Z	gid://shopify/Product/15517644784001	Elektronik	Uhren		Mechanische Herrenuhr im quadratischen Design
2026-10-09T16:32Z	gid://shopify/Product/15517645013377	Elektronik	Uhren		Smartwatch Ym12 mit Herzfrequenz- und Blutsauerstoffmessung
2026-10-09T16:32Z	gid://shopify/Product/15517645209985	Elektronik	Uhren		Herren-Automatikuhr im Casual-Stil
2026-10-09T16:32Z	gid://shopify/Product/15517645668737	Elektronik	Uhren		Multifunktionale Smartwatch mit Bluetooth-Anruf
2026-10-09T16:32Z	gid://shopify/Product/15517645799809	Elektronik	Uhren		S6 Smartwatch W26
2026-10-09T16:32Z	gid://shopify/Product/15517645898113	Elektronik	Uhren		Dt35 Smartwatch mit Farbdisplay & Bluetooth
2026-10-09T16:32Z	gid://shopify/Product/15517645996417	Elektronik	Uhren		Six-Pin Quarzuhr für Herren
2026-10-09T16:32Z	gid://shopify/Product/15517646094721	Elektronik	Uhren		Smartwatch 4G mit Dual-Kamera & Herzfrequenz
2026-10-09T16:32Z	gid://shopify/Product/15518516347265	Elektronik	Uhren		Wasserdichte LED-Sportuhr
2026-10-09T16:32Z	gid://shopify/Product/15518516904321	Elektronik	Uhren		A1 Smartwatch mit Bluetooth und Kamera
2026-10-09T16:32Z	gid://shopify/Product/15518518477185	Elektronik	Uhren		Herren Automatikuhr Commando Pilot
2026-10-09T16:32Z	gid://shopify/Product/15518519099777	Elektronik	Uhren		Mibro Air Smartwatch (internationale Version)
2026-10-09T16:32Z	gid://shopify/Product/15518519722369	Elektronik	Uhren		Damen Armbanduhr mit Strass und Quicksand-Zifferblatt
2026-10-09T16:32Z	gid://shopify/Product/15518520181121	Elektronik	Uhren		Retro Tischuhr – verschiedene Stile
2026-10-09T16:32Z	gid://shopify/Product/15518521196929	Elektronik	Uhren		Smartwatch für Damen mit Musik & Gesundheits-Tracking
2026-10-09T16:32Z	gid://shopify/Product/15518522343809	Elektronik	Uhren		Quarz-Herrenuhr mit Edelstahlband
2026-10-09T16:32Z	gid://shopify/Product/15518548722049	Elektronik	Uhren		Smart-Armbanduhr für Damen mit Zyklus-Erinnerung
2026-10-09T16:32Z	gid://shopify/Product/15518548918657	Elektronik	Uhren		Luminous Diamond Tourbillon Automatikuhr
2026-10-09T16:32Z	gid://shopify/Product/15518549148033	Elektronik	Uhren		Smartwatch mit Fernbedienung für Sport & Kamera
2026-10-09T16:32Z	gid://shopify/Product/15518549508481	Elektronik	Uhren		QuickFit Silikonarmband für Garmin Fenix
2026-10-09T16:32Z	gid://shopify/Product/15518549639553	Elektronik	Uhren		Smartwatch mit grossem Metallzifferblatt
2026-10-09T16:32Z	gid://shopify/Product/15518549737857	Elektronik	Uhren		Wasserdichte Bluetooth Smartwatch
2026-10-09T16:32Z	gid://shopify/Product/15518576607617	Elektronik	Uhren		Wasserdichtes Sport-Armband
2026-10-09T16:32Z	gid://shopify/Product/15518576738689	Elektronik	Uhren		Atmungsaktives Silikon-Armband für Uhren
2026-10-09T16:32Z	gid://shopify/Product/15518576869761	Elektronik	Uhren		3S HD Smartwatch mit Touchscreen
2026-10-09T16:32Z	gid://shopify/Product/15518577099137	Elektronik	Uhren		Zweifarbiges Kalbsleder-Armband für Uhren
2026-10-09T16:32Z	gid://shopify/Product/15518577328513	Elektronik	Uhren		Nylon-Uhrenarmband für Outdoor
2026-10-09T16:32Z	gid://shopify/Product/15518577525121	Elektronik	Uhren		H80 Smartwatch mit Blutsauerstoffmessung
2026-10-09T16:32Z	gid://shopify/Product/15518577918337	Elektronik	Uhren		Smartwatch mit Herzfrequenzmesser & Schrittzähler
2026-10-09T16:32Z	gid://shopify/Product/15518578082177	Elektronik	Uhren		DM12 Fashion Smartwatch mit grossem Display
2026-10-09T16:32Z	gid://shopify/Product/15518578180481	Elektronik	Uhren		T6 Robuste Smartwatch 1.3 Zoll
2026-10-09T16:32Z	gid://shopify/Product/15518578344321	Elektronik	Uhren		K60 Bluetooth Smartwatch mit Touchscreen
2026-10-09T16:32Z	gid://shopify/Product/15518595056001	Elektronik	Uhren		Smartwatch mit Herzfrequenz- & Schlafüberwachung
2026-10-09T16:32Z	gid://shopify/Product/15518595187073	Elektronik	Uhren		4G Smartwatch für Kinder mit Videoanruffunktion
2026-10-09T16:32Z	gid://shopify/Product/15518595318145	Elektronik	Uhren		Smartwatch für Kinder mit Video und Touch
2026-10-09T16:32Z	gid://shopify/Product/15518595613057	Elektronik	Uhren		Smartwatch mit personalisierbarem Zifferblatt
2026-10-09T16:32Z	gid://shopify/Product/15518595744129	Elektronik	Uhren		Wasserdichte Smartwatch mit Multi-Sport-Modus
2026-10-09T16:32Z	gid://shopify/Product/15518596104577	Elektronik	Uhren		H1 Kinder Smartwatch mit Kamera
2026-10-09T16:32Z	gid://shopify/Product/15518596268417	Elektronik	Uhren		Smartwatch mit Körpertemperaturmessung
2026-10-09T16:32Z	gid://shopify/Product/15518596399489	Elektronik	Uhren		Leuchtende Doppel-Display Armbanduhr
2026-10-09T16:32Z	gid://shopify/Product/15518616912257	Elektronik	Uhren		Smartwatch mit Bluetooth-Kopfhörer 2-in-1
2026-10-09T16:32Z	gid://shopify/Product/15518617010561	Elektronik	Uhren		Smartwatch M6 mit TWS Headset-Kombination
2026-10-09T16:32Z	gid://shopify/Product/15518617338241	Elektronik	Uhren		Echtleder Armband für Smartwatch
2026-10-09T16:32Z	gid://shopify/Product/15518617469313	Elektronik	Uhren		Digitale Armbanduhr für Studierende
2026-10-09T16:32Z	gid://shopify/Product/15518617600385	Elektronik	Uhren		L15 Smart Armbanduhr
2026-10-09T16:32Z	gid://shopify/Product/15518617862529	Elektronik	Uhren		Vintage Uhrenschutzhülle für Apple Watch
2026-10-09T16:32Z	gid://shopify/Product/15518617993601	Elektronik	Uhren		Smartwatch mit Kamera- und Überwachungsfunktion
2026-10-09T16:32Z	gid://shopify/Product/15518618124673	Elektronik	Uhren		Kinder Smartwatch mit Kamera
2026-10-09T16:32Z	gid://shopify/Product/15518618255745	Elektronik	Uhren		K18 Multi-Sport Smartwatch mit Touchscreen
2026-10-09T16:32Z	gid://shopify/Product/15518618386817	Elektronik	Uhren		X300 H1 Smartwatch mit Runddisplay
2026-10-09T16:32Z	gid://shopify/Product/15519822872961	Elektronik	Uhren		Handgeflochtenes Armband für Apple Watch
2026-10-09T16:32Z	gid://shopify/Product/15519823004033	Elektronik	Uhren		Wasserdichte Sportuhr mit Pulsmesser
2026-10-09T16:32Z	gid://shopify/Product/15519823069569	Elektronik	Uhren		Smartwatch mit Dual-Zeitzonenanzeige
2026-10-09T16:32Z	gid://shopify/Product/15519823135105	Elektronik	Uhren		M2 Smartwatch mit Farbdisplay
2026-10-09T16:32Z	gid://shopify/Product/15519823167873	Elektronik	Uhren		L13 Smartwatch mit Herzfrequenzmessung
2026-10-09T16:32Z	gid://shopify/Product/15519823298945	Elektronik	Uhren		Geflochtenes Nylon-Armband für Apple Watch
2026-10-09T16:32Z	gid://shopify/Product/15519823331713	Elektronik	Uhren		GW33 Smartwatch mit Bluetooth-Anruffunktion
2026-10-09T16:32Z	gid://shopify/Product/15519823397249	Elektronik	Uhren		Smartwatch mit HD IPS Farbdisplay und Herzfrequenz
2026-10-09T16:32Z	gid://shopify/Product/15519823626625	Elektronik	Uhren		Quarzuhr für Damen in Silber-Roségold
2026-10-09T16:32Z	gid://shopify/Product/15519823757697	Elektronik	Uhren		Denim-Kettenarmband aus Edelstahl
2026-10-09T16:32Z	gid://shopify/Product/15519823790465	Elektronik	Uhren		Edles Edelstahl-Armband für Apple Watch
2026-10-09T16:32Z	gid://shopify/Product/15519824052609	Elektronik	Uhren		P22 Smartwatch
2026-10-09T16:32Z	gid://shopify/Product/15519826936193	Elektronik	Uhren		Smartwatch mit Foto- und Schrittzähler
2026-10-09T16:32Z	gid://shopify/Product/15519828705665	Elektronik	Uhren		Rabbit Kinder Quarzuhr
2026-10-09T16:32Z	gid://shopify/Product/15519828902273	Elektronik	Uhren		Pedometer Bluetooth Uhr
2026-10-09T16:32Z	gid://shopify/Product/15519829098881	Elektronik	Uhren		Sport-Smartwatch mit Touchscreen
2026-10-09T16:32Z	gid://shopify/Product/15519833457025	Elektronik	Uhren		G218 Sportarmband
2026-10-09T16:32Z	gid://shopify/Product/15519833522561	Elektronik	Uhren		Sportliche wasserdichte Uhr
2026-10-09T16:32Z	gid://shopify/Product/15519833588097	Elektronik	Uhren		U8 Smartwatch – Kompatibel mit iPhone
2026-10-09T16:32Z	gid://shopify/Product/15519833686401	Elektronik	Uhren		Gestreiftes Silikon-Armband für Apple Watch
2026-10-09T16:32Z	gid://shopify/Product/15519833817473	Elektronik	Uhren		Z01 Smartwatch
2026-10-09T16:32Z	gid://shopify/Product/15519833915777	Elektronik	Uhren		Stoppuhr für Sport und Training
2026-10-09T16:32Z	gid://shopify/Product/15519834046849	Elektronik	Uhren		L9 Smartwatch mit Bluetooth und Kamera
2026-10-09T16:32Z	gid://shopify/Product/15519834210689	Elektronik	Uhren		Wasserdichte Smartwatch mit Touchscreen
2026-10-09T16:32Z	gid://shopify/Product/15519834341761	Elektronik	Uhren		Kinder GPS Smartwatch 4G mit WiFi
2026-10-09T16:32Z	gid://shopify/Product/15519834538369	Elektronik	Uhren		Wasserdichte Bluetooth Smartwatch für Herren
2026-10-09T16:32Z	gid://shopify/Product/15519834636673	Elektronik	Uhren		T58 GPS Smartwatch für Kinder
2026-10-09T16:32Z	gid://shopify/Product/15519834702209	Elektronik	Uhren		Strassbesetztes Edelstahlarmband für Apple Watch
2026-10-09T16:32Z	gid://shopify/Product/15519834767745	Elektronik	Uhren		Smartwatch mit Farbdisplay & Herzfrequenzmessung
2026-10-09T16:32Z	gid://shopify/Product/15519836897665	Elektronik	Uhren		Carbon Fiber Lederarmband für iPhone
2026-10-09T16:32Z	gid://shopify/Product/15519836995969	Elektronik	Uhren		Z60 Smartwatch mit Bluetooth & Telefonfunktion
2026-10-09T16:32Z	gid://shopify/Product/15519837094273	Elektronik	Uhren		Edles Uhrenarmband mit Strasssteinen
2026-10-09T16:32Z	gid://shopify/Product/15519837159809	Elektronik	Uhren		Lederarmband mit Faltschliesse
2026-10-09T16:32Z	gid://shopify/Product/15519837192577	Elektronik	Uhren		Edelstahl-Hohlarmband für Apple Watch
2026-10-09T16:32Z	gid://shopify/Product/15519837290881	Elektronik	Uhren		Metallgehäuse-Armband
2026-10-09T16:32Z	gid://shopify/Product/15519837421953	Elektronik	Uhren		Leder-Uhrenarmband mit Dornschliesse
2026-10-09T16:32Z	gid://shopify/Product/15519837585793	Elektronik	Uhren		Lederarmband mit Nieten für Watch
2026-10-09T16:32Z	gid://shopify/Product/15519837651329	Elektronik	Uhren		Smartwatch mit Herzfrequenz- und Sporttracking
2026-10-09T16:32Z	gid://shopify/Product/15519837716865	Elektronik	Uhren		Kontrast Lederarmband
2026-10-09T16:32Z	gid://shopify/Product/15519837847937	Elektronik	Uhren		Smartwatch mit Touchscreen und Gesundheitsmonitoring
2026-10-09T16:32Z	gid://shopify/Product/15519837880705	Elektronik	Uhren		Outdoor Smartwatch für iOS und Android
2026-10-09T16:32Z	gid://shopify/Product/15519837946241	Elektronik	Uhren		Smartwatch B57 mit Farbdisplay für Sport und Alltag
2026-10-09T16:32Z	gid://shopify/Product/15519838077313	Elektronik	Uhren		Fischschuppen-Armband für Apple Watch
2026-10-09T16:32Z	gid://shopify/Product/15519838110081	Elektronik	Uhren		Xiaomi Mi Band 2 Smartwatch mit Pulsmesser
2026-10-09T16:32Z	gid://shopify/Product/15519838241153	Elektronik	Uhren		K88H Smartwatch mit Herzfrequenz-Monitoring
2026-10-09T16:32Z	gid://shopify/Product/15521252409729	Elektronik	Uhren		Kinder Smartwatch mit GPS & Bluetooth-Anrufen
2026-10-09T16:32Z	gid://shopify/Product/15521253425537	Elektronik	Uhren		Smart-Armband und elektronische Uhr
2026-10-09T16:32Z	gid://shopify/Product/15521253982593	Elektronik	Uhren		Kinder Smartwatch mit Vibrationsalarm
2026-10-09T16:32Z	gid://shopify/Product/15521254539649	Elektronik	Uhren		Smartwatch mit Bluetooth-Anrufen und Gesundheitsfunktionen
2026-10-09T16:32Z	gid://shopify/Product/15522167587201	Elektronik	Uhren		Smartwatch: Bluetooth-Anrufe, Herzfrequenz & mehr
2026-10-09T16:32Z	gid://shopify/Product/15522193736065	Elektronik	Uhren		Atmungsaktives Sport-Fluorokautschukarmband
2026-10-09T16:32Z	gid://shopify/Product/15522193834369	Elektronik	Uhren		Wasserdichte G45 Smartwatch mit Herzfrequenzmessung
2026-10-09T16:32Z	gid://shopify/Product/15522193998209	Elektronik	Uhren		Smartwatch mit Herzfrequenz- & Kompassfunktion
2026-10-09T16:32Z	gid://shopify/Product/15522194129281	Elektronik	Uhren		Smartwatch mit Sprachfunktion
2026-10-09T16:32Z	gid://shopify/Product/15522194293121	Elektronik	Uhren		Multifunktionale leuchtende Herrenuhr
2026-10-09T16:32Z	gid://shopify/Product/15522194456961	Elektronik	Uhren		Smartwatch mit Bluetooth-Anrufen & Blutsauerstoff
2026-10-09T16:32Z	gid://shopify/Product/15522194522497	Elektronik	Uhren		Smartwatch mit Video-Ortung für alle Netze
2026-10-09T16:32Z	gid://shopify/Product/15522194588033	Elektronik	Uhren		Outdoor Sport Smartwatch mit Bluetooth-Telefonie
2026-10-09T16:32Z	gid://shopify/Product/15522194751873	Elektronik	Uhren		H18 Smartwatch mit rundem IPS-Display
2026-10-09T16:32Z	gid://shopify/Product/15522194948481	Elektronik	Uhren		Smartwatch mit Bluetooth Headset 2-in-1
2026-10-09T16:32Z	gid://shopify/Product/15522209694081	Elektronik	Uhren		Kini Car Forged Herren Quarzuhr
2026-10-09T16:32Z	gid://shopify/Product/15522209759617	Elektronik	Uhren		Danfu Silikonarmband Quarzuhr für Herren
2026-10-09T16:32Z	gid://shopify/Product/15522209857921	Elektronik	Uhren		NFC Kompass Smartwatch mit Bluetooth-Anruf
2026-10-09T16:32Z	gid://shopify/Product/15522210021761	Elektronik	Uhren		A58plus Smartwatch
2026-10-09T16:32Z	gid://shopify/Product/15522451095937	Elektronik	Uhren		Smartwatch mit Bluetooth-Telefonie & AMOLED-Display
2026-10-09T16:32Z	gid://shopify/Product/15522451882369	Elektronik	Uhren		Wasserdichte Smartwatch mit Schlafüberwachung
2026-10-09T16:32Z	gid://shopify/Product/15522452701569	Elektronik	Uhren		Smartwatch mit Herz- und Körpertemperaturmessung
2026-10-09T16:32Z	gid://shopify/Product/15522454176129	Elektronik	Uhren		Smartwatch mit Bluetooth-Anrufen
2026-10-09T16:32Z	gid://shopify/Product/15522454897025	Elektronik	Uhren		Multifunktionale Sport-Smartwatch mit Dual-Kamera
2026-10-09T16:32Z	gid://shopify/Product/15522455650689	Elektronik	Uhren		SmartWatch
2026-10-09T16:32Z	gid://shopify/Product/15522456863105	Elektronik	Uhren		Wildleder-Uhrenarmband mit Schnellverschluss
2026-10-09T16:32Z	gid://shopify/Product/15522458141057	Elektronik	Uhren		Multifunktionale Smartwatch Sandelholz
2026-10-09T16:32Z	gid://shopify/Product/15522458861953	Elektronik	Uhren		Smartwatch mit Anruffunktion & Gesundheits-Tracker
2026-10-09T16:32Z	gid://shopify/Product/15522514502017	Elektronik	Uhren		Multifunktionale LED-Sportuhr für Herren
2026-10-09T16:32Z	gid://shopify/Product/15522515026305	Elektronik	Uhren		Leuchtendes Zifferblatt für NH35/NH36 Uhrwerk
2026-10-09T16:32Z	gid://shopify/Product/15523083387265	Elektronik	Uhren		Wasserdichte Vibrations-Sportuhr für Schüler
2026-10-09T16:32Z	gid://shopify/Product/15523083616641	Elektronik	Uhren		Svj Watch RAYS-G25 Wheel Stereo Hohlblatt
2026-10-09T16:32Z	gid://shopify/Product/15523083846017	Elektronik	Uhren		D8pro Smartwatch & TWS Headset 2-in-1
2026-10-09T16:32Z	gid://shopify/Product/15523084304769	Elektronik	Uhren		Smartwatch mit Herzfrequenz
2026-10-09T16:32Z	gid://shopify/Product/15523084534145	Elektronik	Uhren		Smartwatch mit Herzfrequenz
2026-10-09T16:32Z	gid://shopify/Product/15523084796289	Elektronik	Uhren		Smartwatch mit Bluetooth-Anruf & Diamant-Optik
2026-10-09T16:32Z	gid://shopify/Product/15523084992897	Elektronik	Uhren		Ovale Quarzuhr für Damen
2026-10-09T16:32Z	gid://shopify/Product/15523085451649	Elektronik	Uhren		KR82 Smartwatch mit Bluetooth-Anruffunktion
2026-10-09T16:32Z	gid://shopify/Product/15523085648257	Elektronik	Uhren		Sanda Smartwatch: Kalorien, wasserdicht, stossfest
2026-10-09T16:32Z	gid://shopify/Product/15523086107009	Elektronik	Uhren		Smartwatch mit Bluetooth-Telefonie und Lanyard
2026-10-09T16:32Z	gid://shopify/Product/15523086270849	Elektronik	Uhren		Smartwatch mit HD-Display & Gesundheitsmonitoring
2026-10-09T16:32Z	gid://shopify/Product/15523086434689	Elektronik	Uhren		Smartwatch & TWS Bluetooth Headset 2-in-1
2026-10-09T16:32Z	gid://shopify/Product/15523115434369	Elektronik	Uhren		Smartwatch für Damen mit Herzfrequenz- & Blutsauerstoffmessu
2026-10-09T16:32Z	gid://shopify/Product/15523116253569	Elektronik	Uhren		Slim Denim Magnetverschluss Uhrenarmband
2026-10-09T16:32Z	gid://shopify/Product/15523116581249	Elektronik	Uhren		Smartwatch TWS 2-in-1 HD Anruf
2026-10-09T16:32Z	gid://shopify/Product/15523116777857	Elektronik	Uhren		Smart Watch TWS 2-in-1 Bluetooth Anruf
2026-10-09T16:32Z	gid://shopify/Product/15523117007233	Elektronik	Uhren		Smartwatch TK25 mit Bluetooth-Telefonie
2026-10-09T16:32Z	gid://shopify/Product/15523117203841	Elektronik	Uhren		Smartwatch HW16 MINI für Damen
2026-10-09T16:32Z	gid://shopify/Product/15523117433217	Elektronik	Uhren		Multifunktionale Outdoor Sportuhr für Herren
2026-10-09T16:32Z	gid://shopify/Product/15523128705409	Elektronik	Uhren		Smartwatch mit Silikonarmband für Freizeit
2026-10-09T16:32Z	gid://shopify/Product/15523128803713	Elektronik	Uhren		Smartwatch D11 mit Runddisplay
2026-10-09T16:32Z	gid://shopify/Product/15523128934785	Elektronik	Uhren		S82i Smartwatch mit Herzfrequenz & Schlaf-Tracking
2026-10-09T16:32Z	gid://shopify/Product/15523129000321	Elektronik	Uhren		GPS Sport Smartwatch mit Bluetooth-Anruffunktion
2026-10-09T16:32Z	gid://shopify/Product/15523129098625	Elektronik	Uhren		Vibrations-Wecker Smartwatch
2026-10-09T16:32Z	gid://shopify/Product/15523129196929	Elektronik	Uhren		Magnetisches Silikon-Armband für Smartwatches
2026-10-09T16:32Z	gid://shopify/Product/15523129328001	Elektronik	Uhren		Smart Watch Sport-Armband mit Herzfrequenz
2026-10-09T16:32Z	gid://shopify/Product/15523129459073	Elektronik	Uhren		Armband aus weichem Silikon
2026-10-09T16:32Z	gid://shopify/Product/15523129491841	Elektronik	Uhren		Sportuhr mit Wetterprognose & Timer
2026-10-09T16:32Z	gid://shopify/Product/15523186016641	Elektronik	Uhren		H58H69Plus Smartwatch mit Diamant-Set
2026-10-09T16:32Z	gid://shopify/Product/15523186246017	Elektronik	Uhren		Lederarmband im Artistic Style
2026-10-09T16:32Z	gid://shopify/Product/15523186377089	Elektronik	Uhren		Laser Gesundheits-Smartwatch
2026-10-09T16:32Z	gid://shopify/Product/15523186508161	Elektronik	Uhren		Quarz-Armbanduhr mit Deko-Armband-Set
2026-10-09T16:32Z	gid://shopify/Product/15523186770305	Elektronik	Uhren		Smartwatch mit NFC und 3 Armbändern
2026-10-09T16:32Z	gid://shopify/Product/15523187032449	Elektronik	Uhren		Smartwatch GEN 16 für Damen
2026-10-09T16:32Z	gid://shopify/Product/15523187229057	Elektronik	Uhren		Smartwatch mit Bluetooth-Telefonie und grossem Display
2026-10-09T16:32Z	gid://shopify/Product/15523187458433	Elektronik	Uhren		Smartwatch Armband GEN 9 MAX für Damen
2026-10-09T16:32Z	gid://shopify/Product/15523199287681	Elektronik	Uhren		Smartwatch mit Anruffunktion
2026-10-09T16:32Z	gid://shopify/Product/15523199517057	Elektronik	Uhren		Smartwatch Set für Herzfrequenz
2026-10-09T16:32Z	gid://shopify/Product/15523201319297	Elektronik	Uhren		Outdoor Sportuhr für Bergsteigen und Schwimmen
2026-10-09T16:32Z	gid://shopify/Product/15523206594945	Elektronik	Uhren		Smartwatch mit Bluetooth-Telefonie & 1ATM Wasserschutz
2026-10-09T16:32Z	gid://shopify/Product/15523210068353	Elektronik	Uhren		Trendige Smartwatch für Damen und Herren
2026-10-09T16:32Z	gid://shopify/Product/15523210232193	Elektronik	Uhren		Stossfeste Digitaluhr aus Kunststoff
2026-10-09T16:32Z	gid://shopify/Product/15523210428801	Elektronik	Uhren		Outdoor Smartwatch mit Kompass & Herzfrequenz
2026-10-09T16:32Z	gid://shopify/Product/15523210494337	Elektronik	Uhren		Smartwatch: Anrufe, Musik, Wetter & Gesundheit
2026-10-09T16:32Z	gid://shopify/Product/15523210658177	Elektronik	Uhren		Q12S Kinder Smartwatch mit GPS & Kamera
2026-10-09T16:32Z	gid://shopify/Product/15523210789249	Elektronik	Uhren		Silikon-Sportarmband für Uhren
2026-10-09T16:32Z	gid://shopify/Product/15523222028673	Elektronik	Uhren		E600 Smartwatch
2026-10-09T16:32Z	gid://shopify/Product/15523222094209	Elektronik	Uhren		Minimalistisches Silikonarmband für Apple Watch
2026-10-09T16:32Z	gid://shopify/Product/15523222192513	Elektronik	Uhren		Smartwatch mit Bluetooth-Telefonie und Touchscreen
2026-10-09T16:32Z	gid://shopify/Product/15523222454657	Elektronik	Uhren		Smartwatch EX108 mit Bluetooth-Telefonie
2026-10-09T16:32Z	gid://shopify/Product/15523222651265	Elektronik	Uhren		Flip X10 Headset Smartwatch 2-in-1
2026-10-09T16:32Z	gid://shopify/Product/15523222782337	Elektronik	Uhren		Multifunktions-Smartwatch für Frauengesundheit
2026-10-09T16:32Z	gid://shopify/Product/15523222946177	Elektronik	Uhren		Smartwatch mit HD-Farbdisplay
2026-10-09T16:32Z	gid://shopify/Product/15523223175553	Elektronik	Uhren		Smartwatch mit grossem Display & Gesundheits-Tracking
2026-10-09T16:32Z	gid://shopify/Product/15523223241089	Elektronik	Uhren		Vielseitige Smartwatch mit Touch-Display
2026-10-09T16:32Z	gid://shopify/Product/15523223404929	Elektronik	Uhren		Kinder Smartwatch mit GPS und Videotelefonie
2026-10-09T16:32Z	gid://shopify/Product/15523223503233	Elektronik	Uhren		GT2 Smartwatch mit NFC & Bluetooth-Anrufen
2026-10-09T16:32Z	gid://shopify/Product/15523907207553	Elektronik	Uhren		Smartwatch mit Temperatur- und Herzfrequenzmessung
2026-10-09T16:32Z	gid://shopify/Product/15523907469697	Elektronik	Uhren		Nylon-Uhrenarmband, verdickt
2026-10-09T16:32Z	gid://shopify/Product/15523907600769	Elektronik	Uhren		Elektronische Armbanduhr mit Dornschliesse
2026-10-09T16:32Z	gid://shopify/Product/15523907731841	Elektronik	Uhren		Multifunktions-Smartwatch mit Dual-System
2026-10-09T16:32Z	gid://shopify/Product/15523907961217	Elektronik	Uhren		Smartwatch mit Herzfrequenz- und Schlafüberwachung
2026-10-09T16:32Z	gid://shopify/Product/15523908059521	Elektronik	Uhren		Grosse runde Uhr mit 7 kabellosen Ladebändern
2026-10-09T16:32Z	gid://shopify/Product/15523908354433	Elektronik	Uhren		Smartwatch Set mit Gesundheits- und Anruffunktion
2026-10-09T16:32Z	gid://shopify/Product/15523908583809	Elektronik	Uhren		Wasserdichte Synchron-Elektronikuhr für Herren
2026-10-09T16:32Z	gid://shopify/Product/15523920609665	Elektronik	Uhren		Mechanisches Kuhfell-Armband für Apple Watch
2026-10-09T16:32Z	gid://shopify/Product/15523921002881	Elektronik	Uhren		Keramik-Armband für Apple Watch
2026-10-09T16:32Z	gid://shopify/Product/15523921166721	Elektronik	Uhren		Smartwatch-Halskette mit Perlen und Herz-Anhänger
2026-10-09T16:32Z	gid://shopify/Product/15523921297793	Elektronik	Schmuck		Doppelketten-Armband mit Blütenmotiv
2026-10-09T16:32Z	gid://shopify/Product/15523921658241	Elektronik	Uhren		Multifunktionale Sport Smartwatch Wasserdicht
2026-10-09T16:32Z	gid://shopify/Product/15523922149761	Elektronik	Uhren		K52 Bluetooth Anruf Smartwatch Ultra-lange Standby
2026-10-09T16:32Z	gid://shopify/Product/15523922641281	Elektronik	Uhren		Sport-Uhr mit Schrittzähler und Anruffunktion
2026-10-09T16:32Z	gid://shopify/Product/15523923296641	Elektronik	Uhren		Transparentes Uhrenarmband für Apple Watch
2026-10-09T16:32Z	gid://shopify/Product/15523923657089	Elektronik	Uhren		Sport- und Gesundheits-Smartwatch
2026-10-09T16:32Z	gid://shopify/Product/15523924115841	Elektronik	Uhren		Smartwatch mit Herzfrequenz- und Temperaturmessung
2026-10-09T16:32Z	gid://shopify/Product/15523924279681	Elektronik	Uhren		E530 Smartwatch
2026-10-09T16:32Z	gid://shopify/Product/15523924410753	Elektronik	Uhren		Sanda Grünlicht Wecker Multifunktionsuhr
2026-10-09T16:32Z	gid://shopify/Product/15523936338305	Elektronik	Schmuck		Silberner Edelstahl-Armband
2026-10-09T16:32Z	gid://shopify/Product/15523936502145	Elektronik	Uhren		Metall-Uhrband X-Form mit Strass für Apple Watch
2026-10-09T16:32Z	gid://shopify/Product/15523936829825	Elektronik	Uhren		Outdoor Sport Smartwatch mit Bluetooth-Anruffunktion
2026-10-09T16:32Z	gid://shopify/Product/15523937124737	Elektronik	Uhren		ET580 Smartwatch mit Bluetooth-Anruffunktion
2026-10-09T16:32Z	gid://shopify/Product/15523937517953	Elektronik	Uhren		Smartwatch Outdoor Sport Bluetooth-Anruf
2026-10-09T16:32Z	gid://shopify/Product/15524003185025	Elektronik	Uhren		Multifunktionale Silikon-Uhr mit Lichtreflex
2026-10-09T16:32Z	gid://shopify/Product/15524003348865	Elektronik	Uhren		Wasserdichte Sportuhr für Kinder
2026-10-09T16:32Z	gid://shopify/Product/15524003512705	Elektronik	Uhren		ZW60 Smartwatch mit Runddisplay
2026-10-09T16:32Z	gid://shopify/Product/15524003611009	Elektronik	Uhren		22mm Silikonarmband mit Wellenmuster
2026-10-09T16:32Z	gid://shopify/Product/15524003774849	Elektronik	Uhren		Herren Business-Uhr Quarz mit Stahlarmband
2026-10-09T16:32Z	gid://shopify/Product/15524004069761	Elektronik	Uhren		Personalisierbare Smartwatch
2026-10-09T16:32Z	gid://shopify/Product/15524004200833	Elektronik	Uhren		Multifunktions-Smartwatch mit Anruffunktion
2026-10-09T16:32Z	gid://shopify/Product/15524004364673	Elektronik	Uhren		Robuste Outdoor-Uhr mit Dual-Modus-Anruf
2026-10-09T16:32Z	gid://shopify/Product/15524004594049	Elektronik	Uhren		Smartwatch P20 mit Gesundheitsfunktionen
2026-10-09T16:32Z	gid://shopify/Product/15524004757889	Elektronik	Uhren		Herrenuhr mit nachtleuchtendem Zifferblatt
2026-10-09T16:32Z	gid://shopify/Product/15524004987265	Elektronik	Uhren		Buntes Silikonarmband für Smartwatch
2026-10-09T16:32Z	gid://shopify/Product/15524005151105	Elektronik	Uhren		Armband für Huawei Watch aus Silikon
2026-10-09T16:32Z	gid://shopify/Product/15524078551425	Elektronik	Uhren		Multifunktionale Sport-Smartwatch für Damen
2026-10-09T16:32Z	gid://shopify/Product/15524078911873	Elektronik	Uhren		Smartwatch für Damen mit Herzfrequenzmessung
2026-10-09T16:32Z	gid://shopify/Product/15524079141249	Elektronik	Uhren		Smartwatch mit Telefonfunktion
2026-10-09T16:32Z	gid://shopify/Product/15524079436161	Elektronik	Uhren		Smartwatch mit Bluetooth-Telefonie und Pulsmesser
2026-10-09T16:32Z	gid://shopify/Product/15524229874049	Elektronik	Uhren		Schwarze Uhr mit Sprachzeit-Anzeige
2026-10-09T16:32Z	gid://shopify/Product/15524229972353	Elektronik	Uhren		Smartwatch mit Bluetooth, NFC und GPS
2026-10-09T16:32Z	gid://shopify/Product/15524230037889	Elektronik	Uhren		Bambusband mit Schmetterlingsverschluss
2026-10-09T16:32Z	gid://shopify/Product/15524230136193	Elektronik	Uhren		Smartwatch Herzfrequenzüberwachung mit Bluetooth-Anruf
2026-10-09T16:32Z	gid://shopify/Product/15524230234497	Elektronik	Uhren		Smartwatch mit Herzfrequenz& Bluetooth
2026-10-09T16:32Z	gid://shopify/Product/15524230300033	Elektronik	Uhren		Sportuhr mit Herzfrequenz- und Blutoxygen-Messung
2026-10-09T16:32Z	gid://shopify/Product/15524230365569	Elektronik	Uhren		Nylon-Farbenpassender Armbanduhr-Gürtel
2026-10-09T16:32Z	gid://shopify/Product/15524230594945	Elektronik	Uhren		Outdoor GPS Smartwatch mit Bluetooth-Anruf
2026-10-09T16:32Z	gid://shopify/Product/15524256874881	Elektronik	Uhren		Smartwatch Herzfrequenz, 1,43" AMOLED
2026-10-09T16:32Z	gid://shopify/Product/15524257038721	Elektronik	Uhren		M68puls Smart Watch mit TWS-Headset
2026-10-09T16:32Z	gid://shopify/Product/15524257104257	Elektronik	Schmuck		Mini Matt Dragon Canvas Wasserfestes Herrenarmband 25 mm
2026-10-09T16:32Z	gid://shopify/Product/15524257169793	Elektronik	Uhren		Smartwatch mit Herzfrequenz& Schlaftracking
2026-10-09T16:32Z	gid://shopify/Product/15524257366401	Elektronik	Uhren		Frauengelduhr mit personalisiertem Inverted Pointer
2026-10-09T16:32Z	gid://shopify/Product/15524257431937	Elektronik	Uhren		Männer-Wasserdichte Sportuhr 17 mm
2026-10-09T16:32Z	gid://shopify/Product/15524257595777	Elektronik	Uhren		Smartwatch KT58 mit Herzfrequenz
2026-10-09T16:32Z	gid://shopify/Product/15524257694081	Elektronik	Uhren		Mechanische Automatikuhr mit grossen Zifferblatt
2026-10-09T16:32Z	gid://shopify/Product/15524257857921	Elektronik	Uhren		Smartwatch mit 2-Zoll-Display und Silikonarmband
2026-10-09T16:32Z	gid://shopify/Product/15524354949505	Elektronik	Uhren		Stahlarmband Doppelreihe für Apple Uhr
2026-10-09T16:32Z	gid://shopify/Product/15524355867009	Elektronik	Uhren		Smartwatch GT3 mit Bluetooth-Anruf
2026-10-09T16:32Z	gid://shopify/Product/15524356522369	Elektronik	Uhren		Sportuhr mit Bluetooth
2026-10-09T16:32Z	gid://shopify/Product/15524357112193	Elektronik	Uhren		Smart Touch Uhr mit Herzfrequenz
2026-10-09T16:32Z	gid://shopify/Product/15524358553985	Elektronik	Uhren		Smartwatch mit Herzfrequenz- und Blutoxygen-Messung
2026-10-09T16:32Z	gid://shopify/Product/15524359143809	Elektronik	Uhren		Bluetooth Smartwatch mit Offline-Zahlung
2026-10-09T16:32Z	gid://shopify/Product/15524359537025	Elektronik	Uhren		Smartwatch X5 PRO – Bluetooth & NFC
2026-10-09T16:32Z	gid://shopify/Product/15524359700865	Elektronik	Uhren		Fashion Personality Smartwatch 1,28" Bildschirm
2026-10-09T16:32Z	gid://shopify/Product/15524359897473	Elektronik	Uhren		Bluetooth Sports Watch Herzfrequenz & Schlaf-Monitoring
2026-10-09T16:32Z	gid://shopify/Product/15524360028545	Elektronik	Uhren		Smartwatch mit Touchscreen, Bluetooth, Herzfrequenz
2026-10-09T16:32Z	gid://shopify/Product/15524360094081	Elektronik	Uhren		Bluetooth Smartwatch
2026-10-09T16:32Z	gid://shopify/Product/15524360257921	Elektronik	Uhren		Agate Gewebtes Boho-Uhrband 38-41mm
2026-10-09T16:32Z	gid://shopify/Product/15524360454529	Elektronik	Uhren		Naturstein-Armband für Uhr 38-41 mm
2026-10-09T16:32Z	gid://shopify/Product/15524360618369	Elektronik	Schmuck		Türkisfarbener Boho-Handgelenk-Band
2026-10-09T16:32Z	gid://shopify/Product/15524360749441	Elektronik	Uhren		Smartwatch mit grossem AMOLED-Display, IP68
2026-10-09T16:32Z	gid://shopify/Product/15524361011585	Elektronik	Uhren		Multisport-Smartwatch mit Schlaf- und Gesundheitsfunktionen
2026-10-09T16:32Z	gid://shopify/Product/15524361372033	Elektronik	Uhren		Sport-Smartwatch mit Temperatur- und Pulsmessung
2026-10-09T16:32Z	gid://shopify/Product/15524361699713	Elektronik	Uhren		Silikon-Armband für Apple Watch – Damen
2026-10-09T16:32Z	gid://shopify/Product/15524361929089	Elektronik	Uhren		Metall-Diamant Edelstahl Armband für Apple Watch
2026-10-09T16:32Z	gid://shopify/Product/15524694753665	Elektronik	Uhren		Stahlarmband für Apple Watch
2026-10-09T16:32Z	gid://shopify/Product/15524694851969	Elektronik	Uhren		Uhrenarmband mit Perlenverschluss in Silber
2026-10-09T16:32Z	gid://shopify/Product/15524695015809	Elektronik	Uhren		Acryl-Wanduhr 30 × 30 cm, modern, ohne Licht
2026-10-09T16:32Z	gid://shopify/Product/15524695376257	Elektronik	Uhren		Solar Smartwatch 5-Grad-Wasserdicht, blau
2026-10-09T16:32Z	gid://shopify/Product/15524695638401	Elektronik	Uhren		Smartwatch mit Blutsauerstoff
2026-10-09T16:32Z	gid://shopify/Product/15524695835009	Elektronik	Uhren		Smartwatch Dual Kamera 4G mit Herzfrequenz
2026-10-09T16:32Z	gid://shopify/Product/15524695966081	Elektronik	Uhren		Smartwatch mit Silikonarmband und NFC
2026-10-09T16:32Z	gid://shopify/Product/15524696031617	Elektronik	Uhren		Smartwatch mit 3D-Kurvdisplay
2026-10-09T16:32Z	gid://shopify/Product/15524696129921	Elektronik	Uhren		Stahl- und Lederarmband für Smartwatch
2026-10-09T16:32Z	gid://shopify/Product/15524696293761	Elektronik	Uhren		Smartuhr mit Blut-Sauerstoff-Messung und Bluetooth-Anruf
2026-10-09T16:32Z	gid://shopify/Product/15524696359297	Elektronik	Uhren		Runde Smartwatch mit Bluetooth-Anruffunktion
2026-10-09T16:32Z	gid://shopify/Product/15524696424833	Elektronik	Uhren		F18 Damen Sportarmband
2026-10-09T16:32Z	gid://shopify/Product/15524696588673	Elektronik	Uhren		Wasserdichte Smartwatch mit Herzfrequenzsensor
2026-10-09T16:32Z	gid://shopify/Product/15524696686977	Elektronik	Uhren		Smartwatch-Armband aus Imitation-Leder
2026-10-09T16:32Z	gid://shopify/Product/15524696850817	Elektronik	Uhren		Smartwatch Bluetooth Anruf Outdoor
2026-10-09T16:32Z	gid://shopify/Product/15524696916353	Elektronik	Uhren		Armband und Hülle für 49mm Apple Watch
2026-10-09T16:32Z	gid://shopify/Product/15524696949121	Elektronik	Uhren		Smartwatch mit Videoanruf und Schrittzähler
2026-10-09T16:32Z	gid://shopify/Product/15524697014657	Elektronik	Uhren		Smartwatch mit Touchscreen, Herzfrequenz und SpO2
2026-10-09T16:32Z	gid://shopify/Product/15524886774145	Elektronik	Uhren		Smartwatch mit Herzfrequenz und Anruffunktion
2026-10-09T16:32Z	gid://shopify/Product/15524887167361	Elektronik	Uhren		4G Kinder Smartwatch mit GPS und Videoanruf
2026-10-09T16:32Z	gid://shopify/Product/15524887331201	Elektronik	Uhren		Smartwatch mit Bluetooth-Anruf-Funktion
2026-10-09T16:32Z	gid://shopify/Product/15524887626113	Elektronik	Uhren		Bluetooth Smartwatch mit Gesundheitsfunktionen
2026-10-09T16:32Z	gid://shopify/Product/15524888347009	Elektronik	Uhren		Digitale LED-Uhr
2026-10-09T16:32Z	gid://shopify/Product/15524888609153	Elektronik	Uhren		Smartwatch mit Bluetooth-Anruf und Musikwiedergabe
2026-10-09T16:32Z	gid://shopify/Product/15524888871297	Elektronik	Uhren		Smartwatch mit Herzfrequenz & Blutsauerstoff
2026-10-09T16:32Z	gid://shopify/Product/15524889264513	Elektronik	Uhren		Sport-Smartwatch mit Herzfrequenz und Bluetooth
2026-10-09T16:32Z	gid://shopify/Product/15524889690497	Elektronik	Uhren		Sportuhr mit doppeltem Armband und Stahlgehäuse
2026-10-09T16:32Z	gid://shopify/Product/15524890214785	Elektronik	Uhren		Smartwatch mit Kamera und Herzfrequenz
2026-10-09T16:32Z	gid://shopify/Product/15525142430081	Elektronik	Uhren		Outdoor-Uhr mit Funk-Anruf & Herzfrequenz
2026-10-09T16:32Z	gid://shopify/Product/15525142626689	Elektronik	Uhren		Smartwatch Outdoor mit Bluetooth-Anruf
2026-10-09T16:32Z	gid://shopify/Product/15525142790529	Elektronik	Uhren		Smartwatch mit Silikonarmband und Bluetooth-Anruf
2026-10-09T16:32Z	gid://shopify/Product/15525143019905	Elektronik	Uhren		Wasserdichte Smartwatch mit Schrittzähler
2026-10-09T16:32Z	gid://shopify/Product/15525143118209	Elektronik	Uhren		Smartwatch mit Blutsauerstoff und Herzfrequenz
2026-10-09T16:32Z	gid://shopify/Product/15525143478657	Elektronik	Uhren		Uhrenarmband aus Legierung mit Steinbesatz
2026-10-09T16:32Z	gid://shopify/Product/15525143609729	Elektronik	Uhren		Armband für Apple Watch
2026-10-09T16:32Z	gid://shopify/Product/15525143740801	Elektronik	Uhren		T30 Smartwatch mit Bluetooth-Telefonie
2026-10-09T16:32Z	gid://shopify/Product/15525143937409	Elektronik	Uhren		Smartwatch für Kinder mit Videoanruffunktion
2026-10-09T16:32Z	gid://shopify/Product/15525144166785	Elektronik	Uhren		Smartwatch mit 1.6 Zoll HD-Bildschirm und Bluetooth
2026-10-09T16:32Z	gid://shopify/Product/15525144396161	Elektronik	Uhren		Armband für Apple Watch mit Weihnachtsmuster
2026-10-09T16:32Z	gid://shopify/Product/15525511168385	Elektronik	Uhren		Outdoor Smartwatch für Sport & Gesundheit
2026-10-09T16:32Z	gid://shopify/Product/15525511332225	Elektronik	Uhren		Smartwatch mit Bluetooth-Anrufen und Zugangskontrolle
2026-10-09T16:32Z	gid://shopify/Product/15525511659905	Elektronik	Uhren		Senioren Smartwatch 4G mit Ortungsfunktion
2026-10-09T16:32Z	gid://shopify/Product/15525511954817	Elektronik	Uhren		Runde Smartwatch mit Bluetooth-Telefonie
2026-10-09T16:32Z	gid://shopify/Product/15525512151425	Elektronik	Uhren		4G Netcom Smartwatch für Kinder
2026-10-09T16:32Z	gid://shopify/Product/15525512184193	Elektronik	Uhren		ZL02PRO Smartwatch Herzfrequenz-Messung
2026-10-09T16:32Z	gid://shopify/Product/15525512348033	Elektronik	Uhren		Smartwatch Herzfrequenz Schrittzähler
2026-10-09T16:32Z	gid://shopify/Product/15525512413569	Elektronik	Uhren		Bluetooth Sportuhr mit Runddisplay
2026-10-09T16:32Z	gid://shopify/Product/15525512774017	Elektronik	Uhren		Metall-Uhrenarmband mit Strasssteinen
2026-10-09T16:32Z	gid://shopify/Product/15525512872321	Elektronik	Uhren		Smartwatch Armband mit Perlen
2026-10-09T16:32Z	gid://shopify/Product/15525513101697	Elektronik	Uhren		Kinder Smartwatch mit GPS-Ortung
2026-10-09T16:32Z	gid://shopify/Product/15525513527681	Elektronik	Uhren		F64 Smart Armbanduhr mit Bluetooth
2026-10-09T16:32Z	gid://shopify/Product/16603335033223	Elektronik	Schmuck		Vintage Lederarmband aus Edelstahl
2026-10-09T16:32Z	gid://shopify/Product/16603335852423	Elektronik	Uhren		Smartwatch mit Herzfrequenz& Sauerstoff
2026-10-09T16:32Z	gid://shopify/Product/16603336049031	Elektronik	Uhren		Smartwatch mit Herzfrequenz, SpO2 und Bluetooth
2026-10-09T16:32Z	gid://shopify/Product/16603336311175	Elektronik	Uhren		Smartwatch mit Sprachassistent und NFC
2026-10-09T16:32Z	gid://shopify/Product/16603336737159	Elektronik	Uhren		Bluetooth Smartwatch MAX7 – 1,32" Display
2026-10-09T16:32Z	gid://shopify/Product/16604867297671	Elektronik	Uhren		Edelstahl-Gliederarmband mit Strass für Smartwatch
2026-10-09T16:32Z	gid://shopify/Product/16604867559815	Elektronik	Uhren		Bluetooth Sport Smartwatch mit Herzfrequenz & SpO2
2026-10-09T16:32Z	gid://shopify/Product/16604867789191	Elektronik	Uhren		Multisport Smartwatch mit Bluetooth & Sensoren
2026-10-09T16:32Z	gid://shopify/Product/16604867985799	Elektronik	Uhren		Smartwatch mit Bluetooth-Telefonie & NFC
2026-10-09T16:32Z	gid://shopify/Product/16604868346247	Elektronik	Uhren		Uhrgehäuse aus Aramidfaser
2026-10-09T16:32Z	gid://shopify/Product/16604869362055	Elektronik	Uhren		Uhrenarmband aus Kautschuk mit Dornschliesse
2026-10-09T16:32Z	gid://shopify/Product/16604870279559	Elektronik	Uhren		Smart-Armbanduhr mit gebogenem Display
2026-10-09T16:32Z	gid://shopify/Product/16604870803847	Elektronik	Uhren		Smartwatch mit Bluetooth-Anruf und Drehknopf
2026-10-09T16:32Z	gid://shopify/Product/16604871360903	Elektronik	Uhren		Uhrenarmband aus Leder mit Hahnentrittmuster
2026-10-09T16:32Z	gid://shopify/Product/16604872049031	Elektronik	Uhren		Smartwatch mit Grossem Display und Bluetooth-Anrufen
2026-10-09T16:32Z	gid://shopify/Product/16604930703751	Elektronik	Uhren		Digitale Damenuhr mit Stahlband
2026-10-09T16:32Z	gid://shopify/Product/16604931162503	Elektronik	Uhren		Quadratische Armbanduhr mit Strass, goldfarben
2026-10-09T16:32Z	gid://shopify/Product/16604931424647	Elektronik	Uhren		Titan-Ersatzarmband für Apple Watch
2026-10-09T16:32Z	gid://shopify/Product/16604931686791	Elektronik	Uhren		Senioren-Telefonuhr mit Ortungsfunktion
2026-10-09T16:32Z	gid://shopify/Product/16604931948935	Elektronik	Uhren		GPS-Telefonuhr mit Videoanruf
2026-10-09T16:32Z	gid://shopify/Product/16604932178311	Elektronik	Uhren		Armband für Apple Watch mit Dornschliesse
2026-10-09T16:32Z	gid://shopify/Product/16604932407687	Elektronik	Uhren		Metall-Uhrenarmband für Apple Watch
2026-10-09T16:32Z	gid://shopify/Product/16604933095815	Elektronik	Uhren		Lederarmband für Apple Watch
2026-10-09T16:32Z	gid://shopify/Product/16604933292423	Elektronik	Uhren		H39T Smartwatch für Kinder mit Temperaturfunktion
2026-10-09T16:32Z	gid://shopify/Product/16612777197959	Elektronik	Uhren		Apple Watch Schutzcase 44/45 mm – Polycarbonat & Silikon
2026-10-09T16:32Z	gid://shopify/Product/16612777394567	Elektronik	Uhren		Armband für Smartwatch
2026-10-09T16:32Z	gid://shopify/Product/16612777591175	Elektronik	Uhren		Armband für Apple Watch 6 Generation SE
2026-10-09T16:32Z	gid://shopify/Product/16612777722247	Elektronik	Uhren		Quarzuhr-Set mit römischen Ziffern · 3 Stück
2026-10-09T16:32Z	gid://shopify/Product/16612777853319	Elektronik	Uhren		Tigerauge Uhrenarmband im Bohème-Stil
2026-10-09T16:32Z	gid://shopify/Product/16612778213767	Elektronik	Uhren		Armband für Smartwatch – Böhmischer Stil
2026-10-09T16:32Z	gid://shopify/Product/16612778344839	Elektronik	Uhren		Armband aus Natursteinperlen für Smartwatch
2026-10-09T16:32Z	gid://shopify/Product/16612778443143	Elektronik	Uhren		Smartwatch mit Bluetooth-Headset
2026-10-09T16:32Z	gid://shopify/Product/16612778738055	Elektronik	Uhren		GPS Sport-Smartwatch mit LCD-Display
2026-10-09T16:32Z	gid://shopify/Product/16612779065735	Elektronik	Uhren		Smartwatch mit Herzfrequenz & Sportmodi
2026-10-09T16:32Z	gid://shopify/Product/16612779557255	Elektronik	Uhren		Armband für Apple Watch, Leder, schmal
2026-10-09T16:32Z	gid://shopify/Product/16612780016007	Elektronik	Uhren		Kinder-Telefonuhr mit vielen Sprachen
2026-10-09T16:32Z	gid://shopify/Product/16612780081543	Elektronik	Uhren		Smart-Armbanduhr mit HD-Display und Bluetooth
2026-10-09T16:32Z	gid://shopify/Product/16612780147079	Elektronik	Uhren		Smartwatch mit Bluetooth-Anrufen und Schrittzähler
2026-10-09T16:32Z	gid://shopify/Product/16612780474759	Elektronik	Uhren		Smartwatch mit Bluetooth-Anruf und NFC-Zugang
2026-10-09T16:32Z	gid://shopify/Product/16612780507527	Elektronik	Uhren		Sportuhr mit Keramikarmband
2026-10-09T16:32Z	gid://shopify/Product/16612780605831	Elektronik	Uhren		Smartwatch-Armband aus Silikon
2026-10-09T16:32Z	gid://shopify/Product/16612780900743	Elektronik	Uhren		Uhrenarmband mit Schmetterlingsverschluss
2026-10-09T16:32Z	gid://shopify/Product/16612785422727	Elektronik	Uhren		Smartwatch 1,5" mit Herzfrequenz & Schlafanalyse
2026-10-09T16:32Z	gid://shopify/Product/16612786045319	Elektronik	Uhren		Silikon-Uhrarmband 41-45 mm – Schwarz, Weiss, Blau, Rot, Gel
2026-10-09T16:32Z	gid://shopify/Product/16612786078087	Elektronik	Uhren		Silikon-Armband für Smartwatch
2026-10-09T16:32Z	gid://shopify/Product/16612786110855	Elektronik	Uhren		Nylon-Geflechtarmband für Smartwatches
2026-10-09T16:32Z	gid://shopify/Product/16612786143623	Elektronik	Uhren		Smartwatch für Senioren mit Gesundheitsfunktionen
2026-10-09T16:32Z	gid://shopify/Product/16612786209159	Elektronik	Uhren		Feinstahl-Quarzuhr mit kleinem Zifferblatt
2026-10-09T16:32Z	gid://shopify/Product/16612786241927	Elektronik	Uhren		Metallarmband für Smartwatch
2026-10-09T16:32Z	gid://shopify/Product/16612786274695	Elektronik	Uhren		Armband für Smartwatch mit Schutzfolie
2026-10-09T16:32Z	gid://shopify/Product/16612790239623	Elektronik	Uhren		Smartwatch mit Herzfrequenz, Schlafanalyse und Schrittzähler
2026-10-09T16:32Z	gid://shopify/Product/16612790305159	Elektronik	Uhren		Bluetooth Smartwatch für Telefon & Gesundheit
2026-10-09T16:32Z	gid://shopify/Product/16612790337927	Elektronik	Uhren		Arcuate Uhrenarmband aus TPU
2026-10-09T16:32Z	gid://shopify/Product/16612790370695	Elektronik	Uhren		Smartwatch wasserdicht 1,69-Zoll
2026-10-09T16:32Z	gid://shopify/Product/16612790436231	Elektronik	Uhren		Herren Automatikuhr aus Edelstahl, wasserdicht
2026-10-09T16:32Z	gid://shopify/Product/16612790501767	Elektronik	Uhren		Smartwatch-Armband aus Harz
2026-10-09T16:32Z	gid://shopify/Product/16612790600071	Elektronik	Uhren		Magnetisches Edelstahlarmband für Smartwatches
2026-10-09T16:32Z	gid://shopify/Product/16612790665607	Elektronik	Uhren		AMOLED Smartwatch mit HD-Display
2026-10-09T16:32Z	gid://shopify/Product/16612790731143	Elektronik	Uhren		Smartwatch für Sport und Gesundheitsüberwachung
2026-10-09T16:32Z	gid://shopify/Product/16612790763911	Elektronik	Uhren		Smartwatch mit Bluetooth, NFC und Bewegungserkennung
2026-10-09T16:32Z	gid://shopify/Product/16612790829447	Elektronik	Uhren		Smartwatch mit Edelstahlarmband und Bluetooth-Anrufen
2026-10-09T16:32Z	gid://shopify/Product/16612790894983	Elektronik	Uhren		Kinder Smartwatch 4G mit Herzfrequenz
2026-10-09T16:32Z	gid://shopify/Product/16612790927751	Elektronik	Uhren		Silikon-Uhrarmband flacher Direktanschluss, 22 mm
2026-10-09T16:32Z	gid://shopify/Product/16612791452039	Elektronik	Uhren		Armband aus Naturstein für Smartwatches
2026-10-09T16:32Z	gid://shopify/Product/16612791550343	Elektronik	Uhren		Smartwatch-Armband aus Silikon mit Magnetverschluss
2026-10-09T16:32Z	gid://shopify/Product/16612791583111	Elektronik	Uhren		Leder-Uhrenarmband für Apple Watch
2026-10-09T16:32Z	gid://shopify/Product/16612791615879	Elektronik	Uhren		Smartwatch mit HD-Bildschirm und Offline-Zahlung
2026-10-09T16:32Z	gid://shopify/Product/16612791714183	Elektronik	Uhren		Wasserdichte Smartwatch mit Bluetooth und Sportfunktionen
2026-10-09T16:32Z	gid://shopify/Product/16612791779719	Elektronik	Uhren		Multifunktions-Sportuhr mit Anruffunktion
2026-10-09T16:32Z	gid://shopify/Product/16612791910791	Elektronik	Uhren		Herren Sportuhr mit Quarzwerk
2026-10-09T16:32Z	gid://shopify/Product/16612792172935	Elektronik	Uhren		Kinder-Smartwatch mit Musik und Foto
2026-10-09T16:32Z	gid://shopify/Product/16613403656583	Elektronik	Uhren		Männer-Skelett-Uhr mit mechanischem Zeiger
2026-10-09T16:32Z	gid://shopify/Product/16613403689351	Elektronik	Uhren		Bluetooth Smartwatch Outdoor mit Herzfrequenz
2026-10-09T16:32Z	gid://shopify/Product/16613404017031	Elektronik	Uhren		Smartwatch mit 1,30'' HD-Farbdisplay
2026-10-09T16:32Z	gid://shopify/Product/16613404410247	Elektronik	Uhren		Smartwatch mit farbigem transparentem Strap
2026-10-09T16:32Z	gid://shopify/Product/16613404443015	Elektronik	Uhren		Metall-Punk-Uhrarmband für Apple Watch
2026-10-09T16:32Z	gid://shopify/Product/16613404541319	Elektronik	Uhren		Uhrarmband aus Stahl mit Doppeldiamant-Shell
2026-10-09T16:32Z	gid://shopify/Product/16613404606855	Elektronik	Uhren		Edelstahl-Uhrarmband mit Drachendesign
2026-10-09T16:32Z	gid://shopify/Product/16613405884807	Elektronik	Uhren		Edelstahl-Uhrarmband für Apple Watch
2026-10-09T16:32Z	gid://shopify/Product/16613406409095	Elektronik	Uhren		Diamant-Band für Apple Watch – Edelstahl
