https://luxestyle.ch/	2026-10-02
https://luxestyle.ch/blogs/magazin/10-wellness-geschenke-unter-chf-50-2026	2026-10-02
https://luxestyle.ch/blogs/magazin/5-minuten-morgen-routine-jade-roller-gua-sha	2026-10-02
https://luxestyle.ch/blogs/magazin/5-minuten-selfcare-rituale	2026-10-02
https://luxestyle.ch/blogs/magazin/9-geschenkideen-fur-frauen-unter-chf-60-muttertag-geburtstag-amp-mehr	2026-10-02
https://luxestyle.ch/blogs/magazin/aromatherapie-fur-anfanger	2026-10-02
https://luxestyle.ch/blogs/magazin/aromatherapy-guide-10-atherische-ole-wirkung	2026-10-02
https://luxestyle.ch/blogs/magazin/atherische-ole-fur-besseren-schlaf-die-top-5-2026	2026-10-02
https://luxestyle.ch/blogs/magazin/atherische-ole-guide-schweiz	2026-10-02
https://luxestyle.ch/blogs/magazin/baby-schlaft-nicht-7-tipps-die-wirklich-helfen	2026-10-02
https://luxestyle.ch/blogs/magazin/diffuser-kaufen-schweiz-2026	2026-10-02
https://luxestyle.ch/blogs/magazin/echtleder-vs-kunstleder-wallet-kauf-guide	2026-10-02
https://luxestyle.ch/blogs/magazin/fitness-ohne-gym-5-effektive-ubungen-fur-zuhause-2026	2026-10-02
https://luxestyle.ch/blogs/magazin/geschenk-guide-2026-fuer-jeden-typ	2026-10-02
https://luxestyle.ch/blogs/magazin/geschenke-die-eindruck-machen	2026-10-02
https://luxestyle.ch/blogs/magazin/home-office-5-lifehacks-gegen-augenschmerzen-amp-kopfweh	2026-10-02
https://luxestyle.ch/blogs/magazin/hund-im-dunkeln-so-bleibt-dein-vierbeiner-sicher-komplettguide	2026-10-02
https://luxestyle.ch/blogs/magazin/lavendel-wellness-champion-schweiz	2026-10-02
https://luxestyle.ch/blogs/magazin/manner-geschenke-unter-50-chf-7-ideen-die-wirklich-ankommen	2026-10-02
https://luxestyle.ch/blogs/magazin/polarisierte-sonnenbrille-was-bedeutet-das-wirklich-komplettguide	2026-10-02
https://luxestyle.ch/blogs/magazin/reise-gadgets-2026-7-must-haves-fur-jeden-trip	2026-10-02
https://luxestyle.ch/blogs/magazin/saphirglas-vs-mineralglas-uhrenkauf-guide	2026-10-02
https://luxestyle.ch/blogs/magazin/schweizer-wohlfuhl-geheimnisse	2026-10-02
https://luxestyle.ch/blogs/magazin/silk-pillowcase-bringt-sie-wirklich-was-dermatologen-test-2026	2026-10-02
https://luxestyle.ch/blogs/magazin/sommer-2026-must-haves-festival-strand-reise	2026-10-02
https://luxestyle.ch/blogs/magazin/sternenhimmel-projektor-baby-eltern-guide	2026-10-02
https://luxestyle.ch/blogs/magazin/ultimative-self-care-routine-wellness-hacks	2026-10-02
https://luxestyle.ch/blogs/magazin/uv400-polarisiert-sonnenbrillen-guide	2026-10-02
https://luxestyle.ch/blogs/magazin/vatertag-2026-die-perfekten-geschenke	2026-10-02
https://luxestyle.ch/blogs/magazin/welcher-aroma-diffuser-passt-zu-dir-guide-2026	2026-10-02
https://luxestyle.ch/blogs/magazin/wellness-routine-100-chf	2026-10-02
https://luxestyle.ch/blogs/ratgeber/1-august-geschenke-gastgeschenke-schweiz-2026	2026-10-02
https://luxestyle.ch/blogs/ratgeber/3d-drucker-kaufen-der-grosse-einsteiger-ratgeber-2026	2026-10-02
https://luxestyle.ch/blogs/ratgeber/3d-stifte-fur-kinder-kreative-worauf-achten	2026-10-02
https://luxestyle.ch/blogs/ratgeber/action-cam-kamera-drohne-fur-einsteiger	2026-10-02
https://luxestyle.ch/blogs/ratgeber/adventskalender-zum-befuellen-24-kleine-geschenke-ratgeber	2026-10-02
https://luxestyle.ch/blogs/ratgeber/akkuschrauber-bohrmaschine-kaufen-der-werkzeug-guide	2026-10-02
https://luxestyle.ch/blogs/ratgeber/akupressurmatte-anwendung-wirkung	2026-10-02
https://luxestyle.ch/blogs/ratgeber/anc-kopfhorer-guide-noise-cancelling-verstehen-richtig-wahlen	2026-10-02
https://luxestyle.ch/blogs/ratgeber/angeln-fur-einsteiger-die-richtige-grundausstattung-zum-start	2026-10-02
https://luxestyle.ch/blogs/ratgeber/anti-aging-serum-hyaluron-vitamin-c-routine	2026-10-02
https://luxestyle.ch/blogs/ratgeber/aquarium-einrichten-der-grosse-guide-fur-einsteiger	2026-10-02
https://luxestyle.ch/blogs/ratgeber/arduino-fur-einsteiger-das-erste-projekt	2026-10-02
https://luxestyle.ch/blogs/ratgeber/aroma-diffuser-aromatherapie-entspannung-fur-dein-zuhause	2026-10-02
https://luxestyle.ch/blogs/ratgeber/aroma-diffuser-kaufen-der-grosse-ratgeber-2026	2026-10-02
https://luxestyle.ch/blogs/ratgeber/auto-innenraum-organisieren-ordnung-komfort-im-fahrzeug	2026-10-02
https://luxestyle.ch/blogs/ratgeber/auto-innenreinigung-tipps-fur-ein-sauberes-cockpit-frische-polster	2026-10-02
https://luxestyle.ch/blogs/ratgeber/auto-zubehoer-2026-ratgeber	2026-10-02
https://luxestyle.ch/blogs/ratgeber/baby-erstausstattung-clever-kaufen-das-brauchst-du-wirklich	2026-10-02
https://luxestyle.ch/blogs/ratgeber/baby-erstausstattung-die-checkliste-fur-die-ersten-monate	2026-10-02
https://luxestyle.ch/blogs/ratgeber/backformen-backzubehor-gelingsicher-backen-wie-ein-profi	2026-10-02
https://luxestyle.ch/blogs/ratgeber/bademode-2026-bikini-badeanzug-richtig-finden	2026-10-02
https://luxestyle.ch/blogs/ratgeber/bademode-guide-bikini-badeanzug-badeshorts-richtig-wahlen	2026-10-02
https://luxestyle.ch/blogs/ratgeber/balkon-gemutlich-gestalten-kleine-flache-grosse-wirkung	2026-10-02
https://luxestyle.ch/blogs/ratgeber/bar-wein-zuhause-2026-ratgeber	2026-10-02
https://luxestyle.ch/blogs/ratgeber/bartpflege-rasur-2026-ratgeber	2026-10-02
https://luxestyle.ch/blogs/ratgeber/bartpflege-rasur-alles-fur-den-perfekten-bart	2026-10-02
https://luxestyle.ch/blogs/ratgeber/bastelideen-fur-kinder-erwachsene	2026-10-02
https://luxestyle.ch/blogs/ratgeber/beamer-furs-heimkino-auflosung-helligkeit-anschluss	2026-10-02
https://luxestyle.ch/blogs/ratgeber/beauty-gerate-fur-zuhause-ipl-gua-sha-gesichtsroller-im-uberblick	2026-10-02
https://luxestyle.ch/blogs/ratgeber/beauty-routine-2026-die-5-essentials-fur-strahlende-haut	2026-10-02
https://luxestyle.ch/blogs/ratgeber/beauty-tools-zuhause-glatteisen-lockenstab-gesichtspflege	2026-10-02
https://luxestyle.ch/blogs/ratgeber/beleuchtung-lampen-2026-ratgeber	2026-10-02
https://luxestyle.ch/blogs/ratgeber/besser-schlafen-7-wellness-gadgets	2026-10-02
https://luxestyle.ch/blogs/ratgeber/beste-aroma-diffuser-2026-kaufratgeber-schweiz	2026-10-02
https://luxestyle.ch/blogs/ratgeber/bettwasche-ratgeber-material-grosse-pflege	2026-10-02
https://luxestyle.ch/blogs/ratgeber/bluetooth-kopfhoerer-anc-kaufratgeber	2026-10-02
https://luxestyle.ch/blogs/ratgeber/bluetooth-speaker-wasserdicht-outdoor-guide	2026-10-02
https://luxestyle.ch/blogs/ratgeber/camping-ausrustung-fur-einsteiger-die-basics	2026-10-02
https://luxestyle.ch/blogs/ratgeber/camping-kuche-unterwegs-kochen-wie-zuhause	2026-10-02
https://luxestyle.ch/blogs/ratgeber/camping-outdoor-2026-ausruestung	2026-10-02
https://luxestyle.ch/blogs/ratgeber/camping-packliste-die-komplette-checkliste-fur-deinen-ersten-trip	2026-10-02
https://luxestyle.ch/blogs/ratgeber/caps-hute-die-passende-kopfbedeckung-fur-jeden-look	2026-10-02
https://luxestyle.ch/blogs/ratgeber/caps-sommerhuete-2026-sonnenschutz-stil	2026-10-02
https://luxestyle.ch/blogs/ratgeber/capsule-wardrobe-sommer-10-teile	2026-10-02
https://luxestyle.ch/blogs/ratgeber/cashmere-decke-pflege-einrichtungstipps	2026-10-02
https://luxestyle.ch/blogs/ratgeber/chronograph-oder-automatik-uhrwerke-verstehen-die-richtige-uhr-wahlen	2026-10-02
https://luxestyle.ch/blogs/ratgeber/damen-blusen-tops-richtig-kombinieren-der-styling-guide	2026-10-02
https://luxestyle.ch/blogs/ratgeber/damenmode-basics-2026-kleiderschrank	2026-10-02
https://luxestyle.ch/blogs/ratgeber/damenmode-grossen-richtig-messen-der-grossen-guide	2026-10-02
https://luxestyle.ch/blogs/ratgeber/damenuhr-kaufen-der-guide-fur-stil-grosse-uhrwerk	2026-10-02
https://luxestyle.ch/blogs/ratgeber/damenuhren-2026-elegante-uhren-ratgeber	2026-10-02
https://luxestyle.ch/blogs/ratgeber/dashcam-kaufen-worauf-achten	2026-10-02
https://luxestyle.ch/blogs/ratgeber/die-besten-mini-ventilatoren-fur-unterwegs-2026-ratgeber-fur-heisse-schweizer-sommertage	2026-10-02
https://luxestyle.ch/blogs/ratgeber/die-perfekte-jeans-finden-schnitte-passformen-erklart	2026-10-02
https://luxestyle.ch/blogs/ratgeber/die-richtige-armbanduhr-quarz-automatik-oder-digital	2026-10-02
https://luxestyle.ch/blogs/ratgeber/drohne-fliegen-lernen-der-einsteiger-guide-fur-den-ersten-flug	2026-10-02
https://luxestyle.ch/blogs/ratgeber/drohnen-ratgeber-kameradrohne-fur-einsteiger-wahlen	2026-10-02
https://luxestyle.ch/blogs/ratgeber/duftkerzen-sojawachs-vs-paraffin-ratgeber	2026-10-02
https://luxestyle.ch/blogs/ratgeber/duftnoten-verstehen-das-richtige-parfum-nach-duftfamilie-finden	2026-10-02
https://luxestyle.ch/blogs/ratgeber/e-scooter-kaufen-worauf-achten	2026-10-02
https://luxestyle.ch/blogs/ratgeber/e-scooter-velo-die-richtige-wahl-furs-pendeln	2026-10-02
https://luxestyle.ch/blogs/ratgeber/echtleder-accessoires-pflegen-anleitung	2026-10-02
https://luxestyle.ch/blogs/ratgeber/edelstahl-schmuck-fur-herren-2026-der-guide-fur-hypoallergene-ketten-armbander	2026-10-02
https://luxestyle.ch/blogs/ratgeber/edelstahl-schmuck-langlebig-hautfreundlich-gunstig	2026-10-02
https://luxestyle.ch/blogs/ratgeber/edelstahl-schmuck-pflege-hypoallergen	2026-10-02
https://luxestyle.ch/blogs/ratgeber/edelstahlschmuck-vs-silber-was-ist-besser-fur-alltag-allergiker	2026-10-02
https://luxestyle.ch/blogs/ratgeber/einschlaf-ritual-aromatherapie-pillow-spray	2026-10-02
https://luxestyle.ch/blogs/ratgeber/elektrische-zahnburste-kaufen-schall-rotierend-oder-app-gesteuert	2026-10-02
https://luxestyle.ch/blogs/ratgeber/erste-august-schweiz-edition-looks-deko-2026	2026-10-02
https://luxestyle.ch/blogs/ratgeber/fahrrad-zubehor-licht-schloss-helm-co-richtig-wahlen	2026-10-02
https://luxestyle.ch/blogs/ratgeber/faszienrolle-uebungen-anleitung	2026-10-02
https://luxestyle.ch/blogs/ratgeber/fitness-zuhause-2026-heimtraining-ausruestung	2026-10-02
https://luxestyle.ch/blogs/ratgeber/fitness-zuhause-das-home-gym-starter-set	2026-10-02
https://luxestyle.ch/blogs/ratgeber/fitness-zuhause-starten-dein-einstieg-ins-training-ohne-fitnessstudio	2026-10-02
https://luxestyle.ch/blogs/ratgeber/french-press-perfekter-kaffee-anleitung	2026-10-02
https://luxestyle.ch/blogs/ratgeber/fussballtrikot-bedrucken-2026-name-nummer	2026-10-02
https://luxestyle.ch/blogs/ratgeber/fussballtrikot-groesse-material-pflege-2026	2026-10-02
https://luxestyle.ch/blogs/ratgeber/fussballtrikots-wm-2026-schweiz-kaufen	2026-10-02
https://luxestyle.ch/blogs/ratgeber/galaxy-projektor-sternenhimmel-lampen-test	2026-10-02
https://luxestyle.ch/blogs/ratgeber/gaming-controller-guide-der-richtige-controller-fur-dein-spielgefuhl	2026-10-02
https://luxestyle.ch/blogs/ratgeber/gaming-headset-kaufen-sound-mikrofon-komfort-im-vergleich	2026-10-02
https://luxestyle.ch/blogs/ratgeber/gaming-maus-mauspad-das-richtige-setup-fur-mehr-prazision	2026-10-02
https://luxestyle.ch/blogs/ratgeber/gaming-setup-basics-die-grundausstattung-fur-deinen-spielplatz	2026-10-02
https://luxestyle.ch/blogs/ratgeber/gaming-setup-fur-einsteiger-die-richtige-grundausstattung	2026-10-02
https://luxestyle.ch/blogs/ratgeber/gaming-zubehoer-2026-maus-headset-tastatur	2026-10-02
https://luxestyle.ch/blogs/ratgeber/gaming-zubehor-guide-controller-headset-mehr	2026-10-02
https://luxestyle.ch/blogs/ratgeber/garten-balkon-2026-ideen	2026-10-02
https://luxestyle.ch/blogs/ratgeber/garten-startklar-machen-werkzeug-pflege-im-uberblick	2026-10-02
https://luxestyle.ch/blogs/ratgeber/gartenbewasserung-schlauch-sprinkler-smarte-systeme-im-vergleich	2026-10-02
https://luxestyle.ch/blogs/ratgeber/gartenmobel-pflegen-so-bleiben-tisch-stuhle-lounge-lange-schon	2026-10-02
https://luxestyle.ch/blogs/ratgeber/geschenkboxen-sets-verschenken-ideen	2026-10-02
https://luxestyle.ch/blogs/ratgeber/geschenke-fuer-frauen-2026-schweiz	2026-10-02
https://luxestyle.ch/blogs/ratgeber/geschenke-fuer-kaffeeliebhaber	2026-10-02
https://luxestyle.ch/blogs/ratgeber/geschenke-fuer-maenner-2026-schweiz	2026-10-02
https://luxestyle.ch/blogs/ratgeber/geschenke-unter-30-franken-2026	2026-10-02
https://luxestyle.ch/blogs/ratgeber/geschenkideen-2026-die-passende-idee-fur-jeden-anlass-finden	2026-10-02
https://luxestyle.ch/blogs/ratgeber/geschenkideen-fur-frauen-von-klein-bis-besonders	2026-10-02
https://luxestyle.ch/blogs/ratgeber/geschenkideen-fur-manner-treffer-statt-fehlkauf	2026-10-02
https://luxestyle.ch/blogs/ratgeber/geschenkideen-schweiz-2026-fur-sie-fur-ihn-jeden-anlass	2026-10-02
https://luxestyle.ch/blogs/ratgeber/gesichts-massage-tools-im-vergleich-jade-roller-gua-sha-ice-roller-mikrostrom	2026-10-02
https://luxestyle.ch/blogs/ratgeber/grill-ratgeber-gas-holzkohle-oder-elektro	2026-10-02
https://luxestyle.ch/blogs/ratgeber/grillen-fur-anfanger-die-ersten-schritte-zum-perfekten-bbq	2026-10-02
https://luxestyle.ch/blogs/ratgeber/gua-sha-gesichtsroller-richtig-anwenden	2026-10-02
https://luxestyle.ch/blogs/ratgeber/gua-sha-richtig-anwenden-anleitung	2026-10-02
https://luxestyle.ch/blogs/ratgeber/gurtel-guide-breite-material-schnalle-richtig-wahlen	2026-10-02
https://luxestyle.ch/blogs/ratgeber/haarstyling-tools-fohn-glatteisen-lockenstab-richtig-einsetzen	2026-10-02
https://luxestyle.ch/blogs/ratgeber/haarstyling-zuhause-2026-ratgeber	2026-10-02
https://luxestyle.ch/blogs/ratgeber/halloween-deko-selber-machen-10-ideen-ratgeber	2026-10-02
https://luxestyle.ch/blogs/ratgeber/halloween-kostuem-damen-12-ideen-ratgeber	2026-10-02
https://luxestyle.ch/blogs/ratgeber/halskette-richtig-wahlen-lange-material-stil-kombinieren	2026-10-02
https://luxestyle.ch/blogs/ratgeber/handstaubsauger-kaufen-saugkraft-akku-ratgeber	2026-10-02
https://luxestyle.ch/blogs/ratgeber/handtasche-fur-jeden-anlass-der-komplette-taschen-ratgeber	2026-10-02
https://luxestyle.ch/blogs/ratgeber/handtasche-richtig-wahlen-grosse-material-alltagstauglichkeit-im-blick	2026-10-02
https://luxestyle.ch/blogs/ratgeber/handtaschen-ratgeber-welche-tasche-fur-welchen-anlass	2026-10-02
https://luxestyle.ch/blogs/ratgeber/handy-zubehoer-ratgeber-huelle-halterung-laden	2026-10-02
https://luxestyle.ch/blogs/ratgeber/haustier-erstausstattung-checkliste-fur-hund-katze	2026-10-02
https://luxestyle.ch/blogs/ratgeber/haustier-gadgets-smarte-helfer-fur-hund-katze	2026-10-02
https://luxestyle.ch/blogs/ratgeber/haustierzubehoer-2026-hund-katze-ratgeber	2026-10-02
https://luxestyle.ch/blogs/ratgeber/hautpflege-routine-2026-die-richtige-reihenfolge-schritt-fur-schritt	2026-10-02
https://luxestyle.ch/blogs/ratgeber/heissluftfritteuse-kaufen-der-grosse-airfryer-guide	2026-10-02
https://luxestyle.ch/blogs/ratgeber/heizdecke-sicher-nutzen-warme-sorgenfreie-anwendung-im-alltag	2026-10-02
https://luxestyle.ch/blogs/ratgeber/heizdecke-warmeprodukte-kuschelig-durch-die-kalte-jahreszeit	2026-10-02
https://luxestyle.ch/blogs/ratgeber/herren-basics-die-wichtigsten-kleidungsstucke-im-schrank	2026-10-02
https://luxestyle.ch/blogs/ratgeber/herren-grooming-die-tagliche-pflege-routine-fur-ein-gepflegtes-auftreten	2026-10-02
https://luxestyle.ch/blogs/ratgeber/herren-hemden-richtig-kombinieren-business-bis-casual	2026-10-02
https://luxestyle.ch/blogs/ratgeber/herren-schuhe-guide-vom-business-schuh-bis-zum-freizeit-sneaker	2026-10-02
https://luxestyle.ch/blogs/ratgeber/herren-sneaker-sommerschuhe-guide-2026	2026-10-02
https://luxestyle.ch/blogs/ratgeber/herren-sommer-look-leinen-2026	2026-10-02
https://luxestyle.ch/blogs/ratgeber/herrenhemd-passform-guide-so-sitzt-dein-hemd-wie-massgeschneidert	2026-10-02
https://luxestyle.ch/blogs/ratgeber/herrenmode-basics-2026-die-kleidungsstucke-fur-jeden-look	2026-10-02
https://luxestyle.ch/blogs/ratgeber/herrenuhr-guide-welcher-uhrentyp-passt-zu-deinem-stil	2026-10-02
https://luxestyle.ch/blogs/ratgeber/herrenuhr-kaufen-ratgeber-schweiz	2026-10-02
https://luxestyle.ch/blogs/ratgeber/himalaya-salzlampe-wirkung-mythen	2026-10-02
https://luxestyle.ch/blogs/ratgeber/hochzeitsgeschenke-schweiz-ideen	2026-10-02
https://luxestyle.ch/blogs/ratgeber/home-gym-einrichten-platz-ausstattung-aufbau-fur-dein-training-zuhause	2026-10-02
https://luxestyle.ch/blogs/ratgeber/home-office-gesuender-einrichten	2026-10-02
https://luxestyle.ch/blogs/ratgeber/homeoffice-ergonomisch-einrichten-gesunder-produktiver-arbeiten	2026-10-02
https://luxestyle.ch/blogs/ratgeber/hundebett-kaufen-oder-selber-bauen-ratgeber	2026-10-02
https://luxestyle.ch/blogs/ratgeber/hundeerziehung-fur-anfanger-basics-das-richtige-zubehor	2026-10-02
https://luxestyle.ch/blogs/ratgeber/hundezubehor-guide-die-richtige-grundausstattung-fur-deinen-hund	2026-10-02
https://luxestyle.ch/blogs/ratgeber/hundezubehor-leine-halsband-bett-spielzeug-richtig-wahlen	2026-10-02
https://luxestyle.ch/blogs/ratgeber/ipl-haarentfernung-ratgeber-fur-dauerhaft-glatte-haut	2026-10-02
https://luxestyle.ch/blogs/ratgeber/kaffee-zubereiten-wie-ein-barista-techniken-zubehor-fur-zuhause	2026-10-02
https://luxestyle.ch/blogs/ratgeber/kaffeemuhle-kaufen-scheiben-oder-kegelmahlwerk	2026-10-02
https://luxestyle.ch/blogs/ratgeber/kaffeevollautomat-siebtrager-oder-kapsel-der-kaffee-guide	2026-10-02
https://luxestyle.ch/blogs/ratgeber/katzen-erstausstattung-alles-fur-den-stubentiger	2026-10-02
https://luxestyle.ch/blogs/ratgeber/katzen-glucklich-halten-zubehor-spiel-wohlfuhl-tipps	2026-10-02
https://luxestyle.ch/blogs/ratgeber/katzenspielzeug-selber-machen-7-ideen-ratgeber	2026-10-02
https://luxestyle.ch/blogs/ratgeber/kinderspielzeug-nach-alter-das-passende-spielzeug-fur-jede-phase	2026-10-02
https://luxestyle.ch/blogs/ratgeber/kleider-fuer-hochzeitsgaeste-guide	2026-10-02
https://luxestyle.ch/blogs/ratgeber/knipex-profi-zangen-welche-brauchst-du-wirklich	2026-10-02
https://luxestyle.ch/blogs/ratgeber/kofferpacken-wie-ein-profi-die-clevere-packliste-fur-jede-reise	2026-10-02
https://luxestyle.ch/blogs/ratgeber/kopfhorer-kaufberatung-2026-in-ear-over-ear-oder-anc	2026-10-02
https://luxestyle.ch/blogs/ratgeber/kratzbaum-kaufen-groesse-stabilitaet-sisal-ratgeber	2026-10-02
https://luxestyle.ch/blogs/ratgeber/kuchen-gadgets-die-sich-wirklich-lohnen-clevere-helfer-fur-jeden-tag	2026-10-02
https://luxestyle.ch/blogs/ratgeber/kuchenhelfer-die-jeder-braucht-die-smarte-grundausstattung	2026-10-02
https://luxestyle.ch/blogs/ratgeber/kuchenmaschine-standmixer-welches-kuchengerat-brauchst-du-wirklich	2026-10-02
https://luxestyle.ch/blogs/ratgeber/kuchenwaage-mess-zubehor-prazise-wiegen-beim-kochen-backen	2026-10-02
https://luxestyle.ch/blogs/ratgeber/kuechenhelfer-2026-gadgets-haushalt	2026-10-02
https://luxestyle.ch/blogs/ratgeber/kuscheltiere-waschen-plueschtiere-ratgeber	2026-10-02
https://luxestyle.ch/blogs/ratgeber/laptop-rucksack-guide-schutz-komfort-stauraum-furs-buro	2026-10-02
https://luxestyle.ch/blogs/ratgeber/laptop-rucksack-richtig-wahlen	2026-10-02
https://luxestyle.ch/blogs/ratgeber/led-ambiente-schaffen-stimmungslicht-fur-dein-zuhause-einrichten	2026-10-02
https://luxestyle.ch/blogs/ratgeber/led-stimmungslicht-das-richtige-licht-fur-dein-zuhause	2026-10-02
https://luxestyle.ch/blogs/ratgeber/leinen-pflegen-knitterfrei-material-guide	2026-10-02
https://luxestyle.ch/blogs/ratgeber/loungewear-homewear-gemutlich-zuhause-im-homeoffice	2026-10-02
https://luxestyle.ch/blogs/ratgeber/luftbefeuchter-groesse-raum-ratgeber	2026-10-02
https://luxestyle.ch/blogs/ratgeber/luftbefeuchter-ratgeber-gesunde-raumluft-fur-winter-buro	2026-10-02
https://luxestyle.ch/blogs/ratgeber/luftreiniger-ratgeber-bessere-raumluft-fur-allergiker	2026-10-02
https://luxestyle.ch/blogs/ratgeber/magnetische-wimpern-cluster-lashes-auftragen-schritt-fur-schritt	2026-10-02
https://luxestyle.ch/blogs/ratgeber/make-up-basics-fur-einsteiger-das-schmink-1x1	2026-10-02
https://luxestyle.ch/blogs/ratgeber/make-up-beauty-basics-2026	2026-10-02
https://luxestyle.ch/blogs/ratgeber/markenprodukte-guenstig-kaufen-2026	2026-10-02
https://luxestyle.ch/blogs/ratgeber/massagepistole-faszien-tools-muskelregeneration-fur-zuhause	2026-10-02
https://luxestyle.ch/blogs/ratgeber/mechanische-tastatur-kaufen-switches-layout-formfaktor-erklart	2026-10-02
https://luxestyle.ch/blogs/ratgeber/metalldetektor-kaufen-der-grosse-einsteiger-ratgeber-zur-schatzsuche	2026-10-02
https://luxestyle.ch/blogs/ratgeber/minimalistisch-einrichten-wohnaccessoires	2026-10-02
https://luxestyle.ch/blogs/ratgeber/modellbau-fur-einsteiger-das-richtige-set-werkzeug	2026-10-02
https://luxestyle.ch/blogs/ratgeber/moissanite-vs-diamant-vergleich	2026-10-02
https://luxestyle.ch/blogs/ratgeber/monitor-kaufen-auflosung-grosse-bildwiederholrate-verstandlich-erklart	2026-10-02
https://luxestyle.ch/blogs/ratgeber/nachhaltig-leben-einfache-tipps-fur-weniger-verbrauch-im-alltag	2026-10-02
https://luxestyle.ch/blogs/ratgeber/nachhaltige-kuche-plastikfrei-kochen-lagern-aufbewahren	2026-10-02
https://luxestyle.ch/blogs/ratgeber/nachhaltiges-badezimmer-bambus-accessoires-test	2026-10-02
https://luxestyle.ch/blogs/ratgeber/nackenverspannung-loesen-zuhause	2026-10-02
https://luxestyle.ch/blogs/ratgeber/nagel-manikure-zuhause-uv-lampe-press-on-polygel-der-anfanger-ratgeber	2026-10-02
https://luxestyle.ch/blogs/ratgeber/nageldesign-zuhause-gel-lack-zubehor-fur-schone-nagel	2026-10-02
https://luxestyle.ch/blogs/ratgeber/nagellack-entfernen-ohne-aceton-entsorgen	2026-10-02
https://luxestyle.ch/blogs/ratgeber/nahzubehor-fur-einsteiger-die-richtige-grundausstattung	2026-10-02
https://luxestyle.ch/blogs/ratgeber/ohrringe-guide-stecker-creolen-hanger-fur-jeden-typ	2026-10-02
https://luxestyle.ch/blogs/ratgeber/open-ear-kopfhoerer-sport-velo-ratgeber	2026-10-02
https://luxestyle.ch/blogs/ratgeber/outdoor-ausrustung-fur-wanderungen-die-richtige-grundausstattung	2026-10-02
https://luxestyle.ch/blogs/ratgeber/parfum-finden-dufttypen-tipps-zum-auftragen	2026-10-02
https://luxestyle.ch/blogs/ratgeber/parfum-finden-edp-vs-edt-die-4-duftfamilien-der-ratgeber	2026-10-02
https://luxestyle.ch/blogs/ratgeber/parfum-guide-schweiz-dufttyp-finden-richtig-auftragen	2026-10-02
https://luxestyle.ch/blogs/ratgeber/parfum-kaufen-2026-duftnoten-ratgeber	2026-10-02
https://luxestyle.ch/blogs/ratgeber/partner-geschenke-couple-sets-ideen-fur-verliebte-2026	2026-10-02
https://luxestyle.ch/blogs/ratgeber/personalisierte-geschenke-2026-selbst-gestalten	2026-10-02
https://luxestyle.ch/blogs/ratgeber/pla-petg-oder-resin-das-richtige-filament-finden	2026-10-02
https://luxestyle.ch/blogs/ratgeber/pool-schwimmen-2026-ratgeber	2026-10-02
https://luxestyle.ch/blogs/ratgeber/portemonnaie-geldborse-das-richtige-modell-fur-alltag-reise	2026-10-02
https://luxestyle.ch/blogs/ratgeber/powerbank-guide-die-richtige-kapazitat-fur-unterwegs	2026-10-02
https://luxestyle.ch/blogs/ratgeber/powerbank-handgepaeck-regeln-flug	2026-10-02
https://luxestyle.ch/blogs/ratgeber/powerbank-kaufen-2026-ratgeber	2026-10-02
https://luxestyle.ch/blogs/ratgeber/powerbank-kaufen-mah-schwindel-2026	2026-10-02
https://luxestyle.ch/blogs/ratgeber/powerstation-solargenerator-strom-fur-camping-notfall	2026-10-02
https://luxestyle.ch/blogs/ratgeber/puzzles-gesellschaftsspiele-spielspass-fur-die-ganze-familie	2026-10-02
https://luxestyle.ch/blogs/ratgeber/regenjacke-funktionskleidung-trocken-bleiben-bei-jedem-wetter	2026-10-02
https://luxestyle.ch/blogs/ratgeber/reise-gadgets-packliste-clever-unterwegs	2026-10-02
https://luxestyle.ch/blogs/ratgeber/reise-gadgets-packtipps-handgepaeck	2026-10-02
https://luxestyle.ch/blogs/ratgeber/rfid-schutz-geldboerse-erklaert	2026-10-02
https://luxestyle.ch/blogs/ratgeber/ringgrosse-bestimmen-den-perfekten-ring-finden	2026-10-02
https://luxestyle.ch/blogs/ratgeber/rizinusoel-wickel-anwendung-anleitung	2026-10-02
https://luxestyle.ch/blogs/ratgeber/rucksack-fur-alltag-uni-reise-der-grosse-rucksack-guide	2026-10-02
https://luxestyle.ch/blogs/ratgeber/rucksack-fur-die-uni-der-richtige-begleiter-fur-campus-vorlesung	2026-10-02
https://luxestyle.ch/blogs/ratgeber/rucksack-kaufen-2026-ratgeber	2026-10-02
https://luxestyle.ch/blogs/ratgeber/saugroboter-ratgeber-den-richtigen-robo-sauger-finden	2026-10-02
https://luxestyle.ch/blogs/ratgeber/schminktasche-grundausstattung-diese-make-up-produkte-brauchst-du-wirklich	2026-10-02
https://luxestyle.ch/blogs/ratgeber/schmuck-verschenken-2026-geschenkideen	2026-10-02
https://luxestyle.ch/blogs/ratgeber/schnellladegerat-usb-c-das-richtige-ladegerat-fur-dein-handy	2026-10-02
https://luxestyle.ch/blogs/ratgeber/schuhe-pflegen-auswaehlen-2026	2026-10-02
https://luxestyle.ch/blogs/ratgeber/schulstart-semesterstart-checkliste-2026	2026-10-02
https://luxestyle.ch/blogs/ratgeber/schweiz-design-selbst-gestalten-tasse-shirt-tasche	2026-10-02
https://luxestyle.ch/blogs/ratgeber/schweizer-geschenke-mitbringsel-2026	2026-10-02
https://luxestyle.ch/blogs/ratgeber/selbstreinigendes-katzenklo-lohnt-sich-die-anschaffung	2026-10-02
https://luxestyle.ch/blogs/ratgeber/self-care-routine-aufbauen-guide-anfaenger	2026-10-02
https://luxestyle.ch/blogs/ratgeber/smart-home-fur-einsteiger-die-ersten-schritte-ins-vernetzte-zuhause	2026-10-02
https://luxestyle.ch/blogs/ratgeber/smartwatch-damen-2026-ratgeber	2026-10-02
https://luxestyle.ch/blogs/ratgeber/smartwatch-einsteiger-ratgeber-2026	2026-10-02
https://luxestyle.ch/blogs/ratgeber/smartwatch-fitness-tracker-welcher-passt-zu-dir	2026-10-02
https://luxestyle.ch/blogs/ratgeber/smartwatch-kaufen-2026-ratgeber-funktionen-vergleich	2026-10-02
https://luxestyle.ch/blogs/ratgeber/smartwatch-kaufen-2026-welche-passt-zu-deinem-alltag	2026-10-02
https://luxestyle.ch/blogs/ratgeber/smartwatch-richtig-nutzen-funktionen-tipps-alltag-optimal-ausschopfen	2026-10-02
https://luxestyle.ch/blogs/ratgeber/sneaker-guide-2026-der-richtige-schuh-fur-jeden-anlass	2026-10-02
https://luxestyle.ch/blogs/ratgeber/socken-struempfe-2026-ratgeber	2026-10-02
https://luxestyle.ch/blogs/ratgeber/socken-strumpfe-das-richtige-paar-fur-sport-business-alltag	2026-10-02
https://luxestyle.ch/blogs/ratgeber/solarleuchten-fur-den-garten-die-richtige-aussenbeleuchtung-wahlen	2026-10-02
https://luxestyle.ch/blogs/ratgeber/sommer-sandalen-finden-komfort-style-fur-heisse-tage	2026-10-02
https://luxestyle.ch/blogs/ratgeber/sommerkleider-2026-die-schonsten-trends-worauf-du-beim-kauf-achtest	2026-10-02
https://luxestyle.ch/blogs/ratgeber/sommerkleider-2026-welche-schnitte-stehen-dir	2026-10-02
https://luxestyle.ch/blogs/ratgeber/sommerkleider-trends-2026-die-schonsten-looks-fur-die-schweiz	2026-10-02
https://luxestyle.ch/blogs/ratgeber/sommerschuhe-2026-sandalen-sneaker-espadrilles-im-trend	2026-10-02
https://luxestyle.ch/blogs/ratgeber/sonnenbrille-nach-gesichtsform-so-findest-du-dein-modell	2026-10-02
https://luxestyle.ch/blogs/ratgeber/sonnenbrillen-guide-form-uv-schutz-fur-dein-gesicht	2026-10-02
https://luxestyle.ch/blogs/ratgeber/sonnenbrillen-trends-2026-der-schweizer-sommer-guide-fur-den-perfekten-look	2026-10-02
https://luxestyle.ch/blogs/ratgeber/sonnenbrillen-trends-2026-welche-form-passt-zu-dir	2026-10-02
https://luxestyle.ch/blogs/ratgeber/ssd-oder-festplatte-der-richtige-speicher-fur-deinen-pc	2026-10-02
https://luxestyle.ch/blogs/ratgeber/ssd-usb-stick-oder-externe-festplatte-der-grosse-speicher-guide	2026-10-02
https://luxestyle.ch/blogs/ratgeber/starthilfe-reifendruck-auto-notfall-basics	2026-10-02
https://luxestyle.ch/blogs/ratgeber/staubsauger-roboter-akku-sauger-welches-modell-passt-zu-dir	2026-10-02
https://luxestyle.ch/blogs/ratgeber/stimmungslicht-led-deko-gemutliches-zuhause-2026	2026-10-02
https://luxestyle.ch/blogs/ratgeber/strohtaschen-beach-bags-sommer-looks-2026	2026-10-02
https://luxestyle.ch/blogs/ratgeber/suesswasserperlen-schmuck-echt-erkennen-pflege	2026-10-02
https://luxestyle.ch/blogs/ratgeber/taschen-trends-2026-von-crossbody-bis-henkeltasche	2026-10-02
https://luxestyle.ch/blogs/ratgeber/thermosflasche-edelstahl-vorteile-vergleich	2026-10-02
https://luxestyle.ch/blogs/ratgeber/trainingsanzug-jogging-set-2026-ratgeber	2026-10-02
https://luxestyle.ch/blogs/ratgeber/trainingsanzug-sport-sets-bequem-sportlich-alltagstauglich	2026-10-02
https://luxestyle.ch/blogs/ratgeber/trinkbrunnen-katzen-groesse-material-ratgeber	2026-10-02
https://luxestyle.ch/blogs/ratgeber/trinkflaschen-thermobecher-nachhaltig-praktisch	2026-10-02
https://luxestyle.ch/blogs/ratgeber/trockene-heizungsluft-winter-luftbefeuchter	2026-10-02
https://luxestyle.ch/blogs/ratgeber/uhren-stil-guide-die-passende-uhr-zu-jedem-outfit-anlass	2026-10-02
https://luxestyle.ch/blogs/ratgeber/vatertag-geschenke-schweiz-2026	2026-10-02
https://luxestyle.ch/blogs/ratgeber/ventilator-oder-klimagerat-cool-durch-den-sommer	2026-10-02
https://luxestyle.ch/blogs/ratgeber/ventilator-sommerhitze-ratgeber	2026-10-02
https://luxestyle.ch/blogs/ratgeber/vogelkafig-vogelzubehor-den-kafig-artgerecht-einrichten	2026-10-02
https://luxestyle.ch/blogs/ratgeber/vr-headset-kaufen-einsteiger-guide	2026-10-02
https://luxestyle.ch/blogs/ratgeber/waffeleisen-ratgeber-knusprige-waffeln-wie-vom-markt	2026-10-02
https://luxestyle.ch/blogs/ratgeber/wander-trekkingrucksack-der-richtige-begleiter-fur-die-berge	2026-10-02
https://luxestyle.ch/blogs/ratgeber/wanderschuhe-richtig-wahlen-passform-profil-wasserschutz	2026-10-02
https://luxestyle.ch/blogs/ratgeber/wandkunst-poster-so-gestaltest-du-deine-wande-mit-stil	2026-10-02
https://luxestyle.ch/blogs/ratgeber/wasserfester-schmuck-2026-ratgeber	2026-10-02
https://luxestyle.ch/blogs/ratgeber/weihnachtsgeschenke-2026-schweiz-ideen	2026-10-02
https://luxestyle.ch/blogs/ratgeber/wein-barzubehor-das-richtige-equipment-fur-genuss-zuhause	2026-10-02
https://luxestyle.ch/blogs/ratgeber/wellness-geschenke-selfcare-ideen	2026-10-02
https://luxestyle.ch/blogs/ratgeber/wellness-zuhause-entspannen-regenerieren-nach-feierabend	2026-10-02
https://luxestyle.ch/blogs/ratgeber/werkzeug-grundausstattung-das-gehort-in-jeden-haushalt	2026-10-02
https://luxestyle.ch/blogs/ratgeber/werkzeug-grundausstattung-was-jeder-haushalt-heimwerker-braucht	2026-10-02
https://luxestyle.ch/blogs/ratgeber/widerstandsbander-fitnessbander-effektiv-trainieren-ohne-gerate	2026-10-02
https://luxestyle.ch/blogs/ratgeber/winter-essentials-die-wichtigsten-dinge-fur-warme-entspannte-wintertage	2026-10-02
https://luxestyle.ch/blogs/ratgeber/winter-warme-zuhause-heizdecke-kuscheldecke-co-richtig-wahlen	2026-10-02
https://luxestyle.ch/blogs/ratgeber/wireless-charger-3in1-ratgeber	2026-10-02
https://luxestyle.ch/blogs/ratgeber/wlan-verbessern-router-repeater-mesh-richtig-einsetzen	2026-10-02
https://luxestyle.ch/blogs/ratgeber/wm-trikot-selbst-gestalten-anleitung-2026	2026-10-02
https://luxestyle.ch/blogs/ratgeber/wohn-ideen-herbst-2026	2026-10-02
https://luxestyle.ch/blogs/ratgeber/wohnaccessoires-deko-so-schaffst-du-ein-gemutliches-zuhause	2026-10-02
https://luxestyle.ch/blogs/ratgeber/wohnen-gemutlich-einrichten-deko-tipps-fur-jeden-raum	2026-10-02
https://luxestyle.ch/blogs/ratgeber/yoga-anfaenger-zuhause-starten	2026-10-02
https://luxestyle.ch/blogs/ratgeber/yoga-fur-anfanger-matte-zubehor-erste-ubungen	2026-10-02
https://luxestyle.ch/blogs/ratgeber/yogamatte-reinigen-ratgeber	2026-10-02
https://luxestyle.ch/blogs/ratgeber/zimmerbeleuchtung-planen-die-richtige-lampe-fur-jeden-raum	2026-10-02
https://luxestyle.ch/blogs/ratgeber/zimmerpflanzen-pflegen-der-guide-fur-grunen-daumen-ohne-aufwand	2026-10-02
https://luxestyle.ch/collections/3d-druck	2026-10-02
https://luxestyle.ch/collections/3d-drucker	2026-10-02
https://luxestyle.ch/collections/3d-filament	2026-10-02
https://luxestyle.ch/collections/3d-zubehoer	2026-10-02
https://luxestyle.ch/collections/abend-look	2026-10-02
https://luxestyle.ch/collections/accessoires	2026-10-02
https://luxestyle.ch/collections/angeln	2026-10-02
https://luxestyle.ch/collections/audio-sub	2026-10-02
https://luxestyle.ch/collections/aufbewahrung-sub	2026-10-02
https://luxestyle.ch/collections/auto-halterungen	2026-10-02
https://luxestyle.ch/collections/auto-handy	2026-10-02
https://luxestyle.ch/collections/auto-kfz-zubehoer	2026-10-02
https://luxestyle.ch/collections/auto-pflege	2026-10-02
https://luxestyle.ch/collections/auto-zubehoer	2026-10-02
https://luxestyle.ch/collections/baby-kids	2026-10-02
https://luxestyle.ch/collections/baby-kinder-sets	2026-10-02
https://luxestyle.ch/collections/baby-kleinkind	2026-10-02
https://luxestyle.ch/collections/babykleidung	2026-10-02
https://luxestyle.ch/collections/bar-cocktail	2026-10-02
https://luxestyle.ch/collections/bar-glaeser	2026-10-02
https://luxestyle.ch/collections/bar-wein-accessoires	2026-10-02
https://luxestyle.ch/collections/basteln-diy	2026-10-02
https://luxestyle.ch/collections/beamer-heimkino	2026-10-02
https://luxestyle.ch/collections/beauty-geraete	2026-10-02
https://luxestyle.ch/collections/beauty-haar	2026-10-02
https://luxestyle.ch/collections/beauty-hautpflege	2026-10-02
https://luxestyle.ch/collections/beauty-makeup	2026-10-02
https://luxestyle.ch/collections/beauty-naegel	2026-10-02
https://luxestyle.ch/collections/beauty-pflege	2026-10-02
https://luxestyle.ch/collections/beauty-selfcare	2026-10-02
https://luxestyle.ch/collections/beauty-tools	2026-10-02
https://luxestyle.ch/collections/berufseinstieg-abschluss	2026-10-02
https://luxestyle.ch/collections/bestseller	2026-10-02
https://luxestyle.ch/collections/bestseller-premium-heroes	2026-10-02
https://luxestyle.ch/collections/bestseller-shop	2026-10-02
https://luxestyle.ch/collections/blitzversand-highlights	2026-10-02
https://luxestyle.ch/collections/blitzversand-schweiz	2026-10-02
https://luxestyle.ch/collections/bohren-saegen	2026-10-02
https://luxestyle.ch/collections/buero-schreibwaren	2026-10-02
https://luxestyle.ch/collections/buro-home-office	2026-10-02
https://luxestyle.ch/collections/camping-kueche	2026-10-02
https://luxestyle.ch/collections/camping-licht-outdoor	2026-10-02
https://luxestyle.ch/collections/camping-outdoor	2026-10-02
https://luxestyle.ch/collections/camping-schlafen	2026-10-02
https://luxestyle.ch/collections/camping-sub	2026-10-02
https://luxestyle.ch/collections/caps-huete	2026-10-02
https://luxestyle.ch/collections/chronographen-automatik	2026-10-02
https://luxestyle.ch/collections/computer-zubehoer	2026-10-02
https://luxestyle.ch/collections/damen-blusen	2026-10-02
https://luxestyle.ch/collections/damen-hosen	2026-10-02
https://luxestyle.ch/collections/damen-jacken-maentel	2026-10-02
https://luxestyle.ch/collections/damen-mode	2026-10-02
https://luxestyle.ch/collections/damen-schuhe	2026-10-02
https://luxestyle.ch/collections/damen-sets	2026-10-02
https://luxestyle.ch/collections/damen-strick-pullover	2026-10-02
https://luxestyle.ch/collections/deko-wohnaccessoires	2026-10-02
https://luxestyle.ch/collections/drohnen-fpv	2026-10-02
https://luxestyle.ch/collections/drohnen-kameras	2026-10-02
https://luxestyle.ch/collections/elektronik-audio	2026-10-02
https://luxestyle.ch/collections/elektronik-kleinteile	2026-10-02
https://luxestyle.ch/collections/elektronik-laden	2026-10-02
https://luxestyle.ch/collections/elektronik-technik	2026-10-02
https://luxestyle.ch/collections/elektrowerkzeug	2026-10-02
https://luxestyle.ch/collections/ersatzteile-zubehoer	2026-10-02
https://luxestyle.ch/collections/erste-august	2026-10-02
https://luxestyle.ch/collections/eu-lager-schnell	2026-10-02
https://luxestyle.ch/collections/favoriten	2026-10-02
https://luxestyle.ch/collections/fitness-geraete	2026-10-02
https://luxestyle.ch/collections/fitness-training	2026-10-02
https://luxestyle.ch/collections/foto-tech	2026-10-02
https://luxestyle.ch/collections/frauen-favoriten	2026-10-02
https://luxestyle.ch/collections/frontpage	2026-10-02
https://luxestyle.ch/collections/ft-ballone	2026-10-02
https://luxestyle.ch/collections/ft-bruder	2026-10-02
https://luxestyle.ch/collections/ft-damenkostuem	2026-10-02
https://luxestyle.ch/collections/ft-fanartikel	2026-10-02
https://luxestyle.ch/collections/ft-herrenkostuem	2026-10-02
https://luxestyle.ch/collections/ft-kinderkostuem	2026-10-02
https://luxestyle.ch/collections/ft-kostuem-accessoire	2026-10-02
https://luxestyle.ch/collections/ft-kostuem-hut	2026-10-02
https://luxestyle.ch/collections/ft-maske	2026-10-02
https://luxestyle.ch/collections/ft-peruecke	2026-10-02
https://luxestyle.ch/collections/ft-pluesch	2026-10-02
https://luxestyle.ch/collections/ft-trachten	2026-10-02
https://luxestyle.ch/collections/ft-unisexkostuem	2026-10-02
https://luxestyle.ch/collections/ft-wohndeko-ft	2026-10-02
https://luxestyle.ch/collections/fur-ihn	2026-10-02
https://luxestyle.ch/collections/fur-sie	2026-10-02
https://luxestyle.ch/collections/fussball-fanshop	2026-10-02
https://luxestyle.ch/collections/gadgets	2026-10-02
https://luxestyle.ch/collections/gaming	2026-10-02
https://luxestyle.ch/collections/gaming-controller	2026-10-02
https://luxestyle.ch/collections/gaming-headsets	2026-10-02
https://luxestyle.ch/collections/gaming-maeuse	2026-10-02
https://luxestyle.ch/collections/gaming-zubehor	2026-10-02
https://luxestyle.ch/collections/garten-balkon	2026-10-02
https://luxestyle.ch/collections/garten-deko-outdoor	2026-10-02
https://luxestyle.ch/collections/garten-leuchten	2026-10-02
https://luxestyle.ch/collections/garten-pflanzgefaesse	2026-10-02
https://luxestyle.ch/collections/garten-werkzeug-pflege	2026-10-02
https://luxestyle.ch/collections/gerade-auf-instagram	2026-10-02
https://luxestyle.ch/collections/geschenke-fuer-ihn	2026-10-02
https://luxestyle.ch/collections/geschenke-fuer-kinder	2026-10-02
https://luxestyle.ch/collections/geschenke-fuer-sie	2026-10-02
https://luxestyle.ch/collections/geschenke-unter-100-franken	2026-10-02
https://luxestyle.ch/collections/geschenke-unter-50-franken	2026-10-02
https://luxestyle.ch/collections/geschenkverpackung	2026-10-02
https://luxestyle.ch/collections/geschirr-servieren	2026-10-02
https://luxestyle.ch/collections/gesichtspflege-geraete	2026-10-02
https://luxestyle.ch/collections/gravur-personalisiert	2026-10-02
https://luxestyle.ch/collections/grill-bbq	2026-10-02
https://luxestyle.ch/collections/guertel	2026-10-02
https://luxestyle.ch/collections/haarfarbe-coloration	2026-10-02
https://luxestyle.ch/collections/haarpflege	2026-10-02
https://luxestyle.ch/collections/haarstyling-geraete	2026-10-02
https://luxestyle.ch/collections/haengematten	2026-10-02
https://luxestyle.ch/collections/halloween	2026-10-02
https://luxestyle.ch/collections/handtaschen-umhaengetaschen	2026-10-02
https://luxestyle.ch/collections/handwerkzeug	2026-10-02
https://luxestyle.ch/collections/handy-halterungen	2026-10-02
https://luxestyle.ch/collections/handy-huellen	2026-10-02
https://luxestyle.ch/collections/handy-schutzglas	2026-10-02
https://luxestyle.ch/collections/handy-selfie-video	2026-10-02
https://luxestyle.ch/collections/handy-zubehoer	2026-10-02
https://luxestyle.ch/collections/haushaltsgeraete	2026-10-02
https://luxestyle.ch/collections/haustier-futter-naepfe	2026-10-02
https://luxestyle.ch/collections/haustier-gadgets	2026-10-02
https://luxestyle.ch/collections/haustier-hund	2026-10-02
https://luxestyle.ch/collections/haustier-hunde	2026-10-02
https://luxestyle.ch/collections/haustier-katze	2026-10-02
https://luxestyle.ch/collections/haustier-katzen	2026-10-02
https://luxestyle.ch/collections/haustier-napf-futter	2026-10-02
https://luxestyle.ch/collections/hautpflege	2026-10-02
https://luxestyle.ch/collections/hautpflege-skincare	2026-10-02
https://luxestyle.ch/collections/hautpflege-tools	2026-10-02
https://luxestyle.ch/collections/herbst-favoriten	2026-10-02
https://luxestyle.ch/collections/herren-grooming	2026-10-02
https://luxestyle.ch/collections/herren-hemden	2026-10-02
https://luxestyle.ch/collections/herren-hosen	2026-10-02
https://luxestyle.ch/collections/herren-jacken	2026-10-02
https://luxestyle.ch/collections/herren-mode-sub	2026-10-02
https://luxestyle.ch/collections/herren-pullover	2026-10-02
https://luxestyle.ch/collections/herren-schuhe	2026-10-02
https://luxestyle.ch/collections/herren-sets-sub	2026-10-02
https://luxestyle.ch/collections/herren-shirts	2026-10-02
https://luxestyle.ch/collections/herren-uhren	2026-10-02
https://luxestyle.ch/collections/herrenuhren-schmuck	2026-10-02
https://luxestyle.ch/collections/highlights	2026-10-02
https://luxestyle.ch/collections/hightech-gadgets	2026-10-02
https://luxestyle.ch/collections/hochzeitsgeschenke	2026-10-02
https://luxestyle.ch/collections/home-gadgets	2026-10-02
https://luxestyle.ch/collections/home-office-setup	2026-10-02
https://luxestyle.ch/collections/hoodies-sweatshirts	2026-10-02
https://luxestyle.ch/collections/hundebetten	2026-10-02
https://luxestyle.ch/collections/hundewelt	2026-10-02
https://luxestyle.ch/collections/hype-2026	2026-10-02
https://luxestyle.ch/collections/hype-jetzt	2026-10-02
https://luxestyle.ch/collections/ipl-haarentfernung	2026-10-02
https://luxestyle.ch/collections/jacken-outdoor	2026-10-02
https://luxestyle.ch/collections/jeans-denim	2026-10-02
https://luxestyle.ch/collections/jumpsuits-overalls	2026-10-02
https://luxestyle.ch/collections/kabel-adapter	2026-10-02
https://luxestyle.ch/collections/kaffee-ecke	2026-10-02
https://luxestyle.ch/collections/katzenwelt	2026-10-02
https://luxestyle.ch/collections/kinderschuhe	2026-10-02
https://luxestyle.ch/collections/kissen-wohntextilien	2026-10-02
https://luxestyle.ch/collections/kleine-geschenke-mitbringsel	2026-10-02
https://luxestyle.ch/collections/klemmbausteine-bausaetze	2026-10-02
https://luxestyle.ch/collections/kochen-backen	2026-10-02
https://luxestyle.ch/collections/komfort-im-alter	2026-10-02
https://luxestyle.ch/collections/kopfhoerer-audio	2026-10-02
https://luxestyle.ch/collections/kostueme-ch-lager	2026-10-02
https://luxestyle.ch/collections/kostueme-fasnacht	2026-10-02
https://luxestyle.ch/collections/kratzbaeume	2026-10-02
https://luxestyle.ch/collections/kuechen-gadgets	2026-10-02
https://luxestyle.ch/collections/kuechenhelfer	2026-10-02
https://luxestyle.ch/collections/kuschel-heizdecken	2026-10-02
https://luxestyle.ch/collections/lampen-leuchten	2026-10-02
https://luxestyle.ch/collections/laptop-tablet-zubehoer	2026-10-02
https://luxestyle.ch/collections/lautsprecher	2026-10-02
https://luxestyle.ch/collections/led-ambiente	2026-10-02
https://luxestyle.ch/collections/lederwaren	2026-10-02
https://luxestyle.ch/collections/leggings	2026-10-02
https://luxestyle.ch/collections/licht-decken-steh	2026-10-02
https://luxestyle.ch/collections/licht-led-strip	2026-10-02
https://luxestyle.ch/collections/licht-nachtlicht-projektor	2026-10-02
https://luxestyle.ch/collections/licht-solar-aussen	2026-10-02
https://luxestyle.ch/collections/licht-tischlampe	2026-10-02
https://luxestyle.ch/collections/loungewear	2026-10-02
https://luxestyle.ch/collections/luftreiniger-klimageraete	2026-10-02
https://luxestyle.ch/collections/luxestyle-premium	2026-10-02
https://luxestyle.ch/collections/luxus-highend	2026-10-02
https://luxestyle.ch/collections/make-up	2026-10-02
https://luxestyle.ch/collections/mauspads	2026-10-02
https://luxestyle.ch/collections/midikleider	2026-10-02
https://luxestyle.ch/collections/mikrofone	2026-10-02
https://luxestyle.ch/collections/modellautos	2026-10-02
https://luxestyle.ch/collections/moissanit	2026-10-02
https://luxestyle.ch/collections/muetzen-schals	2026-10-02
https://luxestyle.ch/collections/nachhaltig-eco	2026-10-02
https://luxestyle.ch/collections/nachtwaesche-pyjamas	2026-10-02
https://luxestyle.ch/collections/naegel	2026-10-02
https://luxestyle.ch/collections/naegel-manikuere	2026-10-02
https://luxestyle.ch/collections/nagel-geraete	2026-10-02
https://luxestyle.ch/collections/nagelstudio	2026-10-02
https://luxestyle.ch/collections/netzwerk-router	2026-10-02
https://luxestyle.ch/collections/neu	2026-10-02
https://luxestyle.ch/collections/neu-eingetroffen	2026-10-02
https://luxestyle.ch/collections/nintendo-switch	2026-10-02
https://luxestyle.ch/collections/office-look	2026-10-02
https://luxestyle.ch/collections/ordnung-aufbewahrung	2026-10-02
https://luxestyle.ch/collections/outdoor-garten	2026-10-02
https://luxestyle.ch/collections/parfum-duefte	2026-10-02
https://luxestyle.ch/collections/partner-paare	2026-10-02
https://luxestyle.ch/collections/party-deko-ch	2026-10-02
https://luxestyle.ch/collections/pc-gaming	2026-10-02
https://luxestyle.ch/collections/pc-homeoffice	2026-10-02
https://luxestyle.ch/collections/pc-komponenten	2026-10-02
https://luxestyle.ch/collections/pfannen-toepfe	2026-10-02
https://luxestyle.ch/collections/picknick-strand	2026-10-02
https://luxestyle.ch/collections/playstation	2026-10-02
https://luxestyle.ch/collections/pool	2026-10-02
https://luxestyle.ch/collections/portemonnaie	2026-10-02
https://luxestyle.ch/collections/premium-geschenke	2026-10-02
https://luxestyle.ch/collections/premium-schmuck	2026-10-02
https://luxestyle.ch/collections/puzzles	2026-10-02
https://luxestyle.ch/collections/querbeet	2026-10-02
https://luxestyle.ch/collections/raucherzubehoer	2026-10-02
https://luxestyle.ch/collections/rc-ferngesteuert	2026-10-02
https://luxestyle.ch/collections/recovery	2026-10-02
https://luxestyle.ch/collections/reise-gadgets	2026-10-02
https://luxestyle.ch/collections/reisegepaeck	2026-10-02
https://luxestyle.ch/collections/reisen-sommer	2026-10-02
https://luxestyle.ch/collections/retro-handheld	2026-10-02
https://luxestyle.ch/collections/rucksaecke	2026-10-02
https://luxestyle.ch/collections/rucksaecke-laptop	2026-10-02
https://luxestyle.ch/collections/rucksaecke-schule	2026-10-02
https://luxestyle.ch/collections/rucksaecke-sport	2026-10-02
https://luxestyle.ch/collections/schleifen-trennen	2026-10-02
https://luxestyle.ch/collections/schmuck-sets	2026-10-02
https://luxestyle.ch/collections/schmuck-uhren	2026-10-02
https://luxestyle.ch/collections/schuhe	2026-10-02
https://luxestyle.ch/collections/schuhe-absatz	2026-10-02
https://luxestyle.ch/collections/schuhe-sneaker	2026-10-02
https://luxestyle.ch/collections/schule-buro	2026-10-02
https://luxestyle.ch/collections/schulstart	2026-10-02
https://luxestyle.ch/collections/schweiz-edition	2026-10-02
https://luxestyle.ch/collections/schwimmen-badi	2026-10-02
https://luxestyle.ch/collections/see-und-sonne-wasserfest	2026-10-02
https://luxestyle.ch/collections/selbst-gestalten	2026-10-02
https://luxestyle.ch/collections/selbst-gestalten-1	2026-10-02
https://luxestyle.ch/collections/sets-bundles	2026-10-02
https://luxestyle.ch/collections/sg-accessoires	2026-10-02
https://luxestyle.ch/collections/sg-alle	2026-10-02
https://luxestyle.ch/collections/sg-bekleidung	2026-10-02
https://luxestyle.ch/collections/sg-taschen	2026-10-02
https://luxestyle.ch/collections/sg-trinken	2026-10-02
https://luxestyle.ch/collections/sg-wohnen	2026-10-02
https://luxestyle.ch/collections/shorts-bermudas	2026-10-02
https://luxestyle.ch/collections/smart-home-gadgets	2026-10-02
https://luxestyle.ch/collections/smartwatches-wearables	2026-10-02
https://luxestyle.ch/collections/smoke-zubehoer	2026-10-02
https://luxestyle.ch/collections/sneaker-sportschuhe	2026-10-02
https://luxestyle.ch/collections/socken-strumpfe	2026-10-02
https://luxestyle.ch/collections/sommer	2026-10-02
https://luxestyle.ch/collections/sommer-2026	2026-10-02
https://luxestyle.ch/collections/sonnenbrillen-alle	2026-10-02
https://luxestyle.ch/collections/spass-elektronik	2026-10-02
https://luxestyle.ch/collections/speicher-datentraeger	2026-10-02
https://luxestyle.ch/collections/spielzeug	2026-10-02
https://luxestyle.ch/collections/spielzeug-basteln	2026-10-02
https://luxestyle.ch/collections/spielzeug-ch-lager	2026-10-02
https://luxestyle.ch/collections/spielzeug-fahrzeuge	2026-10-02
https://luxestyle.ch/collections/spielzeug-lernen	2026-10-02
https://luxestyle.ch/collections/spielzeug-musik	2026-10-02
https://luxestyle.ch/collections/spielzeug-neuheiten	2026-10-02
https://luxestyle.ch/collections/spielzeug-outdoor-wasser	2026-10-02
https://luxestyle.ch/collections/spielzeug-pluesch	2026-10-02
https://luxestyle.ch/collections/spielzeug-schminkset	2026-10-02
https://luxestyle.ch/collections/sport-outdoor	2026-10-02
https://luxestyle.ch/collections/sticker-aufkleber	2026-10-02
https://luxestyle.ch/collections/strampler-bodys	2026-10-02
https://luxestyle.ch/collections/strand	2026-10-02
https://luxestyle.ch/collections/strand-bademode	2026-10-02
https://luxestyle.ch/collections/strand-look	2026-10-02
https://luxestyle.ch/collections/sub-armbaender	2026-10-02
https://luxestyle.ch/collections/sub-aroma-diffuser	2026-10-02
https://luxestyle.ch/collections/sub-baby-kids	2026-10-02
https://luxestyle.ch/collections/sub-bademode	2026-10-02
https://luxestyle.ch/collections/sub-ballerinas	2026-10-02
https://luxestyle.ch/collections/sub-bart-rasur	2026-10-02
https://luxestyle.ch/collections/sub-beleuchtung	2026-10-02
https://luxestyle.ch/collections/sub-deko	2026-10-02
https://luxestyle.ch/collections/sub-halsketten	2026-10-02
https://luxestyle.ch/collections/sub-hausschuhe	2026-10-02
https://luxestyle.ch/collections/sub-haustier	2026-10-02
https://luxestyle.ch/collections/sub-kleider	2026-10-02
https://luxestyle.ch/collections/sub-kueche	2026-10-02
https://luxestyle.ch/collections/sub-laufschuhe	2026-10-02
https://luxestyle.ch/collections/sub-massage	2026-10-02
https://luxestyle.ch/collections/sub-ohrringe	2026-10-02
https://luxestyle.ch/collections/sub-pumps-heels	2026-10-02
https://luxestyle.ch/collections/sub-reise	2026-10-02
https://luxestyle.ch/collections/sub-ringe	2026-10-02
https://luxestyle.ch/collections/sub-roecke	2026-10-02
https://luxestyle.ch/collections/sub-sandalen	2026-10-02
https://luxestyle.ch/collections/sub-stiefel-boots	2026-10-02
https://luxestyle.ch/collections/sub-taschen	2026-10-02
https://luxestyle.ch/collections/sub-trinkflaschen	2026-10-02
https://luxestyle.ch/collections/sub-wander-arbeitsschuhe	2026-10-02
https://luxestyle.ch/collections/sub-yoga-fitness	2026-10-02
https://luxestyle.ch/collections/suesses-esswaren	2026-10-02
https://luxestyle.ch/collections/t-shirts-tops	2026-10-02
https://luxestyle.ch/collections/tastatur-maus	2026-10-02
https://luxestyle.ch/collections/tier-leinen-kleidung	2026-10-02
https://luxestyle.ch/collections/tier-naepfe-fuettern	2026-10-02
https://luxestyle.ch/collections/tier-pflege-unterwegs	2026-10-02
https://luxestyle.ch/collections/tierspielzeug	2026-10-02
https://luxestyle.ch/collections/top-5-start	2026-10-02
https://luxestyle.ch/collections/trends-gadgets	2026-10-02
https://luxestyle.ch/collections/trinken-barware	2026-10-02
https://luxestyle.ch/collections/tshirts-polos	2026-10-02
https://luxestyle.ch/collections/uhren	2026-10-02
https://luxestyle.ch/collections/uhren-damen	2026-10-02
https://luxestyle.ch/collections/unter-30	2026-10-02
https://luxestyle.ch/collections/unter-chf-25	2026-10-02
https://luxestyle.ch/collections/unterwaesche	2026-10-02
https://luxestyle.ch/collections/us-summer-2026	2026-10-02
https://luxestyle.ch/collections/vegan	2026-10-02
https://luxestyle.ch/collections/velo-radsport	2026-10-02
https://luxestyle.ch/collections/ventilatoren	2026-10-02
https://luxestyle.ch/collections/viral-hits	2026-10-02
https://luxestyle.ch/collections/vorhaenge	2026-10-02
https://luxestyle.ch/collections/vr-ai-neuheiten	2026-10-02
https://luxestyle.ch/collections/waerme-komfort	2026-10-02
https://luxestyle.ch/collections/wallets-sub	2026-10-02
https://luxestyle.ch/collections/wanddeko	2026-10-02
https://luxestyle.ch/collections/wandern-trekking	2026-10-02
https://luxestyle.ch/collections/wasserfester-schmuck	2026-10-02
https://luxestyle.ch/collections/weihnachten-2026	2026-10-02
https://luxestyle.ch/collections/wein-bar	2026-10-02
https://luxestyle.ch/collections/wellness-beauty-tools	2026-10-02
https://luxestyle.ch/collections/wellness-gesundheit	2026-10-02
https://luxestyle.ch/collections/wellness-komplettset	2026-10-02
https://luxestyle.ch/collections/wellness-massage	2026-10-02
https://luxestyle.ch/collections/wellness-selfcare	2026-10-02
https://luxestyle.ch/collections/werkzeug-maschinen	2026-10-02
https://luxestyle.ch/collections/westen-gilets	2026-10-02
https://luxestyle.ch/collections/wimpern-lashes	2026-10-02
https://luxestyle.ch/collections/winter-kaelte	2026-10-02
https://luxestyle.ch/collections/wohnen-aufbewahrung	2026-10-02
https://luxestyle.ch/collections/wohnen-bad	2026-10-02
https://luxestyle.ch/collections/wohnen-dekoration	2026-10-02
https://luxestyle.ch/collections/wohnen-kueche	2026-10-02
https://luxestyle.ch/collections/xbox	2026-10-02
https://luxestyle.ch/collections/yoga-pilates	2026-10-02
https://luxestyle.ch/collections/zahnpflege	2026-10-02
https://luxestyle.ch/collections/🎁-geschenke-bis-chf-30	2026-10-02
https://luxestyle.ch/collections/💎-premium-ab-chf-80	2026-10-02
https://luxestyle.ch/pages/a-propos-fr	2026-10-02
https://luxestyle.ch/pages/about-us-en	2026-10-02
https://luxestyle.ch/pages/alle-kategorien	2026-10-02
https://luxestyle.ch/pages/anime-figuren-funko-pop-schweiz	2026-10-02
https://luxestyle.ch/pages/aroma-diffuser-duefte-guide	2026-10-02
https://luxestyle.ch/pages/aromatherapie-duefte-wirkung	2026-10-02
https://luxestyle.ch/pages/beauty-routine-10-minuten	2026-10-02
https://luxestyle.ch/pages/beauty-self-care-schweiz	2026-10-02
https://luxestyle.ch/pages/black-friday-2026-guide	2026-10-02
https://luxestyle.ch/pages/chi-siamo-it	2026-10-02
https://luxestyle.ch/pages/cookie-richtlinie	2026-10-02
https://luxestyle.ch/pages/damenmode-online-schweiz	2026-10-02
https://luxestyle.ch/pages/damenringe-edelstahl-wasserfest	2026-10-02
https://luxestyle.ch/pages/data-sharing-opt-out	2026-10-02
https://luxestyle.ch/pages/designs-galerie	2026-10-02
https://luxestyle.ch/pages/echtleder-wallet-pflege	2026-10-02
https://luxestyle.ch/pages/edelstahl-vs-silber-schmuck	2026-10-02
https://luxestyle.ch/pages/entdecken	2026-10-02
https://luxestyle.ch/pages/erstes-date-guide	2026-10-02
https://luxestyle.ch/pages/fan-trikot-selbst-gestalten	2026-10-02
https://luxestyle.ch/pages/faq	2026-10-02
https://luxestyle.ch/pages/faq-rueckgabe-umtausch	2026-10-02
https://luxestyle.ch/pages/faq-schmuck-pflege-material	2026-10-02
https://luxestyle.ch/pages/faq-versand-lieferung	2026-10-02
https://luxestyle.ch/pages/faq-zahlung-sicherheit	2026-10-02
https://luxestyle.ch/pages/firmen-vereine	2026-10-02
https://luxestyle.ch/pages/gadgets-elektronik-kaufen-schweiz	2026-10-02
https://luxestyle.ch/pages/gaming-zubehoer-schweiz	2026-10-02
https://luxestyle.ch/pages/garantie	2026-10-02
https://luxestyle.ch/pages/geburtsstein-schmuck-bedeutung	2026-10-02
https://luxestyle.ch/pages/geschenke	2026-10-02
https://luxestyle.ch/pages/geschenke-fuer-maenner	2026-10-02
https://luxestyle.ch/pages/geschenkfinder	2026-10-02
https://luxestyle.ch/pages/geschenkideen-muttertag-2026	2026-10-02
https://luxestyle.ch/pages/groessen-material-guide	2026-10-02
https://luxestyle.ch/pages/groessenberatung	2026-10-02
https://luxestyle.ch/pages/groessentabelle	2026-10-02
https://luxestyle.ch/pages/herren-mode-fuer-ihn	2026-10-02
https://luxestyle.ch/pages/hochzeitsgeschenke-guide-2026	2026-10-02
https://luxestyle.ch/pages/hochzeitsgeschenke-premium	2026-10-02
https://luxestyle.ch/pages/hochzeitsgeschenke-unter-100	2026-10-02
https://luxestyle.ch/pages/home-office-essentials	2026-10-02
https://luxestyle.ch/pages/hyaluron-vitamin-c-skincare	2026-10-02
https://luxestyle.ch/pages/hypoallergener-schmuck-empfindliche-haut	2026-10-02
https://luxestyle.ch/pages/impressum	2026-10-02
https://luxestyle.ch/pages/influencer-partner	2026-10-02
https://luxestyle.ch/pages/jade-roller-vs-gua-sha	2026-10-02
https://luxestyle.ch/pages/kleidergroesse-online-richtig-waehlen	2026-10-02
https://luxestyle.ch/pages/kontakt-support	2026-10-02
https://luxestyle.ch/pages/last-minute-geschenkideen-2026	2026-10-02
https://luxestyle.ch/pages/leinenmode-sommer-schweiz	2026-10-02
https://luxestyle.ch/pages/links	2026-10-02
https://luxestyle.ch/pages/maenner-style-2026	2026-10-02
https://luxestyle.ch/pages/maenner-style-investitionen-2026	2026-10-02
https://luxestyle.ch/pages/maennerpflege-guide-2026	2026-10-02
https://luxestyle.ch/pages/make-up-dekorative-kosmetik	2026-10-02
https://luxestyle.ch/pages/marken-kategorien	2026-10-02
https://luxestyle.ch/pages/merkliste	2026-10-02
https://luxestyle.ch/pages/mini-tasche-crossbody-damen	2026-10-02
https://luxestyle.ch/pages/minimalismus-wallet	2026-10-02
https://luxestyle.ch/pages/newsletter-signup	2026-10-02
https://luxestyle.ch/pages/ohrringe-edelstahl-wasserfest	2026-10-02
https://luxestyle.ch/pages/personalisierte-geschenke-fuer-sie	2026-10-02
https://luxestyle.ch/pages/pflegehinweise	2026-10-02
https://luxestyle.ch/pages/polarisierte-sonnenbrillen-vorteile	2026-10-02
https://luxestyle.ch/pages/premium-wallet-vs-bargeld	2026-10-02
https://luxestyle.ch/pages/privacy-policy-en	2026-10-02
https://luxestyle.ch/pages/rabatt-newsletter	2026-10-02
https://luxestyle.ch/pages/refund-policy-en	2026-10-02
https://luxestyle.ch/pages/reise-essentials-sommerferien-2026	2026-10-02
https://luxestyle.ch/pages/reise-packliste-1-woche	2026-10-02
https://luxestyle.ch/pages/rfid-hacking-2026	2026-10-02
https://luxestyle.ch/pages/rfid-schutz-erklaert	2026-10-02
https://luxestyle.ch/pages/rueckgabe	2026-10-02
https://luxestyle.ch/pages/schmuck-outfit-kombinieren	2026-10-02
https://luxestyle.ch/pages/schmuck-personalisiert-schweiz	2026-10-02
https://luxestyle.ch/pages/schmuck-pflege-edelstahl	2026-10-02
https://luxestyle.ch/pages/schoenste-reiseziele-schweiz-2026	2026-10-02
https://luxestyle.ch/pages/schweizer-geschenke-herbst-winter-2026	2026-10-02
https://luxestyle.ch/pages/schweizer-geschenketrends-2026	2026-10-02
https://luxestyle.ch/pages/schweizer-lifestyle-sommer-2026	2026-10-02
https://luxestyle.ch/pages/schweizer-vs-deutsche-marken	2026-10-02
https://luxestyle.ch/pages/seide-vs-baumwolle-kissenbezug	2026-10-02
https://luxestyle.ch/pages/selbst-gestalten	2026-10-02
https://luxestyle.ch/pages/smartwatches-fitness-wearables-kaufen	2026-10-02
https://luxestyle.ch/pages/sommermode	2026-10-02
https://luxestyle.ch/pages/sonnenbrillen	2026-10-02
https://luxestyle.ch/pages/spa-hotels-schweiz-2026	2026-10-02
https://luxestyle.ch/pages/stapelringe-set-damen	2026-10-02
https://luxestyle.ch/pages/studentengeschenke-premium	2026-10-02
https://luxestyle.ch/pages/taschen-rucksaecke-schweiz	2026-10-02
https://luxestyle.ch/pages/tiktok-callback	2026-10-02
https://luxestyle.ch/pages/tracking	2026-10-02
https://luxestyle.ch/pages/ueber-uns	2026-10-02
https://luxestyle.ch/pages/uhren-kaufen-schweiz	2026-10-02
https://luxestyle.ch/pages/vatertag-geschenkideen-2026	2026-10-02
https://luxestyle.ch/pages/vegane-beauty-produkte	2026-10-02
https://luxestyle.ch/pages/versand-lieferung	2026-10-02
https://luxestyle.ch/pages/vollnarbenleder-material-guide	2026-10-02
https://luxestyle.ch/pages/wanderziele-schweiz-2026	2026-10-02
https://luxestyle.ch/pages/warum-luxestyle	2026-10-02
https://luxestyle.ch/pages/wasserfest-schmuck-see-test	2026-10-02
https://luxestyle.ch/pages/wasserfeste-goldkette-damen	2026-10-02
https://luxestyle.ch/pages/wasserfester-schmuck-edelstahl	2026-10-02
https://luxestyle.ch/pages/weihnachtsgeschenke-last-minute	2026-10-02
https://luxestyle.ch/pages/why-luxestyle-en	2026-10-02
https://luxestyle.ch/pages/wohnen-deko-home-accessoires-schweiz	2026-10-02
https://luxestyle.ch/pages/zahlungsmethoden	2026-10-02
https://luxestyle.ch/products/2-in-1-glatteisen-lockenstab-mit-display-590400	2026-10-02
https://luxestyle.ch/products/2-teiliges-leinen-set-provence-hemd-wide-leg-hose	2026-10-02
https://luxestyle.ch/products/abendkleid-aurora-satin-spaghettitrager-schlitz	2026-10-02
https://luxestyle.ch/products/abendkleid-sirene-high-slit-meerjungfrau-mit-schleppe	2026-10-02
https://luxestyle.ch/products/arm-knicklichter-fga87818	2026-10-02
https://luxestyle.ch/products/automatischer-futter-und-wassernapf-534976	2026-10-02
https://luxestyle.ch/products/beheizbare-hausschuhe-mit-temperaturregelung-615500	2026-10-02
https://luxestyle.ch/products/blumenkleid-mit-schnurung-613000	2026-10-02
https://luxestyle.ch/products/bodenstativ-mit-led-ringlicht-fur-livestreams-083200	2026-10-02
https://luxestyle.ch/products/breiter-haushalts-organizer-mit-35-fachern-613700	2026-10-02
https://luxestyle.ch/products/bruder-man-tgs-lkw-mit-abroll-fga03767	2026-10-02
https://luxestyle.ch/products/duales-stereo-karaoke-system-601000	2026-10-02
https://luxestyle.ch/products/e-scooter-lithium-akku-ladegerat-605700	2026-10-02
https://luxestyle.ch/products/elektrischer-shaker-fur-protein-shakes-342592	2026-10-02
https://luxestyle.ch/products/ems-mikrostrom-massagegerat-626800	2026-10-02
https://luxestyle.ch/products/figurformendes-armelloses-kleid-600300	2026-10-02
https://luxestyle.ch/products/futterautomat-mit-kamera-fur-hunde-und-katzen-294976	2026-10-02
https://luxestyle.ch/products/futterspender-fur-hunde-bc09f6	2026-10-02
https://luxestyle.ch/products/hd-smart-mini-projektor-fur-home-office-815424	2026-10-02
https://luxestyle.ch/products/high-compression-shapewear-mit-frontreissversc-360578	2026-10-02
https://luxestyle.ch/products/home-hd-portable-projector-239616	2026-10-02
https://luxestyle.ch/products/intelligenter-sensor-seifenspender-aus-edelsta-068032	2026-10-02
https://luxestyle.ch/products/interaktives-katzenspielzeug-mit-rotierender-s-627400	2026-10-02
https://luxestyle.ch/products/kabelloser-mini-staubsauger-mit-geblase-616100	2026-10-02
https://luxestyle.ch/products/kabelloses-ansteckmikrofon-mit-ladebox-016064	2026-10-02
https://luxestyle.ch/products/leinenhemd-langarm-lassig-bequem-621700	2026-10-02
https://luxestyle.ch/products/magnetische-3-in-1-wireless-powerbank-606500	2026-10-02
https://luxestyle.ch/products/maxi-kleid-aria-langarm-tailliert-mit-gurtel	2026-10-02
https://luxestyle.ch/products/midikleid-mit-zopfmuster-und-blumenprint-600200	2026-10-02
https://luxestyle.ch/products/mule-sandalette-nodo-drapiert-spitze-form	2026-10-02
https://luxestyle.ch/products/multifunktionaler-runder-gemuseschneider-be2e21	2026-10-02
https://luxestyle.ch/products/new-flame-aroma-diffuser-mit-flammeneffekt-620700	2026-10-02
https://luxestyle.ch/products/nibosi-quarzuhr-mit-edelstahlband-e89d0a	2026-10-02
https://luxestyle.ch/products/p330-mini-beamer-heimkino-fur-unterwegs-614600	2026-10-02
https://luxestyle.ch/products/plusch-patrick-star-classic-fga21006	2026-10-02
https://luxestyle.ch/products/pluschdinosaurier-t-rex-fga20427	2026-10-02
https://luxestyle.ch/products/reise-hangematte-aus-fallschirm-nylon-86eb20	2026-10-02
https://luxestyle.ch/products/schneeeule-aus-plusch-fga87248	2026-10-02
https://luxestyle.ch/products/schweizer-lampion-set-fga86780	2026-10-02
https://luxestyle.ch/products/shapewear-kleid-jumpsuit-mit-brustpolster-029440	2026-10-02
https://luxestyle.ch/products/silikon-gesichtsreinigungsburste-0787a2	2026-10-02
https://luxestyle.ch/products/skelett-handschuhe-mit-led-fga88280	2026-10-02
https://luxestyle.ch/products/smart-hundespielzeug-346624	2026-10-02
https://luxestyle.ch/products/spinnennetz-weiss-fga95405	2026-10-02
https://luxestyle.ch/products/spot-uv-sterilisator-tragbar-a47399	2026-10-02
https://luxestyle.ch/products/sternenprojektor-fur-kinderzimmer-054208	2026-10-02
https://luxestyle.ch/products/tragbarer-mixer-fur-frische-drinks-770432	2026-10-02
https://luxestyle.ch/products/usb-heizkissen-mit-graphen-technologie-acad9f	2026-10-02
https://luxestyle.ch/products/walnuss-holz-kerzenwarmer-fur-zuhause-halt-tee-609800	2026-10-02
https://luxestyle.ch/products/wasserdichter-rgb-led-streifen-12v-958464	2026-10-02
https://luxestyle.ch/products/webcam-mit-full-hd-led-ringlicht-108608	2026-10-02
https://luxestyle.ch/products/xxl-hoodie-decke-mit-taschen-fur-sie-ihn-059264	2026-10-02
https://luxestyle.ch/products/y2k-harajuku-hoodie-mit-nieten-629700	2026-10-02
https://luxestyle.ch/products/052d-raketenzerstorer-modellbausatz-610300	2026-10-02
https://luxestyle.ch/products/1-6-zoll-lcd-display-fur-cpu-informationen-134272	2026-10-02
https://luxestyle.ch/products/1-zoll-zapfpistole-fur-diesel-und-benzin-257024	2026-10-02
https://luxestyle.ch/products/10-farben-lidschatten-palette-matt-schimmer-gl-763392	2026-10-02
https://luxestyle.ch/products/10-farben-lippenstift-602600	2026-10-02
https://luxestyle.ch/products/10-in-1-macbook-multiadapter-712576	2026-10-02
https://luxestyle.ch/products/10-in-1-reinigungburste-mit-sprachassistenz-601400	2026-10-02
https://luxestyle.ch/products/10-make-up-pinsel-gold-lila-verlauf-72bb5c	2026-10-02
https://luxestyle.ch/products/10-make-up-pinsel-in-pastellfarben-1f3d7c	2026-10-02
https://luxestyle.ch/products/10-make-up-pinsel-mit-langem-stiel-a46b98	2026-10-02
https://luxestyle.ch/products/10-make-up-pinsel-set-flieder-lila-mit-diamant-304960	2026-10-02
https://luxestyle.ch/products/10-meerjungfrauen-make-up-pinsel-mit-fischschu-816320	2026-10-02
https://luxestyle.ch/products/10-ml-aroma-ol-fur-luftbefeuchter-604600	2026-10-02
https://luxestyle.ch/products/10-paar-damen-fusslinge-seidig-glatt-257473	2026-10-02
https://luxestyle.ch/products/10-paar-unsichtbare-socken-fur-damen-195841	2026-10-02
https://luxestyle.ch/products/10-port-multi-usb-ladegerat-60w-610600	2026-10-02
https://luxestyle.ch/products/10-teiliges-badset-aus-baumwolle-620600	2026-10-02
https://luxestyle.ch/products/10-teiliges-dampfgarer-set-aus-edelstahl-633800	2026-10-02
https://luxestyle.ch/products/10-teiliges-holz-kuchenhelfer-set-615800	2026-10-02
https://luxestyle.ch/products/10-teiliges-make-up-pinselset-34d296	2026-10-02
https://luxestyle.ch/products/10-teiliges-make-up-pinselset-aus-faserwolle-626200	2026-10-02
https://luxestyle.ch/products/10-teiliges-make-up-pinselset-blau-505344	2026-10-02
https://luxestyle.ch/products/10-teiliges-make-up-pinselset-mit-tasche-818688	2026-10-02
https://luxestyle.ch/products/10-teiliges-make-up-pinselset-mit-wellenborste-932864	2026-10-02
https://luxestyle.ch/products/10-teiliges-make-up-pinselset-moonlight-silber-ad5a7c	2026-10-02
https://luxestyle.ch/products/10-teiliges-make-up-pinselset-pretty-waist-861a76	2026-10-02
https://luxestyle.ch/products/10-teiliges-make-up-pinselset-rosegold-258624	2026-10-02
https://luxestyle.ch/products/10-teiliges-pinselset-fur-make-up-einsteiger-c4e021	2026-10-02
https://luxestyle.ch/products/10-teiliges-silikon-kuchenhelfer-set-10-stuck-3739d2	2026-10-02
https://luxestyle.ch/products/10-teiliges-silikon-kuchenhelfer-set-986048	2026-10-02
https://luxestyle.ch/products/10-zoll-fpv-traverse-maschine-626200	2026-10-02
https://luxestyle.ch/products/100er-pack-3d-tischtennisballe-040896	2026-10-02
https://luxestyle.ch/products/100w-gan-multibuchse-mit-retraktabel-632800	2026-10-02
https://luxestyle.ch/products/105w-multifunktionales-magnetisches-gan-wirele-624400	2026-10-02
https://luxestyle.ch/products/108-farben-schimmer-lidschatten-palette-412992	2026-10-02
https://luxestyle.ch/products/1080p-autorekorder-mit-4-linsen-und-nachtsicht-605505	2026-10-02
https://luxestyle.ch/products/1080p-cloud-ip-kamera-fe08dc	2026-10-02
https://luxestyle.ch/products/1080p-dashcam-mit-4-kameras-und-nachtsicht-212930	2026-10-02
https://luxestyle.ch/products/1080p-hd-fahrzeugrekorder-mit-4-kameras-hd-nac-523970	2026-10-02
https://luxestyle.ch/products/10er-luxus-make-up-pinselset-mit-kristallgriff-167489	2026-10-02
https://luxestyle.ch/products/10er-make-up-pinselset-mit-holzgriff-213760	2026-10-02
https://luxestyle.ch/products/10er-pack-lr1130-ag10-alkaline-knopfzellen-433537	2026-10-02
https://luxestyle.ch/products/10er-pack-verstellbare-pu-hundehalsbander-mit-001792	2026-10-02
https://luxestyle.ch/products/10er-set-elektroschraubendreher-aus-chrom-vana-535104	2026-10-02
https://luxestyle.ch/products/10er-set-make-up-pinsel-dc1d49	2026-10-02
https://luxestyle.ch/products/10er-set-make-up-pinsel-mit-kristallgriff-744cc5	2026-10-02
https://luxestyle.ch/products/10er-set-professionelle-neon-make-up-pinsel-949d84	2026-10-02
https://luxestyle.ch/products/10w-schnelles-kabelloses-auto-ladegerat-a7f042	2026-10-02
https://luxestyle.ch/products/11-cm-pvc-figur-rot-oder-schwarz-352960	2026-10-02
https://luxestyle.ch/products/11-in-1-docking-station-fur-macbook-647360	2026-10-02
https://luxestyle.ch/products/11-in-1-wireless-docking-station-4k-455296	2026-10-02
https://luxestyle.ch/products/11-make-up-pinsel-mit-bambusgriff-im-leinensac-604100	2026-10-02
https://luxestyle.ch/products/11-teiliges-feder-katzenspielzeug-set-618500	2026-10-02
https://luxestyle.ch/products/11-teiliges-fitnessband-set-11-stuck-130624	2026-10-02
https://luxestyle.ch/products/11-teiliges-kreuzstich-stickset-386816	2026-10-02
https://luxestyle.ch/products/11-teiliges-make-up-pinselset-61eacd	2026-10-02
https://luxestyle.ch/products/11-teiliges-make-up-pinselset-gelb-1bb9b4	2026-10-02
https://luxestyle.ch/products/11-teiliges-make-up-pinselset-mit-bambusgriff-503040	2026-10-02
https://luxestyle.ch/products/11-teiliges-pinselset-mit-holzgriff-600700	2026-10-02
https://luxestyle.ch/products/11-teiliges-silikon-kuchenhelfer-set-gold-612500	2026-10-02
https://luxestyle.ch/products/11-teiliges-silikon-kuchenhelfer-set-mit-holzg-355392	2026-10-02
https://luxestyle.ch/products/11100mah-auto-starthilfe-powerbank-ps01-0bead2	2026-10-02
https://luxestyle.ch/products/115plus-smart-armband-mit-farbdisplay-914304	2026-10-02
https://luxestyle.ch/products/116plus-smart-bracelet-mit-pulsmesser-367872	2026-10-02
https://luxestyle.ch/products/12-18-24-bursten-set-9eb504	2026-10-02
https://luxestyle.ch/products/12-farben-antihaft-lippenstift-set-133376	2026-10-02
https://luxestyle.ch/products/12-farben-blusher-palette-matt-schimmer-creme-629100	2026-10-02
https://luxestyle.ch/products/12-farben-eye-shadow-stift-set-12-stuck-659648	2026-10-02
https://luxestyle.ch/products/12-farben-eyeliner-wasser-und-olfest-607700	2026-10-02
https://luxestyle.ch/products/12-farben-make-up-reparaturplatte-940608	2026-10-02
https://luxestyle.ch/products/12-farben-nagel-kleber-phototherapie-stil-139328	2026-10-02
https://luxestyle.ch/products/12-farben-nagel-ziehgel-147264	2026-10-02
https://luxestyle.ch/products/12-farben-pailletten-nagelverlangerungs-set-606912	2026-10-02
https://luxestyle.ch/products/12-farben-rouge-naturliches-matt-blusher-602400	2026-10-02
https://luxestyle.ch/products/12-farbige-augen-schatten-palette-619200	2026-10-02
https://luxestyle.ch/products/12-hellblaue-make-up-pinsel-9d529e	2026-10-02
https://luxestyle.ch/products/12-in-1-fitness-tool-541824	2026-10-02
https://luxestyle.ch/products/12-make-up-pinsel-fur-gesicht-augen-9612df	2026-10-02
https://luxestyle.ch/products/12-make-up-pinsel-set-780032	2026-10-02
https://luxestyle.ch/products/12-matte-lippenstifte-liner-set-635100	2026-10-02
https://luxestyle.ch/products/12-neon-nagelpuder-set-623300	2026-10-02
https://luxestyle.ch/products/12-port-usb-smart-charger-671424	2026-10-02
https://luxestyle.ch/products/12-sternzeichen-nagel-deko-set-10-stk-631700	2026-10-02
https://luxestyle.ch/products/12-stuck-weihnachts-nagelaufkleber-cartoon-des-190336	2026-10-02
https://luxestyle.ch/products/12-teiliges-antihaft-silikon-kuchenhelfer-set-601000	2026-10-02
https://luxestyle.ch/products/12-teiliges-gesichtspflege-set-621000	2026-10-02
https://luxestyle.ch/products/12-teiliges-handtuch-set-anthrazit-100-baumwol-709761	2026-10-02
https://luxestyle.ch/products/12-teiliges-kuchenhelfer-set-mit-drehbarem-sta-613100	2026-10-02
https://luxestyle.ch/products/12-teiliges-lidschatten-eyeliner-pinselset-701184	2026-10-02
https://luxestyle.ch/products/12-teiliges-lipgloss-set-a67a9d	2026-10-02
https://luxestyle.ch/products/12-teiliges-make-up-pinselset-12-stuck-f89b87	2026-10-02
https://luxestyle.ch/products/12-teiliges-make-up-pinselset-46d77e	2026-10-02
https://luxestyle.ch/products/12-teiliges-make-up-pinselset-fur-augen-gesich-f17879	2026-10-02
https://luxestyle.ch/products/12-teiliges-make-up-pinselset-fur-einsteiger-d73cd5	2026-10-02
https://luxestyle.ch/products/12-teiliges-make-up-pinselset-mit-aufbewahrung-177843	2026-10-02
https://luxestyle.ch/products/12-teiliges-make-up-pinselset-mit-etui-614000	2026-10-02
https://luxestyle.ch/products/12-teiliges-make-up-pinselset-mit-tasche-631200	2026-10-02
https://luxestyle.ch/products/12-teiliges-make-up-pinselset-mit-weichen-haar-710976	2026-10-02
https://luxestyle.ch/products/12-teiliges-make-up-pinselset-rot-86b9cd	2026-10-02
https://luxestyle.ch/products/12-teiliges-pinselset-starry-sky-020480	2026-10-02
https://luxestyle.ch/products/12-teiliges-puder-rougepinsel-set-930240	2026-10-02
https://luxestyle.ch/products/12-teiliges-schnitzwerkzeug-set-677120	2026-10-02
https://luxestyle.ch/products/12-teiliges-silikon-kuchenhelfer-set-624500	2026-10-02
https://luxestyle.ch/products/12-teiliges-silikon-kuchenhelfer-set-mit-holzg-558208	2026-10-02
https://luxestyle.ch/products/12-teiliges-spatel-und-siebset-vergoldet-628800	2026-10-02
https://luxestyle.ch/products/12-zoll-13-ton-lotus-heart-steel-tongue-drum-964033	2026-10-02
https://luxestyle.ch/products/12-zoll-13-ton-stahlzungentrommel-shell-stil-169282	2026-10-02
https://luxestyle.ch/products/120-farben-palette-fur-augen-05d0be	2026-10-02
https://luxestyle.ch/products/120w-high-power-lichthartungsgerat-fur-nagel-147200	2026-10-02
https://luxestyle.ch/products/120w-usb-c-super-schnellladekabel-603200	2026-10-02
https://luxestyle.ch/products/12864-lcd-display-controller-v1-1-540864	2026-10-02
https://luxestyle.ch/products/12er-badeball-spielzeugset-616100	2026-10-02
https://luxestyle.ch/products/12er-lidschatten-eyeliner-stift-set-637900	2026-10-02
https://luxestyle.ch/products/12er-make-up-pinsel-set-9d2dbc	2026-10-02
https://luxestyle.ch/products/12er-set-frischhaltedosen-fur-kuche-kuhlschran-242176	2026-10-02
https://luxestyle.ch/products/12er-set-insekten-angelhaken-42867e	2026-10-02
https://luxestyle.ch/products/12er-set-lipgloss-lippenstift-2db575	2026-10-02
https://luxestyle.ch/products/12er-set-make-up-pinsel-239424	2026-10-02
https://luxestyle.ch/products/12er-set-make-up-pinsel-small-grape-29293e	2026-10-02
https://luxestyle.ch/products/12er-set-matter-flussig-eyeliner-schnelltrockn-472896	2026-10-02
https://luxestyle.ch/products/12er-set-poolabdeckungs-gewichtssacke-804033	2026-10-02
https://luxestyle.ch/products/12er-set-wasserlosliche-aromaole-fur-diffusor-4601eb	2026-10-02
https://luxestyle.ch/products/12v-6a-smart-batterieladegerat-472000	2026-10-02
https://luxestyle.ch/products/12v-antriebsmotor-fur-kinder-elektrofahrzeuge-965952	2026-10-02
https://luxestyle.ch/products/12v-auto-poliermaschine-fur-glanz-und-kratzer-ec3991	2026-10-02
https://luxestyle.ch/products/12v-lithium-akku-fur-elektrowerkzeuge-420544	2026-10-02
https://luxestyle.ch/products/12v-solarpanel-aus-polycrystalline-silizium-610400	2026-10-02
https://luxestyle.ch/products/12v100ah-lithium-eisenphosphat-akku-749248	2026-10-02
https://luxestyle.ch/products/12v20a-schaltnetzteil-fur-3d-drucker-7b5f80	2026-10-02
https://luxestyle.ch/products/13-teiliges-antihaft-kochgeschirr-set-im-korea-623300	2026-10-02
https://luxestyle.ch/products/13-teiliges-make-up-pinselset-b8d3e6	2026-10-02
https://luxestyle.ch/products/13-teiliges-make-up-pinselset-grun-0c2b1e	2026-10-02
https://luxestyle.ch/products/13-teiliges-make-up-pinselset-mit-langem-griff-623200	2026-10-02
https://luxestyle.ch/products/130l-outdoor-rucksack-844800	2026-10-02
https://luxestyle.ch/products/130w-laptop-ladegerat-usb-c-20v-6-5a-626200	2026-10-02
https://luxestyle.ch/products/14-banana-make-up-pinsel-set-431552	2026-10-02
https://luxestyle.ch/products/14-farben-palette-erde-olive-augenstift-606700	2026-10-02
https://luxestyle.ch/products/14-farbige-liquid-eyeliner-set-613900	2026-10-02
https://luxestyle.ch/products/14-in-1-multi-winkel-ratschenschraubenzieher-s-624800	2026-10-02
https://luxestyle.ch/products/14-in-1-solar-roboter-bausatz-390016	2026-10-02
https://luxestyle.ch/products/14-make-up-pinsel-set-971712	2026-10-02
https://luxestyle.ch/products/14-teiliges-make-up-pinselset-mit-holzgriff-302bc1	2026-10-02
https://luxestyle.ch/products/14-teiliges-pilates-ring-essentials-kit-026306	2026-10-02
https://luxestyle.ch/products/14-teiliges-pinselset-fur-gesicht-augen-305920	2026-10-02
https://luxestyle.ch/products/14-teiliges-pinselset-mit-holzgriff-693312	2026-10-02
https://luxestyle.ch/products/14-teiliges-silikon-kuchenhelfer-set-076352	2026-10-02
https://luxestyle.ch/products/14-zoll-mini-reisekoffer-kompakt-leichtgewicht-606800	2026-10-02
https://luxestyle.ch/products/140w-usb-c-laptop-netzteil-623200	2026-10-02
https://luxestyle.ch/products/145-teiliges-prazisions-schraubenzieher-set-614500	2026-10-02
https://luxestyle.ch/products/15-in-1-gemuseschneider-763201	2026-10-02
https://luxestyle.ch/products/15-paar-3d-cat-eye-kunstwimpern-094465	2026-10-02
https://luxestyle.ch/products/15-teiliges-make-up-pinselset-7cde15	2026-10-02
https://luxestyle.ch/products/15-teiliges-make-up-pinselset-marmor-optik-a185c5	2026-10-02
https://luxestyle.ch/products/15-teiliges-make-up-pinselset-mit-tasche-542336	2026-10-02
https://luxestyle.ch/products/15-teiliges-make-up-pinselset-mit-violett-grun-af3c11	2026-10-02
https://luxestyle.ch/products/15-teiliges-make-up-pinselset-schwarz-538077	2026-10-02
https://luxestyle.ch/products/15-teiliges-premium-make-up-pinselset-schwarz-078656	2026-10-02
https://luxestyle.ch/products/15-zoll-lcd-schreibbrett-fur-kinder-549440	2026-10-02
https://luxestyle.ch/products/150db-hochleistungs-sirenenalarmhorn-075008	2026-10-02
https://luxestyle.ch/products/15er-set-reise-schmuckkastchen-aus-pu-leder-461889	2026-10-02
https://luxestyle.ch/products/16-farben-lidschatten-palette-matt-schimmer-607400	2026-10-02
https://luxestyle.ch/products/16-farben-nagelgel-set-fur-ombre-nail-art-629600	2026-10-02
https://luxestyle.ch/products/16-in-1-gemuseschneider-mit-behalter-849537	2026-10-02
https://luxestyle.ch/products/16-in-1-gemuseschneider-multi-hobel-wurfler-slicer-mit-auffangbox	2026-10-02
https://luxestyle.ch/products/16-in-1-gemuseschneider-und-salatschneider-532482	2026-10-02
https://luxestyle.ch/products/16-in-1-schraubenzieher-set-010048	2026-10-02
https://luxestyle.ch/products/16-in-1-universal-garagentor-fernbedienung-652736	2026-10-02
https://luxestyle.ch/products/16-reihen-fake-mink-wimpernverlangerung-133cf8	2026-10-02
https://luxestyle.ch/products/16-teiliges-make-up-pinselset-fur-einsteiger-121728	2026-10-02
https://luxestyle.ch/products/16er-silikon-organizer-fur-lippenstifte-f78848	2026-10-02
https://luxestyle.ch/products/177-farben-make-up-set-628800	2026-10-02
https://luxestyle.ch/products/18-farben-glitzer-lidschatten-palette-263296	2026-10-02
https://luxestyle.ch/products/18-farben-lidschatten-palette-b8bcbd	2026-10-02
https://luxestyle.ch/products/18-farben-lidschatten-palette-matt-schimmernd-8394dc	2026-10-02
https://luxestyle.ch/products/18-farben-lidschatten-palette-rose-gold-184960	2026-10-02
https://luxestyle.ch/products/18-farben-lidschattenpalette-desert-rose-665fa8	2026-10-02
https://luxestyle.ch/products/18-make-up-pinsel-set-im-drehbaren-kocher-243392	2026-10-02
https://luxestyle.ch/products/18-make-up-pinsel-set-im-rotierenden-kocher-615500	2026-10-02
https://luxestyle.ch/products/18-teiliges-champagner-pinselset-618800	2026-10-02
https://luxestyle.ch/products/18-teiliges-leder-bastelset-18-stuck-8ae0f5	2026-10-02
https://luxestyle.ch/products/18650-hg2-lithium-akku-3000mah-792000	2026-10-02
https://luxestyle.ch/products/18650-li-ion-akku-3-7v-3000mah-10er-pack-558786	2026-10-02
https://luxestyle.ch/products/18650-li-ion-akku-3000mah-3-7v-wiederaufladbar-600065	2026-10-02
https://luxestyle.ch/products/18k-gold-akoya-perlen-armband-fcb661	2026-10-02
https://luxestyle.ch/products/18k-gold-bicolor-pigstone-ring-616300	2026-10-02
https://luxestyle.ch/products/18k-gold-damenring-edelstahl-639500	2026-10-02
https://luxestyle.ch/products/18k-gold-fullung-ovaler-zirkon-clip-armband-843778	2026-10-02
https://luxestyle.ch/products/18k-gold-perlenkette-mit-buchstaben-anhanger-639300	2026-10-02
https://luxestyle.ch/products/18k-gold-plated-anpassbarer-weizenahren-indexr-147201	2026-10-02
https://luxestyle.ch/products/18k-goldgefullte-farbige-ovale-cz-anpassbare-a-334209	2026-10-02
https://luxestyle.ch/products/18k-goldplattiertes-oval-zirkonia-armband-mit-129666	2026-10-02
https://luxestyle.ch/products/18k-goldplattiertes-ovaler-kz-slider-armband-088066	2026-10-02
https://luxestyle.ch/products/18k-goldplattiertes-ovaler-zirkonia-band-retro-470082	2026-10-02
https://luxestyle.ch/products/18k-goldplattiertes-zirkonia-armband-307202	2026-10-02
https://luxestyle.ch/products/18k-goldstahl-armband-hohl-und-poliert-613200	2026-10-02
https://luxestyle.ch/products/18k-goldverplattetes-cubic-zirconia-geometrisc-626689	2026-10-02
https://luxestyle.ch/products/18k-vergoldete-halskette-mit-zirkonia-604900	2026-10-02
https://luxestyle.ch/products/18k-vergoldetes-armband-mit-ballon-buchstaben-633700	2026-10-02
https://luxestyle.ch/products/18k-vergoldetes-zirkon-perlenarmband-598018	2026-10-02
https://luxestyle.ch/products/19-teiliges-silikon-kuchenhelfer-set-605300	2026-10-02
https://luxestyle.ch/products/1ml-spritzen-mit-kappen-25er-pack-220353	2026-10-02
https://luxestyle.ch/products/2-4a-usb-schnellladeadapter-98e30c	2026-10-02
https://luxestyle.ch/products/2-4g-rc-offroad-drift-rennauto-allrad-611700	2026-10-02
https://luxestyle.ch/products/2-4g-spiel-set-541953	2026-10-02
https://luxestyle.ch/products/2-5-zoll-sata-usb-3-0-ssd-hdd-gehause-eb8500	2026-10-02
https://luxestyle.ch/products/2-ct-prinzessschliff-moissanit-ring-pave-band-778177	2026-10-02
https://luxestyle.ch/products/2-ebenen-badezimmer-aufbewahrungsstander-aus-a-628400	2026-10-02
https://luxestyle.ch/products/2-farbige-automatische-roll-hundeleine-c3f1a8	2026-10-02
https://luxestyle.ch/products/2-in-1-akku-glatt-und-lockenburste-47c799	2026-10-02
https://luxestyle.ch/products/2-in-1-aluminium-ladestation-fur-handy-uhr-caa35b	2026-10-02
https://luxestyle.ch/products/2-in-1-augenbrauen-creme-brauenseife-623000	2026-10-02
https://luxestyle.ch/products/2-in-1-augenbrauen-gel-creme-eyeliner-stift-054400	2026-10-02
https://luxestyle.ch/products/2-in-1-auto-becherwarmer-kuhler-276928	2026-10-02
https://luxestyle.ch/products/2-in-1-auto-ladegerat-mit-luftreiniger-0f35ff	2026-10-02
https://luxestyle.ch/products/2-in-1-badeburste-fur-haustier-609728	2026-10-02
https://luxestyle.ch/products/2-in-1-badeburste-mit-massage-fur-hunde-katzen-354a51	2026-10-02
https://luxestyle.ch/products/2-in-1-bauchrad-mit-automatik-funktion-622200	2026-10-02
https://luxestyle.ch/products/2-in-1-bluetooth-5-0-audio-adapter-958784	2026-10-02
https://luxestyle.ch/products/2-in-1-bluetooth-empfanger-610800	2026-10-02
https://luxestyle.ch/products/2-in-1-bluetooth-smartwatch-mit-herzfrequenz-882048	2026-10-02
https://luxestyle.ch/products/2-in-1-bohrfutter-schlussel-602400	2026-10-02
https://luxestyle.ch/products/2-in-1-damenrasierer-fur-korper-bikinizone-623600	2026-10-02
https://luxestyle.ch/products/2-in-1-dampf-haarglatter-lockenstab-987072	2026-10-02
https://luxestyle.ch/products/2-in-1-dampf-haarglatter-mit-turmalin-keramik-60bf87	2026-10-02
https://luxestyle.ch/products/2-in-1-diamant-mikrodermabrasionsgerat-623900	2026-10-02
https://luxestyle.ch/products/2-in-1-doppelleine-fur-kleine-hunde-bc0406	2026-10-02
https://luxestyle.ch/products/2-in-1-eyeliner-fur-seidig-glatte-linien-629200	2026-10-02
https://luxestyle.ch/products/2-in-1-eyeliner-golden-tiger-s-eye-195394	2026-10-02
https://luxestyle.ch/products/2-in-1-eyelinerstift-bronze-228225	2026-10-02
https://luxestyle.ch/products/2-in-1-eyelinerstift-champagner-069505	2026-10-02
https://luxestyle.ch/products/2-in-1-farbwechsel-foundation-stick-971650	2026-10-02
https://luxestyle.ch/products/2-in-1-farbwechsel-foundation-stick-dunkel-533186	2026-10-02
https://luxestyle.ch/products/2-in-1-farbwechsel-foundation-stick-pinsel-615200	2026-10-02
https://luxestyle.ch/products/2-in-1-farbwechselnde-foundation-stick-fur-dun-774210	2026-10-02
https://luxestyle.ch/products/2-in-1-feuchtigkeitsbestandige-trinkschale-966656	2026-10-02
https://luxestyle.ch/products/2-in-1-futter-und-wasserspender-fur-haustiere-b45d74	2026-10-02
https://luxestyle.ch/products/2-in-1-gehrmass-und-schneider-610700	2026-10-02
https://luxestyle.ch/products/2-in-1-gesichtsreiniger-zahnschutz-103232	2026-10-02
https://luxestyle.ch/products/2-in-1-glatteisen-lockenstab-729573	2026-10-02
https://luxestyle.ch/products/2-in-1-glatteisen-lockenstab-88052d	2026-10-02
https://luxestyle.ch/products/2-in-1-glatteisen-lockenstab-mit-3d-muster-276160	2026-10-02
https://luxestyle.ch/products/2-in-1-glatteisen-lockenstab-mit-anionen-834752	2026-10-02
https://luxestyle.ch/products/2-in-1-glatteisen-lockenstab-mit-lcd-anzeige-0525d6	2026-10-02
https://luxestyle.ch/products/2-in-1-glatteisen-lockenstab-titan-keramik-729408	2026-10-02
https://luxestyle.ch/products/2-in-1-glatteisen-mit-farb-schutz-4cc6cf	2026-10-02
https://luxestyle.ch/products/2-in-1-haarepilator-fur-den-ganzen-korper-885184	2026-10-02
https://luxestyle.ch/products/2-in-1-haarglatter-lockenstab-mit-ionen-397504	2026-10-02
https://luxestyle.ch/products/2-in-1-haarglatter-lockenstab-mit-ionen-techno-883200	2026-10-02
https://luxestyle.ch/products/2-in-1-haarglatter-mit-ionen-technologie-626800	2026-10-02
https://luxestyle.ch/products/2-in-1-haarstyling-gerat-621248	2026-10-02
https://luxestyle.ch/products/2-in-1-haartrockner-glatteisen-615500	2026-10-02
https://luxestyle.ch/products/2-in-1-haartrockner-kamm-136512	2026-10-02
https://luxestyle.ch/products/2-in-1-huhnermist-schaufel-und-rechen-616700	2026-10-02
https://luxestyle.ch/products/2-in-1-kabelloses-auto-lade-dock-237888	2026-10-02
https://luxestyle.ch/products/2-in-1-lcd-lockenstab-mit-negativen-ionen-731969	2026-10-02
https://luxestyle.ch/products/2-in-1-lipgloss-lippenol-610300	2026-10-02
https://luxestyle.ch/products/2-in-1-lippenstift-rasierer-350848	2026-10-02
https://luxestyle.ch/products/2-in-1-lockenstab-glatteisen-679680	2026-10-02
https://luxestyle.ch/products/2-in-1-lockenstab-glatteisen-aus-turmalin-kera-d57f45	2026-10-02
https://luxestyle.ch/products/2-in-1-lockenstab-haarglatter-952896	2026-10-02
https://luxestyle.ch/products/2-in-1-lockenstab-und-glatteisen-231616	2026-10-02
https://luxestyle.ch/products/2-in-1-magnetisches-uhren-ladegerat-400064	2026-10-02
https://luxestyle.ch/products/2-in-1-magnetisches-wireless-ladegerat-fur-app-075008	2026-10-02
https://luxestyle.ch/products/2-in-1-magsafe-magnet-ladestander-230336	2026-10-02
https://luxestyle.ch/products/2-in-1-mini-glatteisen-fur-pony-kurze-haare-606700	2026-10-02
https://luxestyle.ch/products/2-in-1-mini-glatteisen-lockenstab-751360	2026-10-02
https://luxestyle.ch/products/2-in-1-ol-spruhflasche-fur-kuche-bbq-376320	2026-10-02
https://luxestyle.ch/products/2-in-1-ol-und-essigspender-aus-glas-c476ac	2026-10-02
https://luxestyle.ch/products/2-in-1-pfeffermuhle-aus-edelstahl-241536	2026-10-02
https://luxestyle.ch/products/2-in-1-pflegehandschuh-fur-haustiere-477121	2026-10-02
https://luxestyle.ch/products/2-in-1-polier-und-lichthartungsgerat-mit-displ-639200	2026-10-02
https://luxestyle.ch/products/2-in-1-rollschuhe-fur-sport-und-freizeit-519936	2026-10-02
https://luxestyle.ch/products/2-in-1-schneidebrett-mit-hobel-set-569472	2026-10-02
https://luxestyle.ch/products/2-in-1-stichheiler-anti-juckreiz-instrument-615100	2026-10-02
https://luxestyle.ch/products/2-in-1-tierpflegeshampoo-603900	2026-10-02
https://luxestyle.ch/products/2-in-1-trink-und-futterflasche-fur-haustiere-204160	2026-10-02
https://luxestyle.ch/products/2-in-1-umlege-handtuch-rucksack-610800	2026-10-02
https://luxestyle.ch/products/2-in-1-warmluft-haarglatter-fur-nasses-trocken-607500	2026-10-02
https://luxestyle.ch/products/2-in-1-warmluftburste-lockenstab-544833	2026-10-02
https://luxestyle.ch/products/2-in-1-wimpern-augenbrauen-set-627300	2026-10-02
https://luxestyle.ch/products/2-in-1-wireless-auto-adapter-559232	2026-10-02
https://luxestyle.ch/products/2-in-1-wireless-charger-fur-handy-uhr-kopfhore-7fa8f8	2026-10-02
https://luxestyle.ch/products/2-kanal-rc-helikopter-spielzeug-261952	2026-10-02
https://luxestyle.ch/products/2-karat-moissanit-ring-smaragd-schliff-619500	2026-10-02
https://luxestyle.ch/products/2-kissenbezuge-mit-leinenborte-grau-50x50-cm-166210	2026-10-02
https://luxestyle.ch/products/2-paar-20d-ultra-toeless-sheer-tights-539906	2026-10-02
https://luxestyle.ch/products/2-stockiger-organizer-fur-die-kaffeestation-561793	2026-10-02
https://luxestyle.ch/products/2-stockiges-ausziehregal-mit-haken-bechern-298370	2026-10-02
https://luxestyle.ch/products/2-stufiger-blumenstander-636900	2026-10-02
https://luxestyle.ch/products/2-tasten-auto-schlussel-1ef019	2026-10-02
https://luxestyle.ch/products/2-teilige-mesh-bluse-resille-langarm-mit-hollow-out	2026-10-02
https://luxestyle.ch/products/2-teiliges-badematten-set-157698	2026-10-02
https://luxestyle.ch/products/2-teiliges-set-635000	2026-10-02
https://luxestyle.ch/products/2-teiliges-sommer-set-zip-top-ruschen-shorts-damen	2026-10-02
https://luxestyle.ch/products/2-wege-hundeleine-aus-leder-85d098	2026-10-02
https://luxestyle.ch/products/20-000mah-solar-powerbank-mit-wireless-chargin-638600	2026-10-02
https://luxestyle.ch/products/20-cm-fusseliger-laufsteg-slipper-633200	2026-10-02
https://luxestyle.ch/products/20-pp-trolleykoffer-623700	2026-10-02
https://luxestyle.ch/products/20-streifen-langarmkleid-mit-v-ausschnitt-634600	2026-10-02
https://luxestyle.ch/products/20-teiliges-kuchenhelfer-set-aus-silikon-630272	2026-10-02
https://luxestyle.ch/products/20-teiliges-make-up-pinselset-628200	2026-10-02
https://luxestyle.ch/products/20-teiliges-make-up-pinselset-champagner-614000	2026-10-02
https://luxestyle.ch/products/20-teiliges-make-up-pinselset-mit-tasche-03a586	2026-10-02
https://luxestyle.ch/products/20-zoll-rollkoffer-mit-streifen-design-617000	2026-10-02
https://luxestyle.ch/products/200-komprimierte-einwegtucher-fur-reisen-haush-445378	2026-10-02
https://luxestyle.ch/products/20000-mah-powerbank-mit-digitalanzeige-626400	2026-10-02
https://luxestyle.ch/products/20000mah-powerbank-mit-22-5w-super-rapid-charg-016704	2026-10-02
https://luxestyle.ch/products/200w-gan-ladegerat-fur-mobilgerate-laptops-616000	2026-10-02
https://luxestyle.ch/products/2026-elegant-soft-sole-ballerinas-mit-polka-do-675137	2026-10-02
https://luxestyle.ch/products/205l-herzfrequenz-armband-f86936	2026-10-02
https://luxestyle.ch/products/20cm-anti-haft-pfanne-620900	2026-10-02
https://luxestyle.ch/products/20er-set-kochmutzen-aus-papier-verstellbar-539905	2026-10-02
https://luxestyle.ch/products/20mp-1080p-wildtier-fotofalle-b2803a	2026-10-02
https://luxestyle.ch/products/20w-reise-ladegerat-mit-usb-a-usb-c-613300	2026-10-02
https://luxestyle.ch/products/21-box-set-mit-roten-glasern-und-kristallperle-220480	2026-10-02
https://luxestyle.ch/products/21-gitter-box-mit-nageldiamanten-360448	2026-10-02
https://luxestyle.ch/products/21-gitter-nagelschmuck-box-mit-glassteinen-018880	2026-10-02
https://luxestyle.ch/products/21-in-1-faltbares-crimpzange-635800	2026-10-02
https://luxestyle.ch/products/21700-lithium-akku-ladegerat-621800	2026-10-02
https://luxestyle.ch/products/22-teiliges-leder-nahset-fur-lederarbeiten-105857	2026-10-02
https://luxestyle.ch/products/22-teiliges-lidschattenpinsel-set-410944	2026-10-02
https://luxestyle.ch/products/220v-auf-12v-15a-stromwandler-fur-auto-zubehor-688129	2026-10-02
https://luxestyle.ch/products/22mm-silikonarmband-mit-wellenmuster-862272	2026-10-02
https://luxestyle.ch/products/24-farben-acrylfarbe-12ml-mit-palette-bursten-303104	2026-10-02
https://luxestyle.ch/products/24-farben-hautfarbene-aquarell-pigmente-218560	2026-10-02
https://luxestyle.ch/products/24-karat-gold-gesichts-peeling-glattend-repari-628100	2026-10-02
https://luxestyle.ch/products/24-make-up-pinsel-im-etui-8e296b	2026-10-02
https://luxestyle.ch/products/24-stk-blumen-schmetterling-press-on-nagel-167426	2026-10-02
https://luxestyle.ch/products/24-stk-bowknot-press-on-nagel-562113	2026-10-02
https://luxestyle.ch/products/24-stk-lange-blumen-press-on-nagel-301889	2026-10-02
https://luxestyle.ch/products/24-stk-lange-fake-nails-mit-wasserrohr-design-007554	2026-10-02
https://luxestyle.ch/products/24-stk-press-on-nagel-mit-franzosischem-blumen-794882	2026-10-02
https://luxestyle.ch/products/24-stk-schwarz-silber-stern-design-lange-fake-661185	2026-10-02
https://luxestyle.ch/products/24-stuck-tierhaar-makeup-pinsel-set-24-stuck-638800	2026-10-02
https://luxestyle.ch/products/24-stunden-kalender-quarz-herrenuhr-473856	2026-10-02
https://luxestyle.ch/products/24-tage-blindbox-mit-weihnachts-toys-600900	2026-10-02
https://luxestyle.ch/products/24-teilige-feuchtigkeitspflege-blind-box-616700	2026-10-02
https://luxestyle.ch/products/24-teiliges-edelstahl-besteckset-617700	2026-10-02
https://luxestyle.ch/products/24-teiliges-make-up-pinselset-24-stuck-700b57	2026-10-02
https://luxestyle.ch/products/24-teiliges-make-up-pinselset-600200	2026-10-02
https://luxestyle.ch/products/24-teiliges-make-up-pinselset-mit-holzgriff-305408	2026-10-02
https://luxestyle.ch/products/24-teiliges-profi-bursten-set-fur-grundierung-3c0b7d	2026-10-02
https://luxestyle.ch/products/24-teiliges-silikon-kuchenhelfer-set-0728d4	2026-10-02
https://luxestyle.ch/products/24-uberraschungen-bausteine-geschenkset-614100	2026-10-02
https://luxestyle.ch/products/240w-datenkabel-mit-aromatherapie-licht-627600	2026-10-02
https://luxestyle.ch/products/24er-make-up-bursten-set-beige-champagne-602500	2026-10-02
https://luxestyle.ch/products/24er-make-up-pinsel-set-6e9449	2026-10-02
https://luxestyle.ch/products/24er-make-up-pinselset-mit-pu-aufbewahrungstas-729408	2026-10-02
https://luxestyle.ch/products/24er-set-diamant-schmetterling-kunstnagel-052994	2026-10-02
https://luxestyle.ch/products/24er-set-diamond-deer-snowflake-press-on-nagel-553346	2026-10-02
https://luxestyle.ch/products/24er-set-diamond-snake-press-on-nagel-430594	2026-10-02
https://luxestyle.ch/products/24er-set-kirschbogen-press-on-nagel-350721	2026-10-02
https://luxestyle.ch/products/24er-set-kunstliche-nagel-hirsch-schneeflocke-937602	2026-10-02
https://luxestyle.ch/products/24er-set-kurze-eckige-press-on-nagel-071938	2026-10-02
https://luxestyle.ch/products/24er-set-nylonhaarpinsel-fur-diverse-maltechni-334784	2026-10-02
https://luxestyle.ch/products/24er-set-planet-diamond-star-press-on-nagel-821633	2026-10-02
https://luxestyle.ch/products/24er-set-planet-perlen-blumen-press-on-nagel-126978	2026-10-02
https://luxestyle.ch/products/24er-set-rote-herz-press-on-nagel-223938	2026-10-02
https://luxestyle.ch/products/24er-set-rote-und-weisse-herz-press-on-nagel-124098	2026-10-02
https://luxestyle.ch/products/24er-set-schwarze-schmetterling-press-on-nagel-424962	2026-10-02
https://luxestyle.ch/products/24k-anti-aging-augenserum-fur-straffe-augen-440386	2026-10-02
https://luxestyle.ch/products/24k-anti-aging-serum-710722	2026-10-02
https://luxestyle.ch/products/24k-anti-aging-tonikum-231106	2026-10-02
https://luxestyle.ch/products/24k-rosegold-elixir-make-up-ol-56a538	2026-10-02
https://luxestyle.ch/products/25-farben-lidschatten-palette-red-girl-699008	2026-10-02
https://luxestyle.ch/products/25-teiliges-make-up-pinselset-720194	2026-10-02
https://luxestyle.ch/products/256w-high-power-quick-drying-nagellampe-625000	2026-10-02
https://luxestyle.ch/products/25er-set-hunde-schuh-charms-764481	2026-10-02
https://luxestyle.ch/products/25er-set-zufallige-pvc-schuh-charms-464001	2026-10-02
https://luxestyle.ch/products/25w-all-in-one-faltbares-magnetisches-ladegera-615300	2026-10-02
https://luxestyle.ch/products/25w-dual-wireless-charger-fur-iphone-227520	2026-10-02
https://luxestyle.ch/products/26-buchstaben-armband-mit-geburtsstein-632300	2026-10-02
https://luxestyle.ch/products/26-stuck-cake-box-set-farbige-dekoration-26-st-638700	2026-10-02
https://luxestyle.ch/products/26-teiliges-make-up-pinselset-613600	2026-10-02
https://luxestyle.ch/products/26-teiliges-spritztullen-set-aus-edelstahl-5877ae	2026-10-02
https://luxestyle.ch/products/264-teiliges-angelzubehor-set-fur-salzwasser-1ae50e	2026-10-02
https://luxestyle.ch/products/268w-gan-multiport-ladegerat-652600	2026-10-02
https://luxestyle.ch/products/276-teiliges-schleif-und-polierset-606400	2026-10-02
https://luxestyle.ch/products/28-teiliges-set-dotting-pens-topferwerkzeuge-632700	2026-10-02
https://luxestyle.ch/products/28-zoll-lotto-maschine-600100	2026-10-02
https://luxestyle.ch/products/280w-uv-led-nagellampe-fur-gel-und-acrylnagel-578754	2026-10-02
https://luxestyle.ch/products/28er-all-in-one-lidschatten-palette-579072	2026-10-02
https://luxestyle.ch/products/2d-anime-elf-ohrhaken-bluetooth-kopfhorer-600500	2026-10-02
https://luxestyle.ch/products/2er-pack-18650-li-ion-akkus-3000mah-143681	2026-10-02
https://luxestyle.ch/products/2er-pack-unzerstorbares-zeitungs-hundespielzeu-295298	2026-10-02
https://luxestyle.ch/products/2er-set-badematten-aus-akazienholz-617858	2026-10-02
https://luxestyle.ch/products/2er-set-cord-kissenbezuge-gestreift-cremeweiss-110145	2026-10-02
https://luxestyle.ch/products/2er-set-geschlitzte-wender-aus-edelstahl-2-stu-293696	2026-10-02
https://luxestyle.ch/products/2er-set-goldene-dekokissenbezuge-d4317c	2026-10-02
https://luxestyle.ch/products/2er-set-kuchenregale-aus-massivholz-030465	2026-10-02
https://luxestyle.ch/products/2er-set-kuhlende-mikrofasertucher-sky-blue-mag-613122	2026-10-02
https://luxestyle.ch/products/2er-set-kuhlhandtucher-blau-grun-834433	2026-10-02
https://luxestyle.ch/products/2er-set-leckknochen-fur-hunde-623600	2026-10-02
https://luxestyle.ch/products/2er-set-mais-schaler-aus-edelstahl-755650	2026-10-02
https://luxestyle.ch/products/2er-set-mini-fussballtore-fur-kinder-795778	2026-10-02
https://luxestyle.ch/products/2er-set-multifunktions-schaumreiniger-100ml-zi-004226	2026-10-02
https://luxestyle.ch/products/2er-set-schrank-organizer-fur-kleider-accessoi-502337	2026-10-02
https://luxestyle.ch/products/2er-set-sortierboxen-mit-je-28-fachern-982210	2026-10-02
https://luxestyle.ch/products/2er-set-stretch-tischhussen-anthrazit-540418	2026-10-02
https://luxestyle.ch/products/2er-set-stretch-tischhussen-gold-80-cm-352386	2026-10-02
https://luxestyle.ch/products/2er-set-usb-led-taschenlampen-mit-zoom-883906	2026-10-02
https://luxestyle.ch/products/2er-set-vakuumbeutel-mit-pumpe-17l-720449	2026-10-02
https://luxestyle.ch/products/2er-set-weiches-nackenkissen-fur-schlaf-588097	2026-10-02
https://luxestyle.ch/products/2er-zahnbursten-mit-spiegel-tortenschale-faltb-918146	2026-10-02
https://luxestyle.ch/products/2in1-bildschirmreiniger-set-fur-handy-pc-560fad	2026-10-02
https://luxestyle.ch/products/2in1-haarentferner-615800	2026-10-02
https://luxestyle.ch/products/2in1-olivenol-spruhflasche-mit-automatikversch-551296	2026-10-02
https://luxestyle.ch/products/2k-dashcam-mit-nachtsicht-802497	2026-10-02
https://luxestyle.ch/products/2k-fensterkamera-mit-wlan-628500	2026-10-02
https://luxestyle.ch/products/2k-hd-uberwachungskamera-mit-nachtsicht-307392	2026-10-02
https://luxestyle.ch/products/2s-drone-blue-schulter-messenger-bag-117312	2026-10-02
https://luxestyle.ch/products/3-0-metall-usb-stick-32-gb-1c0aeb	2026-10-02
https://luxestyle.ch/products/3-4-arm-elegant-business-office-kleid-619400	2026-10-02
https://luxestyle.ch/products/3-4-arm-langarmkleid-mit-taschen-636600	2026-10-02
https://luxestyle.ch/products/3-4-arm-shirt-rock-zweiteiler-635800	2026-10-02
https://luxestyle.ch/products/3-farben-ice-jelly-nude-gel-nagellack-set-629300	2026-10-02
https://luxestyle.ch/products/3-farben-licht-mitesser-entferner-138075	2026-10-02
https://luxestyle.ch/products/3-farben-liquid-augen-schatten-616800	2026-10-02
https://luxestyle.ch/products/3-in-1-anti-falten-concealer-uv-foundation-620300	2026-10-02
https://luxestyle.ch/products/3-in-1-antihaft-fruhstuckspfanne-601500	2026-10-02
https://luxestyle.ch/products/3-in-1-auto-becherhalter-691521	2026-10-02
https://luxestyle.ch/products/3-in-1-auto-ladeadapter-mit-federkabel-491584	2026-10-02
https://luxestyle.ch/products/3-in-1-bauchtrainer-rad-fur-dein-muskeltrainin-583168	2026-10-02
https://luxestyle.ch/products/3-in-1-blu-ray-ladestation-fur-wii-u-controlle-7eae6f	2026-10-02
https://luxestyle.ch/products/3-in-1-blumenkrone-ring-612700	2026-10-02
https://luxestyle.ch/products/3-in-1-desktop-wireless-ladestation-279104	2026-10-02
https://luxestyle.ch/products/3-in-1-dreiweg-lockenstab-32-mm-klein-mittel-g-615000	2026-10-02
https://luxestyle.ch/products/3-in-1-dual-channel-oszilloskop-multimeter-653200	2026-10-02
https://luxestyle.ch/products/3-in-1-edelstahl-sparschaler-488320	2026-10-02
https://luxestyle.ch/products/3-in-1-elektrischer-papierzerstorer-605400	2026-10-02
https://luxestyle.ch/products/3-in-1-faltbare-15w-kabellose-ladestation-600500	2026-10-02
https://luxestyle.ch/products/3-in-1-faltbare-muckenklatsche-mit-lithium-akk-040768	2026-10-02
https://luxestyle.ch/products/3-in-1-faltbarer-ladestander-mit-magsafe-627900	2026-10-02
https://luxestyle.ch/products/3-in-1-faltbarer-magnetischer-wireless-charger-607800	2026-10-02
https://luxestyle.ch/products/3-in-1-faltbares-kabelloses-ladegerat-832192	2026-10-02
https://luxestyle.ch/products/3-in-1-faltbares-wireless-charger-nachtlicht-265408	2026-10-02
https://luxestyle.ch/products/3-in-1-futternapf-aus-bambusfaser-609700	2026-10-02
https://luxestyle.ch/products/3-in-1-gemusehobel-mit-scharfen-messern-940928	2026-10-02
https://luxestyle.ch/products/3-in-1-glatteisen-lockenstab-fur-trockenes-nas-053632	2026-10-02
https://luxestyle.ch/products/3-in-1-gradient-fohn-632400	2026-10-02
https://luxestyle.ch/products/3-in-1-haarglatter-ce4bf8	2026-10-02
https://luxestyle.ch/products/3-in-1-hals-gesichtsmassagegerat-mit-vibration-367425	2026-10-02
https://luxestyle.ch/products/3-in-1-handventilator-mit-turbo-funktion-562626	2026-10-02
https://luxestyle.ch/products/3-in-1-highlight-reparatur-palette-468096	2026-10-02
https://luxestyle.ch/products/3-in-1-hunde-trinkflasche-mit-futterbox-mullbe-b9d536	2026-10-02
https://luxestyle.ch/products/3-in-1-kabellose-espresso-maschine-941314	2026-10-02
https://luxestyle.ch/products/3-in-1-kabelloses-ladegerat-0e5e3d	2026-10-02
https://luxestyle.ch/products/3-in-1-kabelloses-ladegerat-15w-624200	2026-10-02
https://luxestyle.ch/products/3-in-1-kabelloses-ladegerat-5f4ec3	2026-10-02
https://luxestyle.ch/products/3-in-1-kabelloses-ladegerat-faltbar-magnetisch-729344	2026-10-02
https://luxestyle.ch/products/3-in-1-kabelloses-ladegerat-fur-apple-gerate-ecf92d	2026-10-02
https://luxestyle.ch/products/3-in-1-kabelloses-ladegerat-fur-samsung-615200	2026-10-02
https://luxestyle.ch/products/3-in-1-kabelloses-ladegerat-mit-geheimfach-605300	2026-10-02
https://luxestyle.ch/products/3-in-1-kasehaus-smart-katzenspielzeug-630800	2026-10-02
https://luxestyle.ch/products/3-in-1-kulturbeutel-mit-nass-trocken-trennung-603800	2026-10-02
https://luxestyle.ch/products/3-in-1-ladestation-mit-uhr-wireless-charging-608200	2026-10-02
https://luxestyle.ch/products/3-in-1-laptop-sleeve-mit-wireless-charger-654900	2026-10-02
https://luxestyle.ch/products/3-in-1-lidschatten-blush-highlighter-palette-602800	2026-10-02
https://luxestyle.ch/products/3-in-1-lockenstab-glatteisen-217474	2026-10-02
https://luxestyle.ch/products/3-in-1-lockenstab-kombination-fur-grosse-welle-617400	2026-10-02
https://luxestyle.ch/products/3-in-1-luftbefeuchter-mit-violettlicht-desinfe-190f62	2026-10-02
https://luxestyle.ch/products/3-in-1-magnethalterung-fur-iphone-apple-watch-349888	2026-10-02
https://luxestyle.ch/products/3-in-1-magnetische-falt-ladestation-015296	2026-10-02
https://luxestyle.ch/products/3-in-1-magnetische-ladestation-621500	2026-10-02
https://luxestyle.ch/products/3-in-1-magnetischer-kabelloser-ladegerat-627200	2026-10-02
https://luxestyle.ch/products/3-in-1-magnetisches-faltbares-wireless-ladeger-313792	2026-10-02
https://luxestyle.ch/products/3-in-1-magnetisches-kabelloses-ladegerat-896256	2026-10-02
https://luxestyle.ch/products/3-in-1-magnetisches-teleskop-ladekabel-009472	2026-10-02
https://luxestyle.ch/products/3-in-1-magnetisches-wireless-ladegerat-045184	2026-10-02
https://luxestyle.ch/products/3-in-1-magnetisches-wireless-ladegerat-mit-led-831232	2026-10-02
https://luxestyle.ch/products/3-in-1-magnetisches-wireless-ladegerat-mit-nac-925632	2026-10-02
https://luxestyle.ch/products/3-in-1-matt-high-gloss-konturpalette-780160	2026-10-02
https://luxestyle.ch/products/3-in-1-mini-drohne-fur-land-wasser-luft-f0bc29	2026-10-02
https://luxestyle.ch/products/3-in-1-mini-wachswarmer-fur-haarentfernung-633600	2026-10-02
https://luxestyle.ch/products/3-in-1-multifunktionales-kabelloses-ladegerat-dd8341	2026-10-02
https://luxestyle.ch/products/3-in-1-multifunktions-haartrockner-4175e9	2026-10-02
https://luxestyle.ch/products/3-in-1-multifunktions-walzwerk-fur-goldschmied-616100	2026-10-02
https://luxestyle.ch/products/3-in-1-nagellackstift-5er-set-625700	2026-10-02
https://luxestyle.ch/products/3-in-1-nagelstudio-gerat-632700	2026-10-02
https://luxestyle.ch/products/3-in-1-otg-kartenleser-fur-mobile-gerate-d346ea	2026-10-02
https://luxestyle.ch/products/3-in-1-pet-flasche-mit-wasser-futter-mullbeute-387264	2026-10-02
https://luxestyle.ch/products/3-in-1-powerbank-mit-ac-stecker-10-000-mah-652800	2026-10-02
https://luxestyle.ch/products/3-in-1-qi-wireless-ladestation-492864	2026-10-02
https://luxestyle.ch/products/3-in-1-rc-drohne-landfahrzeug-boot-a359ec	2026-10-02
https://luxestyle.ch/products/3-in-1-rc-hubschrauber-kinderspielzeug-621100	2026-10-02
https://luxestyle.ch/products/3-in-1-retro-gaming-media-box-793344	2026-10-02
https://luxestyle.ch/products/3-in-1-saugroboter-fur-alle-boden-630200	2026-10-02
https://luxestyle.ch/products/3-in-1-tier-bausteine-fur-kinder-627300	2026-10-02
https://luxestyle.ch/products/3-in-1-trinkflasche-fur-haustiere-mit-futter-k-535040	2026-10-02
https://luxestyle.ch/products/3-in-1-ultraschall-gesichtsspatel-fur-tiefenre-073921	2026-10-02
https://luxestyle.ch/products/3-in-1-umhangetasche-im-retro-stil-a8bbff	2026-10-02
https://luxestyle.ch/products/3-in-1-usb-cf-sd-tf-kartenleser-605800	2026-10-02
https://luxestyle.ch/products/3-in-1-warmluftburste-fur-locken-glatten-749952	2026-10-02
https://luxestyle.ch/products/3-in-1-warmluftburste-fur-locken-und-glatten-615400	2026-10-02
https://luxestyle.ch/products/3-in-1-warmluftburste-fur-vielfaltige-styles-355968	2026-10-02
https://luxestyle.ch/products/3-in-1-warmluftburste-fur-vielseitiges-styling-608300	2026-10-02
https://luxestyle.ch/products/3-in-1-warmluftburste-zum-stylen-482688	2026-10-02
https://luxestyle.ch/products/3-in-1-waschblatter-farbschutz-duftbooster-ult-639553	2026-10-02
https://luxestyle.ch/products/3-in-1-wecker-mit-licht-und-bluetooth-speaker-607100	2026-10-02
https://luxestyle.ch/products/3-in-1-winkel-und-lochlehre-fur-holz-615300	2026-10-02
https://luxestyle.ch/products/3-in-1-wireless-charger-34cf7e	2026-10-02
https://luxestyle.ch/products/3-in-1-wireless-charger-bluetooth-speaker-mit-226688	2026-10-02
https://luxestyle.ch/products/3-in-1-wireless-charger-fur-handy-kopfhorer-uh-462592	2026-10-02
https://luxestyle.ch/products/3-in-1-wireless-charger-fur-handy-watch-headse-516992	2026-10-02
https://luxestyle.ch/products/3-in-1-wireless-charger-mit-nachtlicht-728384	2026-10-02
https://luxestyle.ch/products/3-in-1-wireless-ladegerat-632100	2026-10-02
https://luxestyle.ch/products/3-in-1-wireless-ladestation-977f7a	2026-10-02
https://luxestyle.ch/products/3-in-1-wireless-ladestation-fur-apple-android-710200	2026-10-02
https://luxestyle.ch/products/3-in-1-wireless-ladestation-fur-apple-gerate-41bae0	2026-10-02
https://luxestyle.ch/products/3-in-1-wireless-ladestation-fur-mehrere-gerate-9b0c4e	2026-10-02
https://luxestyle.ch/products/3-in-1-wireless-ladestation-fur-uhr-kopfhorer-300736	2026-10-02
https://luxestyle.ch/products/3-in-1-zahnburstenhalter-mit-uv-sterilisator-117e51	2026-10-02
https://luxestyle.ch/products/3-kamera-drohne-fur-luftaufnahmen-608100	2026-10-02
https://luxestyle.ch/products/3-kamera-drone-mit-hindernisvermeidung-362816	2026-10-02
https://luxestyle.ch/products/3-kanal-dashcam-mit-1080p-und-nachtsicht-445377	2026-10-02
https://luxestyle.ch/products/3-kanal-dashcam-mit-bewegungsmelder-026754	2026-10-02
https://luxestyle.ch/products/3-kanal-dashcam-mit-nachtsicht-739842	2026-10-02
https://luxestyle.ch/products/3-lagen-dampfgarer-aus-edelstahl-681152	2026-10-02
https://luxestyle.ch/products/3-lagig-20-cm-x-12-cm-ohne-beschichtung-633200	2026-10-02
https://luxestyle.ch/products/3-lagige-aufbewahrungsbox-weiss-051457	2026-10-02
https://luxestyle.ch/products/3-lagige-retro-schmuckbox-mit-schloss-603500	2026-10-02
https://luxestyle.ch/products/3-lagiges-perlen-und-kristall-perlen-set-801b3d	2026-10-02
https://luxestyle.ch/products/3-modi-uv-led-taschenlampe-052289	2026-10-02
https://luxestyle.ch/products/3-paar-20d-ultra-sheer-strumpfhosen-mit-shapin-235970	2026-10-02
https://luxestyle.ch/products/3-paar-shiny-strumpfhosen-fur-damen-plus-size-545090	2026-10-02
https://luxestyle.ch/products/3-paar-unsichtbare-kunstliche-wimpern-631500	2026-10-02
https://luxestyle.ch/products/3-port-ladestation-mit-led-lampe-622600	2026-10-02
https://luxestyle.ch/products/3-port-usb-schnellladegerat-30w-622900	2026-10-02
https://luxestyle.ch/products/3-rohr-lockenstab-fur-grosse-wellen-287808	2026-10-02
https://luxestyle.ch/products/3-rohr-welleneisen-fur-grosse-locken-793088	2026-10-02
https://luxestyle.ch/products/3-stockige-etagere-im-modernen-design-626800	2026-10-02
https://luxestyle.ch/products/3-stockiger-dampfgarer-aus-edelstahl-689666	2026-10-02
https://luxestyle.ch/products/3-stockiger-induktions-dampfgarer-aus-edelstah-323201	2026-10-02
https://luxestyle.ch/products/3-stockiges-etagere-fur-snacks-fruchte-944256	2026-10-02
https://luxestyle.ch/products/3-stockiges-gewurzregal-aus-metall-761472	2026-10-02
https://luxestyle.ch/products/3-stockiges-metallregal-fur-kuche-und-haushalt-617300	2026-10-02
https://luxestyle.ch/products/3-stockiges-schuhregal-mit-sitzflache-616900	2026-10-02
https://luxestyle.ch/products/3-stufen-usb-lese-lupe-mit-20-leds-620800	2026-10-02
https://luxestyle.ch/products/3-stufiger-obstteller-614600	2026-10-02
https://luxestyle.ch/products/3-stufiger-schmuckorganizer-639700	2026-10-02
https://luxestyle.ch/products/3-teiliger-jater-mit-holzgriff-629800	2026-10-02
https://luxestyle.ch/products/3-teiliger-rucksack-wasserdicht-20-35l-716992	2026-10-02
https://luxestyle.ch/products/3-teiliger-turrahmen-zapfenschneider-3-stuck-c229b4	2026-10-02
https://luxestyle.ch/products/3-teiliges-auto-kissen-set-winter-plusch-600200	2026-10-02
https://luxestyle.ch/products/3-teiliges-backschussel-set-f3bfb7	2026-10-02
https://luxestyle.ch/products/3-teiliges-badematten-set-mit-geometrie-muster-618100	2026-10-02
https://luxestyle.ch/products/3-teiliges-business-freizeit-rucksack-set-637568	2026-10-02
https://luxestyle.ch/products/3-teiliges-cozy-pajama-set-6b0913	2026-10-02
https://luxestyle.ch/products/3-teiliges-dino-rucksack-set-fur-kinder-615000	2026-10-02
https://luxestyle.ch/products/3-teiliges-fraser-set-fur-holzbearbeitung-3-st-956800	2026-10-02
https://luxestyle.ch/products/3-teiliges-kochset-fur-unterwegs-607400	2026-10-02
https://luxestyle.ch/products/3-teiliges-leinen-sitzkissen-ohne-ruckenlehne-038144	2026-10-02
https://luxestyle.ch/products/3-teiliges-lenkrad-set-aus-wolle-998835	2026-10-02
https://luxestyle.ch/products/3-teiliges-make-up-set-3-stuck-f42b96	2026-10-02
https://luxestyle.ch/products/3-teiliges-plusch-spielzeug-set-fur-hunde-011072	2026-10-02
https://luxestyle.ch/products/3-teiliges-rucksack-set-fur-studierende-373053	2026-10-02
https://luxestyle.ch/products/3-teiliges-samt-bettwasche-set-fur-den-winter-15bcb2	2026-10-02
https://luxestyle.ch/products/3-teiliges-schulrucksack-set-sternenhimmel-898624	2026-10-02
https://luxestyle.ch/products/3-teiliges-wc-set-mit-anti-rutsch-matte-966592	2026-10-02
https://luxestyle.ch/products/3-teiliges-winterset-handschuhe-mutze-schal-621800	2026-10-02
https://luxestyle.ch/products/3-zoll-multifunktions-hud-display-531906	2026-10-02
https://luxestyle.ch/products/30-steine-hautroller-b724cc	2026-10-02
https://luxestyle.ch/products/30-teiliges-bbq-back-geschenkset-479616	2026-10-02
https://luxestyle.ch/products/30-teiliges-besteckset-mit-stander-302274	2026-10-02
https://luxestyle.ch/products/30-teiliges-nagelpflege-set-aus-edelstahl-605000	2026-10-02
https://luxestyle.ch/products/30-teiliges-nagelpflege-set-fur-zuhause-607000	2026-10-02
https://luxestyle.ch/products/30-teiliges-universelles-rei-verschluss-repara-205825	2026-10-02
https://luxestyle.ch/products/30000-mah-powerbank-mit-lcd-display-9a8211	2026-10-02
https://luxestyle.ch/products/30000mah-powerbank-mit-integrierten-kabeln-132482	2026-10-02
https://luxestyle.ch/products/300sl-sportwagen-klemmbausteine-758400	2026-10-02
https://luxestyle.ch/products/304-edelstahl-eiswurfelform-607900	2026-10-02
https://luxestyle.ch/products/304-edelstahl-lotionspender-637800	2026-10-02
https://luxestyle.ch/products/30er-set-weihnachtskugeln-6-cm-629400	2026-10-02
https://luxestyle.ch/products/30w-multi-funktions-netzteil-mit-usb-161024	2026-10-02
https://luxestyle.ch/products/30w-vertikales-usb-ladegerat-mit-6-ports-5cd362	2026-10-02
https://luxestyle.ch/products/316-edelstahl-kaffeetasse-fur-frauen-635800	2026-10-02
https://luxestyle.ch/products/316l-edelstahl-lunchbox-mit-dammung-619700	2026-10-02
https://luxestyle.ch/products/32-l-strapazierreicher-wanderrucksack-grosses-631500	2026-10-02
https://luxestyle.ch/products/32-mm-drei-in-eins-haarstyler-605300	2026-10-02
https://luxestyle.ch/products/32-teiliges-make-up-pinselset-mit-tasche-213952	2026-10-02
https://luxestyle.ch/products/32-teiliges-pinselset-fur-make-up-cf2213	2026-10-02
https://luxestyle.ch/products/32mm-french-egg-roll-hair-curler-water-ripple-875648	2026-10-02
https://luxestyle.ch/products/330w-super-schnelllade-netzteil-628400	2026-10-02
https://luxestyle.ch/products/34-teiliges-schraubendreher-und-bit-set-612300	2026-10-02
https://luxestyle.ch/products/35-farben-glitter-palette-e96c90	2026-10-02
https://luxestyle.ch/products/35-farben-regenbogen-lidschatten-palette-975872	2026-10-02
https://luxestyle.ch/products/350ml-usb-blender-mit-3d-messer-918592	2026-10-02
https://luxestyle.ch/products/35er-set-russische-tullen-fur-blumenmuster-35-9cd0cf	2026-10-02
https://luxestyle.ch/products/35l-outdoor-rucksack-717120	2026-10-02
https://luxestyle.ch/products/36-klang-klangspiel-mit-stander-624800	2026-10-02
https://luxestyle.ch/products/360-ai-gesichtsverfolgung-gimbal-fur-vlogs-und-405248	2026-10-02
https://luxestyle.ch/products/360-automatische-elektrische-zahnburste-mit-bl-b78e6f	2026-10-02
https://luxestyle.ch/products/360-drehbarer-kleiner-schraubstock-605900	2026-10-02
https://luxestyle.ch/products/360-drehbarer-kosmetik-organizer-4fedd0	2026-10-02
https://luxestyle.ch/products/360-drehbarer-laptop-stander-fur-tische-152192	2026-10-02
https://luxestyle.ch/products/360-drehbarer-make-up-organizer-aus-acryl-9a531a	2026-10-02
https://luxestyle.ch/products/360-drehbarer-make-up-pinsel-organizer-mit-dec-792384	2026-10-02
https://luxestyle.ch/products/360-drehender-lichtwerfer-mit-8-modi-609800	2026-10-02
https://luxestyle.ch/products/360-drehscheiben-ruckspiegel-fur-fahrrader-126080	2026-10-02
https://luxestyle.ch/products/360-driving-recorder-hd-nachtsicht-kabellos-429248	2026-10-02
https://luxestyle.ch/products/360-handyhalterung-furs-auto-615000	2026-10-02
https://luxestyle.ch/products/360-ki-gimbal-mit-intelligenter-gesichtsverfol-294400	2026-10-02
https://luxestyle.ch/products/360-panorama-uberwachungskamera-218176	2026-10-02
https://luxestyle.ch/products/360-panorama-uberwachungskamera-mit-nachtsicht-774528	2026-10-02
https://luxestyle.ch/products/360-rollende-maus-mit-feder-fur-katzen-622700	2026-10-02
https://luxestyle.ch/products/360-rotierender-garten-und-rasensprenger-189056	2026-10-02
https://luxestyle.ch/products/360-rundum-gemuseschneider-660315	2026-10-02
https://luxestyle.ch/products/360-universal-auto-handyhalterung-21a019	2026-10-02
https://luxestyle.ch/products/36er-stricknadel-set-aus-karbonisiertem-bambus-644400	2026-10-02
https://luxestyle.ch/products/36l-outdoor-rucksack-327042	2026-10-02
https://luxestyle.ch/products/36mp-hd-infrarot-wildkamera-620900	2026-10-02
https://luxestyle.ch/products/38-in-1-schraubenzieher-set-605504	2026-10-02
https://luxestyle.ch/products/38-mm-muster-transfer-band-polyester-10-100-st-271232	2026-10-02
https://luxestyle.ch/products/38cm-nussknacker-holzfigur-624600	2026-10-02
https://luxestyle.ch/products/39-farben-lidschatten-palette-83a274	2026-10-02
https://luxestyle.ch/products/39l-taktischer-militar-rucksack-264385	2026-10-02
https://luxestyle.ch/products/3a-common-style-add-resin-jelly-glue-wear-armo-627800	2026-10-02
https://luxestyle.ch/products/3d-4d-pyramid-contour-puder-foundation-pinsel-634600	2026-10-02
https://luxestyle.ch/products/3d-acryl-notiztafel-mit-led-beleuchtung-831232	2026-10-02
https://luxestyle.ch/products/3d-augenbrauen-gel-set-451712	2026-10-02
https://luxestyle.ch/products/3d-augenbrauen-sticker-89115e	2026-10-02
https://luxestyle.ch/products/3d-bambuskohle-sitzkissen-fur-das-auto-15e7d0	2026-10-02
https://luxestyle.ch/products/3d-bestickter-kissenbezug-d4c45b	2026-10-02
https://luxestyle.ch/products/3d-bilderrahmen-bausteine-fur-kinder-623900	2026-10-02
https://luxestyle.ch/products/3d-blumen-damen-satin-kleid-623200	2026-10-02
https://luxestyle.ch/products/3d-blumen-manikure-zum-aufkleben-623300	2026-10-02
https://luxestyle.ch/products/3d-blumen-nagelaufkleber-620900	2026-10-02
https://luxestyle.ch/products/3d-blumen-print-kurzarm-top-627800	2026-10-02
https://luxestyle.ch/products/3d-blumen-reliefstoff-771840	2026-10-02
https://luxestyle.ch/products/3d-blumen-top-mit-off-shoulder-633200	2026-10-02
https://luxestyle.ch/products/3d-blumenprint-kurzarm-shirt-621600	2026-10-02
https://luxestyle.ch/products/3d-bubble-chiffon-esstuhl-bezug-618900	2026-10-02
https://luxestyle.ch/products/3d-cartoon-hai-eva-kinder-badeschuhe-174912	2026-10-02
https://luxestyle.ch/products/3d-cat-eye-nagel-im-schwarz-blau-verlauf-628600	2026-10-02
https://luxestyle.ch/products/3d-cat-eye-press-on-nagel-622500	2026-10-02
https://luxestyle.ch/products/3d-charm-legierungs-strasssteine-fur-nagel-670912	2026-10-02
https://luxestyle.ch/products/3d-cluster-wimpern-schwarz-flauschig-weich-616600	2026-10-02
https://luxestyle.ch/products/3d-dachshund-tasse-611201	2026-10-02
https://luxestyle.ch/products/3d-diamond-painting-blume-8d2b93	2026-10-02
https://luxestyle.ch/products/3d-diamond-painting-wohnzimmer-deko-d3616a	2026-10-02
https://luxestyle.ch/products/3d-digital-animal-style-kurzarmhemd-615400	2026-10-02
https://luxestyle.ch/products/3d-digital-bedrucktes-sweatshirt-fur-damen-600400	2026-10-02
https://luxestyle.ch/products/3d-digital-print-casual-damenkleid-630200	2026-10-02
https://luxestyle.ch/products/3d-digital-print-crew-neck-langarm-sweatshirt-637100	2026-10-02
https://luxestyle.ch/products/3d-digital-print-flannel-sweatshirt-609400	2026-10-02
https://luxestyle.ch/products/3d-digital-print-freizeit-sweatshirt-fur-damen-605600	2026-10-02
https://luxestyle.ch/products/3d-digital-print-kleid-fur-damen-615700	2026-10-02
https://luxestyle.ch/products/3d-digital-print-rollkragenpullover-fur-damen-639800	2026-10-02
https://luxestyle.ch/products/3d-digital-print-yoga-leggings-fur-damen-609900	2026-10-02
https://luxestyle.ch/products/3d-digital-pullover-621500	2026-10-02
https://luxestyle.ch/products/3d-digitaldruck-flaggen-kleid-fur-damen-627900	2026-10-02
https://luxestyle.ch/products/3d-digitaldruck-hoodie-fur-damen-637700	2026-10-02
https://luxestyle.ch/products/3d-digitaldruck-langarm-pullover-fur-damen-617400	2026-10-02
https://luxestyle.ch/products/3d-digitaldruck-v-ausschnitt-pullover-fur-dame-632000	2026-10-02
https://luxestyle.ch/products/3d-digitalwecker-mit-doppelglocken-150976	2026-10-02
https://luxestyle.ch/products/3d-drachen-flugdrache-4d6624	2026-10-02
https://luxestyle.ch/products/3d-druck-damen-longsleeve-mit-kapuze-639400	2026-10-02
https://luxestyle.ch/products/3d-druck-freizeitshirt-kurzarm-619900	2026-10-02
https://luxestyle.ch/products/3d-druck-kleid-mit-stickereimuster-605800	2026-10-02
https://luxestyle.ch/products/3d-druck-locker-plus-grosse-armelloses-kleid-605700	2026-10-02
https://luxestyle.ch/products/3d-druck-mondlicht-platine-zwei-farben-touch-597440	2026-10-02
https://luxestyle.ch/products/3d-druck-nachttischlampe-warmes-nachtlicht-deko-objekt-furs-schlafzimmer	2026-10-02
https://luxestyle.ch/products/3d-druck-pullover-fur-herren-611500	2026-10-02
https://luxestyle.ch/products/3d-druck-weihnachts-shirt-herren-629300	2026-10-02
https://luxestyle.ch/products/3d-drucker-ersatz-druckkopf-431872	2026-10-02
https://luxestyle.ch/products/3d-druckstift-ca59c0	2026-10-02
https://luxestyle.ch/products/3d-druckstift-der-sechsten-generation-fbe9ab	2026-10-02
https://luxestyle.ch/products/3d-druckstift-fur-farbige-kreationen-407745	2026-10-02
https://luxestyle.ch/products/3d-druckstift-fur-kinder-368896	2026-10-02
https://luxestyle.ch/products/3d-druckstift-fur-kinder-ff1aeb	2026-10-02
https://luxestyle.ch/products/3d-druckstift-mit-oled-display-648770	2026-10-02
https://luxestyle.ch/products/3d-eye-beauty-instrument-9a4df7	2026-10-02
https://luxestyle.ch/products/3d-farbverlauf-digital-print-hoodie-fur-damen-632000	2026-10-02
https://luxestyle.ch/products/3d-fibre-mascara-mit-kollagen-gel-2-stuck-7269a0	2026-10-02
https://luxestyle.ch/products/3d-floral-cardigan-jacke-631100	2026-10-02
https://luxestyle.ch/products/3d-gedruckte-drachen-und-ei-ornamente-608200	2026-10-02
https://luxestyle.ch/products/3d-gedruckte-gummimatte-621900	2026-10-02
https://luxestyle.ch/products/3d-gedruckter-herren-hoodie-602700	2026-10-02
https://luxestyle.ch/products/3d-gedrucktes-design-tanktop-602200	2026-10-02
https://luxestyle.ch/products/3d-gedrucktes-kurzarmhemd-fur-herren-615700	2026-10-02
https://luxestyle.ch/products/3d-gedrucktes-langarmkleid-mit-portratmuster-604100	2026-10-02
https://luxestyle.ch/products/3d-gedrucktes-langarmshirt-fur-damen-603900	2026-10-02
https://luxestyle.ch/products/3d-gedrucktes-personalisierbares-strandhemd-635500	2026-10-02
https://luxestyle.ch/products/3d-gedrucktes-tragerkleid-fur-damen-616900	2026-10-02
https://luxestyle.ch/products/3d-gel-handgelenkstutze-mit-warm-kalttherapie-618400	2026-10-02
https://luxestyle.ch/products/3d-gepragter-stoff-mit-blasenstruktur-231360	2026-10-02
https://luxestyle.ch/products/3d-gesichtsmaske-atmungsaktiv-613300	2026-10-02
https://luxestyle.ch/products/3d-glas-aroma-diffusor-mit-farblicht-677613	2026-10-02
https://luxestyle.ch/products/3d-gradient-nageldesign-mit-meeresmotiven-620400	2026-10-02
https://luxestyle.ch/products/3d-gravity-schlafmaske-638100	2026-10-02
https://luxestyle.ch/products/3d-herz-nagel-tips-623800	2026-10-02
https://luxestyle.ch/products/3d-holografischer-ventilator-rucksack-470784	2026-10-02
https://luxestyle.ch/products/3d-hologramm-fan-639800	2026-10-02
https://luxestyle.ch/products/3d-hologramm-projektor-640768	2026-10-02
https://luxestyle.ch/products/3d-hologramm-ventilator-60cm-343362	2026-10-02
https://luxestyle.ch/products/3d-holographischer-led-projektor-219840	2026-10-02
https://luxestyle.ch/products/3d-holz-geschnitztes-nachtlicht-629400	2026-10-02
https://luxestyle.ch/products/3d-holzpuzzle-antike-schmuckbox-572161	2026-10-02
https://luxestyle.ch/products/3d-holzpuzzle-architektur-modellbausatz-268608	2026-10-02
https://luxestyle.ch/products/3d-holzpuzzle-atlantis-bucherregal-mit-beleuch-684353	2026-10-02
https://luxestyle.ch/products/3d-holzpuzzle-baker-street-mit-beleuchtung-142786	2026-10-02
https://luxestyle.ch/products/3d-holzpuzzle-baumhaus-007425	2026-10-02
https://luxestyle.ch/products/3d-holzpuzzle-beruhmte-universitat-566336	2026-10-02
https://luxestyle.ch/products/3d-holzpuzzle-blumen-modellbausatz-638500	2026-10-02
https://luxestyle.ch/products/3d-holzpuzzle-camper-modell-zum-zusammenbauen-837120	2026-10-02
https://luxestyle.ch/products/3d-holzpuzzle-dekompression-spielzeug-652672	2026-10-02
https://luxestyle.ch/products/3d-holzpuzzle-doppeldecker-modellbausatz-661698	2026-10-02
https://luxestyle.ch/products/3d-holzpuzzle-eulen-uhr-bausatz-679297	2026-10-02
https://luxestyle.ch/products/3d-holzpuzzle-fantasy-raumschiff-007168	2026-10-02
https://luxestyle.ch/products/3d-holzpuzzle-geheimfach-mit-zahlenschloss-674753	2026-10-02
https://luxestyle.ch/products/3d-holzpuzzle-globus-bausatz-125058	2026-10-02
https://luxestyle.ch/products/3d-holzpuzzle-laser-diy-gross-382976	2026-10-02
https://luxestyle.ch/products/3d-holzpuzzle-lasercut-bausatz-395968	2026-10-02
https://luxestyle.ch/products/3d-holzpuzzle-luftschiff-modellbausatz-483905	2026-10-02
https://luxestyle.ch/products/3d-holzpuzzle-mechanischer-zug-422850	2026-10-02
https://luxestyle.ch/products/3d-holzpuzzle-modell-antikes-gebaude-366400	2026-10-02
https://luxestyle.ch/products/3d-holzpuzzle-motorrad-modellbausatz-847490	2026-10-02
https://luxestyle.ch/products/3d-holzpuzzle-schatztruhe-bausatz-963073	2026-10-02
https://luxestyle.ch/products/3d-holzpuzzle-traktor-fur-jungen-200000	2026-10-02
https://luxestyle.ch/products/3d-holzpuzzle-uhr-bausatz-746626	2026-10-02
https://luxestyle.ch/products/3d-holzpuzzle-weintransporter-260802	2026-10-02
https://luxestyle.ch/products/3d-hoodie-fur-herren-610400	2026-10-02
https://luxestyle.ch/products/3d-ice-clear-blush-nagel-617800	2026-10-02
https://luxestyle.ch/products/3d-kissen-wassermelone-329664	2026-10-02
https://luxestyle.ch/products/3d-kugelpendant-782016	2026-10-02
https://luxestyle.ch/products/3d-led-licht-fur-gaming-atmosphare-615200	2026-10-02
https://luxestyle.ch/products/3d-led-mond-nachtlicht-b3d6f6	2026-10-02
https://luxestyle.ch/products/3d-led-wanduhr-mit-fernbedienung-567360	2026-10-02
https://luxestyle.ch/products/3d-lidschatten-rose-gold-686529	2026-10-02
https://luxestyle.ch/products/3d-luftkissen-airbag-607300	2026-10-02
https://luxestyle.ch/products/3d-mal-und-graffiti-stift-e23cd0	2026-10-02
https://luxestyle.ch/products/3d-manikure-zum-aufkleben-mittellang-622100	2026-10-02
https://luxestyle.ch/products/3d-metall-biene-puzzle-bausatz-607500	2026-10-02
https://luxestyle.ch/products/3d-metall-modell-phonixkrone-959168	2026-10-02
https://luxestyle.ch/products/3d-metallpuzzle-architekturmodell-346496	2026-10-02
https://luxestyle.ch/products/3d-metallpuzzle-motorrad-zum-selberbauen-919680	2026-10-02
https://luxestyle.ch/products/3d-metallpuzzle-notre-dame-de-paris-620800	2026-10-02
https://luxestyle.ch/products/3d-mini-fussball-wandlampe-402240	2026-10-02
https://luxestyle.ch/products/3d-muster-hoodie-fur-herren-624800	2026-10-02
https://luxestyle.ch/products/3d-nagel-sticker-603700	2026-10-02
https://luxestyle.ch/products/3d-nagel-tipps-628900	2026-10-02
https://luxestyle.ch/products/3d-nagel-tipps-mit-blumenmotiv-605600	2026-10-02
https://luxestyle.ch/products/3d-nageldesign-rot-615900	2026-10-02
https://luxestyle.ch/products/3d-notizblock-klavier-gold-911616	2026-10-02
https://luxestyle.ch/products/3d-papierlichtschmuck-universitats-design-617500	2026-10-02
https://luxestyle.ch/products/3d-planeten-kristallkugel-nachtlicht-397312	2026-10-02
https://luxestyle.ch/products/3d-premium-faux-mink-kunstwimpern-mk-16-571329	2026-10-02
https://luxestyle.ch/products/3d-premium-faux-mink-kunstwimpern-mk-36-749313	2026-10-02
https://luxestyle.ch/products/3d-premium-faux-mink-kunstwimpern-mk-37-223169	2026-10-02
https://luxestyle.ch/products/3d-premium-faux-mink-wimpern-mk-01-382722	2026-10-02
https://luxestyle.ch/products/3d-premium-faux-mink-wimpern-mk-62-521986	2026-10-02
https://luxestyle.ch/products/3d-print-herren-kurzarmling-aus-mesh-614600	2026-10-02
https://luxestyle.ch/products/3d-print-hoodie-618500	2026-10-02
https://luxestyle.ch/products/3d-print-kapuzen-sweatshirt-fur-damen-611500	2026-10-02
https://luxestyle.ch/products/3d-print-kapuzenpullover-fur-damen-607700	2026-10-02
https://luxestyle.ch/products/3d-print-kurzarmhemd-fur-herren-604400	2026-10-02
https://luxestyle.ch/products/3d-print-kurzarmshirt-fur-herren-612400	2026-10-02
https://luxestyle.ch/products/3d-print-latzhose-mit-weitem-bein-634100	2026-10-02
https://luxestyle.ch/products/3d-print-v-ausschnitt-sweatshirt-fur-damen-635700	2026-10-02
https://luxestyle.ch/products/3d-printed-suspender-jumpsuit-601100	2026-10-02
https://luxestyle.ch/products/3d-puzzle-bausteine-fur-kinder-603904	2026-10-02
https://luxestyle.ch/products/3d-puzzle-eule-627200	2026-10-02
https://luxestyle.ch/products/3d-puzzle-halloween-schloss-923840	2026-10-02
https://luxestyle.ch/products/3d-puzzle-kleinpartikel-baustein-spielzeug-855424	2026-10-02
https://luxestyle.ch/products/3d-puzzle-mississippi-river-steamboat-modell-111808	2026-10-02
https://luxestyle.ch/products/3d-puzzle-ruolai-arcade-148-teile-622500	2026-10-02
https://luxestyle.ch/products/3d-puzzle-sagrada-familia-kathedrale-mit-led-374784	2026-10-02
https://luxestyle.ch/products/3d-qualle-sommer-marine-stil-nagel-623800	2026-10-02
https://luxestyle.ch/products/3d-reisekatzen-t-shirt-fur-herren-612500	2026-10-02
https://luxestyle.ch/products/3d-relief-blumen-handgemachte-nagelspitzen-635000	2026-10-02
https://luxestyle.ch/products/3d-relief-high-gloss-puder-696768	2026-10-02
https://luxestyle.ch/products/3d-relief-nageldesign-fur-tragbare-manikure-608600	2026-10-02
https://luxestyle.ch/products/3d-retro-hoodie-fur-herren-618200	2026-10-02
https://luxestyle.ch/products/3d-retro-muster-a-linien-kleid-fur-damen-618400	2026-10-02
https://luxestyle.ch/products/3d-retro-nagel-zirkon-5er-set-276864	2026-10-02
https://luxestyle.ch/products/3d-rosen-eiswurfelform-aus-silikon-915776	2026-10-02
https://luxestyle.ch/products/3d-rotlicht-silikon-gesichtsmaske-639600	2026-10-02
https://luxestyle.ch/products/3d-schmetterling-mary-jane-plateau-schuhe-603650	2026-10-02
https://luxestyle.ch/products/3d-schmetterlingskleid-mit-taillengurtel-637400	2026-10-02
https://luxestyle.ch/products/3d-schmucksteine-fur-nagel-843136	2026-10-02
https://luxestyle.ch/products/3d-schrauben-sortierbox-620700	2026-10-02
https://luxestyle.ch/products/3d-schrittzahler-mit-karabinerclip-436354	2026-10-02
https://luxestyle.ch/products/3d-schutzmaske-schwarz-477046	2026-10-02
https://luxestyle.ch/products/3d-shark-pullover-fur-herren-600300	2026-10-02
https://luxestyle.ch/products/3d-silikon-gesichtsreinigungsburste-48c08c	2026-10-02
https://luxestyle.ch/products/3d-silikonform-delfin-fur-mousse-und-mehr-610700	2026-10-02
https://luxestyle.ch/products/3d-silikonform-mini-goldfische-837056	2026-10-02
https://luxestyle.ch/products/3d-star-wings-kopfhorer-dekoration-639300	2026-10-02
https://luxestyle.ch/products/3d-stereoskopischer-rucksack-fur-kinder-607400	2026-10-02
https://luxestyle.ch/products/3d-stickerei-blumen-kissenbezug-c44eb5	2026-10-02
https://luxestyle.ch/products/3d-stickerei-set-fur-anfanger-851904	2026-10-02
https://luxestyle.ch/products/3d-stickerei-starter-set-fur-kreative-627600	2026-10-02
https://luxestyle.ch/products/3d-strick-slip-weste-636300	2026-10-02
https://luxestyle.ch/products/3d-strick-sweatshirt-fur-herren-626000	2026-10-02
https://luxestyle.ch/products/3d-surround-hd-bluetooth-sport-kopfhorer-603500	2026-10-02
https://luxestyle.ch/products/3d-teddy-lampe-a92a5f	2026-10-02
https://luxestyle.ch/products/3d-texturierte-weiche-zehenschuhe-627700	2026-10-02
https://luxestyle.ch/products/3d-tier-print-hoodie-fur-damen-624100	2026-10-02
https://luxestyle.ch/products/3d-totenkopf-backform-aus-aluminium-600600	2026-10-02
https://luxestyle.ch/products/3d-totenkopf-schaltknauf-mit-blauen-led-augen-a5594c	2026-10-02
https://luxestyle.ch/products/3d-touch-sensor-fur-3d-drucker-c4575e	2026-10-02
https://luxestyle.ch/products/3d-vogel-dekoration-630700	2026-10-02
https://luxestyle.ch/products/3d-vr-brille-fur-smartphone-4-7-6-zoll-0b113f	2026-10-02
https://luxestyle.ch/products/3d-wandbild-liebliche-tanzerin-fur-ihr-schlafz-98edeb	2026-10-02
https://luxestyle.ch/products/3d-wanduhr-mit-wecker-und-thermometer-907264	2026-10-02
https://luxestyle.ch/products/3d-zeichenstift-fur-kinder-kreativer-lernspass-638600	2026-10-02
https://luxestyle.ch/products/3d-zeichenstift-fur-kinder-und-studenten-632300	2026-10-02
https://luxestyle.ch/products/3er-beauty-egg-set-mit-stander-285120	2026-10-02
https://luxestyle.ch/products/3er-pack-sheer-tights-40d-mit-t-crotch-082753	2026-10-02
https://luxestyle.ch/products/3er-pack-sport-tops-herren-kurzarm-617200	2026-10-02
https://luxestyle.ch/products/3er-pack-ultra-soft-sheer-tights-382018	2026-10-02
https://luxestyle.ch/products/3er-set-damen-pyjama-mit-langarm-crop-top-und-2d2168	2026-10-02
https://luxestyle.ch/products/3er-set-farbwechsel-lippenstifte-393922	2026-10-02
https://luxestyle.ch/products/3er-set-glasbehalter-mit-loffel-248514	2026-10-02
https://luxestyle.ch/products/3er-set-handtucher-fur-zuhause-418624	2026-10-02
https://luxestyle.ch/products/3er-set-induktions-kochgeschirr-aus-edelstahl-412994	2026-10-02
https://luxestyle.ch/products/3er-set-kochgeschirr-aus-gusseisen-423552	2026-10-02
https://luxestyle.ch/products/3er-set-lenkradverzierung-fur-tesla-model-3-mi-247040	2026-10-02
https://luxestyle.ch/products/3er-set-nylon-wassertankpinsel-0f40ee	2026-10-02
https://luxestyle.ch/products/3er-set-schirm-haken-selbstklebend-632256	2026-10-02
https://luxestyle.ch/products/3er-set-schneidebretter-aus-bambus-3-stuck-625300	2026-10-02
https://luxestyle.ch/products/3er-set-seestern-olgemalde-fur-ihr-zuhause-754688	2026-10-02
https://luxestyle.ch/products/3er-set-teppiche-mit-marmor-effekt-153088	2026-10-02
https://luxestyle.ch/products/3er-set-unterwasche-organizer-aus-stoff-25772c	2026-10-02
https://luxestyle.ch/products/3er-set-wasserdichte-reise-organizer-612600	2026-10-02
https://luxestyle.ch/products/3in1-nachttischlampe-526720	2026-10-02
https://luxestyle.ch/products/3k-carbon-einlegesohle-fur-stossdampfung-618100	2026-10-02
https://luxestyle.ch/products/3l-desinfektionsmittel-maschine-958336	2026-10-02
https://luxestyle.ch/products/3l-trinkbrunnen-fur-katzen-kleine-hunde-225280	2026-10-02
https://luxestyle.ch/products/3p-outdoor-sport-rucksack-358208	2026-10-02
https://luxestyle.ch/products/3s-hd-smartwatch-mit-touchscreen-9c9cfe	2026-10-02
https://luxestyle.ch/products/4-achsen-drohne-894976	2026-10-02
https://luxestyle.ch/products/4-achsen-halter-621000	2026-10-02
https://luxestyle.ch/products/4-achsen-steuerung-kit-614300	2026-10-02
https://luxestyle.ch/products/4-band-equalizer-tonabnehmer-fur-e-piano-627100	2026-10-02
https://luxestyle.ch/products/4-in-1-augenbrauenstift-mit-drehbarer-perle-334784	2026-10-02
https://luxestyle.ch/products/4-in-1-auto-ladegerat-mit-ausziehbaren-kabeln-621700	2026-10-02
https://luxestyle.ch/products/4-in-1-auto-ladegerat-mit-sternenhimmel-ambien-610500	2026-10-02
https://luxestyle.ch/products/4-in-1-bauchtrainer-mit-rebound-funktion-620600	2026-10-02
https://luxestyle.ch/products/4-in-1-bronzing-puder-make-up-set-607000	2026-10-02
https://luxestyle.ch/products/4-in-1-cartoon-game-usb-hub-646100	2026-10-02
https://luxestyle.ch/products/4-in-1-faltbare-kabellose-ladestation-263425	2026-10-02
https://luxestyle.ch/products/4-in-1-farbwechselnde-foundation-404610	2026-10-02
https://luxestyle.ch/products/4-in-1-hochfrequenz-akne-stick-258752	2026-10-02
https://luxestyle.ch/products/4-in-1-kabelloses-ladegerat-10w-361088	2026-10-02
https://luxestyle.ch/products/4-in-1-kabelloses-ladegerat-8cf1bf	2026-10-02
https://luxestyle.ch/products/4-in-1-kabelloses-ladegerat-fur-uhr-kopfhorer-477376	2026-10-02
https://luxestyle.ch/products/4-in-1-kuchenrollenhalter-mit-folienabroller-643879	2026-10-02
https://luxestyle.ch/products/4-in-1-ladekabel-120-cm-205696	2026-10-02
https://luxestyle.ch/products/4-in-1-ladestation-dc09c9	2026-10-02
https://luxestyle.ch/products/4-in-1-ladestation-fur-alle-gerate-8ebcc2	2026-10-02
https://luxestyle.ch/products/4-in-1-ladestation-fur-switch-joy-cons-179200	2026-10-02
https://luxestyle.ch/products/4-in-1-lockenstab-haarglatter-25cc86	2026-10-02
https://luxestyle.ch/products/4-in-1-magnethalter-mit-rgb-licht-fur-iphone-a-153472	2026-10-02
https://luxestyle.ch/products/4-in-1-magnetischer-make-up-pinsel-600800	2026-10-02
https://luxestyle.ch/products/4-in-1-mini-make-up-pinsel-fur-die-augenpartie-852160	2026-10-02
https://luxestyle.ch/products/4-in-1-multi-funktions-kartenleser-88a2a4	2026-10-02
https://luxestyle.ch/products/4-in-1-multifunktionaler-beauty-pinsel-c709c3	2026-10-02
https://luxestyle.ch/products/4-in-1-multifunktions-fahrradleuchte-ed7ebe	2026-10-02
https://luxestyle.ch/products/4-in-1-multifunktions-make-up-pinsel-metallic-895232	2026-10-02
https://luxestyle.ch/products/4-in-1-rasierer-set-fur-sie-ihn-639000	2026-10-02
https://luxestyle.ch/products/4-in-1-reise-make-up-pinselset-224385	2026-10-02
https://luxestyle.ch/products/4-in-1-solar-dino-roboter-bausatz-73b28a	2026-10-02
https://luxestyle.ch/products/4-in-1-usb-kartenleser-fur-sd-tf-karten-8aaa10	2026-10-02
https://luxestyle.ch/products/4-in-1-usb-schnellladeadapter-furs-auto-486336	2026-10-02
https://luxestyle.ch/products/4-in-1-wireless-charger-fur-iphone-zubehor-311616	2026-10-02
https://luxestyle.ch/products/4-in-1-wireless-ladestation-fur-iphone-watch-a-8dbde2	2026-10-02
https://luxestyle.ch/products/4-in-1-wireless-ladestation-mit-schnellladefun-0bc33e	2026-10-02
https://luxestyle.ch/products/4-kamera-dashcam-675969	2026-10-02
https://luxestyle.ch/products/4-lagen-holzstab-organizer-mit-netztaschen-615700	2026-10-02
https://luxestyle.ch/products/4-lagige-atmungsaktive-staubfiltermaske-c8aaf8	2026-10-02
https://luxestyle.ch/products/4-lagiger-baumwollbadetuch-612000	2026-10-02
https://luxestyle.ch/products/4-personen-geschirr-set-aus-weizenstroh-614000	2026-10-02
https://luxestyle.ch/products/4-port-reise-ladegerat-mit-led-anzeige-6c67de	2026-10-02
https://luxestyle.ch/products/4-saison-leder-silikon-lenkradbezug-608000	2026-10-02
https://luxestyle.ch/products/4-schicht-metall-grinder-204224	2026-10-02
https://luxestyle.ch/products/4-stufiger-schokoladenbrunnen-639000	2026-10-02
https://luxestyle.ch/products/4-teiliges-bettwasche-set-aus-baumwolle-mit-sp-612500	2026-10-02
https://luxestyle.ch/products/4-teiliges-dusen-und-schaber-set-fur-silikonfu-063232	2026-10-02
https://luxestyle.ch/products/4-teiliges-gaming-set-tastatur-maus-headset-929792	2026-10-02
https://luxestyle.ch/products/4-teiliges-green-bean-reinigungsset-600600	2026-10-02
https://luxestyle.ch/products/4-teiliges-hochzeitsbettwasche-set-mit-sticker-211712	2026-10-02
https://luxestyle.ch/products/4-teiliges-make-up-set-puder-foundation-125120	2026-10-02
https://luxestyle.ch/products/4-teiliges-multifunktions-kochtopf-set-618500	2026-10-02
https://luxestyle.ch/products/4-teiliges-pp-schneidebrett-set-zum-auftauen-44fd5a	2026-10-02
https://luxestyle.ch/products/4-teiliges-professionelles-haarbursten-set-343873	2026-10-02
https://luxestyle.ch/products/4-ton-eyeshadowpalette-mit-erde-ton-traubenfar-635393	2026-10-02
https://luxestyle.ch/products/40-farben-lidschatten-palette-719488	2026-10-02
https://luxestyle.ch/products/40-farbige-augen-schatten-palette-607500	2026-10-02
https://luxestyle.ch/products/40-mm-eirollen-lockendreher-mit-lcd-bildschirm-612300	2026-10-02
https://luxestyle.ch/products/40l-outdoor-rucksack-wasserabweisend-526336	2026-10-02
https://luxestyle.ch/products/41l-vakuum-kompressionsbeutel-schwarz-604500	2026-10-02
https://luxestyle.ch/products/42-zoll-trolley-koffer-erweiterbar-065986	2026-10-02
https://luxestyle.ch/products/44-teiliges-kuchenhelfer-set-mit-holzgriff-44-621500	2026-10-02
https://luxestyle.ch/products/44-teiliges-kuhlerdruckprufgerat-637700	2026-10-02
https://luxestyle.ch/products/45-cm-pilates-yoga-faszienrolle-236864	2026-10-02
https://luxestyle.ch/products/45-farben-lidschatten-fur-den-fruhling-622000	2026-10-02
https://luxestyle.ch/products/45l-taktischer-rucksack-fur-outdoor-bergsteige-628200	2026-10-02
https://luxestyle.ch/products/45w-gan-ladegerat-fur-tablets-smartphones-lapt-632600	2026-10-02
https://luxestyle.ch/products/45w-power-bank-mit-kabel-20000-mah-629900	2026-10-02
https://luxestyle.ch/products/47-teilig-beauty-set-mit-pinsel-taschchen-608000	2026-10-02
https://luxestyle.ch/products/48-pin-steak-zartmacher-9afd36	2026-10-02
https://luxestyle.ch/products/480s-klebstoff-fur-autoreifen-und-mehr-7b67a6	2026-10-02
https://luxestyle.ch/products/48v-29ah-li-ion-akku-18650-523456	2026-10-02
https://luxestyle.ch/products/48v-hochdruck-wasserkanone-6-in-1-duse-fur-aut-531649	2026-10-02
https://luxestyle.ch/products/48v-soundkarte-fur-live-streaming-611000	2026-10-02
https://luxestyle.ch/products/48w-qc3-0-auto-ladegerat-mit-voltanzeige-604100	2026-10-02
https://luxestyle.ch/products/495-sekundenkleber-fur-diverse-materialien-628100	2026-10-02
https://luxestyle.ch/products/49er-set-weihnachtsbaumkugeln-aus-kunststoff-630000	2026-10-02
https://luxestyle.ch/products/4d-netz-badewannenkissen-mit-7-saugnapfen-804352	2026-10-02
https://luxestyle.ch/products/4drc-v50-rc-flugzeug-fur-kinder-608900	2026-10-02
https://luxestyle.ch/products/4er-pack-16340-li-ion-akkus-mit-usb-ladegerat-188994	2026-10-02
https://luxestyle.ch/products/4er-pack-cr123a-li-ion-akkus-mit-usb-ladegerat-259265	2026-10-02
https://luxestyle.ch/products/4er-schneidebrett-set-mit-antirutsch-stander-896065	2026-10-02
https://luxestyle.ch/products/4er-set-18650-li-ion-akkus-3000mah-007233	2026-10-02
https://luxestyle.ch/products/4er-set-aus-su-wasserperlen-halskette-ohrsteck-18c26d	2026-10-02
https://luxestyle.ch/products/4er-set-auto-rucksitzhaken-mit-handyhalterung-644738	2026-10-02
https://luxestyle.ch/products/4er-set-diy-fensterbilder-mit-kristalleffekt-716994	2026-10-02
https://luxestyle.ch/products/4er-set-faltbare-aufbewahrungstaschen-mit-reis-820097	2026-10-02
https://luxestyle.ch/products/4er-set-feuchttucherboxen-fur-unterwegs-236674	2026-10-02
https://luxestyle.ch/products/4er-set-kuhlpads-mit-tasche-und-gurt-861698	2026-10-02
https://luxestyle.ch/products/4er-set-latex-kauspielzeug-mit-sound-fur-hunde-459650	2026-10-02
https://luxestyle.ch/products/4er-set-nagel-glitzerpuder-fur-diy-manikure-607900	2026-10-02
https://luxestyle.ch/products/4er-set-pp-schneidebretter-fur-haushalt-frucht-601856	2026-10-02
https://luxestyle.ch/products/4er-set-pvc-fussmatten-fur-auto-suv-truck-schn-525954	2026-10-02
https://luxestyle.ch/products/4er-set-saucenschalchen-roter-panda-577600	2026-10-02
https://luxestyle.ch/products/4er-set-silikon-backformen-fur-heissluftfritte-650000	2026-10-02
https://luxestyle.ch/products/4er-set-socken-mit-fruchtemotiven-638300	2026-10-02
https://luxestyle.ch/products/4er-set-stapelbare-kleider-organizer-362946	2026-10-02
https://luxestyle.ch/products/4er-set-suppentfannen-aus-edelstahl-659700	2026-10-02
https://luxestyle.ch/products/4er-set-sushi-platten-im-boots-design-272642	2026-10-02
https://luxestyle.ch/products/4g-all-netcom-kinder-smartwatch-605900	2026-10-02
https://luxestyle.ch/products/4g-dual-mode-wlan-router-mit-super-signal-3c87be	2026-10-02
https://luxestyle.ch/products/4g-kinder-smartwatch-mit-gps-und-videoanruf-132544	2026-10-02
https://luxestyle.ch/products/4g-netcom-smartwatch-fur-kinder-391232	2026-10-02
https://luxestyle.ch/products/4g-ptz-uberwachungskamera-mit-solarpanel-614600	2026-10-02
https://luxestyle.ch/products/4g-smartwatch-fur-kinder-android-630100	2026-10-02
https://luxestyle.ch/products/4g-smartwatch-fur-kinder-mit-bluetooth-606700	2026-10-02
https://luxestyle.ch/products/4g-smartwatch-fur-kinder-mit-videoanruffunktio-365342	2026-10-02
https://luxestyle.ch/products/4k-action-kamera-fur-outdoor-sport-967488	2026-10-02
https://luxestyle.ch/products/4k-all-in-one-3d-gaming-headset-mit-smart-vr-b-614300	2026-10-02
https://luxestyle.ch/products/4k-bewegungskamera-fb3c02	2026-10-02
https://luxestyle.ch/products/4k-drohne-mit-fernsteuerung-a71828	2026-10-02
https://luxestyle.ch/products/4k-dual-objektiv-sportkamera-mit-nachtsicht-154369	2026-10-02
https://luxestyle.ch/products/4k-game-capture-box-fur-streaming-381696	2026-10-02
https://luxestyle.ch/products/4k-gaming-set-top-box-audio-recorder-603600	2026-10-02
https://luxestyle.ch/products/4k-hd-action-kamera-mit-brustgurt-606600	2026-10-02
https://luxestyle.ch/products/4k-hd-drohne-mit-doppelkamera-hinderniserkennu-805248	2026-10-02
https://luxestyle.ch/products/4k-hd-quadcopter-mit-fernsteuerung-2705c3	2026-10-02
https://luxestyle.ch/products/4k-hd-quadrocopter-fur-luftaufnahmen-957376	2026-10-02
https://luxestyle.ch/products/4k-hd-wasserdichte-action-kamera-mit-fernbedie-625700	2026-10-02
https://luxestyle.ch/products/4k-hd-wi-fi-action-kamera-f9d8f2	2026-10-02
https://luxestyle.ch/products/4k-hd-wireless-open-source-gaming-konsole-600100	2026-10-02
https://luxestyle.ch/products/4k-hdmi-videospielkonsole-5a2af5	2026-10-02
https://luxestyle.ch/products/4k-mini-sport-kamera-wasserdicht-a45760	2026-10-02
https://luxestyle.ch/products/4k-panorama-sportkamera-mit-dual-objektiv-640066	2026-10-02
https://luxestyle.ch/products/4k-quadrocopter-mit-dual-kamera-1a81c7	2026-10-02
https://luxestyle.ch/products/4k-sportkamera-361472	2026-10-02
https://luxestyle.ch/products/4k-wireless-controller-mit-android-11-bluetoot-604500	2026-10-02
https://luxestyle.ch/products/4l-trinkbrunnen-fur-haustiere-634800	2026-10-02
https://luxestyle.ch/products/4mm-diamant-armband-fur-herren-602700	2026-10-02
https://luxestyle.ch/products/5-core-gitarrenplektren-12er-set-266817	2026-10-02
https://luxestyle.ch/products/5-core-megaphon-50w-bluetooth-akku-1000m-reich-365954	2026-10-02
https://luxestyle.ch/products/5-core-noten-und-buchstander-verstellbar-563458	2026-10-02
https://luxestyle.ch/products/5-core-plektren-set-12-stuck-115201	2026-10-02
https://luxestyle.ch/products/5-core-xlr-dynamisches-metallmikrofon-713474	2026-10-02
https://luxestyle.ch/products/5-fach-rasierer-8b8e3e	2026-10-02
https://luxestyle.ch/products/5-farben-gradient-palette-fur-augen-4af074	2026-10-02
https://luxestyle.ch/products/5-in-1-fruhstucks-und-geback-maker-628000	2026-10-02
https://luxestyle.ch/products/5-in-1-gesichts-und-korperpflegegerat-8b2603	2026-10-02
https://luxestyle.ch/products/5-in-1-haarschneider-set-fur-herren-605100	2026-10-02
https://luxestyle.ch/products/5-in-1-haarstyling-tool-569792	2026-10-02
https://luxestyle.ch/products/5-in-1-hei-luft-burste-multifunktionaler-hochl-627000	2026-10-02
https://luxestyle.ch/products/5-in-1-hunde-futterschale-anti-choke-anti-ruts-612300	2026-10-02
https://luxestyle.ch/products/5-in-1-keramik-lockenstab-set-401152	2026-10-02
https://luxestyle.ch/products/5-in-1-lunchbox-mit-schnellheizung-fur-zuhause-617800	2026-10-02
https://luxestyle.ch/products/5-in-1-magnetisches-wireless-ladegerat-mit-nac-274304	2026-10-02
https://luxestyle.ch/products/5-in-1-manicure-und-pedicure-set-kabellos-432576	2026-10-02
https://luxestyle.ch/products/5-in-1-multifunktions-lockenstab-mit-digitalan-607000	2026-10-02
https://luxestyle.ch/products/5-in-1-outdoor-tool-mit-karabiner-608500	2026-10-02
https://luxestyle.ch/products/5-in-1-ultraschall-gesichtsreinigungsgerat-736064	2026-10-02
https://luxestyle.ch/products/5-in-1-warmluftstyler-lockenstab-622200	2026-10-02
https://luxestyle.ch/products/5-kamera-fahrt-recorder-438210	2026-10-02
https://luxestyle.ch/products/5-kamera-fahrzeugaufzeichner-1080p-hd-nachtsic-642050	2026-10-02
https://luxestyle.ch/products/5-kamera-fahrzeugrecorder-276993	2026-10-02
https://luxestyle.ch/products/5-lagige-schmuck-und-kosmetikbox-aus-leder-766912	2026-10-02
https://luxestyle.ch/products/5-lagiges-handgewebtes-armband-601700	2026-10-02
https://luxestyle.ch/products/5-make-up-pinsel-mit-metallgriff-274624	2026-10-02
https://luxestyle.ch/products/5-meerjungfrauen-make-up-pinsel-aea7ad	2026-10-02
https://luxestyle.ch/products/5-paar-falsche-wimpern-faux-mink-204737	2026-10-02
https://luxestyle.ch/products/5-paar-foxy-3d-wimpern-mit-transparentem-band-799681	2026-10-02
https://luxestyle.ch/products/5-panel-cap-sprint-nylon-schwarz	2026-10-02
https://luxestyle.ch/products/5-port-usb-ladegerat-mit-uberhitzungsschutz-3e156a	2026-10-02
https://luxestyle.ch/products/5-schicht-regal-400896	2026-10-02
https://luxestyle.ch/products/5-sterne-hotel-daunenkissen-mit-gansedaunen-863616	2026-10-02
https://luxestyle.ch/products/5-sterne-hotel-kissen-feder-samt-fullung-ea268d	2026-10-02
https://luxestyle.ch/products/5-sterne-hotelkissen-57260f	2026-10-02
https://luxestyle.ch/products/5-stufen-vakuumgerat-mit-hot-cold-lichttherapi-625537	2026-10-02
https://luxestyle.ch/products/5-stufige-handtuchleiter-aus-eisen-schwarz-953730	2026-10-02
https://luxestyle.ch/products/5-teiliges-dentalhygiene-set-aus-edelstahl-605200	2026-10-02
https://luxestyle.ch/products/5-teiliges-latex-widerstandsband-set-5-stuck-717440	2026-10-02
https://luxestyle.ch/products/5-teiliges-leinwandbild-abstrakter-jesus-335744	2026-10-02
https://luxestyle.ch/products/5-teiliges-lip-glaze-lippenstift-set-629500	2026-10-02
https://luxestyle.ch/products/5-teiliges-make-up-pinselset-mit-metallgriff-181696	2026-10-02
https://luxestyle.ch/products/5-teiliges-make-up-pinselset-small-waist-b4bd55	2026-10-02
https://luxestyle.ch/products/5-teiliges-reinigungsset-fur-haustiere-07bd4e	2026-10-02
https://luxestyle.ch/products/5-teiliges-rucksack-set-mit-grosser-kapazitat-836160	2026-10-02
https://luxestyle.ch/products/5-teiliges-topfset-mit-goldgriffen-aus-edelsta-623100	2026-10-02
https://luxestyle.ch/products/5-transparenz-hand-makeup-bursten-c7902a	2026-10-02
https://luxestyle.ch/products/50-farben-concealer-palette-gegen-augenringe-r-905152	2026-10-02
https://luxestyle.ch/products/50er-jahre-minijupe-fga901079	2026-10-02
https://luxestyle.ch/products/50er-jahre-minijupe-schwarz-gepunktet-fga901076	2026-10-02
https://luxestyle.ch/products/50er-set-munzboxen-mit-aufbewahrung-618500	2026-10-02
https://luxestyle.ch/products/50er-set-transparente-tortenboxen-50-stuck-790848	2026-10-02
https://luxestyle.ch/products/50l-campingrucksack-fur-damen-und-herren-986240	2026-10-02
https://luxestyle.ch/products/50w-multi-port-ladegerat-mit-lufter-619100	2026-10-02
https://luxestyle.ch/products/54er-aquarell-set-fur-kreatives-make-up-615200	2026-10-02
https://luxestyle.ch/products/54w-uv-led-nagellampe-mit-dual-lichtquelle-949888	2026-10-02
https://luxestyle.ch/products/59-teiliges-diamond-painting-werkzeugset-607937	2026-10-02
https://luxestyle.ch/products/5core-notenhalter-clip-aus-robustem-kunststoff-145665	2026-10-02
https://luxestyle.ch/products/5d-diamantmalerei-rose-368000	2026-10-02
https://luxestyle.ch/products/5d-diamond-painting-614976	2026-10-02
https://luxestyle.ch/products/5d-diamond-painting-cartoon-girl-546240	2026-10-02
https://luxestyle.ch/products/5d-diamond-painting-halloween-totenkopf-555072	2026-10-02
https://luxestyle.ch/products/5d-diamond-painting-kranz-mit-speziellen-diama-155776	2026-10-02
https://luxestyle.ch/products/5d-diamond-painting-landschaft-042752	2026-10-02
https://luxestyle.ch/products/5d-diamond-painting-marchenmondboot-585472	2026-10-02
https://luxestyle.ch/products/5d-diamond-painting-mit-spezialsteinen-fd8dd2	2026-10-02
https://luxestyle.ch/products/5d-diamond-painting-night-walk-a7e1dd	2026-10-02
https://luxestyle.ch/products/5d-diamond-painting-rund-oder-quadrat-diamante-58625d	2026-10-02
https://luxestyle.ch/products/5d-diamond-painting-schmuckkastchen-diy-217216	2026-10-02
https://luxestyle.ch/products/5d-diamond-painting-set-fur-kunstler-e5a45c	2026-10-02
https://luxestyle.ch/products/5d-diamond-painting-stickerei-wohnzimmer-826240	2026-10-02
https://luxestyle.ch/products/5d-diamond-painting-zen-art-098048	2026-10-02
https://luxestyle.ch/products/5d-diy-diamant-painting-bunte-rosen-30x30cm-2b9963	2026-10-02
https://luxestyle.ch/products/5d-laser-diamant-sticker-fur-kinder-579904	2026-10-02
https://luxestyle.ch/products/5er-pack-quietsch-pluschtiere-fur-hunde-513089	2026-10-02
https://luxestyle.ch/products/5er-set-kleidersacke-fur-hangende-kleidung-991106	2026-10-02
https://luxestyle.ch/products/5er-set-messing-anhanger-mit-zirkonia-pave-775874	2026-10-02
https://luxestyle.ch/products/5g-dual-band-schwenk-neige-kamera-mit-gegenspr-894848	2026-10-02
https://luxestyle.ch/products/5m-roll-leine-fur-hunde-bis-40kg-10f3f4	2026-10-02
https://luxestyle.ch/products/6-achsen-roboterarm-lernplattform-622900	2026-10-02
https://luxestyle.ch/products/6-blatter-portabler-shaker-mixer-633408	2026-10-02
https://luxestyle.ch/products/6-fach-festplattengehause-fur-5-25-laufwerkssc-591936	2026-10-02
https://luxestyle.ch/products/6-farb-set-lippenstift-matte-mist-334528	2026-10-02
https://luxestyle.ch/products/6-farben-bronzierungspalette-15-g-dd0e97	2026-10-02
https://luxestyle.ch/products/6-farben-solid-color-gel-nagellack-set-c28ab3	2026-10-02
https://luxestyle.ch/products/6-farben-wasserfester-nude-matt-lippenstift-798464	2026-10-02
https://luxestyle.ch/products/6-farbiger-eyeliner-stift-607800	2026-10-02
https://luxestyle.ch/products/6-in-1-haarstyling-set-620000	2026-10-02
https://luxestyle.ch/products/6-in-1-kabel-controller-mit-makro-programmieru-588544	2026-10-02
https://luxestyle.ch/products/6-in-1-lockenstab-glatteisen-mit-led-anzeige-149248	2026-10-02
https://luxestyle.ch/products/6-in-1-lockenstab-set-mit-keramikaufsatzen-902080	2026-10-02
https://luxestyle.ch/products/6-in-1-multifunktions-ventilator-850306	2026-10-02
https://luxestyle.ch/products/6-in-1-verlangerungsgel-fur-nagel-15ml-607500	2026-10-02
https://luxestyle.ch/products/6-in-1-warmluftkamm-fur-styling-volumen-639000	2026-10-02
https://luxestyle.ch/products/6-kanal-fernsteuerung-mit-3d-6g-modus-016512	2026-10-02
https://luxestyle.ch/products/6-matte-lipliner-im-set-623900	2026-10-02
https://luxestyle.ch/products/6-paar-20d-ultra-sheer-tights-mit-shaping-hosc-791425	2026-10-02
https://luxestyle.ch/products/6-paar-plus-size-strumpfhosen-fur-damen-556481	2026-10-02
https://luxestyle.ch/products/6-teiliges-bad-set-aus-kunststoff-631300	2026-10-02
https://luxestyle.ch/products/6-teiliges-badtuch-set-aus-baumwolle-611200	2026-10-02
https://luxestyle.ch/products/6-teiliges-kinder-geschirr-set-in-flugzeug-des-624000	2026-10-02
https://luxestyle.ch/products/6-teiliges-kochbesteck-set-aus-edelstahl-18d075	2026-10-02
https://luxestyle.ch/products/6-teiliges-kuchenhelfer-set-aus-edelstahl-640128	2026-10-02
https://luxestyle.ch/products/6-teiliges-kuchenhelfer-set-edelstahl-silikon-934464	2026-10-02
https://luxestyle.ch/products/6-teiliges-kuchenhelfer-set-rosegold-748800	2026-10-02
https://luxestyle.ch/products/6-teiliges-parfum-set-fur-damen-652161	2026-10-02
https://luxestyle.ch/products/6-teiliges-reise-organizer-set-fur-kleidung-359040	2026-10-02
https://luxestyle.ch/products/6-teiliges-reise-organizer-set-mit-reissversch-624900	2026-10-02
https://luxestyle.ch/products/60-farben-nagelkleber-set-ablosbar-515840	2026-10-02
https://luxestyle.ch/products/60-l-tarn-rucksack-fur-reisen-und-camping-557952	2026-10-02
https://luxestyle.ch/products/600-lumen-fahrrad-frontlicht-schwarz-gra-696128	2026-10-02
https://luxestyle.ch/products/60000-ma-powerbank-mit-super-schnellladefunkti-604200	2026-10-02
https://luxestyle.ch/products/60l-wanderrucksack-mit-regenschutz-571264	2026-10-02
https://luxestyle.ch/products/60l-wasserdichter-wander-und-reise-rucksack-931840	2026-10-02
https://luxestyle.ch/products/65-w-gan-schnellladegerat-usb-c-618500	2026-10-02
https://luxestyle.ch/products/65w-fast-charge-telescopic-type-c-line-charger-614600	2026-10-02
https://luxestyle.ch/products/65w-gan-ladegerat-mit-us-stecker-616800	2026-10-02
https://luxestyle.ch/products/65w-gan-type-c-schnellladeadapter-607000	2026-10-02
https://luxestyle.ch/products/65w-pd-gan-ladegerat-fur-smartphones-laptops-600000	2026-10-02
https://luxestyle.ch/products/65w-usb-c-pd-laptop-ladeadapter-605900	2026-10-02
https://luxestyle.ch/products/660w-gallium-nitride-multiport-ladegerat-614700	2026-10-02
https://luxestyle.ch/products/66w-schnellladegerat-typ-b-502145	2026-10-02
https://luxestyle.ch/products/67w-gan-3-port-schnellladegerat-779968	2026-10-02
https://luxestyle.ch/products/6er-pack-katzenminze-spielzeug-q-tip-sticks-620354	2026-10-02
https://luxestyle.ch/products/6er-pinsel-set-fur-detailliertes-augen-make-up-603700	2026-10-02
https://luxestyle.ch/products/6er-pinsel-set-fur-schnelles-make-up-612224	2026-10-02
https://luxestyle.ch/products/6er-set-atherische-ole-16061b	2026-10-02
https://luxestyle.ch/products/6er-set-badetucher-100-baumwolle-634300	2026-10-02
https://luxestyle.ch/products/6er-set-diamond-painting-schlusselanhanger-69b9f1	2026-10-02
https://luxestyle.ch/products/6er-set-facherpinsel-fur-gouache-und-aquarell-314944	2026-10-02
https://luxestyle.ch/products/6er-set-handtuchhalter-aus-zinklegierung-605300	2026-10-02
https://luxestyle.ch/products/6er-set-komprimierbare-reise-organizer-616200	2026-10-02
https://luxestyle.ch/products/6er-set-matter-flussig-lippenstifte-665153	2026-10-02
https://luxestyle.ch/products/6er-set-nylonhaarbursten-fur-skizzen-malerei-616200	2026-10-02
https://luxestyle.ch/products/6er-set-stretch-stuhlbezuge-527490	2026-10-02
https://luxestyle.ch/products/6er-set-transparente-aufbewahrungsboxen-mit-do-110465	2026-10-02
https://luxestyle.ch/products/6l-mini-kuhlschrank-fur-getranke-629400	2026-10-02
https://luxestyle.ch/products/7-chakra-energie-balance-yogamatte-802752	2026-10-02
https://luxestyle.ch/products/7-chakra-wickelarmband-harmony-naturstein	2026-10-02
https://luxestyle.ch/products/7-farben-led-lichttherapie-maske-603300	2026-10-02
https://luxestyle.ch/products/7-farben-lichttherapie-hals-und-gesichtsgerat-611300	2026-10-02
https://luxestyle.ch/products/7-farben-lichttherapie-handgerat-615300	2026-10-02
https://luxestyle.ch/products/7-farbige-multifunktions-eyeshadowpalette-erde-249025	2026-10-02
https://luxestyle.ch/products/7-in-1-arcade-stick-fur-diverse-konsolen-301120	2026-10-02
https://luxestyle.ch/products/7-in-1-gesichtsreiniger-lifter-216832	2026-10-02
https://luxestyle.ch/products/7-in-1-kabelloses-schnellladegerat-626300	2026-10-02
https://luxestyle.ch/products/7-in-1-multifunktions-abisolierzange-896192	2026-10-02
https://luxestyle.ch/products/7-in-1-warmluftburste-mit-anionenfunktion-623900	2026-10-02
https://luxestyle.ch/products/7-tage-pillendose-mit-3-fachern-pro-tag-935554	2026-10-02
https://luxestyle.ch/products/7-teiliges-aluminium-kochgeschirr-set-7-stuck-606800	2026-10-02
https://luxestyle.ch/products/7-teiliges-kabelloses-elektrobursten-set-638100	2026-10-02
https://luxestyle.ch/products/7-teiliges-kochgeschirr-set-aus-gusseisen-emai-635700	2026-10-02
https://luxestyle.ch/products/7-teiliges-kuchenhelfer-set-aus-edelstahl-3f1004	2026-10-02
https://luxestyle.ch/products/7-teiliges-kuchenhelfer-set-edelstahl-silikon-652864	2026-10-02
https://luxestyle.ch/products/7-teiliges-lidschattenpinsel-set-super-soft-179776	2026-10-02
https://luxestyle.ch/products/7-teiliges-liquid-crystal-make-up-pinselset-977efe	2026-10-02
https://luxestyle.ch/products/7-teiliges-make-up-pinselset-634400	2026-10-02
https://luxestyle.ch/products/7-teiliges-nagelverlangerungs-set-7-stuck-159936	2026-10-02
https://luxestyle.ch/products/7-teiliges-plusch-welpenspielzeug-set-mit-soun-608600	2026-10-02
https://luxestyle.ch/products/7-teiliges-silikon-kuchen-set-627200	2026-10-02
https://luxestyle.ch/products/7-teiliges-transparentes-make-up-pinselset-857856	2026-10-02
https://luxestyle.ch/products/7-zoll-ruckfahrdisplay-a0bae2	2026-10-02
https://luxestyle.ch/products/7-zoll-steel-tongue-drum-little-bear-097410	2026-10-02
https://luxestyle.ch/products/70-liter-freizeit-und-reise-rucksack-610300	2026-10-02
https://luxestyle.ch/products/7047-rennmotorrad-bausteine-fur-kinder-823296	2026-10-02
https://luxestyle.ch/products/72-farben-langanhaltendes-lidschatten-buch-628800	2026-10-02
https://luxestyle.ch/products/72-teiliges-zeichen-und-malset-mit-kohlestifte-30b605	2026-10-02
https://luxestyle.ch/products/720p-full-hd-mini-beamer-mit-autofokus-623700	2026-10-02
https://luxestyle.ch/products/72v20ah-e-scooter-auto-ladegerat-244736	2026-10-02
https://luxestyle.ch/products/76-teiliges-mal-und-skizzier-set-634700	2026-10-02
https://luxestyle.ch/products/78-farben-make-up-set-lidschatten-lippenstift-556480	2026-10-02
https://luxestyle.ch/products/7er-make-up-pinselset-71ac86	2026-10-02
https://luxestyle.ch/products/7er-mini-make-up-pinselset-im-reise-etui-458624	2026-10-02
https://luxestyle.ch/products/7er-set-kompressions-reisetaschen-616400	2026-10-02
https://luxestyle.ch/products/7er-set-transparente-vorratsdosen-619400	2026-10-02
https://luxestyle.ch/products/7kw-ac-ladestation-fur-e-fahrzeuge-gbt-602500	2026-10-02
https://luxestyle.ch/products/8-bit-mini-fc620av-retro-game-konsole-wireless-823104	2026-10-02
https://luxestyle.ch/products/8-cm-breites-satinband-verschiedene-farben-585728	2026-10-02
https://luxestyle.ch/products/8-deko-hanger-totenkopfe-fga41772	2026-10-02
https://luxestyle.ch/products/8-facher-aufbewahrungsbox-tragbar-618400	2026-10-02
https://luxestyle.ch/products/8-facher-teebeutel-box-mit-deckel-618300	2026-10-02
https://luxestyle.ch/products/8-farben-einweg-haarfarbe-puder-set-865856	2026-10-02
https://luxestyle.ch/products/8-farben-eye-shadow-platte-706880	2026-10-02
https://luxestyle.ch/products/8-farben-highlighting-puder-fur-ausstrahlung-621200	2026-10-02
https://luxestyle.ch/products/8-farben-neon-flussig-eyeliner-626400	2026-10-02
https://luxestyle.ch/products/8-farbige-flussig-augen-schatten-615800	2026-10-02
https://luxestyle.ch/products/8-funktionen-hochdruck-reinigungspistole-840640	2026-10-02
https://luxestyle.ch/products/8-gitter-gt-rennauto-baustein-puzzle-623800	2026-10-02
https://luxestyle.ch/products/8-in-1-haarstyling-set-605800	2026-10-02
https://luxestyle.ch/products/8-in-1-multifunktions-duse-fur-auto-garten-624768	2026-10-02
https://luxestyle.ch/products/8-in-1-multifunktions-ratschenschraubendreher-629100	2026-10-02
https://luxestyle.ch/products/8-in-1-stylingkamm-anti-warp-lockenwickler-967936	2026-10-02
https://luxestyle.ch/products/8-port-usb-netzteil-fur-mobilgerate-2aca66	2026-10-02
https://luxestyle.ch/products/8-teiliges-air-cushion-make-up-set-945728	2026-10-02
https://luxestyle.ch/products/8-teiliges-bento-box-set-mit-thermotasche-628400	2026-10-02
https://luxestyle.ch/products/8-teiliges-dino-geschirrset-fur-kinder-789248	2026-10-02
https://luxestyle.ch/products/8-teiliges-korkbohrer-set-fur-holz-307392	2026-10-02
https://luxestyle.ch/products/8-teiliges-lidschattenpinsel-set-mit-holzmaser-619904	2026-10-02
https://luxestyle.ch/products/8-teiliges-make-up-pinselset-952704	2026-10-02
https://luxestyle.ch/products/8-teiliges-make-up-pinselset-crystal-73e164	2026-10-02
https://luxestyle.ch/products/8-teiliges-make-up-pinselset-grun-schimmernd-b66681	2026-10-02
https://luxestyle.ch/products/8-teiliges-make-up-pinselset-mit-aufbewahrung-459584	2026-10-02
https://luxestyle.ch/products/8-teiliges-make-up-pinselset-mit-aufbewahrungs-622300	2026-10-02
https://luxestyle.ch/products/8-teiliges-make-up-set-floral-jade-877312	2026-10-02
https://luxestyle.ch/products/8-teiliges-messbecher-und-loffel-set-614100	2026-10-02
https://luxestyle.ch/products/8-teiliges-reise-organizer-set-600101	2026-10-02
https://luxestyle.ch/products/8-teiliges-samt-lip-lacquer-set-607200	2026-10-02
https://luxestyle.ch/products/8-teiliges-silikon-spatel-und-loffel-set-898880	2026-10-02
https://luxestyle.ch/products/8-ton-stahlzungen-trommel-140161	2026-10-02
https://luxestyle.ch/products/80-s-girl-kostum-fgss9884	2026-10-02
https://luxestyle.ch/products/800w-gallium-nitride-pd-tischladegerat-626300	2026-10-02
https://luxestyle.ch/products/80er-jahre-perucke-blond-fga901854	2026-10-02
https://luxestyle.ch/products/80ies-jogginganzug-fgss0020t	2026-10-02
https://luxestyle.ch/products/80w-uv-led-nagellampe-fur-gel-nagel-e624fb	2026-10-02
https://luxestyle.ch/products/822-zoo-umfassender-park-bausteine-722048	2026-10-02
https://luxestyle.ch/products/83-teiliges-silikon-giessformen-epoxy-set-be1690	2026-10-02
https://luxestyle.ch/products/84w-led-uv-nagellampe-mit-rotlicht-082496	2026-10-02
https://luxestyle.ch/products/88-farben-lidschatten-palette-720256	2026-10-02
https://luxestyle.ch/products/8837-herren-business-quarzuhr-wasserdicht-692800	2026-10-02
https://luxestyle.ch/products/88er-lidschatten-palette-f84935	2026-10-02
https://luxestyle.ch/products/8er-handtuch-set-anthrazit-443778	2026-10-02
https://luxestyle.ch/products/8er-set-hakelnadeln-mit-led-licht-4ba2b3	2026-10-02
https://luxestyle.ch/products/8er-set-make-up-pinsel-mit-diamant-besatz-614336	2026-10-02
https://luxestyle.ch/products/8er-set-neon-liquid-eyeliner-615200	2026-10-02
https://luxestyle.ch/products/8er-set-verschachtelte-mahlzeiten-schusseln-639400	2026-10-02
https://luxestyle.ch/products/8k-android-tv-box-mit-dual-band-wifi-621248	2026-10-02
https://luxestyle.ch/products/8k-aufklarungsdrohne-mit-fernsteuerung-799872	2026-10-02
https://luxestyle.ch/products/8k-drohne-fur-profi-aufnahmen-880960	2026-10-02
https://luxestyle.ch/products/8k-luftbild-drohne-609000	2026-10-02
https://luxestyle.ch/products/8k-quadrocopter-mit-hindernisvermeidung-481728	2026-10-02
https://luxestyle.ch/products/8w-solar-faltpanel-fur-outdoor-stromversorgung-609800	2026-10-02
https://luxestyle.ch/products/9-farben-augen-schatten-palette-631600	2026-10-02
https://luxestyle.ch/products/9-farben-lidschatten-palette-matt-perlglanz-373440	2026-10-02
https://luxestyle.ch/products/9-farben-matte-lidschatten-palette-615600	2026-10-02
https://luxestyle.ch/products/9-make-up-pinsel-beige-synthetik-603700	2026-10-02
https://luxestyle.ch/products/9-teiliges-fondant-gravierstift-set-713536	2026-10-02
https://luxestyle.ch/products/9-teiliges-kuchenhelfer-set-im-stoffbeutel-9-s-619500	2026-10-02
https://luxestyle.ch/products/9-teiliges-make-up-pinselset-mit-aufbewahrungs-332480	2026-10-02
https://luxestyle.ch/products/9-teiliges-messbecher-set-edelstahl-rosegold-d73e53	2026-10-02
https://luxestyle.ch/products/9-teiliges-ohrenschmalz-entfernungsset-aus-sta-467968	2026-10-02
https://luxestyle.ch/products/9-teiliges-pinsel-set-aus-kleinpferdehaar-062784	2026-10-02
https://luxestyle.ch/products/9-teiliges-pinselset-fur-make-up-artists-c5dfef	2026-10-02
https://luxestyle.ch/products/9-teiliges-reinigungsset-fur-auto-603800	2026-10-02
https://luxestyle.ch/products/9-teiliges-twill-reise-organizer-set-618400	2026-10-02
https://luxestyle.ch/products/9-teiliges-universal-autositzbezug-set-228224	2026-10-02
https://luxestyle.ch/products/9-zoll-suppenschale-a722e5	2026-10-02
https://luxestyle.ch/products/90-kugeln-im-netz-2-cm-fga81633	2026-10-02
https://luxestyle.ch/products/90-lottoballe-fur-zahlenmischer-fga67383	2026-10-02
https://luxestyle.ch/products/90-teiliges-torten-drehset-90-stuck-6a3e60	2026-10-02
https://luxestyle.ch/products/90w-lotspitze-messerformig-5mm-637100	2026-10-02
https://luxestyle.ch/products/925-silber-armband-cerchio-circle-link	2026-10-02
https://luxestyle.ch/products/925-silber-armband-maglia-mesh-verstellbar	2026-10-02
https://luxestyle.ch/products/925-silber-armband-onda-kleeblatt-glieder	2026-10-02
https://luxestyle.ch/products/925-silber-fusskettchen-riva-emaille-perlen	2026-10-02
https://luxestyle.ch/products/925-silber-marquise-ring-mit-diamanten-636900	2026-10-02
https://luxestyle.ch/products/925-silber-ring-313216	2026-10-02
https://luxestyle.ch/products/925-silber-ring-anello-mesh-verstellbar	2026-10-02
https://luxestyle.ch/products/925-silber-ring-fleur-filigrane-blute	2026-10-02
https://luxestyle.ch/products/925-sterling-silber-ohrstecker-mit-naturlichen-38d4d5	2026-10-02
https://luxestyle.ch/products/925-sterlingsilber-barockperle-halskette-in-go-763520	2026-10-02
https://luxestyle.ch/products/96-teiliges-5d-diamond-painting-werkzeug-set-578752	2026-10-02
https://luxestyle.ch/products/96w-high-power-uv-led-nagellampe-629800	2026-10-02
https://luxestyle.ch/products/99-farben-lidschatten-palette-218304	2026-10-02
https://luxestyle.ch/products/992-gt3-polizei-sportwagen-modellbausatz-752960	2026-10-02
https://luxestyle.ch/products/999-silber-anhanger-fortuna-glucksmunze-filigran	2026-10-02
https://luxestyle.ch/products/999-silber-armband-trefle-kleeblatt-mit-zirkonia	2026-10-02
https://luxestyle.ch/products/9er-make-up-pinsel-set-gold-875264	2026-10-02
https://luxestyle.ch/products/9l-taktischer-mini-rucksack-618800	2026-10-02
https://luxestyle.ch/products/9mm-mini-haarglatter-mit-zwei-thermostaten-612000	2026-10-02
https://luxestyle.ch/products/9mm-super-slim-lockenstab-fur-ringellockchen-593152	2026-10-02
https://luxestyle.ch/products/9v-alkaline-batterien-12er-pack-086402	2026-10-02
https://luxestyle.ch/products/9v-lithium-polymer-akku-2-stuck-556992	2026-10-02
https://luxestyle.ch/products/9v-multimeter-li-ion-akku-wiederaufladbar-602000	2026-10-02
https://luxestyle.ch/products/a-frame-anhangerkupplung-im-us-stil-608300	2026-10-02
https://luxestyle.ch/products/a-linie-mid-length-rock-633000	2026-10-02
https://luxestyle.ch/products/a-linien-blusenkleid-mit-3-4-armeln-634800	2026-10-02
https://luxestyle.ch/products/a-linien-denim-shorts-mit-fransen-627400	2026-10-02
https://luxestyle.ch/products/a-linien-halterneck-kleid-mit-spitze-612900	2026-10-02
https://luxestyle.ch/products/a-linien-jeanskleid-mit-knopfleiste-618200	2026-10-02
https://luxestyle.ch/products/a-linien-jupe-im-franzosischen-stil-610500	2026-10-02
https://luxestyle.ch/products/a-linien-jupe-mit-hoher-taille-617200	2026-10-02
https://luxestyle.ch/products/a-linien-jupe-mit-spitze-hoher-bund-633600	2026-10-02
https://luxestyle.ch/products/a-linien-kleid-aus-viskose-mit-kurzen-armeln-620800	2026-10-02
https://luxestyle.ch/products/a-linien-kleid-in-frischem-stil-fur-grosse-gro-608300	2026-10-02
https://luxestyle.ch/products/a-linien-kleid-mit-blumenprint-und-westendesig-615100	2026-10-02
https://luxestyle.ch/products/a-linien-kleid-mit-mesh-armeln-603700	2026-10-02
https://luxestyle.ch/products/a-linien-kleid-mit-neckholder-und-stickerei-629500	2026-10-02
https://luxestyle.ch/products/a-linien-kleid-mit-ruschenarmeln-618700	2026-10-02
https://luxestyle.ch/products/a-linien-kleid-mit-spitze-und-ruschen-616000	2026-10-02
https://luxestyle.ch/products/a-linien-maxikleid-mit-rundhals-605200	2026-10-02
https://luxestyle.ch/products/a-linien-maxirock-mit-hoher-taille-und-spitze-639800	2026-10-02
https://luxestyle.ch/products/a-linien-midi-jupe-mit-ausgestelltem-saum-619600	2026-10-02
https://luxestyle.ch/products/a-linien-midi-jupe-mit-stufen-und-blumenmuster-638100	2026-10-02
https://luxestyle.ch/products/a-linien-midikleid-mit-blumenprint-623800	2026-10-02
https://luxestyle.ch/products/a-linien-midirock-fur-grosse-grossen-614000	2026-10-02
https://luxestyle.ch/products/a-linien-mini-kleid-mit-puffarmeln-614200	2026-10-02
https://luxestyle.ch/products/a-linien-minikleid-mit-blumenmuster-628600	2026-10-02
https://luxestyle.ch/products/a-linien-minirock-aus-baumwolle-619100	2026-10-02
https://luxestyle.ch/products/a-linien-minirock-mit-hohem-bund-635300	2026-10-02
https://luxestyle.ch/products/a-linien-minirock-mit-ruschen-627200	2026-10-02
https://luxestyle.ch/products/a-linien-minirock-mit-schleife-628500	2026-10-02
https://luxestyle.ch/products/a-linien-rock-mit-blumenmuster-611500	2026-10-02
https://luxestyle.ch/products/a-linien-rock-mit-farbverlauf-print-621400	2026-10-02
https://luxestyle.ch/products/a-linien-rock-mit-gurtel-im-hahnentrittmuster-628900	2026-10-02
https://luxestyle.ch/products/a-linien-strickkleid-mit-3-4-armeln-619300	2026-10-02
https://luxestyle.ch/products/a-linien-strickkleid-mit-kapuze-612900	2026-10-02
https://luxestyle.ch/products/a-linien-strickkleid-mit-kurzen-armeln-605500	2026-10-02
https://luxestyle.ch/products/a-linien-strickkleid-mit-pompon-und-taillengur-633000	2026-10-02
https://luxestyle.ch/products/a-linien-tennisrock-mit-anti-expositions-unter-618900	2026-10-02
https://luxestyle.ch/products/a-linien-tragerkleid-mit-taillenschnurung-628000	2026-10-02
https://luxestyle.ch/products/a-linien-utility-rock-mit-asymmetrischem-saum-639800	2026-10-02
https://luxestyle.ch/products/a-linien-wickelkleid-mit-v-ausschnitt-und-kurz-612400	2026-10-02
https://luxestyle.ch/products/a1-smartwatch-mit-bluetooth-und-kamera-341760	2026-10-02
https://luxestyle.ch/products/a19-4-3-screen-grau-dual-battery-593603	2026-10-02
https://luxestyle.ch/products/a5-notizbuch-im-retro-stil-634100	2026-10-02
https://luxestyle.ch/products/a58plus-smartwatch-620400	2026-10-02
https://luxestyle.ch/products/a6-pro-bluetooth-in-ear-kopfhorer-mit-gerausch-620300	2026-10-02
https://luxestyle.ch/products/a6-smartwatch-mit-farbdisplay-30dbe0	2026-10-02
https://luxestyle.ch/products/a8-hd-pet-kamera-601100	2026-10-02
https://luxestyle.ch/products/a8-velo-alarm-mit-rucklicht-b73ac3	2026-10-02
https://luxestyle.ch/products/aa-aaa-lithium-akkus-mit-usb-c-ladefunktion-688320	2026-10-02
https://luxestyle.ch/products/aa-lithium-akku-1-5v-usb-c-3800mwh-608000	2026-10-02
https://luxestyle.ch/products/ab-farb-kristall-fur-dekoration-b68093	2026-10-02
https://luxestyle.ch/products/abalone-edelstahl-armband-mit-flachband-14b576	2026-10-02
https://luxestyle.ch/products/abalone-muschelanhanger-613200	2026-10-02
https://luxestyle.ch/products/abdeckhaube-fur-outdoor-grill-und-zubehor-743553	2026-10-02
https://luxestyle.ch/products/abdeckstift-2d0865	2026-10-02
https://luxestyle.ch/products/abdeckstift-fur-ein-strahlendes-gesicht-625900	2026-10-02
https://luxestyle.ch/products/abdeckstift-wasserfest-fur-tattoos-619700	2026-10-02
https://luxestyle.ch/products/abdomen-erholungs-und-fitnessrad-257728	2026-10-02
https://luxestyle.ch/products/abdominal-wheel-fur-fitness-627100	2026-10-02
https://luxestyle.ch/products/abendkleid-im-franzosischen-stil-616600	2026-10-02
https://luxestyle.ch/products/abendkleid-mit-perlen-ruschen-604000	2026-10-02
https://luxestyle.ch/products/abendkleid-mit-schleife-601600	2026-10-02
https://luxestyle.ch/products/abendkleid-mit-schlitz-und-hot-stone-details-636300	2026-10-02
https://luxestyle.ch/products/abendkleid-mit-streifen-spitze-off-shoulder-634800	2026-10-02
https://luxestyle.ch/products/abendkleid-mit-tragern-fur-festliche-anlasse-633000	2026-10-02
https://luxestyle.ch/products/abendsonne-beim-start-e09535	2026-10-02
https://luxestyle.ch/products/abenteuer-lidschattenpalette-12-farben-ae3c9b	2026-10-02
https://luxestyle.ch/products/abfalleimer-mit-deckel-pop-up-funktion-618500	2026-10-02
https://luxestyle.ch/products/abflusskorb-8d977d	2026-10-02
https://luxestyle.ch/products/abflussreiniger-mit-4-krallen-282240	2026-10-02
https://luxestyle.ch/products/abflussreiniger-mit-feder-und-greifklaue-409b00	2026-10-02
https://luxestyle.ch/products/abgerundete-schleifscheibe-fur-nahmaschinen-867200	2026-10-02
https://luxestyle.ch/products/abisolierzange-fur-elektriker-603300	2026-10-02
https://luxestyle.ch/products/abisolierzange-german-silver-dragon-island-019136	2026-10-02
https://luxestyle.ch/products/abisolierzange-und-elektroschere-7-zoll-603200	2026-10-02
https://luxestyle.ch/products/ablage-fur-lockenstab-zubehor-603800	2026-10-02
https://luxestyle.ch/products/ablage-fur-raucherstabchen-tea-room-624500	2026-10-02
https://luxestyle.ch/products/ablagebox-fur-utensilien-7634d9	2026-10-02
https://luxestyle.ch/products/ablageregal-fur-bad-und-kuche-612800	2026-10-02
https://luxestyle.ch/products/ablageregal-mit-seifenschale-616900	2026-10-02
https://luxestyle.ch/products/ablagestation-fur-kaffeewerkzeuge-611200	2026-10-02
https://luxestyle.ch/products/ablagetablett-aus-nussbaumholz-650500	2026-10-02
https://luxestyle.ch/products/ablaufventil-fur-badewanne-und-lavabo-606720	2026-10-02
https://luxestyle.ch/products/ablosbarer-nagellack-in-dunkelgrun-472896	2026-10-02
https://luxestyle.ch/products/abnehmbare-blumen-fingernagel-fur-damen-087168	2026-10-02
https://luxestyle.ch/products/abnehmbare-halloween-nagelsticker-619200	2026-10-02
https://luxestyle.ch/products/abnehmbare-hunde-fliege-fur-halsbander-878016	2026-10-02
https://luxestyle.ch/products/abnehmbare-kristall-cat-eye-nagel-250944	2026-10-02
https://luxestyle.ch/products/abnehmbare-kunstliche-nagel-mit-3d-schmetterli-603200	2026-10-02
https://luxestyle.ch/products/abnehmbare-kunstnagel-fur-schwangere-801536	2026-10-02
https://luxestyle.ch/products/abnehmbare-kunstnagel-mit-uv-schutz-521664	2026-10-02
https://luxestyle.ch/products/abnehmbare-kunstnagel-nordseekonig-624500	2026-10-02
https://luxestyle.ch/products/abnehmbare-kunstnagel-north-sea-king-624900	2026-10-02
https://luxestyle.ch/products/abnehmbare-kunstnagel-pure-desire-wind-631808	2026-10-02
https://luxestyle.ch/products/abnehmbare-kurze-nagel-mit-muster-627400	2026-10-02
https://luxestyle.ch/products/abnehmbare-manikure-im-japanischen-stil-693376	2026-10-02
https://luxestyle.ch/products/abnehmbare-nagel-im-cat-s-eye-stil-603800	2026-10-02
https://luxestyle.ch/products/abnehmbare-sommer-nagel-bunte-muster-604800	2026-10-02
https://luxestyle.ch/products/abnehmbarer-cat-eye-blumen-nagelglitzer-615200	2026-10-02
https://luxestyle.ch/products/abnehmbarer-kissenbezug-fur-sofa-496192	2026-10-02
https://luxestyle.ch/products/abnehmbarer-neunreihen-kamm-614400	2026-10-02
https://luxestyle.ch/products/abnehmbarer-obstpflucker-aus-edelstahl-358016	2026-10-02
https://luxestyle.ch/products/abnehmbarer-picknick-biervtisch-aus-holz-718016	2026-10-02
https://luxestyle.ch/products/abnehmbarer-rucksack-wasserdicht-20-35l-382656	2026-10-02
https://luxestyle.ch/products/abnehmbarer-sandsack-mit-gewicht-890944	2026-10-02
https://luxestyle.ch/products/abnehmbarer-shisha-becher-tragbare-wasserpfe-608400	2026-10-02
https://luxestyle.ch/products/abnehmbarer-sofabezug-fur-ihr-zuhause-2eb2e4	2026-10-02
https://luxestyle.ch/products/abnehmbarer-wasserdichter-huftbeutel-345152	2026-10-02
https://luxestyle.ch/products/abnehmbares-brust-expander-widerstandsband-050240	2026-10-02
https://luxestyle.ch/products/abnehmbares-dreieckbrett-aus-aluminiumlegierun-611400	2026-10-02
https://luxestyle.ch/products/abnehmbares-edelstahl-bett-fur-kleintiere-618400	2026-10-02
https://luxestyle.ch/products/abnehmbares-haustierbett-fur-kleine-bis-mittle-05adaf	2026-10-02
https://luxestyle.ch/products/abnehmbares-kratzspielzeug-fur-katzen-cc8c9f	2026-10-02
https://luxestyle.ch/products/abnehmbares-lederhalsband-fur-hunde-620600	2026-10-02
https://luxestyle.ch/products/abnehmbares-und-waschbares-haustierbett-12b0de	2026-10-02
https://luxestyle.ch/products/abnehmbares-und-waschbares-ruckenkissen-607200	2026-10-02
https://luxestyle.ch/products/abouttime-wecker-aus-buchenholz-884416	2026-10-02
https://luxestyle.ch/products/abriebfeste-rutschfeste-arbeitsschuhe-herren-608700	2026-10-02
https://luxestyle.ch/products/abs-clip-halterung-fur-sportnetze-639400	2026-10-02
https://luxestyle.ch/products/absatz-reparaturset-fur-stockelschuhe-632100	2026-10-02
https://luxestyle.ch/products/abstract-kunst-3e4e4f	2026-10-02
https://luxestyle.ch/products/abstrakt-gemustertes-langarm-hemdblusenkleid-627800	2026-10-02
https://luxestyle.ch/products/abstrakte-figuren-luxuriose-kunstobjekte-639900	2026-10-02
https://luxestyle.ch/products/abstrakte-kissen-fur-sofa-und-bett-609700	2026-10-02
https://luxestyle.ch/products/abstrakte-korperkunst-olgemalde-3908b9	2026-10-02
https://luxestyle.ch/products/abstrakte-landschaft-leinwandbild-608768	2026-10-02
https://luxestyle.ch/products/abstrakte-linie-kissen-296448	2026-10-02
https://luxestyle.ch/products/abstrakte-linien-halo-design-press-on-nagel-052672	2026-10-02
https://luxestyle.ch/products/abstrakte-linien-kissen-fur-sofa-und-bett-148800	2026-10-02
https://luxestyle.ch/products/abstrakte-linien-wandbild-558464	2026-10-02
https://luxestyle.ch/products/abstrakte-olgemalde-dekoration-634400	2026-10-02
https://luxestyle.ch/products/abstrakte-stadtlandschaft-zum-malen-nach-zahle-888384	2026-10-02
https://luxestyle.ch/products/abstrakte-tier-und-pflanzenmalerei-918464	2026-10-02
https://luxestyle.ch/products/abstrakte-tiermalerei-fur-ihr-wohnzimmer-471616	2026-10-02
https://luxestyle.ch/products/abstrakte-wandteppiche-fur-ihr-zuhause-664512	2026-10-02
https://luxestyle.ch/products/abstrakter-baumwoll-kissenbezug-furs-sofa-080000	2026-10-02
https://luxestyle.ch/products/abstrakter-kissenbezug-wildleder-schwarz-weiss-032384	2026-10-02
https://luxestyle.ch/products/abstrakter-langarm-pullover-fur-damen-627900	2026-10-02
https://luxestyle.ch/products/abstrakter-print-crop-top-midi-rock-set-620289	2026-10-02
https://luxestyle.ch/products/abstrakter-regenbogen-seelenbaum-wandbild-619200	2026-10-02
https://luxestyle.ch/products/abstrakter-satin-stoff-fur-diy-projekte-894592	2026-10-02
https://luxestyle.ch/products/abstraktes-goldfisch-leinwandbild-447616	2026-10-02
https://luxestyle.ch/products/abstraktes-linienbild-liebeslied-horizontal-d18bb2	2026-10-02
https://luxestyle.ch/products/absturzsicherung-mit-selbstverriegelung-95e173	2026-10-02
https://luxestyle.ch/products/abtropf-rack-fur-besteck-kuchenutensilien-607000	2026-10-02
https://luxestyle.ch/products/abtropf-und-aufbewahrungsregal-fur-deckel-605500	2026-10-02
https://luxestyle.ch/products/abtropfgestell-aus-edelstahl-schwarz-43x35-cm-963521	2026-10-02
https://luxestyle.ch/products/abtropfgestell-aus-schmiedeeisen-mit-tablett-212928	2026-10-02
https://luxestyle.ch/products/abtropfgestell-edelstahl-buche-729536	2026-10-02
https://luxestyle.ch/products/abtropfgestell-fur-besteck-geschirr-623300	2026-10-02
https://luxestyle.ch/products/abtropfgestell-fur-geschirr-781184	2026-10-02
https://luxestyle.ch/products/abtropfgestell-fur-geschirr-und-essstabchen-604900	2026-10-02
https://luxestyle.ch/products/abtropfgestell-fur-spulbecken-2e49a4	2026-10-02
https://luxestyle.ch/products/abtropfgestell-fur-spulbecken-aus-edelstahl-403840	2026-10-02
https://luxestyle.ch/products/abtropfgestell-mit-geschirr-und-messerhalter-0a3f86	2026-10-02
https://luxestyle.ch/products/abtropfkorb-aus-edelstahl-604700	2026-10-02
https://luxestyle.ch/products/abtropfkorb-fur-essstaebchen-und-kuechenutensi-603600	2026-10-02
https://luxestyle.ch/products/abtropfkorb-fur-obst-und-gemuse-604200	2026-10-02
https://luxestyle.ch/products/abtropfmatte-aus-silikon-selbstentleerend-214145	2026-10-02
https://luxestyle.ch/products/abtropfmatte-aus-stein-fur-die-kuche-515264	2026-10-02
https://luxestyle.ch/products/abundance-suit-aufbewahrungstasche-31c6ae	2026-10-02
https://luxestyle.ch/products/abwaschbare-kuchenmatte-rutschfest-wasserdicht-088448	2026-10-02
https://luxestyle.ch/products/abwaschburste-mit-integriertem-seifenspender-04035d	2026-10-02
https://luxestyle.ch/products/abziehbare-lippenfarbe-matt-270338	2026-10-02
https://luxestyle.ch/products/ac-adapter-2-in-1-fur-switch-622784	2026-10-02
https://luxestyle.ch/products/ac-dc-digital-stromzange-e2b7da	2026-10-02
https://luxestyle.ch/products/ac-dc-strom-phasenmessgerat-mit-klemme-609700	2026-10-02
https://luxestyle.ch/products/acacia-mangium-schneidebrett-414400	2026-10-02
https://luxestyle.ch/products/acacia-snackplatte-handpoliert-433600	2026-10-02
https://luxestyle.ch/products/achat-perlen-schmuckset-f6d4c0	2026-10-02
https://luxestyle.ch/products/acht-rad-elektro-zug-fur-kleine-eisenbahn-fans-628700	2026-10-02
https://luxestyle.ch/products/acryl-3d-puzzle-katze-178752	2026-10-02
https://luxestyle.ch/products/acryl-adventskalender-blind-box-626300	2026-10-02
https://luxestyle.ch/products/acryl-aufbewahrungsbox-fur-controller-107456	2026-10-02
https://luxestyle.ch/products/acryl-aufbewahrungsbox-fur-figuren-615800	2026-10-02
https://luxestyle.ch/products/acryl-aufbewahrungsbox-mit-3-fachern-275648	2026-10-02
https://luxestyle.ch/products/acryl-beistelltisch-fur-wohn-und-schlafzimmer-184768	2026-10-02
https://luxestyle.ch/products/acryl-blumenvase-mit-spiegel-print-562048	2026-10-02
https://luxestyle.ch/products/acryl-handtuchhalter-229952	2026-10-02
https://luxestyle.ch/products/acryl-kissenbezug-ringer-hole-641408	2026-10-02
https://luxestyle.ch/products/acryl-ohrringe-ambre-karamell-ton-statement	2026-10-02
https://luxestyle.ch/products/acryl-organizer-fur-brett-und-kartenspiele-637800	2026-10-02
https://luxestyle.ch/products/acryl-pfeffermuhle-transparent-605500	2026-10-02
https://luxestyle.ch/products/acryl-puder-fur-nagelverlangerung-nude-kristal-783552	2026-10-02
https://luxestyle.ch/products/acryl-schlusselanhanger-mit-anhanger-619200	2026-10-02
https://luxestyle.ch/products/acryl-shisha-set-mit-kunststoffkessel-600502	2026-10-02
https://luxestyle.ch/products/acryl-shisha-set-mit-led-licht-611100	2026-10-02
https://luxestyle.ch/products/acryl-suction-lampe-fur-weihnachtslicht-604800	2026-10-02
https://luxestyle.ch/products/acryl-tabaktopf-fur-shisha-611400	2026-10-02
https://luxestyle.ch/products/acryl-wanduhr-30-30-cm-modern-ohne-licht-596736	2026-10-02
https://luxestyle.ch/products/acrylpendel-fur-adventskalender-631100	2026-10-02
https://luxestyle.ch/products/acrylpullover-mit-v-ausschnitt-631000	2026-10-02
https://luxestyle.ch/products/acrylpulver-flussigkeit-fur-french-nails-614300	2026-10-02
https://luxestyle.ch/products/acrylpulver-fur-nageldesign-20-farben-611800	2026-10-02
https://luxestyle.ch/products/acrylrahmen-fur-10-zoll-digitalalben-631500	2026-10-02
https://luxestyle.ch/products/action-kamera-mit-anti-shake-615400	2026-10-02
https://luxestyle.ch/products/ad-laser-rucksack-farbenfroher-freizeitrucksac-173440	2026-10-02
https://luxestyle.ch/products/ad08-kinder-smartwatch-mit-anruffunktion-830080	2026-10-02
https://luxestyle.ch/products/adapter-set-fur-sechskant-auf-vierkant-332160	2026-10-02
https://luxestyle.ch/products/add-water-luftbefeuchter-3l-mit-aroma-funktion-845056	2026-10-02
https://luxestyle.ch/products/adjustable-silberringe-616300	2026-10-02
https://luxestyle.ch/products/adjustierbare-hundeleine-196928	2026-10-02
https://luxestyle.ch/products/adler-drohne-mit-3-kanal-fernsteuerung-636400	2026-10-02
https://luxestyle.ch/products/adventskalender-24-tage-puzzle-box-611700	2026-10-02
https://luxestyle.ch/products/adventskalender-geschenkbox-603200	2026-10-02
https://luxestyle.ch/products/adventskalender-puzzle-blind-box-620600	2026-10-02
https://luxestyle.ch/products/adventure-rucksack-fur-outdoor-sport-557504	2026-10-02
https://luxestyle.ch/products/ae21-racing-quadcopter-mit-8k-dual-kamera-604200	2026-10-02
https://luxestyle.ch/products/aero-bike-helm-unisex-636700	2026-10-02
https://luxestyle.ch/products/aerobic-elternkind-schuhe-atmungsaktiv-rutschs-946624	2026-10-02
https://luxestyle.ch/products/aerobic-hanteln-2-kg-508864	2026-10-02
https://luxestyle.ch/products/aerodynamischer-fahrradhelm-fur-stra-e-und-ber-a5e745	2026-10-02
https://luxestyle.ch/products/aerosol-spruhgerat-mit-aromatherapie-247872	2026-10-02
https://luxestyle.ch/products/afrikanische-print-bluse-626900	2026-10-02
https://luxestyle.ch/products/afrikanische-wachstuchdrucke-621100	2026-10-02
https://luxestyle.ch/products/afrikanischer-batik-baumwollstoff-ankara-wax-434624	2026-10-02
https://luxestyle.ch/products/afrikanischer-batikstoff-460683	2026-10-02
https://luxestyle.ch/products/afrikanischer-baumwoll-wax-stoff-mit-geometrie-958272	2026-10-02
https://luxestyle.ch/products/afrikanischer-wildtiger-leinwandbild-809024	2026-10-02
https://luxestyle.ch/products/afrikanisches-batik-baumwollwachstuch-eb1da8	2026-10-02
https://luxestyle.ch/products/afrikanisches-maxikleid-aus-baumwoll-mix-613400	2026-10-02
https://luxestyle.ch/products/afro-kinky-bulk-echthaar-perucke-193088	2026-10-02
https://luxestyle.ch/products/agat-fuchs-armband-607300	2026-10-02
https://luxestyle.ch/products/agate-gewebtes-boho-uhrband-38-41mm-733312	2026-10-02
https://luxestyle.ch/products/agility-trainingsset-fur-hunde-599297	2026-10-02
https://luxestyle.ch/products/agyptisches-antik-muster-kunstleder-479744	2026-10-02
https://luxestyle.ch/products/ahorn-violinbrucke-4-4-647233	2026-10-02
https://luxestyle.ch/products/ahornblatt-brusttasche-f20a22	2026-10-02
https://luxestyle.ch/products/ahornblatt-kissen-elastisch-superweich-062144	2026-10-02
https://luxestyle.ch/products/ahornblatt-kissenbezug-mit-rillenstoff-609100	2026-10-02
https://luxestyle.ch/products/ahornblatt-serviertablett-aus-massivholz-626300	2026-10-02
https://luxestyle.ch/products/ai-bluetooth-kopfhorer-mit-knochenschall-621300	2026-10-02
https://luxestyle.ch/products/ai-lang-automatikuhr-fur-herren-240704	2026-10-02
https://luxestyle.ch/products/ai-selfie-stick-mit-3-achsen-gimbal-625400	2026-10-02
https://luxestyle.ch/products/ai-smart-bluetooth-kopfhorer-d55pro-624800	2026-10-02
https://luxestyle.ch/products/ai-smart-lifting-straffende-maske-610700	2026-10-02
https://luxestyle.ch/products/ai-smart-meditation-schlafmaske-604100	2026-10-02
https://luxestyle.ch/products/ai-temperaturkontrolle-3-port-gan-ladegerat-649900	2026-10-02
https://luxestyle.ch/products/ai-ubersetzungs-earbuds-144-sprachen-809730	2026-10-02
https://luxestyle.ch/products/ai-ubersetzungs-kopfhorer-mit-gerauschunterdru-634100	2026-10-02
https://luxestyle.ch/products/ai-ubersetzungs-kopfhorer-mit-open-ear-design-608900	2026-10-02
https://luxestyle.ch/products/ai-ubersetzungshorer-fur-165-sprachen-kabellos-761730	2026-10-02
https://luxestyle.ch/products/ail-beauty-nagelfraser-akku-betrieb-625200	2026-10-02
https://luxestyle.ch/products/ailang-automatikuhr-fur-herren-632296	2026-10-02
https://luxestyle.ch/products/aiqingniao-bausteine-set-638528	2026-10-02
https://luxestyle.ch/products/air-cushion-bb-cream-feuchtigkeitsspendend-mat-620400	2026-10-02
https://luxestyle.ch/products/air-cushion-crystal-record-ol-kontroll-make-up-269440	2026-10-02
https://luxestyle.ch/products/air-cushion-korean-sportschuhe-592576	2026-10-02
https://luxestyle.ch/products/air-cushion-mit-pilzkopf-puder-feuchtigkeit-co-9b119b	2026-10-02
https://luxestyle.ch/products/air-force-field-stoffarmband-24-stunden-uhr-350144	2026-10-02
https://luxestyle.ch/products/air-fryer-mit-touch-bedienung-067264	2026-10-02
https://luxestyle.ch/products/air-frying-pizzaform-mit-siebfunktion-349359	2026-10-02
https://luxestyle.ch/products/air-mouse-bluetooth-trackpad-948992	2026-10-02
https://luxestyle.ch/products/air-rebuild-kit-hp-80-zubehor-388800	2026-10-02
https://luxestyle.ch/products/airbus-a380-modellflugzeug-aus-metall-079940	2026-10-02
https://luxestyle.ch/products/airbus-panda-modell-620500	2026-10-02
https://luxestyle.ch/products/airdrop-ultraschall-luftbefeuchter-1db0b5	2026-10-02
https://luxestyle.ch/products/airdrop-zubehor-fur-dji-mavic-2-pro-zoom-105587	2026-10-02
https://luxestyle.ch/products/airplay-medienplayer-47372d	2026-10-02
https://luxestyle.ch/products/airpods-candy-liquid-soft-case-600800	2026-10-02
https://luxestyle.ch/products/airsoda-sprudelwasser-maschine-fur-zuhause-813248	2026-10-02
https://luxestyle.ch/products/airtag-halsband-aus-leder-fur-haustiere-609500	2026-10-02
https://luxestyle.ch/products/airtag-halsband-fur-hunde-186176	2026-10-02
https://luxestyle.ch/products/airtag-leder-portemonnaie-mit-rfid-schutz-026048	2026-10-02
https://luxestyle.ch/products/airtag-schutz-fur-haustiere-639900	2026-10-02
https://luxestyle.ch/products/airtag-schutzhulle-fur-haustierhalsband-302144	2026-10-02
https://luxestyle.ch/products/airtag-schutzhulle-wasserfest-stossfest-622900	2026-10-02
https://luxestyle.ch/products/airtight-vorratsbehalter-fur-reis-getreide-615200	2026-10-02
https://luxestyle.ch/products/airtight-vorratsbehalter-fur-zuhause-616000	2026-10-02
https://luxestyle.ch/products/aiwo-anti-uberlauf-napf-fur-hunde-und-katzen-08ac7a	2026-10-02
https://luxestyle.ch/products/ak-5-kondensatormikrofon-set-687936	2026-10-02
https://luxestyle.ch/products/ak38-smartwatch-fur-damen-452032	2026-10-02
https://luxestyle.ch/products/ak66-gamepad-fur-sechs-finger-bedienung-ea4e42	2026-10-02
https://luxestyle.ch/products/ak66-sechs-finger-gamepad-mit-vier-tasten-37ee65	2026-10-02
https://luxestyle.ch/products/akazien-pfeffer-und-salzmuhle-2er-set-mit-stan-570048	2026-10-02
https://luxestyle.ch/products/akazienholz-schneidbrett-604500	2026-10-02
https://luxestyle.ch/products/akazienholz-schneidebrett-aus-epoxidharz-612600	2026-10-02
https://luxestyle.ch/products/akita-pluschhund-629700	2026-10-02
https://luxestyle.ch/products/akkordeon-tasche-mit-doppelten-schultergurten-035968	2026-10-02
https://luxestyle.ch/products/akku-adapter-fur-dyson-staubsauger-631600	2026-10-02
https://luxestyle.ch/products/akku-astschere-burstenlos-632400	2026-10-02
https://luxestyle.ch/products/akku-elektroschrauber-multifunktional-889984	2026-10-02
https://luxestyle.ch/products/akku-fur-airpods-1-und-2-generation-627000	2026-10-02
https://luxestyle.ch/products/akku-fur-dji-mavic-pro-3830-mah-795392	2026-10-02
https://luxestyle.ch/products/akku-fur-elektrische-relaxsessel-2500-mah-849857	2026-10-02
https://luxestyle.ch/products/akku-fur-elektrowerkzeuge-10-8v-12v-li-ion-137088	2026-10-02
https://luxestyle.ch/products/akku-fur-ferngesteuertes-uav-4-d-v14-620200	2026-10-02
https://luxestyle.ch/products/akku-fur-luftbildkamera-7-4v-2800mah-d6053f	2026-10-02
https://luxestyle.ch/products/akku-fur-ring-video-turklingel-v4-625000	2026-10-02
https://luxestyle.ch/products/akku-fur-saugroboter-757ec8	2026-10-02
https://luxestyle.ch/products/akku-handsauger-fur-auto-heim-muhelose-sauberkeit	2026-10-02
https://luxestyle.ch/products/akku-heissklebepistole-set-21v-mit-50-klebesti-600200	2026-10-02
https://luxestyle.ch/products/akku-ladegerat-fur-ni-cd-ni-mh-zellen-7-2-18v-628100	2026-10-02
https://luxestyle.ch/products/akku-ladegerat-mit-2-li-ion-akkus-3-7v-3000mah-131970	2026-10-02
https://luxestyle.ch/products/akku-rasentrimmer-faltbar-2-akkus-618900	2026-10-02
https://luxestyle.ch/products/akku-schlagschrauber-20v-haushalt-f912d4	2026-10-02
https://luxestyle.ch/products/akku-uberwachungskamera-mit-hd-nachtsicht-561536	2026-10-02
https://luxestyle.ch/products/akne-faltenentferner-mit-photonentherapie-617800	2026-10-02
https://luxestyle.ch/products/akne-hautpflege-set-609800	2026-10-02
https://luxestyle.ch/products/akryl-blechlinge-631100	2026-10-02
https://luxestyle.ch/products/aktentasche-aus-echtem-leder-fur-herren-868288	2026-10-02
https://luxestyle.ch/products/aktentasche-aus-rindsleder-fur-herren-615300	2026-10-02
https://luxestyle.ch/products/aktive-zylinderabschaltung-deaktivierer-612300	2026-10-02
https://luxestyle.ch/products/aktiver-eingabestift-fur-ipad-535424	2026-10-02
https://luxestyle.ch/products/akupressur-kissen-set-aus-bio-leinen-675264	2026-10-02
https://luxestyle.ch/products/akupressur-massagematte-mit-kissen-380288	2026-10-02
https://luxestyle.ch/products/akupressur-matte-mit-kissen-27cf6a	2026-10-02
https://luxestyle.ch/products/akupressur-set-fur-tiefenentspannung-c539e4	2026-10-02
https://luxestyle.ch/products/akupunktur-puls-massagegerat-89d62f	2026-10-02
https://luxestyle.ch/products/akustik-gitarren-dampfer-aus-holz-629500	2026-10-02
https://luxestyle.ch/products/akustische-1-4-violine-mit-zubehor-755009	2026-10-02
https://luxestyle.ch/products/akustische-1-8-violine-mit-koffer-und-zubehor-467842	2026-10-02
https://luxestyle.ch/products/akustische-3-4-geige-im-komplett-set-315138	2026-10-02
https://luxestyle.ch/products/akustisches-1-4-geigen-set-134913	2026-10-02
https://luxestyle.ch/products/aladdin-wunderlampe-zinklegierung-5cd6f7	2026-10-02
https://luxestyle.ch/products/aladins-wunderlampe-fga98627	2026-10-02
https://luxestyle.ch/products/alarm-bremsscheibenschloss-fur-motorrader-e-bi-639400	2026-10-02
https://luxestyle.ch/products/alaunstein-rasurpflege-blutstillend-porenverfe-606500	2026-10-02
https://luxestyle.ch/products/alice-wonderland-aufklebbare-nagel-669824	2026-10-02
https://luxestyle.ch/products/alien-nachtvogel-c2adff	2026-10-02
https://luxestyle.ch/products/alien-teppich-fur-sofa-und-couchtisch-633300	2026-10-02
https://luxestyle.ch/products/aliver-bartpflege-set-fur-manner-408f7e	2026-10-02
https://luxestyle.ch/products/alkoholmeter-set-fur-selbstgebranntes-002496	2026-10-02
https://luxestyle.ch/products/alkoholtester-mit-hochprazisem-sensor-7ec4c7	2026-10-02
https://luxestyle.ch/products/all-in-one-box-vr-headset-609100	2026-10-02
https://luxestyle.ch/products/all-in-one-ersatzmaske-620300	2026-10-02
https://luxestyle.ch/products/all-in-one-ladestation-fur-smartwatches-625900	2026-10-02
https://luxestyle.ch/products/all-in-one-nagellack-und-entferner-maschine-563968	2026-10-02
https://luxestyle.ch/products/all-in-one-palette-fur-augen-teint-288000	2026-10-02
https://luxestyle.ch/products/all-match-point-toe-hochabsatz-sandale-848832	2026-10-02
https://luxestyle.ch/products/all-season-schlafmaske-mit-glaskugelchen-633200	2026-10-02
https://luxestyle.ch/products/allergiegetestete-elegante-ohrhaken-fur-damen-628700	2026-10-02
https://luxestyle.ch/products/alleyway-street-view-bausteine-modell-613900	2026-10-02
https://luxestyle.ch/products/allover-rucksack-selbst-gestalten	2026-10-02
https://luxestyle.ch/products/allover-sport-bh-selbst-gestalten	2026-10-02
https://luxestyle.ch/products/allover-stoffbeutel-selbst-gestalten	2026-10-02
https://luxestyle.ch/products/allover-yoga-leggings-selbst-gestalten	2026-10-02
https://luxestyle.ch/products/allround-dashcam-mit-4-linsen-325186	2026-10-02
https://luxestyle.ch/products/alltags-sportschuhe-mit-mesh-obermaterial-628300	2026-10-02
https://luxestyle.ch/products/alltags-umhangetasche-selbst-gestalten	2026-10-02
https://luxestyle.ch/products/almond-cat-eye-love-press-on-nagel-263872	2026-10-02
https://luxestyle.ch/products/aloe-baumwoll-bettbezug-624000	2026-10-02
https://luxestyle.ch/products/aloe-vera-tuchmaske-beruhigt-und-spendet-feuchtigkeit-629900	2026-10-02
https://luxestyle.ch/products/aloerosepomegranate-augenmaske-622000	2026-10-02
https://luxestyle.ch/products/aloha-hemd-mit-tropischem-blattmuster-602000	2026-10-02
https://luxestyle.ch/products/alpaka-print-flanell-decke-fur-zuhause-608200	2026-10-02
https://luxestyle.ch/products/alpaka-rucksack-617700	2026-10-02
https://luxestyle.ch/products/alpaka-strickdecke-fur-babys-614400	2026-10-02
https://luxestyle.ch/products/alphabet-babysuit-617300	2026-10-02
https://luxestyle.ch/products/alphabet-retro-sneaker-699776	2026-10-02
https://luxestyle.ch/products/alpine-edelweiss-gentian-bloom-art-nouveau-poster-premium-semi-glossy-paper	2026-10-02
https://luxestyle.ch/products/alte-schneemann-wandhanger-aus-plusch-627600	2026-10-02
https://luxestyle.ch/products/alu-antihaftbrater-273344	2026-10-02
https://luxestyle.ch/products/alu-isolationsmatte-fur-outdoor-und-camping-612000	2026-10-02
https://luxestyle.ch/products/alu-set-top-box-aufbewahrung-603200	2026-10-02
https://luxestyle.ch/products/alufelgen-reparatur-kit-92ae2b	2026-10-02
https://luxestyle.ch/products/aluminium-antihaft-doppelbratpfanne-087abd	2026-10-02
https://luxestyle.ch/products/aluminium-armband-144320	2026-10-02
https://luxestyle.ch/products/aluminium-aufbewahrungsbox-d18c3c	2026-10-02
https://luxestyle.ch/products/aluminium-backform-fur-runde-kuchen-567488	2026-10-02
https://luxestyle.ch/products/aluminium-druckkochtopf-fur-gasherd-f52c6d	2026-10-02
https://luxestyle.ch/products/aluminium-fahrradlicht-mit-usb-aufladung-638700	2026-10-02
https://luxestyle.ch/products/aluminium-gussform-fur-7-pancakes-868736	2026-10-02
https://luxestyle.ch/products/aluminium-klapphocker-602100	2026-10-02
https://luxestyle.ch/products/aluminium-koffer-mit-rahmen-20-zoll-633200	2026-10-02
https://luxestyle.ch/products/aluminium-kuchenform-616400	2026-10-02
https://luxestyle.ch/products/aluminium-kuchenteiler-mit-drei-schichten-bd92b2	2026-10-02
https://luxestyle.ch/products/aluminium-omelett-pfanne-360192	2026-10-02
https://luxestyle.ch/products/aluminium-pfannenbrater-552192	2026-10-02
https://luxestyle.ch/products/aluminium-sandwichmaker-fur-zuhause-doppelseit-629700	2026-10-02
https://luxestyle.ch/products/aluminium-schutzhelm-fur-ingenieure-208128	2026-10-02
https://luxestyle.ch/products/aluminium-sporen-fur-reitsport-642816	2026-10-02
https://luxestyle.ch/products/aluminium-stativ-fur-theodolit-617700	2026-10-02
https://luxestyle.ch/products/aluminium-tischlampe-mit-touch-schalter-605000	2026-10-02
https://luxestyle.ch/products/aluminium-wasserpistole-mit-metallduse-618400	2026-10-02
https://luxestyle.ch/products/aluminiumkoffer-tragbarer-faltbarer-einkaufswa-602000	2026-10-02
https://luxestyle.ch/products/amalek-wochenendtasche-aus-leder-725056	2026-10-02
https://luxestyle.ch/products/amazone-anhangefeldspritze-ux-5200-fga02207	2026-10-02
https://luxestyle.ch/products/amber-blooming-gradient-nagelsticker-625100	2026-10-02
https://luxestyle.ch/products/amber-wood-eau-de-cologne-fur-herren-361026	2026-10-02
https://luxestyle.ch/products/ambiente-luftbefeuchter-005440	2026-10-02
https://luxestyle.ch/products/amekaji-loose-fit-herren-t-shirt-638200	2026-10-02
https://luxestyle.ch/products/amekaji-martin-boots-aus-echtem-leder-613300	2026-10-02
https://luxestyle.ch/products/american-doodle-kissenbezug-5dd1b1	2026-10-02
https://luxestyle.ch/products/american-fashion-quarzuhr-fur-herren-841280	2026-10-02
https://luxestyle.ch/products/american-football-12x20-cm-ftbo01409	2026-10-02
https://luxestyle.ch/products/american-football-helm-fgabo01393	2026-10-02
https://luxestyle.ch/products/american-football-jacke-605300	2026-10-02
https://luxestyle.ch/products/american-henry-langarmshirt-mit-stehkragen-623500	2026-10-02
https://luxestyle.ch/products/american-high-street-washed-jeans-613700	2026-10-02
https://luxestyle.ch/products/american-retro-black-aromatherapy-candle-624800	2026-10-02
https://luxestyle.ch/products/american-retro-heavy-oil-wax-canvas-rucksack-623700	2026-10-02
https://luxestyle.ch/products/american-retro-hoodie-mit-ball-8-print-601100	2026-10-02
https://luxestyle.ch/products/american-retro-loose-fit-jeans-fur-herren-613100	2026-10-02
https://luxestyle.ch/products/american-retro-outdoor-waterproof-cowhide-work-604800	2026-10-02
https://luxestyle.ch/products/american-stitching-harlan-loose-fit-jeans-610600	2026-10-02
https://luxestyle.ch/products/american-stoffsofauberzug-737664	2026-10-02
https://luxestyle.ch/products/american-style-glas-tablett-40-x-27-5-cm-620200	2026-10-02
https://luxestyle.ch/products/american-vintage-henley-shirt-herren-626500	2026-10-02
https://luxestyle.ch/products/american-vintage-rucksack-gross-605800	2026-10-02
https://luxestyle.ch/products/amerikanische-arbeitshose-in-jeans-633500	2026-10-02
https://luxestyle.ch/products/amerikanische-herrenjacke-mit-reverskragen-629300	2026-10-02
https://luxestyle.ch/products/amerikanische-loose-fit-high-waist-flared-jean-627700	2026-10-02
https://luxestyle.ch/products/amerikanischer-4-jahreszeiten-stuhlhusse-5f5f2f	2026-10-02
https://luxestyle.ch/products/amerikanischer-adler-in-garten-610900	2026-10-02
https://luxestyle.ch/products/amerikanischer-vintage-kapuzenpulli-herren-636600	2026-10-02
https://luxestyle.ch/products/amerikanischer-vintage-wandlampenstil-602800	2026-10-02
https://luxestyle.ch/products/amerikanisches-ruckenkissen-mit-lws-unterstutz-619800	2026-10-02
https://luxestyle.ch/products/amerikanisches-t-shirt-bordeauxrot-abgeflachte-638200	2026-10-02
https://luxestyle.ch/products/amethyst-kristallarmband-612100	2026-10-02
https://luxestyle.ch/products/amethyst-kristallkugel-258048	2026-10-02
https://luxestyle.ch/products/amethyst-turmalin-kristall-armband-601400	2026-10-02
https://luxestyle.ch/products/amethystzodiakarmband-608800	2026-10-02
https://luxestyle.ch/products/ammoniakfreie-haarfarbe-fur-grauabdeckung-902016	2026-10-02
https://luxestyle.ch/products/ammoon-violinsaiten-set-g-d-a-e-613954	2026-10-02
https://luxestyle.ch/products/ammulliger-hufstarker-mantel-611500	2026-10-02
https://luxestyle.ch/products/amphibisches-rc-speedboot-mit-fernsteuerung-545728	2026-10-02
https://luxestyle.ch/products/amused-grass-ball-lowenzahn-856576	2026-10-02
https://luxestyle.ch/products/analoge-quarzuhr-aus-ebenholz-461376	2026-10-02
https://luxestyle.ch/products/analoge-quarzuhr-fur-herren-b1d638	2026-10-02
https://luxestyle.ch/products/analoguhr-mit-edelstahlarmband-e0f2d3	2026-10-02
https://luxestyle.ch/products/ananas-schneider-aus-edelstahl-1e38df	2026-10-02
https://luxestyle.ch/products/anatomiemodell-weibliche-brust-608300	2026-10-02
https://luxestyle.ch/products/android-11-0-dual-band-wifi-tv-box-554752	2026-10-02
https://luxestyle.ch/products/android-4k-smart-full-hd-3d-projektor-497280	2026-10-02
https://luxestyle.ch/products/android-auto-carplay-modul-furs-auto-134912	2026-10-02
https://luxestyle.ch/products/android-hd-netzwerk-player-set-top-box-392960	2026-10-02
https://luxestyle.ch/products/android-reifendruck-kontrollsystem-796288	2026-10-02
https://luxestyle.ch/products/android-tv-box-mit-wi-fi-und-hdmi-601500	2026-10-02
https://luxestyle.ch/products/anfanger-embroidery-set-su-e-tier-motive-619800	2026-10-02
https://luxestyle.ch/products/angel-wing-cat-eye-nagelkunst-610100	2026-10-02
https://luxestyle.ch/products/angel-wings-kabelloses-ladegerat-4cc35e	2026-10-02
https://luxestyle.ch/products/angelrollen-reparaturset-618100	2026-10-02
https://luxestyle.ch/products/angelzange-aus-aluminiumlegierung-825216	2026-10-02
https://luxestyle.ch/products/angelzubehor-tasche-grun-544640	2026-10-02
https://luxestyle.ch/products/angora-roter-lockerer-kurzmantel-619500	2026-10-02
https://luxestyle.ch/products/animal-crossing-tastenkappe-339392	2026-10-02
https://luxestyle.ch/products/animatronic-xl-sensemann-fga20885	2026-10-02
https://luxestyle.ch/products/animatronic-xxl-hexe-300-cm-fga20883	2026-10-02
https://luxestyle.ch/products/animatronic-xxl-skelett-243-cm-fga20884	2026-10-02
https://luxestyle.ch/products/anime-charakter-diamond-painting-set-424512	2026-10-02
https://luxestyle.ch/products/anime-figur-27bb4e	2026-10-02
https://luxestyle.ch/products/anime-pullover-mit-rundhals-und-langen-armeln-608400	2026-10-02
https://luxestyle.ch/products/anime-style-elektronisches-badge-628000	2026-10-02
https://luxestyle.ch/products/anion-auto-lockenstab-mit-ionen-616000	2026-10-02
https://luxestyle.ch/products/anion-fohn-burste-fur-glanz-volumen-090368	2026-10-02
https://luxestyle.ch/products/anion-gesichts-dampfer-c07f2f	2026-10-02
https://luxestyle.ch/products/anion-haarglattierer-haarwelle-602500	2026-10-02
https://luxestyle.ch/products/anion-haarglattungsburste-mit-ptc-heizung-743680	2026-10-02
https://luxestyle.ch/products/anion-haarstyler-fur-glatte-und-locken-626000	2026-10-02
https://luxestyle.ch/products/anion-mini-haarstyler-mit-verbruhschutz-625600	2026-10-02
https://luxestyle.ch/products/anion-roller-comb-fur-glattes-oder-lockiges-ha-603200	2026-10-02
https://luxestyle.ch/products/ankle-boots-mit-10-cm-plattform-absatz-617300	2026-10-02
https://luxestyle.ch/products/ankle-boots-mit-chunky-absatz-und-schnalle-623300	2026-10-02
https://luxestyle.ch/products/ankle-boots-mit-chunky-heel-und-seitenreissver-619900	2026-10-02
https://luxestyle.ch/products/ankle-boots-mit-chunky-sohle-und-front-reissve-617900	2026-10-02
https://luxestyle.ch/products/ankle-boots-mit-hufeisenabsatz-609200	2026-10-02
https://luxestyle.ch/products/ankle-boots-mit-leopardenmuster-624700	2026-10-02
https://luxestyle.ch/products/ankle-boots-mit-metallschnalle-624800	2026-10-02
https://luxestyle.ch/products/ankle-boots-mit-seitenreissverschluss-771136	2026-10-02
https://luxestyle.ch/products/ankle-boots-mit-spitzer-zehe-und-blockabsatz-639800	2026-10-02
https://luxestyle.ch/products/ankle-strap-sandalen-mit-chunky-heel-377472	2026-10-02
https://luxestyle.ch/products/ankle-strap-schnallen-schuhe-934976	2026-10-02
https://luxestyle.ch/products/anklebbare-nagelsticker-fur-alle-635000	2026-10-02
https://luxestyle.ch/products/anklebbare-nagelsticker-fur-kinder-erwachsene-629100	2026-10-02
https://luxestyle.ch/products/anklebbare-nagelsticker-fur-madchen-jungen-620200	2026-10-02
https://luxestyle.ch/products/anmei-18-teiliges-make-up-pinselset-aus-tierha-601300	2026-10-02
https://luxestyle.ch/products/anmeilu-wanderrucksack-20l-60fae6	2026-10-02
https://luxestyle.ch/products/anpassbare-high-top-basketballschuhe-721024	2026-10-02
https://luxestyle.ch/products/anpassbare-rgb-tastatur-fur-gaming-enthusiaste-3d4688	2026-10-02
https://luxestyle.ch/products/anpassbares-armband-ring-set-525504	2026-10-02
https://luxestyle.ch/products/anpassbares-memory-schaum-kissen-in-wellenform-930624	2026-10-02
https://luxestyle.ch/products/anpassbares-offenes-armband-mit-linearem-desig-603800	2026-10-02
https://luxestyle.ch/products/anpressnagel-gentle-white-mit-cat-s-eye-effekt-744576	2026-10-02
https://luxestyle.ch/products/anpvs-31-binokulares-nachtsichtgerat-modell-611500	2026-10-02
https://luxestyle.ch/products/anschluss-set-fur-abwasserleitung-wasserfilter-607500	2026-10-02
https://luxestyle.ch/products/anstecknadel-halter-639100	2026-10-02
https://luxestyle.ch/products/anthrazitfarbene-faltenrollo-917122	2026-10-02
https://luxestyle.ch/products/anti-aging-augencreme-615300	2026-10-02
https://luxestyle.ch/products/anti-aging-feuchtigkeitscreme-mit-gelbem-alkoh-618400	2026-10-02
https://luxestyle.ch/products/anti-akne-pflegeset-fur-strahlende-haut-601400	2026-10-02
https://luxestyle.ch/products/anti-bakterielle-schneideplatte-610400	2026-10-02
https://luxestyle.ch/products/anti-bell-gerat-fur-hunde-614000	2026-10-02
https://luxestyle.ch/products/anti-beschlag-hydrophobes-spray-fur-autoscheib-613600	2026-10-02
https://luxestyle.ch/products/anti-beschlag-spiegel-mit-drehfunktion-638800	2026-10-02
https://luxestyle.ch/products/anti-beschlag-spray-fur-spiegel-glas-601700	2026-10-02
https://luxestyle.ch/products/anti-biss-halskrause-fur-hunde-und-katzen-032576	2026-10-02
https://luxestyle.ch/products/anti-biss-kopfschutz-fur-haustiere-203840	2026-10-02
https://luxestyle.ch/products/anti-blaulicht-brille-mit-uv-schutz-608300	2026-10-02
https://luxestyle.ch/products/anti-diebstahl-brusttasche-fur-herren-584256	2026-10-02
https://luxestyle.ch/products/anti-diebstahl-business-rucksack-458816	2026-10-02
https://luxestyle.ch/products/anti-diebstahl-business-rucksack-mit-usb-732544	2026-10-02
https://luxestyle.ch/products/anti-diebstahl-canvas-umhangetasche-fur-herren-520832	2026-10-02
https://luxestyle.ch/products/anti-diebstahl-karten-und-ausweishalter-leder-626300	2026-10-02
https://luxestyle.ch/products/anti-diebstahl-laptop-rucksack-15-6-855552	2026-10-02
https://luxestyle.ch/products/anti-diebstahl-lederrucksack-fur-damen-844928	2026-10-02
https://luxestyle.ch/products/anti-diebstahl-rucksack-aus-echtem-leder-728384	2026-10-02
https://luxestyle.ch/products/anti-diebstahl-rucksack-aus-rindsleder-872064	2026-10-02
https://luxestyle.ch/products/anti-diebstahl-rucksack-fur-damen-931520	2026-10-02
https://luxestyle.ch/products/anti-diebstahl-rucksack-fur-studenten-000832	2026-10-02
https://luxestyle.ch/products/anti-diebstahl-rucksack-mit-usb-ladeanschluss-121408	2026-10-02
https://luxestyle.ch/products/anti-diebstahl-umhangetasche-540160	2026-10-02
https://luxestyle.ch/products/anti-diebstahl-umhangetasche-mit-usb-ladeansch-039744	2026-10-02
https://luxestyle.ch/products/anti-diebstahl-usb-umhangetasche-5b93e6	2026-10-02
https://luxestyle.ch/products/anti-falten-8-teiliges-pflegeset-617100	2026-10-02
https://luxestyle.ch/products/anti-falten-business-casual-stripes-shirt-620300	2026-10-02
https://luxestyle.ch/products/anti-falten-halsmaske-mit-niacinamid-623600	2026-10-02
https://luxestyle.ch/products/anti-falten-kollagen-power-ball-617000	2026-10-02
https://luxestyle.ch/products/anti-falten-naturkern-creme-603500	2026-10-02
https://luxestyle.ch/products/anti-falten-pullover-616700	2026-10-02
https://luxestyle.ch/products/anti-falten-sticker-sichuan-muster-stirn-bindi-624000	2026-10-02
https://luxestyle.ch/products/anti-gravitations-duftbefeuchter-mit-schwebend-903040	2026-10-02
https://luxestyle.ch/products/anti-haft-backform-fur-outdoor-616600	2026-10-02
https://luxestyle.ch/products/anti-haft-pfanne-fur-steak-co-638600	2026-10-02
https://luxestyle.ch/products/anti-haft-pfanne-ohne-beschichtung-604100	2026-10-02
https://luxestyle.ch/products/anti-kick-decke-fur-studentenwohnheime-388800	2026-10-02
https://luxestyle.ch/products/anti-kick-decke-mit-armeln-558976	2026-10-02
https://luxestyle.ch/products/anti-kipp-doppel-futternapf-de93d1	2026-10-02
https://luxestyle.ch/products/anti-kipp-napf-fur-gesunde-haltung-82c4a9	2026-10-02
https://luxestyle.ch/products/anti-knabber-spray-fur-haustiere-261633	2026-10-02
https://luxestyle.ch/products/anti-kollisions-halsband-mit-leine-629000	2026-10-02
https://luxestyle.ch/products/anti-kollisionsring-fur-blinde-haustiere-8f4cdd	2026-10-02
https://luxestyle.ch/products/anti-kratz-und-leckschutz-fur-katzen-623800	2026-10-02
https://luxestyle.ch/products/anti-leck-halskrause-fur-katzen-422208	2026-10-02
https://luxestyle.ch/products/anti-leck-und-beisskragen-fur-katzen-711616	2026-10-02
https://luxestyle.ch/products/anti-leck-und-beisskragen-fur-katzen-und-klein-849984	2026-10-02
https://luxestyle.ch/products/anti-leckring-fur-haustiere-56c713	2026-10-02
https://luxestyle.ch/products/anti-loss-vest-style-hundeleine-619700	2026-10-02
https://luxestyle.ch/products/anti-milben-sojafaser-kissen-537088	2026-10-02
https://luxestyle.ch/products/anti-rutsch-basketballsocken-637400	2026-10-02
https://luxestyle.ch/products/anti-rutsch-bodenmatte-60x120-cm-dreckresisten-604000	2026-10-02
https://luxestyle.ch/products/anti-rutsch-cover-615700	2026-10-02
https://luxestyle.ch/products/anti-rutsch-doppelstab-aus-titan-gold-615900	2026-10-02
https://luxestyle.ch/products/anti-rutsch-duschmatte-aus-silikon-629000	2026-10-02
https://luxestyle.ch/products/anti-rutsch-fressmatte-fur-langsames-fressen-79a4c2	2026-10-02
https://luxestyle.ch/products/anti-rutsch-gummifusse-fur-waschmaschinen-008128	2026-10-02
https://luxestyle.ch/products/anti-rutsch-keramik-futternapf-mit-eisenstande-752128	2026-10-02
https://luxestyle.ch/products/anti-rutsch-keramiknapf-fur-hunde-katzen-221312	2026-10-02
https://luxestyle.ch/products/anti-rutsch-keramiknapf-fur-katzen-783552	2026-10-02
https://luxestyle.ch/products/anti-rutsch-lauflernschuhe-fur-babys-628900	2026-10-02
https://luxestyle.ch/products/anti-rutsch-leck-und-slow-feeding-napf-604400	2026-10-02
https://luxestyle.ch/products/anti-rutsch-leckschale-fur-haustiere-623300	2026-10-02
https://luxestyle.ch/products/anti-rutsch-matte-622300	2026-10-02
https://luxestyle.ch/products/anti-rutsch-napfunterlage-568192	2026-10-02
https://luxestyle.ch/products/anti-rutsch-platzset-fur-haustiere-e5ef18	2026-10-02
https://luxestyle.ch/products/anti-rutsch-schleckschale-fur-hunde-und-katzen-630100	2026-10-02
https://luxestyle.ch/products/anti-rutsch-silikon-futternapf-mit-edelstahlsc-023936	2026-10-02
https://luxestyle.ch/products/anti-rutsch-silikon-schleckschale-fur-haustier-608600	2026-10-02
https://luxestyle.ch/products/anti-rutsch-silikonmatte-fur-boote-wohnmobile-627200	2026-10-02
https://luxestyle.ch/products/anti-rutsch-slow-feeder-napf-fur-hunde-610600	2026-10-02
https://luxestyle.ch/products/anti-rutsch-sofakissen-aus-plusch-614800	2026-10-02
https://luxestyle.ch/products/anti-rutsch-squat-resistance-band-551104	2026-10-02
https://luxestyle.ch/products/anti-rutsch-tauchschuhe-fur-kinder-191360	2026-10-02
https://luxestyle.ch/products/anti-rutsch-tpe-yogamatte-mit-trageschlaufe-816960	2026-10-02
https://luxestyle.ch/products/anti-rutsch-trinknapf-fur-hunde-118400	2026-10-02
https://luxestyle.ch/products/anti-rutsch-wolken-handgelenkauflage-fur-die-m-600600	2026-10-02
https://luxestyle.ch/products/anti-rutsch-wusten-boots-fur-herren-612700	2026-10-02
https://luxestyle.ch/products/anti-schling-fressnapf-fur-hunde-und-katzen-625400	2026-10-02
https://luxestyle.ch/products/anti-schling-futternapf-fur-hunde-und-katzen-138c12	2026-10-02
https://luxestyle.ch/products/anti-schling-napf-aus-edelstahl-mit-nackenschu-830848	2026-10-02
https://luxestyle.ch/products/anti-schling-napf-aus-edelstahl-rutschfest-627200	2026-10-02
https://luxestyle.ch/products/anti-schling-napf-aus-porzellan-005056	2026-10-02
https://luxestyle.ch/products/anti-schling-napf-aus-silikon-fur-haustiere-423104	2026-10-02
https://luxestyle.ch/products/anti-schling-napf-aus-silikon-mit-saugnapf-605400	2026-10-02
https://luxestyle.ch/products/anti-schling-napf-fur-haustiere-121664	2026-10-02
https://luxestyle.ch/products/anti-schling-napf-fur-hunde-633088	2026-10-02
https://luxestyle.ch/products/anti-schling-napf-fur-hunde-katzen-157120	2026-10-02
https://luxestyle.ch/products/anti-schling-napf-fur-hunde-und-katzen-8d7134	2026-10-02
https://luxestyle.ch/products/anti-schling-napf-mit-trinkbecken-fur-hunde-516736	2026-10-02
https://luxestyle.ch/products/anti-schling-napf-silikon-grau-312128	2026-10-02
https://luxestyle.ch/products/anti-schling-napfmatte-mit-saugnapfen-423360	2026-10-02
https://luxestyle.ch/products/anti-schlingnapf-aus-silikon-fur-haustiere-439552	2026-10-02
https://luxestyle.ch/products/anti-schlingnapf-aus-silikon-mit-saugnapf-914624	2026-10-02
https://luxestyle.ch/products/anti-schlingnapf-fur-haustiere-c2cb1d	2026-10-02
https://luxestyle.ch/products/anti-schlingnapf-fur-hunde-e2a976	2026-10-02
https://luxestyle.ch/products/anti-schnarch-gerat-fur-ruhigen-schlaf-889217	2026-10-02
https://luxestyle.ch/products/anti-shake-sportkamera-wasserdicht-622400	2026-10-02
https://luxestyle.ch/products/anti-spionage-detektor-505536	2026-10-02
https://luxestyle.ch/products/anti-splash-nagelknipser-mit-grosser-offnung-627100	2026-10-02
https://luxestyle.ch/products/anti-spritz-futternapf-aus-silikon-fur-haustie-8a3562	2026-10-02
https://luxestyle.ch/products/anti-spritz-nagelknipser-set-aus-edelstahl-606000	2026-10-02
https://luxestyle.ch/products/anti-statik-sneaker-615900	2026-10-02
https://luxestyle.ch/products/anti-strahlung-signal-abschirmtasche-631000	2026-10-02
https://luxestyle.ch/products/anti-umkipp-futternapf-fur-haustiere-506432	2026-10-02
https://luxestyle.ch/products/anti-upset-keramiknapf-fur-haustiere-b022eb	2026-10-02
https://luxestyle.ch/products/anti-verbruh-silikon-shisha-topf-618400	2026-10-02
https://luxestyle.ch/products/anti-verlust-alarm-halsband-fur-haustiere-625000	2026-10-02
https://luxestyle.ch/products/anti-verlust-hunde-halsband-112128	2026-10-02
https://luxestyle.ch/products/anti-verlust-hunde-leine-605800	2026-10-02
https://luxestyle.ch/products/anti-verlust-locator-fur-iphone-601900	2026-10-02
https://luxestyle.ch/products/anti-verlust-locator-fur-karten-626900	2026-10-02
https://luxestyle.ch/products/anti-zieh-geschirr-fur-kleine-bis-mittelgrosse-635200	2026-10-02
https://luxestyle.ch/products/antibakterieller-ti-ebenholz-schneidbrett-614800	2026-10-02
https://luxestyle.ch/products/antibakterielles-doppelseitiges-schneidebrett-540992	2026-10-02
https://luxestyle.ch/products/antibakterielles-ebenholz-schneidebrett-xl-625900	2026-10-02
https://luxestyle.ch/products/antibakterielles-kissen-mit-weicher-fullung-620500	2026-10-02
https://luxestyle.ch/products/antibakterielles-mercerized-cotton-polo-shirt-607100	2026-10-02
https://luxestyle.ch/products/antibakterielles-polo-shirt-mit-revers-619200	2026-10-02
https://luxestyle.ch/products/antibakterielles-premium-shirt-aus-merzerisier-608200	2026-10-02
https://luxestyle.ch/products/antibakterielles-schneidebrett-aus-edelstahl-e-800704	2026-10-02
https://luxestyle.ch/products/antibakterielles-schneidebrett-aus-titan-und-e-629800	2026-10-02
https://luxestyle.ch/products/antibeschlag-brillentuch-ad9048	2026-10-02
https://luxestyle.ch/products/antigravitations-nebel-feuchter-580ml-354048	2026-10-02
https://luxestyle.ch/products/antihaft-bratpfanne-aus-edelstahl-621000	2026-10-02
https://luxestyle.ch/products/antihaft-bratpfanne-fur-den-haushalt-305536	2026-10-02
https://luxestyle.ch/products/antihaft-bratpfanne-fur-fruhstuck-und-alltag-307584	2026-10-02
https://luxestyle.ch/products/antihaft-bratpfanne-fur-steak-und-spiegelei-395456	2026-10-02
https://luxestyle.ch/products/antihaft-bratpfanne-mit-holzgriff-624800	2026-10-02
https://luxestyle.ch/products/antihaft-bratpfannen-set-aus-maifanit-614000	2026-10-02
https://luxestyle.ch/products/antihaft-burgerpresse-fur-perfekte-patties-365121	2026-10-02
https://luxestyle.ch/products/antihaft-camping-kochset-mit-pfanne-628500	2026-10-02
https://luxestyle.ch/products/antihaft-hotpot-mit-trennwand-fur-gas-und-indu-623300	2026-10-02
https://luxestyle.ch/products/antihaft-kuchenhelfer-set-6-teilig-626800	2026-10-02
https://luxestyle.ch/products/antihaft-kuchenhelfer-set-aus-silikon-125696	2026-10-02
https://luxestyle.ch/products/antihaft-milchtopf-aus-maifan-stein-596288	2026-10-02
https://luxestyle.ch/products/antihaft-omelettenpfanne-24cm-513152	2026-10-02
https://luxestyle.ch/products/antihaft-omelettpfanne-mit-vier-mulden-874560	2026-10-02
https://luxestyle.ch/products/antihaft-pfanne-fur-4-spiegeleier-pancakes-c91d06	2026-10-02
https://luxestyle.ch/products/antihaft-pfanne-fur-crepes-und-pancakes-ab117e	2026-10-02
https://luxestyle.ch/products/antihaft-pfanne-fur-den-hausgebrauch-628200	2026-10-02
https://luxestyle.ch/products/antihaft-pfanne-mit-4-mulden-fur-fruhstuck-748608	2026-10-02
https://luxestyle.ch/products/antihaft-pfannenset-mit-titanbeschichtung-626000	2026-10-02
https://luxestyle.ch/products/antihaft-pfannkuchenmaschine-95c7dd	2026-10-02
https://luxestyle.ch/products/antihaft-sandwich-toaster-fur-herd-camping-778498	2026-10-02
https://luxestyle.ch/products/antihaft-sandwichmaker-mit-holzgriff-480960	2026-10-02
https://luxestyle.ch/products/antihaft-silikon-backutensilien-set-628600	2026-10-02
https://luxestyle.ch/products/antihaft-silikon-kuchenhelfer-set-602100	2026-10-02
https://luxestyle.ch/products/antihaft-silikon-spatel-set-mit-holzgriff-908288	2026-10-02
https://luxestyle.ch/products/antihaft-spiegeleipfanne-mit-4-mulden-047040	2026-10-02
https://luxestyle.ch/products/antihaft-spritzschutz-fur-pfannen-560e5f	2026-10-02
https://luxestyle.ch/products/antihaft-suppentopf-mandarinente-565696	2026-10-02
https://luxestyle.ch/products/antihaft-suppentopf-medical-stone-24-cm-508608	2026-10-02
https://luxestyle.ch/products/antihaft-tischgrill-fur-1-3-personen-998bc9	2026-10-02
https://luxestyle.ch/products/antihaft-topf-fur-induktion-gas-601200	2026-10-02
https://luxestyle.ch/products/antihaft-wimpernpinzette-mit-prazisionsspitze-181889	2026-10-02
https://luxestyle.ch/products/antihaft-wok-aus-maifan-stein-898112	2026-10-02
https://luxestyle.ch/products/antihaft-wok-induktion-gasherd-universal-611500	2026-10-02
https://luxestyle.ch/products/antihaftwok-mit-verstarktem-boden-620400	2026-10-02
https://luxestyle.ch/products/antike-automatik-taschenuhr-mit-lupe-608400	2026-10-02
https://luxestyle.ch/products/antike-diamant-quarz-damenuhr-850176	2026-10-02
https://luxestyle.ch/products/antike-style-kissenbezug-632200	2026-10-02
https://luxestyle.ch/products/antike-taschenuhr-mit-quarz-uhrwerk-626800	2026-10-02
https://luxestyle.ch/products/antike-wasserdichte-herren-quarzuhr-f5d6e0	2026-10-02
https://luxestyle.ch/products/antiker-3-reihen-armreif-612500	2026-10-02
https://luxestyle.ch/products/antiker-blumentopf-604100	2026-10-02
https://luxestyle.ch/products/antiker-bronze-drache-mit-kugel-111936	2026-10-02
https://luxestyle.ch/products/antiker-kreuzstichrahmen-aus-massivholz-4d555a	2026-10-02
https://luxestyle.ch/products/antiker-kuchenarmatur-fur-warm-und-kaltwasser-626100	2026-10-02
https://luxestyle.ch/products/antiker-schwanenhals-wasserhahn-fur-waschtisch-909568	2026-10-02
https://luxestyle.ch/products/antikes-blumenarrangement-636500	2026-10-02
https://luxestyle.ch/products/antikollisionsring-fur-blinde-hunde-555200	2026-10-02
https://luxestyle.ch/products/antimagnetische-vintage-taschenkarte-618900	2026-10-02
https://luxestyle.ch/products/antirutsch-badematte-859393	2026-10-02
https://luxestyle.ch/products/antirutsch-hundeleine-mit-sicherheitsstop-606300	2026-10-02
https://luxestyle.ch/products/antirutsch-lauflernschuhe-mit-weicher-sohle-6bff64	2026-10-02
https://luxestyle.ch/products/antirutsch-mat-624800	2026-10-02
https://luxestyle.ch/products/antirutsch-matte-fur-uhrenreparaturen-345216	2026-10-02
https://luxestyle.ch/products/antischlauch-schuhe-mit-atmungsaktiver-isolier-611800	2026-10-02
https://luxestyle.ch/products/antistatik-armband-fur-herren-und-damen-720128	2026-10-02
https://luxestyle.ch/products/antlers-katzenbett-aus-massivholz-612000	2026-10-02
https://luxestyle.ch/products/anzug-fur-haarlose-katzen-604800	2026-10-02
https://luxestyle.ch/products/anzug-mit-eisseide-t-shirt-629000	2026-10-02
https://luxestyle.ch/products/anzug-modellbausatz-bausteine-fur-jugendliche-251776	2026-10-02
https://luxestyle.ch/products/anzugtasche-fur-geschaftsreisen-602400	2026-10-02
https://luxestyle.ch/products/aolion-pg-nx1056-wireless-bluetooth-controller-550912	2026-10-02
https://luxestyle.ch/products/aoxin-walnussol-kannchen-aus-316-edelstahl-626200	2026-10-02
https://luxestyle.ch/products/apfel-halskette-629200	2026-10-02
https://luxestyle.ch/products/apple-kompatibler-ladestand-474432	2026-10-02
https://luxestyle.ch/products/apple-watch-4-carbon-faserverbundgehause-d23c33	2026-10-02
https://luxestyle.ch/products/apple-watch-armband-mit-trendigen-designs-715456	2026-10-02
https://luxestyle.ch/products/appllp-7-max-smartwatch-mit-ausziehbarer-kamer-648900	2026-10-02
https://luxestyle.ch/products/apricot-a-linie-oberteil-622400	2026-10-02
https://luxestyle.ch/products/apricot-bluse-626600	2026-10-02
https://luxestyle.ch/products/apricot-geometrie-kissenbezug-275648	2026-10-02
https://luxestyle.ch/products/apricot-heels-sandalen-607300	2026-10-02
https://luxestyle.ch/products/apricot-knit-oberteil-613200	2026-10-02
https://luxestyle.ch/products/apricot-maxi-kleid-mit-spitze-und-korsett-630700	2026-10-02
https://luxestyle.ch/products/apricot-peach-rouge-625400	2026-10-02
https://luxestyle.ch/products/apricot-perlen-wedge-hochhacken-604700	2026-10-02
https://luxestyle.ch/products/apricot-poloshirt-621100	2026-10-02
https://luxestyle.ch/products/apricot-polsterpulli-619900	2026-10-02
https://luxestyle.ch/products/apricot-strick-hemd-626200	2026-10-02
https://luxestyle.ch/products/apricotgelb-blaue-chunky-heel-cross-strap-sand-621500	2026-10-02
https://luxestyle.ch/products/aqua-make-up-fga72106	2026-10-02
https://luxestyle.ch/products/aqua-make-up-schminkset-einhorn-fga45816	2026-10-02
https://luxestyle.ch/products/aqua-make-up-set-pantomime-fga45817	2026-10-02
https://luxestyle.ch/products/aqua-make-up-ultra-fgae500538	2026-10-02
https://luxestyle.ch/products/aquafilter-wasserpumpe-mit-aktivkohle-686722	2026-10-02
https://luxestyle.ch/products/aquamarin-anhanger-mit-diamant-inlay-und-rosen-608200	2026-10-02
https://luxestyle.ch/products/aquamarin-perlenarmband-616400	2026-10-02
https://luxestyle.ch/products/aquamarin-ring-aus-s999-sterlingsilber-625600	2026-10-02
https://luxestyle.ch/products/aquarell-farbstifte-geschenkset-632700	2026-10-02
https://luxestyle.ch/products/aquarell-skizzenbuch-aus-holzschliff-a4-629400	2026-10-02
https://luxestyle.ch/products/aquarellfarben-set-mit-12-glitzerfarben-7c1eb7	2026-10-02
https://luxestyle.ch/products/aquarellkasten-mit-uhrenarmband-602900	2026-10-02
https://luxestyle.ch/products/aquarium-olfilm-entferner-ein-und-auslass-set-636000	2026-10-02
https://luxestyle.ch/products/aquarium-reinigungspumpe-619600	2026-10-02
https://luxestyle.ch/products/aquarium-terrarium-temperaturregler-875328	2026-10-02
https://luxestyle.ch/products/ar-anti-reflex-brille-615200	2026-10-02
https://luxestyle.ch/products/ar-blaulichtfilter-brille-610800	2026-10-02
https://luxestyle.ch/products/ar-somatosensorik-gamepad-2140a2	2026-10-02
https://luxestyle.ch/products/araber-schuhuberzug-fga99563	2026-10-02
https://luxestyle.ch/products/arabeske-armband-630500	2026-10-02
https://luxestyle.ch/products/arbeits-sicherheitsschuhe-mit-stahlkappe-622200	2026-10-02
https://luxestyle.ch/products/arbeits-und-funktionshose-fur-elektriker-und-m-634800	2026-10-02
https://luxestyle.ch/products/arbeitshemd-mit-brusttasche-613000	2026-10-02
https://luxestyle.ch/products/arbeitsjacke-aus-denim-fur-herren-617500	2026-10-02
https://luxestyle.ch/products/arbeitssandalen-mit-stahlkappe-fur-herren-613300	2026-10-02
https://luxestyle.ch/products/arbeitsschuhe-mit-deodorant-einlegesohle-615000	2026-10-02
https://luxestyle.ch/products/arbeitsschuhe-mit-stahlkappe-616500	2026-10-02
https://luxestyle.ch/products/arbeitsschuhe-mit-stahlkappe-anti-durchstich-607900	2026-10-02
https://luxestyle.ch/products/arbeitsstiefel-932928	2026-10-02
https://luxestyle.ch/products/arbutin-maske-5er-pack-fur-strahlende-haut-5-s-628300	2026-10-02
https://luxestyle.ch/products/arcade-game-stick-209984	2026-10-02
https://luxestyle.ch/products/arcade-gamepad-joystick-fur-ps4-ps5-switch-pc-717312	2026-10-02
https://luxestyle.ch/products/arcade-stick-fur-gaming-konsolen-911b1e	2026-10-02
https://luxestyle.ch/products/arcade-xgame-joystick-tv-spielkonsole-095040	2026-10-02
https://luxestyle.ch/products/archangel-michael-wandlampe-aus-resin-638600	2026-10-02
https://luxestyle.ch/products/archer-schultertasche-wasserdicht-robust-a0d4b1	2026-10-02
https://luxestyle.ch/products/archon-ix9-tactical-cargo-hose-623300	2026-10-02
https://luxestyle.ch/products/arm-shaping-sleeves-formt-und-strafft-3cdc5f	2026-10-02
https://luxestyle.ch/products/arm-strength-trainer-627900	2026-10-02
https://luxestyle.ch/products/arm-trainer-fur-zuhause-621100	2026-10-02
https://luxestyle.ch/products/arm-trainingsgerat-fur-fitness-d468b6	2026-10-02
https://luxestyle.ch/products/armaturenbrett-handyhalterung-mit-saugnapf-607000	2026-10-02
https://luxestyle.ch/products/armaturenbrettmatte-fur-dodge-ram-1500-2500-35-002817	2026-10-02
https://luxestyle.ch/products/armband-altgold-mit-lorbeer-fga946734	2026-10-02
https://luxestyle.ch/products/armband-anziehhilfe-fur-damen-605000	2026-10-02
https://luxestyle.ch/products/armband-aus-925er-silber-mit-zirkonia-626500	2026-10-02
https://luxestyle.ch/products/armband-aus-925er-silber-mit-zirkonia-nieten-633000	2026-10-02
https://luxestyle.ch/products/armband-aus-edelstahl-20-mm-24-mm-32094b	2026-10-02
https://luxestyle.ch/products/armband-aus-edelstahl-fur-manner-und-frauen-614800	2026-10-02
https://luxestyle.ch/products/armband-aus-edelstahl-mit-tigerauge-und-obsidi-614600	2026-10-02
https://luxestyle.ch/products/armband-aus-edelstahl-verschiedene-farben-635100	2026-10-02
https://luxestyle.ch/products/armband-aus-gelbem-kristall-und-hetian-jade-628300	2026-10-02
https://luxestyle.ch/products/armband-aus-geschliffenem-bergkristall-615100	2026-10-02
https://luxestyle.ch/products/armband-aus-gold-obsidian-und-weissem-kristall-639700	2026-10-02
https://luxestyle.ch/products/armband-aus-naturlicher-hetian-qinghai-jade-613200	2026-10-02
https://luxestyle.ch/products/armband-aus-naturstein-635000	2026-10-02
https://luxestyle.ch/products/armband-aus-su-wasserperlen-f24084	2026-10-02
https://luxestyle.ch/products/armband-aus-weichem-silikon-489920	2026-10-02
https://luxestyle.ch/products/armband-classic-mit-zirkonia-und-evil-eye-631900	2026-10-02
https://luxestyle.ch/products/armband-cleopatra-fga97520	2026-10-02
https://luxestyle.ch/products/armband-drache-pi-xiu-leopard-muster-615200	2026-10-02
https://luxestyle.ch/products/armband-eleganter-traumfanger-mit-lila-perlen-637800	2026-10-02
https://luxestyle.ch/products/armband-equestrian-collection-mit-blauer-resin-602500	2026-10-02
https://luxestyle.ch/products/armband-flaches-quadrat-doppelgeflecht-605900	2026-10-02
https://luxestyle.ch/products/armband-fur-apple-watch-055744	2026-10-02
https://luxestyle.ch/products/armband-fur-apple-watch-mit-strass-513792	2026-10-02
https://luxestyle.ch/products/armband-fur-apple-watch-mit-weihnachtsmuster-905344	2026-10-02
https://luxestyle.ch/products/armband-fur-huawei-watch-aus-silikon-845696	2026-10-02
https://luxestyle.ch/products/armband-fur-smartwatch-geflochten-schmal-853376	2026-10-02
https://luxestyle.ch/products/armband-fur-watch-ultra8-49mm-924288	2026-10-02
https://luxestyle.ch/products/armband-gehause-44-45mm-fur-smartwatches-619400	2026-10-02
https://luxestyle.ch/products/armband-glacier-transparent-harz-und-metall-991488	2026-10-02
https://luxestyle.ch/products/armband-goldener-sonnenstein-orange-rot-634200	2026-10-02
https://luxestyle.ch/products/armband-good-fortune-608200	2026-10-02
https://luxestyle.ch/products/armband-gruner-fluorit-bergkristall-621400	2026-10-02
https://luxestyle.ch/products/armband-herzfrequenz-blutsauerstoff-temperatur-632700	2026-10-02
https://luxestyle.ch/products/armband-hohles-herz-mit-zirkonia-630600	2026-10-02
https://luxestyle.ch/products/armband-im-ethno-stil-handgeflochten-612500	2026-10-02
https://luxestyle.ch/products/armband-just-breathe-edelstahl	2026-10-02
https://luxestyle.ch/products/armband-kleine-kirschbluten-aus-emaille-601300	2026-10-02
https://luxestyle.ch/products/armband-koi-karpfen-aus-edelstahl-vergoldet-630600	2026-10-02
https://luxestyle.ch/products/armband-korean-chic-mit-mattiertem-blauem-zirk-331138	2026-10-02
https://luxestyle.ch/products/armband-mit-26-buchstaben-und-geflochtenem-sei-626300	2026-10-02
https://luxestyle.ch/products/armband-mit-bergmuster-versilbert-600101	2026-10-02
https://luxestyle.ch/products/armband-mit-blauem-chalcedon-brasilianischem-a-615500	2026-10-02
https://luxestyle.ch/products/armband-mit-buchstaben-anhanger-616300	2026-10-02
https://luxestyle.ch/products/armband-mit-buchstaben-design-625100	2026-10-02
https://luxestyle.ch/products/armband-mit-bunten-zirkonia-steinen-18k-vergol-018946	2026-10-02
https://luxestyle.ch/products/armband-mit-doppelter-glasfassung-634200	2026-10-02
https://luxestyle.ch/products/armband-mit-drei-diamanten-und-wassertropfen-612100	2026-10-02
https://luxestyle.ch/products/armband-mit-erdbeerquarz-herzen-631200	2026-10-02
https://luxestyle.ch/products/armband-mit-facettiertem-weissem-naturkristall-631500	2026-10-02
https://luxestyle.ch/products/armband-mit-farbigem-zirkon-und-geburtsstein-605300	2026-10-02
https://luxestyle.ch/products/armband-mit-farbigen-edelsteinen-622200	2026-10-02
https://luxestyle.ch/products/armband-mit-gedrehtem-draht-design-612500	2026-10-02
https://luxestyle.ch/products/armband-mit-gehause-kontrastfarben-2-in-1-401280	2026-10-02
https://luxestyle.ch/products/armband-mit-geometrischem-vierblatt-klee-und-z-693570	2026-10-02
https://luxestyle.ch/products/armband-mit-geometrischem-zirkonia-quadrat-604700	2026-10-02
https://luxestyle.ch/products/armband-mit-gluckskatze-aus-jadeit-603100	2026-10-02
https://luxestyle.ch/products/armband-mit-gluckswolken-und-sycee-munzen-638200	2026-10-02
https://luxestyle.ch/products/armband-mit-glyzinienblute-aus-999er-sterlings-617400	2026-10-02
https://luxestyle.ch/products/armband-mit-gravur-und-4mm-goldperlen-634500	2026-10-02
https://luxestyle.ch/products/armband-mit-grossen-und-kleinen-imitationsperl-611500	2026-10-02
https://luxestyle.ch/products/armband-mit-leoparden-print-622800	2026-10-02
https://luxestyle.ch/products/armband-mit-london-blautopas-925er-silber-615500	2026-10-02
https://luxestyle.ch/products/armband-mit-mobius-design-635400	2026-10-02
https://luxestyle.ch/products/armband-mit-namen-und-strass-626000	2026-10-02
https://luxestyle.ch/products/armband-mit-naturlichen-weissen-kristallen-619200	2026-10-02
https://luxestyle.ch/products/armband-mit-naturperlen-und-18k-vergoldung-633000	2026-10-02
https://luxestyle.ch/products/armband-mit-natursteinen-628500	2026-10-02
https://luxestyle.ch/products/armband-mit-roten-harz-blumen-603500	2026-10-02
https://luxestyle.ch/products/armband-mit-schloss-design-628300	2026-10-02
https://luxestyle.ch/products/armband-mit-schwarzem-achat-und-wachsseil-611300	2026-10-02
https://luxestyle.ch/products/armband-mit-seestern-und-muschel-elementen-634800	2026-10-02
https://luxestyle.ch/products/armband-mit-shoushan-stein-anhanger-606400	2026-10-02
https://luxestyle.ch/products/armband-mit-stern-anhanger-aus-925er-silber-634200	2026-10-02
https://luxestyle.ch/products/armband-mit-stern-und-mondanhanger-614200	2026-10-02
https://luxestyle.ch/products/armband-mit-sudstaaten-achat-anhanger-609000	2026-10-02
https://luxestyle.ch/products/armband-mit-susswasserperlen-quaste-und-naturs-603100	2026-10-02
https://luxestyle.ch/products/armband-mit-susswasserperlen-und-tiermotiv-626500	2026-10-02
https://luxestyle.ch/products/armband-mit-vierblattrigem-kleeblatt-617000	2026-10-02
https://luxestyle.ch/products/armband-mit-violetten-zirkonia-kristallen-618800	2026-10-02
https://luxestyle.ch/products/armband-mit-weissen-kristall-wurfeln-631800	2026-10-02
https://luxestyle.ch/products/armband-mit-zirkon-akzenten-624500	2026-10-02
https://luxestyle.ch/products/armband-mit-zirkonia-blutenverschluss-im-frenc-740290	2026-10-02
https://luxestyle.ch/products/armband-mit-zirkonia-edelsteinen-610800	2026-10-02
https://luxestyle.ch/products/armband-mit-zirkonia-einlagen-629400	2026-10-02
https://luxestyle.ch/products/armband-mit-zirkonia-im-retro-stil-602800	2026-10-02
https://luxestyle.ch/products/armband-mit-zirkonia-steinen-18k-vergoldet-639700	2026-10-02
https://luxestyle.ch/products/armband-mit-zirkonia-und-hufeisen-schnalle-637800	2026-10-02
https://luxestyle.ch/products/armband-mit-zwei-initialen-609700	2026-10-02
https://luxestyle.ch/products/armband-naturstein-handgemacht-herz-geometrie-627500	2026-10-02
https://luxestyle.ch/products/armband-natursteinperlen-604500	2026-10-02
https://luxestyle.ch/products/armband-natursteinperlen-8mm-604400	2026-10-02
https://luxestyle.ch/products/armband-rose-garden-mit-glas-und-achatperlen-616900	2026-10-02
https://luxestyle.ch/products/armband-seestern-emaille-diamant-besetzt-620400	2026-10-02
https://luxestyle.ch/products/armband-set-aus-naturstein-631400	2026-10-02
https://luxestyle.ch/products/armband-set-gold-silber-und-anthrazit-637400	2026-10-02
https://luxestyle.ch/products/armband-set-mit-romischen-ziffern-und-zirkonia-602300	2026-10-02
https://luxestyle.ch/products/armband-silber-halbseil-halbketten-design-619600	2026-10-02
https://luxestyle.ch/products/armband-sun-aus-vergoldetem-edelstahl-638100	2026-10-02
https://luxestyle.ch/products/armband-susswasserperle-edelstahl-605700	2026-10-02
https://luxestyle.ch/products/armband-susswasserperlen-patchwork-623700	2026-10-02
https://luxestyle.ch/products/armband-und-halskette-fur-damen-616100	2026-10-02
https://luxestyle.ch/products/armband-und-halskette-mit-drei-kreisen-636500	2026-10-02
https://luxestyle.ch/products/armband-und-hulle-fur-49mm-apple-watch-031936	2026-10-02
https://luxestyle.ch/products/armband-und-uhren-reisetasche-aus-polyester-645000	2026-10-02
https://luxestyle.ch/products/armbanduhr-accessoire-mit-metallgehause-905792	2026-10-02
https://luxestyle.ch/products/armbanduhr-aus-bambus-und-holz-05842a	2026-10-02
https://luxestyle.ch/products/armbanduhr-aus-holz-mit-chronograph-und-kalend-87818a	2026-10-02
https://luxestyle.ch/products/armbanduhr-aus-holz-und-leder-mit-hardlex-glas-914c08	2026-10-02
https://luxestyle.ch/products/armbanduhr-damen-casual-fashion-40mm-1b6997	2026-10-02
https://luxestyle.ch/products/armbanduhr-fur-kinder-schlicht-klar-233344	2026-10-02
https://luxestyle.ch/products/armbanduhr-geschenkset-46c9c7	2026-10-02
https://luxestyle.ch/products/armbanduhr-holzquarz-mit-luminanz-4e302b	2026-10-02
https://luxestyle.ch/products/armbanduhr-holzquarz-mit-zeiger-a9546c	2026-10-02
https://luxestyle.ch/products/armbanduhr-manschettenknopfe-kugelschreiber-ge-393b44	2026-10-02
https://luxestyle.ch/products/armbanduhr-mit-dornschliesse-4cae8e	2026-10-02
https://luxestyle.ch/products/armbanduhr-mit-dualzeit-anzeige-6f8ed6	2026-10-02
https://luxestyle.ch/products/armbanduhr-mit-grossem-zifferblatt-8ceafa	2026-10-02
https://luxestyle.ch/products/armbanduhr-mit-herzfrequenz-und-blutsauerstoff-d2da5c	2026-10-02
https://luxestyle.ch/products/armbanduhr-mit-kalender-und-24h-anzeige-966d2b	2026-10-02
https://luxestyle.ch/products/armbanduhr-mit-kalender-und-weltzeit-b9b9d2	2026-10-02
https://luxestyle.ch/products/armbanduhr-mit-lederarmband-edelstahlgehause-19115a	2026-10-02
https://luxestyle.ch/products/armbanduhr-mit-quarzwerk-30-m-wasserdicht-d51a1c	2026-10-02
https://luxestyle.ch/products/armbanduhr-mit-quarzwerk-und-edelstahlarmband-b68caa	2026-10-02
https://luxestyle.ch/products/armbanduhr-mit-stahlarmband-und-diamanten-0ba651	2026-10-02
https://luxestyle.ch/products/armbanduhr-rettangolo-rechteckig-unisex	2026-10-02
https://luxestyle.ch/products/armbanduhr-set-mit-quarzuhr-und-stahlband-476928	2026-10-02
https://luxestyle.ch/products/armbanduhren-ersatzband-430849	2026-10-02
https://luxestyle.ch/products/armee-grunes-kleid-mit-gurtel-608900	2026-10-02
https://luxestyle.ch/products/armellose-blazer-weste-mit-drei-knopfen-634500	2026-10-02
https://luxestyle.ch/products/armellose-bluse-mit-doppelten-ruschen-617700	2026-10-02
https://luxestyle.ch/products/armellose-bluse-mit-v-ausschnitt-und-schnurung-635800	2026-10-02
https://luxestyle.ch/products/armellose-chiffon-bluse-mit-schleife-611100	2026-10-02
https://luxestyle.ch/products/armellose-chiffon-bluse-mit-v-ausschnitt-617200	2026-10-02
https://luxestyle.ch/products/armellose-chiffon-weste-im-korea-stil-624900	2026-10-02
https://luxestyle.ch/products/armellose-jeansjacke-mit-stehkragen-fur-herren-637100	2026-10-02
https://luxestyle.ch/products/armellose-satin-bluse-mit-taillenbetonung-622100	2026-10-02
https://luxestyle.ch/products/armellose-strickweste-990273	2026-10-02
https://luxestyle.ch/products/armellose-strickweste-fur-damen-638600	2026-10-02
https://luxestyle.ch/products/armellose-strickweste-fur-herren-610200	2026-10-02
https://luxestyle.ch/products/armellose-strickweste-mit-rundhalsausschnitt-633100	2026-10-02
https://luxestyle.ch/products/armellose-strickweste-mit-v-ausschnitt-609000	2026-10-02
https://luxestyle.ch/products/armelloser-blumen-jumpsuit-fur-damen-617000	2026-10-02
https://luxestyle.ch/products/armelloser-colorblock-strickpullover-603500	2026-10-02
https://luxestyle.ch/products/armelloser-denim-jumpsuit-mit-taschen-601200	2026-10-02
https://luxestyle.ch/products/armelloser-denim-overall-mit-weitem-bein-605500	2026-10-02
https://luxestyle.ch/products/armelloser-flared-jumpsuit-fur-yoga-fitness-735168	2026-10-02
https://luxestyle.ch/products/armelloser-halterneck-jumpsuit-fur-damen-620400	2026-10-02
https://luxestyle.ch/products/armelloser-jeans-minirock-im-hemd-stil-630700	2026-10-02
https://luxestyle.ch/products/armelloser-jumpsuit-aus-baumwoll-leinen-mix-623400	2026-10-02
https://luxestyle.ch/products/armelloser-jumpsuit-im-ethno-stil-614900	2026-10-02
https://luxestyle.ch/products/armelloser-jumpsuit-mit-anzugkragen-625500	2026-10-02
https://luxestyle.ch/products/armelloser-jumpsuit-mit-bandeau-top-und-rusche-601800	2026-10-02
https://luxestyle.ch/products/armelloser-jumpsuit-mit-engem-oberteil-und-wei-615400	2026-10-02
https://luxestyle.ch/products/armelloser-jumpsuit-mit-geradem-bein-623100	2026-10-02
https://luxestyle.ch/products/armelloser-jumpsuit-mit-knopfleiste-616900	2026-10-02
https://luxestyle.ch/products/armelloser-jumpsuit-mit-stehkragen-619100	2026-10-02
https://luxestyle.ch/products/armelloser-jumpsuit-mit-v-ausschnitt-624900	2026-10-02
https://luxestyle.ch/products/armelloser-jumpsuit-mit-v-ausschnitt-629600	2026-10-02
https://luxestyle.ch/products/armelloser-jumpsuit-mit-v-ausschnitt-und-print-624100	2026-10-02
https://luxestyle.ch/products/armelloser-jumpsuit-mit-weitem-bein-601700	2026-10-02
https://luxestyle.ch/products/armelloser-jumpsuit-mit-weitem-bein-604200	2026-10-02
https://luxestyle.ch/products/armelloser-jumpsuit-mit-weitem-bein-606800	2026-10-02
https://luxestyle.ch/products/armelloser-jumpsuit-mit-weitem-bein-614800	2026-10-02
https://luxestyle.ch/products/armelloser-jumpsuit-mit-weitem-bein-619500	2026-10-02
https://luxestyle.ch/products/armelloser-jumpsuit-mit-weitem-bein-637400	2026-10-02
https://luxestyle.ch/products/armelloser-leinen-blazer-fur-damen-600300	2026-10-02
https://luxestyle.ch/products/armelloser-leinen-jumpsuit-mit-v-ausschnitt-633000	2026-10-02
https://luxestyle.ch/products/armelloser-leinen-mix-jumpsuit-608700	2026-10-02
https://luxestyle.ch/products/armelloser-leinen-mix-jumpsuit-fur-damen-616900	2026-10-02
https://luxestyle.ch/products/armelloser-ringer-einteiler-fur-herren-604200	2026-10-02
https://luxestyle.ch/products/armelloses-a-linien-hemdblusenkleid-mit-taille-632000	2026-10-02
https://luxestyle.ch/products/armelloses-a-linien-kleid-aus-leinenmix-610600	2026-10-02
https://luxestyle.ch/products/armelloses-a-linien-kleid-im-celebrity-stil-621800	2026-10-02
https://luxestyle.ch/products/armelloses-a-linien-kleid-mit-geometrischem-mu-613700	2026-10-02
https://luxestyle.ch/products/armelloses-a-linien-kleid-mit-gurtel-622700	2026-10-02
https://luxestyle.ch/products/armelloses-a-linien-kleid-mit-offenem-rucken-618800	2026-10-02
https://luxestyle.ch/products/armelloses-a-linien-kleid-mit-schleifendetails-633200	2026-10-02
https://luxestyle.ch/products/armelloses-a-linien-kleid-mit-schnurung-614700	2026-10-02
https://luxestyle.ch/products/armelloses-a-linien-kleid-mit-v-ausschnitt-614100	2026-10-02
https://luxestyle.ch/products/armelloses-a-linien-maxikleid-fur-damen-619200	2026-10-02
https://luxestyle.ch/products/armelloses-a-linien-midikleid-mit-rundhals-628000	2026-10-02
https://luxestyle.ch/products/armelloses-a-linien-volantkleid-mit-ruschen-637900	2026-10-02
https://luxestyle.ch/products/armelloses-abendkleid-mit-blumenprint-634000	2026-10-02
https://luxestyle.ch/products/armelloses-ballonkleid-fur-damen-631700	2026-10-02
https://luxestyle.ch/products/armelloses-baumwoll-top-mit-v-ausschnitt-und-r-628500	2026-10-02
https://luxestyle.ch/products/armelloses-bedrucktes-midi-kleid-625800	2026-10-02
https://luxestyle.ch/products/armelloses-bedrucktes-rollkragen-top-639300	2026-10-02
https://luxestyle.ch/products/armelloses-blumenkleid-609700	2026-10-02
https://luxestyle.ch/products/armelloses-blumenkleid-fur-damen-616500	2026-10-02
https://luxestyle.ch/products/armelloses-blumenkleid-mit-bindetragern-615700	2026-10-02
https://luxestyle.ch/products/armelloses-bodycon-kleid-mit-ruckenausschnitt-621500	2026-10-02
https://luxestyle.ch/products/armelloses-bodycon-midikleid-mit-hohem-taillen-635600	2026-10-02
https://luxestyle.ch/products/armelloses-bodycon-rollkragen-maxikleid-629300	2026-10-02
https://luxestyle.ch/products/armelloses-camisole-mit-v-ausschnitt-und-mesh-617100	2026-10-02
https://luxestyle.ch/products/armelloses-camisole-mit-v-ausschnitt-und-reiss-605500	2026-10-02
https://luxestyle.ch/products/armelloses-casual-a-linien-maxikleid-mit-3d-ef-622200	2026-10-02
https://luxestyle.ch/products/armelloses-casual-denim-kleid-635000	2026-10-02
https://luxestyle.ch/products/armelloses-casual-kleid-aus-eisseiden-crepe-600400	2026-10-02
https://luxestyle.ch/products/armelloses-casual-kleid-im-ethno-stil-617300	2026-10-02
https://luxestyle.ch/products/armelloses-casual-kleid-im-vintage-stil-638700	2026-10-02
https://luxestyle.ch/products/armelloses-casual-kleid-mit-3d-print-629800	2026-10-02
https://luxestyle.ch/products/armelloses-casual-kleid-mit-digitaldruck-604500	2026-10-02
https://luxestyle.ch/products/armelloses-casual-kleid-mit-print-620500	2026-10-02
https://luxestyle.ch/products/armelloses-casual-kleid-mit-rundhals-627600	2026-10-02
https://luxestyle.ch/products/armelloses-casual-kleid-mit-taschen-602800	2026-10-02
https://luxestyle.ch/products/armelloses-casual-maxikleid-mit-print-634700	2026-10-02
https://luxestyle.ch/products/armelloses-casual-patchwork-kleid-fur-damen-609600	2026-10-02
https://luxestyle.ch/products/armelloses-casual-shirt-im-new-chinese-style-631200	2026-10-02
https://luxestyle.ch/products/armelloses-casual-shirt-mit-reverskragen-613600	2026-10-02
https://luxestyle.ch/products/armelloses-casual-top-fur-damen-627100	2026-10-02
https://luxestyle.ch/products/armelloses-casual-v-neck-leinenkleid-617000	2026-10-02
https://luxestyle.ch/products/armelloses-cheongsam-midikleid-fur-damen-626500	2026-10-02
https://luxestyle.ch/products/armelloses-chiffonkleid-mit-v-ausschnitt-rusch-608000	2026-10-02
https://luxestyle.ch/products/armelloses-color-block-bodycon-kleid-mit-rundh-633700	2026-10-02
https://luxestyle.ch/products/armelloses-colorblock-camisole-top-623800	2026-10-02
https://luxestyle.ch/products/armelloses-crop-kleid-mit-letter-print-607800	2026-10-02
https://luxestyle.ch/products/armelloses-cropped-top-im-french-stil-624700	2026-10-02
https://luxestyle.ch/products/armelloses-damen-leopardenkleid-624900	2026-10-02
https://luxestyle.ch/products/armelloses-einfarbiges-kleid-mit-kragen-614900	2026-10-02
https://luxestyle.ch/products/armelloses-elegantes-strickkleid-fur-damen-623500	2026-10-02
https://luxestyle.ch/products/armelloses-etuikleid-aus-leinen-611700	2026-10-02
https://luxestyle.ch/products/armelloses-etuikleid-mit-u-boot-ausschnitt-630400	2026-10-02
https://luxestyle.ch/products/armelloses-etuikleid-mit-v-ausschnitt-626600	2026-10-02
https://luxestyle.ch/products/armelloses-etuikleid-weiss-637600	2026-10-02
https://luxestyle.ch/products/armelloses-gestuftes-chiffon-minikleid-616101	2026-10-02
https://luxestyle.ch/products/armelloses-halterneck-casual-kleid-602500	2026-10-02
https://luxestyle.ch/products/armelloses-halterneck-leopardenkleid-606800	2026-10-02
https://luxestyle.ch/products/armelloses-hemdkleid-mit-revers-und-taillengur-604900	2026-10-02
https://luxestyle.ch/products/armelloses-hemdkragenkleid-637200	2026-10-02
https://luxestyle.ch/products/armelloses-henley-top-im-lassigen-stil-608200	2026-10-02
https://luxestyle.ch/products/armelloses-herren-t-shirt-619500	2026-10-02
https://luxestyle.ch/products/armelloses-hochtailliertes-kleid-mit-print-608700	2026-10-02
https://luxestyle.ch/products/armelloses-jacquard-v-shirt-fur-herren-624000	2026-10-02
https://luxestyle.ch/products/armelloses-jeans-top-mit-v-ausschnitt-632300	2026-10-02
https://luxestyle.ch/products/armelloses-jeanshemd-mit-knotenfront-607200	2026-10-02
https://luxestyle.ch/products/armelloses-jeanskleid-fur-damen-603900	2026-10-02
https://luxestyle.ch/products/armelloses-jeanskleid-mit-rundhals-624900	2026-10-02
https://luxestyle.ch/products/armelloses-kaschmir-stricktop-mit-figurbetonte-605800	2026-10-02
https://luxestyle.ch/products/armelloses-kleid-im-american-stil-634900	2026-10-02
https://luxestyle.ch/products/armelloses-kleid-mit-spitze-611800	2026-10-02
https://luxestyle.ch/products/armelloses-langes-kleid-fur-den-arbeitsalltag-632500	2026-10-02
https://luxestyle.ch/products/armelloses-langes-kleid-mit-stickereien-623500	2026-10-02
https://luxestyle.ch/products/armelloses-leinen-baumwoll-shirt-mit-spitze-607500	2026-10-02
https://luxestyle.ch/products/armelloses-leinen-top-fur-herren-630500	2026-10-02
https://luxestyle.ch/products/armelloses-leinenkleid-mit-rundhals-628300	2026-10-02
https://luxestyle.ch/products/armelloses-leinenkleid-mit-taillengurtel-624600	2026-10-02
https://luxestyle.ch/products/armelloses-maxi-kleid-aus-spitze-mit-v-ausschn-623500	2026-10-02
https://luxestyle.ch/products/armelloses-maxi-kleid-mit-3d-muster-621500	2026-10-02
https://luxestyle.ch/products/armelloses-maxi-kleid-mit-3d-print-606900	2026-10-02
https://luxestyle.ch/products/armelloses-maxi-kleid-mit-3d-stickerei-614100	2026-10-02
https://luxestyle.ch/products/armelloses-maxi-kleid-mit-blumenmuster-628300	2026-10-02
https://luxestyle.ch/products/armelloses-maxi-kleid-mit-frischem-digitalprin-626000	2026-10-02
https://luxestyle.ch/products/armelloses-maxi-kleid-mit-rundhals-und-patchwo-637200	2026-10-02
https://luxestyle.ch/products/armelloses-maxi-kleid-mit-schlitz-und-polka-do-638700	2026-10-02
https://luxestyle.ch/products/armelloses-maxi-kleid-mit-spitze-und-blumenpri-629400	2026-10-02
https://luxestyle.ch/products/armelloses-maxi-kleid-mit-taschen-613700	2026-10-02
https://luxestyle.ch/products/armelloses-maxi-kleid-mit-v-ausschnitt-print-618700	2026-10-02
https://luxestyle.ch/products/armelloses-maxi-sommerkleid-im-a-linien-schnit-624700	2026-10-02
https://luxestyle.ch/products/armelloses-maxikleid-mit-blumenprint-607700	2026-10-02
https://luxestyle.ch/products/armelloses-maxikleid-mit-fruchtmuster-604500	2026-10-02
https://luxestyle.ch/products/armelloses-midi-kleid-mit-patchwork-design-636500	2026-10-02
https://luxestyle.ch/products/armelloses-midikleid-aus-viskose-617900	2026-10-02
https://luxestyle.ch/products/armelloses-midikleid-fur-damen-634600	2026-10-02
https://luxestyle.ch/products/armelloses-midikleid-fur-sommer-buro-614000	2026-10-02
https://luxestyle.ch/products/armelloses-midikleid-in-a-linie-ubergrossen-605000	2026-10-02
https://luxestyle.ch/products/armelloses-midikleid-mit-3d-effekt-613800	2026-10-02
https://luxestyle.ch/products/armelloses-midikleid-mit-3d-effektmuster-626200	2026-10-02
https://luxestyle.ch/products/armelloses-midikleid-mit-3d-print-601100	2026-10-02
https://luxestyle.ch/products/armelloses-midikleid-mit-a-linie-637500	2026-10-02
https://luxestyle.ch/products/armelloses-midikleid-mit-a-linie-und-falten-636500	2026-10-02
https://luxestyle.ch/products/armelloses-midikleid-mit-eckigem-ausschnitt-610100	2026-10-02
https://luxestyle.ch/products/armelloses-midikleid-mit-falten-und-taillengur-626900	2026-10-02
https://luxestyle.ch/products/armelloses-midikleid-mit-hemdkragen-637900	2026-10-02
https://luxestyle.ch/products/armelloses-midikleid-mit-libellen-print-614700	2026-10-02
https://luxestyle.ch/products/armelloses-midikleid-mit-offener-ruckenpartie-627100	2026-10-02
https://luxestyle.ch/products/armelloses-midikleid-mit-osen-603800	2026-10-02
https://luxestyle.ch/products/armelloses-midikleid-mit-quasten-637000	2026-10-02
https://luxestyle.ch/products/armelloses-midikleid-mit-rundhals-und-ruschens-601900	2026-10-02
https://luxestyle.ch/products/armelloses-midikleid-mit-ruschensaum-631900	2026-10-02
https://luxestyle.ch/products/armelloses-midikleid-mit-spitze-und-bindeband-605300	2026-10-02
https://luxestyle.ch/products/armelloses-mini-kleid-im-celebrity-stil-606100	2026-10-02
https://luxestyle.ch/products/armelloses-mini-kleid-im-retro-stil-639200	2026-10-02
https://luxestyle.ch/products/armelloses-minikleid-mit-rundhals-624200	2026-10-02
https://luxestyle.ch/products/armelloses-minikleid-mit-rundhals-und-spaghett-602000	2026-10-02
https://luxestyle.ch/products/armelloses-neckholder-bodycon-minikleid-630100	2026-10-02
https://luxestyle.ch/products/armelloses-off-shoulder-kleid-mit-stickerei-621500	2026-10-02
https://luxestyle.ch/products/armelloses-off-shoulder-maxi-kleid-614200	2026-10-02
https://luxestyle.ch/products/armelloses-off-shoulder-polka-dot-damenkleid-622200	2026-10-02
https://luxestyle.ch/products/armelloses-off-shoulder-top-mit-lochmuster-611400	2026-10-02
https://luxestyle.ch/products/armelloses-off-shoulder-top-mit-u-boot-ausschn-618400	2026-10-02
https://luxestyle.ch/products/armelloses-partykleid-mit-rundhalsausschnitt-603700	2026-10-02
https://luxestyle.ch/products/armelloses-plissee-kleid-mit-rundhals-634600	2026-10-02
https://luxestyle.ch/products/armelloses-plissee-tanktop-kleid-im-retro-stil-630800	2026-10-02
https://luxestyle.ch/products/armelloses-plisseekleid-in-unifarben-634200	2026-10-02
https://luxestyle.ch/products/armelloses-plisseekleid-mit-blumenmuster-629700	2026-10-02
https://luxestyle.ch/products/armelloses-polka-dot-kleid-im-french-stil-625100	2026-10-02
https://luxestyle.ch/products/armelloses-resort-kleid-fur-damen-604100	2026-10-02
https://luxestyle.ch/products/armelloses-resort-kleid-mit-schlitz-621200	2026-10-02
https://luxestyle.ch/products/armelloses-retro-ferienkleid-im-french-style-623000	2026-10-02
https://luxestyle.ch/products/armelloses-retro-kleid-mit-blumenmuster-637600	2026-10-02
https://luxestyle.ch/products/armelloses-retro-top-im-franzosischen-stil-617400	2026-10-02
https://luxestyle.ch/products/armelloses-rollkragen-shirt-mit-band-605700	2026-10-02
https://luxestyle.ch/products/armelloses-ruckenfreies-kleid-mit-bindeband-621700	2026-10-02
https://luxestyle.ch/products/armelloses-ruschenkleid-im-franzosischen-stil-604200	2026-10-02
https://luxestyle.ch/products/armelloses-satin-maxikleid-mit-paneelen-636800	2026-10-02
https://luxestyle.ch/products/armelloses-schlitzkleid-mit-rollkragen-611800	2026-10-02
https://luxestyle.ch/products/armelloses-schlitzkleid-mit-seitenstreifen-636600	2026-10-02
https://luxestyle.ch/products/armelloses-schnur-top-fur-damen-604400	2026-10-02
https://luxestyle.ch/products/armelloses-shirt-in-schokobraun-630001	2026-10-02
https://luxestyle.ch/products/armelloses-shirt-mit-kordelzug-610900	2026-10-02
https://luxestyle.ch/products/armelloses-slim-fit-color-block-shirt-639600	2026-10-02
https://luxestyle.ch/products/armelloses-slim-fit-jeanskleid-619900	2026-10-02
https://luxestyle.ch/products/armelloses-sommer-tanktop-mit-hakel-detail-635600	2026-10-02
https://luxestyle.ch/products/armelloses-sommerkleid-im-franzosischen-stil-619100	2026-10-02
https://luxestyle.ch/products/armelloses-sommerkleid-mit-eckigem-ausschnitt-606800	2026-10-02
https://luxestyle.ch/products/armelloses-sommerkleid-mit-weitem-schnitt-633300	2026-10-02
https://luxestyle.ch/products/armelloses-sommerkleid-mit-wickelkragen-606700	2026-10-02
https://luxestyle.ch/products/armelloses-sport-top-jupe-set-605300	2026-10-02
https://luxestyle.ch/products/armelloses-strandkleid-mit-v-ausschnitt-und-sc-618800	2026-10-02
https://luxestyle.ch/products/armelloses-streifen-kleid-mit-taillenumspielun-639600	2026-10-02
https://luxestyle.ch/products/armelloses-strickkleid-fur-damen-634900	2026-10-02
https://luxestyle.ch/products/armelloses-strickkleid-fur-schwangerschaft-im-612200	2026-10-02
https://luxestyle.ch/products/armelloses-strickkleid-im-etui-stil-611000	2026-10-02
https://luxestyle.ch/products/armelloses-strickkleid-mit-ajour-muster-604400	2026-10-02
https://luxestyle.ch/products/armelloses-strickkleid-mit-hemdkragen-606900	2026-10-02
https://luxestyle.ch/products/armelloses-strickkleid-mit-taschen-604600	2026-10-02
https://luxestyle.ch/products/armelloses-stricktop-mit-rundhals-und-lochmust-622200	2026-10-02
https://luxestyle.ch/products/armelloses-t-shirt-fur-outdoor-training-fitnes-610600	2026-10-02
https://luxestyle.ch/products/armelloses-t-shirt-mit-geometrie-muster-632100	2026-10-02
https://luxestyle.ch/products/armelloses-tailliertes-mini-kleid-mit-paillett-625600	2026-10-02
https://luxestyle.ch/products/armelloses-tanktop-fur-damen-634500	2026-10-02
https://luxestyle.ch/products/armelloses-tanktop-kleid-628300	2026-10-02
https://luxestyle.ch/products/armelloses-tanktop-kleid-mit-digitaldruck-639500	2026-10-02
https://luxestyle.ch/products/armelloses-tanktop-mit-breiten-tragern-611900	2026-10-02
https://luxestyle.ch/products/armelloses-tencel-kleid-mit-u-boot-ausschnitt-630000	2026-10-02
https://luxestyle.ch/products/armelloses-top-aus-baumwoll-leinen-mix-619300	2026-10-02
https://luxestyle.ch/products/armelloses-top-fur-pendler-khaki-618100	2026-10-02
https://luxestyle.ch/products/armelloses-top-im-business-casual-stil-621700	2026-10-02
https://luxestyle.ch/products/armelloses-top-lange-hose-mit-anti-durchblick-619800	2026-10-02
https://luxestyle.ch/products/armelloses-top-mit-schnurung-613700	2026-10-02
https://luxestyle.ch/products/armelloses-top-mit-spitze-und-falten-612500	2026-10-02
https://luxestyle.ch/products/armelloses-top-mit-vintage-maxirock-619800	2026-10-02
https://luxestyle.ch/products/armelloses-top-und-shorts-set-630400	2026-10-02
https://luxestyle.ch/products/armelloses-trench-kleid-mit-taillengurtel-614400	2026-10-02
https://luxestyle.ch/products/armelloses-tube-top-mini-kleid-mit-hoher-taill-601600	2026-10-02
https://luxestyle.ch/products/armelloses-turtleneck-top-mit-satin-midirock-630100	2026-10-02
https://luxestyle.ch/products/armelloses-v-ausschnitt-freizeitkleid-633500	2026-10-02
https://luxestyle.ch/products/armelloses-v-ausschnitt-kleid-609500	2026-10-02
https://luxestyle.ch/products/armelloses-v-ausschnitt-kleid-mit-stufenrock-631700	2026-10-02
https://luxestyle.ch/products/armelloses-v-ausschnitt-porzellan-print-kleid-605000	2026-10-02
https://luxestyle.ch/products/armelloses-v-neck-3d-kleid-fur-damen-616500	2026-10-02
https://luxestyle.ch/products/armelloses-v-neck-3d-print-kleid-fur-damen-633200	2026-10-02
https://luxestyle.ch/products/armelloses-v-neck-a-linien-kleid-mit-taillengu-623200	2026-10-02
https://luxestyle.ch/products/armelloses-v-neck-blumenkleid-mit-ruschen-625800	2026-10-02
https://luxestyle.ch/products/armelloses-v-neck-kleid-mit-leo-print-600500	2026-10-02
https://luxestyle.ch/products/armelloses-v-neck-kleid-mit-ruschen-604900	2026-10-02
https://luxestyle.ch/products/armelloses-v-neck-kleid-mit-schnurung-615500	2026-10-02
https://luxestyle.ch/products/armelloses-v-neck-kleid-mit-taschen-626300	2026-10-02
https://luxestyle.ch/products/armelloses-v-neck-maxikleid-fur-damen-615600	2026-10-02
https://luxestyle.ch/products/armelloses-v-neck-maxikleid-mit-blumenstickere-631700	2026-10-02
https://luxestyle.ch/products/armelloses-v-neck-midikleid-mit-3d-muster-631200	2026-10-02
https://luxestyle.ch/products/armelloses-v-neck-midikleid-mit-print-636600	2026-10-02
https://luxestyle.ch/products/armelloses-v-neck-quasten-kleid-mit-print-605300	2026-10-02
https://luxestyle.ch/products/armelloses-v-neck-ruschenkleid-mit-taschen-619500	2026-10-02
https://luxestyle.ch/products/armelloses-v-neck-sommerkleid-628100	2026-10-02
https://luxestyle.ch/products/armelloses-v-neck-strickkleid-609800	2026-10-02
https://luxestyle.ch/products/armelloses-v-neck-strickkleid-fur-damen-628200	2026-10-02
https://luxestyle.ch/products/armelloses-v-neck-t-shirt-mit-knopf-tasche-629000	2026-10-02
https://luxestyle.ch/products/armelloses-v-neck-tank-dress-aus-baumwoll-lein-604000	2026-10-02
https://luxestyle.ch/products/armelloses-v-neck-top-602100	2026-10-02
https://luxestyle.ch/products/armelloses-v-neck-top-fur-damen-628200	2026-10-02
https://luxestyle.ch/products/armelloses-v-neck-top-in-unifarben-607400	2026-10-02
https://luxestyle.ch/products/armelloses-v-neck-top-mit-knopfleiste-620300	2026-10-02
https://luxestyle.ch/products/armelloses-v-neck-top-mit-schleife-637200	2026-10-02
https://luxestyle.ch/products/armelloses-v-neck-vintage-kleid-mit-knopfen-605800	2026-10-02
https://luxestyle.ch/products/armelloses-vintage-a-linien-kleid-mit-tailleng-600100	2026-10-02
https://luxestyle.ch/products/armelloses-weitenfreundliches-leisure-dress-605900	2026-10-02
https://luxestyle.ch/products/armelschutz-mit-spitzenmanschette-630600	2026-10-02
https://luxestyle.ch/products/armkraft-trainingsstab-212544	2026-10-02
https://luxestyle.ch/products/armlehnen-schutzauflage-mit-tasche-615800	2026-10-02
https://luxestyle.ch/products/armlehnen-schutzbezug-410049	2026-10-02
https://luxestyle.ch/products/armloses-lang-damenkleid-609000	2026-10-02
https://luxestyle.ch/products/armmassagegurt-mit-rotlicht-und-warmefunktion-629800	2026-10-02
https://luxestyle.ch/products/armreif-aus-naturlicher-weisser-xinjiang-jade-608300	2026-10-02
https://luxestyle.ch/products/armreif-blatt-blute-mit-oltropfen-design-617600	2026-10-02
https://luxestyle.ch/products/armreif-gold-mit-diamanten-628000	2026-10-02
https://luxestyle.ch/products/armreif-great-wall-mit-zirkonia-goldfarben-634800	2026-10-02
https://luxestyle.ch/products/armreif-korean-style-mit-mattblauen-zirkonia-900418	2026-10-02
https://luxestyle.ch/products/armreif-mit-eisblauen-zirkonia-681346	2026-10-02
https://luxestyle.ch/products/armreif-mit-gefrosteten-blauen-zirkonia-890498	2026-10-02
https://luxestyle.ch/products/armreif-mit-geometrischen-zirkonia-akzenten-637100	2026-10-02
https://luxestyle.ch/products/armreif-mit-mattblauen-zirkonia-312577	2026-10-02
https://luxestyle.ch/products/armreif-mit-zirkonia-blutenverschluss-642306	2026-10-02
https://luxestyle.ch/products/armreif-mit-zirkonia-und-gewinde-design-642113	2026-10-02
https://luxestyle.ch/products/armreif-sky-blue-heavy-embroidery-636300	2026-10-02
https://luxestyle.ch/products/armreifen-fur-yoga-und-fitness-183936	2026-10-02
https://luxestyle.ch/products/armygruene-damenkleid-626500	2026-10-02
https://luxestyle.ch/products/armygrune-freizeitjacke-614700	2026-10-02
https://luxestyle.ch/products/aroma-dichte-bento-box-aus-edelstahl-633800	2026-10-02
https://luxestyle.ch/products/aroma-diffuser-2-5l-632896	2026-10-02
https://luxestyle.ch/products/aroma-diffuser-ast-design-holzmaserung-75a8fd	2026-10-02
https://luxestyle.ch/products/aroma-diffuser-holzmaserung-150ml-fab548	2026-10-02
https://luxestyle.ch/products/aroma-diffuser-holzmaserung-e1d479	2026-10-02
https://luxestyle.ch/products/aroma-diffuser-holzmaserung-mit-fernbedienung-ed5085	2026-10-02
https://luxestyle.ch/products/aroma-diffuser-holzmaserung-vogelkafig-dcb94f	2026-10-02
https://luxestyle.ch/products/aroma-diffuser-holzoptik-400ml-ultraschall-luftbefeuchter-mit-7-led-farben	2026-10-02
https://luxestyle.ch/products/aroma-diffuser-holzoptik-hohl-design-ultraschall-luftbefeuchter-mit-led-licht	2026-10-02
https://luxestyle.ch/products/aroma-diffuser-holzoptik-mit-fernbedienung-dc8fc7	2026-10-02
https://luxestyle.ch/products/aroma-diffuser-luftbefeuchter-b87f52	2026-10-02
https://luxestyle.ch/products/aroma-diffuser-mini-luftbefeuchter-holzoptik-404736	2026-10-02
https://luxestyle.ch/products/aroma-diffuser-mist-luftbefeuchter-mit-led-381377	2026-10-02
https://luxestyle.ch/products/aroma-diffuser-mist-ultraschall-mit-led	2026-10-02
https://luxestyle.ch/products/aroma-diffuser-mit-7-led-farben-56121f	2026-10-02
https://luxestyle.ch/products/aroma-diffuser-mit-bluetooth-lautsprecher-uhr-5f023d	2026-10-02
https://luxestyle.ch/products/aroma-diffuser-mit-farbigem-flammen-effekt-646500	2026-10-02
https://luxestyle.ch/products/aroma-diffuser-mit-fernbedienung-616100	2026-10-02
https://luxestyle.ch/products/aroma-diffuser-mit-flammen-simulation-611000	2026-10-02
https://luxestyle.ch/products/aroma-diffuser-mit-flammeneffekt-448192	2026-10-02
https://luxestyle.ch/products/aroma-diffuser-mit-holzmaserung-und-7-farben-946944	2026-10-02
https://luxestyle.ch/products/aroma-diffuser-mit-holzmaserung-und-led-licht-850dda	2026-10-02
https://luxestyle.ch/products/aroma-diffuser-mit-licht-und-schatteneffekt-a72385	2026-10-02
https://luxestyle.ch/products/aroma-diffuser-mit-rattan-stabchen-244672	2026-10-02
https://luxestyle.ch/products/aroma-diffuser-mit-ultraschall-355008	2026-10-02
https://luxestyle.ch/products/aroma-diffuser-mit-ultraschall-und-led-licht-7aee10	2026-10-02
https://luxestyle.ch/products/aroma-diffuser-mit-ultraschall-und-luftbefeuch-c89629	2026-10-02
https://luxestyle.ch/products/aroma-diffuser-mit-ultraschall-vernebler-034ae8	2026-10-02
https://luxestyle.ch/products/aroma-diffuser-persimmon-kaki-frucht-design-mit-licht-🍂	2026-10-02
https://luxestyle.ch/products/aroma-diffuser-raucherbox-tierwelt-857792	2026-10-02
https://luxestyle.ch/products/aroma-diffuser-und-luftbefeuchter-d98957	2026-10-02
https://luxestyle.ch/products/aroma-diffuser-wassertropfen-design-4c591f	2026-10-02
https://luxestyle.ch/products/aroma-diffuser-zen-luftbefeuchter-mit-led-208322	2026-10-02
https://luxestyle.ch/products/aroma-diffusor-holzmaserung-96cd46	2026-10-02
https://luxestyle.ch/products/aroma-duschkopf-mit-filter-632400	2026-10-02
https://luxestyle.ch/products/aromadichtes-vorratsglas-aus-borosilikat-032385	2026-10-02
https://luxestyle.ch/products/aromadiffuser-mit-eisenkunst-502272	2026-10-02
https://luxestyle.ch/products/aromadiffuser-mit-glas-wasserbehalter-507840	2026-10-02
https://luxestyle.ch/products/aromadiffuser-mit-usb-anschluss-613500	2026-10-02
https://luxestyle.ch/products/aromaol-set-fur-die-raumluft-103104	2026-10-02
https://luxestyle.ch/products/aromatherapie-atherische-ole-set-828e89	2026-10-02
https://luxestyle.ch/products/aromatherapie-box-e59a5e	2026-10-02
https://luxestyle.ch/products/aromatherapie-diffuser-mit-grosser-kapazitat-175232	2026-10-02
https://luxestyle.ch/products/aromatherapie-diffusor-aus-keramik-633100	2026-10-02
https://luxestyle.ch/products/aromatherapie-diffusor-gold-bronze-bdb9c1	2026-10-02
https://luxestyle.ch/products/aromatherapie-diffusor-holzmaserung-49e478	2026-10-02
https://luxestyle.ch/products/aromatherapie-diffusor-holzmaserung-cbb54d	2026-10-02
https://luxestyle.ch/products/aromatherapie-diffusor-holzoptik-mit-fernbedie-e52c66	2026-10-02
https://luxestyle.ch/products/aromatherapie-duftol-fur-luftbefeuchter-640556	2026-10-02
https://luxestyle.ch/products/aromatherapie-gerat-173376	2026-10-02
https://luxestyle.ch/products/aromatherapie-gerat-blaues-haus-fur-besseren-s-b6de62	2026-10-02
https://luxestyle.ch/products/aromatherapie-gerat-mit-kunststoff-bambus-webe-983616	2026-10-02
https://luxestyle.ch/products/aromatherapie-geschenkset-blue-lady-625700	2026-10-02
https://luxestyle.ch/products/aromatherapie-gips-seifenform-fur-wachstafeln-217024	2026-10-02
https://luxestyle.ch/products/aromatherapie-humidifier-122816	2026-10-02
https://luxestyle.ch/products/aromatherapie-kerzen-seifenform-615900	2026-10-02
https://luxestyle.ch/products/aromatherapie-kerzenform-herz-saule-017472	2026-10-02
https://luxestyle.ch/products/aromatherapie-luftbefeuchter-508736	2026-10-02
https://luxestyle.ch/products/aromatherapie-luftbefeuchter-fur-dein-auto-615400	2026-10-02
https://luxestyle.ch/products/aromatherapie-luftbefeuchter-mit-dual-spray-332736	2026-10-02
https://luxestyle.ch/products/aromatherapie-luftbefeuchter-mit-nachtlicht-636900	2026-10-02
https://luxestyle.ch/products/aromatherapie-luftbefeuchter-nachtlicht-84e2a4	2026-10-02
https://luxestyle.ch/products/aromatherapie-luftbefeuchter-smart-decdf0	2026-10-02
https://luxestyle.ch/products/aromatherapie-luftbefeuchter-usb-mini-554432	2026-10-02
https://luxestyle.ch/products/aromatherapie-lufter-631000	2026-10-02
https://luxestyle.ch/products/aromatherapie-massageol-set-725184	2026-10-02
https://luxestyle.ch/products/aromatherapie-muckenlampe-087f4f	2026-10-02
https://luxestyle.ch/products/aromatherapie-nebelduftuhr-723840	2026-10-02
https://luxestyle.ch/products/aromatherapie-ol-fur-luftbefeuchter-5-ml-8d65e3	2026-10-02
https://luxestyle.ch/products/aromatherapie-ol-im-kristallflaschchen-636500	2026-10-02
https://luxestyle.ch/products/aromatherapie-ol-set-fur-duftspender-6-stuck-616000	2026-10-02
https://luxestyle.ch/products/aromatherapie-ol-set-fur-manner-627800	2026-10-02
https://luxestyle.ch/products/aromatherapie-ol-vernebler-cb81b3	2026-10-02
https://luxestyle.ch/products/aromatherapie-ollampe-ohne-feuer-75bcbd	2026-10-02
https://luxestyle.ch/products/aromatherapie-olset-6x10ml-128384	2026-10-02
https://luxestyle.ch/products/aromatherapie-set-mit-diffusor-steinen-616600	2026-10-02
https://luxestyle.ch/products/aromatherapie-uhrenarmband-aus-metall-608200	2026-10-02
https://luxestyle.ch/products/aromatherapie-uv-sterilisationsbox-mit-wireles-c7b9ab	2026-10-02
https://luxestyle.ch/products/aromatisch-holziger-lavendelduft-100ml-825089	2026-10-02
https://luxestyle.ch/products/aromatisches-nachttischlicht-mit-duftspender-626100	2026-10-02
https://luxestyle.ch/products/arrival-damen-sandalen-mit-klobigem-absatz-616800	2026-10-02
https://luxestyle.ch/products/arrival-langarmshirt-fur-damen-627900	2026-10-02
https://luxestyle.ch/products/arrival-strand-cover-up-mit-kapuze-604300	2026-10-02
https://luxestyle.ch/products/arrival-v-neck-kleid-lassig-elegant-637000	2026-10-02
https://luxestyle.ch/products/artifizielles-lederglas-540d62	2026-10-02
https://luxestyle.ch/products/artiscare-lavendelol-gegen-akne-narben-ce9b7d	2026-10-02
https://luxestyle.ch/products/artsy-peacock-diy-digital-painting-set-215232	2026-10-02
https://luxestyle.ch/products/arztkittel-fgss5652	2026-10-02
https://luxestyle.ch/products/as-nail-art-eternal-classic-farbgel-nagellack-621600	2026-10-02
https://luxestyle.ch/products/as-new-solid-color-nagellack-gel-402624	2026-10-02
https://luxestyle.ch/products/asa-cf-filament-carbonfaserverstarkt-358210	2026-10-02
https://luxestyle.ch/products/asakusa-aroma-diffuser-aus-glas-51a64b	2026-10-02
https://luxestyle.ch/products/asakusa-aroma-diffuser-holzmaserung-f3cfca	2026-10-02
https://luxestyle.ch/products/aschenbecher-mit-deckel-602700	2026-10-02
https://luxestyle.ch/products/aschenbecher-mit-rauchfilter-ccbe6d	2026-10-02
https://luxestyle.ch/products/assault-tactics-rucksack-25l-326976	2026-10-02
https://luxestyle.ch/products/ast-armband-mit-kristallen-617500	2026-10-02
https://luxestyle.ch/products/ast-katze-ruckspiegel-anhanger-171200	2026-10-02
https://luxestyle.ch/products/astaxanthin-essenz-straffend-feuchtigkeitsspen-618600	2026-10-02
https://luxestyle.ch/products/astaxanthin-flussig-ampullen-losung-605500	2026-10-02
https://luxestyle.ch/products/aston-haustier-feldbett-mit-sonnenschutz-898240	2026-10-02
https://luxestyle.ch/products/astronaut-galaxy-projektionslampe-622000	2026-10-02
https://luxestyle.ch/products/astronaut-galaxy-sternenlicht-projektor-836224	2026-10-02
https://luxestyle.ch/products/astronaut-phone-case-298816	2026-10-02
https://luxestyle.ch/products/astronaut-rakete-klemmbausteine-417408	2026-10-02
https://luxestyle.ch/products/astronaut-roboter-uberwachungskamera-90b6f7	2026-10-02
https://luxestyle.ch/products/astronaut-smartwatch-mit-bluetooth-touchscreen-113216	2026-10-02
https://luxestyle.ch/products/astronaut-sternenlicht-bluetooth-lautsprecher-996928	2026-10-02
https://luxestyle.ch/products/astronaut-wandbild-734464	2026-10-02
https://luxestyle.ch/products/astronaut-wetterstation-mit-temperaturanzeige-588160	2026-10-02
https://luxestyle.ch/products/astronautenhelm-fur-kinder-fga901161	2026-10-02
https://luxestyle.ch/products/astronautenhelm-fur-kinder-fgaor23692	2026-10-02
https://luxestyle.ch/products/astronautenhelm-onesize-fgapc21200	2026-10-02
https://luxestyle.ch/products/astronomisches-teleskop-mit-telefonadapter-034944	2026-10-02
https://luxestyle.ch/products/asymmetrische-halskette-mit-gliedern-620000	2026-10-02
https://luxestyle.ch/products/asymmetrische-jeans-637600	2026-10-02
https://luxestyle.ch/products/asymmetrische-low-rise-jeans-mit-knopfleiste-611500	2026-10-02
https://luxestyle.ch/products/asymmetrische-statement-ohrringe-mit-zirkonia-630400	2026-10-02
https://luxestyle.ch/products/asymmetrische-strickjacke-617900	2026-10-02
https://luxestyle.ch/products/asymmetrische-taktische-weste-603500	2026-10-02
https://luxestyle.ch/products/asymmetrische-wide-leg-hose-877953	2026-10-02
https://luxestyle.ch/products/asymmetrischer-batik-rock-mit-spitze-621200	2026-10-02
https://luxestyle.ch/products/asymmetrischer-jupe-mit-quasten-628000	2026-10-02
https://luxestyle.ch/products/asymmetrischer-karo-rock-619200	2026-10-02
https://luxestyle.ch/products/asymmetrischer-maxirock-mit-blumenprint-603000	2026-10-02
https://luxestyle.ch/products/asymmetrischer-mesh-jupe-639500	2026-10-02
https://luxestyle.ch/products/asymmetrischer-midi-rock-aus-woll-mix-605100	2026-10-02
https://luxestyle.ch/products/asymmetrischer-midi-rock-mit-ruschen-616300	2026-10-02
https://luxestyle.ch/products/asymmetrischer-midi-strickrock-634100	2026-10-02
https://luxestyle.ch/products/asymmetrischer-minirock-mit-spitze-635100	2026-10-02
https://luxestyle.ch/products/asymmetrischer-plaid-rock-637100	2026-10-02
https://luxestyle.ch/products/asymmetrischer-plisseerock-mit-schlitz-614300	2026-10-02
https://luxestyle.ch/products/asymmetrischer-polka-dot-a-linien-rock-625500	2026-10-02
https://luxestyle.ch/products/asymmetrischer-rock-mit-schnurung-607800	2026-10-02
https://luxestyle.ch/products/asymmetrischer-silhouette-rock-mit-seidenpanee-631800	2026-10-02
https://luxestyle.ch/products/asymmetrischer-taillengurtel-mit-letter-print-624600	2026-10-02
https://luxestyle.ch/products/asymmetrisches-armelloses-freizeitkleid-606600	2026-10-02
https://luxestyle.ch/products/asymmetrisches-armelloses-top-mit-eckigem-auss-619200	2026-10-02
https://luxestyle.ch/products/asymmetrisches-bodycon-kleid-mit-schlitz-622500	2026-10-02
https://luxestyle.ch/products/asymmetrisches-chiffonkleid-mit-puffarmeln-612700	2026-10-02
https://luxestyle.ch/products/asymmetrisches-halterneck-top-600300	2026-10-02
https://luxestyle.ch/products/asymmetrisches-hemdkleid-630300	2026-10-02
https://luxestyle.ch/products/asymmetrisches-kettenarmband-mit-perlen-623000	2026-10-02
https://luxestyle.ch/products/asymmetrisches-kleid-611500	2026-10-02
https://luxestyle.ch/products/asymmetrisches-kleid-mit-schal-detail-624200	2026-10-02
https://luxestyle.ch/products/asymmetrisches-knopfkleid-mit-seitlichen-tasch-617700	2026-10-02
https://luxestyle.ch/products/asymmetrisches-kurzarm-shirt-mit-u-boot-aussch-620700	2026-10-02
https://luxestyle.ch/products/asymmetrisches-langarm-kleid-mit-seidenkrawatt-631500	2026-10-02
https://luxestyle.ch/products/asymmetrisches-langarmkleid-mit-patchwork-628300	2026-10-02
https://luxestyle.ch/products/asymmetrisches-langarmshirt-fur-herren-611300	2026-10-02
https://luxestyle.ch/products/asymmetrisches-langes-kleid-mit-bischofsarmeln-616400	2026-10-02
https://luxestyle.ch/products/asymmetrisches-maxi-kleid-mit-figurbetontem-sc-638000	2026-10-02
https://luxestyle.ch/products/asymmetrisches-midi-kleid-622200	2026-10-02
https://luxestyle.ch/products/asymmetrisches-mini-karo-kleid-631300	2026-10-02
https://luxestyle.ch/products/asymmetrisches-off-shoulder-kleid-mit-unregelm-600200	2026-10-02
https://luxestyle.ch/products/asymmetrisches-off-shoulder-strickkleid-639700	2026-10-02
https://luxestyle.ch/products/asymmetrisches-off-shoulder-top-612300	2026-10-02
https://luxestyle.ch/products/asymmetrisches-one-shoulder-halter-maxikleid-623100	2026-10-02
https://luxestyle.ch/products/asymmetrisches-one-shoulder-meerjungfrauenklei-633700	2026-10-02
https://luxestyle.ch/products/asymmetrisches-perlenschmuckstuck-602300	2026-10-02
https://luxestyle.ch/products/asymmetrisches-plisseekleid-mit-langarm-und-st-617400	2026-10-02
https://luxestyle.ch/products/asymmetrisches-resort-kleid-mit-taillierung-610900	2026-10-02
https://luxestyle.ch/products/asymmetrisches-schulterpuff-shirt-fur-damen-610600	2026-10-02
https://luxestyle.ch/products/asymmetrisches-t-shirt-609300	2026-10-02
https://luxestyle.ch/products/asymmetrisches-top-mit-bogen-detail-604100	2026-10-02
https://luxestyle.ch/products/asymmetrisches-v-ausschnitt-kleid-633500	2026-10-02
https://luxestyle.ch/products/asymmetrisches-wickelkleid-mit-farbblock-print-616300	2026-10-02
https://luxestyle.ch/products/atem-hantel-fur-lungenfunktion-yoga-600000	2026-10-02
https://luxestyle.ch/products/atemaktiver-gurt-fur-schwangerschaft-633728	2026-10-02
https://luxestyle.ch/products/atemalkohol-detektor-at-838-3c12f6	2026-10-02
https://luxestyle.ch/products/atembares-massagegerat-fur-sportler-615200	2026-10-02
https://luxestyle.ch/products/atemfrische-zahnaufhellung-mit-pflegeset-632500	2026-10-02
https://luxestyle.ch/products/atemfrischer-fur-hunde-zahnpflegepulver-631500	2026-10-02
https://luxestyle.ch/products/atemschutzmaske-142914	2026-10-02
https://luxestyle.ch/products/atemschutzmaske-16in1-mit-filter-345537	2026-10-02
https://luxestyle.ch/products/atemtrainer-fur-yoga-und-pilates-619200	2026-10-02
https://luxestyle.ch/products/atemtrainer-zur-verbesserung-der-lungenkapazit-779264	2026-10-02
https://luxestyle.ch/products/atherische-ole-fur-diffusor-14er-set-15915b	2026-10-02
https://luxestyle.ch/products/atherische-ole-set-14-dufte-187136	2026-10-02
https://luxestyle.ch/products/atherisches-blumenkleid-fur-damen-611900	2026-10-02
https://luxestyle.ch/products/atherisches-ol-set-orange-minze-eukalyptus-115290	2026-10-02
https://luxestyle.ch/products/athletic-outdoor-leggings-mit-taschen-613000	2026-10-02
https://luxestyle.ch/products/atlantis-proportion-armreif-603700	2026-10-02
https://luxestyle.ch/products/atmospharische-damenuhr-geschenkset-7b8ed1	2026-10-02
https://luxestyle.ch/products/atmosphere-basic-slip-on-lederschuhe-601400	2026-10-02
https://luxestyle.ch/products/atmungsaktive-allround-schuhe-mit-weicher-sohl-614600	2026-10-02
https://luxestyle.ch/products/atmungsaktive-anfanger-steigshuhe-damen-herren-986944	2026-10-02
https://luxestyle.ch/products/atmungsaktive-anti-rutsch-mama-schuhe-383360	2026-10-02
https://luxestyle.ch/products/atmungsaktive-anti-rutsch-sandalen-fur-kinder-9b4640	2026-10-02
https://luxestyle.ch/products/atmungsaktive-anti-rutsch-velo-handschuhe-halb-611500	2026-10-02
https://luxestyle.ch/products/atmungsaktive-aqua-schuhe-fur-paare-622200	2026-10-02
https://luxestyle.ch/products/atmungsaktive-arbeitsschuhe-009792	2026-10-02
https://luxestyle.ch/products/atmungsaktive-arbeitsschuhe-mit-stahlkappe-490624	2026-10-02
https://luxestyle.ch/products/atmungsaktive-baby-freizeitschuhe-mit-blumenmu-057280	2026-10-02
https://luxestyle.ch/products/atmungsaktive-baby-sandalen-4bfdac	2026-10-02
https://luxestyle.ch/products/atmungsaktive-baby-sneaker-mit-klettverschluss-84b21f	2026-10-02
https://luxestyle.ch/products/atmungsaktive-basketball-schuhe-fur-jungen-484160	2026-10-02
https://luxestyle.ch/products/atmungsaktive-baumwollgaze-steppdecke-6-lagig-629440	2026-10-02
https://luxestyle.ch/products/atmungsaktive-blade-freizeitschuhe-fur-herren-613500	2026-10-02
https://luxestyle.ch/products/atmungsaktive-bluse-mit-falten-textur-604100	2026-10-02
https://luxestyle.ch/products/atmungsaktive-canvas-boots-mit-dicker-sohle-614200	2026-10-02
https://luxestyle.ch/products/atmungsaktive-canvas-freizeitschuhe-621000	2026-10-02
https://luxestyle.ch/products/atmungsaktive-canvas-loafers-fur-herren-632500	2026-10-02
https://luxestyle.ch/products/atmungsaktive-canvas-schuhe-fur-herren-606000	2026-10-02
https://luxestyle.ch/products/atmungsaktive-canvas-schuhe-fur-madchen-970816	2026-10-02
https://luxestyle.ch/products/atmungsaktive-canvas-schuhe-mit-dicker-sohle-116992	2026-10-02
https://luxestyle.ch/products/atmungsaktive-canvas-schuhe-zum-schnuren-602400	2026-10-02
https://luxestyle.ch/products/atmungsaktive-canvas-slipper-fur-herren-611300	2026-10-02
https://luxestyle.ch/products/atmungsaktive-canvas-sneaker-fur-herren-619200	2026-10-02
https://luxestyle.ch/products/atmungsaktive-casual-sandalen-aus-leder-mit-ho-604000	2026-10-02
https://luxestyle.ch/products/atmungsaktive-casual-sandalen-fur-damen-612100	2026-10-02
https://luxestyle.ch/products/atmungsaktive-casual-sandalen-mit-klettverschl-625200	2026-10-02
https://luxestyle.ch/products/atmungsaktive-casual-schuhe-198016	2026-10-02
https://luxestyle.ch/products/atmungsaktive-casual-schuhe-mit-plattform-622000	2026-10-02
https://luxestyle.ch/products/atmungsaktive-casual-sneakers-mit-breitem-leis-638700	2026-10-02
https://luxestyle.ch/products/atmungsaktive-chunky-high-top-sneaker-611700	2026-10-02
https://luxestyle.ch/products/atmungsaktive-chunky-sneaker-fur-damen-629100	2026-10-02
https://luxestyle.ch/products/atmungsaktive-chunky-sneaker-mit-hohenerhohung-601400	2026-10-02
https://luxestyle.ch/products/atmungsaktive-chunky-sneakers-mit-seitenreissv-636300	2026-10-02
https://luxestyle.ch/products/atmungsaktive-damen-sandalen-mit-mesh-obermate-617500	2026-10-02
https://luxestyle.ch/products/atmungsaktive-decke-aus-reiner-baumwolle-617400	2026-10-02
https://luxestyle.ch/products/atmungsaktive-denim-leine-fur-hunde-609100	2026-10-02
https://luxestyle.ch/products/atmungsaktive-denim-sneakers-fur-kinder-fa6640	2026-10-02
https://luxestyle.ch/products/atmungsaktive-denim-sportschuhe-fur-herren-655500	2026-10-02
https://luxestyle.ch/products/atmungsaktive-eisseiden-kuhlmatte-fur-den-somm-611300	2026-10-02
https://luxestyle.ch/products/atmungsaktive-faltbare-tiertasche-605200	2026-10-02
https://luxestyle.ch/products/atmungsaktive-fischer-und-reiseweste-630600	2026-10-02
https://luxestyle.ch/products/atmungsaktive-fitness-sneaker-fur-damen-774656	2026-10-02
https://luxestyle.ch/products/atmungsaktive-fitnessschuhe-zum-reinschlupfen-611100	2026-10-02
https://luxestyle.ch/products/atmungsaktive-flip-flops-fur-hochsten-komfort-613600	2026-10-02
https://luxestyle.ch/products/atmungsaktive-fly-knit-sneakers-mit-luftkissen-606100	2026-10-02
https://luxestyle.ch/products/atmungsaktive-flyknit-casual-laufschuhe-fur-he-818752	2026-10-02
https://luxestyle.ch/products/atmungsaktive-flyknit-freizeit-sneaker-622700	2026-10-02
https://luxestyle.ch/products/atmungsaktive-flyknit-freizeitschuhe-fur-herre-609100	2026-10-02
https://luxestyle.ch/products/atmungsaktive-flyknit-mesh-sneaker-fur-herren-620400	2026-10-02
https://luxestyle.ch/products/atmungsaktive-freizeit-halbschuhe-fur-herren-601500	2026-10-02
https://luxestyle.ch/products/atmungsaktive-freizeit-laufschuhe-fur-kinder-867072	2026-10-02
https://luxestyle.ch/products/atmungsaktive-freizeit-lederschuhe-fur-herren-629200	2026-10-02
https://luxestyle.ch/products/atmungsaktive-freizeit-sandalen-fur-herren-607600	2026-10-02
https://luxestyle.ch/products/atmungsaktive-freizeit-sneaker-619500	2026-10-02
https://luxestyle.ch/products/atmungsaktive-freizeit-sneaker-aus-mesh-661056	2026-10-02
https://luxestyle.ch/products/atmungsaktive-freizeit-sneaker-fur-damen-und-h-703616	2026-10-02
https://luxestyle.ch/products/atmungsaktive-freizeit-sneaker-fur-herren-625300	2026-10-02
https://luxestyle.ch/products/atmungsaktive-freizeit-sneaker-fur-kinder-371008	2026-10-02
https://luxestyle.ch/products/atmungsaktive-freizeit-sneaker-mit-dicker-sohl-271936	2026-10-02
https://luxestyle.ch/products/atmungsaktive-freizeit-sneaker-mit-innenabsatz-495744	2026-10-02
https://luxestyle.ch/products/atmungsaktive-freizeit-sneakers-mit-dicker-soh-333440	2026-10-02
https://luxestyle.ch/products/atmungsaktive-freizeit-sportschuhe-618900	2026-10-02
https://luxestyle.ch/products/atmungsaktive-freizeit-strandschuhe-fur-herren-603800	2026-10-02
https://luxestyle.ch/products/atmungsaktive-freizeitschuhe-601700	2026-10-02
https://luxestyle.ch/products/atmungsaktive-freizeitschuhe-fur-kinder-100608	2026-10-02
https://luxestyle.ch/products/atmungsaktive-freizeitschuhe-fur-paare-623600	2026-10-02
https://luxestyle.ch/products/atmungsaktive-freizeitschuhe-mit-absatzerhohun-119616	2026-10-02
https://luxestyle.ch/products/atmungsaktive-freizeitschuhe-mit-gummisohle-abd676	2026-10-02
https://luxestyle.ch/products/atmungsaktive-freizeitschuhe-mit-klettverschlu-607400	2026-10-02
https://luxestyle.ch/products/atmungsaktive-fussballschuhe-fur-herren-855360	2026-10-02
https://luxestyle.ch/products/atmungsaktive-garten-sandale-fur-kinder-475e04	2026-10-02
https://luxestyle.ch/products/atmungsaktive-geschlossene-herren-sandalen-638300	2026-10-02
https://luxestyle.ch/products/atmungsaktive-gesichtsmaske-schutz-vor-sonne-u-639200	2026-10-02
https://luxestyle.ch/products/atmungsaktive-halbsandalen-fur-kinder-567936	2026-10-02
https://luxestyle.ch/products/atmungsaktive-halbschuhe-aus-rindsleder-629400	2026-10-02
https://luxestyle.ch/products/atmungsaktive-handgenahte-sandalen-fur-herren-606700	2026-10-02
https://luxestyle.ch/products/atmungsaktive-herren-casual-mesh-schuhe-627600	2026-10-02
https://luxestyle.ch/products/atmungsaktive-herren-freizeit-sneaker-1eebaa	2026-10-02
https://luxestyle.ch/products/atmungsaktive-herren-freizeit-und-laufschuhe-692160	2026-10-02
https://luxestyle.ch/products/atmungsaktive-herren-freizeitschuhe-059968	2026-10-02
https://luxestyle.ch/products/atmungsaktive-herren-freizeitschuhe-626800	2026-10-02
https://luxestyle.ch/products/atmungsaktive-herren-freizeitschuhe-aus-eissei-622900	2026-10-02
https://luxestyle.ch/products/atmungsaktive-herren-loafer-aus-leder-627800	2026-10-02
https://luxestyle.ch/products/atmungsaktive-herren-slipper-fur-den-sommer-609100	2026-10-02
https://luxestyle.ch/products/atmungsaktive-herren-sneaker-fur-sommer-und-al-617500	2026-10-02
https://luxestyle.ch/products/atmungsaktive-herren-sneaker-im-korean-style-600100	2026-10-02
https://luxestyle.ch/products/atmungsaktive-herren-sneaker-mit-hohlschnurung-563392	2026-10-02
https://luxestyle.ch/products/atmungsaktive-herren-sneaker-mit-webstruktur-627800	2026-10-02
https://luxestyle.ch/products/atmungsaktive-herren-sneakers-fur-alltag-freiz-612100	2026-10-02
https://luxestyle.ch/products/atmungsaktive-herren-zip-weste-mit-stehkragen-639900	2026-10-02
https://luxestyle.ch/products/atmungsaktive-herrenschuhe-aus-echtleder-618900	2026-10-02
https://luxestyle.ch/products/atmungsaktive-herrenschuhe-aus-eisseide-625000	2026-10-02
https://luxestyle.ch/products/atmungsaktive-herrenschuhe-fruhling-neu-612300	2026-10-02
https://luxestyle.ch/products/atmungsaktive-herrenschuhe-fur-breite-fusse-604800	2026-10-02
https://luxestyle.ch/products/atmungsaktive-herrenschuhe-mit-deodorant-granu-014080	2026-10-02
https://luxestyle.ch/products/atmungsaktive-herrenschuhe-mit-weitem-oberteil-619800	2026-10-02
https://luxestyle.ch/products/atmungsaktive-hi-top-wander-sneaker-fur-herren-681472	2026-10-02
https://luxestyle.ch/products/atmungsaktive-high-top-sneaker-fur-teens-und-h-619100	2026-10-02
https://luxestyle.ch/products/atmungsaktive-high-top-sneaker-mit-chunky-sohl-608500	2026-10-02
https://luxestyle.ch/products/atmungsaktive-hunde-halsung-mit-reflektion-611100	2026-10-02
https://luxestyle.ch/products/atmungsaktive-ice-silk-canvas-herrenschuhe-750144	2026-10-02
https://luxestyle.ch/products/atmungsaktive-ice-silk-gesichtsmaske-618800	2026-10-02
https://luxestyle.ch/products/atmungsaktive-katzenleine-mit-fluchtsicherung-609200	2026-10-02
https://luxestyle.ch/products/atmungsaktive-kinder-halbschuhe-c214f5	2026-10-02
https://luxestyle.ch/products/atmungsaktive-kinder-mesh-laufschuhe-387072	2026-10-02
https://luxestyle.ch/products/atmungsaktive-kinder-sneaker-fur-fruhling-herb-365632	2026-10-02
https://luxestyle.ch/products/atmungsaktive-kinderschuhe-889024	2026-10-02
https://luxestyle.ch/products/atmungsaktive-kinderschuhe-mit-klettverschluss-94447e	2026-10-02
https://luxestyle.ch/products/atmungsaktive-kindersneakers-mit-weicher-sohle-121792	2026-10-02
https://luxestyle.ch/products/atmungsaktive-kissenbezuge-fur-kinder-608200	2026-10-02
https://luxestyle.ch/products/atmungsaktive-kleinkinder-sandalen-fur-jungen-836800	2026-10-02
https://luxestyle.ch/products/atmungsaktive-kleinkinderschuhe-mit-klettversc-508800	2026-10-02
https://luxestyle.ch/products/atmungsaktive-kompressions-yogahose-mit-shapin-624900	2026-10-02
https://luxestyle.ch/products/atmungsaktive-koreanische-freizeit-sneaker-623800	2026-10-02
https://luxestyle.ch/products/atmungsaktive-lauflernschuhe-fur-babys-917824	2026-10-02
https://luxestyle.ch/products/atmungsaktive-lauflernschuhe-fur-babys-kleinki-d53daa	2026-10-02
https://luxestyle.ch/products/atmungsaktive-lauflernschuhe-fur-kinder-120512	2026-10-02
https://luxestyle.ch/products/atmungsaktive-lauflernschuhe-fur-kleinkinder-635600	2026-10-02
https://luxestyle.ch/products/atmungsaktive-lauflernschuhe-mit-klettverschlu-100096	2026-10-02
https://luxestyle.ch/products/atmungsaktive-laufschuhe-526912	2026-10-02
https://luxestyle.ch/products/atmungsaktive-laufschuhe-fur-babys-625200	2026-10-02
https://luxestyle.ch/products/atmungsaktive-laufschuhe-fur-herren-604200	2026-10-02
https://luxestyle.ch/products/atmungsaktive-laufschuhe-mit-leichter-sohle-599104	2026-10-02
https://luxestyle.ch/products/atmungsaktive-leder-freizeitschuhe-639400	2026-10-02
https://luxestyle.ch/products/atmungsaktive-leder-mesh-schuhe-fur-kinder-423168	2026-10-02
https://luxestyle.ch/products/atmungsaktive-leder-sandalen-fur-herren-604500	2026-10-02
https://luxestyle.ch/products/atmungsaktive-leder-sandalen-mit-lochmuster-612600	2026-10-02
https://luxestyle.ch/products/atmungsaktive-leder-slipper-fur-herren-615100	2026-10-02
https://luxestyle.ch/products/atmungsaktive-leder-sneaker-mit-plateau-fur-he-629300	2026-10-02
https://luxestyle.ch/products/atmungsaktive-leder-sportschuhe-fur-herren-608300	2026-10-02
https://luxestyle.ch/products/atmungsaktive-lederhikingboots-outdoor-arbeit-610800	2026-10-02
https://luxestyle.ch/products/atmungsaktive-lederschuhe-fur-kinder-050240	2026-10-02
https://luxestyle.ch/products/atmungsaktive-leichte-mesh-sneakers-551192	2026-10-02
https://luxestyle.ch/products/atmungsaktive-leichte-sneaker-fur-damen-600100	2026-10-02
https://luxestyle.ch/products/atmungsaktive-leichte-sportschuhe-fur-kinder-781696	2026-10-02
https://luxestyle.ch/products/atmungsaktive-leinen-sneaker-fur-herren-629900	2026-10-02
https://luxestyle.ch/products/atmungsaktive-loafer-mit-handnaht-623100	2026-10-02
https://luxestyle.ch/products/atmungsaktive-madchenschuhe-mit-weicher-sohle-375168	2026-10-02
https://luxestyle.ch/products/atmungsaktive-maske-fur-sport-659873	2026-10-02
https://luxestyle.ch/products/atmungsaktive-mesh-babyschuhe-aa9217	2026-10-02
https://luxestyle.ch/products/atmungsaktive-mesh-badminton-tennisschuhe-333952	2026-10-02
https://luxestyle.ch/products/atmungsaktive-mesh-ballerinas-mit-schmetterlin-610113	2026-10-02
https://luxestyle.ch/products/atmungsaktive-mesh-casual-dad-schuhe-herren-618900	2026-10-02
https://luxestyle.ch/products/atmungsaktive-mesh-casual-schuhe-fur-herren-646000	2026-10-02
https://luxestyle.ch/products/atmungsaktive-mesh-casual-sneakers-fur-herren-629400	2026-10-02
https://luxestyle.ch/products/atmungsaktive-mesh-dad-sneaker-626700	2026-10-02
https://luxestyle.ch/products/atmungsaktive-mesh-freizeit-sneaker-611200	2026-10-02
https://luxestyle.ch/products/atmungsaktive-mesh-freizeit-sneakers-mit-plate-619100	2026-10-02
https://luxestyle.ch/products/atmungsaktive-mesh-freizeitschuhe-635800	2026-10-02
https://luxestyle.ch/products/atmungsaktive-mesh-freizeitschuhe-fur-damen-901760	2026-10-02
https://luxestyle.ch/products/atmungsaktive-mesh-freizeitschuhe-fur-herren-615000	2026-10-02
https://luxestyle.ch/products/atmungsaktive-mesh-freizeitschuhe-fur-kinder-769792	2026-10-02
https://luxestyle.ch/products/atmungsaktive-mesh-freizeitschuhe-mit-weicher-605800	2026-10-02
https://luxestyle.ch/products/atmungsaktive-mesh-kinderschuhe-555712	2026-10-02
https://luxestyle.ch/products/atmungsaktive-mesh-kinderschuhe-mit-weicher-so-625600	2026-10-02
https://luxestyle.ch/products/atmungsaktive-mesh-laufschuhe-fur-damen-620300	2026-10-02
https://luxestyle.ch/products/atmungsaktive-mesh-laufschuhe-fur-herren-616000	2026-10-02
https://luxestyle.ch/products/atmungsaktive-mesh-laufschuhe-fur-jungen-601400	2026-10-02
https://luxestyle.ch/products/atmungsaktive-mesh-laufschuhe-fur-jungen-gr-m-844736	2026-10-02
https://luxestyle.ch/products/atmungsaktive-mesh-laufschuhe-fur-kinder-dcd3df	2026-10-02
https://luxestyle.ch/products/atmungsaktive-mesh-laufschuhe-herren-mit-weich-619900	2026-10-02
https://luxestyle.ch/products/atmungsaktive-mesh-plattformschuhe-fur-herren-629600	2026-10-02
https://luxestyle.ch/products/atmungsaktive-mesh-sandalen-fur-herren-616500	2026-10-02
https://luxestyle.ch/products/atmungsaktive-mesh-sandalen-fur-jungen-615300	2026-10-02
https://luxestyle.ch/products/atmungsaktive-mesh-sandalen-fur-kinder-332096	2026-10-02
https://luxestyle.ch/products/atmungsaktive-mesh-sandalen-mit-5-cm-plateau-605100	2026-10-02
https://luxestyle.ch/products/atmungsaktive-mesh-sandalen-mit-niedrigem-absa-639100	2026-10-02
https://luxestyle.ch/products/atmungsaktive-mesh-sandalen-mit-plateau-620600	2026-10-02
https://luxestyle.ch/products/atmungsaktive-mesh-sandalen-mit-schleife-533760	2026-10-02
https://luxestyle.ch/products/atmungsaktive-mesh-schuhe-fur-madchen-144576	2026-10-02
https://luxestyle.ch/products/atmungsaktive-mesh-schuhe-mit-absatzerhohung-609200	2026-10-02
https://luxestyle.ch/products/atmungsaktive-mesh-schuhe-mit-dicker-sohle-601101	2026-10-02
https://luxestyle.ch/products/atmungsaktive-mesh-schuhe-mit-eva-sohle-611200	2026-10-02
https://luxestyle.ch/products/atmungsaktive-mesh-schuhe-mit-flachem-mund-185984	2026-10-02
https://luxestyle.ch/products/atmungsaktive-mesh-slip-on-schuhe-602800	2026-10-02
https://luxestyle.ch/products/atmungsaktive-mesh-sneaker-fur-damen-068098	2026-10-02
https://luxestyle.ch/products/atmungsaktive-mesh-sneaker-fur-herren-241664	2026-10-02
https://luxestyle.ch/products/atmungsaktive-mesh-sneaker-fur-herren-643000	2026-10-02
https://luxestyle.ch/products/atmungsaktive-mesh-sneaker-fur-kinder-fab871	2026-10-02
https://luxestyle.ch/products/atmungsaktive-mesh-sneaker-fur-paare-627900	2026-10-02
https://luxestyle.ch/products/atmungsaktive-mesh-sneaker-fur-sport-und-freiz-901888	2026-10-02
https://luxestyle.ch/products/atmungsaktive-mesh-sneaker-im-candy-look-941632	2026-10-02
https://luxestyle.ch/products/atmungsaktive-mesh-sneaker-low-top-flacher-abs-602000	2026-10-02
https://luxestyle.ch/products/atmungsaktive-mesh-sneaker-mit-dicker-sohle-626300	2026-10-02
https://luxestyle.ch/products/atmungsaktive-mesh-sneaker-mit-drehknopf-199488	2026-10-02
https://luxestyle.ch/products/atmungsaktive-mesh-sneaker-mit-flacher-sohle-601900	2026-10-02
https://luxestyle.ch/products/atmungsaktive-mesh-sneaker-mit-klettverschluss-627900	2026-10-02
https://luxestyle.ch/products/atmungsaktive-mesh-sneakers-586560	2026-10-02
https://luxestyle.ch/products/atmungsaktive-mesh-sneakers-fur-damen-613300	2026-10-02
https://luxestyle.ch/products/atmungsaktive-mesh-sneakers-fur-herren-und-dam-004224	2026-10-02
https://luxestyle.ch/products/atmungsaktive-mesh-sneakers-fur-jungen-631100	2026-10-02
https://luxestyle.ch/products/atmungsaktive-mesh-sneakers-fur-kinder-011712	2026-10-02
https://luxestyle.ch/products/atmungsaktive-mesh-sneakers-mit-plateau-072704	2026-10-02
https://luxestyle.ch/products/atmungsaktive-mesh-sneakers-mit-zehenkappe-fur-090944	2026-10-02
https://luxestyle.ch/products/atmungsaktive-mesh-sportsandalen-fur-damen-600400	2026-10-02
https://luxestyle.ch/products/atmungsaktive-mesh-sportschuhe-fur-alltag-pend-609900	2026-10-02
https://luxestyle.ch/products/atmungsaktive-mesh-sportschuhe-fur-babys-172617	2026-10-02
https://luxestyle.ch/products/atmungsaktive-mesh-sportschuhe-fur-herren-112896	2026-10-02
https://luxestyle.ch/products/atmungsaktive-mesh-sportschuhe-fur-kinder-933056	2026-10-02
https://luxestyle.ch/products/atmungsaktive-mesh-wanderschuhe-fur-kinder-603300	2026-10-02
https://luxestyle.ch/products/atmungsaktive-mid-heel-sandalen-639600	2026-10-02
https://luxestyle.ch/products/atmungsaktive-netz-arbeitsschuhe-126848	2026-10-02
https://luxestyle.ch/products/atmungsaktive-offene-sommer-pantoletten-fur-he-636900	2026-10-02
https://luxestyle.ch/products/atmungsaktive-open-toe-sandalen-fur-damen-632700	2026-10-02
https://luxestyle.ch/products/atmungsaktive-open-toe-sandalen-mit-blockabsat-601900	2026-10-02
https://luxestyle.ch/products/atmungsaktive-outdoor-freizeitschuhe-fur-herre-075712	2026-10-02
https://luxestyle.ch/products/atmungsaktive-outdoor-laufschuhe-fur-herren-480384	2026-10-02
https://luxestyle.ch/products/atmungsaktive-outdoor-plateauschuhe-610100	2026-10-02
https://luxestyle.ch/products/atmungsaktive-outdoor-schuhe-578816	2026-10-02
https://luxestyle.ch/products/atmungsaktive-outdoor-schutzkappe-746048	2026-10-02
https://luxestyle.ch/products/atmungsaktive-outdoor-sneaker-fur-herren-167232	2026-10-02
https://luxestyle.ch/products/atmungsaktive-outdoor-stiefel-fur-herren-610200	2026-10-02
https://luxestyle.ch/products/atmungsaktive-pailletten-sneaker-fur-kinder-339328	2026-10-02
https://luxestyle.ch/products/atmungsaktive-plateau-sneaker-canyon-green-606300	2026-10-02
https://luxestyle.ch/products/atmungsaktive-prinzessinnen-sandalen-fur-madch-004608	2026-10-02
https://luxestyle.ch/products/atmungsaktive-reise-hundetragetasche-609800	2026-10-02
https://luxestyle.ch/products/atmungsaktive-retro-herren-sneaker-600700	2026-10-02
https://luxestyle.ch/products/atmungsaktive-rindsleder-sneakers-mit-flacher-622200	2026-10-02
https://luxestyle.ch/products/atmungsaktive-roman-sandalen-fur-damen-609000	2026-10-02
https://luxestyle.ch/products/atmungsaktive-running-sneaker-fur-herren-459264	2026-10-02
https://luxestyle.ch/products/atmungsaktive-running-sneakers-fur-damen-394304	2026-10-02
https://luxestyle.ch/products/atmungsaktive-rutschfeste-herren-stiefelette-649900	2026-10-02
https://luxestyle.ch/products/atmungsaktive-rutschfeste-herrenschuhe-620700	2026-10-02
https://luxestyle.ch/products/atmungsaktive-rutschfeste-radschuhe-291776	2026-10-02
https://luxestyle.ch/products/atmungsaktive-sandalen-fur-kinder-im-korean-st-622800	2026-10-02
https://luxestyle.ch/products/atmungsaktive-sandalen-mit-drei-bluten-751040	2026-10-02
https://luxestyle.ch/products/atmungsaktive-schnurschuhe-mit-innenabsatz-585920	2026-10-02
https://luxestyle.ch/products/atmungsaktive-sicherheits-halbschuhe-mit-stahl-864128	2026-10-02
https://luxestyle.ch/products/atmungsaktive-sicherheitsschuhe-mit-stahlkappe-624400	2026-10-02
https://luxestyle.ch/products/atmungsaktive-skateschuhe-fur-kinder-089280	2026-10-02
https://luxestyle.ch/products/atmungsaktive-slide-sandalen-fur-herren-624000	2026-10-02
https://luxestyle.ch/products/atmungsaktive-slip-on-freizeitschuhe-fur-herre-623000	2026-10-02
https://luxestyle.ch/products/atmungsaktive-slip-on-lederschuhe-fur-herren-622800	2026-10-02
https://luxestyle.ch/products/atmungsaktive-slip-on-loafers-fur-herren-614900	2026-10-02
https://luxestyle.ch/products/atmungsaktive-slip-on-sneakers-615500	2026-10-02
https://luxestyle.ch/products/atmungsaktive-sneaker-199680	2026-10-02
https://luxestyle.ch/products/atmungsaktive-sneaker-fur-damen-56d9b8	2026-10-02
https://luxestyle.ch/products/atmungsaktive-sneaker-fur-herren-468224	2026-10-02
https://luxestyle.ch/products/atmungsaktive-sneaker-fur-jungen-fe2fe4	2026-10-02
https://luxestyle.ch/products/atmungsaktive-sneaker-fur-kinder-468864	2026-10-02
https://luxestyle.ch/products/atmungsaktive-sneaker-mit-drehverschluss-622400	2026-10-02
https://luxestyle.ch/products/atmungsaktive-sneaker-mit-erhohter-passform-609900	2026-10-02
https://luxestyle.ch/products/atmungsaktive-sneakers-fur-jungen-186944	2026-10-02
https://luxestyle.ch/products/atmungsaktive-sneakers-fur-kinder-633000	2026-10-02
https://luxestyle.ch/products/atmungsaktive-sommer-arbeitsschuhe-fur-herren-608600	2026-10-02
https://luxestyle.ch/products/atmungsaktive-sommer-lederschuhe-fur-herren-606100	2026-10-02
https://luxestyle.ch/products/atmungsaktive-sommer-sandalen-fur-babys-557120	2026-10-02
https://luxestyle.ch/products/atmungsaktive-sommer-sneaker-fur-herren-604700	2026-10-02
https://luxestyle.ch/products/atmungsaktive-sommer-sneakers-fur-herren-a8b63a	2026-10-02
https://luxestyle.ch/products/atmungsaktive-sommer-stiefeletten-631500	2026-10-02
https://luxestyle.ch/products/atmungsaktive-sport-leggings-mit-knopf-taschen-607600	2026-10-02
https://luxestyle.ch/products/atmungsaktive-sport-und-outdoorsandalen-fur-he-615900	2026-10-02
https://luxestyle.ch/products/atmungsaktive-sportschuhe-fur-herren-090240	2026-10-02
https://luxestyle.ch/products/atmungsaktive-sportschuhe-fur-jungen-mit-klett-563584	2026-10-02
https://luxestyle.ch/products/atmungsaktive-sportschuhe-fur-kinder-541888	2026-10-02
https://luxestyle.ch/products/atmungsaktive-sportschuhe-fur-kleinkinder-923072	2026-10-02
https://luxestyle.ch/products/atmungsaktive-sportschuhe-im-koreanischen-stil-232960	2026-10-02
https://luxestyle.ch/products/atmungsaktive-sportschuhe-mit-drehbarem-schnur-620300	2026-10-02
https://luxestyle.ch/products/atmungsaktive-sportschuhe-mit-erhohter-sohle-604600	2026-10-02
https://luxestyle.ch/products/atmungsaktive-sportschuhe-mit-fly-woven-mesh-621600	2026-10-02
https://luxestyle.ch/products/atmungsaktive-sportschuhe-mit-hohlklingen-damp-301824	2026-10-02
https://luxestyle.ch/products/atmungsaktive-sportsschuhe-609300	2026-10-02
https://luxestyle.ch/products/atmungsaktive-stahlgitter-maske-c1a597	2026-10-02
https://luxestyle.ch/products/atmungsaktive-stoffschuhe-fur-herren-614300	2026-10-02
https://luxestyle.ch/products/atmungsaktive-strandsandalen-fur-babys-065600	2026-10-02
https://luxestyle.ch/products/atmungsaktive-trainingsschuhe-fur-herren-604400	2026-10-02
https://luxestyle.ch/products/atmungsaktive-veloschuhe-fur-herren-625700	2026-10-02
https://luxestyle.ch/products/atmungsaktive-vintage-work-boots-612100	2026-10-02
https://luxestyle.ch/products/atmungsaktive-wanderschuhe-623100	2026-10-02
https://luxestyle.ch/products/atmungsaktive-watschuhe-fur-paare-613500	2026-10-02
https://luxestyle.ch/products/atmungsaktive-wildleder-freizeitschuhe-fur-her-607700	2026-10-02
https://luxestyle.ch/products/atmungsaktive-wildleder-loafer-mit-quasten-630100	2026-10-02
https://luxestyle.ch/products/atmungsaktive-winter-sneaker-fur-kinder-510080	2026-10-02
https://luxestyle.ch/products/atmungsaktive-yoga-hose-mit-weitem-bein-613200	2026-10-02
https://luxestyle.ch/products/atmungsaktive-zehenkappen-sandalen-mit-flachem-625300	2026-10-02
https://luxestyle.ch/products/atmungsaktive-zehenschuhe-fur-kinder-mit-klett-795328	2026-10-02
https://luxestyle.ch/products/atmungsaktiver-anti-rutsch-sicherheits-halbsch-f2dbf0	2026-10-02
https://luxestyle.ch/products/atmungsaktiver-bauch-und-taillenformer-nach-de-600200	2026-10-02
https://luxestyle.ch/products/atmungsaktiver-baumwoll-schal-621700	2026-10-02
https://luxestyle.ch/products/atmungsaktiver-brustgurt-fur-grosse-hunde-633700	2026-10-02
https://luxestyle.ch/products/atmungsaktiver-casual-sneaker-fur-herren-621200	2026-10-02
https://luxestyle.ch/products/atmungsaktiver-concealer-mit-air-cushion-351616	2026-10-02
https://luxestyle.ch/products/atmungsaktiver-dampfungs-sneaker-fur-herren-604100	2026-10-02
https://luxestyle.ch/products/atmungsaktiver-fersen-schutz-600100	2026-10-02
https://luxestyle.ch/products/atmungsaktiver-floraler-sommerrock-628500	2026-10-02
https://luxestyle.ch/products/atmungsaktiver-fly-woven-sneaker-fur-herren-621600	2026-10-02
https://luxestyle.ch/products/atmungsaktiver-flyknit-sneaker-fur-herren-623300	2026-10-02
https://luxestyle.ch/products/atmungsaktiver-freizeit-sneaker-fur-herren-609200	2026-10-02
https://luxestyle.ch/products/atmungsaktiver-freizeitschuh-606500	2026-10-02
https://luxestyle.ch/products/atmungsaktiver-freizeitschuh-mit-schnurung-609500	2026-10-02
https://luxestyle.ch/products/atmungsaktiver-freizeitschuh-mit-weicher-sohle-634300	2026-10-02
https://luxestyle.ch/products/atmungsaktiver-golfschuh-fur-herren-608400	2026-10-02
https://luxestyle.ch/products/atmungsaktiver-haustier-rucksack-fur-unterwegs-529792	2026-10-02
https://luxestyle.ch/products/atmungsaktiver-herren-sneaker-aus-rindsleder-606900	2026-10-02
https://luxestyle.ch/products/atmungsaktiver-herren-sneaker-mit-dampfung-614100	2026-10-02
https://luxestyle.ch/products/atmungsaktiver-herren-sneaker-pull-back-48-204992	2026-10-02
https://luxestyle.ch/products/atmungsaktiver-hundehalsband-621500	2026-10-02
https://luxestyle.ch/products/atmungsaktiver-keramik-blumentopf-aus-lila-ton-607900	2026-10-02
https://luxestyle.ch/products/atmungsaktiver-komfort-harnisch-fur-hunde-600600	2026-10-02
https://luxestyle.ch/products/atmungsaktiver-laptop-rucksack-600500	2026-10-02
https://luxestyle.ch/products/atmungsaktiver-laptop-rucksack-fur-herren-126336	2026-10-02
https://luxestyle.ch/products/atmungsaktiver-leder-sneaker-fur-herren-618400	2026-10-02
https://luxestyle.ch/products/atmungsaktiver-leichter-outdoor-schuh-635400	2026-10-02
https://luxestyle.ch/products/atmungsaktiver-leichter-schulrucksack-fur-kind-629700	2026-10-02
https://luxestyle.ch/products/atmungsaktiver-low-top-freizeitschuh-657800	2026-10-02
https://luxestyle.ch/products/atmungsaktiver-low-top-sneaker-fur-herren-625200	2026-10-02
https://luxestyle.ch/products/atmungsaktiver-mesh-freizeitschuh-632400	2026-10-02
https://luxestyle.ch/products/atmungsaktiver-mesh-freizeitschuh-708672	2026-10-02
https://luxestyle.ch/products/atmungsaktiver-mesh-freizeitschuh-fur-damen-496256	2026-10-02
https://luxestyle.ch/products/atmungsaktiver-mesh-freizeitschuh-fur-herren-633400	2026-10-02
https://luxestyle.ch/products/atmungsaktiver-mesh-rucksack-mit-kordelzug-601400	2026-10-02
https://luxestyle.ch/products/atmungsaktiver-mesh-sneaker-232192	2026-10-02
https://luxestyle.ch/products/atmungsaktiver-mesh-sneaker-flame-044864	2026-10-02
https://luxestyle.ch/products/atmungsaktiver-mesh-sneaker-fur-herren-603500	2026-10-02
https://luxestyle.ch/products/atmungsaktiver-mesh-sneaker-mit-graffiti-desig-795776	2026-10-02
https://luxestyle.ch/products/atmungsaktiver-mesh-sneaker-mit-luftkissen-613700	2026-10-02
https://luxestyle.ch/products/atmungsaktiver-mesh-sneaker-mit-strass-732288	2026-10-02
https://luxestyle.ch/products/atmungsaktiver-mesh-sneaker-zum-reinschlupfen-033408	2026-10-02
https://luxestyle.ch/products/atmungsaktiver-mesh-sportschuh-892992	2026-10-02
https://luxestyle.ch/products/atmungsaktiver-mesh-sportschuh-fur-breite-fuss-631200	2026-10-02
https://luxestyle.ch/products/atmungsaktiver-mesh-sportschuh-fur-herren-604700	2026-10-02
https://luxestyle.ch/products/atmungsaktiver-mid-calf-freizeitschuh-fur-herr-629800	2026-10-02
https://luxestyle.ch/products/atmungsaktiver-multicolor-sneaker-fur-herren-602000	2026-10-02
https://luxestyle.ch/products/atmungsaktiver-popcorn-sneaker-fur-herren-615000	2026-10-02
https://luxestyle.ch/products/atmungsaktiver-retro-freizeitschuh-aus-stoff-600800	2026-10-02
https://luxestyle.ch/products/atmungsaktiver-rutschfester-golf-trainingstisc-607400	2026-10-02
https://luxestyle.ch/products/atmungsaktiver-schulterschutz-fur-fitness-169024	2026-10-02
https://luxestyle.ch/products/atmungsaktiver-sicherheitsschuh-fur-den-sommer-615500	2026-10-02
https://luxestyle.ch/products/atmungsaktiver-sicherheitsschuh-mit-stahlkappe-c9d1a7	2026-10-02
https://luxestyle.ch/products/atmungsaktiver-sneaker-fur-herren-619100	2026-10-02
https://luxestyle.ch/products/atmungsaktiver-sneaker-im-koreanischen-stil-362944	2026-10-02
https://luxestyle.ch/products/atmungsaktiver-sneaker-mit-dicker-sohle-603000	2026-10-02
https://luxestyle.ch/products/atmungsaktiver-sneaker-mit-integrierter-erhohu-608700	2026-10-02
https://luxestyle.ch/products/atmungsaktiver-sneaker-mit-weicher-sohle-614100	2026-10-02
https://luxestyle.ch/products/atmungsaktiver-sport-minirock-630300	2026-10-02
https://luxestyle.ch/products/atmungsaktiver-sportschuh-fur-damen-672896	2026-10-02
https://luxestyle.ch/products/atmungsaktiver-sportschuh-fur-herren-366848	2026-10-02
https://luxestyle.ch/products/atmungsaktiver-sportschuh-fur-jede-jahreszeit-987712	2026-10-02
https://luxestyle.ch/products/atmungsaktiver-sportschuh-fur-kinder-ea3ff0	2026-10-02
https://luxestyle.ch/products/atmungsaktiver-sportschuh-mit-dampfung-629100	2026-10-02
https://luxestyle.ch/products/atmungsaktiver-sportschuh-mit-dicker-sohle-608896	2026-10-02
https://luxestyle.ch/products/atmungsaktiver-sportschuh-mit-popcorn-sohle-136512	2026-10-02
https://luxestyle.ch/products/atmungsaktiver-taillenformer-mit-bauchkontroll-615700	2026-10-02
https://luxestyle.ch/products/atmungsaktiver-taillengurtel-fur-damen-629000	2026-10-02
https://luxestyle.ch/products/atmungsaktiver-taillengurtel-mit-fischgrat-sha-624200	2026-10-02
https://luxestyle.ch/products/atmungsaktiver-ultra-leicht-sneaker-fur-herren-620400	2026-10-02
https://luxestyle.ch/products/atmungsaktiver-winddichter-rennradanzug-311744	2026-10-02
https://luxestyle.ch/products/atmungsaktiver-yoga-skort-mit-taschen-579393	2026-10-02
https://luxestyle.ch/products/atmungsaktiver-yoga-skort-schnelltrocknend-fig-631100	2026-10-02
https://luxestyle.ch/products/atmungsaktives-3d-sitzkissen-mit-wabennetz-600600	2026-10-02
https://luxestyle.ch/products/atmungsaktives-anti-falten-polo-shirt-627900	2026-10-02
https://luxestyle.ch/products/atmungsaktives-anti-verlust-geschirr-fur-hunde-620400	2026-10-02
https://luxestyle.ch/products/atmungsaktives-anti-zug-hundegeschirr-427648	2026-10-02
https://luxestyle.ch/products/atmungsaktives-baumwoll-t-shirt-fur-herren-613300	2026-10-02
https://luxestyle.ch/products/atmungsaktives-cartoon-eisseidenkissen-fur-den-612400	2026-10-02
https://luxestyle.ch/products/atmungsaktives-faltenrock-set-630500	2026-10-02
https://luxestyle.ch/products/atmungsaktives-freizeit-shirt-fur-herren-626200	2026-10-02
https://luxestyle.ch/products/atmungsaktives-hundegeschirr-fur-kleine-bis-mi-568384	2026-10-02
https://luxestyle.ch/products/atmungsaktives-hundegeschirr-miha-blueberry-866624	2026-10-02
https://luxestyle.ch/products/atmungsaktives-hundehalsband-643800	2026-10-02
https://luxestyle.ch/products/atmungsaktives-katzengeschirr-mit-leine-475264	2026-10-02
https://luxestyle.ch/products/atmungsaktives-komfortables-brustgeschirr-fur-701376	2026-10-02
https://luxestyle.ch/products/atmungsaktives-korsett-zur-haltungskorrektur-623100	2026-10-02
https://luxestyle.ch/products/atmungsaktives-kunstleder-fur-polster-deko-138624	2026-10-02
https://luxestyle.ch/products/atmungsaktives-kurzarm-shirt-fur-herren-630000	2026-10-02
https://luxestyle.ch/products/atmungsaktives-kurzarm-t-shirt-fur-herren-619500	2026-10-02
https://luxestyle.ch/products/atmungsaktives-kurzarmhemd-hose-set-619700	2026-10-02
https://luxestyle.ch/products/atmungsaktives-langarmhemd-fur-herren-625400	2026-10-02
https://luxestyle.ch/products/atmungsaktives-leinen-polo-shirt-fur-herren-626000	2026-10-02
https://luxestyle.ch/products/atmungsaktives-lenkradbezug-mit-holzperlen-gri-685376	2026-10-02
https://luxestyle.ch/products/atmungsaktives-memory-foam-kissen-609400	2026-10-02
https://luxestyle.ch/products/atmungsaktives-memory-foam-sitzkissen-783680	2026-10-02
https://luxestyle.ch/products/atmungsaktives-mesh-geschirr-mit-leine-542656	2026-10-02
https://luxestyle.ch/products/atmungsaktives-nackenkissen-613600	2026-10-02
https://luxestyle.ch/products/atmungsaktives-nackthautgefuhl-yoga-dress-dame-628300	2026-10-02
https://luxestyle.ch/products/atmungsaktives-polo-shirt-fur-herren-612600	2026-10-02
https://luxestyle.ch/products/atmungsaktives-silikon-armband-fur-uhren-332224	2026-10-02
https://luxestyle.ch/products/atmungsaktives-silikonkissen-fur-kinder-616300	2026-10-02
https://luxestyle.ch/products/atmungsaktives-sitzkissen-aus-memory-schaum-634000	2026-10-02
https://luxestyle.ch/products/atmungsaktives-sitzkissen-fur-auto-und-buro-712576	2026-10-02
https://luxestyle.ch/products/atmungsaktives-slim-fit-herren-t-shirt-mit-rev-607200	2026-10-02
https://luxestyle.ch/products/atmungsaktives-sport-fluorokautschukarmband-605500	2026-10-02
https://luxestyle.ch/products/atmungsaktives-sport-shirt-mit-blumenprint-638000	2026-10-02
https://luxestyle.ch/products/atmungsaktives-sportshirt-fur-herren-617600	2026-10-02
https://luxestyle.ch/products/atmungsaktives-taillenbetontes-top-fur-frauen-630900	2026-10-02
https://luxestyle.ch/products/atmungsaktives-top-mit-v-ausschnitt-schlanker-618800	2026-10-02
https://luxestyle.ch/products/atmungsaktives-trager-shirt-fur-herren-634600	2026-10-02
https://luxestyle.ch/products/atmungsaktives-welpen-brustgeschirr-630358	2026-10-02
https://luxestyle.ch/products/atmungsaktives-winddichtes-leichtes-trageweste-411264	2026-10-02
https://luxestyle.ch/products/atmungstrainer-fur-die-lunge-326914	2026-10-02
https://luxestyle.ch/products/atmungsubungsgerat-194112	2026-10-02
https://luxestyle.ch/products/atmungsvelcroschuhe-fur-kinder-603300	2026-10-02
https://luxestyle.ch/products/attack-shield-anti-stich-sicherheitsschuhe-603400	2026-10-02
https://luxestyle.ch/products/auberginen-zigarrenanzunder-mit-doppelflamme-947328	2026-10-02
https://luxestyle.ch/products/audi-r8-gt3-rs6-klemmbausteine-239168	2026-10-02
https://luxestyle.ch/products/audi-wireless-charger-fur-a3-a4l-a5-a6-a7-450048	2026-10-02
https://luxestyle.ch/products/audio-adapter-iphone-auf-usb-c-digital-131392	2026-10-02
https://luxestyle.ch/products/audio-adapter-mit-ladefunktion-und-ringhalteru-621100	2026-10-02
https://luxestyle.ch/products/audrey-hepburn-stil-schleifen-maxikleid-626800	2026-10-02
https://luxestyle.ch/products/audrey-snowy-kissenhulle-oder-kissen-09811f	2026-10-02
https://luxestyle.ch/products/aufbau-gel-fur-nagel-25g-658700	2026-10-02
https://luxestyle.ch/products/aufbewahrungsbeutel-636500	2026-10-02
https://luxestyle.ch/products/aufbewahrungsbox-aus-wasserhyazinthe-rattan-619700	2026-10-02
https://luxestyle.ch/products/aufbewahrungsbox-fur-brot-toast-610500	2026-10-02
https://luxestyle.ch/products/aufbewahrungsbox-fur-haarstyling-gerate-607300	2026-10-02
https://luxestyle.ch/products/aufbewahrungsbox-fur-make-up-eier-46c9ff	2026-10-02
https://luxestyle.ch/products/aufbewahrungsbox-fur-obst-und-sussigkeiten-353408	2026-10-02
https://luxestyle.ch/products/aufbewahrungsbox-fur-schleifkopfe-627100	2026-10-02
https://luxestyle.ch/products/aufbewahrungsbox-fur-spielkonsole-615100	2026-10-02
https://luxestyle.ch/products/aufbewahrungsbox-fur-taschentucher-603200	2026-10-02
https://luxestyle.ch/products/aufbewahrungsbox-fur-wasche-610900	2026-10-02
https://luxestyle.ch/products/aufbewahrungseimer-aus-canvas-mit-quaste-04b4de	2026-10-02
https://luxestyle.ch/products/aufbewahrungskorb-im-becher-design-632800	2026-10-02
https://luxestyle.ch/products/aufbewahrungskorb-mit-deckel-im-rattan-stil-630100	2026-10-02
https://luxestyle.ch/products/aufbewahrungsregal-fur-kuche-und-haushalt-635600	2026-10-02
https://luxestyle.ch/products/aufbewahrungsset-mit-druckmotiv-613700	2026-10-02
https://luxestyle.ch/products/aufbewahrungstasche-aus-oxford-gewebe-189889	2026-10-02
https://luxestyle.ch/products/aufbewahrungstasche-fur-camping-geschirr-628200	2026-10-02
https://luxestyle.ch/products/aufbewahrungstasche-fur-ps5-und-zubehor-457024	2026-10-02
https://luxestyle.ch/products/aufbewahrungstasche-fur-steam-deck-608000	2026-10-02
https://luxestyle.ch/products/aufbewahrungstasche-fur-stifte-pinsel-600900	2026-10-02
https://luxestyle.ch/products/aufbewahrungstasche-mit-griff-638700	2026-10-02
https://luxestyle.ch/products/aufblasbare-auto-matratze-fur-rucksitz-584640	2026-10-02
https://luxestyle.ch/products/aufblasbare-baby-spieldecke-6484bb	2026-10-02
https://luxestyle.ch/products/aufblasbare-badewanne-612600	2026-10-02
https://luxestyle.ch/products/aufblasbare-frauenpuppe-fga91852	2026-10-02
https://luxestyle.ch/products/aufblasbare-fussball-trainingswand-916992	2026-10-02
https://luxestyle.ch/products/aufblasbare-gehhilfe-fgaou914155	2026-10-02
https://luxestyle.ch/products/aufblasbare-gesichtsstraffungs-bandage-683328	2026-10-02
https://luxestyle.ch/products/aufblasbare-gymnastikmatte-895808	2026-10-02
https://luxestyle.ch/products/aufblasbare-mannerpuppe-fga91851	2026-10-02
https://luxestyle.ch/products/aufblasbare-nackenstutze-605600	2026-10-02
https://luxestyle.ch/products/aufblasbare-outdoor-isomatte-fur-zwei-565bac	2026-10-02
https://luxestyle.ch/products/aufblasbare-outdoor-matte-635800	2026-10-02
https://luxestyle.ch/products/aufblasbare-palme-160x90-cm-fga25752	2026-10-02
https://luxestyle.ch/products/aufblasbare-schwimmplattform-mit-motor-628300	2026-10-02
https://luxestyle.ch/products/aufblasbare-wasserliege-fur-pool-und-see-629800	2026-10-02
https://luxestyle.ch/products/aufblasbarer-box-standboxsack-d8ac96	2026-10-02
https://luxestyle.ch/products/aufblasbarer-box-standboxsack-hamburger-784960	2026-10-02
https://luxestyle.ch/products/aufblasbarer-hocker-mit-cartoon-fruchtmotiv-0bc2ca	2026-10-02
https://luxestyle.ch/products/aufblasbarer-kindersitz-fur-das-auto-efa7e4	2026-10-02
https://luxestyle.ch/products/aufblasbarer-leuchtender-fga975036	2026-10-02
https://luxestyle.ch/products/aufblasbarer-radio-fga904818	2026-10-02
https://luxestyle.ch/products/aufblasbarer-schutzkragen-fur-haustiere-6b25ef	2026-10-02
https://luxestyle.ch/products/aufblasbarer-schutzkragen-fur-hunde-607400	2026-10-02
https://luxestyle.ch/products/aufblasbarer-schutzring-fur-haustiere-336000	2026-10-02
https://luxestyle.ch/products/aufblasbares-auto-bett-fur-suv-und-mpv-539456	2026-10-02
https://luxestyle.ch/products/aufblasbares-beinkissen-beflockt-264704	2026-10-02
https://luxestyle.ch/products/aufblasbares-dreieckskissen-ce0ad4	2026-10-02
https://luxestyle.ch/products/aufblasbares-kissen-aus-polyesterfaser-608600	2026-10-02
https://luxestyle.ch/products/aufblasbares-lendenkissen-fur-unterwegs-634300	2026-10-02
https://luxestyle.ch/products/aufblasbares-nackenkissen-fur-reisen-612500	2026-10-02
https://luxestyle.ch/products/aufblasbares-nackenkissen-zur-entlastung-658644	2026-10-02
https://luxestyle.ch/products/aufblasbares-outdoor-doppelkissen-105664	2026-10-02
https://luxestyle.ch/products/aufblasbares-outdoor-sitzkissen-feuchtigkeitsb-619000	2026-10-02
https://luxestyle.ch/products/aufblasbares-reisebett-furs-auto-007552	2026-10-02
https://luxestyle.ch/products/aufblasbares-reisekissen-fur-flugzeug-und-zug-498432	2026-10-02
https://luxestyle.ch/products/aufblasbares-sofa-fur-outdoor-und-camping-626700	2026-10-02
https://luxestyle.ch/products/aufblasbares-sofa-kissen-625400	2026-10-02
https://luxestyle.ch/products/aufblasbares-sofa-mit-transparenten-pailletten-f7d8bf	2026-10-02
https://luxestyle.ch/products/aufbugler-buchstaben-und-zahlen-430977	2026-10-02
https://luxestyle.ch/products/aufhellende-handgemachte-wearable-nails-637800	2026-10-02
https://luxestyle.ch/products/aufhellende-zahnpasta-mit-kariesschutz-622000	2026-10-02
https://luxestyle.ch/products/aufklappbarer-led-tischspiegel-mit-licht-606900	2026-10-02
https://luxestyle.ch/products/aufklappbarer-schminkspiegel-mit-fulllicht-627000	2026-10-02
https://luxestyle.ch/products/aufklebbare-handbemalte-kristallnagel-614600	2026-10-02
https://luxestyle.ch/products/aufklebbare-nagel-mit-muster-629600	2026-10-02
https://luxestyle.ch/products/aufklebe-fingernagel-605632	2026-10-02
https://luxestyle.ch/products/aufklebe-fingernagel-blau-sternenhimmel-775936	2026-10-02
https://luxestyle.ch/products/aufklebenummern-gewinne-fgss35210	2026-10-02
https://luxestyle.ch/products/aufladbare-elektroscheren-fur-haustiere-und-me-155584	2026-10-02
https://luxestyle.ch/products/aufladbare-nachttischlampe-mit-touch-schalter-605700	2026-10-02
https://luxestyle.ch/products/aufladbare-spruhfeuchtwasche-usb-portabel-784896	2026-10-02
https://luxestyle.ch/products/aufsatzdusen-fur-mundduschen-6er-set-620200	2026-10-02
https://luxestyle.ch/products/aufsteck-fingernagel-im-sternen-design-638400	2026-10-02
https://luxestyle.ch/products/auftau-und-frischhalteplatte-783872	2026-10-02
https://luxestyle.ch/products/auge-massager-607800	2026-10-02
https://luxestyle.ch/products/augen-beauty-instrument-mit-warmekompresse-513536	2026-10-02
https://luxestyle.ch/products/augen-massager-852034	2026-10-02
https://luxestyle.ch/products/augen-patches-mit-mikroneedles-608000	2026-10-02
https://luxestyle.ch/products/augenbefeuchter-fur-zuhause-604400	2026-10-02
https://luxestyle.ch/products/augenbrauen-epilierer-5121f6	2026-10-02
https://luxestyle.ch/products/augenbrauen-laminierungs-set-9-stuck-763392	2026-10-02
https://luxestyle.ch/products/augenbrauen-puder-gel-set-603600	2026-10-02
https://luxestyle.ch/products/augenbrauen-schablone-b6dbae	2026-10-02
https://luxestyle.ch/products/augenbrauen-schablonen-set-mit-halteband-e07246	2026-10-02
https://luxestyle.ch/products/augenbrauen-schere-630700	2026-10-02
https://luxestyle.ch/products/augenbrauen-set-fur-naturliche-brauen-611000	2026-10-02
https://luxestyle.ch/products/augenbrauen-stempel-kit-wasserfest-naturlich-546ee8	2026-10-02
https://luxestyle.ch/products/augenbrauen-styling-pflege-set-584256	2026-10-02
https://luxestyle.ch/products/augenbrauen-styling-set-193728	2026-10-02
https://luxestyle.ch/products/augenbrauen-und-eyelinerstift-automatisch-013120	2026-10-02
https://luxestyle.ch/products/augenbrauen-wimpernstempel-fur-naturlichen-loo-639300	2026-10-02
https://luxestyle.ch/products/augenbrauenformer-mit-burste-91d94d	2026-10-02
https://luxestyle.ch/products/augenbrauengel-785409	2026-10-02
https://luxestyle.ch/products/augenbrauenlaminierung-set-623300	2026-10-02
https://luxestyle.ch/products/augenbrauenrasierer-fur-prazises-styling-613800	2026-10-02
https://luxestyle.ch/products/augenbrauenstift-648000	2026-10-02
https://luxestyle.ch/products/augenbrauenstift-wasserfest-587328	2026-10-02
https://luxestyle.ch/products/augencreme-pflegt-die-empfindliche-augenpartie-603700	2026-10-02
https://luxestyle.ch/products/augenformige-anhanger-halskette-604500	2026-10-02
https://luxestyle.ch/products/augenmaske-rabe-fgabo56793	2026-10-02
https://luxestyle.ch/products/augenmaske-teufel-fga908485	2026-10-02
https://luxestyle.ch/products/augenmassagegerat-gegen-augenringe-tranensacke-92edb3	2026-10-02
https://luxestyle.ch/products/augenmassagegerat-gegen-dunkle-ringe-und-falte-344192	2026-10-02
https://luxestyle.ch/products/augenmassagegerat-gegen-mudigkeit-798016	2026-10-02
https://luxestyle.ch/products/augenmassagegerat-gegen-mudigkeit-falten-621700	2026-10-02
https://luxestyle.ch/products/augenmassagegerat-gegen-tranensacke-und-falten-824000	2026-10-02
https://luxestyle.ch/products/augenmassagegerat-mit-ems-621700	2026-10-02
https://luxestyle.ch/products/augenmassagegerat-mit-vibration-und-farblicht-606300	2026-10-02
https://luxestyle.ch/products/augenmassagegerat-mit-warme-musik-bluetooth-faltbar-gegen-mude-augen	2026-10-02
https://luxestyle.ch/products/augenmassagegerat-mit-warmefunktion-628400	2026-10-02
https://luxestyle.ch/products/augenmassagegerat-mit-warmekompresse-993088	2026-10-02
https://luxestyle.ch/products/augenmassagegerat-mit-warmetherapie-639300	2026-10-02
https://luxestyle.ch/products/augenmassager-fur-mude-augen-604100	2026-10-02
https://luxestyle.ch/products/augenmassegerat-631500	2026-10-02
https://luxestyle.ch/products/augenpflege-3er-set-fur-sie-ihn-411520	2026-10-02
https://luxestyle.ch/products/augenpflege-gerat-mit-radiofrequenz-991168	2026-10-02
https://luxestyle.ch/products/augenpflege-produkt-401472	2026-10-02
https://luxestyle.ch/products/augenpflege-schlafmaske-mit-warme-massage-602100	2026-10-02
https://luxestyle.ch/products/augenring-entferner-613900	2026-10-02
https://luxestyle.ch/products/aurora-borealis-sternenlicht-projektor-365824	2026-10-02
https://luxestyle.ch/products/aurora-muschel-manikure-606700	2026-10-02
https://luxestyle.ch/products/aurora-nagel-tipps-mit-blumenmotiv-624400	2026-10-02
https://luxestyle.ch/products/aurora-nagelset-pure-handarbeit-806272	2026-10-02
https://luxestyle.ch/products/aurora-nahtlose-ultra-dunne-strumpfhose-622000	2026-10-02
https://luxestyle.ch/products/aurora-powder-fake-nails-lang-glanzend-535490	2026-10-02
https://luxestyle.ch/products/aurora-white-fake-nails-lange-wasserrohr-form-618434	2026-10-02
https://luxestyle.ch/products/ausa-minidumper-fga02449	2026-10-02
https://luxestyle.ch/products/ausbruchsicheres-geschirr-fur-katzen-999552	2026-10-02
https://luxestyle.ch/products/ausbruchsicheres-katzengeschirr-mit-leine-637400	2026-10-02
https://luxestyle.ch/products/ausgeschnittenes-casual-kleid-mit-spaghettitra-604800	2026-10-02
https://luxestyle.ch/products/ausgestellter-jupe-mit-spitze-und-gummibund-618200	2026-10-02
https://luxestyle.ch/products/ausgestelltes-sommerkleid-mit-hoher-taille-614200	2026-10-02
https://luxestyle.ch/products/auslaufsichere-silikon-stopsel-fur-trinkhalme-260160	2026-10-02
https://luxestyle.ch/products/auslaufsicherer-trinkbecher-fur-kinder-mit-gew-625400	2026-10-02
https://luxestyle.ch/products/auslaufsicheres-hundehalsband-8-grossen-112640	2026-10-02
https://luxestyle.ch/products/aussagekraftiger-ring-634000	2026-10-02
https://luxestyle.ch/products/aussentaschenventilator-mit-4-stufen-618100	2026-10-02
https://luxestyle.ch/products/aussenuberwachungskamera-mit-hd-auflosung-628200	2026-10-02
https://luxestyle.ch/products/ausziehbare-wascheleine-bohrfrei-606700	2026-10-02
https://luxestyle.ch/products/ausziehbarer-abtropfkorb-fur-spulbecken-981056	2026-10-02
https://luxestyle.ch/products/ausziehbarer-besteckkasten-fur-schubladen-292033	2026-10-02
https://luxestyle.ch/products/ausziehbarer-dampfgarer-einsatz-aus-edelstahl-616600	2026-10-02
https://luxestyle.ch/products/ausziehbarer-diebstahlschutz-mit-stahlseil-491200	2026-10-02
https://luxestyle.ch/products/ausziehbarer-doppel-organizer-fur-spulbecken-630600	2026-10-02
https://luxestyle.ch/products/ausziehbarer-gaming-controller-fur-mobilgerate-011008	2026-10-02
https://luxestyle.ch/products/ausziehbarer-gewurzregal-organizer-629500	2026-10-02
https://luxestyle.ch/products/ausziehbarer-kuchenlappen-trockenhalter-621600	2026-10-02
https://luxestyle.ch/products/ausziehbarer-organizer-fur-kuchenutensilien-612200	2026-10-02
https://luxestyle.ch/products/ausziehbarer-pfannen-und-deckelhalter-509633	2026-10-02
https://luxestyle.ch/products/ausziehbarer-schussel-utensilhalter-618300	2026-10-02
https://luxestyle.ch/products/ausziehbarer-staubwedel-fur-die-deckenreinigun-627400	2026-10-02
https://luxestyle.ch/products/ausziehbarer-veloschutz-mit-rucklicht-4eb858	2026-10-02
https://luxestyle.ch/products/ausziehbarer-waschtischhahn-gold-schwarz-795650	2026-10-02
https://luxestyle.ch/products/ausziehbarer-wasserhahn-fur-waschtisch-warm-ka-625400	2026-10-02
https://luxestyle.ch/products/ausziehbarer-wasserhahn-mit-doppelauslauf-5f66f0	2026-10-02
https://luxestyle.ch/products/ausziehbares-abtropfgestell-fur-kuche-277376	2026-10-02
https://luxestyle.ch/products/ausziehbares-abtropfgestell-fur-spulbecken-617900	2026-10-02
https://luxestyle.ch/products/ausziehbares-abtropfgestell-fur-waschbecken-614800	2026-10-02
https://luxestyle.ch/products/ausziehbares-badregal-ohne-bohren-619100	2026-10-02
https://luxestyle.ch/products/ausziehbares-doppelschubladen-regal-477760	2026-10-02
https://luxestyle.ch/products/ausziehbares-gewurzregal-fur-schranke-208002	2026-10-02
https://luxestyle.ch/products/ausziehbares-gewurzregal-fur-unterschrank-868160	2026-10-02
https://luxestyle.ch/products/ausziehbares-holz-eisen-regal-607100	2026-10-02
https://luxestyle.ch/products/ausziehbares-mikrowellen-regal-3-etagen-655170	2026-10-02
https://luxestyle.ch/products/ausziehbares-spulbecken-organizer-620700	2026-10-02
https://luxestyle.ch/products/ausziehbares-spulbecken-regal-627000	2026-10-02
https://luxestyle.ch/products/ausziehbares-staufach-fur-mittelkonsole-634700	2026-10-02
https://luxestyle.ch/products/ausziehregal-fur-eckschrank-622400	2026-10-02
https://luxestyle.ch/products/auszugskorb-faltbar-fur-kuchenschranke-609800	2026-10-02
https://luxestyle.ch/products/authentische-retro-lederschuhe-fur-herren-622100	2026-10-02
https://luxestyle.ch/products/authentischer-mexikanischer-fga975722	2026-10-02
https://luxestyle.ch/products/auto-anhanger-mit-kristallkugel-691328	2026-10-02
https://luxestyle.ch/products/auto-aufbewahrungsbox-aus-wildleder-a33d6c	2026-10-02
https://luxestyle.ch/products/auto-aufbewahrungsbox-bc8d19	2026-10-02
https://luxestyle.ch/products/auto-bausteine-fur-jugendliche-730816	2026-10-02
https://luxestyle.ch/products/auto-beleuchtung-led-leuchte-427456	2026-10-02
https://luxestyle.ch/products/auto-booster-800a-852098	2026-10-02
https://luxestyle.ch/products/auto-brillenetui-fur-sonnenblende-621500	2026-10-02
https://luxestyle.ch/products/auto-clicker-fur-mobiltelefone-609400	2026-10-02
https://luxestyle.ch/products/auto-diagnosegerat-elm327-modified-line-plus-609100	2026-10-02
https://luxestyle.ch/products/auto-diebstahlalarm-198464	2026-10-02
https://luxestyle.ch/products/auto-diebstahlschutz-630336	2026-10-02
https://luxestyle.ch/products/auto-duft-clip-woody-edler-holz-lufterfrischer-🌿	2026-10-02
https://luxestyle.ch/products/auto-handkurbel-wagenheber-831232	2026-10-02
https://luxestyle.ch/products/auto-heizer-627000	2026-10-02
https://luxestyle.ch/products/auto-heizung-mit-180-grad-drehfunktion-086383	2026-10-02
https://luxestyle.ch/products/auto-hochleistungs-ladegerat-614000	2026-10-02
https://luxestyle.ch/products/auto-hundematte-mit-erweiterter-stutze-fur-ruc-610000	2026-10-02
https://luxestyle.ch/products/auto-innenraum-deko-600300	2026-10-02
https://luxestyle.ch/products/auto-kissen-aus-memory-schaum-1e3d9e	2026-10-02
https://luxestyle.ch/products/auto-kopfstutze-mit-memory-schaum-c499b5	2026-10-02
https://luxestyle.ch/products/auto-kratzer-reparatur-set-8a2469	2026-10-02
https://luxestyle.ch/products/auto-ladegerat-115w-820544	2026-10-02
https://luxestyle.ch/products/auto-ladegerat-3-in-1-mit-usb-c-281984	2026-10-02
https://luxestyle.ch/products/auto-ladegerat-fur-schnelle-drahtlose-aufladun-425600	2026-10-02
https://luxestyle.ch/products/auto-ladegerat-mit-ausziehbaren-kabeln-610200	2026-10-02
https://luxestyle.ch/products/auto-ladegerat-mit-display-3e728b	2026-10-02
https://luxestyle.ch/products/auto-ladegerat-mit-sternenlicht-610400	2026-10-02
https://luxestyle.ch/products/auto-ladegerat-quick-charge-stecker-624900	2026-10-02
https://luxestyle.ch/products/auto-ladestation-328768	2026-10-02
https://luxestyle.ch/products/auto-ladestation-mit-drahtloser-ladeunterstutz-941120	2026-10-02
https://luxestyle.ch/products/auto-lautsprecher-mit-bluetooth-388032	2026-10-02
https://luxestyle.ch/products/auto-lendenstutze-mit-memory-foam-603904	2026-10-02
https://luxestyle.ch/products/auto-luftbefeuchter-aroma-diffuser-d1b6f1	2026-10-02
https://luxestyle.ch/products/auto-luftreiniger-d6e66b	2026-10-02
https://luxestyle.ch/products/auto-luftreiniger-mit-anionen-technologie-3c1fd2	2026-10-02
https://luxestyle.ch/products/auto-luftreiniger-mit-negativ-ionen-technologi-65f598	2026-10-02
https://luxestyle.ch/products/auto-mini-luftbefeuchter-aroma-diffusor-492160	2026-10-02
https://luxestyle.ch/products/auto-motor-start-und-innenreinigungspistole-635200	2026-10-02
https://luxestyle.ch/products/auto-mp5-player-mit-7-zoll-bildschirm-37f330	2026-10-02
https://luxestyle.ch/products/auto-nackenkissen-aus-nappaleder-629000	2026-10-02
https://luxestyle.ch/products/auto-nackenstuetze-625000	2026-10-02
https://luxestyle.ch/products/auto-nothammer-fur-fenster-627300	2026-10-02
https://luxestyle.ch/products/auto-notstarter-12v-296258	2026-10-02
https://luxestyle.ch/products/auto-notstarter-734913	2026-10-02
https://luxestyle.ch/products/auto-notstartgerat-35fd4b	2026-10-02
https://luxestyle.ch/products/auto-organizer-beutel-fcf2db	2026-10-02
https://luxestyle.ch/products/auto-organizer-fur-die-ruckbank-118ddf	2026-10-02
https://luxestyle.ch/products/auto-organizer-mit-ladefunktion-609800	2026-10-02
https://luxestyle.ch/products/auto-polier-set-9-teilig-614400	2026-10-02
https://luxestyle.ch/products/auto-poliermaschine-108286	2026-10-02
https://luxestyle.ch/products/auto-reinigungsset-fur-bohrmaschine-20-teilig-611600	2026-10-02
https://luxestyle.ch/products/auto-ruckspiegel-display-741f3f	2026-10-02
https://luxestyle.ch/products/auto-schiebedach-ablaufreiniger-614500	2026-10-02
https://luxestyle.ch/products/auto-schlusselanhanger-sweet-couple-640400	2026-10-02
https://luxestyle.ch/products/auto-schlusseletui-aus-vollleder-389312	2026-10-02
https://luxestyle.ch/products/auto-schnellladegerat-pd-ausziehbares-kabel-fur-apple-android	2026-10-02
https://luxestyle.ch/products/auto-sitz-organizer-aus-wildleder-607700	2026-10-02
https://luxestyle.ch/products/auto-sitzbezuege-623400	2026-10-02
https://luxestyle.ch/products/auto-sitzkissen-aus-fleece-ohne-ruckenlehne-550208	2026-10-02
https://luxestyle.ch/products/auto-sitzkissen-aus-memoryschaum-50b40c	2026-10-02
https://luxestyle.ch/products/auto-sitzlucken-organizer-aus-leder-627000	2026-10-02
https://luxestyle.ch/products/auto-sonnenblenden-organizer-952832	2026-10-02
https://luxestyle.ch/products/auto-starter-booster-425152	2026-10-02
https://luxestyle.ch/products/auto-starthilfe-powerbank-3ed337	2026-10-02
https://luxestyle.ch/products/auto-sterilisations-zerstauber-846255	2026-10-02
https://luxestyle.ch/products/auto-stromrichter-12v-auf-220v-300w-230080	2026-10-02
https://luxestyle.ch/products/auto-stromwandler-mit-aufbewahrungsbox-775168	2026-10-02
https://luxestyle.ch/products/auto-tissue-box-607100	2026-10-02
https://luxestyle.ch/products/auto-trinkflasche-mit-strohhalm-316er-edelstah-618800	2026-10-02
https://luxestyle.ch/products/auto-und-burostaubsauger-601200	2026-10-02
https://luxestyle.ch/products/auto-und-heim-organizer-mit-zugbeutel-622100	2026-10-02
https://luxestyle.ch/products/auto-und-motorrad-batterieladegerat-12v-123648	2026-10-02
https://luxestyle.ch/products/auto-usb-ladegerat-mit-zigarettenanzunder-605000	2026-10-02
https://luxestyle.ch/products/auto-waschhandschuh-aus-kunstwolle-20efce	2026-10-02
https://luxestyle.ch/products/auto-waschhandschuh-wachsschwamm-set-635300	2026-10-02
https://luxestyle.ch/products/auto-windschutzscheibenabdeckung-fur-schnee-fr-621100	2026-10-02
https://luxestyle.ch/products/auto-wireless-lader-680704	2026-10-02
https://luxestyle.ch/products/auto-zigarettenanzunder-mit-usb-lader-und-blue-872768	2026-10-02
https://luxestyle.ch/products/auto-zigarettenanzunder-mit-usb-type-c-629100	2026-10-02
https://luxestyle.ch/products/autoclean-kabelloser-handstaubsauger-de8c92	2026-10-02
https://luxestyle.ch/products/autodiagnose-scanner-a2a557	2026-10-02
https://luxestyle.ch/products/autokissen-mit-drehfunktion-fc2da5	2026-10-02
https://luxestyle.ch/products/autolosetuch-rund-d-form-carbon-optik-367488	2026-10-02
https://luxestyle.ch/products/autom-einziehbare-leine-fur-hunde-katzen-497065	2026-10-02
https://luxestyle.ch/products/autom-futtermittelspender-mit-zeitsteuerung-608300	2026-10-02
https://luxestyle.ch/products/automatic-tourbillon-herrenuhr-600300	2026-10-02
https://luxestyle.ch/products/automaticische-herrenuhr-edelstahlarmband-41-m-619600	2026-10-02
https://luxestyle.ch/products/automatik-armbanduhr-619200	2026-10-02
https://luxestyle.ch/products/automatik-armbanduhr-business-multifunktional-614900	2026-10-02
https://luxestyle.ch/products/automatik-herrenuhr-mit-gro-em-zifferblatt-602800	2026-10-02
https://luxestyle.ch/products/automatik-hohlgehause-herrenuhr-619700	2026-10-02
https://luxestyle.ch/products/automatik-leine-631400	2026-10-02
https://luxestyle.ch/products/automatik-mechanik-luminelle-herrenuhr-mit-sta-408960	2026-10-02
https://luxestyle.ch/products/automatik-mechanik-modeuhr-wasserdicht-616000	2026-10-02
https://luxestyle.ch/products/automatik-mode-herrenuhr-wasserdicht-mechanisc-619000	2026-10-02
https://luxestyle.ch/products/automatik-quarzuhr-mit-edelstahlgurtel-506560	2026-10-02
https://luxestyle.ch/products/automatik-uhr-mit-zweifach-anzeige-840256	2026-10-02
https://luxestyle.ch/products/automatikarmbanduhr-mit-diamantverzierung-herr-617300	2026-10-02
https://luxestyle.ch/products/automatikuhr-fur-herren-621700	2026-10-02
https://luxestyle.ch/products/automatikuhr-fur-herren-wasserdicht-612000	2026-10-02
https://luxestyle.ch/products/automatikuhr-herren-wasserdicht-606500	2026-10-02
https://luxestyle.ch/products/automatikuhr-mit-diamant-design-604600	2026-10-02
https://luxestyle.ch/products/automatikuhr-mit-grossem-zifferblatt-623200	2026-10-02
https://luxestyle.ch/products/automatikuhr-mit-leuchtzifferblatt-629700	2026-10-02
https://luxestyle.ch/products/automatisch-ballwurf-spielzeug-fur-haustiere-601700	2026-10-02
https://luxestyle.ch/products/automatisch-einziehbare-hundeleine-756480	2026-10-02
https://luxestyle.ch/products/automatische-armbanduhr-38-mm-zinklegierung-70cd0d	2026-10-02
https://luxestyle.ch/products/automatische-armbanduhr-aus-leder-613900	2026-10-02
https://luxestyle.ch/products/automatische-bewasserungs-timer-kit-622100	2026-10-02
https://luxestyle.ch/products/automatische-bewegung-und-rotation-604200	2026-10-02
https://luxestyle.ch/products/automatische-brust-und-ruckengurt-set-631600	2026-10-02
https://luxestyle.ch/products/automatische-business-armbanduhr-632000	2026-10-02
https://luxestyle.ch/products/automatische-einziehbare-haustierleine-606700	2026-10-02
https://luxestyle.ch/products/automatische-einziehbare-hundeleine-627000	2026-10-02
https://luxestyle.ch/products/automatische-einziehbare-leine-3m-609300	2026-10-02
https://luxestyle.ch/products/automatische-glacemaschine-1eba2d	2026-10-02
https://luxestyle.ch/products/automatische-herren-armbanduhr-625600	2026-10-02
https://luxestyle.ch/products/automatische-herren-armbanduhr-mit-tourbillon-631500	2026-10-02
https://luxestyle.ch/products/automatische-herrenarmbanduhr-609300	2026-10-02
https://luxestyle.ch/products/automatische-herrenuhr-640000	2026-10-02
https://luxestyle.ch/products/automatische-herrenuhr-aus-edelstahl-060736	2026-10-02
https://luxestyle.ch/products/automatische-herrenuhr-mit-doppelfunktionskale-632800	2026-10-02
https://luxestyle.ch/products/automatische-herrenuhr-mit-lederarmband-894208	2026-10-02
https://luxestyle.ch/products/automatische-herrenuhr-mit-leuchtzeigern-und-c-761856	2026-10-02
https://luxestyle.ch/products/automatische-herrenuhr-mit-silikonarmband-622700	2026-10-02
https://luxestyle.ch/products/automatische-herrenuhr-mit-silikonband-824256	2026-10-02
https://luxestyle.ch/products/automatische-herrenuhr-mit-skelett-zifferblatt-043e48	2026-10-02
https://luxestyle.ch/products/automatische-herrenuhr-wasserdicht-mit-leuchte-609300	2026-10-02
https://luxestyle.ch/products/automatische-hohle-herrenuhr-mit-lederarmband-031168	2026-10-02
https://luxestyle.ch/products/automatische-hunde-und-katzenleine-625800	2026-10-02
https://luxestyle.ch/products/automatische-hundeleine-605600	2026-10-02
https://luxestyle.ch/products/automatische-hundeleine-mit-elastischem-seil-614800	2026-10-02
https://luxestyle.ch/products/automatische-hundeleine-mit-rollmechanismus-351040	2026-10-02
https://luxestyle.ch/products/automatische-hundeleine-mit-ruckzugsfunktion-75ab74	2026-10-02
https://luxestyle.ch/products/automatische-infrarot-led-streifenbeleuchtung-639800	2026-10-02
https://luxestyle.ch/products/automatische-led-hundeleine-fur-nachtsicherhei-2a923a	2026-10-02
https://luxestyle.ch/products/automatische-leine-fur-katzen-und-hunde-617200	2026-10-02
https://luxestyle.ch/products/automatische-leuchtende-herrenuhr-aus-edelstah-449280	2026-10-02
https://luxestyle.ch/products/automatische-lockenstab-623600	2026-10-02
https://luxestyle.ch/products/automatische-lockenstange-600000	2026-10-02
https://luxestyle.ch/products/automatische-mechanikuhr-mit-kautschukarmband-616700	2026-10-02
https://luxestyle.ch/products/automatische-mechanische-armbanduhr-aus-316l-e-106752	2026-10-02
https://luxestyle.ch/products/automatische-mechanische-armbanduhr-mit-blauem-609100	2026-10-02
https://luxestyle.ch/products/automatische-mechanische-armbanduhr-vintage-213184	2026-10-02
https://luxestyle.ch/products/automatische-mechanische-herrenuhr-778688	2026-10-02
https://luxestyle.ch/products/automatische-mechanische-herrenuhr-doppelseiti-633700	2026-10-02
https://luxestyle.ch/products/automatische-mechanische-herrenuhr-miller-285248	2026-10-02
https://luxestyle.ch/products/automatische-mechanische-herrenuhr-sun-moon-st-999168	2026-10-02
https://luxestyle.ch/products/automatische-mechanische-herrenuhr-wasserdicht-107968	2026-10-02
https://luxestyle.ch/products/automatische-mini-nahmaschine-679298	2026-10-02
https://luxestyle.ch/products/automatische-mini-sojamilchmaschine-562688	2026-10-02
https://luxestyle.ch/products/automatische-rebound-kuchenschere-aus-edelstah-b14f9c	2026-10-02
https://luxestyle.ch/products/automatische-roll-hundeleine-5m-605100	2026-10-02
https://luxestyle.ch/products/automatische-roll-hundeleine-aus-edelstahl-609100	2026-10-02
https://luxestyle.ch/products/automatische-roll-hundeleine-mit-kotbeutelhalt-627100	2026-10-02
https://luxestyle.ch/products/automatische-roll-leine-fur-hunde-5-meter-375488	2026-10-02
https://luxestyle.ch/products/automatische-roll-leine-fur-hunde-626300	2026-10-02
https://luxestyle.ch/products/automatische-roll-leine-fur-hunde-orange-166400	2026-10-02
https://luxestyle.ch/products/automatische-roll-leine-fur-hunde-und-katzen-597952	2026-10-02
https://luxestyle.ch/products/automatische-rollleine-fur-mittelgrosse-bis-gr-398528	2026-10-02
https://luxestyle.ch/products/automatische-rollleine-mit-integrierter-tasche-378432	2026-10-02
https://luxestyle.ch/products/automatische-ruckzugsleine-und-geschirr-611800	2026-10-02
https://luxestyle.ch/products/automatische-skelett-damenuhr-c466ca	2026-10-02
https://luxestyle.ch/products/automatische-skelett-herrenuhr-mit-leuchtzeige-626000	2026-10-02
https://luxestyle.ch/products/automatische-skelett-herrenuhr-mit-silikonarmb-742464	2026-10-02
https://luxestyle.ch/products/automatische-teleskop-hundeleine-371328	2026-10-02
https://luxestyle.ch/products/automatische-teleskop-hundeleine-3m-eafb13	2026-10-02
https://luxestyle.ch/products/automatische-uhr-mit-transparentem-uhrwerk-363776	2026-10-02
https://luxestyle.ch/products/automatische-vibrations-halsband-fur-tiere-624900	2026-10-02
https://luxestyle.ch/products/automatische-vintage-uhr-herren-wasserdicht-le-619200	2026-10-02
https://luxestyle.ch/products/automatische-wasserdichte-sportuhr-fur-herren-624200	2026-10-02
https://luxestyle.ch/products/automatische-zugleine-534400	2026-10-02
https://luxestyle.ch/products/automatischer-aroma-luftbefeuchter-475200	2026-10-02
https://luxestyle.ch/products/automatischer-ballwerfer-fur-hunde-067520	2026-10-02
https://luxestyle.ch/products/automatischer-ballwerfer-mit-sound-fur-hunde-625000	2026-10-02
https://luxestyle.ch/products/automatischer-doppelnapf-futterspender-fur-hau-070272	2026-10-02
https://luxestyle.ch/products/automatischer-doppelwirkungs-haarglatter-fur-g-617900	2026-10-02
https://luxestyle.ch/products/automatischer-dosenoffner-one-touch-426240	2026-10-02
https://luxestyle.ch/products/automatischer-dual-futterspender-mit-timer-601400	2026-10-02
https://luxestyle.ch/products/automatischer-duftspender-fur-wandmontage-621300	2026-10-02
https://luxestyle.ch/products/automatischer-eier-roll-maker-705536	2026-10-02
https://luxestyle.ch/products/automatischer-frucht-und-gemuse-reiniger-615000	2026-10-02
https://luxestyle.ch/products/automatischer-futter-spender-619400	2026-10-02
https://luxestyle.ch/products/automatischer-futter-und-wasserspender-626100	2026-10-02
https://luxestyle.ch/products/automatischer-futter-und-wasserspender-fur-hau-748928	2026-10-02
https://luxestyle.ch/products/automatischer-futter-wasserspender-fur-haustie-622100	2026-10-02
https://luxestyle.ch/products/automatischer-futterautomat-cba052	2026-10-02
https://luxestyle.ch/products/automatischer-futterautomat-fur-haustiere-0bbe57	2026-10-02
https://luxestyle.ch/products/automatischer-futterautomat-fur-hunde-katzen-4-622800	2026-10-02
https://luxestyle.ch/products/automatischer-futterautomat-mit-wifi-fur-haust-605632	2026-10-02
https://luxestyle.ch/products/automatischer-futtermacher-fur-haustiere-612500	2026-10-02
https://luxestyle.ch/products/automatischer-futternapf-658200	2026-10-02
https://luxestyle.ch/products/automatischer-futternapf-fur-katzen-601100	2026-10-02
https://luxestyle.ch/products/automatischer-futterplatz-609600	2026-10-02
https://luxestyle.ch/products/automatischer-futterspender-5l-622900	2026-10-02
https://luxestyle.ch/products/automatischer-futterspender-fur-6-mahlzeiten-330304	2026-10-02
https://luxestyle.ch/products/automatischer-futterspender-fur-haustiere-729664	2026-10-02
https://luxestyle.ch/products/automatischer-futterspender-fur-katzen-hunde-653760	2026-10-02
https://luxestyle.ch/products/automatischer-futterspender-mit-6-fachern-462272	2026-10-02
https://luxestyle.ch/products/automatischer-futterspender-mit-timer-406720	2026-10-02
https://luxestyle.ch/products/automatischer-futterspender-wlan-806a87	2026-10-02
https://luxestyle.ch/products/automatischer-futterspender-zum-einhangen-825408	2026-10-02
https://luxestyle.ch/products/automatischer-game-controller-fur-shooter-57718d	2026-10-02
https://luxestyle.ch/products/automatischer-gardinenoffner-ohne-installation-873408	2026-10-02
https://luxestyle.ch/products/automatischer-gie-automat-606400	2026-10-02
https://luxestyle.ch/products/automatischer-haarewickler-32mm-fur-faule-613800	2026-10-02
https://luxestyle.ch/products/automatischer-haarkrausler-643000	2026-10-02
https://luxestyle.ch/products/automatischer-haarlockenwickler-32mm-623700	2026-10-02
https://luxestyle.ch/products/automatischer-haarlockenwickler-621700	2026-10-02
https://luxestyle.ch/products/automatischer-haarstyler-mit-keramik-heizeleme-812c48	2026-10-02
https://luxestyle.ch/products/automatischer-haarstyler-mit-keramikheizung-21f2a9	2026-10-02
https://luxestyle.ch/products/automatischer-haarzwirbler-fur-flechtfrisuren-af4563	2026-10-02
https://luxestyle.ch/products/automatischer-handedesinfektions-spender-845f04	2026-10-02
https://luxestyle.ch/products/automatischer-handy-klicker-fur-diverse-anwend-108672	2026-10-02
https://luxestyle.ch/products/automatischer-hunde-erzieher-628700	2026-10-02
https://luxestyle.ch/products/automatischer-kabelloser-lockenstab-480256	2026-10-02
https://luxestyle.ch/products/automatischer-kaffeebecher-72c4e0	2026-10-02
https://luxestyle.ch/products/automatischer-kartenmischer-720320	2026-10-02
https://luxestyle.ch/products/automatischer-katzen-kugelspielball-602000	2026-10-02
https://luxestyle.ch/products/automatischer-katzen-teaser-mit-seil-620000	2026-10-02
https://luxestyle.ch/products/automatischer-katzen-wasserhahn-600200	2026-10-02
https://luxestyle.ch/products/automatischer-katzenspielball-628300	2026-10-02
https://luxestyle.ch/products/automatischer-kehrroboter-fur-den-haushalt-c9dd1e	2026-10-02
https://luxestyle.ch/products/automatischer-lade-separator-615600	2026-10-02
https://luxestyle.ch/products/automatischer-lockenstab-222848	2026-10-02
https://luxestyle.ch/products/automatischer-lockenstab-32mm-054464	2026-10-02
https://luxestyle.ch/products/automatischer-lockenstab-32mm-mit-anionenpfleg-680960	2026-10-02
https://luxestyle.ch/products/automatischer-lockenstab-aus-metall-4bb229	2026-10-02
https://luxestyle.ch/products/automatischer-lockenstab-fur-einfache-wellen-973440	2026-10-02
https://luxestyle.ch/products/automatischer-lockenstab-fur-grosse-wellen-25m-813696	2026-10-02
https://luxestyle.ch/products/automatischer-lockenstab-fur-langanhaltende-we-808000	2026-10-02
https://luxestyle.ch/products/automatischer-lockenstab-fur-langes-haar-542209	2026-10-02
https://luxestyle.ch/products/automatischer-lockenstab-fur-locken-glatten-954688	2026-10-02
https://luxestyle.ch/products/automatischer-lockenstab-fur-nasse-und-trocken-384128	2026-10-02
https://luxestyle.ch/products/automatischer-lockenstab-fur-perfekte-wellen-468bd2	2026-10-02
https://luxestyle.ch/products/automatischer-lockenstab-fur-unterwegs-601500	2026-10-02
https://luxestyle.ch/products/automatischer-lockenstab-fur-zuhause-899328	2026-10-02
https://luxestyle.ch/products/automatischer-lockenstab-kabellos-624200	2026-10-02
https://luxestyle.ch/products/automatischer-lockenstab-lazy-rotierender-big-189888	2026-10-02
https://luxestyle.ch/products/automatischer-lockenstab-mit-drehfunktion-5eb36d	2026-10-02
https://luxestyle.ch/products/automatischer-lockenstab-mit-goldkeramik-2e851e	2026-10-02
https://luxestyle.ch/products/automatischer-lockenstab-mit-infrarot-technolo-092096	2026-10-02
https://luxestyle.ch/products/automatischer-lockenstab-mit-keramik-rollaufsa-ccefe7	2026-10-02
https://luxestyle.ch/products/automatischer-lockenstab-mit-keramikbeschichtu-d72e22	2026-10-02
https://luxestyle.ch/products/automatischer-lockenstab-mit-lcd-temperaturanz-829376	2026-10-02
https://luxestyle.ch/products/automatischer-lockenstab-mit-leopard-print-626400	2026-10-02
https://luxestyle.ch/products/automatischer-lockenstab-mit-negativ-ionen-331136	2026-10-02
https://luxestyle.ch/products/automatischer-lockenstab-mit-negativem-ion-749568	2026-10-02
https://luxestyle.ch/products/automatischer-lockenstab-mit-temperaturregelun-679552	2026-10-02
https://luxestyle.ch/products/automatischer-lockenstab-mit-verbruhschutz-972354	2026-10-02
https://luxestyle.ch/products/automatischer-lockenstab-mit-warmluftburste-3-308608	2026-10-02
https://luxestyle.ch/products/automatischer-lockenstab-rose-tube-spiral-083712	2026-10-02
https://luxestyle.ch/products/automatischer-lockenstab-usb-ladefunktion-412608	2026-10-02
https://luxestyle.ch/products/automatischer-lockenwickler-611400	2026-10-02
https://luxestyle.ch/products/automatischer-make-up-pinsel-fur-unterwegs-393408	2026-10-02
https://luxestyle.ch/products/automatischer-make-up-pinselreiniger-mit-usb-809b7c	2026-10-02
https://luxestyle.ch/products/automatischer-melonenkern-schaler-622600	2026-10-02
https://luxestyle.ch/products/automatischer-multifunktions-abisolierer-8ca6df	2026-10-02
https://luxestyle.ch/products/automatischer-multifunktions-toaster-516e0e	2026-10-02
https://luxestyle.ch/products/automatischer-portabler-milchwarmer-025024	2026-10-02
https://luxestyle.ch/products/automatischer-ruhrbecher-350-ml-mondweiss-075200	2026-10-02
https://luxestyle.ch/products/automatischer-schaler-fur-obst-und-gemuse-631000	2026-10-02
https://luxestyle.ch/products/automatischer-schaumseifen-spender-mit-sensor-292096	2026-10-02
https://luxestyle.ch/products/automatischer-schnur-knotter-fur-angelschnure-629300	2026-10-02
https://luxestyle.ch/products/automatischer-schwenkventilator-fur-kinderwage-638500	2026-10-02
https://luxestyle.ch/products/automatischer-seifenspender-1adb26	2026-10-02
https://luxestyle.ch/products/automatischer-seifenspender-mit-sensor-619400	2026-10-02
https://luxestyle.ch/products/automatischer-sensor-abfalleimer-629900	2026-10-02
https://luxestyle.ch/products/automatischer-sensor-desinfektionsspruher-125376	2026-10-02
https://luxestyle.ch/products/automatischer-sonnenschirm-mit-uv-schutz-604200	2026-10-02
https://luxestyle.ch/products/automatischer-spanngurt-2-5-cm-x-3-m-606700	2026-10-02
https://luxestyle.ch/products/automatischer-spielball-fur-haustiere-1fabd3	2026-10-02
https://luxestyle.ch/products/automatischer-spliss-entferner-913281	2026-10-02
https://luxestyle.ch/products/automatischer-staubsauger-705920	2026-10-02
https://luxestyle.ch/products/automatischer-staubsauger-roboter-577221	2026-10-02
https://luxestyle.ch/products/automatischer-tease-katzen-spielball-510016	2026-10-02
https://luxestyle.ch/products/automatischer-teaser-ball-fur-hunde-621700	2026-10-02
https://luxestyle.ch/products/automatischer-tennisballwerfer-fur-hunde-624100	2026-10-02
https://luxestyle.ch/products/automatischer-toilettenspuler-638000	2026-10-02
https://luxestyle.ch/products/automatischer-trink-und-futternapf-fur-haustie-360896	2026-10-02
https://luxestyle.ch/products/automatischer-trink-und-futterspender-641536	2026-10-02
https://luxestyle.ch/products/automatischer-trinkbrunnen-fur-haustiere-1-5l-26c962	2026-10-02
https://luxestyle.ch/products/automatischer-trinkbrunnen-fur-hunde-und-katze-210624	2026-10-02
https://luxestyle.ch/products/automatischer-trinkbrunnen-fur-katzen-764416	2026-10-02
https://luxestyle.ch/products/automatischer-trinkbrunnen-mit-futternapf-884672	2026-10-02
https://luxestyle.ch/products/automatischer-trinknapf-fur-hunde-bf6aa2	2026-10-02
https://luxestyle.ch/products/automatischer-turschlie-er-ohne-bohren-fur-sch-6585cc	2026-10-02
https://luxestyle.ch/products/automatischer-umschalter-fur-zwei-stromquellen-607600	2026-10-02
https://luxestyle.ch/products/automatischer-usb-luftbefeuchter-magic-shadow-373696	2026-10-02
https://luxestyle.ch/products/automatischer-uv-schutz-schirm-mit-totenkopf-636100	2026-10-02
https://luxestyle.ch/products/automatischer-wasserspender-3-8l-0969ba	2026-10-02
https://luxestyle.ch/products/automatischer-wasserspender-617024	2026-10-02
https://luxestyle.ch/products/automatischer-wifi-futternapf-fur-haustiere-623300	2026-10-02
https://luxestyle.ch/products/automatisches-12v-24v-lcd-batterieladegerat-fbfa0d	2026-10-02
https://luxestyle.ch/products/automatisches-2m-hunde-rollseil-087040	2026-10-02
https://luxestyle.ch/products/automatisches-4-in-1-schnellladekabel-fur-unte-369664	2026-10-02
https://luxestyle.ch/products/automatisches-anti-bell-halsband-544512	2026-10-02
https://luxestyle.ch/products/automatisches-anti-bell-halsband-fur-hunde-612500	2026-10-02
https://luxestyle.ch/products/automatisches-anti-mucken-zelt-fur-3-4-persone-610600	2026-10-02
https://luxestyle.ch/products/automatisches-doppelkopf-hundegeschirr-mit-lic-145472	2026-10-02
https://luxestyle.ch/products/automatisches-einziehbares-haustier-leine-mit-a63669	2026-10-02
https://luxestyle.ch/products/automatisches-einziehbares-haustier-leinenset-766912	2026-10-02
https://luxestyle.ch/products/automatisches-einziehbares-haustier-seil-201984	2026-10-02
https://luxestyle.ch/products/automatisches-einziehbares-haustier-zugseil-e3880c	2026-10-02
https://luxestyle.ch/products/automatisches-einziehbares-haustierseil-mit-li-628000	2026-10-02
https://luxestyle.ch/products/automatisches-einziehbares-hundegeschirr-8047bc	2026-10-02
https://luxestyle.ch/products/automatisches-einziehbares-hundeseil-4e3880	2026-10-02
https://luxestyle.ch/products/automatisches-haar-flechtsystem-fur-kinder-762112	2026-10-02
https://luxestyle.ch/products/automatisches-haustier-rollbandmass-cc3703	2026-10-02
https://luxestyle.ch/products/automatisches-haustier-rollseil-mit-licht-beut-659008	2026-10-02
https://luxestyle.ch/products/automatisches-huhnerstalltor-023808	2026-10-02
https://luxestyle.ch/products/automatisches-hunde-rollseil-298880	2026-10-02
https://luxestyle.ch/products/automatisches-hunde-rollseil-mit-abfallbeutels-601000	2026-10-02
https://luxestyle.ch/products/automatisches-hunde-rollseil-mit-licht-676864	2026-10-02
https://luxestyle.ch/products/automatisches-hunde-sicherheitsgurt-set-602600	2026-10-02
https://luxestyle.ch/products/automatisches-katzenspielzeug-elf-ball-9f1f4f	2026-10-02
https://luxestyle.ch/products/automatisches-katzenspielzeug-mit-ballspender-623488	2026-10-02
https://luxestyle.ch/products/automatisches-led-hundegeschirr-mit-rollleine-751936	2026-10-02
https://luxestyle.ch/products/automatisches-led-hundeseil-ausziehbar-84312e	2026-10-02
https://luxestyle.ch/products/automatisches-luftwellen-massagegerat-fur-wade-1da162	2026-10-02
https://luxestyle.ch/products/automatisches-multimeter-mit-intelligenter-erk-521088	2026-10-02
https://luxestyle.ch/products/automatisches-rebound-bauchmuskelrad-505408	2026-10-02
https://luxestyle.ch/products/automatisches-reflektierendes-hunde-rollseil-13726b	2026-10-02
https://luxestyle.ch/products/automatisches-roll-hundeleine-fur-kleine-und-m-0afdf0	2026-10-02
https://luxestyle.ch/products/automatisches-rollspielzeug-mit-licht-789760	2026-10-02
https://luxestyle.ch/products/automatisches-springball-fur-katzen-774528	2026-10-02
https://luxestyle.ch/products/automatisches-sprudelbad-gerat-622400	2026-10-02
https://luxestyle.ch/products/automatisches-teleskop-gstaltli-fur-haustiere-3d202b	2026-10-02
https://luxestyle.ch/products/automatisches-teleskop-hundegeschirr-mit-leine-587200	2026-10-02
https://luxestyle.ch/products/automatisches-teleskop-hundeleine-c3cd3e	2026-10-02
https://luxestyle.ch/products/automatisches-teleskop-hundeseil-584896	2026-10-02
https://luxestyle.ch/products/automatisches-teleskop-zugseil-5-m-40-kg-tragk-695d25	2026-10-02
https://luxestyle.ch/products/automatisches-zelt-fur-3-5-personen-608700	2026-10-02
https://luxestyle.ch/products/automobil-infotainment-system-9f7b66	2026-10-02
https://luxestyle.ch/products/automobil-wireless-lader-572224	2026-10-02
https://luxestyle.ch/products/automobilpoliermaschine-5bb6d7	2026-10-02
https://luxestyle.ch/products/autoschlusselhullen-638300	2026-10-02
https://luxestyle.ch/products/autositz-schutzunterlage-fur-kindersitze-a19e22	2026-10-02
https://luxestyle.ch/products/autositzbezug-set-a63aa6	2026-10-02
https://luxestyle.ch/products/autositzkissen-621700	2026-10-02
https://luxestyle.ch/products/autositzschutz-967490	2026-10-02
https://luxestyle.ch/products/autowandladestation-617600	2026-10-02
https://luxestyle.ch/products/autumn-low-top-atmungsaktive-sportschuhe-607400	2026-10-02
https://luxestyle.ch/products/avcci-mascara-wasserfest-verlangernd-307136	2026-10-02
https://luxestyle.ch/products/aviator-vintage-armband-aus-handgezogenem-lede-098560	2026-10-02
https://luxestyle.ch/products/avocado-bb-cream-mit-pilzkopf-applikator-69b717	2026-10-02
https://luxestyle.ch/products/avocado-burste-zur-fellpflege-811392	2026-10-02
https://luxestyle.ch/products/avocado-futter-schussel-611100	2026-10-02
https://luxestyle.ch/products/avocado-futterball-fur-hunde-540032	2026-10-02
https://luxestyle.ch/products/avocado-spoof-deko-spielzeug-612400	2026-10-02
https://luxestyle.ch/products/aw13-smartwatch-edelstahl-ip68-sport-mode-194624	2026-10-02
https://luxestyle.ch/products/axige-leder-plattformschuhe-romantische-sandal-715648	2026-10-02
https://luxestyle.ch/products/azdent-xiaoman-water-flosser-fur-zahnreinigung-427072	2026-10-02
https://luxestyle.ch/products/azelaic-acid-niacinamide-serum-741570	2026-10-02
https://luxestyle.ch/products/b6-smart-armband-mit-farbdisplay-und-anrufanze-813440	2026-10-02
https://luxestyle.ch/products/b60-smart-armband-mit-farbdisplay-123584	2026-10-02
https://luxestyle.ch/products/ba-bao-retro-canvas-rucksack-8b1dca	2026-10-02
https://luxestyle.ch/products/baby-anti-deviation-latex-kissen-106944	2026-10-02
https://luxestyle.ch/products/baby-anti-roll-kissen-gegen-plattkopf-41ec59	2026-10-02
https://luxestyle.ch/products/baby-anti-rutsch-bodensocken-714432	2026-10-02
https://luxestyle.ch/products/baby-anti-rutsch-bodensocken-lauflernschuhe-628416	2026-10-02
https://luxestyle.ch/products/baby-anti-schreck-kissen-626900	2026-10-02
https://luxestyle.ch/products/baby-anti-spuck-neigungskissen-798656	2026-10-02
https://luxestyle.ch/products/baby-anzug-set-mit-fliege-622300	2026-10-02
https://luxestyle.ch/products/baby-badeliege-fur-neugeborene-8b7a52	2026-10-02
https://luxestyle.ch/products/baby-badesandalen-fur-jungen-und-madchen-361152	2026-10-02
https://luxestyle.ch/products/baby-badeschwamm-matte-017856	2026-10-02
https://luxestyle.ch/products/baby-badetuch-aus-reiner-baumwolle-634200	2026-10-02
https://luxestyle.ch/products/baby-badewanne-mit-rutschfester-oberflache-624100	2026-10-02
https://luxestyle.ch/products/baby-badewannen-kissen-matte-623900	2026-10-02
https://luxestyle.ch/products/baby-baumwoll-leinen-set-mit-shorts-617900	2026-10-02
https://luxestyle.ch/products/baby-baumwoll-onesie-fur-neugeborene-603000	2026-10-02
https://luxestyle.ch/products/baby-baumwoll-overall-mit-kapuze-619600	2026-10-02
https://luxestyle.ch/products/baby-baumwoll-schlafsack-mit-anti-schreck-funk-623600	2026-10-02
https://luxestyle.ch/products/baby-baumwoll-sneaker-mit-weicher-sohle-476864	2026-10-02
https://luxestyle.ch/products/baby-baumwollschuhe-fur-herbst-und-winter-288384	2026-10-02
https://luxestyle.ch/products/baby-baumwollschuhe-mit-weicher-sohle-625500	2026-10-02
https://luxestyle.ch/products/baby-baumwollschuhe-und-schneestiefel-899328	2026-10-02
https://luxestyle.ch/products/baby-body-aus-bambusfaser-mit-knoten-614000	2026-10-02
https://luxestyle.ch/products/baby-body-mit-blutendruckknopfen-629300	2026-10-02
https://luxestyle.ch/products/baby-booties-830272	2026-10-02
https://luxestyle.ch/products/baby-booties-aus-baumwolle-mit-weicher-sohle-375936	2026-10-02
https://luxestyle.ch/products/baby-bright-komfortabler-strampler-687552	2026-10-02
https://luxestyle.ch/products/baby-canvas-schuhe-mit-weicher-sohle-639000	2026-10-02
https://luxestyle.ch/products/baby-cordhose-mit-spitzenbesatz-627000	2026-10-02
https://luxestyle.ch/products/baby-dreiteiler-mit-kapuze-und-zoothema-604900	2026-10-02
https://luxestyle.ch/products/baby-eule-malen-nach-zahlen-375104	2026-10-02
https://luxestyle.ch/products/baby-freizeitschuhe-aus-canvas-fur-madchen-313152	2026-10-02
https://luxestyle.ch/products/baby-gaze-windeln-605100	2026-10-02
https://luxestyle.ch/products/baby-geh-und-lauflernhilfe-509440	2026-10-02
https://luxestyle.ch/products/baby-gentleman-jumpsuit-aus-baumwolle-753856	2026-10-02
https://luxestyle.ch/products/baby-hand-und-fussabdruck-fotorahmen-682112	2026-10-02
https://luxestyle.ch/products/baby-hand-und-fussabdruck-set-701120	2026-10-02
https://luxestyle.ch/products/baby-hausschuhe-aus-lammfell-imitat-615900	2026-10-02
https://luxestyle.ch/products/baby-hoodie-set-mit-baren-print-636100	2026-10-02
https://luxestyle.ch/products/baby-huftsitz-leichtreise-68e355	2026-10-02
https://luxestyle.ch/products/baby-jumpsuit-mit-herzprint-und-spitze-603500	2026-10-02
https://luxestyle.ch/products/baby-jungen-herbstlangarm-outfit-neuwuchs-set-628000	2026-10-02
https://luxestyle.ch/products/baby-jungen-kinderschuhe-mit-weicher-sohle-rut-978560	2026-10-02
https://luxestyle.ch/products/baby-jungen-set-mit-kurzarmshirt-und-shorts-628500	2026-10-02
https://luxestyle.ch/products/baby-kinderschuhe-aus-weichem-kalbsleder-616800	2026-10-02
https://luxestyle.ch/products/baby-kissen-aus-reinem-baumwolle-614700	2026-10-02
https://luxestyle.ch/products/baby-kleinkinderschuhe-mit-klettverschluss-243648	2026-10-02
https://luxestyle.ch/products/baby-kleinkinderschuhe-rutschfest-atmungsaktiv-736640	2026-10-02
https://luxestyle.ch/products/baby-kleinkindschuhe-mit-pluschfutter-a97208	2026-10-02
https://luxestyle.ch/products/baby-klett-lederfinkli-mit-weicher-sohle-899951	2026-10-02
https://luxestyle.ch/products/baby-klettschuh-0fa3ad	2026-10-02
https://luxestyle.ch/products/baby-klettverschluss-schuhe-mit-weicher-sohle-182f47	2026-10-02
https://luxestyle.ch/products/baby-kopfkissen-5b34f3	2026-10-02
https://luxestyle.ch/products/baby-kopfkissen-aus-memory-schaum-518016	2026-10-02
https://luxestyle.ch/products/baby-kopfkissen-fur-korrekte-kopfform-987200	2026-10-02
https://luxestyle.ch/products/baby-kopfkissen-fur-neugeborene-620300	2026-10-02
https://luxestyle.ch/products/baby-kopfkissen-fur-schone-kopfform-069952	2026-10-02
https://luxestyle.ch/products/baby-kopfkissen-gegen-plattkopf-607000	2026-10-02
https://luxestyle.ch/products/baby-kopfkissen-gegen-plattkopf-bar-6f0767	2026-10-02
https://luxestyle.ch/products/baby-kopfkissen-herzformig-mit-mulde-060736	2026-10-02
https://luxestyle.ch/products/baby-kopfkissen-latex-tencel-140928	2026-10-02
https://luxestyle.ch/products/baby-kopfkissen-mit-hirsekissen-635000	2026-10-02
https://luxestyle.ch/products/baby-kopfkissen-mit-memory-schaum-577472	2026-10-02
https://luxestyle.ch/products/baby-kopfkissen-slow-rebound-aus-baumwolle-706880	2026-10-02
https://luxestyle.ch/products/baby-kopfschutz-kissen-cartoon-design-619900	2026-10-02
https://luxestyle.ch/products/baby-kopfstutze-mit-aufprallschutz-295168	2026-10-02
https://luxestyle.ch/products/baby-korrekturkissen-aus-bambusfaser-434624	2026-10-02
https://luxestyle.ch/products/baby-krabbelmatte-9-teilig-455c11	2026-10-02
https://luxestyle.ch/products/baby-krabbelmatte-blatt-5164d0	2026-10-02
https://luxestyle.ch/products/baby-krabbelmatte-dayali-weich-dick-067904	2026-10-02
https://luxestyle.ch/products/baby-krabbelschuhe-fur-sommer-7ad122	2026-10-02
https://luxestyle.ch/products/baby-lammwoll-pullover-mit-stehkragen-621100	2026-10-02
https://luxestyle.ch/products/baby-lammwolle-zweiteiler-mit-stehkragen-600000	2026-10-02
https://luxestyle.ch/products/baby-langarm-jumpsuit-fur-fruhling-und-herbst-606200	2026-10-02
https://luxestyle.ch/products/baby-langarm-strampler-604700	2026-10-02
https://luxestyle.ch/products/baby-lauflernschuh-atmungsaktiv-rutschfest-869184	2026-10-02
https://luxestyle.ch/products/baby-lauflernschuh-mit-weicher-sohle-618800	2026-10-02
https://luxestyle.ch/products/baby-lauflernschuhe-38e08f	2026-10-02
https://luxestyle.ch/products/baby-lauflernschuhe-aus-atmungsaktivem-mesh-803712	2026-10-02
https://luxestyle.ch/products/baby-lauflernschuhe-aus-baumwolle-und-leinen-1fee95	2026-10-02
https://luxestyle.ch/products/baby-lauflernschuhe-aus-recyceltem-leder-735616	2026-10-02
https://luxestyle.ch/products/baby-lauflernschuhe-aus-rindsleder-420032	2026-10-02
https://luxestyle.ch/products/baby-lauflernschuhe-aus-schafsleder-b05ca1	2026-10-02
https://luxestyle.ch/products/baby-lauflernschuhe-aus-stretch-canvas-380928	2026-10-02
https://luxestyle.ch/products/baby-lauflernschuhe-aus-weichem-kunstleder-0c9a9b	2026-10-02
https://luxestyle.ch/products/baby-lauflernschuhe-aus-wolle-und-baumwolle-619400	2026-10-02
https://luxestyle.ch/products/baby-lauflernschuhe-baumwolle-rutschfest-atmun-242560	2026-10-02
https://luxestyle.ch/products/baby-lauflernschuhe-fruhling-herbst-305024	2026-10-02
https://luxestyle.ch/products/baby-lauflernschuhe-fur-0-18-monate-095488	2026-10-02
https://luxestyle.ch/products/baby-lauflernschuhe-mit-comic-motiv-318464	2026-10-02
https://luxestyle.ch/products/baby-lauflernschuhe-mit-klettverschluss-608200	2026-10-02
https://luxestyle.ch/products/baby-lauflernschuhe-mit-licht-und-sound-058368	2026-10-02
https://luxestyle.ch/products/baby-lauflernschuhe-mit-pailletten-637200	2026-10-02
https://luxestyle.ch/products/baby-lauflernschuhe-mit-pluschfutter-114496	2026-10-02
https://luxestyle.ch/products/baby-lauflernschuhe-mit-rutschfester-sohle-626600	2026-10-02
https://luxestyle.ch/products/baby-lauflernschuhe-mit-streifen-35f5fd	2026-10-02
https://luxestyle.ch/products/baby-lauflernschuhe-mit-weicher-sohle-744064	2026-10-02
https://luxestyle.ch/products/baby-lauflernschuhe-mit-weicher-sohle-antiruts-529280	2026-10-02
https://luxestyle.ch/products/baby-lauflernschuhe-mit-weicher-sohle-fb967e	2026-10-02
https://luxestyle.ch/products/baby-lauflernschuhe-rutschfest-615300	2026-10-02
https://luxestyle.ch/products/baby-laufschuhe-605400	2026-10-02
https://luxestyle.ch/products/baby-leder-prinzessin-schuhe-mit-schleife-e70aba	2026-10-02
https://luxestyle.ch/products/baby-leder-sandalen-a38186	2026-10-02
https://luxestyle.ch/products/baby-light-sneaker-54bf32	2026-10-02
https://luxestyle.ch/products/baby-longsleeve-set-in-hellblau-639700	2026-10-02
https://luxestyle.ch/products/baby-madchen-enten-und-buchstaben-hoodie-set-635600	2026-10-02
https://luxestyle.ch/products/baby-madchen-fruhling-outfit-set-mit-strickpul-620400	2026-10-02
https://luxestyle.ch/products/baby-madchen-lauflernschuhe-high-top-611904	2026-10-02
https://luxestyle.ch/products/baby-madchen-lauflernschuhe-mit-weicher-sohle-628400	2026-10-02
https://luxestyle.ch/products/baby-madchen-lederschuhe-mit-weicher-sohle-735488	2026-10-02
https://luxestyle.ch/products/baby-madchen-plusch-lauflernschuh-010240	2026-10-02
https://luxestyle.ch/products/baby-madchen-sandalen-mit-ruschen-023168	2026-10-02
https://luxestyle.ch/products/baby-madchen-sneaker-mit-weicher-sohle-797824	2026-10-02
https://luxestyle.ch/products/baby-madchen-winter-schneestiefel-a3d096	2026-10-02
https://luxestyle.ch/products/baby-madchen-winter-schuhe-mit-pluschfutter-081408	2026-10-02
https://luxestyle.ch/products/baby-martin-boots-fur-jungen-und-madchen-523072	2026-10-02
https://luxestyle.ch/products/baby-meilenstein-wurfel-set-221312	2026-10-02
https://luxestyle.ch/products/baby-milchwarmer-707072	2026-10-02
https://luxestyle.ch/products/baby-musik-keyboard-roboter-676f8d	2026-10-02
https://luxestyle.ch/products/baby-nagelstecher-611300	2026-10-02
https://luxestyle.ch/products/baby-nest-mit-neigung-622900	2026-10-02
https://luxestyle.ch/products/baby-nest-reisebettchen-aus-baumwolle-20552f	2026-10-02
https://luxestyle.ch/products/baby-nestchen-mit-anti-druck-matratze-608800	2026-10-02
https://luxestyle.ch/products/baby-outfit-ohne-armel-mit-ruschenhosen-614600	2026-10-02
https://luxestyle.ch/products/baby-overall-mit-reissverschluss-637900	2026-10-02
https://luxestyle.ch/products/baby-overall-mit-ruschen-6756b6	2026-10-02
https://luxestyle.ch/products/baby-overall-weinrot-fur-jungen-885632	2026-10-02
https://luxestyle.ch/products/baby-pantinen-mit-rutschfestem-boden-603600	2026-10-02
https://luxestyle.ch/products/baby-pedals-fitness-racks-piano-toys-264320	2026-10-02
https://luxestyle.ch/products/baby-pink-kunstnagel-zum-aufkleben-709632	2026-10-02
https://luxestyle.ch/products/baby-plusch-overall-mit-kapuze-231232	2026-10-02
https://luxestyle.ch/products/baby-positionskissen-dreieck-383985	2026-10-02
https://luxestyle.ch/products/baby-princess-lederschuhe-mit-weicher-sohle-755072	2026-10-02
https://luxestyle.ch/products/baby-prinzessin-sandalen-fur-madchen-379136	2026-10-02
https://luxestyle.ch/products/baby-romper-halloween-mit-kapuze-600300	2026-10-02
https://luxestyle.ch/products/baby-romper-mit-hut-lange-armel-spitzenakzent-633500	2026-10-02
https://luxestyle.ch/products/baby-ruckenstutzkissen-candy-633000	2026-10-02
https://luxestyle.ch/products/baby-rucksack-mit-isolierfach-543552	2026-10-02
https://luxestyle.ch/products/baby-samt-schmusekissen-fur-ruhigen-schlaf-852608	2026-10-02
https://luxestyle.ch/products/baby-sandale-mit-weicher-sohle-und-klettversch-065408	2026-10-02
https://luxestyle.ch/products/baby-sandalen-fur-den-sommer-403264	2026-10-02
https://luxestyle.ch/products/baby-sandalen-fur-jungen-und-madchen-456000	2026-10-02
https://luxestyle.ch/products/baby-sandalen-fur-sommer-und-strand-793408	2026-10-02
https://luxestyle.ch/products/baby-sandalen-mit-cartoon-motiven-246080	2026-10-02
https://luxestyle.ch/products/baby-sandalen-mit-klettverschluss-499840	2026-10-02
https://luxestyle.ch/products/baby-sandalen-mit-weicher-sohle-fur-madchen-685248	2026-10-02
https://luxestyle.ch/products/baby-schlafsack-winter-pucksack-fur-neugeboren-62e6b3	2026-10-02
https://luxestyle.ch/products/baby-schmetterlingskissen-fur-neugeborenen-fot-520256	2026-10-02
https://luxestyle.ch/products/baby-schnee-boots-f63d53	2026-10-02
https://luxestyle.ch/products/baby-schneestiefel-mit-lichtern-1919d0	2026-10-02
https://luxestyle.ch/products/baby-schraglagerungskissen-605700	2026-10-02
https://luxestyle.ch/products/baby-seitenkissen-beruhigendes-bonbon-624700	2026-10-02
https://luxestyle.ch/products/baby-seitenliege-und-anti-roll-kissen-604200	2026-10-02
https://luxestyle.ch/products/baby-set-aus-baumwolle-mit-tiermotiven-621700	2026-10-02
https://luxestyle.ch/products/baby-set-aus-baumwolle-pullover-shorts-626600	2026-10-02
https://luxestyle.ch/products/baby-set-mit-blumen-kapuzenpullover-und-hose-621700	2026-10-02
https://luxestyle.ch/products/baby-set-mit-stickerei-kurzarm-body-lange-hose-616500	2026-10-02
https://luxestyle.ch/products/baby-sneaker-aus-mesh-fur-madchen-und-jungen-987904	2026-10-02
https://luxestyle.ch/products/baby-sneaker-mit-leuchtsohle-und-klettverschlu-304384	2026-10-02
https://luxestyle.ch/products/baby-soft-sole-sneakers-atmungsaktive-netzschu-129408	2026-10-02
https://luxestyle.ch/products/baby-sommer-anti-kick-sandalen-226688	2026-10-02
https://luxestyle.ch/products/baby-sommer-set-mit-oberteil-und-shorts-632700	2026-10-02
https://luxestyle.ch/products/baby-sommer-set-mit-trager-top-und-shorts-630600	2026-10-02
https://luxestyle.ch/products/baby-sommer-set-t-shirt-shorts-fur-madchen-jun-7b8c06	2026-10-02
https://luxestyle.ch/products/baby-sommer-strampler-aus-bambusfaser-624500	2026-10-02
https://luxestyle.ch/products/baby-sommersandalen-mit-weicher-sohle-483968	2026-10-02
https://luxestyle.ch/products/baby-sportschuhe-atmungsaktiv-mit-klettverschl-899264	2026-10-02
https://luxestyle.ch/products/baby-sportschuhe-korean-style-374400	2026-10-02
https://luxestyle.ch/products/baby-sportschuhe-mit-cartoon-muster-555136	2026-10-02
https://luxestyle.ch/products/baby-sportschuhe-mit-weicher-sohle-267904	2026-10-02
https://luxestyle.ch/products/baby-sportschuhe-mit-weicher-sohle-750848	2026-10-02
https://luxestyle.ch/products/baby-stillkissen-mit-neigung-605000	2026-10-02
https://luxestyle.ch/products/baby-strampler-aus-100-baumwolle-620600	2026-10-02
https://luxestyle.ch/products/baby-strampler-aus-bambusfaser-630700	2026-10-02
https://luxestyle.ch/products/baby-strampler-aus-baumwolle-armellos-621300	2026-10-02
https://luxestyle.ch/products/baby-strampler-aus-baumwolle-ceeb93	2026-10-02
https://luxestyle.ch/products/baby-strampler-aus-gekammter-baumwolle-630500	2026-10-02
https://luxestyle.ch/products/baby-strampler-langarm-611700	2026-10-02
https://luxestyle.ch/products/baby-strampler-mit-fleece-futter-612100	2026-10-02
https://luxestyle.ch/products/baby-strampler-mit-kurzen-armeln-606300	2026-10-02
https://luxestyle.ch/products/baby-strampler-mit-langen-armeln-607300	2026-10-02
https://luxestyle.ch/products/baby-strampler-mit-schmetterlingsrock-635900	2026-10-02
https://luxestyle.ch/products/baby-strampler-mit-stickerei-605500	2026-10-02
https://luxestyle.ch/products/baby-strampler-niedlicher-overall-fur-krabbelk-116352	2026-10-02
https://luxestyle.ch/products/baby-strampler-set-mit-buchstabenmuster-619700	2026-10-02
https://luxestyle.ch/products/baby-strampler-und-shorts-set-fur-jungen-608100	2026-10-02
https://luxestyle.ch/products/baby-strampler-und-shorts-set-mit-waffel-muste-628500	2026-10-02
https://luxestyle.ch/products/baby-strap-vest-hose-set-6-12-monate-612100	2026-10-02
https://luxestyle.ch/products/baby-strick-set-kurzarm-oberteil-und-shorts-613100	2026-10-02
https://luxestyle.ch/products/baby-strick-set-mit-hose-und-haarband-3-stuck-620400	2026-10-02
https://luxestyle.ch/products/baby-strickschuhe-mit-led-lichtern-624200	2026-10-02
https://luxestyle.ch/products/baby-stroller-organizer-a3097b	2026-10-02
https://luxestyle.ch/products/baby-stroller-tasche-637600	2026-10-02
https://luxestyle.ch/products/baby-swaddle-tuch-mit-hasenohr-stirnband-626100	2026-10-02
https://luxestyle.ch/products/baby-teller-set-hummer-aus-silikon-756032	2026-10-02
https://luxestyle.ch/products/baby-top-und-hosen-set-629200	2026-10-02
https://luxestyle.ch/products/baby-tragetasche-mit-sitz-6b3c92	2026-10-02
https://luxestyle.ch/products/baby-und-kinder-kork-sandalen-mit-blumen-601900	2026-10-02
https://luxestyle.ch/products/baby-und-kinder-lauflernschuhe-675584	2026-10-02
https://luxestyle.ch/products/baby-und-kinder-pyjama-set-625300	2026-10-02
https://luxestyle.ch/products/baby-und-kinder-sandalen-083712	2026-10-02
https://luxestyle.ch/products/baby-und-kinderkissen-mit-trennwand-610800	2026-10-02
https://luxestyle.ch/products/baby-und-kleinkind-set-mit-schleifenmuster-600900	2026-10-02
https://luxestyle.ch/products/baby-und-kleinkinderschuhe-mit-weicher-sohle-761408	2026-10-02
https://luxestyle.ch/products/baby-und-senioren-uberwachungskamera-vb610-179456	2026-10-02
https://luxestyle.ch/products/baby-video-monitor-43-zoll-619500	2026-10-02
https://luxestyle.ch/products/baby-waffelstrick-cardigan-set-616200	2026-10-02
https://luxestyle.ch/products/baby-waffelstrick-set-3-teilig-3-stuck-622200	2026-10-02
https://luxestyle.ch/products/baby-warme-funktionsschuhe-dbd04f	2026-10-02
https://luxestyle.ch/products/baby-western-cowboy-strampler-set-607000	2026-10-02
https://luxestyle.ch/products/baby-winterschuhe-aus-leder-658880	2026-10-02
https://luxestyle.ch/products/baby-winterstiefel-aus-baumwolle-mit-weicher-s-455488	2026-10-02
https://luxestyle.ch/products/baby-winterstiefel-aus-rindsleder-651392	2026-10-02
https://luxestyle.ch/products/baby-winterstiefel-mit-fleecefutter-634900	2026-10-02
https://luxestyle.ch/products/baby-winterstiefel-mit-weicher-sohle-567360	2026-10-02
https://luxestyle.ch/products/baby-zweiteiler-kleiner-duft-527bfb	2026-10-02
https://luxestyle.ch/products/babyausstelltablett-633600	2026-10-02
https://luxestyle.ch/products/babybett-im-uterus-design-aus-reiner-baumwolle-626500	2026-10-02
https://luxestyle.ch/products/babyblaue-halsband-tasche-876416	2026-10-02
https://luxestyle.ch/products/babyclothes-deb7ca	2026-10-02
https://luxestyle.ch/products/babyflaschen-desinfektor-96a6f0	2026-10-02
https://luxestyle.ch/products/babyflaschen-reinigungsset-aus-silikon-488768	2026-10-02
https://luxestyle.ch/products/babyflaschen-sterilisator-kompakt-usb-betriebe-7df948	2026-10-02
https://luxestyle.ch/products/babyflaschenburste-7-in-1-612100	2026-10-02
https://luxestyle.ch/products/babygeschirr-set-628000	2026-10-02
https://luxestyle.ch/products/babykissen-aus-baumwolle-einfarbig-603800	2026-10-02
https://luxestyle.ch/products/babykissen-gegen-plattkopf-neugeborene-623400	2026-10-02
https://luxestyle.ch/products/babykissen-gegen-verformungen-606500	2026-10-02
https://luxestyle.ch/products/babykissen-im-nordischen-stil-fur-die-taille-638200	2026-10-02
https://luxestyle.ch/products/babykissen-zur-kopfformkorrektur-631800	2026-10-02
https://luxestyle.ch/products/babykostum-ninja-turtles-fgss4164b	2026-10-02
https://luxestyle.ch/products/babynahrung-zerkleinerer-603100	2026-10-02
https://luxestyle.ch/products/babyphone-mit-fernzugriff-und-gegensprechfunkt-989440	2026-10-02
https://luxestyle.ch/products/babyphone-mit-hd-kamera-und-app-zugriff-616000	2026-10-02
https://luxestyle.ch/products/babys-decke-aus-acryl-unisex-631400	2026-10-02
https://luxestyle.ch/products/babyschlappen-mit-stickbarchen-weiche-sohle-ru-837696	2026-10-02
https://luxestyle.ch/products/babyschnulltuch-617800	2026-10-02
https://luxestyle.ch/products/babyschuhe-mit-weichem-sohlen-608600	2026-10-02
https://luxestyle.ch/products/babyschuhe-mit-weicher-sohle-haube-als-fotopro-622200	2026-10-02
https://luxestyle.ch/products/babysitz-toilettenstuhl-3e78df	2026-10-02
https://luxestyle.ch/products/babysnowstiefel-828672	2026-10-02
https://luxestyle.ch/products/babytrage-mit-huftsitz-933caa	2026-10-02
https://luxestyle.ch/products/babytrage-mit-huftsitz-verschiedene-farben-633900	2026-10-02
https://luxestyle.ch/products/babywaage-mit-digitalanzeige-270848	2026-10-02
https://luxestyle.ch/products/babyweiche-sohlenschuhe-unisex-534df3	2026-10-02
https://luxestyle.ch/products/back-dekorations-set-fur-torten-e5bd60	2026-10-02
https://luxestyle.ch/products/backform-set-aus-silikon-377856	2026-10-02
https://luxestyle.ch/products/backformen-set-mit-verstellbarem-boden-100-tei-811328	2026-10-02
https://luxestyle.ch/products/backrad-und-nadelroller-aus-edelstahl-605200	2026-10-02
https://luxestyle.ch/products/backset-aus-silikon-14-teilig-631552	2026-10-02
https://luxestyle.ch/products/backset-mit-spritztullen-und-tortenwerkzeugen-934848	2026-10-02
https://luxestyle.ch/products/backutensilien-set-fur-hohe-temperaturen-173248	2026-10-02
https://luxestyle.ch/products/bacon-druckplatte-fur-die-grillparty-335104	2026-10-02
https://luxestyle.ch/products/bad-armatur-messing-wasserhahn-883777	2026-10-02
https://luxestyle.ch/products/bad-taste-traineranzug-fgss9887	2026-10-02
https://luxestyle.ch/products/bade-shorts-mit-kordelzug-und-lochmuster-965505	2026-10-02
https://luxestyle.ch/products/badeanzug-rot-weiss-fgssor817	2026-10-02
https://luxestyle.ch/products/badeanzug-set-243841	2026-10-02
https://luxestyle.ch/products/badeanzug-set-fur-damen-875713	2026-10-02
https://luxestyle.ch/products/badebombe-mit-badesalz-ocean-spa-in-geschenkbo-ftac3559192	2026-10-02
https://luxestyle.ch/products/badeburste-mit-langem-bambusgriff-604700	2026-10-02
https://luxestyle.ch/products/badebursten-set-637300	2026-10-02
https://luxestyle.ch/products/badehandtuch-fur-baby-mit-kapuze-603500	2026-10-02
https://luxestyle.ch/products/badehandtuch-fur-zuhause-634000	2026-10-02
https://luxestyle.ch/products/badehilfe-fur-babys-und-kleinkinder-626300	2026-10-02
https://luxestyle.ch/products/badehut-mit-sonnenschutz-607300	2026-10-02
https://luxestyle.ch/products/badekissen-mit-6-saugnapfen-und-3d-netz-94bf6b	2026-10-02
https://luxestyle.ch/products/badematte-aus-akazienholz-536769	2026-10-02
https://luxestyle.ch/products/badeset-dino-duft-apfel-fgaac6057117	2026-10-02
https://luxestyle.ch/products/badeset-in-werkzeugtasche-fgaac6054603	2026-10-02
https://luxestyle.ch/products/badeset-little-princess-fgaac6055139	2026-10-02
https://luxestyle.ch/products/badeset-ocean-spa-duschgel-100-ml-badefizzer-5-ftac6059193	2026-10-02
https://luxestyle.ch/products/badeset-romantic-dreams-fgaac6056543	2026-10-02
https://luxestyle.ch/products/badeset-showergel-110ml-body-ftac6055893	2026-10-02
https://luxestyle.ch/products/badespielzeug-fur-babys-075136	2026-10-02
https://luxestyle.ch/products/badetuch-mit-integriertem-rucksack-605200	2026-10-02
https://luxestyle.ch/products/badetuch-set-mit-logodruck-603500	2026-10-02
https://luxestyle.ch/products/badewannen-haustierbett-fur-tiefschlaf-326208	2026-10-02
https://luxestyle.ch/products/badewannenauflage-fgaou713110	2026-10-02
https://luxestyle.ch/products/badezimmer-aufbewahrung-mit-haken-627300	2026-10-02
https://luxestyle.ch/products/badezimmer-bodenmatte-aus-tpe-624300	2026-10-02
https://luxestyle.ch/products/badezimmer-bodenmatte-rutschfest-627600	2026-10-02
https://luxestyle.ch/products/badezimmer-eingangsteppich-mit-farbverlauf-622200	2026-10-02
https://luxestyle.ch/products/badezimmer-fussmatte-623300	2026-10-02
https://luxestyle.ch/products/badezimmer-mat-606800	2026-10-02
https://luxestyle.ch/products/badezimmer-matte-619600	2026-10-02
https://luxestyle.ch/products/badezimmer-non-slip-matte-284800	2026-10-02
https://luxestyle.ch/products/badezimmer-rollregal-2-ablagen-625700	2026-10-02
https://luxestyle.ch/products/badezimmer-rollstander-holz-3-lagig-620800	2026-10-02
https://luxestyle.ch/products/badezimmer-set-613800	2026-10-02
https://luxestyle.ch/products/badezimmer-teppich-mit-memory-schaum-8d05c0	2026-10-02
https://luxestyle.ch/products/badezimmer-vorhang-620000	2026-10-02
https://luxestyle.ch/products/badezimmerhahn-600900	2026-10-02
https://luxestyle.ch/products/badezimmermatte-aus-kieselgur-rutschfest-615700	2026-10-02
https://luxestyle.ch/products/badezimmerregal-628600	2026-10-02
https://luxestyle.ch/products/badezimmerregal-mit-toilettenpapierhalter-ohne-625600	2026-10-02
https://luxestyle.ch/products/badezimmerreinigungspads-724866	2026-10-02
https://luxestyle.ch/products/badezimmerschlauchhalter-649664	2026-10-02
https://luxestyle.ch/products/badezimmertresen-602000	2026-10-02
https://luxestyle.ch/products/badminton-humidifier-gable-cycle-protection-4fadb9	2026-10-02
https://luxestyle.ch/products/badminton-trainingsanzug-607300	2026-10-02
https://luxestyle.ch/products/badregal-aus-edelstahl-628300	2026-10-02
https://luxestyle.ch/products/badregal-fur-kosmetik-613100	2026-10-02
https://luxestyle.ch/products/badregal-rattan-optik-2-stufig-verschiebbar-629800	2026-10-02
https://luxestyle.ch/products/bagger-cartoon-kapuzenpullover-fur-jungen-610400	2026-10-02
https://luxestyle.ch/products/bagger-sweatshirt-fur-jungen-617300	2026-10-02
https://luxestyle.ch/products/baggy-freizeitjacke-fur-herren-617300	2026-10-02
https://luxestyle.ch/products/baggy-t-shirt-mit-rundhals-und-distressed-look-626900	2026-10-02
https://luxestyle.ch/products/baikeniduo-memory-schaum-knie-und-beinruhekiss-084a1d	2026-10-02
https://luxestyle.ch/products/balance-board-aus-kunststoff-fur-kinder-773120	2026-10-02
https://luxestyle.ch/products/balance-board-kindergarten-schnecke-630080	2026-10-02
https://luxestyle.ch/products/balanciere-helm-fur-radfahren-301939	2026-10-02
https://luxestyle.ch/products/balancierendes-energie-armband-obsidian-aquama-608200	2026-10-02
https://luxestyle.ch/products/balken-glitzer-nagelstickers-mit-schmetterling-608200	2026-10-02
https://luxestyle.ch/products/ball-fur-das-rennen-068992	2026-10-02
https://luxestyle.ch/products/ball-spinner-139008	2026-10-02
https://luxestyle.ch/products/balle-handpflaster-625900	2026-10-02
https://luxestyle.ch/products/ballentransportanhanger-mit-8-rundballen-fga02220	2026-10-02
https://luxestyle.ch/products/ballenwickler-mit-ockerbraunem-und-schwarz-fga02122	2026-10-02
https://luxestyle.ch/products/ballet-dream-fuss-und-zehentrainer-927104	2026-10-02
https://luxestyle.ch/products/ballet-flats-mary-jane-wildleder-555137	2026-10-02
https://luxestyle.ch/products/ballet-style-halskette-624800	2026-10-02
https://luxestyle.ch/products/ballett-inspirierter-minirock-635500	2026-10-02
https://luxestyle.ch/products/ballett-nagel-einfarbig-matt-oder-glanzend-526592	2026-10-02
https://luxestyle.ch/products/ballett-sandalen-boots-mit-gurtelverschluss-un-530049	2026-10-02
https://luxestyle.ch/products/ballett-tragerkleid-im-western-stil-620600	2026-10-02
https://luxestyle.ch/products/ballettschuhe-aus-leder-622800	2026-10-02
https://luxestyle.ch/products/ballettschuhe-aus-vollleder-611500	2026-10-02
https://luxestyle.ch/products/ballistic-nylon-laptop-rucksack-168256	2026-10-02
https://luxestyle.ch/products/ballon-kissen-fur-prinzessinnen-zimmer-554368	2026-10-02
https://luxestyle.ch/products/ballon-set-englische-alphabet-buchstaben-470016	2026-10-02
https://luxestyle.ch/products/ballongewicht-plusch-eisbar-mit-schlaufe-2-fga41798	2026-10-02
https://luxestyle.ch/products/ballongirlande-in-rose-gold-fga17725	2026-10-02
https://luxestyle.ch/products/ballonstab-aus-acryl-fur-dekorationen-620600	2026-10-02
https://luxestyle.ch/products/ballonverschluss-mit-band-fga53452	2026-10-02
https://luxestyle.ch/products/bambus-abflusskorb-475520	2026-10-02
https://luxestyle.ch/products/bambus-armband-618900	2026-10-02
https://luxestyle.ch/products/bambus-aroma-diffuser-39ab15	2026-10-02
https://luxestyle.ch/products/bambus-aufbewahrungssystem-modular	2026-10-02
https://luxestyle.ch/products/bambus-badregal-fur-badewanne-613700	2026-10-02
https://luxestyle.ch/products/bambus-baumwoll-pyjama-fur-eltern-kind-629000	2026-10-02
https://luxestyle.ch/products/bambus-besteckorganizer-schubladen-ordnung-nachhaltig	2026-10-02
https://luxestyle.ch/products/bambus-bluestone-omelettpfanne-846208	2026-10-02
https://luxestyle.ch/products/bambus-cashmere-v-ausschnitt-kurzarm-t-shirt-603700	2026-10-02
https://luxestyle.ch/products/bambus-facher-606600	2026-10-02
https://luxestyle.ch/products/bambus-fruchte-platte-614700	2026-10-02
https://luxestyle.ch/products/bambus-futternapf-fur-katzen-d6f285	2026-10-02
https://luxestyle.ch/products/bambus-geschirrstander-fur-die-kuche-780563	2026-10-02
https://luxestyle.ch/products/bambus-grillspiessli-800-stuck-624100	2026-10-02
https://luxestyle.ch/products/bambus-handtuch-616000	2026-10-02
https://luxestyle.ch/products/bambus-hemden-611600	2026-10-02
https://luxestyle.ch/products/bambus-holz-uhr-mit-digitalem-goldzifferblatt-816704	2026-10-02
https://luxestyle.ch/products/bambus-kasebrett-mit-gabel-set-923776	2026-10-02
https://luxestyle.ch/products/bambus-kissen-262976	2026-10-02
https://luxestyle.ch/products/bambus-kosmetik-organizer-premium	2026-10-02
https://luxestyle.ch/products/bambus-kuhlkissen-846400	2026-10-02
https://luxestyle.ch/products/bambus-muster-hemd-fur-herren-613200	2026-10-02
https://luxestyle.ch/products/bambus-raucherstabchenhalter-allegro-605900	2026-10-02
https://luxestyle.ch/products/bambus-schale-cloud-068160	2026-10-02
https://luxestyle.ch/products/bambus-schneidebrett-doppelseitig-multifunktio-409024	2026-10-02
https://luxestyle.ch/products/bambus-schneidebrett-mit-auffangschalen-e2d86a	2026-10-02
https://luxestyle.ch/products/bambus-schneidebrett-mit-deckel-quadratisch-659968	2026-10-02
https://luxestyle.ch/products/bambus-schneidebrett-set-mit-saftrinne-173696	2026-10-02
https://luxestyle.ch/products/bambus-schnursenkelschleuder-603800	2026-10-02
https://luxestyle.ch/products/bambus-schubladen-organizer-fur-kuchenutensili-225024	2026-10-02
https://luxestyle.ch/products/bambus-shirt-614000	2026-10-02
https://luxestyle.ch/products/bambus-stil-keramikschale-in-regenhut-form-603800	2026-10-02
https://luxestyle.ch/products/bambus-strickhemd-639100	2026-10-02
https://luxestyle.ch/products/bambus-strickjacke-wasserabweisend-ol-fleckenr-601200	2026-10-02
https://luxestyle.ch/products/bambus-viskose-stehkragen-shirt-fur-damen-608400	2026-10-02
https://luxestyle.ch/products/bambus-waschekorb-mit-deckel-und-doppelfachern-620800	2026-10-02
https://luxestyle.ch/products/bambus-windspiel-ornamente-c5eb84	2026-10-02
https://luxestyle.ch/products/bambusband-mit-schmetterlingsverschluss-418176	2026-10-02
https://luxestyle.ch/products/bambusblatter-throw-pillow-in-grun-612900	2026-10-02
https://luxestyle.ch/products/bambusfaser-bettwasche-607300	2026-10-02
https://luxestyle.ch/products/bambusfaser-kissenbezuge-2er-set-607000	2026-10-02
https://luxestyle.ch/products/bambusfaser-stretch-businesshemd-fur-herren-656400	2026-10-02
https://luxestyle.ch/products/bambusschopfer-mit-griff-620500	2026-10-02
https://luxestyle.ch/products/banana-geschirr-mit-leine-fur-nager-075136	2026-10-02
https://luxestyle.ch/products/banana-puder-make-up-622400	2026-10-02
https://luxestyle.ch/products/bananenkostum-fgss4248	2026-10-02
https://luxestyle.ch/products/bandeau-minikleid-mit-off-shoulder-schnitt-612300	2026-10-02
https://luxestyle.ch/products/bandeau-top-mit-taillenschnurung-618700	2026-10-02
https://luxestyle.ch/products/bandeau-top-uni-damen-schulterfrei-elastisch-sommer-2026	2026-10-02
https://luxestyle.ch/products/bandercollar-fur-katzen-und-hunde-168448	2026-10-02
https://luxestyle.ch/products/bange-brust-und-schultertasche-korean-style-239168	2026-10-02
https://luxestyle.ch/products/bange-brusttasche-grosses-hauptfach-764864	2026-10-02
https://luxestyle.ch/products/bange-business-rucksack-574592	2026-10-02
https://luxestyle.ch/products/bange-business-rucksack-fur-herren-062144	2026-10-02
https://luxestyle.ch/products/bange-business-rucksack-wasserdicht-335872	2026-10-02
https://luxestyle.ch/products/bange-laptop-rucksack-fur-studium-freizeit-911296	2026-10-02
https://luxestyle.ch/products/bange-lederrucksack-business-fashion-603008	2026-10-02
https://luxestyle.ch/products/bange-umhangetasche-fur-herren-163200	2026-10-02
https://luxestyle.ch/products/banjian-geschirrset-purple-ink-761920	2026-10-02
https://luxestyle.ch/products/baoge-bettruckenkissen-diverse-sujet-066368	2026-10-02
https://luxestyle.ch/products/baorun-i1-profi-haarschneidemaschine-859b7d	2026-10-02
https://luxestyle.ch/products/baotou-chunky-sohle-sandalen-damen-624900	2026-10-02
https://luxestyle.ch/products/baotou-dew-heel-sandalen-mit-strass-schnalle-609200	2026-10-02
https://luxestyle.ch/products/baotou-halbslipper-mit-strass-und-blumen-907840	2026-10-02
https://luxestyle.ch/products/baotou-kinder-funktionsschuhe-rutschfest-21e7b2	2026-10-02
https://luxestyle.ch/products/baotou-platform-lazy-shoes-ohne-fersen-120256	2026-10-02
https://luxestyle.ch/products/baotou-riemchensandalen-mit-eckiger-spitze-600100	2026-10-02
https://luxestyle.ch/products/baotou-sandalen-fur-herren-mit-chunky-sohle-615100	2026-10-02
https://luxestyle.ch/products/baotou-sandalen-fur-jungen-mit-weicher-sohle-305536	2026-10-02
https://luxestyle.ch/products/baotou-sandalen-mit-chunky-heel-609600	2026-10-02
https://luxestyle.ch/products/bar-im-neon-licht-aee578	2026-10-02
https://luxestyle.ch/products/baramine-french-style-nagelsticker-602900	2026-10-02
https://luxestyle.ch/products/barba-duck-kinder-board-schuhe-146240	2026-10-02
https://luxestyle.ch/products/barbell-nacken-und-schulterpolster-360512	2026-10-02
https://luxestyle.ch/products/barbell-push-up-halterung-246400	2026-10-02
https://luxestyle.ch/products/barcelona-kuhlschrankmagnet-601000	2026-10-02
https://luxestyle.ch/products/barchen-lauflernschuh-aus-strick-314624	2026-10-02
https://luxestyle.ch/products/barchen-massagegerat-605100	2026-10-02
https://luxestyle.ch/products/barchen-schleifen-press-on-nagel-lang-412353	2026-10-02
https://luxestyle.ch/products/baren-kopfkissen-aus-baumwolle-284800	2026-10-02
https://luxestyle.ch/products/baren-kreuzstich-set-2d024d	2026-10-02
https://luxestyle.ch/products/barendecke-aus-musselin-fur-kinder-848832	2026-10-02
https://luxestyle.ch/products/barfuss-flyknit-sneaker-fur-herren-626000	2026-10-02
https://luxestyle.ch/products/barfussschuhe-fur-herren-mit-breiter-zehenbox-608600	2026-10-02
https://luxestyle.ch/products/barfussschuhe-fur-paare-mit-breiter-zehenbox-632300	2026-10-02
https://luxestyle.ch/products/barfussschuhe-mit-breiter-zehenbox-603500	2026-10-02
https://luxestyle.ch/products/barfussschuhe-zero-compression-casual-624800	2026-10-02
https://luxestyle.ch/products/barli-schleife-press-on-nagel-058113	2026-10-02
https://luxestyle.ch/products/barlow-pearl-nagelstuck-605800	2026-10-02
https://luxestyle.ch/products/barock-armband-624800	2026-10-02
https://luxestyle.ch/products/barock-chiffonkleid-mit-blumenmuster-624200	2026-10-02
https://luxestyle.ch/products/barock-perlen-fur-schmuck-602700	2026-10-02
https://luxestyle.ch/products/barock-perlenarmband-edelstahl-18k-vergoldet-617800	2026-10-02
https://luxestyle.ch/products/barock-susswasserperlen-armband-fur-damen-634400	2026-10-02
https://luxestyle.ch/products/barocke-beauty-kamee-nagelsticker-793984	2026-10-02
https://luxestyle.ch/products/barocke-fake-nails-mit-glitzersteinen-622900	2026-10-02
https://luxestyle.ch/products/barocke-kristall-tiara-fur-hochzeiten-630700	2026-10-02
https://luxestyle.ch/products/barocke-perlen-nagel-zum-aufkleben-616300	2026-10-02
https://luxestyle.ch/products/barocke-schildpatt-nagelsticker-956992	2026-10-02
https://luxestyle.ch/products/barocke-schmetterlings-manikure-zum-aufkleben-772992	2026-10-02
https://luxestyle.ch/products/barocke-susswasserperlen-halskette-aus-titanst-707712	2026-10-02
https://luxestyle.ch/products/barocker-haarband-trend-887808	2026-10-02
https://luxestyle.ch/products/barockes-strass-stirnband-mit-schleife-und-per-762112	2026-10-02
https://luxestyle.ch/products/barockperlen-armband-mit-paperclip-kette-636800	2026-10-02
https://luxestyle.ch/products/barockperlen-ohrhanger-set-2621f7	2026-10-02
https://luxestyle.ch/products/barockperlenring-621100	2026-10-02
https://luxestyle.ch/products/baroque-hochzeitskrone-mit-rosensteinen-prinze-496960	2026-10-02
https://luxestyle.ch/products/barrel-make-up-pinselset-9-teilig-1acff5	2026-10-02
https://luxestyle.ch/products/bart-und-augenbrauenfarbe-schwarz-727681	2026-10-02
https://luxestyle.ch/products/bart-und-haarstyling-kamm-mit-lockenfunktion-992896	2026-10-02
https://luxestyle.ch/products/bart-und-schnauz-urmensch-fga90812	2026-10-02
https://luxestyle.ch/products/bartglatter-mit-keramikbeschichtung-ab599b	2026-10-02
https://luxestyle.ch/products/bartglatter-mit-turmalin-keramik-19f136	2026-10-02
https://luxestyle.ch/products/bartpflege-3-teiliges-set-fur-manner-3-stuck-607700	2026-10-02
https://luxestyle.ch/products/bartpflege-ol-472090	2026-10-02
https://luxestyle.ch/products/bartpflege-set-600400	2026-10-02
https://luxestyle.ch/products/bartpflege-set-fur-den-mann-719296	2026-10-02
https://luxestyle.ch/products/bartpflege-set-mit-mikro-nadel-roller-d5add9	2026-10-02
https://luxestyle.ch/products/bartpflege-set-mit-wachs-ol-und-burste-b976ed	2026-10-02
https://luxestyle.ch/products/baseball-bomberjacke-mit-drachen-und-tigerstic-614700	2026-10-02
https://luxestyle.ch/products/baseball-cap-classic-rot-baumwolle	2026-10-02
https://luxestyle.ch/products/baseball-cap-eva-aufbewahrungstasche-257664	2026-10-02
https://luxestyle.ch/products/baseball-cap-fgapc41947	2026-10-02
https://luxestyle.ch/products/baseball-cap-fur-damen-und-herren-677826	2026-10-02
https://luxestyle.ch/products/baseball-cap-fur-pferdeliebhaber-683266	2026-10-02
https://luxestyle.ch/products/baseball-cap-im-retro-graffiti-look-017026	2026-10-02
https://luxestyle.ch/products/baseball-cap-l-a-hellblau	2026-10-02
https://luxestyle.ch/products/baseball-cap-mama-mintgrun	2026-10-02
https://luxestyle.ch/products/baseball-cap-mit-kreuz-und-us-flagge-574849	2026-10-02
https://luxestyle.ch/products/baseball-cap-mit-sonnenschutz-fur-kinder-und-d-638800	2026-10-02
https://luxestyle.ch/products/baseball-cap-mit-spitze-schmetterling-041793	2026-10-02
https://luxestyle.ch/products/baseball-cap-mit-stern-stickerei-241090	2026-10-02
https://luxestyle.ch/products/baseball-cap-mit-stickerei-und-distressed-look-979137	2026-10-02
https://luxestyle.ch/products/baseball-cap-navy-washed-cotton	2026-10-02
https://luxestyle.ch/products/baseball-cap-paris-schwarz-stickerei	2026-10-02
https://luxestyle.ch/products/baseball-cap-sonnenschutz-mit-stil-376641	2026-10-02
https://luxestyle.ch/products/baseball-cap-washed-vintage-damen	2026-10-02
https://luxestyle.ch/products/baseball-cap-weiss-bride-fgabo01426	2026-10-02
https://luxestyle.ch/products/baseball-cap-wellness-rot-stickerei	2026-10-02
https://luxestyle.ch/products/baseball-low-cut-leder-sneaker-fur-herren-618500	2026-10-02
https://luxestyle.ch/products/baseball-rucksack-gross-leicht-und-robust-748736	2026-10-02
https://luxestyle.ch/products/baseball-und-softball-bucket-tasche-mit-schlag-631000	2026-10-02
https://luxestyle.ch/products/baseball-wurfmaschine-fur-kinder-394560	2026-10-02
https://luxestyle.ch/products/baseballcap-80er-jahre-fga910671	2026-10-02
https://luxestyle.ch/products/baseballcap-holo-gold-fgabo04298	2026-10-02
https://luxestyle.ch/products/baseballcap-holo-silver-fgabo04297	2026-10-02
https://luxestyle.ch/products/baseballcaps-portugal-fga66305	2026-10-02
https://luxestyle.ch/products/baseballjacke-mit-bestickung-601600	2026-10-02
https://luxestyle.ch/products/baseballjacke-mit-drachen-stickerei-634700	2026-10-02
https://luxestyle.ch/products/baseballjacke-mit-fuchs-stickerei-616800	2026-10-02
https://luxestyle.ch/products/baseballjacke-mit-lowen-stickerei-622500	2026-10-02
https://luxestyle.ch/products/baseballjacke-mit-stehkragen-fur-herren-631000	2026-10-02
https://luxestyle.ch/products/baseballjacke-mit-tiger-stickerei-610500	2026-10-02
https://luxestyle.ch/products/baseballjacke-mit-tiger-und-phonix-stickerei-613400	2026-10-02
https://luxestyle.ch/products/baseballschlager-fgabo72110	2026-10-02
https://luxestyle.ch/products/baseballschlager-requisite-aus-pu-schaum-766208	2026-10-02
https://luxestyle.ch/products/basecap-80er-jahre-fga982901	2026-10-02
https://luxestyle.ch/products/baseus-gan-schnellladeadapter-fur-europa-491904	2026-10-02
https://luxestyle.ch/products/baseus-huawei-minimalist-wireless-charger-08552b	2026-10-02
https://luxestyle.ch/products/baseus-metal-shimmer-type-c-6-in-1-docking-sta-582208	2026-10-02
https://luxestyle.ch/products/baseus-swan-3-in-1-wireless-ladestation-693568	2026-10-02
https://luxestyle.ch/products/basilikum-pflegemask-622300	2026-10-02
https://luxestyle.ch/products/baskenmutze-im-leo-look-mit-nieten-und-gurtel-870209	2026-10-02
https://luxestyle.ch/products/baskenmutze-riviera-denim-mit-farbstreifen-unisex	2026-10-02
https://luxestyle.ch/products/basketball-cowhide-texture-grosse-7-314432	2026-10-02
https://luxestyle.ch/products/basketball-korb-ruckfuhrung-outdoor-trainingsh-617400	2026-10-02
https://luxestyle.ch/products/basketball-organizer-fur-balle-249537	2026-10-02
https://luxestyle.ch/products/basketball-sneakers-mit-drehverschluss-779520	2026-10-02
https://luxestyle.ch/products/basketball-strampler-und-lange-hose-3-teilig-3-635300	2026-10-02
https://luxestyle.ch/products/basketballkorb-mit-netz-45-cm-539201	2026-10-02
https://luxestyle.ch/products/basketballschuhe-fur-sommer-und-herbst-638200	2026-10-02
https://luxestyle.ch/products/basketballschuhe-mit-dampfung-und-rebound-613500	2026-10-02
https://luxestyle.ch/products/basquiat-graffiti-kissenbezug-aus-baumwolllein-70fa93	2026-10-02
https://luxestyle.ch/products/bass-drum-pedal-mit-filzschlegel-042625	2026-10-02
https://luxestyle.ch/products/batik-yogamatte-aus-naturkautschuk-957056	2026-10-02
https://luxestyle.ch/products/batterie-adapter-62b3af	2026-10-02
https://luxestyle.ch/products/batterie-aufbewahrungsbox-828864	2026-10-02
https://luxestyle.ch/products/batterie-aufbewahrungsbox-aus-kunststoff-602400	2026-10-02
https://luxestyle.ch/products/batterie-polklemmen-aus-messing-schnellverschl-338240	2026-10-02
https://luxestyle.ch/products/batterie-schalter-9b3270	2026-10-02
https://luxestyle.ch/products/batterieladegerat-fur-auto-und-motorrad-612300	2026-10-02
https://luxestyle.ch/products/batterieladegerat-und-reparaturgerat-furs-auto-606800	2026-10-02
https://luxestyle.ch/products/batterietester-mit-lagerbox-kapazitatsprufer-624100	2026-10-02
https://luxestyle.ch/products/battle-drum-kabelloser-bluetooth-lautsprecher-605400	2026-10-02
https://luxestyle.ch/products/bauarbeiterhelm-fga92816	2026-10-02
https://luxestyle.ch/products/bauch-massager-631600	2026-10-02
https://luxestyle.ch/products/bauch-training-hula-hoop-622300	2026-10-02
https://luxestyle.ch/products/bauch-und-brustschutz-fur-boxtraining-795520	2026-10-02
https://luxestyle.ch/products/bauch-und-busen-shaper-294336	2026-10-02
https://luxestyle.ch/products/bauch-und-taille-formschneider-0ae604	2026-10-02
https://luxestyle.ch/products/bauchbetonendes-top-616700	2026-10-02
https://luxestyle.ch/products/bauchformer-mit-doppelter-kompression-602500	2026-10-02
https://luxestyle.ch/products/bauchfreundliches-langarmshirt-mit-ruschen-635000	2026-10-02
https://luxestyle.ch/products/bauchgurt-fitness-bandage-737408	2026-10-02
https://luxestyle.ch/products/bauchgurt-fur-krafttraining-600800	2026-10-02
https://luxestyle.ch/products/bauchgurt-mit-griff-fur-beintraining-619400	2026-10-02
https://luxestyle.ch/products/bauchkissen-feels-offended-sofakissen-602400	2026-10-02
https://luxestyle.ch/products/bauchkissen-mit-streifenmuster-918a86	2026-10-02
https://luxestyle.ch/products/bauchkontroll-shapewear-fur-yoga-radsport-600400	2026-10-02
https://luxestyle.ch/products/bauchkontrollierender-huftlift-jumpsuit-628100	2026-10-02
https://luxestyle.ch/products/bauchmuskel-stimulationsgurtel-684224	2026-10-02
https://luxestyle.ch/products/bauchmuskel-trainingsgerat-322432	2026-10-02
https://luxestyle.ch/products/bauchmuskel-trainingsrad-mit-zubehor-661184	2026-10-02
https://luxestyle.ch/products/bauchmuskelrad-mit-automatischem-rebound-611200	2026-10-02
https://luxestyle.ch/products/bauchmuskelrad-mit-handyhalterung-959296	2026-10-02
https://luxestyle.ch/products/bauchmuskelrad-mit-ruckholseil-4-rollen-532032	2026-10-02
https://luxestyle.ch/products/bauchrock-mit-strickmuster-und-knopfleiste-627100	2026-10-02
https://luxestyle.ch/products/bauchroller-mit-automatik-rebound-yoga-matte-132608	2026-10-02
https://luxestyle.ch/products/bauchroller-mit-automatischem-ruckzug-603000	2026-10-02
https://luxestyle.ch/products/bauchroller-mit-ellenbogenstutze-273536	2026-10-02
https://luxestyle.ch/products/bauchstutzband-fur-intensives-schwitzen-612200	2026-10-02
https://luxestyle.ch/products/bauchstutzgurtel-fur-schwangere-627600	2026-10-02
https://luxestyle.ch/products/bauchtasche-aus-rindsleder-491200	2026-10-02
https://luxestyle.ch/products/bauchtrainer-fur-frauen-632500	2026-10-02
https://luxestyle.ch/products/bauchtrainer-mit-4-radern-und-ellenbogenstutze-119744	2026-10-02
https://luxestyle.ch/products/bauchtrainer-mit-automatischem-ruckzug-629900	2026-10-02
https://luxestyle.ch/products/bauchtrainer-mit-digitalanzeige-ruckprall-639300	2026-10-02
https://luxestyle.ch/products/bauchtrainer-mit-doppelrad-und-zugseil-293056	2026-10-02
https://luxestyle.ch/products/bauchtrainer-mit-ellenbogenstutze-618200	2026-10-02
https://luxestyle.ch/products/bauchtrainer-mit-smartem-zahlsystem-627700	2026-10-02
https://luxestyle.ch/products/bauchtrainer-rad-mit-automatischem-rebound-967744	2026-10-02
https://luxestyle.ch/products/bauchtrainer-rad-mit-rutschfester-fitnessmatte-160256	2026-10-02
https://luxestyle.ch/products/bauchtrainer-set-fur-zuhause-215168	2026-10-02
https://luxestyle.ch/products/bauchwarmegurt-mit-mikrostrom-rotlicht-621800	2026-10-02
https://luxestyle.ch/products/bauchwarmer-mit-massage-605200	2026-10-02
https://luxestyle.ch/products/bauchwickel-fur-die-ruckbildung-636800	2026-10-02
https://luxestyle.ch/products/baufahrzeug-bausteine-4-modelle-611600	2026-10-02
https://luxestyle.ch/products/bauhaus-art-kissenhulle-836672	2026-10-02
https://luxestyle.ch/products/baukasten-fur-kinder-kleine-partikel-619500	2026-10-02
https://luxestyle.ch/products/baukasten-fur-kleine-partikel-899456	2026-10-02
https://luxestyle.ch/products/baukasten-us-muscle-car-621200	2026-10-02
https://luxestyle.ch/products/bauklotze-622200	2026-10-02
https://luxestyle.ch/products/bauklotze-tierfarm-szene-zubehor-set-609200	2026-10-02
https://luxestyle.ch/products/bauklotzspielzeug-bluhende-pflanze-aus-kunstst-175424	2026-10-02
https://luxestyle.ch/products/baum-des-lebens-anhanger-stein-kristall-saule-562496	2026-10-02
https://luxestyle.ch/products/baum-hangematte-fur-freizeit-627000	2026-10-02
https://luxestyle.ch/products/baum-luftbefeuchter-285506	2026-10-02
https://luxestyle.ch/products/baum-wandbehang-664768	2026-10-02
https://luxestyle.ch/products/baumwoll-badetuch-mit-stickerei-geschenkbox-369920	2026-10-02
https://luxestyle.ch/products/baumwoll-camisole-608000	2026-10-02
https://luxestyle.ch/products/baumwoll-gesichtstuch-610000	2026-10-02
https://luxestyle.ch/products/baumwoll-handtuch-schnell-trocknend-609200	2026-10-02
https://luxestyle.ch/products/baumwoll-handtuch-set-cff216	2026-10-02
https://luxestyle.ch/products/baumwoll-indoor-schuhe-fur-kleinkinder-mit-ant-616800	2026-10-02
https://luxestyle.ch/products/baumwoll-kissenbezug-a4ee72	2026-10-02
https://luxestyle.ch/products/baumwoll-kissenbezug-getuftet-und-bestickt-159552	2026-10-02
https://luxestyle.ch/products/baumwoll-kissenbezug-im-koreanischen-stil-4d7551	2026-10-02
https://luxestyle.ch/products/baumwoll-kissenbezug-mit-quasten-handgewoben-7cf57f	2026-10-02
https://luxestyle.ch/products/baumwoll-kissenbezug-mit-spitze-608200	2026-10-02
https://luxestyle.ch/products/baumwoll-kleid-mit-taillengurt-600800	2026-10-02
https://luxestyle.ch/products/baumwoll-langarm-hemdjacke-636900	2026-10-02
https://luxestyle.ch/products/baumwoll-langarmshirt-doppelseitig-617600	2026-10-02
https://luxestyle.ch/products/baumwoll-leinen-aufbewahrungsbox-mit-sichtfens-624100	2026-10-02
https://luxestyle.ch/products/baumwoll-leinen-bluse-mit-knopf-design-613800	2026-10-02
https://luxestyle.ch/products/baumwoll-leinen-businesshemd-mit-zweifarben-we-607200	2026-10-02
https://luxestyle.ch/products/baumwoll-leinen-casual-kleid-mit-schleife-636800	2026-10-02
https://luxestyle.ch/products/baumwoll-leinen-gestreifter-jacquard-schal-637700	2026-10-02
https://luxestyle.ch/products/baumwoll-leinen-hemd-mit-stehkragen-630500	2026-10-02
https://luxestyle.ch/products/baumwoll-leinen-kissen-lendenkissen-463424	2026-10-02
https://luxestyle.ch/products/baumwoll-leinen-kissenbezug-fur-ihr-wohnzimmer-479104	2026-10-02
https://luxestyle.ch/products/baumwoll-leinen-kissenhulle-beige-gelb-608300	2026-10-02
https://luxestyle.ch/products/baumwoll-leinen-top-mit-rundhals-und-3-4-armel-608800	2026-10-02
https://luxestyle.ch/products/baumwoll-leinen-v-ausschnitt-kleid-611900	2026-10-02
https://luxestyle.ch/products/baumwoll-leinen-vorhang-mit-entenmotiv-671488	2026-10-02
https://luxestyle.ch/products/baumwoll-leinen-weste-im-retro-stil-636700	2026-10-02
https://luxestyle.ch/products/baumwoll-linon-kleid-mit-langen-armeln-603500	2026-10-02
https://luxestyle.ch/products/baumwoll-pullover-mit-batik-technik-602200	2026-10-02
https://luxestyle.ch/products/baumwoll-seil-tapete-mit-troddel-808448	2026-10-02
https://luxestyle.ch/products/baumwoll-set-fur-jungen-fruhling-herbst-e698d2	2026-10-02
https://luxestyle.ch/products/baumwoll-sofakissen-mit-streifen-und-spitze-899456	2026-10-02
https://luxestyle.ch/products/baumwoll-sommerkleid-610200	2026-10-02
https://luxestyle.ch/products/baumwoll-spitze-bettwasche-set-mit-gartenblume-896128	2026-10-02
https://luxestyle.ch/products/baumwoll-stoff-fur-kleider-heimtextilien-144320	2026-10-02
https://luxestyle.ch/products/baumwoll-strick-kissenbezug-c206b2	2026-10-02
https://luxestyle.ch/products/baumwoll-sweatshirt-mit-rundhals-und-langen-ar-604500	2026-10-02
https://luxestyle.ch/products/baumwoll-tragerkleid-mit-spitze-633000	2026-10-02
https://luxestyle.ch/products/baumwoll-twill-diagonal-gitter-mit-rosen-729088	2026-10-02
https://luxestyle.ch/products/baumwoll-twill-haschen-stoff-502336	2026-10-02
https://luxestyle.ch/products/baumwoll-twill-stoff-fur-kinderbettwasche-167744	2026-10-02
https://luxestyle.ch/products/baumwoll-twill-stoff-mit-pfingstrosen-muster-325760	2026-10-02
https://luxestyle.ch/products/baumwoll-twillstoff-alphabet-cartoon-tiere-791744	2026-10-02
https://luxestyle.ch/products/baumwoll-unterwasche-set-fur-madchen-630700	2026-10-02
https://luxestyle.ch/products/baumwoll-wabenhandtuch-furs-gesicht-502826	2026-10-02
https://luxestyle.ch/products/baumwollhemd-gestreift-langarm-605600	2026-10-02
https://luxestyle.ch/products/baumwollhemd-mit-blumenmuster-610700	2026-10-02
https://luxestyle.ch/products/baumwollhemd-mit-kubakragen-613100	2026-10-02
https://luxestyle.ch/products/baumwollhemd-mit-streifen-605800	2026-10-02
https://luxestyle.ch/products/baumwollhose-fur-herren-bequemer-schnitt-393600	2026-10-02
https://luxestyle.ch/products/baumwollhosen-loose-high-waist-633700	2026-10-02
https://luxestyle.ch/products/baumwollkissen-fur-seiten-und-ruckenschlafer-a8b0eb	2026-10-02
https://luxestyle.ch/products/baumwollkissen-mit-daunen-samtfullung-108480	2026-10-02
https://luxestyle.ch/products/baumwollkleid-ohne-ruecken-615600	2026-10-02
https://luxestyle.ch/products/baumwollkordel-deko-wandbehang-dd53f8	2026-10-02
https://luxestyle.ch/products/baumwollsatin-prinzessinnen-bettwasche-set-059008	2026-10-02
https://luxestyle.ch/products/baumwollseil-leder-leinen-halsband-set-fur-hun-483456	2026-10-02
https://luxestyle.ch/products/baumwollstoff-fur-bettwasche-vorhange-509056	2026-10-02
https://luxestyle.ch/products/baumwollstoff-fur-cheongsam-jade-bay-muster-622656	2026-10-02
https://luxestyle.ch/products/baumwollstoff-fur-vielseitige-nahprojekte-518784	2026-10-02
https://luxestyle.ch/products/baumwollstoff-kirschbluten-kimono-im-china-sti-439168	2026-10-02
https://luxestyle.ch/products/baumwollstoff-mit-cartoon-autos-und-hausern-262144	2026-10-02
https://luxestyle.ch/products/baumwollstoff-mit-cartoon-eichhornchen-hirsch-795264	2026-10-02
https://luxestyle.ch/products/baumwollstoff-mit-cartoon-motiven-fur-kinder-423680	2026-10-02
https://luxestyle.ch/products/baumwollstoff-mit-cartoon-print-45x110cm-006912	2026-10-02
https://luxestyle.ch/products/baumwollstoff-mit-cartoon-print-fur-kinder-150400	2026-10-02
https://luxestyle.ch/products/baumwollstoff-mit-corgi-print-im-nordic-stil-887168	2026-10-02
https://luxestyle.ch/products/baumwollstoff-mit-figuren-muster-781824	2026-10-02
https://luxestyle.ch/products/baumwollstoff-mit-japanisch-koreanischem-muste-639680	2026-10-02
https://luxestyle.ch/products/baumwollstoff-mit-mohnblumenmuster-573312	2026-10-02
https://luxestyle.ch/products/baumwollstoff-mit-wellenmuster-fur-kleider-535680	2026-10-02
https://luxestyle.ch/products/baumwollstoff-schwarz-graue-sterne-und-punkte-181504	2026-10-02
https://luxestyle.ch/products/baumwollstoff-sommerhase-569536	2026-10-02
https://luxestyle.ch/products/baumwollstoff-twill-infatuated-incense-795840	2026-10-02
https://luxestyle.ch/products/baumwollstoff-wild-berry-wine-red-977472	2026-10-02
https://luxestyle.ch/products/baumwollstoff-zum-nahen-und-basteln-789824	2026-10-02
https://luxestyle.ch/products/baumwollteppich-mit-buffalo-plaid-muster-bcae4e	2026-10-02
https://luxestyle.ch/products/bausatz-bausteine-modellauto-980864	2026-10-02
https://luxestyle.ch/products/bausatz-fur-8-raster-fahrzeug-153216	2026-10-02
https://luxestyle.ch/products/bausatz-fur-lastwagen-modell-894336	2026-10-02
https://luxestyle.ch/products/bausatz-gr-supra-rennwagen-014144	2026-10-02
https://luxestyle.ch/products/bausatz-kleine-partikel-fur-kinder-122304	2026-10-02
https://luxestyle.ch/products/bausatz-mustang-fighter-klemmbausteine-602200	2026-10-02
https://luxestyle.ch/products/bausatz-rennwagen-mit-schaufel-aufsatz-987648	2026-10-02
https://luxestyle.ch/products/bausatz-sportwagen-klassiker-278-teile-846464	2026-10-02
https://luxestyle.ch/products/bausatz-sportwagen-modell-speed-serie-990208	2026-10-02
https://luxestyle.ch/products/bausatz-sportwagen-rs7-fur-kinder-611600	2026-10-02
https://luxestyle.ch/products/bausatz-sportwagen-rx7-292-teile-611800	2026-10-02
https://luxestyle.ch/products/bausatz-super-rennwagen-r8-gt3-869696	2026-10-02
https://luxestyle.ch/products/bausatz-supersportwagen-modell-256768	2026-10-02
https://luxestyle.ch/products/baustein-aquarium-mit-led-beleuchtung-553216	2026-10-02
https://luxestyle.ch/products/baustein-blumenmodell-epiphyllum-605440	2026-10-02
https://luxestyle.ch/products/baustein-luxuslimousine-auf-raedern-334528	2026-10-02
https://luxestyle.ch/products/baustein-modell-fur-erwachsene-635456	2026-10-02
https://luxestyle.ch/products/baustein-modell-sportwagen-coupe-blau-158400	2026-10-02
https://luxestyle.ch/products/baustein-modellauto-648256	2026-10-02
https://luxestyle.ch/products/baustein-puzzle-spielzeug-266-teile-964096	2026-10-02
https://luxestyle.ch/products/baustein-rennauto-bausatz-fur-kinder-614600	2026-10-02
https://luxestyle.ch/products/baustein-rennmodell-8-gitter-151808	2026-10-02
https://luxestyle.ch/products/baustein-rennwagen-8-gitter-puzzle-146240	2026-10-02
https://luxestyle.ch/products/baustein-serie-rennauto-259072	2026-10-02
https://luxestyle.ch/products/baustein-spielzeugpistole-mit-schussfunktion-630800	2026-10-02
https://luxestyle.ch/products/baustein-stiftehalter-mit-cartoon-figur-486912	2026-10-02
https://luxestyle.ch/products/baustein-supercar-mazda-rx7-fc3s-modell-950336	2026-10-02
https://luxestyle.ch/products/bausteine-8-grid-auto-set-fur-jungen-127680	2026-10-02
https://luxestyle.ch/products/bausteine-aus-kunststoff-425216	2026-10-02
https://luxestyle.ch/products/bausteine-aus-kunststoff-521-teile-655552	2026-10-02
https://luxestyle.ch/products/bausteine-batmobil-v2-film-serie-600500	2026-10-02
https://luxestyle.ch/products/bausteine-borg-modell-supersportwagen-v2-454336	2026-10-02
https://luxestyle.ch/products/bausteine-breitbau-sportwagen-modell-602304	2026-10-02
https://luxestyle.ch/products/bausteine-ford-mustang-shelby-gt500-roadster-731072	2026-10-02
https://luxestyle.ch/products/bausteine-fur-kinder-459-teile-533056	2026-10-02
https://luxestyle.ch/products/bausteine-fur-kinder-padagogisches-modell-600800	2026-10-02
https://luxestyle.ch/products/bausteine-fur-lamborghini-mura-modell-718336	2026-10-02
https://luxestyle.ch/products/bausteine-fur-weihnachtsgeschenke-036288	2026-10-02
https://luxestyle.ch/products/bausteine-hai-modell-mit-licht-bewegung-113408	2026-10-02
https://luxestyle.ch/products/bausteine-klassisches-automodell-985792	2026-10-02
https://luxestyle.ch/products/bausteine-moc-rennwagen-sportwagen-modell-538560	2026-10-02
https://luxestyle.ch/products/bausteine-modellauto-gelaendewagen-6x6-777664	2026-10-02
https://luxestyle.ch/products/bausteine-modellbausatz-277-teile-729536	2026-10-02
https://luxestyle.ch/products/bausteine-motorrad-stadt-serie-230272	2026-10-02
https://luxestyle.ch/products/bausteine-muscle-car-bausatz-613100	2026-10-02
https://luxestyle.ch/products/bausteine-papagei-und-blume-628800	2026-10-02
https://luxestyle.ch/products/bausteine-pick-up-modell-baujahr-1978-848960	2026-10-02
https://luxestyle.ch/products/bausteine-renn-coupe-modell-klassiker-031168	2026-10-02
https://luxestyle.ch/products/bausteine-rennauto-modell-100608	2026-10-02
https://luxestyle.ch/products/bausteine-rennauto-quattro-422-teile-327040	2026-10-02
https://luxestyle.ch/products/bausteine-roadster-klassiker-automodell-212096	2026-10-02
https://luxestyle.ch/products/bausteine-rosenstrauss-im-topf-881536	2026-10-02
https://luxestyle.ch/products/bausteine-schwarze-rose-simulation-bouquet-623200	2026-10-02
https://luxestyle.ch/products/bausteine-set-baufahrzeuge-fur-kinder-877120	2026-10-02
https://luxestyle.ch/products/bausteine-set-bubble-ocean-team-10-boxen-613200	2026-10-02
https://luxestyle.ch/products/bausteine-set-fur-ventilator-modelle-1000-teil-093248	2026-10-02
https://luxestyle.ch/products/bausteine-set-segelboot-596224	2026-10-02
https://luxestyle.ch/products/bausteine-set-topfblumen-zum-zusammenbauen-477312	2026-10-02
https://luxestyle.ch/products/bausteine-strandvilla-traumschloss-baumhaus-623900	2026-10-02
https://luxestyle.ch/products/bausteine-subaru-auto-859648	2026-10-02
https://luxestyle.ch/products/bausteine-supersportwagen-renn-coupe-625000	2026-10-02
https://luxestyle.ch/products/bausteine-zug-kaffeehaus-deko-spielzeug-899584	2026-10-02
https://luxestyle.ch/products/bausteine-zum-bauen-610200	2026-10-02
https://luxestyle.ch/products/bausteinmodell-audi-rs7-330176	2026-10-02
https://luxestyle.ch/products/baustellen-bulldozer-konstruktions-bausatz-342016	2026-10-02
https://luxestyle.ch/products/bayernhut-ewald-fgabo04210	2026-10-02
https://luxestyle.ch/products/bayernhut-mit-feder-fga98523	2026-10-02
https://luxestyle.ch/products/bayrische-lederhosen-kurz-braun-fgsshb5030	2026-10-02
https://luxestyle.ch/products/bayrische-lederhosen-kurz-dunkelbraun-fgsshb5025	2026-10-02
https://luxestyle.ch/products/bayrische-lederhosen-kurz-sandbraun-fgsshb5031	2026-10-02
https://luxestyle.ch/products/bayrische-lederhosen-kurz-schwarz-fgsshb5125	2026-10-02
https://luxestyle.ch/products/bayrische-trachtenbluse-fgsshb2742	2026-10-02
https://luxestyle.ch/products/bb-cream-3-in-1-mit-lsf-30-088128	2026-10-02
https://luxestyle.ch/products/bb-cream-make-up-primer-604100	2026-10-02
https://luxestyle.ch/products/bb-cream-make-up-set-national-tide-688832	2026-10-02
https://luxestyle.ch/products/bb-cream-starter-set-mit-5-ampullen-d0272d	2026-10-02
https://luxestyle.ch/products/bbq-grillbesteck-set-fur-camping-outdoor-302208	2026-10-02
https://luxestyle.ch/products/bbq-set-fur-outdoor-picknicks-b50d18	2026-10-02
https://luxestyle.ch/products/be-green-einwegteller-50-stuck-fga512	2026-10-02
https://luxestyle.ch/products/be-green-partyteller-fga517	2026-10-02
https://luxestyle.ch/products/beach-racket-aus-carbon-eva-schaum-711552	2026-10-02
https://luxestyle.ch/products/beach-sandalen-606600	2026-10-02
https://luxestyle.ch/products/beach-sandalen-619100	2026-10-02
https://luxestyle.ch/products/beach-schuhe-fur-damen-und-herren-419136	2026-10-02
https://luxestyle.ch/products/beach-slide-sandalen-622000	2026-10-02
https://luxestyle.ch/products/beachbag-uberwurf-622000	2026-10-02
https://luxestyle.ch/products/beachsandalen-fur-plus-gro-e-616100	2026-10-02
https://luxestyle.ch/products/beachschuhe-fur-kinder-5e7e3d	2026-10-02
https://luxestyle.ch/products/beachschuhe-mit-weitem-schaft-624400	2026-10-02
https://luxestyle.ch/products/bead-toothbrush-tragbare-einweg-zahnbursten-20-611700	2026-10-02
https://luxestyle.ch/products/beagle-spielzeug-631900	2026-10-02
https://luxestyle.ch/products/beanie-jacke-mit-geometrischem-patchwork-muste-633000	2026-10-02
https://luxestyle.ch/products/bearings-spinnrolle-long-cast-sh10000-sh12000-889728	2026-10-02
https://luxestyle.ch/products/beastmaster-knochenhauer-223424	2026-10-02
https://luxestyle.ch/products/beauty-and-wolf-diamond-painting-b4df42	2026-10-02
https://luxestyle.ch/products/beauty-eggs-8er-set-mit-aufbewahrungsbox-047232	2026-10-02
https://luxestyle.ch/products/beauty-gesichtskissen-mit-memory-schaum-614500	2026-10-02
https://luxestyle.ch/products/beauty-gesichtsreinigungsgerat-cc4176	2026-10-02
https://luxestyle.ch/products/beauty-girl-warrior-pinselset-9c6791	2026-10-02
https://luxestyle.ch/products/beauty-glazed-lidschatten-palette-87084c	2026-10-02
https://luxestyle.ch/products/beauty-glazed-lidschatten-palette-mit-15-farbe-26ecd1	2026-10-02
https://luxestyle.ch/products/beauty-haarband-fur-gesichtspflege-sport-f03801	2026-10-02
https://luxestyle.ch/products/beauty-instrument-silikonmaske-ems-604200	2026-10-02
https://luxestyle.ch/products/beauty-kissen-aus-memory-schaum-604800	2026-10-02
https://luxestyle.ch/products/beauty-kissen-fur-tiefen-schlaf-602100	2026-10-02
https://luxestyle.ch/products/beauty-kit-lidschatten-rouge-lippenstift-set-155072	2026-10-02
https://luxestyle.ch/products/beauty-make-up-uberraschungsbox-614800	2026-10-02
https://luxestyle.ch/products/beauty-schlafkissen-mit-latex-massagepartikeln-705024	2026-10-02
https://luxestyle.ch/products/beauty-set-bb-cream-lippenstift-eyeliner-867136	2026-10-02
https://luxestyle.ch/products/beauty-set-lippenstift-lidschatten-nagellack-321344	2026-10-02
https://luxestyle.ch/products/beauty-tools-fur-einsteiger-d9fde0	2026-10-02
https://luxestyle.ch/products/beauty-tools-make-up-pinsel-set-17d814	2026-10-02
https://luxestyle.ch/products/becher-610500	2026-10-02
https://luxestyle.ch/products/becher-lunchbox-fur-buro-damen-633700	2026-10-02
https://luxestyle.ch/products/beckenboden-muskeltrainer-mit-zahlfunktion-915200	2026-10-02
https://luxestyle.ch/products/beckenboden-trainingsgerat-fur-frauen-b986d0	2026-10-02
https://luxestyle.ch/products/beckenboden-trainingsgerat-fur-zuhause-627500	2026-10-02
https://luxestyle.ch/products/beckenbodentrainer-fur-manner-603300	2026-10-02
https://luxestyle.ch/products/beckenbodentrainer-fur-zuhause-636700	2026-10-02
https://luxestyle.ch/products/bedruckte-atmungsaktive-sommer-sonnenschutzmas-618500	2026-10-02
https://luxestyle.ch/products/bedruckte-denim-hose-mit-weitem-bein-628600	2026-10-02
https://luxestyle.ch/products/bedruckte-langarmbluse-im-casual-look-613400	2026-10-02
https://luxestyle.ch/products/bedruckte-sandalen-mit-schnurung-610200	2026-10-02
https://luxestyle.ch/products/bedruckte-tragetasche-fur-schule-und-reisen-995584	2026-10-02
https://luxestyle.ch/products/bedruckter-a-linien-maxirock-fur-damen-627001	2026-10-02
https://luxestyle.ch/products/bedruckter-baumwoll-twill-mit-cartoon-motiven-585536	2026-10-02
https://luxestyle.ch/products/bedruckter-baumwollstoff-fur-kleider-kissen-908480	2026-10-02
https://luxestyle.ch/products/bedruckter-baumwollstoff-im-retro-stil-030912	2026-10-02
https://luxestyle.ch/products/bedruckter-baumwollstoff-mit-pflanzenmuster-715776	2026-10-02
https://luxestyle.ch/products/bedruckter-denim-jumpsuit-mit-reissverschlusst-609300	2026-10-02
https://luxestyle.ch/products/bedruckter-hoodie-fur-damen-616700	2026-10-02
https://luxestyle.ch/products/bedruckter-hoodie-fur-herren-613800	2026-10-02
https://luxestyle.ch/products/bedruckter-kapok-baumwoll-leinenstoff-546816	2026-10-02
https://luxestyle.ch/products/bedruckter-langer-teppich-fur-bad-und-kuche-c9f3bf	2026-10-02
https://luxestyle.ch/products/bedruckter-leinen-baumwollstoff-10m-968832	2026-10-02
https://luxestyle.ch/products/bedruckter-leinenstoff-fur-kreative-projekte-321216	2026-10-02
https://luxestyle.ch/products/bedruckter-leinenstoff-fur-vielseitige-diy-pro-883200	2026-10-02
https://luxestyle.ch/products/bedruckter-mesh-bleistiftrock-fur-buro-eleganz-615200	2026-10-02
https://luxestyle.ch/products/bedruckter-rucksack-fur-herren-af80be	2026-10-02
https://luxestyle.ch/products/bedruckter-serge-satin-stoff-959744	2026-10-02
https://luxestyle.ch/products/bedruckter-v-ausschnitt-langarm-jumpsuit-620100	2026-10-02
https://luxestyle.ch/products/bedruckter-zip-up-hoodie-locker-geschnitten-630300	2026-10-02
https://luxestyle.ch/products/bedrucktes-2-teiliges-a-linien-set-mit-v-aussc-611700	2026-10-02
https://luxestyle.ch/products/bedrucktes-a-linien-kleid-mit-goldfaden-601100	2026-10-02
https://luxestyle.ch/products/bedrucktes-a-linien-plus-size-kleid-612700	2026-10-02
https://luxestyle.ch/products/bedrucktes-a-linien-strandkleid-629300	2026-10-02
https://luxestyle.ch/products/bedrucktes-armelloses-a-linien-kleid-mit-schli-624300	2026-10-02
https://luxestyle.ch/products/bedrucktes-armelloses-kleid-im-retro-stil-607600	2026-10-02
https://luxestyle.ch/products/bedrucktes-bandeau-sommerkleid-im-ferien-stil-616400	2026-10-02
https://luxestyle.ch/products/bedrucktes-baumwoll-zierkissen-modell-haus-368128	2026-10-02
https://luxestyle.ch/products/bedrucktes-baumwollkleid-mittellang-locker-633600	2026-10-02
https://luxestyle.ch/products/bedrucktes-casual-hemdblusenkleid-fur-damen-632900	2026-10-02
https://luxestyle.ch/products/bedrucktes-damen-sweatshirt-mit-rundhals-628500	2026-10-02
https://luxestyle.ch/products/bedrucktes-damenkleid-mit-elastischem-bund-607100	2026-10-02
https://luxestyle.ch/products/bedrucktes-figurbetontes-midi-t-shirt-kleid-638400	2026-10-02
https://luxestyle.ch/products/bedrucktes-flannel-sweatshirt-fur-damen-605700	2026-10-02
https://luxestyle.ch/products/bedrucktes-freizeitkleid-mit-reverskragen-603100	2026-10-02
https://luxestyle.ch/products/bedrucktes-heavyweight-baumwoll-t-shirt-603300	2026-10-02
https://luxestyle.ch/products/bedrucktes-henley-shirt-mit-knopfleiste-raw-he-606000	2026-10-02
https://luxestyle.ch/products/bedrucktes-kleid-mit-v-ausschnitt-628000	2026-10-02
https://luxestyle.ch/products/bedrucktes-kurzarm-hemd-mit-kubanischem-kragen-621000	2026-10-02
https://luxestyle.ch/products/bedrucktes-kurzarm-t-shirt-kleid-fur-damen-627900	2026-10-02
https://luxestyle.ch/products/bedrucktes-kurzarm-t-shirt-mit-rundhals-612500	2026-10-02
https://luxestyle.ch/products/bedrucktes-kurzarmhemd-fur-herren-606300	2026-10-02
https://luxestyle.ch/products/bedrucktes-langarm-hemdblusenkleid-618200	2026-10-02
https://luxestyle.ch/products/bedrucktes-langarm-kleid-in-grossen-grossen-621000	2026-10-02
https://luxestyle.ch/products/bedrucktes-langarm-kleid-mit-stehkragen-hohem-604800	2026-10-02
https://luxestyle.ch/products/bedrucktes-langarm-midikleid-601700	2026-10-02
https://luxestyle.ch/products/bedrucktes-langarm-minikleid-mit-rundhals-624400	2026-10-02
https://luxestyle.ch/products/bedrucktes-langarm-shirt-mit-rundhalsausschnit-624000	2026-10-02
https://luxestyle.ch/products/bedrucktes-langarm-sweatshirt-fur-damen-627400	2026-10-02
https://luxestyle.ch/products/bedrucktes-langarm-sweatshirt-mit-rundhals-606200	2026-10-02
https://luxestyle.ch/products/bedrucktes-langarmhemd-mit-umlegekragen-603601	2026-10-02
https://luxestyle.ch/products/bedrucktes-langarmshirt-fur-teenager-606100	2026-10-02
https://luxestyle.ch/products/bedrucktes-langarmshirt-mit-reverskragen-626800	2026-10-02
https://luxestyle.ch/products/bedrucktes-maxi-kleid-mit-puffarmeln-632400	2026-10-02
https://luxestyle.ch/products/bedrucktes-maxikleid-mit-kapuze-606400	2026-10-02
https://luxestyle.ch/products/bedrucktes-maxikleid-mit-puffarmeln-und-taille-633100	2026-10-02
https://luxestyle.ch/products/bedrucktes-maxikleid-mit-seitenschlitz-622600	2026-10-02
https://luxestyle.ch/products/bedrucktes-mid-sleeve-shirt-mit-schnurung-625300	2026-10-02
https://luxestyle.ch/products/bedrucktes-midikleid-im-tie-dye-look-628700	2026-10-02
https://luxestyle.ch/products/bedrucktes-midikleid-mit-weitem-faltenrock-627200	2026-10-02
https://luxestyle.ch/products/bedrucktes-mini-kleid-mit-langen-armeln-614500	2026-10-02
https://luxestyle.ch/products/bedrucktes-mini-kleid-mit-v-ausschnitt-und-spi-615200	2026-10-02
https://luxestyle.ch/products/bedrucktes-minikleid-mit-v-ausschnitt-und-spit-609000	2026-10-02
https://luxestyle.ch/products/bedrucktes-neckholder-kleid-mit-ruckenausschni-630300	2026-10-02
https://luxestyle.ch/products/bedrucktes-oversize-kleid-mit-v-ausschnitt-637000	2026-10-02
https://luxestyle.ch/products/bedrucktes-plisseekleid-mit-v-ausschnitt-605800	2026-10-02
https://luxestyle.ch/products/bedrucktes-popeline-hemd-fur-den-fruhling-628000	2026-10-02
https://luxestyle.ch/products/bedrucktes-ruckenfreies-v-ausschnitt-langarm-k-623500	2026-10-02
https://luxestyle.ch/products/bedrucktes-ruschenkleid-mit-v-ausschnitt-614200	2026-10-02
https://luxestyle.ch/products/bedrucktes-shirt-im-franzosischen-chic-605100	2026-10-02
https://luxestyle.ch/products/bedrucktes-slim-fit-sommerhemd-fur-herren-609500	2026-10-02
https://luxestyle.ch/products/bedrucktes-tatami-kissen-aus-perlenbaumwolle-a4c01f	2026-10-02
https://luxestyle.ch/products/bedrucktes-v-ausschnitt-a-linien-kleid-635600	2026-10-02
https://luxestyle.ch/products/bedrucktes-v-ausschnitt-kleid-mit-puffarmeln-618800	2026-10-02
https://luxestyle.ch/products/bedrucktes-v-ausschnitt-kurzarmkleid-im-street-608000	2026-10-02
https://luxestyle.ch/products/bedrucktes-v-ausschnitt-langarm-oberteil-604200	2026-10-02
https://luxestyle.ch/products/bedrucktes-v-ausschnitt-maxikleid-mit-hoher-ta-606500	2026-10-02
https://luxestyle.ch/products/bedrucktes-v-ausschnitt-midikleid-mit-3-4-arme-618000	2026-10-02
https://luxestyle.ch/products/bedrucktes-v-neck-midikleid-mit-pflanzenmuster-624800	2026-10-02
https://luxestyle.ch/products/bedrucktes-v-neck-sommerkleid-mit-kurzen-armel-625800	2026-10-02
https://luxestyle.ch/products/bedrucktes-vintage-kleid-mit-3-4-armeln-613900	2026-10-02
https://luxestyle.ch/products/befestigungsriemen-fur-pool-abdeckungsroller-8-456321	2026-10-02
https://luxestyle.ch/products/befeuchtender-gesichts-dampfer-e88d66	2026-10-02
https://luxestyle.ch/products/befeuchtungslampe-mit-ionentechnologie-usb-bet-118976	2026-10-02
https://luxestyle.ch/products/beheizbare-decke-fur-haustiere-614100	2026-10-02
https://luxestyle.ch/products/beheizbare-handgelenkbandage-mit-massage-632000	2026-10-02
https://luxestyle.ch/products/beheizbare-outdoor-handschuhe-605000	2026-10-02
https://luxestyle.ch/products/beheizbare-sturmhaube-fur-motorradfahrer-620700	2026-10-02
https://luxestyle.ch/products/beheizbare-tastenkappe-fur-mechanische-tastatu-770496	2026-10-02
https://luxestyle.ch/products/beheizbare-weste-powerbank-627000	2026-10-02
https://luxestyle.ch/products/beheizbare-wimpernzange-mit-digitaldisplay-615600	2026-10-02
https://luxestyle.ch/products/beheizbare-wimpernzange-mit-temperaturkontroll-659840	2026-10-02
https://luxestyle.ch/products/beheizbare-wimpernzange-usb-aufladbar-612300	2026-10-02
https://luxestyle.ch/products/beheizbare-winterstiefel-mit-herausnehmbaren-h-612000	2026-10-02
https://luxestyle.ch/products/beheizbarer-futternapf-fur-haustiere-075648	2026-10-02
https://luxestyle.ch/products/beheizbarer-futternapf-mit-temperaturkontrolle-933376	2026-10-02
https://luxestyle.ch/products/beheizbarer-kapuzenpullover-fur-herren-604800	2026-10-02
https://luxestyle.ch/products/beheizbares-autositzkissen-12v-5b8cd9	2026-10-02
https://luxestyle.ch/products/beheizbares-faltkissen-fur-outdoor-camping-184384	2026-10-02
https://luxestyle.ch/products/beheizbares-tassenpad-cfaac0	2026-10-02
https://luxestyle.ch/products/beheizte-usb-augenmaske-mit-dampffunktion-556142	2026-10-02
https://luxestyle.ch/products/beheizter-eisportionierer-usb-aufladbar-574914	2026-10-02
https://luxestyle.ch/products/beheiztes-silikon-gesichtsreinigungsgerat-b99245	2026-10-02
https://luxestyle.ch/products/beidou-gps-haustierhalsband-16ca95	2026-10-02
https://luxestyle.ch/products/beige-blockpullover-627400	2026-10-02
https://luxestyle.ch/products/beige-casual-hemd-616800	2026-10-02
https://luxestyle.ch/products/beige-fleece-hemd-607900	2026-10-02
https://luxestyle.ch/products/beige-grun-funf-finger-sneaker-619500	2026-10-02
https://luxestyle.ch/products/beige-langarm-top-628600	2026-10-02
https://luxestyle.ch/products/beige-laschen-rockchen-604400	2026-10-02
https://luxestyle.ch/products/beige-loose-fit-hemd-606600	2026-10-02
https://luxestyle.ch/products/beige-maxi-kleid-600600	2026-10-02
https://luxestyle.ch/products/beige-pullover-mit-kreuz-detail-619400	2026-10-02
https://luxestyle.ch/products/beige-schuhbox-mit-grid-605200	2026-10-02
https://luxestyle.ch/products/beige-suede-sneaker-600500	2026-10-02
https://luxestyle.ch/products/beige-tasche-furs-ausgehen-048832	2026-10-02
https://luxestyle.ch/products/beiges-florales-slip-dress-626100	2026-10-02
https://luxestyle.ch/products/beiges-groovy-hemd-fgss0904b	2026-10-02
https://luxestyle.ch/products/beiges-kleid-mit-puffarmeln-hoher-taille-623000	2026-10-02
https://luxestyle.ch/products/beiges-u-boot-ausschnitt-maxi-kleid-635100	2026-10-02
https://luxestyle.ch/products/beiges-wellenmuster-kissen-nordic-modern-352320	2026-10-02
https://luxestyle.ch/products/bein-beauty-trainer-610700	2026-10-02
https://luxestyle.ch/products/bein-concealer-foundation-creme-626500	2026-10-02
https://luxestyle.ch/products/bein-druck-dumbbell-stange-fur-beinheben-muske-628700	2026-10-02
https://luxestyle.ch/products/bein-trainingsschelle-633300	2026-10-02
https://luxestyle.ch/products/bein-und-kniekissen-fur-seitenschlafer-620800	2026-10-02
https://luxestyle.ch/products/bein-und-kniekissen-mit-kuhlfunktion-605200	2026-10-02
https://luxestyle.ch/products/beinheber-gurt-620500	2026-10-02
https://luxestyle.ch/products/beinlift-polster-617200	2026-10-02
https://luxestyle.ch/products/beinruhekissen-aus-memory-schaum-mit-riemen-600200	2026-10-02
https://luxestyle.ch/products/beinstulpen-neongelb-fgabo01752	2026-10-02
https://luxestyle.ch/products/beinstulpen-neongrun-fgabo01753	2026-10-02
https://luxestyle.ch/products/beinstulpen-pink-fgabo01755	2026-10-02
https://luxestyle.ch/products/beinwarmer-fur-hunde-mit-verstellbarer-metalls-628400	2026-10-02
https://luxestyle.ch/products/beinwarmer-mit-stern-und-knochen-elementen-632500	2026-10-02
https://luxestyle.ch/products/beinwell-lippenbalsam-set-625300	2026-10-02
https://luxestyle.ch/products/beissfester-gummi-trainingsball-fur-hunde-898752	2026-10-02
https://luxestyle.ch/products/beissfester-hanf-beissstab-fur-hunde-30cm-411648	2026-10-02
https://luxestyle.ch/products/beissfester-haustier-traktionsball-mit-usb-lad-610800	2026-10-02
https://luxestyle.ch/products/beissfester-katzenminze-geburtstagskuchen-fur-200896	2026-10-02
https://luxestyle.ch/products/beissfester-quietschball-fur-hunde-638912	2026-10-02
https://luxestyle.ch/products/beissfester-spielball-fur-hunde-626400	2026-10-02
https://luxestyle.ch/products/beissfester-spielball-zur-zahnreinigung-601408	2026-10-02
https://luxestyle.ch/products/beissfester-zahnungsstick-fur-haustiere-618100	2026-10-02
https://luxestyle.ch/products/beissfestes-baumwollseil-spielzeug-fur-hunde-6b1732	2026-10-02
https://luxestyle.ch/products/beissfestes-hundehalsband-aus-polyester-c12dd0	2026-10-02
https://luxestyle.ch/products/beissfestes-oxford-stoff-hunde-sound-spielzeug-623400	2026-10-02
https://luxestyle.ch/products/beissfestes-plusch-dinosaurier-hundespielzeug-625792	2026-10-02
https://luxestyle.ch/products/beissfestes-pluschtier-fur-haustiere-600200	2026-10-02
https://luxestyle.ch/products/beissfestes-pluschtier-mit-sound-fur-hunde-729024	2026-10-02
https://luxestyle.ch/products/beissfestes-quietschspielzeug-205893	2026-10-02
https://luxestyle.ch/products/beissfestes-quietschspielzeug-fur-hunde-62ff38	2026-10-02
https://luxestyle.ch/products/beissfestes-tier-kauspielzeug-aus-gummi-761600	2026-10-02
https://luxestyle.ch/products/beissfestes-wildleder-kauspielzeug-673088	2026-10-02
https://luxestyle.ch/products/beitong-g2-kombi-gamepad-fur-android-smartphon-690048	2026-10-02
https://luxestyle.ch/products/beleuchtetes-gaming-tastatur-maus-set-aff5d5	2026-10-02
https://luxestyle.ch/products/beleuchtetes-led-bild-mit-sonnenschein-effekt-031232	2026-10-02
https://luxestyle.ch/products/bell-pet-gps-tracker-9d6915	2026-10-02
https://luxestyle.ch/products/bellenkontrollhalsband-634800	2026-10-02
https://luxestyle.ch/products/belly-band-aus-nylon-627700	2026-10-02
https://luxestyle.ch/products/belly-unterstutzung-608000	2026-10-02
https://luxestyle.ch/products/belodi-partikel-kinder-bauklotze-445696	2026-10-02
https://luxestyle.ch/products/bemalte-uhrenbox-mit-schmuck-aufbewahrung-473536	2026-10-02
https://luxestyle.ch/products/bemaltes-korb-pendel-628100	2026-10-02
https://luxestyle.ch/products/bemo-haustierhalsband-mit-muster-728064	2026-10-02
https://luxestyle.ch/products/bench-press-brick-kraft-und-trainingshilfe-674176	2026-10-02
https://luxestyle.ch/products/benshang-glaswischer-fur-hohe-fenster-184128	2026-10-02
https://luxestyle.ch/products/bento-box-edelstahl-3-facher-fur-kinder-629100	2026-10-02
https://luxestyle.ch/products/bento-box-im-japanischen-stil-630500	2026-10-02
https://luxestyle.ch/products/bento-box-mit-bambus-schneidebrett-deckel-416768	2026-10-02
https://luxestyle.ch/products/bento-picknick-lunchtasche-615500	2026-10-02
https://luxestyle.ch/products/bentonit-katzenstreu-622400	2026-10-02
https://luxestyle.ch/products/benz-190e-klemmbausteine-709248	2026-10-02
https://luxestyle.ch/products/bequem-fit-fleecefutter-hoodie-mit-taschen-614500	2026-10-02
https://luxestyle.ch/products/bequeme-alltags-sneaker-617700	2026-10-02
https://luxestyle.ch/products/bequeme-anti-rutsch-indoor-kinderschuhe-194880	2026-10-02
https://luxestyle.ch/products/bequeme-atmungsaktive-augenmaske-624000	2026-10-02
https://luxestyle.ch/products/bequeme-atmungsaktive-herren-sneaker-zum-schnu-399616	2026-10-02
https://luxestyle.ch/products/bequeme-atmungsaktive-high-top-schuhe-fur-herr-617900	2026-10-02
https://luxestyle.ch/products/bequeme-atmungsaktive-lauflernschuhe-fur-kinde-629700	2026-10-02
https://luxestyle.ch/products/bequeme-atmungsaktive-lederschuhe-633100	2026-10-02
https://luxestyle.ch/products/bequeme-atmungsaktive-sandalen-mit-offener-spi-624300	2026-10-02
https://luxestyle.ch/products/bequeme-atmungsaktive-schutzschuhe-fur-herren-790784	2026-10-02
https://luxestyle.ch/products/bequeme-atmungsaktive-sicherheitsschuhe-fur-he-624700	2026-10-02
https://luxestyle.ch/products/bequeme-baby-klettschuhe-fur-kleinkinder-844480	2026-10-02
https://luxestyle.ch/products/bequeme-ballerinas-fur-madchen-488512	2026-10-02
https://luxestyle.ch/products/bequeme-ballerinas-mit-v-ausschnitt-weinrot-634500	2026-10-02
https://luxestyle.ch/products/bequeme-baotou-strand-clogs-fur-herren-625900	2026-10-02
https://luxestyle.ch/products/bequeme-baumwoll-boots-mit-klettverschluss-630700	2026-10-02
https://luxestyle.ch/products/bequeme-canvas-mary-jane-flats-606800	2026-10-02
https://luxestyle.ch/products/bequeme-canvas-schuhe-fur-herren-605100	2026-10-02
https://luxestyle.ch/products/bequeme-capri-jeans-im-casual-look-626300	2026-10-02
https://luxestyle.ch/products/bequeme-capri-leggings-fur-damen-622200	2026-10-02
https://luxestyle.ch/products/bequeme-casual-gerade-leg-cargohose-mit-mehrer-621600	2026-10-02
https://luxestyle.ch/products/bequeme-casual-schuhe-618100	2026-10-02
https://luxestyle.ch/products/bequeme-casual-slide-sandalen-mit-dicker-sohle-623900	2026-10-02
https://luxestyle.ch/products/bequeme-casual-sneaker-621900	2026-10-02
https://luxestyle.ch/products/bequeme-damen-langarm-plaid-shirt-mit-knopfen-609100	2026-10-02
https://luxestyle.ch/products/bequeme-damen-sneaker-in-bunten-farben-488768	2026-10-02
https://luxestyle.ch/products/bequeme-einfarbige-slip-on-sandalen-fur-damen-613200	2026-10-02
https://luxestyle.ch/products/bequeme-flache-sandalen-fur-damen-614900	2026-10-02
https://luxestyle.ch/products/bequeme-flache-sandalen-mit-eckiger-zehenkappe-619900	2026-10-02
https://luxestyle.ch/products/bequeme-flache-sommersandalen-fur-damen-612900	2026-10-02
https://luxestyle.ch/products/bequeme-flachschuhe-601400	2026-10-02
https://luxestyle.ch/products/bequeme-flats-mit-schnalle-605900	2026-10-02
https://luxestyle.ch/products/bequeme-flip-flop-sandalen-mit-niedrigem-absat-619000	2026-10-02
https://luxestyle.ch/products/bequeme-freizeit-slipper-fur-herren-616200	2026-10-02
https://luxestyle.ch/products/bequeme-freizeithose-625500	2026-10-02
https://luxestyle.ch/products/bequeme-freizeitschuhe-aus-leder-fur-herren-600800	2026-10-02
https://luxestyle.ch/products/bequeme-freizeitschuhe-fur-damen-639700	2026-10-02
https://luxestyle.ch/products/bequeme-freizeitschuhe-fur-herren-266112	2026-10-02
https://luxestyle.ch/products/bequeme-freizeitschuhe-mit-weicher-sohle-612700	2026-10-02
https://luxestyle.ch/products/bequeme-freizeitsneaker-fur-herren-647600	2026-10-02
https://luxestyle.ch/products/bequeme-geschlossene-fischer-sandalen-fur-dame-618800	2026-10-02
https://luxestyle.ch/products/bequeme-geschlossene-sandalen-632800	2026-10-02
https://luxestyle.ch/products/bequeme-halbsocken-schuhe-fur-den-sommer-625700	2026-10-02
https://luxestyle.ch/products/bequeme-harajuku-style-freizeitschuhe-625100	2026-10-02
https://luxestyle.ch/products/bequeme-hausschuhe-mit-weicher-sohle-615800	2026-10-02
https://luxestyle.ch/products/bequeme-heelless-freizeitschuhe-fur-damen-264128	2026-10-02
https://luxestyle.ch/products/bequeme-herren-freizeitschuhe-627700	2026-10-02
https://luxestyle.ch/products/bequeme-herren-hausschuhe-zum-hineinschlupfen-626800	2026-10-02
https://luxestyle.ch/products/bequeme-herrenhosen-628900	2026-10-02
https://luxestyle.ch/products/bequeme-herrenschuhe-633100	2026-10-02
https://luxestyle.ch/products/bequeme-herrenslipper-622800	2026-10-02
https://luxestyle.ch/products/bequeme-hochtaillierte-jeans-shorts-610800	2026-10-02
https://luxestyle.ch/products/bequeme-jeans-612200	2026-10-02
https://luxestyle.ch/products/bequeme-kindersandalen-mit-weicher-sohle-2a812c	2026-10-02
https://luxestyle.ch/products/bequeme-kniehoch-boots-mit-nietenriemen-massiv-615700	2026-10-02
https://luxestyle.ch/products/bequeme-lauflernschuhe-mit-weicher-sohle-627900	2026-10-02
https://luxestyle.ch/products/bequeme-laufschuhe-708864	2026-10-02
https://luxestyle.ch/products/bequeme-laufschuhe-mit-dicker-sohle-629900	2026-10-02
https://luxestyle.ch/products/bequeme-leder-flats-mit-klettverschluss-628000	2026-10-02
https://luxestyle.ch/products/bequeme-leder-freizeitschuhe-641100	2026-10-02
https://luxestyle.ch/products/bequeme-leder-freizeitschuhe-fur-herren-386752	2026-10-02
https://luxestyle.ch/products/bequeme-leder-sandalen-mit-flacher-sohle-624400	2026-10-02
https://luxestyle.ch/products/bequeme-leder-sandalen-mit-klettverschluss-601100	2026-10-02
https://luxestyle.ch/products/bequeme-leder-schuhe-mit-eckiger-spitze-600700	2026-10-02
https://luxestyle.ch/products/bequeme-leder-slipper-mit-niedrigem-absatz-613100	2026-10-02
https://luxestyle.ch/products/bequeme-loafer-mit-weicher-sohle-638800	2026-10-02
https://luxestyle.ch/products/bequeme-loose-fit-jeans-fur-herren-604200	2026-10-02
https://luxestyle.ch/products/bequeme-low-top-cord-freizeitschuhe-601800	2026-10-02
https://luxestyle.ch/products/bequeme-mesh-freizeitschuhe-fur-kinder-484352	2026-10-02
https://luxestyle.ch/products/bequeme-mesh-slippers-fur-damen-620700	2026-10-02
https://luxestyle.ch/products/bequeme-outdoor-sandale-mit-klettverschluss-625800	2026-10-02
https://luxestyle.ch/products/bequeme-outdoor-sandalen-mit-t-riemen-627800	2026-10-02
https://luxestyle.ch/products/bequeme-oxford-lederhalbschuhe-fur-damen-650112	2026-10-02
https://luxestyle.ch/products/bequeme-plateau-sandalen-612200	2026-10-02
https://luxestyle.ch/products/bequeme-plateau-sandalen-mit-peep-toe-627000	2026-10-02
https://luxestyle.ch/products/bequeme-plattform-sneaker-903360	2026-10-02
https://luxestyle.ch/products/bequeme-pumps-mit-bluten-design-und-rundspitze-954368	2026-10-02
https://luxestyle.ch/products/bequeme-riemchen-sandale-aus-leder-622600	2026-10-02
https://luxestyle.ch/products/bequeme-romische-sandalen-fur-grossen-614500	2026-10-02
https://luxestyle.ch/products/bequeme-runde-flats-fur-strandferien-604900	2026-10-02
https://luxestyle.ch/products/bequeme-rutschfeste-flip-flops-fur-herren-630300	2026-10-02
https://luxestyle.ch/products/bequeme-rutschfeste-pantoletten-602200	2026-10-02
https://luxestyle.ch/products/bequeme-rutschfeste-sandalen-fur-herren-607500	2026-10-02
https://luxestyle.ch/products/bequeme-rutschfeste-zehensteg-sandalen-603300	2026-10-02
https://luxestyle.ch/products/bequeme-sandalen-625600	2026-10-02
https://luxestyle.ch/products/bequeme-sandalen-fur-sommerkleider-630400	2026-10-02
https://luxestyle.ch/products/bequeme-sandalen-mit-dicker-sohle-601400	2026-10-02
https://luxestyle.ch/products/bequeme-sandalen-mit-flacher-sohle-627100	2026-10-02
https://luxestyle.ch/products/bequeme-sandalen-mit-hohem-absatz-604200	2026-10-02
https://luxestyle.ch/products/bequeme-sandalen-mit-lochmuster-603700	2026-10-02
https://luxestyle.ch/products/bequeme-schlabberhosen-618700	2026-10-02
https://luxestyle.ch/products/bequeme-schnurschuhe-fur-herren-634100	2026-10-02
https://luxestyle.ch/products/bequeme-shorts-mit-kordelzug-fur-damen-611100	2026-10-02
https://luxestyle.ch/products/bequeme-slip-on-freizeitschuhe-fur-herren-618500	2026-10-02
https://luxestyle.ch/products/bequeme-slip-on-halbslipper-sneaker-635100	2026-10-02
https://luxestyle.ch/products/bequeme-slip-on-kinderschuhe-mit-klettverschlu-623200	2026-10-02
https://luxestyle.ch/products/bequeme-slip-on-running-schuhe-fur-damen-600900	2026-10-02
https://luxestyle.ch/products/bequeme-slip-on-sandalen-im-feen-stil-626000	2026-10-02
https://luxestyle.ch/products/bequeme-slip-on-schuhe-603300	2026-10-02
https://luxestyle.ch/products/bequeme-slip-on-schuhe-aus-rindsleder-619000	2026-10-02
https://luxestyle.ch/products/bequeme-slip-on-sneaker-mit-paisley-print-293890	2026-10-02
https://luxestyle.ch/products/bequeme-sneaker-608500	2026-10-02
https://luxestyle.ch/products/bequeme-sneaker-623600	2026-10-02
https://luxestyle.ch/products/bequeme-sneaker-aus-vollnarbenleder-626800	2026-10-02
https://luxestyle.ch/products/bequeme-sneaker-mit-atmungsaktivem-mesh-oberma-593472	2026-10-02
https://luxestyle.ch/products/bequeme-sommer-laufschuhe-609200	2026-10-02
https://luxestyle.ch/products/bequeme-sport-sneaker-628300	2026-10-02
https://luxestyle.ch/products/bequeme-sportliche-herren-sandalen-614900	2026-10-02
https://luxestyle.ch/products/bequeme-stiletto-sandalen-mit-eckiger-spitze-616200	2026-10-02
https://luxestyle.ch/products/bequeme-strand-sandalen-fur-damen-228352	2026-10-02
https://luxestyle.ch/products/bequeme-strand-und-freizeitsandalen-fur-herren-619400	2026-10-02
https://luxestyle.ch/products/bequeme-stretch-hosen-mit-gummizug-602200	2026-10-02
https://luxestyle.ch/products/bequeme-t-riemen-sandalen-mit-flacher-sohle-058240	2026-10-02
https://luxestyle.ch/products/bequeme-tie-dye-hose-mit-weitem-bein-634700	2026-10-02
https://luxestyle.ch/products/bequeme-unisex-sandalen-mit-klettverschluss-634500	2026-10-02
https://luxestyle.ch/products/bequeme-unterhose-636700	2026-10-02
https://luxestyle.ch/products/bequeme-velcro-sandalen-mit-dicker-sohle-615201	2026-10-02
https://luxestyle.ch/products/bequeme-vielseitige-damen-sandalen-603600	2026-10-02
https://luxestyle.ch/products/bequeme-vielseitige-freizeit-sneaker-609600	2026-10-02
https://luxestyle.ch/products/bequeme-wanderschuhe-621600	2026-10-02
https://luxestyle.ch/products/bequeme-wasserdichte-sportschuhe-aus-leder-604400	2026-10-02
https://luxestyle.ch/products/bequeme-weiter-jeans-613700	2026-10-02
https://luxestyle.ch/products/bequeme-weitfuss-schuhe-fur-damen-637500	2026-10-02
https://luxestyle.ch/products/bequeme-yoga-shorts-0a21a4	2026-10-02
https://luxestyle.ch/products/bequeme-zehenring-sandalen-fur-damen-608300	2026-10-02
https://luxestyle.ch/products/bequemer-armelloser-eleganter-damenkleid-615700	2026-10-02
https://luxestyle.ch/products/bequemer-denim-jumpsuit-mit-weitem-bein-605300	2026-10-02
https://luxestyle.ch/products/bequemer-herren-sneaker-aus-rindsleder-600300	2026-10-02
https://luxestyle.ch/products/bequemer-kapuzenpullover-fur-damen-287937	2026-10-02
https://luxestyle.ch/products/bequemer-massage-autogurt-fur-haustiere-141760	2026-10-02
https://luxestyle.ch/products/bequemer-mesh-sneaker-fur-herren-601500	2026-10-02
https://luxestyle.ch/products/bequemer-riesen-sitzsack-3918d2	2026-10-02
https://luxestyle.ch/products/bequemer-sneaker-mit-dicker-sohle-619500	2026-10-02
https://luxestyle.ch/products/bequemer-strickcardigan-609000	2026-10-02
https://luxestyle.ch/products/bequemer-strickpullover-mit-halbzipfel-605400	2026-10-02
https://luxestyle.ch/products/bequemer-strickpullover-mit-zopfmuster-636500	2026-10-02
https://luxestyle.ch/products/bequemes-burostuhlkissen-rutschfest-984704	2026-10-02
https://luxestyle.ch/products/bequemes-casual-kleid-mit-asymmetrischem-schni-618600	2026-10-02
https://luxestyle.ch/products/bequemes-dreieckskissen-fur-ihr-bett-329344	2026-10-02
https://luxestyle.ch/products/bequemes-ruckenpolster-fur-burosofa-df79f8	2026-10-02
https://luxestyle.ch/products/bequemes-sitzkissen-fur-langes-sitzen-623600	2026-10-02
https://luxestyle.ch/products/bequemschuh-fur-breiten-fuss-625200	2026-10-02
https://luxestyle.ch/products/bergani-multifunktionale-sportuhr-fur-herren-007827	2026-10-02
https://luxestyle.ch/products/bergani-quarzuhr-mit-stahlarmband-75dc8d	2026-10-02
https://luxestyle.ch/products/bergfahrradhelm-56b743	2026-10-02
https://luxestyle.ch/products/berglaufschuhe-629600	2026-10-02
https://luxestyle.ch/products/bergsteiger-campingtasche-70l-147008	2026-10-02
https://luxestyle.ch/products/bergsteigerschutzhelm-0ed60b	2026-10-02
https://luxestyle.ch/products/berjani-quartz-chronograph-herrenuhr-390208	2026-10-02
https://luxestyle.ch/products/bernstein-armband-im-freiform-609000	2026-10-02
https://luxestyle.ch/products/bernsteinarmband-fur-damen-und-herren-628700	2026-10-02
https://luxestyle.ch/products/bernsteinfriedensknopf-armband-627200	2026-10-02
https://luxestyle.ch/products/beruhigende-angst-weste-fur-haustiere-155712	2026-10-02
https://luxestyle.ch/products/beruhigende-antioxidans-emulsion-629000	2026-10-02
https://luxestyle.ch/products/beruhigende-hunde-bekleidung-fur-trennungsangs-629900	2026-10-02
https://luxestyle.ch/products/beruhigende-hundejacke-grun-blau-xs-xxxl-600900	2026-10-02
https://luxestyle.ch/products/beruhigende-seiden-feuchtigkeitsmaske-609300	2026-10-02
https://luxestyle.ch/products/beruhigendes-halsband-fur-hunde-4er-pack-615300	2026-10-02
https://luxestyle.ch/products/beruhigendes-halsband-fur-katzen-252480	2026-10-02
https://luxestyle.ch/products/beruhigendes-halsband-fur-katzen-und-hunde-619300	2026-10-02
https://luxestyle.ch/products/beruhigendes-haustierbett-im-sofa-stil-766658	2026-10-02
https://luxestyle.ch/products/beruhigendes-hundebett-fur-sofa-wasserdicht-504578	2026-10-02
https://luxestyle.ch/products/beruhigendes-kuscheltier-608200	2026-10-02
https://luxestyle.ch/products/beruhigungs-weste-fur-katzen-607200	2026-10-02
https://luxestyle.ch/products/beruhigungsspielzeug-fur-haustiere-617100	2026-10-02
https://luxestyle.ch/products/beruhrungsempfindliches-lcd-thermostat-602700	2026-10-02
https://luxestyle.ch/products/beruhrungsloser-seifenspender-fur-die-spule-611000	2026-10-02
https://luxestyle.ch/products/beruhrungsloser-turoffner-knopfdrucker-076352	2026-10-02
https://luxestyle.ch/products/beschichteter-mkr-bohrwerkzeug-fur-kleine-loch-144320	2026-10-02
https://luxestyle.ch/products/besen-fur-kuche-haushalt-610300	2026-10-02
https://luxestyle.ch/products/besteck-aufbewahrungsbox-mit-deckel-726848	2026-10-02
https://luxestyle.ch/products/besteck-organizer-aus-edelstahl-044226	2026-10-02
https://luxestyle.ch/products/besteck-set-aus-edelstahl-30-teilig-621700	2026-10-02
https://luxestyle.ch/products/besteck-set-mit-keramikgriff-865408	2026-10-02
https://luxestyle.ch/products/besteck-set-mit-schachbrettmuster-936512	2026-10-02
https://luxestyle.ch/products/besteckkasten-aus-bambus-ausziehbar-348737	2026-10-02
https://luxestyle.ch/products/besteckkasten-im-landhausstil-610800	2026-10-02
https://luxestyle.ch/products/besteckset-aus-edelstahl-bambus-943360	2026-10-02
https://luxestyle.ch/products/besteckset-aus-edelstahl-mit-bambusgriff-502528	2026-10-02
https://luxestyle.ch/products/besteckset-aus-holz-4-teilig-fga25832	2026-10-02
https://luxestyle.ch/products/besteckstander-mit-sterilisationsfunktion-b5bacb	2026-10-02
https://luxestyle.ch/products/bestickte-bluse-mit-laternenarmeln-und-v-aussc-623100	2026-10-02
https://luxestyle.ch/products/bestickte-damen-sandalen-fur-freizeit-strand-625400	2026-10-02
https://luxestyle.ch/products/bestickte-denim-shorts-mit-welpen-design-601800	2026-10-02
https://luxestyle.ch/products/bestickte-freizeithose-fur-herren-628400	2026-10-02
https://luxestyle.ch/products/bestickte-freizeitjacke-fur-herren-623200	2026-10-02
https://luxestyle.ch/products/bestickte-knight-leder-boots-mit-hohem-absatz-639000	2026-10-02
https://luxestyle.ch/products/bestickte-knochelhohe-martin-boots-fur-herren-623900	2026-10-02
https://luxestyle.ch/products/bestickte-koreanische-flats-817664	2026-10-02
https://luxestyle.ch/products/bestickte-make-up-tasche-fur-unterwegs-628500	2026-10-02
https://luxestyle.ch/products/bestickte-make-up-tasche-mit-buchstaben-621900	2026-10-02
https://luxestyle.ch/products/bestickte-mesh-flats-im-hanfu-stil-576514	2026-10-02
https://luxestyle.ch/products/bestickte-mesh-flats-mit-eckiger-zehenpartie-633900	2026-10-02
https://luxestyle.ch/products/bestickte-mesh-flats-mit-schmetterlingen-953346	2026-10-02
https://luxestyle.ch/products/bestickte-mesh-mules-mit-blumenmuster-263234	2026-10-02
https://luxestyle.ch/products/bestickte-mesh-mules-mit-tiefem-absatz-744898	2026-10-02
https://luxestyle.ch/products/bestickte-mesh-pantoletten-mit-perlen-777730	2026-10-02
https://luxestyle.ch/products/bestickte-mules-beige-elegant-bequem-106241	2026-10-02
https://luxestyle.ch/products/bestickte-plateau-mules-im-vintage-stil-138946	2026-10-02
https://luxestyle.ch/products/bestickte-plusch-kosmetiktasche-637400	2026-10-02
https://luxestyle.ch/products/bestickte-retro-herrenjacke-mit-reissverschlus-615500	2026-10-02
https://luxestyle.ch/products/bestickte-sandalen-im-ethno-stil-624600	2026-10-02
https://luxestyle.ch/products/bestickte-slip-on-herrenschuhe-637000	2026-10-02
https://luxestyle.ch/products/bestickte-sommer-mesh-sandalen-mit-keilabsatz-397377	2026-10-02
https://luxestyle.ch/products/bestickte-straight-leg-jeans-fur-herren-618200	2026-10-02
https://luxestyle.ch/products/bestickte-tanzschuhe-im-antiken-stil-600600	2026-10-02
https://luxestyle.ch/products/bestickte-tischdecke-und-kissenhulle-im-landha-700160	2026-10-02
https://luxestyle.ch/products/bestickte-vintage-bluse-fur-damen-614300	2026-10-02
https://luxestyle.ch/products/bestickte-weiter-geschnittene-spitzenhose-636400	2026-10-02
https://luxestyle.ch/products/bestickte-woll-sweatshirt-jacke-mit-reissversc-621500	2026-10-02
https://luxestyle.ch/products/bestickter-3d-mesh-stoff-fur-kleider-322880	2026-10-02
https://luxestyle.ch/products/bestickter-bienenrock-624800	2026-10-02
https://luxestyle.ch/products/bestickter-blumen-kissenbezug-nordischer-stil-0b492c	2026-10-02
https://luxestyle.ch/products/bestickter-facher-im-chinesischen-stil-615900	2026-10-02
https://luxestyle.ch/products/bestickter-fensterschutz-garten-26e632	2026-10-02
https://luxestyle.ch/products/bestickter-fenstervorhang-feder-weiss-a8ca26	2026-10-02
https://luxestyle.ch/products/bestickter-grobstrick-pullover-635000	2026-10-02
https://luxestyle.ch/products/bestickter-hoodie-im-china-stil-616200	2026-10-02
https://luxestyle.ch/products/bestickter-kapuzenpullover-im-chinesischen-sti-634200	2026-10-02
https://luxestyle.ch/products/bestickter-kissenbezug-aus-baumwoll-canvas-a00d33	2026-10-02
https://luxestyle.ch/products/bestickter-kissenbezug-aus-baumwolle-und-kasch-28c80a	2026-10-02
https://luxestyle.ch/products/bestickter-kissenbezug-aus-baumwollleinen-418432	2026-10-02
https://luxestyle.ch/products/bestickter-kissenbezug-aus-polyester-baumwolle-787904	2026-10-02
https://luxestyle.ch/products/bestickter-kissenbezug-d173ba	2026-10-02
https://luxestyle.ch/products/bestickter-kissenbezug-fur-sofa-und-zuhause-619100	2026-10-02
https://luxestyle.ch/products/bestickter-kissenbezug-mit-blumenmuster-928000	2026-10-02
https://luxestyle.ch/products/bestickter-kissenbezug-mit-fransen-478464	2026-10-02
https://luxestyle.ch/products/bestickter-kissenbezug-mit-fransen-im-boho-sti-407808	2026-10-02
https://luxestyle.ch/products/bestickter-kissenbezug-mit-quasten-307200	2026-10-02
https://luxestyle.ch/products/bestickter-kissenbezug-schwarz-weiss-619900	2026-10-02
https://luxestyle.ch/products/bestickter-midirock-mit-spitze-und-blumenmuste-610800	2026-10-02
https://luxestyle.ch/products/bestickter-quasten-schal-fur-damen-635400	2026-10-02
https://luxestyle.ch/products/bestickter-rucksack-mit-leine-fur-haustiere-614600	2026-10-02
https://luxestyle.ch/products/bestickter-samt-kissenbezug-827968	2026-10-02
https://luxestyle.ch/products/bestickter-schal-im-koreanischen-stil-631700	2026-10-02
https://luxestyle.ch/products/bestickter-spitzen-cardigan-mit-v-ausschnitt-637300	2026-10-02
https://luxestyle.ch/products/bestickter-vorhang-mit-lichtdurchlass-67cd53	2026-10-02
https://luxestyle.ch/products/bestickter-weihnachtskissenbezug-mit-bronzing-364416	2026-10-02
https://luxestyle.ch/products/besticktes-a-linien-kleid-mit-blumenmuster-619600	2026-10-02
https://luxestyle.ch/products/besticktes-a-linien-midikleid-aus-leinenmix-624900	2026-10-02
https://luxestyle.ch/products/besticktes-arbeits-shirt-624500	2026-10-02
https://luxestyle.ch/products/besticktes-armelloses-kleid-mit-spitze-611400	2026-10-02
https://luxestyle.ch/products/besticktes-armelloses-maxikleid-fur-damen-620000	2026-10-02
https://luxestyle.ch/products/besticktes-asymmetrisches-ruschen-top-fur-dame-607700	2026-10-02
https://luxestyle.ch/products/besticktes-baseball-cap-fur-damen-605900	2026-10-02
https://luxestyle.ch/products/besticktes-baumwoll-leinen-hemd-618300	2026-10-02
https://luxestyle.ch/products/besticktes-baumwoll-leinen-tragerkleid-605800	2026-10-02
https://luxestyle.ch/products/besticktes-baumwoll-t-shirt-mit-rundhals-620400	2026-10-02
https://luxestyle.ch/products/besticktes-baumwollkissen-ee432c	2026-10-02
https://luxestyle.ch/products/besticktes-baumwollkleid-im-a-linien-schnitt-633200	2026-10-02
https://luxestyle.ch/products/besticktes-blumenkleid-fur-damen-628600	2026-10-02
https://luxestyle.ch/products/besticktes-blusentop-mit-laternenarmeln-628400	2026-10-02
https://luxestyle.ch/products/besticktes-chiffon-shirt-mit-ruschen-und-reiss-636400	2026-10-02
https://luxestyle.ch/products/besticktes-crop-top-weite-hose-set-752385	2026-10-02
https://luxestyle.ch/products/besticktes-dekokissen-nach-wunsch-959936	2026-10-02
https://luxestyle.ch/products/besticktes-denim-hemd-fur-damen-618100	2026-10-02
https://luxestyle.ch/products/besticktes-gerafftes-langarmshirt-617000	2026-10-02
https://luxestyle.ch/products/besticktes-hanfu-kleid-im-chinesischen-stil-634500	2026-10-02
https://luxestyle.ch/products/besticktes-jacquard-top-mit-ruschen-und-v-auss-609900	2026-10-02
https://luxestyle.ch/products/besticktes-kissen-american-dog-008448	2026-10-02
https://luxestyle.ch/products/besticktes-kissen-aus-baumwoll-leinen-627900	2026-10-02
https://luxestyle.ch/products/besticktes-kissen-aus-baumwolle-und-leinen-592512	2026-10-02
https://luxestyle.ch/products/besticktes-kissen-mit-blumenmuster-7832bf	2026-10-02
https://luxestyle.ch/products/besticktes-kissen-mit-quasten-45x45cm-130176	2026-10-02
https://luxestyle.ch/products/besticktes-kissen-mit-tiermotiv-737088	2026-10-02
https://luxestyle.ch/products/besticktes-kissen-picasso-abstrakt-549440	2026-10-02
https://luxestyle.ch/products/besticktes-kleid-mit-v-ausschnitt-629100	2026-10-02
https://luxestyle.ch/products/besticktes-kurzarm-polohemd-fur-herren-605900	2026-10-02
https://luxestyle.ch/products/besticktes-kurzarmhemd-fur-herren-603400	2026-10-02
https://luxestyle.ch/products/besticktes-langarm-freizeitkleid-mit-print-602400	2026-10-02
https://luxestyle.ch/products/besticktes-langarm-shirt-mit-stehkragen-638000	2026-10-02
https://luxestyle.ch/products/besticktes-langarmshirt-fur-damen-615400	2026-10-02
https://luxestyle.ch/products/besticktes-langarmshirt-mit-spitzenbesatz-626400	2026-10-02
https://luxestyle.ch/products/besticktes-leinen-baumwoll-shirt-615400	2026-10-02
https://luxestyle.ch/products/besticktes-maxikleid-fur-damen-630000	2026-10-02
https://luxestyle.ch/products/besticktes-mesh-tragerkleid-fur-damen-622700	2026-10-02
https://luxestyle.ch/products/besticktes-midi-kleid-im-retro-ethno-stil-631600	2026-10-02
https://luxestyle.ch/products/besticktes-midi-kleid-mit-gurtel-619500	2026-10-02
https://luxestyle.ch/products/besticktes-midikleid-mit-puffarmeln-613700	2026-10-02
https://luxestyle.ch/products/besticktes-midikleid-mit-rundhalsausschnitt-630500	2026-10-02
https://luxestyle.ch/products/besticktes-pluschhaschen-mit-wunschnamen-622500	2026-10-02
https://luxestyle.ch/products/besticktes-quasten-armband-mit-buchstaben-635700	2026-10-02
https://luxestyle.ch/products/besticktes-schmetterlings-shirt-fur-damen-637900	2026-10-02
https://luxestyle.ch/products/besticktes-shirt-im-franzosischen-stil-620400	2026-10-02
https://luxestyle.ch/products/besticktes-sommerkleid-616300	2026-10-02
https://luxestyle.ch/products/besticktes-tragerloses-maxikleid-mit-blumenmus-612800	2026-10-02
https://luxestyle.ch/products/besticktes-v-ausschnitt-kleid-630300	2026-10-02
https://luxestyle.ch/products/besticktes-v-ausschnitt-leinenkleid-618400	2026-10-02
https://luxestyle.ch/products/besticktes-v-ausschnitt-maxikleid-632200	2026-10-02
https://luxestyle.ch/products/besticktes-v-neck-shirt-aus-baumwoll-leinen-606400	2026-10-02
https://luxestyle.ch/products/besticktes-zierkissen-605300	2026-10-02
https://luxestyle.ch/products/besticktes-zierkissen-fur-luxuriose-sofas-065152	2026-10-02
https://luxestyle.ch/products/bett-mobile-fur-hand-augen-koordination-635300	2026-10-02
https://luxestyle.ch/products/bettbezug-paar-aus-tencel-der-klasse-a-632900	2026-10-02
https://luxestyle.ch/products/bettkissen-fur-schwangerschaft-und-lendenwirbe-624400	2026-10-02
https://luxestyle.ch/products/betttucher-set-615200	2026-10-02
https://luxestyle.ch/products/bettuberwurf-619200	2026-10-02
https://luxestyle.ch/products/bettvorleger-new-chinese-b56b9f	2026-10-02
https://luxestyle.ch/products/bettwasche-set-aus-agyptischer-baumwolle-401600	2026-10-02
https://luxestyle.ch/products/bettwasche-set-fur-studenten-ganzjahres-baumwo-627800	2026-10-02
https://luxestyle.ch/products/bettwasche-set-golden-jacquard-4-teilig-048896	2026-10-02
https://luxestyle.ch/products/beugekissen-039552	2026-10-02
https://luxestyle.ch/products/beweegbare-sneaker-616700	2026-10-02
https://luxestyle.ch/products/bewegungsmelder-nachtlicht-fur-wohnraume-618200	2026-10-02
https://luxestyle.ch/products/bewegungssensor-schreibtischlampe-fur-schlafzi-610200	2026-10-02
https://luxestyle.ch/products/bewegungssensor-wandleuchte-im-laternen-stil-618900	2026-10-02
https://luxestyle.ch/products/bezug-fur-stretch-sofahusse-2d71cd	2026-10-02
https://luxestyle.ch/products/bg-streetwear-retro-strickpullover-605300	2026-10-02
https://luxestyle.ch/products/bian-stein-massagegerat-mit-warmefunktion-608600	2026-10-02
https://luxestyle.ch/products/bibimbap-topfuntersetzer-aus-holz-622100	2026-10-02
https://luxestyle.ch/products/bicolor-herz-halskette-mit-anhanger-619100	2026-10-02
https://luxestyle.ch/products/biden-herren-quarzuhr-hohl-leger-052544	2026-10-02
https://luxestyle.ch/products/biden-herrenuhr-ultraflach-mit-kalender-611776	2026-10-02
https://luxestyle.ch/products/bidetmischer-armatur-chrom-009921	2026-10-02
https://luxestyle.ch/products/bienchen-figur-aus-wolle-606200	2026-10-02
https://luxestyle.ch/products/bienen-armband-mit-zirkonia-und-ol-tropfen-614900	2026-10-02
https://luxestyle.ch/products/bienen-schmetterlings-bausatz-702912	2026-10-02
https://luxestyle.ch/products/bienenfalle-fur-den-aussenbereich-2er-set-633800	2026-10-02
https://luxestyle.ch/products/bienenfutterautomat-im-american-style-607100	2026-10-02
https://luxestyle.ch/products/bienenwachs-beutel-fur-fruchte-gemuse-618500	2026-10-02
https://luxestyle.ch/products/bienenwachs-brotbeutel-biologisch-abbaubar-619900	2026-10-02
https://luxestyle.ch/products/bienenwachs-brotbeutel-leinen-baumwolle-637800	2026-10-02
https://luxestyle.ch/products/bienenwachs-haarentfernungs-wachsgerat-tragbar-621100	2026-10-02
https://luxestyle.ch/products/bienenwachs-heizgerat-fur-ganzkorper-haarentfe-1d1588	2026-10-02
https://luxestyle.ch/products/bienenwachs-tuch-zum-frischhalten-von-lebensmi-506240	2026-10-02
https://luxestyle.ch/products/bienenwachstuch-zur-lebensmittelaufbewahrung-7f685a	2026-10-02
https://luxestyle.ch/products/bienenwachstucher-fur-nachhaltige-lebensmittel-248256	2026-10-02
https://luxestyle.ch/products/bier-kanule-grun-fga921125	2026-10-02
https://luxestyle.ch/products/bier-kanule-pink-fga921126	2026-10-02
https://luxestyle.ch/products/bier-kuhlstab-aus-edelstahl-387456	2026-10-02
https://luxestyle.ch/products/bierfilter-kartusche-fur-hobbybrauer-267840	2026-10-02
https://luxestyle.ch/products/big-bee-metall-bausatz-3d-modell-631000	2026-10-02
https://luxestyle.ch/products/big-belly-eisenkochtopf-antihaft-601200	2026-10-02
https://luxestyle.ch/products/big-edge-doppel-jet-luftbefeuchter-mit-digital-433088	2026-10-02
https://luxestyle.ch/products/big-foot-bone-wide-toe-schuhe-fur-kinder-607100	2026-10-02
https://luxestyle.ch/products/big-wave-lockenstab-mit-anionen-technologie-115264	2026-10-02
https://luxestyle.ch/products/bike-griff-aus-aluminiumlegierung-193920	2026-10-02
https://luxestyle.ch/products/bike-ruckenfach-doppelgurteltasche-938880	2026-10-02
https://luxestyle.ch/products/bike-rucklicht-mit-sensor-anti-diebstahl-usb-584960	2026-10-02
https://luxestyle.ch/products/bikehelm-herren-damen-mountain-strasse-485568	2026-10-02
https://luxestyle.ch/products/biker-set-fga974604	2026-10-02
https://luxestyle.ch/products/bikini-mit-maxi-rock-522561	2026-10-02
https://luxestyle.ch/products/bikini-set-483841	2026-10-02
https://luxestyle.ch/products/bikini-set-612400	2026-10-02
https://luxestyle.ch/products/bikini-set-939841	2026-10-02
https://luxestyle.ch/products/bikini-set-damen-einteilig-schmeichelhaft-s-3xl-mehrere-farben	2026-10-02
https://luxestyle.ch/products/bikini-set-mit-print-tragern-620800	2026-10-02
https://luxestyle.ch/products/bikini-top-mit-pailletten-und-halskette-610600	2026-10-02
https://luxestyle.ch/products/bild-3d-clown-hologram-fgack10734	2026-10-02
https://luxestyle.ch/products/bild-mit-blumenlandschaft-bde127	2026-10-02
https://luxestyle.ch/products/bilderbuchbaum-46d31c	2026-10-02
https://luxestyle.ch/products/bilderrahmen-fur-kinderkunst-zum-offnen-627900	2026-10-02
https://luxestyle.ch/products/bildschirmprojektor-fur-auto-641728	2026-10-02
https://luxestyle.ch/products/billiard-print-strickweste-fur-damen-649345	2026-10-02
https://luxestyle.ch/products/bimini-deckscharnier-mit-schnellverschluss-062016	2026-10-02
https://luxestyle.ch/products/binauraler-316-edelstahl-suppentopf-24cm-mit-d-609900	2026-10-02
https://luxestyle.ch/products/binbang-business-quarzuhr-fur-herren-618000	2026-10-02
https://luxestyle.ch/products/bingo-losbox-acryl-fga717861	2026-10-02
https://luxestyle.ch/products/bingo-nummernballe-1-90-fga82017	2026-10-02
https://luxestyle.ch/products/binokulares-infrarot-nachtsichtgerat-mit-foto-623600	2026-10-02
https://luxestyle.ch/products/binya-fashion-kalender-herrenuhr-eb284c	2026-10-02
https://luxestyle.ch/products/bio-baumwollstoff-mit-ozean-motiven-381568	2026-10-02
https://luxestyle.ch/products/bio-collagen-true-deep-maske-606300	2026-10-02
https://luxestyle.ch/products/bio-jutebeutel-selbst-gestalten	2026-10-02
https://luxestyle.ch/products/bio-selbstbraunungstropfen-fur-gesicht-korper-946818	2026-10-02
https://luxestyle.ch/products/biolomix-stabmixer-4-in-1-78ca1f	2026-10-02
https://luxestyle.ch/products/bionic-farbwechsel-concealer-608600	2026-10-02
https://luxestyle.ch/products/bionischer-roboterhund-grau-601100	2026-10-02
https://luxestyle.ch/products/biotin-haarserum-610100	2026-10-02
https://luxestyle.ch/products/birmingham-set-mutze-und-weste-fgssbo3301	2026-10-02
https://luxestyle.ch/products/birnenformiger-ring-mit-diamant-inlay-639700	2026-10-02
https://luxestyle.ch/products/birnenformiger-zirkon-ring-610900	2026-10-02
https://luxestyle.ch/products/bisangwei-aufblasbares-tpu-kissen-16800d	2026-10-02
https://luxestyle.ch/products/biscuit-sitzkissen-fur-burostuhl-und-esszimmer-628300	2026-10-02
https://luxestyle.ch/products/bissfeste-elektro-jump-ball-fur-katzen-hunde-633300	2026-10-02
https://luxestyle.ch/products/bissfester-corn-dog-fur-hunde-mit-gerausche-617400	2026-10-02
https://luxestyle.ch/products/bissfester-spielkamerad-612200	2026-10-02
https://luxestyle.ch/products/bissfestes-pluschspielzeug-614800	2026-10-02
https://luxestyle.ch/products/bissfestes-spielzeug-390912	2026-10-02
https://luxestyle.ch/products/bizeps-trainingsboard-675072	2026-10-02
https://luxestyle.ch/products/bjd-mini-mikrofon-fur-puppen-671680	2026-10-02
https://luxestyle.ch/products/black-diamond-kartenbox-aus-aluminium-653500	2026-10-02
https://luxestyle.ch/products/black-eight-billiards-pluschkissen-417536	2026-10-02
https://luxestyle.ch/products/black-glacier-design-nagel-zum-aufkleben-548032	2026-10-02
https://luxestyle.ch/products/black-is-art-duschvorhang-ea032c	2026-10-02
https://luxestyle.ch/products/black-lightning-wireless-elite-bluetooth-contr-605000	2026-10-02
https://luxestyle.ch/products/black-skull-and-bone-armband-608900	2026-10-02
https://luxestyle.ch/products/black-tech-power-mechanik-marathon-laufschuhe-620900	2026-10-02
https://luxestyle.ch/products/black-white-swan-make-up-set-852992	2026-10-02
https://luxestyle.ch/products/black-wolf-nail-art-pinselset-972416	2026-10-02
https://luxestyle.ch/products/blackout-vorhang-151746	2026-10-02
https://luxestyle.ch/products/blade-herren-sportschuhe-770240	2026-10-02
https://luxestyle.ch/products/blade-low-top-laufschuhe-fur-herren-374208	2026-10-02
https://luxestyle.ch/products/blade-mesh-sportschuh-fur-herren-628600	2026-10-02
https://luxestyle.ch/products/blade-sports-mesh-laufschuhe-614000	2026-10-02
https://luxestyle.ch/products/blanc-cover-cream-stick-v-foundation-628400	2026-10-02
https://luxestyle.ch/products/blassgrune-tischtuchrolle-fga19516	2026-10-02
https://luxestyle.ch/products/blatter-spitzen-halsband-fur-haustiere-854720	2026-10-02
https://luxestyle.ch/products/blatterkissen-536576	2026-10-02
https://luxestyle.ch/products/blattermuster-kupferarmband-604700	2026-10-02
https://luxestyle.ch/products/blattformiges-hundebett-472832	2026-10-02
https://luxestyle.ch/products/blattloser-haartrockner-5a8e65	2026-10-02
https://luxestyle.ch/products/blau-38-zoll-akustikgitarre-set-680065	2026-10-02
https://luxestyle.ch/products/blau-gepunktetes-sofakissen-024384	2026-10-02
https://luxestyle.ch/products/blau-jeans-mit-spitze-und-patchwork-609500	2026-10-02
https://luxestyle.ch/products/blau-karierte-haustier-leine-2981db	2026-10-02
https://luxestyle.ch/products/blau-kariertes-hunde-halsband-43545b	2026-10-02
https://luxestyle.ch/products/blau-weiss-plaid-krakel-oberteil-herren-kurzar-631200	2026-10-02
https://luxestyle.ch/products/blau-weisse-keramikdose-fur-tee-gewurze-629900	2026-10-02
https://luxestyle.ch/products/blau-weisse-patchwork-kissenhulle-666240	2026-10-02
https://luxestyle.ch/products/blau-weisser-liberty-baumwollstoff-mit-blumenm-690112	2026-10-02
https://luxestyle.ch/products/blau-weisses-langarmshirt-mit-porzellan-print-601500	2026-10-02
https://luxestyle.ch/products/blau-weisses-patchwork-kissen-fur-sofa-807872	2026-10-02
https://luxestyle.ch/products/blaue-bellbottom-hosen-604200	2026-10-02
https://luxestyle.ch/products/blaue-chenille-vorhange-613800	2026-10-02
https://luxestyle.ch/products/blaue-glasierte-fruchtschale-604400	2026-10-02
https://luxestyle.ch/products/blaue-handgemachte-nagel-zum-aufkleben-629700	2026-10-02
https://luxestyle.ch/products/blaue-herrenuhr-mit-lederarmband-d592e2	2026-10-02
https://luxestyle.ch/products/blaue-jeans-mit-cartoon-stickerei-609100	2026-10-02
https://luxestyle.ch/products/blaue-kapuzen-sweater-610900	2026-10-02
https://luxestyle.ch/products/blaue-perlenkette-635900	2026-10-02
https://luxestyle.ch/products/blaue-schmetterlings-kunstnagel-lang-495361	2026-10-02
https://luxestyle.ch/products/blaue-schmetterlings-press-on-nagel-954754	2026-10-02
https://luxestyle.ch/products/blauer-a-linien-rock-613700	2026-10-02
https://luxestyle.ch/products/blauer-a-linien-rock-628600	2026-10-02
https://luxestyle.ch/products/blauer-a-linienrock-611700	2026-10-02
https://luxestyle.ch/products/blauer-blockschiff-624000	2026-10-02
https://luxestyle.ch/products/blauer-cardigan-jacket-620200	2026-10-02
https://luxestyle.ch/products/blauer-casual-denim-kleid-637500	2026-10-02
https://luxestyle.ch/products/blauer-casual-shirt-600400	2026-10-02
https://luxestyle.ch/products/blauer-deko-topf-fur-sukkulenten-603600	2026-10-02
https://luxestyle.ch/products/blauer-denim-hosen-fur-damen-630400	2026-10-02
https://luxestyle.ch/products/blauer-elch-kissenbezug-aus-baumwolle-und-lein-242a8c	2026-10-02
https://luxestyle.ch/products/blauer-halsausschnitt-rock-604400	2026-10-02
https://luxestyle.ch/products/blauer-helm-rucksack-630400	2026-10-02
https://luxestyle.ch/products/blauer-himmel-tassen-688832	2026-10-02
https://luxestyle.ch/products/blauer-hoodie-613300	2026-10-02
https://luxestyle.ch/products/blauer-hundebogenshirt-968960	2026-10-02
https://luxestyle.ch/products/blauer-jeansrock-mit-elastischem-bund-628100	2026-10-02
https://luxestyle.ch/products/blauer-jumpsuit-mit-straight-leg-hose-618300	2026-10-02
https://luxestyle.ch/products/blauer-kaiserjasper-armband-604300	2026-10-02
https://luxestyle.ch/products/blauer-kissenbezug-984448	2026-10-02
https://luxestyle.ch/products/blauer-kissenbezug-mit-zierquaste-623000	2026-10-02
https://luxestyle.ch/products/blauer-klangball-327104	2026-10-02
https://luxestyle.ch/products/blauer-konigsmantel-fgafm11842646	2026-10-02
https://luxestyle.ch/products/blauer-langrock-mit-taschen-632400	2026-10-02
https://luxestyle.ch/products/blauer-leinenhalsband-0295ec	2026-10-02
https://luxestyle.ch/products/blauer-linienrock-mit-stickerei-639800	2026-10-02
https://luxestyle.ch/products/blauer-nylon-halsband-mit-skull-design-513920	2026-10-02
https://luxestyle.ch/products/blauer-pfau-wandteppich-8c6cf8	2026-10-02
https://luxestyle.ch/products/blauer-pflanzenkragen-748352	2026-10-02
https://luxestyle.ch/products/blauer-puffarmel-shirt-635500	2026-10-02
https://luxestyle.ch/products/blauer-pullover-mit-wellenmuster-633000	2026-10-02
https://luxestyle.ch/products/blauer-rennwagen-bausatz-952064	2026-10-02
https://luxestyle.ch/products/blauer-rock-mit-asymmetrischem-kleid-606400	2026-10-02
https://luxestyle.ch/products/blauer-satin-jacquard-kissenbezug-923136	2026-10-02
https://luxestyle.ch/products/blauer-slim-fit-rock-602000	2026-10-02
https://luxestyle.ch/products/blauer-sportwagen-641984	2026-10-02
https://luxestyle.ch/products/blauer-stretch-hosen-625500	2026-10-02
https://luxestyle.ch/products/blauer-striped-langarm-shirtrock-601900	2026-10-02
https://luxestyle.ch/products/blaues-denim-fur-herren-603600	2026-10-02
https://luxestyle.ch/products/blaues-hunde-gstaltli-42796b	2026-10-02
https://luxestyle.ch/products/blaues-kariertes-kurzarmling-shirt-632700	2026-10-02
https://luxestyle.ch/products/blaues-karo-hemd-mit-stickerei-613300	2026-10-02
https://luxestyle.ch/products/blaues-katzenauge-kurz-nagelset-628200	2026-10-02
https://luxestyle.ch/products/blaues-licht-fur-reine-haut-9a6bb8	2026-10-02
https://luxestyle.ch/products/blaues-oberteil-mit-blumenprint-und-puffarmeln-624800	2026-10-02
https://luxestyle.ch/products/blaues-schaumstoff-flugzeug-mit-elektromotor-239681	2026-10-02
https://luxestyle.ch/products/blaues-schlankes-button-basiertes-shirt-608000	2026-10-02
https://luxestyle.ch/products/blaues-skinny-pantalon-mit-print-640200	2026-10-02
https://luxestyle.ch/products/blaues-spaghetti-top-mit-blumenmuster-632600	2026-10-02
https://luxestyle.ch/products/blaues-stickerei-button-shirt-mit-ausschnitt-622700	2026-10-02
https://luxestyle.ch/products/blaues-straight-jeans-616000	2026-10-02
https://luxestyle.ch/products/blaues-streifen-shirt-625200	2026-10-02
https://luxestyle.ch/products/blaues-streifenkleid-625400	2026-10-02
https://luxestyle.ch/products/blaues-strickkleid-mit-tiefem-v-rucken-und-blu-631400	2026-10-02
https://luxestyle.ch/products/blaues-tufted-jacquard-kissen-631200	2026-10-02
https://luxestyle.ch/products/blaulichtfilter-brille-fur-damen-612800	2026-10-02
https://luxestyle.ch/products/blaulichtfilter-lesebrille-mit-nasenclip-637700	2026-10-02
https://luxestyle.ch/products/blazer-mit-blumenmuster-und-spitze-625400	2026-10-02
https://luxestyle.ch/products/blazer-mit-embroidery-629400	2026-10-02
https://luxestyle.ch/products/blazer-mit-perlen-schlaghose-2-teiliges-set-646337	2026-10-02
https://luxestyle.ch/products/blazer-roma-tailliert-mit-bindegurtel-revers	2026-10-02
https://luxestyle.ch/products/blazer-top-mit-blumenmuster-und-spitzenbesatz-611700	2026-10-02
https://luxestyle.ch/products/bleisiegelzange-fur-zahler-593920	2026-10-02
https://luxestyle.ch/products/blickdichter-vorhang-mit-verdunkelungsfutter-243392	2026-10-02
https://luxestyle.ch/products/blindnietmuttern-set-flachkopf-gerandelt-44bd07	2026-10-02
https://luxestyle.ch/products/blockfarben-sweatshirt-fur-damen-605900	2026-10-02
https://luxestyle.ch/products/blonde-vokuhila-perucke-fga904652	2026-10-02
https://luxestyle.ch/products/blossom-damenuhr-wasserdicht-mit-blumenmuster-631500	2026-10-02
https://luxestyle.ch/products/bltouch-auto-leveling-sensor-upgrade-kit-220032	2026-10-02
https://luxestyle.ch/products/blubber-panzerwagen-fur-kinder-8df11c	2026-10-02
https://luxestyle.ch/products/blue-butterfly-press-on-nagel-606500	2026-10-02
https://luxestyle.ch/products/blue-eyed-pearl-ohrringe-aus-edelstahl-628000	2026-10-02
https://luxestyle.ch/products/blue-light-hochfrequenz-elektrotherapie-set-6-609000	2026-10-02
https://luxestyle.ch/products/blue-mini-hautpflege-set-608300	2026-10-02
https://luxestyle.ch/products/blue-phantom-sportwagen-bausteine-modell-760960	2026-10-02
https://luxestyle.ch/products/bluemagic-cube-intelligente-katzentoilette-243266	2026-10-02
https://luxestyle.ch/products/blueretro-wireless-controller-adapter-fur-ps1-031232	2026-10-02
https://luxestyle.ch/products/bluetooth-2-in-1-audio-sender-empfanger-346752	2026-10-02
https://luxestyle.ch/products/bluetooth-anruf-sportuhr-mit-zwei-armbandern-639200	2026-10-02
https://luxestyle.ch/products/bluetooth-ant-herzfrequenz-armband-655100	2026-10-02
https://luxestyle.ch/products/bluetooth-anti-verlust-tracker-d8f12a	2026-10-02
https://luxestyle.ch/products/bluetooth-aroma-diffuser-mit-musik-nachtlicht-541440	2026-10-02
https://luxestyle.ch/products/bluetooth-audio-2-in-1-adapter-629000	2026-10-02
https://luxestyle.ch/products/bluetooth-audio-adapter-cf1c1b	2026-10-02
https://luxestyle.ch/products/bluetooth-audio-empfanger-fur-game-controller-603000	2026-10-02
https://luxestyle.ch/products/bluetooth-audio-empfanger-furs-auto-a0dc61	2026-10-02
https://luxestyle.ch/products/bluetooth-audio-outdoor-ladestation-606500	2026-10-02
https://luxestyle.ch/products/bluetooth-aufnahme-armband-mit-touchscreen-175680	2026-10-02
https://luxestyle.ch/products/bluetooth-auto-clicker-fur-live-streams-612600	2026-10-02
https://luxestyle.ch/products/bluetooth-beistelltisch-mit-wireless-charging-027072	2026-10-02
https://luxestyle.ch/products/bluetooth-blutsauerstoff-tracker-furs-handgele-993152	2026-10-02
https://luxestyle.ch/products/bluetooth-brille-mit-stereo-headset-330304	2026-10-02
https://luxestyle.ch/products/bluetooth-controller-fur-android-iphone-880832	2026-10-02
https://luxestyle.ch/products/bluetooth-controller-fur-mobile-tablet-d96c17	2026-10-02
https://luxestyle.ch/products/bluetooth-controller-fur-smartphones-split-614400	2026-10-02
https://luxestyle.ch/products/bluetooth-controller-mit-kuhlfunktion-fur-ipho-3509dd	2026-10-02
https://luxestyle.ch/products/bluetooth-controller-mit-six-axis-bewegung-154816	2026-10-02
https://luxestyle.ch/products/bluetooth-couchtisch-mit-wireless-charging-983360	2026-10-02
https://luxestyle.ch/products/bluetooth-douyu-special-cylinder-kleiner-fisch-629300	2026-10-02
https://luxestyle.ch/products/bluetooth-ear-hook-kopfhorer-mit-langer-akkula-619800	2026-10-02
https://luxestyle.ch/products/bluetooth-earphone-mit-led-anzeige-143094	2026-10-02
https://luxestyle.ch/products/bluetooth-earphones-sport-non-in-ear-612700	2026-10-02
https://luxestyle.ch/products/bluetooth-empfanger-fur-desktop-pc-892672	2026-10-02
https://luxestyle.ch/products/bluetooth-fernbedienung-empfanger-fb1765	2026-10-02
https://luxestyle.ch/products/bluetooth-game-controller-84609b	2026-10-02
https://luxestyle.ch/products/bluetooth-game-handle-886336	2026-10-02
https://luxestyle.ch/products/bluetooth-gamecontroller-fur-android-smartphon-634800	2026-10-02
https://luxestyle.ch/products/bluetooth-gamecontroller-fur-pc-switch-android-427264	2026-10-02
https://luxestyle.ch/products/bluetooth-gamecontroller-fur-smartphone-tablet-738d37	2026-10-02
https://luxestyle.ch/products/bluetooth-gamepad-612300	2026-10-02
https://luxestyle.ch/products/bluetooth-gamepad-fur-diverse-gerate-a8b390	2026-10-02
https://luxestyle.ch/products/bluetooth-gamepad-fur-ios-metall-buttons-558976	2026-10-02
https://luxestyle.ch/products/bluetooth-gamepad-fur-iphone-android-b69010	2026-10-02
https://luxestyle.ch/products/bluetooth-gamepad-fur-ps4-ps5-xbox-aa8106	2026-10-02
https://luxestyle.ch/products/bluetooth-gamepad-fur-switch-pc-und-android-06f284	2026-10-02
https://luxestyle.ch/products/bluetooth-gamepad-mit-ein-tasten-funktion-374976	2026-10-02
https://luxestyle.ch/products/bluetooth-gamepad-mit-vibration-fur-tablet-swi-042624	2026-10-02
https://luxestyle.ch/products/bluetooth-gaming-controller-mit-3d-vr-brille-341696	2026-10-02
https://luxestyle.ch/products/bluetooth-gaming-pistole-fur-shooter-cfa637	2026-10-02
https://luxestyle.ch/products/bluetooth-grip-ring-handtrainer-128322	2026-10-02
https://luxestyle.ch/products/bluetooth-headset-299137	2026-10-02
https://luxestyle.ch/products/bluetooth-headset-629400	2026-10-02
https://luxestyle.ch/products/bluetooth-headset-armband-0103e8	2026-10-02
https://luxestyle.ch/products/bluetooth-headset-fur-motorradhelme-602100	2026-10-02
https://luxestyle.ch/products/bluetooth-in-ear-kopfhorer-mit-digitalanzeige-632000	2026-10-02
https://luxestyle.ch/products/bluetooth-kopfband-fur-sport-und-freizeit-831616	2026-10-02
https://luxestyle.ch/products/bluetooth-kopfhorer-etui-aus-nussholz-623400	2026-10-02
https://luxestyle.ch/products/bluetooth-kopfhorer-fur-langzeit-tragekomfort-619200	2026-10-02
https://luxestyle.ch/products/bluetooth-kopfhorer-ladestation-fa41cd	2026-10-02
https://luxestyle.ch/products/bluetooth-kopfhorer-mit-enc-gerauschunterdruck-621900	2026-10-02
https://luxestyle.ch/products/bluetooth-lautsprecher-bausatz-zum-selberbauen-925376	2026-10-02
https://luxestyle.ch/products/bluetooth-lautsprecher-fur-computer-616000	2026-10-02
https://luxestyle.ch/products/bluetooth-lautsprecher-mit-2-mikrofonen-fur-ou-627200	2026-10-02
https://luxestyle.ch/products/bluetooth-lautsprecher-mit-farblicht-617500	2026-10-02
https://luxestyle.ch/products/bluetooth-lautsprecher-mit-handyhalterung-613500	2026-10-02
https://luxestyle.ch/products/bluetooth-lautsprecher-mit-led-uhr-83e14f	2026-10-02
https://luxestyle.ch/products/bluetooth-lautsprecher-mit-mikrofon-wireless-s-602800	2026-10-02
https://luxestyle.ch/products/bluetooth-lautsprecher-mit-nachtlicht-uhr-dd0272	2026-10-02
https://luxestyle.ch/products/bluetooth-lautsprecher-mit-subwoofer-und-later-767104	2026-10-02
https://luxestyle.ch/products/bluetooth-lautsprecher-mit-wecker-und-ladefunk-625200	2026-10-02
https://luxestyle.ch/products/bluetooth-lautsprecher-mit-wecker-und-radio-979264	2026-10-02
https://luxestyle.ch/products/bluetooth-lautsprecher-tasche-616100	2026-10-02
https://luxestyle.ch/products/bluetooth-lautsprecher-weisser-tiger-857792	2026-10-02
https://luxestyle.ch/products/bluetooth-led-spiegel-mit-virtueller-beleuchtu-dcb45d	2026-10-02
https://luxestyle.ch/products/bluetooth-lenkrad-controller-250368	2026-10-02
https://luxestyle.ch/products/bluetooth-maske-mit-integrierten-kopfhorern-466880	2026-10-02
https://luxestyle.ch/products/bluetooth-mikrofon-set-fur-familie-626100	2026-10-02
https://luxestyle.ch/products/bluetooth-mikrofon-und-lautsprecher-526080	2026-10-02
https://luxestyle.ch/products/bluetooth-mini-controller-fur-smartphone-table-389824	2026-10-02
https://luxestyle.ch/products/bluetooth-mobile-game-controller-fur-android-i-627904	2026-10-02
https://luxestyle.ch/products/bluetooth-mobile-gaming-controller-fur-iphone-7c1838	2026-10-02
https://luxestyle.ch/products/bluetooth-mp3-decoder-fm-radio-modul-170688	2026-10-02
https://luxestyle.ch/products/bluetooth-mp3-fm-transmitter-mit-dual-usb-439040	2026-10-02
https://luxestyle.ch/products/bluetooth-mp3-player-mit-touchscreen-623500	2026-10-02
https://luxestyle.ch/products/bluetooth-musik-player-sportuhr-625200	2026-10-02
https://luxestyle.ch/products/bluetooth-musik-und-stimmungslicht-118208	2026-10-02
https://luxestyle.ch/products/bluetooth-ohrhorer-tasche-624200	2026-10-02
https://luxestyle.ch/products/bluetooth-one-hand-gaming-controller-d78536	2026-10-02
https://luxestyle.ch/products/bluetooth-ortungstracker-568450	2026-10-02
https://luxestyle.ch/products/bluetooth-over-ear-kopfhorer-mit-langer-akkula-636900	2026-10-02
https://luxestyle.ch/products/bluetooth-pedometer-uhr-a6a3f1	2026-10-02
https://luxestyle.ch/products/bluetooth-player-furs-auto-611700	2026-10-02
https://luxestyle.ch/products/bluetooth-player-mit-lampe-und-wireless-charge-69373f	2026-10-02
https://luxestyle.ch/products/bluetooth-ring-fernbedienung-863296	2026-10-02
https://luxestyle.ch/products/bluetooth-saulenlautsprecher-mit-led-licht-26a744	2026-10-02
https://luxestyle.ch/products/bluetooth-schlaf-stirnband-mit-musik-614700	2026-10-02
https://luxestyle.ch/products/bluetooth-schlafmaske-fur-lange-wimpern-626400	2026-10-02
https://luxestyle.ch/products/bluetooth-smart-armband-mit-touch-display-703296	2026-10-02
https://luxestyle.ch/products/bluetooth-smartwatch-692352	2026-10-02
https://luxestyle.ch/products/bluetooth-smartwatch-fur-damen-ultradunn-622100	2026-10-02
https://luxestyle.ch/products/bluetooth-smartwatch-international-636400	2026-10-02
https://luxestyle.ch/products/bluetooth-smartwatch-max7-1-32-display-578688	2026-10-02
https://luxestyle.ch/products/bluetooth-smartwatch-mit-gesundheitsfunktionen-961472	2026-10-02
https://luxestyle.ch/products/bluetooth-smartwatch-mit-offline-zahlung-096448	2026-10-02
https://luxestyle.ch/products/bluetooth-smartwatch-mit-touchscreen-609100	2026-10-02
https://luxestyle.ch/products/bluetooth-sonnenbrille-mit-stereo-headset-898304	2026-10-02
https://luxestyle.ch/products/bluetooth-speaker-kopfhorer-combo-283776	2026-10-02
https://luxestyle.ch/products/bluetooth-speaker-mit-dual-mikrofon-336384	2026-10-02
https://luxestyle.ch/products/bluetooth-speaker-mit-ktv-mikrofon-450944	2026-10-02
https://luxestyle.ch/products/bluetooth-speaker-mit-mikrofon-stage-lights-610300	2026-10-02
https://luxestyle.ch/products/bluetooth-speaker-mit-rgb-lampe-tws-641200	2026-10-02
https://luxestyle.ch/products/bluetooth-speaker-mit-subwoofer-und-licht-aca210	2026-10-02
https://luxestyle.ch/products/bluetooth-speaker-mit-subwoofer-und-uhr-198272	2026-10-02
https://luxestyle.ch/products/bluetooth-sport-armband-210112	2026-10-02
https://luxestyle.ch/products/bluetooth-sport-kopfhorer-klappbar-625400	2026-10-02
https://luxestyle.ch/products/bluetooth-sport-smartwatch-mit-schrittzahler-729856	2026-10-02
https://luxestyle.ch/products/bluetooth-sports-watch-herzfrequenz-schlaf-mon-224192	2026-10-02
https://luxestyle.ch/products/bluetooth-sportuhr-mit-runddisplay-193216	2026-10-02
https://luxestyle.ch/products/bluetooth-sportuhr-mit-schlafuberwachung-644544	2026-10-02
https://luxestyle.ch/products/bluetooth-sprach-fernbedienung-infrarot-607200	2026-10-02
https://luxestyle.ch/products/bluetooth-stativ-fur-iphone-live-selfies-771456	2026-10-02
https://luxestyle.ch/products/bluetooth-stativ-mit-fernbedienung-fur-smartph-619000	2026-10-02
https://luxestyle.ch/products/bluetooth-stereo-lautsprecher-634900	2026-10-02
https://luxestyle.ch/products/bluetooth-steuermodul-635300	2026-10-02
https://luxestyle.ch/products/bluetooth-stirnband-fur-fitness-yoga-18f098	2026-10-02
https://luxestyle.ch/products/bluetooth-subwoofer-mit-farblicht-619000	2026-10-02
https://luxestyle.ch/products/bluetooth-tastatur-047425	2026-10-02
https://luxestyle.ch/products/bluetooth-tastatur-600002	2026-10-02
https://luxestyle.ch/products/bluetooth-tastatur-927234	2026-10-02
https://luxestyle.ch/products/bluetooth-tastatur-fur-controller-264384	2026-10-02
https://luxestyle.ch/products/bluetooth-tastatur-fur-ps4-controller-0fc67a	2026-10-02
https://luxestyle.ch/products/bluetooth-tastatur-maus-konverter-fur-tablets-e8f48e	2026-10-02
https://luxestyle.ch/products/bluetooth-transmitter-5a5ede	2026-10-02
https://luxestyle.ch/products/bluetooth-transmitter-receiver-mit-dual-usb-441600	2026-10-02
https://luxestyle.ch/products/bluetooth-ubersetzungs-kopfhorer-625536	2026-10-02
https://luxestyle.ch/products/bluetooth-verlustobjektfinder-14e1e3	2026-10-02
https://luxestyle.ch/products/bluetooth-vr-brille-mit-integriertem-headset-072320	2026-10-02
https://luxestyle.ch/products/bluetooth-wecker-mit-lautsprecher-5cd296	2026-10-02
https://luxestyle.ch/products/bluetooth-wireless-game-controller-823936	2026-10-02
https://luxestyle.ch/products/bluetooth-wireless-gamepad-fur-n-switch-22393c	2026-10-02
https://luxestyle.ch/products/bluetooth-wireless-gaming-controller-628600	2026-10-02
https://luxestyle.ch/products/blumen-anzug-set-fur-damen-625400	2026-10-02
https://luxestyle.ch/products/blumen-armband-mit-zirkonia-633000	2026-10-02
https://luxestyle.ch/products/blumen-armband-oder-halskette-mit-zirkonia-620600	2026-10-02
https://luxestyle.ch/products/blumen-armreif-mit-zirkonia-schnalle-379842	2026-10-02
https://luxestyle.ch/products/blumen-armreif-offen-602100	2026-10-02
https://luxestyle.ch/products/blumen-armreif-set-619200	2026-10-02
https://luxestyle.ch/products/blumen-baukasten-600800	2026-10-02
https://luxestyle.ch/products/blumen-baumwollstoff-235-cm-breit-356672	2026-10-02
https://luxestyle.ch/products/blumen-baustein-strassenansicht-293696	2026-10-02
https://luxestyle.ch/products/blumen-bausteine-set-fur-kinder-611800	2026-10-02
https://luxestyle.ch/products/blumen-bausteine-zum-selberbauen-706816	2026-10-02
https://luxestyle.ch/products/blumen-bettwasche-set-aus-baumwolle-4-teilig-608400	2026-10-02
https://luxestyle.ch/products/blumen-blumentopf-bausteine-792832	2026-10-02
https://luxestyle.ch/products/blumen-brustgeschirr-fur-hunde-532800	2026-10-02
https://luxestyle.ch/products/blumen-damenuhr-aus-edelstahl-mit-quarzwerk-2b18e0	2026-10-02
https://luxestyle.ch/products/blumen-denim-patchwork-hoodie-fur-damen-603500	2026-10-02
https://luxestyle.ch/products/blumen-dress-damen-xxl-lang-607000	2026-10-02
https://luxestyle.ch/products/blumen-druck-strick-damenkleid-610000	2026-10-02
https://luxestyle.ch/products/blumen-frucht-print-bademantel-626300	2026-10-02
https://luxestyle.ch/products/blumen-futon-kissen-613300	2026-10-02
https://luxestyle.ch/products/blumen-gemustertes-midi-tragerkleid-plus-size-612700	2026-10-02
https://luxestyle.ch/products/blumen-geschirrset-fur-kleine-haustiere-aa0621	2026-10-02
https://luxestyle.ch/products/blumen-geschirrset-mit-leine-fur-haustiere-626200	2026-10-02
https://luxestyle.ch/products/blumen-haarband-mit-farbigen-strass-steinen-6dd4c8	2026-10-02
https://luxestyle.ch/products/blumen-halskette-edelstahl-vintage-629200	2026-10-02
https://luxestyle.ch/products/blumen-halskette-im-retro-stil-635100	2026-10-02
https://luxestyle.ch/products/blumen-halsketten-set-im-boheme-stil-639300	2026-10-02
https://luxestyle.ch/products/blumen-henley-shirt-mit-3d-print-fur-damen-624900	2026-10-02
https://luxestyle.ch/products/blumen-katzennapf-aus-keramik-616100	2026-10-02
https://luxestyle.ch/products/blumen-kissenbezug-im-nordic-ins-stil-851392	2026-10-02
https://luxestyle.ch/products/blumen-kleeblatt-armband-fur-damen-618700	2026-10-02
https://luxestyle.ch/products/blumen-kunstuhr-622900	2026-10-02
https://luxestyle.ch/products/blumen-maxikleid-fleurette-neckholder-mit-fishtail	2026-10-02
https://luxestyle.ch/products/blumen-midi-kleid-mit-armeln-623800	2026-10-02
https://luxestyle.ch/products/blumen-muster-nagel-design-603500	2026-10-02
https://luxestyle.ch/products/blumen-muster-vorhange-616600	2026-10-02
https://luxestyle.ch/products/blumen-nagel-sticker-002112	2026-10-02
https://luxestyle.ch/products/blumen-nagel-tipps-602800	2026-10-02
https://luxestyle.ch/products/blumen-nagelkunst-605000	2026-10-02
https://luxestyle.ch/products/blumen-neckholder-kleid-im-slim-fit-620900	2026-10-02
https://luxestyle.ch/products/blumen-oberteil-und-hosen-set-fur-babys-602300	2026-10-02
https://luxestyle.ch/products/blumen-ohrclip-629200	2026-10-02
https://luxestyle.ch/products/blumen-ohrclips-aus-925er-sterling-silber-608100	2026-10-02
https://luxestyle.ch/products/blumen-ohrringe-im-chinesischen-stil-484033	2026-10-02
https://luxestyle.ch/products/blumen-ohrringe-mit-strass-perlen-358914	2026-10-02
https://luxestyle.ch/products/blumen-ohrringe-mit-zirkonia-036481	2026-10-02
https://luxestyle.ch/products/blumen-ohrstecker-mit-strass-perlen-058113	2026-10-02
https://luxestyle.ch/products/blumen-partnerlook-fur-die-ganze-familie-620400	2026-10-02
https://luxestyle.ch/products/blumen-perlen-nagel-set-zum-aufkleben-623200	2026-10-02
https://luxestyle.ch/products/blumen-pullover-mit-uberschnittenen-armeln-610400	2026-10-02
https://luxestyle.ch/products/blumen-pumps-fur-urlaub-612300	2026-10-02
https://luxestyle.ch/products/blumen-sandalen-fur-kinder-mit-weicher-sohle-396160	2026-10-02
https://luxestyle.ch/products/blumen-sandalen-mit-blockabsatz-617300	2026-10-02
https://luxestyle.ch/products/blumen-sandalen-mit-weicher-sohle-624700	2026-10-02
https://luxestyle.ch/products/blumen-schmuckarmband-615400	2026-10-02
https://luxestyle.ch/products/blumen-schurze-im-prinzessinnen-stil-601400	2026-10-02
https://luxestyle.ch/products/blumen-silikon-fressnapf-unterlage-fur-haustie-637600	2026-10-02
https://luxestyle.ch/products/blumen-sitzkissen-fur-stuhl-schlafzimmer-408128	2026-10-02
https://luxestyle.ch/products/blumen-slip-dress-616700	2026-10-02
https://luxestyle.ch/products/blumen-snapback-cap-im-vintage-stil-694722	2026-10-02
https://luxestyle.ch/products/blumen-sofa-kissen-mit-stickerei-625900	2026-10-02
https://luxestyle.ch/products/blumen-sommershirt-mit-rundhalsausschnitt-600100	2026-10-02
https://luxestyle.ch/products/blumen-strampler-mit-ruschenarmeln-636200	2026-10-02
https://luxestyle.ch/products/blumen-strap-bandeau-kleid-608200	2026-10-02
https://luxestyle.ch/products/blumen-top-aus-baumwolle-leinen-mit-3-4-armeln-621400	2026-10-02
https://luxestyle.ch/products/blumen-topf-bausteine-458880	2026-10-02
https://luxestyle.ch/products/blumen-tragetasche-fur-kinderwagen-600700	2026-10-02
https://luxestyle.ch/products/blumen-twill-baumwollstoff-fur-kinder-583552	2026-10-02
https://luxestyle.ch/products/blumen-wandsticker-fur-schlafzimmer-760896	2026-10-02
https://luxestyle.ch/products/blumen-wc-vorleger-rutschfest-saugfahig-778112	2026-10-02
https://luxestyle.ch/products/blumen-zaun-dekoration-789568	2026-10-02
https://luxestyle.ch/products/blumen-zifferblatt-quarzuhr-489216	2026-10-02
https://luxestyle.ch/products/blumenanhanger-mit-farbigen-edelsteinen-637000	2026-10-02
https://luxestyle.ch/products/blumenapfel-611300	2026-10-02
https://luxestyle.ch/products/blumenarmband-mit-zirkonia-aus-edelstahl-607500	2026-10-02
https://luxestyle.ch/products/blumenbaum-mit-perlen-4b6d34	2026-10-02
https://luxestyle.ch/products/blumendekoration-aus-buntglas-636101	2026-10-02
https://luxestyle.ch/products/blumendruck-kardigan-fur-frauen-628400	2026-10-02
https://luxestyle.ch/products/blumenfrau-leinwand-3b1c41	2026-10-02
https://luxestyle.ch/products/blumengardine-prinzessinnenbogen-schuhe-mit-we-623700	2026-10-02
https://luxestyle.ch/products/blumengirlandete-midi-robe-628500	2026-10-02
https://luxestyle.ch/products/blumenhalsband-fur-haustiere-606900	2026-10-02
https://luxestyle.ch/products/blumenhalskette-mit-strass-akzenten-633300	2026-10-02
https://luxestyle.ch/products/blumenhalskleid-625300	2026-10-02
https://luxestyle.ch/products/blumenhemd-617100	2026-10-02
https://luxestyle.ch/products/blumenhemd-langarm-im-retro-look-fur-herren-622400	2026-10-02
https://luxestyle.ch/products/blumenhemd-mit-langarm-621600	2026-10-02
https://luxestyle.ch/products/blumenhochzeit-case-fur-gro-es-display-629400	2026-10-02
https://luxestyle.ch/products/blumenhose-618600	2026-10-02
https://luxestyle.ch/products/blumenkasten-bausteine-603400	2026-10-02
https://luxestyle.ch/products/blumenkissenhulle-mit-stickerei-605900	2026-10-02
https://luxestyle.ch/products/blumenkleid-mit-bauchfreihaltung-629900	2026-10-02
https://luxestyle.ch/products/blumenkleid-mit-elastischer-taille-610100	2026-10-02
https://luxestyle.ch/products/blumenkleid-mit-herzen-611400	2026-10-02
https://luxestyle.ch/products/blumenkleid-mit-volants-639000	2026-10-02
https://luxestyle.ch/products/blumenkollane-fur-haustiere-691520	2026-10-02
https://luxestyle.ch/products/blumenladen-bausteine-fur-kinder-991744	2026-10-02
https://luxestyle.ch/products/blumenladen-fruchteladen-oder-liebesvilla-baus-209472	2026-10-02
https://luxestyle.ch/products/blumenmuster-damen-tragerkleid-629100	2026-10-02
https://luxestyle.ch/products/blumenmuster-hemd-619200	2026-10-02
https://luxestyle.ch/products/blumenmuster-hemd-oder-strandhose-614000	2026-10-02
https://luxestyle.ch/products/blumenmuster-high-waist-skort-mit-shorts-858497	2026-10-02
https://luxestyle.ch/products/blumenmuster-hoher-bund-swing-rock-601000	2026-10-02
https://luxestyle.ch/products/blumenmuster-kissenbezug-454016	2026-10-02
https://luxestyle.ch/products/blumenmuster-kleid-mit-rundhals-und-bindedeta-618500	2026-10-02
https://luxestyle.ch/products/blumenmuster-rock-set-616000	2026-10-02
https://luxestyle.ch/products/blumenmuster-sweater-602600	2026-10-02
https://luxestyle.ch/products/blumenmuster-taille-betonend-figurbetonender-k-621800	2026-10-02
https://luxestyle.ch/products/blumenmuster-taille-betonendes-kleid-634200	2026-10-02
https://luxestyle.ch/products/blumenprint-camisole-im-beach-style-619200	2026-10-02
https://luxestyle.ch/products/blumenprint-kleid-mit-puffarmeln-607200	2026-10-02
https://luxestyle.ch/products/blumenprint-langarmpulli-damen-605600	2026-10-02
https://luxestyle.ch/products/blumenprint-langarmshirt-fur-damen-632200	2026-10-02
https://luxestyle.ch/products/blumenprint-mesh-trager-prinzessinnenkleid-621700	2026-10-02
https://luxestyle.ch/products/blumenprint-midi-mit-volantsarmeln-und-a-silho-607500	2026-10-02
https://luxestyle.ch/products/blumenprint-v-ausschnitt-badeanzug-610500	2026-10-02
https://luxestyle.ch/products/blumenprint-wide-leg-hose-im-vintage-stil-617500	2026-10-02
https://luxestyle.ch/products/blumenrauten-kissenbezug-fur-sofa-414656	2026-10-02
https://luxestyle.ch/products/blumenring-aus-metall-612200	2026-10-02
https://luxestyle.ch/products/blumenrock-622900	2026-10-02
https://luxestyle.ch/products/blumenrosa-linienkleid-622000	2026-10-02
https://luxestyle.ch/products/blumenstich-sandalen-621100	2026-10-02
https://luxestyle.ch/products/blumenstickerei-1dbbbc	2026-10-02
https://luxestyle.ch/products/blumenstickerei-kissenbezug-609700	2026-10-02
https://luxestyle.ch/products/blumenstickerei-stoff-aus-100-polyester-754048	2026-10-02
https://luxestyle.ch/products/blumenstickerei-wandteppich-130x150-cm-d73f09	2026-10-02
https://luxestyle.ch/products/blumenstrauss-bausatz-aus-klemmbausteinen-698624	2026-10-02
https://luxestyle.ch/products/blumenstrauss-bausteine-im-blumentopf-025152	2026-10-02
https://luxestyle.ch/products/blumenstrauss-musikbox-baustein-set-602200	2026-10-02
https://luxestyle.ch/products/blumentopf-figur-aus-bemaltem-schmiedeeisen-600700	2026-10-02
https://luxestyle.ch/products/blumentopf-katzen-kratzbaum-mit-sisal-202816	2026-10-02
https://luxestyle.ch/products/blumenvasen-bausteine-sonnenblume-oder-rose-600000	2026-10-02
https://luxestyle.ch/products/blumenvielfalt-zirkonia-armband-elegant-225410	2026-10-02
https://luxestyle.ch/products/blumenwelt-manikure-604000	2026-10-02
https://luxestyle.ch/products/blumig-fruchtiges-eau-de-parfum-50ml-155522	2026-10-02
https://luxestyle.ch/products/blumig-orientalisches-parfum-spray-892929	2026-10-02
https://luxestyle.ch/products/blumige-patchwork-low-rise-shorts-fur-damen-624700	2026-10-02
https://luxestyle.ch/products/blumige-porzellan-dish-fur-dim-sum-624300	2026-10-02
https://luxestyle.ch/products/blumige-strickweste-im-vintage-stil-637500	2026-10-02
https://luxestyle.ch/products/blumiger-baumwollstoff-mit-pigmentdruck-125056	2026-10-02
https://luxestyle.ch/products/blumiger-baumwollstoff-twill-1-6m-breit-769856	2026-10-02
https://luxestyle.ch/products/blumiger-chiffon-rock-fur-junge-frauen-623900	2026-10-02
https://luxestyle.ch/products/blumiger-langer-rock-mit-schlitz-630500	2026-10-02
https://luxestyle.ch/products/blumiger-schaumspender-383296	2026-10-02
https://luxestyle.ch/products/blumiges-a-linien-kleid-mit-v-ausschnitt-629300	2026-10-02
https://luxestyle.ch/products/blumiges-casual-kleid-616600	2026-10-02
https://luxestyle.ch/products/blumiges-haustier-leine-reissfest-644544	2026-10-02
https://luxestyle.ch/products/blumiges-kleid-mit-schnurung-618700	2026-10-02
https://luxestyle.ch/products/blumiges-langarmkleid-aus-popeline-621500	2026-10-02
https://luxestyle.ch/products/blumiges-langes-damen-kleid-639800	2026-10-02
https://luxestyle.ch/products/blumiges-midi-kleid-mit-v-ausschnitt-634500	2026-10-02
https://luxestyle.ch/products/bluse-mit-3-4-armel-in-einfarbigem-polyester-617600	2026-10-02
https://luxestyle.ch/products/bluse-mit-3d-blumen-und-ruschen-626200	2026-10-02
https://luxestyle.ch/products/bluse-mit-3d-druck-612900	2026-10-02
https://luxestyle.ch/products/bluse-mit-blumen-spitze-und-knopfleiste-606100	2026-10-02
https://luxestyle.ch/products/bluse-mit-blumenmuster-632900	2026-10-02
https://luxestyle.ch/products/bluse-mit-blumenmuster-langarmlig-618000	2026-10-02
https://luxestyle.ch/products/bluse-mit-blumenmuster-locker-geschnitten-618100	2026-10-02
https://luxestyle.ch/products/bluse-mit-blumenmuster-und-banddetails-622900	2026-10-02
https://luxestyle.ch/products/bluse-mit-blumenmuster-und-reverskragen-629600	2026-10-02
https://luxestyle.ch/products/bluse-mit-blumenprint-aus-kunstseide-619800	2026-10-02
https://luxestyle.ch/products/bluse-mit-blutenprint-ruschen-und-schleife-623500	2026-10-02
https://luxestyle.ch/products/bluse-mit-floralem-stickerei-347138	2026-10-02
https://luxestyle.ch/products/bluse-mit-knopfleiste-619400	2026-10-02
https://luxestyle.ch/products/bluse-mit-ruffles-623900	2026-10-02
https://luxestyle.ch/products/bluse-mit-spargelfarn-und-blumenmuster-626000	2026-10-02
https://luxestyle.ch/products/bluse-mit-spitze-und-langen-armeln-639200	2026-10-02
https://luxestyle.ch/products/bluse-mit-tupfenmuster-im-ethno-stil-608600	2026-10-02
https://luxestyle.ch/products/bluse-mit-v-ausschnitt-und-blumenstickerei-621800	2026-10-02
https://luxestyle.ch/products/bluse-tigermuster-mit-pailletten-fgss1264	2026-10-02
https://luxestyle.ch/products/blusen-shirt-mit-blumenprint-630200	2026-10-02
https://luxestyle.ch/products/blush-4-farben-retouching-kontur-2a8863	2026-10-02
https://luxestyle.ch/products/blush-mud-schimmer-puder-623000	2026-10-02
https://luxestyle.ch/products/blush-pleated-french-handgemachte-fake-nails-601200	2026-10-02
https://luxestyle.ch/products/blush-repair-aufhellendes-nude-make-up-rouge-621600	2026-10-02
https://luxestyle.ch/products/blush-stick-foundation-2-in-1-743040	2026-10-02
https://luxestyle.ch/products/blush-stick-mit-jelly-textur-616800	2026-10-02
https://luxestyle.ch/products/blush-uv-semi-cured-gel-nagelsticker-213312	2026-10-02
https://luxestyle.ch/products/blutenblatt-kissen-fur-sofa-und-haustier-891968	2026-10-02
https://luxestyle.ch/products/blutenkranz-ventilator-zur-muckenabwehr-622000	2026-10-02
https://luxestyle.ch/products/blutenring-fleur-rose-rosa-zirkonia-verstellbar	2026-10-02
https://luxestyle.ch/products/blutige-abgeschnittene-hand-fga901036	2026-10-02
https://luxestyle.ch/products/blutiges-herz-fga901034	2026-10-02
https://luxestyle.ch/products/blutroter-guokui-nagel-set-200000	2026-10-02
https://luxestyle.ch/products/blutstillendes-pulver-fur-hunde-und-katzenkral-613600	2026-10-02
https://luxestyle.ch/products/bm800-kondensator-mikrofon-set-716608	2026-10-02
https://luxestyle.ch/products/bm800-kondensatormikrofon-set-mit-galgenarm-616100	2026-10-02
https://luxestyle.ch/products/bmw-x5-x6-kabelloses-ladegerat-143616	2026-10-02
https://luxestyle.ch/products/boardshorts-mit-allover-druck-selbst-gestalten	2026-10-02
https://luxestyle.ch/products/bob-perucke-aus-echtem-haar-halbgenaht-kurz-gl-187136	2026-10-02
https://luxestyle.ch/products/bobo-bird-holz-quarzuhr-fur-damen-und-herren-7c3a5c	2026-10-02
https://luxestyle.ch/products/bobo-bird-holzarmbanduhr-gt133-612700	2026-10-02
https://luxestyle.ch/products/bobo-bird-holzarmbanduhr-mit-lederarmband-350784	2026-10-02
https://luxestyle.ch/products/bobo-bird-holzarmbanduhr-t34-herren-621200	2026-10-02
https://luxestyle.ch/products/bobo-bird-holzuhr-herren-sportstil-624700	2026-10-02
https://luxestyle.ch/products/bobo-bird-multifunktionale-sandelholz-uhr-5db73b	2026-10-02
https://luxestyle.ch/products/bobo-strohflasche-400-ml-mit-deckel-und-trageb-632800	2026-10-02
https://luxestyle.ch/products/bobobird-quarzuhr-fur-herren-leuchtzeiger-8cc874	2026-10-02
https://luxestyle.ch/products/boccon-hausschuhe-aus-wildleder-mit-langem-fel-618500	2026-10-02
https://luxestyle.ch/products/boden-dreifach-rasensprenger-609472	2026-10-02
https://luxestyle.ch/products/boden-reinigungstucher-mit-frischeduft-12-stk-780162	2026-10-02
https://luxestyle.ch/products/bodenablauf-abdeckung-622500	2026-10-02
https://luxestyle.ch/products/bodenloser-siebtrager-58mm-754496	2026-10-02
https://luxestyle.ch/products/bodenmatte-mit-rutschfestem-griff-637700	2026-10-02
https://luxestyle.ch/products/bodenstander-aus-aluminium-fur-smartphones-603900	2026-10-02
https://luxestyle.ch/products/bodenstehendes-wc-regal-629600	2026-10-02
https://luxestyle.ch/products/bodenwischerkopf-aus-stahl-und-gummi-753921	2026-10-02
https://luxestyle.ch/products/body-chain-top-mit-perlen-rosarot-636300	2026-10-02
https://luxestyle.ch/products/body-clown-fgssor40117	2026-10-02
https://luxestyle.ch/products/body-mit-spitze-und-wimpern-bordure-617900	2026-10-02
https://luxestyle.ch/products/body-painting-pen-12-farben-614200	2026-10-02
https://luxestyle.ch/products/body-shaper-mit-bh-und-bauchkontrolle-463425	2026-10-02
https://luxestyle.ch/products/bodycon-camisole-mit-spitze-604200	2026-10-02
https://luxestyle.ch/products/bodycon-etuikleid-mit-v-ausschnitt-632100	2026-10-02
https://luxestyle.ch/products/bodycon-kleid-mit-handbesetzten-strasssteinen-609200	2026-10-02
https://luxestyle.ch/products/bodycon-maxikleid-mit-v-ausschnitt-und-kettend-619500	2026-10-02
https://luxestyle.ch/products/bodycon-minirock-mit-reissverschluss-spitze-628600	2026-10-02
https://luxestyle.ch/products/bodycon-retro-mini-kleid-mit-fransen-628400	2026-10-02
https://luxestyle.ch/products/bodycon-tragerkleid-mit-blumenmuster-609900	2026-10-02
https://luxestyle.ch/products/bodyluv-kissen-the-original-dfe1c9	2026-10-02
https://luxestyle.ch/products/bogen-zirkon-ohrstecker-fur-frauen-627600	2026-10-02
https://luxestyle.ch/products/bogenpfeil-set-fur-bogensport-194560	2026-10-02
https://luxestyle.ch/products/boheme-kissenbezug-mit-fransen-708096	2026-10-02
https://luxestyle.ch/products/bohemia-kristall-armband-612500	2026-10-02
https://luxestyle.ch/products/bohemian-armband-und-halsketten-set-623700	2026-10-02
https://luxestyle.ch/products/bohemian-bandeau-top-rock-set-629500	2026-10-02
https://luxestyle.ch/products/bohemian-blumen-sandalen-629700	2026-10-02
https://luxestyle.ch/products/bohemian-cardigan-mit-langarm-und-geometermust-613000	2026-10-02
https://luxestyle.ch/products/bohemian-casual-sandalen-mit-strass-620100	2026-10-02
https://luxestyle.ch/products/bohemian-chunky-heel-sandalen-fur-damen-612100	2026-10-02
https://luxestyle.ch/products/bohemian-elefanten-wandteppich-7f9811	2026-10-02
https://luxestyle.ch/products/bohemian-exotik-rock-im-resort-stil-632700	2026-10-02
https://luxestyle.ch/products/bohemian-flower-sandalen-621200	2026-10-02
https://luxestyle.ch/products/bohemian-futon-matte-f4952f	2026-10-02
https://luxestyle.ch/products/bohemian-halsband-fur-hunde-und-katzen-667459	2026-10-02
https://luxestyle.ch/products/bohemian-halskette-mit-holzperlen-605400	2026-10-02
https://luxestyle.ch/products/bohemian-halterneck-jumpsuit-630100	2026-10-02
https://luxestyle.ch/products/bohemian-halterneck-tube-dress-611900	2026-10-02
https://luxestyle.ch/products/bohemian-hangematte-mit-quasten-603600	2026-10-02
https://luxestyle.ch/products/bohemian-herbstschal-aus-jacquard-kaschmir-615700	2026-10-02
https://luxestyle.ch/products/bohemian-hundehalsband-7668f1	2026-10-02
https://luxestyle.ch/products/bohemian-jumpsuit-mit-print-627100	2026-10-02
https://luxestyle.ch/products/bohemian-jumpsuit-mit-taschen-639000	2026-10-02
https://luxestyle.ch/products/bohemian-jumpsuit-mit-v-ausschnitt-611000	2026-10-02
https://luxestyle.ch/products/bohemian-keilsandalen-mit-dicker-sohle-623900	2026-10-02
https://luxestyle.ch/products/bohemian-keilsandalen-mit-strass-613400	2026-10-02
https://luxestyle.ch/products/bohemian-kissenhulle-mit-ins-wind-design-416640	2026-10-02
https://luxestyle.ch/products/bohemian-kleid-mit-v-ausschnitt-613600	2026-10-02
https://luxestyle.ch/products/bohemian-kristallarmband-fur-damen-628500	2026-10-02
https://luxestyle.ch/products/bohemian-mandala-wandteppich-e13828	2026-10-02
https://luxestyle.ch/products/bohemian-national-zierkissen-741568	2026-10-02
https://luxestyle.ch/products/bohemian-patchwork-maxirock-610300	2026-10-02
https://luxestyle.ch/products/bohemian-perlenohrringe-leicht-elegant-639900	2026-10-02
https://luxestyle.ch/products/bohemian-plateau-sandalen-mit-schmetterlingspe-188544	2026-10-02
https://luxestyle.ch/products/bohemian-roman-holiday-sandalen-611400	2026-10-02
https://luxestyle.ch/products/bohemian-sandalen-mit-ethno-print-620800	2026-10-02
https://luxestyle.ch/products/bohemian-sandalen-mit-perlen-blumen-626500	2026-10-02
https://luxestyle.ch/products/bohemian-sandalen-mit-strassblumen-663168	2026-10-02
https://luxestyle.ch/products/bohemian-sofauberwurf-staubdicht-ganzjahrig-603200	2026-10-02
https://luxestyle.ch/products/bohemian-stil-wellenring-618000	2026-10-02
https://luxestyle.ch/products/bohemian-strass-sandalen-fur-madchen-615400	2026-10-02
https://luxestyle.ch/products/bohemian-strass-sandalen-im-koreanischen-stil-601100	2026-10-02
https://luxestyle.ch/products/bohemian-strass-sandalen-mit-runder-zehenparti-457920	2026-10-02
https://luxestyle.ch/products/bohemian-strick-kissenbezug-mit-fransen-f7740b	2026-10-02
https://luxestyle.ch/products/bohemian-tiger-eye-armband-601600	2026-10-02
https://luxestyle.ch/products/bohemian-wandregal-fur-kerzen-626300	2026-10-02
https://luxestyle.ch/products/bohemian-wandteppich-aus-baumwolle-605800	2026-10-02
https://luxestyle.ch/products/bohemian-wandteppich-fur-stilvolle-raumgestalt-611300	2026-10-02
https://luxestyle.ch/products/bohemian-zehensandalen-mit-blumen-613900	2026-10-02
https://luxestyle.ch/products/bohmisches-halsband-637313	2026-10-02
https://luxestyle.ch/products/boho-a-linien-jupe-mit-blumenmuster-633000	2026-10-02
https://luxestyle.ch/products/boho-a-linien-jupe-mit-hoher-taille-613600	2026-10-02
https://luxestyle.ch/products/boho-a-linien-rock-mit-hoher-taille-639100	2026-10-02
https://luxestyle.ch/products/boho-armband-aus-edelstahl-fur-frauen-611000	2026-10-02
https://luxestyle.ch/products/boho-armband-aus-reisperlen-und-edelstahl-624300	2026-10-02
https://luxestyle.ch/products/boho-armband-fur-apple-watch-mit-natursteinen-263424	2026-10-02
https://luxestyle.ch/products/boho-armband-fur-samsung-huawei-smartwatches-132224	2026-10-02
https://luxestyle.ch/products/boho-armband-mit-mehrfarbigen-imperial-steinen-608600	2026-10-02
https://luxestyle.ch/products/boho-armband-mit-naturlichen-kristallperlen-604600	2026-10-02
https://luxestyle.ch/products/boho-armband-mit-naturstein-geflochten-623300	2026-10-02
https://luxestyle.ch/products/boho-armband-mit-naturstein-und-glasperlen-633300	2026-10-02
https://luxestyle.ch/products/boho-armband-mit-turkis-design-631600	2026-10-02
https://luxestyle.ch/products/boho-armbanduhr-602100	2026-10-02
https://luxestyle.ch/products/boho-arrow-armband-630600	2026-10-02
https://luxestyle.ch/products/boho-blumen-resort-maxikleid-617200	2026-10-02
https://luxestyle.ch/products/boho-blumen-shirt-mit-3d-print-602400	2026-10-02
https://luxestyle.ch/products/boho-chic-kleid-mit-halter-top-604300	2026-10-02
https://luxestyle.ch/products/boho-chic-langarm-kleid-617400	2026-10-02
https://luxestyle.ch/products/boho-chic-latz-shorts-fur-damen-634800	2026-10-02
https://luxestyle.ch/products/boho-chic-resort-set-hemd-weite-hose-fur-damen-636300	2026-10-02
https://luxestyle.ch/products/boho-chic-resort-set-mit-weitem-bein-607200	2026-10-02
https://luxestyle.ch/products/boho-chiffonkleid-mit-blumenmuster-und-puffarm-620500	2026-10-02
https://luxestyle.ch/products/boho-geometrie-decke-620000	2026-10-02
https://luxestyle.ch/products/boho-halter-minikleid-mit-ruschen-und-a-linie-608512	2026-10-02
https://luxestyle.ch/products/boho-hundehalsband-037c67	2026-10-02
https://luxestyle.ch/products/boho-jacke-fiore-bluten-stickerei-bindeband	2026-10-02
https://luxestyle.ch/products/boho-jacquard-kissenbezug-45-45-cm-632500	2026-10-02
https://luxestyle.ch/products/boho-jeansjacke-dentelle-denim-mit-spitzen-panel	2026-10-02
https://luxestyle.ch/products/boho-kissenbezug-613800	2026-10-02
https://luxestyle.ch/products/boho-kissenbezug-aus-lederimitat-und-baumwolle-140352	2026-10-02
https://luxestyle.ch/products/boho-kissenbezug-baumwolle-leinen-602400	2026-10-02
https://luxestyle.ch/products/boho-kissenbezug-im-marokkanischen-stil-2ea9d1	2026-10-02
https://luxestyle.ch/products/boho-kissenbezug-mit-fransen-571968	2026-10-02
https://luxestyle.ch/products/boho-kissenbezug-mit-fullung-758592	2026-10-02
https://luxestyle.ch/products/boho-kissenbezug-mit-geometrischem-muster-718144	2026-10-02
https://luxestyle.ch/products/boho-kissenbezug-mit-quasten-052992	2026-10-02
https://luxestyle.ch/products/boho-kissenbezug-mit-quasten-fur-sofa-oder-bet-111296	2026-10-02
https://luxestyle.ch/products/boho-kissenbezug-mit-quasten-handgetuftet-495dd1	2026-10-02
https://luxestyle.ch/products/boho-kissenbezug-mit-spitze-und-quasten-515520	2026-10-02
https://luxestyle.ch/products/boho-kissenbezug-mit-stickerei-und-quasten-639200	2026-10-02
https://luxestyle.ch/products/boho-kissenhulle-aus-baumwolle-606720	2026-10-02
https://luxestyle.ch/products/boho-kissenhulle-aus-chenille-mit-stickerei-074870	2026-10-02
https://luxestyle.ch/products/boho-kissenhulle-mit-geometrischem-muster-551040	2026-10-02
https://luxestyle.ch/products/boho-kissenhulle-mit-geometrischem-tufting-944704	2026-10-02
https://luxestyle.ch/products/boho-kissenhulle-mit-quasten-371904	2026-10-02
https://luxestyle.ch/products/boho-kissenhulle-mit-stickerei-und-quasten-766208	2026-10-02
https://luxestyle.ch/products/boho-kissenhulle-patchwork-605900	2026-10-02
https://luxestyle.ch/products/boho-kleid-ibiza-baumwoll-leinen-locker	2026-10-02
https://luxestyle.ch/products/boho-kleid-indigo-armellos-mit-knopfleiste-volant	2026-10-02
https://luxestyle.ch/products/boho-kleid-mit-3d-ethno-muster-615900	2026-10-02
https://luxestyle.ch/products/boho-kleid-mit-blumenmuster-624300	2026-10-02
https://luxestyle.ch/products/boho-kleid-mit-blumenmuster-und-ausgestellten-628300	2026-10-02
https://luxestyle.ch/products/boho-kleid-mit-ethno-print-und-a-linie-635300	2026-10-02
https://luxestyle.ch/products/boho-kleid-mit-paisley-print-und-schnurung-619400	2026-10-02
https://luxestyle.ch/products/boho-kleid-mit-u-ausschnitt-und-a-linie-624100	2026-10-02
https://luxestyle.ch/products/boho-kleid-mit-v-ausschnitt-und-patchwork-must-629900	2026-10-02
https://luxestyle.ch/products/boho-kleidung-127808	2026-10-02
https://luxestyle.ch/products/boho-kurbis-sitzkissen-und-dekokissen-619000	2026-10-02
https://luxestyle.ch/products/boho-look-sandalen-625200	2026-10-02
https://luxestyle.ch/products/boho-marokkanischer-kissenbezug-mit-fransen-223872	2026-10-02
https://luxestyle.ch/products/boho-maxi-kleid-mit-v-ausschnitt-und-fledermau-628700	2026-10-02
https://luxestyle.ch/products/boho-maxi-sommerkleid-mit-blumenprint-606500	2026-10-02
https://luxestyle.ch/products/boho-maxikleid-im-loose-fit-607600	2026-10-02
https://luxestyle.ch/products/boho-maxikleid-mit-v-ausschnitt-616400	2026-10-02
https://luxestyle.ch/products/boho-maxikleid-mit-v-ausschnitt-und-blumenprin-636900	2026-10-02
https://luxestyle.ch/products/boho-maxirock-mit-print-635800	2026-10-02
https://luxestyle.ch/products/boho-mesh-stricktop-mit-sternen-731329	2026-10-02
https://luxestyle.ch/products/boho-midi-kleid-mit-v-ausschnitt-schlitz-638000	2026-10-02
https://luxestyle.ch/products/boho-midi-rock-mit-fransen-604400	2026-10-02
https://luxestyle.ch/products/boho-midikleid-mit-print-623700	2026-10-02
https://luxestyle.ch/products/boho-minikleid-mit-print-und-volants-618800	2026-10-02
https://luxestyle.ch/products/boho-neckholder-jumpsuit-mit-weitem-bein-632100	2026-10-02
https://luxestyle.ch/products/boho-off-shoulder-kleid-629000	2026-10-02
https://luxestyle.ch/products/boho-ohrringe-mit-amethyst-anhanger-607000	2026-10-02
https://luxestyle.ch/products/boho-ohrringe-mit-quasten-und-reisperlen-607200	2026-10-02
https://luxestyle.ch/products/boho-patchwork-tull-maxikleid-im-jeans-look-610300	2026-10-02
https://luxestyle.ch/products/boho-plus-grosse-langarm-strickcardigan-mit-la-582594	2026-10-02
https://luxestyle.ch/products/boho-polsterkissen-251840	2026-10-02
https://luxestyle.ch/products/boho-resort-minikleid-610800	2026-10-02
https://luxestyle.ch/products/boho-resort-set-2-teilig-sommer-kollektion-2026-top-hose	2026-10-02
https://luxestyle.ch/products/boho-sandalen-fur-damen-638800	2026-10-02
https://luxestyle.ch/products/boho-sandalen-mit-blumen-strass-614800	2026-10-02
https://luxestyle.ch/products/boho-sandalen-mit-strass-und-elastikband-615700	2026-10-02
https://luxestyle.ch/products/boho-seestil-metallring-elektroplattierung-635000	2026-10-02
https://luxestyle.ch/products/boho-slingback-stiletto-sandalen-mit-ethno-mus-722818	2026-10-02
https://luxestyle.ch/products/boho-stil-canvas-gurtel-mit-ethno-muster-624400	2026-10-02
https://luxestyle.ch/products/boho-stil-tief-v-rei-verschluss-langarm-raffun-613300	2026-10-02
https://luxestyle.ch/products/boho-stil-vorhang-610600	2026-10-02
https://luxestyle.ch/products/boho-strick-cardigan-fur-den-sommer-123138	2026-10-02
https://luxestyle.ch/products/boho-strick-cardigan-mit-rautenmuster-990914	2026-10-02
https://luxestyle.ch/products/boho-tapestry-1195df	2026-10-02
https://luxestyle.ch/products/boho-tapestry-blumenhalterung-224704	2026-10-02
https://luxestyle.ch/products/boho-travel-t-shirt-mit-fransen-612700	2026-10-02
https://luxestyle.ch/products/boho-tullvorhang-615100	2026-10-02
https://luxestyle.ch/products/boho-v-ausschnitt-midikleid-mit-muster-622100	2026-10-02
https://luxestyle.ch/products/boho-v-ausschnitt-ruschenkleid-629000	2026-10-02
https://luxestyle.ch/products/boho-v-ausschnitt-strandkleid-langarm-619800	2026-10-02
https://luxestyle.ch/products/boho-vintage-etuikleid-mit-halbem-arm-630900	2026-10-02
https://luxestyle.ch/products/boho-vintage-tie-dye-minikleid-637400	2026-10-02
https://luxestyle.ch/products/boho-vorhang-aus-baumwolle-handgewebt-030592	2026-10-02
https://luxestyle.ch/products/boho-wachsseil-armband-fur-smartwatches-918784	2026-10-02
https://luxestyle.ch/products/boho-wandteppich-handgewoben-120x150cm-7ecc4f	2026-10-02
https://luxestyle.ch/products/boho-wandteppich-mit-quasten-611300	2026-10-02
https://luxestyle.ch/products/boho-wandteppich-vorhang-beige-443264	2026-10-02
https://luxestyle.ch/products/bohrer-scharfgerat-fur-hohe-leistung-624800	2026-10-02
https://luxestyle.ch/products/bohrer-set-fur-hangebeutel-a43799	2026-10-02
https://luxestyle.ch/products/bohrer-set-fur-holzarbeiten-5-teilig-623600	2026-10-02
https://luxestyle.ch/products/boiling-fish-kinder-velo-und-skatinghelm-5d3ba8	2026-10-02
https://luxestyle.ch/products/boken-kork-slipper-aus-veloursleder-332544	2026-10-02
https://luxestyle.ch/products/bolero-fischernetz-neongelb-fgabo01955	2026-10-02
https://luxestyle.ch/products/bolero-fischernetz-neonrosa-fgabo01957	2026-10-02
https://luxestyle.ch/products/bolero-fischernetz-schwarz-fgabo01953	2026-10-02
https://luxestyle.ch/products/bolero-fischernetz-weiss-fgabo01954	2026-10-02
https://luxestyle.ch/products/bolero-rave-neongelb-fgabo01976	2026-10-02
https://luxestyle.ch/products/bolero-rave-neongrun-fgabo01977	2026-10-02
https://luxestyle.ch/products/bolero-rave-neonrosa-fgabo01975	2026-10-02
https://luxestyle.ch/products/boli-haustier-rollleine-5m-364992	2026-10-02
https://luxestyle.ch/products/bolubao-smart-casual-hemd-fur-herren-630800	2026-10-02
https://luxestyle.ch/products/bomber-jacke-mit-kapuze-pailletten-fgss1256	2026-10-02
https://luxestyle.ch/products/bomber-jacke-mit-kapuze-pailletten-fgss1260j	2026-10-02
https://luxestyle.ch/products/bona-classics-damen-laufschuhe-109120	2026-10-02
https://luxestyle.ch/products/bona-herren-sneaker-herbst-neuheit-632200	2026-10-02
https://luxestyle.ch/products/bone-china-suppenschale-mit-deckel-611584	2026-10-02
https://luxestyle.ch/products/bone-china-tassenset-european-efb2ba	2026-10-02
https://luxestyle.ch/products/bonsai-baum-bausatz-aus-klemmbausteinen-646720	2026-10-02
https://luxestyle.ch/products/bookwind-reise-und-sporttasche-603000	2026-10-02
https://luxestyle.ch/products/bootcut-fitnesshose-mit-huft-push-up-621200	2026-10-02
https://luxestyle.ch/products/bootcut-hose-mit-v-bund-638200	2026-10-02
https://luxestyle.ch/products/bootcut-jeans-fur-herren-mit-geradem-bein-614600	2026-10-02
https://luxestyle.ch/products/bootcut-jeans-im-american-vintage-design-618100	2026-10-02
https://luxestyle.ch/products/bootcut-jeans-im-retro-stil-fur-herren-615600	2026-10-02
https://luxestyle.ch/products/bootcut-jeans-mit-digitaldruck-fur-herren-619500	2026-10-02
https://luxestyle.ch/products/bootcut-jeans-mit-seitlichem-reissverschluss-638100	2026-10-02
https://luxestyle.ch/products/bootcut-jeans-mit-spitze-fur-damen-622000	2026-10-02
https://luxestyle.ch/products/bootcut-yoga-hose-fur-damen-611800	2026-10-02
https://luxestyle.ch/products/boots-mit-weicher-gummisohle-schwarze-goldakze-148032	2026-10-02
https://luxestyle.ch/products/bootsauschnitt-figurbetonendes-midi-kleid-mit-620800	2026-10-02
https://luxestyle.ch/products/bopai-life-outdoor-rucksack-4a722c	2026-10-02
https://luxestyle.ch/products/bordwandanhanger-fga02019	2026-10-02
https://luxestyle.ch/products/borosilikat-doppel-olspender-475840	2026-10-02
https://luxestyle.ch/products/borosilikatglas-tasse-mit-skala-957378	2026-10-02
https://luxestyle.ch/products/bosch-makita-umrichter-f608b3	2026-10-02
https://luxestyle.ch/products/boser-auge-halskette-624400	2026-10-02
https://luxestyle.ch/products/boston-handtasche-im-retro-stil-315136	2026-10-02
https://luxestyle.ch/products/boston-henkeltasche-lussa-echtleder-im-bowling-stil-damen-9-farben	2026-10-02
https://luxestyle.ch/products/boston-shaker-set-aus-edelstahl-und-acryl-606592	2026-10-02
https://luxestyle.ch/products/bounce-ball-pusher-auto-fur-kleinkinder-866496	2026-10-02
https://luxestyle.ch/products/bouncing-balls-katzenspielzeug-mit-feder-611266	2026-10-02
https://luxestyle.ch/products/bouquet-bauklotter-621200	2026-10-02
https://luxestyle.ch/products/bow-knot-blumen-nagel-tips-zum-aufkleben-630000	2026-10-02
https://luxestyle.ch/products/bow-notebook-kabellose-tastatur-mute-usb-476096	2026-10-02
https://luxestyle.ch/products/bow-strap-tanktop-shorts-set-801986	2026-10-02
https://luxestyle.ch/products/bowknot-badesandalen-mit-schleife-flach-weiche-613200	2026-10-02
https://luxestyle.ch/products/bowknot-camisole-v-neck-top-873856	2026-10-02
https://luxestyle.ch/products/bowling-schnuffelteppich-fur-hunde-katzen-365504	2026-10-02
https://luxestyle.ch/products/bowschuh-fur-madchen-603900	2026-10-02
https://luxestyle.ch/products/box-target-fur-kampfsport-638100	2026-10-02
https://luxestyle.ch/products/box-trainings-set-fur-kinder-457280	2026-10-02
https://luxestyle.ch/products/box-wrestling-schuhe-606300	2026-10-02
https://luxestyle.ch/products/boxball-reaktions-trainer-mit-spinnstange-676352	2026-10-02
https://luxestyle.ch/products/boxbirne-fur-reaktionsschnelles-boxtraining-621300	2026-10-02
https://luxestyle.ch/products/boxer-shorts-fur-kinder-sport-bad-635700	2026-10-02
https://luxestyle.ch/products/boxhandschuhe-fur-training-und-kampfsport-008768	2026-10-02
https://luxestyle.ch/products/boxhandschuhe-mit-halben-fingern-136832	2026-10-02
https://luxestyle.ch/products/boxhelm-fur-training-und-wettkampf-633024	2026-10-02
https://luxestyle.ch/products/boxing-trainingsbeutel-617100	2026-10-02
https://luxestyle.ch/products/boxing-zielball-622100	2026-10-02
https://luxestyle.ch/products/boxinghandschuhe-623100	2026-10-02
https://luxestyle.ch/products/boxschuh-fur-training-und-wettkampf-601800	2026-10-02
https://luxestyle.ch/products/boxschuh-sanda-624000	2026-10-02
https://luxestyle.ch/products/boxspiel-katzen-teaser-aus-silikon-603900	2026-10-02
https://luxestyle.ch/products/boya-2-in-1-funkmikrofon-mit-ansteck-clip-605700	2026-10-02
https://luxestyle.ch/products/boya-by-pm500-usb-mikrofon-mit-soundkarte-439936	2026-10-02
https://luxestyle.ch/products/boys-fresh-style-badeanzug-mit-sonnenschutz-614500	2026-10-02
https://luxestyle.ch/products/boys-streifen-denim-dungaree-set-2-stuck-635100	2026-10-02
https://luxestyle.ch/products/brain-link-stirnband-fur-mentale-fitness-db6ff8	2026-10-02
https://luxestyle.ch/products/bramille-lauflernschuhe-aus-dunnem-samt-870144	2026-10-02
https://luxestyle.ch/products/bramille-lauflernschuhe-fur-babys-802944	2026-10-02
https://luxestyle.ch/products/bramille-lauflernschuhe-fur-kleinkinder-743680	2026-10-02
https://luxestyle.ch/products/bramille-sommer-lauflernschuhe-fur-babys-893760	2026-10-02
https://luxestyle.ch/products/branch-camouflage-3d-denim-hose-fur-herren-630200	2026-10-02
https://luxestyle.ch/products/bratpfanne-304-edelstahl-24-cm-627600	2026-10-02
https://luxestyle.ch/products/bratpfanne-fur-pancakes-steak-und-ei-839616	2026-10-02
https://luxestyle.ch/products/brauen-set-mit-stencil-615900	2026-10-02
https://luxestyle.ch/products/braune-augen-schatten-palette-628000	2026-10-02
https://luxestyle.ch/products/braune-augen-schattenpalette-610100	2026-10-02
https://luxestyle.ch/products/braune-casual-stiefel-607500	2026-10-02
https://luxestyle.ch/products/braune-denim-overalls-637100	2026-10-02
https://luxestyle.ch/products/braune-freizeit-hose-627800	2026-10-02
https://luxestyle.ch/products/braune-groovy-damenhose-fgss0912b	2026-10-02
https://luxestyle.ch/products/braune-jacquard-retro-weste-fgss0992	2026-10-02
https://luxestyle.ch/products/braune-lederhandtasche-fur-grosse-smartphones-644900	2026-10-02
https://luxestyle.ch/products/braune-leggings-mit-hoher-elastizitat-621500	2026-10-02
https://luxestyle.ch/products/braune-sandalen-fur-den-alltags-619200	2026-10-02
https://luxestyle.ch/products/braune-sandalen-mit-futter-und-mid-heel-617400	2026-10-02
https://luxestyle.ch/products/braune-streifen-knitting-hemd-608200	2026-10-02
https://luxestyle.ch/products/braune-winterstiefel-fur-herren-639200	2026-10-02
https://luxestyle.ch/products/brauner-cowboyhut-fga906909	2026-10-02
https://luxestyle.ch/products/brauner-schnauz-bart-mit-mundoffnung-fga90780	2026-10-02
https://luxestyle.ch/products/brauner-umhang-jedi-ritter-fgack4044b	2026-10-02
https://luxestyle.ch/products/braunes-augen-schatten-set-621600	2026-10-02
https://luxestyle.ch/products/braunes-uhrenset-fur-herren-898112	2026-10-02
https://luxestyle.ch/products/braunungspuder-fur-naturlichen-bronze-teint-028160	2026-10-02
https://luxestyle.ch/products/brautschleier-fga93336	2026-10-02
https://luxestyle.ch/products/brautschleier-mit-totenkopfen-fga968566	2026-10-02
https://luxestyle.ch/products/breaking-bad-rv-bausteine-fur-kinder-616100	2026-10-02
https://luxestyle.ch/products/breathable-geschaftsshirt-608500	2026-10-02
https://luxestyle.ch/products/breathable-laufschuhe-621000	2026-10-02
https://luxestyle.ch/products/breathable-sportschuhe-356032	2026-10-02
https://luxestyle.ch/products/breite-hosen-fur-den-alltag-627000	2026-10-02
https://luxestyle.ch/products/breite-sneaker-fur-herren-602500	2026-10-02
https://luxestyle.ch/products/breite-sneaker-in-schwarz-burgund-oder-wei-603900	2026-10-02
https://luxestyle.ch/products/breite-sohle-slip-on-schuh-609300	2026-10-02
https://luxestyle.ch/products/breite-toedressschuhe-625700	2026-10-02
https://luxestyle.ch/products/breiter-kristallglas-ring-610900	2026-10-02
https://luxestyle.ch/products/breiter-ledergurtel-fur-mantel-611600	2026-10-02
https://luxestyle.ch/products/breiter-offener-armreif-aus-geburstetem-altsil-621900	2026-10-02
https://luxestyle.ch/products/breiter-ring-aus-titanstahl-615500	2026-10-02
https://luxestyle.ch/products/breiter-ring-mit-eis-perlmutt-effekt-hellblau-629000	2026-10-02
https://luxestyle.ch/products/breiter-ring-silber-floral	2026-10-02
https://luxestyle.ch/products/breiter-statement-ring-mit-wellenmuster-630800	2026-10-02
https://luxestyle.ch/products/breites-edelstahl-openwork-armband-637900	2026-10-02
https://luxestyle.ch/products/breites-edelstahlarmband-fur-damen-631400	2026-10-02
https://luxestyle.ch/products/breites-hohles-armband-fur-damen-603700	2026-10-02
https://luxestyle.ch/products/breites-unregelmassiges-armband-618400	2026-10-02
https://luxestyle.ch/products/breitkrempiger-sonnenhut-aus-baumwolle-602200	2026-10-02
https://luxestyle.ch/products/breitkrempiger-sonnenhut-im-korea-stil-629600	2026-10-02
https://luxestyle.ch/products/brems-und-blinklicht-fur-fahrrad-619904	2026-10-02
https://luxestyle.ch/products/bremscheiben-dickenmesser-und-bremsbelag-teste-609300	2026-10-02
https://luxestyle.ch/products/bremslicht-laser-rucklicht-fur-velos-5134da	2026-10-02
https://luxestyle.ch/products/breylee-teebaum-gel-30g-620800	2026-10-02
https://luxestyle.ch/products/bridal-schmuckset-610700	2026-10-02
https://luxestyle.ch/products/bridal-schmuckset-halskette-ohrringe-020672	2026-10-02
https://luxestyle.ch/products/brief-halskette-mit-umschlag-anhanger-156352	2026-10-02
https://luxestyle.ch/products/brillantes-meerjungfrauen-pinsel-set-38e8b5	2026-10-02
https://luxestyle.ch/products/brille-fur-pilot-oder-chirurg-fga90344	2026-10-02
https://luxestyle.ch/products/brillen-etui-aus-bambusholz-600300	2026-10-02
https://luxestyle.ch/products/brillen-organizer-aus-pu-leder-12-facher-345728	2026-10-02
https://luxestyle.ch/products/brillen-schraubenzieher-set-8-teilig-150784	2026-10-02
https://luxestyle.ch/products/britisch-franzosisch-vintage-knochelstiefel-623600	2026-10-02
https://luxestyle.ch/products/britische-business-casual-lederschuhe-602000	2026-10-02
https://luxestyle.ch/products/britische-business-casual-schuhe-fur-herren-624100	2026-10-02
https://luxestyle.ch/products/britische-business-lederschuhe-mit-quasten-628500	2026-10-02
https://luxestyle.ch/products/britische-business-schuhe-628500	2026-10-02
https://luxestyle.ch/products/britische-business-schuhe-aus-echtem-leder-498880	2026-10-02
https://luxestyle.ch/products/britische-business-sneaker-fur-herren-623500	2026-10-02
https://luxestyle.ch/products/britische-businesstasche-fur-herren-614000	2026-10-02
https://luxestyle.ch/products/britische-casual-leder-sneaker-fur-herren-602200	2026-10-02
https://luxestyle.ch/products/britische-casual-lederschuhe-im-retro-stil-617900	2026-10-02
https://luxestyle.ch/products/britische-casual-lederschuhe-mit-metallschnall-605000	2026-10-02
https://luxestyle.ch/products/britische-casual-schuhe-fur-herren-626200	2026-10-02
https://luxestyle.ch/products/britische-chelsea-boots-614000	2026-10-02
https://luxestyle.ch/products/britische-chelsea-boots-aus-leder-fur-herren-628500	2026-10-02
https://luxestyle.ch/products/britische-fashion-herren-boots-aus-echtleder-812800	2026-10-02
https://luxestyle.ch/products/britische-freizeit-lederschuhe-610200	2026-10-02
https://luxestyle.ch/products/britische-freizeitschuhe-aus-schweinsleder-mit-622800	2026-10-02
https://luxestyle.ch/products/britische-freizeitschuhe-fur-herren-640300	2026-10-02
https://luxestyle.ch/products/britische-herren-freizeitschuhe-mit-absatzerho-633100	2026-10-02
https://luxestyle.ch/products/britische-herrenpumps-624900	2026-10-02
https://luxestyle.ch/products/britische-herrenschuhe-aus-leder-623600	2026-10-02
https://luxestyle.ch/products/britische-herrenschuhe-im-ubergrossen-stil-641800	2026-10-02
https://luxestyle.ch/products/britische-herrenschuhe-mit-dicker-sohle-605300	2026-10-02
https://luxestyle.ch/products/britische-high-top-boots-fur-herren-602500	2026-10-02
https://luxestyle.ch/products/britische-high-top-casual-lederschuhe-629800	2026-10-02
https://luxestyle.ch/products/britische-high-top-lederstiefel-fur-herren-606700	2026-10-02
https://luxestyle.ch/products/britische-high-top-schuhe-613300	2026-10-02
https://luxestyle.ch/products/britische-lackleder-loafer-fur-herren-600000	2026-10-02
https://luxestyle.ch/products/britische-leder-loafer-fur-damen-635600	2026-10-02
https://luxestyle.ch/products/britische-leder-martin-boots-mit-reissverschlu-628200	2026-10-02
https://luxestyle.ch/products/britische-leder-sneaker-fur-herren-611300	2026-10-02
https://luxestyle.ch/products/britische-lederstiefeletten-fur-herren-614700	2026-10-02
https://luxestyle.ch/products/britische-legierungs-armbanduhr-fur-paare-523584	2026-10-02
https://luxestyle.ch/products/britische-loafer-fur-herren-609700	2026-10-02
https://luxestyle.ch/products/britische-low-top-leder-sneaker-fur-herren-622600	2026-10-02
https://luxestyle.ch/products/britische-martens-stiefel-602200	2026-10-02
https://luxestyle.ch/products/britische-martin-boots-fur-damen-623200	2026-10-02
https://luxestyle.ch/products/britische-mid-calf-boots-fur-damen-631700	2026-10-02
https://luxestyle.ch/products/britische-retro-desert-boots-610700	2026-10-02
https://luxestyle.ch/products/britische-retro-stiefel-fur-herren-647400	2026-10-02
https://luxestyle.ch/products/britische-schnur-sneaker-fur-herren-607100	2026-10-02
https://luxestyle.ch/products/britische-schnurschuhe-mit-blockabsatz-614100	2026-10-02
https://luxestyle.ch/products/britische-slip-on-casual-lederschuhe-622200	2026-10-02
https://luxestyle.ch/products/britische-slip-on-casual-schuhe-fur-herren-611100	2026-10-02
https://luxestyle.ch/products/britische-slip-on-loafer-mit-chunky-absatz-624300	2026-10-02
https://luxestyle.ch/products/britische-stiefel-im-biker-stil-626000	2026-10-02
https://luxestyle.ch/products/britische-stiefeletten-aus-leder-mit-reissvers-609200	2026-10-02
https://luxestyle.ch/products/britische-stiefeletten-mit-dicker-sohle-355328	2026-10-02
https://luxestyle.ch/products/britische-ubergrossen-tod-s-slipper-614500	2026-10-02
https://luxestyle.ch/products/britische-wildleder-arbeitsschuhe-fur-herren-612900	2026-10-02
https://luxestyle.ch/products/britische-wildleder-martin-boots-fur-herren-621400	2026-10-02
https://luxestyle.ch/products/britischer-fashion-rucksack-384f55	2026-10-02
https://luxestyle.ch/products/britischer-hunde-mantel-626000	2026-10-02
https://luxestyle.ch/products/britischer-oversize-hoodie-mit-polo-kragen-602300	2026-10-02
https://luxestyle.ch/products/britischer-trendschuh-617800	2026-10-02
https://luxestyle.ch/products/britisches-teeservice-luxury-571968	2026-10-02
https://luxestyle.ch/products/brogue-dress-shoes-607500	2026-10-02
https://luxestyle.ch/products/brogue-leder-business-schuhe-fur-herren-622400	2026-10-02
https://luxestyle.ch/products/brogue-plateau-schuhe-aus-leder-mit-absatzerho-614700	2026-10-02
https://luxestyle.ch/products/brokatstoff-seide-antiker-tang-anzug-cheongsam-892288	2026-10-02
https://luxestyle.ch/products/bronzer-highlighter-palette-18x75-mm-baea72	2026-10-02
https://luxestyle.ch/products/bronzing-bedrucktes-ripsband-fur-kleideraccess-928576	2026-10-02
https://luxestyle.ch/products/bronzing-bikini-eb01e4	2026-10-02
https://luxestyle.ch/products/bronzing-rice-character-kissen-adec3f	2026-10-02
https://luxestyle.ch/products/brook-wingman-xb-ps3-ps4-controller-adapter-460160	2026-10-02
https://luxestyle.ch/products/brosche-mit-mikro-pave-glanz-vogel-602100	2026-10-02
https://luxestyle.ch/products/brot-schneidehilfe-aus-holz-613000	2026-10-02
https://luxestyle.ch/products/brot-schnuffelspielzeug-fur-hunde-135040	2026-10-02
https://luxestyle.ch/products/brot-toast-schnuffelspielzeug-fur-hunde-052928	2026-10-02
https://luxestyle.ch/products/brotbox-aus-bambus-573760	2026-10-02
https://luxestyle.ch/products/brotbox-aus-metall-mit-bambusdeckel-600100	2026-10-02
https://luxestyle.ch/products/brotkasten-mit-bambusdeckel-634000	2026-10-02
https://luxestyle.ch/products/brottablett-aus-massivholz-dd0065	2026-10-02
https://luxestyle.ch/products/brow-pencil-spinning-round-3-in-1-augenbrauens-fbc5e3	2026-10-02
https://luxestyle.ch/products/browen-trimmer-set-aus-edelstahl-d41757	2026-10-02
https://luxestyle.ch/products/brown-leder-armbanduhr-set-239872	2026-10-02
https://luxestyle.ch/products/brown-ledertasche-281600	2026-10-02
https://luxestyle.ch/products/brown-sandalen-mit-kubusabsatz-605200	2026-10-02
https://luxestyle.ch/products/bruder-4-zusatzreifen-fga02404	2026-10-02
https://luxestyle.ch/products/bruder-bauset-jcb-4cx-baggerlader-mit-spie-fga01685	2026-10-02
https://luxestyle.ch/products/bruder-bauset-man-tga-kran-lkw-fga01973	2026-10-02
https://luxestyle.ch/products/bruder-beregnungsanhanger-fga02034	2026-10-02
https://luxestyle.ch/products/bruder-bworld-dhl-paketshop-fga062251	2026-10-02
https://luxestyle.ch/products/bruder-bworld-fahrradshop-fga063120	2026-10-02
https://luxestyle.ch/products/bruder-bworld-feuerwehrstation-fga062702	2026-10-02
https://luxestyle.ch/products/bruder-bworld-figur-police-fga062151	2026-10-02
https://luxestyle.ch/products/bruder-bworld-kajak-mit-figur-fga063155	2026-10-02
https://luxestyle.ch/products/bruder-bworld-kuh-fga062611	2026-10-02
https://luxestyle.ch/products/bruder-bworld-landmaschinenhalle-traktor-u-fga062620	2026-10-02
https://luxestyle.ch/products/bruder-bworld-life-guard-fga062780	2026-10-02
https://luxestyle.ch/products/bruder-bworld-personal-fga063151	2026-10-02
https://luxestyle.ch/products/bruder-bworld-polizei-fga062733	2026-10-02
https://luxestyle.ch/products/bruder-bworld-polizeistation-fga062732	2026-10-02
https://luxestyle.ch/products/bruder-bworld-polizist-fga060051	2026-10-02
https://luxestyle.ch/products/bruder-bworld-springparcour-fga062532	2026-10-02
https://luxestyle.ch/products/bruder-bworld-tankstelle-fga062111	2026-10-02
https://luxestyle.ch/products/bruder-bworld-ups-paketshop-fga062250	2026-10-02
https://luxestyle.ch/products/bruder-case-ih-cvx-170-mit-fassanhanger-fga01184	2026-10-02
https://luxestyle.ch/products/bruder-cat-fga02485	2026-10-02
https://luxestyle.ch/products/bruder-cat-schaufelbagger-fga02483	2026-10-02
https://luxestyle.ch/products/bruder-deutz-8280-ttv-fga03160	2026-10-02
https://luxestyle.ch/products/bruder-deutz-agrotron-fga03081	2026-10-02
https://luxestyle.ch/products/bruder-deutz-fahr-8280-ttv-fga03162	2026-10-02
https://luxestyle.ch/products/bruder-dumper-fga03415	2026-10-02
https://luxestyle.ch/products/bruder-fendt-rundballenpresse-fga02038	2026-10-02
https://luxestyle.ch/products/bruder-fendt-vario-211-fga02182	2026-10-02
https://luxestyle.ch/products/bruder-fliegl-fassanhanger-fga02036	2026-10-02
https://luxestyle.ch/products/bruder-frau-mit-dunklerem-fga060404	2026-10-02
https://luxestyle.ch/products/bruder-frau-mit-hellem-fga060406	2026-10-02
https://luxestyle.ch/products/bruder-horsch-maestro-8-cx-fga02037	2026-10-02
https://luxestyle.ch/products/bruder-jcb-teletruk-fga02512	2026-10-02
https://luxestyle.ch/products/bruder-jeep-wrangler-rubicon-fga02529	2026-10-02
https://luxestyle.ch/products/bruder-john-deere-7r-350-fga03151	2026-10-02
https://luxestyle.ch/products/bruder-krone-big-pack-fga02033	2026-10-02
https://luxestyle.ch/products/bruder-krone-schwader-fga02216	2026-10-02
https://luxestyle.ch/products/bruder-land-rover-defender-fga02599	2026-10-02
https://luxestyle.ch/products/bruder-lemken-grubber-fga02228	2026-10-02
https://luxestyle.ch/products/bruder-linde-ht160-stapler-fga02513	2026-10-02
https://luxestyle.ch/products/bruder-lkw-tank-anhanger-fga03925	2026-10-02
https://luxestyle.ch/products/bruder-mack-granite-berge-fga02831	2026-10-02
https://luxestyle.ch/products/bruder-man-tga-absetzcontainer-fga02741	2026-10-02
https://luxestyle.ch/products/bruder-man-tga-betonmischer-fga02739	2026-10-02
https://luxestyle.ch/products/bruder-man-tga-mull-lkw-fga02772	2026-10-02
https://luxestyle.ch/products/bruder-man-tga-tieflader-fga02774	2026-10-02
https://luxestyle.ch/products/bruder-man-tgs-kipp-lkw-fga03766	2026-10-02
https://luxestyle.ch/products/bruder-man-tgs-kran-lkw-fga03771	2026-10-02
https://luxestyle.ch/products/bruder-man-tgs-muell-lkw-fga03760	2026-10-02
https://luxestyle.ch/products/bruder-man-tgs-mull-lkw-fga03764	2026-10-02
https://luxestyle.ch/products/bruder-man-tgs-winterdienst-fga03785	2026-10-02
https://luxestyle.ch/products/bruder-massey-ferguson-rund-fga02039	2026-10-02
https://luxestyle.ch/products/bruder-mb-arocs-betonmisch-lkw-fga03655	2026-10-02
https://luxestyle.ch/products/bruder-mb-arocs-halfpipe-kipp-fga03621	2026-10-02
https://luxestyle.ch/products/bruder-mb-sprinter-ambulanz-m-fga02676	2026-10-02
https://luxestyle.ch/products/bruder-mb-sprinter-autotrans-fga02675	2026-10-02
https://luxestyle.ch/products/bruder-mb-sprinter-dhl-fga02671	2026-10-02
https://luxestyle.ch/products/bruder-mb-sprinter-feuerwehr-fga02680	2026-10-02
https://luxestyle.ch/products/bruder-mb-sprinter-fga02674	2026-10-02
https://luxestyle.ch/products/bruder-mb-sprinter-fga02679	2026-10-02
https://luxestyle.ch/products/bruder-mb-sprinter-kommunal-m-fga02677	2026-10-02
https://luxestyle.ch/products/bruder-mb-sprinter-kommunale-fga02682	2026-10-02
https://luxestyle.ch/products/bruder-mb-sprinter-police-fga02685	2026-10-02
https://luxestyle.ch/products/bruder-mb-sprinter-polizei-fga02683	2026-10-02
https://luxestyle.ch/products/bruder-mb-sprinter-transfer-fga02670	2026-10-02
https://luxestyle.ch/products/bruder-mb-sprinter-ups-fga02678	2026-10-02
https://luxestyle.ch/products/bruder-new-holland-t5-120-fga02184	2026-10-02
https://luxestyle.ch/products/bruder-pferd-braun-fga02352	2026-10-02
https://luxestyle.ch/products/bruder-polizistin-mit-dunklem-fga060431	2026-10-02
https://luxestyle.ch/products/bruder-polizistin-mit-hellem-fga060430	2026-10-02
https://luxestyle.ch/products/bruder-ram-2500-feuerwehr-fga02544	2026-10-02
https://luxestyle.ch/products/bruder-ram-2500-polizei-pickup-fga02507	2026-10-02
https://luxestyle.ch/products/bruder-ram-2500-service-truck-fga02509	2026-10-02
https://luxestyle.ch/products/bruder-ram-power-wagen-fga02506	2026-10-02
https://luxestyle.ch/products/bruder-range-rover-notfahr-fga02885	2026-10-02
https://luxestyle.ch/products/bruder-range-rover-velar-fga02890	2026-10-02
https://luxestyle.ch/products/bruder-roadmax-dumper-fga03420	2026-10-02
https://luxestyle.ch/products/bruder-roadmax-feuerwehr-fga03472	2026-10-02
https://luxestyle.ch/products/bruder-roadmax-gelenkradlader-fga03412	2026-10-02
https://luxestyle.ch/products/bruder-roadmax-kipp-lkw-fga03470	2026-10-02
https://luxestyle.ch/products/bruder-roadmax-kran-lkw-fga03471	2026-10-02
https://luxestyle.ch/products/bruder-roadmax-mobilbagger-fga03413	2026-10-02
https://luxestyle.ch/products/bruder-roadmax-traktor-fga03451	2026-10-02
https://luxestyle.ch/products/bruder-roadmax-traktor-fga03452	2026-10-02
https://luxestyle.ch/products/bruder-roadster-mit-1-rennrad-und-radfahre-fga03485	2026-10-02
https://luxestyle.ch/products/bruder-roadster-mit-fahrer-fga03481	2026-10-02
https://luxestyle.ch/products/bruder-rundballensammler-fga02204	2026-10-02
https://luxestyle.ch/products/bruder-scania-560r-berge-fga03553	2026-10-02
https://luxestyle.ch/products/bruder-volvo-kompaktbagger-fga02465	2026-10-02
https://luxestyle.ch/products/bruder-volvo-radlader-l260h-fga02458	2026-10-02
https://luxestyle.ch/products/bruder-zubehor-fga042343	2026-10-02
https://luxestyle.ch/products/bruder-zubehor-heuraufe-fga062612	2026-10-02
https://luxestyle.ch/products/bruder-zubehor-licht-und-ton-fga02803	2026-10-02
https://luxestyle.ch/products/bruder-zubehor-rundumleuchte-fga02807	2026-10-02
https://luxestyle.ch/products/bruder-zubehor-traktor-fga02353	2026-10-02
https://luxestyle.ch/products/brust-expander-gurtel-627300	2026-10-02
https://luxestyle.ch/products/brust-expander-yoga-stretchband-600100	2026-10-02
https://luxestyle.ch/products/brust-schultertasche-aus-leder-607100	2026-10-02
https://luxestyle.ch/products/brust-umhangetasche-aus-leder-fur-herren-367488	2026-10-02
https://luxestyle.ch/products/brust-umhangetasche-aus-rindsleder-448512	2026-10-02
https://luxestyle.ch/products/brust-und-hufttasche-aus-leder-606500	2026-10-02
https://luxestyle.ch/products/brust-und-hufttasche-aus-vollnarbenleder-638400	2026-10-02
https://luxestyle.ch/products/brust-und-ruckenschutz-night-armor-564288	2026-10-02
https://luxestyle.ch/products/brust-und-umhangetasche-fur-herren-105664	2026-10-02
https://luxestyle.ch/products/brustgeschirr-fur-haustiere-3c9195	2026-10-02
https://luxestyle.ch/products/brustgeschirr-fur-hunde-26fb7f	2026-10-02
https://luxestyle.ch/products/brustgeschirr-fur-hunde-und-katzen-103db8	2026-10-02
https://luxestyle.ch/products/brustgeschirr-fur-kleine-bis-mittelgrosse-hund-674432	2026-10-02
https://luxestyle.ch/products/brustgeschirr-fur-kleine-hunde-625600	2026-10-02
https://luxestyle.ch/products/brustgeschirr-fur-mittelgrosse-bis-grosse-hund-156ea8	2026-10-02
https://luxestyle.ch/products/brustgeschirr-fur-mittlere-und-grosse-hunde-efe706	2026-10-02
https://luxestyle.ch/products/brustgeschirr-kleiner-dinosaurier-mit-leine-d9be0c	2026-10-02
https://luxestyle.ch/products/brustgeschirr-korean-style-mit-strass-applikat-65b0b2	2026-10-02
https://luxestyle.ch/products/brustgeschirr-mit-dreiecksriemen-fur-haustiere-8dd1c6	2026-10-02
https://luxestyle.ch/products/brustgeschirr-mit-leine-fur-haustiere-513856	2026-10-02
https://luxestyle.ch/products/brustgeschirr-mit-leine-fur-katzen-620900	2026-10-02
https://luxestyle.ch/products/brustgeschirr-mit-leine-fur-katzen-und-kleine-846976	2026-10-02
https://luxestyle.ch/products/brustgeschirr-mit-leine-polyester-legierung-427968	2026-10-02
https://luxestyle.ch/products/brustgeschirr-mit-sicherheitsgurt-fur-haustier-649408	2026-10-02
https://luxestyle.ch/products/brustgeschirr-und-leine-fur-katzen-645632	2026-10-02
https://luxestyle.ch/products/brustgeschirr-universal-camouflage-leicht-637500	2026-10-02
https://luxestyle.ch/products/brustgurt-fur-gehandicapte-hunde-311360	2026-10-02
https://luxestyle.ch/products/brusthalter-fur-action-kameras-610600	2026-10-02
https://luxestyle.ch/products/brustmuskel-trainingsgerat-fur-zuhause-492416	2026-10-02
https://luxestyle.ch/products/brustmuskelausbilder-618500	2026-10-02
https://luxestyle.ch/products/brustpump-spray-fur-stillzeit-114817	2026-10-02
https://luxestyle.ch/products/bruststraffende-aufpolsternde-masken-pads-6-st-049410	2026-10-02
https://luxestyle.ch/products/brusttasche-aus-crazy-horse-leder-828928	2026-10-02
https://luxestyle.ch/products/brusttasche-aus-echtem-leder-fur-herren-669248	2026-10-02
https://luxestyle.ch/products/brusttasche-aus-leder-949120	2026-10-02
https://luxestyle.ch/products/brusttasche-aus-leder-fur-herren-330112	2026-10-02
https://luxestyle.ch/products/brusttasche-aus-oxford-stoff-238720	2026-10-02
https://luxestyle.ch/products/brusttasche-aus-pflanzlich-gegerbtem-leder-529088	2026-10-02
https://luxestyle.ch/products/brusttasche-aus-pu-leder-mit-reissverschluss-475328	2026-10-02
https://luxestyle.ch/products/brusttasche-aus-rindsleder-554496	2026-10-02
https://luxestyle.ch/products/brusttasche-aus-rindsleder-fur-herren-026688	2026-10-02
https://luxestyle.ch/products/brusttasche-aus-rindsleder-vintage-392512	2026-10-02
https://luxestyle.ch/products/brusttasche-aus-vollleder-dunkelbraun-601800	2026-10-02
https://luxestyle.ch/products/brusttasche-aus-vollnarbenleder-618200	2026-10-02
https://luxestyle.ch/products/brusttasche-aus-vollnarbenleder-fur-herren-613400	2026-10-02
https://luxestyle.ch/products/brusttasche-aus-wachs-canvas-355200	2026-10-02
https://luxestyle.ch/products/brusttasche-canvas-345728	2026-10-02
https://luxestyle.ch/products/brusttasche-crazy-horse-leder-braun-872512	2026-10-02
https://luxestyle.ch/products/brusttasche-fur-alltag-940928	2026-10-02
https://luxestyle.ch/products/brusttasche-fur-alltag-und-freizeit-349760	2026-10-02
https://luxestyle.ch/products/brusttasche-fur-arbeit-und-freizeit-329152	2026-10-02
https://luxestyle.ch/products/brusttasche-fur-fernglas-verstellbar-606100	2026-10-02
https://luxestyle.ch/products/brusttasche-fur-herren-620300	2026-10-02
https://luxestyle.ch/products/brusttasche-fur-herren-camouflage-oder-schwarz-778688	2026-10-02
https://luxestyle.ch/products/brusttasche-fur-herren-canvas-300096	2026-10-02
https://luxestyle.ch/products/brusttasche-fur-herren-casual-618240	2026-10-02
https://luxestyle.ch/products/brusttasche-fur-herren-diverse-farben-628200	2026-10-02
https://luxestyle.ch/products/brusttasche-fur-herren-im-business-stil-909760	2026-10-02
https://luxestyle.ch/products/brusttasche-fur-herren-im-camouflage-look-618600	2026-10-02
https://luxestyle.ch/products/brusttasche-fur-herren-im-streetwear-stil-305792	2026-10-02
https://luxestyle.ch/products/brusttasche-fur-herren-mit-mehreren-fachern-622600	2026-10-02
https://luxestyle.ch/products/brusttasche-fur-herren-oxford-stoff-schwarz-256768	2026-10-02
https://luxestyle.ch/products/brusttasche-fur-herren-rautenformig-217024	2026-10-02
https://luxestyle.ch/products/brusttasche-fur-herren-schwarz-573952	2026-10-02
https://luxestyle.ch/products/brusttasche-fur-herren-vielseitig-601000	2026-10-02
https://luxestyle.ch/products/brusttasche-fur-outdoor-und-freizeit-a9a41a	2026-10-02
https://luxestyle.ch/products/brusttasche-fur-outdoor-velo-touren-152768	2026-10-02
https://luxestyle.ch/products/brusttasche-fur-sport-und-freizeit-664064	2026-10-02
https://luxestyle.ch/products/brusttasche-im-chinesischen-stil-846336	2026-10-02
https://luxestyle.ch/products/brusttasche-kleiner-rucksack-fur-herren-834368	2026-10-02
https://luxestyle.ch/products/brusttasche-korean-casual-136832	2026-10-02
https://luxestyle.ch/products/brusttasche-krokodil-aus-leder-079360	2026-10-02
https://luxestyle.ch/products/brusttasche-messenger-bag-aus-pu-leder-225984	2026-10-02
https://luxestyle.ch/products/brusttasche-mit-abzeichen-466176	2026-10-02
https://luxestyle.ch/products/brusttasche-mit-mehreren-fachern-383424	2026-10-02
https://luxestyle.ch/products/brusttasche-new-trend-mit-letter-print-414144	2026-10-02
https://luxestyle.ch/products/brusttasche-oxford-stoff-wasserdicht-490432	2026-10-02
https://luxestyle.ch/products/brusttasche-retro-leder-762752	2026-10-02
https://luxestyle.ch/products/brusttasche-street-personality-schwarz-188992	2026-10-02
https://luxestyle.ch/products/brusttasche-wasserdicht-873216	2026-10-02
https://luxestyle.ch/products/brusttasche-wasserdicht-fur-herren-202688	2026-10-02
https://luxestyle.ch/products/brusttasche-wasserdicht-mit-hartschale-705664	2026-10-02
https://luxestyle.ch/products/brylee-teebaum-mitesser-set-616800	2026-10-02
https://luxestyle.ch/products/bt56-fm-transmitter-mit-bluetooth-freisprechfu-614400	2026-10-02
https://luxestyle.ch/products/bubble-armband-aus-bronzelegierung-zum-kombini-628000	2026-10-02
https://luxestyle.ch/products/bubble-baumwollstoff-mit-pflanzenmuster-338944	2026-10-02
https://luxestyle.ch/products/bubble-gum-hochglanz-lederimitat-603264	2026-10-02
https://luxestyle.ch/products/bubble-pet-halsband-und-leine-722624	2026-10-02
https://luxestyle.ch/products/buben-leder-halbschuhe-mit-klettverschluss-620900	2026-10-02
https://luxestyle.ch/products/buchbinde-lineal-set-aus-holz-15-teilig-622200	2026-10-02
https://luxestyle.ch/products/buchenholz-schneidebrett-zweifarbig-742592	2026-10-02
https://luxestyle.ch/products/buchenkleber-fur-kinder-407680	2026-10-02
https://luxestyle.ch/products/bucheriti-cat-s-eye-press-on-nagel-867712	2026-10-02
https://luxestyle.ch/products/bucheriti-nagelsticker-kurz-hellviolett-488256	2026-10-02
https://luxestyle.ch/products/bucherregal-laterne-aus-eisen-614200	2026-10-02
https://luxestyle.ch/products/buchformiges-schneidebrett-4er-set-mit-stander-622500	2026-10-02
https://luxestyle.ch/products/buchi-glitzer-katzenaugen-nagel-zum-aufkleben-383232	2026-10-02
https://luxestyle.ch/products/buchilati-gold-amber-maillard-kunstnagel-444416	2026-10-02
https://luxestyle.ch/products/buchilati-super-gorgeous-fortune-valve-press-o-410496	2026-10-02
https://luxestyle.ch/products/buchstaben-armband-aus-edelstahl-604700	2026-10-02
https://luxestyle.ch/products/buchstaben-armband-personalisierbar-638600	2026-10-02
https://luxestyle.ch/products/buchstaben-bowknot-sandalen-629600	2026-10-02
https://luxestyle.ch/products/buchstaben-formen-set-fur-epoxidharz-142106	2026-10-02
https://luxestyle.ch/products/buchstaben-girlande-happy-fga20406	2026-10-02
https://luxestyle.ch/products/buchstaben-halskette-620200	2026-10-02
https://luxestyle.ch/products/buchstabenarmband-personalisierbar-617700	2026-10-02
https://luxestyle.ch/products/buchstabenbestickte-joggingjacke-damen-611500	2026-10-02
https://luxestyle.ch/products/bucket-handtasche-620700	2026-10-02
https://luxestyle.ch/products/bucket-hat-banana-schwarz-print	2026-10-02
https://luxestyle.ch/products/bucket-hat-leo-leoparden-print-sonnenschutz	2026-10-02
https://luxestyle.ch/products/buckle-bow-sandalen-mit-schlaufe-weiss-schwarz-709440	2026-10-02
https://luxestyle.ch/products/buddha-maitreya-kopf-weihrauchbrenner-399296	2026-10-02
https://luxestyle.ch/products/buddhistischer-tempel-diamond-painting-265920	2026-10-02
https://luxestyle.ch/products/buegeltransfer-selbst-gestalten	2026-10-02
https://luxestyle.ch/products/bugelfreies-business-hemd-fur-herren-612800	2026-10-02
https://luxestyle.ch/products/bugelfreies-langarm-polohemd-fur-herren-604700	2026-10-02
https://luxestyle.ch/products/bugelfreies-langarmhemd-fur-herren-im-karodesi-613200	2026-10-02
https://luxestyle.ch/products/bugelfreies-stretch-hemd-fur-herren-611600	2026-10-02
https://luxestyle.ch/products/bugelfreies-stretch-langarmhemd-fur-herren-632000	2026-10-02
https://luxestyle.ch/products/bugelhilfe-fur-patchwork-719744	2026-10-02
https://luxestyle.ch/products/bugelhose-mit-burger-stickerei-638100	2026-10-02
https://luxestyle.ch/products/bugelrock-fur-frauen-603700	2026-10-02
https://luxestyle.ch/products/bugformige-aluminium-schnellwechselhalterung-614900	2026-10-02
https://luxestyle.ch/products/builder-gel-klar-fur-nagel-15ml-103104	2026-10-02
https://luxestyle.ch/products/bullcaptain-leder-businesstasche-605800	2026-10-02
https://luxestyle.ch/products/bulle-fga02309	2026-10-02
https://luxestyle.ch/products/bullock-derby-business-schuhe-mit-8cm-erhohung-612200	2026-10-02
https://luxestyle.ch/products/bullock-oversized-golfschuhe-623600	2026-10-02
https://luxestyle.ch/products/bundle-premium-home-wellness	2026-10-02
https://luxestyle.ch/products/bunt-gestreifte-a-linien-rock-601400	2026-10-02
https://luxestyle.ch/products/bunt-schimmerndes-halsband-621500	2026-10-02
https://luxestyle.ch/products/bunt-streif-shirt-605700	2026-10-02
https://luxestyle.ch/products/bunte-3d-blumen-schmetterlinge-zum-aufkleben-622200	2026-10-02
https://luxestyle.ch/products/bunte-armbanduhr-608300	2026-10-02
https://luxestyle.ch/products/bunte-bausteine-fur-kinder-402880	2026-10-02
https://luxestyle.ch/products/bunte-blumen-strickpullover-618000	2026-10-02
https://luxestyle.ch/products/bunte-candy-xingx-nagelsticker-zum-aufkleben-054336	2026-10-02
https://luxestyle.ch/products/bunte-herbst-bluten-zum-aufkleben-845824	2026-10-02
https://luxestyle.ch/products/bunte-high-heel-sandalen-mit-schnurverschluss-287808	2026-10-02
https://luxestyle.ch/products/bunte-hunde-und-katzenlampen-aus-kunstharz-639900	2026-10-02
https://luxestyle.ch/products/bunte-katze-und-alpaka-spielzeuge-615900	2026-10-02
https://luxestyle.ch/products/bunte-kristall-halskette-mit-natursteinperlen-628100	2026-10-02
https://luxestyle.ch/products/bunte-peep-toe-sandalen-mit-schnalle-627000	2026-10-02
https://luxestyle.ch/products/bunte-pentagramm-glitzer-pailletten-fur-nagel-6f8b12	2026-10-02
https://luxestyle.ch/products/bunte-plateau-sandalen-fur-damen-609700	2026-10-02
https://luxestyle.ch/products/bunte-schleifen-high-heels-fur-kinder-319d0c	2026-10-02
https://luxestyle.ch/products/bunte-schmetterlings-teig-set-fur-kuchen-603712	2026-10-02
https://luxestyle.ch/products/bunte-sport-silikonuhr-019584	2026-10-02
https://luxestyle.ch/products/bunte-sternenhimmel-projektionslampe-bc7297	2026-10-02
https://luxestyle.ch/products/bunte-streifen-badetucher-aus-baumwolle-619300	2026-10-02
https://luxestyle.ch/products/bunte-tierpfoten-cosplay-handschuhe-611600	2026-10-02
https://luxestyle.ch/products/bunte-vorhange-im-boheme-stil-606800	2026-10-02
https://luxestyle.ch/products/bunte-zirkon-ohrstecker-mit-naturperlen-600500	2026-10-02
https://luxestyle.ch/products/bunter-blumen-pullover-fur-herren-606300	2026-10-02
https://luxestyle.ch/products/bunter-chiffonschal-180-70-cm-632300	2026-10-02
https://luxestyle.ch/products/bunter-clown-minihut-fgaor2381200	2026-10-02
https://luxestyle.ch/products/bunter-handbemalter-teller-mit-blumenmuster-603300	2026-10-02
https://luxestyle.ch/products/bunter-polka-dot-patchwork-pullover-614000	2026-10-02
https://luxestyle.ch/products/bunter-strickpullover-mit-stehkragen-638700	2026-10-02
https://luxestyle.ch/products/buntes-3d-dinosaurier-led-nachtlicht-2c8764	2026-10-02
https://luxestyle.ch/products/buntes-armband-im-geometrischen-design-601600	2026-10-02
https://luxestyle.ch/products/buntes-buchstaben-armband-611000	2026-10-02
https://luxestyle.ch/products/buntes-damen-sweatshirt-mit-print-618200	2026-10-02
https://luxestyle.ch/products/buntes-fisch-diamond-painting-rund-oder-eckig-380928	2026-10-02
https://luxestyle.ch/products/buntes-herz-armband-mit-diamant-burstung-601200	2026-10-02
https://luxestyle.ch/products/buntes-herz-zirkonia-tennis-halskette-fur-dame-620900	2026-10-02
https://luxestyle.ch/products/buntes-leder-geschirr-fur-katzen-526848	2026-10-02
https://luxestyle.ch/products/buntes-mehrlagiges-lederarmband-mit-perlen-600400	2026-10-02
https://luxestyle.ch/products/buntes-olschmuck-halsband-633500	2026-10-02
https://luxestyle.ch/products/buntes-puzzle-modell-dessert-haus-989824	2026-10-02
https://luxestyle.ch/products/buntes-resin-armband-fur-apple-watch-934848	2026-10-02
https://luxestyle.ch/products/buntes-silikon-kuchenhelfer-set-mit-holzgriff-266496	2026-10-02
https://luxestyle.ch/products/buntes-silikonarmband-fur-smartwatch-613440	2026-10-02
https://luxestyle.ch/products/buntes-steinperlen-halsband-627800	2026-10-02
https://luxestyle.ch/products/buntes-stickerei-oberteil-mit-langen-armeln-620900	2026-10-02
https://luxestyle.ch/products/buntes-traumschloss-bausteine-set-fur-kinder-321472	2026-10-02
https://luxestyle.ch/products/buntes-zeichen-und-malbuch-fur-kinder-610800	2026-10-02
https://luxestyle.ch/products/buntes-zirkon-tennisarmband-im-europaischen-st-628900	2026-10-02
https://luxestyle.ch/products/buntstein-halsband-632300	2026-10-02
https://luxestyle.ch/products/buntstifte-decke-635000	2026-10-02
https://luxestyle.ch/products/burg-bausteine-zum-entspannen-306432	2026-10-02
https://luxestyle.ch/products/burgerpresse-aus-aluminium-441f28	2026-10-02
https://luxestyle.ch/products/burgerpresse-aus-aluminiumguss-2d94a5	2026-10-02
https://luxestyle.ch/products/burgunder-leder-sneaker-623200	2026-10-02
https://luxestyle.ch/products/burgunder-und-blaue-streifen-henley-mit-fleece-623700	2026-10-02
https://luxestyle.ch/products/burgunderrotes-mini-kleid-mit-v-ausschnitt-604200	2026-10-02
https://luxestyle.ch/products/burgunderrotes-samtkleid-mit-weiten-armeln-613000	2026-10-02
https://luxestyle.ch/products/buro-heizdecke-mit-bauchstutze-629500	2026-10-02
https://luxestyle.ch/products/buro-nickerchen-kissen-fur-den-schreibtisch-635600	2026-10-02
https://luxestyle.ch/products/buro-schubladen-organizer-602000	2026-10-02
https://luxestyle.ch/products/buro-shelf-629300	2026-10-02
https://luxestyle.ch/products/buro-tischkissen-fur-die-mittagspause-652288	2026-10-02
https://luxestyle.ch/products/buroklammern-paperclip-628100	2026-10-02
https://luxestyle.ch/products/buroschere-mit-elastischem-band-827648	2026-10-02
https://luxestyle.ch/products/burostuhlbezug-dd395b	2026-10-02
https://luxestyle.ch/products/burst-capacitor-game-controller-4d97e3	2026-10-02
https://luxestyle.ch/products/burstenloser-750kv-scheibenmotor-fur-multiroto-626000	2026-10-02
https://luxestyle.ch/products/buschelknopf-pulli-lassiger-damenpullover-in-b-610200	2026-10-02
https://luxestyle.ch/products/business-aktentasche-aus-leder-711104	2026-10-02
https://luxestyle.ch/products/business-aktentasche-mit-grosser-kapazitat-042752	2026-10-02
https://luxestyle.ch/products/business-aktentasche-schwarz-mit-schultergurt-617400	2026-10-02
https://luxestyle.ch/products/business-anti-diebstahl-rucksack-c5a24f	2026-10-02
https://luxestyle.ch/products/business-armbanduhr-aus-legierung-608300	2026-10-02
https://luxestyle.ch/products/business-armbanduhr-fur-herren-623400	2026-10-02
https://luxestyle.ch/products/business-armbanduhr-im-koreanischen-stil-620900	2026-10-02
https://luxestyle.ch/products/business-armbanduhr-mit-doppeldisplay-604900	2026-10-02
https://luxestyle.ch/products/business-armbanduhr-mit-edelstahlband-792576	2026-10-02
https://luxestyle.ch/products/business-armbanduhr-mit-feinem-stahlband-380544	2026-10-02
https://luxestyle.ch/products/business-armbanduhr-mit-kalender-602700	2026-10-02
https://luxestyle.ch/products/business-automatikschirm-mit-holzgriff-603700	2026-10-02
https://luxestyle.ch/products/business-bag-aus-echtleder-895296	2026-10-02
https://luxestyle.ch/products/business-casual-anzug-color-block-fur-junge-ma-630100	2026-10-02
https://luxestyle.ch/products/business-casual-anzug-set-fur-herren-610700	2026-10-02
https://luxestyle.ch/products/business-casual-anzugweste-fur-herren-643500	2026-10-02
https://luxestyle.ch/products/business-casual-boots-fur-herren-605000	2026-10-02
https://luxestyle.ch/products/business-casual-doppel-display-leuchtende-wass-613700	2026-10-02
https://luxestyle.ch/products/business-casual-hemd-gestreift-aus-baumwolle-639600	2026-10-02
https://luxestyle.ch/products/business-casual-langarmhemd-fur-herren-618200	2026-10-02
https://luxestyle.ch/products/business-casual-langarmhemd-fur-herren-632400	2026-10-02
https://luxestyle.ch/products/business-casual-langarmhemd-mit-cuban-kragen-618400	2026-10-02
https://luxestyle.ch/products/business-casual-laptop-rucksack-36-55l-608400	2026-10-02
https://luxestyle.ch/products/business-casual-laptop-umhangetasche-178048	2026-10-02
https://luxestyle.ch/products/business-casual-leder-loafer-fur-herren-616600	2026-10-02
https://luxestyle.ch/products/business-casual-leder-slipper-fur-herren-613400	2026-10-02
https://luxestyle.ch/products/business-casual-lederschuhe-617600	2026-10-02
https://luxestyle.ch/products/business-casual-lederschuhe-fur-herren-626900	2026-10-02
https://luxestyle.ch/products/business-casual-lederschuhe-fur-herren-651800	2026-10-02
https://luxestyle.ch/products/business-casual-lederschuhe-mit-horsebit-schna-636700	2026-10-02
https://luxestyle.ch/products/business-casual-lederschuhe-mit-weicher-sohle-624000	2026-10-02
https://luxestyle.ch/products/business-casual-loafers-fur-herren-610100	2026-10-02
https://luxestyle.ch/products/business-casual-mantel-601800	2026-10-02
https://luxestyle.ch/products/business-casual-mesh-armbanduhr-mit-doppelanze-628300	2026-10-02
https://luxestyle.ch/products/business-casual-multifunktionsrucksack-e061c8	2026-10-02
https://luxestyle.ch/products/business-casual-quarzuhr-fur-herren-585472	2026-10-02
https://luxestyle.ch/products/business-casual-quarzuhr-leder-mit-leuchtzeige-965248	2026-10-02
https://luxestyle.ch/products/business-casual-quarzuhr-mit-kalender-415168	2026-10-02
https://luxestyle.ch/products/business-casual-rucksack-933312	2026-10-02
https://luxestyle.ch/products/business-casual-rucksack-aus-pu-leder-600500	2026-10-02
https://luxestyle.ch/products/business-casual-rucksack-fur-herren-625600	2026-10-02
https://luxestyle.ch/products/business-casual-rucksack-gross-fur-herren-240640	2026-10-02
https://luxestyle.ch/products/business-casual-rucksack-mit-grosser-kapazitat-604100	2026-10-02
https://luxestyle.ch/products/business-casual-rucksack-mit-zahlenschloss-606100	2026-10-02
https://luxestyle.ch/products/business-casual-rucksack-wasserabweisend-982976	2026-10-02
https://luxestyle.ch/products/business-casual-schnurschuhe-aus-rindsleder-614100	2026-10-02
https://luxestyle.ch/products/business-casual-schnurschuhe-fur-herren-607900	2026-10-02
https://luxestyle.ch/products/business-casual-schuhe-mit-absatzerhohung-626400	2026-10-02
https://luxestyle.ch/products/business-casual-slipper-aus-vollnarbenleder-611000	2026-10-02
https://luxestyle.ch/products/business-casual-slipper-aus-wildleder-610900	2026-10-02
https://luxestyle.ch/products/business-casual-slipper-fur-herren-d30cf9	2026-10-02
https://luxestyle.ch/products/business-casual-stiefeletten-628200	2026-10-02
https://luxestyle.ch/products/business-casual-stretch-hemd-fur-herren-602200	2026-10-02
https://luxestyle.ch/products/business-casual-stretch-hose-624400	2026-10-02
https://luxestyle.ch/products/business-casual-top-mit-reissverschluss-628800	2026-10-02
https://luxestyle.ch/products/business-classic-quarzuhr-fur-herren-614200	2026-10-02
https://luxestyle.ch/products/business-commute-laptop-rucksack-253376	2026-10-02
https://luxestyle.ch/products/business-commute-laptop-rucksack-aus-leder-294784	2026-10-02
https://luxestyle.ch/products/business-commute-laptop-rucksack-gross-wasserd-600900	2026-10-02
https://luxestyle.ch/products/business-commute-lederrucksack-fur-herren-307968	2026-10-02
https://luxestyle.ch/products/business-commute-rucksack-3er-set-063808	2026-10-02
https://luxestyle.ch/products/business-commute-umhangetasche-021312	2026-10-02
https://luxestyle.ch/products/business-commuter-rucksack-609500	2026-10-02
https://luxestyle.ch/products/business-commuter-rucksack-gross-vielseitig-609100	2026-10-02
https://luxestyle.ch/products/business-commuter-rucksack-grosses-volumen-602000	2026-10-02
https://luxestyle.ch/products/business-computer-rucksack-mit-viel-stauraum-618300	2026-10-02
https://luxestyle.ch/products/business-crossbody-rucksack-613600	2026-10-02
https://luxestyle.ch/products/business-crossbody-tasche-654800	2026-10-02
https://luxestyle.ch/products/business-fashion-herren-hohluhr-583744	2026-10-02
https://luxestyle.ch/products/business-fashion-reiserucksack-fur-herren-628700	2026-10-02
https://luxestyle.ch/products/business-freizeit-aktentasche-600600	2026-10-02
https://luxestyle.ch/products/business-freizeit-gold-hohlraum-mechanische-uh-618100	2026-10-02
https://luxestyle.ch/products/business-freizeit-hemd-knitterfrei-615900	2026-10-02
https://luxestyle.ch/products/business-freizeit-herrenuhr-quarz-wasserdicht-626800	2026-10-02
https://luxestyle.ch/products/business-freizeit-jacke-fur-herren-616200	2026-10-02
https://luxestyle.ch/products/business-freizeit-laptoptasche-875456	2026-10-02
https://luxestyle.ch/products/business-freizeit-lederschuhe-fur-herren-607800	2026-10-02
https://luxestyle.ch/products/business-freizeit-lederschuhe-mit-spitzer-zehe-605400	2026-10-02
https://luxestyle.ch/products/business-freizeit-quarz-herrenuhr-wasserdicht-614700	2026-10-02
https://luxestyle.ch/products/business-freizeit-rucksack-nylon-622900	2026-10-02
https://luxestyle.ch/products/business-freizeit-shorts-fur-damen-618900	2026-10-02
https://luxestyle.ch/products/business-freizeit-tasche-mit-grosser-kapazitat-618000	2026-10-02
https://luxestyle.ch/products/business-freizeitjacke-fur-herren-624000	2026-10-02
https://luxestyle.ch/products/business-freizeitschuh-im-korean-style-620700	2026-10-02
https://luxestyle.ch/products/business-freizeitschuhe-aus-leder-im-brit-stil-618000	2026-10-02
https://luxestyle.ch/products/business-fuller-fur-studenten-und-buro-58d84e	2026-10-02
https://luxestyle.ch/products/business-geldbeutel-mit-quarzuhr-set-637400	2026-10-02
https://luxestyle.ch/products/business-halbschuhe-aus-pu-leder-626300	2026-10-02
https://luxestyle.ch/products/business-handtasche-aus-weichem-kunstleder-218048	2026-10-02
https://luxestyle.ch/products/business-handtasche-fur-herren-im-streifen-des-259648	2026-10-02
https://luxestyle.ch/products/business-handtasche-mit-reissverschluss-585344	2026-10-02
https://luxestyle.ch/products/business-hartschalen-rucksack-laptop-905216	2026-10-02
https://luxestyle.ch/products/business-hemd-fur-herren-203776	2026-10-02
https://luxestyle.ch/products/business-hemd-fur-herren-dunner-stoff-625600	2026-10-02
https://luxestyle.ch/products/business-hemd-langarm-mit-blumenprint-614300	2026-10-02
https://luxestyle.ch/products/business-hemd-langarm-schmal-geschnitten-606700	2026-10-02
https://luxestyle.ch/products/business-hemd-langarm-slim-fit-639500	2026-10-02
https://luxestyle.ch/products/business-hemd-langarm-slim-fit-gestreift-612700	2026-10-02
https://luxestyle.ch/products/business-hemd-langarm-stretch-ubergrossen-612900	2026-10-02
https://luxestyle.ch/products/business-hemd-mit-4-wege-stretch-608900	2026-10-02
https://luxestyle.ch/products/business-hemd-slim-fit-fur-herren-619600	2026-10-02
https://luxestyle.ch/products/business-herren-edelstahl-mechanische-uhr-620700	2026-10-02
https://luxestyle.ch/products/business-herren-mechanik-uhr-608700	2026-10-02
https://luxestyle.ch/products/business-herren-mode-quarz-kalender-wasserdich-342080	2026-10-02
https://luxestyle.ch/products/business-herren-quarzuhr-lederarmband-774592	2026-10-02
https://luxestyle.ch/products/business-herren-quarzuhr-mit-kalender-640192	2026-10-02
https://luxestyle.ch/products/business-herren-stahluhr-mit-kalender-579072	2026-10-02
https://luxestyle.ch/products/business-herrenuhr-lederarmband-multifunktion-630800	2026-10-02
https://luxestyle.ch/products/business-herrenuhr-mit-leuchtzeigern-und-leder-617700	2026-10-02
https://luxestyle.ch/products/business-herrenuhr-mit-multifunktionsanzeige-624500	2026-10-02
https://luxestyle.ch/products/business-herrenuhr-quadratisch-multifunktion-225280	2026-10-02
https://luxestyle.ch/products/business-hose-fur-herren-632200	2026-10-02
https://luxestyle.ch/products/business-intelligence-usb-rucksack-632448	2026-10-02
https://luxestyle.ch/products/business-laptop-handtasche-fur-herren-400896	2026-10-02
https://luxestyle.ch/products/business-laptop-rucksack-134656	2026-10-02
https://luxestyle.ch/products/business-laptop-rucksack-15-zoll-556608	2026-10-02
https://luxestyle.ch/products/business-laptop-rucksack-18-zoll-616700	2026-10-02
https://luxestyle.ch/products/business-laptop-rucksack-440704	2026-10-02
https://luxestyle.ch/products/business-laptop-rucksack-aus-carbonfaser-349696	2026-10-02
https://luxestyle.ch/products/business-laptop-rucksack-aus-pu-leder-535808	2026-10-02
https://luxestyle.ch/products/business-laptop-rucksack-fur-herren-15-6-zoll-635100	2026-10-02
https://luxestyle.ch/products/business-laptop-rucksack-herren-100672	2026-10-02
https://luxestyle.ch/products/business-laptop-rucksack-high-sense-601200	2026-10-02
https://luxestyle.ch/products/business-laptop-rucksack-mit-diebstahlschutz-690560	2026-10-02
https://luxestyle.ch/products/business-laptop-rucksack-mit-erweiterungsfunkt-608100	2026-10-02
https://luxestyle.ch/products/business-laptop-rucksack-mit-grosser-kapazitat-606800	2026-10-02
https://luxestyle.ch/products/business-laptop-rucksack-mit-hartschale-403200	2026-10-02
https://luxestyle.ch/products/business-laptop-rucksack-mit-luftpolster-trage-605400	2026-10-02
https://luxestyle.ch/products/business-laptop-rucksack-mit-usb-anschluss-099200	2026-10-02
https://luxestyle.ch/products/business-laptop-rucksack-mit-viel-stauraum-629300	2026-10-02
https://luxestyle.ch/products/business-laptop-rucksack-schlicht-trendig-455040	2026-10-02
https://luxestyle.ch/products/business-laptop-rucksack-travel-539712	2026-10-02
https://luxestyle.ch/products/business-laptop-rucksack-wasserabweisend-043648	2026-10-02
https://luxestyle.ch/products/business-laptop-rucksack-wasserdicht-635100	2026-10-02
https://luxestyle.ch/products/business-laptop-tasche-14-15-6-zoll-519680	2026-10-02
https://luxestyle.ch/products/business-laptop-tasche-mit-schultergurt-286656	2026-10-02
https://luxestyle.ch/products/business-laptop-tasche-mit-usb-ladeanschluss-615700	2026-10-02
https://luxestyle.ch/products/business-laptoptasche-aus-oxford-stoff-619000	2026-10-02
https://luxestyle.ch/products/business-leder-portemonnaie-169984	2026-10-02
https://luxestyle.ch/products/business-lederrucksack-605800	2026-10-02
https://luxestyle.ch/products/business-lederschuhe-fur-herren-atmungsaktiv-606000	2026-10-02
https://luxestyle.ch/products/business-lederschuhe-im-drachenschuppen-muster-618800	2026-10-02
https://luxestyle.ch/products/business-lederschuhe-mit-spitzer-zehe-619500	2026-10-02
https://luxestyle.ch/products/business-lederschuhe-mit-spitzer-zehenpartie-634900	2026-10-02
https://luxestyle.ch/products/business-lederschuhe-mit-verdecktem-absatz-629300	2026-10-02
https://luxestyle.ch/products/business-lederstiefel-mit-runder-kappe-618000	2026-10-02
https://luxestyle.ch/products/business-leisure-schultertasche-699008	2026-10-02
https://luxestyle.ch/products/business-loafers-aus-weichem-leder-602700	2026-10-02
https://luxestyle.ch/products/business-mesh-armbanduhr-3er-set-3-stuck-792640	2026-10-02
https://luxestyle.ch/products/business-multifunktions-laptoptasche-15-6-zoll-4c3bd8	2026-10-02
https://luxestyle.ch/products/business-multifunktionsrucksack-622100	2026-10-02
https://luxestyle.ch/products/business-notebook-rucksack-850176	2026-10-02
https://luxestyle.ch/products/business-notebook-rucksack-fur-uni-freizeit-856000	2026-10-02
https://luxestyle.ch/products/business-notebook-rucksack-multi-layer-gross-797888	2026-10-02
https://luxestyle.ch/products/business-notebook-tasche-ecb1ea	2026-10-02
https://luxestyle.ch/products/business-outdoor-rucksack-aus-pu-leder-603400	2026-10-02
https://luxestyle.ch/products/business-oxford-schuhe-aus-leder-611600	2026-10-02
https://luxestyle.ch/products/business-oxford-schuhe-mit-spitzer-zehenpartie-610300	2026-10-02
https://luxestyle.ch/products/business-polo-mit-kontrastfarbe-611400	2026-10-02
https://luxestyle.ch/products/business-portemonnaie-mit-reissverschluss-lede-837760	2026-10-02
https://luxestyle.ch/products/business-pullover-fur-herren-606100	2026-10-02
https://luxestyle.ch/products/business-quartz-herrenarmbanduhr-luminisch-was-688384	2026-10-02
https://luxestyle.ch/products/business-quarz-uhr-fur-herren-060032	2026-10-02
https://luxestyle.ch/products/business-quarz-uhr-manschettenknopfe-geschenks-614400	2026-10-02
https://luxestyle.ch/products/business-quarz-uhr-mit-30-m-wasserdichtigkeit-7e89b9	2026-10-02
https://luxestyle.ch/products/business-quarzarmbanduhr-625300	2026-10-02
https://luxestyle.ch/products/business-quarzuhr-fur-herren-611200	2026-10-02
https://luxestyle.ch/products/business-quarzuhr-fur-herren-mit-stahlarmband-401472	2026-10-02
https://luxestyle.ch/products/business-quarzuhr-im-retro-look-fur-herren-637300	2026-10-02
https://luxestyle.ch/products/business-quarzuhr-mit-edelstahlarmband-611300	2026-10-02
https://luxestyle.ch/products/business-quarzuhr-mit-edelstahlarmband-615000	2026-10-02
https://luxestyle.ch/products/business-quarzuhr-mit-lederarmband-991552	2026-10-02
https://luxestyle.ch/products/business-quarzuhr-mit-leuchtzeigern-433408	2026-10-02
https://luxestyle.ch/products/business-quarzuhr-wasserdicht-263232	2026-10-02
https://luxestyle.ch/products/business-quarzuhr-wasserdicht-mit-leuchtzeiger-948224	2026-10-02
https://luxestyle.ch/products/business-reise-rucksack-mit-usb-anschluss-331392	2026-10-02
https://luxestyle.ch/products/business-reiserucksack-fur-herren-94223c	2026-10-02
https://luxestyle.ch/products/business-reisetasche-20-35l-609100	2026-10-02
https://luxestyle.ch/products/business-reisetasche-splicing-f497cf	2026-10-02
https://luxestyle.ch/products/business-rucksack-15-6-wasserabweisend-687424	2026-10-02
https://luxestyle.ch/products/business-rucksack-15-6-zoll-243776	2026-10-02
https://luxestyle.ch/products/business-rucksack-15-6-zoll-elegant-schwarz-065088	2026-10-02
https://luxestyle.ch/products/business-rucksack-15-6-zoll-elite-schwarz-377088	2026-10-02
https://luxestyle.ch/products/business-rucksack-17-zoll-20-35l-011072	2026-10-02
https://luxestyle.ch/products/business-rucksack-17-zoll-489152	2026-10-02
https://luxestyle.ch/products/business-rucksack-18-zoll-606900	2026-10-02
https://luxestyle.ch/products/business-rucksack-20l-494208	2026-10-02
https://luxestyle.ch/products/business-rucksack-256320	2026-10-02
https://luxestyle.ch/products/business-rucksack-3-teilig-614700	2026-10-02
https://luxestyle.ch/products/business-rucksack-aus-echtem-leder-609600	2026-10-02
https://luxestyle.ch/products/business-rucksack-aus-echtem-rindsleder-238272	2026-10-02
https://luxestyle.ch/products/business-rucksack-aus-echtleder-619400	2026-10-02
https://luxestyle.ch/products/business-rucksack-aus-leder-914880	2026-10-02
https://luxestyle.ch/products/business-rucksack-aus-leder-fur-herren-629000	2026-10-02
https://luxestyle.ch/products/business-rucksack-aus-leder-gross-409600	2026-10-02
https://luxestyle.ch/products/business-rucksack-aus-leder-mit-laptopfach-631200	2026-10-02
https://luxestyle.ch/products/business-rucksack-aus-oxford-stoff-607500	2026-10-02
https://luxestyle.ch/products/business-rucksack-aus-pu-leder-705984	2026-10-02
https://luxestyle.ch/products/business-rucksack-aus-pu-leder-868672	2026-10-02
https://luxestyle.ch/products/business-rucksack-aus-rindsleder-627600	2026-10-02
https://luxestyle.ch/products/business-rucksack-aus-rindsleder-fur-herren-615100	2026-10-02
https://luxestyle.ch/products/business-rucksack-erweiterbar-603000	2026-10-02
https://luxestyle.ch/products/business-rucksack-excursion-613500	2026-10-02
https://luxestyle.ch/products/business-rucksack-fur-14-zoll-laptops-825088	2026-10-02
https://luxestyle.ch/products/business-rucksack-fur-17-3-zoll-laptops-13add1	2026-10-02
https://luxestyle.ch/products/business-rucksack-fur-17-zoll-laptops-622600	2026-10-02
https://luxestyle.ch/products/business-rucksack-fur-damen-und-herren-455872	2026-10-02
https://luxestyle.ch/products/business-rucksack-fur-freizeit-und-reisen-9cf087	2026-10-02
https://luxestyle.ch/products/business-rucksack-fur-herren-14-zoll-laptopfac-561664	2026-10-02
https://luxestyle.ch/products/business-rucksack-fur-herren-15-6-zoll-624700	2026-10-02
https://luxestyle.ch/products/business-rucksack-fur-herren-16-zoll-776512	2026-10-02
https://luxestyle.ch/products/business-rucksack-fur-herren-20-35l-604300	2026-10-02
https://luxestyle.ch/products/business-rucksack-fur-herren-610900	2026-10-02
https://luxestyle.ch/products/business-rucksack-fur-herren-mit-gro-er-kapazi-618200	2026-10-02
https://luxestyle.ch/products/business-rucksack-fur-herren-mit-grosser-kapaz-610752	2026-10-02
https://luxestyle.ch/products/business-rucksack-fur-herren-mit-laptopfach-824960	2026-10-02
https://luxestyle.ch/products/business-rucksack-fur-herren-unter-20l-615600	2026-10-02
https://luxestyle.ch/products/business-rucksack-fur-herren-wasserdicht-036032	2026-10-02
https://luxestyle.ch/products/business-rucksack-fur-jugendliche-und-laptop-n-610700	2026-10-02
https://luxestyle.ch/products/business-rucksack-fur-kurztrips-20-35l-611000	2026-10-02
https://luxestyle.ch/products/business-rucksack-fur-laptop-f36595	2026-10-02
https://luxestyle.ch/products/business-rucksack-fur-laptop-notizen-430720	2026-10-02
https://luxestyle.ch/products/business-rucksack-fur-laptops-bis-15-6-zoll-734144	2026-10-02
https://luxestyle.ch/products/business-rucksack-fur-manner-060160	2026-10-02
https://luxestyle.ch/products/business-rucksack-fur-pendler-und-reisen-635800	2026-10-02
https://luxestyle.ch/products/business-rucksack-fur-reise-und-alltag-879296	2026-10-02
https://luxestyle.ch/products/business-rucksack-fur-reise-und-freizeit-a36ee1	2026-10-02
https://luxestyle.ch/products/business-rucksack-fur-reisen-freizeit-759872	2026-10-02
https://luxestyle.ch/products/business-rucksack-fur-reisen-und-buro-18-zoll-603200	2026-10-02
https://luxestyle.ch/products/business-rucksack-fur-studenten-20-35l-544384	2026-10-02
https://luxestyle.ch/products/business-rucksack-grau-612800	2026-10-02
https://luxestyle.ch/products/business-rucksack-gross-oxford-stoff-608600	2026-10-02
https://luxestyle.ch/products/business-rucksack-grosses-fassungsvermogen-061504	2026-10-02
https://luxestyle.ch/products/business-rucksack-grosses-reise-und-freizeitmo-625500	2026-10-02
https://luxestyle.ch/products/business-rucksack-grossraum-715648	2026-10-02
https://luxestyle.ch/products/business-rucksack-herren-058624	2026-10-02
https://luxestyle.ch/products/business-rucksack-herren-mit-hartschale-605400	2026-10-02
https://luxestyle.ch/products/business-rucksack-herren-wasserdicht-gross-073600	2026-10-02
https://luxestyle.ch/products/business-rucksack-korean-style-560576	2026-10-02
https://luxestyle.ch/products/business-rucksack-leicht-multifunktional-019008	2026-10-02
https://luxestyle.ch/products/business-rucksack-mit-diebstahlschutz-899392	2026-10-02
https://luxestyle.ch/products/business-rucksack-mit-erweiterungsfunktion-821760	2026-10-02
https://luxestyle.ch/products/business-rucksack-mit-gebogenem-schultergurt-614000	2026-10-02
https://luxestyle.ch/products/business-rucksack-mit-grossem-fassungsvermogen-490560	2026-10-02
https://luxestyle.ch/products/business-rucksack-mit-grossem-fassungsvermogen-621000	2026-10-02
https://luxestyle.ch/products/business-rucksack-mit-grosser-kapazitat-078208	2026-10-02
https://luxestyle.ch/products/business-rucksack-mit-grosser-kapazitat-633700	2026-10-02
https://luxestyle.ch/products/business-rucksack-mit-hartschale-14-zoll-625500	2026-10-02
https://luxestyle.ch/products/business-rucksack-mit-hartschale-und-usb-ansch-400256	2026-10-02
https://luxestyle.ch/products/business-rucksack-mit-kompressionsfunktion-626100	2026-10-02
https://luxestyle.ch/products/business-rucksack-mit-laptop-kuhlung-622600	2026-10-02
https://luxestyle.ch/products/business-rucksack-mit-laptopfach-20-35l-626200	2026-10-02
https://luxestyle.ch/products/business-rucksack-mit-laptopfach-628200	2026-10-02
https://luxestyle.ch/products/business-rucksack-mit-laptopfach-und-usb-ansch-092515	2026-10-02
https://luxestyle.ch/products/business-rucksack-mit-laptopfach-und-usb-ladea-969536	2026-10-02
https://luxestyle.ch/products/business-rucksack-mit-leder-textur-617200	2026-10-02
https://luxestyle.ch/products/business-rucksack-mit-nass-trocken-trennung-624800	2026-10-02
https://luxestyle.ch/products/business-rucksack-mit-usb-anschluss-625500	2026-10-02
https://luxestyle.ch/products/business-rucksack-mit-usb-ladeanschluss-15-zol-7ca9ca	2026-10-02
https://luxestyle.ch/products/business-rucksack-mit-usb-ladeanschluss-591360	2026-10-02
https://luxestyle.ch/products/business-rucksack-mit-usb-ladeanschluss-681408	2026-10-02
https://luxestyle.ch/products/business-rucksack-mit-usb-ladefunktion-109824	2026-10-02
https://luxestyle.ch/products/business-rucksack-mit-usb-ladefunktion-17-3-zo-285504	2026-10-02
https://luxestyle.ch/products/business-rucksack-mit-usb-port-628900	2026-10-02
https://luxestyle.ch/products/business-rucksack-mit-vakuum-kompressionsbeute-629100	2026-10-02
https://luxestyle.ch/products/business-rucksack-mit-vakuumkompression-613000	2026-10-02
https://luxestyle.ch/products/business-rucksack-mit-viel-stauraum-624700	2026-10-02
https://luxestyle.ch/products/business-rucksack-mit-wirbelsaulenschutz-071808	2026-10-02
https://luxestyle.ch/products/business-rucksack-mit-zahlenschloss-615600	2026-10-02
https://luxestyle.ch/products/business-rucksack-mit-zahlenschloss-usb-port-627500	2026-10-02
https://luxestyle.ch/products/business-rucksack-multifunktional-626900	2026-10-02
https://luxestyle.ch/products/business-rucksack-notebook-36-55l-612400	2026-10-02
https://luxestyle.ch/products/business-rucksack-oxford-stoff-063808	2026-10-02
https://luxestyle.ch/products/business-rucksack-oxford-stoff-19-zoll-605300	2026-10-02
https://luxestyle.ch/products/business-rucksack-oxford-stoff-20-35l-903104	2026-10-02
https://luxestyle.ch/products/business-rucksack-oxford-stoff-mit-usb-anschlu-6bd77a	2026-10-02
https://luxestyle.ch/products/business-rucksack-oxford-vielseitig-bequem-852736	2026-10-02
https://luxestyle.ch/products/business-rucksack-premium-wasserdicht-633800	2026-10-02
https://luxestyle.ch/products/business-rucksack-schmal-291904	2026-10-02
https://luxestyle.ch/products/business-rucksack-unisex-623900	2026-10-02
https://luxestyle.ch/products/business-rucksack-wasserdicht-erweiterbar-102464	2026-10-02
https://luxestyle.ch/products/business-rucksack-wasserdicht-multifunktional-023616	2026-10-02
https://luxestyle.ch/products/business-rucksack-wasserdicht-strapazierfahig-451776	2026-10-02
https://luxestyle.ch/products/business-rucksack-wasserfest-strapazierfahig-835776	2026-10-02
https://luxestyle.ch/products/business-sakko-aus-brokat-mischgewebe-615200	2026-10-02
https://luxestyle.ch/products/business-schnurschuhe-aus-kunstleder-617600	2026-10-02
https://luxestyle.ch/products/business-schnurschuhe-aus-pu-leder-fur-herren-608300	2026-10-02
https://luxestyle.ch/products/business-schnurschuhe-fur-herren-611900	2026-10-02
https://luxestyle.ch/products/business-schuhe-aus-echtleder-603200	2026-10-02
https://luxestyle.ch/products/business-schuhe-aus-echtleder-mit-spitzer-zehe-621500	2026-10-02
https://luxestyle.ch/products/business-schuhe-aus-kalbsleder-mit-lasergravur-746816	2026-10-02
https://luxestyle.ch/products/business-schuhe-im-britischen-stil-mit-schnuru-629000	2026-10-02
https://luxestyle.ch/products/business-schuhe-mit-metall-detail-638600	2026-10-02
https://luxestyle.ch/products/business-schuhe-mit-weicher-sohle-604300	2026-10-02
https://luxestyle.ch/products/business-schulter-rucksack-outdoor-986944	2026-10-02
https://luxestyle.ch/products/business-schultertasche-068865	2026-10-02
https://luxestyle.ch/products/business-schultertasche-aus-echtleder-625600	2026-10-02
https://luxestyle.ch/products/business-schultertasche-aus-leder-648400	2026-10-02
https://luxestyle.ch/products/business-schultertasche-fur-herren-607100	2026-10-02
https://luxestyle.ch/products/business-schultertasche-mit-laptopfach-813824	2026-10-02
https://luxestyle.ch/products/business-set-mit-uhr-und-accessoires-880960	2026-10-02
https://luxestyle.ch/products/business-shirt-629300	2026-10-02
https://luxestyle.ch/products/business-slipper-aus-leder-620400	2026-10-02
https://luxestyle.ch/products/business-slipper-aus-leder-fur-herren-620900	2026-10-02
https://luxestyle.ch/products/business-slipper-aus-leder-mit-spitzer-zehenpa-625500	2026-10-02
https://luxestyle.ch/products/business-slipper-aus-rindsleder-600500	2026-10-02
https://luxestyle.ch/products/business-slipper-aus-rindsleder-mit-dicker-soh-615300	2026-10-02
https://luxestyle.ch/products/business-slipper-fur-herren-622000	2026-10-02
https://luxestyle.ch/products/business-slipper-im-retro-look-635200	2026-10-02
https://luxestyle.ch/products/business-sneaker-616000	2026-10-02
https://luxestyle.ch/products/business-sport-freizeit-rucksack-fur-herren-247936	2026-10-02
https://luxestyle.ch/products/business-sport-multifunktions-herrenuhr-864768	2026-10-02
https://luxestyle.ch/products/business-stiefeletten-glanz-optik-076544	2026-10-02
https://luxestyle.ch/products/business-stil-multi-funktion-stahlarmbanduhr-f-614900	2026-10-02
https://luxestyle.ch/products/business-stretch-freizeithose-fur-herren-607200	2026-10-02
https://luxestyle.ch/products/business-t-shirt-aus-eisseide-624500	2026-10-02
https://luxestyle.ch/products/business-tasche-806976	2026-10-02
https://luxestyle.ch/products/business-tasche-aus-leder-915712	2026-10-02
https://luxestyle.ch/products/business-travel-rucksack-19-zoll-wasserdicht-631100	2026-10-02
https://luxestyle.ch/products/business-travel-rucksack-20-35l-620864	2026-10-02
https://luxestyle.ch/products/business-travel-rucksack-983872	2026-10-02
https://luxestyle.ch/products/business-travel-rucksack-elegant-schwarz-872512	2026-10-02
https://luxestyle.ch/products/business-travel-rucksack-gross-612900	2026-10-02
https://luxestyle.ch/products/business-travel-rucksack-gross-vielseitig-548800	2026-10-02
https://luxestyle.ch/products/business-travel-rucksack-grosses-volumen-619400	2026-10-02
https://luxestyle.ch/products/business-travel-rucksack-mit-grossem-fassungsv-620500	2026-10-02
https://luxestyle.ch/products/business-travel-rucksack-mit-laptopfach-025280	2026-10-02
https://luxestyle.ch/products/business-trolley-rucksack-19-zoll-624000	2026-10-02
https://luxestyle.ch/products/business-uhr-fur-herren-617400	2026-10-02
https://luxestyle.ch/products/business-uhrgurtel-555968	2026-10-02
https://luxestyle.ch/products/business-umhangetasche-aus-leder-fur-herren-82d19f	2026-10-02
https://luxestyle.ch/products/business-umhangetasche-aus-lederimitat-608100	2026-10-02
https://luxestyle.ch/products/business-umhangetasche-aus-rindsleder-590720	2026-10-02
https://luxestyle.ch/products/business-umhangetasche-fur-herren-601700	2026-10-02
https://luxestyle.ch/products/business-umhangetasche-im-retro-stil-203968	2026-10-02
https://luxestyle.ch/products/business-umhangetasche-mit-usb-anschluss-630700	2026-10-02
https://luxestyle.ch/products/business-und-freizeit-martin-boots-620200	2026-10-02
https://luxestyle.ch/products/business-und-freizeitrucksack-fur-herren-0b9fab	2026-10-02
https://luxestyle.ch/products/business-und-reise-rucksack-16-zoll-604224	2026-10-02
https://luxestyle.ch/products/business-und-reise-rucksack-632800	2026-10-02
https://luxestyle.ch/products/business-westenkleid-fur-damen-602100	2026-10-02
https://luxestyle.ch/products/businesshemd-bugelfrei-mit-stretch-619700	2026-10-02
https://luxestyle.ch/products/businesshemd-gestreift-mit-windsor-kragen-636800	2026-10-02
https://luxestyle.ch/products/businesshemd-knitterarm-lockere-passform-631100	2026-10-02
https://luxestyle.ch/products/businesshemd-langarm-bugelfrei-629800	2026-10-02
https://luxestyle.ch/products/businesshemd-slim-fit-bugelfrei-603000	2026-10-02
https://luxestyle.ch/products/businesshemd-slim-fit-bugelfrei-reine-baumwoll-602700	2026-10-02
https://luxestyle.ch/products/businesshemd-weinrot-herren-613700	2026-10-02
https://luxestyle.ch/products/businesstasche-oxford-vertikal-139968	2026-10-02
https://luxestyle.ch/products/businessuhr-mit-kalenderfunktion-304320	2026-10-02
https://luxestyle.ch/products/busy-board-lernspielzeug-fur-kleinkinder-324736	2026-10-02
https://luxestyle.ch/products/butler-mit-tablett-mit-leucht-fga910057	2026-10-02
https://luxestyle.ch/products/butter-balm-feuchtigkeitscreme-617600	2026-10-02
https://luxestyle.ch/products/butterdose-aus-edelstahl-mit-deckel-977920	2026-10-02
https://luxestyle.ch/products/butterfly-bluetooth-earphones-617900	2026-10-02
https://luxestyle.ch/products/butterfly-box-make-up-set-mit-lippenstift-roug-611900	2026-10-02
https://luxestyle.ch/products/butterfly-clip-stahlarmband-herren-wasseruhr-l-479808	2026-10-02
https://luxestyle.ch/products/butterfly-cloud-lidschatten-palette-6-farben-620700	2026-10-02
https://luxestyle.ch/products/butterfly-manikure-614100	2026-10-02
https://luxestyle.ch/products/butterfly-mule-mit-perlen-und-stickerei-681089	2026-10-02
https://luxestyle.ch/products/butterfly-sandalen-mit-eckiger-zehenpartie-750208	2026-10-02
https://luxestyle.ch/products/butyl-dichtungsband-fur-dach-und-aussenbereich-608800	2026-10-02
https://luxestyle.ch/products/bworld-bauarbeiter-fga060020	2026-10-02
https://luxestyle.ch/products/bworld-baustellenset-fga062008	2026-10-02
https://luxestyle.ch/products/bworld-berittene-polizei-pferd-und-polizis-fga062507	2026-10-02
https://luxestyle.ch/products/bworld-feuerwehrmann-fga060100	2026-10-02
https://luxestyle.ch/products/bworld-feuerwehrstation-mit-land-rover-def-fga062701	2026-10-02
https://luxestyle.ch/products/bworld-forstarbeiter-fga060030	2026-10-02
https://luxestyle.ch/products/bworld-forster-mit-hund-und-ausrustung-fga062660	2026-10-02
https://luxestyle.ch/products/bworld-forstwirtschaft-fga062650	2026-10-02
https://luxestyle.ch/products/bworld-frau-mit-hellem-hauttyp-und-blauer-fga060408	2026-10-02
https://luxestyle.ch/products/bworld-frau-mit-hellem-hauttyp-und-dunkelb-fga060405	2026-10-02
https://luxestyle.ch/products/bworld-frau-mit-mittlerem-hauttyp-und-lila-fga060403	2026-10-02
https://luxestyle.ch/products/bworld-gartner-mit-rasenmaher-und-gartenge-fga062103	2026-10-02
https://luxestyle.ch/products/bworld-john-deere-aufsitzrasenmaher-mit-an-fga062104	2026-10-02
https://luxestyle.ch/products/bworld-kommunalarbeiter-fga062130	2026-10-02
https://luxestyle.ch/products/bworld-landwirt-fga062610	2026-10-02
https://luxestyle.ch/products/bworld-mann-fga060004	2026-10-02
https://luxestyle.ch/products/bworld-mann-mit-hellem-hauttyp-und-blauer-fga060006	2026-10-02
https://luxestyle.ch/products/bworld-mann-mit-hellem-hauttyp-und-brauner-fga060007	2026-10-02
https://luxestyle.ch/products/bworld-mann-mit-mittlerem-hauttyp-und-weis-fga060003	2026-10-02
https://luxestyle.ch/products/bworld-motorradwerkstatt-mit-scrambler-duc-fga062102	2026-10-02
https://luxestyle.ch/products/bworld-mountainbike-mit-radfahrerin-fga063111	2026-10-02
https://luxestyle.ch/products/bworld-pkw-service-center-fga062112	2026-10-02
https://luxestyle.ch/products/bworld-pkw-werkstatt-fga062110	2026-10-02
https://luxestyle.ch/products/bworld-polizist-mit-hund-fga062150	2026-10-02
https://luxestyle.ch/products/bworld-rennrad-mit-radfahrer-fga063110	2026-10-02
https://luxestyle.ch/products/bworld-scrambler-ducati-full-throttle-mit-fga063053	2026-10-02
https://luxestyle.ch/products/bworld-scrambler-ducati-polizeimotorrad-un-fga062731	2026-10-02
https://luxestyle.ch/products/bworld-werkstatt-fga062100	2026-10-02
https://luxestyle.ch/products/c-formige-creolen-mit-zirkonia-689281	2026-10-02
https://luxestyle.ch/products/c-formige-creolen-mit-zirkonia-aus-sterlingsil-392898	2026-10-02
https://luxestyle.ch/products/c-formige-ohrringe-mit-strass-zirkonia-449410	2026-10-02
https://luxestyle.ch/products/c-formiges-armband-aus-18k-vergoldetem-edelsta-609300	2026-10-02
https://luxestyle.ch/products/c114-smartwatch-mit-herzfrequenzmessung-997056	2026-10-02
https://luxestyle.ch/products/c1plus-smart-armband-mit-schrittzahler-412608	2026-10-02
https://luxestyle.ch/products/c1s-tragbare-sportkamera-1080p-hd-4d2def	2026-10-02
https://luxestyle.ch/products/c21-smartwatch-mit-bluetooth-anruffunktion-243136	2026-10-02
https://luxestyle.ch/products/c28-smartwatch-outdoor-sportuhr-634500	2026-10-02
https://luxestyle.ch/products/c33-smart-armband-mit-korperfett-messung-906368	2026-10-02
https://luxestyle.ch/products/c45-hutschienen-klemme-35mm-universal-48b993	2026-10-02
https://luxestyle.ch/products/c60-smartwatch-mit-hd-display-und-temperaturme-658432	2026-10-02
https://luxestyle.ch/products/c80-mini-heimprojektor-720p-161152	2026-10-02
https://luxestyle.ch/products/cactus-catnip-spielzeug-fur-katzen-8502d0	2026-10-02
https://luxestyle.ch/products/cactus-katzenkratzbaum-mit-sisal-und-liegeflac-423616	2026-10-02
https://luxestyle.ch/products/cahill-lidschatten-palette-dunkel-matt-604200	2026-10-02
https://luxestyle.ch/products/caike-usb-2-0-stick-aus-aluminium-646784	2026-10-02
https://luxestyle.ch/products/cairen-quarz-uhr-mit-kalender-und-lederarmband-622500	2026-10-02
https://luxestyle.ch/products/cakaila-6er-set-matter-perliger-lidschatten-st-378112	2026-10-02
https://luxestyle.ch/products/cakaila-8er-set-flussig-eyeliner-403200	2026-10-02
https://luxestyle.ch/products/callcall-ling-velvet-matte-liquid-lipstick-set-399042	2026-10-02
https://luxestyle.ch/products/cambridge-walze-fga02226	2026-10-02
https://luxestyle.ch/products/camel-active-dynamic-rucksack-f40f2b	2026-10-02
https://luxestyle.ch/products/camel-bag-knight-messenger-helmrucksack-996096	2026-10-02
https://luxestyle.ch/products/camellia-lenkradbezug-universal-600900	2026-10-02
https://luxestyle.ch/products/camellia-serie-abnehmbare-nagelsticker-390848	2026-10-02
https://luxestyle.ch/products/camellia-streamer-nagel-set-389440	2026-10-02
https://luxestyle.ch/products/camellia-taschenuhr-old-shanghai-stil-616300	2026-10-02
https://luxestyle.ch/products/camellien-stein-offenring-608400	2026-10-02
https://luxestyle.ch/products/camisole-und-shorts-set-fur-damen-620600	2026-10-02
https://luxestyle.ch/products/camo-ankle-tied-freizeithose-fur-herren-632600	2026-10-02
https://luxestyle.ch/products/camo-cargo-hose-fur-damen-614200	2026-10-02
https://luxestyle.ch/products/camo-cargo-hosen-607300	2026-10-02
https://luxestyle.ch/products/camo-hosen-fur-herren-retro-stylish-619400	2026-10-02
https://luxestyle.ch/products/camo-hosen-robust-lose-passform-602500	2026-10-02
https://luxestyle.ch/products/camo-low-waist-slim-fit-hose-fur-frauen-638700	2026-10-02
https://luxestyle.ch/products/camo-mini-kleid-603600	2026-10-02
https://luxestyle.ch/products/camo-overalls-fur-herren-618700	2026-10-02
https://luxestyle.ch/products/camo-pantalons-mit-mehreren-taschen-612000	2026-10-02
https://luxestyle.ch/products/camo-python-stiefel-622900	2026-10-02
https://luxestyle.ch/products/camo-shark-yoga-pants-639400	2026-10-02
https://luxestyle.ch/products/camo-sporttasche-fur-fitness-gewichtheben-127936	2026-10-02
https://luxestyle.ch/products/camo-tie-dye-pullover-fur-mutter-kind-626900	2026-10-02
https://luxestyle.ch/products/camo-trainingshose-fur-herren-608300	2026-10-02
https://luxestyle.ch/products/camouflage-canvas-rucksack-844480	2026-10-02
https://luxestyle.ch/products/camouflage-fahrradtasche-967040	2026-10-02
https://luxestyle.ch/products/camouflage-geschirr-und-leine-fur-hunde-6f101a	2026-10-02
https://luxestyle.ch/products/camouflage-rucksack-fur-herren-5ffc3a	2026-10-02
https://luxestyle.ch/products/camouflage-schuhuberzug-schlangenstichschutz-927168	2026-10-02
https://luxestyle.ch/products/camouflage-sneaker-623000	2026-10-02
https://luxestyle.ch/products/camouflage-taktikbrusttasche-outdoor-fahrrad-635500	2026-10-02
https://luxestyle.ch/products/camouflage-tasche-130432	2026-10-02
https://luxestyle.ch/products/camouflage-wassertasche-955840	2026-10-02
https://luxestyle.ch/products/camping-automatik-airbett-faltbar-635300	2026-10-02
https://luxestyle.ch/products/camping-box-aus-stoff-mit-zwei-fachern-613600	2026-10-02
https://luxestyle.ch/products/camping-cot-tent-601300	2026-10-02
https://luxestyle.ch/products/camping-duschsack-blau-20-l-pvc-202241	2026-10-02
https://luxestyle.ch/products/camping-futternapf-fur-haustiere-248eca	2026-10-02
https://luxestyle.ch/products/camping-gaskocher-faltbar-865472	2026-10-02
https://luxestyle.ch/products/camping-grillzange-mit-wender-89da17	2026-10-02
https://luxestyle.ch/products/camping-hammock-abdeckung-627600	2026-10-02
https://luxestyle.ch/products/camping-hecktasche-faltbar-fur-outdoor-609100	2026-10-02
https://luxestyle.ch/products/camping-kochset-fur-1-2-personen-138752	2026-10-02
https://luxestyle.ch/products/camping-mid-top-bergstiefel-053120	2026-10-02
https://luxestyle.ch/products/camping-rucksack-camouflage-639200	2026-10-02
https://luxestyle.ch/products/camping-schlafmatte-ee1645	2026-10-02
https://luxestyle.ch/products/camping-topfset-aus-harteloxiertem-aluminium-425cf6	2026-10-02
https://luxestyle.ch/products/campus-rucksack-fur-herren-624900	2026-10-02
https://luxestyle.ch/products/candy-farbige-aufbewahrungstasche-602100	2026-10-02
https://luxestyle.ch/products/candy-farbige-plateau-sneaker-fur-damen-847424	2026-10-02
https://luxestyle.ch/products/candymoyo-nagellack-weiss-fur-herbst-winter-616448	2026-10-02
https://luxestyle.ch/products/cangzhou-mini-make-up-pinselset-12-teilig-624300	2026-10-02
https://luxestyle.ch/products/cannoli-formen-set-aus-edelstahl-12-stk-12-stu-e154b0	2026-10-02
https://luxestyle.ch/products/canvas-allround-sneaker-fur-herren-601600	2026-10-02
https://luxestyle.ch/products/canvas-bag-im-street-style-027648	2026-10-02
https://luxestyle.ch/products/canvas-brust-und-umhangetasche-817280	2026-10-02
https://luxestyle.ch/products/canvas-computer-rucksack-aa4c9d	2026-10-02
https://luxestyle.ch/products/canvas-fussstutzenkissen-605900	2026-10-02
https://luxestyle.ch/products/canvas-laptop-schutzhulle-629200	2026-10-02
https://luxestyle.ch/products/canvas-messenger-tasche-34-8-26-cm-881600	2026-10-02
https://luxestyle.ch/products/canvas-retro-umhangetasche-254336	2026-10-02
https://luxestyle.ch/products/canvas-rucksack-39b2dc	2026-10-02
https://luxestyle.ch/products/canvas-rucksack-be25f3	2026-10-02
https://luxestyle.ch/products/canvas-rucksack-fur-alltag-und-freizeit-460288	2026-10-02
https://luxestyle.ch/products/canvas-rucksack-fur-freizeit-und-reisen-919360	2026-10-02
https://luxestyle.ch/products/canvas-rucksack-fur-laptop-15-zoll-a48925	2026-10-02
https://luxestyle.ch/products/canvas-rucksack-fur-reisen-und-laptop-796096	2026-10-02
https://luxestyle.ch/products/canvas-rucksack-grossraumtasche-612900	2026-10-02
https://luxestyle.ch/products/canvas-rucksack-mit-baren-anhanger-974528	2026-10-02
https://luxestyle.ch/products/canvas-rucksack-mit-crazy-horse-leder-614500	2026-10-02
https://luxestyle.ch/products/canvas-rucksack-mit-totenkopf-print-068416	2026-10-02
https://luxestyle.ch/products/canvas-rucksack-mit-usb-anschluss-960832	2026-10-02
https://luxestyle.ch/products/canvas-rucksack-mit-usb-ladefunktion-624400	2026-10-02
https://luxestyle.ch/products/canvas-rucksack-oil-wax-outdoor-travel-605300	2026-10-02
https://luxestyle.ch/products/canvas-schulrucksack-mit-reissverschluss-540608	2026-10-02
https://luxestyle.ch/products/canvas-schulter-rucksack-656c30	2026-10-02
https://luxestyle.ch/products/canvas-schultertasche-all-match-mit-grosser-ka-644608	2026-10-02
https://luxestyle.ch/products/canvas-schultertasche-fur-herren-27e3d4	2026-10-02
https://luxestyle.ch/products/canvas-schultertasche-mit-abnehmbarem-gurt-9423bc	2026-10-02
https://luxestyle.ch/products/canvas-schurze-fur-kuche-backen-und-zeichnen-328000	2026-10-02
https://luxestyle.ch/products/canvas-shopper-tote-nachhaltig	2026-10-02
https://luxestyle.ch/products/canvas-umhangetasche-812a8d	2026-10-02
https://luxestyle.ch/products/canvas-umhangetasche-fur-herren-563008	2026-10-02
https://luxestyle.ch/products/cap-birmingham-schwarz-fgabo33024	2026-10-02
https://luxestyle.ch/products/cap-bling-bling-fgabo04275	2026-10-02
https://luxestyle.ch/products/cap-frankreich-fga66365	2026-10-02
https://luxestyle.ch/products/cap-holo-regenbogen-fgabo04299	2026-10-02
https://luxestyle.ch/products/cap-serbien-fga66369	2026-10-02
https://luxestyle.ch/products/cape-carmilla-schwarz-fgabo70996	2026-10-02
https://luxestyle.ch/products/cape-jacke-im-retro-ethno-stil-601500	2026-10-02
https://luxestyle.ch/products/cape-jacke-mit-abstraktem-3d-weihnachtsdruck-629600	2026-10-02
https://luxestyle.ch/products/cape-mit-visier-und-haare-fga911932	2026-10-02
https://luxestyle.ch/products/cape-schal-mit-perlen-und-quasten-415106	2026-10-02
https://luxestyle.ch/products/cape-steampunk-85-cm-fgabo54555	2026-10-02
https://luxestyle.ch/products/capri-jeans-mit-shaping-effekt-617600	2026-10-02
https://luxestyle.ch/products/capri-schwimmanzug-mit-farbverlauf-626900	2026-10-02
https://luxestyle.ch/products/caprihose-mit-weitem-bein-und-gummizug-611300	2026-10-02
https://luxestyle.ch/products/caps-brasilien-fga66402	2026-10-02
https://luxestyle.ch/products/caps-tschechien-fga66363	2026-10-02
https://luxestyle.ch/products/captain-bull-handy-portemonnaie-aus-leder-603700	2026-10-02
https://luxestyle.ch/products/capybara-kissen-603200	2026-10-02
https://luxestyle.ch/products/caramel-cat-s-eye-schneeflocken-nagel-119104	2026-10-02
https://luxestyle.ch/products/caramel-foam-polo-design-nagel-tips-881280	2026-10-02
https://luxestyle.ch/products/caramel-halo-dye-press-on-nagel-966016	2026-10-02
https://luxestyle.ch/products/carbon-batterie-fur-spielzeug-542784	2026-10-02
https://luxestyle.ch/products/carbon-faser-kreuzungsrahmen-745344	2026-10-02
https://luxestyle.ch/products/carbon-faser-lenkradbezug-615700	2026-10-02
https://luxestyle.ch/products/carbon-faser-lenkradbezug-clip-on-griffe-613000	2026-10-02
https://luxestyle.ch/products/carbon-faser-lenkradgriffe-mit-leder-623500	2026-10-02
https://luxestyle.ch/products/carbon-faser-lenkradschutz-sportlich-626000	2026-10-02
https://luxestyle.ch/products/carbon-faser-muster-leder-manner-geldborse-647700	2026-10-02
https://luxestyle.ch/products/carbon-fiber-lederarmband-fur-iphone-2ae1ed	2026-10-02
https://luxestyle.ch/products/carbon-fiber-tennis-racket-627800	2026-10-02
https://luxestyle.ch/products/carbon-leder-geldborse-mit-anti-diebstahl-funk-619700	2026-10-02
https://luxestyle.ch/products/carbon-leder-sattel-fur-renn-mountainbikes-280960	2026-10-02
https://luxestyle.ch/products/carbon-lenkradbezug-611100	2026-10-02
https://luxestyle.ch/products/carbon-plate-popcorn-marathon-sneaker-624100	2026-10-02
https://luxestyle.ch/products/carbon-platten-laufschuh-mit-dampfung-621500	2026-10-02
https://luxestyle.ch/products/carbon-racing-sneaker-fur-jungen-638900	2026-10-02
https://luxestyle.ch/products/carbon-rennvelo-sattel-fur-mountainbikes-648896	2026-10-02
https://luxestyle.ch/products/carbon-zundschalter-608000	2026-10-02
https://luxestyle.ch/products/carbonfaser-einlegesohlen-fur-sportschuhe-609200	2026-10-02
https://luxestyle.ch/products/cardigan-aus-kunstwolle-628800	2026-10-02
https://luxestyle.ch/products/cardigan-aus-wollmischung-mit-stehkragen-606600	2026-10-02
https://luxestyle.ch/products/cardigan-hawaiian-style-damen-shirt-622400	2026-10-02
https://luxestyle.ch/products/cardigan-hoodie-mit-stehkragen-603600	2026-10-02
https://luxestyle.ch/products/cardigan-kleid-mit-knopfleiste-und-schlitz-638200	2026-10-02
https://luxestyle.ch/products/cardigan-mit-3-4-armeln-weite-hosen-634700	2026-10-02
https://luxestyle.ch/products/cardigan-mit-blumenmuster-632900	2026-10-02
https://luxestyle.ch/products/cardigan-mit-blumenstickerei-636300	2026-10-02
https://luxestyle.ch/products/cardigan-mit-buchstaben-stickerei-607600	2026-10-02
https://luxestyle.ch/products/cardigan-mit-farbblock-plaid-und-puffarmeln-635100	2026-10-02
https://luxestyle.ch/products/cardigan-mit-farbverlauf-strickmuster-638000	2026-10-02
https://luxestyle.ch/products/cardigan-mit-kapuze-und-vier-knopfen-638100	2026-10-02
https://luxestyle.ch/products/cardigan-mit-kontrastkragen-im-old-money-stil-615800	2026-10-02
https://luxestyle.ch/products/cardigan-mit-lochmuster-und-bindedetail-469825	2026-10-02
https://luxestyle.ch/products/cardigan-mit-lochmuster-und-ruschen-616300	2026-10-02
https://luxestyle.ch/products/cardigan-mit-pailletten-stickerei-615300	2026-10-02
https://luxestyle.ch/products/cardigan-mit-pluschtaschen-629500	2026-10-02
https://luxestyle.ch/products/cardigan-mit-print-und-minimalistischer-jupe-624000	2026-10-02
https://luxestyle.ch/products/cardigan-mit-reissverschluss-und-reverskragen-623700	2026-10-02
https://luxestyle.ch/products/cardigan-shirt-618600	2026-10-02
https://luxestyle.ch/products/cardigan-sweatshirt-fur-schmale-figuren-613300	2026-10-02
https://luxestyle.ch/products/cardigan-sweatshirt-mit-stehkragen-und-reissve-605500	2026-10-02
https://luxestyle.ch/products/cargo-hose-fur-herren-im-retro-look-635100	2026-10-02
https://luxestyle.ch/products/cargo-hosen-273280	2026-10-02
https://luxestyle.ch/products/cargohosen-fur-herren-635600	2026-10-02
https://luxestyle.ch/products/cargohosen-im-camouflage-look-615000	2026-10-02
https://luxestyle.ch/products/carmen-chiffonbluse-mit-ruschensaum-601500	2026-10-02
https://luxestyle.ch/products/carotin-lippenstift-feuchtigkeitsspendend-pfle-601700	2026-10-02
https://luxestyle.ch/products/carplay-adapter-fur-android-infotainment-637400	2026-10-02
https://luxestyle.ch/products/carryan-herren-quarzuhr-mit-stahlarmband-626200	2026-10-02
https://luxestyle.ch/products/cartoon-alligator-press-on-nagel-625600	2026-10-02
https://luxestyle.ch/products/cartoon-baby-sandalen-mit-weicher-sohle-613700	2026-10-02
https://luxestyle.ch/products/cartoon-bademantel-fur-kinder-615900	2026-10-02
https://luxestyle.ch/products/cartoon-bar-strick-aufbewahrungskorb-aus-baumw-630800	2026-10-02
https://luxestyle.ch/products/cartoon-bus-aufbewahrungsbox-613500	2026-10-02
https://luxestyle.ch/products/cartoon-hausschuhe-fur-kinder-322432	2026-10-02
https://luxestyle.ch/products/cartoon-hunde-sitzkissen-fur-kinder-107392	2026-10-02
https://luxestyle.ch/products/cartoon-katze-baumwoll-t-shirt-fur-herren-605600	2026-10-02
https://luxestyle.ch/products/cartoon-katze-griff-silikon-schutzhulle-631200	2026-10-02
https://luxestyle.ch/products/cartoon-kissen-fur-bett-und-sofa-838272	2026-10-02
https://luxestyle.ch/products/cartoon-kleid-fur-madchen-617700	2026-10-02
https://luxestyle.ch/products/cartoon-lauflernschuhe-537088	2026-10-02
https://luxestyle.ch/products/cartoon-leopard-kissenbezug-101440	2026-10-02
https://luxestyle.ch/products/cartoon-mutter-tochter-t-shirt-436416	2026-10-02
https://luxestyle.ch/products/cartoon-nagelgel-3er-set-fur-nagelverlangerung-838144	2026-10-02
https://luxestyle.ch/products/cartoon-netzschuhe-fur-kinder-0a4d6c	2026-10-02
https://luxestyle.ch/products/cartoon-nische-wear-armor-nagel-614700	2026-10-02
https://luxestyle.ch/products/cartoon-nischen-press-on-nagel-629800	2026-10-02
https://luxestyle.ch/products/cartoon-plusch-hundespielzeug-mit-quietscher-951938	2026-10-02
https://luxestyle.ch/products/cartoon-print-loose-hoodie-fur-damen-631600	2026-10-02
https://luxestyle.ch/products/cartoon-pullover-fur-herren-602400	2026-10-02
https://luxestyle.ch/products/cartoon-rucksack-fur-schule-und-freizeit-612200	2026-10-02
https://luxestyle.ch/products/cartoon-rucksack-mit-panda-motiv-93d00f	2026-10-02
https://luxestyle.ch/products/cartoon-schuhe-mit-weicher-sohle-5dae95	2026-10-02
https://luxestyle.ch/products/cartoon-sitzkissen-fur-stuhl-und-sofa-235456	2026-10-02
https://luxestyle.ch/products/cartoon-sitzkissen-fur-zuhause-340544	2026-10-02
https://luxestyle.ch/products/cartoon-sofakissen-618500	2026-10-02
https://luxestyle.ch/products/cartoon-space-capsule-kabelloser-luftbefeuchte-4a6e13	2026-10-02
https://luxestyle.ch/products/cartoon-stoffbild-stickset-9bd335	2026-10-02
https://luxestyle.ch/products/cartoon-sweatshirt-mit-lippen-print-fur-damen-614100	2026-10-02
https://luxestyle.ch/products/cartoon-tier-kissen-fur-den-burostuhl-167552	2026-10-02
https://luxestyle.ch/products/cartoon-usb-stick-64-gb-mit-grossem-speicher-357824	2026-10-02
https://luxestyle.ch/products/cartoon-windel-aufbewahrungstaschen-4er-set-115776	2026-10-02
https://luxestyle.ch/products/cartoonesque-pullover-607500	2026-10-02
https://luxestyle.ch/products/cartoons-herren-shirt-623400	2026-10-02
https://luxestyle.ch/products/cartoons-regenstiefel-614200	2026-10-02
https://luxestyle.ch/products/cartoons-thermbecher-630700	2026-10-02
https://luxestyle.ch/products/cartoonsilikon-abtropfmatte-607500	2026-10-02
https://luxestyle.ch/products/cartoony-highland-cow-plusch-617100	2026-10-02
https://luxestyle.ch/products/case-ih-optum-300-cvx-fga03190	2026-10-02
https://luxestyle.ch/products/case-ih-optum-300cvx-mit-frontlader-und-ba-fga03198	2026-10-02
https://luxestyle.ch/products/cashew-jacquard-schal-mit-quasten-618600	2026-10-02
https://luxestyle.ch/products/cashmere-beanie-fur-manner-und-frauen-638000	2026-10-02
https://luxestyle.ch/products/cashmere-decke-grun-096704	2026-10-02
https://luxestyle.ch/products/cashmere-hemd-606000	2026-10-02
https://luxestyle.ch/products/cashmere-pullover-mit-feder-design-629900	2026-10-02
https://luxestyle.ch/products/cashmere-pullover-mit-rollkragen-617200	2026-10-02
https://luxestyle.ch/products/casual-a-linie-party-rockdress-632100	2026-10-02
https://luxestyle.ch/products/casual-a-linien-kleid-mit-rundhals-taschen-621000	2026-10-02
https://luxestyle.ch/products/casual-a-linien-mesh-kleid-fur-damen-606200	2026-10-02
https://luxestyle.ch/products/casual-a-linien-midikleid-mit-tiermuster-611600	2026-10-02
https://luxestyle.ch/products/casual-a-linien-minikleid-mit-laternenarmeln-625500	2026-10-02
https://luxestyle.ch/products/casual-bademode-damen-945089	2026-10-02
https://luxestyle.ch/products/casual-badetop-fur-damen-465857	2026-10-02
https://luxestyle.ch/products/casual-blazer-628200	2026-10-02
https://luxestyle.ch/products/casual-blazer-638100	2026-10-02
https://luxestyle.ch/products/casual-canvas-sneaker-626900	2026-10-02
https://luxestyle.ch/products/casual-chic-kleid-621300	2026-10-02
https://luxestyle.ch/products/casual-chic-plissiertes-hemdblusenkleid-614200	2026-10-02
https://luxestyle.ch/products/casual-commuter-umhangetasche-637500	2026-10-02
https://luxestyle.ch/products/casual-computer-rucksack-145441	2026-10-02
https://luxestyle.ch/products/casual-crossbody-bag-fur-herren-636100	2026-10-02
https://luxestyle.ch/products/casual-crossbody-gurteltasche-mit-gepragtem-di-610600	2026-10-02
https://luxestyle.ch/products/casual-dad-schuhe-mit-wedge-grossen-608200	2026-10-02
https://luxestyle.ch/products/casual-damen-badeanzug-531458	2026-10-02
https://luxestyle.ch/products/casual-damen-badebekleidung-374209	2026-10-02
https://luxestyle.ch/products/casual-damen-loose-pulli-waffelmuster-605400	2026-10-02
https://luxestyle.ch/products/casual-damen-midi-kleid-mit-rundhals-631700	2026-10-02
https://luxestyle.ch/products/casual-damen-rock-schulter-anzug-626900	2026-10-02
https://luxestyle.ch/products/casual-damen-sneaker-mit-plattform-968128	2026-10-02
https://luxestyle.ch/products/casual-damen-tankini-583425	2026-10-02
https://luxestyle.ch/products/casual-damen-tanktop-352833	2026-10-02
https://luxestyle.ch/products/casual-damenbluse-634500	2026-10-02
https://luxestyle.ch/products/casual-damenjacke-638300	2026-10-02
https://luxestyle.ch/products/casual-damenuhr-mit-strass-besatz-187520	2026-10-02
https://luxestyle.ch/products/casual-denim-midi-rock-636700	2026-10-02
https://luxestyle.ch/products/casual-drop-shoulder-hoodie-607100	2026-10-02
https://luxestyle.ch/products/casual-druck-pullover-aus-polyester-624700	2026-10-02
https://luxestyle.ch/products/casual-einfarbiges-langarm-shirt-mit-spitzende-619500	2026-10-02
https://luxestyle.ch/products/casual-fashion-kleid-mit-digitalprint-616900	2026-10-02
https://luxestyle.ch/products/casual-flache-sandalen-mit-karree-zehenpartie-632900	2026-10-02
https://luxestyle.ch/products/casual-half-zip-hoodie-mit-3d-effekt-608400	2026-10-02
https://luxestyle.ch/products/casual-halskette-612200	2026-10-02
https://luxestyle.ch/products/casual-halter-top-fur-damen-618300	2026-10-02
https://luxestyle.ch/products/casual-hemd-632800	2026-10-02
https://luxestyle.ch/products/casual-hemd-mit-stehkragen-634300	2026-10-02
https://luxestyle.ch/products/casual-hemdenjacke-616000	2026-10-02
https://luxestyle.ch/products/casual-herren-cardigan-im-erwachsenenstil-614000	2026-10-02
https://luxestyle.ch/products/casual-herrenanzug-638300	2026-10-02
https://luxestyle.ch/products/casual-herrenpullover-hua-in-20-farben-634600	2026-10-02
https://luxestyle.ch/products/casual-high-waist-jeans-mit-rissen-611500	2026-10-02
https://luxestyle.ch/products/casual-hohl-mehrfunktionsuhr-mit-gro-em-ziffer-620600	2026-10-02
https://luxestyle.ch/products/casual-hohlkreuz-wasserdichte-manuelle-mechani-638100	2026-10-02
https://luxestyle.ch/products/casual-hosen-mit-zipper-design-624400	2026-10-02
https://luxestyle.ch/products/casual-jacke-mit-kirschbluten-print-618500	2026-10-02
https://luxestyle.ch/products/casual-jacquard-pullover-in-tarnfarben-610700	2026-10-02
https://luxestyle.ch/products/casual-jeans-mit-geraden-beinen-und-schlankmac-631200	2026-10-02
https://luxestyle.ch/products/casual-jeans-trendig-und-cool-fur-jugendliche-605000	2026-10-02
https://luxestyle.ch/products/casual-kapuzenpullover-605800	2026-10-02
https://luxestyle.ch/products/casual-karo-hemdjacke-625600	2026-10-02
https://luxestyle.ch/products/casual-kleid-mit-schlitz-und-unregelmassigem-s-609200	2026-10-02
https://luxestyle.ch/products/casual-kurzarm-shirt-616500	2026-10-02
https://luxestyle.ch/products/casual-kurzarm-shirt-mit-digital-druck-635100	2026-10-02
https://luxestyle.ch/products/casual-langarm-kleid-623600	2026-10-02
https://luxestyle.ch/products/casual-langarm-pullover-638200	2026-10-02
https://luxestyle.ch/products/casual-langarm-pullover-herren-621300	2026-10-02
https://luxestyle.ch/products/casual-langarm-pullunder-fur-damen-639100	2026-10-02
https://luxestyle.ch/products/casual-langarmhemd-fur-herren-602100	2026-10-02
https://luxestyle.ch/products/casual-laufschuhe-628100	2026-10-02
https://luxestyle.ch/products/casual-layer-oberteil-638300	2026-10-02
https://luxestyle.ch/products/casual-leder-schuhe-615200	2026-10-02
https://luxestyle.ch/products/casual-leder-sneaker-610600	2026-10-02
https://luxestyle.ch/products/casual-locker-3d-taschen-street-overalls-611400	2026-10-02
https://luxestyle.ch/products/casual-loose-fit-t-shirt-mit-zwei-taschen-628400	2026-10-02
https://luxestyle.ch/products/casual-low-top-schuhe-013504	2026-10-02
https://luxestyle.ch/products/casual-mech-dad-sneaker-620100	2026-10-02
https://luxestyle.ch/products/casual-mesh-schuhe-338432	2026-10-02
https://luxestyle.ch/products/casual-messenger-bag-fur-herren-515328	2026-10-02
https://luxestyle.ch/products/casual-midi-kleid-mit-knopfleiste-612700	2026-10-02
https://luxestyle.ch/products/casual-midi-kleid-mit-quasten-und-raglanarmeln-632800	2026-10-02
https://luxestyle.ch/products/casual-muffin-stiefel-mit-dicker-sohle-501248	2026-10-02
https://luxestyle.ch/products/casual-open-toe-sandalen-fur-damen-624400	2026-10-02
https://luxestyle.ch/products/casual-outdoor-sneaker-893248	2026-10-02
https://luxestyle.ch/products/casual-outfit-fur-herren-602400	2026-10-02
https://luxestyle.ch/products/casual-oversized-top-mit-3d-effekt-617200	2026-10-02
https://luxestyle.ch/products/casual-paar-sneakers-in-rot-087808	2026-10-02
https://luxestyle.ch/products/casual-peep-toe-plateau-sandalen-631400	2026-10-02
https://luxestyle.ch/products/casual-peep-toe-sandalen-mit-absatz-627200	2026-10-02
https://luxestyle.ch/products/casual-peep-toe-sandalen-mit-chunky-heel-632900	2026-10-02
https://luxestyle.ch/products/casual-plateau-sandalen-mit-cut-outs-619400	2026-10-02
https://luxestyle.ch/products/casual-plateau-sandalen-mit-nieten-614700	2026-10-02
https://luxestyle.ch/products/casual-platform-schuhe-fur-herren-630500	2026-10-02
https://luxestyle.ch/products/casual-plattform-sneaker-970048	2026-10-02
https://luxestyle.ch/products/casual-plattformkeil-sandalen-in-rosegold-627800	2026-10-02
https://luxestyle.ch/products/casual-polohemd-617100	2026-10-02
https://luxestyle.ch/products/casual-poloshirt-606100	2026-10-02
https://luxestyle.ch/products/casual-polyester-pullover-609400	2026-10-02
https://luxestyle.ch/products/casual-polyester-pullover-615900	2026-10-02
https://luxestyle.ch/products/casual-polyester-pullover-618300	2026-10-02
https://luxestyle.ch/products/casual-polyester-pullover-630900	2026-10-02
https://luxestyle.ch/products/casual-polyester-pullover-mit-druck-613000	2026-10-02
https://luxestyle.ch/products/casual-print-pullover-aus-polyester-634300	2026-10-02
https://luxestyle.ch/products/casual-pullover-638500	2026-10-02
https://luxestyle.ch/products/casual-pullover-fur-herren-613200	2026-10-02
https://luxestyle.ch/products/casual-pullover-mit-druck-612200	2026-10-02
https://luxestyle.ch/products/casual-pullover-mit-print-604100	2026-10-02
https://luxestyle.ch/products/casual-pullover-mit-print-609800	2026-10-02
https://luxestyle.ch/products/casual-pullover-mit-print-614300	2026-10-02
https://luxestyle.ch/products/casual-reise-rucksack-unisex-628900	2026-10-02
https://luxestyle.ch/products/casual-resort-jumpsuit-mit-weitem-bein-630100	2026-10-02
https://luxestyle.ch/products/casual-resort-jumpsuit-mit-weitem-bein-636200	2026-10-02
https://luxestyle.ch/products/casual-retro-hemd-fur-herren-627700	2026-10-02
https://luxestyle.ch/products/casual-romper-set-mit-spaghettitrager-top-601900	2026-10-02
https://luxestyle.ch/products/casual-rucksack-3er-set-839744	2026-10-02
https://luxestyle.ch/products/casual-rucksack-fur-alltag-und-reisen-8c893f	2026-10-02
https://luxestyle.ch/products/casual-rucksack-fur-herren-oxford-tuch-32-48-1-cac1cd	2026-10-02
https://luxestyle.ch/products/casual-rucksack-mit-viel-stauraum-761600	2026-10-02
https://luxestyle.ch/products/casual-rundhals-shirt-fur-herren-623400	2026-10-02
https://luxestyle.ch/products/casual-sandalen-einheitsfarbig-620800	2026-10-02
https://luxestyle.ch/products/casual-sandalen-im-romischen-stil-mit-dicker-s-188992	2026-10-02
https://luxestyle.ch/products/casual-sandalen-mit-blockabsatz-quadratischer-625600	2026-10-02
https://luxestyle.ch/products/casual-sandalen-mit-elastikband-605500	2026-10-02
https://luxestyle.ch/products/casual-sandalen-mit-mittlerem-absatz-622900	2026-10-02
https://luxestyle.ch/products/casual-sandalen-mit-reissverschluss-in-ubergro-618100	2026-10-02
https://luxestyle.ch/products/casual-schuhe-030336	2026-10-02
https://luxestyle.ch/products/casual-set-mit-ruche-textur-619800	2026-10-02
https://luxestyle.ch/products/casual-set-mit-weiter-hose-und-bandeau-top-602700	2026-10-02
https://luxestyle.ch/products/casual-skeleton-automatikuhr-622100	2026-10-02
https://luxestyle.ch/products/casual-slim-fit-hemd-636600	2026-10-02
https://luxestyle.ch/products/casual-slip-on-sandalen-mit-metallschnalle-606800	2026-10-02
https://luxestyle.ch/products/casual-sneaker-629900	2026-10-02
https://luxestyle.ch/products/casual-sneaker-herren-7a9370	2026-10-02
https://luxestyle.ch/products/casual-sport-hoodie-mit-abgeflachten-schultern-622000	2026-10-02
https://luxestyle.ch/products/casual-sports-hoodie-611900	2026-10-02
https://luxestyle.ch/products/casual-sports-rock-635900	2026-10-02
https://luxestyle.ch/products/casual-stilvoll-kurzarm-shirt-616700	2026-10-02
https://luxestyle.ch/products/casual-suede-schuhe-605400	2026-10-02
https://luxestyle.ch/products/casual-sweater-614000	2026-10-02
https://luxestyle.ch/products/casual-sweatshirt-mit-kapuze-603200	2026-10-02
https://luxestyle.ch/products/casual-swimwear-886402	2026-10-02
https://luxestyle.ch/products/casual-t-shirt-629500	2026-10-02
https://luxestyle.ch/products/casual-tote-bag-fur-herren-619100	2026-10-02
https://luxestyle.ch/products/casual-umhangetasche-fur-herren-632000	2026-10-02
https://luxestyle.ch/products/casual-umhangetasche-fur-sport-freizeit-050560	2026-10-02
https://luxestyle.ch/products/casual-v-neck-kleid-mit-digitaldruck-623400	2026-10-02
https://luxestyle.ch/products/casual-v-neck-kleid-mit-digitalprint-601400	2026-10-02
https://luxestyle.ch/products/casual-waterproof-umhangetasche-fur-herren-609400	2026-10-02
https://luxestyle.ch/products/casual-yoga-jumpsuit-mit-tragern-604400	2026-10-02
https://luxestyle.ch/products/casualer-kurzarm-pullover-fur-herren-600100	2026-10-02
https://luxestyle.ch/products/casualer-kurzarmel-pullover-626600	2026-10-02
https://luxestyle.ch/products/casualer-rock-set-630800	2026-10-02
https://luxestyle.ch/products/casualer-slim-fit-pullover-628600	2026-10-02
https://luxestyle.ch/products/casuall-hose-mit-mehreren-taschen-623300	2026-10-02
https://luxestyle.ch/products/cat-claw-egg-roll-stick-016256	2026-10-02
https://luxestyle.ch/products/cat-claw-langarmshirt-fur-damen-614600	2026-10-02
https://luxestyle.ch/products/cat-eye-3d-blumen-nagelset-432000	2026-10-02
https://luxestyle.ch/products/cat-eye-butterfly-fake-nails-619801	2026-10-02
https://luxestyle.ch/products/cat-eye-erdbeer-sundae-press-on-nagel-611500	2026-10-02
https://luxestyle.ch/products/cat-eye-gel-nagellack-magnet-set-625000	2026-10-02
https://luxestyle.ch/products/cat-eye-gel-stift-fur-nagelkunst-639700	2026-10-02
https://luxestyle.ch/products/cat-eye-kirschbluten-nagelsticker-627100	2026-10-02
https://luxestyle.ch/products/cat-eye-nagel-tips-mit-polka-dot-sticker-607800	2026-10-02
https://luxestyle.ch/products/cat-eye-nagel-zum-aufkleben-627100	2026-10-02
https://luxestyle.ch/products/cat-eye-nagellack-753609	2026-10-02
https://luxestyle.ch/products/cat-eye-oval-kunstnagel-transparent-fluorescen-609700	2026-10-02
https://luxestyle.ch/products/cat-eye-sonnenbrille-felina-polarisiert	2026-10-02
https://luxestyle.ch/products/cat-eye-stick-on-crystals-nagelspitzen-900224	2026-10-02
https://luxestyle.ch/products/cat-eye-whitening-effekt-vintage-nagel-tips-634700	2026-10-02
https://luxestyle.ch/products/cat-eye-zehennagel-mit-strass-nude-pink-628800	2026-10-02
https://luxestyle.ch/products/cat-grosser-kettendozer-fga02452	2026-10-02
https://luxestyle.ch/products/cat-kettendozer-fga02443	2026-10-02
https://luxestyle.ch/products/cat-kompaktkettenlader-fga02136	2026-10-02
https://luxestyle.ch/products/cat-kompaktlader-fga02481	2026-10-02
https://luxestyle.ch/products/cat-minibagger-fga02456	2026-10-02
https://luxestyle.ch/products/cat-minibagger-mit-bauarbeiter-fga02466	2026-10-02
https://luxestyle.ch/products/cat-mobilbagger-fga02445	2026-10-02
https://luxestyle.ch/products/cat-s-eye-fake-nails-schwarz-weiss-606700	2026-10-02
https://luxestyle.ch/products/cat-s-eye-nails-abnehmbare-sticker-in-mint-602500	2026-10-02
https://luxestyle.ch/products/cat-s-eye-press-on-nagel-kurz-435648	2026-10-02
https://luxestyle.ch/products/cat-tandem-vibrationswalze-fga02433	2026-10-02
https://luxestyle.ch/products/cat-teleskoplader-fga02141	2026-10-02
https://luxestyle.ch/products/catnip-ball-beissfestes-katzenspielzeug-202880	2026-10-02
https://luxestyle.ch/products/causal-sport-sneaker-fur-damen-c88edd	2026-10-02
https://luxestyle.ch/products/caveman-finken-aus-latex-622400	2026-10-02
https://luxestyle.ch/products/cavestone-raucherstabchenhalter-aus-marmor-606900	2026-10-02
https://luxestyle.ch/products/cc-bare-face-tint-cream-40g-713666	2026-10-02
https://luxestyle.ch/products/cd-pattern-magsafe-hulle-mit-stander-201408	2026-10-02
https://luxestyle.ch/products/cdc68d-dual-ladegerat-fur-totalstation-akkus-622100	2026-10-02
https://luxestyle.ch/products/cellulite-massage-roller	2026-10-02
https://luxestyle.ch/products/cement-grau-rennwagen-baukasten-620400	2026-10-02
https://luxestyle.ch/products/centechia-1-zu-3-rj45-ethernet-splitter-102784	2026-10-02
https://luxestyle.ch/products/centella-asiatica-gesichtsreiniger-617900	2026-10-02
https://luxestyle.ch/products/centella-asiatica-porenverfeinerndes-serum-631300	2026-10-02
https://luxestyle.ch/products/center-shock-kaugummi-fga45837	2026-10-02
https://luxestyle.ch/products/center-shock-scary-mix-4-g-fga41743	2026-10-02
https://luxestyle.ch/products/ceramide-feuchtigkeitscreme-610900	2026-10-02
https://luxestyle.ch/products/ceramide-reise-set-4-teilig-614600	2026-10-02
https://luxestyle.ch/products/ceramik-atherkerzenhalter-lotus-622700	2026-10-02
https://luxestyle.ch/products/ceramik-teller-set-370368	2026-10-02
https://luxestyle.ch/products/chai-dog-pluschtier-70-cm-4e9291	2026-10-02
https://luxestyle.ch/products/chakra-armband-mit-herz-natursteinen-604400	2026-10-02
https://luxestyle.ch/products/challenger-sportwagen-modellbausatz-793216	2026-10-02
https://luxestyle.ch/products/chamaleon-armband-fur-iwatch-229440	2026-10-02
https://luxestyle.ch/products/chamaleon-glitzer-flussig-lidschatten-024385	2026-10-02
https://luxestyle.ch/products/chamaleon-nagelpuder-mit-spiegeleffekt-914752	2026-10-02
https://luxestyle.ch/products/chamaleon-pluschtier-mit-sound-und-futterverst-210240	2026-10-02
https://luxestyle.ch/products/chameleon-diamant-perl-kohlpuder-36ef9b	2026-10-02
https://luxestyle.ch/products/chameleon-flussig-augen-schatten-606400	2026-10-02
https://luxestyle.ch/products/chameleon-smoke-pipe-labret-nagel-set-622700	2026-10-02
https://luxestyle.ch/products/champagner-cat-eye-french-nails-314496	2026-10-02
https://luxestyle.ch/products/champagner-fake-nagel-mit-astringenz-236032	2026-10-02
https://luxestyle.ch/products/champagner-gold-armband-mit-grunem-herz-609900	2026-10-02
https://luxestyle.ch/products/champagner-pinselburste-86a627	2026-10-02
https://luxestyle.ch/products/champagner-pong-set-618300	2026-10-02
https://luxestyle.ch/products/champagner-pumps-mit-metallverzierungen-629600	2026-10-02
https://luxestyle.ch/products/champagner-sandalen-619400	2026-10-02
https://luxestyle.ch/products/champagner-sandalen-629700	2026-10-02
https://luxestyle.ch/products/champagnerfarbene-casual-schuhe-aus-nubukleder-603900	2026-10-02
https://luxestyle.ch/products/champagnerfarbenes-langarm-top-im-koreanischen-628000	2026-10-02
https://luxestyle.ch/products/champagnerfarbenes-tragerloses-toastkleid-626200	2026-10-02
https://luxestyle.ch/products/champagnerglas-set-mit-tortenmesser-schaufel-622800	2026-10-02
https://luxestyle.ch/products/champagnersilberne-sandalen-mit-dickem-absatz-662912	2026-10-02
https://luxestyle.ch/products/changsheng-zirkon-ring-set-im-europaischen-sti-634200	2026-10-02
https://luxestyle.ch/products/chaopai-umhangetasche-fur-herren-453696	2026-10-02
https://luxestyle.ch/products/charakter-ohrringe-9-sort-fga910603	2026-10-02
https://luxestyle.ch/products/charity-armband-mit-zirkonia-herz-kette-609900	2026-10-02
https://luxestyle.ch/products/charity-armreif-turkis-vergoldet-629200	2026-10-02
https://luxestyle.ch/products/charleston-set-fga900120	2026-10-02
https://luxestyle.ch/products/charm-anhanger-architektur-versilbert-630900	2026-10-02
https://luxestyle.ch/products/charm-armband-mit-zirkonia-623000	2026-10-02
https://luxestyle.ch/products/charming-kinder-sportschuhe-809600	2026-10-02
https://luxestyle.ch/products/chase-buddy-spielball-mit-seilen-620610	2026-10-02
https://luxestyle.ch/products/checkerboard-barenherz-nagel-zum-aufkleben-426624	2026-10-02
https://luxestyle.ch/products/checkered-hundeleine-953216	2026-10-02
https://luxestyle.ch/products/checkierter-trenchcoat-mit-wasserabweisender-f-634900	2026-10-02
https://luxestyle.ch/products/cheetah-business-herrenuhr-mit-edelstahlband-377728	2026-10-02
https://luxestyle.ch/products/cheetah-print-schal-mit-pompons-634900	2026-10-02
https://luxestyle.ch/products/chefmade-antihaft-backform-fur-12-gugelhopfli-659712	2026-10-02
https://luxestyle.ch/products/chefmade-toastbox-mit-schiebedeckel-antihaft-594880	2026-10-02
https://luxestyle.ch/products/chelsea-boots-aus-kunstleder-167360	2026-10-02
https://luxestyle.ch/products/chelsea-boots-aus-leder-fur-herren-625500	2026-10-02
https://luxestyle.ch/products/chelsea-boots-fur-herren-631700	2026-10-02
https://luxestyle.ch/products/chelsea-boots-im-retro-look-fur-herren-634000	2026-10-02
https://luxestyle.ch/products/chelsea-boots-mit-stickerei-619700	2026-10-02
https://luxestyle.ch/products/chelsea-boots-wildleder-high-top-602400	2026-10-02
https://luxestyle.ch/products/chelsea-herrenschuhe-618000	2026-10-02
https://luxestyle.ch/products/chelsea-low-top-martin-boots-fur-herren-639500	2026-10-02
https://luxestyle.ch/products/chelsea-retro-langschaft-stiefel-637100	2026-10-02
https://luxestyle.ch/products/chelsea-stiefel-620928	2026-10-02
https://luxestyle.ch/products/chenille-badteppich-saphirblau-638800	2026-10-02
https://luxestyle.ch/products/chenille-baumwolljacke-mit-reissverschluss-619400	2026-10-02
https://luxestyle.ch/products/chenille-bolsterkissen-extra-lang-verschiedene-874242	2026-10-02
https://luxestyle.ch/products/chenille-fussmatte-saugstark-rutschfest-628600	2026-10-02
https://luxestyle.ch/products/chenille-kissen-mit-quasten-d92dff	2026-10-02
https://luxestyle.ch/products/chenille-kissenbezug-dschungel-muster-634112	2026-10-02
https://luxestyle.ch/products/chenille-kissenbezug-gesteppt-db928d	2026-10-02
https://luxestyle.ch/products/chenille-kissenbezug-mit-breitem-rand-605900	2026-10-02
https://luxestyle.ch/products/chenille-kissenbezug-verschiedene-farben-und-g-616100	2026-10-02
https://luxestyle.ch/products/chenille-kissenhulle-mit-3d-kleinwurfelmuster-603400	2026-10-02
https://luxestyle.ch/products/chenille-non-slip-sofauberzug-wei-braun-blau-g-609200	2026-10-02
https://luxestyle.ch/products/chenille-sofabezug-mit-leopardenmuster-626800	2026-10-02
https://luxestyle.ch/products/chenille-sofadecke-fur-alle-jahreszeiten-609800	2026-10-02
https://luxestyle.ch/products/chenille-sofakissen-fur-alle-jahreszeiten-622900	2026-10-02
https://luxestyle.ch/products/chenille-sofauberwurf-schwarz-weiss-606600	2026-10-02
https://luxestyle.ch/products/chenille-sofauberzug-fischgrat-muster-614300	2026-10-02
https://luxestyle.ch/products/chenille-vorhang-french-style-luxe-605000	2026-10-02
https://luxestyle.ch/products/chenille-wollmantel-mit-schmaler-passform-635100	2026-10-02
https://luxestyle.ch/products/chenille-zierkissen-einfarbig-627900	2026-10-02
https://luxestyle.ch/products/chenyue-all-match-casual-ohrringe-615400	2026-10-02
https://luxestyle.ch/products/cheongsam-kleid-damen-600600	2026-10-02
https://luxestyle.ch/products/cherry-blossom-reinigungs-aufhellungsset-6-tei-611000	2026-10-02
https://luxestyle.ch/products/chest-bag-wasserdicht-mit-usb-929216	2026-10-02
https://luxestyle.ch/products/chevalier-helm-fur-kinder-fgabo44033	2026-10-02
https://luxestyle.ch/products/cheviot-lounge-sesselhusse-mit-kaninchenfell-p-625100	2026-10-02
https://luxestyle.ch/products/chic-armband-mit-zirkon-schnalle-630600	2026-10-02
https://luxestyle.ch/products/chic-bluse-mit-puffarmeln-612700	2026-10-02
https://luxestyle.ch/products/chic-boho-blumenkleid-628200	2026-10-02
https://luxestyle.ch/products/chic-damen-strandresort-dress-639600	2026-10-02
https://luxestyle.ch/products/chic-damenkleid-628900	2026-10-02
https://luxestyle.ch/products/chic-damenkleid-mit-halterneck-und-print-629400	2026-10-02
https://luxestyle.ch/products/chic-geraffte-doppel-layer-bluse-im-vintage-st-620200	2026-10-02
https://luxestyle.ch/products/chic-halter-top-shorts-mit-spitze-630000	2026-10-02
https://luxestyle.ch/products/chic-minimalistisches-avocado-armband-605000	2026-10-02
https://luxestyle.ch/products/chic-minirock-mit-falten-600100	2026-10-02
https://luxestyle.ch/products/chic-off-shoulder-jeans-maxikleid-mit-schlitz-632400	2026-10-02
https://luxestyle.ch/products/chic-sandalen-mit-massiver-hacke-625500	2026-10-02
https://luxestyle.ch/products/chic-scharf-figurbetonter-tubedress-mit-schlit-621100	2026-10-02
https://luxestyle.ch/products/chic-stiletto-sandalen-mit-spitzer-zehe-623200	2026-10-02
https://luxestyle.ch/products/chic-strap-maxi-kleid-mit-farbkontrast-612200	2026-10-02
https://luxestyle.ch/products/chic-vintage-damen-slim-fit-farbkombi-dress-625200	2026-10-02
https://luxestyle.ch/products/chic-zirkonia-herz-armband-343617	2026-10-02
https://luxestyle.ch/products/chices-a-linien-minikleid-mit-v-ausschnitt-620500	2026-10-02
https://luxestyle.ch/products/chices-kurzarm-top-mit-blumenmuster-im-french-612000	2026-10-02
https://luxestyle.ch/products/chices-retro-top-mit-hahnentrittmuster-614200	2026-10-02
https://luxestyle.ch/products/chices-v-ausschnitt-ruschenkleid-mit-schnurung-622300	2026-10-02
https://luxestyle.ch/products/chiffon-bluse-im-boyfriend-stil-614200	2026-10-02
https://luxestyle.ch/products/chiffon-bluse-mit-3d-blumen-und-perlen-637000	2026-10-02
https://luxestyle.ch/products/chiffon-bluse-mit-bindeband-und-karos-629800	2026-10-02
https://luxestyle.ch/products/chiffon-bluse-mit-blumenmuster-und-ruschensaum-625400	2026-10-02
https://luxestyle.ch/products/chiffon-bluse-mit-polka-dots-und-mesh-600900	2026-10-02
https://luxestyle.ch/products/chiffon-bluse-mit-print-fur-grosse-grossen-613700	2026-10-02
https://luxestyle.ch/products/chiffon-bluse-mit-quadr-ausschnitt-locker-sitz-608900	2026-10-02
https://luxestyle.ch/products/chiffon-bluse-mit-ruschen-und-ausgestellten-ar-632300	2026-10-02
https://luxestyle.ch/products/chiffon-bluse-mit-stehkragen-und-langen-armeln-630200	2026-10-02
https://luxestyle.ch/products/chiffon-bluse-mit-tupfen-und-ruschen-611100	2026-10-02
https://luxestyle.ch/products/chiffon-bluse-mit-v-ausschnitt-ruschen-600800	2026-10-02
https://luxestyle.ch/products/chiffon-cardigan-mit-bindegurtel-624600	2026-10-02
https://luxestyle.ch/products/chiffon-cardigan-strand-cover-up-mit-sonnensch-605800	2026-10-02
https://luxestyle.ch/products/chiffon-halter-top-mit-laternenarmeln-614700	2026-10-02
https://luxestyle.ch/products/chiffon-kleid-634000	2026-10-02
https://luxestyle.ch/products/chiffon-kleid-mit-3d-effekt-627200	2026-10-02
https://luxestyle.ch/products/chiffon-kleid-mit-kurzen-armeln-fur-grosse-gro-619500	2026-10-02
https://luxestyle.ch/products/chiffon-kleid-mit-ruffles-634800	2026-10-02
https://luxestyle.ch/products/chiffon-kleid-mit-tiermuster-und-stehkragen-633300	2026-10-02
https://luxestyle.ch/products/chiffon-langarm-dress-mit-v-ausschnitt-637400	2026-10-02
https://luxestyle.ch/products/chiffon-langdress-mit-gerollten-kanten-und-nah-610600	2026-10-02
https://luxestyle.ch/products/chiffon-maxi-abendkleid-mit-one-shoulder-desig-611500	2026-10-02
https://luxestyle.ch/products/chiffon-maxi-kleid-mit-spitze-635700	2026-10-02
https://luxestyle.ch/products/chiffon-maxikleid-mit-v-ausschnitt-und-volants-609800	2026-10-02
https://luxestyle.ch/products/chiffon-meerjungfrauenkleid-mit-blumenmuster-636300	2026-10-02
https://luxestyle.ch/products/chiffon-midi-kleid-mit-carmenausschnitt-ausges-615200	2026-10-02
https://luxestyle.ch/products/chiffon-oberteil-mit-kragen-638400	2026-10-02
https://luxestyle.ch/products/chiffon-off-shoulder-minikleid-mit-blumenmuste-638600	2026-10-02
https://luxestyle.ch/products/chiffon-polo-strandhemd-mit-uv-schutz-067522	2026-10-02
https://luxestyle.ch/products/chiffon-puffrock-mit-polka-dots-610900	2026-10-02
https://luxestyle.ch/products/chiffon-ribbons-blume-kleid-626100	2026-10-02
https://luxestyle.ch/products/chiffon-schleifenstrau-615600	2026-10-02
https://luxestyle.ch/products/chiffon-set-mit-spitze-601100	2026-10-02
https://luxestyle.ch/products/chiffon-set-solare-bluse-weite-hose	2026-10-02
https://luxestyle.ch/products/chiffon-sommerkleid-mit-bubbelarmeln-612900	2026-10-02
https://luxestyle.ch/products/chiffon-stickband-mit-goldfaden-3-cm-921536	2026-10-02
https://luxestyle.ch/products/chiffon-strand-cardigan-mit-print-619400	2026-10-02
https://luxestyle.ch/products/chiffon-strand-maxi-kleid-632500	2026-10-02
https://luxestyle.ch/products/chiffon-strandkleid-mit-v-ausschnitt-610900	2026-10-02
https://luxestyle.ch/products/chiffon-tie-dye-maxi-kleid-636200	2026-10-02
https://luxestyle.ch/products/chiffon-top-mit-blumenmuster-und-v-ausschnitt-623100	2026-10-02
https://luxestyle.ch/products/chiffon-top-mit-puffarmeln-und-rundhals-632200	2026-10-02
https://luxestyle.ch/products/chiffon-v-ausschnitt-maxikleid-600300	2026-10-02
https://luxestyle.ch/products/chiffonbluse-mit-kurzen-armeln-605400	2026-10-02
https://luxestyle.ch/products/chiffonbluse-mit-letter-print-601600	2026-10-02
https://luxestyle.ch/products/chiffonbluse-mit-nieten-und-schleifenband-613800	2026-10-02
https://luxestyle.ch/products/chiffonbluse-mit-pflanzen-print-und-v-ausschni-609600	2026-10-02
https://luxestyle.ch/products/chiffonbluse-mit-ruschen-und-ausgestellten-arm-607800	2026-10-02
https://luxestyle.ch/products/chiffonbluse-mit-ruschenkragen-und-flugelarmel-606700	2026-10-02
https://luxestyle.ch/products/chiffonbluse-mit-ruschensaum-631700	2026-10-02
https://luxestyle.ch/products/chiffonbluse-mit-schleife-und-puffarmeln-601800	2026-10-02
https://luxestyle.ch/products/chiffonkleid-mit-blumenprint-und-ruschen-622000	2026-10-02
https://luxestyle.ch/products/chiffonkleid-mit-v-ausschnitt-taillenbetonung-613700	2026-10-02
https://luxestyle.ch/products/chiffonkleid-mit-v-ausschnitt-und-ruschenarmel-632700	2026-10-02
https://luxestyle.ch/products/chiffonkleid-mit-volants-und-taillengurtel-606200	2026-10-02
https://luxestyle.ch/products/chiffonrock-mit-asymmetrischen-falten-626500	2026-10-02
https://luxestyle.ch/products/chiffonstoff-gold-bedruckt-fur-hanfu-096704	2026-10-02
https://luxestyle.ch/products/chihuahua-leine-edd3c7	2026-10-02
https://luxestyle.ch/products/children-of-chaos-baumwolldecke-grim-reaper-348608	2026-10-02
https://luxestyle.ch/products/chili-kissen-26efa2	2026-10-02
https://luxestyle.ch/products/chili-kostum-fgack4143	2026-10-02
https://luxestyle.ch/products/chilong-knochenspalter-t10-stahl-870784	2026-10-02
https://luxestyle.ch/products/chinesisch-inspirierter-mantel-637800	2026-10-02
https://luxestyle.ch/products/chinesische-blumen-ohrringe-mit-emaille-110914	2026-10-02
https://luxestyle.ch/products/chinesische-blumen-ohrringe-mit-emaille-und-pe-427714	2026-10-02
https://luxestyle.ch/products/chinesische-blumen-ohrringe-mit-strass-perlen-552578	2026-10-02
https://luxestyle.ch/products/chinesische-drachen-skelett-taschenuhr-611500	2026-10-02
https://luxestyle.ch/products/chinesische-emaille-blumen-ohrringe-mit-perle-800001	2026-10-02
https://luxestyle.ch/products/chinesische-graustreifen-hemd-637300	2026-10-02
https://luxestyle.ch/products/chinesische-keramik-hasen-in-blau-weiss-633900	2026-10-02
https://luxestyle.ch/products/chinesische-linen-strandkleid-603200	2026-10-02
https://luxestyle.ch/products/chinesische-prinzessinnen-schuhe-614800	2026-10-02
https://luxestyle.ch/products/chinesische-satin-flats-mary-jane-stil-096258	2026-10-02
https://luxestyle.ch/products/chinesische-schmetterlings-manikure-613100	2026-10-02
https://luxestyle.ch/products/chinesische-schrift-und-tuschendesign-621100	2026-10-02
https://luxestyle.ch/products/chinesische-stoffschuhe-600000	2026-10-02
https://luxestyle.ch/products/chinesische-tigerkopf-slipper-fur-damen-030017	2026-10-02
https://luxestyle.ch/products/chinesischer-baumwollpullover-fur-madchen-631900	2026-10-02
https://luxestyle.ch/products/chinesischer-baustein-bausatz-462912	2026-10-02
https://luxestyle.ch/products/chinesischer-cardigan-mit-knopfleiste-und-sonn-632400	2026-10-02
https://luxestyle.ch/products/chinesischer-kissenbezug-mit-stickerei-725952	2026-10-02
https://luxestyle.ch/products/chinesischer-luxus-sofakissenbezug-aeacb2	2026-10-02
https://luxestyle.ch/products/chinesischer-rock-600800	2026-10-02
https://luxestyle.ch/products/chinesischer-teller-613600	2026-10-02
https://luxestyle.ch/products/chinesisches-a-linien-kleid-617100	2026-10-02
https://luxestyle.ch/products/chinesisches-fake-zweiteiler-kleid-mit-print-623400	2026-10-02
https://luxestyle.ch/products/chinesisches-futon-meditationskissen-725de4	2026-10-02
https://luxestyle.ch/products/chinesisches-patchwork-shirt-mit-knopfleiste-626700	2026-10-02
https://luxestyle.ch/products/chinesisches-sofa-kissen-609400	2026-10-02
https://luxestyle.ch/products/chinoiserie-lidschatten-lippenstift-set-962432	2026-10-02
https://luxestyle.ch/products/chirurg-arzt-werkzeuge-3-tlg-fteu105954	2026-10-02
https://luxestyle.ch/products/chivo-kw10pro-smartwatch-fur-damen-ea75ea	2026-10-02
https://luxestyle.ch/products/choker-mit-herz-design-taglich-tragbar-598145	2026-10-02
https://luxestyle.ch/products/christbaumdecke-mit-goldenen-pailletten-schnee-634500	2026-10-02
https://luxestyle.ch/products/christmas-hoodie-mit-katzen-print-603100	2026-10-02
https://luxestyle.ch/products/chronograph-sport-holzuhr-fur-herren-209728	2026-10-02
https://luxestyle.ch/products/chronograph-sportuhr-mit-kalender-91e29c	2026-10-02
https://luxestyle.ch/products/chronograph-sportuhr-quarz-50m-wasserdicht-894400	2026-10-02
https://luxestyle.ch/products/chrysanthemen-steppung-casual-stretch-damen-cr-613200	2026-10-02
https://luxestyle.ch/products/chubby-flower-keramikteller-899712	2026-10-02
https://luxestyle.ch/products/chuidahuang-titan-thermobechermit-teesieb-450-622500	2026-10-02
https://luxestyle.ch/products/chunky-ankle-boots-mit-reissverschluss-636900	2026-10-02
https://luxestyle.ch/products/chunky-boots-aus-wildleder-mit-blockabsatz-614600	2026-10-02
https://luxestyle.ch/products/chunky-boots-mit-mittelhohem-absatz-621800	2026-10-02
https://luxestyle.ch/products/chunky-casual-sandalen-mit-kreuzriemen-611200	2026-10-02
https://luxestyle.ch/products/chunky-dad-sneaker-mit-farbblock-design-630700	2026-10-02
https://luxestyle.ch/products/chunky-dad-sneakers-mit-mesh-obermaterial-606500	2026-10-02
https://luxestyle.ch/products/chunky-fashion-quarzuhr-328576	2026-10-02
https://luxestyle.ch/products/chunky-freizeitschuhe-mit-schnurung-609000	2026-10-02
https://luxestyle.ch/products/chunky-heel-ankle-boots-fur-damen-611900	2026-10-02
https://luxestyle.ch/products/chunky-heel-ankle-boots-mit-spitzer-zehe-604000	2026-10-02
https://luxestyle.ch/products/chunky-heel-boots-mit-metallschnallen-628600	2026-10-02
https://luxestyle.ch/products/chunky-heel-boots-mit-seitenreissverschluss-611200	2026-10-02
https://luxestyle.ch/products/chunky-heel-flip-flop-sandalen-759296	2026-10-02
https://luxestyle.ch/products/chunky-heel-french-ballet-flats-604800	2026-10-02
https://luxestyle.ch/products/chunky-heel-french-style-damenschuhe-612500	2026-10-02
https://luxestyle.ch/products/chunky-heel-halbschuhe-mit-riemen-625800	2026-10-02
https://luxestyle.ch/products/chunky-heel-high-heel-boots-636000	2026-10-02
https://luxestyle.ch/products/chunky-heel-high-heels-mit-spitzer-zehe-609800	2026-10-02
https://luxestyle.ch/products/chunky-heel-high-top-boots-mit-dicker-sohle-624300	2026-10-02
https://luxestyle.ch/products/chunky-heel-leder-boots-mit-karree-spitze-605000	2026-10-02
https://luxestyle.ch/products/chunky-heel-pumps-mit-metallkette-623900	2026-10-02
https://luxestyle.ch/products/chunky-heel-pumps-mit-runder-zehenkappe-283584	2026-10-02
https://luxestyle.ch/products/chunky-heel-retro-western-mid-calf-boots-613400	2026-10-02
https://luxestyle.ch/products/chunky-heel-sandale-mit-eckiger-zehenpartie-287552	2026-10-02
https://luxestyle.ch/products/chunky-heel-sandalen-630000	2026-10-02
https://luxestyle.ch/products/chunky-heel-sandalen-fur-damen-602300	2026-10-02
https://luxestyle.ch/products/chunky-heel-sandalen-mit-cut-outs-624900	2026-10-02
https://luxestyle.ch/products/chunky-heel-sandalen-mit-offener-spitze-620800	2026-10-02
https://luxestyle.ch/products/chunky-heel-sandalen-mit-schnurung-618900	2026-10-02
https://luxestyle.ch/products/chunky-heel-sandalette-mit-eckiger-zehenpartie-633300	2026-10-02
https://luxestyle.ch/products/chunky-heel-sandalette-mit-farbblock-613300	2026-10-02
https://luxestyle.ch/products/chunky-heel-schuhe-mit-metallschnallen-631300	2026-10-02
https://luxestyle.ch/products/chunky-heel-t-strap-mary-jane-slipper-621100	2026-10-02
https://luxestyle.ch/products/chunky-heeled-non-slip-soft-leather-pumps-slip-609900	2026-10-02
https://luxestyle.ch/products/chunky-high-top-biker-boots-639400	2026-10-02
https://luxestyle.ch/products/chunky-knit-strickweste-mit-kapuze-636500	2026-10-02
https://luxestyle.ch/products/chunky-mid-calf-boots-mit-plateau-604000	2026-10-02
https://luxestyle.ch/products/chunky-mid-calf-boots-mit-schnalle-606900	2026-10-02
https://luxestyle.ch/products/chunky-plateau-sandalen-mit-hohem-absatz-617600	2026-10-02
https://luxestyle.ch/products/chunky-plateau-sandalen-mit-knochelriemen-629400	2026-10-02
https://luxestyle.ch/products/chunky-plateau-sandalen-mit-offenem-zeh-614600	2026-10-02
https://luxestyle.ch/products/chunky-plateau-sandalen-mit-offener-spitze-601800	2026-10-02
https://luxestyle.ch/products/chunky-plateau-sneaker-fur-damen-320640	2026-10-02
https://luxestyle.ch/products/chunky-plateau-tank-boots-602100	2026-10-02
https://luxestyle.ch/products/chunky-pumps-mit-riemen-624400	2026-10-02
https://luxestyle.ch/products/chunky-pumps-mit-schnurung-aus-wildleder-618200	2026-10-02
https://luxestyle.ch/products/chunky-retro-sandalen-fur-damen-603500	2026-10-02
https://luxestyle.ch/products/chunky-sandalen-fur-damen-mit-blockabsatz-030528	2026-10-02
https://luxestyle.ch/products/chunky-sandalen-mit-klettverschluss-627800	2026-10-02
https://luxestyle.ch/products/chunky-sandalen-mit-schnalle-615200	2026-10-02
https://luxestyle.ch/products/chunky-sandalen-mit-schnalle-616900	2026-10-02
https://luxestyle.ch/products/chunky-sneaker-fur-damen-mit-schnurung-622100	2026-10-02
https://luxestyle.ch/products/chunky-sneaker-fur-herren-621500	2026-10-02
https://luxestyle.ch/products/chunky-sneaker-im-color-blocking-design-613000	2026-10-02
https://luxestyle.ch/products/chunky-sohle-slip-on-sneaker-fur-damen-614900	2026-10-02
https://luxestyle.ch/products/chunky-sohlen-roman-sandalen-fur-zierliche-fra-613000	2026-10-02
https://luxestyle.ch/products/churu-loffel-fur-katzenleckerlis-904770	2026-10-02
https://luxestyle.ch/products/chuyu-2026-flats-high-heels-132161	2026-10-02
https://luxestyle.ch/products/ciara-liberty-popeline-baumwollstoff-lila-blum-502208	2026-10-02
https://luxestyle.ch/products/cigarren-etui-aus-pu-leder-8er-8-stuck-473344	2026-10-02
https://luxestyle.ch/products/cilected-kissenbezug-mit-ruschen-baumwolle-897216	2026-10-02
https://luxestyle.ch/products/cinderella-baumwollstoff-fur-kinderkleidung-264512	2026-10-02
https://luxestyle.ch/products/citrin-armband-mit-fuchs-design-607600	2026-10-02
https://luxestyle.ch/products/citrin-armband-naturstein-poliert-606500	2026-10-02
https://luxestyle.ch/products/citrin-und-kristallarmband-625300	2026-10-02
https://luxestyle.ch/products/city-container-lastwagen-bausteine-627900	2026-10-02
https://luxestyle.ch/products/city-night-diy-digital-painting-237568	2026-10-02
https://luxestyle.ch/products/city-outdoors-commute-rucksack-grosse-kapazita-920768	2026-10-02
https://luxestyle.ch/products/city-ranger-outdoor-tasche-48412d	2026-10-02
https://luxestyle.ch/products/city-series-zugschienen-bausatz-096960	2026-10-02
https://luxestyle.ch/products/city-street-view-bausteine-cafe-restaurant-ode-817472	2026-10-02
https://luxestyle.ch/products/city-tactical-hose-851136	2026-10-02
https://luxestyle.ch/products/claas-axion-950-fga03012	2026-10-02
https://luxestyle.ch/products/claas-axion-950-mit-frontlader-fga03013	2026-10-02
https://luxestyle.ch/products/claas-axion-950-mit-raumschild-fga03018	2026-10-02
https://luxestyle.ch/products/claas-axion-950-mit-schneeketten-und-schne-fga03017	2026-10-02
https://luxestyle.ch/products/claas-disco-8550-c-plus-dreifach-mahwerk-fga02218	2026-10-02
https://luxestyle.ch/products/claas-jaguar-900-feldhacksler-fga02131	2026-10-02
https://luxestyle.ch/products/claas-jaguar-980-feldhacksler-fga02134	2026-10-02
https://luxestyle.ch/products/claas-lexion-480-mahdrescher-fga02120	2026-10-02
https://luxestyle.ch/products/claas-lexion-780-terra-trac-mahdrescher-fga02119	2026-10-02
https://luxestyle.ch/products/claas-nectis-267-f-fga02110	2026-10-02
https://luxestyle.ch/products/claas-nectis-267-f-mit-frontlader-und-bord-fga02112	2026-10-02
https://luxestyle.ch/products/claas-rollant-250-rundballenpresse-fga02121	2026-10-02
https://luxestyle.ch/products/claas-xerion-5000-fga03015	2026-10-02
https://luxestyle.ch/products/classic-aromatic-cologne-spray-843329	2026-10-02
https://luxestyle.ch/products/classic-calendar-centennial-quarzuhr-108288	2026-10-02
https://luxestyle.ch/products/classic-controller-fur-wii-2-generation-235328	2026-10-02
https://luxestyle.ch/products/classic-fusion-silikonarmband-19mm-281728	2026-10-02
https://luxestyle.ch/products/classic-trend-silikonarmbanduhr-104768	2026-10-02
https://luxestyle.ch/products/clavicle-chain-armband-und-halskette-set-616000	2026-10-02
https://luxestyle.ch/products/clear-lip-plumper-oil-mit-volumen-pflege-8de909	2026-10-02
https://luxestyle.ch/products/cleveres-paar-t-shirt-622500	2026-10-02
https://luxestyle.ch/products/clip-on-sonnenbrille-im-europaischen-und-ameri-616000	2026-10-02
https://luxestyle.ch/products/cloud-lip-glaze-lippenstift-851328	2026-10-02
https://luxestyle.ch/products/cloud-spiegel-301888	2026-10-02
https://luxestyle.ch/products/clover-blossom-nerz-wimpernverlangerung-767936	2026-10-02
https://luxestyle.ch/products/clover-blossom-wimpernverlangerung-113920	2026-10-02
https://luxestyle.ch/products/clown-krawatte-fga966741	2026-10-02
https://luxestyle.ch/products/clown-latzhose-gestreift-fgssor7274	2026-10-02
https://luxestyle.ch/products/clown-latzhose-grun-fgssor7763	2026-10-02
https://luxestyle.ch/products/clown-latzhose-rot-fgssor7768	2026-10-02
https://luxestyle.ch/products/clown-mutze-fga948631	2026-10-02
https://luxestyle.ch/products/cluster-wimpern-glue-free-80-stuck-986626	2026-10-02
https://luxestyle.ch/products/cluster-wimpern-volumen-30d-40d-613000	2026-10-02
https://luxestyle.ch/products/clutch-mit-blumenmuster-665088	2026-10-02
https://luxestyle.ch/products/clutch-tragetasche-fur-nintendo-switch-oled-100032	2026-10-02
https://luxestyle.ch/products/coarse-heel-sandalen-mit-schnalle-305152	2026-10-02
https://luxestyle.ch/products/cob-led-rotlicht-stirnlampe-117312	2026-10-02
https://luxestyle.ch/products/cocktail-rauchergerat-aus-holz-629200	2026-10-02
https://luxestyle.ch/products/cocktail-shaker-set-618400	2026-10-02
https://luxestyle.ch/products/cocktailkleid-mit-patchwork-design-603200	2026-10-02
https://luxestyle.ch/products/coconut-baum-print-shirt-609300	2026-10-02
https://luxestyle.ch/products/coconut-flip-flops-mit-dicker-sohle-890432	2026-10-02
https://luxestyle.ch/products/coconut-vielseitige-herrenschuhe-612200	2026-10-02
https://luxestyle.ch/products/cola-froschli-fga87241	2026-10-02
https://luxestyle.ch/products/cold-cat-eye-white-fairy-niche-handmade-wearab-625400	2026-10-02
https://luxestyle.ch/products/cold-light-eva-half-face-glow-mask-holiday-252608	2026-10-02
https://luxestyle.ch/products/collagen-evening-wear-maske-610300	2026-10-02
https://luxestyle.ch/products/collagen-filler-anti-falten-gesichtsmaske-629200	2026-10-02
https://luxestyle.ch/products/collagen-hydrating-maske-608600	2026-10-02
https://luxestyle.ch/products/collagen-peeling-halscreme-629500	2026-10-02
https://luxestyle.ch/products/collagen-peptide-maske-608600	2026-10-02
https://luxestyle.ch/products/collagen-reinigungscreme-von-dr-snail-134402	2026-10-02
https://luxestyle.ch/products/collagen-verstarkende-multi-effekt-lotion-326081	2026-10-02
https://luxestyle.ch/products/college-jacke-athleth-50er-fgss0125	2026-10-02
https://luxestyle.ch/products/college-rucksack-fur-uni-und-freizeit-620800	2026-10-02
https://luxestyle.ch/products/college-rucksack-mit-blumenmuster-849856	2026-10-02
https://luxestyle.ch/products/college-stil-prinzessinnen-schuhe-fur-madchen-645632	2026-10-02
https://luxestyle.ch/products/college-style-abschlussring-mit-zirkonia-613600	2026-10-02
https://luxestyle.ch/products/color-block-badeanzug-fur-damen-619100	2026-10-02
https://luxestyle.ch/products/color-block-bodycon-kleid-mit-strass-614600	2026-10-02
https://luxestyle.ch/products/color-block-denim-cardigan-maxikleid-602400	2026-10-02
https://luxestyle.ch/products/color-block-edelstahl-federarmband-609600	2026-10-02
https://luxestyle.ch/products/color-block-federmappchen-mit-patchwork-design-606900	2026-10-02
https://luxestyle.ch/products/color-block-hoodie-mit-halbem-reissverschluss-674753	2026-10-02
https://luxestyle.ch/products/color-block-hoodie-mit-langen-armeln-608600	2026-10-02
https://luxestyle.ch/products/color-block-jumpsuit-mit-langen-armeln-602600	2026-10-02
https://luxestyle.ch/products/color-block-kapuzen-sweatshirt-mit-halbem-reis-631200	2026-10-02
https://luxestyle.ch/products/color-block-kapuzenpullover-mit-half-zip-617800	2026-10-02
https://luxestyle.ch/products/color-block-kurzarmhemd-fur-herren-610700	2026-10-02
https://luxestyle.ch/products/color-block-kurzarmshirt-fur-herren-629900	2026-10-02
https://luxestyle.ch/products/color-block-langarm-pullover-fur-damen-617700	2026-10-02
https://luxestyle.ch/products/color-block-langarm-sports-sweatshirt-622300	2026-10-02
https://luxestyle.ch/products/color-block-langarmbluse-fur-damen-604800	2026-10-02
https://luxestyle.ch/products/color-block-langarmhemd-fur-herren-638700	2026-10-02
https://luxestyle.ch/products/color-block-langarmshirt-mit-revers-612400	2026-10-02
https://luxestyle.ch/products/color-block-mock-neck-top-mit-cut-out-600700	2026-10-02
https://luxestyle.ch/products/color-block-plisseekleid-mit-langen-armeln-631900	2026-10-02
https://luxestyle.ch/products/color-block-pullover-mit-kettenmuster-611200	2026-10-02
https://luxestyle.ch/products/color-block-pullover-mit-puffarmeln-600600	2026-10-02
https://luxestyle.ch/products/color-block-pullover-mit-rundhals-610000	2026-10-02
https://luxestyle.ch/products/color-block-pullover-strickpullover-fur-damen-630700	2026-10-02
https://luxestyle.ch/products/color-block-rundhals-sweatshirt-fur-damen-622400	2026-10-02
https://luxestyle.ch/products/color-block-shorts-zweiteiler-fur-damen-618900	2026-10-02
https://luxestyle.ch/products/color-block-sport-bikini-einteiler-615100	2026-10-02
https://luxestyle.ch/products/color-block-strick-cardigan-im-old-money-stil-603400	2026-10-02
https://luxestyle.ch/products/color-block-strickhemd-fur-business-und-freize-610200	2026-10-02
https://luxestyle.ch/products/color-block-strickhemd-mit-revers-613300	2026-10-02
https://luxestyle.ch/products/color-block-strickjacke-im-oversize-look-635700	2026-10-02
https://luxestyle.ch/products/color-block-strickkleid-gestreift-616600	2026-10-02
https://luxestyle.ch/products/color-block-strickpullover-mit-prinzessinnenar-636100	2026-10-02
https://luxestyle.ch/products/color-block-strickpullover-mit-rundhals-608100	2026-10-02
https://luxestyle.ch/products/color-block-strickpullover-mit-rundhals-fur-da-619000	2026-10-02
https://luxestyle.ch/products/color-block-v-ausschnitt-volantkleid-608700	2026-10-02
https://luxestyle.ch/products/color-block-v-neck-strickweste-fur-damen-631000	2026-10-02
https://luxestyle.ch/products/color-block-waffelstrick-kapuzenjacke-fur-herr-605500	2026-10-02
https://luxestyle.ch/products/color-block-waffle-knit-langarmshirt-fur-herre-632800	2026-10-02
https://luxestyle.ch/products/color-block-weste-high-waist-yoga-hose-set-600200	2026-10-02
https://luxestyle.ch/products/color-blocked-hoodie-mit-letter-print-634000	2026-10-02
https://luxestyle.ch/products/color-blocked-minimalistisches-top-fur-damen-617900	2026-10-02
https://luxestyle.ch/products/color-blocked-roman-sandalen-fur-damen-609800	2026-10-02
https://luxestyle.ch/products/color-blocked-strickkleid-fur-damen-619200	2026-10-02
https://luxestyle.ch/products/color-contrast-patchwork-langarmhemd-fur-herre-625700	2026-10-02
https://luxestyle.ch/products/color-diamond-painting-set-9fe717	2026-10-02
https://luxestyle.ch/products/color-matching-pocket-family-suit-parent-child-109504	2026-10-02
https://luxestyle.ch/products/colorblock-strickjacke-fur-herren-628300	2026-10-02
https://luxestyle.ch/products/colorblock-v-neck-strickkleid-mit-schnurung-622300	2026-10-02
https://luxestyle.ch/products/colorful-feather-lidschatten-palette-925568	2026-10-02
https://luxestyle.ch/products/column-rucksack-fur-laptops-bis-17-3-zoll-607300	2026-10-02
https://luxestyle.ch/products/commuter-armband-mit-blattmotiv-626300	2026-10-02
https://luxestyle.ch/products/commuter-cardigan-plus-size-longsleeve-604200	2026-10-02
https://luxestyle.ch/products/commuter-laptop-rucksack-14-zoll-654464	2026-10-02
https://luxestyle.ch/products/commuter-laptop-rucksack-mit-usb-ladeanschluss-275648	2026-10-02
https://luxestyle.ch/products/commuter-slimming-jupe-mit-taschen-610600	2026-10-02
https://luxestyle.ch/products/compact-fur-augenstiche-15-6-10-5-2-4-cm-ee36d8	2026-10-02
https://luxestyle.ch/products/computer-rucksack-15-6-zoll-wasserdicht-513664	2026-10-02
https://luxestyle.ch/products/computer-rucksack-1d4a0e	2026-10-02
https://luxestyle.ch/products/computer-rucksack-aus-rindsleder-012928	2026-10-02
https://luxestyle.ch/products/computer-rucksack-business-trip-mit-usb-ladefu-702016	2026-10-02
https://luxestyle.ch/products/computer-rucksack-fur-alltag-und-freizeit-608064	2026-10-02
https://luxestyle.ch/products/computer-rucksack-fur-alltag-und-reisen-616500	2026-10-02
https://luxestyle.ch/products/computer-rucksack-fur-herren-gross-modern-291328	2026-10-02
https://luxestyle.ch/products/computer-rucksack-fur-reisen-5a7bff	2026-10-02
https://luxestyle.ch/products/computer-rucksack-gross-wasserdicht-multifunkt-602200	2026-10-02
https://luxestyle.ch/products/computer-rucksack-mit-usb-anschluss-und-hartsc-b8e294	2026-10-02
https://luxestyle.ch/products/computer-rucksack-mit-usb-ladeanschluss-607400	2026-10-02
https://luxestyle.ch/products/computer-umhangetasche-mit-grosser-kapazitat-601000	2026-10-02
https://luxestyle.ch/products/computerlautsprecher-e23aba	2026-10-02
https://luxestyle.ch/products/concealer-basic-beauty-creme-600300	2026-10-02
https://luxestyle.ch/products/concealer-cushion-bb-cream-lippenstift-set-657664	2026-10-02
https://luxestyle.ch/products/concealer-foundation-creme-feuchtigkeitsspende-608000	2026-10-02
https://luxestyle.ch/products/concealer-highlighter-foundation-stick-639100	2026-10-02
https://luxestyle.ch/products/concealer-longwear-foundation-616200	2026-10-02
https://luxestyle.ch/products/concealer-repair-puder-nass-trocken-268544	2026-10-02
https://luxestyle.ch/products/concept-skeleton-herrenuhr-821696	2026-10-02
https://luxestyle.ch/products/contouring-abdeck-stick-mit-naturlichem-finish-636500	2026-10-02
https://luxestyle.ch/products/contouring-balm-lidschatten-lippenstift-set-483520	2026-10-02
https://luxestyle.ch/products/contouring-concealer-stick-natural-shade-696578	2026-10-02
https://luxestyle.ch/products/controller-erweiterung-mit-vier-rucktasten-607900	2026-10-02
https://luxestyle.ch/products/controller-halterung-fur-ps4-ps5-xbox-311744	2026-10-02
https://luxestyle.ch/products/controller-mit-powerbank-funktion-9231e9	2026-10-02
https://luxestyle.ch/products/controller-silikonhulle-spray-soldier-3-114496	2026-10-02
https://luxestyle.ch/products/coolbell-doppel-laptop-rucksack-042496	2026-10-02
https://luxestyle.ch/products/coole-elektronische-armbanduhr-fur-herren-603600	2026-10-02
https://luxestyle.ch/products/coole-hasen-ladestation-fur-smartwatch-621500	2026-10-02
https://luxestyle.ch/products/coole-led-schuhe-fur-kinder-fa5ec5	2026-10-02
https://luxestyle.ch/products/coole-leuchtende-wasserdichte-digitaluhr-626800	2026-10-02
https://luxestyle.ch/products/coole-magnetische-herrenuhr-854784	2026-10-02
https://luxestyle.ch/products/cooler-kapuzenpullover-fur-herren-613400	2026-10-02
https://luxestyle.ch/products/cooler-ripped-denim-jupe-mit-fransen-627700	2026-10-02
https://luxestyle.ch/products/coral-fleece-handtuch-set-breit-gestreift-611600	2026-10-02
https://luxestyle.ch/products/cord-bucket-hat-manchester-navy	2026-10-02
https://luxestyle.ch/products/cord-canvas-schulter-und-umhangetasche-618500	2026-10-02
https://luxestyle.ch/products/cord-hemdblusenkleid-mit-rock-622500	2026-10-02
https://luxestyle.ch/products/cord-minirock-im-franzosischen-stil-617500	2026-10-02
https://luxestyle.ch/products/cord-pants-mit-taschen-hoher-bund-611600	2026-10-02
https://luxestyle.ch/products/cordhemd-mit-streifen-und-langen-armeln-640100	2026-10-02
https://luxestyle.ch/products/cordhose-im-loose-fit-mit-weitem-bein-634900	2026-10-02
https://luxestyle.ch/products/cordhose-rock-614200	2026-10-02
https://luxestyle.ch/products/cordrey-overalls-fur-herren-607900	2026-10-02
https://luxestyle.ch/products/cords-hemd-kurzarmlig-606200	2026-10-02
https://luxestyle.ch/products/cords-hemdjacke-fur-herren-633700	2026-10-02
https://luxestyle.ch/products/cords-hose-damen-weiter-schnitt-630100	2026-10-02
https://luxestyle.ch/products/cordschnurhosen-fur-herren-plus-grosse-611000	2026-10-02
https://luxestyle.ch/products/cordsjacke-fur-herren-607900	2026-10-02
https://luxestyle.ch/products/corduroy-baseball-jacke-fur-herren-613000	2026-10-02
https://luxestyle.ch/products/corduroy-bucket-bag-fur-studierende-971200	2026-10-02
https://luxestyle.ch/products/corduroy-button-kapuzenpullover-fur-damen-619600	2026-10-02
https://luxestyle.ch/products/corduroy-cotton-padded-casual-coat-for-men-633900	2026-10-02
https://luxestyle.ch/products/corduroy-fleece-hoodie-mit-kordelzug-610900	2026-10-02
https://luxestyle.ch/products/corduroy-freizeitbluse-fur-damen-631400	2026-10-02
https://luxestyle.ch/products/corduroy-hemd-604600	2026-10-02
https://luxestyle.ch/products/corduroy-hemd-fur-herren-609900	2026-10-02
https://luxestyle.ch/products/corduroy-hemd-jacke-fur-herren-611200	2026-10-02
https://luxestyle.ch/products/corduroy-hemd-mit-kapuze-614900	2026-10-02
https://luxestyle.ch/products/corduroy-hemd-mit-rosen-embroidery-635800	2026-10-02
https://luxestyle.ch/products/corduroy-hemd-mit-v-ausschnitt-609900	2026-10-02
https://luxestyle.ch/products/corduroy-hoodie-639100	2026-10-02
https://luxestyle.ch/products/corduroy-hoodie-mit-halber-knopfleiste-613900	2026-10-02
https://luxestyle.ch/products/corduroy-hoodie-mit-stehkragen-und-aufgesetzte-606100	2026-10-02
https://luxestyle.ch/products/corduroy-jacke-fur-herren-600600	2026-10-02
https://luxestyle.ch/products/corduroy-jacket-635300	2026-10-02
https://luxestyle.ch/products/corduroy-jeansjacke-fur-herren-mit-kaninchenha-633700	2026-10-02
https://luxestyle.ch/products/corduroy-kissen-in-streifen-607100	2026-10-02
https://luxestyle.ch/products/corduroy-kissenhulle-oder-kissen-607100	2026-10-02
https://luxestyle.ch/products/corduroy-kleid-mit-off-shoulder-design-628500	2026-10-02
https://luxestyle.ch/products/corduroy-loose-fit-hose-mit-elastischem-bund-612500	2026-10-02
https://luxestyle.ch/products/corduroy-loose-straight-bib-pants-damen-604300	2026-10-02
https://luxestyle.ch/products/corduroy-pullover-fur-herren-615800	2026-10-02
https://luxestyle.ch/products/corduroy-pullover-mit-baumwollfullung-627200	2026-10-02
https://luxestyle.ch/products/corduroy-shirt-mit-streifenkragen-lange-armel-637100	2026-10-02
https://luxestyle.ch/products/corduroy-straight-leg-hose-fur-damen-613400	2026-10-02
https://luxestyle.ch/products/corduroy-v-neck-button-down-shirt-639800	2026-10-02
https://luxestyle.ch/products/corduroy-v-neck-langarmshirt-mit-knopfen-612800	2026-10-02
https://luxestyle.ch/products/corduroy-weste-fur-herren-mit-patchwork-606400	2026-10-02
https://luxestyle.ch/products/corduroy-weste-im-preppy-stil-fur-herren-635500	2026-10-02
https://luxestyle.ch/products/corgeut-automatikuhr-mit-lederarmband-2461fc	2026-10-02
https://luxestyle.ch/products/corgi-spezial-geschirr-fur-brust-und-rucken-969728	2026-10-02
https://luxestyle.ch/products/cork-yoga-stab-629200	2026-10-02
https://luxestyle.ch/products/corn-fleece-tatami-kissen-c3c548	2026-10-02
https://luxestyle.ch/products/corn-perm-curler-993adc	2026-10-02
https://luxestyle.ch/products/cosmic-wandteppich-fd8887	2026-10-02
https://luxestyle.ch/products/cosmo-dog-sternenhimmel-projektionslampe-605200	2026-10-02
https://luxestyle.ch/products/cosplay-stiefel-aus-kunstleder-280832	2026-10-02
https://luxestyle.ch/products/coton-sweatpants-mit-distressed-finish-601000	2026-10-02
https://luxestyle.ch/products/coton-t-shirt-mit-wachsdruck-muster-630000	2026-10-02
https://luxestyle.ch/products/cottage-holzmodell-puzzle-629700	2026-10-02
https://luxestyle.ch/products/cotten-gestopfte-kleidung-fur-hunde-katzen-607700	2026-10-02
https://luxestyle.ch/products/cotton-baby-schuhe-41ff05	2026-10-02
https://luxestyle.ch/products/cotton-bettbezug-614900	2026-10-02
https://luxestyle.ch/products/cotton-bettwasche-set-610800	2026-10-02
https://luxestyle.ch/products/cotton-bolzen-fur-kleine-2cb327	2026-10-02
https://luxestyle.ch/products/cotton-candy-basketball-sneaker-fur-herren-593088	2026-10-02
https://luxestyle.ch/products/cotton-floral-hemden-603900	2026-10-02
https://luxestyle.ch/products/cotton-halsband-fur-hunde-525824	2026-10-02
https://luxestyle.ch/products/cotton-hemden-616100	2026-10-02
https://luxestyle.ch/products/cotton-kissenbezug-mit-einfachem-muster-627900	2026-10-02
https://luxestyle.ch/products/cotton-kleinkinderstiefel-966938	2026-10-02
https://luxestyle.ch/products/cotton-linien-kissenbezug-044032	2026-10-02
https://luxestyle.ch/products/cotton-socken-fur-kinder-1d0af5	2026-10-02
https://luxestyle.ch/products/countdown-glockchen-zum-finden-gottes-605000	2026-10-02
https://luxestyle.ch/products/countryside-flower-keramikgeschirr-handbemalt-864064	2026-10-02
https://luxestyle.ch/products/couple-sneakers-mit-graffiti-print-613500	2026-10-02
https://luxestyle.ch/products/cover-hair-pomade-fur-dichteres-haar-615200	2026-10-02
https://luxestyle.ch/products/cow-leather-handtasche-fur-herren-523392	2026-10-02
https://luxestyle.ch/products/cowboy-braun-fgabo54370	2026-10-02
https://luxestyle.ch/products/cowboy-halsband-fur-haustiere-b832c3	2026-10-02
https://luxestyle.ch/products/cowboy-hemd-fur-herren-616500	2026-10-02
https://luxestyle.ch/products/cowboy-hundegeschirr-im-westen-stil-2ecf61	2026-10-02
https://luxestyle.ch/products/cowboy-hut-girls-rosa-fgabo01438	2026-10-02
https://luxestyle.ch/products/cowboy-hut-girls-weiss-fgabo01437	2026-10-02
https://luxestyle.ch/products/cowboy-longsleeve-kleid-in-dunkelblau-618000	2026-10-02
https://luxestyle.ch/products/cowboy-reitstiefel-610300	2026-10-02
https://luxestyle.ch/products/cowboy-schwarz-fgabo54369	2026-10-02
https://luxestyle.ch/products/cowboy-welpen-gurtel-1449f1	2026-10-02
https://luxestyle.ch/products/cowboygilet-fgss7584	2026-10-02
https://luxestyle.ch/products/cowboyhut-braun-fga90493	2026-10-02
https://luxestyle.ch/products/cowboyhut-festival-fgabo44560	2026-10-02
https://luxestyle.ch/products/cowboyhut-fga901891	2026-10-02
https://luxestyle.ch/products/cowboyhut-fgabo04384	2026-10-02
https://luxestyle.ch/products/cowboyhut-jamie-schwarz-fgabo54391	2026-10-02
https://luxestyle.ch/products/cowboyhut-jamie-weiss-fgabo54392	2026-10-02
https://luxestyle.ch/products/cowboyhut-mit-metallverzierung-fga925495	2026-10-02
https://luxestyle.ch/products/cowboyhut-mit-nieten-fga901101	2026-10-02
https://luxestyle.ch/products/cowboyhut-mit-strass-fga92489	2026-10-02
https://luxestyle.ch/products/cowboyhut-mit-strassketten-fgack14102	2026-10-02
https://luxestyle.ch/products/cowboyhut-wyatt-deluxe-fgabo54389	2026-10-02
https://luxestyle.ch/products/cowherd-uv-glitzer-nagellack-586112	2026-10-02
https://luxestyle.ch/products/cowhide-belt-mit-goldschloss-625200	2026-10-02
https://luxestyle.ch/products/cowhide-messenger-tasche-mit-magnetverschluss-873024	2026-10-02
https://luxestyle.ch/products/cowhide-minimalist-vielseitige-schuhe-611100	2026-10-02
https://luxestyle.ch/products/cowhide-tasche-173824	2026-10-02
https://luxestyle.ch/products/cowhides-messenger-tasche-360192	2026-10-02
https://luxestyle.ch/products/cowhideschnur-fur-hunde-ae937d	2026-10-02
https://luxestyle.ch/products/cr-hilfs-farbabsorptionsmittel-fur-lippen-729664	2026-10-02
https://luxestyle.ch/products/cr2032-lithium-knopfzelle-3v-381698	2026-10-02
https://luxestyle.ch/products/craft-engine-whiskyflasche-633400	2026-10-02
https://luxestyle.ch/products/crayon-graffiti-hemd-632000	2026-10-02
https://luxestyle.ch/products/crazy-horse-leder-brusttasche-fur-herren-619600	2026-10-02
https://luxestyle.ch/products/crazy-horse-leder-ein-schulter-crossbody-tasch-646656	2026-10-02
https://luxestyle.ch/products/crazy-horse-leder-herren-gurteltasche-mit-hand-628200	2026-10-02
https://luxestyle.ch/products/crazy-horse-leder-retro-umhangetasche-630400	2026-10-02
https://luxestyle.ch/products/crazy-horse-leder-schultertasche-vintage-048192	2026-10-02
https://luxestyle.ch/products/crazy-horse-leder-umhangetasche-fur-herren-612500	2026-10-02
https://luxestyle.ch/products/crazy-horse-leder-vintage-handtasche-603100	2026-10-02
https://luxestyle.ch/products/cream-bomb-offner-636500	2026-10-02
https://luxestyle.ch/products/creative-bear-claw-shredder-2-stuck-f04ffb	2026-10-02
https://luxestyle.ch/products/creative-gaming-headset-mit-beleuchtung-619900	2026-10-02
https://luxestyle.ch/products/creative-speed-ford-fiesta-wrc-modellauto-042688	2026-10-02
https://luxestyle.ch/products/creative-touch-mini-usb-stick-mit-stylus-545024	2026-10-02
https://luxestyle.ch/products/creative-turbo-desktop-ventilator-schwarz-462912	2026-10-02
https://luxestyle.ch/products/creme-fur-chloasma-und-sommersprossen-624400	2026-10-02
https://luxestyle.ch/products/cremefarbene-aufbewahrungsbox-aus-kunststoff-636200	2026-10-02
https://luxestyle.ch/products/cremefarbener-blumenvorhang-fur-badezimmer-604600	2026-10-02
https://luxestyle.ch/products/cremefarbener-sofakissenbezug-mit-3d-stickerei-625200	2026-10-02
https://luxestyle.ch/products/cremig-weicher-kissenbezug-im-franzosischen-st-602800	2026-10-02
https://luxestyle.ch/products/creolen-ohrhanger-cascade-mit-tropfen-gold	2026-10-02
https://luxestyle.ch/products/crepe-und-fruhlingsrollenpfanne-mit-maifan-ste-622600	2026-10-02
https://luxestyle.ch/products/crew-neck-kurzarm-t-shirt-fur-herren-613000	2026-10-02
https://luxestyle.ch/products/crew-neck-pullover-604300	2026-10-02
https://luxestyle.ch/products/crew-neck-sweatshirt-626300	2026-10-02
https://luxestyle.ch/products/crimpzange-fur-dupont-stecker-620800	2026-10-02
https://luxestyle.ch/products/crimpzange-fur-federklemmen-0-03-0-5-mm-350208	2026-10-02
https://luxestyle.ch/products/crimpzange-set-fur-kabelschuhe-mit-kabelschnei-360064	2026-10-02
https://luxestyle.ch/products/crinkled-halterneck-jumpsuit-624600	2026-10-02
https://luxestyle.ch/products/crinkled-satin-schal-seidig-glatt-603800	2026-10-02
https://luxestyle.ch/products/crnaira-herren-quarzuhr-mit-milanaise-armband-099328	2026-10-02
https://luxestyle.ch/products/crochet-top-mit-blumenmuster-622700	2026-10-02
https://luxestyle.ch/products/croissant-horn-hoodie-fur-damen-605400	2026-10-02
https://luxestyle.ch/products/crop-bluse-mit-spitzkragen-und-herz-cutout-663490	2026-10-02
https://luxestyle.ch/products/cropped-blazer-damen-mit-pailletten-detail	2026-10-02
https://luxestyle.ch/products/cropped-harem-hosen-mit-stickerei-630800	2026-10-02
https://luxestyle.ch/products/cropped-hoodie-mit-buchstaben-druck-612600	2026-10-02
https://luxestyle.ch/products/cropped-hoodie-mit-integrierten-brustpolstern-611500	2026-10-02
https://luxestyle.ch/products/cropped-hoodie-mit-langen-armeln-632800	2026-10-02
https://luxestyle.ch/products/cropped-jeans-fur-herren-606000	2026-10-02
https://luxestyle.ch/products/cropped-pants-fur-herren-605500	2026-10-02
https://luxestyle.ch/products/cropped-pants-mit-patchwork-design-615300	2026-10-02
https://luxestyle.ch/products/cropped-straight-leg-jeans-mit-rissen-632600	2026-10-02
https://luxestyle.ch/products/cropped-sweatshirt-mit-knopfen-605100	2026-10-02
https://luxestyle.ch/products/cropped-wide-leg-jeans-mit-hoher-taille-601100	2026-10-02
https://luxestyle.ch/products/cross-border-hd-4k-dual-kamera-drohne-433024	2026-10-02
https://luxestyle.ch/products/cross-border-schulerrucksack-mit-geometrischem-090688	2026-10-02
https://luxestyle.ch/products/cross-buckle-hollow-pumps-aus-rindsleder-905152	2026-10-02
https://luxestyle.ch/products/cross-country-laufrucksack-mit-handyfach-200704	2026-10-02
https://luxestyle.ch/products/cross-country-outdoor-rucksack-20-35l-620096	2026-10-02
https://luxestyle.ch/products/cross-country-trinkrucksack-20l-065792	2026-10-02
https://luxestyle.ch/products/cross-mark-laser-distanzmessgerat-653100	2026-10-02
https://luxestyle.ch/products/cross-nail-silikonarmband-fur-apple-watch-621800	2026-10-02
https://luxestyle.ch/products/crossbody-bag-aus-vollleder-631500	2026-10-02
https://luxestyle.ch/products/crossbody-bag-baumwolle-schwarz-weiss-040384	2026-10-02
https://luxestyle.ch/products/crossbody-bag-freizeit-korean-wave-658176	2026-10-02
https://luxestyle.ch/products/crossbody-bag-herren-wasserdicht-robust-292160	2026-10-02
https://luxestyle.ch/products/crossbody-bag-im-street-style-489408	2026-10-02
https://luxestyle.ch/products/crossbody-bag-kleine-schultertasche-fur-herren-619500	2026-10-02
https://luxestyle.ch/products/crossbody-bag-one-shoulder-black-canvas-bag-vb-372480	2026-10-02
https://luxestyle.ch/products/crossbody-brusttasche-aus-vollleder-600500	2026-10-02
https://luxestyle.ch/products/crossbody-brusttasche-mit-usb-ladeanschluss-26c55e	2026-10-02
https://luxestyle.ch/products/crossbody-freizeittasche-mit-viel-stauraum-610100	2026-10-02
https://luxestyle.ch/products/crossbody-mini-rucksack-aus-leder-638600	2026-10-02
https://luxestyle.ch/products/crossbody-rucksack-aus-vollnarbenleder-606100	2026-10-02
https://luxestyle.ch/products/crossbody-schultertasche-fur-herren-314560	2026-10-02
https://luxestyle.ch/products/crossbody-schultertasche-fur-herren-907840	2026-10-02
https://luxestyle.ch/products/crossbody-sport-reisetasche-611700	2026-10-02
https://luxestyle.ch/products/crossbody-sports-anti-diebstahl-tasche-7cf664	2026-10-02
https://luxestyle.ch/products/crossbody-taktikweste-fur-paare-ski-tasche-330688	2026-10-02
https://luxestyle.ch/products/crossbody-tasche-holo-gold-fgabo36037	2026-10-02
https://luxestyle.ch/products/crossbody-tasche-holo-pink-fgabo36038	2026-10-02
https://luxestyle.ch/products/crossbody-tasche-nuit-elegant-im-vintage-look	2026-10-02
https://luxestyle.ch/products/crossbody-tasche-unisex-630300	2026-10-02
https://luxestyle.ch/products/crossover-sneaker-462912	2026-10-02
https://luxestyle.ch/products/crossover-tasche-fur-herren-615500	2026-10-02
https://luxestyle.ch/products/crrju-2164-quarz-herrenuhr-031488	2026-10-02
https://luxestyle.ch/products/crrju-chronograph-uhr-e8d097	2026-10-02
https://luxestyle.ch/products/crunches-hilfsseil-fur-yoga-fitness-732288	2026-10-02
https://luxestyle.ch/products/crushed-ice-blau-cubic-zirkonia-armreif-803201	2026-10-02
https://luxestyle.ch/products/crystal-cat-eye-mint-cloud-brocade-press-on-na-161280	2026-10-02
https://luxestyle.ch/products/crystal-color-lip-gloss-mit-perlglanz-441216	2026-10-02
https://luxestyle.ch/products/crystal-heeled-ultra-high-heel-sandalen-601000	2026-10-02
https://luxestyle.ch/products/crystal-jelly-lippenbalsam-spiegelglanz-pflege-824576	2026-10-02
https://luxestyle.ch/products/crystal-nail-extension-gel-636695	2026-10-02
https://luxestyle.ch/products/crystal-plateau-sandalen-625600	2026-10-02
https://luxestyle.ch/products/crystal-quick-dry-verlangerungsgel-set-15ml-931072	2026-10-02
https://luxestyle.ch/products/crystal-quicksand-make-up-pinselset-c28ec0	2026-10-02
https://luxestyle.ch/products/crystal-silk-polo-shirt-fur-sport-und-freizeit-612000	2026-10-02
https://luxestyle.ch/products/crystal-string-perlen-sandalen-753856	2026-10-02
https://luxestyle.ch/products/ctrs-5s-uv-led-lichthartungsgerat-616600	2026-10-02
https://luxestyle.ch/products/cub-bowl-futterstation-holz-2c0849	2026-10-02
https://luxestyle.ch/products/cuban-armband-mit-blauem-zirkonia-608200	2026-10-02
https://luxestyle.ch/products/cuban-kette-armband-615500	2026-10-02
https://luxestyle.ch/products/cuban-kette-mit-anhanger-637300	2026-10-02
https://luxestyle.ch/products/cuban-link-kette-633500	2026-10-02
https://luxestyle.ch/products/cuena-herrenuhr-wasserdicht-mit-kalender-894848	2026-10-02
https://luxestyle.ch/products/culotte-rock-aus-denim-638700	2026-10-02
https://luxestyle.ch/products/cupid-herz-engel-flugel-halskette-mit-zirkonia-879744	2026-10-02
https://luxestyle.ch/products/curling-iron-egg-roll-large-wave-clip-626200	2026-10-02
https://luxestyle.ch/products/curling-iron-mit-negativen-ionen-fur-wasserwel-636600	2026-10-02
https://luxestyle.ch/products/curling-mascara-613900	2026-10-02
https://luxestyle.ch/products/curvy-denim-shorts-mit-hoher-taille-637200	2026-10-02
https://luxestyle.ch/products/cushion-foundation-lsf-50-inkl-2-nachfullungen-614200	2026-10-02
https://luxestyle.ch/products/cute-king-star-einziehbare-leine-762176	2026-10-02
https://luxestyle.ch/products/cute-kissenkissen-606400	2026-10-02
https://luxestyle.ch/products/cutout-top-im-resort-stil-618300	2026-10-02
https://luxestyle.ch/products/cyber-style-mecha-unisex-rucksack-603200	2026-10-02
https://luxestyle.ch/products/cyber-wukong-mech-man-bausteine-629600	2026-10-02
https://luxestyle.ch/products/cyberpunk-auto-bausatz-041920	2026-10-02
https://luxestyle.ch/products/cycling-langarmshirt-mit-icecooling-fabric-609200	2026-10-02
https://luxestyle.ch/products/cycling-legbag-637300	2026-10-02
https://luxestyle.ch/products/cycplus-smart-herz-frequenz-gurt-fur-den-obera-f9a364	2026-10-02
https://luxestyle.ch/products/cylinder-mini-umhangetasche-595776	2026-10-02
https://luxestyle.ch/products/cytec-wireless-bluetooth-game-telescopic-handl-998848	2026-10-02
https://luxestyle.ch/products/d-formiger-lenkradbezug-aus-eisseide-612600	2026-10-02
https://luxestyle.ch/products/d-series-led-d2sd4s-autoscheinwerfer-629800	2026-10-02
https://luxestyle.ch/products/d-type-lenkradhulle-fur-alle-jahreszeiten-867392	2026-10-02
https://luxestyle.ch/products/d11-bluetooth-stretch-controller-fur-mobile-ga-612100	2026-10-02
https://luxestyle.ch/products/d11-smartwatch-mit-anruffunktion-621300	2026-10-02
https://luxestyle.ch/products/d16-mini-drohne-mit-dual-kamera-630700	2026-10-02
https://luxestyle.ch/products/d18-smart-armband-mit-herzfrequenzmesser-216960	2026-10-02
https://luxestyle.ch/products/d18-smartwatch-mit-farbdisplay-701568	2026-10-02
https://luxestyle.ch/products/d2-mikro-briefs-ohne-elastik-640385	2026-10-02
https://luxestyle.ch/products/d20-smart-health-armband-y68-sports-armband-046720	2026-10-02
https://luxestyle.ch/products/d28-sport-smart-armband-a8a811	2026-10-02
https://luxestyle.ch/products/d3-nackenkissen-mit-memory-schaum-287936	2026-10-02
https://luxestyle.ch/products/d5-column-rucksack-15l-kinder-camouflage-961280	2026-10-02
https://luxestyle.ch/products/d8pro-smartwatch-tws-headset-2-in-1-623000	2026-10-02
https://luxestyle.ch/products/d9-kabelloser-bluetooth-lautsprecher-mit-ladef-069696	2026-10-02
https://luxestyle.ch/products/daba-lash-wimpernserum-5-32ml-789696	2026-10-02
https://luxestyle.ch/products/dachankerhalterung-fur-absturzsicherung-618100	2026-10-02
https://luxestyle.ch/products/dachshund-bestickter-kissenbezug-133248	2026-10-02
https://luxestyle.ch/products/dachshund-couchtisch-aufbewahrungsbox-619600	2026-10-02
https://luxestyle.ch/products/dachshund-dekoration-890624	2026-10-02
https://luxestyle.ch/products/dackel-bestickter-hoodie-601400	2026-10-02
https://luxestyle.ch/products/dackel-kissenbezug-fur-dein-zuhause-621200	2026-10-02
https://luxestyle.ch/products/dackel-kissenhulle-mit-tiermuster-607300	2026-10-02
https://luxestyle.ch/products/dacr-quarzuhr-mit-kalenderanzeige-496448	2026-10-02
https://luxestyle.ch/products/dad-cap-selbst-gestalten	2026-10-02
https://luxestyle.ch/products/dad-ring-breiter-bandring-mit-gravur-608400	2026-10-02
https://luxestyle.ch/products/daddy-shoes-all-match-casual-white-sports-wome-540096	2026-10-02
https://luxestyle.ch/products/daddy-shoes-plateau-sneaker-862336	2026-10-02
https://luxestyle.ch/products/dahlias-galore-digitales-malset-786432	2026-10-02
https://luxestyle.ch/products/dai-pen-turbocharged-duschkopf-626700	2026-10-02
https://luxestyle.ch/products/daisyhome-samtkissen-kugelform-fur-stilvolles-112192	2026-10-02
https://luxestyle.ch/products/dallas-cowboy-hut-fga968565	2026-10-02
https://luxestyle.ch/products/dama-geflochtene-angelschnur-275m-de7181	2026-10-02
https://luxestyle.ch/products/damaskus-rose-feuchtigkeitspflege-mit-olreguli-624900	2026-10-02
https://luxestyle.ch/products/damen-3d-digital-print-hoodie-mit-kapuze-612500	2026-10-02
https://luxestyle.ch/products/damen-a-linie-tullrock-blumenmuster-600000	2026-10-02
https://luxestyle.ch/products/damen-a-linien-freizeitkleid-aus-baumwoll-lein-634100	2026-10-02
https://luxestyle.ch/products/damen-a-linien-kleid-fiorella-neckholder-bestickt	2026-10-02
https://luxestyle.ch/products/damen-a-linien-kleid-mit-ausgestellten-armeln-612800	2026-10-02
https://luxestyle.ch/products/damen-a-linien-kleid-mit-ausgestellten-armeln-618500	2026-10-02
https://luxestyle.ch/products/damen-a-linien-midikleid-mit-blumenmuster-613000	2026-10-02
https://luxestyle.ch/products/damen-a-linien-rock-set-mit-blumenmuster-627300	2026-10-02
https://luxestyle.ch/products/damen-a-linien-wave-neck-backless-kleid-mit-bi-630800	2026-10-02
https://luxestyle.ch/products/damen-anti-rutsch-leggings-fur-sport-fitness-629700	2026-10-02
https://luxestyle.ch/products/damen-arbeitshose-mit-destroyed-look-und-boden-638600	2026-10-02
https://luxestyle.ch/products/damen-armband-aus-edelstahl-mit-weissen-strass-628000	2026-10-02
https://luxestyle.ch/products/damen-armband-mit-grunem-diamant-631200	2026-10-02
https://luxestyle.ch/products/damen-armband-mit-kirschen-design-608200	2026-10-02
https://luxestyle.ch/products/damen-armband-mit-zirkonia-rund-637600	2026-10-02
https://luxestyle.ch/products/damen-armbanduhr-mit-diamant-akzenten-097408	2026-10-02
https://luxestyle.ch/products/damen-armbanduhr-mit-diamanten-und-quarz-835904	2026-10-02
https://luxestyle.ch/products/damen-armbanduhr-mit-lederarmband-094400	2026-10-02
https://luxestyle.ch/products/damen-armbanduhr-mit-magnetverschluss-b0fb12	2026-10-02
https://luxestyle.ch/products/damen-armbanduhr-mit-regenbogen-zifferblatt-265920	2026-10-02
https://luxestyle.ch/products/damen-armbanduhr-mit-stahlband-802944	2026-10-02
https://luxestyle.ch/products/damen-armbanduhr-mit-strass-und-quicksand-ziff-700352	2026-10-02
https://luxestyle.ch/products/damen-armelloses-t-shirt-mit-ruckenschnurung-617600	2026-10-02
https://luxestyle.ch/products/damen-armreif-mit-strass-besatz-633800	2026-10-02
https://luxestyle.ch/products/damen-atmungsaktives-3-4-arm-shirt-mit-mansche-616500	2026-10-02
https://luxestyle.ch/products/damen-automatikuhr-mit-silikonband-167616	2026-10-02
https://luxestyle.ch/products/damen-badeanzug-mit-print-und-cut-outs-608000	2026-10-02
https://luxestyle.ch/products/damen-baumwoll-leinen-hemd-625800	2026-10-02
https://luxestyle.ch/products/damen-baumwoll-leinen-hemd-mit-froschknopfen-623000	2026-10-02
https://luxestyle.ch/products/damen-baumwollhemd-mit-knopfleiste-626600	2026-10-02
https://luxestyle.ch/products/damen-beach-slides-mare-slip-on	2026-10-02
https://luxestyle.ch/products/damen-beach-slippers-mit-dicker-sohle-752896	2026-10-02
https://luxestyle.ch/products/damen-bedrucktes-freizeit-sweatshirt-613700	2026-10-02
https://luxestyle.ch/products/damen-bedrucktes-jeanshemd-mit-langen-armeln-620700	2026-10-02
https://luxestyle.ch/products/damen-besticktes-hoch-tailliertes-kurzarmkleid-632200	2026-10-02
https://luxestyle.ch/products/damen-bikini-maui-neckholder-floral	2026-10-02
https://luxestyle.ch/products/damen-bikini-set-203969	2026-10-02
https://luxestyle.ch/products/damen-bikini-set-400770	2026-10-02
https://luxestyle.ch/products/damen-bikini-sole-one-shoulder-cut-out	2026-10-02
https://luxestyle.ch/products/damen-bikini-sunset-front-zip-farbverlauf	2026-10-02
https://luxestyle.ch/products/damen-blazer-und-hose-mit-geradem-bein-612800	2026-10-02
https://luxestyle.ch/products/damen-blockabsatzschuhe-suede-peep-toe-625000	2026-10-02
https://luxestyle.ch/products/damen-blumen-print-neckholder-kleid-604300	2026-10-02
https://luxestyle.ch/products/damen-blumenkleid-mit-plissierter-taille-630600	2026-10-02
https://luxestyle.ch/products/damen-blumenprint-jumpsuit-620800	2026-10-02
https://luxestyle.ch/products/damen-bluse-aus-baumwoll-leinen-mix-609100	2026-10-02
https://luxestyle.ch/products/damen-bluse-mit-blumenmuster-und-kurzen-armeln-619200	2026-10-02
https://luxestyle.ch/products/damen-bluse-mit-laternenarmeln-625100	2026-10-02
https://luxestyle.ch/products/damen-bluse-mit-laternenarmeln-revers-632300	2026-10-02
https://luxestyle.ch/products/damen-bluse-mit-laternenarmeln-und-3d-druck-612700	2026-10-02
https://luxestyle.ch/products/damen-bluse-mit-print-630000	2026-10-02
https://luxestyle.ch/products/damen-bluse-mit-puffarmeln-und-bubikragen-621200	2026-10-02
https://luxestyle.ch/products/damen-bluse-mit-puffarmeln-und-schleife-636300	2026-10-02
https://luxestyle.ch/products/damen-bluse-mit-ruschen-und-puffarmeln-621100	2026-10-02
https://luxestyle.ch/products/damen-bluse-mit-v-ausschnitt-puffarmeln-600300	2026-10-02
https://luxestyle.ch/products/damen-blusenkleid-mit-taschen-und-kurzen-armel-620500	2026-10-02
https://luxestyle.ch/products/damen-body-mit-spitze-und-cut-outs-609600	2026-10-02
https://luxestyle.ch/products/damen-bodycon-kleid-mit-langen-armeln-602500	2026-10-02
https://luxestyle.ch/products/damen-bodycon-minikleid-mit-rollkragen-und-ruc-615300	2026-10-02
https://luxestyle.ch/products/damen-bootcut-jeans-mit-geradem-bein-617900	2026-10-02
https://luxestyle.ch/products/damen-bootcut-jeanshose-mit-engem-schnitt-614500	2026-10-02
https://luxestyle.ch/products/damen-booties-mit-massiver-sohle-winterfest-634300	2026-10-02
https://luxestyle.ch/products/damen-boots-mit-klobigem-absatz-614000	2026-10-02
https://luxestyle.ch/products/damen-button-up-shirt-v-ausschnitt-3-4-arm-plu-605900	2026-10-02
https://luxestyle.ch/products/damen-camisole-aus-ramie-baumwolle-612000	2026-10-02
https://luxestyle.ch/products/damen-camisole-mit-knopfen-621100	2026-10-02
https://luxestyle.ch/products/damen-canvas-plateau-sandalen-mit-bast-654208	2026-10-02
https://luxestyle.ch/products/damen-canvas-plateau-sneaker-261120	2026-10-02
https://luxestyle.ch/products/damen-canvas-schuhe-ohne-absatz-311296	2026-10-02
https://luxestyle.ch/products/damen-cape-mit-ethno-muster-und-warme-funktion-602100	2026-10-02
https://luxestyle.ch/products/damen-caprihose-mit-roll-up-und-knopfen-612900	2026-10-02
https://luxestyle.ch/products/damen-caprihose-mit-tiefem-bund-und-patchwork-633300	2026-10-02
https://luxestyle.ch/products/damen-cardigan-langarm-einfarbig-624400	2026-10-02
https://luxestyle.ch/products/damen-cardigan-mit-kapuze-und-lantern-arm-502466	2026-10-02
https://luxestyle.ch/products/damen-cardigan-mit-spitze-und-reissverschluss-625500	2026-10-02
https://luxestyle.ch/products/damen-carmen-top-mit-ruschentragern-613500	2026-10-02
https://luxestyle.ch/products/damen-casual-baumwoll-leinen-kleid-632900	2026-10-02
https://luxestyle.ch/products/damen-casual-flache-strandschuhe-604200	2026-10-02
https://luxestyle.ch/products/damen-casual-hollow-weave-schuhe-mit-dicker-so-633600	2026-10-02
https://luxestyle.ch/products/damen-casual-hoodie-mit-reissverschluss-in-ein-630000	2026-10-02
https://luxestyle.ch/products/damen-casual-leinenkleid-mit-ausgestellten-arm-629500	2026-10-02
https://luxestyle.ch/products/damen-casual-multifunktionsrock-617400	2026-10-02
https://luxestyle.ch/products/damen-casual-patchwork-bluse-lockere-passform-636700	2026-10-02
https://luxestyle.ch/products/damen-casual-plateau-sandalen-mit-hohem-absatz-625100	2026-10-02
https://luxestyle.ch/products/damen-cat-paw-print-flauschiges-sweatshirt-626200	2026-10-02
https://luxestyle.ch/products/damen-chiffon-cardigan-mit-dreiviertelarmeln-603800	2026-10-02
https://luxestyle.ch/products/damen-chiffon-kleid-capri-resort-fliessend	2026-10-02
https://luxestyle.ch/products/damen-chiffon-kleid-mit-halter-neck-und-stufen-609900	2026-10-02
https://luxestyle.ch/products/damen-chiffon-neckholder-kleid-611800	2026-10-02
https://luxestyle.ch/products/damen-chiffon-off-shoulder-mini-kleid-606900	2026-10-02
https://luxestyle.ch/products/damen-chunky-sandalen-mit-hohem-absatz-531328	2026-10-02
https://luxestyle.ch/products/damen-color-block-freizeit-sneaker-614300	2026-10-02
https://luxestyle.ch/products/damen-color-block-langarm-shirt-mit-slim-fit-2-633300	2026-10-02
https://luxestyle.ch/products/damen-color-block-pullover-aus-wollmischung-603000	2026-10-02
https://luxestyle.ch/products/damen-color-block-slip-dress-mit-v-ausschnitt-635500	2026-10-02
https://luxestyle.ch/products/damen-color-block-sweatshirt-dick-gefuttert-624200	2026-10-02
https://luxestyle.ch/products/damen-colorblock-pullover-mit-rundhals-und-tas-613900	2026-10-02
https://luxestyle.ch/products/damen-cord-hoodie-mit-3d-weihnachtsbaum-print-639200	2026-10-02
https://luxestyle.ch/products/damen-crossbody-rucksack-eine-schulter-926272	2026-10-02
https://luxestyle.ch/products/damen-daunen-baumwollweste-616400	2026-10-02
https://luxestyle.ch/products/damen-daunenmantel-mittellang-weiss-607900	2026-10-02
https://luxestyle.ch/products/damen-denim-latzhose-im-workwear-stil-608600	2026-10-02
https://luxestyle.ch/products/damen-denim-rock-midi-sexy-cool-602100	2026-10-02
https://luxestyle.ch/products/damen-digitaldruck-pullover-617700	2026-10-02
https://luxestyle.ch/products/damen-einfarbig-sexy-halter-jumpsuit-609000	2026-10-02
https://luxestyle.ch/products/damen-einfarbiger-v-ausschnitt-langarm-pullove-603600	2026-10-02
https://luxestyle.ch/products/damen-etuikleid-mit-ruschenarmeln-618500	2026-10-02
https://luxestyle.ch/products/damen-fashion-stiefel-mit-warmer-futterung-062336	2026-10-02
https://luxestyle.ch/products/damen-faux-denim-v-neck-shirt-625000	2026-10-02
https://luxestyle.ch/products/damen-fischerhut-mit-breiter-krempe-610500	2026-10-02
https://luxestyle.ch/products/damen-fitness-hose-mit-taschen-612200	2026-10-02
https://luxestyle.ch/products/damen-flache-sandalen-mit-riemen-627400	2026-10-02
https://luxestyle.ch/products/damen-flache-sandalen-mit-strass-621200	2026-10-02
https://luxestyle.ch/products/damen-flanell-kapuzenpullover-628300	2026-10-02
https://luxestyle.ch/products/damen-flanell-kapuzenpullover-fur-herbst-und-w-611600	2026-10-02
https://luxestyle.ch/products/damen-flared-wide-leg-jeans-604100	2026-10-02
https://luxestyle.ch/products/damen-fleece-cardigan-mit-kapuze-619600	2026-10-02
https://luxestyle.ch/products/damen-fleece-gefutterte-5-finger-handschuhe-639900	2026-10-02
https://luxestyle.ch/products/damen-fleece-jumpsuit-langarm-overall-639700	2026-10-02
https://luxestyle.ch/products/damen-fleece-rollkragenpullover-625800	2026-10-02
https://luxestyle.ch/products/damen-flip-flops-mit-cut-outs-626100	2026-10-02
https://luxestyle.ch/products/damen-flip-flops-mit-flacher-sohle-627100	2026-10-02
https://luxestyle.ch/products/damen-flyknit-mesh-sneaker-mit-luftpolster-609900	2026-10-02
https://luxestyle.ch/products/damen-flyknit-peep-toe-sandalen-mit-dicker-soh-636900	2026-10-02
https://luxestyle.ch/products/damen-franzosisch-vintage-blau-hemd-615100	2026-10-02
https://luxestyle.ch/products/damen-freizeit-baumwolljacke-mit-knopfen-606600	2026-10-02
https://luxestyle.ch/products/damen-freizeit-halbschuhe-aus-leder-494336	2026-10-02
https://luxestyle.ch/products/damen-freizeit-hemd-set-aus-baumwoll-mix-610900	2026-10-02
https://luxestyle.ch/products/damen-freizeit-mesh-flyknit-laufschuh-415232	2026-10-02
https://luxestyle.ch/products/damen-freizeit-oberteil-mit-3d-muster-615000	2026-10-02
https://luxestyle.ch/products/damen-freizeit-sneaker-mit-kreuzriemen-085696	2026-10-02
https://luxestyle.ch/products/damen-freizeit-top-mit-langen-armeln-und-panee-608800	2026-10-02
https://luxestyle.ch/products/damen-freizeit-top-mit-rundhals-und-7-8-armeln-624800	2026-10-02
https://luxestyle.ch/products/damen-freizeithose-aus-polyester-d91d67	2026-10-02
https://luxestyle.ch/products/damen-freizeitjacke-mit-print-638900	2026-10-02
https://luxestyle.ch/products/damen-freizeitjacke-mit-reissverschluss-623400	2026-10-02
https://luxestyle.ch/products/damen-freizeitkleid-mit-v-ausschnitt-und-schle-601000	2026-10-02
https://luxestyle.ch/products/damen-geburtsstein-ring-627800	2026-10-02
https://luxestyle.ch/products/damen-gedrucktes-hemd-616000	2026-10-02
https://luxestyle.ch/products/damen-gepolsterte-kniepolster-fur-laufschuhe-m-606700	2026-10-02
https://luxestyle.ch/products/damen-glitzernder-zirkon-muschel-anhanger-610100	2026-10-02
https://luxestyle.ch/products/damen-gurtel-im-mittelalter-stil-604200	2026-10-02
https://luxestyle.ch/products/damen-gurtel-mit-leoparden-print-639400	2026-10-02
https://luxestyle.ch/products/damen-gurtel-mit-stern-schnalle-634000	2026-10-02
https://luxestyle.ch/products/damen-halbslipper-mit-verdecktem-keilabsatz-636160	2026-10-02
https://luxestyle.ch/products/damen-half-zip-hoodie-top-mit-geometrischem-mu-607200	2026-10-02
https://luxestyle.ch/products/damen-halterneck-crop-top-mit-3d-print-635800	2026-10-02
https://luxestyle.ch/products/damen-halterneck-patchwork-kleid-602200	2026-10-02
https://luxestyle.ch/products/damen-halterneck-shirt-mit-langen-armeln-632500	2026-10-02
https://luxestyle.ch/products/damen-halterneck-top-mit-spitze-und-ruschen-617000	2026-10-02
https://luxestyle.ch/products/damen-handschuhe-aus-echtem-leder-610200	2026-10-02
https://luxestyle.ch/products/damen-handschuhe-aus-schafsleder-touchscreen-656800	2026-10-02
https://luxestyle.ch/products/damen-hanfseil-plateau-sandalen-999232	2026-10-02
https://luxestyle.ch/products/damen-hantelpaar-aus-silikon-403008	2026-10-02
https://luxestyle.ch/products/damen-heavy-duty-spitzen-gurtel-mit-ruschen-625200	2026-10-02
https://luxestyle.ch/products/damen-hemd-631800	2026-10-02
https://luxestyle.ch/products/damen-hemd-aus-baumwoll-leinen-mix-602000	2026-10-02
https://luxestyle.ch/products/damen-hemd-mit-bindegurtel-blau-kariert-620900	2026-10-02
https://luxestyle.ch/products/damen-hemd-mit-brusttasche-und-seidensatin-tex-615200	2026-10-02
https://luxestyle.ch/products/damen-hemd-mit-puffarmeln-und-karomuster-606800	2026-10-02
https://luxestyle.ch/products/damen-hemd-mit-reverskragen-606300	2026-10-02
https://luxestyle.ch/products/damen-hemd-mit-reverskragen-und-3d-effekt-617800	2026-10-02
https://luxestyle.ch/products/damen-hemd-mit-reverskragen-und-knopfleiste-629900	2026-10-02
https://luxestyle.ch/products/damen-hemdkleid-mit-dreiviertelarmeln-633200	2026-10-02
https://luxestyle.ch/products/damen-herbst-winter-lace-trailing-kleid-601200	2026-10-02
https://luxestyle.ch/products/damen-herbst-winter-strickkleid-mit-schlitz-615300	2026-10-02
https://luxestyle.ch/products/damen-herbstschuhe-grossen-35-42-605200	2026-10-02
https://luxestyle.ch/products/damen-herren-laufschuhe-atmungsaktiv-casual-904128	2026-10-02
https://luxestyle.ch/products/damen-high-heel-sandalette-capri-offene-spitze	2026-10-02
https://luxestyle.ch/products/damen-high-top-sneaker-mit-verstecktem-keilabs-628200	2026-10-02
https://luxestyle.ch/products/damen-high-top-stiefel-aus-wildleder-612300	2026-10-02
https://luxestyle.ch/products/damen-high-waist-ripped-stretch-jeans-634100	2026-10-02
https://luxestyle.ch/products/damen-hip-hop-gliederkette-uhr-mit-strass-044160	2026-10-02
https://luxestyle.ch/products/damen-hochkragen-halbzipfel-basisschicht-langa-616700	2026-10-02
https://luxestyle.ch/products/damen-hoodie-aus-doppelseitigem-coral-fleece-634600	2026-10-02
https://luxestyle.ch/products/damen-hoodie-aus-nerzimitat-fell-637200	2026-10-02
https://luxestyle.ch/products/damen-hoodie-bequem-mit-taschen-und-langarm-610500	2026-10-02
https://luxestyle.ch/products/damen-hoodie-einfarbig-locker-lassig-056193	2026-10-02
https://luxestyle.ch/products/damen-hoodie-im-dark-style-605200	2026-10-02
https://luxestyle.ch/products/damen-hoodie-im-koreanischen-stil-mit-schleife-603900	2026-10-02
https://luxestyle.ch/products/damen-hoodie-mit-3d-digital-print-607700	2026-10-02
https://luxestyle.ch/products/damen-hoodie-mit-3d-digitaldruck-624900	2026-10-02
https://luxestyle.ch/products/damen-hoodie-mit-3d-effekt-und-kunstfell-619300	2026-10-02
https://luxestyle.ch/products/damen-hoodie-mit-ahornblatt-camouflage-print-605000	2026-10-02
https://luxestyle.ch/products/damen-hoodie-mit-american-cross-print-600100	2026-10-02
https://luxestyle.ch/products/damen-hoodie-mit-herz-print-639700	2026-10-02
https://luxestyle.ch/products/damen-hoodie-mit-print-aus-weichem-wollmix-618400	2026-10-02
https://luxestyle.ch/products/damen-hoodie-mit-rundhals-und-farbblocken-634900	2026-10-02
https://luxestyle.ch/products/damen-hoodie-mit-rundhals-und-relaxed-fit-630600	2026-10-02
https://luxestyle.ch/products/damen-hoodie-slim-fit-rundhals-einfarbig-634800	2026-10-02
https://luxestyle.ch/products/damen-jacke-gold-mit-glitzer-fgssck4676	2026-10-02
https://luxestyle.ch/products/damen-jacke-rosa-mit-glitzer-fgssck4677	2026-10-02
https://luxestyle.ch/products/damen-jacke-silbrig-mit-glitzer-fgssck4675	2026-10-02
https://luxestyle.ch/products/damen-jacquard-knopf-spitzenhemd-605400	2026-10-02
https://luxestyle.ch/products/damen-jeans-mit-dopamin-print-611000	2026-10-02
https://luxestyle.ch/products/damen-jeansrock-mit-knopfleiste-639500	2026-10-02
https://luxestyle.ch/products/damen-jumpsuit-denim-einzelschulter-weites-bei-600300	2026-10-02
https://luxestyle.ch/products/damen-jumpsuit-mit-blumenprint-und-weitem-bein-627700	2026-10-02
https://luxestyle.ch/products/damen-jumpsuit-mit-digitaldruck-und-langen-hos-616600	2026-10-02
https://luxestyle.ch/products/damen-jumpsuit-mit-digitalem-print-610200	2026-10-02
https://luxestyle.ch/products/damen-jumpsuit-mit-print-und-hohem-bund-627800	2026-10-02
https://luxestyle.ch/products/damen-jumpsuit-mit-print-und-spaghettitragern-620100	2026-10-02
https://luxestyle.ch/products/damen-jumpsuit-mit-spitze-und-ruckenausschnitt-608000	2026-10-02
https://luxestyle.ch/products/damen-jumpsuit-mit-v-ausschnitt-und-neckholder-629800	2026-10-02
https://luxestyle.ch/products/damen-jumpsuit-mit-weitem-bein-622200	2026-10-02
https://luxestyle.ch/products/damen-jumpsuit-mit-weitem-bein-630700	2026-10-02
https://luxestyle.ch/products/damen-jumpsuit-mit-weitem-bein-und-print-618600	2026-10-02
https://luxestyle.ch/products/damen-kapuzen-sweatshirt-mit-blumenprint-608700	2026-10-02
https://luxestyle.ch/products/damen-kapuzenjacke-fleece-loose-fit-635200	2026-10-02
https://luxestyle.ch/products/damen-kapuzenpullover-mit-blumenprint-606900	2026-10-02
https://luxestyle.ch/products/damen-kapuzenpullover-mit-fleece-futter-639200	2026-10-02
https://luxestyle.ch/products/damen-kapuzenpullover-mit-langen-armeln-621500	2026-10-02
https://luxestyle.ch/products/damen-kapuzenpullover-mit-print-600400	2026-10-02
https://luxestyle.ch/products/damen-kapuzenpullover-mit-prinzessarmeln-622300	2026-10-02
https://luxestyle.ch/products/damen-kapuzenpullover-mit-reissverschluss-625200	2026-10-02
https://luxestyle.ch/products/damen-kapuzenpullover-mit-streifenmuster-623200	2026-10-02
https://luxestyle.ch/products/damen-kapuzenpullover-mit-weihnachtsmotiv-626900	2026-10-02
https://luxestyle.ch/products/damen-kapuzenpullover-mit-zebra-print-601100	2026-10-02
https://luxestyle.ch/products/damen-kardigan-mit-kunstfell-kapuze-604600	2026-10-02
https://luxestyle.ch/products/damen-karo-print-hoodie-628600	2026-10-02
https://luxestyle.ch/products/damen-keilabsatz-sandalen-mit-farbblock-design-614700	2026-10-02
https://luxestyle.ch/products/damen-keilsandalen-mit-blumenmuster-900736	2026-10-02
https://luxestyle.ch/products/damen-kleid-aria-cut-out-einfarbig	2026-10-02
https://luxestyle.ch/products/damen-kleid-mit-farbverlauf-und-cut-outs-615900	2026-10-02
https://luxestyle.ch/products/damen-kleid-mit-patchwork-print-638500	2026-10-02
https://luxestyle.ch/products/damen-kleid-mit-puffarmeln-und-polka-dots-610000	2026-10-02
https://luxestyle.ch/products/damen-kleid-mit-puffarmeln-und-taillengurtel-613900	2026-10-02
https://luxestyle.ch/products/damen-kleid-mit-puffarmeln-und-taillierung-621700	2026-10-02
https://luxestyle.ch/products/damen-kleid-mit-rundhals-und-print-637600	2026-10-02
https://luxestyle.ch/products/damen-kleid-mit-ruschen-und-rundhals-635300	2026-10-02
https://luxestyle.ch/products/damen-kleid-mit-spitze-und-farbblock-print-636300	2026-10-02
https://luxestyle.ch/products/damen-kleid-mit-streifen-und-fishtail-saum-631700	2026-10-02
https://luxestyle.ch/products/damen-komfort-sandalen-estate-elastik-riemen	2026-10-02
https://luxestyle.ch/products/damen-kunstpelz-patchwork-mantel-635800	2026-10-02
https://luxestyle.ch/products/damen-kurzarm-elegant-kleid-605400	2026-10-02
https://luxestyle.ch/products/damen-kurzarm-shirt-leicht-und-elegant-630100	2026-10-02
https://luxestyle.ch/products/damen-kurzarmhemd-mit-streifenmuster-629600	2026-10-02
https://luxestyle.ch/products/damen-kurzarmkleid-mit-lanternenarmeln-und-fra-614200	2026-10-02
https://luxestyle.ch/products/damen-kurzbluse-mit-rundhals-und-knopfleiste-609800	2026-10-02
https://luxestyle.ch/products/damen-lace-patchwork-kleid-mit-knopfleiste-633000	2026-10-02
https://luxestyle.ch/products/damen-lace-top-herbst-elegant-und-luxurios-628100	2026-10-02
https://luxestyle.ch/products/damen-langarm-bluse-mit-schleife-624300	2026-10-02
https://luxestyle.ch/products/damen-langarm-bodysuit-mit-herz-print-614400	2026-10-02
https://luxestyle.ch/products/damen-langarm-christmas-print-sweatshirt-612400	2026-10-02
https://luxestyle.ch/products/damen-langarm-hemdbluse-mit-krawatte-602300	2026-10-02
https://luxestyle.ch/products/damen-langarm-kleid-mit-metallic-streifen-638600	2026-10-02
https://luxestyle.ch/products/damen-langarm-kleid-slim-fit-a-linie-600600	2026-10-02
https://luxestyle.ch/products/damen-langarm-rollkragenkleid-mit-ruschensaum-621000	2026-10-02
https://luxestyle.ch/products/damen-langarm-satinbluse-in-weiss-613400	2026-10-02
https://luxestyle.ch/products/damen-langarm-satinhemd-mit-druck-631600	2026-10-02
https://luxestyle.ch/products/damen-langarm-shirt-mit-spitze-606800	2026-10-02
https://luxestyle.ch/products/damen-langarm-strickpullover-mit-bunten-streif-619200	2026-10-02
https://luxestyle.ch/products/damen-langarm-sweatshirt-mit-print-608400	2026-10-02
https://luxestyle.ch/products/damen-langarm-top-aus-gold-samt-611400	2026-10-02
https://luxestyle.ch/products/damen-langarm-top-mit-blumenmuster-609300	2026-10-02
https://luxestyle.ch/products/damen-langarm-top-mit-breiten-schultern-622700	2026-10-02
https://luxestyle.ch/products/damen-langarm-top-mit-knopfen-in-ubergrossen-621900	2026-10-02
https://luxestyle.ch/products/damen-langarm-top-mit-puppenkragen-und-knopfen-605700	2026-10-02
https://luxestyle.ch/products/damen-langarm-top-mit-spitzenruschen-612800	2026-10-02
https://luxestyle.ch/products/damen-langarm-v-ausschnitt-badeanzug-607900	2026-10-02
https://luxestyle.ch/products/damen-langarm-weiten-shirt-606300	2026-10-02
https://luxestyle.ch/products/damen-langarmhemd-mit-reverskragen-637700	2026-10-02
https://luxestyle.ch/products/damen-langarmhemd-mit-stickerei-620100	2026-10-02
https://luxestyle.ch/products/damen-langarmhemd-mit-streifen-618500	2026-10-02
https://luxestyle.ch/products/damen-langarmhemd-mit-umlegekragen-grosse-gros-639100	2026-10-02
https://luxestyle.ch/products/damen-langarmkleid-aus-polyester-608800	2026-10-02
https://luxestyle.ch/products/damen-langarmkleid-mit-gespitzter-silhouette-622300	2026-10-02
https://luxestyle.ch/products/damen-langarmkleid-mit-taille-610300	2026-10-02
https://luxestyle.ch/products/damen-langarmlos-kleid-einzelseiten-624800	2026-10-02
https://luxestyle.ch/products/damen-langarmshirt-herbst-winter-614300	2026-10-02
https://luxestyle.ch/products/damen-langarmshirt-mit-blumenmuster-623800	2026-10-02
https://luxestyle.ch/products/damen-langarmshirt-mit-blumenmuster-und-rusche-609400	2026-10-02
https://luxestyle.ch/products/damen-langarmshirt-mit-blumenprint-608100	2026-10-02
https://luxestyle.ch/products/damen-langarmshirt-mit-leoparden-patchwork-605500	2026-10-02
https://luxestyle.ch/products/damen-langarmshirt-mit-pflanzenmuster-615600	2026-10-02
https://luxestyle.ch/products/damen-langarmshirt-mit-plissee-saum-614900	2026-10-02
https://luxestyle.ch/products/damen-langarmshirt-mit-print-und-uv-schutz-602600	2026-10-02
https://luxestyle.ch/products/damen-langarmshirt-mit-v-ausschnitt-610200	2026-10-02
https://luxestyle.ch/products/damen-langarmshirt-mit-v-ausschnitt-und-sticke-616500	2026-10-02
https://luxestyle.ch/products/damen-lassiger-druck-sweatshirt-langarm-635400	2026-10-02
https://luxestyle.ch/products/damen-lauf-und-wanderschuhe-aus-leder-681920	2026-10-02
https://luxestyle.ch/products/damen-laufschuhe-689664	2026-10-02
https://luxestyle.ch/products/damen-leder-schnurschuhe-mit-dicker-sohle-032192	2026-10-02
https://luxestyle.ch/products/damen-leder-slipper-mit-weicher-sohle-636600	2026-10-02
https://luxestyle.ch/products/damen-leder-sneaker-mit-klettverschluss-365824	2026-10-02
https://luxestyle.ch/products/damen-ledergurtel-fur-jeans-und-hosen-636800	2026-10-02
https://luxestyle.ch/products/damen-ledersandalen-mit-schnalle-879616	2026-10-02
https://luxestyle.ch/products/damen-lederschuhe-mit-lochmuster-607600	2026-10-02
https://luxestyle.ch/products/damen-leggings-hochtaillierte-dick-klassische-614900	2026-10-02
https://luxestyle.ch/products/damen-leggings-mit-farbigen-3d-blumenprints-631800	2026-10-02
https://luxestyle.ch/products/damen-leggings-mit-tier-print-fur-fruhling-her-612800	2026-10-02
https://luxestyle.ch/products/damen-leinen-baumwollkleid-mit-ruckenausschnit-638500	2026-10-02
https://luxestyle.ch/products/damen-leinenhemd-langarm-luftig-lassig-601100	2026-10-02
https://luxestyle.ch/products/damen-loafer-mit-eckiger-zehenpartie-602300	2026-10-02
https://luxestyle.ch/products/damen-locker-crew-neck-strickpullover-635300	2026-10-02
https://luxestyle.ch/products/damen-loose-sweatshirt-mit-3d-digitaldruck-634800	2026-10-02
https://luxestyle.ch/products/damen-loungewear-set-cozy-hoodie-hose	2026-10-02
https://luxestyle.ch/products/damen-low-cut-pumps-mit-zufallsdrucken-und-blo-612700	2026-10-02
https://luxestyle.ch/products/damen-mantel-mit-3d-digitaldruck-und-rundhals-621500	2026-10-02
https://luxestyle.ch/products/damen-maxikleid-mit-3d-druckarmeln-632800	2026-10-02
https://luxestyle.ch/products/damen-maxikleid-mit-blumenprint-638300	2026-10-02
https://luxestyle.ch/products/damen-maxikleid-mit-leopardenprint-und-schnuru-630000	2026-10-02
https://luxestyle.ch/products/damen-maxikleid-mit-print-619100	2026-10-02
https://luxestyle.ch/products/damen-maxikleid-sirena-seitenschlitz-einfarbig	2026-10-02
https://luxestyle.ch/products/damen-maxirock-mit-print-und-taschen-610400	2026-10-02
https://luxestyle.ch/products/damen-mesh-ankle-boots-mit-cut-outs-639100	2026-10-02
https://luxestyle.ch/products/damen-mesh-kleid-mit-quasten-und-v-ausschnitt-616200	2026-10-02
https://luxestyle.ch/products/damen-mesh-sandalen-mit-stickerei-608800	2026-10-02
https://luxestyle.ch/products/damen-mesh-sneaker-mit-keilabsatz-617344	2026-10-02
https://luxestyle.ch/products/damen-mesh-top-mit-tupfenarmeln-623900	2026-10-02
https://luxestyle.ch/products/damen-mid-length-cardigan-mantel-aus-wolle-610000	2026-10-02
https://luxestyle.ch/products/damen-midi-kleid-aus-wildlederimitat-mit-rusch-626100	2026-10-02
https://luxestyle.ch/products/damen-midi-kleid-mit-blumenprint-schlitz-613800	2026-10-02
https://luxestyle.ch/products/damen-midi-rock-mit-print-und-gurtel-630800	2026-10-02
https://luxestyle.ch/products/damen-midikleid-mit-blumenmuster-und-taillengu-611000	2026-10-02
https://luxestyle.ch/products/damen-minikleid-im-retro-western-stil-629500	2026-10-02
https://luxestyle.ch/products/damen-minikleid-mit-schnurung-und-pailletten-637600	2026-10-02
https://luxestyle.ch/products/damen-minirock-mit-hoher-taille-629600	2026-10-02
https://luxestyle.ch/products/damen-mode-casual-retro-sneaker-225600	2026-10-02
https://luxestyle.ch/products/damen-munzborse-626900	2026-10-02
https://luxestyle.ch/products/damen-nahtloses-unsichtbares-unterhemd-603600	2026-10-02
https://luxestyle.ch/products/damen-neckholder-badeanzug-mit-ruckenausschnit-606600	2026-10-02
https://luxestyle.ch/products/damen-neckholder-badekleid-mit-blumenmuster-616900	2026-10-02
https://luxestyle.ch/products/damen-neckholder-kleid-mit-v-ausschnitt-635300	2026-10-02
https://luxestyle.ch/products/damen-neckholder-top-mit-polka-dots-601300	2026-10-02
https://luxestyle.ch/products/damen-oberteil-mit-blumenmuster-und-ruschenarm-618000	2026-10-02
https://luxestyle.ch/products/damen-oberteil-mit-spitze-und-fledermausarmeln-608300	2026-10-02
https://luxestyle.ch/products/damen-off-shoulder-a-linien-kleid-638300	2026-10-02
https://luxestyle.ch/products/damen-off-shoulder-etuikleid-mit-blumenprint-635900	2026-10-02
https://luxestyle.ch/products/damen-off-shoulder-halterneck-tank-top-605500	2026-10-02
https://luxestyle.ch/products/damen-off-shoulder-langarm-weit-schnittkleid-637100	2026-10-02
https://luxestyle.ch/products/damen-off-shoulder-maxikleid-mit-schlitz-600000	2026-10-02
https://luxestyle.ch/products/damen-off-shoulder-puffarmel-midikleid-606000	2026-10-02
https://luxestyle.ch/products/damen-off-shoulder-spitzenkleid-mit-print-629400	2026-10-02
https://luxestyle.ch/products/damen-ohrringe-mit-zirkonia-zweifarbig-611300	2026-10-02
https://luxestyle.ch/products/damen-one-shoulder-plissee-kleid-623400	2026-10-02
https://luxestyle.ch/products/damen-open-toe-stilettos-mit-schleifen-detail-635300	2026-10-02
https://luxestyle.ch/products/damen-outdoor-sandalen-im-romischen-stil-631400	2026-10-02
https://luxestyle.ch/products/damen-outdoor-sandalen-mit-schleife-611500	2026-10-02
https://luxestyle.ch/products/damen-outdoor-sport-leggings-blickdicht-626100	2026-10-02
https://luxestyle.ch/products/damen-oversized-fleece-sweatshirt-mit-kapuze-600500	2026-10-02
https://luxestyle.ch/products/damen-pailletten-bandeau-kleid-608700	2026-10-02
https://luxestyle.ch/products/damen-pantoletten-aus-rindsleder-277120	2026-10-02
https://luxestyle.ch/products/damen-pantoletten-mit-9cm-plateausohle-607300	2026-10-02
https://luxestyle.ch/products/damen-pantoletten-mit-blockabsatz-601600	2026-10-02
https://luxestyle.ch/products/damen-pantoletten-mit-chunky-absatz-611900	2026-10-02
https://luxestyle.ch/products/damen-pantoletten-mit-farbigen-strass-steinen-614700	2026-10-02
https://luxestyle.ch/products/damen-pantoletten-mit-kette-und-u-knopf-184320	2026-10-02
https://luxestyle.ch/products/damen-patchwork-anzugweste-621200	2026-10-02
https://luxestyle.ch/products/damen-peep-toe-sandalen-mit-lochmuster-613500	2026-10-02
https://luxestyle.ch/products/damen-pinstripe-wide-leg-hose-617800	2026-10-02
https://luxestyle.ch/products/damen-plateau-high-top-canvas-sneaker-327552	2026-10-02
https://luxestyle.ch/products/damen-plateau-low-top-canvas-schuhe-155776	2026-10-02
https://luxestyle.ch/products/damen-plateau-low-top-freizeitschuh-492032	2026-10-02
https://luxestyle.ch/products/damen-plateau-pantoletten-aus-leder-278784	2026-10-02
https://luxestyle.ch/products/damen-plateau-pantoletten-mit-kreuzriemen-615000	2026-10-02
https://luxestyle.ch/products/damen-plateau-pumps-mit-keilabsatz-626900	2026-10-02
https://luxestyle.ch/products/damen-plateau-sandalen-617600	2026-10-02
https://luxestyle.ch/products/damen-plateau-sandalen-aus-weichem-leder-608100	2026-10-02
https://luxestyle.ch/products/damen-plateau-sandalen-mit-chunky-absatz-627700	2026-10-02
https://luxestyle.ch/products/damen-plateau-sandalen-mit-hohlmuster-607200	2026-10-02
https://luxestyle.ch/products/damen-plateau-sandalen-mit-kreuzriemen-470592	2026-10-02
https://luxestyle.ch/products/damen-plateau-sandalen-mit-lochmuster-612300	2026-10-02
https://luxestyle.ch/products/damen-plateau-sandalen-mit-riemen-612800	2026-10-02
https://luxestyle.ch/products/damen-plateau-sandalen-mit-schnalle-602700	2026-10-02
https://luxestyle.ch/products/damen-plateau-sandalen-mit-strass-854720	2026-10-02
https://luxestyle.ch/products/damen-plateau-schuhe-mit-perlen-und-schleife-006592	2026-10-02
https://luxestyle.ch/products/damen-plateau-slipper-mit-seilsohle-617400	2026-10-02
https://luxestyle.ch/products/damen-plateau-sneaker-aus-mikrofaser-275328	2026-10-02
https://luxestyle.ch/products/damen-plateau-sneaker-mit-bemalung-510720	2026-10-02
https://luxestyle.ch/products/damen-plateau-sneaker-mit-farbblock-design-322752	2026-10-02
https://luxestyle.ch/products/damen-plateau-sneaker-mit-kreuzriemen-668480	2026-10-02
https://luxestyle.ch/products/damen-plateau-sneaker-mit-quaste-338944	2026-10-02
https://luxestyle.ch/products/damen-plateau-sneaker-mit-schnurung-683328	2026-10-02
https://luxestyle.ch/products/damen-plateau-sneakers-mit-pailletten-112256	2026-10-02
https://luxestyle.ch/products/damen-plattform-pantoffeln-rutschfest-atmungsa-197376	2026-10-02
https://luxestyle.ch/products/damen-plissee-kleid-mit-weitem-rock-601800	2026-10-02
https://luxestyle.ch/products/damen-plisseekleid-mit-eckigem-ausschnitt-623800	2026-10-02
https://luxestyle.ch/products/damen-plisseekleid-mit-rundhals-und-langen-arm-605900	2026-10-02
https://luxestyle.ch/products/damen-plissiertes-langarmhemd-aus-baumwoll-lei-631100	2026-10-02
https://luxestyle.ch/products/damen-plusch-jacke-mit-reissverschluss-616800	2026-10-02
https://luxestyle.ch/products/damen-pluschweste-doppelseitig-tragbar-609600	2026-10-02
https://luxestyle.ch/products/damen-polka-dot-chiffonkleid-601900	2026-10-02
https://luxestyle.ch/products/damen-polka-dot-langarm-shirt-mit-v-ausschnitt-600300	2026-10-02
https://luxestyle.ch/products/damen-polka-dot-print-top-armellos-606800	2026-10-02
https://luxestyle.ch/products/damen-polka-dot-sommerkleid-mit-spaghettitrage-636400	2026-10-02
https://luxestyle.ch/products/damen-portemonnaie-aus-echtleder-mit-vielen-ka-622100	2026-10-02
https://luxestyle.ch/products/damen-print-top-hose-zweiteiler-604700	2026-10-02
https://luxestyle.ch/products/damen-print-top-mit-3d-effekt-637700	2026-10-02
https://luxestyle.ch/products/damen-prinzessinnen-shirt-mit-print-und-flared-635800	2026-10-02
https://luxestyle.ch/products/damen-puffarmel-top-mit-ruschensaum-637400	2026-10-02
https://luxestyle.ch/products/damen-pullover-615400	2026-10-02
https://luxestyle.ch/products/damen-pullover-cardigan-618400	2026-10-02
https://luxestyle.ch/products/damen-pullover-im-faux-knit-look-617100	2026-10-02
https://luxestyle.ch/products/damen-pullover-mit-3d-print-623000	2026-10-02
https://luxestyle.ch/products/damen-pullover-mit-blumenprint-und-rundhals-616900	2026-10-02
https://luxestyle.ch/products/damen-pullover-mit-gradientendruck-629300	2026-10-02
https://luxestyle.ch/products/damen-pullover-mit-reissverschluss-und-reversk-896065	2026-10-02
https://luxestyle.ch/products/damen-pullover-mit-rundhals-und-uberschnittene-614800	2026-10-02
https://luxestyle.ch/products/damen-pullover-mit-v-ausschnitt-638400	2026-10-02
https://luxestyle.ch/products/damen-pullover-rundhals-loose-fit-328769	2026-10-02
https://luxestyle.ch/products/damen-pullover-sweatshirt-mit-print-604700	2026-10-02
https://luxestyle.ch/products/damen-pumps-mit-chunky-absatz-626600	2026-10-02
https://luxestyle.ch/products/damen-pumps-mit-spitzer-zehe-und-blockabsatz-190784	2026-10-02
https://luxestyle.ch/products/damen-quarz-armbanduhr-mit-pin-schnalle-904e07	2026-10-02
https://luxestyle.ch/products/damen-quarz-armbanduhr-wasserdicht-750336	2026-10-02
https://luxestyle.ch/products/damen-quarzuhr-af91f2	2026-10-02
https://luxestyle.ch/products/damen-quarzuhr-aus-edelstahl-534848	2026-10-02
https://luxestyle.ch/products/damen-quarzuhr-keramik-weiss-260dcc	2026-10-02
https://luxestyle.ch/products/damen-quarzuhr-mit-abnehmbarem-edelstahl-armba-622200	2026-10-02
https://luxestyle.ch/products/damen-quarzuhr-mit-diamanten-und-farb-zifferbl-324672	2026-10-02
https://luxestyle.ch/products/damen-quarzuhr-mit-kalender-und-24-stunden-anz-5f29a0	2026-10-02
https://luxestyle.ch/products/damen-quarzuhr-mit-lederarmband-2dac85	2026-10-02
https://luxestyle.ch/products/damen-quarzuhr-schlankes-design-mit-metallband-628600	2026-10-02
https://luxestyle.ch/products/damen-radhose-mit-polster-621400	2026-10-02
https://luxestyle.ch/products/damen-retro-chiffon-v-ausschnitt-blumenkleid-627800	2026-10-02
https://luxestyle.ch/products/damen-retro-hemd-mit-print-625100	2026-10-02
https://luxestyle.ch/products/damen-retro-kleid-mit-print-und-schmaler-passf-616200	2026-10-02
https://luxestyle.ch/products/damen-retro-kniehohe-stiefel-610200	2026-10-02
https://luxestyle.ch/products/damen-retro-weitgeschnitten-westerncowboystief-637200	2026-10-02
https://luxestyle.ch/products/damen-ring-mit-rindenstruktur-614700	2026-10-02
https://luxestyle.ch/products/damen-ring-mit-susswasserperle-637100	2026-10-02
https://luxestyle.ch/products/damen-ripped-denim-shorts-im-thin-style-611100	2026-10-02
https://luxestyle.ch/products/damen-ripped-straight-leg-jeans-blau-mid-rise-616400	2026-10-02
https://luxestyle.ch/products/damen-rollkragen-hoodie-mit-3d-effekt-614400	2026-10-02
https://luxestyle.ch/products/damen-rollkragen-langarm-top-601900	2026-10-02
https://luxestyle.ch/products/damen-rollkragen-loose-fit-fleece-pullover-601600	2026-10-02
https://luxestyle.ch/products/damen-rollkragen-off-shoulder-langarm-top-629500	2026-10-02
https://luxestyle.ch/products/damen-rollkragen-pullover-mit-half-zip-605500	2026-10-02
https://luxestyle.ch/products/damen-rollkragen-strickpullover-629900	2026-10-02
https://luxestyle.ch/products/damen-rollkragen-strickpullover-loose-fit-607500	2026-10-02
https://luxestyle.ch/products/damen-rollkragenpullover-aus-strick-606700	2026-10-02
https://luxestyle.ch/products/damen-rollkragenpullover-eleganter-strick-637700	2026-10-02
https://luxestyle.ch/products/damen-rollkragenpullover-locker-vielseitig-612000	2026-10-02
https://luxestyle.ch/products/damen-rollkragenpullover-mit-schneeflockenmust-603900	2026-10-02
https://luxestyle.ch/products/damen-rosegold-quarz-uhr-mit-diamanten-3bcfa7	2026-10-02
https://luxestyle.ch/products/damen-ruckenfreies-satin-maxikleid-619400	2026-10-02
https://luxestyle.ch/products/damen-rucksack-aus-echtem-leder-947904	2026-10-02
https://luxestyle.ch/products/damen-rucksack-aus-gewaschenem-denim-canvas-149824	2026-10-02
https://luxestyle.ch/products/damen-rucksack-aus-pu-leder-30c8db	2026-10-02
https://luxestyle.ch/products/damen-rucksack-der-stylische-reisebegleiter-475008	2026-10-02
https://luxestyle.ch/products/damen-rucksack-fur-sport-reisen-laptop-633400	2026-10-02
https://luxestyle.ch/products/damen-rucksack-reisetasche-mit-viel-stauraum-227456	2026-10-02
https://luxestyle.ch/products/damen-rucksack-umhangetasche-aus-rindsleder-629600	2026-10-02
https://luxestyle.ch/products/damen-rundhals-shirt-mit-print-in-grossen-gros-627600	2026-10-02
https://luxestyle.ch/products/damen-rundhals-t-shirt-3-4-arm-einfarbig-604600	2026-10-02
https://luxestyle.ch/products/damen-rundhals-weit-rock-638700	2026-10-02
https://luxestyle.ch/products/damen-ruschen-shirt-mit-knopfen-614900	2026-10-02
https://luxestyle.ch/products/damen-sandalen-635100	2026-10-02
https://luxestyle.ch/products/damen-sandalen-aus-leder-712256	2026-10-02
https://luxestyle.ch/products/damen-sandalen-aus-leder-mit-klettverschluss-625600	2026-10-02
https://luxestyle.ch/products/damen-sandalen-mit-absatz-aus-schafleder-937600	2026-10-02
https://luxestyle.ch/products/damen-sandalen-mit-blockabsatz-613400	2026-10-02
https://luxestyle.ch/products/damen-sandalen-mit-dicker-sohle-618800	2026-10-02
https://luxestyle.ch/products/damen-sandalen-mit-dicker-sohle-aus-leder-627800	2026-10-02
https://luxestyle.ch/products/damen-sandalen-mit-fischmund-absatz-623600	2026-10-02
https://luxestyle.ch/products/damen-sandalen-mit-geschlossener-spitze-601400	2026-10-02
https://luxestyle.ch/products/damen-sandalen-mit-hanfseil-und-kreuzschnalle-621200	2026-10-02
https://luxestyle.ch/products/damen-sandalen-mit-keilabsatz-605600	2026-10-02
https://luxestyle.ch/products/damen-sandalen-mit-keilabsatz-und-dicker-sohle-926400	2026-10-02
https://luxestyle.ch/products/damen-sandalen-mit-klettverschluss-622000	2026-10-02
https://luxestyle.ch/products/damen-sandalen-mit-klettverschluss-und-plateau-631700	2026-10-02
https://luxestyle.ch/products/damen-sandalen-mit-mittelhohem-blockabsatz-098752	2026-10-02
https://luxestyle.ch/products/damen-sandalen-mit-mittlerem-absatz-115072	2026-10-02
https://luxestyle.ch/products/damen-sandalen-mit-plateau-und-runder-spitze-781056	2026-10-02
https://luxestyle.ch/products/damen-sandalen-mit-riemchen-und-blockabsatz-146688	2026-10-02
https://luxestyle.ch/products/damen-sandalen-mit-riemchen-und-lochmuster-620600	2026-10-02
https://luxestyle.ch/products/damen-sandalen-mit-riemchen-und-mittelhohem-ab-585792	2026-10-02
https://luxestyle.ch/products/damen-sandalen-mit-riemen-699520	2026-10-02
https://luxestyle.ch/products/damen-sandalen-mit-schleife-und-hohem-absatz-614400	2026-10-02
https://luxestyle.ch/products/damen-sandalen-mit-strass-schnalle-und-plateau-915200	2026-10-02
https://luxestyle.ch/products/damen-sandalen-mit-uberkreuzriemen-456512	2026-10-02
https://luxestyle.ch/products/damen-sandalen-mit-wedge-absatz-offener-zeh-ho-615000	2026-10-02
https://luxestyle.ch/products/damen-sandalen-mit-weicher-sohle-411264	2026-10-02
https://luxestyle.ch/products/damen-sandalen-mit-zehenkappe-389632	2026-10-02
https://luxestyle.ch/products/damen-sandalette-mit-hohem-blockabsatz-649856	2026-10-02
https://luxestyle.ch/products/damen-satin-bandeau-top-634100	2026-10-02
https://luxestyle.ch/products/damen-satin-hemd-mit-tiermuster-618200	2026-10-02
https://luxestyle.ch/products/damen-schlaf-set-fur-zuhause-611100	2026-10-02
https://luxestyle.ch/products/damen-schneestiefel-mit-weicher-sohle-603300	2026-10-02
https://luxestyle.ch/products/damen-schuhe-aus-leder-604000	2026-10-02
https://luxestyle.ch/products/damen-schuhe-mit-niedrigem-absatz-632700	2026-10-02
https://luxestyle.ch/products/damen-schuhe-taschen-set-mit-rhinestone-buckle-637500	2026-10-02
https://luxestyle.ch/products/damen-schulterfreies-oberteil-mit-flatternden-600700	2026-10-02
https://luxestyle.ch/products/damen-set-weste-shorts-mit-taschen-607500	2026-10-02
https://luxestyle.ch/products/damen-sexy-mesh-kleid-mit-off-shoulder-633300	2026-10-02
https://luxestyle.ch/products/damen-shirt-631400	2026-10-02
https://luxestyle.ch/products/damen-shirt-mit-3d-digitalprint-605300	2026-10-02
https://luxestyle.ch/products/damen-shirt-mit-blumenmuster-und-puffarmeln-633000	2026-10-02
https://luxestyle.ch/products/damen-shirt-mit-mandarinenkragen-und-knopfleis-614600	2026-10-02
https://luxestyle.ch/products/damen-shirt-mit-pflanzenmuster-3-4-armel-634000	2026-10-02
https://luxestyle.ch/products/damen-shirt-mit-reverskragen-und-schlitz-632600	2026-10-02
https://luxestyle.ch/products/damen-shirt-mit-schnurung-und-ruschen-608600	2026-10-02
https://luxestyle.ch/products/damen-shorts-mit-print-und-seitlichem-tunnelzu-972224	2026-10-02
https://luxestyle.ch/products/damen-shorts-mit-spitzenbesatz-639300	2026-10-02
https://luxestyle.ch/products/damen-simple-kreuzgurt-sandalen-249152	2026-10-02
https://luxestyle.ch/products/damen-skateboard-sneaker-aus-nubukleder-631500	2026-10-02
https://luxestyle.ch/products/damen-slim-fit-denim-tube-top-625800	2026-10-02
https://luxestyle.ch/products/damen-slim-fit-midikleid-mit-print-614300	2026-10-02
https://luxestyle.ch/products/damen-slim-fit-outdoor-fitnessjacke-610300	2026-10-02
https://luxestyle.ch/products/damen-slim-fit-stretch-jeans-619700	2026-10-02
https://luxestyle.ch/products/damen-slim-fit-top-mit-eckigem-ausschnitt-634500	2026-10-02
https://luxestyle.ch/products/damen-slip-on-loafer-606500	2026-10-02
https://luxestyle.ch/products/damen-slipdress-mit-taillenschnurung-611300	2026-10-02
https://luxestyle.ch/products/damen-slipper-im-japanischen-stil-629400	2026-10-02
https://luxestyle.ch/products/damen-sneaker-375296	2026-10-02
https://luxestyle.ch/products/damen-sneaker-american-retro-skateboarding-696770	2026-10-02
https://luxestyle.ch/products/damen-sneaker-aus-lederimitat-mit-schnurung-446656	2026-10-02
https://luxestyle.ch/products/damen-sneaker-aus-rindsleder-mit-dicker-sohle-776832	2026-10-02
https://luxestyle.ch/products/damen-sneaker-korean-style-618700	2026-10-02
https://luxestyle.ch/products/damen-sneaker-mit-atmungsaktivem-mesh-und-hohe-857280	2026-10-02
https://luxestyle.ch/products/damen-sneaker-mit-dicken-sohlen-und-rhinestone-523520	2026-10-02
https://luxestyle.ch/products/damen-sneaker-mit-dicker-sohle-625500	2026-10-02
https://luxestyle.ch/products/damen-sneaker-mit-dicker-sohle-und-farbakzente-859969	2026-10-02
https://luxestyle.ch/products/damen-sneaker-mit-mesh-und-verstecktem-absatz-632500	2026-10-02
https://luxestyle.ch/products/damen-sommer-baumwoll-seidenkleid-615100	2026-10-02
https://luxestyle.ch/products/damen-sommer-leinenhemd-mit-reverskragen-627900	2026-10-02
https://luxestyle.ch/products/damen-sommer-sandalen-lido-geschlossene-spitze	2026-10-02
https://luxestyle.ch/products/damen-sommer-tube-top-kleid-635500	2026-10-02
https://luxestyle.ch/products/damen-sommerhemd-mit-geometermuster-600100	2026-10-02
https://luxestyle.ch/products/damen-sommerkleid-bloom-trager-print	2026-10-02
https://luxestyle.ch/products/damen-sommerkleid-mit-spitze-und-tupfen-606100	2026-10-02
https://luxestyle.ch/products/damen-sommerkleid-mit-v-ausschnitt-601300	2026-10-02
https://luxestyle.ch/products/damen-sommerkleid-ohne-armel-blumenprint-622600	2026-10-02
https://luxestyle.ch/products/damen-sonnen-schutz-shirt-633700	2026-10-02
https://luxestyle.ch/products/damen-sonnenschutz-trenchcoat-626300	2026-10-02
https://luxestyle.ch/products/damen-spitzen-minirock-603600	2026-10-02
https://luxestyle.ch/products/damen-spitzen-tube-top-mit-offener-ruckenparti-601800	2026-10-02
https://luxestyle.ch/products/damen-spitzenkleid-langarm-off-shoulder-600200	2026-10-02
https://luxestyle.ch/products/damen-spitzenkleid-langarm-slim-fit-636300	2026-10-02
https://luxestyle.ch/products/damen-spitzenkleid-mit-tragern-616400	2026-10-02
https://luxestyle.ch/products/damen-sport-tanktop-mit-integrierten-bh-pads-606900	2026-10-02
https://luxestyle.ch/products/damen-sportschuhe-fur-alltag-sport-611000	2026-10-02
https://luxestyle.ch/products/damen-steppjacke-mit-grossem-fellkragen-600200	2026-10-02
https://luxestyle.ch/products/damen-steppjacke-mit-rautenmuster-624200	2026-10-02
https://luxestyle.ch/products/damen-stiefel-mit-hohem-chunky-absatz-614400	2026-10-02
https://luxestyle.ch/products/damen-stiefel-mit-reissverschluss-und-blockabs-627500	2026-10-02
https://luxestyle.ch/products/damen-stiefeletten-mit-plateau-und-klobigem-ab-607700	2026-10-02
https://luxestyle.ch/products/damen-straight-jeans-625500	2026-10-02
https://luxestyle.ch/products/damen-strand-cover-up-brisa-crochet-strick	2026-10-02
https://luxestyle.ch/products/damen-strand-sandale-612600	2026-10-02
https://luxestyle.ch/products/damen-strand-sandalen-mit-riemen-607800	2026-10-02
https://luxestyle.ch/products/damen-strandkleid-mit-overlay-630100	2026-10-02
https://luxestyle.ch/products/damen-strandsandalen-mit-schnurung-690112	2026-10-02
https://luxestyle.ch/products/damen-stretch-jeans-shorts-mit-ruschensaum-609600	2026-10-02
https://luxestyle.ch/products/damen-stretch-sneaker-mit-rundspitze-924608	2026-10-02
https://luxestyle.ch/products/damen-strick-cardigan-mit-kapuze-loose-fit-625000	2026-10-02
https://luxestyle.ch/products/damen-strick-cardigan-mit-knopfleiste-634500	2026-10-02
https://luxestyle.ch/products/damen-strick-maxikleid-mit-asymmetrischem-saum-618300	2026-10-02
https://luxestyle.ch/products/damen-strick-sneaker-mit-keilabsatz-519744	2026-10-02
https://luxestyle.ch/products/damen-strickcardigan-632300	2026-10-02
https://luxestyle.ch/products/damen-strickhandschuhe-aus-weichem-polyester-607900	2026-10-02
https://luxestyle.ch/products/damen-strickjacke-mit-knopfleiste-und-langen-a-628900	2026-10-02
https://luxestyle.ch/products/damen-strickjacke-schwarz-fgsshb3800	2026-10-02
https://luxestyle.ch/products/damen-strickkleid-mit-kontraststreifen-608500	2026-10-02
https://luxestyle.ch/products/damen-strickkleid-mit-kordelzug-grau-605700	2026-10-02
https://luxestyle.ch/products/damen-strickkleid-mit-v-ausschnitt-und-schleif-607100	2026-10-02
https://luxestyle.ch/products/damen-strickkleid-slim-fit-weinrot-637900	2026-10-02
https://luxestyle.ch/products/damen-strickpulli-mit-asymmetrischen-knopfen-639500	2026-10-02
https://luxestyle.ch/products/damen-strickpullover-mit-blumenmuster-614000	2026-10-02
https://luxestyle.ch/products/damen-strickpullover-mit-farbblock-muster-623400	2026-10-02
https://luxestyle.ch/products/damen-strickpullover-mit-halbem-reissverschlus-606000	2026-10-02
https://luxestyle.ch/products/damen-strickpullover-mit-herzmuster-reissversc-602300	2026-10-02
https://luxestyle.ch/products/damen-strickpullover-mit-polo-kragen-half-zip-611100	2026-10-02
https://luxestyle.ch/products/damen-strickpullover-mit-rautenmuster-614700	2026-10-02
https://luxestyle.ch/products/damen-strickpullover-mit-reverskragen-635300	2026-10-02
https://luxestyle.ch/products/damen-strickpullover-mit-rollkragen-und-knopfe-617800	2026-10-02
https://luxestyle.ch/products/damen-strickpullover-mit-rundhals-und-3d-effek-629800	2026-10-02
https://luxestyle.ch/products/damen-strickpullover-mit-rundhals-und-farbbloc-636500	2026-10-02
https://luxestyle.ch/products/damen-strickpullover-mit-rundhals-und-langen-a-604100	2026-10-02
https://luxestyle.ch/products/damen-strickpullover-mit-rundhals-und-langen-a-609300	2026-10-02
https://luxestyle.ch/products/damen-strickpullover-mit-rundhals-und-reissver-608600	2026-10-02
https://luxestyle.ch/products/damen-strickpullover-mit-stehkragen-und-reissv-629300	2026-10-02
https://luxestyle.ch/products/damen-strickpullover-mit-tassel-design-fur-her-625200	2026-10-02
https://luxestyle.ch/products/damen-strickshirt-mit-halbturtleneck-633600	2026-10-02
https://luxestyle.ch/products/damen-sweat-hoodie-mit-kapuze-und-tasche-624600	2026-10-02
https://luxestyle.ch/products/damen-sweatshirt-mit-3d-druck-609600	2026-10-02
https://luxestyle.ch/products/damen-sweatshirt-mit-blumenmuster-627700	2026-10-02
https://luxestyle.ch/products/damen-sweatshirt-mit-hellblauem-karomuster-613600	2026-10-02
https://luxestyle.ch/products/damen-sweatshirt-mit-kurbis-laternen-print-617400	2026-10-02
https://luxestyle.ch/products/damen-sweatshirt-mit-print-607400	2026-10-02
https://luxestyle.ch/products/damen-sweatshirt-mit-schlaufe-und-aufschrift-613700	2026-10-02
https://luxestyle.ch/products/damen-t-shirt-633700	2026-10-02
https://luxestyle.ch/products/damen-t-shirt-aus-leinen-baumwoll-mix-624700	2026-10-02
https://luxestyle.ch/products/damen-t-shirt-mit-ausgestellten-armeln-615500	2026-10-02
https://luxestyle.ch/products/damen-t-shirt-set-mit-3d-effekt-print-600800	2026-10-02
https://luxestyle.ch/products/damen-tanktop-mit-brustpolstern-608500	2026-10-02
https://luxestyle.ch/products/damen-tanktop-mit-tiefem-v-ausschnitt-623700	2026-10-02
https://luxestyle.ch/products/damen-titan-halskette-107265	2026-10-02
https://luxestyle.ch/products/damen-toeffelsandaletten-637800	2026-10-02
https://luxestyle.ch/products/damen-top-618368	2026-10-02
https://luxestyle.ch/products/damen-top-mit-3d-druckmuster-629800	2026-10-02
https://luxestyle.ch/products/damen-top-mit-rundhals-und-polka-dots-606800	2026-10-02
https://luxestyle.ch/products/damen-top-mit-rundhals-und-raffarmeln-636100	2026-10-02
https://luxestyle.ch/products/damen-top-mit-stehbund-und-3-4-armeln-638200	2026-10-02
https://luxestyle.ch/products/damen-top-mit-v-ausschnitt-ruschen-und-3-4-arm-627800	2026-10-02
https://luxestyle.ch/products/damen-top-mit-verstellbaren-tragern-und-zierkn-630500	2026-10-02
https://luxestyle.ch/products/damen-tragerloser-yoga-einteiler-617800	2026-10-02
https://luxestyle.ch/products/damen-tragerloses-a-linien-kleid-mit-print-639200	2026-10-02
https://luxestyle.ch/products/damen-tragerloses-off-shoulder-maxikleid-612300	2026-10-02
https://luxestyle.ch/products/damen-tragerloses-plissee-patchwork-abendkleid-633700	2026-10-02
https://luxestyle.ch/products/damen-tragerloses-ruckenfreies-kleid-605000	2026-10-02
https://luxestyle.ch/products/damen-transparent-top-mit-print-tragern-636600	2026-10-02
https://luxestyle.ch/products/damen-und-kind-freizeitanzug-mit-print-568960	2026-10-02
https://luxestyle.ch/products/damen-v-ausschnitt-blumenkleid-mit-ausgestellt-611500	2026-10-02
https://luxestyle.ch/products/damen-v-ausschnitt-dolman-kleid-mit-blumenmust-616600	2026-10-02
https://luxestyle.ch/products/damen-v-ausschnitt-kleid-mit-knoten-puffarmeln-623400	2026-10-02
https://luxestyle.ch/products/damen-v-ausschnitt-langarm-weit-schnitt-kleid-627600	2026-10-02
https://luxestyle.ch/products/damen-v-ausschnitt-maxi-in-a-linie-611300	2026-10-02
https://luxestyle.ch/products/damen-v-ausschnitt-maxikleid-mit-blumenmuster-623900	2026-10-02
https://luxestyle.ch/products/damen-v-ausschnitt-print-tragerkleid-603200	2026-10-02
https://luxestyle.ch/products/damen-v-ausschnitt-shirt-3-4-arm-gestreift-639300	2026-10-02
https://luxestyle.ch/products/damen-v-ausschnitt-shirt-mit-ausgestellten-arm-636400	2026-10-02
https://luxestyle.ch/products/damen-v-ausschnitt-shirt-mit-ruschensaum-616700	2026-10-02
https://luxestyle.ch/products/damen-v-ausschnitt-sweatshirt-3d-druck-633900	2026-10-02
https://luxestyle.ch/products/damen-v-ausschnitt-sweatshirt-im-relaxed-fit-604100	2026-10-02
https://luxestyle.ch/products/damen-v-ausschnitt-swing-kleid-mit-print-trage-612300	2026-10-02
https://luxestyle.ch/products/damen-v-ausschnitt-trager-mehrlagiges-bedruckt-624900	2026-10-02
https://luxestyle.ch/products/damen-v-neck-langarmshirt-mit-doppel-hemdblend-621000	2026-10-02
https://luxestyle.ch/products/damen-v-neck-shirt-mit-3-4-fledermausarmeln-605000	2026-10-02
https://luxestyle.ch/products/damen-v-neck-strickjacke-mit-taschen-639400	2026-10-02
https://luxestyle.ch/products/damen-v-neck-top-mit-ruschen-und-ausgestellten-626000	2026-10-02
https://luxestyle.ch/products/damen-v-shirt-mit-7-8-armeln-600400	2026-10-02
https://luxestyle.ch/products/damen-veloshorts-mit-tragern-614900	2026-10-02
https://luxestyle.ch/products/damen-velourskleid-mit-tragern-und-puffarmeln-626300	2026-10-02
https://luxestyle.ch/products/damen-velourspulli-mit-schleife-618100	2026-10-02
https://luxestyle.ch/products/damen-washed-slim-flared-jeans-613600	2026-10-02
https://luxestyle.ch/products/damen-wedgesandalen-628100	2026-10-02
https://luxestyle.ch/products/damen-wei-es-leinenhemd-im-franzosischen-stil-609200	2026-10-02
https://luxestyle.ch/products/damen-weihnachts-flanell-hoodie-636700	2026-10-02
https://luxestyle.ch/products/damen-weihnachts-hoodie-628700	2026-10-02
https://luxestyle.ch/products/damen-weihnachtsdruck-flanell-hoodie-608800	2026-10-02
https://luxestyle.ch/products/damen-weiter-jumpsuit-mit-tragern-629700	2026-10-02
https://luxestyle.ch/products/damen-western-shirt-schlankes-fit-schwarz-lila-600500	2026-10-02
https://luxestyle.ch/products/damen-wildleder-ballerinas-mit-runder-kappe-630600	2026-10-02
https://luxestyle.ch/products/damen-wildleder-stiefeletten-mit-spitzer-kappe-613500	2026-10-02
https://luxestyle.ch/products/damen-wildlederjacke-mit-quasten-639600	2026-10-02
https://luxestyle.ch/products/damen-wollmantel-fur-winter-business-618900	2026-10-02
https://luxestyle.ch/products/damen-wollmantel-mit-gurtel-und-stehkragen-605900	2026-10-02
https://luxestyle.ch/products/damen-wollmantel-mit-knopfen-631200	2026-10-02
https://luxestyle.ch/products/damen-yoga-hose-mit-fleecefutter-617400	2026-10-02
https://luxestyle.ch/products/damen-yoga-jumpsuit-mit-mock-neck-626800	2026-10-02
https://luxestyle.ch/products/damen-yogahose-mit-hohenwirkung-623200	2026-10-02
https://luxestyle.ch/products/damen-zirkon-armband-tropfenform-623200	2026-10-02
https://luxestyle.ch/products/damenarmband-mit-herzverschluss-600200	2026-10-02
https://luxestyle.ch/products/damenblau-arbeitshose-aus-baumwoll-mischung-ge-639500	2026-10-02
https://luxestyle.ch/products/damenbluse-aus-wildlederimitat-mit-v-ausschnit-625200	2026-10-02
https://luxestyle.ch/products/damenbluse-franzosisch-fransen-v-ausschnitt-we-618100	2026-10-02
https://luxestyle.ch/products/damenbluse-mit-langen-armeln-637800	2026-10-02
https://luxestyle.ch/products/damenbluse-mit-langen-armeln-slim-fit-627000	2026-10-02
https://luxestyle.ch/products/damenbluse-mit-seitlicher-bindung-im-korea-sti-627300	2026-10-02
https://luxestyle.ch/products/damenhemd-626500	2026-10-02
https://luxestyle.ch/products/damenhose-70er-jahre-schwarz-fgss0913	2026-10-02
https://luxestyle.ch/products/damenhose-gerade-einfarbig-632200	2026-10-02
https://luxestyle.ch/products/damenkleid-626800	2026-10-02
https://luxestyle.ch/products/damenkleid-mit-ausgestelltem-saum-und-print-606800	2026-10-02
https://luxestyle.ch/products/damenkleid-mit-grossflachigem-blumenmuster-618800	2026-10-02
https://luxestyle.ch/products/damenkleid-mit-kragen-und-knopfleiste-630600	2026-10-02
https://luxestyle.ch/products/damenkleid-mit-lotusarmeln-613900	2026-10-02
https://luxestyle.ch/products/damenkleid-v-ausschnitt-plus-grosse-605400	2026-10-02
https://luxestyle.ch/products/damenkurzarm-riemenkleid-616800	2026-10-02
https://luxestyle.ch/products/damenlacke-langarm-sheath-kleid-612300	2026-10-02
https://luxestyle.ch/products/damenlangarmshirt-615500	2026-10-02
https://luxestyle.ch/products/damenleder-pumps-berufsbekleidung-600100	2026-10-02
https://luxestyle.ch/products/damenleichtes-tragerkleid-mit-ruschendetails-637600	2026-10-02
https://luxestyle.ch/products/damenmode-abgesteckter-taillengurt-sexy-trager-620900	2026-10-02
https://luxestyle.ch/products/damenmode-einfarbig-geradliniger-schlitz-midi-621800	2026-10-02
https://luxestyle.ch/products/damenmode-lockerkleid-plus-grosse-608000	2026-10-02
https://luxestyle.ch/products/damenparfum-langanhaltend-618100	2026-10-02
https://luxestyle.ch/products/damenring-aus-titanstahl-mit-katzenaugenstein-620900	2026-10-02
https://luxestyle.ch/products/damenring-mit-gelbem-diamant-448130	2026-10-02
https://luxestyle.ch/products/damenring-mit-grunem-moosachat-637600	2026-10-02
https://luxestyle.ch/products/damenring-mit-rechteckigem-moissanit-628300	2026-10-02
https://luxestyle.ch/products/damenring-mit-zirkon-einlage-601900	2026-10-02
https://luxestyle.ch/products/damenring-mit-zirkonia-geometrisch-616600	2026-10-02
https://luxestyle.ch/products/damenstiefel-aus-vollnarbenleder-mit-weicher-s-638700	2026-10-02
https://luxestyle.ch/products/damenstiefel-mit-klotzhacke-aus-nappaleder-639701	2026-10-02
https://luxestyle.ch/products/damenuhr-aus-wolframstahl-2fbd42	2026-10-02
https://luxestyle.ch/products/damenuhr-mit-diamant-cca13a	2026-10-02
https://luxestyle.ch/products/damenuhr-mit-edelstahl-mesh-armband-878976	2026-10-02
https://luxestyle.ch/products/damenuhr-mit-milanaise-armband-aus-edelstahl-828416	2026-10-02
https://luxestyle.ch/products/damenuhr-mit-quarzwerk-und-stahlband-190208	2026-10-02
https://luxestyle.ch/products/damonen-dreizack-4-teilig-fgabo71991	2026-10-02
https://luxestyle.ch/products/damonenauge-halskette-aus-925er-sterlingsilber-943104	2026-10-02
https://luxestyle.ch/products/dampf-burste-mit-titan-keramik-784960	2026-10-02
https://luxestyle.ch/products/dampf-desinfektor-21cc40	2026-10-02
https://luxestyle.ch/products/dampf-glattburste-964992	2026-10-02
https://luxestyle.ch/products/dampf-haarglatter-mit-keramikplatten-83e8c3	2026-10-02
https://luxestyle.ch/products/dampf-haarglatter-mit-led-anzeige-2bd442	2026-10-02
https://luxestyle.ch/products/dampf-haarstyler-fur-glattes-haar-a813ec	2026-10-02
https://luxestyle.ch/products/dampfburste-fur-tiere-734976	2026-10-02
https://luxestyle.ch/products/dampfduse-fur-kaffeemaschine-513280	2026-10-02
https://luxestyle.ch/products/dampfende-laufschuhe-fur-herren-606200	2026-10-02
https://luxestyle.ch/products/dampfende-laufschuhe-mit-rebound-effekt-604500	2026-10-02
https://luxestyle.ch/products/dampfende-sportschuhe-626000	2026-10-02
https://luxestyle.ch/products/dampfende-sportschuhe-aus-flying-woven-757120	2026-10-02
https://luxestyle.ch/products/dampfende-zugleine-mit-puffer-98c549	2026-10-02
https://luxestyle.ch/products/dampfgarer-mixer-fur-babynahrung-606400	2026-10-02
https://luxestyle.ch/products/dampfkochtopf-aus-edelstahl-24-cm-191168	2026-10-02
https://luxestyle.ch/products/dampfkochtopf-aus-edelstahl-359104	2026-10-02
https://luxestyle.ch/products/dampfreiniger-1600w-fur-dunstabzugshaube-615100	2026-10-02
https://luxestyle.ch/products/dampfzug-schnellzug-modell-bausteine-636800	2026-10-02
https://luxestyle.ch/products/danfu-silikonarmband-quarzuhr-fur-herren-627800	2026-10-02
https://luxestyle.ch/products/danhui-hand-tattoo-stift-set-001088	2026-10-02
https://luxestyle.ch/products/danyuan-l301-druckkopf-999808	2026-10-02
https://luxestyle.ch/products/daoguang-holiday-amber-buckle-mules-193538	2026-10-02
https://luxestyle.ch/products/daragang-agarwood-armband-mit-naturperlen-619500	2026-10-02
https://luxestyle.ch/products/dark-devil-s-claw-press-on-nagel-159488	2026-10-02
https://luxestyle.ch/products/dark-goth-wind-metall-nagelsticker-938560	2026-10-02
https://luxestyle.ch/products/dark-punk-hot-girl-personlichkeit-nagel-621100	2026-10-02
https://luxestyle.ch/products/dartboard-schlusselanhanger-wandhaken-633600	2026-10-02
https://luxestyle.ch/products/date-night-drinking-creative-brettspiel-602600	2026-10-02
https://luxestyle.ch/products/date-night-wurfel-spiel-fur-paare-686464	2026-10-02
https://luxestyle.ch/products/dauerhafte-kauwurst-fur-hunde-601900	2026-10-02
https://luxestyle.ch/products/daumen-rocker-aus-weichem-gummi-617900	2026-10-02
https://luxestyle.ch/products/daunenjacke-fur-herren-629400	2026-10-02
https://luxestyle.ch/products/daunenkissen-605500	2026-10-02
https://luxestyle.ch/products/daunenschlafsack-fur-outdoor-camping-601800	2026-10-02
https://luxestyle.ch/products/daunenweste-fur-herren-615100	2026-10-02
https://luxestyle.ch/products/dawn-white-smartwatch-mit-puls-und-blutsauerst-600400	2026-10-02
https://luxestyle.ch/products/dayan-haustier-soundspielzeug-511645	2026-10-02
https://luxestyle.ch/products/dayi-lithium-batterie-dieselpumpe-625200	2026-10-02
https://luxestyle.ch/products/daytona-multifunktionsuhr-drei-augen-sechs-zei-894592	2026-10-02
https://luxestyle.ch/products/dazzling-long-curling-anti-smudge-mascara-534528	2026-10-02
https://luxestyle.ch/products/dazzling-star-glitter-spray-258370	2026-10-02
https://luxestyle.ch/products/ddr4-2666-desktop-arbeitsspeicher-447744	2026-10-02
https://luxestyle.ch/products/ddr4-ram-speicher-4gb-8gb-16gb-32gb-053440	2026-10-02
https://luxestyle.ch/products/de-1-12-rock-crawler-rc-offroad-truck-4wd-725313	2026-10-02
https://luxestyle.ch/products/dear-traveler-behind-me-t-shirt-619600	2026-10-02
https://luxestyle.ch/products/decke-mit-armeln-und-grossen-taschen-607500	2026-10-02
https://luxestyle.ch/products/deckenhoher-katzenbaum-mit-sisal-kratzstamm-213696	2026-10-02
https://luxestyle.ch/products/deckenleuchte-flur-modern-601500	2026-10-02
https://luxestyle.ch/products/deckenreiniger-mit-teleskopstange-610300	2026-10-02
https://luxestyle.ch/products/deckenventilator-lampe-fur-wohn-und-schlafzimm-356480	2026-10-02
https://luxestyle.ch/products/deckenventilator-mit-fernbedienung-628700	2026-10-02
https://luxestyle.ch/products/deckenventilator-mit-licht-42-zoll-167488	2026-10-02
https://luxestyle.ch/products/deemount-fahrradhelm-e8db3a	2026-10-02
https://luxestyle.ch/products/deep-cannon-chariot-baustein-modell-608200	2026-10-02
https://luxestyle.ch/products/deep-collagen-peptid-intensiv-ampulle-055618	2026-10-02
https://luxestyle.ch/products/deerma-dem-zq610-multifunktions-dampfreiniger-209728	2026-10-02
https://luxestyle.ch/products/deformierbare-led-garagenleuchte-60w-7122ff	2026-10-02
https://luxestyle.ch/products/dehnbare-yoga-hose-aus-ice-silk-622700	2026-10-02
https://luxestyle.ch/products/dehnbares-huft-widerstandsband-aus-latex-seide-020352	2026-10-02
https://luxestyle.ch/products/dehnungsband-set-mit-4-widerstanden-fur-fitnes-33dc1b	2026-10-02
https://luxestyle.ch/products/dehua-keramik-sandelholz-rauchergefass-096320	2026-10-02
https://luxestyle.ch/products/deko-decke-aus-plusch-weiss-326720	2026-10-02
https://luxestyle.ch/products/deko-halterung-fur-smartwatch-mit-ladegerat-601800	2026-10-02
https://luxestyle.ch/products/deko-kissen-mond-und-sterne-620600	2026-10-02
https://luxestyle.ch/products/deko-set-glitzer-kronleuchter-papier-folie-fga49667	2026-10-02
https://luxestyle.ch/products/deko-set-space-party-6-teilig-fga20646	2026-10-02
https://luxestyle.ch/products/deko-stein-fur-snacks-display-618900	2026-10-02
https://luxestyle.ch/products/deko-teppich-streifen-669248	2026-10-02
https://luxestyle.ch/products/deko-wandbehang-aus-polyester-baumwoll-mischun-608200	2026-10-02
https://luxestyle.ch/products/deko-ziergras-onion-grass-60-cm-49963d	2026-10-02
https://luxestyle.ch/products/dekoband-set-sommerwiese-563648	2026-10-02
https://luxestyle.ch/products/dekoband-titanblatt-doppelseitig-satin-625800	2026-10-02
https://luxestyle.ch/products/dekokissen-baumstamm-213952	2026-10-02
https://luxestyle.ch/products/dekokissen-fur-bett-und-fruhstuck-240448	2026-10-02
https://luxestyle.ch/products/dekokissen-fur-sofa-und-bett-618600	2026-10-02
https://luxestyle.ch/products/dekokissen-im-ethno-stil-mit-quasten-730240	2026-10-02
https://luxestyle.ch/products/dekokissen-im-modernen-luxus-stil-303936	2026-10-02
https://luxestyle.ch/products/dekokissen-im-nordischen-stil-987328	2026-10-02
https://luxestyle.ch/products/dekokissen-mit-abstrakten-mustern-082688	2026-10-02
https://luxestyle.ch/products/dekokissen-mit-modernen-geometrischen-mustern-078592	2026-10-02
https://luxestyle.ch/products/dekokissen-mit-pflanzenmuster-648960	2026-10-02
https://luxestyle.ch/products/dekokissen-mit-tiermuster-oder-geometrischem-d-639600	2026-10-02
https://luxestyle.ch/products/dekokissen-queen-light-luxury-679168	2026-10-02
https://luxestyle.ch/products/dekompression-kissen-fur-beinhochlagerung-619700	2026-10-02
https://luxestyle.ch/products/dekorative-bucherregal-laternenlampe-607700	2026-10-02
https://luxestyle.ch/products/dekorative-diamantmalerei-620700	2026-10-02
https://luxestyle.ch/products/dekorative-keramik-box-fur-taschentucher-626500	2026-10-02
https://luxestyle.ch/products/dekorative-kunstharz-figur-576128	2026-10-02
https://luxestyle.ch/products/dekorative-laterne-im-chinesischen-stil-613800	2026-10-02
https://luxestyle.ch/products/dekorative-leinwandbilder-set-3-teilige-wandku-604600	2026-10-02
https://luxestyle.ch/products/dekorative-pinnwand-reissnagel-624600	2026-10-02
https://luxestyle.ch/products/dekorative-retro-bilder-b6a3fe	2026-10-02
https://luxestyle.ch/products/dekorative-schleifenbrosche-617300	2026-10-02
https://luxestyle.ch/products/dekorative-schlusselanhanger-mit-diamant-muste-766722	2026-10-02
https://luxestyle.ch/products/dekorative-schmetterling-schlusselanhanger-469442	2026-10-02
https://luxestyle.ch/products/dekorative-stehlampe-aus-gusseisen-609900	2026-10-02
https://luxestyle.ch/products/dekorative-touch-nachttischlampe-2er-set-626500	2026-10-02
https://luxestyle.ch/products/dekorative-treppenstufen-556545	2026-10-02
https://luxestyle.ch/products/dekorative-untersetzer-mit-diamant-muster-054721	2026-10-02
https://luxestyle.ch/products/dekorative-vase-mit-tusche-elementen-632800	2026-10-02
https://luxestyle.ch/products/dekorativer-aufbewahrungskorb-625800	2026-10-02
https://luxestyle.ch/products/dekorativer-facher-aus-seegras-617200	2026-10-02
https://luxestyle.ch/products/dekorativer-geometrischer-ketten-gurtel-627000	2026-10-02
https://luxestyle.ch/products/dekorativer-hangekorb-3-stockig-618100	2026-10-02
https://luxestyle.ch/products/dekorativer-kissenbezug-aus-samt-937280	2026-10-02
https://luxestyle.ch/products/dekorativer-wandfacher-aus-bambus-626500	2026-10-02
https://luxestyle.ch/products/dekoratives-diamant-painting-606500	2026-10-02
https://luxestyle.ch/products/dekoratives-gold-silber-ribbon-mit-schleife-585536	2026-10-02
https://luxestyle.ch/products/dekoratives-holzregal-mit-eisenrahmen-d1de00	2026-10-02
https://luxestyle.ch/products/dekoratives-kissen-fur-stuhl-und-sofa-602600	2026-10-02
https://luxestyle.ch/products/dekoratives-malerei-set-rennendes-pferd-f5e19d	2026-10-02
https://luxestyle.ch/products/dekoratives-masking-tape-mit-fruchtemotiven-141760	2026-10-02
https://luxestyle.ch/products/dekoratives-messing-tablett-aus-indien-618900	2026-10-02
https://luxestyle.ch/products/dekoratives-sofakissen-im-europaischen-stil-211968	2026-10-02
https://luxestyle.ch/products/dekoratives-wandbild-fur-wohnzimmer-488576	2026-10-02
https://luxestyle.ch/products/dekostoff-horror-fga901377	2026-10-02
https://luxestyle.ch/products/dekostoff-textilfaser-rosa-fga34604	2026-10-02
https://luxestyle.ch/products/dekostoff-textilfaser-weiss-fga34601	2026-10-02
https://luxestyle.ch/products/dekotablett-aus-holz-281216	2026-10-02
https://luxestyle.ch/products/delfin-armband-fur-damen-aus-925-sterling-silb-633300	2026-10-02
https://luxestyle.ch/products/delfin-gru-karte-diy-diamantmalerei-745281	2026-10-02
https://luxestyle.ch/products/delfin-schlusselanhanger-diy-585538	2026-10-02
https://luxestyle.ch/products/delikate-halskette-610400	2026-10-02
https://luxestyle.ch/products/delma-luftbefeuchter-black-pearl-5l-7bf73c	2026-10-02
https://luxestyle.ch/products/deluxe-wikingerhelm-fgaeu115205	2026-10-02
https://luxestyle.ch/products/denim-ankle-strap-sandalen-fur-damen-629100	2026-10-02
https://luxestyle.ch/products/denim-bandeau-kleid-mit-reissverschluss-611100	2026-10-02
https://luxestyle.ch/products/denim-blaues-kissen-fur-ihr-wohnzimmer-354752	2026-10-02
https://luxestyle.ch/products/denim-cap-bleu-washed-hellblau	2026-10-02
https://luxestyle.ch/products/denim-capri-shorts-fur-damen-613600	2026-10-02
https://luxestyle.ch/products/denim-chain-metallarmband-fur-smartwatches-317056	2026-10-02
https://luxestyle.ch/products/denim-geschirr-mit-leine-fur-hunde-997056	2026-10-02
https://luxestyle.ch/products/denim-hemd-mit-kordelzug-fur-damen-610800	2026-10-02
https://luxestyle.ch/products/denim-hemd-mit-umlegekragen-627200	2026-10-02
https://luxestyle.ch/products/denim-hemdblusenkleid-im-casual-look-633000	2026-10-02
https://luxestyle.ch/products/denim-herren-freizeitschuhe-601300	2026-10-02
https://luxestyle.ch/products/denim-hose-mit-weitem-bein-616300	2026-10-02
https://luxestyle.ch/products/denim-hundeleine-verschiedene-grossen-114897	2026-10-02
https://luxestyle.ch/products/denim-jacke-fur-herren-617400	2026-10-02
https://luxestyle.ch/products/denim-jacke-fur-herren-fruhling-herbst-627600	2026-10-02
https://luxestyle.ch/products/denim-jumpsuit-schulterfrei-mit-bindebandern-634600	2026-10-02
https://luxestyle.ch/products/denim-kettenarmband-aus-edelstahl-e69d35	2026-10-02
https://luxestyle.ch/products/denim-kleid-blau-635000	2026-10-02
https://luxestyle.ch/products/denim-kleid-mit-kurzen-armeln-und-taillengurte-610100	2026-10-02
https://luxestyle.ch/products/denim-latzhose-im-loose-fit-634100	2026-10-02
https://luxestyle.ch/products/denim-look-leggings-mit-hohem-bund-600800	2026-10-02
https://luxestyle.ch/products/denim-midi-kleid-mit-asymmetrischem-saum-611400	2026-10-02
https://luxestyle.ch/products/denim-minirock-mit-asymmetrischem-saum-618200	2026-10-02
https://luxestyle.ch/products/denim-minirock-mit-schnurung-637800	2026-10-02
https://luxestyle.ch/products/denim-pantoletten-mit-keilabsatz-812160	2026-10-02
https://luxestyle.ch/products/denim-patch-reversmantel-632600	2026-10-02
https://luxestyle.ch/products/denim-patchwork-plissiertes-langarm-kleid-605400	2026-10-02
https://luxestyle.ch/products/denim-patchwork-rollkragen-pullover-im-lagenlo-636400	2026-10-02
https://luxestyle.ch/products/denim-peep-toe-keilsandalen-fur-damen-617200	2026-10-02
https://luxestyle.ch/products/denim-rock-607600	2026-10-02
https://luxestyle.ch/products/denim-rock-mit-ombre-armeln-615900	2026-10-02
https://luxestyle.ch/products/denim-rucksack-fur-damen-gross-stylisch-761600	2026-10-02
https://luxestyle.ch/products/denim-rucksack-fur-studium-freizeit-5d73d4	2026-10-02
https://luxestyle.ch/products/denim-ruschenbluse-mit-langen-armeln-632000	2026-10-02
https://luxestyle.ch/products/denim-sandalen-mit-knochelriemen-954624	2026-10-02
https://luxestyle.ch/products/denim-sandalen-mit-riemen-und-plateau-613800	2026-10-02
https://luxestyle.ch/products/denim-schultertasche-mit-grosser-kapazitat-462336	2026-10-02
https://luxestyle.ch/products/denim-schurze-fur-kuche-und-gastronomie-615800	2026-10-02
https://luxestyle.ch/products/denim-shirt-mit-kurzarm-629100	2026-10-02
https://luxestyle.ch/products/denim-shorts-mit-hoher-taille-und-knopfleiste-603900	2026-10-02
https://luxestyle.ch/products/denim-shorts-mit-spitze-strass-hohem-bund-627400	2026-10-02
https://luxestyle.ch/products/denim-skort-im-retro-stil-626200	2026-10-02
https://luxestyle.ch/products/denim-skort-mit-anti-expositions-design-608200	2026-10-02
https://luxestyle.ch/products/denim-stiefel-mit-hohem-absatz-627600	2026-10-02
https://luxestyle.ch/products/denim-stiefel-mit-nieten-und-hohem-schaft-609900	2026-10-02
https://luxestyle.ch/products/denim-stiefeletten-mit-eckiger-spitze-630600	2026-10-02
https://luxestyle.ch/products/denim-tasche-jeans-color-block-herringbone	2026-10-02
https://luxestyle.ch/products/denim-v-neck-vestkleid-im-jap-kor-stil-600300	2026-10-02
https://luxestyle.ch/products/denim-weste-fur-fruhling-und-sommer-617100	2026-10-02
https://luxestyle.ch/products/denimblaues-haustier-leine-c59541	2026-10-02
https://luxestyle.ch/products/denimkleid-mit-schnurung-und-hoher-taille-620600	2026-10-02
https://luxestyle.ch/products/dental-handstuck-set-606900	2026-10-02
https://luxestyle.ch/products/dentalmaterialien-sperian-heiss-spitze-094720	2026-10-02
https://luxestyle.ch/products/deo-aufbewahrungstasche-mit-geruchsneutralisie-601600	2026-10-02
https://luxestyle.ch/products/deo-zehenkappe-leichter-schutzschuh-613800	2026-10-02
https://luxestyle.ch/products/derby-loafers-im-britischen-casual-stil-613800	2026-10-02
https://luxestyle.ch/products/derby-schuhe-mit-nieten-und-erhohter-sohle-618000	2026-10-02
https://luxestyle.ch/products/derm-kleine-umhangetasche-267200	2026-10-02
https://luxestyle.ch/products/dermatologische-zingergel-327617	2026-10-02
https://luxestyle.ch/products/desert-battle-outdoor-wanderstiefel-630700	2026-10-02
https://luxestyle.ch/products/desert-rose-parfum-spray-fur-damen-468098	2026-10-02
https://luxestyle.ch/products/design-flower-high-heels-624500	2026-10-02
https://luxestyle.ch/products/design-knot-color-block-armband-607300	2026-10-02
https://luxestyle.ch/products/design-sense-stehkragen-hemdjacke-623900	2026-10-02
https://luxestyle.ch/products/design-sense-strickjacke-mit-handgemaltem-must-630500	2026-10-02
https://luxestyle.ch/products/designer-crewneck-sweatshirt-fur-damen-624700	2026-10-02
https://luxestyle.ch/products/designer-inspiriertes-shirt-fur-grosse-grossen-611000	2026-10-02
https://luxestyle.ch/products/designer-patchwork-hoodie-mit-schleife-633300	2026-10-02
https://luxestyle.ch/products/designer-roman-sandalen-mit-ziersteppnahten-610400	2026-10-02
https://luxestyle.ch/products/designer-slimming-spicy-girl-top-624400	2026-10-02
https://luxestyle.ch/products/designer-stil-kurzarm-t-shirt-fur-herren-618500	2026-10-02
https://luxestyle.ch/products/designer-stil-polka-dot-spitze-camisole-611000	2026-10-02
https://luxestyle.ch/products/designer-style-sneakers-mit-plateausohle-614600	2026-10-02
https://luxestyle.ch/products/designer-wandteppich-aus-baumwoll-print-5d8af9	2026-10-02
https://luxestyle.ch/products/desinfektionsgerat-91a811	2026-10-02
https://luxestyle.ch/products/desinfizierender-zahnburstenhalter-mit-digital-602400	2026-10-02
https://luxestyle.ch/products/desktop-arbeitsspeicher-4gb-ddr3-1600-4e64fd	2026-10-02
https://luxestyle.ch/products/desktop-aufbewahrungsbox-mit-schubladen-629200	2026-10-02
https://luxestyle.ch/products/desktop-mikrofon-fur-pc-laptop-konsolen-915136	2026-10-02
https://luxestyle.ch/products/desktop-organizer-mit-3-schubladen-oder-masken-618000	2026-10-02
https://luxestyle.ch/products/desktop-pulley-trainer-fur-armkraft-621800	2026-10-02
https://luxestyle.ch/products/desktop-schminkspiegel-mit-led-licht-811392	2026-10-02
https://luxestyle.ch/products/destroy-aesthetic-freizeit-plateau-schuhe-644800	2026-10-02
https://luxestyle.ch/products/detektor-fur-versteckte-kameras-wanzen-836032	2026-10-02
https://luxestyle.ch/products/deutscher-flugabwehr-panzer-bausteine-623900	2026-10-02
https://luxestyle.ch/products/deutz-agrotron-x720-fga03080	2026-10-02
https://luxestyle.ch/products/devil-eye-fahrrad-rucklicht-mit-app-steuerung-611200	2026-10-02
https://luxestyle.ch/products/devil-s-claws-press-on-nails-violett-glitzer-722818	2026-10-02
https://luxestyle.ch/products/devil-wing-kunstliche-nagel-617400	2026-10-02
https://luxestyle.ch/products/dezember-geburtsstein-kordelring-635200	2026-10-02
https://luxestyle.ch/products/dezentes-silberarmband-mit-susswasserperlen-605800	2026-10-02
https://luxestyle.ch/products/diablo-mini-bauchtasche-mit-krokopragung-007488	2026-10-02
https://luxestyle.ch/products/diadem-aus-metall-royal-fgabo64543	2026-10-02
https://luxestyle.ch/products/diadem-aus-metall-royal-lady-ftbo64573	2026-10-02
https://luxestyle.ch/products/diadem-haarreif-mit-blumen-fgabo50031	2026-10-02
https://luxestyle.ch/products/diamant-anhanger-kette-657088	2026-10-02
https://luxestyle.ch/products/diamant-armband-fur-damen-aus-925er-silber-627800	2026-10-02
https://luxestyle.ch/products/diamant-armband-mit-geometrischem-muster-625700	2026-10-02
https://luxestyle.ch/products/diamant-armbanduhr-313344	2026-10-02
https://luxestyle.ch/products/diamant-dekanter-weinflasche-337856	2026-10-02
https://luxestyle.ch/products/diamant-feile-fur-angelhaken-tragbar-629800	2026-10-02
https://luxestyle.ch/products/diamant-feilen-set-trim-edge-057536	2026-10-02
https://luxestyle.ch/products/diamant-herrenuhr-mit-kalenderfunktion-309120	2026-10-02
https://luxestyle.ch/products/diamant-hundehalsband-254592	2026-10-02
https://luxestyle.ch/products/diamant-kettenarmband-631500	2026-10-02
https://luxestyle.ch/products/diamant-lauflernschuhe-fur-madchen-603400	2026-10-02
https://luxestyle.ch/products/diamant-malerei-5d-016960	2026-10-02
https://luxestyle.ch/products/diamant-malerei-kit-geburtstagskarte-652545	2026-10-02
https://luxestyle.ch/products/diamant-malerei-pfau-fur-zuhause-dc09c2	2026-10-02
https://luxestyle.ch/products/diamant-malerei-set-89a3c3	2026-10-02
https://luxestyle.ch/products/diamant-malerei-uhr-mit-pfau-motiv-118080	2026-10-02
https://luxestyle.ch/products/diamant-malerei-untersetzer-677698	2026-10-02
https://luxestyle.ch/products/diamant-malerei-untersetzer-diy-set-fur-erwach-934082	2026-10-02
https://luxestyle.ch/products/diamant-malerei-untersetzer-set-913601	2026-10-02
https://luxestyle.ch/products/diamant-messerscharfer-aus-wolframstahl-746280	2026-10-02
https://luxestyle.ch/products/diamant-messerscharfer-mit-festem-winkel-c8b87b	2026-10-02
https://luxestyle.ch/products/diamant-mosaik-ac8bf5	2026-10-02
https://luxestyle.ch/products/diamant-mosaik-schlusselanhanger-adler-muster-863873	2026-10-02
https://luxestyle.ch/products/diamant-muster-karte-zum-selbermachen-847810	2026-10-02
https://luxestyle.ch/products/diamant-muster-kit-fur-geburtstagskarten-220354	2026-10-02
https://luxestyle.ch/products/diamant-muster-schlusselanhanger-917249	2026-10-02
https://luxestyle.ch/products/diamant-muster-untersetzer-430465	2026-10-02
https://luxestyle.ch/products/diamant-ohrhanger-621600	2026-10-02
https://luxestyle.ch/products/diamant-painting-pfau-rundsteine-251456	2026-10-02
https://luxestyle.ch/products/diamant-painting-schneehutte-012771	2026-10-02
https://luxestyle.ch/products/diamant-painting-set-katze-und-schuh-087616	2026-10-02
https://luxestyle.ch/products/diamant-rap-hip-hop-armbanduhr-627700	2026-10-02
https://luxestyle.ch/products/diamant-schleifblock-fur-glas-und-fliesen-621300	2026-10-02
https://luxestyle.ch/products/diamant-schleifkopf-fur-die-beauty-nase-329536	2026-10-02
https://luxestyle.ch/products/diamant-stern-schlagarmband-639400	2026-10-02
https://luxestyle.ch/products/diamant-thermalkonduktivitaets-tester-2-genera-aeaf8e	2026-10-02
https://luxestyle.ch/products/diamant-tropfen-696386	2026-10-02
https://luxestyle.ch/products/diamant-uhr-mit-sternenanzeige-624242	2026-10-02
https://luxestyle.ch/products/diamant-und-moissanit-detektor-2-in-1-84672e	2026-10-02
https://luxestyle.ch/products/diamant-wurfelzucker-ring-fur-damen-629600	2026-10-02
https://luxestyle.ch/products/diamant-zifferblatt-quarzuhr-812480	2026-10-02
https://luxestyle.ch/products/diamantarmband-mit-galaxie-design-628300	2026-10-02
https://luxestyle.ch/products/diamantbesetzte-automatische-rollleine-682304	2026-10-02
https://luxestyle.ch/products/diamantbesetzte-creolen-637200	2026-10-02
https://luxestyle.ch/products/diamantbesetzte-quarzuhr-mit-leuchtzeigern-603776	2026-10-02
https://luxestyle.ch/products/diamantbesetzte-schlussel-halskette-mit-gesche-628700	2026-10-02
https://luxestyle.ch/products/diamantbesetzter-leopard-kopf-609500	2026-10-02
https://luxestyle.ch/products/diamantbesetztes-armband-635500	2026-10-02
https://luxestyle.ch/products/diamantbesetztes-ausziehbares-haustier-geschir-665c7b	2026-10-02
https://luxestyle.ch/products/diamantbesetztes-bestie-armband-607500	2026-10-02
https://luxestyle.ch/products/diamantbesetztes-edelstahl-armband-622700	2026-10-02
https://luxestyle.ch/products/diamantbesetztes-edelstahlarmband-fur-apple-wa-ce5e8d	2026-10-02
https://luxestyle.ch/products/diamantbesetztes-kreuz-armband-aus-925er-silbe-613900	2026-10-02
https://luxestyle.ch/products/diamantbesetztes-kreuzkettchen-625100	2026-10-02
https://luxestyle.ch/products/diamantbesetztes-letter-pendant-601900	2026-10-02
https://luxestyle.ch/products/diamantbesetztes-uhren-set-0961cb	2026-10-02
https://luxestyle.ch/products/diamanten-design-38de1c	2026-10-02
https://luxestyle.ch/products/diamanten-mosaik-d4b9a2	2026-10-02
https://luxestyle.ch/products/diamantformiges-zirkonia-armband-minimalistisc-052674	2026-10-02
https://luxestyle.ch/products/diamantformiges-zirkonia-armband-mit-ethereale-313089	2026-10-02
https://luxestyle.ch/products/diamantmalerei-leinwand-120-55-cm-608200	2026-10-02
https://luxestyle.ch/products/diamantmalerei-untersetzer-diy-rose-muster-fur-668289	2026-10-02
https://luxestyle.ch/products/diamantmuster-cardigan-601900	2026-10-02
https://luxestyle.ch/products/diamantring-mit-eiskristall-schliff-630800	2026-10-02
https://luxestyle.ch/products/diamantstickerei-497664	2026-10-02
https://luxestyle.ch/products/diamantuhren-610700	2026-10-02
https://luxestyle.ch/products/diamantverzierte-gedenk-armbanduhr-627800	2026-10-02
https://luxestyle.ch/products/diamond-12-gems-make-up-pinsel-set-298688	2026-10-02
https://luxestyle.ch/products/diamond-art-coaster-set-mit-halterung-712962	2026-10-02
https://luxestyle.ch/products/diamond-auto-luftbefeuchter-mit-led-010752	2026-10-02
https://luxestyle.ch/products/diamond-check-crop-top-mermaid-maxi-rock-set-571650	2026-10-02
https://luxestyle.ch/products/diamond-checker-starlight-lederarmband-091968	2026-10-02
https://luxestyle.ch/products/diamond-denim-straight-leg-pants-fur-herren-603300	2026-10-02
https://luxestyle.ch/products/diamond-girl-pure-desire-wind-mush-ice-white-m-627900	2026-10-02
https://luxestyle.ch/products/diamond-highlight-puder-ffeab4	2026-10-02
https://luxestyle.ch/products/diamond-lattice-herren-rucksack-609800	2026-10-02
https://luxestyle.ch/products/diamond-make-up-pinsel-stiftehalter-610800	2026-10-02
https://luxestyle.ch/products/diamond-make-up-pinselset-20-stk-34eb73	2026-10-02
https://luxestyle.ch/products/diamond-material-pack-nagel-accessoires-606000	2026-10-02
https://luxestyle.ch/products/diamond-painting-abstraktes-diamant-mosaik-7b2707	2026-10-02
https://luxestyle.ch/products/diamond-painting-afrikanische-frau-895040	2026-10-02
https://luxestyle.ch/products/diamond-painting-bild-30-x-40-cm-4f6cc7	2026-10-02
https://luxestyle.ch/products/diamond-painting-blumen-fur-wohnzimmer-veranda-970304	2026-10-02
https://luxestyle.ch/products/diamond-painting-bunter-elefant-30x30-cm-fb62ea	2026-10-02
https://luxestyle.ch/products/diamond-painting-der-kuss-von-gustav-klimt-a492a1	2026-10-02
https://luxestyle.ch/products/diamond-painting-elefanten-spaziergang-5dd28c	2026-10-02
https://luxestyle.ch/products/diamond-painting-eulenfamilie-25064a	2026-10-02
https://luxestyle.ch/products/diamond-painting-funf-zusammenhangende-bilder-193792	2026-10-02
https://luxestyle.ch/products/diamond-painting-holzanhanger-set-647808	2026-10-02
https://luxestyle.ch/products/diamond-painting-holzpferd-spezialform-d61f29	2026-10-02
https://luxestyle.ch/products/diamond-painting-indischer-elefant-b54d49	2026-10-02
https://luxestyle.ch/products/diamond-painting-katze-347712	2026-10-02
https://luxestyle.ch/products/diamond-painting-klassischer-pfau-xxl-c07bba	2026-10-02
https://luxestyle.ch/products/diamond-painting-kreuzstich-set-319488	2026-10-02
https://luxestyle.ch/products/diamond-painting-kreuzstich-werkzeug-set-fedc6f	2026-10-02
https://luxestyle.ch/products/diamond-painting-landschaftskarte-002176	2026-10-02
https://luxestyle.ch/products/diamond-painting-landwirtschaftlicher-traktor-186240	2026-10-02
https://luxestyle.ch/products/diamond-painting-leinwand-9059c6	2026-10-02
https://luxestyle.ch/products/diamond-painting-lowe-sonderform-aa7046	2026-10-02
https://luxestyle.ch/products/diamond-painting-mappchen-896896	2026-10-02
https://luxestyle.ch/products/diamond-painting-mit-tiermotiv-30x40-cm-986816	2026-10-02
https://luxestyle.ch/products/diamond-painting-mond-konstellation-hirsch-045952	2026-10-02
https://luxestyle.ch/products/diamond-painting-mosaik-rose-stickset-468480	2026-10-02
https://luxestyle.ch/products/diamond-painting-notizbuch-28b363	2026-10-02
https://luxestyle.ch/products/diamond-painting-notizbuch-a5-0110b9	2026-10-02
https://luxestyle.ch/products/diamond-painting-notizbuch-ocean-vibes-44a418	2026-10-02
https://luxestyle.ch/products/diamond-painting-notizbuch-set-071aed	2026-10-02
https://luxestyle.ch/products/diamond-painting-notizbuch-verschiedene-muster-02a5f9	2026-10-02
https://luxestyle.ch/products/diamond-painting-schadelmadchen-halloween-088768	2026-10-02
https://luxestyle.ch/products/diamond-painting-schlusselanhanger-diy-set-86b10c	2026-10-02
https://luxestyle.ch/products/diamond-painting-schonheit-8aba4d	2026-10-02
https://luxestyle.ch/products/diamond-painting-schwarze-katze-2452b1	2026-10-02
https://luxestyle.ch/products/diamond-painting-set-fuchs-mit-blattmotiv-655744	2026-10-02
https://luxestyle.ch/products/diamond-painting-set-fur-kinder-mit-holzrahmen-097024	2026-10-02
https://luxestyle.ch/products/diamond-painting-set-mit-runden-kristalldiaman-d7fb3a	2026-10-02
https://luxestyle.ch/products/diamond-painting-set-mit-spezialsteinen-26cd23	2026-10-02
https://luxestyle.ch/products/diamond-painting-skelett-frau-354752	2026-10-02
https://luxestyle.ch/products/diamond-painting-sonnenfanger-bastelset-13-tei-816450	2026-10-02
https://luxestyle.ch/products/diamond-painting-spiegel-bastelset-schneeflock-130753	2026-10-02
https://luxestyle.ch/products/diamond-painting-stickblumen-mit-spezialsteine-0d9012	2026-10-02
https://luxestyle.ch/products/diamond-painting-stift-set-mit-gewinde-984192	2026-10-02
https://luxestyle.ch/products/diamond-painting-tanzendes-madchen-7e1d4d	2026-10-02
https://luxestyle.ch/products/diamond-painting-tiere-und-pflanzen-890496	2026-10-02
https://luxestyle.ch/products/diamond-painting-tower-bridge-4c94a0	2026-10-02
https://luxestyle.ch/products/diamond-painting-traumstern-86cf2b	2026-10-02
https://luxestyle.ch/products/diamond-painting-wandbild-volldekoration-782464	2026-10-02
https://luxestyle.ch/products/diamond-painting-wasserfall-landschaft-792384	2026-10-02
https://luxestyle.ch/products/diamond-painting-weihnachts-schlusselanhanger-311553	2026-10-02
https://luxestyle.ch/products/diamond-painting-weisser-tiger-rund-654304	2026-10-02
https://luxestyle.ch/products/diamond-painting-werkzeug-set-mit-metallspitze-847104	2026-10-02
https://luxestyle.ch/products/diamond-painting-wohnzimmer-deko-786048	2026-10-02
https://luxestyle.ch/products/diamond-painting-wohnzimmer-deko-800256	2026-10-02
https://luxestyle.ch/products/diamond-painting-zubehor-set-402370	2026-10-02
https://luxestyle.ch/products/diamond-painting-zubehor-set-mit-box-trays-549761	2026-10-02
https://luxestyle.ch/products/diamond-pattern-boxbirne-964544	2026-10-02
https://luxestyle.ch/products/diamond-pinsel-set-mit-15-bursten-21c773	2026-10-02
https://luxestyle.ch/products/diamond-pinselset-komplettes-make-up-pinselset-8252dc	2026-10-02
https://luxestyle.ch/products/diamond-plaid-samtkissenbezug-64b4e9	2026-10-02
https://luxestyle.ch/products/diamond-ring-set-fur-damen-613400	2026-10-02
https://luxestyle.ch/products/diamond-snake-press-on-nagel-294657	2026-10-02
https://luxestyle.ch/products/diamond-usb-stick-kreatives-metall-design-633600	2026-10-02
https://luxestyle.ch/products/diatomit-badematte-schnelltrocknend-rutschfest-d1e878	2026-10-02
https://luxestyle.ch/products/diatomit-tischmatte-610300	2026-10-02
https://luxestyle.ch/products/dichte-lockige-einzel-wimpern-615400	2026-10-02
https://luxestyle.ch/products/dichte-runde-wimpern-aus-mink-haar-609500	2026-10-02
https://luxestyle.ch/products/dichtungsstreifen-fur-fenster-und-turen-637100	2026-10-02
https://luxestyle.ch/products/dick-gefutterte-yoga-leggings-608400	2026-10-02
https://luxestyle.ch/products/dick-gestrickter-pullover-611200	2026-10-02
https://luxestyle.ch/products/dicke-absatz-sandalen-027968	2026-10-02
https://luxestyle.ch/products/dicke-baumwoll-sportschuhe-mit-hasenmotiv-cb116c	2026-10-02
https://luxestyle.ch/products/dicke-isolierte-snow-boots-mit-sherpa-futter-621500	2026-10-02
https://luxestyle.ch/products/dicke-kinderdecke-e82831	2026-10-02
https://luxestyle.ch/products/dicke-lammwoll-sweatshirt-637700	2026-10-02
https://luxestyle.ch/products/dicke-sohle-freizeitschuhe-610200	2026-10-02
https://luxestyle.ch/products/dicke-sohle-zehenkappe-nieten-pantoletten-606600	2026-10-02
https://luxestyle.ch/products/dicke-sohlen-casual-outdoor-slipper-608700	2026-10-02
https://luxestyle.ch/products/dicke-thermo-daunen-und-baumwollhandschuhe-639700	2026-10-02
https://luxestyle.ch/products/dicke-warme-winterhandschuhe-fur-damen-619600	2026-10-02
https://luxestyle.ch/products/dickenmessgerat-fur-folien-und-stoffe-241600	2026-10-02
https://luxestyle.ch/products/dicker-baumwollmantel-mit-standkragen-617200	2026-10-02
https://luxestyle.ch/products/dicker-baumwollstoff-mit-sussem-katzenmuster-488704	2026-10-02
https://luxestyle.ch/products/dicker-hacke-pumps-im-britischen-stil-606500	2026-10-02
https://luxestyle.ch/products/dicker-kochtopf-fur-induktionsherde-631400	2026-10-02
https://luxestyle.ch/products/dicker-langarm-rundhalspullover-aus-reiner-bau-613400	2026-10-02
https://luxestyle.ch/products/dicker-strickpullover-625000	2026-10-02
https://luxestyle.ch/products/dicker-strickpullover-mit-puppenkragen-607500	2026-10-02
https://luxestyle.ch/products/dicker-strickpullover-mit-rundhalsausschnitt-611200	2026-10-02
https://luxestyle.ch/products/dickes-antihaftendes-backblech-636400	2026-10-02
https://luxestyle.ch/products/dickes-bissfestes-hunde-leine-5aed2e	2026-10-02
https://luxestyle.ch/products/dickes-futon-haustierkissen-fur-meditation-475328	2026-10-02
https://luxestyle.ch/products/dickes-haustierhalsband-aus-samt-e5221c	2026-10-02
https://luxestyle.ch/products/dickes-haustierhalsband-mit-leine-4cfb9b	2026-10-02
https://luxestyle.ch/products/dickes-korallen-fleece-badetuch-604100	2026-10-02
https://luxestyle.ch/products/dickes-kunstleder-mit-palmenprint-761728	2026-10-02
https://luxestyle.ch/products/dickes-naturliches-russisch-gekrummtes-eyelash-610300	2026-10-02
https://luxestyle.ch/products/dickes-polyester-gstaltli-fur-hunde-7b351c	2026-10-02
https://luxestyle.ch/products/dickes-sitzkissen-mit-cartoon-motiv-631104	2026-10-02
https://luxestyle.ch/products/dickes-ubergrosses-badetuch-aus-baumwolle-620400	2026-10-02
https://luxestyle.ch/products/dickgewebte-vier-lagen-jacquard-decke-mit-fran-614800	2026-10-02
https://luxestyle.ch/products/dickschale-memory-foam-sitze-621300	2026-10-02
https://luxestyle.ch/products/dicksohlige-hochhackige-sandalen-634100	2026-10-02
https://luxestyle.ch/products/dicksohlige-sandalen-602700	2026-10-02
https://luxestyle.ch/products/dida-eistropf-kanne-7d80c1	2026-10-02
https://luxestyle.ch/products/die-reiche-erbin-elegante-armellose-robe-627800	2026-10-02
https://luxestyle.ch/products/diebstahlsichere-rucksack-mit-zahlenschloss-189312	2026-10-02
https://luxestyle.ch/products/diebstahlsicherer-geneva-rucksack-aus-leder-288256	2026-10-02
https://luxestyle.ch/products/diebstahlsicherer-rucksack-mit-zahlenschloss-981888	2026-10-02
https://luxestyle.ch/products/digital-bedruckte-flanelldecke-415424	2026-10-02
https://luxestyle.ch/products/digital-bedruckter-damen-v-pullover-637600	2026-10-02
https://luxestyle.ch/products/digital-bedrucktes-a-linien-kleid-mit-v-aussch-626100	2026-10-02
https://luxestyle.ch/products/digital-bedrucktes-kurzarmhemd-615300	2026-10-02
https://luxestyle.ch/products/digital-bedrucktes-langarmshirt-fur-herren-631000	2026-10-02
https://luxestyle.ch/products/digital-malerei-907712	2026-10-02
https://luxestyle.ch/products/digital-painting-loyal-companion-40x50-db8cca	2026-10-02
https://luxestyle.ch/products/digital-print-christmas-hoodie-fur-damen-610500	2026-10-02
https://luxestyle.ch/products/digital-print-tanktop-maxirock-kleid-618700	2026-10-02
https://luxestyle.ch/products/digital-printing-gossip-mask-wandteppich-8279de	2026-10-02
https://luxestyle.ch/products/digital-zeichenbrett-88e623	2026-10-02
https://luxestyle.ch/products/digitaldruck-midi-rock-damen-630300	2026-10-02
https://luxestyle.ch/products/digitale-armbanduhr-aus-holz-fur-herren-275264	2026-10-02
https://luxestyle.ch/products/digitale-armbanduhr-fur-studierende-c4ca8c	2026-10-02
https://luxestyle.ch/products/digitale-armbanduhr-im-futuristischen-design-639300	2026-10-02
https://luxestyle.ch/products/digitale-aufbewahrungstasche-fur-kabel-zubehor-381760	2026-10-02
https://luxestyle.ch/products/digitale-druck-damenkleid-639100	2026-10-02
https://luxestyle.ch/products/digitale-gemalde-061120	2026-10-02
https://luxestyle.ch/products/digitale-haustierwaage-fur-welpen-und-katzchen-787008	2026-10-02
https://luxestyle.ch/products/digitale-herren-sportuhr-601200	2026-10-02
https://luxestyle.ch/products/digitale-kaffeewaage-mit-timer-631200	2026-10-02
https://luxestyle.ch/products/digitale-kalender-quarzuhr-fur-herren-647936	2026-10-02
https://luxestyle.ch/products/digitale-kuchenwaage-aus-edelstahl-dbbe7b	2026-10-02
https://luxestyle.ch/products/digitale-kuchenwaage-mit-lcd-bildschirm-3575be	2026-10-02
https://luxestyle.ch/products/digitale-kuchenwaage-mit-messbecher-058240	2026-10-02
https://luxestyle.ch/products/digitale-led-uhr-963264	2026-10-02
https://luxestyle.ch/products/digitale-lupe-mit-mikroskop-628200	2026-10-02
https://luxestyle.ch/products/digitale-multifunktionsuhr-im-kleinformat-609900	2026-10-02
https://luxestyle.ch/products/digitale-multifunktionsuhr-mit-leuchtanzeige-944448	2026-10-02
https://luxestyle.ch/products/digitale-nixie-rohrenuhr-mit-6-rohren-431808	2026-10-02
https://luxestyle.ch/products/digitale-olgemalde-dekoration-194176	2026-10-02
https://luxestyle.ch/products/digitale-olgemalde-rose-362560	2026-10-02
https://luxestyle.ch/products/digitale-outdoor-herrenuhr-mit-kompass-000064	2026-10-02
https://luxestyle.ch/products/digitale-quarz-uhr-mit-dreifach-auge-129afa	2026-10-02
https://luxestyle.ch/products/digitale-quarzuhr-aus-edelstahl-782016	2026-10-02
https://luxestyle.ch/products/digitale-quarzuhr-fur-paare-316736	2026-10-02
https://luxestyle.ch/products/digitale-sonnenbrille-mit-bluetooth-funktion-9ae00a	2026-10-02
https://luxestyle.ch/products/digitale-sportuhr-635000	2026-10-02
https://luxestyle.ch/products/digitale-sportuhr-fur-kinder-und-studenten-074560	2026-10-02
https://luxestyle.ch/products/digitale-uhr-fur-unisex-636400	2026-10-02
https://luxestyle.ch/products/digitale-waage-180-kg-mit-lcd-anzeige-016770	2026-10-02
https://luxestyle.ch/products/digitale-zeichentafel-888448	2026-10-02
https://luxestyle.ch/products/digitaler-2-1-stereo-verstarker-mit-bass-553920	2026-10-02
https://luxestyle.ch/products/digitaler-6-in-1-ph-meter-wassertester-622200	2026-10-02
https://luxestyle.ch/products/digitaler-bilderrahmen-mit-e-tinte-610800	2026-10-02
https://luxestyle.ch/products/digitaler-diktierer-mit-64gb-und-sprachaktivie-440578	2026-10-02
https://luxestyle.ch/products/digitaler-drehmomentschlussel-17-340-nm-618600	2026-10-02
https://luxestyle.ch/products/digitaler-fleece-pullover-mit-print-603600	2026-10-02
https://luxestyle.ch/products/digitaler-haarschneider-und-trimmer-616200	2026-10-02
https://luxestyle.ch/products/digitaler-handzahler-fur-personenstatistik-f8c2e6	2026-10-02
https://luxestyle.ch/products/digitaler-kalenderwecker-mit-medikamenten-erin-609900	2026-10-02
https://luxestyle.ch/products/digitaler-kamera-rucksack-mit-mehreren-fachern-012416	2026-10-02
https://luxestyle.ch/products/digitaler-kurzzeitmesser-fur-die-kuche-638600	2026-10-02
https://luxestyle.ch/products/digitaler-led-spiegelwecker-5037f3	2026-10-02
https://luxestyle.ch/products/digitaler-messschieber-414656	2026-10-02
https://luxestyle.ch/products/digitaler-messschieber-fur-perlen-edelsteine-627800	2026-10-02
https://luxestyle.ch/products/digitaler-neigungsmesser-mit-magnetfuss-643900	2026-10-02
https://luxestyle.ch/products/digitaler-neigungsmesser-und-winkelmesser-635200	2026-10-02
https://luxestyle.ch/products/digitaler-olbild-441152	2026-10-02
https://luxestyle.ch/products/digitaler-olbild-druck-abstracte-frau-und-katz-8486fd	2026-10-02
https://luxestyle.ch/products/digitaler-olgemalde-120896	2026-10-02
https://luxestyle.ch/products/digitaler-olgemalde-effekt-fur-wohnzimmer-393472	2026-10-02
https://luxestyle.ch/products/digitaler-organizer-gross-wasserabweisend-610800	2026-10-02
https://luxestyle.ch/products/digitaler-prazisions-messschieber-0aa837	2026-10-02
https://luxestyle.ch/products/digitaler-radiowecker-mit-usb-ladeanschluss-489216	2026-10-02
https://luxestyle.ch/products/digitaler-reise-wecker-im-taschenformat-117952	2026-10-02
https://luxestyle.ch/products/digitaler-schlussel-fur-e-scooter-626700	2026-10-02
https://luxestyle.ch/products/digitaler-skorpion-bausatz-aus-metall-063616	2026-10-02
https://luxestyle.ch/products/digitaler-thermostat-fur-fussbodenheizung-992000	2026-10-02
https://luxestyle.ch/products/digitaler-turspion-mit-lcd-monitor-710656	2026-10-02
https://luxestyle.ch/products/digitaler-wecker-mit-kalender-snooze-875520	2026-10-02
https://luxestyle.ch/products/digitaler-zeitschalter-mit-display-8ac45d	2026-10-02
https://luxestyle.ch/products/digitales-3-port-usb-ladegerat-mit-display-057920	2026-10-02
https://luxestyle.ch/products/digitales-auto-ladegerat-fur-zigarettenanzunde-612100	2026-10-02
https://luxestyle.ch/products/digitales-babyphone-mit-4-3-zoll-display-384640	2026-10-02
https://luxestyle.ch/products/digitales-bluetooth-multimeter-565120	2026-10-02
https://luxestyle.ch/products/digitales-bugelmessschrauben-set-624600	2026-10-02
https://luxestyle.ch/products/digitales-diy-olgemalde-46d56b	2026-10-02
https://luxestyle.ch/products/digitales-hand-spirometer-600400	2026-10-02
https://luxestyle.ch/products/digitales-inspektionsmikroskop-638300	2026-10-02
https://luxestyle.ch/products/digitales-isolationsmessgerat-612900	2026-10-02
https://luxestyle.ch/products/digitales-kindermikroskop-fur-draussen-625200	2026-10-02
https://luxestyle.ch/products/digitales-kochthermometer-mit-silikonspatel-162176	2026-10-02
https://luxestyle.ch/products/digitales-kuchen-bratenthermometer-620100	2026-10-02
https://luxestyle.ch/products/digitales-leinwandbild-personalisierbar-973440	2026-10-02
https://luxestyle.ch/products/digitales-malen-nach-zahlen-landschaft-600384	2026-10-02
https://luxestyle.ch/products/digitales-malset-sternzeichen-landschaft-996096	2026-10-02
https://luxestyle.ch/products/digitales-meridian-massagegerat-mit-farb-touch-753088	2026-10-02
https://luxestyle.ch/products/digitales-multimeter-mit-grossem-display-868352	2026-10-02
https://luxestyle.ch/products/digitales-nachtsichtgerat-mit-hd-teleskop-604800	2026-10-02
https://luxestyle.ch/products/digitales-olbild-110720	2026-10-02
https://luxestyle.ch/products/digitales-olbild-rahmenlos-im-blumenstil-844160	2026-10-02
https://luxestyle.ch/products/digitales-olgemalde-blumen-zum-selbermalen-985216	2026-10-02
https://luxestyle.ch/products/digitales-olgemalde-landschaft-tier-oder-blume-223040	2026-10-02
https://luxestyle.ch/products/digitales-olgemalde-nach-foto-524800	2026-10-02
https://luxestyle.ch/products/digitales-olgemalde-nach-foto-individuell-580160	2026-10-02
https://luxestyle.ch/products/digitales-olgemalde-nach-zahlen-265088	2026-10-02
https://luxestyle.ch/products/digitales-olgemalde-nach-zahlen-gerahmt-676608	2026-10-02
https://luxestyle.ch/products/digitales-olgemalde-nach-zahlen-ohne-rahmen-183360	2026-10-02
https://luxestyle.ch/products/digitales-olgemalde-zum-ausmalen-606720	2026-10-02
https://luxestyle.ch/products/digitales-olgemalde-zum-selbermalen-195776	2026-10-02
https://luxestyle.ch/products/digitales-sport-trikot-im-retro-stil-639300	2026-10-02
https://luxestyle.ch/products/digitales-tier-olgemalde-zebra-diy-kit-741632	2026-10-02
https://luxestyle.ch/products/digitales-usb-mikroskop-mit-hd-auflosung-472192	2026-10-02
https://luxestyle.ch/products/digitales-wasserhahn-thermometer-fur-babys-581504	2026-10-02
https://luxestyle.ch/products/digitales-zeichenbrett-fur-smartphone-und-pc-163456	2026-10-02
https://luxestyle.ch/products/digitalmalerie-steinberg-moderne-einrichtung-227328	2026-10-02
https://luxestyle.ch/products/digitalolmalerei-rahmenlose-landschaftsdekorat-037376	2026-10-02
https://luxestyle.ch/products/digitalprint-v-neck-pullover-fur-damen-639800	2026-10-02
https://luxestyle.ch/products/digitaluhr-sport-wasserdicht-althohenmesser-ba-547584	2026-10-02
https://luxestyle.ch/products/dijia-quarzuhr-mit-kalenderfunktion-123136	2026-10-02
https://luxestyle.ch/products/diktieruhr-fur-business-und-studium-332864	2026-10-02
https://luxestyle.ch/products/dimension-pd225w-fast-charge-power-bank-629900	2026-10-02
https://luxestyle.ch/products/dimmbare-kerzenlampe-mit-timer-605200	2026-10-02
https://luxestyle.ch/products/dimmbare-usb-tischleuchte-akkubetrieben-611800	2026-10-02
https://luxestyle.ch/products/dimmbarer-kosmetikspiegel-mit-akku-347712	2026-10-02
https://luxestyle.ch/products/dimmer-fur-zweifarbige-led-lichtleisten-221120	2026-10-02
https://luxestyle.ch/products/dino-kids-t-shirt-152527	2026-10-02
https://luxestyle.ch/products/dino-offroad-fahrzeug-bausatz-352-teile-612000	2026-10-02
https://luxestyle.ch/products/dino-regenstiefel-624700	2026-10-02
https://luxestyle.ch/products/dino-weihnachtsbaum-pyjama-fur-die-ganze-famil-602400	2026-10-02
https://luxestyle.ch/products/dinosaurier-baumwoll-leinwandstoff-781120	2026-10-02
https://luxestyle.ch/products/dinosaurier-bausteine-fur-kinder-931776	2026-10-02
https://luxestyle.ch/products/dinosaurier-bausteine-kleine-partikel-603500	2026-10-02
https://luxestyle.ch/products/dinosaurier-ei-futterspender-kauspielzeug-609400	2026-10-02
https://luxestyle.ch/products/dinosaurier-ei-nachtlicht-mit-touch-sensor-763264	2026-10-02
https://luxestyle.ch/products/dinosaurier-hausschuhe-fur-kinder-68eb14	2026-10-02
https://luxestyle.ch/products/dinosaurier-hundespielzeug-fur-grosse-hunde-5674b4	2026-10-02
https://luxestyle.ch/products/dinosaurier-kinderrucksack-294720	2026-10-02
https://luxestyle.ch/products/dinosaurier-led-mesh-sneaker-fur-kinder-625900	2026-10-02
https://luxestyle.ch/products/dinosaurier-plusch-anhanger-603000	2026-10-02
https://luxestyle.ch/products/dinosaurier-pyjama-partnerlook-fur-die-ganze-f-612500	2026-10-02
https://luxestyle.ch/products/dinosaurier-roboter-bausatz-559744	2026-10-02
https://luxestyle.ch/products/dinosaurier-rucksack-fur-damen-und-herren-204736	2026-10-02
https://luxestyle.ch/products/dinosaurier-rucksack-fur-kinder-mit-wirbelsaul-586624	2026-10-02
https://luxestyle.ch/products/dinosaurier-rucksack-set-fur-kinder-432768	2026-10-02
https://luxestyle.ch/products/dinosaurier-rutschbahn-bausteine-611400	2026-10-02
https://luxestyle.ch/products/dinosaurier-rutschbahn-mit-musik-und-licht-60c27a	2026-10-02
https://luxestyle.ch/products/dinosaurier-rutschbahn-mit-treppen-abenteuer-607900	2026-10-02
https://luxestyle.ch/products/dinosaurier-skelett-kostum-fur-haustiere-607600	2026-10-02
https://luxestyle.ch/products/dinosaurier-t-rex-bausteine-puzzle-861376	2026-10-02
https://luxestyle.ch/products/dinosaurier-twill-baumwollstoff-372352	2026-10-02
https://luxestyle.ch/products/direktzerstaubendes-locken-glatteisen-43748a	2026-10-02
https://luxestyle.ch/products/dirndl-2-teilig-silber-altrosa-fgahb292052	2026-10-02
https://luxestyle.ch/products/dirndl-altrosa-fgsshb2925	2026-10-02
https://luxestyle.ch/products/dirndl-altrosa-grun-fgsshb2960	2026-10-02
https://luxestyle.ch/products/dirndl-altsilber-altrosa-fgsshb2920	2026-10-02
https://luxestyle.ch/products/dirndl-antik-rosa-fgsshb2941	2026-10-02
https://luxestyle.ch/products/dirndl-aus-jacquard-fgsshb3620	2026-10-02
https://luxestyle.ch/products/dirndl-blau-fgsshb2101	2026-10-02
https://luxestyle.ch/products/dirndl-blau-weiss-polka-fgsshb2508	2026-10-02
https://luxestyle.ch/products/dirndl-blumenmotiv-fgsshb2562	2026-10-02
https://luxestyle.ch/products/dirndl-hellblau-fgsshb2940	2026-10-02
https://luxestyle.ch/products/dirndl-in-trendigem-olivgrun-fgsshb2522	2026-10-02
https://luxestyle.ch/products/dirndl-jaquard-fgsshb3665	2026-10-02
https://luxestyle.ch/products/dirndl-jaquard-flieder-schwarz-fgsshb3635	2026-10-02
https://luxestyle.ch/products/dirndl-jaquard-meeresgrun-fgsshb3655	2026-10-02
https://luxestyle.ch/products/dirndl-jaquard-nachtblau-fgsshb3640	2026-10-02
https://luxestyle.ch/products/dirndl-mit-blumen-fgsshb2535	2026-10-02
https://luxestyle.ch/products/dirndl-mit-h-tragern-fgsshb2131	2026-10-02
https://luxestyle.ch/products/dirndl-mit-h-tragern-grosse-42-fthb213042	2026-10-02
https://luxestyle.ch/products/dirndl-mit-h-tragern-grosse-44-fthb213044	2026-10-02
https://luxestyle.ch/products/dirndl-polka-fgsshb2511	2026-10-02
https://luxestyle.ch/products/dirndl-retro-ohne-bluse-fgsshb2991	2026-10-02
https://luxestyle.ch/products/dirndl-rot-fgsshb2100	2026-10-02
https://luxestyle.ch/products/dirndl-rote-rosen-fgsshb2504	2026-10-02
https://luxestyle.ch/products/dirndl-samt-fgsshb2992	2026-10-02
https://luxestyle.ch/products/dirndl-schwarz-mit-schurze-mit-blumenmuste-fgsshb2534	2026-10-02
https://luxestyle.ch/products/dirndl-schwarz-taupe-fgsshb2560	2026-10-02
https://luxestyle.ch/products/dirndl-spange-in-herzform-fgahb8250	2026-10-02
https://luxestyle.ch/products/dirndl-weinrot-fgsshb2935	2026-10-02
https://luxestyle.ch/products/dirndlbluse-aus-spitze-fgsshb2702	2026-10-02
https://luxestyle.ch/products/dirndlbluse-fgsshb2701	2026-10-02
https://luxestyle.ch/products/dirndlbluse-mit-flugelarmeln-fgsshb2704	2026-10-02
https://luxestyle.ch/products/dirndlbluse-spitze-cremefarben-fgsshb2711	2026-10-02
https://luxestyle.ch/products/dirndlbluse-spitze-weiss-fgsshb2708	2026-10-02
https://luxestyle.ch/products/dirndlbluse-weiss-fgsshb2705	2026-10-02
https://luxestyle.ch/products/dirndlbluse-weiss-fgsshb2707	2026-10-02
https://luxestyle.ch/products/dirndltasche-herzformig-rot-fgahb8204	2026-10-02
https://luxestyle.ch/products/disc-halterung-fur-ps5-xbox-series-x-und-mehr-508e3f	2026-10-02
https://luxestyle.ch/products/disc-soccer-trainer-603000	2026-10-02
https://luxestyle.ch/products/disco-hemd-diamond-gold-fgssbo0228	2026-10-02
https://luxestyle.ch/products/discohemd-70er-jahre-lila-fgss9554	2026-10-02
https://luxestyle.ch/products/discokugel-mini-fga76807	2026-10-02
https://luxestyle.ch/products/dishwasher-beistellkorb-467840	2026-10-02
https://luxestyle.ch/products/display-einheit-fur-iphone-x-xs-xr-536c13	2026-10-02
https://luxestyle.ch/products/display-reiniger-2in1-handy-tablet	2026-10-02
https://luxestyle.ch/products/distress-jeans-slim-fit-610700	2026-10-02
https://luxestyle.ch/products/distressed-biker-schuhe-mit-stollen-632500	2026-10-02
https://luxestyle.ch/products/distressed-fransen-weste-fur-herren-615800	2026-10-02
https://luxestyle.ch/products/distressed-hoodie-mit-drop-shoulder-626100	2026-10-02
https://luxestyle.ch/products/distressed-jeans-fur-herren-632300	2026-10-02
https://luxestyle.ch/products/distressed-leder-off-shoulder-jacke-616700	2026-10-02
https://luxestyle.ch/products/distressed-loose-fit-baumwoll-shirt-611100	2026-10-02
https://luxestyle.ch/products/distressed-nyc-patchwork-baseball-cap-148033	2026-10-02
https://luxestyle.ch/products/distressed-overalls-622800	2026-10-02
https://luxestyle.ch/products/distressed-patchwork-jeans-im-street-style-626700	2026-10-02
https://luxestyle.ch/products/distressed-slim-fit-jeans-606100	2026-10-02
https://luxestyle.ch/products/distressed-washed-denim-jeans-615500	2026-10-02
https://luxestyle.ch/products/diving-creek-aqua-und-watschuh-637000	2026-10-02
https://luxestyle.ch/products/dixie-hefe-aminosauren-feuchtigkeitsset-12-tei-627100	2026-10-02
https://luxestyle.ch/products/diy-3d-wanduhr-aus-acryl-verschiedene-grossen-638700	2026-10-02
https://luxestyle.ch/products/diy-456-clusters-gro-e-wimpern-vielfalt-610900	2026-10-02
https://luxestyle.ch/products/diy-5d-diamond-painting-schlafzimmer-deko-938304	2026-10-02
https://luxestyle.ch/products/diy-5d-diamond-painting-sternzeichen-madchen-108672	2026-10-02
https://luxestyle.ch/products/diy-acryl-magnete-fur-kuhlschrank-628100	2026-10-02
https://luxestyle.ch/products/diy-acrylgarn-fur-kreative-handarbeiten-388352	2026-10-02
https://luxestyle.ch/products/diy-anhanger-fur-armbander-im-resort-stil-630400	2026-10-02
https://luxestyle.ch/products/diy-armband-aus-925-sterling-silber-619500	2026-10-02
https://luxestyle.ch/products/diy-armband-mit-buchstaben-anhanger-601800	2026-10-02
https://luxestyle.ch/products/diy-armband-mit-herzanhanger-aus-edelstahl-607600	2026-10-02
https://luxestyle.ch/products/diy-armband-mit-kupfer-925-silber-anhangern-605900	2026-10-02
https://luxestyle.ch/products/diy-armband-mit-pfoten-und-herzperlen-624500	2026-10-02
https://luxestyle.ch/products/diy-armband-perle-versilbert-628000	2026-10-02
https://luxestyle.ch/products/diy-armband-verschluss-mit-planeten-motiv-605200	2026-10-02
https://luxestyle.ch/products/diy-armreif-mit-kupferveredeltem-silberanhange-600200	2026-10-02
https://luxestyle.ch/products/diy-ballon-bogen-fga17730	2026-10-02
https://luxestyle.ch/products/diy-baumwollstoff-mit-tiermuster-485376	2026-10-02
https://luxestyle.ch/products/diy-bausteine-dinosaurier-set-129088	2026-10-02
https://luxestyle.ch/products/diy-bausteine-fur-kinder-321-teile-600200	2026-10-02
https://luxestyle.ch/products/diy-bausteine-leopard-521408	2026-10-02
https://luxestyle.ch/products/diy-bausteine-modell-kleinpartikel-745152	2026-10-02
https://luxestyle.ch/products/diy-bausteine-set-fur-kinder-442240	2026-10-02
https://luxestyle.ch/products/diy-bluetooth-kit-fur-classic-mini-controller-168448	2026-10-02
https://luxestyle.ch/products/diy-bucherstutze-antikes-pop-up-buch-534336	2026-10-02
https://luxestyle.ch/products/diy-buchstaben-halskette-aus-edelstahl-614200	2026-10-02
https://luxestyle.ch/products/diy-buchstaben-ring-mit-offenem-mund-630200	2026-10-02
https://luxestyle.ch/products/diy-carbonstahl-schneideform-fur-kinder-378368	2026-10-02
https://luxestyle.ch/products/diy-cottage-staubschutz-acryl-display-box-620100	2026-10-02
https://luxestyle.ch/products/diy-decke-im-parkett-webmuster-373184	2026-10-02
https://luxestyle.ch/products/diy-dezember-geburtsstein-halskette-601700	2026-10-02
https://luxestyle.ch/products/diy-diamant-bild-kissenbezug-571904	2026-10-02
https://luxestyle.ch/products/diy-diamant-mal-unterlage-mit-obstmuster-fur-a-002113	2026-10-02
https://luxestyle.ch/products/diy-diamant-mal-untertasse-mit-halterung-479425	2026-10-02
https://luxestyle.ch/products/diy-diamant-malcoaster-mit-halt-rosenmuster-873601	2026-10-02
https://luxestyle.ch/products/diy-diamant-malerei-grusskarten-set-914304	2026-10-02
https://luxestyle.ch/products/diy-diamant-malerei-karte-geburtstag-fest-hand-389185	2026-10-02
https://luxestyle.ch/products/diy-diamant-malerei-schlusselanhanger-713794	2026-10-02
https://luxestyle.ch/products/diy-diamant-malerei-untersetzer-valentinstag-f-115905	2026-10-02
https://luxestyle.ch/products/diy-diamant-malerei-weihnachtskarte-27cca8	2026-10-02
https://luxestyle.ch/products/diy-diamant-malerei-weihnachtskarten-set-adf74a	2026-10-02
https://luxestyle.ch/products/diy-diamant-painting-wohnzimmer-deko-793728	2026-10-02
https://luxestyle.ch/products/diy-diamant-schlusselanhanger-set-4b0912	2026-10-02
https://luxestyle.ch/products/diy-diamant-stickerei-tier-blumenmotive-142976	2026-10-02
https://luxestyle.ch/products/diy-diamantenkette-mehrnamensarmband-614500	2026-10-02
https://luxestyle.ch/products/diy-diamantkunst-kuchenmatte-mit-halterung-932930	2026-10-02
https://luxestyle.ch/products/diy-diamantmaler-coaster-set-fur-anfanger-697857	2026-10-02
https://luxestyle.ch/products/diy-diamantmalerei-coaster-mit-halterung-357505	2026-10-02
https://luxestyle.ch/products/diy-diamantmalerei-kissenbezug-weihnachten-503296	2026-10-02
https://luxestyle.ch/products/diy-diamantmalerei-schlusselanhanger-absatzmus-241218	2026-10-02
https://luxestyle.ch/products/diy-diamantmalerei-untersetzer-mit-halterung-k-416194	2026-10-02
https://luxestyle.ch/products/diy-diamantmalerei-untersetzer-set-935874	2026-10-02
https://luxestyle.ch/products/diy-diamantmalerei-untersetzer-set-mit-halteru-116801	2026-10-02
https://luxestyle.ch/products/diy-diamantmalm-schlusselanhanger-tiermuster-140162	2026-10-02
https://luxestyle.ch/products/diy-diamantpiktur-schlusselanhanger-tiermuster-873410	2026-10-02
https://luxestyle.ch/products/diy-diamantpuzzle-coaster-mit-halterung-467265	2026-10-02
https://luxestyle.ch/products/diy-diamantpuzzle-karte-mit-oma-motiv-256450	2026-10-02
https://luxestyle.ch/products/diy-diamond-painting-acryl-anhanger-636300	2026-10-02
https://luxestyle.ch/products/diy-diamond-painting-box-fur-buromaterial-26f6ad	2026-10-02
https://luxestyle.ch/products/diy-diamond-painting-grusskarten-set-158721	2026-10-02
https://luxestyle.ch/products/diy-diamond-painting-impression-sonnenaufgang-792192	2026-10-02
https://luxestyle.ch/products/diy-diamond-painting-kuh-580736	2026-10-02
https://luxestyle.ch/products/diy-diamond-painting-nachtlicht-jahreszeitenba-eb0e83	2026-10-02
https://luxestyle.ch/products/diy-diamond-painting-notizbuch-807552	2026-10-02
https://luxestyle.ch/products/diy-diamond-painting-notizbuch-a5-d4045c	2026-10-02
https://luxestyle.ch/products/diy-diamond-painting-notizbuch-schneemann-a5-4a5bc1	2026-10-02
https://luxestyle.ch/products/diy-diamond-painting-outdoor-tasche-201088	2026-10-02
https://luxestyle.ch/products/diy-diamond-painting-portemonnaie-29d06b	2026-10-02
https://luxestyle.ch/products/diy-diamond-painting-schlusselanhanger-katze-3fd2af	2026-10-02
https://luxestyle.ch/products/diy-diamond-painting-schlusselanhanger-katzenp-862d3d	2026-10-02
https://luxestyle.ch/products/diy-diamond-painting-schlusselanhanger-weihnac-3edb64	2026-10-02
https://luxestyle.ch/products/diy-diamond-painting-schone-charaktere-047552	2026-10-02
https://luxestyle.ch/products/diy-diamond-painting-seepferdchen-297252	2026-10-02
https://luxestyle.ch/products/diy-diamond-painting-set-692992	2026-10-02
https://luxestyle.ch/products/diy-diamond-painting-set-quadratische-steine-696896	2026-10-02
https://luxestyle.ch/products/diy-diamond-painting-set-schlafzimmer-deko-461952	2026-10-02
https://luxestyle.ch/products/diy-diamond-painting-set-tiere-9c5d59	2026-10-02
https://luxestyle.ch/products/diy-diamond-painting-set-weihnachtsposter-628032	2026-10-02
https://luxestyle.ch/products/diy-diamond-painting-tasche-schmetterling-751808	2026-10-02
https://luxestyle.ch/products/diy-diamond-painting-vier-bilder-in-serie-024832	2026-10-02
https://luxestyle.ch/products/diy-diamond-painting-weihnachtsbaum-2er-set-266624	2026-10-02
https://luxestyle.ch/products/diy-diamond-painting-weihnachtskarten-set-a66b3f	2026-10-02
https://luxestyle.ch/products/diy-diamond-painting-windspiel-919936	2026-10-02
https://luxestyle.ch/products/diy-digital-malen-nach-zahlen-leinwandbild-058624	2026-10-02
https://luxestyle.ch/products/diy-digital-malset-landschaft-multi-bild-0456f1	2026-10-02
https://luxestyle.ch/products/diy-digital-malset-pferd-rahmenlos-c4ce86	2026-10-02
https://luxestyle.ch/products/diy-digital-olgemalde-535680	2026-10-02
https://luxestyle.ch/products/diy-digital-olgemalde-auf-leinwand-719040	2026-10-02
https://luxestyle.ch/products/diy-digital-olgemalde-blumenmeer-e8b956	2026-10-02
https://luxestyle.ch/products/diy-digital-olgemalde-nach-mass-24-farben-377536	2026-10-02
https://luxestyle.ch/products/diy-digital-olgemalde-nach-zahlen-350976	2026-10-02
https://luxestyle.ch/products/diy-digital-olgemalde-nach-zahlen-465024	2026-10-02
https://luxestyle.ch/products/diy-digital-olgemalde-nach-zahlen-blumen-lands-032960	2026-10-02
https://luxestyle.ch/products/diy-digital-olgemalde-nach-zahlen-blumen-lands-166720	2026-10-02
https://luxestyle.ch/products/diy-digital-olgemalde-sternenhimmel-827136	2026-10-02
https://luxestyle.ch/products/diy-digital-olgemalde-zum-selbermalen-418496	2026-10-02
https://luxestyle.ch/products/diy-digital-olmalerei-mit-leinenrahmen-614976	2026-10-02
https://luxestyle.ch/products/diy-digital-painting-kit-dancing-in-the-tropic-613184	2026-10-02
https://luxestyle.ch/products/diy-digital-painting-kit-magic-of-night-572800	2026-10-02
https://luxestyle.ch/products/diy-digital-painting-kit-stille-nacht-419328	2026-10-02
https://luxestyle.ch/products/diy-digital-painting-moderne-landschaft-536320	2026-10-02
https://luxestyle.ch/products/diy-digital-painting-schrage-landschaft-7a5b07	2026-10-02
https://luxestyle.ch/products/diy-digital-painting-set-40x50cm-039168	2026-10-02
https://luxestyle.ch/products/diy-digital-painting-tierrahmen-fur-kinder-726208	2026-10-02
https://luxestyle.ch/products/diy-digitales-olgemalde-lila-blumen-376000	2026-10-02
https://luxestyle.ch/products/diy-einzel-wimpern-mix-naturlich-voluminos-603500	2026-10-02
https://luxestyle.ch/products/diy-einzelne-cluster-individuelle-falsche-wimp-624300	2026-10-02
https://luxestyle.ch/products/diy-fadenbild-vogelnest-639200	2026-10-02
https://luxestyle.ch/products/diy-filz-adventskalender-zum-aufhangen-607700	2026-10-02
https://luxestyle.ch/products/diy-gold-perle-fur-individuellen-schmuck-619300	2026-10-02
https://luxestyle.ch/products/diy-gravur-armband-fur-paare-607100	2026-10-02
https://luxestyle.ch/products/diy-hakelset-fantasy-kapuzenmutze-616600	2026-10-02
https://luxestyle.ch/products/diy-hausschuhe-zum-selbermachen-883648	2026-10-02
https://luxestyle.ch/products/diy-haustierhalsband-c52f8a	2026-10-02
https://luxestyle.ch/products/diy-kaffeemuster-diamant-kunst-untersetzer-813569	2026-10-02
https://luxestyle.ch/products/diy-katzenohren-haarreif-und-katzenschwanz-set-607200	2026-10-02
https://luxestyle.ch/products/diy-kerzenform-astronaut-meerjungfrau-063552	2026-10-02
https://luxestyle.ch/products/diy-kinder-bausteine-kleine-partikel-607800	2026-10-02
https://luxestyle.ch/products/diy-kinder-bausteine-set-613900	2026-10-02
https://luxestyle.ch/products/diy-kleinbausteine-auto-modell-623900	2026-10-02
https://luxestyle.ch/products/diy-kleinteile-sportwagen-bausteine-509056	2026-10-02
https://luxestyle.ch/products/diy-klemmbaustein-truck-modell-403-teile-212288	2026-10-02
https://luxestyle.ch/products/diy-klemmbausteine-modellauto-mitsubishi-lance-242688	2026-10-02
https://luxestyle.ch/products/diy-klemmbausteine-panda-bausatz-147392	2026-10-02
https://luxestyle.ch/products/diy-klemmbausteine-rx7-ma-zida-moc-puzzle-613600	2026-10-02
https://luxestyle.ch/products/diy-klemmbausteine-speed-series-8-grid-car-367808	2026-10-02
https://luxestyle.ch/products/diy-klemmbausteine-sportwagen-modell-321792	2026-10-02
https://luxestyle.ch/products/diy-knupfteppich-set-fur-anfanger-50x30cm-771d9e	2026-10-02
https://luxestyle.ch/products/diy-kreisschneider-fur-studierende-901056	2026-10-02
https://luxestyle.ch/products/diy-kreuzstich-landschaft-cartoon-40x40-cm-625800	2026-10-02
https://luxestyle.ch/products/diy-laser-diamond-painting-714240	2026-10-02
https://luxestyle.ch/products/diy-laser-gravierter-geburtsstein-ring-607500	2026-10-02
https://luxestyle.ch/products/diy-leinwandbild-pferd-fur-erwachsene-kinder-256384	2026-10-02
https://luxestyle.ch/products/diy-leinwandbild-rote-rose-als-digital-paintin-327168	2026-10-02
https://luxestyle.ch/products/diy-leopard-m10357-bausteine-modell-826176	2026-10-02
https://luxestyle.ch/products/diy-leuchtender-kristall-usb-stick-mini-auto-010880	2026-10-02
https://luxestyle.ch/products/diy-lilien-blumenstrauss-bausteine-400896	2026-10-02
https://luxestyle.ch/products/diy-makramee-wandteppich-im-boheme-stil-631500	2026-10-02
https://luxestyle.ch/products/diy-malen-nach-zahlen-herbstliches-weisswedelh-691712	2026-10-02
https://luxestyle.ch/products/diy-malen-nach-zahlen-komplettset-778432	2026-10-02
https://luxestyle.ch/products/diy-malen-nach-zahlen-mein-kleid-297344	2026-10-02
https://luxestyle.ch/products/diy-malen-nach-zahlen-nackte-stadtlandschaft-236736	2026-10-02
https://luxestyle.ch/products/diy-malen-nach-zahlen-set-271232	2026-10-02
https://luxestyle.ch/products/diy-malen-nach-zahlen-set-herbstmotiv-112576	2026-10-02
https://luxestyle.ch/products/diy-malen-nach-zahlen-set-lost-my-heart-602304	2026-10-02
https://luxestyle.ch/products/diy-malen-nach-zahlen-vogel-set-fur-zuhause-840128	2026-10-02
https://luxestyle.ch/products/diy-malset-baby-kuh-089984	2026-10-02
https://luxestyle.ch/products/diy-malset-boating-festival-309440	2026-10-02
https://luxestyle.ch/products/diy-malset-ganseblumchen-411008	2026-10-02
https://luxestyle.ch/products/diy-malset-schneemannfamilie-976768	2026-10-02
https://luxestyle.ch/products/diy-malset-zahlenbild-718272	2026-10-02
https://luxestyle.ch/products/diy-mandala-diamant-untersetzer-644674	2026-10-02
https://luxestyle.ch/products/diy-mandala-diamantkunst-becherkafer-set-673217	2026-10-02
https://luxestyle.ch/products/diy-mandala-notizbuch-a5-218a1c	2026-10-02
https://luxestyle.ch/products/diy-metall-modell-fregatte-611400	2026-10-02
https://luxestyle.ch/products/diy-mikro-bausteine-regenbogen-baumhaus-625000	2026-10-02
https://luxestyle.ch/products/diy-miniatur-bucherregal-warm-yang-whisper-613500	2026-10-02
https://luxestyle.ch/products/diy-miniatur-cafe-tasting-cottage-059648	2026-10-02
https://luxestyle.ch/products/diy-miniatur-schneideratelier-bausatz-501824	2026-10-02
https://luxestyle.ch/products/diy-miniatur-villa-provence-cottage-mit-musik-602300	2026-10-02
https://luxestyle.ch/products/diy-miniatur-villa-zum-zusammenbauen-623300	2026-10-02
https://luxestyle.ch/products/diy-miniaturhaus-kirschblutentour-627700	2026-10-02
https://luxestyle.ch/products/diy-multifunktions-schmuck-618600	2026-10-02
https://luxestyle.ch/products/diy-muskel-und-fitnesstrainer-fur-die-wand-612900	2026-10-02
https://luxestyle.ch/products/diy-nagel-accessoires-set-625200	2026-10-02
https://luxestyle.ch/products/diy-nagelbild-set-zur-entspannung-575552	2026-10-02
https://luxestyle.ch/products/diy-nageldesign-strass-set-570432	2026-10-02
https://luxestyle.ch/products/diy-nagelsticker-set-lemon-609152	2026-10-02
https://luxestyle.ch/products/diy-nail-art-doodle-pen-886913	2026-10-02
https://luxestyle.ch/products/diy-notizbuch-diamond-painting-set-438592	2026-10-02
https://luxestyle.ch/products/diy-ohrring-set-aus-pu-leder-00df42	2026-10-02
https://luxestyle.ch/products/diy-olbild-tierlandschaft-fur-zuhause-571328	2026-10-02
https://luxestyle.ch/products/diy-olgemalde-maritim-malen-nach-zahlen-019200	2026-10-02
https://luxestyle.ch/products/diy-olgemalde-tier-sujets-ohne-rahmen-668928	2026-10-02
https://luxestyle.ch/products/diy-olmalerei-set-digitale-blumen-114944	2026-10-02
https://luxestyle.ch/products/diy-olmalerei-set-fur-erwachsene-nach-zahlen-491456	2026-10-02
https://luxestyle.ch/products/diy-olmalerei-wandkunst-914432	2026-10-02
https://luxestyle.ch/products/diy-origami-set-mit-farbigem-papier-642688	2026-10-02
https://luxestyle.ch/products/diy-patchwork-feen-set-im-marchen-stil-631000	2026-10-02
https://luxestyle.ch/products/diy-pixel-herz-bausatz-fur-paare-680640	2026-10-02
https://luxestyle.ch/products/diy-powerbank-fur-2x-18650-akkus-030848	2026-10-02
https://luxestyle.ch/products/diy-powerbank-kit-fur-16x-18650-akkus-685824	2026-10-02
https://luxestyle.ch/products/diy-qi-wireless-powerbank-kit-905920	2026-10-02
https://luxestyle.ch/products/diy-retro-halskette-mit-buchstabe-diamant-639600	2026-10-02
https://luxestyle.ch/products/diy-retro-loft-apartment-holzmodell-605800	2026-10-02
https://luxestyle.ch/products/diy-retro-loft-apartment-holzmodell-792384	2026-10-02
https://luxestyle.ch/products/diy-roboter-bausatz-fur-kinder-635800	2026-10-02
https://luxestyle.ch/products/diy-rubik-s-cube-diamond-aufbewahrungsbox-043072	2026-10-02
https://luxestyle.ch/products/diy-schwarze-herzen-zum-aufkleben-10-stk-189888	2026-10-02
https://luxestyle.ch/products/diy-set-fur-paracord-armbander-924416	2026-10-02
https://luxestyle.ch/products/diy-set-handgestrickter-schal-aus-wolle-121280	2026-10-02
https://luxestyle.ch/products/diy-set-kleiner-wolldinosaurier-cf6a29	2026-10-02
https://luxestyle.ch/products/diy-silikonform-meeresmotive-fur-epoxidharz-119616	2026-10-02
https://luxestyle.ch/products/diy-spieluhr-werk-mit-papierstreifen-447808	2026-10-02
https://luxestyle.ch/products/diy-sportwagen-bausteine-fur-kinder-625200	2026-10-02
https://luxestyle.ch/products/diy-stickerei-set-c65b92	2026-10-02
https://luxestyle.ch/products/diy-stickkissen-aus-wolle-materialpaket-e2f36a	2026-10-02
https://luxestyle.ch/products/diy-stickkissenbezug-pflanzen-blumen-607500	2026-10-02
https://luxestyle.ch/products/diy-sticknadel-set-mit-holzgriff-704320	2026-10-02
https://luxestyle.ch/products/diy-stickset-blumen-im-europaischen-stil-998784	2026-10-02
https://luxestyle.ch/products/diy-stickset-mit-50-garnfarben-cb3e23	2026-10-02
https://luxestyle.ch/products/diy-stickset-vibrato-decompress-411904	2026-10-02
https://luxestyle.ch/products/diy-stoffgarn-set-fur-handtaschen-794112	2026-10-02
https://luxestyle.ch/products/diy-stoffpaket-fur-kreuzstich-1e2aba	2026-10-02
https://luxestyle.ch/products/diy-szenen-bucherstutze-aus-holz-600200	2026-10-02
https://luxestyle.ch/products/diy-taxi-bausteine-kleine-partikel-992896	2026-10-02
https://luxestyle.ch/products/diy-teppich-set-faultier-waschbar-f38da8	2026-10-02
https://luxestyle.ch/products/diy-tier-kurbis-nahset-626800	2026-10-02
https://luxestyle.ch/products/diy-tierperlen-set-605400	2026-10-02
https://luxestyle.ch/products/diy-transparent-quicksand-make-up-pinsel-199552	2026-10-02
https://luxestyle.ch/products/diy-ultraschall-roboter-kit-zur-hindernisverme-716160	2026-10-02
https://luxestyle.ch/products/diy-umhangetasche-aus-rindsleder-405952	2026-10-02
https://luxestyle.ch/products/diy-unterlage-mit-diamantmalerei-muster-und-ha-765441	2026-10-02
https://luxestyle.ch/products/diy-van-gogh-sternennacht-malen-nach-zahlen-4c9d98	2026-10-02
https://luxestyle.ch/products/diy-waldbaumhaus-aus-klemmbausteinen-383168	2026-10-02
https://luxestyle.ch/products/diy-weihnachtsarmband-set-fur-kinder-613600	2026-10-02
https://luxestyle.ch/products/diy-weihnachtskissen-stickset-aus-wolle-804416	2026-10-02
https://luxestyle.ch/products/diy-wimpern-buschel-set-fur-voluminose-wimpern-632300	2026-10-02
https://luxestyle.ch/products/diy-wimpern-extensions-kit-280er-cluster-188610	2026-10-02
https://luxestyle.ch/products/diy-wimpern-set-mit-640-einzel-buscheln-259329	2026-10-02
https://luxestyle.ch/products/diy-zackenschere-fur-spitzenstoffe-370880	2026-10-02
https://luxestyle.ch/products/dj-pult-dekoration-627600	2026-10-02
https://luxestyle.ch/products/dji-avata-wasserfeste-box-mit-atmungsaktivem-m-305152	2026-10-02
https://luxestyle.ch/products/dji-fpv-propellerschutzring-set-211328	2026-10-02
https://luxestyle.ch/products/dji-mavic-filterset-54f2b9	2026-10-02
https://luxestyle.ch/products/dji-mavic-gimbal-schutzabdeckung-cd2897	2026-10-02
https://luxestyle.ch/products/dm107s-falt-drohne-mit-dual-kamera-und-optisch-312384	2026-10-02
https://luxestyle.ch/products/dm12-fashion-smartwatch-mit-grossem-display-6b1c25	2026-10-02
https://luxestyle.ch/products/dm30-gaming-mikrofon-fur-esports-590784	2026-10-02
https://luxestyle.ch/products/dmc-kreuzstich-set-pullover-tier-hase-394944	2026-10-02
https://luxestyle.ch/products/dmd-diamant-keramik-messerscharfer-754880	2026-10-02
https://luxestyle.ch/products/dmx-in-ear-kopfhorer-mit-fernbedienung-636200	2026-10-02
https://luxestyle.ch/products/dobe-xbox-one-dual-akku-ladestation-643968	2026-10-02
https://luxestyle.ch/products/dodo-deer-holz-kalenderuhr-c15ca3	2026-10-02
https://luxestyle.ch/products/dokumenten-organizer-feuer-und-wasserfest-606100	2026-10-02
https://luxestyle.ch/products/dokumenten-umhangetasche-aus-leder-620032	2026-10-02
https://luxestyle.ch/products/dollar-spielscheine-100-stk-ftfm100098	2026-10-02
https://luxestyle.ch/products/domino-augenmaske-fgabo00200	2026-10-02
https://luxestyle.ch/products/domino-augenmaske-fgabo00219	2026-10-02
https://luxestyle.ch/products/domino-augenmaske-silber-fgabo00220	2026-10-02
https://luxestyle.ch/products/domino-zug-bauspielzeug-fur-babys-710464	2026-10-02
https://luxestyle.ch/products/dongyang-holzschnitzerei-anhanger-630100	2026-10-02
https://luxestyle.ch/products/donut-backform-mit-12-mulden-321e02	2026-10-02
https://luxestyle.ch/products/donut-halskette-mit-taschenuhr-627800	2026-10-02
https://luxestyle.ch/products/donut-nackenkissen-fur-reisen-578048	2026-10-02
https://luxestyle.ch/products/donuts-schutzhulle-fur-airpods-pro-9573e6	2026-10-02
https://luxestyle.ch/products/dopamin-cartoon-taschentuchbox-637200	2026-10-02
https://luxestyle.ch/products/dopamin-farbige-canvas-kinderschuhe-600500	2026-10-02
https://luxestyle.ch/products/dopamin-fragezeichen-nackenkissen-630800	2026-10-02
https://luxestyle.ch/products/dopamin-halskette-mit-initialen-626200	2026-10-02
https://luxestyle.ch/products/dopamin-inspiriertes-resort-kleid-mit-print-608100	2026-10-02
https://luxestyle.ch/products/dopamin-teufelchen-3d-monsteraugen-nagel-562112	2026-10-02
https://luxestyle.ch/products/dopamine-buchstaben-halskette-620700	2026-10-02
https://luxestyle.ch/products/dopamine-buchstaben-halskette-fur-damen-618200	2026-10-02
https://luxestyle.ch/products/dopamine-buchstaben-halskette-fur-frauen-613700	2026-10-02
https://luxestyle.ch/products/dopamine-buchstabenkette-fur-damen-603800	2026-10-02
https://luxestyle.ch/products/dopamine-cat-s-eye-press-on-nagel-617800	2026-10-02
https://luxestyle.ch/products/dopamine-color-matching-preppy-style-damen-boa-624700	2026-10-02
https://luxestyle.ch/products/dopamine-fitness-bh-mit-herausnehmbaren-pads-345090	2026-10-02
https://luxestyle.ch/products/dopamine-halskette-mit-seestern-design-106049	2026-10-02
https://luxestyle.ch/products/dopamine-plateau-schnurschuhe-aus-leder-605300	2026-10-02
https://luxestyle.ch/products/dopamine-seaside-tyndall-effekt-rock-mit-blume-605900	2026-10-02
https://luxestyle.ch/products/doppel-4d-memory-schaum-kissen-601900	2026-10-02
https://luxestyle.ch/products/doppel-autogurt-fur-haustiere-559040	2026-10-02
https://luxestyle.ch/products/doppel-diamant-open-ring-aus-edelstahl-638200	2026-10-02
https://luxestyle.ch/products/doppel-display-sportuhr-346240	2026-10-02
https://luxestyle.ch/products/doppel-duse-luftbefeuchter-487488	2026-10-02
https://luxestyle.ch/products/doppel-futternapf-aus-edelstahl-de3aca	2026-10-02
https://luxestyle.ch/products/doppel-futternapf-aus-edelstahl-hohenverstellb-607424	2026-10-02
https://luxestyle.ch/products/doppel-futternapf-aus-edelstahl-mit-strass-919104	2026-10-02
https://luxestyle.ch/products/doppel-futternapf-aus-keramik-524864	2026-10-02
https://luxestyle.ch/products/doppel-futternapf-fur-hunde-und-katzen-674c64	2026-10-02
https://luxestyle.ch/products/doppel-gaskocher-fur-camping-und-outdoor-069376	2026-10-02
https://luxestyle.ch/products/doppel-haken-stander-grau-schwarz-625000	2026-10-02
https://luxestyle.ch/products/doppel-handtuchhalter-aus-edelstahl-820674	2026-10-02
https://luxestyle.ch/products/doppel-hangematte-639000	2026-10-02
https://luxestyle.ch/products/doppel-isolierrucksack-fur-outdoor-picknick-684672	2026-10-02
https://luxestyle.ch/products/doppel-javelin-trainingsstick-achteckig-637400	2026-10-02
https://luxestyle.ch/products/doppel-kissenbezug-aus-baumwolle-mit-cartoon-p-632700	2026-10-02
https://luxestyle.ch/products/doppel-ladegerat-567104	2026-10-02
https://luxestyle.ch/products/doppel-layer-verdunkelungsvorhang-608300	2026-10-02
https://luxestyle.ch/products/doppel-leine-fur-hunde-617700	2026-10-02
https://luxestyle.ch/products/doppel-leine-fur-zwei-hunde-620100	2026-10-02
https://luxestyle.ch/products/doppel-mesh-sneaker-4732de	2026-10-02
https://luxestyle.ch/products/doppel-port-luftkompressor-602300	2026-10-02
https://luxestyle.ch/products/doppel-ring-duo-s925-silber-mit-zirkonia-topas-blau	2026-10-02
https://luxestyle.ch/products/doppel-ringschlussel-fur-haushalt-und-wartung-925824	2026-10-02
https://luxestyle.ch/products/doppel-rollschuhe-fur-kinder-717632	2026-10-02
https://luxestyle.ch/products/doppel-rucksack-im-koreanischen-business-stil-26d546	2026-10-02
https://luxestyle.ch/products/doppel-schale-635713	2026-10-02
https://luxestyle.ch/products/doppel-schale-aus-edelstahl-073794	2026-10-02
https://luxestyle.ch/products/doppel-schnellladegerat-fur-makita-18v-akkus-055810	2026-10-02
https://luxestyle.ch/products/doppel-schulterrucksack-fur-herren-605700	2026-10-02
https://luxestyle.ch/products/doppel-schultertasche-fur-damen-846720	2026-10-02
https://luxestyle.ch/products/doppel-schussel-fur-futter-und-wasser-966337	2026-10-02
https://luxestyle.ch/products/doppel-schussel-fur-haustiere-655000	2026-10-02
https://luxestyle.ch/products/doppel-schussel-fur-haustiere-aus-holz-624600	2026-10-02
https://luxestyle.ch/products/doppel-schussel-fur-hund-und-katze-843714	2026-10-02
https://luxestyle.ch/products/doppel-schussel-fur-katze-hund-853890	2026-10-02
https://luxestyle.ch/products/doppel-seitiger-stahl-schneidbrett-371584	2026-10-02
https://luxestyle.ch/products/doppel-stab-aus-edelstahl-rutschfest-616900	2026-10-02
https://luxestyle.ch/products/doppel-sternfisch-halskette-623300	2026-10-02
https://luxestyle.ch/products/doppel-teesieb-aus-edelstahl-d515f3	2026-10-02
https://luxestyle.ch/products/doppel-tellerablage-mit-entwasserungsstand-und-623400	2026-10-02
https://luxestyle.ch/products/doppel-tier-spray-humidifier-242304	2026-10-02
https://luxestyle.ch/products/doppel-trinkbecher-mit-strohhalm-1000-ml-634800	2026-10-02
https://luxestyle.ch/products/doppel-twist-kissenbezug-735872	2026-10-02
https://luxestyle.ch/products/doppelanzeige-quarzuhr-mit-lederarmband-dbe85f	2026-10-02
https://luxestyle.ch/products/doppelarmband-fur-frauen-mit-ot-verschluss-627500	2026-10-02
https://luxestyle.ch/products/doppelarmband-mit-naturstein-und-metallkette-639000	2026-10-02
https://luxestyle.ch/products/doppelbandring-mit-54-moissanit-steinen-platin-006337	2026-10-02
https://luxestyle.ch/products/doppelchenausgabe-stahlbecher-470208	2026-10-02
https://luxestyle.ch/products/doppeldisplay-halter-bcc975	2026-10-02
https://luxestyle.ch/products/doppeldreh-sneaker-922816	2026-10-02
https://luxestyle.ch/products/doppelendiger-rougepinsel-635778	2026-10-02
https://luxestyle.ch/products/doppelfuhrleine-fur-hunde-805440	2026-10-02
https://luxestyle.ch/products/doppelfunktionales-haarschneider-112064	2026-10-02
https://luxestyle.ch/products/doppelfunktionales-hei-halten-box-set-600400	2026-10-02
https://luxestyle.ch/products/doppelfunktioner-glatte-linse-0420dd	2026-10-02
https://luxestyle.ch/products/doppelfutternapf-950209	2026-10-02
https://luxestyle.ch/products/doppelgarn-kurzarm-baumwoll-t-shirt-628800	2026-10-02
https://luxestyle.ch/products/doppelgelenkiger-taekwondo-stock-aus-edelstahl-614000	2026-10-02
https://luxestyle.ch/products/doppelgesichtiger-wollmantel-fur-herren-638800	2026-10-02
https://luxestyle.ch/products/doppelgesichtiger-wollmantel-lange-ausfuhrung-635300	2026-10-02
https://luxestyle.ch/products/doppelgesichtiger-wollmantel-mit-puppenkragen-624500	2026-10-02
https://luxestyle.ch/products/doppelgurt-mit-auto-ruck-620600	2026-10-02
https://luxestyle.ch/products/doppelhaken-fur-perucken-615900	2026-10-02
https://luxestyle.ch/products/doppelhangematte-mit-holzstange-620500	2026-10-02
https://luxestyle.ch/products/doppelherz-armband-fur-damen-614200	2026-10-02
https://luxestyle.ch/products/doppelherz-armband-mit-strasssteinen-602700	2026-10-02
https://luxestyle.ch/products/doppelherz-halskette-aus-sterling-silber-218817	2026-10-02
https://luxestyle.ch/products/doppelherz-ring-mit-zirkonia-stein-621100	2026-10-02
https://luxestyle.ch/products/doppelherzarmband-mit-zirkonia-635600	2026-10-02
https://luxestyle.ch/products/doppelholster-fgapc17201	2026-10-02
https://luxestyle.ch/products/doppelkamera-mit-zwei-batterien-205057	2026-10-02
https://luxestyle.ch/products/doppelketten-armband-mit-blutenmotiv-399424	2026-10-02
https://luxestyle.ch/products/doppelketten-armband-mit-kirschbluten-design-615200	2026-10-02
https://luxestyle.ch/products/doppelkopf-acrylmarker-fur-kinder-620900	2026-10-02
https://luxestyle.ch/products/doppelkopf-concealer-fff79d	2026-10-02
https://luxestyle.ch/products/doppelkopf-gartenhacken-set-aus-stahl-638300	2026-10-02
https://luxestyle.ch/products/doppelkopf-haustierleine-explosionsgeschutzt-472448	2026-10-02
https://luxestyle.ch/products/doppelkopf-hundegeschirr-620200	2026-10-02
https://luxestyle.ch/products/doppelkopf-hundeleine-48016d	2026-10-02
https://luxestyle.ch/products/doppelkopf-ring-mit-zirkon-618600	2026-10-02
https://luxestyle.ch/products/doppelkopf-schere-902976	2026-10-02
https://luxestyle.ch/products/doppelkopf-schraubenlose-nagel-601700	2026-10-02
https://luxestyle.ch/products/doppelkopfige-augenbrauenburste-mit-nadel-616000	2026-10-02
https://luxestyle.ch/products/doppelkopfige-einziehbare-leine-fur-haustiere-385088	2026-10-02
https://luxestyle.ch/products/doppelkopfiges-lady-shaver-haarentfernungsgera-646000	2026-10-02
https://luxestyle.ch/products/doppelkopfiges-schlangen-armband-mit-diamanten-608600	2026-10-02
https://luxestyle.ch/products/doppelkreuz-zirkonring-kupfer-verstellbar-550912	2026-10-02
https://luxestyle.ch/products/doppelkugel-gesichtsmassagegerat-fur-straffe-g-630600	2026-10-02
https://luxestyle.ch/products/doppellagige-925er-silber-halskette-mit-wellen-613300	2026-10-02
https://luxestyle.ch/products/doppellagige-dicke-zugleine-33569f	2026-10-02
https://luxestyle.ch/products/doppellagige-falt-hundematte-608300	2026-10-02
https://luxestyle.ch/products/doppellagige-fusskette-aus-edelstahl-627400	2026-10-02
https://luxestyle.ch/products/doppellagige-fusskette-mit-zirkon-anhanger-603500	2026-10-02
https://luxestyle.ch/products/doppellagige-kuhltasche-fur-outdoor-und-pickni-615900	2026-10-02
https://luxestyle.ch/products/doppellagige-nagellack-aufbewahrungstasche-324480	2026-10-02
https://luxestyle.ch/products/doppellagiger-multifunktions-abtropfkorb-714112	2026-10-02
https://luxestyle.ch/products/doppellagiger-nagellack-organizer-610000	2026-10-02
https://luxestyle.ch/products/doppellagiger-ring-mit-blumenmuster-619400	2026-10-02
https://luxestyle.ch/products/doppellagiger-vorhang-mit-sternenmuster-635712	2026-10-02
https://luxestyle.ch/products/doppellagiges-armband-aus-925er-sterling-silbe-630300	2026-10-02
https://luxestyle.ch/products/doppellagiges-armband-mit-herzanhanger-607800	2026-10-02
https://luxestyle.ch/products/doppellagiges-ausziehbares-gewurzregal-188288	2026-10-02
https://luxestyle.ch/products/doppellagiges-baumwollhemd-612700	2026-10-02
https://luxestyle.ch/products/doppellagiges-buchweizenkissen-sommer-601600	2026-10-02
https://luxestyle.ch/products/doppellagiges-edelstahl-lederarmband-638900	2026-10-02
https://luxestyle.ch/products/doppellagiges-gaze-kissen-mit-stickerei-616600	2026-10-02
https://luxestyle.ch/products/doppellagiges-haustier-brustgeschirr-set-467200	2026-10-02
https://luxestyle.ch/products/doppellagiges-herzarmband-mit-weissem-chalcedo-612600	2026-10-02
https://luxestyle.ch/products/doppellagiges-katzenbett-mit-kletterrahmen-677440	2026-10-02
https://luxestyle.ch/products/doppellagiges-kettchen-armband-623900	2026-10-02
https://luxestyle.ch/products/doppellagiges-kreuzarmband-aus-925er-silber-639700	2026-10-02
https://luxestyle.ch/products/doppellagiges-kreuzstich-armband-mit-diamanten-638800	2026-10-02
https://luxestyle.ch/products/doppellagiges-lederarmband-aus-edelstahl-618800	2026-10-02
https://luxestyle.ch/products/doppellagiges-mesh-neckholder-top-fur-damen-630800	2026-10-02
https://luxestyle.ch/products/doppellagiges-rindsleder-brust-und-ruckengesch-615400	2026-10-02
https://luxestyle.ch/products/doppellagiges-s925-silber-armband-mit-sternen-613500	2026-10-02
https://luxestyle.ch/products/doppellagiges-sternenarmband-aus-925er-sterlin-619200	2026-10-02
https://luxestyle.ch/products/doppellagiges-tragerloses-camisole-608200	2026-10-02
https://luxestyle.ch/products/doppellagiges-zirkon-armband-aus-edelstahl-616300	2026-10-02
https://luxestyle.ch/products/doppellagiges-zirkon-armband-aus-titanstahl-621200	2026-10-02
https://luxestyle.ch/products/doppelleine-ausziehbar-fur-zwei-hunde-65d507	2026-10-02
https://luxestyle.ch/products/doppelleine-fur-hunde-203264	2026-10-02
https://luxestyle.ch/products/doppelleine-fur-hunde-aus-nylon-514240	2026-10-02
https://luxestyle.ch/products/doppelleine-fur-kleine-hunde-025664	2026-10-02
https://luxestyle.ch/products/doppelleine-fur-zwei-hunde-7c2df9	2026-10-02
https://luxestyle.ch/products/doppelleine-mit-halsband-fur-zwei-hunde-083520	2026-10-02
https://luxestyle.ch/products/doppelleinwand-fur-hunde-mit-verstellbarem-gur-616704	2026-10-02
https://luxestyle.ch/products/doppellocher-mini-spruhgerat-fur-damen-856576	2026-10-02
https://luxestyle.ch/products/doppelnamen-armband-aus-edelstahl-614600	2026-10-02
https://luxestyle.ch/products/doppelnapf-15-mit-holzstander-749888	2026-10-02
https://luxestyle.ch/products/doppelnapf-aus-edelstahl-fur-haustiere-40bc3c	2026-10-02
https://luxestyle.ch/products/doppelnapf-aus-keramik-fur-haustiere-277312	2026-10-02
https://luxestyle.ch/products/doppelnapf-aus-massivholz-fur-katzen-6cb5f1	2026-10-02
https://luxestyle.ch/products/doppelnapf-aus-massivholz-geneigt-eb4efc	2026-10-02
https://luxestyle.ch/products/doppelnapf-fur-haustiere-082ae3	2026-10-02
https://luxestyle.ch/products/doppelnapf-fur-haustiere-mit-spritzschutz-805909	2026-10-02
https://luxestyle.ch/products/doppelnapf-fur-katze-und-hund-b66a61	2026-10-02
https://luxestyle.ch/products/doppelnapf-fur-katzen-be0e3e	2026-10-02
https://luxestyle.ch/products/doppelnapf-karotten-design-edelstahl-984960	2026-10-02
https://luxestyle.ch/products/doppelnapf-mit-automatischem-wasserspender-088064	2026-10-02
https://luxestyle.ch/products/doppelnapf-mit-trinkbrunnen-fur-haustiere-bc0481	2026-10-02
https://luxestyle.ch/products/doppelnapf-mit-wasserreservoir-fur-hunde-katze-225472	2026-10-02
https://luxestyle.ch/products/doppelnapf-mit-wasserspender-eba1b2	2026-10-02
https://luxestyle.ch/products/doppelnetz-trennscheibe-75mm-982400	2026-10-02
https://luxestyle.ch/products/doppelpolster-22b1a0	2026-10-02
https://luxestyle.ch/products/doppelreihen-armband-schutzhulle-510080	2026-10-02
https://luxestyle.ch/products/doppelreihiger-casual-blazer-fur-herren-611200	2026-10-02
https://luxestyle.ch/products/doppelreihiger-ring-vergoldet-608400	2026-10-02
https://luxestyle.ch/products/doppelreihiges-armband-aus-925er-silber-624100	2026-10-02
https://luxestyle.ch/products/doppelreihiges-armband-aus-999er-feinsilber-ma-633200	2026-10-02
https://luxestyle.ch/products/doppelreihiges-gold-hundehalsband-674368	2026-10-02
https://luxestyle.ch/products/doppelreihiges-leinenseil-set-302016	2026-10-02
https://luxestyle.ch/products/doppelreissverschluss-handtasche-aus-rindslede-405824	2026-10-02
https://luxestyle.ch/products/doppelriemen-sandalen-aus-wildleder-626700	2026-10-02
https://luxestyle.ch/products/doppelring-halsband-fur-kleine-hunde-613500	2026-10-02
https://luxestyle.ch/products/doppelring-mit-verbindung-614900	2026-10-02
https://luxestyle.ch/products/doppelrings-sonnenbrille-618900	2026-10-02
https://luxestyle.ch/products/doppelscheinwerfer-solar-powerbank-e0fd80	2026-10-02
https://luxestyle.ch/products/doppelschichtige-anti-beschlag-ski-und-bergbri-608800	2026-10-02
https://luxestyle.ch/products/doppelschichtige-schnupftabakdose-aus-aluminiu-625800	2026-10-02
https://luxestyle.ch/products/doppelschlange-armband-aus-titanstahl-639700	2026-10-02
https://luxestyle.ch/products/doppelschlange-armreif-aus-edelstahl-625200	2026-10-02
https://luxestyle.ch/products/doppelschnittstelle-ladegerat-606400	2026-10-02
https://luxestyle.ch/products/doppelschulter-rucksack-street-trend-289408	2026-10-02
https://luxestyle.ch/products/doppelseiten-schreibtischlampe-fur-bett-621500	2026-10-02
https://luxestyle.ch/products/doppelseiten-wandlampe-fur-garten-terrasse-636800	2026-10-02
https://luxestyle.ch/products/doppelseitig-geholt-automatik-herrenuhr-617300	2026-10-02
https://luxestyle.ch/products/doppelseitige-baumwoll-badematte-613400	2026-10-02
https://luxestyle.ch/products/doppelseitige-fenster-und-siebreinigungsburste-573888	2026-10-02
https://luxestyle.ch/products/doppelseitige-flanelldecke-124992	2026-10-02
https://luxestyle.ch/products/doppelseitige-fleece-jacke-mit-kapuze-607100	2026-10-02
https://luxestyle.ch/products/doppelseitige-perlmutt-ear-cuffs-old-money-sty-448002	2026-10-02
https://luxestyle.ch/products/doppelseitige-sandwichpfanne-fur-gasherde-889408	2026-10-02
https://luxestyle.ch/products/doppelseitige-schleckmatte-fur-hunde-und-katze-5dd089	2026-10-02
https://luxestyle.ch/products/doppelseitige-spieltischauflage-aus-vliesstoff-355776	2026-10-02
https://luxestyle.ch/products/doppelseitige-stehkragenjacke-fur-damen-632800	2026-10-02
https://luxestyle.ch/products/doppelseitiger-fleece-rollkragenmantel-623200	2026-10-02
https://luxestyle.ch/products/doppelseitiger-kissenbezug-aus-maulbeerseide-609300	2026-10-02
https://luxestyle.ch/products/doppelseitiger-puder-konturpinsel-626400	2026-10-02
https://luxestyle.ch/products/doppelseitiger-rasierklingenhalter-aus-metall-5e0bcf	2026-10-02
https://luxestyle.ch/products/doppelseitiger-saugglocken-halter-625100	2026-10-02
https://luxestyle.ch/products/doppelseitiger-schal-mit-herzmuster-185-65-cm-623300	2026-10-02
https://luxestyle.ch/products/doppelseitiger-schwan-anhanger-mit-kristallen-686016	2026-10-02
https://luxestyle.ch/products/doppelseitiger-seiden-kissenbezug-mit-reissver-1401d1	2026-10-02
https://luxestyle.ch/products/doppelseitiger-seidenkissenbezug-19-momme-621400	2026-10-02
https://luxestyle.ch/products/doppelseitiger-seidenkissenbezug-931072	2026-10-02
https://luxestyle.ch/products/doppelseitiger-seidenkissenbezug-fur-luxuriose-489856	2026-10-02
https://luxestyle.ch/products/doppelseitiger-seidenkissenbezug-mit-reissvers-073536	2026-10-02
https://luxestyle.ch/products/doppelseitiger-teleskop-glasreiniger-363200	2026-10-02
https://luxestyle.ch/products/doppelseitiges-achat-armband-mit-mehrfarbigen-615500	2026-10-02
https://luxestyle.ch/products/doppelseitiges-flussig-augen-schatten-set-610200	2026-10-02
https://luxestyle.ch/products/doppelseitiges-hasenfell-kissen-fur-sofa-748992	2026-10-02
https://luxestyle.ch/products/doppelseitiges-kissenbezug-modern-weich-608100	2026-10-02
https://luxestyle.ch/products/doppelseitiges-klebeband-extra-stark-603400	2026-10-02
https://luxestyle.ch/products/doppelseitiges-kunstleder-fur-diverse-projekte-010304	2026-10-02
https://luxestyle.ch/products/doppelseitiges-nail-art-stifte-set-603100	2026-10-02
https://luxestyle.ch/products/doppelseitiges-schneidebrett-aus-edelstahl-71197c	2026-10-02
https://luxestyle.ch/products/doppelseitiges-schneidebrett-edelstahl-68ce19	2026-10-02
https://luxestyle.ch/products/doppelseitiges-schneidebrett-mit-schleifstein-624000	2026-10-02
