2026-10-02	gid://shopify/Product/15421328425345	Gadgets	Gadget
2026-10-02	gid://shopify/Product/15443493028225	Gadgets	Gadget
2026-10-02	gid://shopify/Product/15443493060993	Gadgets	Gadget
2026-10-02	gid://shopify/Product/15443493093761	Gadgets	Gadget
2026-10-02	gid://shopify/Product/15443493126529	Gadgets	Gadget
2026-10-02	gid://shopify/Product/15443493192065	Gadgets	Gadget
2026-10-02	gid://shopify/Product/15443493224833	Gadgets	Gadget
2026-10-02	gid://shopify/Product/15443493257601	Gadgets	Gadget
2026-10-02	gid://shopify/Product/15443493290369	Gadgets	Gadget
2026-10-02	gid://shopify/Product/15443493355905	Gadgets	Gadget
2026-10-02	gid://shopify/Product/15443493388673	Gadgets	Gadget
2026-10-02	gid://shopify/Product/15443493421441	Gadgets	Gadget
2026-10-02	gid://shopify/Product/15443493454209	Gadgets	Gadget
2026-10-02	gid://shopify/Product/15443493486977	Gadgets	Gadget
2026-10-02	gid://shopify/Product/15443493519745	Gadgets	Gadget
2026-10-02	gid://shopify/Product/15443493585281	Gadgets	Gadget
2026-10-02	gid://shopify/Product/15443493618049	Gadgets	Gadget
2026-10-02	gid://shopify/Product/15443493650817	Gadgets	Gadget
2026-10-02	gid://shopify/Product/15443493683585	Gadgets	Gadget
2026-10-02	gid://shopify/Product/15443493716353	Gadgets	Gadget
2026-10-02	gid://shopify/Product/15443493749121	Gadgets	Gadget
2026-10-02	gid://shopify/Product/15443493814657	Gadgets	Gadget
2026-10-02	gid://shopify/Product/15443493847425	Gadgets	Gadget
2026-10-02	gid://shopify/Product/15443493880193	Gadgets	Gadget
2026-10-02	gid://shopify/Product/15443493912961	Gadgets	Gadget
2026-10-02	gid://shopify/Product/15443493945729	Gadgets	Gadget
2026-10-02	gid://shopify/Product/15443494011265	Gadgets	Gadget
2026-10-02	gid://shopify/Product/15443494076801	Gadgets	Gadget
2026-10-02	gid://shopify/Product/15443494109569	Gadgets	Gadget
2026-10-02	gid://shopify/Product/15443494142337	Gadgets	Gadget
2026-10-02	gid://shopify/Product/15443494207873	Gadgets	Gadget
2026-10-02	gid://shopify/Product/15443494240641	Gadgets	Gadget
2026-10-02	gid://shopify/Product/15443494306177	Gadgets	Gadget
2026-10-02	gid://shopify/Product/15443494371713	Gadgets	Gadget
2026-10-02	gid://shopify/Product/15443494404481	Gadgets	Gadget
2026-10-02	gid://shopify/Product/15443494502785	Gadgets	Gadget
2026-10-02	gid://shopify/Product/15443494568321	Gadgets	Gadget
2026-10-02	gid://shopify/Product/15443494601089	Gadgets	Gadget
2026-10-02	gid://shopify/Product/15443494633857	Gadgets	Gadget
2026-10-02	gid://shopify/Product/15443494699393	Gadgets	Gadget
2026-10-02	gid://shopify/Product/15443494732161	Gadgets	Gadget
2026-10-02	gid://shopify/Product/15443494764929	Gadgets	Gadget
2026-10-02	gid://shopify/Product/15443494830465	Gadgets	Gadget
2026-10-02	gid://shopify/Product/15443494863233	Gadgets	Gadget
2026-10-02	gid://shopify/Product/15443494896001	Gadgets	Gadget
2026-10-02	gid://shopify/Product/15443494928769	Gadgets	Gadget
2026-10-02	gid://shopify/Product/15443494961537	Gadgets	Gadget
2026-10-02	gid://shopify/Product/15443495027073	Gadgets	Gadget
2026-10-02	gid://shopify/Product/15443495059841	Gadgets	Gadget
2026-10-02	gid://shopify/Product/15443495125377	Gadgets	Gadget
2026-10-02	gid://shopify/Product/15443495158145	Gadgets	Gadget
2026-10-02	gid://shopify/Product/15443495223681	Gadgets	Gadget
2026-10-02	gid://shopify/Product/15443495289217	Gadgets	Gadget
2026-10-02	gid://shopify/Product/15443495354753	Gadgets	Gadget
2026-10-02	gid://shopify/Product/15443495387521	Gadgets	Gadget
2026-10-02	gid://shopify/Product/15443495420289	Gadgets	Gadget
2026-10-02	gid://shopify/Product/15443495453057	Gadgets	Gadget
2026-10-02	gid://shopify/Product/15443495485825	Gadgets	Gadget
2026-10-02	gid://shopify/Product/15443495518593	Gadgets	Gadget
2026-10-02	gid://shopify/Product/15443495747969	Gadgets	Gadget
2026-10-02	gid://shopify/Product/15443495780737	Gadgets	Gadget
2026-10-02	gid://shopify/Product/15443495813505	Gadgets	Gadget
2026-10-02	gid://shopify/Product/15443495846273	Gadgets	Gadget
2026-10-02	gid://shopify/Product/15443495879041	Gadgets	Gadget
2026-10-02	gid://shopify/Product/15443495911809	Gadgets	Gadget
2026-10-02	gid://shopify/Product/15443495944577	Gadgets	Gadget
2026-10-02	gid://shopify/Product/15443495977345	Gadgets	Gadget
2026-10-02	gid://shopify/Product/15443496010113	Gadgets	Gadget
2026-10-02	gid://shopify/Product/15443496042881	Gadgets	Gadget
2026-10-02	gid://shopify/Product/15443496075649	Gadgets	Gadget
2026-10-02	gid://shopify/Product/15443496108417	Gadgets	Gadget
2026-10-02	gid://shopify/Product/15443496141185	Gadgets	Gadget
2026-10-02	gid://shopify/Product/15443496173953	Gadgets	Gadget
2026-10-02	gid://shopify/Product/15443496206721	Gadgets	Gadget
2026-10-02	gid://shopify/Product/15443496239489	Gadgets	Gadget
2026-10-02	gid://shopify/Product/15443496731009	Gadgets	Gadget
2026-10-02	gid://shopify/Product/15443496763777	Gadgets	Gadget
2026-10-02	gid://shopify/Product/15443496796545	Gadgets	Gadget
2026-10-02	gid://shopify/Product/15443496829313	Gadgets	Gadget
2026-10-02	gid://shopify/Product/15443496862081	Gadgets	Gadget
2026-10-02	gid://shopify/Product/15443496894849	Gadgets	Gadget
2026-10-02	gid://shopify/Product/15443496927617	Gadgets	Gadget
2026-10-02	gid://shopify/Product/15443496960385	Gadgets	Gadget
2026-10-02	gid://shopify/Product/15443496993153	Gadgets	Gadget
2026-10-02	gid://shopify/Product/15443497025921	Gadgets	Gadget
2026-10-02	gid://shopify/Product/15443497484673	Gadgets	Gadget
2026-10-02	gid://shopify/Product/15443497517441	Gadgets	Gadget
2026-10-02	gid://shopify/Product/15443497550209	Gadgets	Gadget
2026-10-02	gid://shopify/Product/15443497582977	Gadgets	Gadget
2026-10-02	gid://shopify/Product/15443497648513	Gadgets	Gadget
2026-10-02	gid://shopify/Product/15443497681281	Gadgets	Gadget
2026-10-02	gid://shopify/Product/15443497714049	Gadgets	Gadget
2026-10-02	gid://shopify/Product/15443497746817	Gadgets	Gadget
2026-10-02	gid://shopify/Product/15443497812353	Gadgets	Gadget
2026-10-02	gid://shopify/Product/15443497845121	Gadgets	Gadget
2026-10-02	gid://shopify/Product/15443497877889	Gadgets	Gadget
2026-10-02	gid://shopify/Product/15443497910657	Gadgets	Gadget
2026-10-02	gid://shopify/Product/15443497976193	Gadgets	Gadget
2026-10-02	gid://shopify/Product/15443498008961	Gadgets	Gadget
2026-10-02	gid://shopify/Product/15443498041729	Gadgets	Gadget
2026-10-02	gid://shopify/Product/15443498107265	Gadgets	Gadget
2026-10-02	gid://shopify/Product/15443498140033	Gadgets	Gadget
2026-10-02	gid://shopify/Product/15443498172801	Gadgets	Gadget
2026-10-02	gid://shopify/Product/15443498205569	Gadgets	Gadget
2026-10-02	gid://shopify/Product/15443498271105	Gadgets	Gadget
2026-10-02	gid://shopify/Product/15443498303873	Gadgets	Gadget
2026-10-02	gid://shopify/Product/15443498336641	Gadgets	Gadget
2026-10-02	gid://shopify/Product/15443498369409	Gadgets	Gadget
2026-10-02	gid://shopify/Product/15443498402177	Gadgets	Gadget
2026-10-02	gid://shopify/Product/15443498467713	Gadgets	Gadget
2026-10-02	gid://shopify/Product/15443498500481	Gadgets	Gadget
2026-10-02	gid://shopify/Product/15443498533249	Gadgets	Gadget
2026-10-02	gid://shopify/Product/15443498566017	Gadgets	Gadget
2026-10-02	gid://shopify/Product/15443498631553	Gadgets	Gadget
2026-10-02	gid://shopify/Product/15443498664321	Gadgets	Gadget
2026-10-02	gid://shopify/Product/15443498697089	Gadgets	Gadget
2026-10-02	gid://shopify/Product/15443498729857	Gadgets	Gadget
2026-10-02	gid://shopify/Product/15443498795393	Gadgets	Gadget
2026-10-02	gid://shopify/Product/15443498828161	Gadgets	Gadget
2026-10-02	gid://shopify/Product/15443498860929	Gadgets	Gadget
2026-10-02	gid://shopify/Product/15443498893697	Gadgets	Gadget
2026-10-02	gid://shopify/Product/15443498959233	Gadgets	Gadget
2026-10-02	gid://shopify/Product/15443498992001	Gadgets	Gadget
2026-10-02	gid://shopify/Product/15443499024769	Gadgets	Gadget
2026-10-02	gid://shopify/Product/15443499090305	Gadgets	Gadget
2026-10-02	gid://shopify/Product/15443499123073	Gadgets	Gadget
2026-10-02	gid://shopify/Product/15443499155841	Gadgets	Gadget
2026-10-02	gid://shopify/Product/15443499221377	Gadgets	Gadget
2026-10-02	gid://shopify/Product/15443499254145	Gadgets	Gadget
2026-10-02	gid://shopify/Product/15443499286913	Gadgets	Gadget
2026-10-02	gid://shopify/Product/15443499319681	Gadgets	Gadget
2026-10-02	gid://shopify/Product/15443499352449	Gadgets	Gadget
2026-10-02	gid://shopify/Product/15443499385217	Gadgets	Gadget
2026-10-02	gid://shopify/Product/15443499417985	Gadgets	Gadget
2026-10-02	gid://shopify/Product/15443499450753	Gadgets	Gadget
2026-10-02	gid://shopify/Product/15443499483521	Gadgets	Gadget
2026-10-02	gid://shopify/Product/15443499549057	Gadgets	Gadget
2026-10-02	gid://shopify/Product/15443499581825	Gadgets	Gadget
2026-10-02	gid://shopify/Product/15443499680129	Gadgets	Gadget
2026-10-02	gid://shopify/Product/15443499745665	Gadgets	Gadget
2026-10-02	gid://shopify/Product/15443499778433	Gadgets	Gadget
2026-10-02	gid://shopify/Product/15443499811201	Gadgets	Gadget
2026-10-02	gid://shopify/Product/15443499843969	Gadgets	Gadget
2026-10-02	gid://shopify/Product/15443499909505	Gadgets	Gadget
2026-10-02	gid://shopify/Product/15443499942273	Gadgets	Gadget
2026-10-02	gid://shopify/Product/15443499975041	Gadgets	Gadget
2026-10-02	gid://shopify/Product/15443500007809	Gadgets	Gadget
2026-10-02	gid://shopify/Product/15443500073345	Gadgets	Gadget
2026-10-02	gid://shopify/Product/15443500106113	Gadgets	Gadget
2026-10-02	gid://shopify/Product/15443500138881	Gadgets	Gadget
2026-10-02	gid://shopify/Product/15443500204417	Gadgets	Gadget
2026-10-02	gid://shopify/Product/15443500237185	Gadgets	Gadget
2026-10-02	gid://shopify/Product/15443500269953	Gadgets	Gadget
2026-10-02	gid://shopify/Product/15443500302721	Gadgets	Gadget
2026-10-02	gid://shopify/Product/15443500368257	Gadgets	Gadget
2026-10-02	gid://shopify/Product/15443500401025	Gadgets	Gadget
2026-10-02	gid://shopify/Product/15443500433793	Gadgets	Gadget
2026-10-02	gid://shopify/Product/15443500466561	Gadgets	Gadget
2026-10-02	gid://shopify/Product/15443500532097	Gadgets	Gadget
2026-10-02	gid://shopify/Product/15443500564865	Gadgets	Gadget
2026-10-02	gid://shopify/Product/15443500597633	Gadgets	Gadget
2026-10-02	gid://shopify/Product/15443500630401	Gadgets	Gadget
2026-10-02	gid://shopify/Product/15443500695937	Gadgets	Gadget
2026-10-02	gid://shopify/Product/15443500794241	Gadgets	Gadget
2026-10-02	gid://shopify/Product/15443500827009	Gadgets	Gadget
2026-10-02	gid://shopify/Product/15443500859777	Gadgets	Gadget
2026-10-02	gid://shopify/Product/15443500892545	Gadgets	Gadget
2026-10-02	gid://shopify/Product/15443500958081	Gadgets	Gadget
2026-10-02	gid://shopify/Product/15443500990849	Gadgets	Gadget
2026-10-02	gid://shopify/Product/15443501056385	Gadgets	Gadget
2026-10-02	gid://shopify/Product/15443501089153	Gadgets	Gadget
2026-10-02	gid://shopify/Product/15443501121921	Gadgets	Gadget
2026-10-02	gid://shopify/Product/15443501154689	Gadgets	Gadget
2026-10-02	gid://shopify/Product/15443501187457	Gadgets	Gadget
2026-10-02	gid://shopify/Product/15443501220225	Gadgets	Gadget
2026-10-02	gid://shopify/Product/15443501252993	Gadgets	Gadget
2026-10-02	gid://shopify/Product/15443501285761	Gadgets	Gadget
2026-10-02	gid://shopify/Product/15443501318529	Gadgets	Gadget
2026-10-02	gid://shopify/Product/15443501351297	Gadgets	Gadget
2026-10-02	gid://shopify/Product/15443501384065	Gadgets	Gadget
2026-10-02	gid://shopify/Product/15443501416833	Gadgets	Gadget
2026-10-02	gid://shopify/Product/15443501482369	Gadgets	Gadget
2026-10-02	gid://shopify/Product/15443501515137	Gadgets	Gadget
2026-10-02	gid://shopify/Product/15443501547905	Gadgets	Gadget
2026-10-02	gid://shopify/Product/15443501580673	Gadgets	Gadget
2026-10-02	gid://shopify/Product/15443501613441	Gadgets	Gadget
2026-10-02	gid://shopify/Product/15443501646209	Gadgets	Gadget
2026-10-02	gid://shopify/Product/15443501678977	Gadgets	Gadget
2026-10-02	gid://shopify/Product/15443501711745	Gadgets	Gadget
2026-10-02	gid://shopify/Product/15443501744513	Gadgets	Gadget
2026-10-02	gid://shopify/Product/15443501777281	Gadgets	Gadget
2026-10-02	gid://shopify/Product/15443501810049	Gadgets	Gadget
2026-10-02	gid://shopify/Product/15443501842817	Gadgets	Gadget
2026-10-02	gid://shopify/Product/15443501908353	Gadgets	Gadget
2026-10-02	gid://shopify/Product/15443501941121	Gadgets	Gadget
2026-10-02	gid://shopify/Product/15443501973889	Gadgets	Gadget
2026-10-02	gid://shopify/Product/15443502006657	Gadgets	Gadget
2026-10-02	gid://shopify/Product/15443502072193	Gadgets	Gadget
2026-10-02	gid://shopify/Product/15443502104961	Gadgets	Gadget
2026-10-02	gid://shopify/Product/15443502137729	Gadgets	Gadget
2026-10-02	gid://shopify/Product/15443502170497	Gadgets	Gadget
2026-10-02	gid://shopify/Product/15443502236033	Gadgets	Gadget
2026-10-02	gid://shopify/Product/15443502268801	Gadgets	Gadget
2026-10-02	gid://shopify/Product/15443529826689	Gadgets	Gadget
2026-10-02	gid://shopify/Product/15443529859457	Gadgets	Gadget
2026-10-02	gid://shopify/Product/15443529892225	Gadgets	Gadget
2026-10-02	gid://shopify/Product/15443529957761	Gadgets	Gadget
2026-10-02	gid://shopify/Product/15443530023297	Gadgets	Gadget
2026-10-02	gid://shopify/Product/15443530088833	Gadgets	Gadget
2026-10-02	gid://shopify/Product/15443530121601	Gadgets	Gadget
2026-10-02	gid://shopify/Product/15443530154369	Gadgets	Gadget
2026-10-02	gid://shopify/Product/15443530187137	Gadgets	Gadget
2026-10-02	gid://shopify/Product/15443530285441	Gadgets	Gadget
2026-10-02	gid://shopify/Product/15443530318209	Gadgets	Gadget
2026-10-02	gid://shopify/Product/15443530350977	Gadgets	Gadget
2026-10-02	gid://shopify/Product/15443530383745	Gadgets	Gadget
2026-10-02	gid://shopify/Product/15443530449281	Gadgets	Gadget
2026-10-02	gid://shopify/Product/15443530482049	Gadgets	Gadget
2026-10-02	gid://shopify/Product/15443530514817	Gadgets	Gadget
2026-10-02	gid://shopify/Product/15443530547585	Gadgets	Gadget
2026-10-02	gid://shopify/Product/15443530580353	Gadgets	Gadget
2026-10-02	gid://shopify/Product/15443530613121	Gadgets	Gadget
2026-10-02	gid://shopify/Product/15443530678657	Gadgets	Gadget
2026-10-02	gid://shopify/Product/15443530744193	Gadgets	Gadget
2026-10-02	gid://shopify/Product/15443530776961	Gadgets	Gadget
2026-10-02	gid://shopify/Product/15443530809729	Gadgets	Gadget
2026-10-02	gid://shopify/Product/15443530842497	Gadgets	Gadget
2026-10-02	gid://shopify/Product/15443530875265	Gadgets	Gadget
2026-10-02	gid://shopify/Product/15443530940801	Gadgets	Gadget
2026-10-02	gid://shopify/Product/15443531006337	Gadgets	Gadget
2026-10-02	gid://shopify/Product/15443531039105	Gadgets	Gadget
2026-10-02	gid://shopify/Product/15443531071873	Gadgets	Gadget
2026-10-02	gid://shopify/Product/15443531104641	Gadgets	Gadget
2026-10-02	gid://shopify/Product/15443531137409	Gadgets	Gadget
2026-10-02	gid://shopify/Product/15443531202945	Gadgets	Gadget
2026-10-02	gid://shopify/Product/15443531235713	Gadgets	Gadget
2026-10-02	gid://shopify/Product/15443531268481	Gadgets	Gadget
2026-10-02	gid://shopify/Product/15443531334017	Gadgets	Gadget
2026-10-02	gid://shopify/Product/15443531366785	Gadgets	Gadget
2026-10-02	gid://shopify/Product/15443531399553	Gadgets	Gadget
2026-10-02	gid://shopify/Product/15443531432321	Gadgets	Gadget
2026-10-02	gid://shopify/Product/15443531465089	Gadgets	Gadget
2026-10-02	gid://shopify/Product/15443531497857	Gadgets	Gadget
2026-10-02	gid://shopify/Product/15443531530625	Gadgets	Gadget
2026-10-02	gid://shopify/Product/15443531563393	Gadgets	Gadget
2026-10-02	gid://shopify/Product/15443531596161	Gadgets	Gadget
2026-10-02	gid://shopify/Product/15443531628929	Gadgets	Gadget
2026-10-02	gid://shopify/Product/15443531661697	Gadgets	Gadget
2026-10-02	gid://shopify/Product/15443531727233	Gadgets	Gadget
2026-10-02	gid://shopify/Product/15443531760001	Gadgets	Gadget
2026-10-02	gid://shopify/Product/15443531792769	Gadgets	Gadget
2026-10-02	gid://shopify/Product/15443531858305	Gadgets	Gadget
2026-10-02	gid://shopify/Product/15443531923841	Gadgets	Gadget
2026-10-02	gid://shopify/Product/15443532054913	Gadgets	Gadget
2026-10-02	gid://shopify/Product/15443532120449	Gadgets	Gadget
2026-10-02	gid://shopify/Product/15443532153217	Gadgets	Gadget
2026-10-02	gid://shopify/Product/15443532185985	Gadgets	Gadget
2026-10-02	gid://shopify/Product/15443532218753	Gadgets	Gadget
2026-10-02	gid://shopify/Product/15443532251521	Gadgets	Gadget
2026-10-02	gid://shopify/Product/15443532284289	Gadgets	Gadget
2026-10-02	gid://shopify/Product/15443532349825	Gadgets	Gadget
2026-10-02	gid://shopify/Product/15443532382593	Gadgets	Gadget
2026-10-02	gid://shopify/Product/15443532415361	Gadgets	Gadget
2026-10-02	gid://shopify/Product/15443532448129	Gadgets	Gadget
2026-10-02	gid://shopify/Product/15443532480897	Gadgets	Gadget
2026-10-02	gid://shopify/Product/15443532513665	Gadgets	Gadget
2026-10-02	gid://shopify/Product/15443532546433	Gadgets	Gadget
2026-10-02	gid://shopify/Product/15443532579201	Gadgets	Gadget
2026-10-02	gid://shopify/Product/15443533234561	Gadgets	Gadget
2026-10-02	gid://shopify/Product/15443533267329	Gadgets	Gadget
2026-10-02	gid://shopify/Product/15443533300097	Gadgets	Gadget
2026-10-02	gid://shopify/Product/15443533332865	Gadgets	Gadget
2026-10-02	gid://shopify/Product/15443533431169	Gadgets	Gadget
2026-10-02	gid://shopify/Product/15443533463937	Gadgets	Gadget
2026-10-02	gid://shopify/Product/15443533496705	Gadgets	Gadget
2026-10-02	gid://shopify/Product/15443533529473	Gadgets	Gadget
2026-10-02	gid://shopify/Product/15443533595009	Gadgets	Gadget
2026-10-02	gid://shopify/Product/15443533627777	Gadgets	Gadget
2026-10-02	gid://shopify/Product/15443533693313	Gadgets	Gadget
2026-10-02	gid://shopify/Product/15443533758849	Gadgets	Gadget
2026-10-02	gid://shopify/Product/15443533791617	Gadgets	Gadget
2026-10-02	gid://shopify/Product/15443533824385	Gadgets	Gadget
2026-10-02	gid://shopify/Product/15443533857153	Gadgets	Gadget
2026-10-02	gid://shopify/Product/15443533889921	Gadgets	Gadget
2026-10-02	gid://shopify/Product/15443533955457	Gadgets	Gadget
2026-10-02	gid://shopify/Product/15443533988225	Gadgets	Gadget
2026-10-02	gid://shopify/Product/15443534020993	Gadgets	Gadget
2026-10-02	gid://shopify/Product/15443534053761	Gadgets	Gadget
2026-10-02	gid://shopify/Product/15443534184833	Gadgets	Gadget
2026-10-02	gid://shopify/Product/15443534217601	Gadgets	Gadget
2026-10-02	gid://shopify/Product/15443534250369	Gadgets	Gadget
2026-10-02	gid://shopify/Product/15443534283137	Gadgets	Gadget
2026-10-02	gid://shopify/Product/15443534315905	Gadgets	Gadget
2026-10-02	gid://shopify/Product/15443534348673	Gadgets	Gadget
2026-10-02	gid://shopify/Product/15443534381441	Gadgets	Gadget
2026-10-02	gid://shopify/Product/15443534446977	Gadgets	Gadget
2026-10-02	gid://shopify/Product/15443534479745	Gadgets	Gadget
2026-10-02	gid://shopify/Product/15443534512513	Gadgets	Gadget
2026-10-02	gid://shopify/Product/15443534545281	Gadgets	Gadget
2026-10-02	gid://shopify/Product/15443534578049	Gadgets	Gadget
2026-10-02	gid://shopify/Product/15443534610817	Gadgets	Gadget
2026-10-02	gid://shopify/Product/15443534643585	Gadgets	Gadget
2026-10-02	gid://shopify/Product/15443534676353	Gadgets	Gadget
2026-10-02	gid://shopify/Product/15443534741889	Gadgets	Gadget
2026-10-02	gid://shopify/Product/15443534774657	Gadgets	Gadget
2026-10-02	gid://shopify/Product/15443534807425	Gadgets	Gadget
2026-10-02	gid://shopify/Product/15443534840193	Gadgets	Gadget
2026-10-02	gid://shopify/Product/15443534872961	Gadgets	Gadget
2026-10-02	gid://shopify/Product/15443613680001	Gadgets	Gadget
2026-10-02	gid://shopify/Product/15443613974913	Gadgets	Gadget
2026-10-02	gid://shopify/Product/15443614073217	Gadgets	Gadget
2026-10-02	gid://shopify/Product/15443614237057	Gadgets	Gadget
2026-10-02	gid://shopify/Product/15443614368129	Gadgets	Gadget
2026-10-02	gid://shopify/Product/15443614466433	Gadgets	Gadget
2026-10-02	gid://shopify/Product/15443614663041	Gadgets	Gadget
2026-10-02	gid://shopify/Product/15443614794113	Gadgets	Gadget
2026-10-02	gid://shopify/Product/15443614990721	Gadgets	Gadget
2026-10-02	gid://shopify/Product/15443615121793	Gadgets	Gadget
2026-10-02	gid://shopify/Product/15443615318401	Gadgets	Gadget
2026-10-02	gid://shopify/Product/15443615449473	Gadgets	Gadget
2026-10-02	gid://shopify/Product/15443615547777	Gadgets	Gadget
2026-10-02	gid://shopify/Product/15443615842689	Gadgets	Gadget
2026-10-02	gid://shopify/Product/15443616006529	Gadgets	Gadget
2026-10-02	gid://shopify/Product/15443616170369	Gadgets	Gadget
2026-10-02	gid://shopify/Product/15443616366977	Gadgets	Gadget
2026-10-02	gid://shopify/Product/15443616498049	Gadgets	Gadget
2026-10-02	gid://shopify/Product/15443616661889	Gadgets	Gadget
2026-10-02	gid://shopify/Product/15443616825729	Gadgets	Gadget
2026-10-02	gid://shopify/Product/15443617022337	Gadgets	Gadget
2026-10-02	gid://shopify/Product/15443617186177	Gadgets	Gadget
2026-10-02	gid://shopify/Product/15443617317249	Gadgets	Gadget
2026-10-02	gid://shopify/Product/15443617513857	Gadgets	Gadget
2026-10-02	gid://shopify/Product/15443617644929	Gadgets	Gadget
2026-10-02	gid://shopify/Product/15443617841537	Gadgets	Gadget
2026-10-02	gid://shopify/Product/15443618070913	Gadgets	Gadget
2026-10-02	gid://shopify/Product/15443618267521	Gadgets	Gadget
2026-10-02	gid://shopify/Product/15443618595201	Gadgets	Gadget
2026-10-02	gid://shopify/Product/15443618759041	Gadgets	Gadget
2026-10-02	gid://shopify/Product/15443619053953	Gadgets	Gadget
2026-10-02	gid://shopify/Product/15443619185025	Gadgets	Gadget
2026-10-02	gid://shopify/Product/15443619283329	Gadgets	Gadget
2026-10-02	gid://shopify/Product/15443619447169	Gadgets	Gadget
2026-10-02	gid://shopify/Product/15443619611009	Gadgets	Gadget
2026-10-02	gid://shopify/Product/15443619709313	Gadgets	Gadget
2026-10-02	gid://shopify/Product/15443620036993	Gadgets	Gadget
2026-10-02	gid://shopify/Product/15443620168065	Gadgets	Gadget
2026-10-02	gid://shopify/Product/15443620299137	Gadgets	Gadget
2026-10-02	gid://shopify/Product/15443620462977	Gadgets	Gadget
2026-10-02	gid://shopify/Product/15443801440641	Gadgets	Gadget
2026-10-02	gid://shopify/Product/15443801637249	Gadgets	Gadget
2026-10-02	gid://shopify/Product/15443801670017	Gadgets	Gadget
2026-10-02	gid://shopify/Product/15443801735553	Gadgets	Gadget
2026-10-02	gid://shopify/Product/15443801801089	Gadgets	Gadget
2026-10-02	gid://shopify/Product/15443801866625	Gadgets	Gadget
2026-10-02	gid://shopify/Product/15443801964929	Gadgets	Gadget
2026-10-02	gid://shopify/Product/15443801997697	Gadgets	Gadget
2026-10-02	gid://shopify/Product/15443802063233	Gadgets	Gadget
2026-10-02	gid://shopify/Product/15443802096001	Gadgets	Gadget
2026-10-02	gid://shopify/Product/15443802128769	Gadgets	Gadget
2026-10-02	gid://shopify/Product/15443802161537	Gadgets	Gadget
2026-10-02	gid://shopify/Product/15443802259841	Gadgets	Gadget
2026-10-02	gid://shopify/Product/15443802292609	Gadgets	Gadget
2026-10-02	gid://shopify/Product/15443802358145	Gadgets	Gadget
2026-10-02	gid://shopify/Product/15443802423681	Gadgets	Gadget
2026-10-02	gid://shopify/Product/15443802489217	Gadgets	Gadget
2026-10-02	gid://shopify/Product/15443802521985	Gadgets	Gadget
2026-10-02	gid://shopify/Product/15443802554753	Gadgets	Gadget
2026-10-02	gid://shopify/Product/15443802587521	Gadgets	Gadget
2026-10-02	gid://shopify/Product/15443802653057	Gadgets	Gadget
2026-10-02	gid://shopify/Product/15443802718593	Gadgets	Gadget
2026-10-02	gid://shopify/Product/15443802784129	Gadgets	Gadget
2026-10-02	gid://shopify/Product/15443802816897	Gadgets	Gadget
2026-10-02	gid://shopify/Product/15443802849665	Gadgets	Gadget
2026-10-02	gid://shopify/Product/15443803767169	Gadgets	Gadget
2026-10-02	gid://shopify/Product/15443805110657	Gadgets	Gadget
2026-10-02	gid://shopify/Product/15443805700481	Gadgets	Gadget
2026-10-02	gid://shopify/Product/15443806192001	Gadgets	Gadget
2026-10-02	gid://shopify/Product/15443806486913	Gadgets	Gadget
2026-10-02	gid://shopify/Product/15443806552449	Gadgets	Gadget
2026-10-02	gid://shopify/Product/15443806617985	Gadgets	Gadget
2026-10-02	gid://shopify/Product/15443807371649	Gadgets	Gadget
2026-10-02	gid://shopify/Product/15443807863169	Gadgets	Gadget
2026-10-02	gid://shopify/Product/15443807928705	Gadgets	Gadget
2026-10-02	gid://shopify/Product/15443808027009	Gadgets	Gadget
2026-10-02	gid://shopify/Product/15443808059777	Gadgets	Gadget
2026-10-02	gid://shopify/Product/15443808158081	Gadgets	Gadget
2026-10-02	gid://shopify/Product/15443808190849	Gadgets	Gadget
2026-10-02	gid://shopify/Product/15443808256385	Gadgets	Gadget
2026-10-02	gid://shopify/Product/15443808289153	Gadgets	Gadget
2026-10-02	gid://shopify/Product/15443808321921	Gadgets	Gadget
2026-10-02	gid://shopify/Product/15443808354689	Gadgets	Gadget
2026-10-02	gid://shopify/Product/15443808387457	Gadgets	Gadget
2026-10-02	gid://shopify/Product/15443808420225	Gadgets	Gadget
2026-10-02	gid://shopify/Product/15443808452993	Gadgets	Gadget
2026-10-02	gid://shopify/Product/15443808485761	Gadgets	Gadget
2026-10-02	gid://shopify/Product/15443808551297	Gadgets	Gadget
2026-10-02	gid://shopify/Product/15443808649601	Gadgets	Gadget
2026-10-02	gid://shopify/Product/15443808747905	Gadgets	Gadget
2026-10-02	gid://shopify/Product/15443808780673	Gadgets	Gadget
2026-10-02	gid://shopify/Product/15443808813441	Gadgets	Gadget
2026-10-02	gid://shopify/Product/15443808878977	Gadgets	Gadget
2026-10-02	gid://shopify/Product/15443808911745	Gadgets	Gadget
2026-10-02	gid://shopify/Product/15443808944513	Gadgets	Gadget
2026-10-02	gid://shopify/Product/15443808977281	Gadgets	Gadget
2026-10-02	gid://shopify/Product/15443809075585	Gadgets	Gadget
2026-10-02	gid://shopify/Product/15443809108353	Gadgets	Gadget
2026-10-02	gid://shopify/Product/15443809141121	Gadgets	Gadget
2026-10-02	gid://shopify/Product/15443809173889	Gadgets	Gadget
2026-10-02	gid://shopify/Product/15443809206657	Gadgets	Gadget
2026-10-02	gid://shopify/Product/15443809272193	Gadgets	Gadget
2026-10-02	gid://shopify/Product/15443809304961	Gadgets	Gadget
2026-10-02	gid://shopify/Product/15443809337729	Gadgets	Gadget
2026-10-02	gid://shopify/Product/15443809370497	Gadgets	Gadget
2026-10-02	gid://shopify/Product/15443809468801	Gadgets	Gadget
2026-10-02	gid://shopify/Product/15443809501569	Gadgets	Gadget
2026-10-02	gid://shopify/Product/15443809534337	Gadgets	Gadget
2026-10-02	gid://shopify/Product/15443809567105	Gadgets	Gadget
2026-10-02	gid://shopify/Product/15443809599873	Gadgets	Gadget
2026-10-02	gid://shopify/Product/15443809632641	Gadgets	Gadget
2026-10-02	gid://shopify/Product/15443809665409	Gadgets	Gadget
2026-10-02	gid://shopify/Product/15443809763713	Gadgets	Gadget
2026-10-02	gid://shopify/Product/15443809862017	Gadgets	Gadget
2026-10-02	gid://shopify/Product/15443809927553	Gadgets	Gadget
2026-10-02	gid://shopify/Product/15443809993089	Gadgets	Gadget
2026-10-02	gid://shopify/Product/15443810025857	Gadgets	Gadget
2026-10-02	gid://shopify/Product/15443810189697	Gadgets	Gadget
2026-10-02	gid://shopify/Product/15443810255233	Gadgets	Gadget
2026-10-02	gid://shopify/Product/15443810386305	Gadgets	Gadget
2026-10-02	gid://shopify/Product/15443810517377	Gadgets	Gadget
2026-10-02	gid://shopify/Product/15443810615681	Gadgets	Gadget
2026-10-02	gid://shopify/Product/15443810779521	Gadgets	Gadget
2026-10-02	gid://shopify/Product/15443810812289	Gadgets	Gadget
2026-10-02	gid://shopify/Product/15443810845057	Gadgets	Gadget
2026-10-02	gid://shopify/Product/15443810910593	Gadgets	Gadget
2026-10-02	gid://shopify/Product/15443810943361	Gadgets	Gadget
2026-10-02	gid://shopify/Product/15443810976129	Gadgets	Gadget
2026-10-02	gid://shopify/Product/15443811008897	Gadgets	Gadget
2026-10-02	gid://shopify/Product/15443811074433	Gadgets	Gadget
2026-10-02	gid://shopify/Product/15443903480193	Gadgets	Gadget
2026-10-02	gid://shopify/Product/15443904135553	Gadgets	Gadget
2026-10-02	gid://shopify/Product/15443904594305	Gadgets	Gadget
2026-10-02	gid://shopify/Product/15443904659841	Gadgets	Gadget
2026-10-02	gid://shopify/Product/15443904692609	Gadgets	Gadget
2026-10-02	gid://shopify/Product/15443904758145	Gadgets	Gadget
2026-10-02	gid://shopify/Product/15443904790913	Gadgets	Gadget
2026-10-02	gid://shopify/Product/15443904889217	Gadgets	Gadget
2026-10-02	gid://shopify/Product/15443904954753	Gadgets	Gadget
2026-10-02	gid://shopify/Product/15443905053057	Gadgets	Gadget
2026-10-02	gid://shopify/Product/15443905315201	Gadgets	Gadget
2026-10-02	gid://shopify/Product/15443905872257	Gadgets	Gadget
2026-10-02	gid://shopify/Product/15443906298241	Gadgets	Gadget
2026-10-02	gid://shopify/Product/15443906822529	Gadgets	Gadget
2026-10-02	gid://shopify/Product/15443907150209	Gadgets	Gadget
2026-10-02	gid://shopify/Product/15443907379585	Gadgets	Gadget
2026-10-02	gid://shopify/Product/15443907740033	Gadgets	Gadget
2026-10-02	gid://shopify/Product/15443908002177	Gadgets	Gadget
2026-10-02	gid://shopify/Product/15443908231553	Gadgets	Gadget
2026-10-02	gid://shopify/Product/15443908395393	Gadgets	Gadget
2026-10-02	gid://shopify/Product/15443908460929	Gadgets	Gadget
2026-10-02	gid://shopify/Product/15443908559233	Gadgets	Gadget
2026-10-02	gid://shopify/Product/15443908624769	Gadgets	Gadget
2026-10-02	gid://shopify/Product/15443908690305	Gadgets	Gadget
2026-10-02	gid://shopify/Product/15443908788609	Gadgets	Gadget
2026-10-02	gid://shopify/Product/15443908821377	Gadgets	Gadget
2026-10-02	gid://shopify/Product/15443908854145	Gadgets	Gadget
2026-10-02	gid://shopify/Product/15443908886913	Gadgets	Gadget
2026-10-02	gid://shopify/Product/15443908985217	Gadgets	Gadget
2026-10-02	gid://shopify/Product/15443909050753	Gadgets	Gadget
2026-10-02	gid://shopify/Product/15443909149057	Gadgets	Gadget
2026-10-02	gid://shopify/Product/15443909181825	Gadgets	Gadget
2026-10-02	gid://shopify/Product/15443909214593	Gadgets	Gadget
2026-10-02	gid://shopify/Product/15443909280129	Gadgets	Gadget
2026-10-02	gid://shopify/Product/15443909312897	Gadgets	Gadget
2026-10-02	gid://shopify/Product/15443909345665	Gadgets	Gadget
2026-10-02	gid://shopify/Product/15443909476737	Gadgets	Gadget
2026-10-02	gid://shopify/Product/15443909509505	Gadgets	Gadget
2026-10-02	gid://shopify/Product/15443909542273	Gadgets	Gadget
2026-10-02	gid://shopify/Product/15443909607809	Gadgets	Gadget
2026-10-02	gid://shopify/Product/15443909640577	Gadgets	Gadget
2026-10-02	gid://shopify/Product/15443909673345	Gadgets	Gadget
2026-10-02	gid://shopify/Product/15443909771649	Gadgets	Gadget
2026-10-02	gid://shopify/Product/15443909869953	Gadgets	Gadget
2026-10-02	gid://shopify/Product/15443910001025	Gadgets	Gadget
2026-10-02	gid://shopify/Product/15443910066561	Gadgets	Gadget
2026-10-02	gid://shopify/Product/15443910132097	Gadgets	Gadget
2026-10-02	gid://shopify/Product/15443910164865	Gadgets	Gadget
2026-10-02	gid://shopify/Product/15443910197633	Gadgets	Gadget
2026-10-02	gid://shopify/Product/15443910230401	Gadgets	Gadget
2026-10-02	gid://shopify/Product/15443910361473	Gadgets	Gadget
2026-10-02	gid://shopify/Product/15443910427009	Gadgets	Gadget
2026-10-02	gid://shopify/Product/15443910492545	Gadgets	Gadget
2026-10-02	gid://shopify/Product/15443910558081	Gadgets	Gadget
2026-10-02	gid://shopify/Product/15443910590849	Gadgets	Gadget
2026-10-02	gid://shopify/Product/15443910721921	Gadgets	Gadget
2026-10-02	gid://shopify/Product/15443910918529	Gadgets	Gadget
2026-10-02	gid://shopify/Product/15443911016833	Gadgets	Gadget
2026-10-02	gid://shopify/Product/15443911115137	Gadgets	Gadget
2026-10-02	gid://shopify/Product/15443911147905	Gadgets	Gadget
2026-10-02	gid://shopify/Product/15443911213441	Gadgets	Gadget
2026-10-02	gid://shopify/Product/15443911246209	Gadgets	Gadget
2026-10-02	gid://shopify/Product/15443911311745	Gadgets	Gadget
2026-10-02	gid://shopify/Product/15443911442817	Gadgets	Gadget
2026-10-02	gid://shopify/Product/15443911475585	Gadgets	Gadget
2026-10-02	gid://shopify/Product/15443911508353	Gadgets	Gadget
2026-10-02	gid://shopify/Product/15443911541121	Gadgets	Gadget
2026-10-02	gid://shopify/Product/15443911573889	Gadgets	Gadget
2026-10-02	gid://shopify/Product/15443911672193	Gadgets	Gadget
2026-10-02	gid://shopify/Product/15443911803265	Gadgets	Gadget
2026-10-02	gid://shopify/Product/15443911901569	Gadgets	Gadget
2026-10-02	gid://shopify/Product/15443912130945	Gadgets	Gadget
2026-10-02	gid://shopify/Product/15443912163713	Gadgets	Gadget
2026-10-02	gid://shopify/Product/15443912229249	Gadgets	Gadget
2026-10-02	gid://shopify/Product/15443912262017	Gadgets	Gadget
2026-10-02	gid://shopify/Product/15443912294785	Gadgets	Gadget
2026-10-02	gid://shopify/Product/15443912327553	Gadgets	Gadget
2026-10-02	gid://shopify/Product/15443912393089	Gadgets	Gadget
2026-10-02	gid://shopify/Product/15443912458625	Gadgets	Gadget
2026-10-02	gid://shopify/Product/15443912491393	Gadgets	Gadget
2026-10-02	gid://shopify/Product/15443912556929	Gadgets	Gadget
2026-10-02	gid://shopify/Product/15443912622465	Gadgets	Gadget
2026-10-02	gid://shopify/Product/15443912655233	Gadgets	Gadget
2026-10-02	gid://shopify/Product/15443912688001	Gadgets	Gadget
2026-10-02	gid://shopify/Product/15443912753537	Gadgets	Gadget
2026-10-02	gid://shopify/Product/15443912786305	Gadgets	Gadget
2026-10-02	gid://shopify/Product/15443912851841	Gadgets	Gadget
2026-10-02	gid://shopify/Product/15443912884609	Gadgets	Gadget
2026-10-02	gid://shopify/Product/15443912950145	Gadgets	Gadget
2026-10-02	gid://shopify/Product/15443912982913	Gadgets	Gadget
2026-10-02	gid://shopify/Product/15443968786817	Gadgets	Gadget
2026-10-02	gid://shopify/Product/15443968885121	Gadgets	Gadget
2026-10-02	gid://shopify/Product/15443968917889	Gadgets	Gadget
2026-10-02	gid://shopify/Product/15443968950657	Gadgets	Gadget
2026-10-02	gid://shopify/Product/15443969016193	Gadgets	Gadget
2026-10-02	gid://shopify/Product/15443969048961	Gadgets	Gadget
2026-10-02	gid://shopify/Product/15443969147265	Gadgets	Gadget
2026-10-02	gid://shopify/Product/15443969180033	Gadgets	Gadget
2026-10-02	gid://shopify/Product/15443969212801	Gadgets	Gadget
2026-10-02	gid://shopify/Product/15443969245569	Gadgets	Gadget
2026-10-02	gid://shopify/Product/15443969278337	Gadgets	Gadget
2026-10-02	gid://shopify/Product/15443969343873	Gadgets	Gadget
2026-10-02	gid://shopify/Product/15443969376641	Gadgets	Gadget
2026-10-02	gid://shopify/Product/15443969409409	Gadgets	Gadget
2026-10-02	gid://shopify/Product/15443969442177	Gadgets	Gadget
2026-10-02	gid://shopify/Product/15443969474945	Gadgets	Gadget
2026-10-02	gid://shopify/Product/15443969507713	Gadgets	Gadget
2026-10-02	gid://shopify/Product/15443969573249	Gadgets	Gadget
2026-10-02	gid://shopify/Product/15443969606017	Gadgets	Gadget
2026-10-02	gid://shopify/Product/15443969638785	Gadgets	Gadget
2026-10-02	gid://shopify/Product/15443969671553	Gadgets	Gadget
2026-10-02	gid://shopify/Product/15443969802625	Gadgets	Gadget
2026-10-02	gid://shopify/Product/15443969835393	Gadgets	Gadget
2026-10-02	gid://shopify/Product/15443969868161	Gadgets	Gadget
2026-10-02	gid://shopify/Product/15443969900929	Gadgets	Gadget
2026-10-02	gid://shopify/Product/15443969933697	Gadgets	Gadget
2026-10-02	gid://shopify/Product/15443969966465	Gadgets	Gadget
2026-10-02	gid://shopify/Product/15443969999233	Gadgets	Gadget
2026-10-02	gid://shopify/Product/15443970097537	Gadgets	Gadget
2026-10-02	gid://shopify/Product/15443970130305	Gadgets	Gadget
2026-10-02	gid://shopify/Product/15443970163073	Gadgets	Gadget
2026-10-02	gid://shopify/Product/15443970195841	Gadgets	Gadget
2026-10-02	gid://shopify/Product/15443970261377	Gadgets	Gadget
2026-10-02	gid://shopify/Product/15443970294145	Gadgets	Gadget
2026-10-02	gid://shopify/Product/15443970326913	Gadgets	Gadget
2026-10-02	gid://shopify/Product/15443970359681	Gadgets	Gadget
2026-10-02	gid://shopify/Product/15443970392449	Gadgets	Gadget
2026-10-02	gid://shopify/Product/15443970425217	Gadgets	Gadget
2026-10-02	gid://shopify/Product/15443970457985	Gadgets	Gadget
2026-10-02	gid://shopify/Product/15443970490753	Gadgets	Gadget
2026-10-02	gid://shopify/Product/15444018463105	Gadgets	Gadget
2026-10-02	gid://shopify/Product/15444018495873	Gadgets	Gadget
2026-10-02	gid://shopify/Product/15444018528641	Gadgets	Gadget
2026-10-02	gid://shopify/Product/15444018626945	Gadgets	Gadget
2026-10-02	gid://shopify/Product/15444018692481	Gadgets	Gadget
2026-10-02	gid://shopify/Product/15444018725249	Gadgets	Gadget
2026-10-02	gid://shopify/Product/15444018758017	Gadgets	Gadget
2026-10-02	gid://shopify/Product/15444018790785	Gadgets	Gadget
2026-10-02	gid://shopify/Product/15444018889089	Gadgets	Gadget
2026-10-02	gid://shopify/Product/15444018954625	Gadgets	Gadget
2026-10-02	gid://shopify/Product/15444018987393	Gadgets	Gadget
2026-10-02	gid://shopify/Product/15444019020161	Gadgets	Gadget
2026-10-02	gid://shopify/Product/15444019052929	Gadgets	Gadget
2026-10-02	gid://shopify/Product/15444019151233	Gadgets	Gadget
2026-10-02	gid://shopify/Product/15444019216769	Gadgets	Gadget
2026-10-02	gid://shopify/Product/15444019249537	Gadgets	Gadget
2026-10-02	gid://shopify/Product/15444019282305	Gadgets	Gadget
2026-10-02	gid://shopify/Product/15444019315073	Gadgets	Gadget
2026-10-02	gid://shopify/Product/15444019347841	Gadgets	Gadget
2026-10-02	gid://shopify/Product/15444019446145	Gadgets	Gadget
2026-10-02	gid://shopify/Product/15444019478913	Gadgets	Gadget
2026-10-02	gid://shopify/Product/15444019511681	Gadgets	Gadget
2026-10-02	gid://shopify/Product/15444019577217	Gadgets	Gadget
2026-10-02	gid://shopify/Product/15444019609985	Gadgets	Gadget
2026-10-02	gid://shopify/Product/15444019642753	Gadgets	Gadget
2026-10-02	gid://shopify/Product/15444019675521	Gadgets	Gadget
2026-10-02	gid://shopify/Product/15444019741057	Gadgets	Gadget
2026-10-02	gid://shopify/Product/15444019773825	Gadgets	Gadget
2026-10-02	gid://shopify/Product/15444019806593	Gadgets	Gadget
2026-10-02	gid://shopify/Product/15444019904897	Gadgets	Gadget
2026-10-02	gid://shopify/Product/15444020265345	Gadgets	Gadget
2026-10-02	gid://shopify/Product/15444020625793	Gadgets	Gadget
2026-10-02	gid://shopify/Product/15444020691329	Gadgets	Gadget
2026-10-02	gid://shopify/Product/15444020887937	Gadgets	Gadget
2026-10-02	gid://shopify/Product/15444021084545	Gadgets	Gadget
2026-10-02	gid://shopify/Product/15444021150081	Gadgets	Gadget
2026-10-02	gid://shopify/Product/15444021182849	Gadgets	Gadget
2026-10-02	gid://shopify/Product/15444021215617	Gadgets	Gadget
2026-10-02	gid://shopify/Product/15444021248385	Gadgets	Gadget
2026-10-02	gid://shopify/Product/15444021313921	Gadgets	Gadget
2026-10-02	gid://shopify/Product/15444021379457	Gadgets	Gadget
2026-10-02	gid://shopify/Product/15444021412225	Gadgets	Gadget
2026-10-02	gid://shopify/Product/15444021477761	Gadgets	Gadget
2026-10-02	gid://shopify/Product/15444021510529	Gadgets	Gadget
2026-10-02	gid://shopify/Product/15444021543297	Gadgets	Gadget
2026-10-02	gid://shopify/Product/15444021641601	Gadgets	Gadget
2026-10-02	gid://shopify/Product/15444021674369	Gadgets	Gadget
2026-10-02	gid://shopify/Product/15444021772673	Gadgets	Gadget
2026-10-02	gid://shopify/Product/15444021838209	Gadgets	Gadget
2026-10-02	gid://shopify/Product/15444021903745	Gadgets	Gadget
2026-10-02	gid://shopify/Product/15444022067585	Gadgets	Gadget
2026-10-02	gid://shopify/Product/15444022264193	Gadgets	Gadget
2026-10-02	gid://shopify/Product/15444022362497	Gadgets	Gadget
2026-10-02	gid://shopify/Product/15444022428033	Gadgets	Gadget
2026-10-02	gid://shopify/Product/15444022460801	Gadgets	Gadget
2026-10-02	gid://shopify/Product/15444022559105	Gadgets	Gadget
2026-10-02	gid://shopify/Product/15444022591873	Gadgets	Gadget
2026-10-02	gid://shopify/Product/15444022624641	Gadgets	Gadget
2026-10-02	gid://shopify/Product/15444022690177	Gadgets	Gadget
2026-10-02	gid://shopify/Product/15444022722945	Gadgets	Gadget
2026-10-02	gid://shopify/Product/15444022788481	Gadgets	Gadget
2026-10-02	gid://shopify/Product/15444022821249	Gadgets	Gadget
2026-10-02	gid://shopify/Product/15444022854017	Gadgets	Gadget
2026-10-02	gid://shopify/Product/15444022886785	Gadgets	Gadget
2026-10-02	gid://shopify/Product/15444022919553	Gadgets	Gadget
2026-10-02	gid://shopify/Product/15444022985089	Gadgets	Gadget
2026-10-02	gid://shopify/Product/15444023017857	Gadgets	Gadget
2026-10-02	gid://shopify/Product/15444023050625	Gadgets	Gadget
2026-10-02	gid://shopify/Product/15444023116161	Gadgets	Gadget
2026-10-02	gid://shopify/Product/15444023148929	Gadgets	Gadget
2026-10-02	gid://shopify/Product/15444023214465	Gadgets	Gadget
2026-10-02	gid://shopify/Product/15444023280001	Gadgets	Gadget
2026-10-02	gid://shopify/Product/15444023312769	Gadgets	Gadget
2026-10-02	gid://shopify/Product/15444023345537	Gadgets	Gadget
2026-10-02	gid://shopify/Product/15444023411073	Gadgets	Gadget
2026-10-02	gid://shopify/Product/15444023443841	Gadgets	Gadget
2026-10-02	gid://shopify/Product/15444023509377	Gadgets	Gadget
2026-10-02	gid://shopify/Product/15444023542145	Gadgets	Gadget
2026-10-02	gid://shopify/Product/15444023574913	Gadgets	Gadget
2026-10-02	gid://shopify/Product/15444023607681	Gadgets	Gadget
2026-10-02	gid://shopify/Product/15444072956289	Gadgets	Gadget
2026-10-02	gid://shopify/Product/15444072989057	Gadgets	Gadget
2026-10-02	gid://shopify/Product/15444073054593	Gadgets	Gadget
2026-10-02	gid://shopify/Product/15444073087361	Gadgets	Gadget
2026-10-02	gid://shopify/Product/15444073251201	Gadgets	Gadget
2026-10-02	gid://shopify/Product/15444073283969	Gadgets	Gadget
2026-10-02	gid://shopify/Product/15444073382273	Gadgets	Gadget
2026-10-02	gid://shopify/Product/15444073447809	Gadgets	Gadget
2026-10-02	gid://shopify/Product/15444073480577	Gadgets	Gadget
2026-10-02	gid://shopify/Product/15444073546113	Gadgets	Gadget
2026-10-02	gid://shopify/Product/15444073578881	Gadgets	Gadget
2026-10-02	gid://shopify/Product/15444073611649	Gadgets	Gadget
2026-10-02	gid://shopify/Product/15444073677185	Gadgets	Gadget
2026-10-02	gid://shopify/Product/15444073775489	Gadgets	Gadget
2026-10-02	gid://shopify/Product/15444073841025	Gadgets	Gadget
2026-10-02	gid://shopify/Product/15444073873793	Gadgets	Gadget
2026-10-02	gid://shopify/Product/15444073906561	Gadgets	Gadget
2026-10-02	gid://shopify/Product/15444073939329	Gadgets	Gadget
2026-10-02	gid://shopify/Product/15444074004865	Gadgets	Gadget
2026-10-02	gid://shopify/Product/15444074037633	Gadgets	Gadget
2026-10-02	gid://shopify/Product/15444074070401	Gadgets	Gadget
2026-10-02	gid://shopify/Product/15444074103169	Gadgets	Gadget
2026-10-02	gid://shopify/Product/15444074135937	Gadgets	Gadget
2026-10-02	gid://shopify/Product/15444074168705	Gadgets	Gadget
2026-10-02	gid://shopify/Product/15444074234241	Gadgets	Gadget
2026-10-02	gid://shopify/Product/15444630765953	Gadgets	Gadget
2026-10-02	gid://shopify/Product/15444630929793	Gadgets	Gadget
2026-10-02	gid://shopify/Product/15444631028097	Gadgets	Gadget
2026-10-02	gid://shopify/Product/15444631191937	Gadgets	Gadget
2026-10-02	gid://shopify/Product/15444631355777	Gadgets	Gadget
2026-10-02	gid://shopify/Product/15444631585153	Gadgets	Gadget
2026-10-02	gid://shopify/Product/15444631683457	Gadgets	Gadget
2026-10-02	gid://shopify/Product/15444631781761	Gadgets	Gadget
2026-10-02	gid://shopify/Product/15444631945601	Gadgets	Gadget
2026-10-02	gid://shopify/Product/15444632076673	Gadgets	Gadget
2026-10-02	gid://shopify/Product/15444632338817	Gadgets	Gadget
2026-10-02	gid://shopify/Product/15444633256321	Gadgets	Gadget
2026-10-02	gid://shopify/Product/15444633551233	Gadgets	Gadget
2026-10-02	gid://shopify/Product/15444633846145	Gadgets	Gadget
2026-10-02	gid://shopify/Product/15444634042753	Gadgets	Gadget
2026-10-02	gid://shopify/Product/15444634370433	Gadgets	Gadget
2026-10-02	gid://shopify/Product/15444634501505	Gadgets	Gadget
2026-10-02	gid://shopify/Product/15444634632577	Gadgets	Gadget
2026-10-02	gid://shopify/Product/15444634763649	Gadgets	Gadget
2026-10-02	gid://shopify/Product/15444634894721	Gadgets	Gadget
2026-10-02	gid://shopify/Product/15444635025793	Gadgets	Gadget
2026-10-02	gid://shopify/Product/15444635255169	Gadgets	Gadget
2026-10-02	gid://shopify/Product/15444635419009	Gadgets	Gadget
2026-10-02	gid://shopify/Product/15444635550081	Gadgets	Gadget
2026-10-02	gid://shopify/Product/15444635681153	Gadgets	Gadget
2026-10-02	gid://shopify/Product/15444635877761	Gadgets	Gadget
2026-10-02	gid://shopify/Product/15444636008833	Gadgets	Gadget
2026-10-02	gid://shopify/Product/15444636139905	Gadgets	Gadget
2026-10-02	gid://shopify/Product/15444636303745	Gadgets	Gadget
2026-10-02	gid://shopify/Product/15444636467585	Gadgets	Gadget
2026-10-02	gid://shopify/Product/15444636598657	Gadgets	Gadget
2026-10-02	gid://shopify/Product/15444636696961	Gadgets	Gadget
2026-10-02	gid://shopify/Product/15444636860801	Gadgets	Gadget
2026-10-02	gid://shopify/Product/15444637024641	Gadgets	Gadget
2026-10-02	gid://shopify/Product/15444637221249	Gadgets	Gadget
2026-10-02	gid://shopify/Product/15444637352321	Gadgets	Gadget
2026-10-02	gid://shopify/Product/15444637516161	Gadgets	Gadget
2026-10-02	gid://shopify/Product/15444637680001	Gadgets	Gadget
2026-10-02	gid://shopify/Product/15444637811073	Gadgets	Gadget
2026-10-02	gid://shopify/Product/15444638040449	Gadgets	Gadget
2026-10-02	gid://shopify/Product/15444638204289	Gadgets	Gadget
2026-10-02	gid://shopify/Product/15444638335361	Gadgets	Gadget
2026-10-02	gid://shopify/Product/15444638466433	Gadgets	Gadget
2026-10-02	gid://shopify/Product/15444638564737	Gadgets	Gadget
2026-10-02	gid://shopify/Product/15444638728577	Gadgets	Gadget
2026-10-02	gid://shopify/Product/15444639056257	Gadgets	Gadget
2026-10-02	gid://shopify/Product/15444639252865	Gadgets	Gadget
2026-10-02	gid://shopify/Product/15444639383937	Gadgets	Gadget
2026-10-02	gid://shopify/Product/15444639547777	Gadgets	Gadget
2026-10-02	gid://shopify/Product/15444639711617	Gadgets	Gadget
2026-10-02	gid://shopify/Product/15444639875457	Gadgets	Gadget
2026-10-02	gid://shopify/Product/15444640006529	Gadgets	Gadget
2026-10-02	gid://shopify/Product/15444640203137	Gadgets	Gadget
2026-10-02	gid://shopify/Product/15444640301441	Gadgets	Gadget
2026-10-02	gid://shopify/Product/15444640432513	Gadgets	Gadget
2026-10-02	gid://shopify/Product/15444640563585	Gadgets	Gadget
2026-10-02	gid://shopify/Product/15444640727425	Gadgets	Gadget
2026-10-02	gid://shopify/Product/15444640858497	Gadgets	Gadget
2026-10-02	gid://shopify/Product/15444640989569	Gadgets	Gadget
2026-10-02	gid://shopify/Product/15444840415617	Gadgets	Gadget
2026-10-02	gid://shopify/Product/15444840546689	Gadgets	Gadget
2026-10-02	gid://shopify/Product/15444840743297	Gadgets	Gadget
2026-10-02	gid://shopify/Product/15444840874369	Gadgets	Gadget
2026-10-02	gid://shopify/Product/15444840972673	Gadgets	Gadget
2026-10-02	gid://shopify/Product/15444841103745	Gadgets	Gadget
2026-10-02	gid://shopify/Product/15444841234817	Gadgets	Gadget
2026-10-02	gid://shopify/Product/15444841333121	Gadgets	Gadget
2026-10-02	gid://shopify/Product/15444841431425	Gadgets	Gadget
2026-10-02	gid://shopify/Product/15444841529729	Gadgets	Gadget
2026-10-02	gid://shopify/Product/15444841693569	Gadgets	Gadget
2026-10-02	gid://shopify/Product/15444841791873	Gadgets	Gadget
2026-10-02	gid://shopify/Product/15444841922945	Gadgets	Gadget
2026-10-02	gid://shopify/Product/15444842021249	Gadgets	Gadget
2026-10-02	gid://shopify/Product/15444842185089	Gadgets	Gadget
2026-10-02	gid://shopify/Product/15444842283393	Gadgets	Gadget
2026-10-02	gid://shopify/Product/15444842480001	Gadgets	Gadget
2026-10-02	gid://shopify/Product/15444842578305	Gadgets	Gadget
2026-10-02	gid://shopify/Product/15444842709377	Gadgets	Gadget
2026-10-02	gid://shopify/Product/15444842840449	Gadgets	Gadget
2026-10-02	gid://shopify/Product/15444842971521	Gadgets	Gadget
2026-10-02	gid://shopify/Product/15444843135361	Gadgets	Gadget
2026-10-02	gid://shopify/Product/15444843266433	Gadgets	Gadget
2026-10-02	gid://shopify/Product/15444843364737	Gadgets	Gadget
2026-10-02	gid://shopify/Product/15444843463041	Gadgets	Gadget
2026-10-02	gid://shopify/Product/15444843594113	Gadgets	Gadget
2026-10-02	gid://shopify/Product/15444843692417	Gadgets	Gadget
2026-10-02	gid://shopify/Product/15444843823489	Gadgets	Gadget
2026-10-02	gid://shopify/Product/15444843921793	Gadgets	Gadget
2026-10-02	gid://shopify/Product/15446315893121	Gadgets	Gadget
2026-10-02	gid://shopify/Product/15446316024193	Gadgets	Gadget
2026-10-02	gid://shopify/Product/15446316056961	Gadgets	Gadget
2026-10-02	gid://shopify/Product/15446316089729	Gadgets	Gadget
2026-10-02	gid://shopify/Product/15446316155265	Gadgets	Gadget
2026-10-02	gid://shopify/Product/15446316188033	Gadgets	Gadget
2026-10-02	gid://shopify/Product/15446316286337	Gadgets	Gadget
2026-10-02	gid://shopify/Product/15446316351873	Gadgets	Gadget
2026-10-02	gid://shopify/Product/15446316384641	Gadgets	Gadget
2026-10-02	gid://shopify/Product/15446316417409	Gadgets	Gadget
2026-10-02	gid://shopify/Product/15446316482945	Gadgets	Gadget
2026-10-02	gid://shopify/Product/15446316515713	Gadgets	Gadget
2026-10-02	gid://shopify/Product/15446316548481	Gadgets	Gadget
2026-10-02	gid://shopify/Product/15446316581249	Gadgets	Gadget
2026-10-02	gid://shopify/Product/15446316614017	Gadgets	Gadget
2026-10-02	gid://shopify/Product/15446316646785	Gadgets	Gadget
2026-10-02	gid://shopify/Product/15446316712321	Gadgets	Gadget
2026-10-02	gid://shopify/Product/15446316843393	Gadgets	Gadget
2026-10-02	gid://shopify/Product/15446317007233	Gadgets	Gadget
2026-10-02	gid://shopify/Product/15446317040001	Gadgets	Gadget
2026-10-02	gid://shopify/Product/15446317072769	Gadgets	Gadget
2026-10-02	gid://shopify/Product/15446317138305	Gadgets	Gadget
2026-10-02	gid://shopify/Product/15446317203841	Gadgets	Gadget
2026-10-02	gid://shopify/Product/15446317236609	Gadgets	Gadget
2026-10-02	gid://shopify/Product/15446317269377	Gadgets	Gadget
2026-10-02	gid://shopify/Product/15446317302145	Gadgets	Gadget
2026-10-02	gid://shopify/Product/15446317334913	Gadgets	Gadget
2026-10-02	gid://shopify/Product/15446317400449	Gadgets	Gadget
2026-10-02	gid://shopify/Product/15446317433217	Gadgets	Gadget
2026-10-02	gid://shopify/Product/15446317465985	Gadgets	Gadget
2026-10-02	gid://shopify/Product/15446317498753	Gadgets	Gadget
2026-10-02	gid://shopify/Product/15446317531521	Gadgets	Gadget
2026-10-02	gid://shopify/Product/15446317564289	Gadgets	Gadget
2026-10-02	gid://shopify/Product/15446317597057	Gadgets	Gadget
2026-10-02	gid://shopify/Product/15446317629825	Gadgets	Gadget
2026-10-02	gid://shopify/Product/15446317662593	Gadgets	Gadget
2026-10-02	gid://shopify/Product/15446317695361	Gadgets	Gadget
2026-10-02	gid://shopify/Product/15446317728129	Gadgets	Gadget
2026-10-02	gid://shopify/Product/15446317760897	Gadgets	Gadget
2026-10-02	gid://shopify/Product/15446317826433	Gadgets	Gadget
2026-10-02	gid://shopify/Product/15446522134913	Gadgets	Gadget
2026-10-02	gid://shopify/Product/15446522233217	Gadgets	Gadget
2026-10-02	gid://shopify/Product/15446522331521	Gadgets	Gadget
2026-10-02	gid://shopify/Product/15446522397057	Gadgets	Gadget
2026-10-02	gid://shopify/Product/15446522462593	Gadgets	Gadget
2026-10-02	gid://shopify/Product/15446522593665	Gadgets	Gadget
2026-10-02	gid://shopify/Product/15446522855809	Gadgets	Gadget
2026-10-02	gid://shopify/Product/15446522888577	Gadgets	Gadget
2026-10-02	gid://shopify/Product/15446522921345	Gadgets	Gadget
2026-10-02	gid://shopify/Product/15446522954113	Gadgets	Gadget
2026-10-02	gid://shopify/Product/15446522986881	Gadgets	Gadget
2026-10-02	gid://shopify/Product/15446523019649	Gadgets	Gadget
2026-10-02	gid://shopify/Product/15446523183489	Gadgets	Gadget
2026-10-02	gid://shopify/Product/15446523249025	Gadgets	Gadget
2026-10-02	gid://shopify/Product/15446523347329	Gadgets	Gadget
2026-10-02	gid://shopify/Product/15446523412865	Gadgets	Gadget
2026-10-02	gid://shopify/Product/15446523707777	Gadgets	Gadget
2026-10-02	gid://shopify/Product/15446524330369	Gadgets	Gadget
2026-10-02	gid://shopify/Product/15446524363137	Gadgets	Gadget
2026-10-02	gid://shopify/Product/15446524461441	Gadgets	Gadget
2026-10-02	gid://shopify/Product/15446524526977	Gadgets	Gadget
2026-10-02	gid://shopify/Product/15446524559745	Gadgets	Gadget
2026-10-02	gid://shopify/Product/15446524592513	Gadgets	Gadget
2026-10-02	gid://shopify/Product/15446524723585	Gadgets	Gadget
2026-10-02	gid://shopify/Product/15446524756353	Gadgets	Gadget
2026-10-02	gid://shopify/Product/15446524854657	Gadgets	Gadget
2026-10-02	gid://shopify/Product/15446525739393	Gadgets	Gadget
2026-10-02	gid://shopify/Product/15446525804929	Gadgets	Gadget
2026-10-02	gid://shopify/Product/15446525870465	Gadgets	Gadget
2026-10-02	gid://shopify/Product/15446525936001	Gadgets	Gadget
2026-10-02	gid://shopify/Product/15446526067073	Gadgets	Gadget
2026-10-02	gid://shopify/Product/15446526132609	Gadgets	Gadget
2026-10-02	gid://shopify/Product/15446526230913	Gadgets	Gadget
2026-10-02	gid://shopify/Product/15446526329217	Gadgets	Gadget
2026-10-02	gid://shopify/Product/15446526394753	Gadgets	Gadget
2026-10-02	gid://shopify/Product/15446526493057	Gadgets	Gadget
2026-10-02	gid://shopify/Product/15446526525825	Gadgets	Gadget
2026-10-02	gid://shopify/Product/15446526558593	Gadgets	Gadget
2026-10-02	gid://shopify/Product/15446526984577	Gadgets	Gadget
2026-10-02	gid://shopify/Product/15446527017345	Gadgets	Gadget
2026-10-02	gid://shopify/Product/15447562420609	Gadgets	Gadget
2026-10-02	gid://shopify/Product/15447562617217	Gadgets	Gadget
2026-10-02	gid://shopify/Product/15447562846593	Gadgets	Gadget
2026-10-02	gid://shopify/Product/15447563043201	Gadgets	Gadget
2026-10-02	gid://shopify/Product/15447563272577	Gadgets	Gadget
2026-10-02	gid://shopify/Product/15447563534721	Gadgets	Gadget
2026-10-02	gid://shopify/Product/15447563764097	Gadgets	Gadget
2026-10-02	gid://shopify/Product/15447563993473	Gadgets	Gadget
2026-10-02	gid://shopify/Product/15447564321153	Gadgets	Gadget
2026-10-02	gid://shopify/Product/15447564550529	Gadgets	Gadget
2026-10-02	gid://shopify/Product/15447564845441	Gadgets	Gadget
2026-10-02	gid://shopify/Product/15447565042049	Gadgets	Gadget
2026-10-02	gid://shopify/Product/15447565304193	Gadgets	Gadget
2026-10-02	gid://shopify/Product/15447565468033	Gadgets	Gadget
2026-10-02	gid://shopify/Product/15447565664641	Gadgets	Gadget
2026-10-02	gid://shopify/Product/15447565861249	Gadgets	Gadget
2026-10-02	gid://shopify/Product/15447566123393	Gadgets	Gadget
2026-10-02	gid://shopify/Product/15447566385537	Gadgets	Gadget
2026-10-02	gid://shopify/Product/15447566582145	Gadgets	Gadget
2026-10-02	gid://shopify/Product/15447566844289	Gadgets	Gadget
2026-10-02	gid://shopify/Product/15447567106433	Gadgets	Gadget
2026-10-02	gid://shopify/Product/15447567335809	Gadgets	Gadget
2026-10-02	gid://shopify/Product/15447567532417	Gadgets	Gadget
2026-10-02	gid://shopify/Product/15447567794561	Gadgets	Gadget
2026-10-02	gid://shopify/Product/15447568023937	Gadgets	Gadget
2026-10-02	gid://shopify/Product/15447568253313	Gadgets	Gadget
2026-10-02	gid://shopify/Product/15447568482689	Gadgets	Gadget
2026-10-02	gid://shopify/Product/15447568744833	Gadgets	Gadget
2026-10-02	gid://shopify/Product/15447568908673	Gadgets	Gadget
2026-10-02	gid://shopify/Product/15447569170817	Gadgets	Gadget
2026-10-02	gid://shopify/Product/15447569465729	Gadgets	Gadget
2026-10-02	gid://shopify/Product/15447569629569	Gadgets	Gadget
2026-10-02	gid://shopify/Product/15447569891713	Gadgets	Gadget
2026-10-02	gid://shopify/Product/15447570186625	Gadgets	Gadget
2026-10-02	gid://shopify/Product/15447570416001	Gadgets	Gadget
2026-10-02	gid://shopify/Product/15447877353857	Gadgets	Gadget
2026-10-02	gid://shopify/Product/15447877583233	Gadgets	Gadget
2026-10-02	gid://shopify/Product/15447877747073	Gadgets	Gadget
2026-10-02	gid://shopify/Product/15447878041985	Gadgets	Gadget
2026-10-02	gid://shopify/Product/15447878271361	Gadgets	Gadget
2026-10-02	gid://shopify/Product/15447878500737	Gadgets	Gadget
2026-10-02	gid://shopify/Product/15447878762881	Gadgets	Gadget
2026-10-02	gid://shopify/Product/15448881070465	Gadgets	Gadget
2026-10-02	gid://shopify/Product/15448881168769	Gadgets	Gadget
2026-10-02	gid://shopify/Product/15448881201537	Gadgets	Gadget
2026-10-02	gid://shopify/Product/15448881267073	Gadgets	Gadget
2026-10-02	gid://shopify/Product/15448881299841	Gadgets	Gadget
2026-10-02	gid://shopify/Product/15448881365377	Gadgets	Gadget
2026-10-02	gid://shopify/Product/15448881398145	Gadgets	Gadget
2026-10-02	gid://shopify/Product/15448881496449	Gadgets	Gadget
2026-10-02	gid://shopify/Product/15448881561985	Gadgets	Gadget
2026-10-02	gid://shopify/Product/15448881627521	Gadgets	Gadget
2026-10-02	gid://shopify/Product/15448881693057	Gadgets	Gadget
2026-10-02	gid://shopify/Product/15448881791361	Gadgets	Gadget
2026-10-02	gid://shopify/Product/15448881889665	Gadgets	Gadget
2026-10-02	gid://shopify/Product/15448881955201	Gadgets	Gadget
2026-10-02	gid://shopify/Product/15448881987969	Gadgets	Gadget
2026-10-02	gid://shopify/Product/15448882151809	Gadgets	Gadget
2026-10-02	gid://shopify/Product/15448882184577	Gadgets	Gadget
2026-10-02	gid://shopify/Product/15448882250113	Gadgets	Gadget
2026-10-02	gid://shopify/Product/15448882315649	Gadgets	Gadget
2026-10-02	gid://shopify/Product/15448882413953	Gadgets	Gadget
2026-10-02	gid://shopify/Product/15448882577793	Gadgets	Gadget
2026-10-02	gid://shopify/Product/15448882643329	Gadgets	Gadget
2026-10-02	gid://shopify/Product/15448882708865	Gadgets	Gadget
2026-10-02	gid://shopify/Product/15448882774401	Gadgets	Gadget
2026-10-02	gid://shopify/Product/15448882839937	Gadgets	Gadget
2026-10-02	gid://shopify/Product/15448882872705	Gadgets	Gadget
2026-10-02	gid://shopify/Product/15448882938241	Gadgets	Gadget
2026-10-02	gid://shopify/Product/15448883003777	Gadgets	Gadget
2026-10-02	gid://shopify/Product/15448883036545	Gadgets	Gadget
2026-10-02	gid://shopify/Product/15448883102081	Gadgets	Gadget
2026-10-02	gid://shopify/Product/15448883200385	Gadgets	Gadget
2026-10-02	gid://shopify/Product/15448883298689	Gadgets	Gadget
2026-10-02	gid://shopify/Product/15448883364225	Gadgets	Gadget
2026-10-02	gid://shopify/Product/15448883462529	Gadgets	Gadget
2026-10-02	gid://shopify/Product/15448883528065	Gadgets	Gadget
2026-10-02	gid://shopify/Product/15448883560833	Gadgets	Gadget
2026-10-02	gid://shopify/Product/15448883659137	Gadgets	Gadget
2026-10-02	gid://shopify/Product/15448883691905	Gadgets	Gadget
2026-10-02	gid://shopify/Product/15448883757441	Gadgets	Gadget
2026-10-02	gid://shopify/Product/15448883790209	Gadgets	Gadget
2026-10-02	gid://shopify/Product/15448883822977	Gadgets	Gadget
2026-10-02	gid://shopify/Product/15448883888513	Gadgets	Gadget
2026-10-02	gid://shopify/Product/15448883954049	Gadgets	Gadget
2026-10-02	gid://shopify/Product/15448884052353	Gadgets	Gadget
2026-10-02	gid://shopify/Product/15448884085121	Gadgets	Gadget
2026-10-02	gid://shopify/Product/15448884117889	Gadgets	Gadget
2026-10-02	gid://shopify/Product/15448884216193	Gadgets	Gadget
2026-10-02	gid://shopify/Product/15448884248961	Gadgets	Gadget
2026-10-02	gid://shopify/Product/15448884347265	Gadgets	Gadget
2026-10-02	gid://shopify/Product/15448884380033	Gadgets	Gadget
2026-10-02	gid://shopify/Product/15448884445569	Gadgets	Gadget
2026-10-02	gid://shopify/Product/15448884478337	Gadgets	Gadget
2026-10-02	gid://shopify/Product/15448884543873	Gadgets	Gadget
2026-10-02	gid://shopify/Product/15448884609409	Gadgets	Gadget
2026-10-02	gid://shopify/Product/15448884674945	Gadgets	Gadget
2026-10-02	gid://shopify/Product/15448884707713	Gadgets	Gadget
2026-10-02	gid://shopify/Product/15448884740481	Gadgets	Gadget
2026-10-02	gid://shopify/Product/15448884806017	Gadgets	Gadget
2026-10-02	gid://shopify/Product/15448884838785	Gadgets	Gadget
2026-10-02	gid://shopify/Product/15448884904321	Gadgets	Gadget
2026-10-02	gid://shopify/Product/15448884969857	Gadgets	Gadget
2026-10-02	gid://shopify/Product/15448885100929	Gadgets	Gadget
2026-10-02	gid://shopify/Product/15448885133697	Gadgets	Gadget
2026-10-02	gid://shopify/Product/15448885199233	Gadgets	Gadget
2026-10-02	gid://shopify/Product/15448885264769	Gadgets	Gadget
2026-10-02	gid://shopify/Product/15448885297537	Gadgets	Gadget
2026-10-02	gid://shopify/Product/15448885363073	Gadgets	Gadget
2026-10-02	gid://shopify/Product/15448885395841	Gadgets	Gadget
2026-10-02	gid://shopify/Product/15448885461377	Gadgets	Gadget
2026-10-02	gid://shopify/Product/15448885592449	Gadgets	Gadget
2026-10-02	gid://shopify/Product/15448885657985	Gadgets	Gadget
2026-10-02	gid://shopify/Product/15448885756289	Gadgets	Gadget
2026-10-02	gid://shopify/Product/15448885789057	Gadgets	Gadget
2026-10-02	gid://shopify/Product/15448885821825	Gadgets	Gadget
2026-10-02	gid://shopify/Product/15448885887361	Gadgets	Gadget
2026-10-02	gid://shopify/Product/15448885920129	Gadgets	Gadget
2026-10-02	gid://shopify/Product/15448885952897	Gadgets	Gadget
2026-10-02	gid://shopify/Product/15448886051201	Gadgets	Gadget
2026-10-02	gid://shopify/Product/15448886116737	Gadgets	Gadget
2026-10-02	gid://shopify/Product/15448886444417	Gadgets	Gadget
2026-10-02	gid://shopify/Product/15448886706561	Gadgets	Gadget
2026-10-02	gid://shopify/Product/15448887001473	Gadgets	Gadget
2026-10-02	gid://shopify/Product/15448887329153	Gadgets	Gadget
2026-10-02	gid://shopify/Product/15448887656833	Gadgets	Gadget
2026-10-02	gid://shopify/Product/15448887918977	Gadgets	Gadget
2026-10-02	gid://shopify/Product/15448888246657	Gadgets	Gadget
2026-10-02	gid://shopify/Product/15448888541569	Gadgets	Gadget
2026-10-02	gid://shopify/Product/15448888803713	Gadgets	Gadget
2026-10-02	gid://shopify/Product/15448889164161	Gadgets	Gadget
2026-10-02	gid://shopify/Product/15448889360769	Gadgets	Gadget
2026-10-02	gid://shopify/Product/15448889557377	Gadgets	Gadget
2026-10-02	gid://shopify/Product/15448889655681	Gadgets	Gadget
2026-10-02	gid://shopify/Product/15448889688449	Gadgets	Gadget
2026-10-02	gid://shopify/Product/15448889721217	Gadgets	Gadget
2026-10-02	gid://shopify/Product/15448889819521	Gadgets	Gadget
2026-10-02	gid://shopify/Product/15448889885057	Gadgets	Gadget
2026-10-02	gid://shopify/Product/15448890048897	Gadgets	Gadget
2026-10-02	gid://shopify/Product/15448890147201	Gadgets	Gadget
2026-10-02	gid://shopify/Product/15448890245505	Gadgets	Gadget
2026-10-02	gid://shopify/Product/15448890311041	Gadgets	Gadget
2026-10-02	gid://shopify/Product/15448890409345	Gadgets	Gadget
2026-10-02	gid://shopify/Product/15448890540417	Gadgets	Gadget
2026-10-02	gid://shopify/Product/15448890605953	Gadgets	Gadget
2026-10-02	gid://shopify/Product/15448890638721	Gadgets	Gadget
2026-10-02	gid://shopify/Product/15448890704257	Gadgets	Gadget
2026-10-02	gid://shopify/Product/15448890769793	Gadgets	Gadget
2026-10-02	gid://shopify/Product/15448890802561	Gadgets	Gadget
2026-10-02	gid://shopify/Product/15448890835329	Gadgets	Gadget
2026-10-02	gid://shopify/Product/15448890900865	Gadgets	Gadget
2026-10-02	gid://shopify/Product/15448890966401	Gadgets	Gadget
2026-10-02	gid://shopify/Product/15448891064705	Gadgets	Gadget
2026-10-02	gid://shopify/Product/15448891097473	Gadgets	Gadget
2026-10-02	gid://shopify/Product/15448891163009	Gadgets	Gadget
2026-10-02	gid://shopify/Product/15448891195777	Gadgets	Gadget
2026-10-02	gid://shopify/Product/15448891261313	Gadgets	Gadget
2026-10-02	gid://shopify/Product/15448891294081	Gadgets	Gadget
2026-10-02	gid://shopify/Product/15448891392385	Gadgets	Gadget
2026-10-02	gid://shopify/Product/15448891457921	Gadgets	Gadget
2026-10-02	gid://shopify/Product/15448891523457	Gadgets	Gadget
2026-10-02	gid://shopify/Product/15448891621761	Gadgets	Gadget
2026-10-02	gid://shopify/Product/15448983175553	Gadgets	Gadget
2026-10-02	gid://shopify/Product/15449029116289	Gadgets	Gadget
2026-10-02	gid://shopify/Product/15449029181825	Gadgets	Gadget
2026-10-02	gid://shopify/Product/15449126207873	Gadgets	Gadget
2026-10-02	gid://shopify/Product/15449130369409	Gadgets	Gadget
2026-10-02	gid://shopify/Product/15449130402177	Gadgets	Gadget
2026-10-02	gid://shopify/Product/15449130434945	Gadgets	Gadget
2026-10-02	gid://shopify/Product/15449130467713	Gadgets	Gadget
2026-10-02	gid://shopify/Product/15449130533249	Gadgets	Gadget
2026-10-02	gid://shopify/Product/15449130566017	Gadgets	Gadget
2026-10-02	gid://shopify/Product/15449130664321	Gadgets	Gadget
2026-10-02	gid://shopify/Product/15449130729857	Gadgets	Gadget
2026-10-02	gid://shopify/Product/15449130762625	Gadgets	Gadget
2026-10-02	gid://shopify/Product/15449130795393	Gadgets	Gadget
2026-10-02	gid://shopify/Product/15449130860929	Gadgets	Gadget
2026-10-02	gid://shopify/Product/15449130893697	Gadgets	Gadget
2026-10-02	gid://shopify/Product/15449130926465	Gadgets	Gadget
2026-10-02	gid://shopify/Product/15449131024769	Gadgets	Gadget
2026-10-02	gid://shopify/Product/15449131057537	Gadgets	Gadget
2026-10-02	gid://shopify/Product/15449131123073	Gadgets	Gadget
2026-10-02	gid://shopify/Product/15449131188609	Gadgets	Gadget
2026-10-02	gid://shopify/Product/15449131221377	Gadgets	Gadget
2026-10-02	gid://shopify/Product/15449131254145	Gadgets	Gadget
2026-10-02	gid://shopify/Product/15449131319681	Gadgets	Gadget
2026-10-02	gid://shopify/Product/15449131385217	Gadgets	Gadget
2026-10-02	gid://shopify/Product/15449131417985	Gadgets	Gadget
2026-10-02	gid://shopify/Product/15449131450753	Gadgets	Gadget
2026-10-02	gid://shopify/Product/15449131483521	Gadgets	Gadget
2026-10-02	gid://shopify/Product/15449131549057	Gadgets	Gadget
2026-10-02	gid://shopify/Product/15449131581825	Gadgets	Gadget
2026-10-02	gid://shopify/Product/15449131614593	Gadgets	Gadget
2026-10-02	gid://shopify/Product/15449131647361	Gadgets	Gadget
2026-10-02	gid://shopify/Product/15449131680129	Gadgets	Gadget
2026-10-02	gid://shopify/Product/15449131745665	Gadgets	Gadget
2026-10-02	gid://shopify/Product/15449131778433	Gadgets	Gadget
2026-10-02	gid://shopify/Product/15449131811201	Gadgets	Gadget
2026-10-02	gid://shopify/Product/15449131876737	Gadgets	Gadget
2026-10-02	gid://shopify/Product/15449131909505	Gadgets	Gadget
2026-10-02	gid://shopify/Product/15449131975041	Gadgets	Gadget
2026-10-02	gid://shopify/Product/15449132040577	Gadgets	Gadget
2026-10-02	gid://shopify/Product/15449132073345	Gadgets	Gadget
2026-10-02	gid://shopify/Product/15449132138881	Gadgets	Gadget
2026-10-02	gid://shopify/Product/15449132171649	Gadgets	Gadget
2026-10-02	gid://shopify/Product/15449132237185	Gadgets	Gadget
2026-10-02	gid://shopify/Product/15449457590657	Gadgets	Gadget
2026-10-02	gid://shopify/Product/15449457656193	Gadgets	Gadget
2026-10-02	gid://shopify/Product/15449457688961	Gadgets	Gadget
2026-10-02	gid://shopify/Product/15449457721729	Gadgets	Gadget
2026-10-02	gid://shopify/Product/15449457787265	Gadgets	Gadget
2026-10-02	gid://shopify/Product/15449457820033	Gadgets	Gadget
2026-10-02	gid://shopify/Product/15449457852801	Gadgets	Gadget
2026-10-02	gid://shopify/Product/15449457885569	Gadgets	Gadget
2026-10-02	gid://shopify/Product/15449457951105	Gadgets	Gadget
2026-10-02	gid://shopify/Product/15449457983873	Gadgets	Gadget
2026-10-02	gid://shopify/Product/15449458016641	Gadgets	Gadget
2026-10-02	gid://shopify/Product/15449458049409	Gadgets	Gadget
2026-10-02	gid://shopify/Product/15449458082177	Gadgets	Gadget
2026-10-02	gid://shopify/Product/15449458114945	Gadgets	Gadget
2026-10-02	gid://shopify/Product/15449458147713	Gadgets	Gadget
2026-10-02	gid://shopify/Product/15449458180481	Gadgets	Gadget
2026-10-02	gid://shopify/Product/15449458213249	Gadgets	Gadget
2026-10-02	gid://shopify/Product/15449458278785	Gadgets	Gadget
2026-10-02	gid://shopify/Product/15449458311553	Gadgets	Gadget
2026-10-02	gid://shopify/Product/15449458344321	Gadgets	Gadget
2026-10-02	gid://shopify/Product/15449458377089	Gadgets	Gadget
2026-10-02	gid://shopify/Product/15449458409857	Gadgets	Gadget
2026-10-02	gid://shopify/Product/15449458442625	Gadgets	Gadget
2026-10-02	gid://shopify/Product/15449458475393	Gadgets	Gadget
2026-10-02	gid://shopify/Product/15449458508161	Gadgets	Gadget
2026-10-02	gid://shopify/Product/15449458540929	Gadgets	Gadget
2026-10-02	gid://shopify/Product/15449458606465	Gadgets	Gadget
2026-10-02	gid://shopify/Product/15449458639233	Gadgets	Gadget
2026-10-02	gid://shopify/Product/15449458704769	Gadgets	Gadget
2026-10-02	gid://shopify/Product/15449458737537	Gadgets	Gadget
2026-10-02	gid://shopify/Product/15449458770305	Gadgets	Gadget
2026-10-02	gid://shopify/Product/15449458803073	Gadgets	Gadget
2026-10-02	gid://shopify/Product/15449458835841	Gadgets	Gadget
2026-10-02	gid://shopify/Product/15449458868609	Gadgets	Gadget
2026-10-02	gid://shopify/Product/15449458901377	Gadgets	Gadget
2026-10-02	gid://shopify/Product/15449458999681	Gadgets	Gadget
2026-10-02	gid://shopify/Product/15449459425665	Gadgets	Gadget
2026-10-02	gid://shopify/Product/15449459458433	Gadgets	Gadget
2026-10-02	gid://shopify/Product/15449459491201	Gadgets	Gadget
2026-10-02	gid://shopify/Product/15449459523969	Gadgets	Gadget
2026-10-02	gid://shopify/Product/15449486524801	Gadgets	Gadget
2026-10-02	gid://shopify/Product/15449486557569	Gadgets	Gadget
2026-10-02	gid://shopify/Product/15449486590337	Gadgets	Gadget
2026-10-02	gid://shopify/Product/15449486655873	Gadgets	Gadget
2026-10-02	gid://shopify/Product/15449486688641	Gadgets	Gadget
2026-10-02	gid://shopify/Product/15449486721409	Gadgets	Gadget
2026-10-02	gid://shopify/Product/15449486754177	Gadgets	Gadget
2026-10-02	gid://shopify/Product/15449486786945	Gadgets	Gadget
2026-10-02	gid://shopify/Product/15449486852481	Gadgets	Gadget
2026-10-02	gid://shopify/Product/15449486885249	Gadgets	Gadget
2026-10-02	gid://shopify/Product/15449486918017	Gadgets	Gadget
2026-10-02	gid://shopify/Product/15449486950785	Gadgets	Gadget
2026-10-02	gid://shopify/Product/15449486983553	Gadgets	Gadget
2026-10-02	gid://shopify/Product/15449487016321	Gadgets	Gadget
2026-10-02	gid://shopify/Product/15449487081857	Gadgets	Gadget
2026-10-02	gid://shopify/Product/15449487114625	Gadgets	Gadget
2026-10-02	gid://shopify/Product/15449487147393	Gadgets	Gadget
2026-10-02	gid://shopify/Product/15449487180161	Gadgets	Gadget
2026-10-02	gid://shopify/Product/15449487212929	Gadgets	Gadget
2026-10-02	gid://shopify/Product/15449487311233	Gadgets	Gadget
2026-10-02	gid://shopify/Product/15449487376769	Gadgets	Gadget
2026-10-02	gid://shopify/Product/15449487409537	Gadgets	Gadget
2026-10-02	gid://shopify/Product/15449487442305	Gadgets	Gadget
2026-10-02	gid://shopify/Product/15449487475073	Gadgets	Gadget
2026-10-02	gid://shopify/Product/15449487507841	Gadgets	Gadget
2026-10-02	gid://shopify/Product/15449487573377	Gadgets	Gadget
2026-10-02	gid://shopify/Product/15449487606145	Gadgets	Gadget
2026-10-02	gid://shopify/Product/15449487638913	Gadgets	Gadget
2026-10-02	gid://shopify/Product/15449487671681	Gadgets	Gadget
2026-10-02	gid://shopify/Product/15449487737217	Gadgets	Gadget
2026-10-02	gid://shopify/Product/15449487769985	Gadgets	Gadget
2026-10-02	gid://shopify/Product/15449487802753	Gadgets	Gadget
2026-10-02	gid://shopify/Product/15449487868289	Gadgets	Gadget
2026-10-02	gid://shopify/Product/15449487933825	Gadgets	Gadget
2026-10-02	gid://shopify/Product/15449487966593	Gadgets	Gadget
2026-10-02	gid://shopify/Product/15449487999361	Gadgets	Gadget
2026-10-02	gid://shopify/Product/15449488032129	Gadgets	Gadget
2026-10-02	gid://shopify/Product/15449488064897	Gadgets	Gadget
2026-10-02	gid://shopify/Product/15449488097665	Gadgets	Gadget
2026-10-02	gid://shopify/Product/15449488130433	Gadgets	Gadget
2026-10-02	gid://shopify/Product/15450753859969	Gadgets	Gadget
2026-10-02	gid://shopify/Product/15450754154881	Gadgets	Gadget
2026-10-02	gid://shopify/Product/15450754449793	Gadgets	Gadget
2026-10-02	gid://shopify/Product/15450754777473	Gadgets	Gadget
2026-10-02	gid://shopify/Product/15450755137921	Gadgets	Gadget
2026-10-02	gid://shopify/Product/15450755367297	Gadgets	Gadget
2026-10-02	gid://shopify/Product/15450755596673	Gadgets	Gadget
2026-10-02	gid://shopify/Product/15450755826049	Gadgets	Gadget
2026-10-02	gid://shopify/Product/15450756088193	Gadgets	Gadget
2026-10-02	gid://shopify/Product/15450756383105	Gadgets	Gadget
2026-10-02	gid://shopify/Product/15450756579713	Gadgets	Gadget
2026-10-02	gid://shopify/Product/15450756776321	Gadgets	Gadget
2026-10-02	gid://shopify/Product/15450757038465	Gadgets	Gadget
2026-10-02	gid://shopify/Product/15450757300609	Gadgets	Gadget
2026-10-02	gid://shopify/Product/15450757497217	Gadgets	Gadget
2026-10-02	gid://shopify/Product/15450757661057	Gadgets	Gadget
2026-10-02	gid://shopify/Product/15450757955969	Gadgets	Gadget
2026-10-02	gid://shopify/Product/15450758185345	Gadgets	Gadget
2026-10-02	gid://shopify/Product/15450758414721	Gadgets	Gadget
2026-10-02	gid://shopify/Product/15450758807937	Gadgets	Gadget
2026-10-02	gid://shopify/Product/15450759070081	Gadgets	Gadget
2026-10-02	gid://shopify/Product/15450840695169	Gadgets	Gadget
2026-10-02	gid://shopify/Product/15450840727937	Gadgets	Gadget
2026-10-02	gid://shopify/Product/15450840793473	Gadgets	Gadget
2026-10-02	gid://shopify/Product/15450859209089	Gadgets	Gadget
2026-10-02	gid://shopify/Product/15450859241857	Gadgets	Gadget
2026-10-02	gid://shopify/Product/15450864550273	Gadgets	Gadget
2026-10-02	gid://shopify/Product/15450876608897	Gadgets	Gadget
2026-10-02	gid://shopify/Product/15451120959873	Gadgets	Gadget
2026-10-02	gid://shopify/Product/15451121058177	Gadgets	Gadget
2026-10-02	gid://shopify/Product/15451639120257	Gadgets	Gadget
2026-10-02	gid://shopify/Product/15451639153025	Gadgets	Gadget
2026-10-02	gid://shopify/Product/15451639185793	Gadgets	Gadget
2026-10-02	gid://shopify/Product/15451639218561	Gadgets	Gadget
2026-10-02	gid://shopify/Product/15451639251329	Gadgets	Gadget
2026-10-02	gid://shopify/Product/15451639284097	Gadgets	Gadget
2026-10-02	gid://shopify/Product/15451639316865	Gadgets	Gadget
2026-10-02	gid://shopify/Product/15451639349633	Gadgets	Gadget
2026-10-02	gid://shopify/Product/15451639382401	Gadgets	Gadget
2026-10-02	gid://shopify/Product/15451639415169	Gadgets	Gadget
2026-10-02	gid://shopify/Product/15451639447937	Gadgets	Gadget
2026-10-02	gid://shopify/Product/15451639480705	Gadgets	Gadget
2026-10-02	gid://shopify/Product/15451639513473	Gadgets	Gadget
2026-10-02	gid://shopify/Product/15451639546241	Gadgets	Gadget
2026-10-02	gid://shopify/Product/15451639579009	Gadgets	Gadget
2026-10-02	gid://shopify/Product/15451639644545	Gadgets	Gadget
2026-10-02	gid://shopify/Product/15451639677313	Gadgets	Gadget
2026-10-02	gid://shopify/Product/15451639710081	Gadgets	Gadget
2026-10-02	gid://shopify/Product/15451639742849	Gadgets	Gadget
2026-10-02	gid://shopify/Product/15451639841153	Gadgets	Gadget
2026-10-02	gid://shopify/Product/15451639873921	Gadgets	Gadget
2026-10-02	gid://shopify/Product/15451639906689	Gadgets	Gadget
2026-10-02	gid://shopify/Product/15451639939457	Gadgets	Gadget
2026-10-02	gid://shopify/Product/15452681798017	Gadgets	Gadget
2026-10-02	gid://shopify/Product/15452681863553	Gadgets	Gadget
2026-10-02	gid://shopify/Product/15452681896321	Gadgets	Gadget
2026-10-02	gid://shopify/Product/15452681929089	Gadgets	Gadget
2026-10-02	gid://shopify/Product/15452681994625	Gadgets	Gadget
2026-10-02	gid://shopify/Product/15452682092929	Gadgets	Gadget
2026-10-02	gid://shopify/Product/15452682125697	Gadgets	Gadget
2026-10-02	gid://shopify/Product/15452682158465	Gadgets	Gadget
2026-10-02	gid://shopify/Product/15452682224001	Gadgets	Gadget
2026-10-02	gid://shopify/Product/15452682387841	Gadgets	Gadget
2026-10-02	gid://shopify/Product/15452682486145	Gadgets	Gadget
2026-10-02	gid://shopify/Product/15452682518913	Gadgets	Gadget
2026-10-02	gid://shopify/Product/15452682584449	Gadgets	Gadget
2026-10-02	gid://shopify/Product/15452682617217	Gadgets	Gadget
2026-10-02	gid://shopify/Product/15452682649985	Gadgets	Gadget
2026-10-02	gid://shopify/Product/15452682682753	Gadgets	Gadget
2026-10-02	gid://shopify/Product/15452682715521	Gadgets	Gadget
2026-10-02	gid://shopify/Product/15452682781057	Gadgets	Gadget
2026-10-02	gid://shopify/Product/15452682813825	Gadgets	Gadget
2026-10-02	gid://shopify/Product/15452682846593	Gadgets	Gadget
2026-10-02	gid://shopify/Product/15452682879361	Gadgets	Gadget
2026-10-02	gid://shopify/Product/15452682944897	Gadgets	Gadget
2026-10-02	gid://shopify/Product/15452683010433	Gadgets	Gadget
2026-10-02	gid://shopify/Product/15452683043201	Gadgets	Gadget
2026-10-02	gid://shopify/Product/15452683075969	Gadgets	Gadget
2026-10-02	gid://shopify/Product/15453727621505	Gadgets	Gadget
2026-10-02	gid://shopify/Product/15453727687041	Gadgets	Gadget
2026-10-02	gid://shopify/Product/15453727785345	Gadgets	Gadget
2026-10-02	gid://shopify/Product/15453727850881	Gadgets	Gadget
2026-10-02	gid://shopify/Product/15453727883649	Gadgets	Gadget
2026-10-02	gid://shopify/Product/15453727949185	Gadgets	Gadget
2026-10-02	gid://shopify/Product/15453728014721	Gadgets	Gadget
2026-10-02	gid://shopify/Product/15453728080257	Gadgets	Gadget
2026-10-02	gid://shopify/Product/15453728145793	Gadgets	Gadget
2026-10-02	gid://shopify/Product/15453728178561	Gadgets	Gadget
2026-10-02	gid://shopify/Product/15453728244097	Gadgets	Gadget
2026-10-02	gid://shopify/Product/15453728342401	Gadgets	Gadget
2026-10-02	gid://shopify/Product/15453728407937	Gadgets	Gadget
2026-10-02	gid://shopify/Product/15453728473473	Gadgets	Gadget
2026-10-02	gid://shopify/Product/15453728539009	Gadgets	Gadget
2026-10-02	gid://shopify/Product/15453728637313	Gadgets	Gadget
2026-10-02	gid://shopify/Product/15453728670081	Gadgets	Gadget
2026-10-02	gid://shopify/Product/15453728702849	Gadgets	Gadget
2026-10-02	gid://shopify/Product/15453742694785	Gadgets	Gadget
2026-10-02	gid://shopify/Product/15453742760321	Gadgets	Gadget
2026-10-02	gid://shopify/Product/15453742825857	Gadgets	Gadget
2026-10-02	gid://shopify/Product/15453742858625	Gadgets	Gadget
2026-10-02	gid://shopify/Product/15453742924161	Gadgets	Gadget
2026-10-02	gid://shopify/Product/15453742989697	Gadgets	Gadget
2026-10-02	gid://shopify/Product/15453743055233	Gadgets	Gadget
2026-10-02	gid://shopify/Product/15453743120769	Gadgets	Gadget
2026-10-02	gid://shopify/Product/15453743219073	Gadgets	Gadget
2026-10-02	gid://shopify/Product/15453743251841	Gadgets	Gadget
2026-10-02	gid://shopify/Product/15453743317377	Gadgets	Gadget
2026-10-02	gid://shopify/Product/15453743415681	Gadgets	Gadget
2026-10-02	gid://shopify/Product/15453743481217	Gadgets	Gadget
2026-10-02	gid://shopify/Product/15453743513985	Gadgets	Gadget
2026-10-02	gid://shopify/Product/15453743579521	Gadgets	Gadget
2026-10-02	gid://shopify/Product/15453743645057	Gadgets	Gadget
2026-10-02	gid://shopify/Product/15453743743361	Gadgets	Gadget
2026-10-02	gid://shopify/Product/15453743808897	Gadgets	Gadget
2026-10-02	gid://shopify/Product/15453743841665	Gadgets	Gadget
2026-10-02	gid://shopify/Product/15453743907201	Gadgets	Gadget
2026-10-02	gid://shopify/Product/15453744005505	Gadgets	Gadget
2026-10-02	gid://shopify/Product/15453744071041	Gadgets	Gadget
2026-10-02	gid://shopify/Product/15453744136577	Gadgets	Gadget
2026-10-02	gid://shopify/Product/15453744202113	Gadgets	Gadget
2026-10-02	gid://shopify/Product/15453744300417	Gadgets	Gadget
2026-10-02	gid://shopify/Product/15453744398721	Gadgets	Gadget
2026-10-02	gid://shopify/Product/15453744431489	Gadgets	Gadget
2026-10-02	gid://shopify/Product/15453744497025	Gadgets	Gadget
2026-10-02	gid://shopify/Product/15453744562561	Gadgets	Gadget
2026-10-02	gid://shopify/Product/15453744628097	Gadgets	Gadget
2026-10-02	gid://shopify/Product/15453786308993	Gadgets	Gadget
2026-10-02	gid://shopify/Product/15453786571137	Gadgets	Gadget
2026-10-02	gid://shopify/Product/15453786833281	Gadgets	Gadget
2026-10-02	gid://shopify/Product/15453787193729	Gadgets	Gadget
2026-10-02	gid://shopify/Product/15453787652481	Gadgets	Gadget
2026-10-02	gid://shopify/Product/15453787914625	Gadgets	Gadget
2026-10-02	gid://shopify/Product/15453788242305	Gadgets	Gadget
2026-10-02	gid://shopify/Product/15453788569985	Gadgets	Gadget
2026-10-02	gid://shopify/Product/15453788963201	Gadgets	Gadget
2026-10-02	gid://shopify/Product/15453789225345	Gadgets	Gadget
2026-10-02	gid://shopify/Product/15453789520257	Gadgets	Gadget
2026-10-02	gid://shopify/Product/15453824549249	Gadgets	Gadget
2026-10-02	gid://shopify/Product/15453824647553	Gadgets	Gadget
2026-10-02	gid://shopify/Product/15453824713089	Gadgets	Gadget
2026-10-02	gid://shopify/Product/15453824811393	Gadgets	Gadget
2026-10-02	gid://shopify/Product/15453824909697	Gadgets	Gadget
2026-10-02	gid://shopify/Product/15453825008001	Gadgets	Gadget
2026-10-02	gid://shopify/Product/15453825040769	Gadgets	Gadget
2026-10-02	gid://shopify/Product/15453825139073	Gadgets	Gadget
2026-10-02	gid://shopify/Product/15453825270145	Gadgets	Gadget
2026-10-02	gid://shopify/Product/15453892673921	Gadgets	Gadget
2026-10-02	gid://shopify/Product/15453918429569	Gadgets	Gadget
2026-10-02	gid://shopify/Product/15453918691713	Gadgets	Gadget
2026-10-02	gid://shopify/Product/15453918953857	Gadgets	Gadget
2026-10-02	gid://shopify/Product/15453919216001	Gadgets	Gadget
2026-10-02	gid://shopify/Product/15453919609217	Gadgets	Gadget
2026-10-02	gid://shopify/Product/15453919904129	Gadgets	Gadget
2026-10-02	gid://shopify/Product/15453920166273	Gadgets	Gadget
2026-10-02	gid://shopify/Product/15453920428417	Gadgets	Gadget
2026-10-02	gid://shopify/Product/15453920625025	Gadgets	Gadget
2026-10-02	gid://shopify/Product/15453920756097	Gadgets	Gadget
2026-10-02	gid://shopify/Product/15453920821633	Gadgets	Gadget
2026-10-02	gid://shopify/Product/15453920919937	Gadgets	Gadget
2026-10-02	gid://shopify/Product/15453921051009	Gadgets	Gadget
2026-10-02	gid://shopify/Product/15454035050881	Gadgets	Gadget
2026-10-02	gid://shopify/Product/15454035181953	Gadgets	Gadget
2026-10-02	gid://shopify/Product/15454035280257	Gadgets	Gadget
2026-10-02	gid://shopify/Product/15454035378561	Gadgets	Gadget
2026-10-02	gid://shopify/Product/15454035509633	Gadgets	Gadget
2026-10-02	gid://shopify/Product/15454035673473	Gadgets	Gadget
2026-10-02	gid://shopify/Product/15454035804545	Gadgets	Gadget
2026-10-02	gid://shopify/Product/15454035902849	Gadgets	Gadget
2026-10-02	gid://shopify/Product/15454036033921	Gadgets	Gadget
2026-10-02	gid://shopify/Product/15454036132225	Gadgets	Gadget
2026-10-02	gid://shopify/Product/15454036230529	Gadgets	Gadget
2026-10-02	gid://shopify/Product/15454036328833	Gadgets	Gadget
2026-10-02	gid://shopify/Product/15454036459905	Gadgets	Gadget
2026-10-02	gid://shopify/Product/15454036558209	Gadgets	Gadget
2026-10-02	gid://shopify/Product/15454036689281	Gadgets	Gadget
2026-10-02	gid://shopify/Product/15454036754817	Gadgets	Gadget
2026-10-02	gid://shopify/Product/15454036951425	Gadgets	Gadget
2026-10-02	gid://shopify/Product/15454037016961	Gadgets	Gadget
2026-10-02	gid://shopify/Product/15454037213569	Gadgets	Gadget
2026-10-02	gid://shopify/Product/15454037344641	Gadgets	Gadget
2026-10-02	gid://shopify/Product/15454037410177	Gadgets	Gadget
2026-10-02	gid://shopify/Product/15454037508481	Gadgets	Gadget
2026-10-02	gid://shopify/Product/15454037574017	Gadgets	Gadget
2026-10-02	gid://shopify/Product/15454037672321	Gadgets	Gadget
2026-10-02	gid://shopify/Product/15454037737857	Gadgets	Gadget
2026-10-02	gid://shopify/Product/15454037803393	Gadgets	Gadget
2026-10-02	gid://shopify/Product/15454037967233	Gadgets	Gadget
2026-10-02	gid://shopify/Product/15454038032769	Gadgets	Gadget
2026-10-02	gid://shopify/Product/15454045798785	Gadgets	Gadget
2026-10-02	gid://shopify/Product/15454045864321	Gadgets	Gadget
2026-10-02	gid://shopify/Product/15454045897089	Gadgets	Gadget
2026-10-02	gid://shopify/Product/15454045962625	Gadgets	Gadget
2026-10-02	gid://shopify/Product/15454046126465	Gadgets	Gadget
2026-10-02	gid://shopify/Product/15454046323073	Gadgets	Gadget
2026-10-02	gid://shopify/Product/15454046519681	Gadgets	Gadget
2026-10-02	gid://shopify/Product/15454046683521	Gadgets	Gadget
2026-10-02	gid://shopify/Product/15454046781825	Gadgets	Gadget
2026-10-02	gid://shopify/Product/15454046814593	Gadgets	Gadget
2026-10-02	gid://shopify/Product/15454046978433	Gadgets	Gadget
2026-10-02	gid://shopify/Product/15454047076737	Gadgets	Gadget
2026-10-02	gid://shopify/Product/15454047175041	Gadgets	Gadget
2026-10-02	gid://shopify/Product/15454047273345	Gadgets	Gadget
2026-10-02	gid://shopify/Product/15454047338881	Gadgets	Gadget
2026-10-02	gid://shopify/Product/15454066508161	Gadgets	Gadget
2026-10-02	gid://shopify/Product/15454066639233	Gadgets	Gadget
2026-10-02	gid://shopify/Product/15454066704769	Gadgets	Gadget
2026-10-02	gid://shopify/Product/15454066835841	Gadgets	Gadget
2026-10-02	gid://shopify/Product/15454066934145	Gadgets	Gadget
2026-10-02	gid://shopify/Product/15454067065217	Gadgets	Gadget
2026-10-02	gid://shopify/Product/15454067196289	Gadgets	Gadget
2026-10-02	gid://shopify/Product/15454067360129	Gadgets	Gadget
2026-10-02	gid://shopify/Product/15454067589505	Gadgets	Gadget
2026-10-02	gid://shopify/Product/15454067655041	Gadgets	Gadget
2026-10-02	gid://shopify/Product/15454067753345	Gadgets	Gadget
2026-10-02	gid://shopify/Product/15454067851649	Gadgets	Gadget
2026-10-02	gid://shopify/Product/15454068015489	Gadgets	Gadget
2026-10-02	gid://shopify/Product/15454068146561	Gadgets	Gadget
2026-10-02	gid://shopify/Product/15454068310401	Gadgets	Gadget
2026-10-02	gid://shopify/Product/15454068408705	Gadgets	Gadget
2026-10-02	gid://shopify/Product/15454068507009	Gadgets	Gadget
2026-10-02	gid://shopify/Product/15454068605313	Gadgets	Gadget
2026-10-02	gid://shopify/Product/15454068670849	Gadgets	Gadget
2026-10-02	gid://shopify/Product/15454068769153	Gadgets	Gadget
2026-10-02	gid://shopify/Product/15454068867457	Gadgets	Gadget
2026-10-02	gid://shopify/Product/15454068965761	Gadgets	Gadget
2026-10-02	gid://shopify/Product/15454069064065	Gadgets	Gadget
2026-10-02	gid://shopify/Product/15454069096833	Gadgets	Gadget
2026-10-02	gid://shopify/Product/15454069227905	Gadgets	Gadget
2026-10-02	gid://shopify/Product/15454069293441	Gadgets	Gadget
2026-10-02	gid://shopify/Product/15454069457281	Gadgets	Gadget
2026-10-02	gid://shopify/Product/15454069555585	Gadgets	Gadget
2026-10-02	gid://shopify/Product/15454091215233	Gadgets	Gadget
2026-10-02	gid://shopify/Product/15454162157953	Gadgets	Gadget
2026-10-02	gid://shopify/Product/15454162354561	Gadgets	Gadget
2026-10-02	gid://shopify/Product/15454162583937	Gadgets	Gadget
2026-10-02	gid://shopify/Product/15454192959873	Gadgets	Gadget
2026-10-02	gid://shopify/Product/15454193090945	Gadgets	Gadget
2026-10-02	gid://shopify/Product/15454193254785	Gadgets	Gadget
2026-10-02	gid://shopify/Product/15454196859265	Gadgets	Gadget
2026-10-02	gid://shopify/Product/15454197383553	Gadgets	Gadget
2026-10-02	gid://shopify/Product/15454197481857	Gadgets	Gadget
2026-10-02	gid://shopify/Product/15454197612929	Gadgets	Gadget
2026-10-02	gid://shopify/Product/15454197711233	Gadgets	Gadget
2026-10-02	gid://shopify/Product/15454197776769	Gadgets	Gadget
2026-10-02	gid://shopify/Product/15454197875073	Gadgets	Gadget
2026-10-02	gid://shopify/Product/15454197940609	Gadgets	Gadget
2026-10-02	gid://shopify/Product/15454197973377	Gadgets	Gadget
2026-10-02	gid://shopify/Product/15454198071681	Gadgets	Gadget
2026-10-02	gid://shopify/Product/15454198137217	Gadgets	Gadget
2026-10-02	gid://shopify/Product/15454198235521	Gadgets	Gadget
2026-10-02	gid://shopify/Product/15454198268289	Gadgets	Gadget
2026-10-02	gid://shopify/Product/15454198399361	Gadgets	Gadget
2026-10-02	gid://shopify/Product/15454198497665	Gadgets	Gadget
2026-10-02	gid://shopify/Product/15454198595969	Gadgets	Gadget
2026-10-02	gid://shopify/Product/15454198694273	Gadgets	Gadget
2026-10-02	gid://shopify/Product/15454198792577	Gadgets	Gadget
2026-10-02	gid://shopify/Product/15454198890881	Gadgets	Gadget
2026-10-02	gid://shopify/Product/15454198956417	Gadgets	Gadget
2026-10-02	gid://shopify/Product/15454199021953	Gadgets	Gadget
2026-10-02	gid://shopify/Product/15454199185793	Gadgets	Gadget
2026-10-02	gid://shopify/Product/15454199284097	Gadgets	Gadget
2026-10-02	gid://shopify/Product/15454199415169	Gadgets	Gadget
2026-10-02	gid://shopify/Product/15454233985409	Gadgets	Gadget
2026-10-02	gid://shopify/Product/15454234116481	Gadgets	Gadget
2026-10-02	gid://shopify/Product/15454234182017	Gadgets	Gadget
2026-10-02	gid://shopify/Product/15454234247553	Gadgets	Gadget
2026-10-02	gid://shopify/Product/15454234313089	Gadgets	Gadget
2026-10-02	gid://shopify/Product/15454234345857	Gadgets	Gadget
2026-10-02	gid://shopify/Product/15454234444161	Gadgets	Gadget
2026-10-02	gid://shopify/Product/15454234542465	Gadgets	Gadget
2026-10-02	gid://shopify/Product/15454234575233	Gadgets	Gadget
2026-10-02	gid://shopify/Product/15454234673537	Gadgets	Gadget
2026-10-02	gid://shopify/Product/15454234771841	Gadgets	Gadget
2026-10-02	gid://shopify/Product/15454234837377	Gadgets	Gadget
2026-10-02	gid://shopify/Product/15454234935681	Gadgets	Gadget
2026-10-02	gid://shopify/Product/15454235001217	Gadgets	Gadget
2026-10-02	gid://shopify/Product/15454235066753	Gadgets	Gadget
2026-10-02	gid://shopify/Product/15454235296129	Gadgets	Gadget
2026-10-02	gid://shopify/Product/15454235394433	Gadgets	Gadget
2026-10-02	gid://shopify/Product/15454235525505	Gadgets	Gadget
2026-10-02	gid://shopify/Product/15454235558273	Gadgets	Gadget
2026-10-02	gid://shopify/Product/15454235656577	Gadgets	Gadget
2026-10-02	gid://shopify/Product/15454235754881	Gadgets	Gadget
2026-10-02	gid://shopify/Product/15454235787649	Gadgets	Gadget
2026-10-02	gid://shopify/Product/15454235885953	Gadgets	Gadget
2026-10-02	gid://shopify/Product/15454269866369	Gadgets	Gadget
2026-10-02	gid://shopify/Product/15454270095745	Gadgets	Gadget
2026-10-02	gid://shopify/Product/15454270194049	Gadgets	Gadget
2026-10-02	gid://shopify/Product/15454270423425	Gadgets	Gadget
2026-10-02	gid://shopify/Product/15454270554497	Gadgets	Gadget
2026-10-02	gid://shopify/Product/15454270783873	Gadgets	Gadget
2026-10-02	gid://shopify/Product/15454270947713	Gadgets	Gadget
2026-10-02	gid://shopify/Product/15454271144321	Gadgets	Gadget
2026-10-02	gid://shopify/Product/15454271308161	Gadgets	Gadget
2026-10-02	gid://shopify/Product/15454271406465	Gadgets	Gadget
2026-10-02	gid://shopify/Product/15454271537537	Gadgets	Gadget
2026-10-02	gid://shopify/Product/15454332584321	Gadgets	Gadget
2026-10-02	gid://shopify/Product/15454332649857	Gadgets	Gadget
2026-10-02	gid://shopify/Product/15454332780929	Gadgets	Gadget
2026-10-02	gid://shopify/Product/15454333141377	Gadgets	Gadget
2026-10-02	gid://shopify/Product/15454333206913	Gadgets	Gadget
2026-10-02	gid://shopify/Product/15454333337985	Gadgets	Gadget
2026-10-02	gid://shopify/Product/15454333501825	Gadgets	Gadget
2026-10-02	gid://shopify/Product/15454333632897	Gadgets	Gadget
2026-10-02	gid://shopify/Product/15454333763969	Gadgets	Gadget
2026-10-02	gid://shopify/Product/15454333895041	Gadgets	Gadget
2026-10-02	gid://shopify/Product/15454334124417	Gadgets	Gadget
2026-10-02	gid://shopify/Product/15454334222721	Gadgets	Gadget
2026-10-02	gid://shopify/Product/15454334386561	Gadgets	Gadget
2026-10-02	gid://shopify/Product/15454350082433	Gadgets	Gadget
2026-10-02	gid://shopify/Product/15454351622529	Gadgets	Gadget
2026-10-02	gid://shopify/Product/15454351720833	Gadgets	Gadget
2026-10-02	gid://shopify/Product/15454385111425	Gadgets	Gadget
2026-10-02	gid://shopify/Product/15454914216321	Gadgets	Gadget
2026-10-02	gid://shopify/Product/15454914249089	Gadgets	Gadget
2026-10-02	gid://shopify/Product/15454914281857	Gadgets	Gadget
2026-10-02	gid://shopify/Product/15455004590465	Gadgets	Gadget
2026-10-02	gid://shopify/Product/15455004623233	Gadgets	Gadget
2026-10-02	gid://shopify/Product/15455004688769	Gadgets	Gadget
2026-10-02	gid://shopify/Product/15455004787073	Gadgets	Gadget
2026-10-02	gid://shopify/Product/15455004819841	Gadgets	Gadget
2026-10-02	gid://shopify/Product/15455004852609	Gadgets	Gadget
2026-10-02	gid://shopify/Product/15455004918145	Gadgets	Gadget
2026-10-02	gid://shopify/Product/15455373623681	Gadgets	Gadget
2026-10-02	gid://shopify/Product/15455617188225	Gadgets	Gadget
2026-10-02	gid://shopify/Product/15455676137857	Gadgets	Gadget
2026-10-02	gid://shopify/Product/15455676727681	Gadgets	Gadget
2026-10-02	gid://shopify/Product/15455677022593	Gadgets	Gadget
2026-10-02	gid://shopify/Product/15455677284737	Gadgets	Gadget
2026-10-02	gid://shopify/Product/15455677514113	Gadgets	Gadget
2026-10-02	gid://shopify/Product/15455677743489	Gadgets	Gadget
2026-10-02	gid://shopify/Product/15455678071169	Gadgets	Gadget
2026-10-02	gid://shopify/Product/15455678366081	Gadgets	Gadget
2026-10-02	gid://shopify/Product/15455678693761	Gadgets	Gadget
2026-10-02	gid://shopify/Product/15455678988673	Gadgets	Gadget
2026-10-02	gid://shopify/Product/15455679545729	Gadgets	Gadget
2026-10-02	gid://shopify/Product/15455679873409	Gadgets	Gadget
2026-10-02	gid://shopify/Product/15455680168321	Gadgets	Gadget
2026-10-02	gid://shopify/Product/15455759106433	Gadgets	Gadget
2026-10-02	gid://shopify/Product/15455759270273	Gadgets	Gadget
2026-10-02	gid://shopify/Product/15455759303041	Gadgets	Gadget
2026-10-02	gid://shopify/Product/15455759401345	Gadgets	Gadget
2026-10-02	gid://shopify/Product/15455759499649	Gadgets	Gadget
2026-10-02	gid://shopify/Product/15455759597953	Gadgets	Gadget
2026-10-02	gid://shopify/Product/15458651898241	Gadgets	Gadget
2026-10-02	gid://shopify/Product/15458979643777	Gadgets	Gadget
2026-10-02	gid://shopify/Product/15458980331905	Gadgets	Gadget
2026-10-02	gid://shopify/Product/15458980921729	Gadgets	Gadget
2026-10-02	gid://shopify/Product/15458981609857	Gadgets	Gadget
2026-10-02	gid://shopify/Product/15458981970305	Gadgets	Gadget
2026-10-02	gid://shopify/Product/15458982265217	Gadgets	Gadget
2026-10-02	gid://shopify/Product/15458982658433	Gadgets	Gadget
2026-10-02	gid://shopify/Product/15458982953345	Gadgets	Gadget
2026-10-02	gid://shopify/Product/15458983346561	Gadgets	Gadget
2026-10-02	gid://shopify/Product/15458983838081	Gadgets	Gadget
2026-10-02	gid://shopify/Product/15458984198529	Gadgets	Gadget
2026-10-02	gid://shopify/Product/15458984427905	Gadgets	Gadget
2026-10-02	gid://shopify/Product/15458984755585	Gadgets	Gadget
2026-10-02	gid://shopify/Product/15458985116033	Gadgets	Gadget
2026-10-02	gid://shopify/Product/15458985476481	Gadgets	Gadget
2026-10-02	gid://shopify/Product/15458985968001	Gadgets	Gadget
2026-10-02	gid://shopify/Product/15458986295681	Gadgets	Gadget
2026-10-02	gid://shopify/Product/15458986819969	Gadgets	Gadget
2026-10-02	gid://shopify/Product/15458987409793	Gadgets	Gadget
2026-10-02	gid://shopify/Product/15458987934081	Gadgets	Gadget
2026-10-02	gid://shopify/Product/15458988327297	Gadgets	Gadget
2026-10-02	gid://shopify/Product/15458988720513	Gadgets	Gadget
2026-10-02	gid://shopify/Product/15458989212033	Gadgets	Gadget
2026-10-02	gid://shopify/Product/15458989867393	Gadgets	Gadget
2026-10-02	gid://shopify/Product/15458990227841	Gadgets	Gadget
2026-10-02	gid://shopify/Product/15460659233153	Gadgets	Gadget
2026-10-02	gid://shopify/Product/15460659396993	Gadgets	Gadget
2026-10-02	gid://shopify/Product/15460659495297	Gadgets	Gadget
2026-10-02	gid://shopify/Product/15460659560833	Gadgets	Gadget
2026-10-02	gid://shopify/Product/15460659626369	Gadgets	Gadget
2026-10-02	gid://shopify/Product/15460659691905	Gadgets	Gadget
2026-10-02	gid://shopify/Product/15460659790209	Gadgets	Gadget
2026-10-02	gid://shopify/Product/15460659855745	Gadgets	Gadget
2026-10-02	gid://shopify/Product/15460659921281	Gadgets	Gadget
2026-10-02	gid://shopify/Product/15460660019585	Gadgets	Gadget
2026-10-02	gid://shopify/Product/15460660085121	Gadgets	Gadget
2026-10-02	gid://shopify/Product/15460660117889	Gadgets	Gadget
2026-10-02	gid://shopify/Product/15460660183425	Gadgets	Gadget
2026-10-02	gid://shopify/Product/15460660281729	Gadgets	Gadget
2026-10-02	gid://shopify/Product/15460660314497	Gadgets	Gadget
2026-10-02	gid://shopify/Product/15460660380033	Gadgets	Gadget
2026-10-02	gid://shopify/Product/15460660445569	Gadgets	Gadget
2026-10-02	gid://shopify/Product/15460660543873	Gadgets	Gadget
2026-10-02	gid://shopify/Product/15460660609409	Gadgets	Gadget
2026-10-02	gid://shopify/Product/15460660674945	Gadgets	Gadget
2026-10-02	gid://shopify/Product/15460660773249	Gadgets	Gadget
2026-10-02	gid://shopify/Product/15461729698177	Gadgets	Gadget
2026-10-02	gid://shopify/Product/15461967135105	Gadgets	Gadget
2026-10-02	gid://shopify/Product/15466886824321	Gadgets	Gadget
2026-10-02	gid://shopify/Product/15466886889857	Gadgets	Gadget
2026-10-02	gid://shopify/Product/15466886922625	Gadgets	Gadget
2026-10-02	gid://shopify/Product/15466887020929	Gadgets	Gadget
2026-10-02	gid://shopify/Product/15466887119233	Gadgets	Gadget
2026-10-02	gid://shopify/Product/15466887152001	Gadgets	Gadget
2026-10-02	gid://shopify/Product/15468631556481	Gadgets	Gadget
2026-10-02	gid://shopify/Product/15472336306561	Gadgets	Gadget
2026-10-02	gid://shopify/Product/15472930062721	Gadgets	Gadget
2026-10-02	gid://shopify/Product/15473068540289	Gadgets	Gadget
2026-10-02	gid://shopify/Product/15473076633985	Gadgets	Gadget
2026-10-02	gid://shopify/Product/15473433149825	Gadgets	Gadget
2026-10-02	gid://shopify/Product/15474792628609	Gadgets	Gadget
2026-10-02	gid://shopify/Product/15475599638913	Gadgets	Gadget
2026-10-02	gid://shopify/Product/15475905364353	Gadgets	Gadget
2026-10-02	gid://shopify/Product/15475998949761	Gadgets	Gadget
2026-10-02	gid://shopify/Product/15476165312897	Gadgets	Gadget
2026-10-02	gid://shopify/Product/15478691430785	Gadgets	Gadget
2026-10-02	gid://shopify/Product/15479005675905	Gadgets	Gadget
2026-10-02	gid://shopify/Product/15479005905281	Gadgets	Gadget
2026-10-02	gid://shopify/Product/15481263227265	Gadgets	Gadget
2026-10-02	gid://shopify/Product/15481842729345	Gadgets	Gadget
2026-10-02	gid://shopify/Product/15481886179713	Gadgets	Gadget
2026-10-02	gid://shopify/Product/15484388147585	Gadgets	Gadget
2026-10-02	gid://shopify/Product/15484388245889	Gadgets	Gadget
2026-10-02	gid://shopify/Product/15486306517377	Gadgets	Gadget
2026-10-02	gid://shopify/Product/15486306550145	Gadgets	Gadget
2026-10-02	gid://shopify/Product/15486306615681	Gadgets	Gadget
2026-10-02	gid://shopify/Product/15486306681217	Gadgets	Gadget
2026-10-02	gid://shopify/Product/15486306779521	Gadgets	Gadget
2026-10-02	gid://shopify/Product/15486306812289	Gadgets	Gadget
2026-10-02	gid://shopify/Product/15486306910593	Gadgets	Gadget
2026-10-02	gid://shopify/Product/15408457941377	Beauty Tools	Beauty-Tools
2026-10-02	gid://shopify/Product/15408457974145	Beauty Tools	Beauty-Tools
2026-10-02	gid://shopify/Product/15408458006913	Beauty Tools	Beauty-Tools
2026-10-02	gid://shopify/Product/15408458072449	Beauty Tools	Beauty-Tools
2026-10-02	gid://shopify/Product/15410836275585	Beauty Tools	Beauty-Tools
2026-10-02	gid://shopify/Product/15413245542785	Beauty-Tool	Beauty-Tools
2026-10-02	gid://shopify/Product/15422970134913	Beauty-Tool	Beauty-Tools
2026-10-02	gid://shopify/Product/15443245367681	Nägel & Maniküre	Nageldesign
2026-10-02	gid://shopify/Product/15443245400449	Nägel & Maniküre	Nageldesign
2026-10-02	gid://shopify/Product/15443245433217	Nägel & Maniküre	Nageldesign
2026-10-02	gid://shopify/Product/15443245465985	Nägel & Maniküre	Nageldesign
2026-10-02	gid://shopify/Product/15443245498753	Nägel & Maniküre	Nageldesign
2026-10-02	gid://shopify/Product/15443245531521	Nägel & Maniküre	Nageldesign
2026-10-02	gid://shopify/Product/15443246645633	Nägel & Maniküre	Nageldesign
2026-10-02	gid://shopify/Product/15443246678401	Nägel & Maniküre	Nageldesign
2026-10-02	gid://shopify/Product/15443246711169	Nägel & Maniküre	Nageldesign
2026-10-02	gid://shopify/Product/15443246743937	Nägel & Maniküre	Nageldesign
2026-10-02	gid://shopify/Product/15443246776705	Nägel & Maniküre	Nageldesign
2026-10-02	gid://shopify/Product/15443246809473	Nägel & Maniküre	Nageldesign
2026-10-02	gid://shopify/Product/15443246842241	Nägel & Maniküre	Nageldesign
2026-10-02	gid://shopify/Product/15443246907777	Nägel & Maniküre	Nageldesign
2026-10-02	gid://shopify/Product/15443246940545	Nägel & Maniküre	Nageldesign
2026-10-02	gid://shopify/Product/15433455305089	Gaming	Gaming-Zubehör
2026-10-02	gid://shopify/Product/15433455337857	Gaming	Gaming-Zubehör
2026-10-02	gid://shopify/Product/15433455370625	Gaming	Gaming-Zubehör
2026-10-02	gid://shopify/Product/15433455403393	Gaming	Gaming-Zubehör
2026-10-02	gid://shopify/Product/15433455436161	Gaming	Gaming-Zubehör
2026-10-02	gid://shopify/Product/15433455468929	Gaming	Gaming-Zubehör
2026-10-02	gid://shopify/Product/15433455501697	Gaming	Gaming-Zubehör
2026-10-02	gid://shopify/Product/15433455534465	Gaming	Gaming-Zubehör
2026-10-02	gid://shopify/Product/15433455567233	Gaming	Gaming-Zubehör
2026-10-02	gid://shopify/Product/15433455600001	Gaming	Gaming-Zubehör
2026-10-02	gid://shopify/Product/15433455632769	Gaming	Gaming-Zubehör
2026-10-02	gid://shopify/Product/15433455698305	Gaming	Gaming-Zubehör
2026-10-02	gid://shopify/Product/15433455731073	Gaming	Gaming-Zubehör
2026-10-02	gid://shopify/Product/15433455763841	Gaming	Gaming-Zubehör
2026-10-02	gid://shopify/Product/15433455796609	Gaming	Gaming-Zubehör
2026-10-02	gid://shopify/Product/15433455829377	Gaming	Gaming-Zubehör
2026-10-02	gid://shopify/Product/15433455862145	Gaming	Gaming-Zubehör
2026-10-02	gid://shopify/Product/15433460220289	Gaming	Gaming-Zubehör
2026-10-02	gid://shopify/Product/15433460253057	Gaming	Gaming-Zubehör
2026-10-02	gid://shopify/Product/15433460285825	Gaming	Gaming-Zubehör
2026-10-02	gid://shopify/Product/15433460318593	Gaming	Gaming-Zubehör
2026-10-02	gid://shopify/Product/15433460351361	Gaming	Gaming-Zubehör
2026-10-02	gid://shopify/Product/15433460384129	Gaming	Gaming-Zubehör
2026-10-02	gid://shopify/Product/15433460416897	Gaming	Gaming-Zubehör
2026-10-02	gid://shopify/Product/15433460449665	Gaming	Gaming-Zubehör
2026-10-02	gid://shopify/Product/15433460482433	Gaming	Gaming-Zubehör
2026-10-02	gid://shopify/Product/15433460515201	Gaming	Gaming-Zubehör
2026-10-02	gid://shopify/Product/15433460547969	Gaming	Gaming-Zubehör
2026-10-02	gid://shopify/Product/15433460580737	Gaming	Gaming-Zubehör
2026-10-02	gid://shopify/Product/15433460613505	Gaming	Gaming-Zubehör
2026-10-02	gid://shopify/Product/15433460646273	Gaming	Gaming-Zubehör
2026-10-02	gid://shopify/Product/15433460679041	Gaming	Gaming-Zubehör
2026-10-02	gid://shopify/Product/15433460711809	Gaming	Gaming-Zubehör
2026-10-02	gid://shopify/Product/15433460744577	Gaming	Gaming-Zubehör
2026-10-02	gid://shopify/Product/15433460777345	Gaming	Gaming-Zubehör
2026-10-02	gid://shopify/Product/15433460810113	Gaming	Gaming-Zubehör
2026-10-02	gid://shopify/Product/15433460842881	Gaming	Gaming-Zubehör
2026-10-02	gid://shopify/Product/15433460875649	Gaming	Gaming-Zubehör
2026-10-02	gid://shopify/Product/15433460908417	Gaming	Gaming-Zubehör
2026-10-02	gid://shopify/Product/15433460973953	Gaming	Gaming-Zubehör
2026-10-02	gid://shopify/Product/15433461006721	Gaming	Gaming-Zubehör
2026-10-02	gid://shopify/Product/15433461039489	Gaming	Gaming-Zubehör
2026-10-02	gid://shopify/Product/15433461072257	Gaming	Gaming-Zubehör
2026-10-02	gid://shopify/Product/15433461137793	Gaming	Gaming-Zubehör
2026-10-02	gid://shopify/Product/15433461170561	Gaming	Gaming-Zubehör
2026-10-02	gid://shopify/Product/15433461236097	Gaming	Gaming-Zubehör
2026-10-02	gid://shopify/Product/15433461301633	Gaming	Gaming-Zubehör
2026-10-02	gid://shopify/Product/15433461334401	Gaming	Gaming-Zubehör
2026-10-02	gid://shopify/Product/15433461367169	Gaming	Gaming-Zubehör
2026-10-02	gid://shopify/Product/15433461399937	Gaming	Gaming-Zubehör
2026-10-02	gid://shopify/Product/15433461432705	Gaming	Gaming-Zubehör
2026-10-02	gid://shopify/Product/15433461465473	Gaming	Gaming-Zubehör
2026-10-02	gid://shopify/Product/15433461498241	Gaming	Gaming-Zubehör
2026-10-02	gid://shopify/Product/15433461531009	Gaming	Gaming-Zubehör
2026-10-02	gid://shopify/Product/15433461563777	Gaming	Gaming-Zubehör
2026-10-02	gid://shopify/Product/15433462808961	Gaming	Gaming-Zubehör
2026-10-02	gid://shopify/Product/15433462841729	Gaming	Gaming-Zubehör
2026-10-02	gid://shopify/Product/15433462874497	Gaming	Gaming-Zubehör
2026-10-02	gid://shopify/Product/15433462907265	Gaming	Gaming-Zubehör
2026-10-02	gid://shopify/Product/15433462940033	Gaming	Gaming-Zubehör
2026-10-02	gid://shopify/Product/15433462972801	Gaming	Gaming-Zubehör
2026-10-02	gid://shopify/Product/15433463038337	Gaming	Gaming-Zubehör
2026-10-02	gid://shopify/Product/15433463071105	Gaming	Gaming-Zubehör
2026-10-02	gid://shopify/Product/15433463103873	Gaming	Gaming-Zubehör
2026-10-02	gid://shopify/Product/15433463136641	Gaming	Gaming-Zubehör
2026-10-02	gid://shopify/Product/15433463169409	Gaming	Gaming-Zubehör
2026-10-02	gid://shopify/Product/15433463202177	Gaming	Gaming-Zubehör
2026-10-02	gid://shopify/Product/15433463234945	Gaming	Gaming-Zubehör
2026-10-02	gid://shopify/Product/15433463267713	Gaming	Gaming-Zubehör
2026-10-02	gid://shopify/Product/15433463300481	Gaming	Gaming-Zubehör
2026-10-02	gid://shopify/Product/15433463333249	Gaming	Gaming-Zubehör
2026-10-02	gid://shopify/Product/15433463366017	Gaming	Gaming-Zubehör
2026-10-02	gid://shopify/Product/15433463398785	Gaming	Gaming-Zubehör
2026-10-02	gid://shopify/Product/15433463431553	Gaming	Gaming-Zubehör
2026-10-02	gid://shopify/Product/15433463464321	Gaming	Gaming-Zubehör
2026-10-02	gid://shopify/Product/15433463497089	Gaming	Gaming-Zubehör
2026-10-02	gid://shopify/Product/15433463529857	Gaming	Gaming-Zubehör
2026-10-02	gid://shopify/Product/15433463562625	Gaming	Gaming-Zubehör
2026-10-02	gid://shopify/Product/15433463595393	Gaming	Gaming-Zubehör
2026-10-02	gid://shopify/Product/15433463628161	Gaming	Gaming-Zubehör
2026-10-02	gid://shopify/Product/15433463660929	Gaming	Gaming-Zubehör
2026-10-02	gid://shopify/Product/15433463693697	Gaming	Gaming-Zubehör
2026-10-02	gid://shopify/Product/15433463726465	Gaming	Gaming-Zubehör
2026-10-02	gid://shopify/Product/15433463759233	Gaming	Gaming-Zubehör
2026-10-02	gid://shopify/Product/15433463792001	Gaming	Gaming-Zubehör
2026-10-02	gid://shopify/Product/15433463824769	Gaming	Gaming-Zubehör
2026-10-02	gid://shopify/Product/15433463857537	Gaming	Gaming-Zubehör
2026-10-02	gid://shopify/Product/15433463890305	Gaming	Gaming-Zubehör
2026-10-02	gid://shopify/Product/15433463923073	Gaming	Gaming-Zubehör
2026-10-02	gid://shopify/Product/15433463955841	Gaming	Gaming-Zubehör
2026-10-02	gid://shopify/Product/15433463988609	Gaming	Gaming-Zubehör
2026-10-02	gid://shopify/Product/15433464021377	Gaming	Gaming-Zubehör
2026-10-02	gid://shopify/Product/15433464054145	Gaming	Gaming-Zubehör
2026-10-02	gid://shopify/Product/15433464086913	Gaming	Gaming-Zubehör
2026-10-02	gid://shopify/Product/15433464119681	Gaming	Gaming-Zubehör
2026-10-02	gid://shopify/Product/15433464185217	Gaming	Gaming-Zubehör
2026-10-02	gid://shopify/Product/15433464217985	Gaming	Gaming-Zubehör
2026-10-02	gid://shopify/Product/15433464250753	Gaming	Gaming-Zubehör
2026-10-02	gid://shopify/Product/15433464316289	Gaming	Gaming-Zubehör
2026-10-02	gid://shopify/Product/15433464349057	Gaming	Gaming-Zubehör
2026-10-02	gid://shopify/Product/15433464381825	Gaming	Gaming-Zubehör
2026-10-02	gid://shopify/Product/15433464414593	Gaming	Gaming-Zubehör
2026-10-02	gid://shopify/Product/15433464447361	Gaming	Gaming-Zubehör
2026-10-02	gid://shopify/Product/15435226808705	Gaming	Gaming-Zubehör
2026-10-02	gid://shopify/Product/15435226841473	Gaming	Gaming-Zubehör
2026-10-02	gid://shopify/Product/15435226874241	Gaming	Gaming-Zubehör
2026-10-02	gid://shopify/Product/15435226907009	Gaming	Gaming-Zubehör
2026-10-02	gid://shopify/Product/15435226939777	Gaming	Gaming-Zubehör
2026-10-02	gid://shopify/Product/15435241718145	Gaming	Gaming-Zubehör
2026-10-02	gid://shopify/Product/15435241750913	Gaming	Gaming-Zubehör
2026-10-02	gid://shopify/Product/15435241783681	Gaming	Gaming-Zubehör
2026-10-02	gid://shopify/Product/15435241816449	Gaming	Gaming-Zubehör
2026-10-02	gid://shopify/Product/15435241881985	Gaming	Gaming-Zubehör
2026-10-02	gid://shopify/Product/15435248927105	Gaming	Gaming-Zubehör
2026-10-02	gid://shopify/Product/15435248959873	Gaming	Gaming-Zubehör
2026-10-02	gid://shopify/Product/15435248992641	Gaming	Gaming-Zubehör
2026-10-02	gid://shopify/Product/15435249025409	Gaming	Gaming-Zubehör
2026-10-02	gid://shopify/Product/15435249058177	Gaming	Gaming-Zubehör
2026-10-02	gid://shopify/Product/15435381342593	Gaming	Gaming-Zubehör
2026-10-02	gid://shopify/Product/15435381440897	Gaming	Gaming-Zubehör
2026-10-02	gid://shopify/Product/15435381506433	Gaming	Gaming-Zubehör
2026-10-02	gid://shopify/Product/15435381604737	Gaming	Gaming-Zubehör
2026-10-02	gid://shopify/Product/15435381703041	Gaming	Gaming-Zubehör
2026-10-02	gid://shopify/Product/15438223278465	Gaming	Gaming-Zubehör
2026-10-02	gid://shopify/Product/15438223409537	Gaming	Gaming-Zubehör
2026-10-02	gid://shopify/Product/15438223507841	Gaming	Gaming-Zubehör
2026-10-02	gid://shopify/Product/15438324203905	Gaming	Gaming-Zubehör
2026-10-02	gid://shopify/Product/15438324269441	Gaming	Gaming-Zubehör
2026-10-02	gid://shopify/Product/15438324302209	Gaming	Gaming-Zubehör
2026-10-02	gid://shopify/Product/15438324367745	Gaming	Gaming-Zubehör
2026-10-02	gid://shopify/Product/15438553252225	Gaming	Gaming-Zubehör
2026-10-02	gid://shopify/Product/15438553284993	Gaming	Gaming-Zubehör
2026-10-02	gid://shopify/Product/15438553350529	Gaming	Gaming-Zubehör
2026-10-02	gid://shopify/Product/15438553383297	Gaming	Gaming-Zubehör
2026-10-02	gid://shopify/Product/15438662271361	Gaming	Gaming-Zubehör
2026-10-02	gid://shopify/Product/15438662304129	Gaming	Gaming-Zubehör
2026-10-02	gid://shopify/Product/15438662336897	Gaming	Gaming-Zubehör
2026-10-02	gid://shopify/Product/15438662369665	Gaming	Gaming-Zubehör
2026-10-02	gid://shopify/Product/15439177056641	Gaming	Gaming-Zubehör
2026-10-02	gid://shopify/Product/15439177089409	Gaming	Gaming-Zubehör
2026-10-02	gid://shopify/Product/15439177122177	Gaming	Gaming-Zubehör
2026-10-02	gid://shopify/Product/15439177154945	Gaming	Gaming-Zubehör
2026-10-02	gid://shopify/Product/15439228305793	Gaming	Gaming-Zubehör
2026-10-02	gid://shopify/Product/15439228338561	Gaming	Gaming-Zubehör
2026-10-02	gid://shopify/Product/15439228371329	Gaming	Gaming-Zubehör
2026-10-02	gid://shopify/Product/15439228404097	Gaming	Gaming-Zubehör
2026-10-02	gid://shopify/Product/15439228436865	Gaming	Gaming-Zubehör
2026-10-02	gid://shopify/Product/15441775624577	Gaming	Gaming-Zubehör
2026-10-02	gid://shopify/Product/15441775657345	Gaming	Gaming-Zubehör
2026-10-02	gid://shopify/Product/15441775690113	Gaming	Gaming-Zubehör
2026-10-02	gid://shopify/Product/15441775722881	Gaming	Gaming-Zubehör
2026-10-02	gid://shopify/Product/15441775788417	Gaming	Gaming-Zubehör
2026-10-02	gid://shopify/Product/15441841357185	Gaming	Gaming-Zubehör
2026-10-02	gid://shopify/Product/15441841389953	Gaming	Gaming-Zubehör
2026-10-02	gid://shopify/Product/15441841422721	Gaming	Gaming-Zubehör
2026-10-02	gid://shopify/Product/15441841455489	Gaming	Gaming-Zubehör
2026-10-02	gid://shopify/Product/15441841488257	Gaming	Gaming-Zubehör
2026-10-02	gid://shopify/Product/15442076991873	Gaming	Gaming-Zubehör
2026-10-02	gid://shopify/Product/15442077090177	Gaming	Gaming-Zubehör
2026-10-02	gid://shopify/Product/15442077155713	Gaming	Gaming-Zubehör
2026-10-02	gid://shopify/Product/15442645975425	Gaming	Gaming-Zubehör
2026-10-02	gid://shopify/Product/15447961076097	Gaming	Gaming-Zubehör
2026-10-02	gid://shopify/Product/15447961141633	Gaming	Gaming-Zubehör
2026-10-02	gid://shopify/Product/15447961207169	Gaming	Gaming-Zubehör
2026-10-02	gid://shopify/Product/15447961305473	Gaming	Gaming-Zubehör
2026-10-02	gid://shopify/Product/15447961371009	Gaming	Gaming-Zubehör
2026-10-02	gid://shopify/Product/15447961436545	Gaming	Gaming-Zubehör
2026-10-02	gid://shopify/Product/15447961534849	Gaming	Gaming-Zubehör
2026-10-02	gid://shopify/Product/15447961633153	Gaming	Gaming-Zubehör
2026-10-02	gid://shopify/Product/15447961698689	Gaming	Gaming-Zubehör
2026-10-02	gid://shopify/Product/15447961796993	Gaming	Gaming-Zubehör
2026-10-02	gid://shopify/Product/15447961895297	Gaming	Gaming-Zubehör
2026-10-02	gid://shopify/Product/15447961960833	Gaming	Gaming-Zubehör
2026-10-02	gid://shopify/Product/15447962026369	Gaming	Gaming-Zubehör
2026-10-02	gid://shopify/Product/15447962157441	Gaming	Gaming-Zubehör
2026-10-02	gid://shopify/Product/15447962222977	Gaming	Gaming-Zubehör
2026-10-02	gid://shopify/Product/15447962288513	Gaming	Gaming-Zubehör
2026-10-02	gid://shopify/Product/15447962419585	Gaming	Gaming-Zubehör
2026-10-02	gid://shopify/Product/15447962485121	Gaming	Gaming-Zubehör
2026-10-02	gid://shopify/Product/15447962550657	Gaming	Gaming-Zubehör
2026-10-02	gid://shopify/Product/15447962714497	Gaming	Gaming-Zubehör
2026-10-02	gid://shopify/Product/15447962747265	Gaming	Gaming-Zubehör
2026-10-02	gid://shopify/Product/15447962780033	Gaming	Gaming-Zubehör
2026-10-02	gid://shopify/Product/15447962878337	Gaming	Gaming-Zubehör
2026-10-02	gid://shopify/Product/15447962943873	Gaming	Gaming-Zubehör
2026-10-02	gid://shopify/Product/15447962976641	Gaming	Gaming-Zubehör
2026-10-02	gid://shopify/Product/15447963107713	Gaming	Gaming-Zubehör
2026-10-02	gid://shopify/Product/15447963140481	Gaming	Gaming-Zubehör
2026-10-02	gid://shopify/Product/15447963206017	Gaming	Gaming-Zubehör
2026-10-02	gid://shopify/Product/15447963304321	Gaming	Gaming-Zubehör
2026-10-02	gid://shopify/Product/15447963369857	Gaming	Gaming-Zubehör
2026-10-02	gid://shopify/Product/15447963435393	Gaming	Gaming-Zubehör
2026-10-02	gid://shopify/Product/15447963533697	Gaming	Gaming-Zubehör
2026-10-02	gid://shopify/Product/15447963599233	Gaming	Gaming-Zubehör
2026-10-02	gid://shopify/Product/15447963664769	Gaming	Gaming-Zubehör
2026-10-02	gid://shopify/Product/15447963763073	Gaming	Gaming-Zubehör
2026-10-02	gid://shopify/Product/15447963861377	Gaming	Gaming-Zubehör
2026-10-02	gid://shopify/Product/15447963926913	Gaming	Gaming-Zubehör
2026-10-02	gid://shopify/Product/15447963992449	Gaming	Gaming-Zubehör
2026-10-02	gid://shopify/Product/15447964090753	Gaming	Gaming-Zubehör
2026-10-02	gid://shopify/Product/15447964123521	Gaming	Gaming-Zubehör
2026-10-02	gid://shopify/Product/15447964189057	Gaming	Gaming-Zubehör
2026-10-02	gid://shopify/Product/15447964287361	Gaming	Gaming-Zubehör
2026-10-02	gid://shopify/Product/15447964352897	Gaming	Gaming-Zubehör
2026-10-02	gid://shopify/Product/15447964418433	Gaming	Gaming-Zubehör
2026-10-02	gid://shopify/Product/15447964483969	Gaming	Gaming-Zubehör
2026-10-02	gid://shopify/Product/15447964582273	Gaming	Gaming-Zubehör
2026-10-02	gid://shopify/Product/15447964647809	Gaming	Gaming-Zubehör
2026-10-02	gid://shopify/Product/15447964713345	Gaming	Gaming-Zubehör
2026-10-02	gid://shopify/Product/15447964811649	Gaming	Gaming-Zubehör
2026-10-02	gid://shopify/Product/15447964877185	Gaming	Gaming-Zubehör
2026-10-02	gid://shopify/Product/15447964942721	Gaming	Gaming-Zubehör
2026-10-02	gid://shopify/Product/15447965041025	Gaming	Gaming-Zubehör
2026-10-02	gid://shopify/Product/15447965073793	Gaming	Gaming-Zubehör
2026-10-02	gid://shopify/Product/15447965139329	Gaming	Gaming-Zubehör
2026-10-02	gid://shopify/Product/15447965204865	Gaming	Gaming-Zubehör
2026-10-02	gid://shopify/Product/15447965237633	Gaming	Gaming-Zubehör
2026-10-02	gid://shopify/Product/15447965303169	Gaming	Gaming-Zubehör
2026-10-02	gid://shopify/Product/15447965368705	Gaming	Gaming-Zubehör
2026-10-02	gid://shopify/Product/15447965499777	Gaming	Gaming-Zubehör
2026-10-02	gid://shopify/Product/15447965565313	Gaming	Gaming-Zubehör
2026-10-02	gid://shopify/Product/15447965630849	Gaming	Gaming-Zubehör
2026-10-02	gid://shopify/Product/15447965729153	Gaming	Gaming-Zubehör
2026-10-02	gid://shopify/Product/15447965794689	Gaming	Gaming-Zubehör
2026-10-02	gid://shopify/Product/15447965892993	Gaming	Gaming-Zubehör
2026-10-02	gid://shopify/Product/15447965925761	Gaming	Gaming-Zubehör
2026-10-02	gid://shopify/Product/15447965958529	Gaming	Gaming-Zubehör
2026-10-02	gid://shopify/Product/15447966024065	Gaming	Gaming-Zubehör
2026-10-02	gid://shopify/Product/15447966155137	Gaming	Gaming-Zubehör
2026-10-02	gid://shopify/Product/15447966220673	Gaming	Gaming-Zubehör
2026-10-02	gid://shopify/Product/15447966286209	Gaming	Gaming-Zubehör
2026-10-02	gid://shopify/Product/15448661098881	Gaming	Gaming-Zubehör
2026-10-02	gid://shopify/Product/15448661164417	Gaming	Gaming-Zubehör
2026-10-02	gid://shopify/Product/15448661197185	Gaming	Gaming-Zubehör
2026-10-02	gid://shopify/Product/15448661229953	Gaming	Gaming-Zubehör
2026-10-02	gid://shopify/Product/15448661295489	Gaming	Gaming-Zubehör
2026-10-02	gid://shopify/Product/15448661328257	Gaming	Gaming-Zubehör
2026-10-02	gid://shopify/Product/15448661393793	Gaming	Gaming-Zubehör
2026-10-02	gid://shopify/Product/15448661426561	Gaming	Gaming-Zubehör
2026-10-02	gid://shopify/Product/15448661492097	Gaming	Gaming-Zubehör
2026-10-02	gid://shopify/Product/15448661524865	Gaming	Gaming-Zubehör
2026-10-02	gid://shopify/Product/15448661590401	Gaming	Gaming-Zubehör
2026-10-02	gid://shopify/Product/15448661655937	Gaming	Gaming-Zubehör
2026-10-02	gid://shopify/Product/15448661688705	Gaming	Gaming-Zubehör
2026-10-02	gid://shopify/Product/15448661721473	Gaming	Gaming-Zubehör
2026-10-02	gid://shopify/Product/15448661754241	Gaming	Gaming-Zubehör
2026-10-02	gid://shopify/Product/15448661852545	Gaming	Gaming-Zubehör
2026-10-02	gid://shopify/Product/15448661885313	Gaming	Gaming-Zubehör
2026-10-02	gid://shopify/Product/15448662016385	Gaming	Gaming-Zubehör
2026-10-02	gid://shopify/Product/15448662049153	Gaming	Gaming-Zubehör
2026-10-02	gid://shopify/Product/15448662081921	Gaming	Gaming-Zubehör
2026-10-02	gid://shopify/Product/15448662147457	Gaming	Gaming-Zubehör
2026-10-02	gid://shopify/Product/15448662212993	Gaming	Gaming-Zubehör
2026-10-02	gid://shopify/Product/15448662278529	Gaming	Gaming-Zubehör
2026-10-02	gid://shopify/Product/15448662344065	Gaming	Gaming-Zubehör
2026-10-02	gid://shopify/Product/15448662376833	Gaming	Gaming-Zubehör
2026-10-02	gid://shopify/Product/15448662409601	Gaming	Gaming-Zubehör
2026-10-02	gid://shopify/Product/15448662475137	Gaming	Gaming-Zubehör
2026-10-02	gid://shopify/Product/15448662507905	Gaming	Gaming-Zubehör
2026-10-02	gid://shopify/Product/15448662540673	Gaming	Gaming-Zubehör
2026-10-02	gid://shopify/Product/15448662573441	Gaming	Gaming-Zubehör
2026-10-02	gid://shopify/Product/15448662638977	Gaming	Gaming-Zubehör
2026-10-02	gid://shopify/Product/15448662671745	Gaming	Gaming-Zubehör
2026-10-02	gid://shopify/Product/15448662704513	Gaming	Gaming-Zubehör
2026-10-02	gid://shopify/Product/15448662770049	Gaming	Gaming-Zubehör
2026-10-02	gid://shopify/Product/15448662802817	Gaming	Gaming-Zubehör
2026-10-02	gid://shopify/Product/15448662868353	Gaming	Gaming-Zubehör
2026-10-02	gid://shopify/Product/15448662933889	Gaming	Gaming-Zubehör
2026-10-02	gid://shopify/Product/15448662966657	Gaming	Gaming-Zubehör
2026-10-02	gid://shopify/Product/15448663032193	Gaming	Gaming-Zubehör
2026-10-02	gid://shopify/Product/15448663064961	Gaming	Gaming-Zubehör
2026-10-02	gid://shopify/Product/15448663097729	Gaming	Gaming-Zubehör
2026-10-02	gid://shopify/Product/15448663130497	Gaming	Gaming-Zubehör
2026-10-02	gid://shopify/Product/15448663228801	Gaming	Gaming-Zubehör
2026-10-02	gid://shopify/Product/15448663294337	Gaming	Gaming-Zubehör
2026-10-02	gid://shopify/Product/15448663425409	Gaming	Gaming-Zubehör
2026-10-02	gid://shopify/Product/15448849154433	Gaming	Gaming-Zubehör
2026-10-02	gid://shopify/Product/15448849187201	Gaming	Gaming-Zubehör
2026-10-02	gid://shopify/Product/15448849219969	Gaming	Gaming-Zubehör
2026-10-02	gid://shopify/Product/15448849285505	Gaming	Gaming-Zubehör
2026-10-02	gid://shopify/Product/15448849318273	Gaming	Gaming-Zubehör
2026-10-02	gid://shopify/Product/15448849416577	Gaming	Gaming-Zubehör
2026-10-02	gid://shopify/Product/15448849482113	Gaming	Gaming-Zubehör
2026-10-02	gid://shopify/Product/15448849514881	Gaming	Gaming-Zubehör
2026-10-02	gid://shopify/Product/15448849547649	Gaming	Gaming-Zubehör
2026-10-02	gid://shopify/Product/15448849613185	Gaming	Gaming-Zubehör
2026-10-02	gid://shopify/Product/15448849645953	Gaming	Gaming-Zubehör
2026-10-02	gid://shopify/Product/15448849678721	Gaming	Gaming-Zubehör
2026-10-02	gid://shopify/Product/15448849744257	Gaming	Gaming-Zubehör
2026-10-02	gid://shopify/Product/15448849777025	Gaming	Gaming-Zubehör
2026-10-02	gid://shopify/Product/15448849809793	Gaming	Gaming-Zubehör
2026-10-02	gid://shopify/Product/15448849908097	Gaming	Gaming-Zubehör
2026-10-02	gid://shopify/Product/15448849973633	Gaming	Gaming-Zubehör
2026-10-02	gid://shopify/Product/15448850039169	Gaming	Gaming-Zubehör
2026-10-02	gid://shopify/Product/15448850137473	Gaming	Gaming-Zubehör
2026-10-02	gid://shopify/Product/15448850203009	Gaming	Gaming-Zubehör
2026-10-02	gid://shopify/Product/15448850268545	Gaming	Gaming-Zubehör
2026-10-02	gid://shopify/Product/15448850399617	Gaming	Gaming-Zubehör
2026-10-02	gid://shopify/Product/15448850497921	Gaming	Gaming-Zubehör
2026-10-02	gid://shopify/Product/15448850563457	Gaming	Gaming-Zubehör
2026-10-02	gid://shopify/Product/15448850596225	Gaming	Gaming-Zubehör
2026-10-02	gid://shopify/Product/15448850661761	Gaming	Gaming-Zubehör
2026-10-02	gid://shopify/Product/15448850694529	Gaming	Gaming-Zubehör
2026-10-02	gid://shopify/Product/15448850727297	Gaming	Gaming-Zubehör
2026-10-02	gid://shopify/Product/15448850825601	Gaming	Gaming-Zubehör
2026-10-02	gid://shopify/Product/15448850858369	Gaming	Gaming-Zubehör
2026-10-02	gid://shopify/Product/15448850891137	Gaming	Gaming-Zubehör
2026-10-02	gid://shopify/Product/15448850956673	Gaming	Gaming-Zubehör
2026-10-02	gid://shopify/Product/15448850989441	Gaming	Gaming-Zubehör
2026-10-02	gid://shopify/Product/15448851054977	Gaming	Gaming-Zubehör
2026-10-02	gid://shopify/Product/15448851120513	Gaming	Gaming-Zubehör
2026-10-02	gid://shopify/Product/15448851153281	Gaming	Gaming-Zubehör
2026-10-02	gid://shopify/Product/15448851186049	Gaming	Gaming-Zubehör
2026-10-02	gid://shopify/Product/15448851251585	Gaming	Gaming-Zubehör
2026-10-02	gid://shopify/Product/15448851284353	Gaming	Gaming-Zubehör
2026-10-02	gid://shopify/Product/15448851317121	Gaming	Gaming-Zubehör
2026-10-02	gid://shopify/Product/15448851415425	Gaming	Gaming-Zubehör
2026-10-02	gid://shopify/Product/15448851480961	Gaming	Gaming-Zubehör
2026-10-02	gid://shopify/Product/15448851513729	Gaming	Gaming-Zubehör
2026-10-02	gid://shopify/Product/15448851579265	Gaming	Gaming-Zubehör
2026-10-02	gid://shopify/Product/15448851644801	Gaming	Gaming-Zubehör
2026-10-02	gid://shopify/Product/15449029214593	Gaming	Gaming-Zubehör
2026-10-02	gid://shopify/Product/15449029247361	Gaming	Gaming-Zubehör
2026-10-02	gid://shopify/Product/15449029280129	Gaming	Gaming-Zubehör
2026-10-02	gid://shopify/Product/15449029345665	Gaming	Gaming-Zubehör
2026-10-02	gid://shopify/Product/15449029378433	Gaming	Gaming-Zubehör
2026-10-02	gid://shopify/Product/15449029411201	Gaming	Gaming-Zubehör
2026-10-02	gid://shopify/Product/15449029443969	Gaming	Gaming-Zubehör
2026-10-02	gid://shopify/Product/15449029476737	Gaming	Gaming-Zubehör
2026-10-02	gid://shopify/Product/15449029542273	Gaming	Gaming-Zubehör
2026-10-02	gid://shopify/Product/15449029575041	Gaming	Gaming-Zubehör
2026-10-02	gid://shopify/Product/15449029640577	Gaming	Gaming-Zubehör
2026-10-02	gid://shopify/Product/15449029673345	Gaming	Gaming-Zubehör
2026-10-02	gid://shopify/Product/15449029706113	Gaming	Gaming-Zubehör
2026-10-02	gid://shopify/Product/15449029738881	Gaming	Gaming-Zubehör
2026-10-02	gid://shopify/Product/15449029804417	Gaming	Gaming-Zubehör
2026-10-02	gid://shopify/Product/15449029837185	Gaming	Gaming-Zubehör
2026-10-02	gid://shopify/Product/15449029869953	Gaming	Gaming-Zubehör
2026-10-02	gid://shopify/Product/15449029902721	Gaming	Gaming-Zubehör
2026-10-02	gid://shopify/Product/15449029935489	Gaming	Gaming-Zubehör
2026-10-02	gid://shopify/Product/15449029968257	Gaming	Gaming-Zubehör
2026-10-02	gid://shopify/Product/15449030001025	Gaming	Gaming-Zubehör
2026-10-02	gid://shopify/Product/15449030066561	Gaming	Gaming-Zubehör
2026-10-02	gid://shopify/Product/15449030099329	Gaming	Gaming-Zubehör
2026-10-02	gid://shopify/Product/15449030132097	Gaming	Gaming-Zubehör
2026-10-02	gid://shopify/Product/15449030164865	Gaming	Gaming-Zubehör
2026-10-02	gid://shopify/Product/15449030197633	Gaming	Gaming-Zubehör
2026-10-02	gid://shopify/Product/15449030230401	Gaming	Gaming-Zubehör
2026-10-02	gid://shopify/Product/15449030263169	Gaming	Gaming-Zubehör
2026-10-02	gid://shopify/Product/15449030295937	Gaming	Gaming-Zubehör
2026-10-02	gid://shopify/Product/15449030328705	Gaming	Gaming-Zubehör
2026-10-02	gid://shopify/Product/15449030394241	Gaming	Gaming-Zubehör
2026-10-02	gid://shopify/Product/15449030459777	Gaming	Gaming-Zubehör
2026-10-02	gid://shopify/Product/15449030525313	Gaming	Gaming-Zubehör
2026-10-02	gid://shopify/Product/15449030558081	Gaming	Gaming-Zubehör
2026-10-02	gid://shopify/Product/15449030590849	Gaming	Gaming-Zubehör
2026-10-02	gid://shopify/Product/15449030623617	Gaming	Gaming-Zubehör
2026-10-02	gid://shopify/Product/15449030656385	Gaming	Gaming-Zubehör
2026-10-02	gid://shopify/Product/15449030689153	Gaming	Gaming-Zubehör
2026-10-02	gid://shopify/Product/15449030721921	Gaming	Gaming-Zubehör
2026-10-02	gid://shopify/Product/15449030754689	Gaming	Gaming-Zubehör
2026-10-02	gid://shopify/Product/15449030787457	Gaming	Gaming-Zubehör
2026-10-02	gid://shopify/Product/15449030820225	Gaming	Gaming-Zubehör
2026-10-02	gid://shopify/Product/15449030885761	Gaming	Gaming-Zubehör
2026-10-02	gid://shopify/Product/15449030918529	Gaming	Gaming-Zubehör
2026-10-02	gid://shopify/Product/15449030951297	Gaming	Gaming-Zubehör
2026-10-02	gid://shopify/Product/15449495208321	Gaming	Gaming-Zubehör
2026-10-02	gid://shopify/Product/15449495241089	Gaming	Gaming-Zubehör
2026-10-02	gid://shopify/Product/15449495273857	Gaming	Gaming-Zubehör
2026-10-02	gid://shopify/Product/15449495306625	Gaming	Gaming-Zubehör
2026-10-02	gid://shopify/Product/15449495339393	Gaming	Gaming-Zubehör
2026-10-02	gid://shopify/Product/15449495372161	Gaming	Gaming-Zubehör
2026-10-02	gid://shopify/Product/15449619235201	Gaming	Gaming-Zubehör
2026-10-02	gid://shopify/Product/15449619267969	Gaming	Gaming-Zubehör
2026-10-02	gid://shopify/Product/15449619333505	Gaming	Gaming-Zubehör
2026-10-02	gid://shopify/Product/15449619399041	Gaming	Gaming-Zubehör
2026-10-02	gid://shopify/Product/15449619431809	Gaming	Gaming-Zubehör
2026-10-02	gid://shopify/Product/15449619464577	Gaming	Gaming-Zubehör
2026-10-02	gid://shopify/Product/15449619530113	Gaming	Gaming-Zubehör
2026-10-02	gid://shopify/Product/15449619562881	Gaming	Gaming-Zubehör
2026-10-02	gid://shopify/Product/15449809256833	Gaming	Gaming-Zubehör
2026-10-02	gid://shopify/Product/15449809289601	Gaming	Gaming-Zubehör
2026-10-02	gid://shopify/Product/15449809322369	Gaming	Gaming-Zubehör
2026-10-02	gid://shopify/Product/15449809387905	Gaming	Gaming-Zubehör
2026-10-02	gid://shopify/Product/15449809420673	Gaming	Gaming-Zubehör
2026-10-02	gid://shopify/Product/15449809486209	Gaming	Gaming-Zubehör
2026-10-02	gid://shopify/Product/15449809551745	Gaming	Gaming-Zubehör
2026-10-02	gid://shopify/Product/15449809584513	Gaming	Gaming-Zubehör
2026-10-02	gid://shopify/Product/15411565429121	Küche	Küche & Bar
2026-10-02	gid://shopify/Product/15412949483905	Küche	Küche & Bar
2026-10-02	gid://shopify/Product/15428429611393	Küche	Küche & Bar
2026-10-02	gid://shopify/Product/15431540081025	Küche	Küche & Bar
2026-10-02	gid://shopify/Product/15431540113793	Küche	Küche & Bar
2026-10-02	gid://shopify/Product/15431540146561	Küche	Küche & Bar
2026-10-02	gid://shopify/Product/15431632880001	Küche	Küche & Bar
2026-10-02	gid://shopify/Product/15431632978305	Küche	Küche & Bar
2026-10-02	gid://shopify/Product/15431633011073	Küche	Küche & Bar
2026-10-02	gid://shopify/Product/15431691862401	Küche	Küche & Bar
2026-10-02	gid://shopify/Product/15431691927937	Küche	Küche & Bar
2026-10-02	gid://shopify/Product/15431692026241	Küche	Küche & Bar
2026-10-02	gid://shopify/Product/15431692059009	Küche	Küche & Bar
2026-10-02	gid://shopify/Product/15431692091777	Küche	Küche & Bar
2026-10-02	gid://shopify/Product/15431692124545	Küche	Küche & Bar
2026-10-02	gid://shopify/Product/15431692157313	Küche	Küche & Bar
2026-10-02	gid://shopify/Product/15431692190081	Küche	Küche & Bar
2026-10-02	gid://shopify/Product/15431692222849	Küche	Küche & Bar
2026-10-02	gid://shopify/Product/15431692255617	Küche	Küche & Bar
2026-10-02	gid://shopify/Product/15431719911809	Küche	Küche & Bar
2026-10-02	gid://shopify/Product/15432181088641	Küche	Küche & Bar
2026-10-02	gid://shopify/Product/15432181121409	Küche	Küche & Bar
2026-10-02	gid://shopify/Product/15432181154177	Küche	Küche & Bar
2026-10-02	gid://shopify/Product/15432181219713	Küche	Küche & Bar
2026-10-02	gid://shopify/Product/15432181383553	Küche	Küche & Bar
2026-10-02	gid://shopify/Product/15432181416321	Küche	Küche & Bar
2026-10-02	gid://shopify/Product/15432181449089	Küche	Küche & Bar
2026-10-02	gid://shopify/Product/15432181481857	Küche	Küche & Bar
2026-10-02	gid://shopify/Product/15432181514625	Küche	Küche & Bar
2026-10-02	gid://shopify/Product/15435116511617	Küche	Küche & Bar
2026-10-02	gid://shopify/Product/15435116544385	Küche	Küche & Bar
2026-10-02	gid://shopify/Product/15435116577153	Küche	Küche & Bar
2026-10-02	gid://shopify/Product/15435116609921	Küche	Küche & Bar
2026-10-02	gid://shopify/Product/15435116675457	Küche	Küche & Bar
2026-10-02	gid://shopify/Product/15435116740993	Küche	Küche & Bar
2026-10-02	gid://shopify/Product/15435116806529	Küche	Küche & Bar
2026-10-02	gid://shopify/Product/15435116839297	Küche	Küche & Bar
2026-10-02	gid://shopify/Product/15435149410689	Küche	Küche & Bar
2026-10-02	gid://shopify/Product/15435149476225	Küche	Küche & Bar
2026-10-02	gid://shopify/Product/15435149508993	Küche	Küche & Bar
2026-10-02	gid://shopify/Product/15435149541761	Küche	Küche & Bar
2026-10-02	gid://shopify/Product/15435149574529	Küche	Küche & Bar
2026-10-02	gid://shopify/Product/15435149607297	Küche	Küche & Bar
2026-10-02	gid://shopify/Product/15435186241921	Küche	Küche & Bar
2026-10-02	gid://shopify/Product/15435186274689	Küche	Küche & Bar
2026-10-02	gid://shopify/Product/15435186307457	Küche	Küche & Bar
2026-10-02	gid://shopify/Product/15435186340225	Küche	Küche & Bar
2026-10-02	gid://shopify/Product/15435186471297	Küche	Küche & Bar
2026-10-02	gid://shopify/Product/15435255087489	Küche	Küche & Bar
2026-10-02	gid://shopify/Product/15435255120257	Küche	Küche & Bar
2026-10-02	gid://shopify/Product/15435255153025	Küche	Küche & Bar
2026-10-02	gid://shopify/Product/15435255251329	Küche	Küche & Bar
2026-10-02	gid://shopify/Product/15435255284097	Küche	Küche & Bar
2026-10-02	gid://shopify/Product/15435373904257	Küche	Küche & Bar
2026-10-02	gid://shopify/Product/15435373937025	Küche	Küche & Bar
2026-10-02	gid://shopify/Product/15435373969793	Küche	Küche & Bar
2026-10-02	gid://shopify/Product/15435374002561	Küche	Küche & Bar
2026-10-02	gid://shopify/Product/15435374100865	Küche	Küche & Bar
2026-10-02	gid://shopify/Product/15435821842817	Küche	Küche & Bar
2026-10-02	gid://shopify/Product/15435821875585	Küche	Küche & Bar
2026-10-02	gid://shopify/Product/15435821941121	Küche	Küche & Bar
2026-10-02	gid://shopify/Product/15435821973889	Küche	Küche & Bar
2026-10-02	gid://shopify/Product/15435934335361	Küche	Küche & Bar
2026-10-02	gid://shopify/Product/15435934466433	Küche	Küche & Bar
2026-10-02	gid://shopify/Product/15435934564737	Küche	Küche & Bar
2026-10-02	gid://shopify/Product/15435934597505	Küche	Küche & Bar
2026-10-02	gid://shopify/Product/15435934663041	Küche	Küche & Bar
2026-10-02	gid://shopify/Product/15435942068609	Küche	Küche & Bar
2026-10-02	gid://shopify/Product/15435942101377	Küche	Küche & Bar
2026-10-02	gid://shopify/Product/15435942134145	Küche	Küche & Bar
2026-10-02	gid://shopify/Product/15435942166913	Küche	Küche & Bar
2026-10-02	gid://shopify/Product/15436368085377	Küche	Küche & Bar
2026-10-02	gid://shopify/Product/15436368118145	Küche	Küche & Bar
2026-10-02	gid://shopify/Product/15436368183681	Küche	Küche & Bar
2026-10-02	gid://shopify/Product/15436368216449	Küche	Küche & Bar
2026-10-02	gid://shopify/Product/15438338982273	Küche	Küche & Bar
2026-10-02	gid://shopify/Product/15438339015041	Küche	Küche & Bar
2026-10-02	gid://shopify/Product/15438339080577	Küche	Küche & Bar
2026-10-02	gid://shopify/Product/15438339113345	Küche	Küche & Bar
2026-10-02	gid://shopify/Product/15438601617793	Küche	Küche & Bar
2026-10-02	gid://shopify/Product/15438601650561	Küche	Küche & Bar
2026-10-02	gid://shopify/Product/15438601716097	Küche	Küche & Bar
2026-10-02	gid://shopify/Product/15438601748865	Küche	Küche & Bar
2026-10-02	gid://shopify/Product/15439909945729	Küche	Küche & Bar
2026-10-02	gid://shopify/Product/15439909978497	Küche	Küche & Bar
2026-10-02	gid://shopify/Product/15439910011265	Küche	Küche & Bar
2026-10-02	gid://shopify/Product/15439910044033	Küche	Küche & Bar
2026-10-02	gid://shopify/Product/15439910076801	Küche	Küche & Bar
2026-10-02	gid://shopify/Product/15439910109569	Küche	Küche & Bar
2026-10-02	gid://shopify/Product/15440840163713	Küche	Küche & Bar
2026-10-02	gid://shopify/Product/15440840229249	Küche	Küche & Bar
2026-10-02	gid://shopify/Product/15440840262017	Küche	Küche & Bar
2026-10-02	gid://shopify/Product/15440840327553	Küche	Küche & Bar
2026-10-02	gid://shopify/Product/15440840360321	Küche	Küche & Bar
2026-10-02	gid://shopify/Product/15440840393089	Küche	Küche & Bar
2026-10-02	gid://shopify/Product/15440840425857	Küche	Küche & Bar
2026-10-02	gid://shopify/Product/15440840458625	Küche	Küche & Bar
2026-10-02	gid://shopify/Product/15440840491393	Küche	Küche & Bar
2026-10-02	gid://shopify/Product/15440840524161	Küche	Küche & Bar
2026-10-02	gid://shopify/Product/15440840589697	Küche	Küche & Bar
2026-10-02	gid://shopify/Product/15440840622465	Küche	Küche & Bar
2026-10-02	gid://shopify/Product/15440840655233	Küche	Küche & Bar
2026-10-02	gid://shopify/Product/15440840688001	Küche	Küche & Bar
2026-10-02	gid://shopify/Product/15412304773505	Küche & Haushalt	Küche & Bar
2026-10-02	gid://shopify/Product/15412306608513	Küche & Haushalt	Küche & Bar
2026-10-02	gid://shopify/Product/15412307853697	Küche & Haushalt	Küche & Bar
2026-10-02	gid://shopify/Product/15412405272961	Küche & Haushalt	Küche & Bar
2026-10-02	gid://shopify/Product/15412476445057	Küche & Haushalt	Küche & Bar
2026-10-02	gid://shopify/Product/15429957845377	Küche & Haushalt	Küche & Bar
2026-10-02	gid://shopify/Product/15429958140289	Küche & Haushalt	Küche & Bar
2026-10-02	gid://shopify/Product/15430233555329	Küche & Haushalt	Küche & Bar
2026-10-02	gid://shopify/Product/15430245548417	Küche & Haushalt	Küche & Bar
2026-10-02	gid://shopify/Product/15446130557313	Küche & Haushalt	Küche & Bar
2026-10-02	gid://shopify/Product/15446132916609	Küche & Haushalt	Küche & Bar
2026-10-02	gid://shopify/Product/15523985555841	Küche & Haushalt	Küche & Bar
2026-10-02	gid://shopify/Product/15413085733249	Küchenhelfer	Küche & Bar
2026-10-02	gid://shopify/Product/15422985765249	Küchenhelfer	Küche & Bar
2026-10-02	gid://shopify/Product/15440866443649	Küchenhelfer	Küche & Bar
2026-10-02	gid://shopify/Product/15440866476417	Küchenhelfer	Küche & Bar
2026-10-02	gid://shopify/Product/15440866509185	Küchenhelfer	Küche & Bar
2026-10-02	gid://shopify/Product/15440923984257	Küchenhelfer	Küche & Bar
2026-10-02	gid://shopify/Product/15440924017025	Küchenhelfer	Küche & Bar
2026-10-02	gid://shopify/Product/15440924082561	Küchenhelfer	Küche & Bar
2026-10-02	gid://shopify/Product/15440924115329	Küchenhelfer	Küche & Bar
2026-10-02	gid://shopify/Product/15441767367041	Küchenhelfer	Küche & Bar
2026-10-02	gid://shopify/Product/15441767399809	Küchenhelfer	Küche & Bar
2026-10-02	gid://shopify/Product/15441767432577	Küchenhelfer	Küche & Bar
2026-10-02	gid://shopify/Product/15441767498113	Küchenhelfer	Küche & Bar
2026-10-02	gid://shopify/Product/15441841947009	Küchenhelfer	Küche & Bar
2026-10-02	gid://shopify/Product/15441842012545	Küchenhelfer	Küche & Bar
2026-10-02	gid://shopify/Product/15441842045313	Küchenhelfer	Küche & Bar
2026-10-02	gid://shopify/Product/15441842110849	Küchenhelfer	Küche & Bar
2026-10-02	gid://shopify/Product/15441842176385	Küchenhelfer	Küche & Bar
2026-10-02	gid://shopify/Product/15442046419329	Küchenhelfer	Küche & Bar
2026-10-02	gid://shopify/Product/15442046452097	Küchenhelfer	Küche & Bar
2026-10-02	gid://shopify/Product/15442046484865	Küchenhelfer	Küche & Bar
2026-10-02	gid://shopify/Product/15442246861185	Küchenhelfer	Küche & Bar
2026-10-02	gid://shopify/Product/15442246926721	Küchenhelfer	Küche & Bar
2026-10-02	gid://shopify/Product/15442246992257	Küchenhelfer	Küche & Bar
2026-10-02	gid://shopify/Product/15442290114945	Küchenhelfer	Küche & Bar
2026-10-02	gid://shopify/Product/15442290147713	Küchenhelfer	Küche & Bar
2026-10-02	gid://shopify/Product/15442290180481	Küchenhelfer	Küche & Bar
2026-10-02	gid://shopify/Product/15449402081665	Küchenhelfer	Küche & Bar
2026-10-02	gid://shopify/Product/15449402147201	Küchenhelfer	Küche & Bar
2026-10-02	gid://shopify/Product/15449402212737	Küchenhelfer	Küche & Bar
2026-10-02	gid://shopify/Product/15449402245505	Küchenhelfer	Küche & Bar
2026-10-02	gid://shopify/Product/15449402278273	Küchenhelfer	Küche & Bar
2026-10-02	gid://shopify/Product/15449402311041	Küchenhelfer	Küche & Bar
2026-10-02	gid://shopify/Product/15449403064705	Küchenhelfer	Küche & Bar
2026-10-02	gid://shopify/Product/15449536528769	Küchenhelfer	Küche & Bar
2026-10-02	gid://shopify/Product/15449536561537	Küchenhelfer	Küche & Bar
2026-10-02	gid://shopify/Product/15449536659841	Küchenhelfer	Küche & Bar
2026-10-02	gid://shopify/Product/15449536692609	Küchenhelfer	Küche & Bar
2026-10-02	gid://shopify/Product/15449536725377	Küchenhelfer	Küche & Bar
2026-10-02	gid://shopify/Product/15449536758145	Küchenhelfer	Küche & Bar
2026-10-02	gid://shopify/Product/15449536790913	Küchenhelfer	Küche & Bar
2026-10-02	gid://shopify/Product/15449536823681	Küchenhelfer	Küche & Bar
2026-10-02	gid://shopify/Product/15449669140865	Küchenhelfer	Küche & Bar
2026-10-02	gid://shopify/Product/15449669173633	Küchenhelfer	Küche & Bar
2026-10-02	gid://shopify/Product/15449669239169	Küchenhelfer	Küche & Bar
2026-10-02	gid://shopify/Product/15449669271937	Küchenhelfer	Küche & Bar
2026-10-02	gid://shopify/Product/15449669337473	Küchenhelfer	Küche & Bar
2026-10-02	gid://shopify/Product/15449669370241	Küchenhelfer	Küche & Bar
2026-10-02	gid://shopify/Product/15449669403009	Küchenhelfer	Küche & Bar
2026-10-02	gid://shopify/Product/15449669468545	Küchenhelfer	Küche & Bar
2026-10-02	gid://shopify/Product/15449692569985	Küchenhelfer	Küche & Bar
2026-10-02	gid://shopify/Product/15449692602753	Küchenhelfer	Küche & Bar
2026-10-02	gid://shopify/Product/15449692668289	Küchenhelfer	Küche & Bar
2026-10-02	gid://shopify/Product/15449692701057	Küchenhelfer	Küche & Bar
2026-10-02	gid://shopify/Product/15449692733825	Küchenhelfer	Küche & Bar
2026-10-02	gid://shopify/Product/15449692766593	Küchenhelfer	Küche & Bar
2026-10-02	gid://shopify/Product/15449692799361	Küchenhelfer	Küche & Bar
2026-10-02	gid://shopify/Product/15449692832129	Küchenhelfer	Küche & Bar
2026-10-02	gid://shopify/Product/15449787761025	Küchenhelfer	Küche & Bar
2026-10-02	gid://shopify/Product/15449787793793	Küchenhelfer	Küche & Bar
2026-10-02	gid://shopify/Product/15449787826561	Küchenhelfer	Küche & Bar
2026-10-02	gid://shopify/Product/15449787859329	Küchenhelfer	Küche & Bar
2026-10-02	gid://shopify/Product/15449787892097	Küchenhelfer	Küche & Bar
2026-10-02	gid://shopify/Product/15449787924865	Küchenhelfer	Küche & Bar
2026-10-02	gid://shopify/Product/15449787957633	Küchenhelfer	Küche & Bar
2026-10-02	gid://shopify/Product/15449787990401	Küchenhelfer	Küche & Bar
2026-10-02	gid://shopify/Product/15450032832897	Küchenhelfer	Küche & Bar
2026-10-02	gid://shopify/Product/15450032898433	Küchenhelfer	Küche & Bar
2026-10-02	gid://shopify/Product/15450033029505	Küchenhelfer	Küche & Bar
2026-10-02	gid://shopify/Product/15450033095041	Küchenhelfer	Küche & Bar
2026-10-02	gid://shopify/Product/15450033127809	Küchenhelfer	Küche & Bar
2026-10-02	gid://shopify/Product/15450033193345	Küchenhelfer	Küche & Bar
2026-10-02	gid://shopify/Product/15450033258881	Küchenhelfer	Küche & Bar
2026-10-02	gid://shopify/Product/15450033291649	Küchenhelfer	Küche & Bar
2026-10-02	gid://shopify/Product/15428299161985	Grill-Zubehör	Küche & Bar
2026-10-02	gid://shopify/Product/15428299194753	Grill-Zubehör	Küche & Bar
2026-10-02	gid://shopify/Product/15428299260289	Grill-Zubehör	Küche & Bar
2026-10-02	gid://shopify/Product/15401327788417	Wohnen	Wohnen & Deko
2026-10-02	gid://shopify/Product/15401476030849	Wohnen	Wohnen & Deko
2026-10-02	gid://shopify/Product/15401512042881	Wohnen	Wohnen & Deko
2026-10-02	gid://shopify/Product/15401529540993	Wohnen	Wohnen & Deko
2026-10-02	gid://shopify/Product/15406092386689	Wohnen	Wohnen & Deko
2026-10-02	gid://shopify/Product/15410836472193	Wohnen	Wohnen & Deko
2026-10-02	gid://shopify/Product/15410836537729	Wohnen	Wohnen & Deko
2026-10-02	gid://shopify/Product/15412949451137	Wohnen	Wohnen & Deko
2026-10-02	gid://shopify/Product/15412960592257	Wohnen	Wohnen & Deko
2026-10-02	gid://shopify/Product/15431540179329	Wohnen	Wohnen & Deko
2026-10-02	gid://shopify/Product/15431540212097	Wohnen	Wohnen & Deko
2026-10-02	gid://shopify/Product/15431632814465	Wohnen	Wohnen & Deko
2026-10-02	gid://shopify/Product/15431632912769	Wohnen	Wohnen & Deko
2026-10-02	gid://shopify/Product/15431632945537	Wohnen	Wohnen & Deko
2026-10-02	gid://shopify/Product/15431637401985	Wohnen	Wohnen & Deko
2026-10-02	gid://shopify/Product/15431691895169	Wohnen	Wohnen & Deko
2026-10-02	gid://shopify/Product/15431691960705	Wohnen	Wohnen & Deko
2026-10-02	gid://shopify/Product/15431691993473	Wohnen	Wohnen & Deko
2026-10-02	gid://shopify/Product/15431692321153	Wohnen	Wohnen & Deko
2026-10-02	gid://shopify/Product/15431692419457	Wohnen	Wohnen & Deko
2026-10-02	gid://shopify/Product/15431692583297	Wohnen	Wohnen & Deko
2026-10-02	gid://shopify/Product/15431692714369	Wohnen	Wohnen & Deko
2026-10-02	gid://shopify/Product/15431692878209	Wohnen	Wohnen & Deko
2026-10-02	gid://shopify/Product/15448943100289	Wohnen & Dekoration	Wohnen & Deko
2026-10-02	gid://shopify/Product/15422985798017	Deko	Wohnen & Deko
2026-10-02	gid://shopify/Product/15433464512897	Deko	Wohnen & Deko
2026-10-02	gid://shopify/Product/15413955887489	Home & Living	Wohnen & Deko
2026-10-02	gid://shopify/Product/15413961130369	Home & Living	Wohnen & Deko
2026-10-02	gid://shopify/Product/15413961195905	Home & Living	Wohnen & Deko
2026-10-02	gid://shopify/Product/15412432175489	Schlafen & Wohnen	Wohnen & Deko
2026-10-02	gid://shopify/Product/15522128494977	Aufbewahrung & Ordnung	Aufbewahrung & Organizer
2026-10-02	gid://shopify/Product/15412751499649	Damen-Mode	Damenmode
2026-10-02	gid://shopify/Product/15412751860097	Damen-Mode	Damenmode
2026-10-02	gid://shopify/Product/15412825063809	Damen-Mode	Damenmode
2026-10-02	gid://shopify/Product/15412825129345	Damen-Mode	Damenmode
2026-10-02	gid://shopify/Product/15412825194881	Damen-Mode	Damenmode
2026-10-02	gid://shopify/Product/15412828733825	Damen-Mode	Damenmode
2026-10-02	gid://shopify/Product/15429956043137	Damen-Mode	Damenmode
2026-10-02	gid://shopify/Product/15453540811137	Damen-Mode	Damenmode
2026-10-02	gid://shopify/Product/15421442261377	Kleid	Damenmode
2026-10-02	gid://shopify/Product/15421513630081	Kleid	Damenmode
2026-10-02	gid://shopify/Product/15421594501505	Kleid	Damenmode
2026-10-02	gid://shopify/Product/15421617537409	Kleid	Damenmode
2026-10-02	gid://shopify/Product/15422040277377	Kleid	Damenmode
2026-10-02	gid://shopify/Product/15422934647169	Kleid	Damenmode
2026-10-02	gid://shopify/Product/15422937563521	Kleid	Damenmode
2026-10-02	gid://shopify/Product/15430491275649	Kleid	Damenmode
2026-10-02	gid://shopify/Product/15430491308417	Kleid	Damenmode
2026-10-02	gid://shopify/Product/15430491373953	Kleid	Damenmode
2026-10-02	gid://shopify/Product/15430491439489	Kleid	Damenmode
2026-10-02	gid://shopify/Product/15430491668865	Kleid	Damenmode
2026-10-02	gid://shopify/Product/15413724676481	Damen-Kleid	Damenmode
2026-10-02	gid://shopify/Product/15413739684225	Damen-Kleid	Damenmode
2026-10-02	gid://shopify/Product/15431384269185	Tops & Blusen	Damenmode
2026-10-02	gid://shopify/Product/15431384498561	Tops & Blusen	Damenmode
2026-10-02	gid://shopify/Product/15431384859009	Tops & Blusen	Damenmode
2026-10-02	gid://shopify/Product/15431385121153	Tops & Blusen	Damenmode
2026-10-02	gid://shopify/Product/15413083242881	Damen-Set	Damenmode
2026-10-02	gid://shopify/Product/15421165502849	Damen-Set	Damenmode
2026-10-02	gid://shopify/Product/15413649998209	Damen-Bluse	Damenmode
2026-10-02	gid://shopify/Product/15413724873089	Damen-Hose	Damenmode
2026-10-02	gid://shopify/Product/15413725102465	Damen-Blazer	Damenmode
2026-10-02	gid://shopify/Product/15413726282113	Damen-Jumpsuit	Damenmode
2026-10-02	gid://shopify/Product/15413083111809	Damen-Top	Damenmode
2026-10-02	gid://shopify/Product/15413738996097	Damen-Top	Damenmode
2026-10-02	gid://shopify/Product/15422970167681	Bluse	Damenmode
2026-10-02	gid://shopify/Product/15421364928897	Rock	Damenmode
2026-10-02	gid://shopify/Product/15430344311169	Rock	Damenmode
2026-10-02	gid://shopify/Product/15430344409473	Rock	Damenmode
2026-10-02	gid://shopify/Product/15412752155009	Herren-Mode	Herrenmode
2026-10-02	gid://shopify/Product/15429955944833	Herren-Mode	Herrenmode
2026-10-02	gid://shopify/Product/15413245936001	Herren-Set	Herrenmode
2026-10-02	gid://shopify/Product/15421165601153	Herren-Set	Herrenmode
2026-10-02	gid://shopify/Product/15430444122497	Hemd	Herrenmode
2026-10-02	gid://shopify/Product/15430444155265	Polo	Herrenmode
2026-10-02	gid://shopify/Product/15422403051905	Pumps	Damenschuhe
2026-10-02	gid://shopify/Product/15422787453313	Ballerina	Damenschuhe
2026-10-02	gid://shopify/Product/15422788272513	Sandalette	Damenschuhe
2026-10-02	gid://shopify/Product/15422937792897	Sandalette	Damenschuhe
2026-10-02	gid://shopify/Product/15421166059905	Tasche	Taschen
2026-10-02	gid://shopify/Product/15421166092673	Tasche	Taschen
2026-10-02	gid://shopify/Product/15421502030209	Tasche	Taschen
2026-10-02	gid://shopify/Product/15428497047937	Tasche	Taschen
2026-10-02	gid://shopify/Product/15430233588097	Tasche	Taschen
2026-10-02	gid://shopify/Product/15430345425281	Tasche	Taschen
2026-10-02	gid://shopify/Product/15430345458049	Tasche	Taschen
2026-10-02	gid://shopify/Product/15430408438145	Tasche	Taschen
2026-10-02	gid://shopify/Product/15430694502785	Tasche	Taschen
2026-10-02	gid://shopify/Product/15430694797697	Tasche	Taschen
2026-10-02	gid://shopify/Product/15430695223681	Tasche	Taschen
2026-10-02	gid://shopify/Product/15430695256449	Tasche	Taschen
2026-10-02	gid://shopify/Product/15412302414209	Taschen & Reise	Taschen
2026-10-02	gid://shopify/Product/15412304806273	Taschen & Accessoires	Taschen
2026-10-02	gid://shopify/Product/15411024724353	Sonnenbrille	Sonnenbrillen
2026-10-02	gid://shopify/Product/15411024986497	Sonnenbrille	Sonnenbrillen
2026-10-02	gid://shopify/Product/15411025019265	Sonnenbrille	Sonnenbrillen
2026-10-02	gid://shopify/Product/15411025052033	Sonnenbrille	Sonnenbrillen
2026-10-02	gid://shopify/Product/15411025084801	Sonnenbrille	Sonnenbrillen
2026-10-02	gid://shopify/Product/15411025150337	Sonnenbrille	Sonnenbrillen
2026-10-02	gid://shopify/Product/15414490399105	Sonnenbrille	Sonnenbrillen
2026-10-02	gid://shopify/Product/15422037361025	Sonnenbrille	Sonnenbrillen
2026-10-02	gid://shopify/Product/15430408634753	Sonnenbrille	Sonnenbrillen
2026-10-02	gid://shopify/Product/15430408700289	Sonnenbrille	Sonnenbrillen
2026-10-02	gid://shopify/Product/15430694470017	Sonnenbrille	Sonnenbrillen
2026-10-02	gid://shopify/Product/15421167075713	Hut	Hüte & Caps
2026-10-02	gid://shopify/Product/15421564912001	Mütze	Hüte & Caps
2026-10-02	gid://shopify/Product/15412302446977	Haustier	Haustierbedarf
2026-10-02	gid://shopify/Product/15412677607809	Haustier	Haustierbedarf
2026-10-02	gid://shopify/Product/15429958336897	Haustier	Haustierbedarf
2026-10-02	gid://shopify/Product/15430167855489	Haustier	Haustierbedarf
2026-10-02	gid://shopify/Product/15430168117633	Haustier	Haustierbedarf
2026-10-02	gid://shopify/Product/15430245515649	Haustier	Haustierbedarf
2026-10-02	gid://shopify/Product/15431548633473	Haustier	Haustierbedarf
2026-10-02	gid://shopify/Product/15431548666241	Haustier	Haustierbedarf
2026-10-02	gid://shopify/Product/15431548699009	Haustier	Haustierbedarf
2026-10-02	gid://shopify/Product/15431548731777	Haustier	Haustierbedarf
2026-10-02	gid://shopify/Product/15431548764545	Haustier	Haustierbedarf
2026-10-02	gid://shopify/Product/15431548797313	Haustier	Haustierbedarf
2026-10-02	gid://shopify/Product/15431548830081	Haustier	Haustierbedarf
2026-10-02	gid://shopify/Product/15431548862849	Haustier	Haustierbedarf
2026-10-02	gid://shopify/Product/15431548895617	Haustier	Haustierbedarf
2026-10-02	gid://shopify/Product/15431639105921	Haustier	Haustierbedarf
2026-10-02	gid://shopify/Product/15431639138689	Haustier	Haustierbedarf
2026-10-02	gid://shopify/Product/15431639171457	Haustier	Haustierbedarf
2026-10-02	gid://shopify/Product/15431639204225	Haustier	Haustierbedarf
2026-10-02	gid://shopify/Product/15431639236993	Haustier	Haustierbedarf
2026-10-02	gid://shopify/Product/15431639269761	Haustier	Haustierbedarf
2026-10-02	gid://shopify/Product/15431639302529	Haustier	Haustierbedarf
2026-10-02	gid://shopify/Product/15431639335297	Haustier	Haustierbedarf
2026-10-02	gid://shopify/Product/15431809696129	Haustier	Haustierbedarf
2026-10-02	gid://shopify/Product/15431809728897	Haustier	Haustierbedarf
2026-10-02	gid://shopify/Product/15431809761665	Haustier	Haustierbedarf
2026-10-02	gid://shopify/Product/15431809794433	Haustier	Haustierbedarf
2026-10-02	gid://shopify/Product/15431809827201	Haustier	Haustierbedarf
2026-10-02	gid://shopify/Product/15431809859969	Haustier	Haustierbedarf
2026-10-02	gid://shopify/Product/15431809892737	Haustier	Haustierbedarf
2026-10-02	gid://shopify/Product/15431809925505	Haustier	Haustierbedarf
2026-10-02	gid://shopify/Product/15431809958273	Haustier	Haustierbedarf
2026-10-02	gid://shopify/Product/15431809991041	Haustier	Haustierbedarf
2026-10-02	gid://shopify/Product/15431810023809	Haustier	Haustierbedarf
2026-10-02	gid://shopify/Product/15431810056577	Haustier	Haustierbedarf
2026-10-02	gid://shopify/Product/15431810089345	Haustier	Haustierbedarf
2026-10-02	gid://shopify/Product/15431810122113	Haustier	Haustierbedarf
2026-10-02	gid://shopify/Product/15431810154881	Haustier	Haustierbedarf
2026-10-02	gid://shopify/Product/15431862452609	Haustier	Haustierbedarf
2026-10-02	gid://shopify/Product/15431862485377	Haustier	Haustierbedarf
2026-10-02	gid://shopify/Product/15431862518145	Haustier	Haustierbedarf
2026-10-02	gid://shopify/Product/15431862550913	Haustier	Haustierbedarf
2026-10-02	gid://shopify/Product/15431862583681	Haustier	Haustierbedarf
2026-10-02	gid://shopify/Product/15431862616449	Haustier	Haustierbedarf
2026-10-02	gid://shopify/Product/15431862649217	Haustier	Haustierbedarf
2026-10-02	gid://shopify/Product/15431862681985	Haustier	Haustierbedarf
2026-10-02	gid://shopify/Product/15431862714753	Haustier	Haustierbedarf
2026-10-02	gid://shopify/Product/15431862747521	Haustier	Haustierbedarf
2026-10-02	gid://shopify/Product/15431862780289	Haustier	Haustierbedarf
2026-10-02	gid://shopify/Product/15431862813057	Haustier	Haustierbedarf
2026-10-02	gid://shopify/Product/15431862878593	Haustier	Haustierbedarf
2026-10-02	gid://shopify/Product/15431862911361	Haustier	Haustierbedarf
2026-10-02	gid://shopify/Product/15431862944129	Haustier	Haustierbedarf
2026-10-02	gid://shopify/Product/15431862976897	Haustier	Haustierbedarf
2026-10-02	gid://shopify/Product/15431873036673	Haustier	Haustierbedarf
2026-10-02	gid://shopify/Product/15431873102209	Haustier	Haustierbedarf
2026-10-02	gid://shopify/Product/15431873134977	Haustier	Haustierbedarf
2026-10-02	gid://shopify/Product/15431873167745	Haustier	Haustierbedarf
2026-10-02	gid://shopify/Product/15431873233281	Haustier	Haustierbedarf
2026-10-02	gid://shopify/Product/15431873266049	Haustier	Haustierbedarf
2026-10-02	gid://shopify/Product/15431883063681	Haustier	Haustierbedarf
2026-10-02	gid://shopify/Product/15431883096449	Haustier	Haustierbedarf
2026-10-02	gid://shopify/Product/15431883129217	Haustier	Haustierbedarf
2026-10-02	gid://shopify/Product/15431883161985	Haustier	Haustierbedarf
2026-10-02	gid://shopify/Product/15431883194753	Haustier	Haustierbedarf
2026-10-02	gid://shopify/Product/15431883227521	Haustier	Haustierbedarf
2026-10-02	gid://shopify/Product/15431883260289	Haustier	Haustierbedarf
2026-10-02	gid://shopify/Product/15431883293057	Haustier	Haustierbedarf
2026-10-02	gid://shopify/Product/15431883325825	Haustier	Haustierbedarf
2026-10-02	gid://shopify/Product/15431883391361	Haustier	Haustierbedarf
2026-10-02	gid://shopify/Product/15431883424129	Haustier	Haustierbedarf
2026-10-02	gid://shopify/Product/15431883489665	Haustier	Haustierbedarf
2026-10-02	gid://shopify/Product/15431883522433	Haustier	Haustierbedarf
2026-10-02	gid://shopify/Product/15431883555201	Haustier	Haustierbedarf
2026-10-02	gid://shopify/Product/15431883587969	Haustier	Haustierbedarf
2026-10-02	gid://shopify/Product/15431883620737	Haustier	Haustierbedarf
2026-10-02	gid://shopify/Product/15431883653505	Haustier	Haustierbedarf
2026-10-02	gid://shopify/Product/15431883686273	Haustier	Haustierbedarf
2026-10-02	gid://shopify/Product/15431883719041	Haustier	Haustierbedarf
2026-10-02	gid://shopify/Product/15431930478977	Haustier	Haustierbedarf
2026-10-02	gid://shopify/Product/15433870639489	Haustier	Haustierbedarf
2026-10-02	gid://shopify/Product/15433870770561	Haustier	Haustierbedarf
2026-10-02	gid://shopify/Product/15433870803329	Haustier	Haustierbedarf
2026-10-02	gid://shopify/Product/15433870901633	Haustier	Haustierbedarf
2026-10-02	gid://shopify/Product/15433870934401	Haustier	Haustierbedarf
2026-10-02	gid://shopify/Product/15433903341953	Haustier	Haustierbedarf
2026-10-02	gid://shopify/Product/15433903374721	Haustier	Haustierbedarf
2026-10-02	gid://shopify/Product/15433903407489	Haustier	Haustierbedarf
2026-10-02	gid://shopify/Product/15433903440257	Haustier	Haustierbedarf
2026-10-02	gid://shopify/Product/15433903473025	Haustier	Haustierbedarf
2026-10-02	gid://shopify/Product/15433903505793	Haustier	Haustierbedarf
2026-10-02	gid://shopify/Product/15433903538561	Haustier	Haustierbedarf
2026-10-02	gid://shopify/Product/15433903571329	Haustier	Haustierbedarf
2026-10-02	gid://shopify/Product/15433903604097	Haustier	Haustierbedarf
2026-10-02	gid://shopify/Product/15433915498881	Haustier	Haustierbedarf
2026-10-02	gid://shopify/Product/15433915531649	Haustier	Haustierbedarf
2026-10-02	gid://shopify/Product/15433915564417	Haustier	Haustierbedarf
2026-10-02	gid://shopify/Product/15433915597185	Haustier	Haustierbedarf
2026-10-02	gid://shopify/Product/15433915629953	Haustier	Haustierbedarf
2026-10-02	gid://shopify/Product/15433915662721	Haustier	Haustierbedarf
2026-10-02	gid://shopify/Product/15433915695489	Haustier	Haustierbedarf
2026-10-02	gid://shopify/Product/15433915728257	Haustier	Haustierbedarf
2026-10-02	gid://shopify/Product/15433915761025	Haustier	Haustierbedarf
2026-10-02	gid://shopify/Product/15433915793793	Haustier	Haustierbedarf
2026-10-02	gid://shopify/Product/15433938829697	Haustier	Haustierbedarf
2026-10-02	gid://shopify/Product/15433938862465	Haustier	Haustierbedarf
2026-10-02	gid://shopify/Product/15433938895233	Haustier	Haustierbedarf
2026-10-02	gid://shopify/Product/15433938928001	Haustier	Haustierbedarf
2026-10-02	gid://shopify/Product/15433938960769	Haustier	Haustierbedarf
2026-10-02	gid://shopify/Product/15433938993537	Haustier	Haustierbedarf
2026-10-02	gid://shopify/Product/15433939026305	Haustier	Haustierbedarf
2026-10-02	gid://shopify/Product/15433939059073	Haustier	Haustierbedarf
2026-10-02	gid://shopify/Product/15433939157377	Haustier	Haustierbedarf
2026-10-02	gid://shopify/Product/15433939190145	Haustier	Haustierbedarf
2026-10-02	gid://shopify/Product/15434089726337	Haustier	Haustierbedarf
2026-10-02	gid://shopify/Product/15434089759105	Haustier	Haustierbedarf
2026-10-02	gid://shopify/Product/15434089791873	Haustier	Haustierbedarf
2026-10-02	gid://shopify/Product/15434089824641	Haustier	Haustierbedarf
2026-10-02	gid://shopify/Product/15434089857409	Haustier	Haustierbedarf
2026-10-02	gid://shopify/Product/15434089890177	Haustier	Haustierbedarf
2026-10-02	gid://shopify/Product/15434089922945	Haustier	Haustierbedarf
2026-10-02	gid://shopify/Product/15434089955713	Haustier	Haustierbedarf
2026-10-02	gid://shopify/Product/15434089988481	Haustier	Haustierbedarf
2026-10-02	gid://shopify/Product/15434090021249	Haustier	Haustierbedarf
2026-10-02	gid://shopify/Product/15434098180481	Haustier	Haustierbedarf
2026-10-02	gid://shopify/Product/15434098213249	Haustier	Haustierbedarf
2026-10-02	gid://shopify/Product/15434098246017	Haustier	Haustierbedarf
2026-10-02	gid://shopify/Product/15434098278785	Haustier	Haustierbedarf
2026-10-02	gid://shopify/Product/15434098311553	Haustier	Haustierbedarf
2026-10-02	gid://shopify/Product/15434098409857	Haustier	Haustierbedarf
2026-10-02	gid://shopify/Product/15434098442625	Haustier	Haustierbedarf
2026-10-02	gid://shopify/Product/15434098475393	Haustier	Haustierbedarf
2026-10-02	gid://shopify/Product/15434098508161	Haustier	Haustierbedarf
2026-10-02	gid://shopify/Product/15434098540929	Haustier	Haustierbedarf
2026-10-02	gid://shopify/Product/15434474979713	Haustier	Haustierbedarf
2026-10-02	gid://shopify/Product/15434475045249	Haustier	Haustierbedarf
2026-10-02	gid://shopify/Product/15434475078017	Haustier	Haustierbedarf
2026-10-02	gid://shopify/Product/15434475110785	Haustier	Haustierbedarf
2026-10-02	gid://shopify/Product/15434475176321	Haustier	Haustierbedarf
2026-10-02	gid://shopify/Product/15434475209089	Haustier	Haustierbedarf
2026-10-02	gid://shopify/Product/15434475274625	Haustier	Haustierbedarf
2026-10-02	gid://shopify/Product/15434475307393	Haustier	Haustierbedarf
2026-10-02	gid://shopify/Product/15434475372929	Haustier	Haustierbedarf
2026-10-02	gid://shopify/Product/15434475405697	Haustier	Haustierbedarf
2026-10-02	gid://shopify/Product/15434936746369	Haustier	Haustierbedarf
2026-10-02	gid://shopify/Product/15434936779137	Haustier	Haustierbedarf
2026-10-02	gid://shopify/Product/15434936811905	Haustier	Haustierbedarf
2026-10-02	gid://shopify/Product/15434936877441	Haustier	Haustierbedarf
2026-10-02	gid://shopify/Product/15434936942977	Haustier	Haustierbedarf
2026-10-02	gid://shopify/Product/15434936975745	Haustier	Haustierbedarf
2026-10-02	gid://shopify/Product/15434937008513	Haustier	Haustierbedarf
2026-10-02	gid://shopify/Product/15434937074049	Haustier	Haustierbedarf
2026-10-02	gid://shopify/Product/15435155308929	Haustier	Haustierbedarf
2026-10-02	gid://shopify/Product/15435155341697	Haustier	Haustierbedarf
2026-10-02	gid://shopify/Product/15435155374465	Haustier	Haustierbedarf
2026-10-02	gid://shopify/Product/15435155440001	Haustier	Haustierbedarf
2026-10-02	gid://shopify/Product/15435155472769	Haustier	Haustierbedarf
2026-10-02	gid://shopify/Product/15435155505537	Haustier	Haustierbedarf
2026-10-02	gid://shopify/Product/15435268620673	Haustier	Haustierbedarf
2026-10-02	gid://shopify/Product/15435877286273	Haustier	Haustierbedarf
2026-10-02	gid://shopify/Product/15435877450113	Haustier	Haustierbedarf
2026-10-02	gid://shopify/Product/15435939152257	Haustier	Haustierbedarf
2026-10-02	gid://shopify/Product/15435939185025	Haustier	Haustierbedarf
2026-10-02	gid://shopify/Product/15435939217793	Haustier	Haustierbedarf
2026-10-02	gid://shopify/Product/15435939250561	Haustier	Haustierbedarf
2026-10-02	gid://shopify/Product/15435939283329	Haustier	Haustierbedarf
2026-10-02	gid://shopify/Product/15435943870849	Haustier	Haustierbedarf
2026-10-02	gid://shopify/Product/15435943903617	Haustier	Haustierbedarf
2026-10-02	gid://shopify/Product/15435943936385	Haustier	Haustierbedarf
2026-10-02	gid://shopify/Product/15435943969153	Haustier	Haustierbedarf
2026-10-02	gid://shopify/Product/15438644642177	Haustier	Haustierbedarf
2026-10-02	gid://shopify/Product/15438644707713	Haustier	Haustierbedarf
2026-10-02	gid://shopify/Product/15438644740481	Haustier	Haustierbedarf
2026-10-02	gid://shopify/Product/15438644773249	Haustier	Haustierbedarf
2026-10-02	gid://shopify/Product/15442121720193	Haustier	Haustierbedarf
2026-10-02	gid://shopify/Product/15442121851265	Haustier	Haustierbedarf
2026-10-02	gid://shopify/Product/15442122015105	Haustier	Haustierbedarf
2026-10-02	gid://shopify/Product/15442217107841	Haustier	Haustierbedarf
2026-10-02	gid://shopify/Product/15442217304449	Haustier	Haustierbedarf
2026-10-02	gid://shopify/Product/15442217435521	Haustier	Haustierbedarf
2026-10-02	gid://shopify/Product/15442305843585	Haustier	Haustierbedarf
2026-10-02	gid://shopify/Product/15442305876353	Haustier	Haustierbedarf
2026-10-02	gid://shopify/Product/15442305909121	Haustier	Haustierbedarf
2026-10-02	gid://shopify/Product/15449124077953	Haustier	Haustierbedarf
2026-10-02	gid://shopify/Product/15449124143489	Haustier	Haustierbedarf
2026-10-02	gid://shopify/Product/15449124241793	Haustier	Haustierbedarf
2026-10-02	gid://shopify/Product/15449124340097	Haustier	Haustierbedarf
2026-10-02	gid://shopify/Product/15449124503937	Haustier	Haustierbedarf
2026-10-02	gid://shopify/Product/15449124569473	Haustier	Haustierbedarf
2026-10-02	gid://shopify/Product/15412299661697	Haustier & Sommer	Haustierbedarf
2026-10-02	gid://shopify/Product/15411041304961	Wellness	Wellness & Spa
2026-10-02	gid://shopify/Product/15411041337729	Wellness	Wellness & Spa
2026-10-02	gid://shopify/Product/15411041370497	Wellness	Wellness & Spa
2026-10-02	gid://shopify/Product/15411041501569	Wellness	Wellness & Spa
2026-10-02	gid://shopify/Product/15411044450689	Wellness	Wellness & Spa
2026-10-02	gid://shopify/Product/15411044483457	Wellness	Wellness & Spa
2026-10-02	gid://shopify/Product/15411044516225	Wellness	Wellness & Spa
2026-10-02	gid://shopify/Product/15411044548993	Wellness	Wellness & Spa
2026-10-02	gid://shopify/Product/15411203604865	Wellness	Wellness & Spa
2026-10-02	gid://shopify/Product/15411203670401	Wellness	Wellness & Spa
2026-10-02	gid://shopify/Product/15411203703169	Wellness	Wellness & Spa
2026-10-02	gid://shopify/Product/15411203735937	Wellness	Wellness & Spa
2026-10-02	gid://shopify/Product/15411203768705	Wellness	Wellness & Spa
2026-10-02	gid://shopify/Product/15411203801473	Wellness	Wellness & Spa
2026-10-02	gid://shopify/Product/15411203834241	Wellness	Wellness & Spa
2026-10-02	gid://shopify/Product/15411203867009	Wellness	Wellness & Spa
2026-10-02	gid://shopify/Product/15411203899777	Wellness	Wellness & Spa
2026-10-02	gid://shopify/Product/15411203932545	Wellness	Wellness & Spa
2026-10-02	gid://shopify/Product/15412959773057	Wellness	Wellness & Spa
2026-10-02	gid://shopify/Product/15412959805825	Wellness	Wellness & Spa
2026-10-02	gid://shopify/Product/15429958238593	Bad & Wellness	Wellness & Spa
2026-10-02	gid://shopify/Product/15430238634369	Bad & Wellness	Wellness & Spa
2026-10-02	gid://shopify/Product/15412297007489	Garten & Beleuchtung	Garten & Pflanzen
2026-10-02	gid://shopify/Product/15412297073025	Garten & Beleuchtung	Garten & Pflanzen
2026-10-02	gid://shopify/Product/15432179515777	Gartenwerkzeug	Garten & Pflanzen
2026-10-02	gid://shopify/Product/15432179548545	Gartenwerkzeug	Garten & Pflanzen
2026-10-02	gid://shopify/Product/15433461203329	Gartenwerkzeug	Garten & Pflanzen
2026-10-02	gid://shopify/Product/15433461268865	Gartenwerkzeug	Garten & Pflanzen
2026-10-02	gid://shopify/Product/15433464283521	Gartenwerkzeug	Garten & Pflanzen
2026-10-02	gid://shopify/Product/15524080484737	Gartenwerkzeug	Garten & Pflanzen
2026-10-02	gid://shopify/Product/15413086323073	Trinkflasche	Trinkflaschen
2026-10-02	gid://shopify/Product/15401477177729	Geschenkbundle	Geschenkset
2026-10-02	gid://shopify/Product/15401499722113	Geschenkbundle	Geschenkset
2026-10-02	gid://shopify/Product/15401594061185	Geschenkbundle	Geschenkset
2026-10-02	gid://shopify/Product/15401980789121	Geschenkbundle	Geschenkset
2026-10-02	gid://shopify/Product/15401981018497	Geschenkbundle	Geschenkset
2026-10-02	gid://shopify/Product/15402554229121	Geschenkbundle	Geschenkset
2026-10-02	gid://shopify/Product/15402554294657	Geschenkbundle	Geschenkset
2026-10-02	gid://shopify/Product/15404297060737	Geschenkbundle	Geschenkset
2026-10-02	gid://shopify/Product/15404297224577	Geschenkbundle	Geschenkset
2026-10-02	gid://shopify/Product/15404297290113	Geschenkbundle	Geschenkset
2026-10-02	gid://shopify/Product/15405098598785	Geschenkbundle	Geschenkset
2026-10-02	gid://shopify/Product/15406148026753	Geschenkbundle	Geschenkset
2026-10-02	gid://shopify/Product/15406149566849	Geschenkbundle	Geschenkset
2026-10-02	gid://shopify/Product/15406151106945	Geschenkbundle	Geschenkset
2026-10-02	gid://shopify/Product/15408458498433	Geschenkbundle	Geschenkset
2026-10-02	gid://shopify/Product/15408458531201	Geschenkbundle	Geschenkset
2026-10-02	gid://shopify/Product/15408458563969	Geschenkbundle	Geschenkset
2026-10-02	gid://shopify/Product/15411020005761	Audio	Elektronik
2026-10-02	gid://shopify/Product/15411026264449	Audio	Elektronik
2026-10-02	gid://shopify/Product/15411037962625	Audio	Elektronik
2026-10-02	gid://shopify/Product/15411038552449	Audio	Elektronik
2026-10-02	gid://shopify/Product/15411038585217	Audio	Elektronik
2026-10-02	gid://shopify/Product/15411563823489	Audio	Elektronik
2026-10-02	gid://shopify/Product/15411564446081	Audio	Elektronik
2026-10-02	gid://shopify/Product/15430179651969	Audio	Elektronik
2026-10-02	gid://shopify/Product/15431539786113	Audio	Elektronik
2026-10-02	gid://shopify/Product/15431539818881	Audio	Elektronik
2026-10-02	gid://shopify/Product/15431539851649	Audio	Elektronik
2026-10-02	gid://shopify/Product/15435119624577	Audio	Elektronik
2026-10-02	gid://shopify/Product/15435119657345	Audio	Elektronik
2026-10-02	gid://shopify/Product/15435119690113	Audio	Elektronik
2026-10-02	gid://shopify/Product/15435119722881	Audio	Elektronik
2026-10-02	gid://shopify/Product/15435119755649	Audio	Elektronik
2026-10-02	gid://shopify/Product/15435119821185	Audio	Elektronik
2026-10-02	gid://shopify/Product/15435119853953	Audio	Elektronik
2026-10-02	gid://shopify/Product/15435119886721	Audio	Elektronik
2026-10-02	gid://shopify/Product/15435145249153	Audio	Elektronik
2026-10-02	gid://shopify/Product/15435145281921	Audio	Elektronik
2026-10-02	gid://shopify/Product/15435145314689	Audio	Elektronik
2026-10-02	gid://shopify/Product/15435145347457	Audio	Elektronik
2026-10-02	gid://shopify/Product/15435145380225	Audio	Elektronik
2026-10-02	gid://shopify/Product/15435145412993	Audio	Elektronik
2026-10-02	gid://shopify/Product/15435171070337	Audio	Elektronik
2026-10-02	gid://shopify/Product/15435171103105	Audio	Elektronik
2026-10-02	gid://shopify/Product/15435171135873	Audio	Elektronik
2026-10-02	gid://shopify/Product/15435171168641	Audio	Elektronik
2026-10-02	gid://shopify/Product/15435171201409	Audio	Elektronik
2026-10-02	gid://shopify/Product/15435177656705	Audio	Elektronik
2026-10-02	gid://shopify/Product/15435177689473	Audio	Elektronik
2026-10-02	gid://shopify/Product/15435177722241	Audio	Elektronik
2026-10-02	gid://shopify/Product/15435177755009	Audio	Elektronik
2026-10-02	gid://shopify/Product/15435177787777	Audio	Elektronik
2026-10-02	gid://shopify/Product/15435190436225	Audio	Elektronik
2026-10-02	gid://shopify/Product/15435190468993	Audio	Elektronik
2026-10-02	gid://shopify/Product/15435190501761	Audio	Elektronik
2026-10-02	gid://shopify/Product/15435190534529	Audio	Elektronik
2026-10-02	gid://shopify/Product/15435190567297	Audio	Elektronik
2026-10-02	gid://shopify/Product/15435232018817	Audio	Elektronik
2026-10-02	gid://shopify/Product/15435232084353	Audio	Elektronik
2026-10-02	gid://shopify/Product/15435232117121	Audio	Elektronik
2026-10-02	gid://shopify/Product/15435232149889	Audio	Elektronik
2026-10-02	gid://shopify/Product/15435232182657	Audio	Elektronik
2026-10-02	gid://shopify/Product/15435244241281	Audio	Elektronik
2026-10-02	gid://shopify/Product/15435244274049	Audio	Elektronik
2026-10-02	gid://shopify/Product/15435244306817	Audio	Elektronik
2026-10-02	gid://shopify/Product/15435244339585	Audio	Elektronik
2026-10-02	gid://shopify/Product/15435244372353	Audio	Elektronik
2026-10-02	gid://shopify/Product/15435373379969	Audio	Elektronik
2026-10-02	gid://shopify/Product/15435373412737	Audio	Elektronik
2026-10-02	gid://shopify/Product/15435373445505	Audio	Elektronik
2026-10-02	gid://shopify/Product/15435373478273	Audio	Elektronik
2026-10-02	gid://shopify/Product/15435373511041	Audio	Elektronik
2026-10-02	gid://shopify/Product/15435414274433	Audio	Elektronik
2026-10-02	gid://shopify/Product/15435414307201	Audio	Elektronik
2026-10-02	gid://shopify/Product/15435414339969	Audio	Elektronik
2026-10-02	gid://shopify/Product/15435414372737	Audio	Elektronik
2026-10-02	gid://shopify/Product/15435414405505	Audio	Elektronik
2026-10-02	gid://shopify/Product/15435891212673	Audio	Elektronik
2026-10-02	gid://shopify/Product/15435891278209	Audio	Elektronik
2026-10-02	gid://shopify/Product/15435891376513	Audio	Elektronik
2026-10-02	gid://shopify/Product/15435891442049	Audio	Elektronik
2026-10-02	gid://shopify/Product/15436365955457	Audio	Elektronik
2026-10-02	gid://shopify/Product/15436365988225	Audio	Elektronik
2026-10-02	gid://shopify/Product/15436366020993	Audio	Elektronik
2026-10-02	gid://shopify/Product/15436366053761	Audio	Elektronik
2026-10-02	gid://shopify/Product/15438234485121	Audio	Elektronik
2026-10-02	gid://shopify/Product/15438234550657	Audio	Elektronik
2026-10-02	gid://shopify/Product/15438234616193	Audio	Elektronik
2026-10-02	gid://shopify/Product/15438329774465	Audio	Elektronik
2026-10-02	gid://shopify/Product/15438329872769	Audio	Elektronik
2026-10-02	gid://shopify/Product/15438329905537	Audio	Elektronik
2026-10-02	gid://shopify/Product/15438329971073	Audio	Elektronik
2026-10-02	gid://shopify/Product/15438549483905	Audio	Elektronik
2026-10-02	gid://shopify/Product/15438549516673	Audio	Elektronik
2026-10-02	gid://shopify/Product/15438549549441	Audio	Elektronik
2026-10-02	gid://shopify/Product/15438549614977	Audio	Elektronik
2026-10-02	gid://shopify/Product/15438661026177	Audio	Elektronik
2026-10-02	gid://shopify/Product/15438661058945	Audio	Elektronik
2026-10-02	gid://shopify/Product/15438661124481	Audio	Elektronik
2026-10-02	gid://shopify/Product/15439173878145	Audio	Elektronik
2026-10-02	gid://shopify/Product/15439173910913	Audio	Elektronik
2026-10-02	gid://shopify/Product/15439173943681	Audio	Elektronik
2026-10-02	gid://shopify/Product/15439173976449	Audio	Elektronik
2026-10-02	gid://shopify/Product/15439230763393	Audio	Elektronik
2026-10-02	gid://shopify/Product/15439230861697	Audio	Elektronik
2026-10-02	gid://shopify/Product/15439230894465	Audio	Elektronik
2026-10-02	gid://shopify/Product/15439230927233	Audio	Elektronik
2026-10-02	gid://shopify/Product/15439230960001	Audio	Elektronik
2026-10-02	gid://shopify/Product/15440877650305	Audio	Elektronik
2026-10-02	gid://shopify/Product/15440877683073	Audio	Elektronik
2026-10-02	gid://shopify/Product/15440877715841	Audio	Elektronik
2026-10-02	gid://shopify/Product/15440877748609	Audio	Elektronik
2026-10-02	gid://shopify/Product/15440914940289	Audio	Elektronik
2026-10-02	gid://shopify/Product/15440914973057	Audio	Elektronik
2026-10-02	gid://shopify/Product/15440915005825	Audio	Elektronik
2026-10-02	gid://shopify/Product/15440915071361	Audio	Elektronik
2026-10-02	gid://shopify/Product/15440920215937	Audio	Elektronik
2026-10-02	gid://shopify/Product/15440920248705	Audio	Elektronik
2026-10-02	gid://shopify/Product/15440920281473	Audio	Elektronik
2026-10-02	gid://shopify/Product/15440920314241	Audio	Elektronik
2026-10-02	gid://shopify/Product/15440935616897	Audio	Elektronik
2026-10-02	gid://shopify/Product/15440935682433	Audio	Elektronik
2026-10-02	gid://shopify/Product/15440935715201	Audio	Elektronik
2026-10-02	gid://shopify/Product/15440935747969	Audio	Elektronik
2026-10-02	gid://shopify/Product/15442010734977	Audio	Elektronik
2026-10-02	gid://shopify/Product/15442010767745	Audio	Elektronik
2026-10-02	gid://shopify/Product/15442010833281	Audio	Elektronik
2026-10-02	gid://shopify/Product/15442245943681	Audio	Elektronik
2026-10-02	gid://shopify/Product/15442246009217	Audio	Elektronik
2026-10-02	gid://shopify/Product/15442246041985	Audio	Elektronik
2026-10-02	gid://shopify/Product/15442284642689	Audio	Elektronik
2026-10-02	gid://shopify/Product/15442284675457	Audio	Elektronik
2026-10-02	gid://shopify/Product/15442284708225	Audio	Elektronik
2026-10-02	gid://shopify/Product/15446127477121	Audio	Elektronik
2026-10-02	gid://shopify/Product/15446127575425	Audio	Elektronik
2026-10-02	gid://shopify/Product/15446130262401	Audio	Elektronik
2026-10-02	gid://shopify/Product/15446130426241	Audio	Elektronik
2026-10-02	gid://shopify/Product/15446139601281	Audio	Elektronik
2026-10-02	gid://shopify/Product/15446277226881	Audio	Elektronik
