gruppe,product_id,admin_url,title,vendor,sku
safety,15397218320769,https://admin.shopify.com/store/au3j0y-hq/products/15397218320769,"Silikon Baby-Lätzchen 5er-Set · BPA-frei, Spülmaschinenfest",LuxeStyle,BABY-BIB-001
safety,15397247484289,https://admin.shopify.com/store/au3j0y-hq/products/15397247484289,Sternenhimmel Projektor · Baby Nachtlicht mit Musik,LuxeStyle,PROJ-PANDA-001
safety,15411026067841,https://admin.shopify.com/store/au3j0y-hq/products/15411026067841,Wasserdichte Handytasche · Strand & Schwimmen,LuxeStyle,
safety,15411028558209,https://admin.shopify.com/store/au3j0y-hq/products/15411028558209,Aufblasbare Pool-Liege · Lounge XL,LuxeStyle,
safety,15411033145729,https://admin.shopify.com/store/au3j0y-hq/products/15411033145729,Aufblasbarer Schwimmring XL · Pool-Float,LuxeStyle,
safety,15411033178497,https://admin.shopify.com/store/au3j0y-hq/products/15411033178497,Strandball-Set · Aufblasbar Wasserspass,LuxeStyle,
safety,15411036356993,https://admin.shopify.com/store/au3j0y-hq/products/15411036356993,Schwimmbrille Anti-Fog · UV-Schutz,LuxeStyle,
safety,15411202064769,https://admin.shopify.com/store/au3j0y-hq/products/15411202064769,Schwimmender Pool-Trinkhalter 6er-Set,LuxeStyle,
safety,15411202130305,https://admin.shopify.com/store/au3j0y-hq/products/15411202130305,Aufblasbare Pool-Insel XL für 4 Personen,LuxeStyle,
safety,15411202326913,https://admin.shopify.com/store/au3j0y-hq/products/15411202326913,Schwimmender Pool-Basketball-Korb,LuxeStyle,
safety,15411202392449,https://admin.shopify.com/store/au3j0y-hq/products/15411202392449,Floating Cooler XL Schwimmende Kühlbox,LuxeStyle,
safety,15411203408257,https://admin.shopify.com/store/au3j0y-hq/products/15411203408257,Lern-Tablet Kinder ab 3 Jahren,LuxeStyle,
safety,15422941299073,https://admin.shopify.com/store/au3j0y-hq/products/15422941299073,Baby-Jersey-Body – Selbst gestalten,LuxeStyle,7558517_22151
dublette,15427243180417,https://admin.shopify.com/store/au3j0y-hq/products/15427243180417,Sticker «Snake»,LuxeStyle,9000001_10163
dublette,15427243835777,https://admin.shopify.com/store/au3j0y-hq/products/15427243835777,Sticker «Snake»,LuxeStyle,9000001_10163
dublette,15427280404865,https://admin.shopify.com/store/au3j0y-hq/products/15427280404865,T-Shirt «Fondue»,LuxeStyle,9000001_4011
dublette,15427280437633,https://admin.shopify.com/store/au3j0y-hq/products/15427280437633,Tasse «Fondue»,LuxeStyle,9000001_1320
dublette,15427280896385,https://admin.shopify.com/store/au3j0y-hq/products/15427280896385,Tasse «Hoi»,LuxeStyle,9000001_1320
dublette,15427280929153,https://admin.shopify.com/store/au3j0y-hq/products/15427280929153,T-Shirt «Hoi»,LuxeStyle,9000001_4011
dublette,15427280961921,https://admin.shopify.com/store/au3j0y-hq/products/15427280961921,T-Shirt «Matterhorn»,LuxeStyle,9000001_4011
dublette,15427280994689,https://admin.shopify.com/store/au3j0y-hq/products/15427280994689,Tasse «Matterhorn»,LuxeStyle,9000001_1320
dublette,15427281027457,https://admin.shopify.com/store/au3j0y-hq/products/15427281027457,T-Shirt «Merci»,LuxeStyle,9000001_4011
dublette,15427281060225,https://admin.shopify.com/store/au3j0y-hq/products/15427281060225,Tasse «Merci»,LuxeStyle,9000001_1320
dublette,15427281781121,https://admin.shopify.com/store/au3j0y-hq/products/15427281781121,T-Shirt «Fondue»,LuxeStyle,9000001_4011
dublette,15427281813889,https://admin.shopify.com/store/au3j0y-hq/products/15427281813889,Tasse «Fondue»,LuxeStyle,9000001_1320
dublette,15427281846657,https://admin.shopify.com/store/au3j0y-hq/products/15427281846657,Tasse «Matterhorn»,LuxeStyle,9000001_1320
dublette,15427281879425,https://admin.shopify.com/store/au3j0y-hq/products/15427281879425,T-Shirt «Matterhorn»,LuxeStyle,9000001_4011
dublette,15427282174337,https://admin.shopify.com/store/au3j0y-hq/products/15427282174337,Tasse «Hoi»,LuxeStyle,9000001_1320
dublette,15427282207105,https://admin.shopify.com/store/au3j0y-hq/products/15427282207105,T-Shirt «Hoi»,LuxeStyle,9000001_4011
dublette,15427282305409,https://admin.shopify.com/store/au3j0y-hq/products/15427282305409,T-Shirt «Merci»,LuxeStyle,9000001_4011
dublette,15427282338177,https://admin.shopify.com/store/au3j0y-hq/products/15427282338177,Tasse «Merci»,LuxeStyle,9000001_1320
marke,15431327220097,https://admin.shopify.com/store/au3j0y-hq/products/15431327220097,Dolce & Gabbana «Light Blue» Eau de Toilette · 25 ml,Dolce & Gabbana,bb-S05149881
marke,15431327252865,https://admin.shopify.com/store/au3j0y-hq/products/15431327252865,Dolce & Gabbana «The One» Eau de Parfum · 50 ml,Dolce & Gabbana,bb-S05150676
marke,15431327318401,https://admin.shopify.com/store/au3j0y-hq/products/15431327318401,Lancôme Miniatur-Set · 4 Damen-Düfte,Lancôme,bb-S05151xx-lancome
marke,15431327351169,https://admin.shopify.com/store/au3j0y-hq/products/15431327351169,Etat Libre d'Orange «Sous Le Pont Mirabeau» · Unisex 100 ml,Etat Libre d'Orange,bb-S8315004
marke,15431327383937,https://admin.shopify.com/store/au3j0y-hq/products/15431327383937,Sensilis «Encore un Soir» Eau de Toilette · 100 ml,Sensilis,bb-1298946
marke,15431327416705,https://admin.shopify.com/store/au3j0y-hq/products/15431327416705,Radiant · Damenring Edelstahl,Radiant,bb-S7253180
marke,15431327613313,https://admin.shopify.com/store/au3j0y-hq/products/15431327613313,Police · Herren-Armband Edelstahl,Police,bb-S0380891
marke,15431327678849,https://admin.shopify.com/store/au3j0y-hq/products/15431327678849,Panarea · Damenring,Panarea,bb-1295940
marke,15431327711617,https://admin.shopify.com/store/au3j0y-hq/products/15431327711617,One Jewels · Herren-Armband Schwarz,One Jewels,bb-S72140414
marke,15431329087873,https://admin.shopify.com/store/au3j0y-hq/products/15431329087873,Radiant · Damenuhr Roségold,Radiant,bb-S0800467
marke,15431329186177,https://admin.shopify.com/store/au3j0y-hq/products/15431329186177,Casio · Damenuhr Edelstahl Blau,Casio,bb-S0398165
marke,15431329218945,https://admin.shopify.com/store/au3j0y-hq/products/15431329218945,Bellevue · Damenuhr Gold mit Kristallen,Bellevue,bb-S0800574
marke,15431329317249,https://admin.shopify.com/store/au3j0y-hq/products/15431329317249,Pierre Cardin · Herrenuhr Roségold Leder,Pierre Cardin,bb-S0397204
marke,15431329350017,https://admin.shopify.com/store/au3j0y-hq/products/15431329350017,Guess · Herrenuhr Gold-Silber,Guess,bb-S0397637
marke,15431330529665,https://admin.shopify.com/store/au3j0y-hq/products/15431330529665,Radiant · Damen-Halskette Edelstahl,Radiant,bb-S0800716
marke,15431330562433,https://admin.shopify.com/store/au3j0y-hq/products/15431330562433,Breil · Halskette mit Anhänger,Breil,bb-S0800592
marke,15431330595201,https://admin.shopify.com/store/au3j0y-hq/products/15431330595201,Cristian Lay · Damen-Ohrringe,Cristian Lay,bb-S0800442
marke,15431330627969,https://admin.shopify.com/store/au3j0y-hq/products/15431330627969,Radiant · Damen-Ohrringe mit Kristallen,Radiant,bb-S0800620
marke,15431330660737,https://admin.shopify.com/store/au3j0y-hq/products/15431330660737,Tommy Hilfiger · Damen-Ohrringe Edelstahl,Tommy Hilfiger,bb-S0800645
marke,15431330890113,https://admin.shopify.com/store/au3j0y-hq/products/15431330890113,Fila · Sonnenbrille Verspiegelt UV400,Fila,bb-S0800627
marke,15431331021185,https://admin.shopify.com/store/au3j0y-hq/products/15431331021185,Reebok · Crossbody-Tasche Newport,Reebok,bb-S64199851
marke,15431332725121,https://admin.shopify.com/store/au3j0y-hq/products/15431332725121,Atkinsons «English Lavender» Eau de Toilette · 75 ml,Atkinsons,bb-M0127385
marke,15431332757889,https://admin.shopify.com/store/au3j0y-hq/products/15431332757889,Jacomo Paris «For Her» Eau de Parfum · 100 ml,Jacomo,bb-M0127757
marke,15431332823425,https://admin.shopify.com/store/au3j0y-hq/products/15431332823425,Floris «Cefiro» Eau de Toilette · Unisex 50 ml,Floris London,bb-M0120063
marke,15431332856193,https://admin.shopify.com/store/au3j0y-hq/products/15431332856193,Le Couvent «Remarquable» Eau de Parfum · Unisex,Le Couvent des Minimes,bb-M0126877
marke,15431332888961,https://admin.shopify.com/store/au3j0y-hq/products/15431332888961,Yves Saint Laurent «L'Homme Cologne Bleue» · Herren,Yves Saint Laurent,bb-M0122532
marke,15431333020033,https://admin.shopify.com/store/au3j0y-hq/products/15431333020033,Adore · Damen-Armreif Gold,Adore,bb-S0800548
marke,15431333085569,https://admin.shopify.com/store/au3j0y-hq/products/15431333085569,Don Algodon · Damen-Umhängetasche,Don Algodon,bb-S4522836
marke,15431334986113,https://admin.shopify.com/store/au3j0y-hq/products/15431334986113,Olivia Burton · Damenuhr Floral Roségold,Olivia Burton,bb-S0396790
marke,15431335018881,https://admin.shopify.com/store/au3j0y-hq/products/15431335018881,Lorus · Herrenuhr Lederband,Lorus,bb-S0398464
marke,15431335117185,https://admin.shopify.com/store/au3j0y-hq/products/15431335117185,Kenzo «Amour» Eau de Parfum · 50 ml,Kenzo,bb-S0800724
marke,15431335149953,https://admin.shopify.com/store/au3j0y-hq/products/15431335149953,Elie Saab «Elixir» Eau de Parfum · 30 ml,Elie Saab,bb-S05152026
marke,15431335215489,https://admin.shopify.com/store/au3j0y-hq/products/15431335215489,Antonio Banderas «The Icon» Herren-Set,Antonio Banderas,bb-S05148808
marke,15431335248257,https://admin.shopify.com/store/au3j0y-hq/products/15431335248257,Swiss Arabian «Rose» Eau de Parfum · 50 ml,Swiss Arabian,bb-S05151888
marke,15431335510401,https://admin.shopify.com/store/au3j0y-hq/products/15431335510401,Michael Kors · Rucksack Himbeer-Rosé,Michael Kors,bb-S0396038
marke,15431342883201,https://admin.shopify.com/store/au3j0y-hq/products/15431342883201,L'Oréal Paris «Revitalift Filler» Aqua-Fluid SPF30,L'Oréal Paris,bb-S05149774
marke,15431342915969,https://admin.shopify.com/store/au3j0y-hq/products/15431342915969,L'Oréal Professionnel «Absolut Repair Golden» Haarmaske 250 ml,L'Oréal Professionnel,bb-M0118790
marke,15431343047041,https://admin.shopify.com/store/au3j0y-hq/products/15431343047041,Weleda · Granatapfel Straffendes Serum,Weleda,bb-M0127691
marke,15431343079809,https://admin.shopify.com/store/au3j0y-hq/products/15431343079809,Sensilis «Upgrade» Make-up-Set,Sensilis,bb-S05152030
marke,15431345930625,https://admin.shopify.com/store/au3j0y-hq/products/15431345930625,Puma «Squad Graphic» · Damen-T-Shirt,Puma,bb-S64227844-S
marke,15431346160001,https://admin.shopify.com/store/au3j0y-hq/products/15431346160001,Puma «Essentials» · Damen-T-Shirt,Puma,bb-S64205002-S
marke,15431346192769,https://admin.shopify.com/store/au3j0y-hq/products/15431346192769,Adidas «3-Stripes Essentials» · Damen-T-Shirt,Adidas,bb-S64221878-S
marke,15431353893249,https://admin.shopify.com/store/au3j0y-hq/products/15431353893249,Paul Hewitt · Damenuhr Minimalist,Paul Hewitt,bb-S0397565
marke,15431353991553,https://admin.shopify.com/store/au3j0y-hq/products/15431353991553,Morellato · Damenuhr Italienisch,Morellato,bb-S0395305
marke,15431354188161,https://admin.shopify.com/store/au3j0y-hq/products/15431354188161,Lorus · Damenuhr,Lorus,bb-V3401411
marke,15431354384769,https://admin.shopify.com/store/au3j0y-hq/products/15431354384769,Casio · Digitaluhr Retro Classic,Casio,bb-S0398154
marke,15431354450305,https://admin.shopify.com/store/au3j0y-hq/products/15431354450305,Radiant · Damenuhr Classic,Radiant,bb-S0800603
marke,15431354909057,https://admin.shopify.com/store/au3j0y-hq/products/15431354909057,Olivia Burton · Damenuhr Elegant,Olivia Burton,bb-S0396791
marke,15431355105665,https://admin.shopify.com/store/au3j0y-hq/products/15431355105665,Police · Herrenuhr Sport,Police,bb-S0396419
marke,15431355367809,https://admin.shopify.com/store/au3j0y-hq/products/15431355367809,Guess · Damenuhr Glamour,Guess,bb-S0397640
marke,15431355400577,https://admin.shopify.com/store/au3j0y-hq/products/15431355400577,Tommy Hilfiger · Herrenuhr Silber,Tommy Hilfiger,bb-S0397603
marke,15431355826561,https://admin.shopify.com/store/au3j0y-hq/products/15431355826561,Hugo Boss · Herrenuhr Business,Hugo Boss,bb-S0397432
marke,15431355859329,https://admin.shopify.com/store/au3j0y-hq/products/15431355859329,Swatch · Uhr Swiss Made,Swatch,bb-V3401400
marke,15431356350849,https://admin.shopify.com/store/au3j0y-hq/products/15431356350849,Calvin Klein · Herrenuhr Minimalist,Calvin Klein,bb-S0397424
marke,15431356547457,https://admin.shopify.com/store/au3j0y-hq/products/15431356547457,Lotus · Herrenuhr Sport-Elegant,Lotus,bb-S72134271
marke,15431356776833,https://admin.shopify.com/store/au3j0y-hq/products/15431356776833,Festina · Damenuhr Elegant,Festina,bb-S72133239
marke,15431357071745,https://admin.shopify.com/store/au3j0y-hq/products/15431357071745,Citizen · Damenuhr Elegant,Citizen,bb-S72138030
marke,15431357137281,https://admin.shopify.com/store/au3j0y-hq/products/15431357137281,Police · Herren-Armband Steel,Police,bb-S0800606
marke,15431357399425,https://admin.shopify.com/store/au3j0y-hq/products/15431357399425,Folli Follie · Damen-Armreif Glanz,Folli Follie,bb-S0800758
marke,15431371784577,https://admin.shopify.com/store/au3j0y-hq/products/15431371784577,One Jewels · Halskette mit blauem Anhänger,One Jewels,bb-S72140810
marke,15431371817345,https://admin.shopify.com/store/au3j0y-hq/products/15431371817345,Radiant · Halskette Edelstahl Fein,Radiant,bb-S0800617
marke,15431372013953,https://admin.shopify.com/store/au3j0y-hq/products/15431372013953,Guess · Herren-Halskette Edelstahl,Guess,bb-S0800750
marke,15431372210561,https://admin.shopify.com/store/au3j0y-hq/products/15431372210561,Tommy Hilfiger · Damen-Halskette Edelstahl,Tommy Hilfiger,bb-S0800764
marke,15431372505473,https://admin.shopify.com/store/au3j0y-hq/products/15431372505473,Morellato · Halskette Silber Italienisch,Morellato,bb-S72142479
marke,15431372964225,https://admin.shopify.com/store/au3j0y-hq/products/15431372964225,One Jewels · Damen-Halskette Silber,One Jewels,bb-S72140574
marke,15431373160833,https://admin.shopify.com/store/au3j0y-hq/products/15431373160833,Radiant · Damen-Ohrringe Fein,Radiant,bb-S0800614
marke,15431373357441,https://admin.shopify.com/store/au3j0y-hq/products/15431373357441,Adore · Damen-Ohrringe Glanz,Adore,bb-S0800546
marke,15431373390209,https://admin.shopify.com/store/au3j0y-hq/products/15431373390209,Folli Follie · Statement-Ohrringe,Folli Follie,bb-S0800537
marke,15431373586817,https://admin.shopify.com/store/au3j0y-hq/products/15431373586817,Breil · Damen-Ohrringe Tropfen,Breil,bb-S0800441
marke,15431373816193,https://admin.shopify.com/store/au3j0y-hq/products/15431373816193,One Jewels · Damen-Ohrringe Silber,One Jewels,bb-S72140295
marke,15431374635393,https://admin.shopify.com/store/au3j0y-hq/products/15431374635393,Police «To Be True Me» Eau de Parfum · 125 ml,Police,bb-S05151720
marke,15431374700929,https://admin.shopify.com/store/au3j0y-hq/products/15431374700929,Tommy Hilfiger · Herrenduft Eau de Toilette,Tommy Hilfiger,bb-S05151909
marke,15431374930305,https://admin.shopify.com/store/au3j0y-hq/products/15431374930305,Hugo Boss «Alive Intense» Eau de Parfum,Hugo Boss,bb-M0127606
marke,15431374963073,https://admin.shopify.com/store/au3j0y-hq/products/15431374963073,Elie Saab «L'Homme» Eau de Toilette · 50 ml,Elie Saab,bb-S05150611
marke,15431375159681,https://admin.shopify.com/store/au3j0y-hq/products/15431375159681,Calvin Klein «Eternity for Men» Eau de Toilette,Calvin Klein,bb-M0127070
marke,15431375880577,https://admin.shopify.com/store/au3j0y-hq/products/15431375880577,Radiant · Damenring Fein,Radiant,bb-S0800697
marke,15431376077185,https://admin.shopify.com/store/au3j0y-hq/products/15431376077185,Police · Damenring Modern,Police,bb-S0800608
marke,15431376142721,https://admin.shopify.com/store/au3j0y-hq/products/15431376142721,Folli Follie · Damenring Zart,Folli Follie,bb-S0800771
marke,15431376339329,https://admin.shopify.com/store/au3j0y-hq/products/15431376339329,Breil · Damenring Italienisch,Breil,bb-S0800438
marke,15431497122177,https://admin.shopify.com/store/au3j0y-hq/products/15431497122177,Casio Damenuhr,Casio,bb-S7264636
marke,15431497154945,https://admin.shopify.com/store/au3j0y-hq/products/15431497154945,Citizen Brille «CTZ1606-731-54»,Citizen,bb-S72137057
marke,15431497187713,https://admin.shopify.com/store/au3j0y-hq/products/15431497187713,Morellato Armband,Morellato,bb-S7203296
marke,15431497744769,https://admin.shopify.com/store/au3j0y-hq/products/15431497744769,Guess Herrenuhr,Guess,bb-S0389275
marke,15431497777537,https://admin.shopify.com/store/au3j0y-hq/products/15431497777537,Lancôme Eau de Parfum,Lancôme,bb-M0119792
marke+dublette,15431497810305,https://admin.shopify.com/store/au3j0y-hq/products/15431497810305,Elie Saab Eau de Parfum,Elie Saab,bb-S05148392
marke,15431497843073,https://admin.shopify.com/store/au3j0y-hq/products/15431497843073,Casio Herrenuhr «AE-1200»,Casio,bb-S7233967
marke,15431497908609,https://admin.shopify.com/store/au3j0y-hq/products/15431497908609,Lotus Ohrringe «LP3904-4»,Lotus,bb-S72130536
marke,15431497941377,https://admin.shopify.com/store/au3j0y-hq/products/15431497941377,Swatch Damenuhr «JRV008-9»,Swatch,bb-S7275881
marke+dublette,15431497974145,https://admin.shopify.com/store/au3j0y-hq/products/15431497974145,Olivia Burton Damenuhr,Olivia Burton,bb-S0378584
marke,15431498006913,https://admin.shopify.com/store/au3j0y-hq/products/15431498006913,Police Sonnenbrille «SPL962»,Police,bb-S7234419
marke,15431498039681,https://admin.shopify.com/store/au3j0y-hq/products/15431498039681,Morellato Ohrringe Edelstahl,Morellato,bb-S7247604
marke,15431498072449,https://admin.shopify.com/store/au3j0y-hq/products/15431498072449,Pierre Cardin Damenuhr,Pierre Cardin,bb-S0397184
marke,15431498105217,https://admin.shopify.com/store/au3j0y-hq/products/15431498105217,Paul Hewitt Damenuhr,Paul Hewitt,bb-S0352150
marke,15431498170753,https://admin.shopify.com/store/au3j0y-hq/products/15431498170753,Folli Follie Herrenuhr «WT14T0015DG»,Folli Follie,bb-S0353371
marke+dublette,15431498203521,https://admin.shopify.com/store/au3j0y-hq/products/15431498203521,Tous Eau de Parfum,Tous,bb-S05104198
marke,15431498236289,https://admin.shopify.com/store/au3j0y-hq/products/15431498236289,Calvin Klein Eau de Parfum,Calvin Klein,bb-S05130068
marke,15431498432897,https://admin.shopify.com/store/au3j0y-hq/products/15431498432897,Hugo Boss Sonnenbrille «BOSS-1617»,Hugo Boss,bb-S0397067
marke,15431498465665,https://admin.shopify.com/store/au3j0y-hq/products/15431498465665,Michael Kors Eau de Parfum,Michael Kors,bb-S05125822
marke+dublette,15431498498433,https://admin.shopify.com/store/au3j0y-hq/products/15431498498433,Dolce & Gabbana Eau de Parfum,Dolce & Gabbana,bb-S05110959
marke,15431498596737,https://admin.shopify.com/store/au3j0y-hq/products/15431498596737,Lancôme Eau de Parfum «Idôle»,Lancôme,bb-M0126871
marke+dublette,15431498629505,https://admin.shopify.com/store/au3j0y-hq/products/15431498629505,Elie Saab Eau de Parfum,Elie Saab,bb-S05151878
marke,15431498662273,https://admin.shopify.com/store/au3j0y-hq/products/15431498662273,Casio Herrenuhr «Vintage»,Casio,bb-S7262281
marke,15431499678081,https://admin.shopify.com/store/au3j0y-hq/products/15431499678081,Police Eau de Parfum,Police,bb-S0585265
marke,15431499710849,https://admin.shopify.com/store/au3j0y-hq/products/15431499710849,Citizen Brille «CTZ1802»,Citizen,bb-S72137045
marke,15431499743617,https://admin.shopify.com/store/au3j0y-hq/products/15431499743617,Lotus Armband «LP-1110»,Lotus,bb-S0371986
marke,15431499776385,https://admin.shopify.com/store/au3j0y-hq/products/15431499776385,Swatch Damenuhr Classic,Swatch,bb-S0332553
marke,15431499809153,https://admin.shopify.com/store/au3j0y-hq/products/15431499809153,Olivia Burton Armband,Olivia Burton,bb-S0396411
marke,15431499841921,https://admin.shopify.com/store/au3j0y-hq/products/15431499841921,Pierre Cardin Eau de Parfum,Pierre Cardin,bb-S8312774
marke,15431499874689,https://admin.shopify.com/store/au3j0y-hq/products/15431499874689,Paul Hewitt Armband,Paul Hewitt,bb-S0397553
marke,15431499907457,https://admin.shopify.com/store/au3j0y-hq/products/15431499907457,Breil Halskette «TJ0750»,Breil,bb-S0302876
marke,15431500071297,https://admin.shopify.com/store/au3j0y-hq/products/15431500071297,Hugo Boss Deodorant,Hugo Boss,bb-S0548059
marke+dublette,15431500333441,https://admin.shopify.com/store/au3j0y-hq/products/15431500333441,Police Eau de Parfum «Wanted»,Police,bb-S8309609
marke,15431500366209,https://admin.shopify.com/store/au3j0y-hq/products/15431500366209,Lotus Halskette «LP-1019»,Lotus,bb-S0383647
marke,15431500398977,https://admin.shopify.com/store/au3j0y-hq/products/15431500398977,Swatch Damenuhr «JRB032»,Swatch,bb-S7275889
marke,15431500431745,https://admin.shopify.com/store/au3j0y-hq/products/15431500431745,Olivia Burton Halskette,Olivia Burton,bb-S0396409
marke,15431500464513,https://admin.shopify.com/store/au3j0y-hq/products/15431500464513,Morellato Ring,Morellato,bb-S0366928
marke,15431500497281,https://admin.shopify.com/store/au3j0y-hq/products/15431500497281,Paul Hewitt Armband «Anchor»,Paul Hewitt,bb-S0397546
dublette,15431500530049,https://admin.shopify.com/store/au3j0y-hq/products/15431500530049,Pandora Ring,Pandora,bb-S72105898
marke,15431500562817,https://admin.shopify.com/store/au3j0y-hq/products/15431500562817,Michael Kors Brille,Michael Kors,bb-S0369816
marke,15431500661121,https://admin.shopify.com/store/au3j0y-hq/products/15431500661121,Tommy Hilfiger Armband,Tommy Hilfiger,bb-S0392422
marke,15431500693889,https://admin.shopify.com/store/au3j0y-hq/products/15431500693889,Calvin Klein Deodorant «Eternity»,Calvin Klein,bb-S8301124
marke+dublette,15431529464193,https://admin.shopify.com/store/au3j0y-hq/products/15431529464193,Dolce & Gabbana Eau de Parfum,Dolce & Gabbana,bb-S8313005
marke,15431529529729,https://admin.shopify.com/store/au3j0y-hq/products/15431529529729,Elie Saab Eau de Parfum «Girl of Now»,Elie Saab,bb-S0597411
marke,15431529562497,https://admin.shopify.com/store/au3j0y-hq/products/15431529562497,Police Armband «PJ21872»,Police,bb-S0389638
marke,15431529595265,https://admin.shopify.com/store/au3j0y-hq/products/15431529595265,Lotus Ohrringe «LP-1044»,Lotus,bb-S0383652
marke,15431529628033,https://admin.shopify.com/store/au3j0y-hq/products/15431529628033,Swatch Herrenuhr,Swatch,bb-S0393115
marke+dublette,15431529660801,https://admin.shopify.com/store/au3j0y-hq/products/15431529660801,Olivia Burton Damenuhr,Olivia Burton,bb-S0392578
marke,15431529693569,https://admin.shopify.com/store/au3j0y-hq/products/15431529693569,Tous Brille,Tous,bb-S0348116
dublette,15431529791873,https://admin.shopify.com/store/au3j0y-hq/products/15431529791873,Pandora Ring,Pandora,bb-S72105785
marke,15431529824641,https://admin.shopify.com/store/au3j0y-hq/products/15431529824641,Michael Kors Brille «MK829M»,Michael Kors,bb-S0369827
marke,15431529857409,https://admin.shopify.com/store/au3j0y-hq/products/15431529857409,Tommy Hilfiger Eau de Parfum,Tommy Hilfiger,bb-S05113559
marke,15431529890177,https://admin.shopify.com/store/au3j0y-hq/products/15431529890177,Calvin Klein Deodorant «CK Be»,Calvin Klein,bb-S8309897
marke,15431536279937,https://admin.shopify.com/store/au3j0y-hq/products/15431536279937,Lotus Ring «LS2311»,Lotus,bb-S7280870
marke,15431536345473,https://admin.shopify.com/store/au3j0y-hq/products/15431536345473,Olivia Burton Damenuhr «OB15BD75»,Olivia Burton,bb-S0397736
marke,15431536378241,https://admin.shopify.com/store/au3j0y-hq/products/15431536378241,Paul Hewitt Armband «R-23M»,Paul Hewitt,bb-S0397548
marke+dublette,15431536411009,https://admin.shopify.com/store/au3j0y-hq/products/15431536411009,Tous Eau de Parfum,Tous,bb-S05126491
marke,15431537262977,https://admin.shopify.com/store/au3j0y-hq/products/15431537262977,Calvin Klein Ring Edelstahl,Calvin Klein,bb-S0327289
marke,15431537295745,https://admin.shopify.com/store/au3j0y-hq/products/15431537295745,Hugo Boss Duschgel,Hugo Boss,bb-S0548074
marke,15431537328513,https://admin.shopify.com/store/au3j0y-hq/products/15431537328513,Dolce & Gabbana Eau de Parfum «The One»,Dolce & Gabbana,bb-S05114314
marke,15431537361281,https://admin.shopify.com/store/au3j0y-hq/products/15431537361281,Kenzo Eau de Parfum «L'Eau»,Kenzo,bb-S0594508
marke,15431537394049,https://admin.shopify.com/store/au3j0y-hq/products/15431537394049,Guess Deodorant,Guess,bb-S8307731
dublette,15431537426817,https://admin.shopify.com/store/au3j0y-hq/products/15431537426817,Police Eau de Parfum «Wanted»,Police,bb-S0571048
marke,15431537459585,https://admin.shopify.com/store/au3j0y-hq/products/15431537459585,Olivia Burton Damenuhr «OB14BD31»,Olivia Burton,bb-S0397735
marke,15431537492353,https://admin.shopify.com/store/au3j0y-hq/products/15431537492353,Paul Hewitt Armband Maritim,Paul Hewitt,bb-S0800679
marke+safety,15431540048257,https://admin.shopify.com/store/au3j0y-hq/products/15431540048257,Kinder-Schreibtisch «Stitch» (57×72 cm),LuxeStyle,bb-S2465046
marke,15431541064065,https://admin.shopify.com/store/au3j0y-hq/products/15431541064065,Schlüsselanhänger «Stitch» Blau,LuxeStyle,bb-S2459876
marke+safety,15431546208641,https://admin.shopify.com/store/au3j0y-hq/products/15431546208641,Kinder-Badeschuhe «Frozen» Lila,Disney,bb-S4308644
marke+safety,15431546241409,https://admin.shopify.com/store/au3j0y-hq/products/15431546241409,Kinder-Sneaker «Vans» Filmore Rot,Vans,bb-S64227482
marke+safety,15431546274177,https://admin.shopify.com/store/au3j0y-hq/products/15431546274177,Damen-Badeschuhe «Reebok» Classic,Reebok,bb-S64227105
marke+safety,15431546306945,https://admin.shopify.com/store/au3j0y-hq/products/15431546306945,Herren-Badeschuhe «Rip Curl» Ripper,Rip Curl,bb-S64227216
marke+safety,15431546339713,https://admin.shopify.com/store/au3j0y-hq/products/15431546339713,Kinder-Tennisschuhe «Head» Limettengrün,Head,bb-S64225259
marke+safety,15431546372481,https://admin.shopify.com/store/au3j0y-hq/products/15431546372481,Kinder-Sneaker «Puma» Weiss,Puma,bb-S64226679
marke+safety,15431546405249,https://admin.shopify.com/store/au3j0y-hq/products/15431546405249,Kinder-Sneaker «Converse» Stars & Stripes,Converse,bb-S64223117
marke,15431546438017,https://admin.shopify.com/store/au3j0y-hq/products/15431546438017,Damen-Sneaker «Reebok» HR0405,Reebok,bb-S64227124
marke,15431546470785,https://admin.shopify.com/store/au3j0y-hq/products/15431546470785,Damen-Sneaker «Puma» 389390,Puma,bb-S64226723
marke,15431546503553,https://admin.shopify.com/store/au3j0y-hq/products/15431546503553,Damen-Sneaker «Adidas» IE2168,Adidas,bb-S64224646
marke,15431546569089,https://admin.shopify.com/store/au3j0y-hq/products/15431546569089,Damen-Tennisschuhe «Nike» Court Vapor Lite,Nike,bb-S64221961
marke+safety,15431546601857,https://admin.shopify.com/store/au3j0y-hq/products/15431546601857,Kinder-Sneaker «Reebok» Royal Prime,Reebok,bb-S64223708
marke,15431546634625,https://admin.shopify.com/store/au3j0y-hq/products/15431546634625,Damen-Sneaker «Converse» Chuck Taylor All Star,Converse,bb-S64223118
marke,15431546667393,https://admin.shopify.com/store/au3j0y-hq/products/15431546667393,Damen-Sneaker «Adidas» Crazychaos Dunkelgrau,Adidas,bb-S64219468
marke,15431546765697,https://admin.shopify.com/store/au3j0y-hq/products/15431546765697,Menstruations-Slip «Femme Republique» Schwarz,Femme Republique,bb-S4005975
marke,15431546798465,https://admin.shopify.com/store/au3j0y-hq/products/15431546798465,Damen-Jeans «Jack & Jones» Mini Denim,Jack & Jones,bb-S64225348
marke,15431546831233,https://admin.shopify.com/store/au3j0y-hq/products/15431546831233,Socken «Real Madrid C.F.» Grau,Real Madrid C.F.,bb-S2466816
marke,15431546896769,https://admin.shopify.com/store/au3j0y-hq/products/15431546896769,Hoodie «Puma» Essentials+ (Unisex),Puma,bb-S64220679
marke,15431546929537,https://admin.shopify.com/store/au3j0y-hq/products/15431546929537,Ski-Socken «Picture» Wooling Aquamarin,Picture,bb-S64226281
marke,15431546962305,https://admin.shopify.com/store/au3j0y-hq/products/15431546962305,Herren-Hoodie «Dickies» Park Schwarz,Dickies,bb-S64225082
marke,15431547027841,https://admin.shopify.com/store/au3j0y-hq/products/15431547027841,Damen-Hoodie «Champion» Script Logo,Champion,bb-S64219795
marke+safety,15431547060609,https://admin.shopify.com/store/au3j0y-hq/products/15431547060609,Kinder-Sportset «Champion»,Champion,bb-S64224953
marke,15431547093377,https://admin.shopify.com/store/au3j0y-hq/products/15431547093377,Herren-Poloshirt «Columbia» Gelb,Columbia,bb-S64224984
marke,15431547126145,https://admin.shopify.com/store/au3j0y-hq/products/15431547126145,Herren-Thermoshirt «CMP»,CMP,bb-S64214594
marke+safety,15431547158913,https://admin.shopify.com/store/au3j0y-hq/products/15431547158913,Kinder-T-Shirt «Nike» Schwarz,Nike,bb-S64221959
marke,15431547191681,https://admin.shopify.com/store/au3j0y-hq/products/15431547191681,Herren-Hoodie «Jack & Jones»,Jack & Jones,bb-S64210655
marke,15431547224449,https://admin.shopify.com/store/au3j0y-hq/products/15431547224449,Herren-T-Shirt «New Era» Schwarz,New Era,bb-S64220462
marke,15431547257217,https://admin.shopify.com/store/au3j0y-hq/products/15431547257217,Damen-Hoodie «Rip Curl» Varsity Schwarz,Rip Curl,bb-S64197395
marke,15431548699009,https://admin.shopify.com/store/au3j0y-hq/products/15431548699009,Katzenbett «Hunter» Weiss,Hunter,bb-S6105439
marke,15431548764545,https://admin.shopify.com/store/au3j0y-hq/products/15431548764545,Hundeleine «Hunter» Braun (200 cm),Hunter,bb-S6104586
marke,15431605256577,https://admin.shopify.com/store/au3j0y-hq/products/15431605256577,Puppe «Rainbow High»,Rainbow High,bb-S71023980
marke,15431605289345,https://admin.shopify.com/store/au3j0y-hq/products/15431605289345,Puzzle «Educa» Muschel-Collage (1000 Teile),Educa,bb-S71023252
marke+safety,15431605354881,https://admin.shopify.com/store/au3j0y-hq/products/15431605354881,Handpuppe «Rotkäppchen» (Colorbaby),Colorbaby,bb-S2458924
marke,15431605387649,https://admin.shopify.com/store/au3j0y-hq/products/15431605387649,Plüschtier «Comansi» Ente Upsetduck (15 cm),Comansi,bb-S2456528
marke,15431605420417,https://admin.shopify.com/store/au3j0y-hq/products/15431605420417,Brettspiel «Jurassic World» Maze Challenge,EPOCH,bb-S71020611
marke,15431605453185,https://admin.shopify.com/store/au3j0y-hq/products/15431605453185,Schmuck-Bastelset «Bluey»,Bluey,bb-S2459849
marke,15431605518721,https://admin.shopify.com/store/au3j0y-hq/products/15431605518721,Actionfigur «Dragon Ball» SS Blue Goku,Bandai,bb-S91123976
marke,15431605584257,https://admin.shopify.com/store/au3j0y-hq/products/15431605584257,Actionfigur «Hasbro»,Hasbro,bb-S71019005
marke,15431605617025,https://admin.shopify.com/store/au3j0y-hq/products/15431605617025,Ausgrabungs-Set «Clementoni» T-Rex (leuchtend),Clementoni,bb-S7157072
marke,15431605649793,https://admin.shopify.com/store/au3j0y-hq/products/15431605649793,Zauberset «Harry Potter» (Spin Master),Spin Master,bb-S71015002
marke,15431605682561,https://admin.shopify.com/store/au3j0y-hq/products/15431605682561,Bastelset «Lansay»,Lansay,bb-S71014494
marke,15431605715329,https://admin.shopify.com/store/au3j0y-hq/products/15431605715329,LEGO Bauset 30706,LEGO,bb-S91121041
marke,15431606206849,https://admin.shopify.com/store/au3j0y-hq/products/15431606206849,Jojo «Bandai» 60002,Bandai,bb-S91120750
marke,15431607517569,https://admin.shopify.com/store/au3j0y-hq/products/15431607517569,Puzzle «Ravensburger» Monster (1000 Teile),Ravensburger,bb-S71014666
marke,15431607583105,https://admin.shopify.com/store/au3j0y-hq/products/15431607583105,Puppenhaus-Zubehör «Corolle»,Corolle,bb-S71016120
marke,15431607648641,https://admin.shopify.com/store/au3j0y-hq/products/15431607648641,Wortspiel «Cayro»,Cayro,bb-S2457816
marke,15431607714177,https://admin.shopify.com/store/au3j0y-hq/products/15431607714177,Puppen-Zubehör «Arias»,Arias,bb-S2455937
marke,15431607746945,https://admin.shopify.com/store/au3j0y-hq/products/15431607746945,Zeichen-Set «Apli»,Apli,bb-S2456607
marke,15431607779713,https://admin.shopify.com/store/au3j0y-hq/products/15431607779713,Puzzle «Apli» Glow-in-the-Dark (200 Teile),Apli,bb-S2456611
marke,15431607812481,https://admin.shopify.com/store/au3j0y-hq/products/15431607812481,Plüschtier «Spidey and Friends» (30 cm),Marvel,bb-S2456083
safety,15431607845249,https://admin.shopify.com/store/au3j0y-hq/products/15431607845249,Baby-Kostüm «Gespenst» (6–12 Monate),LuxeStyle,bb-S1135093
marke,15431607878017,https://admin.shopify.com/store/au3j0y-hq/products/15431607878017,Bauset «IM Master»,IM Master,bb-S2455243
marke,15431607910785,https://admin.shopify.com/store/au3j0y-hq/products/15431607910785,Puppenhaus-Zubehör «Corolle» My Tea & Snack,Corolle,bb-S71013470
marke,15431607943553,https://admin.shopify.com/store/au3j0y-hq/products/15431607943553,Puppe «Frozen»,Disney,bb-S71012457
marke,15431608009089,https://admin.shopify.com/store/au3j0y-hq/products/15431608009089,Bastelset «Miniverse» Make It Mini Lifestyle,Miniverse,bb-S71012353
marke,15431608041857,https://admin.shopify.com/store/au3j0y-hq/products/15431608041857,Spielset «Schleich» Pierres Crashmobile (17-teilig),Schleich,bb-S71009355
marke+safety,15431608074625,https://admin.shopify.com/store/au3j0y-hq/products/15431608074625,Baby-Puppe «Moose Toys» Lil Needees,Moose Toys,bb-S71009460
marke,15431610859905,https://admin.shopify.com/store/au3j0y-hq/products/15431610859905,Brettspiel «Devir»,Devir,bb-S0460513
marke,15431610925441,https://admin.shopify.com/store/au3j0y-hq/products/15431610925441,Actionfigur «Lansay»,Lansay,bb-S71011033
marke,15431610958209,https://admin.shopify.com/store/au3j0y-hq/products/15431610958209,Plüsch-Drache «Saint» (65 cm),Saint,bb-S2449744
marke,15431611023745,https://admin.shopify.com/store/au3j0y-hq/products/15431611023745,Lernspiel «Lexibook»,Lexibook,bb-S7157099
marke,15431611056513,https://admin.shopify.com/store/au3j0y-hq/products/15431611056513,Spielzeug-Waschmaschine «PlayGo»,PlayGo,bb-S8903902
marke,15431611253121,https://admin.shopify.com/store/au3j0y-hq/products/15431611253121,Lernspiel «Hape» Sonnensystem 3D,Hape,bb-S2431248
marke,15431611318657,https://admin.shopify.com/store/au3j0y-hq/products/15431611318657,Rutscher-Motorrad «Moltó» Premium Grün,Moltó,bb-S2439286
marke+safety,15431611351425,https://admin.shopify.com/store/au3j0y-hq/products/15431611351425,Schwimmring «Bestway» (Wassermelone / Ananas),Bestway,bb-D1400213
marke,15431611416961,https://admin.shopify.com/store/au3j0y-hq/products/15431611416961,Fernglas «Bresser»,Bresser,bb-S7198620
marke,15431621771649,https://admin.shopify.com/store/au3j0y-hq/products/15431621771649,Auto-Transporter «T-Racers» (Magicbox),Magicbox,bb-S2434251
marke+safety,15431621804417,https://admin.shopify.com/store/au3j0y-hq/products/15431621804417,Zaubertafel «Colorbaby» (magnetisch),Colorbaby,bb-S8903718
marke,15431621837185,https://admin.shopify.com/store/au3j0y-hq/products/15431621837185,Wurfscheibe «Wahu Phlat Ball» (Goliath),Goliath,bb-S2436116
marke,15431621902721,https://admin.shopify.com/store/au3j0y-hq/products/15431621902721,Batterie-Zug «Brio» Dinosaurier,Brio,bb-S7197307
marke,15431621935489,https://admin.shopify.com/store/au3j0y-hq/products/15431621935489,Puzzle «Nathan» Mortelle Adèle,Nathan,bb-S7197328
marke,15431621968257,https://admin.shopify.com/store/au3j0y-hq/products/15431621968257,Schmuckset «Viceroy» (Kette + Ohrringe),Viceroy,bb-S7212359
marke,15431622001025,https://admin.shopify.com/store/au3j0y-hq/products/15431622001025,LEGO Creator 31147 Retro-Kamera,LEGO,bb-S7196026
marke,15431622033793,https://admin.shopify.com/store/au3j0y-hq/products/15431622033793,Sperrholz-Maltafel «Faibo» (20×30 cm),Faibo,bb-S8422028
marke,15431622099329,https://admin.shopify.com/store/au3j0y-hq/products/15431622099329,Actionfigur «Dragon Ball»,Bandai,bb-S7194301
marke+safety,15431622132097,https://admin.shopify.com/store/au3j0y-hq/products/15431622132097,Sylvanian Families «Baby-Kaninchen» (Schokolade),Sylvanian Families,bb-S7150073
marke,15431622164865,https://admin.shopify.com/store/au3j0y-hq/products/15431622164865,Bastelset «Lansay» Pailletten-Kollektion,Lansay,bb-S7192606
marke,15431622230401,https://admin.shopify.com/store/au3j0y-hq/products/15431622230401,Brettspiel «Wer ist es?» Marvel-Edition,Marvel,bb-S7188723
marke,15431622263169,https://admin.shopify.com/store/au3j0y-hq/products/15431622263169,Malen-nach-Zahlen «Alex Bog» Montmartre,Alex Bog,bb-S8400270
marke,15431622361473,https://admin.shopify.com/store/au3j0y-hq/products/15431622361473,Actionfigur «Dragon Ball» Broly Super Saiyan,Bandai,bb-S7123094
marke+safety,15431625998721,https://admin.shopify.com/store/au3j0y-hq/products/15431625998721,Kinder-Wanderschuhe «Adidas» Terrex AX2R,Adidas,bb-S64219407
marke,15431626031489,https://admin.shopify.com/store/au3j0y-hq/products/15431626031489,Herren-Wanderschuhe «Hi-Tec» Gravel,Hi-Tec,bb-S64220192
marke,15431626064257,https://admin.shopify.com/store/au3j0y-hq/products/15431626064257,Damen-Wanderschuhe «Hi-Tec» Ultra Terra,Hi-Tec,bb-S64220179
marke,15431626097025,https://admin.shopify.com/store/au3j0y-hq/products/15431626097025,Herren-Sneaker «Puma» R78 Lightwind Beige,Puma,bb-S64193532
marke+safety,15431626129793,https://admin.shopify.com/store/au3j0y-hq/products/15431626129793,Kinder-Sneaker «Vans» Atwood,Vans,bb-S64224020
marke+safety,15431626162561,https://admin.shopify.com/store/au3j0y-hq/products/15431626162561,Kinder-Sneaker «Adidas» FortaRun,Adidas,bb-S64222794
marke+safety,15431626195329,https://admin.shopify.com/store/au3j0y-hq/products/15431626195329,Kinder-Sneaker «Nike» MD Valiant,Nike,bb-S64222243
marke+safety,15431626228097,https://admin.shopify.com/store/au3j0y-hq/products/15431626228097,Kinder-Sneaker «Adidas» Run 70s,Adidas,bb-S64221506
marke,15431626260865,https://admin.shopify.com/store/au3j0y-hq/products/15431626260865,Damen-Sneaker «Adidas» Court Platform Weiss,Adidas,bb-S64221388
marke+safety,15431626326401,https://admin.shopify.com/store/au3j0y-hq/products/15431626326401,Kinder-Sneaker «Munich» Fuel,Munich,bb-S64220422
marke+safety,15431626359169,https://admin.shopify.com/store/au3j0y-hq/products/15431626359169,Kinder-Sneaker «Geox» Sprintye,Geox,bb-S64220122
marke,15431626391937,https://admin.shopify.com/store/au3j0y-hq/products/15431626391937,Herren-Trailschuhe «J-Hayber» Chamba,J-Hayber,bb-S64209951
marke,15431626424705,https://admin.shopify.com/store/au3j0y-hq/products/15431626424705,Herren-Sneaker «Puma» Rickie,Puma,bb-S64204131
marke+safety,15431626457473,https://admin.shopify.com/store/au3j0y-hq/products/15431626457473,Kinder-Badeschuhe «Nike» Kawa,Nike,bb-S64221950
marke+safety,15431626490241,https://admin.shopify.com/store/au3j0y-hq/products/15431626490241,Badeschuhe «Kappa» Logo,Kappa,bb-S64203471
marke,15431626523009,https://admin.shopify.com/store/au3j0y-hq/products/15431626523009,Hallenfussballschuhe «Adidas» Copa Pure,Adidas,bb-S64221438
marke+safety,15431626555777,https://admin.shopify.com/store/au3j0y-hq/products/15431626555777,Kinder-Hallenfussballschuhe «Puma» Ultra Match,Puma,bb-S64221807
marke+safety,15431626588545,https://admin.shopify.com/store/au3j0y-hq/products/15431626588545,Kinder-Hallenfussballschuhe «Joma» Top Flex,Joma,bb-S64211285
marke,15431627702657,https://admin.shopify.com/store/au3j0y-hq/products/15431627702657,Herren-Sportshorts «+8000» Rot,+8000,bb-S64219060
marke,15431627768193,https://admin.shopify.com/store/au3j0y-hq/products/15431627768193,Cap «Hurley» One And Only,Hurley,bb-S64220201
marke+safety,15431627800961,https://admin.shopify.com/store/au3j0y-hq/products/15431627800961,Kinder-Bademantel «Bluey»,Bluey,bb-S2447641
marke,15431627866497,https://admin.shopify.com/store/au3j0y-hq/products/15431627866497,Mütze «Columbia» Boundless Days Schwarz,Columbia,bb-S64212856
marke,15431627899265,https://admin.shopify.com/store/au3j0y-hq/products/15431627899265,Mütze «Burton» (recycelt),Burton,bb-S64200294
marke,15431627932033,https://admin.shopify.com/store/au3j0y-hq/products/15431627932033,Herren-Portemonnaie «Rip Curl» Slim,Rip Curl,bb-S64213230
marke+safety,15431627964801,https://admin.shopify.com/store/au3j0y-hq/products/15431627964801,Kinder-Mütze «Puma» Crown,Puma,bb-S64208366
marke+safety,15431627997569,https://admin.shopify.com/store/au3j0y-hq/products/15431627997569,Kinder-Schönheitsset «Hello Kitty»,Hello Kitty,bb-S2462834
marke+safety,15431628063105,https://admin.shopify.com/store/au3j0y-hq/products/15431628063105,Kinder-Mütze «Wednesday»,Wednesday,bb-S2462221
marke,15431628095873,https://admin.shopify.com/store/au3j0y-hq/products/15431628095873,Damen-Sportshirt «Puma» Cloudspun Schwarz,Puma,bb-S64194532
marke,15431628128641,https://admin.shopify.com/store/au3j0y-hq/products/15431628128641,Cap «Nike» Dri-FIT Club Braun,Nike,bb-S2040624
marke,15431628161409,https://admin.shopify.com/store/au3j0y-hq/products/15431628161409,Mädchen-Unterhosen-Set «Hello Kitty» (Multipack),Hello Kitty,bb-S2459048
marke,15431628226945,https://admin.shopify.com/store/au3j0y-hq/products/15431628226945,Herren-T-Shirt «Sparco»,Sparco,bb-S37117605
marke+safety,15431628259713,https://admin.shopify.com/store/au3j0y-hq/products/15431628259713,Kinder-Kleiderset «Hello Kitty» Rosa,Hello Kitty,bb-S2460350
marke,15431631503745,https://admin.shopify.com/store/au3j0y-hq/products/15431631503745,Senioren-Handy «Denver» FAS-1880,Denver,bb-S0470409
marke,15431631536513,https://admin.shopify.com/store/au3j0y-hq/products/15431631536513,Gaming-Controller «HORI» Split Pad Pro (Switch),HORI,bb-S0470772
marke,15431631569281,https://admin.shopify.com/store/au3j0y-hq/products/15431631569281,Wand-Ladegerät «Trust» 100 W,Trust,bb-S55316573
marke,15431631602049,https://admin.shopify.com/store/au3j0y-hq/products/15431631602049,Reiseadapter «Scape» (Schuko → Italien),Scape,bb-M1300818
marke,15431631634817,https://admin.shopify.com/store/au3j0y-hq/products/15431631634817,Ladekabel «muvit» USB-C auf Lightning (MFi),muvit,bb-M1300289
marke,15431631667585,https://admin.shopify.com/store/au3j0y-hq/products/15431631667585,Handyhülle «muvit» iPhone 16 Pro Max,muvit,bb-M1300059
marke,15431631700353,https://admin.shopify.com/store/au3j0y-hq/products/15431631700353,USB-Hub «Startech» (5-Port),Startech,bb-S55314299
marke,15431632814465,https://admin.shopify.com/store/au3j0y-hq/products/15431632814465,Garderobe mit Ablage «Kipit» Schwarz (84×43×156 cm),Kipit,bb-S3633906
marke,15431632847233,https://admin.shopify.com/store/au3j0y-hq/products/15431632847233,Bade-Spielzeug «Badabulle» Giesskanne (Silikon),Badabulle,bb-S71010815
marke,15431632880001,https://admin.shopify.com/store/au3j0y-hq/products/15431632880001,Tee-Tasse mit Filter «Versa» Blume,Versa,bb-S3419538
marke,15431632912769,https://admin.shopify.com/store/au3j0y-hq/products/15431632912769,Kommode «Versa» Adda Braun (32×81×26 cm),Versa,bb-S3419569
marke,15431632945537,https://admin.shopify.com/store/au3j0y-hq/products/15431632945537,Bettwäsche-Set «Home Linge Passion» Himmelblau,Home Linge Passion,bb-S71019031
marke,15431632978305,https://admin.shopify.com/store/au3j0y-hq/products/15431632978305,Snack-Schalen-Set «Bidasoa» Aura Weiss (6 Stück),Bidasoa,bb-S2712825
marke,15431633011073,https://admin.shopify.com/store/au3j0y-hq/products/15431633011073,Wasserglas «Bormioli Rocco» Barshine Grün (380 ml),Bormioli Rocco,bb-S2713523
marke,15431639204225,https://admin.shopify.com/store/au3j0y-hq/products/15431639204225,"Hundenapf «Hunter» OSBY Blau Keramik (1,1 L)",Hunter,bb-S6105167
marke,15431656210817,https://admin.shopify.com/store/au3j0y-hq/products/15431656210817,Wasserpistole «Eolo» Einhorn (6 Stück),Eolo,bb-S8900872
marke,15431656276353,https://admin.shopify.com/store/au3j0y-hq/products/15431656276353,Rollschuhe «Moltó» verstellbar (31–34) Blau,Moltó,bb-S2430009
marke,15431656309121,https://admin.shopify.com/store/au3j0y-hq/products/15431656309121,Knet-Set «SES Creative» Eco (glutenfrei),SES Creative,bb-S7186692
marke,15431656472961,https://admin.shopify.com/store/au3j0y-hq/products/15431656472961,Puzzle «Educa» Planetarium (150 Teile),Educa,bb-S2429416
marke,15431656669569,https://admin.shopify.com/store/au3j0y-hq/products/15431656669569,Brettspiel «Goliath» Filou Chiptou,Goliath,bb-S7124359
marke+safety,15431656833409,https://admin.shopify.com/store/au3j0y-hq/products/15431656833409,"Kinder-Trommel «Reig» (Ø 25,4 cm)",Reig,bb-S2425209
marke+safety,15431656898945,https://admin.shopify.com/store/au3j0y-hq/products/15431656898945,Kinder-Gitarre «LOL Surprise!» mit Mikrofon Rosa,LOL Surprise,bb-S2425082
marke,15431656931713,https://admin.shopify.com/store/au3j0y-hq/products/15431656931713,Musik-Trommel «Fisher-Price» Pad,Fisher-Price,bb-S2424939
marke,15431661289857,https://admin.shopify.com/store/au3j0y-hq/products/15431661289857,Herren-Wanderstiefel «Hi-Tec» Muflon Mid WP,Hi-Tec,bb-S64220184
marke,15431661322625,https://admin.shopify.com/store/au3j0y-hq/products/15431661322625,Schuhtasche «RFEF» Rot,RFEF,bb-S4314341
marke,15431661355393,https://admin.shopify.com/store/au3j0y-hq/products/15431661355393,Schuhtasche «Real Madrid C.F.» Blau,Real Madrid C.F.,bb-S4314293
marke,15431661388161,https://admin.shopify.com/store/au3j0y-hq/products/15431661388161,Schuhtasche «Harper & Neyer»,Harper & Neyer,bb-S4314208
marke,15431661420929,https://admin.shopify.com/store/au3j0y-hq/products/15431661420929,Schuhtasche «Benetton» Together Marineblau,Benetton,bb-S4313979
marke,15431661453697,https://admin.shopify.com/store/au3j0y-hq/products/15431661453697,Schuhtasche «Benetton» Drop Bunt,Benetton,bb-S4313909
marke,15431661486465,https://admin.shopify.com/store/au3j0y-hq/products/15431661486465,Schuhtasche «Wilson» Tour IV Rot,Wilson,bb-S64202617
marke+safety,15431661519233,https://admin.shopify.com/store/au3j0y-hq/products/15431661519233,Herren-Badeschuhe «Real Madrid C.F.» Blau,Real Madrid C.F.,bb-S2458019
marke+safety,15431661584769,https://admin.shopify.com/store/au3j0y-hq/products/15431661584769,Kinder-Sneaker «Hello Kitty» Rosa,Hello Kitty,bb-S2458498
marke+safety,15431661683073,https://admin.shopify.com/store/au3j0y-hq/products/15431661683073,Kinder-Sneaker «Spidey» Blau,Marvel,bb-S2458457
marke+safety,15431661715841,https://admin.shopify.com/store/au3j0y-hq/products/15431661715841,Kinder-Sandalen «Real Madrid C.F.» Blau,Real Madrid C.F.,bb-S2458007
marke,15431670464897,https://admin.shopify.com/store/au3j0y-hq/products/15431670464897,Socken «Black Panther» Wakanda (38–45),Marvel,bb-S2460034
marke,15431670563201,https://admin.shopify.com/store/au3j0y-hq/products/15431670563201,Socken «Real Madrid C.F.» Blau (38–45),Real Madrid C.F.,bb-S2459913
marke,15431670661505,https://admin.shopify.com/store/au3j0y-hq/products/15431670661505,Herren-Hoodie «Adidas» Tiro,Adidas,bb-S64170830
marke,15431670759809,https://admin.shopify.com/store/au3j0y-hq/products/15431670759809,Trainingsanzug «Joma» Phoenix,Joma,bb-S64179324
marke,15431670792577,https://admin.shopify.com/store/au3j0y-hq/products/15431670792577,Herren-Jacke «Joma» Campus Street,Joma,bb-S64179368
marke,15431670858113,https://admin.shopify.com/store/au3j0y-hq/products/15431670858113,Herren-Trainingshose «Adidas» Future Icons,Adidas,bb-S64175746
marke,15431670923649,https://admin.shopify.com/store/au3j0y-hq/products/15431670923649,Herren-T-Shirt «Vans» Classic,Vans,bb-S64182358
marke,15431670989185,https://admin.shopify.com/store/au3j0y-hq/products/15431670989185,Herren-T-Shirt «Adidas» Essentials Grau,Adidas,bb-S64174790
marke,15431671054721,https://admin.shopify.com/store/au3j0y-hq/products/15431671054721,Damen-T-Shirt «Adidas» Lin Schwarz,Adidas,bb-S64174623
marke,15431671087489,https://admin.shopify.com/store/au3j0y-hq/products/15431671087489,Cap «New Era» 9FORTY LA Dodgers,New Era,bb-S2039916
marke,15431671120257,https://admin.shopify.com/store/au3j0y-hq/products/15431671120257,Lauf-Cap «Puma» Visor Blau,Puma,bb-S64183903
marke,15431671218561,https://admin.shopify.com/store/au3j0y-hq/products/15431671218561,Cap «The North Face» Recycled 66 Classic,The North Face,bb-S2038131
marke+safety,15431671284097,https://admin.shopify.com/store/au3j0y-hq/products/15431671284097,Baby-Strampler «Domiva» Honey Moon,Domiva,bb-S71016272
marke,15431688585601,https://admin.shopify.com/store/au3j0y-hq/products/15431688585601,"Bildschirm-Sichtschutz «Kensington» (14"")",Kensington,bb-S55313513
marke,15431688618369,https://admin.shopify.com/store/au3j0y-hq/products/15431688618369,Ladekabel «Xtorm» USB Weiss,Xtorm,bb-S55309212
marke,15431688651137,https://admin.shopify.com/store/au3j0y-hq/products/15431688651137,Powerbank «Xiaomi» 10000 mAh,Xiaomi,bb-M0806733
marke,15431688683905,https://admin.shopify.com/store/au3j0y-hq/products/15431688683905,Schutzhülle «Mobilis» (Tablet),Mobilis,bb-S55270940
marke,15431688716673,https://admin.shopify.com/store/au3j0y-hq/products/15431688716673,Kartenleser «TooQ»,TooQ,bb-S0245715
marke,15431688749441,https://admin.shopify.com/store/au3j0y-hq/products/15431688749441,Displayschutz «Belkin» iPhone 16 Pro,Belkin,bb-S77211673
marke+safety,15431688782209,https://admin.shopify.com/store/au3j0y-hq/products/15431688782209,Kinder-Ladekabel «Celly» (2er-Pack),Celly,bb-S0245093
marke,15431688814977,https://admin.shopify.com/store/au3j0y-hq/products/15431688814977,PC-Gehäuselüfter «Zalman» ARGB,Zalman,bb-S5634085
marke,15431688847745,https://admin.shopify.com/store/au3j0y-hq/products/15431688847745,Ladekabel «Energizer» Lightning,Energizer,bb-S77221301
marke,15431688880513,https://admin.shopify.com/store/au3j0y-hq/products/15431688880513,"Laptoptasche «Acer» 14""",Acer,bb-S91123017
marke,15431688913281,https://admin.shopify.com/store/au3j0y-hq/products/15431688913281,CPU-Kühler «Cooler Master»,Cooler Master,bb-S71020186
marke,15431688946049,https://admin.shopify.com/store/au3j0y-hq/products/15431688946049,USB-Hub «Vention»,Vention,bb-S9908908
marke,15431688978817,https://admin.shopify.com/store/au3j0y-hq/products/15431688978817,Toner «Xerox» 006R04879,Xerox,bb-S55301059
marke,15431689011585,https://admin.shopify.com/store/au3j0y-hq/products/15431689011585,Netzteil «TnB»,TnB,bb-M0529776
marke,15431689044353,https://admin.shopify.com/store/au3j0y-hq/products/15431689044353,Handyhülle «Mobilis» Schwarz,Mobilis,bb-S77214835
marke,15431689077121,https://admin.shopify.com/store/au3j0y-hq/products/15431689077121,TV-Wandhalterung «STELL» SHO 4220,STELL,bb-S71017971
marke,15431689109889,https://admin.shopify.com/store/au3j0y-hq/products/15431689109889,Radio «Trevi» Silber,Trevi,bb-S5631816
marke,15431691862401,https://admin.shopify.com/store/au3j0y-hq/products/15431691862401,Grillplatte «BRA» (Ø 28 cm),BRA,bb-S9918268
marke,15431691895169,https://admin.shopify.com/store/au3j0y-hq/products/15431691895169,Deko-Boxen-Set «Versa» Lavendel (15-teilig),Versa,bb-S3419026
marke,15431691927937,https://admin.shopify.com/store/au3j0y-hq/products/15431691927937,Zitruspresse «Orbegozo» 18269,Orbegozo,bb-S9916470
marke,15431691960705,https://admin.shopify.com/store/au3j0y-hq/products/15431691960705,Deko-Figur «Home ESPRIT» Bunt,Home ESPRIT,bb-S3059867
marke,15431691993473,https://admin.shopify.com/store/au3j0y-hq/products/15431691993473,Deko-Figur «Home ESPRIT» Natur/Marineblau,Home ESPRIT,bb-S3060505
marke,15431692026241,https://admin.shopify.com/store/au3j0y-hq/products/15431692026241,Messbecher-Set «Viejo Valle» 4 cl (12 Stück),Viejo Valle,bb-S2236914
marke,15431692059009,https://admin.shopify.com/store/au3j0y-hq/products/15431692059009,Vorratsglas «La Mediterránea» (24 Stück),La Mediterránea,bb-S2238574
marke,15431692091777,https://admin.shopify.com/store/au3j0y-hq/products/15431692091777,Servierplatte «La Mediterránea» Scratch Blue,La Mediterránea,bb-S2238602
marke,15431692124545,https://admin.shopify.com/store/au3j0y-hq/products/15431692124545,Tassen-Set «La Mediterránea» Melow 90 ml (36 Stück),La Mediterránea,bb-S2234661
marke,15431692157313,https://admin.shopify.com/store/au3j0y-hq/products/15431692157313,Stabmixer «Fagor» Divamix Wish 1000 W,Fagor,bb-S7927519
marke,15431692190081,https://admin.shopify.com/store/au3j0y-hq/products/15431692190081,Dosenöffner «Supreme» Titan,Supreme,bb-S0454937
marke,15431692222849,https://admin.shopify.com/store/au3j0y-hq/products/15431692222849,Wasserglas «Vivalto» Borosilikat,Vivalto,bb-S3633319
marke,15431692255617,https://admin.shopify.com/store/au3j0y-hq/products/15431692255617,Zuckerdose «Versa» Keramik Blumen,Versa,bb-S3414348
marke,15431692321153,https://admin.shopify.com/store/au3j0y-hq/products/15431692321153,Kissenbezug «Alexandra House Living» Astún Blau,Alexandra House Living,bb-M0704713
marke,15431692419457,https://admin.shopify.com/store/au3j0y-hq/products/15431692419457,Kissenbezug «HappyFriday»,HappyFriday,bb-D1633480
marke,15431692714369,https://admin.shopify.com/store/au3j0y-hq/products/15431692714369,Bettwäsche-Set «HappyFriday» Moshi Moshi,HappyFriday,bb-D1612723
marke,15431692878209,https://admin.shopify.com/store/au3j0y-hq/products/15431692878209,Bettlaken-Set «Pierre Cardin» Estilo (120er Bett),Pierre Cardin,bb-D2102068
marke+safety,15431832568193,https://admin.shopify.com/store/au3j0y-hq/products/15431832568193,Kinder-Badeschlappen «Frozen» Lila,Disney,bb-S4308644
marke,15431832600961,https://admin.shopify.com/store/au3j0y-hq/products/15431832600961,Damen-Badeschlappen «Reebok» Classic,Reebok,bb-S64227105
marke,15431832633729,https://admin.shopify.com/store/au3j0y-hq/products/15431832633729,Herren-Zehentrenner «Rip Curl» Ripper,Rip Curl,bb-S64227216
marke+safety,15431832666497,https://admin.shopify.com/store/au3j0y-hq/products/15431832666497,Kinder-Tennisschuhe «Head» Grün,Head,bb-S64225259
marke,15431832699265,https://admin.shopify.com/store/au3j0y-hq/products/15431832699265,Damen-Sneaker «Reebok»,Reebok,bb-S64227124
marke,15431832732033,https://admin.shopify.com/store/au3j0y-hq/products/15431832732033,Damen-Sneaker «Puma»,Puma,bb-S64226723
marke,15431832764801,https://admin.shopify.com/store/au3j0y-hq/products/15431832764801,Damen-Sneaker «Adidas»,Adidas,bb-S64224646
marke,15431832797569,https://admin.shopify.com/store/au3j0y-hq/products/15431832797569,Damen-Tennisschuhe «Nike» Court Vapor,Nike,bb-S64221961
marke,15431832830337,https://admin.shopify.com/store/au3j0y-hq/products/15431832830337,Damen-Sneaker «Adidas» Crazychaos Grau,Adidas,bb-S64219468
marke+safety,15431832863105,https://admin.shopify.com/store/au3j0y-hq/products/15431832863105,Kinder-Wanderschuhe «Adidas» Terrex AX2R Schwarz,Adidas,bb-S64219407
marke,15431832895873,https://admin.shopify.com/store/au3j0y-hq/products/15431832895873,Damen-Wanderschuhe «Hi-Tec» Ultra Terra Blau,Hi-Tec,bb-S64220179
marke,15431832928641,https://admin.shopify.com/store/au3j0y-hq/products/15431832928641,Herren-Sneaker «Puma» R78 Lightwind Beige (45),Puma,bb-S64193532
marke,15431834698113,https://admin.shopify.com/store/au3j0y-hq/products/15431834698113,Powerbank «Xiaomi» 10.000 mAh Grau,Xiaomi,bb-M0806733
marke,15431834730881,https://admin.shopify.com/store/au3j0y-hq/products/15431834730881,Handyhülle «Mobilis»,Mobilis,bb-S55270940
marke,15431834763649,https://admin.shopify.com/store/au3j0y-hq/products/15431834763649,Kartenleser «TooQ» Schwarz,TooQ,bb-S0245715
marke,15431834796417,https://admin.shopify.com/store/au3j0y-hq/products/15431834796417,Beamer-Ersatzlampe «Epson»,Epson,bb-S55080911
marke,15431834829185,https://admin.shopify.com/store/au3j0y-hq/products/15431834829185,USB-Kabel «Celly» Schwarz/Rosa (2er-Pack),Celly,bb-S0245093
marke,15431834861953,https://admin.shopify.com/store/au3j0y-hq/products/15431834861953,Gehäuselüfter «Zalman» ARGB 120 mm,Zalman,bb-S5634085
marke,15431834894721,https://admin.shopify.com/store/au3j0y-hq/products/15431834894721,Lightning-Kabel «Energizer» Weiss,Energizer,bb-S77221301
marke,15431834927489,https://admin.shopify.com/store/au3j0y-hq/products/15431834927489,"Laptop-Tasche «Acer» 14"" Schwarz",Acer,bb-S91123017
marke,15431834960257,https://admin.shopify.com/store/au3j0y-hq/products/15431834960257,Toner «Xerox»,Xerox,bb-S55301059
marke,15431834993025,https://admin.shopify.com/store/au3j0y-hq/products/15431834993025,Netzteil «T’nB»,T’nB,bb-M0529776
marke,15431835025793,https://admin.shopify.com/store/au3j0y-hq/products/15431835025793,USB-Hub «Gembird»,Gembird,bb-S5630954
marke,15431835058561,https://admin.shopify.com/store/au3j0y-hq/products/15431835058561,Montage-Kit «Noctua» NA-SEC1 Rot,Noctua,bb-S91119257
marke,15431837647233,https://admin.shopify.com/store/au3j0y-hq/products/15431837647233,Herren-T-Shirt «Vans» Classic (XL),Vans,bb-S64182358
marke,15431837680001,https://admin.shopify.com/store/au3j0y-hq/products/15431837680001,Damen-T-Shirt «Adidas» Linear Schwarz (XS),Adidas,bb-S64174623
marke,15431837811073,https://admin.shopify.com/store/au3j0y-hq/products/15431837811073,Cap «The North Face» Recycled 66,The North Face,bb-S2038131
marke+safety,15431837843841,https://admin.shopify.com/store/au3j0y-hq/products/15431837843841,Kinder-Kleid «Disney» Blau (3-4 J.),Disney,bb-S2442164
marke+safety,15431838007681,https://admin.shopify.com/store/au3j0y-hq/products/15431838007681,Kinder-Cap «Gabby's Dollhouse» Lila,Gabby's Dollhouse,bb-S2451187
marke,15431841251713,https://admin.shopify.com/store/au3j0y-hq/products/15431841251713,Blumentopf-Set «DKD Home Decor» Metall Schwarz (2er),DKD Home Decor,bb-S3044412
marke,15431841317249,https://admin.shopify.com/store/au3j0y-hq/products/15431841317249,Sichtschutz-Netz «Fun&Go» Premium Anthrazit,Fun&Go,bb-S7919708
marke,15431841350017,https://admin.shopify.com/store/au3j0y-hq/products/15431841350017,Blumentopf «Elho» Vibia Gelb (24 cm),Elho,bb-S7170691
marke,15431841382785,https://admin.shopify.com/store/au3j0y-hq/products/15431841382785,Drucksprüher «Progarden» (2 L),Progarden,bb-S7916507
marke,15431841415553,https://admin.shopify.com/store/au3j0y-hq/products/15431841415553,LED-Strahler «EDM» 30 W (2100 lm),EDM,bb-S7909530
marke,15431841448321,https://admin.shopify.com/store/au3j0y-hq/products/15431841448321,Grill-Schutzhülle «Altadex» Grün,Altadex,bb-S7910268
marke,15431841481089,https://admin.shopify.com/store/au3j0y-hq/products/15431841481089,Sonnenschirm «DKD Home Decor» Braun/Schwarz (270 cm),DKD Home Decor,bb-S3042471
marke,15431843086721,https://admin.shopify.com/store/au3j0y-hq/products/15431843086721,Gläser-Set «Borgonovo» Frosty 330 ml (6er),Borgonovo,bb-S2227153
marke,15431843119489,https://admin.shopify.com/store/au3j0y-hq/products/15431843119489,Wandspiegel «Gift Decor» Braun rund (73 cm),Gift Decor,bb-S3630303
marke,15431843152257,https://admin.shopify.com/store/au3j0y-hq/products/15431843152257,Kerzen-Set «Algon» Rot (36 St.),Algon,bb-S2229286
marke,15431843185025,https://admin.shopify.com/store/au3j0y-hq/products/15431843185025,Servierschale «Bormioli» Ebro rund (12er),Bormioli,bb-S2227486
marke,15431843283329,https://admin.shopify.com/store/au3j0y-hq/products/15431843283329,Vorhang «Home ESPRIT» Beige (140×260 cm),Home ESPRIT,bb-S3053844
marke,15431843348865,https://admin.shopify.com/store/au3j0y-hq/products/15431843348865,Tassen mit Untertasse «Vivalto» Glas 200 ml (6er),Vivalto,bb-S3630106
marke,15431843381633,https://admin.shopify.com/store/au3j0y-hq/products/15431843381633,Elektrogrill «Esperanza» EKG007 (2000 W),Esperanza,bb-S9102357
marke,15431843414401,https://admin.shopify.com/store/au3j0y-hq/products/15431843414401,Spritzbeutel-Set «Kinvara» (6er),Kinvara,bb-S3628394
marke,15431843447169,https://admin.shopify.com/store/au3j0y-hq/products/15431843447169,Tischset «Kinvara» Multicolor,Kinvara,bb-S3628353
marke,15431843512705,https://admin.shopify.com/store/au3j0y-hq/products/15431843512705,Backform «Kinvara» Stahl Dunkelgrau,Kinvara,bb-S3625523
marke,15431843578241,https://admin.shopify.com/store/au3j0y-hq/products/15431843578241,Party-Set «Star Wars» (6er),Star Wars,bb-S8900934
marke,15431843611009,https://admin.shopify.com/store/au3j0y-hq/products/15431843611009,"Speiseteller «Quid» Vita Peoni Rosa (Ø27 cm, 12er)",Quid,bb-S2707708
marke,15431843676545,https://admin.shopify.com/store/au3j0y-hq/products/15431843676545,Mini-Teller-Set «Arcoroc» Appetizer Weiss,Arcoroc,bb-S2704069
marke,15431851278721,https://admin.shopify.com/store/au3j0y-hq/products/15431851278721,Pflanzenroller «Progarden» Grau,Progarden,bb-S7901395
marke,15431851311489,https://admin.shopify.com/store/au3j0y-hq/products/15431851311489,Wandleuchte «EDM» 10 W (750 lm),EDM,bb-S7902639
marke,15431851344257,https://admin.shopify.com/store/au3j0y-hq/products/15431851344257,Gartenschere «Progarden»,Progarden,bb-S7910691
marke,15431851409793,https://admin.shopify.com/store/au3j0y-hq/products/15431851409793,Teleskop-Heckenschere «Stocker»,Stocker,bb-S7911769
marke,15431851442561,https://admin.shopify.com/store/au3j0y-hq/products/15431851442561,Design-Lampe «Philips» 6 W (600 lm),Philips,bb-S7908843
marke,15431851475329,https://admin.shopify.com/store/au3j0y-hq/products/15431851475329,LED-Strahler «EDM» Black Series 30 W,EDM,bb-S7911235
marke,15431851508097,https://admin.shopify.com/store/au3j0y-hq/products/15431851508097,"Schlauch-Verbinder «Gardena» 1/2""",Gardena,bb-S7909451
marke,15431851540865,https://admin.shopify.com/store/au3j0y-hq/products/15431851540865,Design-Lampe «Philips» E27 (60 W),Philips,bb-S7908846
marke,15431851573633,https://admin.shopify.com/store/au3j0y-hq/products/15431851573633,Schutzhülle für Gartenstuhl «Altadex» Grün,Altadex,bb-S7910264
marke,15431851606401,https://admin.shopify.com/store/au3j0y-hq/products/15431851606401,Fisch-Grillkorb «Sauvic» (54 cm),Sauvic,bb-S7910381
marke,15431851639169,https://admin.shopify.com/store/au3j0y-hq/products/15431851639169,Pflanzkasten mit Untersetzer «Plastiken» Anthrazit (60 cm),Plastiken,bb-S7907702
marke,15431851704705,https://admin.shopify.com/store/au3j0y-hq/products/15431851704705,Elektrischer Insektenvernichter «Aprilla»,Aprilla,bb-S2210972
marke,15431851737473,https://admin.shopify.com/store/au3j0y-hq/products/15431851737473,Garten-Dekofigur «Ibergarden» Weiss/Gold,Ibergarden,bb-S3610554
marke,15431851770241,https://admin.shopify.com/store/au3j0y-hq/products/15431851770241,Wetterstation «Alecto» Multifunktion,Alecto,bb-S6500304
marke,15431852818817,https://admin.shopify.com/store/au3j0y-hq/products/15431852818817,Duftkerze «Acorde» Violett (120 g),Acorde,bb-S3622430
marke,15431852851585,https://admin.shopify.com/store/au3j0y-hq/products/15431852851585,Cocktailgläser-Set «Chef & Sommelier» Nick & Nora,Chef & Sommelier,bb-S2705927
marke,15431852884353,https://admin.shopify.com/store/au3j0y-hq/products/15431852884353,Obstkorb «Versa» Metall Schwarz (29 cm),Versa,bb-S3410581
marke,15431852917121,https://admin.shopify.com/store/au3j0y-hq/products/15431852917121,Spardose «Pincello» Keramik Frosch,Pincello,bb-S3613746
marke,15431852949889,https://admin.shopify.com/store/au3j0y-hq/products/15431852949889,Flaschenkühler «Koala» Gelb,Koala,bb-S2706257
marke,15431852982657,https://admin.shopify.com/store/au3j0y-hq/products/15431852982657,Schmuckkästchen «DKD Home Decor» Lila (23×17×10 cm),DKD Home Decor,bb-S3039861
marke,15431853015425,https://admin.shopify.com/store/au3j0y-hq/products/15431853015425,Vorratsdose «DKD Home Decor» Dolomit (1 L),DKD Home Decor,bb-S3041095
marke,15431853048193,https://admin.shopify.com/store/au3j0y-hq/products/15431853048193,Heizkörper «FM» H30 (1200 W),FM,bb-S0440641
marke,15431853080961,https://admin.shopify.com/store/au3j0y-hq/products/15431853080961,Küchenschrank-Organizer «Metaltex» Kanguro,Metaltex,bb-S7911570
marke,15431853113729,https://admin.shopify.com/store/au3j0y-hq/products/15431853113729,Muffinform «Quid» Silik One,Quid,bb-S2704553
marke,15431853146497,https://admin.shopify.com/store/au3j0y-hq/products/15431853146497,Wanduhr «DKD Home Decor» Glas Gold/Türkis,DKD Home Decor,bb-S3037793
marke,15431853212033,https://admin.shopify.com/store/au3j0y-hq/products/15431853212033,Kaffeetassen-Set «DKD Home Decor» Weiss/Braun,DKD Home Decor,bb-S3036869
marke,15431853244801,https://admin.shopify.com/store/au3j0y-hq/products/15431853244801,Fussmatte «DKD Home Decor» Grau/Rosa (2er),DKD Home Decor,bb-S3030284
marke,15431853277569,https://admin.shopify.com/store/au3j0y-hq/products/15431853277569,Tischgrill «TM Electron»,TM Electron,bb-S6503312
marke,15431853310337,https://admin.shopify.com/store/au3j0y-hq/products/15431853310337,Kissenbezug «Naturals» Tiger (50×30 cm),Naturals,bb-S2806849
marke,15431853343105,https://admin.shopify.com/store/au3j0y-hq/products/15431853343105,Induktionskochplatte «Tristar» KP-6245 (2500 W),Tristar,bb-S0437539
marke,15431853375873,https://admin.shopify.com/store/au3j0y-hq/products/15431853375873,Fondue-Set «Quttin» (2 L),Quttin,bb-S2205748
marke,15431853408641,https://admin.shopify.com/store/au3j0y-hq/products/15431853408641,Deko-Figur «DKD Home Decor» Affe Tropic,DKD Home Decor,bb-S3016862
marke,15431862452609,https://admin.shopify.com/store/au3j0y-hq/products/15431862452609,Verstellbare Hundeleine «Trixie» Orange (M/L),Trixie,bb-M0602033
marke,15431862485377,https://admin.shopify.com/store/au3j0y-hq/products/15431862485377,Hundegeschirr «Trixie» New Premium Kobaltblau (XS/S),Trixie,bb-M0602298
marke,15431862518145,https://admin.shopify.com/store/au3j0y-hq/products/15431862518145,Hundeleine «Trixie» Cavo Graphit (S/M),Trixie,bb-M0600047
marke,15431862550913,https://admin.shopify.com/store/au3j0y-hq/products/15431862550913,Faltbarer Reisenapf «Trixie» Silikon,Trixie,bb-M0600774
marke,15431862583681,https://admin.shopify.com/store/au3j0y-hq/products/15431862583681,Erziehungshalsband «Trixie» Metall (40 cm),Trixie,bb-M0600166
marke,15431862616449,https://admin.shopify.com/store/au3j0y-hq/products/15431862616449,Hundehalsband «Trixie» Premium Grün (M/L),Trixie,bb-M0606970
marke,15431862649217,https://admin.shopify.com/store/au3j0y-hq/products/15431862649217,Hundehalsband «Trixie» Premium Rot/Graphit (L),Trixie,bb-M0606528
marke,15431862681985,https://admin.shopify.com/store/au3j0y-hq/products/15431862681985,Hundehalsband «Trixie» New Premium Kobaltblau (M/L),Trixie,bb-M0602086
marke,15431862714753,https://admin.shopify.com/store/au3j0y-hq/products/15431862714753,Hundegeschirr «Trixie» Fusion Comfort Graphit/Blau,Trixie,bb-M0605122
marke,15431862747521,https://admin.shopify.com/store/au3j0y-hq/products/15431862747521,Hundegeschirr «Julius-K9» IDC Powerharness Rot (L/XL),Julius-K9,bb-M0604007
marke,15431862780289,https://admin.shopify.com/store/au3j0y-hq/products/15431862780289,Hundegeschirr «Company of Animals» Türkis (L),Company of Animals,bb-S6104943
marke,15431862813057,https://admin.shopify.com/store/au3j0y-hq/products/15431862813057,Hundegeschirr «Trixie» Comfort New Premium Schwarz (L/XL),Trixie,bb-M0602214
marke,15431862878593,https://admin.shopify.com/store/au3j0y-hq/products/15431862878593,Kratzbaum «Trixie»,Trixie,bb-M0601434
marke,15431862911361,https://admin.shopify.com/store/au3j0y-hq/products/15431862911361,Transportkäfig «Trixie»,Trixie,bb-M0601761
marke,15431862976897,https://admin.shopify.com/store/au3j0y-hq/products/15431862976897,Kauspielzeug «Gloria» (M),Gloria,bb-S6103996
marke,15431865205121,https://admin.shopify.com/store/au3j0y-hq/products/15431865205121,Damenuhr «Tissot» Lovely (Ø 19 mm),Tissot,bb-S72143412
marke,15431873036673,https://admin.shopify.com/store/au3j0y-hq/products/15431873036673,Haustierbett «GO GIFT» XL Rot (60×45 cm),GO GIFT,bb-S9142396
marke,15431873102209,https://admin.shopify.com/store/au3j0y-hq/products/15431873102209,Hundepullover «Hunter» Malmö Grün,Hunter,bb-S6104492
marke,15431873134977,https://admin.shopify.com/store/au3j0y-hq/products/15431873134977,Hundegeschirr «Hunter» Comfort Grün (XS/S),Hunter,bb-S6104612
marke,15431873167745,https://admin.shopify.com/store/au3j0y-hq/products/15431873167745,Hundepfeife «Coachi»,Coachi,bb-S6103823
marke,15431873233281,https://admin.shopify.com/store/au3j0y-hq/products/15431873233281,Hundegeschirr «Red Dingo» Rot (L),Red Dingo,bb-S6104071
marke,15431873266049,https://admin.shopify.com/store/au3j0y-hq/products/15431873266049,Hundehalsband «Red Dingo» Union Jack,Red Dingo,bb-S6104162
marke,15431883063681,https://admin.shopify.com/store/au3j0y-hq/products/15431883063681,Hundegeschirr «Hunter» Safety VR Rot (L),Hunter,bb-S6103637
marke,15431883096449,https://admin.shopify.com/store/au3j0y-hq/products/15431883096449,Wasserspender «United Pets» Leaf Up Rosa,United Pets,bb-S6103243
marke,15431883129217,https://admin.shopify.com/store/au3j0y-hq/products/15431883129217,Hundehalsband «Hunter» Basic Limette (M),Hunter,bb-S6102581
marke,15431883161985,https://admin.shopify.com/store/au3j0y-hq/products/15431883161985,Hundehalsband «Hunter» Aalborg Schwarz,Hunter,bb-S6101311
marke,15431883194753,https://admin.shopify.com/store/au3j0y-hq/products/15431883194753,Leckerli-Tasche «Hunter» Basic,Hunter,bb-S6102770
marke,15431883227521,https://admin.shopify.com/store/au3j0y-hq/products/15431883227521,Halskrause «KVP» EZ Soft Blau (30-50 cm),KVP,bb-S6100281
marke,15431883260289,https://admin.shopify.com/store/au3j0y-hq/products/15431883260289,Hundeleine «Gloria» Oasis Mehrfach Grün (2 m),Gloria,bb-S6100892
marke,15431883293057,https://admin.shopify.com/store/au3j0y-hq/products/15431883293057,Roll-Leine «Flexi» New Comfort Rosa (M),Flexi,bb-S6103305
marke,15431883325825,https://admin.shopify.com/store/au3j0y-hq/products/15431883325825,Hundemantel «Red Dingo» Puffer Orange/Rot (25 cm),Red Dingo,bb-S6103765
marke,15431883391361,https://admin.shopify.com/store/au3j0y-hq/products/15431883391361,Hundehalsband «Gloria» Oasis Rot (70 cm),Gloria,bb-S6103035
marke,15431883424129,https://admin.shopify.com/store/au3j0y-hq/products/15431883424129,"Hundeleine «Red Dingo» Violett (1,5×120 cm)",Red Dingo,bb-S6103131
marke,15431883489665,https://admin.shopify.com/store/au3j0y-hq/products/15431883489665,Hundegeschirr «Hunter» Hilo-Comfort Blau (S),Hunter,bb-S6103695
marke,15431883522433,https://admin.shopify.com/store/au3j0y-hq/products/15431883522433,Gepolstertes Hundegeschirr «Red Dingo» Rot (L),Red Dingo,bb-S6103117
marke,15431883555201,https://admin.shopify.com/store/au3j0y-hq/products/15431883555201,Hundegeschirr «Red Dingo» Violett (37-61 cm),Red Dingo,bb-S6100125
marke,15431883587969,https://admin.shopify.com/store/au3j0y-hq/products/15431883587969,Hundeleine «Red Dingo» Rosa (2×120 cm),Red Dingo,bb-S6100857
marke,15431883620737,https://admin.shopify.com/store/au3j0y-hq/products/15431883620737,Hundehalsband «Red Dingo» Sterne,Red Dingo,bb-S6103425
marke,15431883653505,https://admin.shopify.com/store/au3j0y-hq/products/15431883653505,Hundespielzeug «Gloria» Plüsch Nilpferd (10 cm),Gloria,bb-S6101787
marke,15431883686273,https://admin.shopify.com/store/au3j0y-hq/products/15431883686273,Kauspielzeug «Nylabone» Welpe (Fleisch/Käse),Nylabone,bb-S6101430
marke,15431883719041,https://admin.shopify.com/store/au3j0y-hq/products/15431883719041,Halsband-Überzug «Sprenger» (36 cm),Sprenger,bb-S6103469
marke,15431895712129,https://admin.shopify.com/store/au3j0y-hq/products/15431895712129,Schultertasche «Michael Kors» Leida Blau,Michael Kors,bb-S0388886
marke,15431897645441,https://admin.shopify.com/store/au3j0y-hq/products/15431897645441,Halskette «Thomas Sabo» Sterling-Silber,Thomas Sabo,bb-S0346481
marke,15431897678209,https://admin.shopify.com/store/au3j0y-hq/products/15431897678209,Armbanduhr «Certina» Caimano (Ø 38 mm) – Swiss Made,Certina,bb-S72110011
marke,15431909409153,https://admin.shopify.com/store/au3j0y-hq/products/15431909409153,Herrenuhr «Seiko» SRPH75K1,Seiko,bb-S72109739
marke,15431909441921,https://admin.shopify.com/store/au3j0y-hq/products/15431909441921,Damenuhr «Citizen»,Citizen,bb-S0389610
marke,15431909474689,https://admin.shopify.com/store/au3j0y-hq/products/15431909474689,Herrenuhr «Jaguar» J980/4 – Swiss Made,Jaguar,bb-S7282380
marke,15431909507457,https://admin.shopify.com/store/au3j0y-hq/products/15431909507457,Sonnenbrille «Versace» Damen (Ø 64 mm),Versace,bb-S0391344
marke,15431909540225,https://admin.shopify.com/store/au3j0y-hq/products/15431909540225,Sonnenbrille «Chopard» Herren (Ø 59 mm),Chopard,bb-S0396806
marke,15431909605761,https://admin.shopify.com/store/au3j0y-hq/products/15431909605761,Sonnenbrille «Porsche Design» P8942,Porsche Design,bb-S72137393
marke,15431909638529,https://admin.shopify.com/store/au3j0y-hq/products/15431909638529,Handtasche «Michael Kors» Charlotte Blau,Michael Kors,bb-S0378281
marke,15431909671297,https://admin.shopify.com/store/au3j0y-hq/products/15431909671297,Handtasche «Michael Kors» Charlotte Schwarz,Michael Kors,bb-S0378283
marke,15431914652033,https://admin.shopify.com/store/au3j0y-hq/products/15431914652033,Halskette «Guess» (45 cm),Guess,bb-S0396650
marke,15431914717569,https://admin.shopify.com/store/au3j0y-hq/products/15431914717569,Halskette «Guess» (50 cm),Guess,bb-S0320355
marke,15431914783105,https://admin.shopify.com/store/au3j0y-hq/products/15431914783105,Armband «Thomas Sabo» Multicolor,Thomas Sabo,bb-S0800513
marke,15431914815873,https://admin.shopify.com/store/au3j0y-hq/products/15431914815873,Armband «Thomas Sabo» (19 cm),Thomas Sabo,bb-S0350905
marke,15431914881409,https://admin.shopify.com/store/au3j0y-hq/products/15431914881409,Anhänger-Kette «Lotus»,Lotus,bb-S7251183
marke,15431914914177,https://admin.shopify.com/store/au3j0y-hq/products/15431914914177,Anhänger-Kette «Lotus» Gold,Lotus,bb-S72115028
marke,15431914946945,https://admin.shopify.com/store/au3j0y-hq/products/15431914946945,Anhänger-Kette «Viceroy» (45 cm),Viceroy,bb-S0335977
marke,15431921140097,https://admin.shopify.com/store/au3j0y-hq/products/15431921140097,Damenuhr «Calvin Klein» Dainty Diamonds (Ø 30 mm),Calvin Klein,bb-S7200604
marke,15431921238401,https://admin.shopify.com/store/au3j0y-hq/products/15431921238401,Herrenuhr «Police» PEWGM0075301 Schwarz,Police,bb-S72136762
marke,15431921402241,https://admin.shopify.com/store/au3j0y-hq/products/15431921402241,Herrenuhr «Tommy Hilfiger» TH85 (Ø 46 mm),Tommy Hilfiger,bb-S72113632
marke,15431928938881,https://admin.shopify.com/store/au3j0y-hq/products/15431928938881,Rucksack «Michael Kors» Casual Grau,Michael Kors,bb-S0389821
marke,15431928971649,https://admin.shopify.com/store/au3j0y-hq/products/15431928971649,Handtasche «Mia Tomazzi» Beige,Mia Tomazzi,bb-S0370309
marke,15431929004417,https://admin.shopify.com/store/au3j0y-hq/products/15431929004417,Rucksack «Anna Luchini» Schwarz,Anna Luchini,bb-S0370242
marke,15431929069953,https://admin.shopify.com/store/au3j0y-hq/products/15431929069953,Handtasche «Anna Luchini» Schwarz,Anna Luchini,bb-S0370239
marke,15431929135489,https://admin.shopify.com/store/au3j0y-hq/products/15431929135489,Handtasche «Roberta M» Beige,Roberta M,bb-S0369519
marke,15431929168257,https://admin.shopify.com/store/au3j0y-hq/products/15431929168257,Handtasche «Laura Ashley» Rot,Laura Ashley,bb-S0368583
marke,15431930478977,https://admin.shopify.com/store/au3j0y-hq/products/15431930478977,Auto-Hundesitz «Trixie» Taupé (55 × 30 × 50 cm),Trixie,bb-M0609114
marke,15431930511745,https://admin.shopify.com/store/au3j0y-hq/products/15431930511745,Schlüsselanhänger «Nike» Premium,Nike,bb-S64189691
marke,15431930544513,https://admin.shopify.com/store/au3j0y-hq/products/15431930544513,Auto-Fussmatten-Set «OCC Motorsport»,OCC Motorsport,bb-S37116597
marke,15431941423489,https://admin.shopify.com/store/au3j0y-hq/products/15431941423489,Wanderrucksack «Deuter» Trail Pro 31 SL Blau (31 L),Deuter,bb-S91116530
marke,15431941456257,https://admin.shopify.com/store/au3j0y-hq/products/15431941456257,Wanderrucksack «Deuter» Futura 23 L,Deuter,bb-S9162321
marke,15431941489025,https://admin.shopify.com/store/au3j0y-hq/products/15431941489025,Fischfinder «Deeper» START,Deeper,bb-S7148054
marke+safety,15431941521793,https://admin.shopify.com/store/au3j0y-hq/products/15431941521793,Kinderfahrrad «Huffy»,Huffy,bb-S91117156
marke,15431941554561,https://admin.shopify.com/store/au3j0y-hq/products/15431941554561,E-Scooter «Rebel» ZAB0031 Blau (100 W),Rebel,bb-S91123343
marke,15431941587329,https://admin.shopify.com/store/au3j0y-hq/products/15431941587329,E-Scooter «Rebel» ZAB0031 Weiss (100 W),Rebel,bb-S91123346
marke,15431941620097,https://admin.shopify.com/store/au3j0y-hq/products/15431941620097,Hanteln «Xiaomi» (verstellbar),Xiaomi,bb-S0470040
marke,15431941652865,https://admin.shopify.com/store/au3j0y-hq/products/15431941652865,Sport-Sonnenbrille «Julbo» Legacy Spectron 4 Schwarz,Julbo,bb-S91124704
marke,15431948468609,https://admin.shopify.com/store/au3j0y-hq/products/15431948468609,Bon-/Ticketdrucker «Premier» ITP-80,Premier,bb-M0808234
marke,15431948501377,https://admin.shopify.com/store/au3j0y-hq/products/15431948501377,Magnettafel «Nobo» Essence Weiss (120 × 90 cm),Nobo,bb-M0900110
marke,15431948534145,https://admin.shopify.com/store/au3j0y-hq/products/15431948534145,Aktenvernichter «HSM» ShredStar X8,HSM,bb-M0511879
marke,15431948566913,https://admin.shopify.com/store/au3j0y-hq/products/15431948566913,Kassenschublade «SumUp» Weiss,SumUp,bb-M0328796
marke,15431948599681,https://admin.shopify.com/store/au3j0y-hq/products/15431948599681,Magnettafel «Nobo» Essence Weiss (150 × 120 cm),Nobo,bb-M0900112
marke,15431948665217,https://admin.shopify.com/store/au3j0y-hq/products/15431948665217,Bindegerät «Fellowes» Metal 25,Fellowes,bb-S9903332
safety,15432177713537,https://admin.shopify.com/store/au3j0y-hq/products/15432177713537,Luftmatratze «Cloud» · selbstaufblasbar-Ventil,Intex,bb-S8905878
marke,15432807383425,https://admin.shopify.com/store/au3j0y-hq/products/15432807383425,Damen-Badeanzug «Adidas» · Schwarz,Adidas,bb-S64221639
marke,15432808595841,https://admin.shopify.com/store/au3j0y-hq/products/15432808595841,Herren-Badehose «Adidas» · Schwarz,Adidas,bb-S64221914
marke+dublette,15433440821633,https://admin.shopify.com/store/au3j0y-hq/products/15433440821633,Trainingsanzug «Russell Athletic» · Damen,LuxeStyle,BB-S64143974-S
marke,15433440887169,https://admin.shopify.com/store/au3j0y-hq/products/15433440887169,Trainingsanzug «Puma Animal» · Damen,LuxeStyle,BB-S64145276-S
marke,15433440919937,https://admin.shopify.com/store/au3j0y-hq/products/15433440919937,Trainingsanzug «Joluvi» · Grün · Damen,LuxeStyle,BB-S64167299-S
marke+dublette,15433444426113,https://admin.shopify.com/store/au3j0y-hq/products/15433444426113,Trainingsanzug «Russell Athletic» · Damen,Russell Athletic,BB-S64145262-S
marke,15433444458881,https://admin.shopify.com/store/au3j0y-hq/products/15433444458881,Trainingsanzug «John Smith Vedra» · Beige · Damen,John Smith,BB-S64167321-S
marke,15433444491649,https://admin.shopify.com/store/au3j0y-hq/products/15433444491649,Trainingsanzug «Adidas Basic» · Grün · Herren,Adidas,BB-S64177519-S
marke,15433444557185,https://admin.shopify.com/store/au3j0y-hq/products/15433444557185,Trainingsanzug «Adidas Colorblock» · Schwarz · Herren,Adidas,BB-S64177527-S
marke,15433444589953,https://admin.shopify.com/store/au3j0y-hq/products/15433444589953,Trainingsanzug «Adidas» · Schwarz · Damen,Adidas,BB-S64177214-S
marke,15433444622721,https://admin.shopify.com/store/au3j0y-hq/products/15433444622721,Trainingsanzug «Adidas 3Stripes» · Schwarz · Damen,Adidas,BB-S64177526-S
marke,15433444655489,https://admin.shopify.com/store/au3j0y-hq/products/15433444655489,Trainingsanzug «Adidas Essentials» · Weiss · Damen,Adidas,BB-S64177652-S
marke,15433444688257,https://admin.shopify.com/store/au3j0y-hq/products/15433444688257,Trainingsanzug «Puma Woven» · Beige · Damen,Puma,BB-S2037499-S
marke+dublette,15433444721025,https://admin.shopify.com/store/au3j0y-hq/products/15433444721025,Trainingsanzug «Champion» · Schwarz · Damen,Champion,BB-S64187760-S
marke,15433444753793,https://admin.shopify.com/store/au3j0y-hq/products/15433444753793,Trainingsanzug «Champion» · Damen,Champion,BB-S64187776-S
marke,15433444786561,https://admin.shopify.com/store/au3j0y-hq/products/15433444786561,Trainingsanzug «Adidas Linear» · Blau · Damen,Adidas,BB-S64170862-S
marke+dublette,15433444884865,https://admin.shopify.com/store/au3j0y-hq/products/15433444884865,Trainingsanzug «Puma Poly» · Schwarz · Damen,Puma,BB-S64204474-S
marke+dublette,15433444917633,https://admin.shopify.com/store/au3j0y-hq/products/15433444917633,Trainingsanzug «Puma Poly» · Schwarz · Damen,Puma,BB-S64215373-S
marke,15433445015937,https://admin.shopify.com/store/au3j0y-hq/products/15433445015937,Trainingsanzug «Puma Straight» · Rosa · Damen,Puma,BB-S64215385-S
marke,15433445147009,https://admin.shopify.com/store/au3j0y-hq/products/15433445147009,Trainingsanzug «Puma Straight» · Weiss · Damen,Puma,BB-S64215386-S
marke,15433445179777,https://admin.shopify.com/store/au3j0y-hq/products/15433445179777,Trainingsanzug «Puma Straight» · Schwarz · Damen,Puma,BB-S64215389-S
marke+dublette,15433445212545,https://admin.shopify.com/store/au3j0y-hq/products/15433445212545,Trainingsanzug «Champion» · Schwarz · Damen,Champion,BB-S64215404-S
marke,15433445245313,https://admin.shopify.com/store/au3j0y-hq/products/15433445245313,Trainingsanzug «Champion» · Hellrosa · Damen,Champion,BB-S64215405-S
marke,15433445278081,https://admin.shopify.com/store/au3j0y-hq/products/15433445278081,Trainingsanzug «Joluvi Lexie» · Damen,Joluvi,BB-S64215412-S
marke,15433445310849,https://admin.shopify.com/store/au3j0y-hq/products/15433445310849,Trainingsanzug «Champion» · Marineblau · Damen,Champion,BB-S64218179-S
marke,15433445343617,https://admin.shopify.com/store/au3j0y-hq/products/15433445343617,Trainingsanzug «Puma For All» · Rot · Herren,Puma,BB-S64204473-S
marke,15433445376385,https://admin.shopify.com/store/au3j0y-hq/products/15433445376385,Trainingsanzug «John Smith Uru» · Orange · Damen,John Smith,BB-S64218182-S
marke,15433445409153,https://admin.shopify.com/store/au3j0y-hq/products/15433445409153,Trainingsanzug «Joluvi Larol» · Damen,Joluvi,BB-S64218181-S
marke,15433445441921,https://admin.shopify.com/store/au3j0y-hq/products/15433445441921,Trainingsanzug «Champion Legacy» · Schwarz · Damen,Champion,BB-S64220854-S
marke,15433445507457,https://admin.shopify.com/store/au3j0y-hq/products/15433445507457,Trainingsanzug «Puma» · Damen,Puma,BB-S64207937-S
marke,15433445540225,https://admin.shopify.com/store/au3j0y-hq/products/15433445540225,Trainingsanzug «Champion» · Rosa · Damen,Champion,BB-S64217582-S
marke+dublette,15433445572993,https://admin.shopify.com/store/au3j0y-hq/products/15433445572993,Trainingsanzug «Champion» · Schwarz · Damen,Champion,BB-S64219818-S
marke,15433445605761,https://admin.shopify.com/store/au3j0y-hq/products/15433445605761,Trainingsanzug «Joluvi» · Dunkelrosa · Damen,Joluvi,BB-S64222416-S
marke,15433459401089,https://admin.shopify.com/store/au3j0y-hq/products/15433459401089,Hundehalsband Hunter Neopren Vario Rot (45-50 cm),Hunter,BB-S6102565
marke,15433459433857,https://admin.shopify.com/store/au3j0y-hq/products/15433459433857,Hundehalsband Hunter Neopren Vario Schwarz (30-35 cm),Hunter,BB-S6103319
marke,15433459466625,https://admin.shopify.com/store/au3j0y-hq/products/15433459466625,Hundehalsband Hunter Neoprene Reflect Rot (49-56 cm),Hunter,BB-S6102730
marke,15433459499393,https://admin.shopify.com/store/au3j0y-hq/products/15433459499393,Hundehalsband Hunter Neopren Vario Rot (40-45 cm),Hunter,BB-S6101781
marke,15433459532161,https://admin.shopify.com/store/au3j0y-hq/products/15433459532161,Hundehalsband Hunter Neoprene Reflect Rot 39-46 cm,Hunter,BB-S6102661
marke,15433459564929,https://admin.shopify.com/store/au3j0y-hq/products/15433459564929,Hundehalsband Hunter Neoprene Reflect Braun,Hunter,BB-S6102707
marke,15433459597697,https://admin.shopify.com/store/au3j0y-hq/products/15433459597697,Hundehalsband Hunter Neopren Vario Braun (40-45 cm),Hunter,BB-S6102787
marke,15433459630465,https://admin.shopify.com/store/au3j0y-hq/products/15433459630465,Hundehalsband Hunter Neoprene Reflect Schwarz (39-46 cm),Hunter,BB-S6102838
marke,15433459663233,https://admin.shopify.com/store/au3j0y-hq/products/15433459663233,Hundehalsband Hunter Neoprene Reflect Rot,Hunter,BB-S6101172
dublette,15433467560321,https://admin.shopify.com/store/au3j0y-hq/products/15433467560321,Damen Stil-Uhr – Zeitlose Eleganz für deinen Auftritt.,Kenneth Cole,BB-S0300716
dublette,15433467625857,https://admin.shopify.com/store/au3j0y-hq/products/15433467625857,Herren Stil-Uhr – Dein Statement für Klasse & Präzision.,Kenneth Cole,BB-S0300707
dublette,15433467658625,https://admin.shopify.com/store/au3j0y-hq/products/15433467658625,Damen Stil-Uhr – Zeitlose Eleganz für deinen Auftritt.,Kenneth Cole,BB-S0300717
dublette,15433467691393,https://admin.shopify.com/store/au3j0y-hq/products/15433467691393,Herren Stil-Uhr – Dein Statement für Klasse & Präzision.,Kenneth Cole,BB-S0300742
dublette,15433467756929,https://admin.shopify.com/store/au3j0y-hq/products/15433467756929,Herren Stil-Uhr – Dein Statement für Klasse & Präzision.,Kenneth Cole,BB-S0300686
marke,15433467888001,https://admin.shopify.com/store/au3j0y-hq/products/15433467888001,Neon Damenbrillen – Dein strahlender Sommer-Look!,Converse,BB-S0303804
marke,15433468510593,https://admin.shopify.com/store/au3j0y-hq/products/15433468510593,Damen Sportanzüge: Dein Style für Training & Freizeit,Reebok,BB-S64223653-S
marke,15433468543361,https://admin.shopify.com/store/au3j0y-hq/products/15433468543361,Damen Freizeitanzüge Beige: Dein Wohlfühl-Look!,Champion,BB-S64228675-S
marke,15433468576129,https://admin.shopify.com/store/au3j0y-hq/products/15433468576129,Herren Jogginghosen Olive: Dein Komfort für Sport & Alltag,Champion,BB-S64228719-S
marke,15433468608897,https://admin.shopify.com/store/au3j0y-hq/products/15433468608897,Damen Sportanzüge: Komfort & Stil für jede Aktivität,Champion,BB-S64228720-S
dublette,15433524314497,https://admin.shopify.com/store/au3j0y-hq/products/15433524314497,Grosse Herrenuhr – Statement für Ihr Handgelenk,Kenneth Cole,BB-S0300687
dublette,15433524347265,https://admin.shopify.com/store/au3j0y-hq/products/15433524347265,Grosse Herrenuhr – Statement für Ihr Handgelenk,Kenneth Cole,BB-S0300688
dublette,15433524380033,https://admin.shopify.com/store/au3j0y-hq/products/15433524380033,"Herrenuhr 44mm – Klassischer Stil, immer pünktlich",Kenneth Cole,BB-S0300703
dublette,15433524412801,https://admin.shopify.com/store/au3j0y-hq/products/15433524412801,"Herrenuhr 44mm – Klassischer Stil, immer pünktlich",Kenneth Cole,BB-S0300709
dublette,15433524445569,https://admin.shopify.com/store/au3j0y-hq/products/15433524445569,Damenuhr 39mm – Moderner Chic für jeden Anlass,Miss Sixty,BB-S0301097
dublette,15433524478337,https://admin.shopify.com/store/au3j0y-hq/products/15433524478337,Damenuhr 39mm – Moderner Chic für jeden Anlass,Miss Sixty,BB-S0301098
dublette,15433524543873,https://admin.shopify.com/store/au3j0y-hq/products/15433524543873,Robuste Damenuhr 50mm – Sportlich und trendbewusst,Sneakers,BB-S0301986
dublette,15433524576641,https://admin.shopify.com/store/au3j0y-hq/products/15433524576641,Robuste Damenuhr 50mm – Sportlich und trendbewusst,Sneakers,BB-S0301987
dublette,15433524609409,https://admin.shopify.com/store/au3j0y-hq/products/15433524609409,Robuste Damenuhr 50mm – Sportlich und trendbewusst,Sneakers,BB-S0301988
dublette,15433524642177,https://admin.shopify.com/store/au3j0y-hq/products/15433524642177,"Damenuhr 23mm – Zartes Design, zeitlose Schönheit",Söl,BB-S0301989
dublette,15433524674945,https://admin.shopify.com/store/au3j0y-hq/products/15433524674945,"Damenuhr 23mm – Zartes Design, zeitlose Schönheit",Söl,BB-S0301990
dublette,15433524707713,https://admin.shopify.com/store/au3j0y-hq/products/15433524707713,"Damenuhr 23mm – Zartes Design, zeitlose Schönheit",Söl,BB-S0301991
dublette,15433524740481,https://admin.shopify.com/store/au3j0y-hq/products/15433524740481,"Damenuhr 23mm – Zartes Design, zeitlose Schönheit",Söl,BB-S0301992
dublette,15433554755969,https://admin.shopify.com/store/au3j0y-hq/products/15433554755969,Histoires de Parfums This Is Not A Blue Bottle Eau de Parfum,Histoires de Parfums,BB-S8302578
dublette,15433554985345,https://admin.shopify.com/store/au3j0y-hq/products/15433554985345,Elie Saab Le Parfum Royal Eau de Parfum 90 ml,Elie Saab,BB-S05109717
marke,15433560686977,https://admin.shopify.com/store/au3j0y-hq/products/15433560686977,Lacoste Match Point Cologne Eau de Toilette 100 ml,Lacoste,BB-S8313371
marke,15433560850817,https://admin.shopify.com/store/au3j0y-hq/products/15433560850817,Lacoste Match Point Eau de Parfum 50 ml,Lacoste,BB-S8313055
dublette,15433561145729,https://admin.shopify.com/store/au3j0y-hq/products/15433561145729,Histoires de Parfums This Is Not A Blue Bottle Eau de Parfum,Histoires de Parfums,BB-S8310219
dublette,15433566814593,https://admin.shopify.com/store/au3j0y-hq/products/15433566814593,Elie Saab Le Parfum Royal Eau de Parfum 90 ml,Elie Saab,BB-M0113293
dublette,15433672917377,https://admin.shopify.com/store/au3j0y-hq/products/15433672917377,Damensonnenbrille Guess Spiegel,Guess,BB-S0316628
dublette,15433672950145,https://admin.shopify.com/store/au3j0y-hq/products/15433672950145,Damensonnenbrille Guess,Guess,BB-S0316633
dublette,15433672982913,https://admin.shopify.com/store/au3j0y-hq/products/15433672982913,Damensonnenbrille Guess,Guess,BB-S0316643
dublette,15433673015681,https://admin.shopify.com/store/au3j0y-hq/products/15433673015681,Damensonnenbrille Guess,Guess,BB-S0316645
dublette,15433673179521,https://admin.shopify.com/store/au3j0y-hq/products/15433673179521,Damensonnenbrille Guess Spiegel,Guess,BB-S0316652
dublette,15433673408897,https://admin.shopify.com/store/au3j0y-hq/products/15433673408897,Herrensonnenbrille Timberland,Timberland,BB-S0317884
dublette,15433673441665,https://admin.shopify.com/store/au3j0y-hq/products/15433673441665,Herrensonnenbrille Timberland,Timberland,BB-S0317885
dublette,15433673507201,https://admin.shopify.com/store/au3j0y-hq/products/15433673507201,Herrensonnenbrille Timberland,Timberland,BB-S0317890
dublette,15433673539969,https://admin.shopify.com/store/au3j0y-hq/products/15433673539969,Herrensonnenbrille Timberland,Timberland,BB-S0317891
dublette,15433673605505,https://admin.shopify.com/store/au3j0y-hq/products/15433673605505,Herrensonnenbrille Timberland,Timberland,BB-S0317894
dublette,15433673769345,https://admin.shopify.com/store/au3j0y-hq/products/15433673769345,Unisex-Sonnenbrille Polaroid,Polaroid,BB-S0322526
dublette,15433673802113,https://admin.shopify.com/store/au3j0y-hq/products/15433673802113,Unisex-Sonnenbrille Polaroid,Polaroid,BB-S0322531
dublette,15433673998721,https://admin.shopify.com/store/au3j0y-hq/products/15433673998721,Unisex-Sonnenbrille Polaroid,Polaroid,BB-S0322552
dublette,15433680257409,https://admin.shopify.com/store/au3j0y-hq/products/15433680257409,Herrenuhr Kenneth Cole,Kenneth Cole,BB-S0300741
dublette,15433680290177,https://admin.shopify.com/store/au3j0y-hq/products/15433680290177,Herrenuhr Kenneth Cole,Kenneth Cole,BB-S0300743
dublette,15433680322945,https://admin.shopify.com/store/au3j0y-hq/products/15433680322945,Herrenuhr Kenneth Cole,Kenneth Cole,BB-S0300746
dublette,15433680388481,https://admin.shopify.com/store/au3j0y-hq/products/15433680388481,Herrenuhr Kenneth Cole,Kenneth Cole,BB-S0300747
dublette,15433680421249,https://admin.shopify.com/store/au3j0y-hq/products/15433680421249,Damenuhr Radiant,Radiant,BB-S0301538
dublette,15433680454017,https://admin.shopify.com/store/au3j0y-hq/products/15433680454017,Damenuhr Radiant,Radiant,BB-S0301540
dublette,15433680486785,https://admin.shopify.com/store/au3j0y-hq/products/15433680486785,Damenuhr Radiant,Radiant,BB-S0301542
dublette,15433680552321,https://admin.shopify.com/store/au3j0y-hq/products/15433680552321,Damenuhr Radiant,Radiant,BB-S0301543
dublette,15433680617857,https://admin.shopify.com/store/au3j0y-hq/products/15433680617857,Damenuhr K&Bros,K&Bros,BB-S0304227
dublette,15433680650625,https://admin.shopify.com/store/au3j0y-hq/products/15433680650625,Damenuhr K&Bros,K&Bros,BB-S0304229
dublette,15433680683393,https://admin.shopify.com/store/au3j0y-hq/products/15433680683393,Damenuhr Madison,Madison,BB-S0304250
dublette,15433680748929,https://admin.shopify.com/store/au3j0y-hq/products/15433680748929,Damenuhr Madison,Madison,BB-S0304267
dublette,15433680847233,https://admin.shopify.com/store/au3j0y-hq/products/15433680847233,Damenuhr Madison,Madison,BB-S0304279
dublette,15433680912769,https://admin.shopify.com/store/au3j0y-hq/products/15433680912769,Damenuhr Madison,Madison,BB-S0304285
dublette,15433681109377,https://admin.shopify.com/store/au3j0y-hq/products/15433681109377,Damenuhr Madison,Madison,BB-S0304290
dublette,15433681174913,https://admin.shopify.com/store/au3j0y-hq/products/15433681174913,Damenuhr Madison,Madison,BB-S0304292
dublette,15433695953281,https://admin.shopify.com/store/au3j0y-hq/products/15433695953281,Unisex-Sonnenbrille Polaroid,Polaroid,BB-S0322553
dublette,15433696084353,https://admin.shopify.com/store/au3j0y-hq/products/15433696084353,Herrensonnenbrille Helly Hansen,Helly Hansen,BB-S0324316
dublette,15433696182657,https://admin.shopify.com/store/au3j0y-hq/products/15433696182657,Herrensonnenbrille Helly Hansen,Helly Hansen,BB-S0324320
dublette,15433696444801,https://admin.shopify.com/store/au3j0y-hq/products/15433696444801,Unisex-Sonnenbrille Helly Hansen,Helly Hansen,BB-S0324324
dublette,15433696543105,https://admin.shopify.com/store/au3j0y-hq/products/15433696543105,Unisex-Sonnenbrille Helly Hansen,Helly Hansen,BB-S0324325
dublette,15433696608641,https://admin.shopify.com/store/au3j0y-hq/products/15433696608641,Unisex-Sonnenbrille Helly Hansen,Helly Hansen,BB-S0324326
dublette,15433696674177,https://admin.shopify.com/store/au3j0y-hq/products/15433696674177,Unisex-Sonnenbrille Helly Hansen,Helly Hansen,BB-S0324327
dublette,15433696739713,https://admin.shopify.com/store/au3j0y-hq/products/15433696739713,Unisex-Sonnenbrille Helly Hansen,Helly Hansen,BB-S0324328
dublette,15433696870785,https://admin.shopify.com/store/au3j0y-hq/products/15433696870785,Damensonnenbrille Helly Hansen,Helly Hansen,BB-S0324330
dublette,15433696936321,https://admin.shopify.com/store/au3j0y-hq/products/15433696936321,Damensonnenbrille Helly Hansen,Helly Hansen,BB-S0324331
dublette,15433697100161,https://admin.shopify.com/store/au3j0y-hq/products/15433697100161,Unisex-Sonnenbrille Helly Hansen,Helly Hansen,BB-S0324333
dublette,15433697165697,https://admin.shopify.com/store/au3j0y-hq/products/15433697165697,Unisex-Sonnenbrille Helly Hansen,Helly Hansen,BB-S0324336
dublette,15433705685377,https://admin.shopify.com/store/au3j0y-hq/products/15433705685377,Damenuhr Madison,Madison,BB-S0304247
dublette,15433705783681,https://admin.shopify.com/store/au3j0y-hq/products/15433705783681,Damenuhr Madison,Madison,BB-S0304248
dublette,15433705914753,https://admin.shopify.com/store/au3j0y-hq/products/15433705914753,Damenuhr Madison,Madison,BB-S0304251
dublette,15433706013057,https://admin.shopify.com/store/au3j0y-hq/products/15433706013057,Damenuhr Madison,Madison,BB-S0304252
dublette,15433706111361,https://admin.shopify.com/store/au3j0y-hq/products/15433706111361,Damenuhr Madison,Madison,BB-S0304253
dublette,15433706176897,https://admin.shopify.com/store/au3j0y-hq/products/15433706176897,Damenuhr Madison,Madison,BB-S0304269
dublette,15433706307969,https://admin.shopify.com/store/au3j0y-hq/products/15433706307969,Damenuhr Madison,Madison,BB-S0304277
dublette,15433706406273,https://admin.shopify.com/store/au3j0y-hq/products/15433706406273,Damenuhr Madison,Madison,BB-S0304278
dublette,15433706471809,https://admin.shopify.com/store/au3j0y-hq/products/15433706471809,Damenuhr Madison,Madison,BB-S0304280
dublette,15433706668417,https://admin.shopify.com/store/au3j0y-hq/products/15433706668417,Herrenuhr Marc Ecko Silberfarben,Marc Ecko,BB-S0304295
dublette,15433706733953,https://admin.shopify.com/store/au3j0y-hq/products/15433706733953,Herrenuhr Marc Ecko,Marc Ecko,BB-S0304308
dublette,15433706832257,https://admin.shopify.com/store/au3j0y-hq/products/15433706832257,Damenuhr Marc Ecko,Marc Ecko,BB-S0304310
dublette,15433706930561,https://admin.shopify.com/store/au3j0y-hq/products/15433706930561,Damenuhr Marc Ecko,Marc Ecko,BB-S0304019
dublette,15433706963329,https://admin.shopify.com/store/au3j0y-hq/products/15433706963329,Damenuhr Marc Ecko,Marc Ecko,BB-S0304020
dublette,15433706996097,https://admin.shopify.com/store/au3j0y-hq/products/15433706996097,Unisex-Uhr Marc Ecko,Marc Ecko,BB-S0304021
dublette,15433707094401,https://admin.shopify.com/store/au3j0y-hq/products/15433707094401,Herrenuhr Marc Ecko,Marc Ecko,BB-S0304022
dublette,15433707127169,https://admin.shopify.com/store/au3j0y-hq/products/15433707127169,Herrenuhr Marc Ecko,Marc Ecko,BB-S0304023
dublette,15433707159937,https://admin.shopify.com/store/au3j0y-hq/products/15433707159937,Damenuhr Marc Ecko,Marc Ecko,BB-S0304024
dublette,15433707192705,https://admin.shopify.com/store/au3j0y-hq/products/15433707192705,Damenuhr Marc Ecko,Marc Ecko,BB-S0304025
dublette,15433782624641,https://admin.shopify.com/store/au3j0y-hq/products/15433782624641,Damensonnenbrille Helly Hansen,Helly Hansen,BB-S0324340
dublette,15433782755713,https://admin.shopify.com/store/au3j0y-hq/products/15433782755713,Unisex-Sonnenbrille Helly Hansen,Helly Hansen,BB-S0324341
dublette,15433782985089,https://admin.shopify.com/store/au3j0y-hq/products/15433782985089,Unisex-Sonnenbrille Helly Hansen,Helly Hansen,BB-S0324344
dublette,15433783116161,https://admin.shopify.com/store/au3j0y-hq/products/15433783116161,Unisex-Sonnenbrille Helly Hansen,Helly Hansen,BB-S0324345
dublette,15433783181697,https://admin.shopify.com/store/au3j0y-hq/products/15433783181697,Unisex-Sonnenbrille Helly Hansen,Helly Hansen,BB-S0324346
dublette,15433783443841,https://admin.shopify.com/store/au3j0y-hq/products/15433783443841,Herrensonnenbrille Helly Hansen,Helly Hansen,BB-S0324352
dublette,15433783509377,https://admin.shopify.com/store/au3j0y-hq/products/15433783509377,Herrensonnenbrille Helly Hansen,Helly Hansen,BB-S0324356
dublette,15433783607681,https://admin.shopify.com/store/au3j0y-hq/products/15433783607681,Herrensonnenbrille Helly Hansen,Helly Hansen,BB-S0324357
dublette,15433783673217,https://admin.shopify.com/store/au3j0y-hq/products/15433783673217,Herrensonnenbrille Helly Hansen,Helly Hansen,BB-S0324358
dublette,15433783771521,https://admin.shopify.com/store/au3j0y-hq/products/15433783771521,Herrensonnenbrille Helly Hansen,Helly Hansen,BB-S0324359
dublette,15433784033665,https://admin.shopify.com/store/au3j0y-hq/products/15433784033665,Herrensonnenbrille Helly Hansen,Helly Hansen,BB-S0324364
dublette,15433784131969,https://admin.shopify.com/store/au3j0y-hq/products/15433784131969,Herrensonnenbrille Helly Hansen,Helly Hansen,BB-S0324365
dublette,15433784295809,https://admin.shopify.com/store/au3j0y-hq/products/15433784295809,Damensonnenbrille Helly Hansen,Helly Hansen,BB-S0324371
dublette,15433790325121,https://admin.shopify.com/store/au3j0y-hq/products/15433790325121,Damenuhr Marc Ecko,Marc Ecko,BB-S0304027
dublette,15433790390657,https://admin.shopify.com/store/au3j0y-hq/products/15433790390657,Herrenuhr Marc Ecko,Marc Ecko,BB-S0304028
dublette,15433790456193,https://admin.shopify.com/store/au3j0y-hq/products/15433790456193,Damenuhr Marc Ecko,Marc Ecko,BB-S0304029
dublette,15433790488961,https://admin.shopify.com/store/au3j0y-hq/products/15433790488961,Damenuhr Marc Ecko,Marc Ecko,BB-S0304030
dublette,15433790521729,https://admin.shopify.com/store/au3j0y-hq/products/15433790521729,Herrenuhr Marc Ecko,Marc Ecko,BB-S0304031
dublette,15433790554497,https://admin.shopify.com/store/au3j0y-hq/products/15433790554497,Unisex-Uhr Marc Ecko,Marc Ecko,BB-S0304032
dublette,15433790587265,https://admin.shopify.com/store/au3j0y-hq/products/15433790587265,Damenuhr Marc Ecko,Marc Ecko,BB-S0304033
dublette,15433790652801,https://admin.shopify.com/store/au3j0y-hq/products/15433790652801,Unisex-Uhr Marc Ecko,Marc Ecko,BB-S0304034
dublette,15433790685569,https://admin.shopify.com/store/au3j0y-hq/products/15433790685569,Herrenuhr Marc Ecko,Marc Ecko,BB-S0304035
dublette,15433790751105,https://admin.shopify.com/store/au3j0y-hq/products/15433790751105,Herrenuhr Marc Ecko,Marc Ecko,BB-S0304036
dublette,15433790783873,https://admin.shopify.com/store/au3j0y-hq/products/15433790783873,Herrenuhr Marc Ecko,Marc Ecko,BB-S0304038
dublette,15433790816641,https://admin.shopify.com/store/au3j0y-hq/products/15433790816641,Herrenuhr Marc Ecko,Marc Ecko,BB-S0304039
dublette,15433790849409,https://admin.shopify.com/store/au3j0y-hq/products/15433790849409,Unisex-Uhr Marc Ecko,Marc Ecko,BB-S0304041
dublette,15433790882177,https://admin.shopify.com/store/au3j0y-hq/products/15433790882177,Herrenuhr Marc Ecko,Marc Ecko,BB-S0304042
dublette,15433790914945,https://admin.shopify.com/store/au3j0y-hq/products/15433790914945,Unisex-Uhr Marc Ecko,Marc Ecko,BB-S0304044
dublette,15433790947713,https://admin.shopify.com/store/au3j0y-hq/products/15433790947713,Herrenuhr Marc Ecko,Marc Ecko,BB-S0304045
dublette,15433791046017,https://admin.shopify.com/store/au3j0y-hq/products/15433791046017,Damenuhr Marc Ecko,Marc Ecko,BB-S0304048
dublette,15433791078785,https://admin.shopify.com/store/au3j0y-hq/products/15433791078785,Herrenuhr Marc Ecko Silberfarben,Marc Ecko,BB-S0304049
dublette,15433791111553,https://admin.shopify.com/store/au3j0y-hq/products/15433791111553,Herrenuhr Marc Ecko,Marc Ecko,BB-S0304053
dublette,15433804349825,https://admin.shopify.com/store/au3j0y-hq/products/15433804349825,Damenring Cristian Lay (14),Cristian Lay,BB-S0302449
dublette,15433804480897,https://admin.shopify.com/store/au3j0y-hq/products/15433804480897,Damenring Cristian Lay (14),Cristian Lay,BB-S0302453
dublette,15433804677505,https://admin.shopify.com/store/au3j0y-hq/products/15433804677505,Damenring Cristian Lay (12),Cristian Lay,BB-S0302460
marke,15433806152065,https://admin.shopify.com/store/au3j0y-hq/products/15433806152065,Sporttasche Adidas Lin Per TB M,Adidas,BB-S2006571
dublette,15433809494401,https://admin.shopify.com/store/au3j0y-hq/products/15433809494401,Unisex-Uhr Marc Ecko,Marc Ecko,BB-S0304054
dublette,15433809527169,https://admin.shopify.com/store/au3j0y-hq/products/15433809527169,Unisex-Uhr Marc Ecko,Marc Ecko,BB-S0304055
dublette,15433809559937,https://admin.shopify.com/store/au3j0y-hq/products/15433809559937,Herrenuhr Marc Ecko,Marc Ecko,BB-S0304066
dublette,15433809625473,https://admin.shopify.com/store/au3j0y-hq/products/15433809625473,Herrenuhr Marc Ecko Silberfarben,Marc Ecko,BB-S0304076
dublette,15433809691009,https://admin.shopify.com/store/au3j0y-hq/products/15433809691009,Unisex-Uhr Marc Ecko,Marc Ecko,BB-S0304082
dublette,15433809723777,https://admin.shopify.com/store/au3j0y-hq/products/15433809723777,Herrenuhr Marc Ecko Silberfarben,Marc Ecko,BB-S0304085
dublette,15433809756545,https://admin.shopify.com/store/au3j0y-hq/products/15433809756545,Herrenuhr Marc Ecko Silberfarben,Marc Ecko,BB-S0304088
dublette,15433809789313,https://admin.shopify.com/store/au3j0y-hq/products/15433809789313,Damenuhr K&Bros,K&Bros,BB-S0308171
dublette,15433857040769,https://admin.shopify.com/store/au3j0y-hq/products/15433857040769,Damensonnenbrille Helly Hansen,Helly Hansen,BB-S0324369
dublette,15433857171841,https://admin.shopify.com/store/au3j0y-hq/products/15433857171841,Unisex-Sonnenbrille Helly Hansen,Helly Hansen,BB-S0324374
dublette,15433857204609,https://admin.shopify.com/store/au3j0y-hq/products/15433857204609,Herrensonnenbrille Helly Hansen,Helly Hansen,BB-S0324380
marke+dublette,15433857270145,https://admin.shopify.com/store/au3j0y-hq/products/15433857270145,Damensonnenbrille Adidas,Adidas,BB-S0326379
marke,15433857335681,https://admin.shopify.com/store/au3j0y-hq/products/15433857335681,Herren Sonnenbrillen – Dynamischer Schutz für Sport & Alltag,Adidas,BB-S0326389
marke+dublette,15433857368449,https://admin.shopify.com/store/au3j0y-hq/products/15433857368449,Damensonnenbrille Adidas,Adidas,BB-S0326393
safety,15433903505793,https://admin.shopify.com/store/au3j0y-hq/products/15433903505793,Schwimmbad Abnehmbar Mascow Blau 120 x 30 x 120 cm Haustiere,Mascow,BB-S3609749
safety,15433903538561,https://admin.shopify.com/store/au3j0y-hq/products/15433903538561,Schwimmbad Abnehmbar Mascow Blau 80 x 20 x 80 cm Haustiere,Mascow,BB-S3609765
dublette,15433914581377,https://admin.shopify.com/store/au3j0y-hq/products/15433914581377,"Lidschatten Glamour Artdeco (0,8 g)",Artdeco,BB-S0555881
marke,15433915564417,https://admin.shopify.com/store/au3j0y-hq/products/15433915564417,Hundehalsband Hunter Softie Rosa (36-44 cm),Hunter,BB-S6101095
marke+dublette,15433915597185,https://admin.shopify.com/store/au3j0y-hq/products/15433915597185,Hundehalsband Rot – Weicher Tragekomfort für deinen Hund,Hunter,BB-S6101078
marke,15433915629953,https://admin.shopify.com/store/au3j0y-hq/products/15433915629953,Hundehalsband Hunter Convenience Rosa (23-31 cm),Hunter,BB-S6101123
marke+dublette,15433915662721,https://admin.shopify.com/store/au3j0y-hq/products/15433915662721,Hundehalsband Rot – Weicher Tragekomfort für deinen Hund,Hunter,BB-S6101079
marke,15433915695489,https://admin.shopify.com/store/au3j0y-hq/products/15433915695489,Hundehalsband Hunter Convenience Orange (28-36 cm),Hunter,BB-S6101153
marke,15433915728257,https://admin.shopify.com/store/au3j0y-hq/products/15433915728257,Hundehalsband Hunter Convenience Schwarz (23-31 cm),Hunter,BB-S6101126
marke+dublette,15433915761025,https://admin.shopify.com/store/au3j0y-hq/products/15433915761025,Hundehalsband Hunter Convenience türkis,Hunter,BB-S6101130
marke,15433915793793,https://admin.shopify.com/store/au3j0y-hq/products/15433915793793,Hundehalsband Hunter Convenience Gelb (33-41 cm),Hunter,BB-S6101154
safety,15433921823105,https://admin.shopify.com/store/au3j0y-hq/products/15433921823105,Hausschuhe für Kinder Atlético de Madrid Andinas 799-20 Rot Weiss Für,Andinas,BB-S2004990
safety,15433921855873,https://admin.shopify.com/store/au3j0y-hq/products/15433921855873,Hausschuhe für Kinder Atlético de Madrid Andinas 799-20 Rot Weiss,Andinas,BB-S2004991
safety,15433922052481,https://admin.shopify.com/store/au3j0y-hq/products/15433922052481,Tischfussball für Kinder Strategic Liga Chicos 79 x 66 x 68 cm (79 x 66,Chicos,BB-S2403173
dublette,15433922183553,https://admin.shopify.com/store/au3j0y-hq/products/15433922183553,Schultasche Sevilla Fútbol Club Rot (38 x 28 x 6 cm),Sevilla Fútbol Club,BB-S4301156
dublette,15433922216321,https://admin.shopify.com/store/au3j0y-hq/products/15433922216321,Schultasche Sevilla Fútbol Club Rot (38 x 28 x 6 cm),Sevilla Fútbol Club,BB-S4301597
dublette,15433922838913,https://admin.shopify.com/store/au3j0y-hq/products/15433922838913,Rucksack mit Federtaschen Atlético Madrid In blue Marineblau 12 x 23 x,Atlético Madrid,BB-S4300204
dublette,15433938141569,https://admin.shopify.com/store/au3j0y-hq/products/15433938141569,"Lidschatten Glamour Artdeco (0,8 g)",Artdeco,BB-S0559288
marke,15433938829697,https://admin.shopify.com/store/au3j0y-hq/products/15433938829697,Hundehalsband Hunter Convenience Rosa,Hunter,BB-S6101155
marke,15433938862465,https://admin.shopify.com/store/au3j0y-hq/products/15433938862465,Hundehalsband Hunter Convenience Gelb (23-31 cm),Hunter,BB-S6101152
marke,15433938895233,https://admin.shopify.com/store/au3j0y-hq/products/15433938895233,Hundehalsband Hunter Convenience Orange (38-46 cm),Hunter,BB-S6101157
marke,15433938928001,https://admin.shopify.com/store/au3j0y-hq/products/15433938928001,Hundehalsband Hunter Convenience Schwarz (42-50 cm),Hunter,BB-S6101162
marke,15433938960769,https://admin.shopify.com/store/au3j0y-hq/products/15433938960769,Hundehalsband Hunter Convenience Turquoise (42-50 cm),Hunter,BB-S6101163
marke,15433938993537,https://admin.shopify.com/store/au3j0y-hq/products/15433938993537,Hundehalsband Hunter Convenience Turquoise (38-46 cm),Hunter,BB-S6101158
marke,15433939026305,https://admin.shopify.com/store/au3j0y-hq/products/15433939026305,Hundehalsband Hunter Convenience Gelb (42-50 cm),Hunter,BB-S6101160
marke+dublette,15433939059073,https://admin.shopify.com/store/au3j0y-hq/products/15433939059073,Hundehalsband Hunter Convenience türkis,Hunter,BB-S6101505
marke,15433939157377,https://admin.shopify.com/store/au3j0y-hq/products/15433939157377,Hundehalsband Hunter Convenience Orange (23-31 cm),Hunter,BB-S6101507
marke,15433939190145,https://admin.shopify.com/store/au3j0y-hq/products/15433939190145,Hundehalsband Hunter Convenience Schwarz (33-41 cm),Hunter,BB-S6101460
marke,15433942270337,https://admin.shopify.com/store/au3j0y-hq/products/15433942270337,Fussballtrikot T-Shirt Joma Sport Eco Championship,Joma Sport,BB-S64146514-S
marke,15433942368641,https://admin.shopify.com/store/au3j0y-hq/products/15433942368641,Fussballtrikot T-Shirt Adidas Tiro24 Blau,Adidas,BB-S64177390-S
marke,15433942401409,https://admin.shopify.com/store/au3j0y-hq/products/15433942401409,Fussballtrikot T-Shirt Adidas Messi Training Lila,Adidas,BB-S64177344-S
marke,15433942434177,https://admin.shopify.com/store/au3j0y-hq/products/15433942434177,Fussballtrikot T-Shirt Adidas Al Nassr Fc 24/25 Gelb,Adidas,BB-S64177346-S
marke,15433942466945,https://admin.shopify.com/store/au3j0y-hq/products/15433942466945,Fussballtrikot T-Shirt Adidas Tiro23 Blau,Adidas,BB-S64177591-S
marke,15433942499713,https://admin.shopify.com/store/au3j0y-hq/products/15433942499713,Fussballtrikot T-Shirt Adidas Argentina 24 Blau,Adidas,BB-S64177228-S
marke,15433942532481,https://admin.shopify.com/store/au3j0y-hq/products/15433942532481,Fussballtrikot T-Shirt Adidas Jamaica 2024 Pre Match grün,Adidas,BB-S64177584-S
marke,15433942565249,https://admin.shopify.com/store/au3j0y-hq/products/15433942565249,Weiss-blaues Fussballtrikot: Dynamischer Stil für den Platz.,Adidas,BB-S64177367-S
marke,15433942598017,https://admin.shopify.com/store/au3j0y-hq/products/15433942598017,Fussballtrikot T-Shirt Adidas Messi Training Blau Weiss,Adidas,BB-S64178251-S
marke,15433942630785,https://admin.shopify.com/store/au3j0y-hq/products/15433942630785,Fussballtrikot T-Shirt Adidas Tiro23 Schwarz,Adidas,BB-S64178140-S
marke,15433942663553,https://admin.shopify.com/store/au3j0y-hq/products/15433942663553,Fussballtrikot T-Shirt Adidas Tiro24 Competition Orange,Adidas,BB-S64178229-S
marke,15433942729089,https://admin.shopify.com/store/au3j0y-hq/products/15433942729089,Fussballtrikot T-Shirt Puma Girona Home Jersey Replica,Puma,BB-S64218687-S
marke,15433942761857,https://admin.shopify.com/store/au3j0y-hq/products/15433942761857,Fussballtrikot T-Shirt Puma 660278 07 (2XL),Puma,BB-S64207721-S
marke,15433942827393,https://admin.shopify.com/store/au3j0y-hq/products/15433942827393,Fussballtrikot: Dein sportlicher Begleiter für jede Partie.,Puma,BB-S64227057-S
marke,15433942860161,https://admin.shopify.com/store/au3j0y-hq/products/15433942860161,Fussballtrikot T-Shirt Adidas IU2082 Deutschland (M),Adidas,BB-S64229227-S
marke,15434089726337,https://admin.shopify.com/store/au3j0y-hq/products/15434089726337,Hundehalsband Hunter Convenience Schwarz (28-36 cm),Hunter,BB-S6101462
marke,15434089759105,https://admin.shopify.com/store/au3j0y-hq/products/15434089759105,Hundehalsband Hunter Convenience Schwarz (38-46 cm),Hunter,BB-S6102493
marke,15434089791873,https://admin.shopify.com/store/au3j0y-hq/products/15434089791873,Hundehalsband Hunter Softie Rosa (32-40 cm),Hunter,BB-S6101607
marke+dublette,15434089824641,https://admin.shopify.com/store/au3j0y-hq/products/15434089824641,Hundehalsband Hunter Convenience türkis,Hunter,BB-S6102475
marke+dublette,15434089857409,https://admin.shopify.com/store/au3j0y-hq/products/15434089857409,Hundehalsband Hunter Convenience Orange,Hunter,BB-S6102480
marke,15434089890177,https://admin.shopify.com/store/au3j0y-hq/products/15434089890177,Hundehalsband Hunter Convenience Gelb (38-46 cm),Hunter,BB-S6102492
marke,15434089922945,https://admin.shopify.com/store/au3j0y-hq/products/15434089922945,Hundehalsband Hunter Convenience Rosa M/L 42-50 cm,Hunter,BB-S6102498
marke,15434089955713,https://admin.shopify.com/store/au3j0y-hq/products/15434089955713,Hundehalsband Hunter Convenience grün Grösse S/M (33-41 cm),Hunter,BB-S6102644
marke,15434089988481,https://admin.shopify.com/store/au3j0y-hq/products/15434089988481,Hundehalsband Hunter Convenience Rosa S (28-36 cm),Hunter,BB-S6102641
marke,15434090021249,https://admin.shopify.com/store/au3j0y-hq/products/15434090021249,Hundehalsband Hunter Convenience Rosa M (38-46 cm),Hunter,BB-S6102645
dublette,15434098016641,https://admin.shopify.com/store/au3j0y-hq/products/15434098016641,Flüssig-Make-up Clinique,Clinique,BB-S0560048
marke,15434098180481,https://admin.shopify.com/store/au3j0y-hq/products/15434098180481,Hundehalsband Hunter Convenience grün S (28-36 cm),Hunter,BB-S6102642
marke,15434098213249,https://admin.shopify.com/store/au3j0y-hq/products/15434098213249,Hundehalsband Hunter Convenience Rosa S/M,Hunter,BB-S6102643
marke,15434098246017,https://admin.shopify.com/store/au3j0y-hq/products/15434098246017,Hundehalsband Hunter Convenience grün M (38-46 cm),Hunter,BB-S6102646
marke,15434098278785,https://admin.shopify.com/store/au3j0y-hq/products/15434098278785,Hundehalsband Hunter Convenience Pink M/L 42-50 cm,Hunter,BB-S6102650
marke,15434098311553,https://admin.shopify.com/store/au3j0y-hq/products/15434098311553,Hundehalsband Hunter Softie Schwarz (32-40 cm),Hunter,BB-S6102751
marke,15434098409857,https://admin.shopify.com/store/au3j0y-hq/products/15434098409857,Hundehalsband Hunter Convenience grün Grösse M/L (42-50 cm),Hunter,BB-S6102654
marke,15434098442625,https://admin.shopify.com/store/au3j0y-hq/products/15434098442625,Hundehalsband Hunter Softie Rot (28-38 cm),Hunter,BB-S6102719
marke,15434098475393,https://admin.shopify.com/store/au3j0y-hq/products/15434098475393,Hundehalsband Hunter Softie Rot (32-40 cm),Hunter,BB-S6102755
marke,15434098508161,https://admin.shopify.com/store/au3j0y-hq/products/15434098508161,Hundehalsband Hunter Softie Rosa (28-38 cm),Hunter,BB-S6102720
marke,15434098540929,https://admin.shopify.com/store/au3j0y-hq/products/15434098540929,Hundehalsband Hunter Softie Schwarz (42-53 cm),Hunter,BB-S6102756
marke,15434474979713,https://admin.shopify.com/store/au3j0y-hq/products/15434474979713,Hundehalsband Hunter Convenience Gelb (28-36 cm),Hunter,BB-S6102760
marke,15434475045249,https://admin.shopify.com/store/au3j0y-hq/products/15434475045249,Hundehalsband Hunter Softie Rosa,Hunter,BB-S6102757
marke+dublette,15434475078017,https://admin.shopify.com/store/au3j0y-hq/products/15434475078017,Hundehalsband Hunter Convenience Orange,Hunter,BB-S6102781
marke,15434475110785,https://admin.shopify.com/store/au3j0y-hq/products/15434475110785,Hundehalsband Hunter Softie Schwarz (28-38 cm),Hunter,BB-S6102846
marke,15434475176321,https://admin.shopify.com/store/au3j0y-hq/products/15434475176321,Hundehalsband Hunter Softie Schwarz (36-44 cm),Hunter,BB-S6102856
marke,15434475209089,https://admin.shopify.com/store/au3j0y-hq/products/15434475209089,Hundehalsband Hunter Convenience Rosa (28-36 cm),Hunter,BB-S6103318
dublette,15434945462657,https://admin.shopify.com/store/au3j0y-hq/products/15434945462657,Damenuhr ODM,ODM,BB-S0310313
dublette,15434945528193,https://admin.shopify.com/store/au3j0y-hq/products/15434945528193,Damenuhr ODM,ODM,BB-S0310446
dublette,15434945593729,https://admin.shopify.com/store/au3j0y-hq/products/15434945593729,Damenuhr XTRESS,XTRESS,BB-S0311513
marke,15434947494273,https://admin.shopify.com/store/au3j0y-hq/products/15434947494273,Unisex-Sonnenbrille Adidas,Adidas,BB-S0326401
marke+dublette,15434947527041,https://admin.shopify.com/store/au3j0y-hq/products/15434947527041,Damensonnenbrille Adidas,Adidas,BB-S0326400
dublette,15434947559809,https://admin.shopify.com/store/au3j0y-hq/products/15434947559809,Damensonnenbrille Gant,Gant,BB-S0329001
dublette,15434947592577,https://admin.shopify.com/store/au3j0y-hq/products/15434947592577,Damensonnenbrille Gant,Gant,BB-S0329003
dublette,15434947658113,https://admin.shopify.com/store/au3j0y-hq/products/15434947658113,Damensonnenbrille Gant,Gant,BB-S0329006
dublette,15434947690881,https://admin.shopify.com/store/au3j0y-hq/products/15434947690881,Damensonnenbrille Gant,Gant,BB-S0329007
dublette,15434947756417,https://admin.shopify.com/store/au3j0y-hq/products/15434947756417,Herrensonnenbrille Gant,Gant,BB-S0328980
dublette,15434968236417,https://admin.shopify.com/store/au3j0y-hq/products/15434968236417,Herren-Sportshorts Under Armour Tech Schwarz Fitness,Under Armour,BB-S64188632
dublette,15434968269185,https://admin.shopify.com/store/au3j0y-hq/products/15434968269185,Herren-Sportshorts Under Armour Tech Schwarz Fitness,Under Armour,BB-S64188631
dublette,15434969645441,https://admin.shopify.com/store/au3j0y-hq/products/15434969645441,Herrensonnenbrille Gant,Gant,BB-S0329016
dublette,15434969678209,https://admin.shopify.com/store/au3j0y-hq/products/15434969678209,Unisex-Sonnenbrille Gant,Gant,BB-S0329017
dublette,15434969743745,https://admin.shopify.com/store/au3j0y-hq/products/15434969743745,Herrensonnenbrille Gant,Gant,BB-S0329026
dublette,15434969874817,https://admin.shopify.com/store/au3j0y-hq/products/15434969874817,Herrensonnenbrille Gant,Gant,BB-S0329027
dublette,15434969907585,https://admin.shopify.com/store/au3j0y-hq/products/15434969907585,Herrensonnenbrille Gant,Gant,BB-S0329028
dublette,15434969973121,https://admin.shopify.com/store/au3j0y-hq/products/15434969973121,Unisex-Sonnenbrille Gant,Gant,BB-S0329029
dublette,15434970005889,https://admin.shopify.com/store/au3j0y-hq/products/15434970005889,Herrensonnenbrille Gant,Gant,BB-S0329041
marke,15435112055169,https://admin.shopify.com/store/au3j0y-hq/products/15435112055169,Herren Sweater mit Kapuze Reebok TE TWILL FZ HOODIE EC079 Granatrot,Reebok,BB-S2019361-S
marke,15435112219009,https://admin.shopify.com/store/au3j0y-hq/products/15435112219009,Trainings-Sweatshirt für Erwachsene Nike DM2917-419-S (S),Nike,BB-V3401972-S
marke,15435112251777,https://admin.shopify.com/store/au3j0y-hq/products/15435112251777,Herren Sweater mit Kapuze Champion HOODED SWEATSHIRT 220253 CBU Blau,Champion,BB-S2033247-S
marke,15435112317313,https://admin.shopify.com/store/au3j0y-hq/products/15435112317313,Schwarzer Herren Hoodie – Das vielseitige Basic für dich,Champion,BB-S2033249-S
marke,15435112350081,https://admin.shopify.com/store/au3j0y-hq/products/15435112350081,Herren Sweater mit Kapuze Champion HOODED SWEATSHIRT 220258 NBK Schwarz,Champion,BB-S2033251-S
marke,15435112415617,https://admin.shopify.com/store/au3j0y-hq/products/15435112415617,Herren Sweater mit Kapuze Champion HOODED SWEATSHIRT 220253 WHT Weiss,Champion,BB-S2033250-S
marke,15435112448385,https://admin.shopify.com/store/au3j0y-hq/products/15435112448385,Herren Sweater ohne Kapuze Champion CREWNECK SWEATSHIRT 220254 NBK,Champion,BB-S2033243-S
marke,15435112546689,https://admin.shopify.com/store/au3j0y-hq/products/15435112546689,Herren Sweater ohne Kapuze Champion CREWNECK SWEATSHIRT 220259 NNY,Champion,BB-S2033245-S
marke,15435112579457,https://admin.shopify.com/store/au3j0y-hq/products/15435112579457,Trainings-Sweatshirt für Erwachsene Joma Sport Championship Schwarz,Joma Sport,BB-S64149469-S
marke,15435113529729,https://admin.shopify.com/store/au3j0y-hq/products/15435113529729,Sportsocken Puma 7312 Herren 3 Paar 39-42 (3 pcs),Puma,BB-S2004110
marke,15435113562497,https://admin.shopify.com/store/au3j0y-hq/products/15435113562497,Sport-Knöchelsocken Puma FOOTIE (3 Paar) Grau,Puma,BB-S2005692
marke,15435113628033,https://admin.shopify.com/store/au3j0y-hq/products/15435113628033,Sportsocken Puma SHORT CREW,Puma,BB-S2005696
marke,15435113660801,https://admin.shopify.com/store/au3j0y-hq/products/15435113660801,Sportsocken Puma SPORT (3 Paar) Weiss,Puma,BB-S2005699
marke,15435113693569,https://admin.shopify.com/store/au3j0y-hq/products/15435113693569,Bunte Sportsocken 3er Pack: Stil & Komfort für jeden Tag,Puma,BB-S2005700
marke,15435113726337,https://admin.shopify.com/store/au3j0y-hq/products/15435113726337,Sportsocken Puma SNEAKER LADY (3 Paar),Puma,BB-S2009424
marke,15435113824641,https://admin.shopify.com/store/au3j0y-hq/products/15435113824641,Sport-Knöchelsocken Puma FOOTIE (3 Paar) Schwarz,Puma,BB-S2005693
marke,15435113857409,https://admin.shopify.com/store/au3j0y-hq/products/15435113857409,Sportsocken Puma SPORT (3 Paar) Schwarz Herren Unisex,Puma,BB-S2010774
marke,15435114971521,https://admin.shopify.com/store/au3j0y-hq/products/15435114971521,Sportkappe New Era Mlb Flawless,New Era,BB-S2011179
marke,15435115037057,https://admin.shopify.com/store/au3j0y-hq/products/15435115037057,Sportkappe 940 LEAG BASIC NEYYAN New Era,New Era,BB-S2017035
marke,15435115069825,https://admin.shopify.com/store/au3j0y-hq/products/15435115069825,Sportkappe New Era 9FORTY YAN 10531938 (Einheitsgrösse),New Era,BB-S2017475
marke,15435115102593,https://admin.shopify.com/store/au3j0y-hq/products/15435115102593,Sportkappe 9FORTY NEYYAN New Era 12523897 Grau Baumwolle (Einheitsgrösse),New Era,BB-S2020552
marke,15435115135361,https://admin.shopify.com/store/au3j0y-hq/products/15435115135361,Sportkappe New Era NEW YORK YANKEES Grau Baumwolle (Einheitsgrösse),New Era,BB-S2020553
marke,15435115168129,https://admin.shopify.com/store/au3j0y-hq/products/15435115168129,Sportkappe THE LEAGUE CHIWHI GM New Era 10047515 Schwarz (Einheitsgrösse),New Era,BB-S2021222
marke,15435115200897,https://admin.shopify.com/store/au3j0y-hq/products/15435115200897,Sportkappe THE LEAGUE CHIBUL OTC New Era 11405614 Schwarz,New Era,BB-S2021227
marke,15435115233665,https://admin.shopify.com/store/au3j0y-hq/products/15435115233665,Sportkappe THE LEAGUE LOSLAK OT New Era 11405605 Rosa (Einheitsgrösse),New Era,BB-S2021226
marke,15435115659649,https://admin.shopify.com/store/au3j0y-hq/products/15435115659649,Laufschuhe für Damen Reebok WORK N CUSHION 3.0,Reebok,BB-S2006699-S
marke,15435115692417,https://admin.shopify.com/store/au3j0y-hq/products/15435115692417,Laufschuhe für Damen Adidas DURAMO LITE 2.0 Weiss,Adidas,BB-S2010766-S
marke,15435116085633,https://admin.shopify.com/store/au3j0y-hq/products/15435116085633,Herren Kurzarm-Poloshirt Adidas CLUB SOLID POLO DX1806 Schwarz,Adidas,BB-S2018042-S
dublette,15435117560193,https://admin.shopify.com/store/au3j0y-hq/products/15435117560193,Rucksacktrolley Safta Blau 40 x 85 x 28 cm,Safta,BB-S4302186
dublette,15435117691265,https://admin.shopify.com/store/au3j0y-hq/products/15435117691265,Rucksacktrolley Safta Blau 40 x 85 x 28 cm,Safta,BB-S4302208
marke,15435142300033,https://admin.shopify.com/store/au3j0y-hq/products/15435142300033,Kurzärmliges Sport T-Shirt NBA SCRIPT MESH New Era WHIFDR 60284736 Weiss,New Era,BB-S2021406
marke,15435142332801,https://admin.shopify.com/store/au3j0y-hq/products/15435142332801,Kurzärmliges Sport T-Shirt MESH TEE LOSLAK BLKTRP New Era 60284737,New Era,BB-S2021407
marke,15435142365569,https://admin.shopify.com/store/au3j0y-hq/products/15435142365569,Herren Kurzarm-T-Shirt New Era Essential Visor Sticker Weiss,New Era,BB-S6487770
marke,15435142398337,https://admin.shopify.com/store/au3j0y-hq/products/15435142398337,Sportkappe New Era League Essential 9Forty New York Yankees grün,New Era,BB-S2021561
marke,15435142431105,https://admin.shopify.com/store/au3j0y-hq/products/15435142431105,Schultertasche New Era SIDE 11942030 Schwarz,New Era,BB-S2021534
marke,15435142463873,https://admin.shopify.com/store/au3j0y-hq/products/15435142463873,Kurzärmliges Sport T-Shirt New Era TEAM LOGO TEE LOSLAK BLK 11530752,New Era,BB-S2021272
marke,15435144167809,https://admin.shopify.com/store/au3j0y-hq/products/15435144167809,Herren-Sportschuhe Reebok Floatride Run Fast 2.0 Schwarz,Reebok,BB-S6432564-S
marke,15435144298881,https://admin.shopify.com/store/au3j0y-hq/products/15435144298881,Schwarze Herren Sneaker: Zeitloser Style für jeden Anlass,Vans,BB-S2020230-S
dublette,15435144626561,https://admin.shopify.com/store/au3j0y-hq/products/15435144626561,Kurzarm Poloshirt Sparco MARTINI-R L Marineblau,Sparco,BB-S3721278-S
dublette,15435144659329,https://admin.shopify.com/store/au3j0y-hq/products/15435144659329,Kurzarm Poloshirt Sparco MARTINI-R L Marineblau,Sparco,BB-S3721296-S
dublette,15435164811649,https://admin.shopify.com/store/au3j0y-hq/products/15435164811649,Damenuhr XTRESS,XTRESS,BB-S0311590
dublette,15435164844417,https://admin.shopify.com/store/au3j0y-hq/products/15435164844417,Damenuhr XTRESS,XTRESS,BB-S0311537
dublette,15435164877185,https://admin.shopify.com/store/au3j0y-hq/products/15435164877185,Damenuhr XTRESS,XTRESS,BB-S0311539
dublette,15435164909953,https://admin.shopify.com/store/au3j0y-hq/products/15435164909953,Damenuhr XTRESS,XTRESS,BB-S0311540
dublette,15435164942721,https://admin.shopify.com/store/au3j0y-hq/products/15435164942721,Damenuhr XTRESS,XTRESS,BB-S0311546
dublette,15435164975489,https://admin.shopify.com/store/au3j0y-hq/products/15435164975489,Damenuhr XTRESS,XTRESS,BB-S0311547
dublette,15435167170945,https://admin.shopify.com/store/au3j0y-hq/products/15435167170945,Herrensonnenbrille Gant,Gant,BB-S0329074
dublette,15435167236481,https://admin.shopify.com/store/au3j0y-hq/products/15435167236481,Damensonnenbrille Guess,Guess,BB-S0330411
dublette,15435167302017,https://admin.shopify.com/store/au3j0y-hq/products/15435167302017,Unisex-Sonnenbrille Italia Independent,Italia Independent,BB-S0330904
dublette,15435167367553,https://admin.shopify.com/store/au3j0y-hq/products/15435167367553,Unisex-Sonnenbrille Italia Independent,Italia Independent,BB-S0330910
dublette,15435167400321,https://admin.shopify.com/store/au3j0y-hq/products/15435167400321,Unisex-Sonnenbrille Italia Independent,Italia Independent,BB-S0330913
marke,15435168252289,https://admin.shopify.com/store/au3j0y-hq/products/15435168252289,Sportkappe New Era 11209938 Weiss (Einheitsgrösse),New Era,BB-S2016529
marke,15435168317825,https://admin.shopify.com/store/au3j0y-hq/products/15435168317825,Herren Kurzarm-T-Shirt New Era ESSENTLS TEE 60416742 Schwarz,New Era,BB-S2027137
marke,15435168350593,https://admin.shopify.com/store/au3j0y-hq/products/15435168350593,Sportrucksack New Era MULTI STADIUM 60240058 grün,New Era,BB-S2027079
marke,15435168383361,https://admin.shopify.com/store/au3j0y-hq/products/15435168383361,Sportrucksack MULTI STADIUM New Era 60240059 Rot,New Era,BB-S2027081
marke,15435168416129,https://admin.shopify.com/store/au3j0y-hq/products/15435168416129,Sportrucksack MULTI STADIUM New Era 60287936 Marineblau,New Era,BB-S2027082
marke,15435169366401,https://admin.shopify.com/store/au3j0y-hq/products/15435169366401,Herren-Sportschuhe VAPOR LITE Nike DH2949 024 Schwarz,Nike,BB-S2021145-S
dublette,15435169530241,https://admin.shopify.com/store/au3j0y-hq/products/15435169530241,Herren Kurzarm-Poloshirt Sparco Martini Racing Schwarz,Sparco,BB-S3721284-S
dublette,15435169563009,https://admin.shopify.com/store/au3j0y-hq/products/15435169563009,Herren Kurzarm-Poloshirt Sparco Martini Racing Schwarz,Sparco,BB-S3721301-S
marke,15435169661313,https://admin.shopify.com/store/au3j0y-hq/products/15435169661313,Herren Kurzarm-Poloshirt Pique Adidas FM9952 Schwarz XS,Adidas,BB-S2020806-S
marke,15435169923457,https://admin.shopify.com/store/au3j0y-hq/products/15435169923457,Trainings-Sweatshirt für Erwachsene Champion HALF ZIP SWEATSHIRT 220263,Champion,BB-S2034915-S
marke+dublette,15435169956225,https://admin.shopify.com/store/au3j0y-hq/products/15435169956225,Trainings-Sweatshirt für Erwachsene Puma Manchester City 24/25 Training,Puma,BB-S64166469-S
marke,15435170021761,https://admin.shopify.com/store/au3j0y-hq/products/15435170021761,Herren Sweater mit Kapuze Puma Essentials Big Logo Hoodie Fl,Puma,BB-S64166746-S
marke,15435174216065,https://admin.shopify.com/store/au3j0y-hq/products/15435174216065,Sportkappe New Era 11179830 Rot (Einheitsgrösse),New Era,BB-S2027128
marke,15435174314369,https://admin.shopify.com/store/au3j0y-hq/products/15435174314369,Kurzärmliges Sport T-Shirt New Era TEE LOSDOD TPNSTN 60416427 Braun,New Era,BB-S2027590
marke,15435174379905,https://admin.shopify.com/store/au3j0y-hq/products/15435174379905,Schulrucksack New Era STADIUM 60357026 Rosa,New Era,BB-S2027644
marke,15435174445441,https://admin.shopify.com/store/au3j0y-hq/products/15435174445441,Kurzärmliges Sport T-Shirt New Era ESSENTLS TEE 60416745 Weiss,New Era,BB-S2027136
marke,15435174510977,https://admin.shopify.com/store/au3j0y-hq/products/15435174510977,Sportkappe New Era BASIC 9FORTY 11179829 Weiss Einheitsgrösse,New Era,BB-S2029321
marke,15435176673665,https://admin.shopify.com/store/au3j0y-hq/products/15435176673665,Laufschuhe für Erwachsene Nike TR 11 Schwarz,Nike,BB-S2022129-S
marke,15435176739201,https://admin.shopify.com/store/au3j0y-hq/products/15435176739201,Herren Sneaker Puma POSTMOVE MID GW5525 Weiss,Puma,BB-S2022579-S
marke,15435176804737,https://admin.shopify.com/store/au3j0y-hq/products/15435176804737,Sportliche Herren Sneaker – Komfort & Style für jeden Tag.,Adidas,BB-S2022814-S
marke,15435176903041,https://admin.shopify.com/store/au3j0y-hq/products/15435176903041,Herren Kurzarm-Poloshirt Nike Court Dri-Fit Advantage Weiss,Nike,BB-S6471997-S
marke,15435176968577,https://admin.shopify.com/store/au3j0y-hq/products/15435176968577,Herren Kurzarm-Poloshirt Champion Sportswear Weiss,Champion,BB-S6485484-S
marke+dublette,15435177066881,https://admin.shopify.com/store/au3j0y-hq/products/15435177066881,Trainings-Sweatshirt für Erwachsene Puma Manchester City 24/25 Training,Puma,BB-S64166809-S
marke,15435177099649,https://admin.shopify.com/store/au3j0y-hq/products/15435177099649,Trainings-Sweatshirt für Erwachsene Puma Om Training,Puma,BB-S64166810-S
marke,15435177132417,https://admin.shopify.com/store/au3j0y-hq/products/15435177132417,Herren Sweater ohne Kapuze Champion HALF ZIP SWEATSHIRT 220263 WHT Weiss,Champion,BB-S2033246-S
marke,15435177165185,https://admin.shopify.com/store/au3j0y-hq/products/15435177165185,Herren Rundhals-Pullover – Dein Klassiker für jeden Tag.,Champion,BB-S2033244-S
marke,15435177197953,https://admin.shopify.com/store/au3j0y-hq/products/15435177197953,Herren Sweater mit Kapuze Nike M NK FLC PARK20 PO HOODIE CW6894 719 Gelb,Nike,BB-S2036255-S
dublette,15435180507521,https://admin.shopify.com/store/au3j0y-hq/products/15435180507521,Schraubendreher-Set Ferrestock (6 pcs),Ferrestock,BB-S6501149
dublette,15435184931201,https://admin.shopify.com/store/au3j0y-hq/products/15435184931201,Rucksacktrolley Safta Blau 40 x 85 x 28 cm,Safta,BB-S4302250
marke,15435188601217,https://admin.shopify.com/store/au3j0y-hq/products/15435188601217,Kurzärmliges Sport T-Shirt New Era ESSNTLS LC OS TEE NEYYAN 60435555,New Era,BB-S2030009
marke,15435188633985,https://admin.shopify.com/store/au3j0y-hq/products/15435188633985,Kurzärmliges Sport T-Shirt New Era LEAGUE ESSNTLS LC OS TEE NEYYAN,New Era,BB-S2030008
marke,15435188666753,https://admin.shopify.com/store/au3j0y-hq/products/15435188666753,Kurzärmliges Sport T-Shirt New Era WORDMARK OS TEE NEYYAN 60435524,New Era,BB-S2030014
marke,15435188699521,https://admin.shopify.com/store/au3j0y-hq/products/15435188699521,Kurzärmliges Sport T-Shirt New Era MLB PLAYER GRPHC OS TEE NEYYAN,New Era,BB-S2030013
marke,15435188765057,https://admin.shopify.com/store/au3j0y-hq/products/15435188765057,Weisses Sportshirt: Perfekter Tragekomfort für dein Training.,New Era,BB-S2030015
marke,15435189584257,https://admin.shopify.com/store/au3j0y-hq/products/15435189584257,Laufschuhe für Damen Nike Kaishi 2.0 Rot Lila,Nike,BB-S6464746-S
marke,15435189617025,https://admin.shopify.com/store/au3j0y-hq/products/15435189617025,Herren-Sportschuhe Nike Air Max Motion Braun,Nike,BB-S6465816-S
marke,15435189846401,https://admin.shopify.com/store/au3j0y-hq/products/15435189846401,Ärmelloses Herren-T-Shirt Adidas HIIT Spin Training Schwarz,Adidas,BB-S6486813-S
marke,15435190108545,https://admin.shopify.com/store/au3j0y-hq/products/15435190108545,Damen Sweater mit Kapuze Puma Puma Squad Hoodie Fl,Puma,BB-S64170152-S
marke,15435190141313,https://admin.shopify.com/store/au3j0y-hq/products/15435190141313,Herren Sweater mit Kapuze Adidas Seasonal Essentials Melange Hoodie,Adidas,BB-S64177413-S
marke,15435190174081,https://admin.shopify.com/store/au3j0y-hq/products/15435190174081,Herren Sweater mit Kapuze Adidas All Szn Fleece Hoodie Rosa,Adidas,BB-S64177712-S
dublette,15435191779713,https://admin.shopify.com/store/au3j0y-hq/products/15435191779713,Schraubendreher-Set Ferrestock (6 pcs),Ferrestock,BB-S6501150
dublette,15435192893825,https://admin.shopify.com/store/au3j0y-hq/products/15435192893825,Notizbuch Lamela Orange Din A4 80 Blatt 5 Stücke,Lamela,BB-S8411431
dublette,15435192959361,https://admin.shopify.com/store/au3j0y-hq/products/15435192959361,Notizbuch Lamela Rosa Din A4 80 Blatt 5 Stücke,Lamela,BB-S8411427
dublette,15435192992129,https://admin.shopify.com/store/au3j0y-hq/products/15435192992129,Notizbuch Lamela Rosa Din A4 80 Blatt 5 Stücke,Lamela,BB-S8411432
dublette,15435195974017,https://admin.shopify.com/store/au3j0y-hq/products/15435195974017,Sportsocken Calox,Calox,BB-S2004846
dublette,15435196006785,https://admin.shopify.com/store/au3j0y-hq/products/15435196006785,Sportsocken Calox,Calox,BB-S2004847
marke,15435196039553,https://admin.shopify.com/store/au3j0y-hq/products/15435196039553,Sportsocken Puma SPORT Schwarz,Puma,BB-S2010596
marke,15435196072321,https://admin.shopify.com/store/au3j0y-hq/products/15435196072321,Sportsocken Nike EVERYDAY CUSHIONED SX7664 Schwarz Nylon (3 pcs),Nike,BB-S2017515
marke,15435196105089,https://admin.shopify.com/store/au3j0y-hq/products/15435196105089,Sport-Knöchelsocken Nike Everyday Lightweight SX7678 010 Schwarz,Nike,BB-S2017660
dublette,15435227169153,https://admin.shopify.com/store/au3j0y-hq/products/15435227169153,Damenring Cristian Lay (14),Cristian Lay,BB-S0302461
dublette,15435227201921,https://admin.shopify.com/store/au3j0y-hq/products/15435227201921,Damenring Cristian Lay (16),Cristian Lay,BB-S0302462
dublette,15435227234689,https://admin.shopify.com/store/au3j0y-hq/products/15435227234689,Damenring Cristian Lay (20),Cristian Lay,BB-S0302463
dublette,15435227267457,https://admin.shopify.com/store/au3j0y-hq/products/15435227267457,Damenring Cristian Lay,Cristian Lay,BB-S0302464
marke,15435227660673,https://admin.shopify.com/store/au3j0y-hq/products/15435227660673,"Geldbeutel Disney 70699 Blau 11,5 x 11,0 x 2,5 cm",Disney,BB-S2449988
marke+dublette,15435227890049,https://admin.shopify.com/store/au3j0y-hq/products/15435227890049,Fahrradhelm für Erwachsene Reebok Schwarz Rot Visier,Reebok,BB-S0455134
marke+dublette,15435227922817,https://admin.shopify.com/store/au3j0y-hq/products/15435227922817,Fahrradhelm für Erwachsene Reebok Blau Schwarz Visier,Reebok,BB-S0455133
marke+dublette,15435227955585,https://admin.shopify.com/store/au3j0y-hq/products/15435227955585,Fahrradhelm für Erwachsene Reebok Blau Schwarz Visier,Reebok,BB-S0455132
marke+dublette,15435227988353,https://admin.shopify.com/store/au3j0y-hq/products/15435227988353,Fahrradhelm für Erwachsene Reebok Schwarz Rot Visier,Reebok,BB-S0455135
safety,15435228119425,https://admin.shopify.com/store/au3j0y-hq/products/15435228119425,Schwimmbrille Speedo Futura Classic Schwarz Einheitsgrösse,Speedo,BB-S2023753
safety,15435228184961,https://admin.shopify.com/store/au3j0y-hq/products/15435228184961,Herren-Sportshorts Randy VSR Neopren Schwimmen Blau,Randy,BB-S6497337
marke,15435228381569,https://admin.shopify.com/store/au3j0y-hq/products/15435228381569,Kurzärmliges Sport T-Shirt New Era SCRIPT OS TEE CHIBUL 60435518 Weiss,New Era,BB-S2030018
marke,15435228447105,https://admin.shopify.com/store/au3j0y-hq/products/15435228447105,Herren-Sportshorts New Era NBA MESH PANEL OS SHORTS CHIBUL 60435477,New Era,BB-S2030033
marke,15435228512641,https://admin.shopify.com/store/au3j0y-hq/products/15435228512641,Damen-Sportshorts New Era LIFESTYLE SHORTS NEYYAN 60435299 Schwarz,New Era,BB-S2030031
marke,15435228578177,https://admin.shopify.com/store/au3j0y-hq/products/15435228578177,Herrenhut New Era 10047540 grün Einheitsgrösse,New Era,BB-S2030295
marke,15435228676481,https://admin.shopify.com/store/au3j0y-hq/products/15435228676481,Sportkappe New Era 10047507 Marineblau Einheitsgrösse,New Era,BB-S2030294
marke,15435229266305,https://admin.shopify.com/store/au3j0y-hq/products/15435229266305,Laufschuhe für Erwachsene Nike Renew Run 3 Schwarz Herren,Nike,BB-S6479309-S
marke,15435229495681,https://admin.shopify.com/store/au3j0y-hq/products/15435229495681,Herren Sweater mit Kapuze Adidas Brand Love French Terry Hoodie grün,Adidas,BB-S64177704-S
marke,15435229528449,https://admin.shopify.com/store/au3j0y-hq/products/15435229528449,Herren Sweater mit Kapuze The North Face M DREW PEAK PULLOVER HOODIE,The North Face,BB-S2039434-S
dublette,15435229626753,https://admin.shopify.com/store/au3j0y-hq/products/15435229626753,Herren Sweater mit Kapuze Project X Paris PROJECT SWEAD&HOODIE 2522058,Project X Paris,BB-S2037405-S
dublette,15435229692289,https://admin.shopify.com/store/au3j0y-hq/products/15435229692289,Herren Sweater mit Kapuze Project X Paris PROJECT SWEAD&HOODIE 2522058,Project X Paris,BB-S2037404-S
dublette,15435235393921,https://admin.shopify.com/store/au3j0y-hq/products/15435235393921,Notizbuch Lamela Fluorine Blue Din A4 80 Blatt 5 Stücke,Lamela,BB-S8411425
dublette,15435235426689,https://admin.shopify.com/store/au3j0y-hq/products/15435235426689,Notizbuch Lamela grün Din A4 80 Blatt 5 Stücke,Lamela,BB-S8411434
dublette,15435235557761,https://admin.shopify.com/store/au3j0y-hq/products/15435235557761,Notizbuch Lamela Orange Din A4 80 Blatt 5 Stücke,Lamela,BB-S8411426
dublette,15435242340737,https://admin.shopify.com/store/au3j0y-hq/products/15435242340737,Damenring Cristian Lay (14),Cristian Lay,BB-S0302469
dublette,15435242373505,https://admin.shopify.com/store/au3j0y-hq/products/15435242373505,Damenring Cristian Lay (16),Cristian Lay,BB-S0302470
dublette,15435242406273,https://admin.shopify.com/store/au3j0y-hq/products/15435242406273,Damenring Cristian Lay (18),Cristian Lay,BB-S0302471
dublette,15435242439041,https://admin.shopify.com/store/au3j0y-hq/products/15435242439041,Damenring Cristian Lay (20),Cristian Lay,BB-S0302472
marke,15435242701185,https://admin.shopify.com/store/au3j0y-hq/products/15435242701185,Herren Kurzarm-Poloshirt Champion Bunt,Champion,BB-S64143966-S
marke,15435242799489,https://admin.shopify.com/store/au3j0y-hq/products/15435242799489,Jacken für Herren Champion Champion Full Zip Sweatshirt,Champion,BB-S64189266-S
marke,15435242930561,https://admin.shopify.com/store/au3j0y-hq/products/15435242930561,Damen Sweater mit Kapuze Nike PARK TEAM HOODIE CW6957 302 grün,Nike,BB-S2040320-S
marke,15435243258241,https://admin.shopify.com/store/au3j0y-hq/products/15435243258241,Laufschuhe für Damen Reebok Royal Glide Damen Schwarz,Reebok,BB-S6483519-S
marke,15435249320321,https://admin.shopify.com/store/au3j0y-hq/products/15435249320321,Turnschuhe Puma Disperse Xt 4 Kni Unisex Fitness,Puma,BB-S64215475
marke,15435249353089,https://admin.shopify.com/store/au3j0y-hq/products/15435249353089,Turnschuhe Puma Disperse Xt 4 Kni Damen Fitness,Puma,BB-S64215476
dublette,15435249484161,https://admin.shopify.com/store/au3j0y-hq/products/15435249484161,Damenring Cristian Lay,Cristian Lay,BB-S0302473
dublette,15435249516929,https://admin.shopify.com/store/au3j0y-hq/products/15435249516929,Damenring Cristian Lay (24),Cristian Lay,BB-S0302474
dublette,15435249549697,https://admin.shopify.com/store/au3j0y-hq/products/15435249549697,Damenring Cristian Lay (12),Cristian Lay,BB-S0302475
dublette,15435249582465,https://admin.shopify.com/store/au3j0y-hq/products/15435249582465,Damenring Cristian Lay (14),Cristian Lay,BB-S0302476
dublette,15435250467201,https://admin.shopify.com/store/au3j0y-hq/products/15435250467201,Damenring Cristian Lay (16),Cristian Lay,BB-S0302477
dublette,15435275043201,https://admin.shopify.com/store/au3j0y-hq/products/15435275043201,Flüssig-Make-up Clinique,Clinique,BB-S0509641
dublette,15435275403649,https://admin.shopify.com/store/au3j0y-hq/products/15435275403649,Damenring Cristian Lay (18),Cristian Lay,BB-S0302478
dublette,15435275436417,https://admin.shopify.com/store/au3j0y-hq/products/15435275436417,Damenring Cristian Lay (20),Cristian Lay,BB-S0302479
dublette,15435275501953,https://admin.shopify.com/store/au3j0y-hq/products/15435275501953,Damenring Cristian Lay,Cristian Lay,BB-S0302480
dublette,15435275534721,https://admin.shopify.com/store/au3j0y-hq/products/15435275534721,Damenring Cristian Lay (24),Cristian Lay,BB-S0302481
dublette,15435275567489,https://admin.shopify.com/store/au3j0y-hq/products/15435275567489,Damenring Cristian Lay (14),Cristian Lay,BB-S0302483
dublette,15435278188929,https://admin.shopify.com/store/au3j0y-hq/products/15435278188929,Unisex-Sonnenbrille Italia Independent,Italia Independent,BB-S0330911
dublette,15435369939329,https://admin.shopify.com/store/au3j0y-hq/products/15435369939329,Herren Kurzarm-Poloshirt Jack & Jones JPRBLUWIN POLO SS NOOS 12169064,Jack & Jones,BB-S2034890-S
marke,15435370103169,https://admin.shopify.com/store/au3j0y-hq/products/15435370103169,Damen Sweater mit Kapuze Adidas FARM HOODIE JD6282 Gelb,Adidas,BB-S2039780-S
marke,15435371381121,https://admin.shopify.com/store/au3j0y-hq/products/15435371381121,Sportkappe New Era 9FORTY NEYYAN 60471456 grün Einheitsgrösse,New Era,BB-S2030299
marke,15435371413889,https://admin.shopify.com/store/au3j0y-hq/products/15435371413889,Herrenhut THE LEAGUE New Era MILBUC 11405602 grün Einheitsgrösse,New Era,BB-S2030297
marke,15435371446657,https://admin.shopify.com/store/au3j0y-hq/products/15435371446657,Kurzärmliges Sport T-Shirt New Era NOS NBA LOSLAK 60416756 Schwarz,New Era,BB-S2030494
marke,15435371512193,https://admin.shopify.com/store/au3j0y-hq/products/15435371512193,Gürteltasche New Era NEYYAN 60137393 Schwarz,New Era,BB-S2030328
marke,15435371544961,https://admin.shopify.com/store/au3j0y-hq/products/15435371544961,Kurzärmliges Sport T-Shirt New Era NOS NBA BOSCEL 60505459 Schwarz,New Era,BB-S2030489
marke,15435386749313,https://admin.shopify.com/store/au3j0y-hq/products/15435386749313,Turnschuhe Puma Disperse Xt 4 Wn'S Damen Fitness,Puma,BB-S64215505
marke,15435386847617,https://admin.shopify.com/store/au3j0y-hq/products/15435386847617,Turnschuhe Puma Disperse Xt 4 Herren Fitness,Puma,BB-S64215474
marke,15435386978689,https://admin.shopify.com/store/au3j0y-hq/products/15435386978689,Turnschuhe Puma Disperse Xt 4Glowing Red Herren Fitness,Puma,BB-S64215473
dublette,15435387142529,https://admin.shopify.com/store/au3j0y-hq/products/15435387142529,Turnschuhe Under Armour Charged Commit Schwarz Herren Fitness,Under Armour,BB-S64204781
dublette,15435397562753,https://admin.shopify.com/store/au3j0y-hq/products/15435397562753,Herren Kurzarm-Poloshirt Jack & Jones JPRBLUWIN POLO SS NOOS 12169064,Jack & Jones,BB-S2034892-S
dublette,15435397759361,https://admin.shopify.com/store/au3j0y-hq/products/15435397759361,Herren Kurzarm-Poloshirt Jack & Jones JPRBLUWIN POLO SS NOOS 12169064,Jack & Jones,BB-S2034891-S
marke,15435406836097,https://admin.shopify.com/store/au3j0y-hq/products/15435406836097,Laufschuhe für Damen Reebok GLIDE GV6992 Weiss,Reebok,BB-S2024912-S
marke,15435406934401,https://admin.shopify.com/store/au3j0y-hq/products/15435406934401,Unisex Sneaker Reebok Classic Royal Weiss,Reebok,BB-S6496095-S
marke,15435407163777,https://admin.shopify.com/store/au3j0y-hq/products/15435407163777,Laufschuhe für Damen Reebok COURT ADVANC GZ9640 Weiss,Reebok,BB-S2025474-S
marke,15435608064385,https://admin.shopify.com/store/au3j0y-hq/products/15435608064385,Fahrradhelm für Erwachsene Reebok HTREKKS09-BK-L,Reebok,BB-S0455749
dublette,15435608523137,https://admin.shopify.com/store/au3j0y-hq/products/15435608523137,Notizbuch Lamela grün Din A4 80 Blatt 5 Stücke,Lamela,BB-S8411428
dublette,15435608588673,https://admin.shopify.com/store/au3j0y-hq/products/15435608588673,Notizbuch Lamela Fluorine Blue Din A4 80 Blatt 5 Stücke,Lamela,BB-S8411430
marke,15435610587521,https://admin.shopify.com/store/au3j0y-hq/products/15435610587521,Sport-Knöchelsocken Nike Everyday Lightweight SX7678 010 Weiss,Nike,BB-S2017661
marke,15435610685825,https://admin.shopify.com/store/au3j0y-hq/products/15435610685825,Sportsocken Puma 7312 Grau,Puma,BB-S2020065
marke,15435610718593,https://admin.shopify.com/store/au3j0y-hq/products/15435610718593,Sportsocken Puma 231011001 Schwarz,Puma,BB-S2020071
marke+safety,15435610751361,https://admin.shopify.com/store/au3j0y-hq/products/15435610751361,Schwimmbrille Arena Spider Rosa,Arena,BB-S2025937
safety,15435610816897,https://admin.shopify.com/store/au3j0y-hq/products/15435610816897,Schwimmbrille Intex Pro Master (12 Stück),Intex,BB-S8901578
marke,15435814109569,https://admin.shopify.com/store/au3j0y-hq/products/15435814109569,Kurzärmliges Sport T-Shirt New Era NOS NBA BRONET 60416753 Weiss,New Era,BB-S2030490
marke,15435814142337,https://admin.shopify.com/store/au3j0y-hq/products/15435814142337,Damen Kurzarm-T-Shirt New Era Weiss,New Era,BB-S2030011
marke,15435814207873,https://admin.shopify.com/store/au3j0y-hq/products/15435814207873,Damen Kurzarm-T-Shirt New Era Schwarz,New Era,BB-S2030012
marke,15435814240641,https://admin.shopify.com/store/au3j0y-hq/products/15435814240641,Kurzärmliges Sport T-Shirt New Era 60435482 Weiss (S),New Era,BB-S64132017
marke,15435814896001,https://admin.shopify.com/store/au3j0y-hq/products/15435814896001,Damen Sweater mit Kapuze Puma ESS+ Embroidery Hoodie,Puma,BB-S64220648-S
marke,15435814961537,https://admin.shopify.com/store/au3j0y-hq/products/15435814961537,Damen Sweater mit Kapuze Puma Puma Power Hoodie Fl W Weiss,Puma,BB-S64224266-S
dublette,15435871846785,https://admin.shopify.com/store/au3j0y-hq/products/15435871846785,Rucksack mit Federtaschen Atlético Madrid In blue Marineblau 12 x 23 x,Atlético Madrid,BB-S4300205
dublette,15435872108929,https://admin.shopify.com/store/au3j0y-hq/products/15435872108929,Turnschuhe Under Armour Charged Commit Schwarz Herren Fitness,Under Armour,BB-S64204782
dublette,15435898388865,https://admin.shopify.com/store/au3j0y-hq/products/15435898388865,"Klassische Sonnenbrillen: Zeitloser Stil, bester UV-Schutz",Italia Independent,BB-S0330906
dublette,15435898552705,https://admin.shopify.com/store/au3j0y-hq/products/15435898552705,"Klassische Sonnenbrillen: Zeitloser Stil, bester UV-Schutz",Italia Independent,BB-S0330909
marke,15435914019201,https://admin.shopify.com/store/au3j0y-hq/products/15435914019201,Leichte Damen Laufschuhe – Komfort für jeden Schritt,Reebok,BB-S2025476-S
marke,15435914051969,https://admin.shopify.com/store/au3j0y-hq/products/15435914051969,Schwarze Herren Sportschuhe – Retro-Look & Komfort,Reebok,BB-S2025477-S
marke,15435914084737,https://admin.shopify.com/store/au3j0y-hq/products/15435914084737,Schwarze Damen Laufschuhe – Eleganz trifft Performance,Reebok,BB-S2025478-S
marke,15435914117505,https://admin.shopify.com/store/au3j0y-hq/products/15435914117505,Weisse Herren Sportschuhe – Nachhaltig & Stylisch,Nike,BB-S2025756-S
marke,15435931287937,https://admin.shopify.com/store/au3j0y-hq/products/15435931287937,Ärmelloses Herren-T-Shirt Adidas Terrex Xperior Weiss,Adidas,BB-S64177337-S
marke,15435931320705,https://admin.shopify.com/store/au3j0y-hq/products/15435931320705,Ärmelloses Herren-T-Shirt Reebok Id Train Slvls Tech Braun,Reebok,BB-S64177399-S
marke,15435931353473,https://admin.shopify.com/store/au3j0y-hq/products/15435931353473,Ärmelloses Herren-T-Shirt Reebok Id Train Energy Slvl Schwarz,Reebok,BB-S64177404-S
marke,15435931386241,https://admin.shopify.com/store/au3j0y-hq/products/15435931386241,Ärmelloses Herren-T-Shirt Adidas House Of Tiro Tank Top Lila,Adidas,BB-S64177607-S
marke,15435931419009,https://admin.shopify.com/store/au3j0y-hq/products/15435931419009,Ärmelloses Herren-T-Shirt Champion CHAMPION TANK 220778 Weiss,Champion,BB-S2039298-S
marke,15435931844993,https://admin.shopify.com/store/au3j0y-hq/products/15435931844993,Herren-Sportschuhe Reebok ENERGEN PLUS 2 HR1872 Schwarz,Reebok,BB-S2026386-S
marke,15435931877761,https://admin.shopify.com/store/au3j0y-hq/products/15435931877761,Herren-Sportschuhe Puma CAVEN 380810 25 Weiss,Puma,BB-S2026396-S
marke,15435931910529,https://admin.shopify.com/store/au3j0y-hq/products/15435931910529,Herren-Sportschuhe Puma R22 GRAY TILE 383462 20 Schwarz,Puma,BB-S2026397-S
marke,15435931943297,https://admin.shopify.com/store/au3j0y-hq/products/15435931943297,Herren-Sportschuhe Adidas RUNFALCON 3.0 HQ3790 Schwarz,Adidas,BB-S2026399-S
marke,15435931976065,https://admin.shopify.com/store/au3j0y-hq/products/15435931976065,Padel-Sportschuhe für Erwachsene Head Revolt Court Weiss,Head,BB-S6496893-S
marke+dublette,15435932205441,https://admin.shopify.com/store/au3j0y-hq/products/15435932205441,Damen Kurzarm-T-Shirt Puma W Strong Fitness,Puma,BB-S64205003
marke,15435932238209,https://admin.shopify.com/store/au3j0y-hq/products/15435932238209,Damen Kurzarm-T-Shirt Puma W Tad Essentialsential Race Fitness,Puma,BB-S64216471
marke,15435932270977,https://admin.shopify.com/store/au3j0y-hq/products/15435932270977,Damen Kurzarm-T-Shirt Puma Fitness,Puma,BB-S64216473
marke,15435932336513,https://admin.shopify.com/store/au3j0y-hq/products/15435932336513,Damen Kurzarm-T-Shirt Puma Essentialsential Vnec Fitness,Puma,BB-S64216474
marke+dublette,15435932402049,https://admin.shopify.com/store/au3j0y-hq/products/15435932402049,Damen Kurzarm-T-Shirt Puma W Strong Fitness,Puma,BB-S64216484
marke,15435941052801,https://admin.shopify.com/store/au3j0y-hq/products/15435941052801,Schwarze Herren Sportschuhe – Leicht & bequem für jeden Tag,Reebok,BB-S2026641-S
marke,15435941151105,https://admin.shopify.com/store/au3j0y-hq/products/15435941151105,Marineblaue Herren Sportschuhe – Zeitloser Style für dich,Vans,BB-S2027075-S
marke,15435941708161,https://admin.shopify.com/store/au3j0y-hq/products/15435941708161,Herren Tanktop Weiss – Leicht & luftig für Sport & Freizeit,Champion,BB-S2039300-S
marke,15435941740929,https://admin.shopify.com/store/au3j0y-hq/products/15435941740929,Herren Tanktop Schwarz – Kühl & vielseitig für Sport & Freizeit,Champion,BB-S2039297-S
marke,15436363956609,https://admin.shopify.com/store/au3j0y-hq/products/15436363956609,Ärmelloses Damen-T-Shirt Puma Essentialsential Race Fitness,Puma,BB-S64216472
marke,15436367004033,https://admin.shopify.com/store/au3j0y-hq/products/15436367004033,Sportsocken Puma 882 Grau,Puma,BB-S2020072
marke,15436367102337,https://admin.shopify.com/store/au3j0y-hq/products/15436367102337,Socken Nike SX2554-101 Weiss/Schwarz XL,Nike,BB-S2019920
marke,15436368511361,https://admin.shopify.com/store/au3j0y-hq/products/15436368511361,"Herren Sportschuhe: Vielseitig, bequem & stylisch!",Nike,BB-S2027066-S
marke,15436368544129,https://admin.shopify.com/store/au3j0y-hq/products/15436368544129,Herren Sneaker: Zeitloser Style & bequemer Tragekomfort!,Nike,BB-S2027067-S
marke,15436368576897,https://admin.shopify.com/store/au3j0y-hq/products/15436368576897,"Damen Sneaker: Klassischer Look, bequem für jeden Tag!",Nike,BB-S64108867-S
marke,15436368675201,https://admin.shopify.com/store/au3j0y-hq/products/15436368675201,"Polo Marineblau: Klassischer Stil, hoher Tragekomfort.",Champion,BB-S2039399-S
marke,15436368773505,https://admin.shopify.com/store/au3j0y-hq/products/15436368773505,Herren Polo Weiss: Zeitloser Chic für jeden Anlass.,Champion,BB-S2039400-S
safety,15436413141377,https://admin.shopify.com/store/au3j0y-hq/products/15436413141377,Schlafsack für Babys Domiva Lapinou 6-36 m,Domiva,BB-S7100416
safety,15436420350337,https://admin.shopify.com/store/au3j0y-hq/products/15436420350337,Schwimmflügel Rinat A-Tech Schwarz Orange,Rinat,BB-S6472201
safety,15436420612481,https://admin.shopify.com/store/au3j0y-hq/products/15436420612481,Schwimmflügel The Paw Patrol 25 x 15 cm Schwimmflügel,The Paw Patrol,BB-S2429772
marke+safety,15436491653505,https://admin.shopify.com/store/au3j0y-hq/products/15436491653505,Schwimmflügel Spider-Man 25 x 15 cm Schwimmflügel,Spider-Man,BB-S2429771
marke+safety,15436491751809,https://admin.shopify.com/store/au3j0y-hq/products/15436491751809,Schwimmflügel Frozen 25 x 15 cm Schwimmflügel,Frozen,BB-S2429931
safety,15436492013953,https://admin.shopify.com/store/au3j0y-hq/products/15436492013953,Schwimmflügel Intex Neon 18 x 15 x 10 cm (72 Stück),Intex,BB-S8901417
safety+dublette,15436528877953,https://admin.shopify.com/store/au3j0y-hq/products/15436528877953,Kinderrucksack RCD Espanyol,RCD Espanyol,BB-S4300918
safety,15436530057601,https://admin.shopify.com/store/au3j0y-hq/products/15436530057601,Aufblasbare schwimmfähige Kühlbox Intex Mega Chill 89 x 35 x 89 cm (6,Intex,BB-S8901445
safety+dublette,15437105398145,https://admin.shopify.com/store/au3j0y-hq/products/15437105398145,Kinderrucksack Levante U.D.,Levante U.D.,BB-S4300942
safety+dublette,15437105529217,https://admin.shopify.com/store/au3j0y-hq/products/15437105529217,Kinderrucksack Real Sporting de Gijón Rot,Real Sporting de Gijón,BB-S4301210
safety,15437105693057,https://admin.shopify.com/store/au3j0y-hq/products/15437105693057,Kinderrucksack Real Zaragoza,Real Zaragoza,BB-S4301527
safety,15437105791361,https://admin.shopify.com/store/au3j0y-hq/products/15437105791361,Kinderrucksack Valencia Basket,Valencia Basket,BB-S4301759
dublette,15437156352385,https://admin.shopify.com/store/au3j0y-hq/products/15437156352385,Lockenstab Lussoni Natural Style,Lussoni,BB-S05110157
safety,15437168869761,https://admin.shopify.com/store/au3j0y-hq/products/15437168869761,Schwimmbrille Zoggs Diamond Mirror Blau Weiss Einheitsgrösse,Zoggs,BB-S64112114
safety,15437168968065,https://admin.shopify.com/store/au3j0y-hq/products/15437168968065,Schwimmbrille Zoggs Diamond Mirror Schwarz Rot Einheitsgrösse,Zoggs,BB-S64112115
dublette,15437244727681,https://admin.shopify.com/store/au3j0y-hq/products/15437244727681,Reise-Thermoskanne ThermoSport Edelstahl 1 L (6 Stück),ThermoSport,BB-S2232410
dublette,15437244858753,https://admin.shopify.com/store/au3j0y-hq/products/15437244858753,Reise-Thermoskanne ThermoSport Edelstahl 1 L (6 Stück),ThermoSport,BB-S2232812
dublette,15437271925121,https://admin.shopify.com/store/au3j0y-hq/products/15437271925121,Lockenstab Lussoni Natural Style,Lussoni,BB-S05110158
dublette,15437272023425,https://admin.shopify.com/store/au3j0y-hq/products/15437272023425,Lockenstab Lussoni Natural Style,Lussoni,BB-S05110159
dublette,15437272154497,https://admin.shopify.com/store/au3j0y-hq/products/15437272154497,Lockenstab Lussoni Natural Style,Lussoni,BB-S05110161
dublette,15437272285569,https://admin.shopify.com/store/au3j0y-hq/products/15437272285569,Lockenstab Kashōki Essential Beauty,Kashōki,BB-S05110198
dublette,15437272383873,https://admin.shopify.com/store/au3j0y-hq/products/15437272383873,Lockenstab Kashōki Essential Beauty,Kashōki,BB-S05110199
dublette,15437272482177,https://admin.shopify.com/store/au3j0y-hq/products/15437272482177,Lockenstab Lussoni Natural Style,Lussoni,BB-S05110160
safety,15437286375809,https://admin.shopify.com/store/au3j0y-hq/products/15437286375809,Aufblasbarer Schwimmring Intex Timeless Ø 91 cm Donut,Intex,BB-S2434115
safety+dublette,15437403029889,https://admin.shopify.com/store/au3j0y-hq/products/15437403029889,Kinderrucksack RCD Espanyol,RCD Espanyol,BB-S4300915
safety+dublette,15437403193729,https://admin.shopify.com/store/au3j0y-hq/products/15437403193729,Kinderrucksack Levante U.D.,Levante U.D.,BB-S4300938
safety+dublette,15437403292033,https://admin.shopify.com/store/au3j0y-hq/products/15437403292033,Kinderrucksack Real Sporting de Gijón Rot,Real Sporting de Gijón,BB-S4301206
safety,15437408240001,https://admin.shopify.com/store/au3j0y-hq/products/15437408240001,Schwimmflügel Spidey 25 x 15 cm,Spidey,BB-S2434402
safety,15437408665985,https://admin.shopify.com/store/au3j0y-hq/products/15437408665985,Bestway Aufblasbare Aztekischer Elefant Luftmatratze 183x153 cm Strand,Bestway,BB-D1400283
safety,15437408764289,https://admin.shopify.com/store/au3j0y-hq/products/15437408764289,Bestway Aufblasbare Luftmatratze Flex 'n Fold 106x95 cm Strand und Pool,Bestway,BB-D1400289
safety,15437433930113,https://admin.shopify.com/store/au3j0y-hq/products/15437433930113,Föhn Babyliss 6714E Super Pro 2300 W 2300 W,Babyliss,BB-S7174838
safety,15437491470721,https://admin.shopify.com/store/au3j0y-hq/products/15437491470721,Bestway Zelt Polyester Fiberglas 200x100x100 cm Aufblasbar und Camping,Bestway,BB-D1400582
safety,15437553598849,https://admin.shopify.com/store/au3j0y-hq/products/15437553598849,Baby-Sommerschlafsack – Sicher & atmungsaktiv für Ihr Kind!,Tineo,BB-S7196365
safety,15438283145601,https://admin.shopify.com/store/au3j0y-hq/products/15438283145601,Kinder Leuchtschuhe – Spass & Sicherheit mit Klettverschluss,LuxeStyle,BB-S0737698-S
dublette,15438653718913,https://admin.shopify.com/store/au3j0y-hq/products/15438653718913,Regenbogen Kleid: Farbenfroh feiern!,LuxeStyle,BB-S2423218
dublette,15438653751681,https://admin.shopify.com/store/au3j0y-hq/products/15438653751681,Regenbogen Kleid: Farbenfroh feiern!,LuxeStyle,BB-S2423219
dublette,15438659387777,https://admin.shopify.com/store/au3j0y-hq/products/15438659387777,Herren Sportshorts Schwarz: Atmungsaktiv für dein Training,LuxeStyle,BB-S64132010
dublette,15438659420545,https://admin.shopify.com/store/au3j0y-hq/products/15438659420545,Herren Sportshorts Schwarz: Atmungsaktiv für dein Training,LuxeStyle,BB-S64132009
dublette,15438659846529,https://admin.shopify.com/store/au3j0y-hq/products/15438659846529,Sichere deine Ladung – Verschluss-Gürtel,LuxeStyle,BB-S7917353
dublette,15438659912065,https://admin.shopify.com/store/au3j0y-hq/products/15438659912065,Sichere deine Ladung – Verschluss-Gürtel,LuxeStyle,BB-S7917360
dublette,15438659944833,https://admin.shopify.com/store/au3j0y-hq/products/15438659944833,Sichere deine Ladung – Verschluss-Gürtel,LuxeStyle,BB-S7917354
safety,15438718009729,https://admin.shopify.com/store/au3j0y-hq/products/15438718009729,Holz-Tischfussball für Kinder: Fördert Geschick & Spass,LuxeStyle,BB-S2406685
safety,15439077736833,https://admin.shopify.com/store/au3j0y-hq/products/15439077736833,Lebensechte Babypuppe mit Zubehör – Fördert Fürsorge!,LuxeStyle,BB-S2403515
safety,15439159296385,https://admin.shopify.com/store/au3j0y-hq/products/15439159296385,Baby Nachtlicht 3-in-1 – Beruhigt & projiziert Träume,LuxeStyle,BB-S7170090
safety,15439159329153,https://admin.shopify.com/store/au3j0y-hq/products/15439159329153,Rosa Baby Projektor – Zauberhafte Nächte für Ihr Kind,LuxeStyle,BB-S7185812
safety,15439160705409,https://admin.shopify.com/store/au3j0y-hq/products/15439160705409,"Kinder Smartwatch: Spielend aktiv bleiben – Schwarz, robust",LuxeStyle,BB-S7176468
safety,15439233352065,https://admin.shopify.com/store/au3j0y-hq/products/15439233352065,Kinder Sportschuhe: Perfekter Halt für Spiel & Abenteuer,LuxeStyle,BB-S64216072
safety,15439234990465,https://admin.shopify.com/store/au3j0y-hq/products/15439234990465,Zauberhaftes Babylicht – Für süsse Träume & Ruhe,LuxeStyle,BB-S7185811
safety,15439235056001,https://admin.shopify.com/store/au3j0y-hq/products/15439235056001,Erzähl-Licht Rot – Lebendige Märchen für Kinder,LuxeStyle,BB-S7156008
safety,15439252652417,https://admin.shopify.com/store/au3j0y-hq/products/15439252652417,Interaktives Baby-Stofftier: Spielerisch lernen & wachsen!,LuxeStyle,BB-S2400527
safety,15439822651777,https://admin.shopify.com/store/au3j0y-hq/products/15439822651777,Cars Sitzbezug: Kinderspass & Schutz fürs Auto!,LuxeStyle,BB-S37113960
safety,15440014705025,https://admin.shopify.com/store/au3j0y-hq/products/15440014705025,Top Schwimmbrillen für Erwachsene – Klare Sicht!,LuxeStyle,BB-S8902945
safety,15440014737793,https://admin.shopify.com/store/au3j0y-hq/products/15440014737793,Schwimmflügel für Kinder – Sicher schwimmen lernen!,LuxeStyle,BB-S7172255
safety,15440014770561,https://admin.shopify.com/store/au3j0y-hq/products/15440014770561,Schwimmring für Kinder – Sicherer Badespass!,LuxeStyle,BB-S2434403
safety,15440014836097,https://admin.shopify.com/store/au3j0y-hq/products/15440014836097,Robuster Schwimmring mit Griffen – Dein Wasser-Spass!,LuxeStyle,BB-D1400218
safety,15440014868865,https://admin.shopify.com/store/au3j0y-hq/products/15440014868865,Stylischer Schwimmring mit Griffen – Dein Sommerhit!,LuxeStyle,BB-D1400228
safety,15440018407809,https://admin.shopify.com/store/au3j0y-hq/products/15440018407809,Schwimmende Kühlbox: Erfrischung direkt im Wasser!,LuxeStyle,BB-S8903048
safety,15440677831041,https://admin.shopify.com/store/au3j0y-hq/products/15440677831041,Kinder-Schlauchboot «Surfing Shark» · 112 cm,LuxeStyle,
safety,15440876306817,https://admin.shopify.com/store/au3j0y-hq/products/15440876306817,Mobiler Kinder-Beamer – Bunte Bilder für kleine Augen,LuxeStyle,BB-S7102230
dublette,15440914940289,https://admin.shopify.com/store/au3j0y-hq/products/15440914940289,Headset für klare Calls & Online-Meetings,LuxeStyle,BB-S5614417
dublette,15440915071361,https://admin.shopify.com/store/au3j0y-hq/products/15440915071361,Headset für klare Calls & Online-Meetings,LuxeStyle,BB-S55025241
dublette,15440915988865,https://admin.shopify.com/store/au3j0y-hq/products/15440915988865,Smartwatch Schutzglas: Klarer Schutz für dein Display,LuxeStyle,BB-S55244290
dublette,15440916021633,https://admin.shopify.com/store/au3j0y-hq/products/15440916021633,Smartwatch Schutzglas: Klarer Schutz für dein Display,LuxeStyle,BB-S55244291
dublette,15440916054401,https://admin.shopify.com/store/au3j0y-hq/products/15440916054401,Smartwatch Schutzglas: Klarer Schutz für dein Display,LuxeStyle,BB-S55244293
