keyword;volume;kd;seed;quelle
teppich wohnzimmer;4400;;teppich;semrush
baby bodys;1600;14;baby body;semrush
beamer leinwand;1000;15;beamer;semrush
bikini set damen;1000;16;bikini;semrush
bilderrahmen holz;720;10;bilderrahmen;semrush
bettwäsche beige;480;11;bettwäsche;semrush
aufbewahrungsbox garten;260;11;aufbewahrungsbox;semrush
ballerinas schwarz;260;13;ballerinas;semrush
bastelset mädchen;260;17;bastelset;semrush
arbeitsschuhe mit stahlkappe;210;8;arbeitsschuhe;semrush
aroma diffuser kabellos;210;30;aroma diffuser;semrush
blusenkleid damen;210;15;bluse;semrush
babykleidung junge;170;9;babykleidung;semrush
boots damen schwarz;170;15;boots;semrush
babydecke merinowolle;140;11;babydecke;semrush
akkuschrauber set;90;11;akkuschrauber;semrush
armbanduhr mit wecker;30;0;armbanduhr;semrush
auto zubehör innen;20;0;auto zubehör;semrush
ballettschuhe mädchen;20;0;ballettschuhe;semrush
bluetooth lautsprecher für auto;;;bluetooth lautsprecher;suggest-kandidat
bürostuhl ergonomisch;;;bürostuhl;suggest-kandidat
chelsea boots mädchen;;;chelsea boots;suggest-kandidat
deckenlampe wohnzimmer;;;deckenlampe;suggest-kandidat
diamond painting kinder;;;diamond painting;suggest-kandidat
dirndl damen grün;;;dirndl;suggest-kandidat
duschvorhang beige;;;duschvorhang;suggest-kandidat
elektrische zahnbürste kinder;;;elektrische zahnbürste;suggest-kandidat
etagere holz;;;etagere;suggest-kandidat
ferngesteuertes auto kinder;;;ferngesteuertes auto;suggest-kandidat
fitness tracker ohne display;;;fitness tracker;suggest-kandidat
fitnessgeräte für zuhause;;;fitnessgeräte;suggest-kandidat
futternapf mit chip;;;futternapf;suggest-kandidat
gadgets fürs auto;;;gadgets;suggest-kandidat
gaming stuhl mit massage;;;gaming stuhl;suggest-kandidat
gartendeko winterfest;;;gartendeko;suggest-kandidat
gel nägel set;;;gel nägel;suggest-kandidat
geldbörse klein;;;geldbörse;suggest-kandidat
geschenk für frauen;;;geschenk für frau;suggest-kandidat
geschenk für kinder verpacken;;;geschenk für kinder;suggest-kandidat
geschenkset männer;;;geschenkset;suggest-kandidat
gesichtsmaske kinder;;;gesichtsmaske;suggest-kandidat
glätteisen mit dampf;;;glätteisen;suggest-kandidat
gummistiefel gefüttert kinder;;;gummistiefel;suggest-kandidat
gürtel damen leder;;;gürtel;suggest-kandidat
halloween deko xxl;;;halloween deko;suggest-kandidat
halskette damen gold;;;halskette;suggest-kandidat
handschuhe damen elegant;;;handschuhe;suggest-kandidat
handstaubsauger auto;;;handstaubsauger;suggest-kandidat
hanteln set;;;hanteln;suggest-kandidat
hausschuhe kinder junge;;;hausschuhe;suggest-kandidat
heizdecke camping;;;heizdecke;suggest-kandidat
hemdbluse damen;;;hemd;suggest-kandidat
high heels schwarz;;;high heels;suggest-kandidat
hoodie mit reißverschluss;;;hoodie;suggest-kandidat
hosenrock damen;;;hose;suggest-kandidat
hundebett auto;;;hundebett;suggest-kandidat
hundemantel wasserdicht mit bauchschutz;;;hundemantel;suggest-kandidat
hundezubehör auto;;;hundezubehör;suggest-kandidat
hängematte mit gestell;;;hängematte;suggest-kandidat
jacke damen übergang;;;jacke;suggest-kandidat
jeanskleid damen;;;jeans;suggest-kandidat
jumpsuit damen sommer;;;jumpsuit;suggest-kandidat
kamera für kinder;;;kamera;suggest-kandidat
katzenbett wand;;;katzenbett;suggest-kandidat
katzenzubehör balkon;;;katzenzubehör;suggest-kandidat
kleid damen sommer;;;kleid;suggest-kandidat
klemmbausteine auto;;;klemmbausteine;suggest-kandidat
kopfhörer mit kabel;;;kopfhörer;suggest-kandidat
kratzbaum xxl;;;kratzbaum;suggest-kandidat
kuscheldecke baby;;;kuscheldecke;suggest-kandidat
kuscheltier mit gewicht;;;kuscheltier;suggest-kandidat
küchenhelfer set;;;küchenhelfer;suggest-kandidat
ladegerät autobatterie;;;ladegerät;suggest-kandidat
lampe wohnzimmer;;;lampe;suggest-kandidat
laufschuhe damen schwarz;;;laufschuhe;suggest-kandidat
led strip lights;;;led strip;suggest-kandidat
leggings mädchen;;;leggings;suggest-kandidat
lichterkette mit batterie;;;lichterkette;suggest-kandidat
loafers damen;;;loafer;suggest-kandidat
lockenstab für kurzes haar;;;lockenstab;suggest-kandidat
luftballons mit helium;;;luftballons;suggest-kandidat
luftbefeuchter baby;;;luftbefeuchter;suggest-kandidat
malen nach zahlen kinder;;;malen nach zahlen;suggest-kandidat
maniküre set elektrisch;;;maniküre set;suggest-kandidat
mantel damen elegant;;;mantel;suggest-kandidat
midikleid sommer;;;midikleid;suggest-kandidat
mitbringsel kindergeburtstag;;;mitbringsel;suggest-kandidat
mützen herren;;;mütze;suggest-kandidat
nachthemd mädchen;;;nachthemd;suggest-kandidat
nachttischlampe dimmbar;;;nachttischlampe;suggest-kandidat
nagellack für kinder;;;nagellack;suggest-kandidat
ohrringe kinder;;;ohrringe;suggest-kandidat
overall baby;;;overall;suggest-kandidat
partydeko kinder;;;partydeko;suggest-kandidat
plateauschuhe damen elegant;;;plateauschuhe;suggest-kandidat
plüschtier mit gewicht;;;plüschtier;suggest-kandidat
poloshirt herren hochwertig;;;poloshirt;suggest-kandidat
portemonnaie damen klein;;;portemonnaie;suggest-kandidat
pullover mit reißverschluss;;;pullover;suggest-kandidat
pumps schwarz;;;pumps;suggest-kandidat
pyjama damen kurz;;;pyjama;suggest-kandidat
rasierer damen;;;rasierer;suggest-kandidat
regenjacke mädchen;;;regenjacke;suggest-kandidat
reisezubehör auto;;;reisezubehör;suggest-kandidat
reiskocher klein;;;reiskocher;suggest-kandidat
rock damen lang;;;rock;suggest-kandidat
rucksack damen sportlich elegant;;;rucksack;suggest-kandidat
sandalen damen bequem;;;sandalen;suggest-kandidat
schal damen elegant;;;schal;suggest-kandidat
schlafsack baby;;;schlafsack;suggest-kandidat
schmuckset damen silber;;;schmuckset;suggest-kandidat
schreibtisch kinder;;;schreibtisch;suggest-kandidat
schuhe mit rollen;;;schuhe;suggest-kandidat
schuhregal holz;;;schuhregal;suggest-kandidat
shorts damen knielang;;;shorts;suggest-kandidat
slipper schuhe herren;;;slipper;suggest-kandidat
smartwatch kinder;;;smartwatch;suggest-kandidat
sneakers damen;;;sneaker;suggest-kandidat
socken damen baumwolle;;;socken;suggest-kandidat
sonnenbrille mit sehstärke;;;sonnenbrille;suggest-kandidat
sportschuhe mädchen;;;sportschuhe;suggest-kandidat
stehlampe holz;;;stehlampe;suggest-kandidat
stiefeletten damen mit absatz;;;stiefeletten;suggest-kandidat
stiefeletten damen schwarz;;;stiefel;suggest-kandidat
strampler baby;;;strampler;suggest-kandidat
strickjacke damen lang;;;strickjacke;suggest-kandidat
sweatshirt jacke damen;;;sweatshirt;suggest-kandidat
t-shirt herren gute qualität;;;t-shirt;suggest-kandidat
tasche damen groß;;;tasche;suggest-kandidat
taschenlampe kinder;;;taschenlampe;suggest-kandidat
tischlampe ohne kabel;;;tischlampe;suggest-kandidat
top damen sommer;;;top;suggest-kandidat
tote bag mit reißverschluss;;;tote bag;suggest-kandidat
trekkingstöcke faltbar;;;trekkingstöcke;suggest-kandidat
turnschuhe mädchen;;;turnschuhe;suggest-kandidat
uhr mit sekunden;;;uhr;suggest-kandidat
verlobungsring gold;;;verlobungsring;suggest-kandidat
vorhangschiene decke;;;vorhang;suggest-kandidat
wandbilder wohnzimmer;;;wandbild;suggest-kandidat
wanddeko wohnzimmer;;;wanddeko;suggest-kandidat
wanderrucksack damen;;;wanderrucksack;suggest-kandidat
wanderschuhe damen wasserdicht;;;wanderschuhe;suggest-kandidat
wandregal holz;;;wandregal;suggest-kandidat
wecker kinder;;;wecker;suggest-kandidat
werkzeugkoffer kinder;;;werkzeugkoffer;suggest-kandidat
weste damen elegant;;;weste;suggest-kandidat
winterjacke mädchen;;;winterjacke;suggest-kandidat
winterschuhe mädchen;;;winterschuhe;suggest-kandidat
wohndeko modern;;;wohndeko;suggest-kandidat
wolldecke baby;;;wolldecke;suggest-kandidat
wäschekorb mit deckel;;;wäschekorb;suggest-kandidat
yogamatte faltbar;;;yogamatte;suggest-kandidat
adventskalender kaufen kinder;;;adventskalender;suggest-kandidat
aquarium schweiz gross;;;aquarium;suggest-kandidat
armband kaufen damen;;;armband;suggest-kandidat
bartpflege set kaufen;;;bartpflege;suggest-kandidat
bausteine kaufen kinder;;;bausteine;suggest-kandidat
drohne kaufen schweiz;;;drohne;suggest-kandidat
handyhülle holz schweiz;;;handyhülle;suggest-kandidat
hundeleinen kaufen;;;hundeleine;suggest-kandidat
hundespielzeug holz schweiz;;;hundespielzeug;suggest-kandidat
kette kaufen damen;;;kette;suggest-kandidat
magnetische wimpern schweiz;;;wimpern;suggest-kandidat
parfum kaufen herren;;;parfum;suggest-kandidat
poster schweiz vintage;;;poster;suggest-kandidat
ring kaufen damen;;;ring;suggest-kandidat
schmuck schweiz gold;;;schmuck;suggest-kandidat
schweizer spielzeug für kinder;;;spielzeug;suggest-kandidat
trikot schweiz kinder;;;trikot;suggest-kandidat
zelt kaufen wasserdicht;;;zelt;suggest-kandidat
batterien aa;;;batterien;suggest-kandidat
camping zubehör tenero;;;camping zubehör;suggest-kandidat
foundation deutsch;;;foundation;suggest-kandidat
gaming zubehör pc;;;gaming zubehör;suggest-kandidat
geschenk für mann geburtstag;;;geschenk für mann;suggest-kandidat
geschenkidee freundin;;;geschenkidee;suggest-kandidat
geschenkverpackung box;;;geschenkverpackung;suggest-kandidat
haarpflege für trockenes haar;;;haarpflege;suggest-kandidat
haartrockner für locken;;;haartrockner;suggest-kandidat
hautpflegemittel kreuzworträtsel;;;hautpflege;suggest-kandidat
hochzeitsgeschenke für brautpaar;;;hochzeitsgeschenk;suggest-kandidat
katzenspielzeug selber basteln;;;katzenspielzeug;suggest-kandidat
kissen für seitenschläfer;;;kissen;suggest-kandidat
koffer organizer;;;koffer;suggest-kandidat
make up organizer;;;make up;suggest-kandidat
pc zubehör gaming;;;pc zubehör;suggest-kandidat
puzzle adventskalender;;;puzzle;suggest-kandidat
ventilator leise;;;ventilator;suggest-kandidat
vr brille handy;;;vr brille;suggest-kandidat
webcam pontresina;;;webcam;suggest-kandidat
weihnachtsdeko outdoor;;;weihnachtsdeko;suggest-kandidat
werkzeugkoffer leer;;;werkzeug;suggest-kandidat
aufbewahrung schrank kaufen;;;aufbewahrung;suggest-kandidat
haushaltsgeräte kaufen schweiz;;;haushaltsgeräte;suggest-kandidat
vase kaufen schweiz;;;vase;suggest-kandidat
abendkleider damen;;;abendkleid;suggest-kandidat
autoladegerät handy;;;autoladegerät;suggest-kandidat
babyphone ohne kamera;;;babyphone;suggest-kandidat
bademantel damen;;;bademantel;suggest-kandidat
badematte kinder;;;badematte;suggest-kandidat
badetuch kinder;;;badetuch;suggest-kandidat
bar zubehör set;;;bar zubehör;suggest-kandidat
beachbag xxl;;;beachbag;suggest-kandidat
besteck set;;;besteck;suggest-kandidat
bettdecke 160x210;;;bettdecke;suggest-kandidat
brosche gold;;;brosche;suggest-kandidat
brotdose kinder;;;brotdose;suggest-kandidat
campingstuhl faltbar;;;campingstuhl;suggest-kandidat
campingtisch klappbar;;;campingtisch;suggest-kandidat
creolen silber;;;creolen;suggest-kandidat
damenuhr lederarmband;;;damenuhr;suggest-kandidat
dashcam auto;;;dashcam;suggest-kandidat
edelstahl armband damen;;;edelstahl armband;suggest-kandidat
eismaschine mit kompressor;;;eismaschine;suggest-kandidat
elektrische heizung bad;;;elektrische heizung;suggest-kandidat
elektrischer handwärmer kinder;;;elektrischer handwärmer;suggest-kandidat
fahrradhelm damen;;;fahrradhelm;suggest-kandidat
fahrradlicht set;;;fahrradlicht;suggest-kandidat
fahrradzubehör kinder;;;fahrradzubehör;suggest-kandidat
federmäppchen mädchen;;;federmäppchen;suggest-kandidat
fernglas kinder;;;fernglas;suggest-kandidat
flaschenöffner holz;;;flaschenöffner;suggest-kandidat
fondue set induktion;;;fondue set;suggest-kandidat
freundschaftsarmband kinder;;;freundschaftsarmband;suggest-kandidat
fusswärmer fürs büro;;;fusswärmer;suggest-kandidat
gartenlampen solar;;;gartenlampe;suggest-kandidat
gartenwerkzeug aufbewahrung;;;gartenwerkzeug;suggest-kandidat
gartenzwerg lustig;;;gartenzwerg;suggest-kandidat
gewürzregal wand;;;gewürzregal;suggest-kandidat
gläser set;;;gläser;suggest-kandidat
goldkette damen;;;goldkette;suggest-kandidat
haarreifen damen;;;haarreif;suggest-kandidat
haarschmuck gold;;;haarschmuck;suggest-kandidat
haarspangen kinder;;;haarspangen;suggest-kandidat
hamsterkäfig holz;;;hamsterkäfig;suggest-kandidat
handtuchhalter bad;;;handtuch;suggest-kandidat
handyhalterung auto magnet;;;handyhalterung auto;suggest-kandidat
heizkissen kabellos;;;heizkissen;suggest-kandidat
heizlüfter mit thermostat;;;heizlüfter;suggest-kandidat
herrenuhr automatik;;;herrenuhr;suggest-kandidat
abendkleid grosse grössen schweiz;;;abendkleid;suggest
abendkleid grün schweiz;;;abendkleid;suggest
abendkleid hochzeit;;;abendkleid;suggest
abendkleid kaufen;;;abendkleid;suggest
abendkleid kaufen nürnberg;;;abendkleid;suggest
abendkleid kaufen online;;;abendkleid;suggest
abendkleid kaufen schweiz;;;abendkleid;suggest
abendkleid kürzen kosten schweiz;;;abendkleid;suggest
abendkleid lang schweiz;;;abendkleid;suggest
abendkleid schweiz;;;abendkleid;suggest
abendkleid schweiz kaufen;;;abendkleid;suggest
abendkleid schweiz online;;;abendkleid;suggest
abendkleid verkaufen schweiz;;;abendkleid;suggest
abendkleider schweiz;;;abendkleid;suggest
adapter england;;;adapter;suggest
adapter england schweiz;;;adapter;suggest
adapter kaufen;;;adapter;suggest
adapter kaufen dublin;;;adapter;suggest
adapter kaufen edinburgh;;;adapter;suggest
adapter kaufen in irland;;;adapter;suggest
adapter kaufen london;;;adapter;suggest
adapter kaufen malta;;;adapter;suggest
adapter schweiz;;;adapter;suggest
adapter schweiz england;;;adapter;suggest
adapter schweiz eu;;;adapter;suggest
adapter schweiz japan;;;adapter;suggest
adapter schweiz kanada;;;adapter;suggest
adapter schweiz spanien;;;adapter;suggest
adapter typ g;;;adapter;suggest
adapter usb c;;;adapter;suggest
adventskalender kaufen;;;adventskalender;suggest
adventskalender kaufen frauen;;;adventskalender;suggest
adventskalender kaufen günstig;;;adventskalender;suggest
adventskalender kaufen ideen;;;adventskalender;suggest
adventskalender kaufen schweiz;;;adventskalender;suggest
adventskalender kaufen zum befüllen;;;adventskalender;suggest
adventskalender schweiz;;;adventskalender;suggest
adventskalender schweiz kaufen;;;adventskalender;suggest
adventskalender schweiz online;;;adventskalender;suggest
adventskalender schweiz tourismus;;;adventskalender;suggest
adventskalender schweiz wettbewerb;;;adventskalender;suggest
adventskalender schweizer produkte;;;adventskalender;suggest
adventskalender schweizer spezialitäten;;;adventskalender;suggest
akkuschrauber aktion schweiz;;;akkuschrauber;suggest
akkuschrauber kaufen;;;akkuschrauber;suggest
akkuschrauber kaufen günstig;;;akkuschrauber;suggest
akkuschrauber kaufen schweiz;;;akkuschrauber;suggest
akkuschrauber kaufen worauf achten;;;akkuschrauber;suggest
akkuschrauber klein;;;akkuschrauber;suggest
akkuschrauber pumpe;;;akkuschrauber;suggest
akkuschrauber schweiz;;;akkuschrauber;suggest
milwaukee akkuschrauber schweiz;;;akkuschrauber;suggest
angelzubehör bissanzeiger;;;angelzubehör;suggest
angelzubehör günstig kaufen;;;angelzubehör;suggest
angelzubehör kaufen;;;angelzubehör;suggest
angelzubehör kaufen online;;;angelzubehör;suggest
angelzubehör kaufen schweiz;;;angelzubehör;suggest
angelzubehör online;;;angelzubehör;suggest
angelzubehör schweiz;;;angelzubehör;suggest
albertus anstecknadel kaufen;;;anstecknadel;suggest
anstecknadel abzeichen;;;anstecknadel;suggest
anstecknadel kaufen;;;anstecknadel;suggest
anstecknadel rätsel;;;anstecknadel;suggest
anstecknadel schweiz;;;anstecknadel;suggest
anstecknadel schweizerkreuz;;;anstecknadel;suggest
anstecknadel zierschmuck;;;anstecknadel;suggest
anstecknadel zierschmuck 8;;;anstecknadel;suggest
anstecknadeln;;;anstecknadel;suggest
anstecknadeln mit logo;;;anstecknadel;suggest
augustiner anstecknadel kaufen;;;anstecknadel;suggest
barbour anstecknadel kaufen;;;anstecknadel;suggest
cs2 anstecknadel kaufen;;;anstecknadel;suggest
rotary anstecknadel kaufen;;;anstecknadel;suggest
aquarium barcelona;;;aquarium;suggest
aquarium fische;;;aquarium;suggest
aquarium genua;;;aquarium;suggest
aquarium kaufen;;;aquarium;suggest
aquarium kaufen günstig;;;aquarium;suggest
aquarium kaufen schweiz;;;aquarium;suggest
aquarium schweiz;;;aquarium;suggest
aquarium schweiz besuchen;;;aquarium;suggest
aquarium schweiz kaufen;;;aquarium;suggest
aquarium schweiz zoo;;;aquarium;suggest
aquarium shop schweiz;;;aquarium;suggest
aquarium valencia;;;aquarium;suggest
grösstes aquarium schweiz;;;aquarium;suggest
aquarium deko zubehör kaufen;;;aquarium zubehör;suggest
aquarium fische zubehör kaufen;;;aquarium zubehör;suggest
aquarium ohne zubehör kaufen;;;aquarium zubehör;suggest
aquarium zubehör 24;;;aquarium zubehör;suggest
aquarium zubehör deko;;;aquarium zubehör;suggest
aquarium zubehör günstig;;;aquarium zubehör;suggest
aquarium zubehör günstig kaufen;;;aquarium zubehör;suggest
aquarium zubehör kaufen;;;aquarium zubehör;suggest
aquarium zubehör kaufen schweiz;;;aquarium zubehör;suggest
aquarium zubehör online kaufen;;;aquarium zubehör;suggest
aquarium zubehör schweiz;;;aquarium zubehör;suggest
aquarium zubehör shop;;;aquarium zubehör;suggest
juwel aquarium zubehör kaufen;;;aquarium zubehör;suggest
arbeitsschuhe damen;;;arbeitsschuhe;suggest
arbeitsschuhe damen küche;;;arbeitsschuhe;suggest
arbeitsschuhe damen medizin;;;arbeitsschuhe;suggest
arbeitsschuhe damen mit stahlkappe;;;arbeitsschuhe;suggest
arbeitsschuhe damen offen;;;arbeitsschuhe;suggest
arbeitsschuhe damen pflege;;;arbeitsschuhe;suggest
arbeitsschuhe damen s1;;;arbeitsschuhe;suggest
arbeitsschuhe damen s3;;;arbeitsschuhe;suggest
arbeitsschuhe damen schwarz;;;arbeitsschuhe;suggest
arbeitsschuhe damen schweiz;;;arbeitsschuhe;suggest
arbeitsschuhe herren;;;arbeitsschuhe;suggest
arbeitsschuhe herren aktion;;;arbeitsschuhe;suggest
arbeitsschuhe herren leicht;;;arbeitsschuhe;suggest
arbeitsschuhe herren mit stahlkappe;;;arbeitsschuhe;suggest
arbeitsschuhe herren s3;;;arbeitsschuhe;suggest
arbeitsschuhe herren schweiz;;;arbeitsschuhe;suggest
arbeitsschuhe herren wasserdicht;;;arbeitsschuhe;suggest
arbeitsschuhe kaufen;;;arbeitsschuhe;suggest
arbeitsschuhe kaufen osnabrück;;;arbeitsschuhe;suggest
arbeitsschuhe kaufen schweiz;;;arbeitsschuhe;suggest
arbeitsschuhe kinder;;;arbeitsschuhe;suggest
arbeitsschuhe kinder 29;;;arbeitsschuhe;suggest
arbeitsschuhe kinder 32;;;arbeitsschuhe;suggest
arbeitsschuhe kinder 33;;;arbeitsschuhe;suggest
arbeitsschuhe kinder 36;;;arbeitsschuhe;suggest
arbeitsschuhe kinder 37;;;arbeitsschuhe;suggest
arbeitsschuhe kinder 38;;;arbeitsschuhe;suggest
arbeitsschuhe kinder 39;;;arbeitsschuhe;suggest
arbeitsschuhe kinder engelbert strauss;;;arbeitsschuhe;suggest
arbeitsschuhe kindergarten;;;arbeitsschuhe;suggest
arbeitsschuhe küche;;;arbeitsschuhe;suggest
arbeitsschuhe küche schweiz;;;arbeitsschuhe;suggest
arbeitsschuhe pflege;;;arbeitsschuhe;suggest
arbeitsschuhe s3;;;arbeitsschuhe;suggest
arbeitsschuhe s3 schweiz;;;arbeitsschuhe;suggest
arbeitsschuhe schweiz;;;arbeitsschuhe;suggest
arbeitsschuhe schweiz kaufen;;;arbeitsschuhe;suggest
haix arbeitsschuhe schweiz;;;arbeitsschuhe;suggest
strauss arbeitsschuhe schweiz;;;arbeitsschuhe;suggest
armband kaufen;;;armband;suggest
armband kaufen gold;;;armband;suggest
armband kaufen graz;;;armband;suggest
armband kaufen herren;;;armband;suggest
armband kaufen schweiz;;;armband;suggest
armband kaufen silber;;;armband;suggest
armband knüpfen;;;armband;suggest
armband männer;;;armband;suggest
armband schweiz;;;armband;suggest
armband schweizer kreuz;;;armband;suggest
cartier armband schweiz;;;armband;suggest
mondstein armband schweiz;;;armband;suggest
odem armband schweiz;;;armband;suggest
permanent armband schweiz;;;armband;suggest
sos armband schweiz;;;armband;suggest
whoop armband schweiz;;;armband;suggest
armbanduhr damen elegant;;;armbanduhr;suggest
armbanduhr damen gold;;;armbanduhr;suggest
armbanduhr damen günstig;;;armbanduhr;suggest
armbanduhr damen lederarmband;;;armbanduhr;suggest
armbanduhr damen silber;;;armbanduhr;suggest
armbanduhr digital;;;armbanduhr;suggest
armbanduhr herren automatik;;;armbanduhr;suggest
armbanduhr herren digital;;;armbanduhr;suggest
armbanduhr herren günstig;;;armbanduhr;suggest
armbanduhr herren lederarmband;;;armbanduhr;suggest
armbanduhr herren sale;;;armbanduhr;suggest
armbanduhr herren silber;;;armbanduhr;suggest
armbanduhr kaufen;;;armbanduhr;suggest
armbanduhr kaufen damen;;;armbanduhr;suggest
armbanduhr kaufen graz;;;armbanduhr;suggest
armbanduhr kaufen günstig;;;armbanduhr;suggest
armbanduhr kaufen herren;;;armbanduhr;suggest
armbanduhr kaufen schweiz;;;armbanduhr;suggest
armbanduhr kinder;;;armbanduhr;suggest
armbanduhr kinder analog;;;armbanduhr;suggest
armbanduhr kinder digital;;;armbanduhr;suggest
armbanduhr kinder einschulung;;;armbanduhr;suggest
armbanduhr kinder flik flak;;;armbanduhr;suggest
armbanduhr kinder gps;;;armbanduhr;suggest
armbanduhr kinder jungen;;;armbanduhr;suggest
armbanduhr kinder lernen;;;armbanduhr;suggest
armbanduhr kinder mädchen;;;armbanduhr;suggest
armbanduhr schweiz;;;armbanduhr;suggest
armbanduhr schweizer armee;;;armbanduhr;suggest
armbanduhr schweizer bahn;;;armbanduhr;suggest
armbanduhr schweizer bahnhofsuhr;;;armbanduhr;suggest
armbanduhr schweizer marke;;;armbanduhr;suggest
armbanduhr schweizer uhrwerk;;;armbanduhr;suggest
armbanduhr schweizerdeutsch;;;armbanduhr;suggest
armbanduhren;;;armbanduhr;suggest
schweizer armbanduhr damen;;;armbanduhr;suggest
schweizer armbanduhr herren;;;armbanduhr;suggest
schweizer armbanduhr kaufen;;;armbanduhr;suggest
aroma diffuser farfalla;;;aroma diffuser;suggest
aroma diffuser kaufen;;;aroma diffuser;suggest
aroma diffuser kaufen schweiz;;;aroma diffuser;suggest
aroma diffuser mit akku;;;aroma diffuser;suggest
aroma diffuser ohne wasser;;;aroma diffuser;suggest
aroma diffuser schweizer panorama;;;aroma diffuser;suggest
bester aroma diffuser schweiz;;;aroma diffuser;suggest
aufbewahrung buchhaltungsunterlagen schweiz;;;aufbewahrung;suggest
aufbewahrung dokumente schweiz;;;aufbewahrung;suggest
aufbewahrung geschäftsunterlagen schweiz;;;aufbewahrung;suggest
aufbewahrung kaufen;;;aufbewahrung;suggest
aufbewahrung schweiz;;;aufbewahrung;suggest
aufbewahrung steuerunterlagen schweiz;;;aufbewahrung;suggest
aufbewahrungsschrank;;;aufbewahrung;suggest
boxen aufbewahrung kaufen;;;aufbewahrung;suggest
cd aufbewahrung kaufen;;;aufbewahrung;suggest
fotobox aufbewahrung kaufen;;;aufbewahrung;suggest
gold kaufen aufbewahrung;;;aufbewahrung;suggest
kartoffel aufbewahrung kaufen;;;aufbewahrung;suggest
personaldossier aufbewahrung schweiz;;;aufbewahrung;suggest
post aufbewahrung schweiz;;;aufbewahrung;suggest
schmuck aufbewahrung kaufen;;;aufbewahrung;suggest
aufbewahrungsbox für weihnachtskugeln schweiz;;;aufbewahrungsbox;suggest
aufbewahrungsbox günstig kaufen;;;aufbewahrungsbox;suggest
aufbewahrungsbox holz kaufen;;;aufbewahrungsbox;suggest
aufbewahrungsbox kaufen;;;aufbewahrungsbox;suggest
aufbewahrungsbox kaufen schweiz;;;aufbewahrungsbox;suggest
aufbewahrungsbox kinder;;;aufbewahrungsbox;suggest
aufbewahrungsbox mit deckel schweiz;;;aufbewahrungsbox;suggest
aufbewahrungsbox online kaufen;;;aufbewahrungsbox;suggest
aufbewahrungsbox schweiz;;;aufbewahrungsbox;suggest
aufbewahrungsboxen küche;;;aufbewahrungsbox;suggest
diamond painting aufbewahrungsbox schweiz;;;aufbewahrungsbox;suggest
foto aufbewahrungsbox kaufen;;;aufbewahrungsbox;suggest
große aufbewahrungsbox kaufen;;;aufbewahrungsbox;suggest
auto zubehör deko;;;auto zubehör;suggest
auto zubehör kaufen;;;auto zubehör;suggest
autowaschzubehör kaufen;;;auto zubehör;suggest
autozubehör laden;;;auto zubehör;suggest
autozubehör online kaufen;;;auto zubehör;suggest
autozubehör schweiz;;;auto zubehör;suggest
autozubehör shop;;;auto zubehör;suggest
autozubehör shop schweiz;;;auto zubehör;suggest
e auto zubehör kaufen;;;auto zubehör;suggest
wo kann man autozubehör kaufen;;;auto zubehör;suggest
auto ladegerät anker;;;autoladegerät;suggest
autoladegerät batterie;;;autoladegerät;suggest
autoladegerät ctek;;;autoladegerät;suggest
autoladegerät kaufen;;;autoladegerät;suggest
autoladegerät mit starthilfe;;;autoladegerät;suggest
autoladegerät usb c;;;autoladegerät;suggest
autoladegeräte;;;autoladegerät;suggest
baby body bemalen ideen;;;baby body;suggest
baby body günstig kaufen;;;baby body;suggest
baby body kaufen;;;baby body;suggest
baby body kurzarm;;;baby body;suggest
baby body langarm;;;baby body;suggest
baby body schweiz;;;baby body;suggest
baby body schweizer nati;;;baby body;suggest
baby body schweizerkreuz;;;baby body;suggest
baby body selber gestalten;;;baby body;suggest
wolle seide body baby kaufen;;;baby body;suggest
babydecke gehäkelt kaufen;;;babydecke;suggest
babydecke kaufen;;;babydecke;suggest
babydecke kaufen schweiz;;;babydecke;suggest
babydecke merinowolle kaufen;;;babydecke;suggest
babydecke schweiz;;;babydecke;suggest
babydecke wolle kaufen;;;babydecke;suggest
babydecken;;;babydecke;suggest
gestrickte babydecke kaufen;;;babydecke;suggest
handgestrickte babydecke kaufen;;;babydecke;suggest
babykleidung handmade schweiz;;;babykleidung;suggest
babykleidung kaufen;;;babykleidung;suggest
babykleidung kaufen hannover;;;babykleidung;suggest
babykleidung kaufen innsbruck;;;babykleidung;suggest
babykleidung kaufen linz;;;babykleidung;suggest
babykleidung kaufen online;;;babykleidung;suggest
babykleidung kaufen ulm;;;babykleidung;suggest
babykleidung merinowolle;;;babykleidung;suggest
babykleidung mädchen;;;babykleidung;suggest
babykleidung neugeborene;;;babykleidung;suggest
babykleidung neugeborene mädchen;;;babykleidung;suggest
babykleidung rätsel;;;babykleidung;suggest
babykleidung sale;;;babykleidung;suggest
babykleidung schweiz;;;babykleidung;suggest
babykleidung schweizer marke;;;babykleidung;suggest
babykleidung spenden schweiz;;;babykleidung;suggest
günstige babykleidung schweiz;;;babykleidung;suggest
mitwachsende babykleidung schweiz;;;babykleidung;suggest
nachhaltige babykleidung schweiz;;;babykleidung;suggest
selbstgenähte babykleidung schweiz;;;babykleidung;suggest
babyphone app;;;babyphone;suggest
babyphone avent;;;babyphone;suggest
babyphone kaufen;;;babyphone;suggest
babyphone kaufen günstig;;;babyphone;suggest
babyphone kaufen mit kamera;;;babyphone;suggest
babyphone kaufen schweiz;;;babyphone;suggest
babyphone mit kamera schweiz;;;babyphone;suggest
babyphone ohne wlan;;;babyphone;suggest
babyphone schweiz;;;babyphone;suggest
momcozy babyphone schweiz;;;babyphone;suggest
bademantel baby;;;bademantel;suggest
bademantel besticken schweiz;;;bademantel;suggest
bademantel damen schweiz;;;bademantel;suggest
bademantel frottee damen;;;bademantel;suggest
bademantel herren;;;bademantel;suggest
bademantel herren schweiz;;;bademantel;suggest
bademantel hund;;;bademantel;suggest
bademantel kaufen;;;bademantel;suggest
bademantel kaufen damen;;;bademantel;suggest
bademantel kaufen herren;;;bademantel;suggest
bademantel kaufen kiel;;;bademantel;suggest
bademantel kinder;;;bademantel;suggest
bademantel kinder schweiz;;;bademantel;suggest
bademantel mädchen;;;bademantel;suggest
bademantel schweiz;;;bademantel;suggest
bademantel schweiz kaufen;;;bademantel;suggest
badematte badewanne;;;badematte;suggest
badematte beige;;;badematte;suggest
badematte kaufen;;;badematte;suggest
badematte kaufen günstig;;;badematte;suggest
badematte online kaufen;;;badematte;suggest
badematte rund;;;badematte;suggest
badematte rund kaufen;;;badematte;suggest
badematte rutschfest;;;badematte;suggest
badematte rutschfest kaufen;;;badematte;suggest
badematte schweiz;;;badematte;suggest
badematte set kaufen;;;badematte;suggest
grosse badematte kaufen;;;badematte;suggest
kieselgur badematte kaufen;;;badematte;suggest
stein badematte kaufen;;;badematte;suggest
badetuch baby;;;badetuch;suggest
badetuch besticken schweiz;;;badetuch;suggest
badetuch kaufen;;;badetuch;suggest
badetuch kaufen schweiz;;;badetuch;suggest
badetuch klammern schweiz;;;badetuch;suggest
badetuch mikrofaser;;;badetuch;suggest
badetuch schweiz;;;badetuch;suggest
badetuch schweiz kaufen;;;badetuch;suggest
badetuch schweizer kreuz;;;badetuch;suggest
badetuch schwimmabzeichen schweiz;;;badetuch;suggest
badetuchhalter;;;badetuch;suggest
mikrofaser badetuch schweiz;;;badetuch;suggest
ballerinas damen bequem;;;ballerinas;suggest
ballerinas damen blau;;;ballerinas;suggest
ballerinas damen elegant;;;ballerinas;suggest
ballerinas damen leder;;;ballerinas;suggest
ballerinas damen schwarz;;;ballerinas;suggest
ballerinas damen schweiz;;;ballerinas;suggest
ballerinas damen weiß;;;ballerinas;suggest
ballerinas herren;;;ballerinas;suggest
ballerinas kaufen;;;ballerinas;suggest
ballerinas kaufen damen;;;ballerinas;suggest
ballerinas kaufen paris;;;ballerinas;suggest
ballerinas kaufen schweiz;;;ballerinas;suggest
ballerinas kinder;;;ballerinas;suggest
ballerinas kinder blau;;;ballerinas;suggest
ballerinas kinder glitzer;;;ballerinas;suggest
ballerinas kinder gold;;;ballerinas;suggest
ballerinas kinder mädchen;;;ballerinas;suggest
ballerinas kinder rosa;;;ballerinas;suggest
ballerinas kinder schwarz;;;ballerinas;suggest
ballerinas kinder turnen;;;ballerinas;suggest
ballerinas kinder weiß;;;ballerinas;suggest
ballerinas mit absatz;;;ballerinas;suggest
ballerinas mit riemchen;;;ballerinas;suggest
ballerinas rot;;;ballerinas;suggest
ballerinas schuhe;;;ballerinas;suggest
ballerinas schuhe herren;;;ballerinas;suggest
ballerinas schweiz;;;ballerinas;suggest
ballerinas socken herren;;;ballerinas;suggest
faltbare ballerinas schweiz;;;ballerinas;suggest
herren ballerinas kaufen;;;ballerinas;suggest
leder ballerinas herren;;;ballerinas;suggest
pretty ballerinas schweiz;;;ballerinas;suggest
ballettschuhe damen;;;ballettschuhe;suggest
ballettschuhe damen anfänger;;;ballettschuhe;suggest
ballettschuhe damen bloch;;;ballettschuhe;suggest
ballettschuhe damen leder;;;ballettschuhe;suggest
ballettschuhe damen mit absatz;;;ballettschuhe;suggest
ballettschuhe damen profi;;;ballettschuhe;suggest
ballettschuhe damen schwarz;;;ballettschuhe;suggest
ballettschuhe größentabelle kinder;;;ballettschuhe;suggest
ballettschuhe herren;;;ballettschuhe;suggest
ballettschuhe herren leder;;;ballettschuhe;suggest
ballettschuhe herren schwarz;;;ballettschuhe;suggest
ballettschuhe herren weiß;;;ballettschuhe;suggest
ballettschuhe kaufen;;;ballettschuhe;suggest
ballettschuhe kaufen hannover;;;ballettschuhe;suggest
ballettschuhe kaufen karlsruhe;;;ballettschuhe;suggest
ballettschuhe kaufen schweiz;;;ballettschuhe;suggest
ballettschuhe kinder;;;ballettschuhe;suggest
ballettschuhe kinder jungen;;;ballettschuhe;suggest
ballettschuhe kinder leder;;;ballettschuhe;suggest
ballettschuhe kinder schwarz;;;ballettschuhe;suggest
ballettschuhe kinder weiß;;;ballettschuhe;suggest
ballettschuhe schweiz;;;ballettschuhe;suggest
bloch ballettschuhe herren;;;ballettschuhe;suggest
bar zubehör deko;;;bar zubehör;suggest
bar zubehör geschenk;;;bar zubehör;suggest
bar zubehör kaufen;;;bar zubehör;suggest
bar zubehör kaufen schweiz;;;bar zubehör;suggest
bar zubehör schweiz;;;bar zubehör;suggest
barzubehör shop;;;bar zubehör;suggest
candy bar zubehör kaufen;;;bar zubehör;suggest
bartpflege kaufen;;;bartpflege;suggest
bartpflege männer;;;bartpflege;suggest
bartpflege produkte;;;bartpflege;suggest
bartpflege produkte kaufen;;;bartpflege;suggest
bartpflege produkte schweiz;;;bartpflege;suggest
bartpflege schweiz;;;bartpflege;suggest
bartpflege set müller;;;bartpflege;suggest
bartpflege set schweiz;;;bartpflege;suggest
adventskranz bastelset kaufen;;;bastelset;suggest
bastelset erwachsene schweiz;;;bastelset;suggest
bastelset kaufen;;;bastelset;suggest
bastelset kaufen kinder;;;bastelset;suggest
bastelset kinder ab 6 jahre;;;bastelset;suggest
bastelset kinder schweiz;;;bastelset;suggest
bastelset mädchen 10 jahre;;;bastelset;suggest
bastelset mädchen 6 jahre;;;bastelset;suggest
bastelset mädchen 7 jahre;;;bastelset;suggest
bastelset mädchen 8 jahre;;;bastelset;suggest
bastelset schweiz;;;bastelset;suggest
bastelsets;;;bastelset;suggest
drachen bastelset kaufen;;;bastelset;suggest
kaleidoskop bastelset kaufen;;;bastelset;suggest
laternen bastelset kaufen;;;bastelset;suggest
perlensterne bastelset kaufen;;;bastelset;suggest
pflaumentoffel bastelset kaufen;;;bastelset;suggest
schultüte bastelset kaufen;;;bastelset;suggest
banner batterien schweiz;;;batterien;suggest
banner batterien schweiz ag;;;batterien;suggest
batterien aaa;;;batterien;suggest
batterien c;;;batterien;suggest
batterien für solaranlagen;;;batterien;suggest
batterien größen;;;batterien;suggest
batterien kaufen;;;batterien;suggest
batterien kaufen aa;;;batterien;suggest
batterien kaufen günstig;;;batterien;suggest
batterien kaufen innsbruck;;;batterien;suggest
batterien kaufen schweiz;;;batterien;suggest
batterien recycling schweiz;;;batterien;suggest
batterien schweiz;;;batterien;suggest
batterien schweiz online;;;batterien;suggest
optima batterien schweiz;;;batterien;suggest
anker bausteine kaufen;;;bausteine;suggest
bausteine 6 buchstaben;;;bausteine;suggest
bausteine arbeitszeugnis schweiz;;;bausteine;suggest
bausteine beton;;;bausteine;suggest
bausteine des lebens;;;bausteine;suggest
bausteine kaufen;;;bausteine;suggest
bausteine kreuzworträtsel;;;bausteine;suggest
bausteine rätsel;;;bausteine;suggest
bausteine schweiz;;;bausteine;suggest
duplo bausteine kaufen;;;bausteine;suggest
kapla bausteine schweiz;;;bausteine;suggest
magnetische bausteine schweiz;;;bausteine;suggest
silber bausteine kaufen;;;bausteine;suggest
sonos bausteine kaufen;;;bausteine;suggest
xxl bausteine kaufen;;;bausteine;suggest
beach bag kaufen;;;beachbag;suggest
beach bags;;;beachbag;suggest
beachbag band;;;beachbag;suggest
beachbag calzedonia;;;beachbag;suggest
beachbag dj;;;beachbag;suggest
beachbag l’amour toujours;;;beachbag;suggest
beachbag we are young;;;beachbag;suggest
beamer aktion schweiz;;;beamer;suggest
beamer für handy;;;beamer;suggest
beamer für zuhause;;;beamer;suggest
beamer kaufen 4k;;;beamer;suggest
beamer kaufen günstig;;;beamer;suggest
beamer kaufen schweiz;;;beamer;suggest
beamer leinwand schweiz;;;beamer;suggest
beamer schweiz;;;beamer;suggest
beamer schweiz kaufen;;;beamer;suggest
epson beamer schweiz;;;beamer;suggest
mini beamer schweiz;;;beamer;suggest
besteck kaufen;;;besteck;suggest
besteck kaufen günstig;;;besteck;suggest
besteck kaufen schweiz;;;besteck;suggest
besteck kaufen worauf achten;;;besteck;suggest
besteck organizer;;;besteck;suggest
besteck schweiz;;;besteck;suggest
besteck schweizer armee;;;besteck;suggest
besteck schweizer marke;;;besteck;suggest
besteck schweizerdeutsch;;;besteck;suggest
besteckeinsatz;;;besteck;suggest
besteckschublade;;;besteck;suggest
besteckschubladeneinsatz;;;besteck;suggest
schweizer besteck hersteller;;;besteck;suggest
schweizer besteck set;;;besteck;suggest
sola besteck schweiz;;;besteck;suggest
bettdecke 200x200;;;bettdecke;suggest
bettdecke 200x210;;;bettdecke;suggest
bettdecke kaufen;;;bettdecke;suggest
bettdecke kaufen leipzig;;;bettdecke;suggest
bettdecke kaufen schweiz;;;bettdecke;suggest
bettdecke kaufen worauf achten;;;bettdecke;suggest
bettdecke schweiz;;;bettdecke;suggest
bettdecke schweiz grösse;;;bettdecke;suggest
bettdecke schweiz masse;;;bettdecke;suggest
bettdecke schweizerdeutsch;;;bettdecke;suggest
bettdecke standardgröße schweiz;;;bettdecke;suggest
kühlende bettdecke schweiz;;;bettdecke;suggest
zelesta bettdecke schweiz;;;bettdecke;suggest
bettwäsche 140x200;;;bettwäsche;suggest
bettwäsche 160x210;;;bettwäsche;suggest
bettwäsche 200 x 210;;;bettwäsche;suggest
bettwäsche 240x240;;;bettwäsche;suggest
bettwäsche kaufen;;;bettwäsche;suggest
bettwäsche kaufen günstig;;;bettwäsche;suggest
bettwäsche kaufen online;;;bettwäsche;suggest
bettwäsche kaufen schweiz;;;bettwäsche;suggest
bettwäsche kinder;;;bettwäsche;suggest
bettwäsche musselin;;;bettwäsche;suggest
bettwäsche schweiz;;;bettwäsche;suggest
bettwäsche schweiz 160x210;;;bettwäsche;suggest
bettwäsche schweiz grösse;;;bettwäsche;suggest
bettwäsche schweiz kaufen;;;bettwäsche;suggest
bettwäsche schweiz schlossberg;;;bettwäsche;suggest
bettwäsche schweizer firma;;;bettwäsche;suggest
bettwäsche schweizer hersteller;;;bettwäsche;suggest
bettwäsche schweizer motiv;;;bettwäsche;suggest
bettwäsche schweizer premium satin;;;bettwäsche;suggest
bettwäsche schweizer satin;;;bettwäsche;suggest
bikini atoll;;;bikini;suggest
bikini bottom;;;bikini;suggest
bikini calzedonia;;;bikini;suggest
bikini damen beldona;;;bikini;suggest
bikini damen grosse grösse;;;bikini;suggest
bikini damen sale;;;bikini;suggest
bikini damen schwarz;;;bikini;suggest
bikini damen schweiz;;;bikini;suggest
bikini damen set;;;bikini;suggest
bikini herren;;;bikini;suggest
bikini herren rasierer;;;bikini;suggest
bikini kaufen;;;bikini;suggest
bikini kaufen damen;;;bikini;suggest
bikini kaufen schweiz;;;bikini;suggest
bikini kinder 10 jahre;;;bikini;suggest
bikini kinder 122;;;bikini;suggest
bikini kinder 13 jahre;;;bikini;suggest
bikini kinder 140;;;bikini;suggest
bikini kinder 152;;;bikini;suggest
bikini kinder 164;;;bikini;suggest
bikini kinder neon;;;bikini;suggest
bikini kinder schwarz;;;bikini;suggest
bikini oberteil;;;bikini;suggest
bikini oberteil herren;;;bikini;suggest
bikini schweiz;;;bikini;suggest
bikini schweiz kaufen;;;bikini;suggest
bikini schweiz nachhaltig;;;bikini;suggest
bikini schweiz online;;;bikini;suggest
bikini schweizer label;;;bikini;suggest
bikini schweizer marke;;;bikini;suggest
bikini set;;;bikini;suggest
bikini trimmer herren;;;bikini;suggest
bikinis;;;bikini;suggest
calzedonia bikini schweiz;;;bikini;suggest
herren bikini badehose;;;bikini;suggest
herren bikini brief;;;bikini;suggest
herren bikini hose;;;bikini;suggest
herren bikini slip;;;bikini;suggest
herren bikini tanga;;;bikini;suggest
micro bikini herren;;;bikini;suggest
perioden bikini schweiz;;;bikini;suggest
altholz bilderrahmen schweiz;;;bilderrahmen;suggest
bilderrahmen 30x40;;;bilderrahmen;suggest
bilderrahmen 40x60;;;bilderrahmen;suggest
bilderrahmen 40x60 schweiz;;;bilderrahmen;suggest
bilderrahmen 50x70;;;bilderrahmen;suggest
bilderrahmen a3;;;bilderrahmen;suggest
bilderrahmen a4;;;bilderrahmen;suggest
bilderrahmen holz schweiz;;;bilderrahmen;suggest
bilderrahmen kaufen;;;bilderrahmen;suggest
bilderrahmen kaufen schweiz;;;bilderrahmen;suggest
bilderrahmen massanfertigung schweiz;;;bilderrahmen;suggest
bilderrahmen schweiz;;;bilderrahmen;suggest
bilderrahmen schweiz kaufen;;;bilderrahmen;suggest
bilderrahmen schweiz online;;;bilderrahmen;suggest
digitaler bilderrahmen schweiz;;;bilderrahmen;suggest
bluetooth lautsprecher aktion;;;bluetooth lautsprecher;suggest
bluetooth lautsprecher kaufen;;;bluetooth lautsprecher;suggest
bluetooth lautsprecher kaufen schweiz;;;bluetooth lautsprecher;suggest
bluetooth lautsprecher klein;;;bluetooth lautsprecher;suggest
bluetooth lautsprecher schweiz;;;bluetooth lautsprecher;suggest
bluse damen;;;bluse;suggest
bluse damen blau;;;bluse;suggest
bluse damen elegant;;;bluse;suggest
bluse damen kurz;;;bluse;suggest
bluse damen kurzarm;;;bluse;suggest
bluse damen langarm;;;bluse;suggest
bluse damen schwarz;;;bluse;suggest
bluse damen sommer;;;bluse;suggest
bluse damen weiß;;;bluse;suggest
bluse herren;;;bluse;suggest
bluse herren schwarz;;;bluse;suggest
bluse herren weiß;;;bluse;suggest
bluse kaufen;;;bluse;suggest
bluse kaufen damen;;;bluse;suggest
bluse kaufen online;;;bluse;suggest
bluse kaufen schweiz;;;bluse;suggest
bluse kinder;;;bluse;suggest
bluse kinder blau;;;bluse;suggest
bluse kinder dirndl;;;bluse;suggest
bluse kinder jungen;;;bluse;suggest
bluse kinder mädchen;;;bluse;suggest
bluse kinder weiß;;;bluse;suggest
bluse kurzarm damen;;;bluse;suggest
bluse schweiz;;;bluse;suggest
bluse schweizer stickerei;;;bluse;suggest
blusen;;;bluse;suggest
blusenkleid;;;bluse;suggest
blusenshirt damen;;;bluse;suggest
blusentop;;;bluse;suggest
blusentop damen;;;bluse;suggest
dirndl bluse kaufen;;;bluse;suggest
dirndl bluse schweiz;;;bluse;suggest
edelweiss bluse schweiz;;;bluse;suggest
fdj bluse kaufen;;;bluse;suggest
herren bluse blau;;;bluse;suggest
herren bluse mit kapuze;;;bluse;suggest
herren bluse sommer;;;bluse;suggest
herrenbluse aus dem westen;;;bluse;suggest
musselin bluse schweiz;;;bluse;suggest
schweizer bluse damen;;;bluse;suggest
tunika bluse schweiz;;;bluse;suggest
weiße bluse kaufen;;;bluse;suggest
bob der baumeister;;;bob;suggest
bob dylan;;;bob;suggest
bob finance;;;bob;suggest
bob frisur;;;bob;suggest
bob geldof;;;bob;suggest
bob kaufen;;;bob;suggest
bob kaufen graz;;;bob;suggest
bob kaufen hofer;;;bob;suggest
bob kaufen kinder;;;bob;suggest
bob kaufen schweiz;;;bob;suggest
bob marley;;;bob;suggest
bob ross;;;bob;suggest
bob schweiz;;;bob;suggest
bob schweiz frauen;;;bob;suggest
bob schweiz männer;;;bob;suggest
bob schweiz olympia;;;bob;suggest
bob schweiz paket;;;bob;suggest
bob schweiz roaming;;;bob;suggest
bob schweiz unfall;;;bob;suggest
bob schweizer sound;;;bob;suggest
bobby car;;;bob;suggest
bobcat;;;bob;suggest
boots damen;;;boots;suggest
boots damen absatz;;;boots;suggest
boots damen beige;;;boots;suggest
boots damen elegant;;;boots;suggest
boots damen herbst;;;boots;suggest
boots damen winter;;;boots;suggest
boots herren beige;;;boots;suggest
boots herren cowboy;;;boots;suggest
boots herren leder;;;boots;suggest
boots herren sale;;;boots;suggest
boots herren schwarz;;;boots;suggest
boots herren winter;;;boots;suggest
boots kaufen;;;boots;suggest
boots kaufen damen;;;boots;suggest
boots kaufen herren;;;boots;suggest
boots kaufen schweiz;;;boots;suggest
boots kinder;;;boots;suggest
boots kinder 37;;;boots;suggest
boots kinder barfuß;;;boots;suggest
boots kinder herbst;;;boots;suggest
boots kinder jungen;;;boots;suggest
boots kinder leder;;;boots;suggest
boots kinder mädchen;;;boots;suggest
boots kinder schwarz;;;boots;suggest
boots kinder wasserdicht;;;boots;suggest
boots prüfung schweiz;;;boots;suggest
boots schweiz;;;boots;suggest
bootsführerschein;;;boots;suggest
bootsführerschein schweiz;;;boots;suggest
bootsprüfung;;;boots;suggest
bootsprüfung schweiz;;;boots;suggest
bootsschuhe;;;boots;suggest
bootsteil;;;boots;suggest
bootstrap;;;boots;suggest
bootsvermietung enge;;;boots;suggest
cowboy boots schweiz;;;boots;suggest
hunter boots schweiz;;;boots;suggest
redback boots schweiz;;;boots;suggest
sancho boots schweiz;;;boots;suggest
scoot boots schweiz;;;boots;suggest
sendra boots schweiz;;;boots;suggest
thursday boots schweiz;;;boots;suggest
antike brosche kaufen;;;brosche;suggest
brosche für kleid;;;brosche;suggest
brosche kaufen;;;brosche;suggest
brosche kaufen graz;;;brosche;suggest
brosche kaufen schweiz;;;brosche;suggest
brosche schweiz;;;brosche;suggest
brosche silber;;;brosche;suggest
broschen;;;brosche;suggest
broschennadel;;;brosche;suggest
brotdose edelstahl;;;brotdose;suggest
brotdose edelstahl kinder 3 fächer;;;brotdose;suggest
brotdose günstig kaufen;;;brotdose;suggest
brotdose kaufen;;;brotdose;suggest
brotdose kinder edelstahl;;;brotdose;suggest
brotdose kinder mit fächern;;;brotdose;suggest
brotdose kinder schweiz;;;brotdose;suggest
brotdose kindergarten;;;brotdose;suggest
brotdose mit fächern;;;brotdose;suggest
brotdose schweiz;;;brotdose;suggest
brotdose schweizerdeutsch;;;brotdose;suggest
diddl brotdose kaufen;;;brotdose;suggest
edelstahl brotdose kaufen;;;brotdose;suggest
mepal brotdose kaufen;;;brotdose;suggest
mepal brotdose schweiz;;;brotdose;suggest
tupperware brotdose kaufen;;;brotdose;suggest
zirbenholz brotdose kaufen;;;brotdose;suggest
bester bürostuhl schweiz;;;bürostuhl;suggest
bürostuhl beige;;;bürostuhl;suggest
bürostuhl kaufen;;;bürostuhl;suggest
bürostuhl kaufen schweiz;;;bürostuhl;suggest
bürostuhl kinder;;;bürostuhl;suggest
bürostuhl schweiz;;;bürostuhl;suggest
bürostuhl schweiz kaufen;;;bürostuhl;suggest
bürostuhl schweizer firma;;;bürostuhl;suggest
bürostuhl schweizer hersteller;;;bürostuhl;suggest
bürostuhl schweizer marke;;;bürostuhl;suggest
ergonomischer bürostuhl schweiz;;;bürostuhl;suggest
camping zubehör günstig kaufen;;;camping zubehör;suggest
camping zubehör kaufen;;;camping zubehör;suggest
camping zubehör kaufen holland;;;camping zubehör;suggest
camping zubehör kaufen niederlande;;;camping zubehör;suggest
camping zubehör kaufen schweiz;;;camping zubehör;suggest
camping zubehör kiesen;;;camping zubehör;suggest
camping zubehör online shop;;;camping zubehör;suggest
camping zubehör schweiz;;;camping zubehör;suggest
camping zubehör shop schweiz;;;camping zubehör;suggest
campingstuhl faltbar schweiz;;;campingstuhl;suggest
campingstuhl kaufen;;;campingstuhl;suggest
campingstuhl kaufen dänemark;;;campingstuhl;suggest
campingstuhl kaufen graz;;;campingstuhl;suggest
campingstuhl kaufen hannover;;;campingstuhl;suggest
campingstuhl kaufen schweiz;;;campingstuhl;suggest
campingstuhl kinder;;;campingstuhl;suggest
campingstuhl kinder schweiz;;;campingstuhl;suggest
campingstuhl klein faltbar;;;campingstuhl;suggest
campingstuhl mit beinauflage;;;campingstuhl;suggest
campingstuhl schweiz;;;campingstuhl;suggest
crespo campingstuhl schweiz;;;campingstuhl;suggest
campingtisch günstig kaufen;;;campingtisch;suggest
campingtisch höhenverstellbar;;;campingtisch;suggest
campingtisch kaufen;;;campingtisch;suggest
campingtisch kaufen schweiz;;;campingtisch;suggest
campingtisch klappbar kaufen;;;campingtisch;suggest
campingtisch klappbar schweiz;;;campingtisch;suggest
campingtisch klein;;;campingtisch;suggest
campingtisch mit stühlen;;;campingtisch;suggest
campingtisch schweiz;;;campingtisch;suggest
campingtische;;;campingtisch;suggest
kleinen campingtisch kaufen;;;campingtisch;suggest
chelsea boots damen beige;;;chelsea boots;suggest
chelsea boots damen elegant;;;chelsea boots;suggest
chelsea boots damen gefüttert;;;chelsea boots;suggest
chelsea boots damen leder;;;chelsea boots;suggest
chelsea boots damen mit absatz;;;chelsea boots;suggest
chelsea boots damen schwarz;;;chelsea boots;suggest
chelsea boots damen schweiz;;;chelsea boots;suggest
chelsea boots damen tamaris;;;chelsea boots;suggest
chelsea boots herren beige;;;chelsea boots;suggest
chelsea boots herren gefüttert;;;chelsea boots;suggest
chelsea boots herren leder;;;chelsea boots;suggest
chelsea boots herren sale;;;chelsea boots;suggest
chelsea boots herren schwarz;;;chelsea boots;suggest
chelsea boots herren schweiz;;;chelsea boots;suggest
chelsea boots herren wildleder;;;chelsea boots;suggest
chelsea boots herren winter;;;chelsea boots;suggest
chelsea boots kaufen;;;chelsea boots;suggest
chelsea boots kinder;;;chelsea boots;suggest
chelsea boots kinder 35;;;chelsea boots;suggest
chelsea boots kinder 36;;;chelsea boots;suggest
chelsea boots kinder 37;;;chelsea boots;suggest
chelsea boots kinder barfuß;;;chelsea boots;suggest
chelsea boots kinder bisgaard;;;chelsea boots;suggest
chelsea boots kinder gefüttert;;;chelsea boots;suggest
chelsea boots kinder jungen;;;chelsea boots;suggest
chelsea boots kinder mädchen;;;chelsea boots;suggest
chelsea boots leder damen;;;chelsea boots;suggest
chelsea boots men;;;chelsea boots;suggest
chelsea boots schwarz;;;chelsea boots;suggest
chelsea boots schweiz;;;chelsea boots;suggest
chelsea boots wildleder;;;chelsea boots;suggest
creolen gold 18 karat;;;creolen;suggest
creolen gold schweiz;;;creolen;suggest
creolen günstig kaufen;;;creolen;suggest
creolen kaufen;;;creolen;suggest
creolen kaufen gold;;;creolen;suggest
creolen kaufen schweiz;;;creolen;suggest
creolen kaufen silber;;;creolen;suggest
creolen kinder;;;creolen;suggest
creolen mit anhänger;;;creolen;suggest
creolen mit perlen;;;creolen;suggest
creolen ohrringe;;;creolen;suggest
creolen online kaufen;;;creolen;suggest
creolen rosegold;;;creolen;suggest
creolen schweiz;;;creolen;suggest
creolen silber schweiz;;;creolen;suggest
creolen vergoldet;;;creolen;suggest
ohrringe creolen kaufen;;;creolen;suggest
damenuhr günstig kaufen;;;damenuhr;suggest
damenuhr kaufen;;;damenuhr;suggest
damenuhr kaufen auf rechnung;;;damenuhr;suggest
damenuhr kaufen sale;;;damenuhr;suggest
damenuhr kaufen schweiz;;;damenuhr;suggest
damenuhr schweiz;;;damenuhr;suggest
damenuhr schweizer marke;;;damenuhr;suggest
damenuhr schweizer uhrwerk;;;damenuhr;suggest
damenuhr silber;;;damenuhr;suggest
damenuhren sale;;;damenuhr;suggest
damenuhren schweiz;;;damenuhr;suggest
damenuhren schweiz marken;;;damenuhr;suggest
schweizer damenuhr automatik;;;damenuhr;suggest
schweizer damenuhr gold;;;damenuhr;suggest
schweizer damenuhr mit diamanten;;;damenuhr;suggest
schweizer damenuhr mit lederarmband;;;damenuhr;suggest
schweizer damenuhr rechteckig;;;damenuhr;suggest
schweizer damenuhr sale;;;damenuhr;suggest
schweizer damenuhr silber;;;damenuhr;suggest
dashcam kaufen;;;dashcam;suggest
dashcam kaufen auto;;;dashcam;suggest
dashcam kaufen mit einbau;;;dashcam;suggest
dashcam kaufen schweiz;;;dashcam;suggest
dashcam kaufen und einbauen lassen;;;dashcam;suggest
dashcam mit akku;;;dashcam;suggest
dashcam mit parküberwachung;;;dashcam;suggest
dashcam motorrad;;;dashcam;suggest
dashcam schweiz;;;dashcam;suggest
dashcam schweiz beweismittel;;;dashcam;suggest
dashcam schweiz bundesgericht;;;dashcam;suggest
dashcam schweiz erlaubt;;;dashcam;suggest
dashcam schweiz gesetz;;;dashcam;suggest
dashcam schweiz kaufen;;;dashcam;suggest
dashcam schweiz tcs;;;dashcam;suggest
dashcam schweiz verboten;;;dashcam;suggest
deckenlampe esstisch;;;deckenlampe;suggest
deckenlampe günstig kaufen;;;deckenlampe;suggest
deckenlampe kaufen;;;deckenlampe;suggest
deckenlampe kaufen mit montage;;;deckenlampe;suggest
deckenlampe kaufen schweiz;;;deckenlampe;suggest
deckenlampe kinderzimmer;;;deckenlampe;suggest
deckenlampe küche;;;deckenlampe;suggest
deckenlampe led;;;deckenlampe;suggest
deckenlampe mit ventilator;;;deckenlampe;suggest
deckenlampe schlafzimmer;;;deckenlampe;suggest
deckenlampe schweiz;;;deckenlampe;suggest
deckenlampe wohnzimmer schweiz;;;deckenlampe;suggest
deckenlampen;;;deckenlampe;suggest
led deckenlampe kaufen;;;deckenlampe;suggest
led deckenlampe schweiz;;;deckenlampe;suggest
schweiz deckenlampe montieren;;;deckenlampe;suggest
diamond painting adventskalender;;;diamond painting;suggest
diamond painting bilder günstig kaufen;;;diamond painting;suggest
diamond painting eigenes bild;;;diamond painting;suggest
diamond painting erwachsene;;;diamond painting;suggest
diamond painting kaufen;;;diamond painting;suggest
diamond painting kaufen im geschäft;;;diamond painting;suggest
diamond painting kaufen schweiz;;;diamond painting;suggest
diamond painting kaufen tedi;;;diamond painting;suggest
diamond painting kaufen thalia;;;diamond painting;suggest
diamond painting schweiz;;;diamond painting;suggest
diamond painting schweiz ch;;;diamond painting;suggest
diamond painting schweiz eigenes bild;;;diamond painting;suggest
diamond painting schweiz karten;;;diamond painting;suggest
diamond painting schweiz kaufen;;;diamond painting;suggest
diamond painting schweiz kaufen auf rechnung;;;diamond painting;suggest
diamond painting schweiz kinder;;;diamond painting;suggest
diamond painting schweiz zubehör;;;diamond painting;suggest
diamond painting steine kaufen;;;diamond painting;suggest
diamond painting stift;;;diamond painting;suggest
diamond painting zubehör;;;diamond painting;suggest
dirndl bh;;;dirndl;suggest
dirndl bluse;;;dirndl;suggest
dirndl damen blau;;;dirndl;suggest
dirndl damen günstig;;;dirndl;suggest
dirndl damen lang;;;dirndl;suggest
dirndl damen midi;;;dirndl;suggest
dirndl damen rosa;;;dirndl;suggest
dirndl damen rot;;;dirndl;suggest
dirndl damen sale;;;dirndl;suggest
dirndl günstig;;;dirndl;suggest
dirndl hemd herren;;;dirndl;suggest
dirndl herren;;;dirndl;suggest
dirndl herrenberg;;;dirndl;suggest
dirndl herrengasse;;;dirndl;suggest
dirndl kaufen;;;dirndl;suggest
dirndl kaufen günstig;;;dirndl;suggest
dirndl kaufen schweiz;;;dirndl;suggest
dirndl kaufen schweiz günstig;;;dirndl;suggest
dirndl kinder;;;dirndl;suggest
dirndl kinder 104;;;dirndl;suggest
dirndl kinder 110;;;dirndl;suggest
dirndl kinder 116;;;dirndl;suggest
dirndl kinder 122;;;dirndl;suggest
dirndl kinder 128;;;dirndl;suggest
dirndl kinder 134;;;dirndl;suggest
dirndl kinder 140;;;dirndl;suggest
dirndl kinder 152;;;dirndl;suggest
dirndl kinder mädchen;;;dirndl;suggest
dirndl laden schweiz;;;dirndl;suggest
dirndl outlet schweiz;;;dirndl;suggest
dirndl schleife;;;dirndl;suggest
dirndl schweiz;;;dirndl;suggest
dirndl schweiz günstig;;;dirndl;suggest
dirndl schweiz kaufen;;;dirndl;suggest
dirndl schweiz online;;;dirndl;suggest
dirndl shop schweiz;;;dirndl;suggest
dirndl verleih;;;dirndl;suggest
herren dirndl bua schuhe;;;dirndl;suggest
herren dirndl hose;;;dirndl;suggest
herren dirndl schuhe;;;dirndl;suggest
herren dirndl weste;;;dirndl;suggest
krüger dirndl herren;;;dirndl;suggest
krüger dirndl schweiz;;;dirndl;suggest
drohne kaufen;;;drohne;suggest
drohne kaufen für anfänger;;;drohne;suggest
drohne kaufen mit kamera;;;drohne;suggest
drohne kaufen mit wärmebildkamera;;;drohne;suggest
drohne registrieren schweiz;;;drohne;suggest
drohne schweiz;;;drohne;suggest
drohne schweiz anmelden;;;drohne;suggest
drohne schweiz erlaubt;;;drohne;suggest
drohne schweiz fliegen;;;drohne;suggest
drohne schweiz karte;;;drohne;suggest
drohne schweiz regeln;;;drohne;suggest
drohne schweiz registrieren;;;drohne;suggest
drohne schweiz unter 250g;;;drohne;suggest
drohne schweiz wohngebiet;;;drohne;suggest
drohne schweizer armee;;;drohne;suggest
drohnen fliegen schweiz;;;drohne;suggest
drohnen prüfung schweiz;;;drohne;suggest
drohnenkarte schweiz;;;drohne;suggest
drohnenshow;;;drohne;suggest
duschvorhang 180x180;;;duschvorhang;suggest
duschvorhang 180x240 schweiz;;;duschvorhang;suggest
duschvorhang 240x180 schweiz;;;duschvorhang;suggest
duschvorhang durchsichtig;;;duschvorhang;suggest
duschvorhang kaufen;;;duschvorhang;suggest
duschvorhang kaufen schweiz;;;duschvorhang;suggest
duschvorhang kaufen tedi;;;duschvorhang;suggest
duschvorhang kaufen woolworth;;;duschvorhang;suggest
duschvorhang klicksystem;;;duschvorhang;suggest
duschvorhang ottos schweiz;;;duschvorhang;suggest
duschvorhang schweiz;;;duschvorhang;suggest
duschvorhang schweiz kaufen;;;duschvorhang;suggest
duschvorhang schweizer design;;;duschvorhang;suggest
duschvorhang schweizer firma;;;duschvorhang;suggest
duschvorhang spirella;;;duschvorhang;suggest
duschvorhangstange;;;duschvorhang;suggest
spirella duschvorhang schweiz;;;duschvorhang;suggest
e scooter zubehör kaufen;;;e-scooter zubehör;suggest
e scooter zubehör schweiz;;;e-scooter zubehör;suggest
e scooter zubehör segway;;;e-scooter zubehör;suggest
e-scooter zubehör korb;;;e-scooter zubehör;suggest
e-scooter zubehör ninebot;;;e-scooter zubehör;suggest
e-scooter zubehör online shop;;;e-scooter zubehör;suggest
e-scooter zubehör shop;;;e-scooter zubehör;suggest
breitling edelstahl armband kaufen;;;edelstahl armband;suggest
edelstahl armband damen breit;;;edelstahl armband;suggest
edelstahl armband damen gold;;;edelstahl armband;suggest
edelstahl armband herren;;;edelstahl armband;suggest
edelstahl armband herren schwarz;;;edelstahl armband;suggest
edelstahl armband herren silber;;;edelstahl armband;suggest
edelstahl armband kaufen;;;edelstahl armband;suggest
beste eismaschine schweiz;;;eismaschine;suggest
eismaschine betty bossi;;;eismaschine;suggest
eismaschine glace;;;eismaschine;suggest
eismaschine kaufen;;;eismaschine;suggest
eismaschine kaufen gastro;;;eismaschine;suggest
eismaschine kaufen ninja;;;eismaschine;suggest
eismaschine kaufen schweiz;;;eismaschine;suggest
eismaschine ninja;;;eismaschine;suggest
eismaschine schweiz;;;eismaschine;suggest
eismaschine schweizer hersteller;;;eismaschine;suggest
hoshizaki eismaschine schweiz;;;eismaschine;suggest
ninja eismaschine schweiz;;;eismaschine;suggest
elektrische heizung energiesparend kaufen;;;elektrische heizung;suggest
elektrische heizung für wohnzimmer;;;elektrische heizung;suggest
elektrische heizung günstig kaufen;;;elektrische heizung;suggest
elektrische heizung haus;;;elektrische heizung;suggest
elektrische heizung kaufen;;;elektrische heizung;suggest
elektrische heizung mit thermostat;;;elektrische heizung;suggest
elektrische heizung mobil;;;elektrische heizung;suggest
elektrische heizung schweiz;;;elektrische heizung;suggest
elektrische heizung wand;;;elektrische heizung;suggest
elektrische heizung wohnung;;;elektrische heizung;suggest
elektrische heizung wohnwagen;;;elektrische heizung;suggest
wo kann man elektrische heizung kaufen;;;elektrische heizung;suggest
beste elektrische zahnbürste schweiz;;;elektrische zahnbürste;suggest
elektrische zahnbürste handgepäck;;;elektrische zahnbürste;suggest
elektrische zahnbürste handgepäck oder koffer;;;elektrische zahnbürste;suggest
elektrische zahnbürste kaufen;;;elektrische zahnbürste;suggest
elektrische zahnbürste kaufen oral b;;;elektrische zahnbürste;suggest
elektrische zahnbürste kaufen schweiz;;;elektrische zahnbürste;suggest
elektrische zahnbürste oral b;;;elektrische zahnbürste;suggest
elektrische zahnbürste schweiz;;;elektrische zahnbürste;suggest
elektrische zahnbürste schweiz kaufen;;;elektrische zahnbürste;suggest
elektrische zahnbürste schweizer hersteller;;;elektrische zahnbürste;suggest
elektrische zahnbürste schweizer produkt;;;elektrische zahnbürste;suggest
elektrischer handwärmer avocado;;;elektrischer handwärmer;suggest
elektrischer handwärmer kaufen;;;elektrischer handwärmer;suggest
beste entsafter schweiz;;;entsafter;suggest
entsafter hurom;;;entsafter;suggest
entsafter kaufen;;;entsafter;suggest
entsafter kaufen günstig;;;entsafter;suggest
entsafter kaufen schweiz;;;entsafter;suggest
entsafter schweiz;;;entsafter;suggest
entsafter schweiz kaufen;;;entsafter;suggest
entsafter schweizer hersteller;;;entsafter;suggest
entsafter schweizer marke;;;entsafter;suggest
hurom entsafter schweiz;;;entsafter;suggest
etagere früchte;;;etagere;suggest
etagere für früchte;;;etagere;suggest
etagere groß;;;etagere;suggest
etagere günstig kaufen schweiz;;;etagere;suggest
etagere kaufen;;;etagere;suggest
etagere kaufen holz;;;etagere;suggest
etagere kaufen nanu nana;;;etagere;suggest
etagere kaufen schweiz;;;etagere;suggest
etagere schwarz;;;etagere;suggest
etagere schweiz;;;etagere;suggest
etagere stangen kaufen schweiz;;;etagere;suggest
etagere vintage schweiz;;;etagere;suggest
etageren;;;etagere;suggest
früchte etagere schweiz;;;etagere;suggest
fahrradhelm damen schweiz;;;fahrradhelm;suggest
fahrradhelm herren;;;fahrradhelm;suggest
fahrradhelm kaufen;;;fahrradhelm;suggest
fahrradhelm kaufen damen;;;fahrradhelm;suggest
fahrradhelm kaufen kinder;;;fahrradhelm;suggest
fahrradhelm kaufen schweiz;;;fahrradhelm;suggest
fahrradhelm kaufen worauf achten;;;fahrradhelm;suggest
fahrradhelm kinder;;;fahrradhelm;suggest
fahrradhelm mit visier;;;fahrradhelm;suggest
fahrradhelm schweiz;;;fahrradhelm;suggest
fahrradhelm schweiz pflicht;;;fahrradhelm;suggest
fahrradhelm schweizer marke;;;fahrradhelm;suggest
fahrradhelme;;;fahrradhelm;suggest
fahrradlicht aufladbar;;;fahrradlicht;suggest
fahrradlicht gesetz schweiz;;;fahrradlicht;suggest
fahrradlicht kaufen;;;fahrradlicht;suggest
fahrradlicht kaufen graz;;;fahrradlicht;suggest
fahrradlicht kaufen innsbruck;;;fahrradlicht;suggest
fahrradlicht kaufen münster;;;fahrradlicht;suggest
fahrradlicht pflicht schweiz;;;fahrradlicht;suggest
fahrradlicht rennrad;;;fahrradlicht;suggest
fahrradlicht schweiz;;;fahrradlicht;suggest
fahrradlicht vorne;;;fahrradlicht;suggest
fahrradlichter;;;fahrradlicht;suggest
fahrradzubehör günstig kaufen;;;fahrradzubehör;suggest
fahrradzubehör kaufen;;;fahrradzubehör;suggest
fahrradzubehör kaufen online;;;fahrradzubehör;suggest
fahrradzubehör online;;;fahrradzubehör;suggest
fahrradzubehör schweiz;;;fahrradzubehör;suggest
federmäppchen auf schweizerdeutsch;;;federmäppchen;suggest
federmäppchen damen;;;federmäppchen;suggest
federmäppchen günstig kaufen;;;federmäppchen;suggest
federmäppchen jungen;;;federmäppchen;suggest
federmäppchen jungen kaufen;;;federmäppchen;suggest
federmäppchen kaufen;;;federmäppchen;suggest
federmäppchen kaufen müller;;;federmäppchen;suggest
federmäppchen klein;;;federmäppchen;suggest
federmäppchen legami;;;federmäppchen;suggest
federmäppchen mädchen kaufen;;;federmäppchen;suggest
federmäppchen rätsel;;;federmäppchen;suggest
federmäppchen schwarz;;;federmäppchen;suggest
federmäppchen schweiz;;;federmäppchen;suggest
legami federmäppchen kaufen;;;federmäppchen;suggest
legami federmäppchen schweiz;;;federmäppchen;suggest
ferngesteuertes auto 100 km/h;;;ferngesteuertes auto;suggest
ferngesteuertes auto 50 km/h;;;ferngesteuertes auto;suggest
ferngesteuertes auto 70 km/h;;;ferngesteuertes auto;suggest
ferngesteuertes auto benzin;;;ferngesteuertes auto;suggest
ferngesteuertes auto benzin kaufen;;;ferngesteuertes auto;suggest
ferngesteuertes auto kaufen;;;ferngesteuertes auto;suggest
ferngesteuertes auto kaufen schweiz;;;ferngesteuertes auto;suggest
ferngesteuertes auto kinder ab 3;;;ferngesteuertes auto;suggest
ferngesteuertes auto kinder ab 4;;;ferngesteuertes auto;suggest
ferngesteuertes auto kinder ab 6;;;ferngesteuertes auto;suggest
ferngesteuertes auto kinder schweiz;;;ferngesteuertes auto;suggest
ferngesteuertes auto mädchen;;;ferngesteuertes auto;suggest
ferngesteuertes auto schweiz;;;ferngesteuertes auto;suggest
fernglas 10x42;;;fernglas;suggest
fernglas kaufen;;;fernglas;suggest
fernglas kaufen hofer;;;fernglas;suggest
fernglas kaufen schweiz;;;fernglas;suggest
fernglas mit bildstabilisator;;;fernglas;suggest
fernglas schweiz;;;fernglas;suggest
fernglas schweiz kaufen;;;fernglas;suggest
fernglas schweizer armee;;;fernglas;suggest
fernglas schweizerdeutsch;;;fernglas;suggest
fernglas shop schweiz;;;fernglas;suggest
fernglas store schweiz;;;fernglas;suggest
balco fitness tracker kaufen;;;fitness tracker;suggest
fitness tracker armband;;;fitness tracker;suggest
fitness tracker damen;;;fitness tracker;suggest
fitness tracker günstig kaufen;;;fitness tracker;suggest
fitness tracker kaufen;;;fitness tracker;suggest
fitness tracker kaufen schweiz;;;fitness tracker;suggest
fitness tracker kinder;;;fitness tracker;suggest
fitness tracker ring kaufen;;;fitness tracker;suggest
fitness tracker schweiz;;;fitness tracker;suggest
fitness tracker smart watch;;;fitness tracker;suggest
fitness tracker uhr;;;fitness tracker;suggest
welchen fitness tracker kaufen;;;fitness tracker;suggest
whoop fitness tracker kaufen;;;fitness tracker;suggest
cybex fitnessgeräte schweiz;;;fitnessgeräte;suggest
fitnessgeräte für zuhause platzsparend;;;fitnessgeräte;suggest
fitnessgeräte für zuhause schweiz;;;fitnessgeräte;suggest
fitnessgeräte kaufen;;;fitnessgeräte;suggest
fitnessgeräte kaufen schweiz;;;fitnessgeräte;suggest
fitnessgeräte outlet schweiz;;;fitnessgeräte;suggest
fitnessgeräte schweiz;;;fitnessgeräte;suggest
fitnessgeräte schweiz kaufen;;;fitnessgeräte;suggest
fitnessgeräte verkaufen schweiz;;;fitnessgeräte;suggest
holz fitnessgeräte schweiz;;;fitnessgeräte;suggest
schweizer fitnessgeräte hersteller;;;fitnessgeräte;suggest
ddr flaschenöffner kaufen;;;flaschenöffner;suggest
flaschenöffner hilfe;;;flaschenöffner;suggest
flaschenöffner kaufen;;;flaschenöffner;suggest
flaschenöffner kaufen edeka;;;flaschenöffner;suggest
flaschenöffner kaufen rewe;;;flaschenöffner;suggest
flaschenöffner kaufen schweiz;;;flaschenöffner;suggest
flaschenöffner rohling kaufen;;;flaschenöffner;suggest
flaschenöffner schlüsselanhänger;;;flaschenöffner;suggest
flaschenöffner schlüsselanhänger schweiz;;;flaschenöffner;suggest
flaschenöffner schweiz;;;flaschenöffner;suggest
göttinger flaschenöffner kaufen;;;flaschenöffner;suggest
fliege kaufen;;;fliege;suggest
fliege kaufen schweiz;;;fliege;suggest
fliege schweiz;;;fliege;suggest
fliege schweizerdeutsch;;;fliege;suggest
fliegen;;;fliege;suggest
fliegengitter;;;fliege;suggest
fliegengitter balkontür;;;fliege;suggest
fliegengitter fenster;;;fliege;suggest
fliegenklatsche;;;fliege;suggest
fliegenpilz;;;fliege;suggest
fliegenwedler;;;fliege;suggest
gelbe fliege schweiz;;;fliege;suggest
grosse fliege schweiz;;;fliege;suggest
grösste fliege schweiz;;;fliege;suggest
grüne fliege schweiz;;;fliege;suggest
jochen schweizer fliege;;;fliege;suggest
riesige fliege schweiz;;;fliege;suggest
stechende fliege schweiz;;;fliege;suggest
fondue chinoise set kaufen schweiz;;;fondue set;suggest
fondue set aktion;;;fondue set;suggest
fondue set elektrisch;;;fondue set;suggest
fondue set kaufen;;;fondue set;suggest
fondue set kaufen schweiz;;;fondue set;suggest
fondue set schweiz;;;fondue set;suggest
fondue set schweizer kreuz;;;fondue set;suggest
käse fondue set schweiz;;;fondue set;suggest
mini fondue set schweiz;;;fondue set;suggest
schweizer fondue set elektrisch;;;fondue set;suggest
ao foundation schweiz;;;foundation;suggest
changing foundation schweiz;;;foundation;suggest
fondation beyeler;;;foundation;suggest
foundation galactic frontier;;;foundation;suggest
foundation game;;;foundation;suggest
foundation kaufen;;;foundation;suggest
foundation kaufen pc;;;foundation;suggest
foundation kaufen spiel;;;foundation;suggest
foundation pinsel;;;foundation;suggest
foundation schweiz;;;foundation;suggest
foundation season 4;;;foundation;suggest
foundation staffel 4;;;foundation;suggest
foundation stick;;;foundation;suggest
jacobs foundation schweiz;;;foundation;suggest
luxe foundation kaufen;;;foundation;suggest
may foundation kaufen;;;foundation;suggest
meroda foundation kaufen;;;foundation;suggest
meroda foundation schweiz;;;foundation;suggest
meroda foundation schweiz kaufen;;;foundation;suggest
nuvee foundation kaufen schweiz;;;foundation;suggest
sanni foundation schweiz;;;foundation;suggest
teamco foundation schweiz;;;foundation;suggest
tirtir foundation schweiz;;;foundation;suggest
wyss foundation schweiz;;;foundation;suggest
freundschaftsarmband erwachsene;;;freundschaftsarmband;suggest
freundschaftsarmband geknüpft kaufen;;;freundschaftsarmband;suggest
freundschaftsarmband gold;;;freundschaftsarmband;suggest
freundschaftsarmband kaufen;;;freundschaftsarmband;suggest
freundschaftsarmband kaufen schweiz;;;freundschaftsarmband;suggest
freundschaftsarmband knüpfen;;;freundschaftsarmband;suggest
freundschaftsarmband knüpfen einfach;;;freundschaftsarmband;suggest
freundschaftsarmband mann und frau;;;freundschaftsarmband;suggest
freundschaftsarmband schweiz;;;freundschaftsarmband;suggest
freundschaftsarmband verschluss;;;freundschaftsarmband;suggest
fusskette kaufen schweiz;;;fussketten;suggest
fussketten frauen;;;fussketten;suggest
fussketten männer;;;fussketten;suggest
fussketten schweiz;;;fussketten;suggest
fußkettchen;;;fussketten;suggest
fußkettchen damen;;;fussketten;suggest
fußkettchen gold;;;fussketten;suggest
fußkettchen silber;;;fussketten;suggest
fußketten;;;fussketten;suggest
fußketten kaufen;;;fussketten;suggest
elektrischer fußwärmer kaufen;;;fusswärmer;suggest
fusswärmer beheizbar;;;fusswärmer;suggest
fusswärmer elektrisch;;;fusswärmer;suggest
fusswärmer kaufen;;;fusswärmer;suggest
fusswärmer lammfell;;;fusswärmer;suggest
fusswärmer schuhe;;;fusswärmer;suggest
fusswärmer schweiz;;;fusswärmer;suggest
fußwärmer;;;fusswärmer;suggest
fußwärmer bett;;;fusswärmer;suggest
fußwärmer pads kaufen;;;fusswärmer;suggest
hand und fußwärmer kaufen;;;fusswärmer;suggest
sos fußwärmer kaufen;;;fusswärmer;suggest
futternapf erhöht;;;futternapf;suggest
futternapf für hühner kaufen;;;futternapf;suggest
futternapf gmbh dällikon;;;futternapf;suggest
futternapf hamster kaufen;;;futternapf;suggest
futternapf hund;;;futternapf;suggest
futternapf hund erhöht;;;futternapf;suggest
futternapf katze erhöht;;;futternapf;suggest
futternapf kaufen;;;futternapf;suggest
futternapf tiere kaufen;;;futternapf;suggest
futternapf unterlage katze;;;futternapf;suggest
stardew valley futternapf kaufen;;;futternapf;suggest
auto gadgets kaufen;;;gadgets;suggest
camping gadgets kaufen;;;gadgets;suggest
coole gadgets kaufen;;;gadgets;suggest
gadgets beispiele;;;gadgets;suggest
gadgets deutsch;;;gadgets;suggest
gadgets für frauen;;;gadgets;suggest
gadgets inutile;;;gadgets;suggest
gadgets kaufen;;;gadgets;suggest
gadgets kaufen schweiz;;;gadgets;suggest
gadgets schweiz;;;gadgets;suggest
gadgetshieldz;;;gadgets;suggest
james bond gadgets kaufen;;;gadgets;suggest
japanische gadgets kaufen;;;gadgets;suggest
küchen gadgets kaufen;;;gadgets;suggest
spionage gadgets schweiz;;;gadgets;suggest
tech gadgets kaufen;;;gadgets;suggest
bester gaming stuhl schweiz;;;gaming stuhl;suggest
dowinx gaming stuhl schweiz;;;gaming stuhl;suggest
gaming stuhl black friday schweiz;;;gaming stuhl;suggest
gaming stuhl günstig;;;gaming stuhl;suggest
gaming stuhl günstig schweiz;;;gaming stuhl;suggest
gaming stuhl kaufen;;;gaming stuhl;suggest
gaming stuhl kaufen nürnberg;;;gaming stuhl;suggest
gaming stuhl kaufen schweiz;;;gaming stuhl;suggest
gaming stuhl kinder;;;gaming stuhl;suggest
gaming stuhl mit kühlung;;;gaming stuhl;suggest
gaming stuhl schweiz;;;gaming stuhl;suggest
gtplayer gaming stuhl schweiz;;;gaming stuhl;suggest
gaming pc zubehör kaufen;;;gaming zubehör;suggest
gaming zubehör auf raten kaufen;;;gaming zubehör;suggest
gaming zubehör deko;;;gaming zubehör;suggest
gaming zubehör geschenk;;;gaming zubehör;suggest
gaming zubehör günstig kaufen;;;gaming zubehör;suggest
gaming zubehör kaufen;;;gaming zubehör;suggest
gaming zubehör marken;;;gaming zubehör;suggest
gaming zubehör schweiz;;;gaming zubehör;suggest
gaming zubehör verkaufen;;;gaming zubehör;suggest
ausgefallene gartendeko kaufen;;;gartendeko;suggest
gartendeko cortenstahl kaufen;;;gartendeko;suggest
gartendeko figuren;;;gartendeko;suggest
gartendeko fränkische schweiz;;;gartendeko;suggest
gartendeko günstig kaufen;;;gartendeko;suggest
gartendeko ideen;;;gartendeko;suggest
gartendeko kaufen;;;gartendeko;suggest
gartendeko kaufen schweiz;;;gartendeko;suggest
gartendeko metall;;;gartendeko;suggest
gartendeko online schweiz;;;gartendeko;suggest
gartendeko rost;;;gartendeko;suggest
gartendeko rost schweiz;;;gartendeko;suggest
gartendeko schweiz;;;gartendeko;suggest
gartendeko shop schweiz;;;gartendeko;suggest
japanische gartendeko kaufen;;;gartendeko;suggest
schöne gartendeko kaufen;;;gartendeko;suggest
gartenlampe kaufen;;;gartenlampe;suggest
gartenlampe mit steckdose;;;gartenlampe;suggest
gartenlampen;;;gartenlampe;suggest
gartenlampen elektrisch;;;gartenlampe;suggest
gartenlampen mit bewegungsmelder;;;gartenlampe;suggest
gartenlampen schweiz;;;gartenlampe;suggest
gartenlampen stehend;;;gartenlampe;suggest
gartenlampen strom;;;gartenlampe;suggest
solar gartenlampe kaufen;;;gartenlampe;suggest
altes gartenwerkzeug kaufen;;;gartenwerkzeug;suggest
gartenwerkzeug aufhängen;;;gartenwerkzeug;suggest
gartenwerkzeug günstig kaufen;;;gartenwerkzeug;suggest
gartenwerkzeug halterung;;;gartenwerkzeug;suggest
gartenwerkzeug kaufen;;;gartenwerkzeug;suggest
gartenwerkzeug kinder;;;gartenwerkzeug;suggest
gartenwerkzeug online kaufen;;;gartenwerkzeug;suggest
gartenwerkzeug schweiz;;;gartenwerkzeug;suggest
gartenwerkzeug set;;;gartenwerkzeug;suggest
gartenwerkzeug set kaufen;;;gartenwerkzeug;suggest
gartenwerkzeuge;;;gartenwerkzeug;suggest
kupfer gartenwerkzeug kaufen;;;gartenwerkzeug;suggest
gartenzwerg game;;;gartenzwerg;suggest
gartenzwerg kaufen;;;gartenzwerg;suggest
gartenzwerg kaufen dehner;;;gartenzwerg;suggest
gartenzwerg kaufen schweiz;;;gartenzwerg;suggest
gartenzwerg mittelfinger;;;gartenzwerg;suggest
gartenzwerg schweiz;;;gartenzwerg;suggest
gartenzwerg spiel;;;gartenzwerg;suggest
gartenzwerg stinkefinger;;;gartenzwerg;suggest
gartenzwerge;;;gartenzwerg;suggest
gartenzwerge kaufen;;;gartenzwerg;suggest
gel für nägel kaufen;;;gel nägel;suggest
gel für nägel schweiz;;;gel nägel;suggest
gel nägel entfernen;;;gel nägel;suggest
gel nägel füsse;;;gel nägel;suggest
gel nägel ideen;;;gel nägel;suggest
gel nägel kaufen;;;gel nägel;suggest
gel nägel natürlich;;;gel nägel;suggest
gel nägel sommer;;;gel nägel;suggest
gelnägel;;;gel nägel;suggest
gelnägel schweiz;;;gel nägel;suggest
nägel gel kaufen schweiz;;;gel nägel;suggest
dequa geldbörse schweiz;;;geldbörse;suggest
geldbörse damen;;;geldbörse;suggest
geldbörse damen groß;;;geldbörse;suggest
geldbörse damen klein;;;geldbörse;suggest
geldbörse damen leder;;;geldbörse;suggest
geldbörse damen leder sale;;;geldbörse;suggest
geldbörse damen liebeskind;;;geldbörse;suggest
geldbörse damen marken;;;geldbörse;suggest
geldbörse damen mittelgroß;;;geldbörse;suggest
geldbörse damen schweiz;;;geldbörse;suggest
geldbörse herren;;;geldbörse;suggest
geldbörse herren boss;;;geldbörse;suggest
geldbörse herren groß;;;geldbörse;suggest
geldbörse herren klein;;;geldbörse;suggest
geldbörse herren leder;;;geldbörse;suggest
geldbörse herren leder mit münzfach;;;geldbörse;suggest
geldbörse herren mit münzfach;;;geldbörse;suggest
geldbörse herren mit reißverschluss;;;geldbörse;suggest
geldbörse herren schweiz;;;geldbörse;suggest
geldbörse kaufen;;;geldbörse;suggest
geldbörse kaufen damen;;;geldbörse;suggest
geldbörse kaufen graz;;;geldbörse;suggest
geldbörse kaufen herren;;;geldbörse;suggest
geldbörse kaufen linz;;;geldbörse;suggest
geldbörse kaufen schweiz;;;geldbörse;suggest
geldbörse kinder;;;geldbörse;suggest
geldbörse kinder ergobag;;;geldbörse;suggest
geldbörse kinder jungen;;;geldbörse;suggest
geldbörse kinder mädchen;;;geldbörse;suggest
geldbörse kinder müller;;;geldbörse;suggest
geldbörse kinder step by step;;;geldbörse;suggest
geldbörse kinder thalia;;;geldbörse;suggest
geldbörse kinder umhängen;;;geldbörse;suggest
geldbörse schweiz;;;geldbörse;suggest
geldbörse schweizer flagge;;;geldbörse;suggest
geldbörse schweizer kreuz;;;geldbörse;suggest
geldbörse schweizerdeutsch;;;geldbörse;suggest
geldbörsen;;;geldbörse;suggest
cube gepäckträger kaufen;;;gepäckträger;suggest
fahrrad gepäckträger kaufen;;;gepäckträger;suggest
fahrrad gepäckträger schweiz;;;gepäckträger;suggest
fahrradtasche gepäckträger kaufen;;;gepäckträger;suggest
gepäckträger auto kaufen;;;gepäckträger;suggest
gepäckträger fahrrad;;;gepäckträger;suggest
gepäckträger gravel bike;;;gepäckträger;suggest
gepäckträger kaufen;;;gepäckträger;suggest
gepäckträger mountainbike;;;gepäckträger;suggest
gepäckträger rennrad;;;gepäckträger;suggest
gepäckträger schweiz;;;gepäckträger;suggest
gepäckträger velo;;;gepäckträger;suggest
gepäckträgertasche;;;gepäckträger;suggest
gepäckträgertasche fahrrad;;;gepäckträger;suggest
gepäckträgertaschen für e-bike;;;gepäckträger;suggest
racktime gepäckträger kaufen;;;gepäckträger;suggest
tailfin gepäckträger kaufen;;;gepäckträger;suggest
velo gepäckträger kaufen;;;gepäckträger;suggest
velo gepäckträger schweiz;;;gepäckträger;suggest
geschenk für frau 30 jahre;;;geschenk für frau;suggest
geschenk für frau die alles hat;;;geschenk für frau;suggest
geschenk für frau zum 40. geburtstag;;;geschenk für frau;suggest
geschenk für frau zum 60. geburtstag;;;geschenk für frau;suggest
geschenk für frau zum geburtstag;;;geschenk für frau;suggest
geschenk für frauen ab 30;;;geschenk für frau;suggest
geschenk für frauen ab 40;;;geschenk für frau;suggest
geschenk für frauen ab 50;;;geschenk für frau;suggest
geschenk für frauen ab 60;;;geschenk für frau;suggest
geschenk für kinder 1 jahr;;;geschenk für kinder;suggest
geschenk für kinder 2 jahre;;;geschenk für kinder;suggest
geschenk für kinder 3 jahre;;;geschenk für kinder;suggest
geschenk für kindergarten;;;geschenk für kinder;suggest
geschenk für kindergarten start;;;geschenk für kinder;suggest
geschenk für kindergartenkind;;;geschenk für kinder;suggest
geschenk für kindergeburtstag;;;geschenk für kinder;suggest
geschenk für kindergärtnerin;;;geschenk für kinder;suggest
jochen schweizer geschenk für kinder;;;geschenk für kinder;suggest
kinder geschenk schweiz;;;geschenk für kinder;suggest
schweizer geschenk für kinder;;;geschenk für kinder;suggest
geschenk für mann 40 jahre;;;geschenk für mann;suggest
geschenk für mann 50 geburtstag;;;geschenk für mann;suggest
geschenk für mann 50 jahre;;;geschenk für mann;suggest
geschenk für mann 60 jahre;;;geschenk für mann;suggest
geschenk für mann der alles hat;;;geschenk für mann;suggest
geschenk für mann kaufen;;;geschenk für mann;suggest
geschenk für mann zum 60 geburtstag;;;geschenk für mann;suggest
geschenk für mann zum hochzeitstag;;;geschenk für mann;suggest
geschenk für mann zum jahrestag;;;geschenk für mann;suggest
geschenk mann schweiz;;;geschenk für mann;suggest
geschenke jochen schweizer;;;geschenkidee;suggest
geschenke mutter;;;geschenkidee;suggest
geschenke sächsische schweiz;;;geschenkidee;suggest
geschenke typisch schweiz;;;geschenkidee;suggest
geschenkidee erlebnis schweiz;;;geschenkidee;suggest
geschenkidee frau;;;geschenkidee;suggest
geschenkidee gutschein einlösen;;;geschenkidee;suggest
geschenkidee hochzeit;;;geschenkidee;suggest
geschenkidee hochzeit schweiz;;;geschenkidee;suggest
geschenkidee kaufen;;;geschenkidee;suggest
geschenkidee kontakt schweiz;;;geschenkidee;suggest
geschenkidee mann schweiz;;;geschenkidee;suggest
geschenkidee schweiz;;;geschenkidee;suggest
geschenkideen für götti zum selbermachen;;;geschenkidee;suggest
aperol geschenkset kaufen;;;geschenkset;suggest
aperol geschenkset schweiz;;;geschenkset;suggest
baby geschenkset schweiz;;;geschenkset;suggest
geschenkset baby;;;geschenkset;suggest
geschenkset damen;;;geschenkset;suggest
geschenkset damen sale;;;geschenkset;suggest
geschenkset frauen geburtstag;;;geschenkset;suggest
geschenkset frauen schweiz;;;geschenkset;suggest
geschenkset gewürze kaufen;;;geschenkset;suggest
geschenkset kaufen;;;geschenkset;suggest
geschenkset rituals;;;geschenkset;suggest
geschenkset schweiz;;;geschenkset;suggest
geschenkset schweizer spezialitäten;;;geschenkset;suggest
gin geschenkset kaufen;;;geschenkset;suggest
gin geschenkset schweiz;;;geschenkset;suggest
honig geschenkset schweiz;;;geschenkset;suggest
martini geschenkset kaufen;;;geschenkset;suggest
ouzo geschenkset kaufen;;;geschenkset;suggest
rituals geschenkset kaufen;;;geschenkset;suggest
rituals geschenkset schweiz;;;geschenkset;suggest
tee geschenkset kaufen;;;geschenkset;suggest
tee geschenkset schweiz;;;geschenkset;suggest
weleda geschenkset kaufen;;;geschenkset;suggest
zigarren geschenkset kaufen;;;geschenkset;suggest
geschenkverpackung box kaufen;;;geschenkverpackung;suggest
geschenkverpackung für flaschen;;;geschenkverpackung;suggest
geschenkverpackung hochzeit kaufen;;;geschenkverpackung;suggest
geschenkverpackung ideen geburtstag;;;geschenkverpackung;suggest
geschenkverpackung jochen schweizer;;;geschenkverpackung;suggest
geschenkverpackung karton kaufen;;;geschenkverpackung;suggest
geschenkverpackung kaufen;;;geschenkverpackung;suggest
geschenkverpackung ostern kaufen;;;geschenkverpackung;suggest
geschenkverpackung schweiz;;;geschenkverpackung;suggest
geschenkverpackung weihnachten kaufen;;;geschenkverpackung;suggest
geschenkverpackungsideen;;;geschenkverpackung;suggest
geschirr kaufen;;;geschirr;suggest
geschirr kaufen online;;;geschirr;suggest
geschirr kaufen schweiz;;;geschirr;suggest
geschirr schweiz;;;geschirr;suggest
geschirr schweiz kaufen;;;geschirr;suggest
geschirr schweizer armee;;;geschirr;suggest
geschirr schweizer marke;;;geschirr;suggest
geschirr schweizer sennenhund;;;geschirr;suggest
geschirrset;;;geschirr;suggest
geschirrset 12 personen;;;geschirr;suggest
geschirrspüler;;;geschirr;suggest
geschirrspüler 55 cm;;;geschirr;suggest
geschirrspülmaschine;;;geschirr;suggest
geschirrtuch;;;geschirr;suggest
geschirrtücher;;;geschirr;suggest
kahla geschirr schweiz;;;geschirr;suggest
schweizer geschirr hersteller;;;geschirr;suggest
schweizer geschirr hund;;;geschirr;suggest
schweizer geschirr set;;;geschirr;suggest
beste gesichtsmaske schweiz;;;gesichtsmaske;suggest
gesichtsmaske biodance;;;gesichtsmaske;suggest
gesichtsmaske fußball kaufen;;;gesichtsmaske;suggest
gesichtsmaske günstig kaufen;;;gesichtsmaske;suggest
gesichtsmaske kaufen;;;gesichtsmaske;suggest
gesichtsmaske kaufen schweiz;;;gesichtsmaske;suggest
gesichtsmaske müller;;;gesichtsmaske;suggest
gesichtsmaske schweiz;;;gesichtsmaske;suggest
gesichtsmasken;;;gesichtsmaske;suggest
koreanische gesichtsmaske kaufen;;;gesichtsmaske;suggest
led gesichtsmaske kaufen;;;gesichtsmaske;suggest
led gesichtsmaske schweiz;;;gesichtsmaske;suggest
merz gesichtsmaske kaufen;;;gesichtsmaske;suggest
rotlicht gesichtsmaske kaufen;;;gesichtsmaske;suggest
silikon gesichtsmaske kaufen;;;gesichtsmaske;suggest
stoff gesichtsmaske kaufen;;;gesichtsmaske;suggest
antikes gewürzregal kaufen;;;gewürzregal;suggest
gewürzregal ausziehbar;;;gewürzregal;suggest
gewürzregal gefüllt kaufen;;;gewürzregal;suggest
gewürzregal günstig kaufen;;;gewürzregal;suggest
gewürzregal holz;;;gewürzregal;suggest
gewürzregal holz kaufen;;;gewürzregal;suggest
gewürzregal hängend;;;gewürzregal;suggest
gewürzregal kaufen;;;gewürzregal;suggest
gewürzregal kaufen schweiz;;;gewürzregal;suggest
gewürzregal online kaufen;;;gewürzregal;suggest
gewürzregal schublade;;;gewürzregal;suggest
gewürzregal schweiz;;;gewürzregal;suggest
gewürzregal stehend;;;gewürzregal;suggest
gewürzregal wand kaufen;;;gewürzregal;suggest
gewürzregal wand schweiz;;;gewürzregal;suggest
giesskanne kaufen billig;;;giesskanne;suggest
giesskanne kaufen schweiz;;;giesskanne;suggest
giesskanne schweiz;;;giesskanne;suggest
giesskanne schweizerdeutsch;;;giesskanne;suggest
gießkanne;;;giesskanne;suggest
gießkanne kaufen;;;giesskanne;suggest
gießkanne kaufen 5 liter;;;giesskanne;suggest
gießkanne kaufen stardew valley;;;giesskanne;suggest
gießkanne kaufen tedi;;;giesskanne;suggest
gießkanne klein;;;giesskanne;suggest
gießkanne metall;;;giesskanne;suggest
gießkannen;;;giesskanne;suggest
stöckli schweizer gießkanne;;;giesskanne;suggest
stöckli schweizer gießkanne rot 10 l;;;giesskanne;suggest
duralex gläser schweiz;;;gläser;suggest
gläser gravieren schweiz;;;gläser;suggest
gläser im steamer sterilisieren;;;gläser;suggest
gläser kaufen;;;gläser;suggest
gläser kaufen günstig;;;gläser;suggest
gläser kaufen schweiz;;;gläser;suggest
gläser mit deckel;;;gläser;suggest
gläser schweiz;;;gläser;suggest
gläser schweizer berge;;;gläser;suggest
gläser sterilisieren;;;gläser;suggest
gläser sterilisieren im backofen;;;gläser;suggest
gläser und flaschen;;;gläser;suggest
riedel gläser schweiz;;;gläser;suggest
ritzenhoff gläser schweiz;;;gläser;suggest
schweizerhaus gläser;;;gläser;suggest
weck gläser schweiz;;;gläser;suggest
beste glätteisen schweiz;;;glätteisen;suggest
ghd glätteisen schweiz;;;glätteisen;suggest
glätteisen ghd;;;glätteisen;suggest
glätteisen haare;;;glätteisen;suggest
glätteisen kaufen;;;glätteisen;suggest
glätteisen kaufen müller;;;glätteisen;suggest
glätteisen kaufen schweiz;;;glätteisen;suggest
glätteisen kaufen worauf achten;;;glätteisen;suggest
glätteisen kleider;;;glätteisen;suggest
glätteisen müller schweiz;;;glätteisen;suggest
glätteisen ohne kabel;;;glätteisen;suggest
glätteisen remington;;;glätteisen;suggest
glätteisen schweiz;;;glätteisen;suggest
glätteisen schweizerdeutsch;;;glätteisen;suggest
mini glätteisen schweiz;;;glätteisen;suggest
remington glätteisen schweiz;;;glätteisen;suggest
goldkette 18 karat;;;goldkette;suggest
goldkette 18 karat schweiz;;;goldkette;suggest
goldkette baby;;;goldkette;suggest
goldkette damen schweiz;;;goldkette;suggest
goldkette herren;;;goldkette;suggest
goldkette herren 18k;;;goldkette;suggest
goldkette herren schweiz;;;goldkette;suggest
goldkette kaufen;;;goldkette;suggest
goldkette kaufen 585;;;goldkette;suggest
goldkette kaufen damen;;;goldkette;suggest
goldkette kaufen herren;;;goldkette;suggest
goldkette kaufen pfandhaus;;;goldkette;suggest
goldkette kaufen schweiz;;;goldkette;suggest
goldkette kinder;;;goldkette;suggest
goldkette mit anhänger;;;goldkette;suggest
goldkette mit kreuz;;;goldkette;suggest
goldkette schweiz;;;goldkette;suggest
goldkette schweiz kaufen;;;goldkette;suggest
goldkette verkaufen schweiz;;;goldkette;suggest
goldketten;;;goldkette;suggest
grill kaufen;;;grill;suggest
grill kaufen aktion;;;grill;suggest
grill kaufen gas;;;grill;suggest
grill kaufen holzkohle;;;grill;suggest
grill kaufen schweiz;;;grill;suggest
grill kaufen schweiz aktion;;;grill;suggest
grill schweiz;;;grill;suggest
grill schweiz kaufen;;;grill;suggest
grill schweizer hersteller;;;grill;suggest
grill schweizer marke;;;grill;suggest
grill schweizermeister;;;grill;suggest
grill schweizermeisterschaft;;;grill;suggest
grille;;;grill;suggest
grillen;;;grill;suggest
grillfürst;;;grill;suggest
grillgemüse;;;grill;suggest
grillverbot schweiz;;;grill;suggest
schweizer grill deutsche gasflasche;;;grill;suggest
schweizer grill nationalwurst;;;grill;suggest
schweizer grill poulet;;;grill;suggest
aigle gummistiefel schweiz;;;gummistiefel;suggest
bundgaard gummistiefel schweiz;;;gummistiefel;suggest
fella gummistiefel schweiz;;;gummistiefel;suggest
gummistiefel damen;;;gummistiefel;suggest
gummistiefel damen bunt;;;gummistiefel;suggest
gummistiefel damen gefüttert;;;gummistiefel;suggest
gummistiefel damen halbhoch;;;gummistiefel;suggest
gummistiefel damen hoch;;;gummistiefel;suggest
gummistiefel damen hunter;;;gummistiefel;suggest
gummistiefel damen kurz;;;gummistiefel;suggest
gummistiefel damen schwarz;;;gummistiefel;suggest
gummistiefel damen schweiz;;;gummistiefel;suggest
gummistiefel herren;;;gummistiefel;suggest
gummistiefel herren gefüttert;;;gummistiefel;suggest
gummistiefel herren halbhoch;;;gummistiefel;suggest
gummistiefel herren kurz;;;gummistiefel;suggest
gummistiefel herren schweiz;;;gummistiefel;suggest
gummistiefel kaufen;;;gummistiefel;suggest
gummistiefel kaufen amrum;;;gummistiefel;suggest
gummistiefel kaufen auf sylt;;;gummistiefel;suggest
gummistiefel kaufen damen;;;gummistiefel;suggest
gummistiefel kaufen schweiz;;;gummistiefel;suggest
gummistiefel kinder;;;gummistiefel;suggest
gummistiefel kinder gefüttert;;;gummistiefel;suggest
gummistiefel kinder günstig;;;gummistiefel;suggest
gummistiefel kinder mädchen;;;gummistiefel;suggest
gummistiefel kinder schweiz;;;gummistiefel;suggest
gummistiefel schweiz;;;gummistiefel;suggest
gummistiefel schweizerdeutsch;;;gummistiefel;suggest
hunter gummistiefel schweiz;;;gummistiefel;suggest
gürtel damen breit;;;gürtel;suggest
gürtel damen gold;;;gürtel;suggest
gürtel damen kaufen schweiz;;;gürtel;suggest
gürtel damen schwarz;;;gürtel;suggest
gürtel damen silber;;;gürtel;suggest
gürtel herren;;;gürtel;suggest
gürtel herren boss;;;gürtel;suggest
gürtel herren designer;;;gürtel;suggest
gürtel herren leder;;;gürtel;suggest
gürtel herren lv;;;gürtel;suggest
gürtel herren ohne löcher;;;gürtel;suggest
gürtel herren schwarz;;;gürtel;suggest
gürtel herren schweiz;;;gürtel;suggest
gürtel kaufen;;;gürtel;suggest
gürtel kaufen damen;;;gürtel;suggest
gürtel kaufen dresden;;;gürtel;suggest
gürtel kaufen herren;;;gürtel;suggest
gürtel kinder;;;gürtel;suggest
gürtel kinder 10 jahre;;;gürtel;suggest
gürtel kinder 12 jahre;;;gürtel;suggest
gürtel kinder 3 jahre;;;gürtel;suggest
gürtel kinder 4 jahre;;;gürtel;suggest
gürtel kinder 6 jahre;;;gürtel;suggest
gürtel kinder jungen;;;gürtel;suggest
gürtel kinder mädchen;;;gürtel;suggest
gürtel schweiz;;;gürtel;suggest
gürtel schweiz kühe;;;gürtel;suggest
gürtel schweizer armee;;;gürtel;suggest
gürtel schweizer garde;;;gürtel;suggest
gürtel schweizer kreuz;;;gürtel;suggest
gürtel schweizerdeutsch;;;gürtel;suggest
gürtelrose;;;gürtel;suggest
gürtelrose ansteckend;;;gürtel;suggest
gürtelrose behandlung;;;gürtel;suggest
gürtelrose bilder;;;gürtel;suggest
gürtelrose gesicht;;;gürtel;suggest
gürtelrose symptome;;;gürtel;suggest
gürteltasche;;;gürtel;suggest
gürteltier;;;gürtel;suggest
schweizer gürtel damen;;;gürtel;suggest
schweizer gürtel kaufen;;;gürtel;suggest
alcina haarpflege schweiz;;;haarpflege;suggest
bionic haarpflege kaufen;;;haarpflege;suggest
haarpflege für blondiertes haar;;;haarpflege;suggest
haarpflege für locken;;;haarpflege;suggest
haarpflege kaufen;;;haarpflege;suggest
haarpflege kaufen hannover;;;haarpflege;suggest
haarpflege monat;;;haarpflege;suggest
haarpflege männer;;;haarpflege;suggest
haarpflege natürlich;;;haarpflege;suggest
haarpflege schweiz;;;haarpflege;suggest
haarpflegeprodukte;;;haarpflege;suggest
life haarpflege kaufen;;;haarpflege;suggest
milbon haarpflege kaufen;;;haarpflege;suggest
monat haarpflege kaufen;;;haarpflege;suggest
monat haarpflege schweiz;;;haarpflege;suggest
nashi haarpflege kaufen;;;haarpflege;suggest
natürliche haarpflege schweiz;;;haarpflege;suggest
rica haarpflege kaufen;;;haarpflege;suggest
sebastian haarpflege kaufen;;;haarpflege;suggest
trinity haarpflege kaufen;;;haarpflege;suggest
einhorn haarreif kaufen;;;haarreif;suggest
haarreif kaufen;;;haarreif;suggest
haarreif kaufen schweiz;;;haarreif;suggest
haarreif kinder;;;haarreif;suggest
haarreif mit klammern;;;haarreif;suggest
haarreif mit zacken;;;haarreif;suggest
haarreif mädchen;;;haarreif;suggest
haarreif online kaufen;;;haarreif;suggest
haarreif schweiz;;;haarreif;suggest
haarreifen männer;;;haarreif;suggest
katzenohren haarreif kaufen;;;haarreif;suggest
sims haarreif kaufen;;;haarreif;suggest
braut haarschmuck schweiz;;;haarschmuck;suggest
haarschmuck blumen;;;haarschmuck;suggest
haarschmuck blumen schweiz;;;haarschmuck;suggest
haarschmuck braut;;;haarschmuck;suggest
haarschmuck hochzeit;;;haarschmuck;suggest
haarschmuck hochzeit schweiz;;;haarschmuck;suggest
haarschmuck hochzeitsgast;;;haarschmuck;suggest
haarschmuck kaufen;;;haarschmuck;suggest
haarschmuck kaufen schweiz;;;haarschmuck;suggest
haarschmuck kinder;;;haarschmuck;suggest
haarschmuck kinder schweiz;;;haarschmuck;suggest
haarschmuck perlen;;;haarschmuck;suggest
haarschmuck schweiz;;;haarschmuck;suggest
haarschmuck silber;;;haarschmuck;suggest
haarspangen baby;;;haarspangen;suggest
haarspangen damen;;;haarspangen;suggest
haarspangen für feines haar;;;haarspangen;suggest
haarspangen kaufen;;;haarspangen;suggest
haarspangen kaufen schweiz;;;haarspangen;suggest
haarspangen klein;;;haarspangen;suggest
haarspangen mädchen;;;haarspangen;suggest
haarspangen online kaufen;;;haarspangen;suggest
haarspangen schweiz;;;haarspangen;suggest
akku haartrockner schweiz;;;haartrockner;suggest
bester haartrockner schweiz;;;haartrockner;suggest
haartrockner kaufen;;;haartrockner;suggest
haartrockner kaufen günstig;;;haartrockner;suggest
haartrockner kaufen schweiz;;;haartrockner;suggest
haartrockner schweiz;;;haartrockner;suggest
haartrockner schweizer fabrikat;;;haartrockner;suggest
ionen haartrockner kaufen;;;haartrockner;suggest
halloween deko basteln;;;halloween deko;suggest
halloween deko europapark;;;halloween deko;suggest
halloween deko kaufen;;;halloween deko;suggest
halloween deko kaufen bremen;;;halloween deko;suggest
halloween deko kaufen holland;;;halloween deko;suggest
halloween deko kaufen schweiz;;;halloween deko;suggest
halloween deko kaufen tedi;;;halloween deko;suggest
halloween deko outdoor;;;halloween deko;suggest
halloween deko schweiz;;;halloween deko;suggest
bergkristall halskette schweiz;;;halskette;suggest
halskette damen gold 18k;;;halskette;suggest
halskette damen schweiz;;;halskette;suggest
halskette gold schweiz;;;halskette;suggest
halskette kaufen;;;halskette;suggest
halskette kaufen damen;;;halskette;suggest
halskette kaufen gold;;;halskette;suggest
halskette kaufen herren;;;halskette;suggest
halskette kaufen schweiz;;;halskette;suggest
halskette kaufen silber;;;halskette;suggest
halskette mit buchstaben;;;halskette;suggest
halskette männer;;;halskette;suggest
halskette männer schweiz;;;halskette;suggest
halskette schweiz;;;halskette;suggest
halsketten männer silber;;;halskette;suggest
ringhalter halskette schweiz;;;halskette;suggest
hamsterkäfig 100x50x50;;;hamsterkäfig;suggest
hamsterkäfig artgerecht;;;hamsterkäfig;suggest
hamsterkäfig einrichten;;;hamsterkäfig;suggest
hamsterkäfig einrichten ideen;;;hamsterkäfig;suggest
hamsterkäfig glas;;;hamsterkäfig;suggest
hamsterkäfig grösse schweiz;;;hamsterkäfig;suggest
hamsterkäfig kaufen;;;hamsterkäfig;suggest
hamsterkäfig kaufen glas;;;hamsterkäfig;suggest
hamsterkäfig kaufen günstig;;;hamsterkäfig;suggest
hamsterkäfig kaufen schweiz;;;hamsterkäfig;suggest
hamsterkäfig schweiz;;;hamsterkäfig;suggest
arthrose handschuhe schweiz;;;handschuhe;suggest
beheizbare handschuhe schweiz;;;handschuhe;suggest
handschuhe damen größe 7 entspricht;;;handschuhe;suggest
handschuhe damen leder;;;handschuhe;suggest
handschuhe damen motorrad;;;handschuhe;suggest
handschuhe damen sehr warm;;;handschuhe;suggest
handschuhe damen sommer;;;handschuhe;suggest
handschuhe damen warm;;;handschuhe;suggest
handschuhe damen winter;;;handschuhe;suggest
handschuhe damen wolle;;;handschuhe;suggest
handschuhe größentabelle;;;handschuhe;suggest
handschuhe herren;;;handschuhe;suggest
handschuhe herren gefüttert;;;handschuhe;suggest
handschuhe herren größentabelle;;;handschuhe;suggest
handschuhe herren leder;;;handschuhe;suggest
handschuhe herren motorrad;;;handschuhe;suggest
handschuhe herren warm;;;handschuhe;suggest
handschuhe herren winter;;;handschuhe;suggest
handschuhe herren winter warm;;;handschuhe;suggest
handschuhe herren winter wasserdicht;;;handschuhe;suggest
handschuhe kaufen;;;handschuhe;suggest
handschuhe kaufen graz;;;handschuhe;suggest
handschuhe kaufen schweiz;;;handschuhe;suggest
handschuhe kinder;;;handschuhe;suggest
handschuhe kinder 2 jahre;;;handschuhe;suggest
handschuhe kinder 3 jahre;;;handschuhe;suggest
handschuhe kinder 4 jahre;;;handschuhe;suggest
handschuhe kinder fahrrad;;;handschuhe;suggest
handschuhe kinder größe;;;handschuhe;suggest
handschuhe kinder größentabelle;;;handschuhe;suggest
handschuhe kinder wasserdicht;;;handschuhe;suggest
handschuhe kinderwagen;;;handschuhe;suggest
handschuhe kinderwagen lammfell;;;handschuhe;suggest
handschuhe motorrad;;;handschuhe;suggest
handschuhe nitril;;;handschuhe;suggest
handschuhe schweiz;;;handschuhe;suggest
handschuhe schweizer armee;;;handschuhe;suggest
handschuhe schweizerdeutsch;;;handschuhe;suggest
hestra handschuhe schweiz;;;handschuhe;suggest
motorrad handschuhe schweiz;;;handschuhe;suggest
nitril handschuhe schweiz;;;handschuhe;suggest
reusch handschuhe schweiz;;;handschuhe;suggest
akku handstaubsauger kaufen;;;handstaubsauger;suggest
bester handstaubsauger schweiz;;;handstaubsauger;suggest
dusta handstaubsauger kaufen;;;handstaubsauger;suggest
handstaubsauger kaufen;;;handstaubsauger;suggest
handstaubsauger kaufen günstig;;;handstaubsauger;suggest
handstaubsauger kaufen schweiz;;;handstaubsauger;suggest
handstaubsauger schweiz;;;handstaubsauger;suggest
lautux handstaubsauger schweiz;;;handstaubsauger;suggest
handtuch besticken schweiz;;;handtuch;suggest
handtuch kaufen;;;handtuch;suggest
handtuch kaufen barcelona;;;handtuch;suggest
handtuch kaufen graz;;;handtuch;suggest
handtuch kaufen schweiz;;;handtuch;suggest
handtuch schweiz;;;handtuch;suggest
handtuch schweizer flagge;;;handtuch;suggest
handtuch schweizerdeutsch;;;handtuch;suggest
handtuch set schweiz;;;handtuch;suggest
handtuchhalter küche;;;handtuch;suggest
handtuchhalter ohne bohren;;;handtuch;suggest
handtuchradiator;;;handtuch;suggest
handtuchradiator elektrisch;;;handtuch;suggest
handtuchstange;;;handtuch;suggest
handtuchständer;;;handtuch;suggest
handtuchwärmer;;;handtuch;suggest
mikrofaser handtuch schweiz;;;handtuch;suggest
schweizer handtuch marke;;;handtuch;suggest
handyhalterung auto armaturenbrett;;;handyhalterung auto;suggest
handyhalterung auto im laden kaufen;;;handyhalterung auto;suggest
handyhalterung auto kaufen;;;handyhalterung auto;suggest
handyhalterung auto lüftung;;;handyhalterung auto;suggest
handyhalterung auto mit ladefunktion;;;handyhalterung auto;suggest
handyhalterung auto saugnapf;;;handyhalterung auto;suggest
handyhalterung auto schweiz;;;handyhalterung auto;suggest
burga handyhülle schweiz;;;handyhülle;suggest
handyhülle gestalten schweiz;;;handyhülle;suggest
handyhülle kaufen;;;handyhülle;suggest
handyhülle kaufen schweiz;;;handyhülle;suggest
handyhülle schweiz;;;handyhülle;suggest
handyhülle schweiz kaufen;;;handyhülle;suggest
handyhülle schweizer flagge;;;handyhülle;suggest
handyhülle schweizer pass;;;handyhülle;suggest
handyhülle schweizerdeutsch wort;;;handyhülle;suggest
handyhülle selber gestalten;;;handyhülle;suggest
handyhüllen;;;handyhülle;suggest
rhode handyhülle schweiz;;;handyhülle;suggest
wasserdichte handyhülle schweiz;;;handyhülle;suggest
hanteln 2 kg;;;hanteln;suggest
hanteln 5 kg;;;hanteln;suggest
hanteln für zuhause;;;hanteln;suggest
hanteln kaufen;;;hanteln;suggest
hanteln kaufen schweiz;;;hanteln;suggest
hanteln schweiz;;;hanteln;suggest
hanteln schweiz kaufen;;;hanteln;suggest
hanteln set kaufen schweiz;;;hanteln;suggest
hanteln set schweiz;;;hanteln;suggest
hanteln verstellbar;;;hanteln;suggest
verstellbare hanteln schweiz;;;hanteln;suggest
bsh haushaltsgeräte schweiz;;;haushaltsgeräte;suggest
haushaltsgeräte kaufen;;;haushaltsgeräte;suggest
haushaltsgeräte kaufen bremen;;;haushaltsgeräte;suggest
haushaltsgeräte kaufen online;;;haushaltsgeräte;suggest
haushaltsgeräte ostschweiz;;;haushaltsgeräte;suggest
haushaltsgeräte schweiz;;;haushaltsgeräte;suggest
liebherr haushaltsgeräte schweiz;;;haushaltsgeräte;suggest
schweiz.haushaltsgeräte anbieter;;;haushaltsgeräte;suggest
schweizer haushaltsgeräte hersteller;;;haushaltsgeräte;suggest
schweizer haushaltsgeräte marken;;;haushaltsgeräte;suggest
schweizer haushaltsgeräte wald;;;haushaltsgeräte;suggest
hausschuhe damen bader;;;hausschuhe;suggest
hausschuhe damen bequem;;;hausschuhe;suggest
hausschuhe damen mit fußbett;;;hausschuhe;suggest
hausschuhe damen modern;;;hausschuhe;suggest
hausschuhe damen offen;;;hausschuhe;suggest
hausschuhe damen orthopädisch;;;hausschuhe;suggest
hausschuhe damen schweiz;;;hausschuhe;suggest
hausschuhe herren;;;hausschuhe;suggest
hausschuhe herren geschlossen;;;hausschuhe;suggest
hausschuhe herren leder;;;hausschuhe;suggest
hausschuhe herren leder offen;;;hausschuhe;suggest
hausschuhe herren mit fußbett;;;hausschuhe;suggest
hausschuhe herren schweiz;;;hausschuhe;suggest
hausschuhe junge;;;hausschuhe;suggest
hausschuhe kaufen;;;hausschuhe;suggest
hausschuhe kaufen damen;;;hausschuhe;suggest
hausschuhe kaufen herren;;;hausschuhe;suggest
hausschuhe kaufen kinder;;;hausschuhe;suggest
hausschuhe kaufen schweiz;;;hausschuhe;suggest
hausschuhe kinder;;;hausschuhe;suggest
hausschuhe kinder 31;;;hausschuhe;suggest
hausschuhe kinder geschlossen;;;hausschuhe;suggest
hausschuhe kinder mädchen;;;hausschuhe;suggest
hausschuhe kinder offen;;;hausschuhe;suggest
hausschuhe kinder superfit;;;hausschuhe;suggest
hausschuhe kindergarten;;;hausschuhe;suggest
hausschuhe mädchen;;;hausschuhe;suggest
hausschuhe schweiz;;;hausschuhe;suggest
hausschuhe schweiz kreuzworträtsel;;;hausschuhe;suggest
hausschuhe schweizer flagge;;;hausschuhe;suggest
hausschuhe schweizer kreuz;;;hausschuhe;suggest
hausschuhe schweizerdeutsch;;;hausschuhe;suggest
hausschuhe schweizerisch;;;hausschuhe;suggest
schweiz hausschuhe 5;;;hausschuhe;suggest
schweiz hausschuhe 5 buchstaben;;;hausschuhe;suggest
schweizer hausschuhe damen;;;hausschuhe;suggest
schweizer hausschuhe herren;;;hausschuhe;suggest
eubos diabetische hautpflege kaufen;;;hautpflege;suggest
hautpflege kaufen;;;hautpflege;suggest
hautpflege nach vereisung im gesicht;;;hautpflege;suggest
hautpflege online kaufen;;;hautpflege;suggest
hautpflege puder spray derbymed;;;hautpflege;suggest
hautpflege schweiz;;;hautpflege;suggest
hautpflegemittel;;;hautpflege;suggest
hautpflegemittel 5 buchstaben;;;hautpflege;suggest
hautpflegemittel 6 buchstaben;;;hautpflege;suggest
hautpflegemittel rätsel 5 buchstaben;;;hautpflege;suggest
hautpflegeöl;;;hautpflege;suggest
japanische hautpflege kaufen;;;hautpflege;suggest
kokosöl hautpflege kaufen;;;hautpflege;suggest
koreanische hautpflege kaufen;;;hautpflege;suggest
koreanische hautpflege schweiz;;;hautpflege;suggest
peptide hautpflege kaufen;;;hautpflege;suggest
probiotische hautpflege kaufen;;;hautpflege;suggest
probiotische hautpflege schweiz;;;hautpflege;suggest
rindertalg hautpflege kaufen;;;hautpflege;suggest
schweizer hautpflege marke;;;hautpflege;suggest
schweizer hautpflege produkte;;;hautpflege;suggest
beste heissluftfritteuse schweiz;;;heissluftfritteuse;suggest
heissluftfritteuse doppelt kaufen;;;heissluftfritteuse;suggest
heissluftfritteuse günstig kaufen;;;heissluftfritteuse;suggest
heissluftfritteuse kaufen schweiz;;;heissluftfritteuse;suggest
heissluftfritteuse pommes kaufen;;;heissluftfritteuse;suggest
heissluftfritteuse schweiz;;;heissluftfritteuse;suggest
heißluftfritteuse;;;heissluftfritteuse;suggest
heißluftfritteuse kaufen;;;heissluftfritteuse;suggest
ninja heissluftfritteuse kaufen;;;heissluftfritteuse;suggest
ninja heissluftfritteuse schweiz;;;heissluftfritteuse;suggest
penny heissluftfritteuse kaufen;;;heissluftfritteuse;suggest
beste heizdecke schweiz;;;heizdecke;suggest
beurer heizdecke schweiz;;;heizdecke;suggest
heizdecke 12v;;;heizdecke;suggest
heizdecke kaufen;;;heizdecke;suggest
heizdecke kaufen hannover;;;heizdecke;suggest
heizdecke kaufen schweiz;;;heizdecke;suggest
heizdecke mit akku schweiz;;;heizdecke;suggest
heizdecke schweiz;;;heizdecke;suggest
heizdecke schweiz kaufen;;;heizdecke;suggest
heizdecken;;;heizdecke;suggest
beurer heizkissen schweiz;;;heizkissen;suggest
heizkissen beurer;;;heizkissen;suggest
heizkissen kabellos schweiz;;;heizkissen;suggest
heizkissen kaufen;;;heizkissen;suggest
heizkissen kaufen schweiz;;;heizkissen;suggest
heizkissen schweiz;;;heizkissen;suggest
stoov heizkissen schweiz;;;heizkissen;suggest
dreo heizlüfter schweiz;;;heizlüfter;suggest
heizlüfter badezimmer;;;heizlüfter;suggest
heizlüfter camping;;;heizlüfter;suggest
heizlüfter camping schweiz;;;heizlüfter;suggest
heizlüfter kaufen;;;heizlüfter;suggest
heizlüfter kaufen kaufland;;;heizlüfter;suggest
heizlüfter kaufen schweiz;;;heizlüfter;suggest
heizlüfter schweiz;;;heizlüfter;suggest
heizlüfter schweiz kaufen;;;heizlüfter;suggest
heizlüfter stromverbrauch schweiz;;;heizlüfter;suggest
keramik heizlüfter schweiz;;;heizlüfter;suggest
orion heizlüfter schweiz;;;heizlüfter;suggest
hemd bügeln;;;hemd;suggest
hemd damen;;;hemd;suggest
hemd damen blau;;;hemd;suggest
hemd damen gestreift;;;hemd;suggest
hemd damen kariert;;;hemd;suggest
hemd damen kurzarm;;;hemd;suggest
hemd damen oversize;;;hemd;suggest
hemd damen schwarz;;;hemd;suggest
hemd damen weiß;;;hemd;suggest
hemd herren;;;hemd;suggest
hemd herren grün;;;hemd;suggest
hemd herren kurzarm;;;hemd;suggest
hemd herren langarm;;;hemd;suggest
hemd herren leinen;;;hemd;suggest
hemd herren schwarz;;;hemd;suggest
hemd herren slim fit;;;hemd;suggest
hemd herren sommer;;;hemd;suggest
hemd herren weiß;;;hemd;suggest
hemd kaufen;;;hemd;suggest
hemd kaufen herren;;;hemd;suggest
hemd kaufen nürnberg;;;hemd;suggest
hemd kinder;;;hemd;suggest
hemd kinder einschulung;;;hemd;suggest
hemd kinder jungen;;;hemd;suggest
hemd kinder jungen kurzarm;;;hemd;suggest
hemd kinder kik;;;hemd;suggest
hemd kinder kurzarm;;;hemd;suggest
hemd kinder mädchen;;;hemd;suggest
hemd kinder schwarz;;;hemd;suggest
hemd kinder weiss;;;hemd;suggest
hemd schweiz;;;hemd;suggest
hemd schweizer armee;;;hemd;suggest
hemd schweizer marke;;;hemd;suggest
hemd schweizerdeutsch;;;hemd;suggest
hemdblusenkleid damen;;;hemd;suggest
hemden;;;hemd;suggest
hemdenbügler;;;hemd;suggest
hemdkleid damen;;;hemd;suggest
schweizer hemd damen;;;hemd;suggest
schweizer hemd edelweiss;;;hemd;suggest
schweizer hemd herren;;;hemd;suggest
schweizer hemd kaufen;;;hemd;suggest
schweizer hemd kinder;;;hemd;suggest
herrenuhr automatik schweizer uhrwerk;;;herrenuhr;suggest
herrenuhr gold;;;herrenuhr;suggest
herrenuhr günstig kaufen;;;herrenuhr;suggest
herrenuhr kaufen;;;herrenuhr;suggest
herrenuhr kaufen schweiz;;;herrenuhr;suggest
herrenuhr lederarmband;;;herrenuhr;suggest
herrenuhr online kaufen;;;herrenuhr;suggest
herrenuhr schweiz;;;herrenuhr;suggest
herrenuhr schweizer marke;;;herrenuhr;suggest
herrenuhr schweizer uhr;;;herrenuhr;suggest
herrenuhr schweizer uhrwerk;;;herrenuhr;suggest
herrenuhren aktion;;;herrenuhr;suggest
herrenuhren sale;;;herrenuhr;suggest
herrenuhren schweiz;;;herrenuhr;suggest
schweizer herrenuhr automatik;;;herrenuhr;suggest
schweizer herrenuhr gold;;;herrenuhr;suggest
schweizer herrenuhr lederarmband;;;herrenuhr;suggest
autofahren mit high heels schweiz;;;high heels;suggest
extrem high heels schweiz;;;high heels;suggest
herren high heels größe 45;;;high heels;suggest
high heels 15 cm absatz;;;high heels;suggest
high heels damen;;;high heels;suggest
high heels damen beige;;;high heels;suggest
high heels damen elegant;;;high heels;suggest
high heels damen glitzer;;;high heels;suggest
high heels damen gold;;;high heels;suggest
high heels damen sale;;;high heels;suggest
high heels damen schwarz;;;high heels;suggest
high heels damen silber;;;high heels;suggest
high heels damen weiß;;;high heels;suggest
high heels dance;;;high heels;suggest
high heels dance schweiz;;;high heels;suggest
high heels für kinder ab 10;;;high heels;suggest
high heels für männer schweiz;;;high heels;suggest
high heels gold;;;high heels;suggest
high heels größe 43 herren;;;high heels;suggest
high heels größe 44 schweiz;;;high heels;suggest
high heels herren;;;high heels;suggest
high heels herren 44;;;high heels;suggest
high heels herren 46;;;high heels;suggest
high heels herren 47;;;high heels;suggest
high heels herren schuhe;;;high heels;suggest
high heels herrengröße;;;high heels;suggest
high heels kaufen;;;high heels;suggest
high heels kaufen online;;;high heels;suggest
high heels kaufen schweiz;;;high heels;suggest
high heels kinder;;;high heels;suggest
high heels kinder mädchen;;;high heels;suggest
high heels kinder schwarz;;;high heels;suggest
high heels kinder weiß;;;high heels;suggest
high heels kindergrößen;;;high heels;suggest
high heels mit roter sohle;;;high heels;suggest
high heels online shop schweiz;;;high heels;suggest
high heels plateau;;;high heels;suggest
high heels sandalen;;;high heels;suggest
high heels schweiz;;;high heels;suggest
high heels schweiz kaufen;;;high heels;suggest
high heels shop schweiz;;;high heels;suggest
high heels stiefel;;;high heels;suggest
high heels stiefel herren;;;high heels;suggest
plastic high heels kinder;;;high heels;suggest
plateau high heels herren;;;high heels;suggest
plateau high heels schweiz;;;high heels;suggest
prinzessin high heels kinder;;;high heels;suggest
hochbeet aktion schweiz;;;hochbeet;suggest
hochbeet balkon;;;hochbeet;suggest
hochbeet befüllen;;;hochbeet;suggest
hochbeet cortenstahl schweiz;;;hochbeet;suggest
hochbeet holz;;;hochbeet;suggest
hochbeet kaufen;;;hochbeet;suggest
hochbeet kaufen günstig;;;hochbeet;suggest
hochbeet kaufen holz;;;hochbeet;suggest
hochbeet kaufen metall;;;hochbeet;suggest
hochbeet kaufen schweiz;;;hochbeet;suggest
hochbeet metall;;;hochbeet;suggest
hochbeet schweiz;;;hochbeet;suggest
hochbeet schweiz kaufen;;;hochbeet;suggest
hochbeet schweiz metall;;;hochbeet;suggest
hochbeet schweizer holz;;;hochbeet;suggest
hochbeet selber bauen;;;hochbeet;suggest
betrag hochzeitsgeschenk schweiz;;;hochzeitsgeschenk;suggest
hochzeitsgeschenk geld;;;hochzeitsgeschenk;suggest
hochzeitsgeschenk geld ideen;;;hochzeitsgeschenk;suggest
hochzeitsgeschenk geld kaufen;;;hochzeitsgeschenk;suggest
hochzeitsgeschenk geld verpacken;;;hochzeitsgeschenk;suggest
hochzeitsgeschenk ideen jochen schweizer;;;hochzeitsgeschenk;suggest
hochzeitsgeschenk ideen schweiz;;;hochzeitsgeschenk;suggest
hochzeitsgeschenk jochen schweizer;;;hochzeitsgeschenk;suggest
hochzeitsgeschenk kaufen;;;hochzeitsgeschenk;suggest
hochzeitsgeschenk kaufen graz;;;hochzeitsgeschenk;suggest
hochzeitsgeschenk kaufen hannover;;;hochzeitsgeschenk;suggest
hochzeitsgeschenk schweiz;;;hochzeitsgeschenk;suggest
hochzeitsgeschenk schweiz geld;;;hochzeitsgeschenk;suggest
hochzeitsgeschenke ideen originell;;;hochzeitsgeschenk;suggest
hochzeitsgeschenke schweiz;;;hochzeitsgeschenk;suggest
traditionelles hochzeitsgeschenk schweiz;;;hochzeitsgeschenk;suggest
essentials hoodie schweiz;;;hoodie;suggest
hoodie damen grau;;;hoodie;suggest
hoodie damen mit reißverschluss;;;hoodie;suggest
hoodie damen oversize;;;hoodie;suggest
hoodie damen sale;;;hoodie;suggest
hoodie damen schwarz;;;hoodie;suggest
hoodie damen schweiz;;;hoodie;suggest
hoodie damen weiß;;;hoodie;suggest
hoodie herren;;;hoodie;suggest
hoodie herren grau;;;hoodie;suggest
hoodie herren mit reißverschluss;;;hoodie;suggest
hoodie herren motorrad;;;hoodie;suggest
hoodie herren oversize;;;hoodie;suggest
hoodie herren sale;;;hoodie;suggest
hoodie herren schwarz;;;hoodie;suggest
hoodie herren weiß;;;hoodie;suggest
hoodie jacke damen;;;hoodie;suggest
hoodie kaufen;;;hoodie;suggest
hoodie kaufen damen;;;hoodie;suggest
hoodie kaufen herren;;;hoodie;suggest
hoodie kaufen schweiz;;;hoodie;suggest
hoodie kinder;;;hoodie;suggest
hoodie kinder freebook;;;hoodie;suggest
hoodie kinder jungen;;;hoodie;suggest
hoodie kinder mädchen;;;hoodie;suggest
hoodie schweiz;;;hoodie;suggest
hoodie schweizer marke;;;hoodie;suggest
hoodie schweizer nati;;;hoodie;suggest
hoodie schweizerkreuz;;;hoodie;suggest
hoodie selber gestalten;;;hoodie;suggest
hoodies;;;hoodie;suggest
scuffers hoodie schweiz;;;hoodie;suggest
stussy hoodie schweiz;;;hoodie;suggest
halara hose schweiz;;;hose;suggest
hose damen;;;hose;suggest
hose damen beige;;;hose;suggest
hose damen elegant;;;hose;suggest
hose damen herbst;;;hose;suggest
hose damen modern;;;hose;suggest
hose damen schwarz;;;hose;suggest
hose damen sommer;;;hose;suggest
hose damen weites bein;;;hose;suggest
hose damen weiß;;;hose;suggest
hose herren;;;hose;suggest
hose herren cargo;;;hose;suggest
hose herren chino;;;hose;suggest
hose herren elegant;;;hose;suggest
hose herren jeans;;;hose;suggest
hose herren kurz;;;hose;suggest
hose herren leinen;;;hose;suggest
hose herren schwarz;;;hose;suggest
hose herren sommer;;;hose;suggest
hose herren weiß;;;hose;suggest
hose kaufen;;;hose;suggest
hose kaufen damen;;;hose;suggest
hose kaufen herren;;;hose;suggest
hose kaufen ohne anprobieren;;;hose;suggest
hose kaufen online;;;hose;suggest
hose kinder;;;hose;suggest
hose kinder engelbert strauss;;;hose;suggest
hose kinder enger machen;;;hose;suggest
hose kinder jungen;;;hose;suggest
hose kinder mädchen;;;hose;suggest
hose kinder verstärkte knie;;;hose;suggest
hose schweiz;;;hose;suggest
hose schweizer armee;;;hose;suggest
hose schweizerdeutsch;;;hose;suggest
hoselupf;;;hose;suggest
hoselupf blick;;;hose;suggest
hosen;;;hose;suggest
hosenrock;;;hose;suggest
hosenträger;;;hose;suggest
militärhose schweiz;;;hose;suggest
rennrad hose schweiz;;;hose;suggest
schweizer hose apfel;;;hose;suggest
schweizer hose birne;;;hose;suggest
schweizer hose tomate;;;hose;suggest
yoga hose schweiz;;;hose;suggest
hosenträger damen;;;hosenträger;suggest
hosenträger herren;;;hosenträger;suggest
hosenträger herren schweiz;;;hosenträger;suggest
hosenträger kaufen;;;hosenträger;suggest
hosenträger kaufen schweiz;;;hosenträger;suggest
hosenträger kinder;;;hosenträger;suggest
hosenträger kinder schweiz;;;hosenträger;suggest
hosenträger schweiz;;;hosenträger;suggest
hosenträger schweiz kaufen;;;hosenträger;suggest
hosenträger schweizer armee;;;hosenträger;suggest
hosenträger schweizerkreuz;;;hosenträger;suggest
fluffy hundebett schweiz;;;hundebett;suggest
hundebett beige;;;hundebett;suggest
hundebett erhöht;;;hundebett;suggest
hundebett günstig schweiz;;;hundebett;suggest
hundebett kaufen;;;hundebett;suggest
hundebett kaufen günstig;;;hundebett;suggest
hundebett kaufen schweiz;;;hundebett;suggest
hundebett kunstleder;;;hundebett;suggest
hundebett orthopädisch;;;hundebett;suggest
hundebett rund;;;hundebett;suggest
hundebett schweiz;;;hundebett;suggest
hundebett schweiz kaufen;;;hundebett;suggest
hundebett schweizer kreuz;;;hundebett;suggest
hundebett schweizer sennenhund;;;hundebett;suggest
kudde hundebett schweiz;;;hundebett;suggest
orthopädisches hundebett schweiz;;;hundebett;suggest
sabro hundebett schweiz;;;hundebett;suggest
hundebürste für kurzhaar;;;hundebürste;suggest
hundebürste für unterwolle;;;hundebürste;suggest
hundebürste kaufen;;;hundebürste;suggest
hundebürste langhaar;;;hundebürste;suggest
hundebürste schweiz;;;hundebürste;suggest
hundebürste unterwolle langhaar;;;hundebürste;suggest
hundebürsten;;;hundebürste;suggest
curli hundegeschirr schweiz;;;hundegeschirr;suggest
grossenbacher hundegeschirr schweiz;;;hundegeschirr;suggest
hundegeschirr annyx;;;hundegeschirr;suggest
hundegeschirr auto;;;hundegeschirr;suggest
hundegeschirr für kleine hunde;;;hundegeschirr;suggest
hundegeschirr grossenbacher;;;hundegeschirr;suggest
hundegeschirr großer schweizer sennenhund;;;hundegeschirr;suggest
hundegeschirr kaufen;;;hundegeschirr;suggest
hundegeschirr kaufen hannover;;;hundegeschirr;suggest
hundegeschirr kaufen schweiz;;;hundegeschirr;suggest
hundegeschirr kaufen worauf achten;;;hundegeschirr;suggest
hundegeschirr mit brustring;;;hundegeschirr;suggest
hundegeschirr schweiz;;;hundegeschirr;suggest
hundegeschirr schweiz kaufen;;;hundegeschirr;suggest
hundegeschirr schweizer hersteller;;;hundegeschirr;suggest
hundegeschirr schweizer kreuz;;;hundegeschirr;suggest
hundegeschirr schweizer sennenhund;;;hundegeschirr;suggest
appenzeller hundehalsband kaufen;;;hundehalsband;suggest
hundehalsband appenzell;;;hundehalsband;suggest
hundehalsband breit;;;hundehalsband;suggest
hundehalsband kaufen;;;hundehalsband;suggest
hundehalsband kaufen schweiz;;;hundehalsband;suggest
hundehalsband leder;;;hundehalsband;suggest
hundehalsband leder kaufen;;;hundehalsband;suggest
hundehalsband leder schweiz;;;hundehalsband;suggest
hundehalsband mit griff;;;hundehalsband;suggest
hundehalsband schweiz;;;hundehalsband;suggest
hundehalsband schweiz handgemacht;;;hundehalsband;suggest
hundehalsband schweiz kühe;;;hundehalsband;suggest
hundehalsband schweiz leder;;;hundehalsband;suggest
hundehalsband schweizer kreuz;;;hundehalsband;suggest
hundehalsband schweizer sennenhund;;;hundehalsband;suggest
hundehalsband schweizerisch;;;hundehalsband;suggest
paracord hundehalsband kaufen;;;hundehalsband;suggest
schweizer hundehalsband rot;;;hundehalsband;suggest
seresto hundehalsband kaufen;;;hundehalsband;suggest
hundeleine bissfest;;;hundeleine;suggest
hundeleine für 2 hunde;;;hundeleine;suggest
hundeleine kaufen;;;hundeleine;suggest
hundeleine kaufen leder;;;hundeleine;suggest
hundeleine kaufen schweiz;;;hundeleine;suggest
hundeleine leder schweiz;;;hundeleine;suggest
hundeleine schweiz;;;hundeleine;suggest
hundeleine schweiz kaufen;;;hundeleine;suggest
hundeleine schweizer kreuz;;;hundeleine;suggest
hundeleine schweizer sennenhund;;;hundeleine;suggest
hundeleinen;;;hundeleine;suggest
hunter hundeleine schweiz;;;hundeleine;suggest
paracord hundeleine schweiz;;;hundeleine;suggest
cloud7 hundemantel schweiz;;;hundemantel;suggest
hundemantel dackel;;;hundemantel;suggest
hundemantel günstig kaufen;;;hundemantel;suggest
hundemantel kaufen;;;hundemantel;suggest
hundemantel kaufen schweiz;;;hundemantel;suggest
hundemantel nach mass schweiz;;;hundemantel;suggest
hundemantel regen;;;hundemantel;suggest
hundemantel schweiz;;;hundemantel;suggest
hundemantel wasserdicht;;;hundemantel;suggest
hundemantel winter;;;hundemantel;suggest
hundemantel winter schweiz;;;hundemantel;suggest
pomppa hundemantel kaufen;;;hundemantel;suggest
wolters hundemantel schweiz;;;hundemantel;suggest
hundenapf edelstahl;;;hundenapf;suggest
hundenapf erhöht holz;;;hundenapf;suggest
hundenapf erhöht kaufen;;;hundenapf;suggest
hundenapf erhöht schweiz;;;hundenapf;suggest
hundenapf faltbar;;;hundenapf;suggest
hundenapf günstig kaufen;;;hundenapf;suggest
hundenapf kaufen;;;hundenapf;suggest
hundenapf kaufen schweiz;;;hundenapf;suggest
hundenapf keramik;;;hundenapf;suggest
hundenapf keramik kaufen;;;hundenapf;suggest
hundenapf keramik schweiz;;;hundenapf;suggest
hundenapf keramik xxl;;;hundenapf;suggest
hundenapf mit deckel;;;hundenapf;suggest
hundenapf schweiz;;;hundenapf;suggest
hundenapf unterlage;;;hundenapf;suggest
nomess hundenapf kaufen;;;hundenapf;suggest
stardew valley hundenapf kaufen;;;hundenapf;suggest
hundespielzeug beschäftigung;;;hundespielzeug;suggest
hundespielzeug günstig kaufen;;;hundespielzeug;suggest
hundespielzeug intelligenz;;;hundespielzeug;suggest
hundespielzeug kaufen;;;hundespielzeug;suggest
hundespielzeug kaufen schweiz;;;hundespielzeug;suggest
hundespielzeug kong;;;hundespielzeug;suggest
hundespielzeug schweiz;;;hundespielzeug;suggest
hundespielzeug wasser;;;hundespielzeug;suggest
kong hundespielzeug kaufen;;;hundespielzeug;suggest
snoop hundespielzeug kaufen;;;hundespielzeug;suggest
große hundetransportbox kaufen;;;hundetransportbox;suggest
hundetransportbox auto;;;hundetransportbox;suggest
hundetransportbox auto günstig kaufen;;;hundetransportbox;suggest
hundetransportbox auto kaufen;;;hundetransportbox;suggest
hundetransportbox auto rücksitz;;;hundetransportbox;suggest
hundetransportbox auto schweiz;;;hundetransportbox;suggest
hundetransportbox faltbar;;;hundetransportbox;suggest
hundetransportbox günstig kaufen;;;hundetransportbox;suggest
hundetransportbox kaufen;;;hundetransportbox;suggest
hundetransportbox kaufen schweiz;;;hundetransportbox;suggest
hundetransportbox rücksitz;;;hundetransportbox;suggest
hundetransportbox schweiz;;;hundetransportbox;suggest
hundezubehör kaufen;;;hundezubehör;suggest
hundezubehör kaufen auf rechnung;;;hundezubehör;suggest
hundezubehör kaufen günstig;;;hundezubehör;suggest
hundezubehör kaufen schweiz;;;hundezubehör;suggest
hundezubehör outlet;;;hundezubehör;suggest
hundezubehör schweiz;;;hundezubehör;suggest
häng hängematte schweiz;;;hängematte;suggest
hängematte aufhängen;;;hängematte;suggest
hängematte camping schweiz;;;hängematte;suggest
hängematte kaufen;;;hängematte;suggest
hängematte kaufen mit gestell;;;hängematte;suggest
hängematte kaufen nürnberg;;;hängematte;suggest
hängematte kaufen outdoor;;;hängematte;suggest
hängematte kaufen schweiz;;;hängematte;suggest
hängematte kinderwagen;;;hängematte;suggest
hängematte mit moskitonetz;;;hängematte;suggest
hängematte outdoor;;;hängematte;suggest
hängematte schweiz;;;hängematte;suggest
hängematte schweiz ch;;;hängematte;suggest
hängematte schweiz kaufen;;;hängematte;suggest
hängematte sächsische schweiz;;;hängematte;suggest
hängemattengestell;;;hängematte;suggest
outdoor hängematte schweiz;;;hängematte;suggest
jacke damen;;;jacke;suggest
jacke damen beige;;;jacke;suggest
jacke damen herbst;;;jacke;suggest
jacke damen schwarz;;;jacke;suggest
jacke damen winter;;;jacke;suggest
jacke herren;;;jacke;suggest
jacke herren herbst;;;jacke;suggest
jacke herren sale;;;jacke;suggest
jacke herren schwarz;;;jacke;suggest
jacke herren sommer;;;jacke;suggest
jacke herren winter;;;jacke;suggest
jacke herren übergang;;;jacke;suggest
jacke kaufen;;;jacke;suggest
jacke kaufen auf rechnung;;;jacke;suggest
jacke kaufen damen;;;jacke;suggest
jacke kaufen herren;;;jacke;suggest
jacke kaufen online;;;jacke;suggest
jacke kaufen winter;;;jacke;suggest
jacke kinder engelbert strauss;;;jacke;suggest
jacke kinder herbst;;;jacke;suggest
jacke kinder jungen;;;jacke;suggest
jacke kinder kik;;;jacke;suggest
jacke kinder mädchen;;;jacke;suggest
jacke kinder mädchen übergang;;;jacke;suggest
jacke kinder reflektierend;;;jacke;suggest
jacke schweiz;;;jacke;suggest
jacke schweiz logo;;;jacke;suggest
jacke schweizer armee;;;jacke;suggest
jacke schweizer armeedecke;;;jacke;suggest
jacke schweizer firma;;;jacke;suggest
jacke schweizer flagge;;;jacke;suggest
jacke schweizer kreuz;;;jacke;suggest
jacke schweizer marke;;;jacke;suggest
jacke schweizer nati;;;jacke;suggest
jacke schweizerdeutsch;;;jacke;suggest
jacken;;;jacke;suggest
jackenständer;;;jacke;suggest
jackery;;;jacke;suggest
jackery explorer 1000;;;jacke;suggest
jacket;;;jacke;suggest
jacket potatoes;;;jacke;suggest
jackett;;;jacke;suggest
angels jeans schweiz;;;jeans;suggest
dawn jeans schweiz;;;jeans;suggest
gang jeans schweiz;;;jeans;suggest
jeans damen baggy;;;jeans;suggest
jeans damen bootcut;;;jeans;suggest
jeans damen high waist;;;jeans;suggest
jeans damen low waist;;;jeans;suggest
jeans damen sale;;;jeans;suggest
jeans fritz schweiz;;;jeans;suggest
jeans fällanden;;;jeans;suggest
jeans herren baggy;;;jeans;suggest
jeans herren größentabelle;;;jeans;suggest
jeans herren kurz;;;jeans;suggest
jeans herren regular fit;;;jeans;suggest
jeans herren schwarz;;;jeans;suggest
jeans herren schweiz;;;jeans;suggest
jeans herren slim fit;;;jeans;suggest
jeans herren straight;;;jeans;suggest
jeans herren stretch;;;jeans;suggest
jeans kaufen;;;jeans;suggest
jeans kaufen damen;;;jeans;suggest
jeans kaufen herren;;;jeans;suggest
jeans kaufen online;;;jeans;suggest
jeans kaufen schweiz;;;jeans;suggest
jeans kinder;;;jeans;suggest
jeans kinder baggy;;;jeans;suggest
jeans kinder jungen;;;jeans;suggest
jeans kinder jungen 134;;;jeans;suggest
jeans kinder mädchen;;;jeans;suggest
jeans kinder ohne knopf;;;jeans;suggest
jeans kinder sale;;;jeans;suggest
jeans kinder weiter bund;;;jeans;suggest
jeans outlet schweiz;;;jeans;suggest
jeans schweiz;;;jeans;suggest
jeans schweiz kaufen;;;jeans;suggest
jeans shorts;;;jeans;suggest
jeansjacke;;;jeans;suggest
jeanskleid;;;jeans;suggest
nudie jeans schweiz;;;jeans;suggest
schweizer jeans marke;;;jeans;suggest
breuninger schweiz jumpsuit;;;jumpsuit;suggest
elvis jumpsuit kaufen;;;jumpsuit;suggest
halara schweiz jumpsuit;;;jumpsuit;suggest
jumpsuit damen elegant;;;jumpsuit;suggest
jumpsuit damen kurz;;;jumpsuit;suggest
jumpsuit damen kurz sommer;;;jumpsuit;suggest
jumpsuit damen schwarz;;;jumpsuit;suggest
jumpsuit damen schweiz;;;jumpsuit;suggest
jumpsuit damen sportlich elegant;;;jumpsuit;suggest
jumpsuit elegant hochzeit schweiz;;;jumpsuit;suggest
jumpsuit elegant schweiz;;;jumpsuit;suggest
jumpsuit herren baumwolle;;;jumpsuit;suggest
jumpsuit herren elegant;;;jumpsuit;suggest
jumpsuit herren kurz;;;jumpsuit;suggest
jumpsuit herren kurz sommer;;;jumpsuit;suggest
jumpsuit herren kuschelig;;;jumpsuit;suggest
jumpsuit herren lustig;;;jumpsuit;suggest
jumpsuit herren schweiz;;;jumpsuit;suggest
jumpsuit herren sommer;;;jumpsuit;suggest
jumpsuit kaufen;;;jumpsuit;suggest
jumpsuit kaufen blau;;;jumpsuit;suggest
jumpsuit kaufen damen;;;jumpsuit;suggest
jumpsuit kaufen schweiz;;;jumpsuit;suggest
jumpsuit kinder;;;jumpsuit;suggest
jumpsuit kinder 140;;;jumpsuit;suggest
jumpsuit kinder festlich;;;jumpsuit;suggest
jumpsuit kinder kurz;;;jumpsuit;suggest
jumpsuit kinder kuschelig;;;jumpsuit;suggest
jumpsuit kinder mädchen;;;jumpsuit;suggest
jumpsuit kinder sommer;;;jumpsuit;suggest
jumpsuit mädchen;;;jumpsuit;suggest
jumpsuit schweiz;;;jumpsuit;suggest
jumpsuits festlich;;;jumpsuit;suggest
kaffeemaschine aktion;;;kaffeemaschine;suggest
kaffeemaschine bohnen;;;kaffeemaschine;suggest
kaffeemaschine entkalken;;;kaffeemaschine;suggest
kaffeemaschine kaufen;;;kaffeemaschine;suggest
kaffeemaschine kaufen günstig;;;kaffeemaschine;suggest
kaffeemaschine kaufen schweiz;;;kaffeemaschine;suggest
kaffeemaschine schweiz;;;kaffeemaschine;suggest
kaffeemaschine schweiz hersteller;;;kaffeemaschine;suggest
kaffeemaschine schweiz jura;;;kaffeemaschine;suggest
kaffeemaschine schweiz kaufen;;;kaffeemaschine;suggest
kaffeemaschine schweiz nivona;;;kaffeemaschine;suggest
kaffeemaschine schweiz siebträger;;;kaffeemaschine;suggest
kaffeemaschine schweiz zuriga;;;kaffeemaschine;suggest
kaffeemaschine schweizer firma;;;kaffeemaschine;suggest
kaffeemaschine schweizer flagge;;;kaffeemaschine;suggest
kaffeemaschine schweizer marke;;;kaffeemaschine;suggest
kaffeemaschine siebträger;;;kaffeemaschine;suggest
kaffeemaschine vollautomat;;;kaffeemaschine;suggest
kamera ankauf schweiz;;;kamera;suggest
kamera brille;;;kamera;suggest
kamera für zuhause;;;kamera;suggest
kamera kaufen;;;kamera;suggest
kamera kaufen für anfänger;;;kamera;suggest
kamera kaufen günstig;;;kamera;suggest
kamera kaufen schweiz;;;kamera;suggest
kamera schweiz;;;kamera;suggest
kamera schweiz kaufen;;;kamera;suggest
kamera verkaufen schweiz;;;kamera;suggest
kamera überwachung;;;kamera;suggest
kamerad;;;kamera;suggest
kameras;;;kamera;suggest
olympus kamera schweiz;;;kamera;suggest
ring kamera schweiz;;;kamera;suggest
schweiz kamera live;;;kamera;suggest
schweizer kamera hersteller;;;kamera;suggest
versteckte kamera schweiz;;;kamera;suggest
gesetzliche mindestgröße kaninchenstall schweiz;;;kaninchenstall;suggest
kaninchenstall grösse schweiz;;;kaninchenstall;suggest
kaninchenstall kaufen;;;kaninchenstall;suggest
kaninchenstall kaufen schweiz;;;kaninchenstall;suggest
kaninchenstall kaufen thüringen;;;kaninchenstall;suggest
kaninchenstall mit auslauf;;;kaninchenstall;suggest
kaninchenstall outdoor;;;kaninchenstall;suggest
kaninchenstall schweiz;;;kaninchenstall;suggest
kaninchenstall schweiz kaufen;;;kaninchenstall;suggest
kaninchenstall schweizer tierschutz;;;kaninchenstall;suggest
kaninchenstall winterfest;;;kaninchenstall;suggest
kaninchenstall xxl winterfest;;;kaninchenstall;suggest
katzenbett fenster;;;katzenbett;suggest
katzenbett flauschig;;;katzenbett;suggest
katzenbett für menschen kaufen;;;katzenbett;suggest
katzenbett für schreibtisch;;;katzenbett;suggest
katzenbett günstig kaufen;;;katzenbett;suggest
katzenbett kaufen;;;katzenbett;suggest
katzenbett kaufen schweiz;;;katzenbett;suggest
katzenbett online kaufen;;;katzenbett;suggest
katzenbett outdoor;;;katzenbett;suggest
katzenbett schweiz;;;katzenbett;suggest
katzenbett wandmontage;;;katzenbett;suggest
bester katzenbrunnen schweiz;;;katzenbrunnen;suggest
katzenbrunnen edelstahl;;;katzenbrunnen;suggest
katzenbrunnen edelstahl kabellos;;;katzenbrunnen;suggest
katzenbrunnen edelstahl schweiz;;;katzenbrunnen;suggest
katzenbrunnen filter;;;katzenbrunnen;suggest
katzenbrunnen filter kaufen;;;katzenbrunnen;suggest
katzenbrunnen günstig kaufen;;;katzenbrunnen;suggest
katzenbrunnen kabellos;;;katzenbrunnen;suggest
katzenbrunnen kabellos schweiz;;;katzenbrunnen;suggest
katzenbrunnen kaufen;;;katzenbrunnen;suggest
katzenbrunnen kaufen schweiz;;;katzenbrunnen;suggest
katzenbrunnen keramik;;;katzenbrunnen;suggest
katzenbrunnen keramik schweiz;;;katzenbrunnen;suggest
katzenbrunnen mit akku;;;katzenbrunnen;suggest
katzenbrunnen ohne kabel;;;katzenbrunnen;suggest
katzenbrunnen online kaufen;;;katzenbrunnen;suggest
katzenbrunnen pumpe kaufen;;;katzenbrunnen;suggest
katzenbrunnen schweiz;;;katzenbrunnen;suggest
trinktiger katzenbrunnen kaufen;;;katzenbrunnen;suggest
trinktiger katzenbrunnen kaufen schweiz;;;katzenbrunnen;suggest
trinktiger katzenbrunnen schweiz;;;katzenbrunnen;suggest
trinktiger katzenbrunnen schweiz kaufen;;;katzenbrunnen;suggest
katzenbürste für unterwolle;;;katzenbürste;suggest
katzenbürste kaufen;;;katzenbürste;suggest
katzenbürste kurzhaar;;;katzenbürste;suggest
katzenbürste langhaar;;;katzenbürste;suggest
katzenbürste mit dampf;;;katzenbürste;suggest
katzenbürsten;;;katzenbürste;suggest
automatisches katzenklo schweiz;;;katzenklo;suggest
edelstahl katzenklo schweiz;;;katzenklo;suggest
elektrisches katzenklo schweiz;;;katzenklo;suggest
katzenklo automatisch;;;katzenklo;suggest
katzenklo edelstahl;;;katzenklo;suggest
katzenklo elektrisch;;;katzenklo;suggest
katzenklo kaufen;;;katzenklo;suggest
katzenklo kaufen günstig;;;katzenklo;suggest
katzenklo kaufen schweiz;;;katzenklo;suggest
katzenklo kaufen tedi;;;katzenklo;suggest
katzenklo schrank;;;katzenklo;suggest
katzenklo schrank schweiz;;;katzenklo;suggest
katzenklo schweiz;;;katzenklo;suggest
katzenspielzeug basteln;;;katzenspielzeug;suggest
katzenspielzeug eierkarton;;;katzenspielzeug;suggest
katzenspielzeug günstig kaufen;;;katzenspielzeug;suggest
katzenspielzeug katzenminze kaufen;;;katzenspielzeug;suggest
katzenspielzeug kaufen;;;katzenspielzeug;suggest
katzenspielzeug kaufen schweiz;;;katzenspielzeug;suggest
katzenspielzeug online kaufen;;;katzenspielzeug;suggest
katzenspielzeug schmetterling;;;katzenspielzeug;suggest
katzenspielzeug schweiz;;;katzenspielzeug;suggest
katzenspielzeug selber basteln einfach;;;katzenspielzeug;suggest
katzenspielzeug selber basteln klopapierrollen;;;katzenspielzeug;suggest
katzentransportbox für 2 katzen;;;katzentransportbox;suggest
katzentransportbox groß;;;katzentransportbox;suggest
katzentransportbox günstig kaufen;;;katzentransportbox;suggest
katzentransportbox kaufen;;;katzentransportbox;suggest
katzentransportbox oben öffnen;;;katzentransportbox;suggest
katzentransportbox schweiz;;;katzentransportbox;suggest
katzentransportbox öffnung oben;;;katzentransportbox;suggest
katzenzubehör gratis;;;katzenzubehör;suggest
katzenzubehör günstig;;;katzenzubehör;suggest
katzenzubehör günstig kaufen;;;katzenzubehör;suggest
katzenzubehör kaufen;;;katzenzubehör;suggest
katzenzubehör kaufen auf rechnung;;;katzenzubehör;suggest
katzenzubehör kaufen online;;;katzenzubehör;suggest
katzenzubehör kaufen schweiz;;;katzenzubehör;suggest
katzenzubehör schweiz;;;katzenzubehör;suggest
katzenzubehör zu verschenken;;;katzenzubehör;suggest
handgemachte kerzen schweiz;;;kerzen;suggest
kerzen gegen mücken;;;kerzen;suggest
kerzen kaufen;;;kerzen;suggest
kerzen kaufen günstig;;;kerzen;suggest
kerzen kaufen online;;;kerzen;suggest
kerzen kaufen schweiz;;;kerzen;suggest
kerzen kaufen tedi;;;kerzen;suggest
kerzen outlet schweiz;;;kerzen;suggest
kerzen schweiz;;;kerzen;suggest
kerzen schweiz kaufen;;;kerzen;suggest
kerzen schweizerdeutsch;;;kerzen;suggest
kerzen workshop schweiz;;;kerzen;suggest
kerzengläser;;;kerzen;suggest
kerzenmaterial;;;kerzen;suggest
kerzenmaterial kreuzworträtsel;;;kerzen;suggest
kerzensand;;;kerzen;suggest
kerzenständer;;;kerzen;suggest
kerzenwachs;;;kerzen;suggest
schweizer kerzen manufaktur;;;kerzen;suggest
schweizer kerzen schulthess;;;kerzen;suggest
silikonformen kerzen schweiz;;;kerzen;suggest
dreamlight kerzenhalter kaufen;;;kerzenhalter;suggest
kerzenhalter adventskranz kaufen;;;kerzenhalter;suggest
kerzenhalter dachziegel kaufen;;;kerzenhalter;suggest
kerzenhalter für flaschen;;;kerzenhalter;suggest
kerzenhalter für stabkerzen;;;kerzenhalter;suggest
kerzenhalter glas;;;kerzenhalter;suggest
kerzenhalter gold;;;kerzenhalter;suggest
kerzenhalter gold kaufen;;;kerzenhalter;suggest
kerzenhalter holz;;;kerzenhalter;suggest
kerzenhalter kaufen;;;kerzenhalter;suggest
kerzenhalter kaufen billig;;;kerzenhalter;suggest
kerzenhalter kaufen schweiz;;;kerzenhalter;suggest
kerzenhalter metall;;;kerzenhalter;suggest
kerzenhalter schweiz;;;kerzenhalter;suggest
kerzenhalter wand;;;kerzenhalter;suggest
raysin kerzenhalter kaufen;;;kerzenhalter;suggest
rostige kerzenhalter kaufen;;;kerzenhalter;suggest
burger kette schweiz;;;kette;suggest
fitness kette schweiz;;;kette;suggest
kette kaufen;;;kette;suggest
kette kaufen baumarkt;;;kette;suggest
kette kaufen fahrrad;;;kette;suggest
kette kaufen gold;;;kette;suggest
kette kaufen herren;;;kette;suggest
kette kaufen silber;;;kette;suggest
kette schweiz;;;kette;suggest
kette schweizer armee;;;kette;suggest
ketten;;;kette;suggest
kettenregel;;;kette;suggest
kettenreiniger;;;kette;suggest
kettenreiniger fahrrad;;;kette;suggest
kettenschloss;;;kette;suggest
kettensäge;;;kette;suggest
kettenwachs;;;kette;suggest
militär kette schweiz;;;kette;suggest
mondstein kette schweiz;;;kette;suggest
schweizerhof kette;;;kette;suggest
schweizerkreuz kette;;;kette;suggest
kinderrucksack 10l;;;kinderrucksack;suggest
kinderrucksack 2 jahre;;;kinderrucksack;suggest
kinderrucksack 20l;;;kinderrucksack;suggest
kinderrucksack junge;;;kinderrucksack;suggest
kinderrucksack kaufen;;;kinderrucksack;suggest
kinderrucksack kindergarten;;;kinderrucksack;suggest
kinderrucksack lässig;;;kinderrucksack;suggest
kinderrucksack mädchen;;;kinderrucksack;suggest
kinderrucksack schweiz;;;kinderrucksack;suggest
kinderschmuck gold;;;kinderschmuck;suggest
kinderschmuck gold taufe;;;kinderschmuck;suggest
kinderschmuck halskette;;;kinderschmuck;suggest
kinderschmuck jungen;;;kinderschmuck;suggest
kinderschmuck kaufen;;;kinderschmuck;suggest
kinderschmuck mädchen;;;kinderschmuck;suggest
kinderschmuck online schweiz;;;kinderschmuck;suggest
kinderschmuck schweiz;;;kinderschmuck;suggest
kinderschmuck set;;;kinderschmuck;suggest
flik flak kinderuhr schweiz;;;kinderuhr;suggest
kinderuhr digital;;;kinderuhr;suggest
kinderuhr flik flak;;;kinderuhr;suggest
kinderuhr jungen kaufen;;;kinderuhr;suggest
kinderuhr kaufen;;;kinderuhr;suggest
kinderuhr kaufen schweiz;;;kinderuhr;suggest
kinderuhr mit gps;;;kinderuhr;suggest
kinderuhr mit gps schweiz;;;kinderuhr;suggest
kinderuhr mit schrittzähler;;;kinderuhr;suggest
kinderuhr mit schrittzähler schweiz;;;kinderuhr;suggest
kinderuhr mädchen;;;kinderuhr;suggest
kinderuhr mädchen kaufen;;;kinderuhr;suggest
kinderuhr mädchen schweiz;;;kinderuhr;suggest
kinderuhr schweiz;;;kinderuhr;suggest
kinderuhr zum telefonieren;;;kinderuhr;suggest
kinderuhr zum telefonieren schweiz;;;kinderuhr;suggest
kinderuhren;;;kinderuhr;suggest
kinderuhren jungen;;;kinderuhr;suggest
xplora kinderuhr kaufen;;;kinderuhr;suggest
kinderwagen zubehör abc design;;;kinderwagen zubehör;suggest
kinderwagen zubehör für 2. kind;;;kinderwagen zubehör;suggest
kinderwagen zubehör geschwister;;;kinderwagen zubehör;suggest
kinderwagen zubehör kaufen;;;kinderwagen zubehör;suggest
kinderwagen zubehör sommer;;;kinderwagen zubehör;suggest
kinderwagen zubehör spielzeug;;;kinderwagen zubehör;suggest
kinderwagen zubehör universal;;;kinderwagen zubehör;suggest
kinderwagen zubehör was braucht man;;;kinderwagen zubehör;suggest
kinderwagen zubehör winter;;;kinderwagen zubehör;suggest
tfk kinderwagen zubehör kaufen;;;kinderwagen zubehör;suggest
kinderzimmer deko basteln;;;kinderzimmer deko;suggest
kinderzimmer deko ideen;;;kinderzimmer deko;suggest
kinderzimmer deko junge;;;kinderzimmer deko;suggest
kinderzimmer deko kaufen;;;kinderzimmer deko;suggest
kinderzimmer deko mädchen;;;kinderzimmer deko;suggest
kinderzimmer deko schweiz;;;kinderzimmer deko;suggest
kinderzimmer deko wand;;;kinderzimmer deko;suggest
kinderzimmer dekoration;;;kinderzimmer deko;suggest
kinderzimmer dekorieren;;;kinderzimmer deko;suggest
kissen kaufen;;;kissen;suggest
kissen kaufen schweiz;;;kissen;suggest
kissen schweiz;;;kissen;suggest
kissen schweiz grösse;;;kissen;suggest
kissen schweiz kaufen;;;kissen;suggest
kissen schweiz masse;;;kissen;suggest
kissen schweizer armee;;;kissen;suggest
kissen schweizer firma;;;kissen;suggest
kissen schweizer kreuz;;;kissen;suggest
kissen schweizer marke;;;kissen;suggest
kissen schweizerdeutsch;;;kissen;suggest
kissenbox;;;kissen;suggest
schweizer kissen hersteller;;;kissen;suggest
blumenmädchen kleid schweiz;;;kleid;suggest
ein kleid herrenberg;;;kleid;suggest
ein kleid herrenberg öffnungszeiten;;;kleid;suggest
hochzeit kleid herren;;;kleid;suggest
hochzeitsgast kleid herren;;;kleid;suggest
hochzeitsgast kleid schweiz;;;kleid;suggest
kaftan kleid herren;;;kleid;suggest
kleid aus herrenhemd;;;kleid;suggest
kleid damen;;;kleid;suggest
kleid damen einschulung;;;kleid;suggest
kleid damen elegant;;;kleid;suggest
kleid damen festlich;;;kleid;suggest
kleid damen herbst;;;kleid;suggest
kleid damen hochzeitsgast;;;kleid;suggest
kleid damen kurz;;;kleid;suggest
kleid damen lang;;;kleid;suggest
kleid damen sale;;;kleid;suggest
kleid für herren;;;kleid;suggest
kleid herren;;;kleid;suggest
kleid kaufen;;;kleid;suggest
kleid kaufen damen;;;kleid;suggest
kleid kaufen hochzeitsgast;;;kleid;suggest
kleid kaufen online;;;kleid;suggest
kleid kaufen schweiz;;;kleid;suggest
kleid kinder;;;kleid;suggest
kleid kinder festlich;;;kleid;suggest
kleid kinder hochzeit;;;kleid;suggest
kleid kinder hochzeitsgast;;;kleid;suggest
kleid kinder mädchen;;;kleid;suggest
kleid kinder schwarz;;;kleid;suggest
kleid schweiz;;;kleid;suggest
kleid schweizer flagge;;;kleid;suggest
kleid schweizerdeutsch;;;kleid;suggest
kleid schweizerkreuz;;;kleid;suggest
kleider;;;kleid;suggest
kleider für hochzeitsgäste;;;kleid;suggest
kleiderbügel;;;kleid;suggest
kleiderschrank;;;kleid;suggest
kleiderstange;;;kleid;suggest
kleiderständer;;;kleid;suggest
prinzessin kleid herren;;;kleid;suggest
schweizer kleid mädchen;;;kleid;suggest
standesamt kleid schweiz;;;kleid;suggest
trauzeugin kleid schweiz;;;kleid;suggest
cada klemmbausteine schweiz;;;klemmbausteine;suggest
klemmbausteine bluebrixx;;;klemmbausteine;suggest
klemmbausteine blumen;;;klemmbausteine;suggest
klemmbausteine einzeln kaufen schweiz;;;klemmbausteine;suggest
klemmbausteine hersteller;;;klemmbausteine;suggest
klemmbausteine kaufen;;;klemmbausteine;suggest
klemmbausteine kaufen bei pennybricks de;;;klemmbausteine;suggest
klemmbausteine kaufen einzeln;;;klemmbausteine;suggest
klemmbausteine kaufen schweiz;;;klemmbausteine;suggest
klemmbausteine schweiz;;;klemmbausteine;suggest
klemmbausteine schweiz kaufen;;;klemmbausteine;suggest
klemmbausteine schweizer krokodil;;;klemmbausteine;suggest
klemmbausteine shop;;;klemmbausteine;suggest
klemmbausteine shop schweiz;;;klemmbausteine;suggest
klemmbausteine spreitenbach;;;klemmbausteine;suggest
klemmbausteine technik;;;klemmbausteine;suggest
koffer handgepäck;;;koffer;suggest
koffer kaufen;;;koffer;suggest
koffer kaufen schweiz;;;koffer;suggest
koffer schweiz;;;koffer;suggest
koffer schweiz kaufen;;;koffer;suggest
koffer schweiz kloten;;;koffer;suggest
koffer schweiz kloten öffnungszeiten;;;koffer;suggest
koffer schweiz rabattcode;;;koffer;suggest
koffer schweiz trustpilot;;;koffer;suggest
koffer schweiz öffnungszeiten;;;koffer;suggest
koffer schweiz.ch;;;koffer;suggest
koffer schweizer marke;;;koffer;suggest
kofferanhänger;;;koffer;suggest
kofferset;;;koffer;suggest
kofferwaage;;;koffer;suggest
kompass app;;;kompass;suggest
kompass bischofszell;;;kompass;suggest
kompass immobilien;;;kompass;suggest
kompass initiative;;;kompass;suggest
kompass kaufen;;;kompass;suggest
kompass kaufen schweiz;;;kompass;suggest
kompass kaufen tedi;;;kompass;suggest
kompass online;;;kompass;suggest
kompass schweiz;;;kompass;suggest
kompass schweiz ag;;;kompass;suggest
kompass schweiz eu;;;kompass;suggest
kompass schweiz gantner;;;kompass;suggest
kompass schweiz initiative;;;kompass;suggest
kompass schweiz kaufen;;;kompass;suggest
kompass schweiz schnee;;;kompass;suggest
kompass schweiz verlag ag;;;kompass;suggest
kompass schweizer armee;;;kompass;suggest
kompass travel;;;kompass;suggest
kompassqualle;;;kompass;suggest
schweizer kompass recta;;;kompass;suggest
kopfhörer autofahren schweiz;;;kopfhörer;suggest
kopfhörer bluetooth;;;kopfhörer;suggest
kopfhörer bluetooth schweiz;;;kopfhörer;suggest
kopfhörer kabellos;;;kopfhörer;suggest
kopfhörer kaufen;;;kopfhörer;suggest
kopfhörer kaufen schweiz;;;kopfhörer;suggest
kopfhörer kinder;;;kopfhörer;suggest
kopfhörer schweiz;;;kopfhörer;suggest
kopfhörer schweiz kaufen;;;kopfhörer;suggest
kopfhörer zum schwimmen;;;kopfhörer;suggest
schweizer kopfhörer marke;;;kopfhörer;suggest
sennheiser kopfhörer schweiz;;;kopfhörer;suggest
shokz kopfhörer schweiz;;;kopfhörer;suggest
kleine kosmetiktasche kaufen;;;kosmetiktasche;suggest
kosmetiktasche damen;;;kosmetiktasche;suggest
kosmetiktasche damen kaufen;;;kosmetiktasche;suggest
kosmetiktasche günstig kaufen;;;kosmetiktasche;suggest
kosmetiktasche herren;;;kosmetiktasche;suggest
kosmetiktasche kaufen;;;kosmetiktasche;suggest
kosmetiktasche kaufen schweiz;;;kosmetiktasche;suggest
kosmetiktasche klein;;;kosmetiktasche;suggest
kosmetiktasche klein schweiz;;;kosmetiktasche;suggest
kosmetiktasche schweiz;;;kosmetiktasche;suggest
kosmetiktaschen;;;kosmetiktasche;suggest
manòu kosmetiktasche kaufen;;;kosmetiktasche;suggest
selbstgenähte kosmetiktasche kaufen;;;kosmetiktasche;suggest
kratzbaum ersatzteile schweiz;;;kratzbaum;suggest
kratzbaum holz;;;kratzbaum;suggest
kratzbaum katze schweiz;;;kratzbaum;suggest
kratzbaum kaufen;;;kratzbaum;suggest
kratzbaum kaufen günstig;;;kratzbaum;suggest
kratzbaum kaufen kaufland;;;kratzbaum;suggest
kratzbaum kaufen schweiz;;;kratzbaum;suggest
kratzbaum klein;;;kratzbaum;suggest
kratzbaum naturholz schweiz;;;kratzbaum;suggest
kratzbaum schweiz;;;kratzbaum;suggest
kratzbaum selber bauen;;;kratzbaum;suggest
outdoor kratzbaum schweiz;;;kratzbaum;suggest
petrebels kratzbaum schweiz;;;kratzbaum;suggest
kratzmatte hund;;;kratzmatte;suggest
kratzmatte katze;;;kratzmatte;suggest
kratzmatte katze selbstklebend;;;kratzmatte;suggest
kratzmatte katze wand;;;kratzmatte;suggest
kratzmatte kaufen;;;kratzmatte;suggest
kratzmatte pferd;;;kratzmatte;suggest
kratzmatte selbstklebend;;;kratzmatte;suggest
kratzmatte sofa;;;kratzmatte;suggest
kratzmatte sofa katze;;;kratzmatte;suggest
kratzmatte wand;;;kratzmatte;suggest
krawatte binden;;;krawatte;suggest
krawatte binden einfach;;;krawatte;suggest
krawatte kaufen;;;krawatte;suggest
krawatte kaufen schweiz;;;krawatte;suggest
krawatte pendeln schweiz;;;krawatte;suggest
krawatte schweiz;;;krawatte;suggest
krawatte schweizerdeutsch;;;krawatte;suggest
krawatte schweizerkreuz;;;krawatte;suggest
krawattenklammer;;;krawatte;suggest
krawattenknopf binden;;;krawatte;suggest
krawattenknoten;;;krawatte;suggest
krawattenknoten einfach;;;krawatte;suggest
krawattennadel;;;krawatte;suggest
hochwertige kunstpflanzen schweiz;;;kunstpflanzen;suggest
kunstpflanzen balkon;;;kunstpflanzen;suggest
kunstpflanzen groß;;;kunstpflanzen;suggest
kunstpflanzen hängend;;;kunstpflanzen;suggest
kunstpflanzen kaufen;;;kunstpflanzen;suggest
kunstpflanzen kaufen düsseldorf;;;kunstpflanzen;suggest
kunstpflanzen kaufen hannover;;;kunstpflanzen;suggest
kunstpflanzen kaufen schweiz;;;kunstpflanzen;suggest
kunstpflanzen outdoor;;;kunstpflanzen;suggest
kunstpflanzen outdoor schweiz;;;kunstpflanzen;suggest
kunstpflanzen schweiz;;;kunstpflanzen;suggest
kunstpflanzen schweiz kaufen;;;kunstpflanzen;suggest
kunstpflanzen wie echt;;;kunstpflanzen;suggest
kunstpflanzen wie echt schweiz;;;kunstpflanzen;suggest
kuscheldecke baumwolle;;;kuscheldecke;suggest
kuscheldecke beige;;;kuscheldecke;suggest
kuscheldecke kaufen;;;kuscheldecke;suggest
kuscheldecke kaufen schweiz;;;kuscheldecke;suggest
kuscheldecke kinder;;;kuscheldecke;suggest
kuscheldecke mit ärmeln schweiz;;;kuscheldecke;suggest
kuscheldecke schweiz;;;kuscheldecke;suggest
kuscheldecken;;;kuscheldecke;suggest
gewichtetes kuscheltier schweiz;;;kuscheltier;suggest
kuscheltier aufbewahrung;;;kuscheltier;suggest
kuscheltier baby;;;kuscheltier;suggest
kuscheltier für erwachsene;;;kuscheltier;suggest
kuscheltier großer schweizer sennenhund;;;kuscheltier;suggest
kuscheltier kaufen;;;kuscheltier;suggest
kuscheltier kaufen hannover;;;kuscheltier;suggest
kuscheltier kaufen schweiz;;;kuscheltier;suggest
kuscheltier kuh schweiz;;;kuscheltier;suggest
kuscheltier laden schweiz;;;kuscheltier;suggest
kuscheltier schweiz;;;kuscheltier;suggest
kuscheltier schweizer sennenhund;;;kuscheltier;suggest
kuscheltier umarmung;;;kuscheltier;suggest
murmeltier kuscheltier schweiz;;;kuscheltier;suggest
oktopus kuscheltier schweiz;;;kuscheltier;suggest
fiskars küchenhelfer kaufen;;;küchenhelfer;suggest
küchenhelfer einzeln kaufen;;;küchenhelfer;suggest
küchenhelfer günstig kaufen;;;küchenhelfer;suggest
küchenhelfer holz;;;küchenhelfer;suggest
küchenhelfer kaufen;;;küchenhelfer;suggest
küchenhelfer schweiz;;;küchenhelfer;suggest
küchenhelfer set edelstahl;;;küchenhelfer;suggest
küchenhelfer set kaufen;;;küchenhelfer;suggest
küchenhelfer set silikon;;;küchenhelfer;suggest
küchenhelfer silikon;;;küchenhelfer;suggest
dometic kühlbox schweiz;;;kühlbox;suggest
engel kühlbox schweiz;;;kühlbox;suggest
insulin kühlbox schweiz;;;kühlbox;suggest
kompressor kühlbox schweiz;;;kühlbox;suggest
kühlbox auto;;;kühlbox;suggest
kühlbox auto schweiz;;;kühlbox;suggest
kühlbox camping;;;kühlbox;suggest
kühlbox elektrisch;;;kühlbox;suggest
kühlbox elektrisch schweiz;;;kühlbox;suggest
kühlbox kaufen;;;kühlbox;suggest
kühlbox kaufen elektrisch;;;kühlbox;suggest
kühlbox kaufen schweiz;;;kühlbox;suggest
kühlbox kompressor;;;kühlbox;suggest
kühlbox mit akku;;;kühlbox;suggest
kühlbox schweiz;;;kühlbox;suggest
akku ladegerät schweiz;;;ladegerät;suggest
anker ladegerät schweiz;;;ladegerät;suggest
autobatterie ladegerät kaufen;;;ladegerät;suggest
autobatterie ladegerät schweiz;;;ladegerät;suggest
ctek ladegerät schweiz;;;ladegerät;suggest
handy ladegerät schweiz;;;ladegerät;suggest
ladegerät auto;;;ladegerät;suggest
ladegerät elektroauto schweiz;;;ladegerät;suggest
ladegerät für batterien;;;ladegerät;suggest
ladegerät für elektroautos;;;ladegerät;suggest
ladegerät handy;;;ladegerät;suggest
ladegerät kaufen;;;ladegerät;suggest
ladegerät kaufen für handy;;;ladegerät;suggest
ladegerät kaufen handy;;;ladegerät;suggest
ladegerät schweiz;;;ladegerät;suggest
ladegerät usb c;;;ladegerät;suggest
usb ladegerät schweiz;;;ladegerät;suggest
lampe kaufen;;;lampe;suggest
lampe kaufen elden ring;;;lampe;suggest
lampe kaufen mit montage;;;lampe;suggest
lampe kaufen online;;;lampe;suggest
lampe kaufen schweiz;;;lampe;suggest
lampe schweiz;;;lampe;suggest
lampe schweiz kaufen;;;lampe;suggest
lampe schweizer armee;;;lampe;suggest
lampe schweizer design;;;lampe;suggest
lampe schweizerdeutsch;;;lampe;suggest
lampenberg;;;lampe;suggest
lampenputzergras;;;lampe;suggest
lampenschirm;;;lampe;suggest
lampenwelt;;;lampe;suggest
lampenwelt ch;;;lampe;suggest
schweiz lampe montieren;;;lampe;suggest
schweizer lampe akku;;;lampe;suggest
schweizer lampe steuerberater;;;lampe;suggest
laptop ständer 3d druck;;;laptop ständer;suggest
laptop ständer bett;;;laptop ständer;suggest
laptop ständer holz;;;laptop ständer;suggest
laptop ständer höhenverstellbar;;;laptop ständer;suggest
laptop ständer kaufen;;;laptop ständer;suggest
laptop ständer klappbar;;;laptop ständer;suggest
laptop ständer mit kühlung;;;laptop ständer;suggest
laptop ständer schreibtisch;;;laptop ständer;suggest
laptop ständer vertikal;;;laptop ständer;suggest
laufschuhe damen sale;;;laufschuhe;suggest
laufschuhe herren sale;;;laufschuhe;suggest
laufschuhe kaufen;;;laufschuhe;suggest
laufschuhe kaufen mit laufanalyse;;;laufschuhe;suggest
laufschuhe kinder;;;laufschuhe;suggest
laufschuhe kinder 33;;;laufschuhe;suggest
laufschuhe kinder 34;;;laufschuhe;suggest
laufschuhe kinder 35;;;laufschuhe;suggest
laufschuhe kinder 36;;;laufschuhe;suggest
laufschuhe kinder 37;;;laufschuhe;suggest
laufschuhe kinder 38;;;laufschuhe;suggest
laufschuhe schweiz;;;laufschuhe;suggest
laufschuhe schweiz kaufen;;;laufschuhe;suggest
laufschuhe schweizer hersteller;;;laufschuhe;suggest
laufschuhe schweizer marke;;;laufschuhe;suggest
schweizer laufschuhe damen;;;laufschuhe;suggest
schweizer laufschuhe herren;;;laufschuhe;suggest
govee led strip schweiz;;;led strip;suggest
led strip mit bewegungsmelder;;;led strip;suggest
led strip schweiz;;;led strip;suggest
led strip verbinder;;;led strip;suggest
led stripes mit akku;;;led strip;suggest
led stripes mit fernbedienung;;;led strip;suggest
led strips mit batterie;;;led strip;suggest
led strips outdoor;;;led strip;suggest
dfyne leggings schweiz;;;leggings;suggest
halara leggings schweiz;;;leggings;suggest
leggings damen 3/4;;;leggings;suggest
leggings damen baumwolle;;;leggings;suggest
leggings damen elegant;;;leggings;suggest
leggings damen kurz;;;leggings;suggest
leggings damen mit tasche;;;leggings;suggest
leggings damen schwarz;;;leggings;suggest
leggings damen sport;;;leggings;suggest
leggings herren;;;leggings;suggest
leggings herren 3 4;;;leggings;suggest
leggings herren baumwolle;;;leggings;suggest
leggings herren bunt;;;leggings;suggest
leggings herren kurz;;;leggings;suggest
leggings herren schwarz;;;leggings;suggest
leggings herren sport;;;leggings;suggest
leggings herren weiß;;;leggings;suggest
leggings herren winter;;;leggings;suggest
leggings kaufen;;;leggings;suggest
leggings kaufen damen;;;leggings;suggest
leggings kaufen hannover;;;leggings;suggest
leggings kaufen schweiz;;;leggings;suggest
leggings kinder;;;leggings;suggest
leggings kinder gefüttert;;;leggings;suggest
leggings kinder jungen;;;leggings;suggest
leggings kinder kik;;;leggings;suggest
leggings kinder mädchen;;;leggings;suggest
leggings kinder schwarz;;;leggings;suggest
leggings kinder winter;;;leggings;suggest
leggings kurz;;;leggings;suggest
leggings kurz damen;;;leggings;suggest
leggings oder leggins;;;leggings;suggest
leggings schweiz;;;leggings;suggest
lululemon leggings schweiz;;;leggings;suggest
oace leggings schweiz;;;leggings;suggest
scrunch leggings schweiz;;;leggings;suggest
sport leggings schweiz;;;leggings;suggest
teveo leggings schweiz;;;leggings;suggest
yoga leggings schweiz;;;leggings;suggest
led lichterkette schweiz;;;lichterkette;suggest
lichterkette kaufen;;;lichterkette;suggest
lichterkette kaufen schweiz;;;lichterkette;suggest
lichterkette kinderzimmer;;;lichterkette;suggest
lichterkette outdoor schweiz;;;lichterkette;suggest
lichterkette outdoor solar;;;lichterkette;suggest
lichterkette schweiz;;;lichterkette;suggest
lichterkette schweizer kreuz;;;lichterkette;suggest
lichterkette solar;;;lichterkette;suggest
solar lichterkette schweiz;;;lichterkette;suggest
gh bass loafer schweiz;;;loafer;suggest
loafer damen beige;;;loafer;suggest
loafer damen elegant;;;loafer;suggest
loafer damen leder;;;loafer;suggest
loafer damen schwarz;;;loafer;suggest
loafer damen schweiz;;;loafer;suggest
loafer herren;;;loafer;suggest
loafer herren beige;;;loafer;suggest
loafer herren leder;;;loafer;suggest
loafer herren sale;;;loafer;suggest
loafer herren schwarz;;;loafer;suggest
loafer herren schweiz;;;loafer;suggest
loafer herren wildleder;;;loafer;suggest
loafer kaufen;;;loafer;suggest
loafer kaufen düsseldorf;;;loafer;suggest
loafer kaufen herren;;;loafer;suggest
loafer kaufen schweiz;;;loafer;suggest
loafer kinder;;;loafer;suggest
loafer kinder beige;;;loafer;suggest
loafer kinder jungen;;;loafer;suggest
loafer kinder jungen beige;;;loafer;suggest
loafer kinder jungen schwarz;;;loafer;suggest
loafer kinder mädchen;;;loafer;suggest
loafer kinder schwarz;;;loafer;suggest
loafer schuhe;;;loafer;suggest
loafer schwarz;;;loafer;suggest
loafer schweiz;;;loafer;suggest
loafer socken;;;loafer;suggest
loafers herren;;;loafer;suggest
loafers men;;;loafer;suggest
penny loafer schweiz;;;loafer;suggest
babyliss lockenstab schweiz;;;lockenstab;suggest
ghd lockenstab schweiz;;;lockenstab;suggest
ku2 lockenstab schweiz;;;lockenstab;suggest
lockenstab babyliss;;;lockenstab;suggest
lockenstab dünn;;;lockenstab;suggest
lockenstab ghd;;;lockenstab;suggest
lockenstab kaufen;;;lockenstab;suggest
lockenstab kaufen müller;;;lockenstab;suggest
lockenstab kaufen schweiz;;;lockenstab;suggest
lockenstab kaufen worauf achten;;;lockenstab;suggest
lockenstab kleine locken;;;lockenstab;suggest
lockenstab müller schweiz;;;lockenstab;suggest
lockenstab remington;;;lockenstab;suggest
lockenstab schweiz;;;lockenstab;suggest
lockenstab schweiz kaufen;;;lockenstab;suggest
helium luftballons schweiz;;;luftballons;suggest
luftballons festival schweiz;;;luftballons;suggest
luftballons geburtstag;;;luftballons;suggest
luftballons kaufen;;;luftballons;suggest
luftballons kaufen schweiz;;;luftballons;suggest
luftballons kaufen tedi;;;luftballons;suggest
luftballons schweiz;;;luftballons;suggest
luftballons steigen lassen hochzeit;;;luftballons;suggest
luftballons steigen lassen schweiz;;;luftballons;suggest
luftballons verschicken schweiz;;;luftballons;suggest
beste luftbefeuchter schweiz;;;luftbefeuchter;suggest
luftbefeuchter für pflanzen;;;luftbefeuchter;suggest
luftbefeuchter kaufen;;;luftbefeuchter;suggest
luftbefeuchter kaufen schweiz;;;luftbefeuchter;suggest
luftbefeuchter schweiz;;;luftbefeuchter;suggest
luftbefeuchter schweiz kaufen;;;luftbefeuchter;suggest
luftbefeuchter schweizer firma;;;luftbefeuchter;suggest
luftbefeuchter schweizer hersteller;;;luftbefeuchter;suggest
venta luftbefeuchter schweiz;;;luftbefeuchter;suggest
bester luftreiniger schweiz;;;luftreiniger;suggest
luftreiniger kassensturz;;;luftreiniger;suggest
luftreiniger kaufen;;;luftreiniger;suggest
luftreiniger kaufen schweiz;;;luftreiniger;suggest
luftreiniger mit aktivkohlefilter;;;luftreiniger;suggest
luftreiniger mit hepa filter;;;luftreiniger;suggest
luftreiniger schweiz;;;luftreiniger;suggest
luftreiniger schweizer produkt;;;luftreiniger;suggest
luftreiniger und kühler;;;luftreiniger;suggest
luftreiniger und luftbefeuchter;;;luftreiniger;suggest
luftreiniger und ventilator;;;luftreiniger;suggest
elektrische lunchbox kaufen;;;lunchbox;suggest
elektrische lunchbox schweiz;;;lunchbox;suggest
gefüllte lunchbox kaufen;;;lunchbox;suggest
gutfried lunchbox kaufen;;;lunchbox;suggest
lunchbox edelstahl;;;lunchbox;suggest
lunchbox edelstahl schweiz;;;lunchbox;suggest
lunchbox erwachsene;;;lunchbox;suggest
lunchbox für mikrowelle;;;lunchbox;suggest
lunchbox kaufen;;;lunchbox;suggest
lunchbox kaufen schweiz;;;lunchbox;suggest
lunchbox kinder;;;lunchbox;suggest
lunchbox kinder edelstahl;;;lunchbox;suggest
lunchbox kinder schweiz;;;lunchbox;suggest
lunchbox mit akku;;;lunchbox;suggest
lunchbox mit fächern;;;lunchbox;suggest
lunchbox mit holzdeckel schweiz;;;lunchbox;suggest
lunchbox schweiz;;;lunchbox;suggest
mepal lunchbox schweiz;;;lunchbox;suggest
patron lunchbox kaufen;;;lunchbox;suggest
sistema lunchbox schweiz;;;lunchbox;suggest
thermo lunchbox kaufen;;;lunchbox;suggest
boo lätzchen kaufen;;;lätzchen;suggest
boo lätzchen schweiz;;;lätzchen;suggest
little casimir lätzchen kaufen;;;lätzchen;suggest
little casimir lätzchen schweiz;;;lätzchen;suggest
lätzchen baby;;;lätzchen;suggest
lätzchen baby schweiz;;;lätzchen;suggest
lätzchen bemalen kaufen;;;lätzchen;suggest
lätzchen für erwachsene;;;lätzchen;suggest
lätzchen für erwachsene lustig;;;lätzchen;suggest
lätzchen günstig kaufen;;;lätzchen;suggest
lätzchen kaufen;;;lätzchen;suggest
lätzchen kaufen baby;;;lätzchen;suggest
lätzchen kaufen erwachsene;;;lätzchen;suggest
lätzchen mit ärmel;;;lätzchen;suggest
lätzchen schweiz;;;lätzchen;suggest
lätzchen schweizerdeutsch;;;lätzchen;suggest
lätzchen senioren kaufen;;;lätzchen;suggest
lätzchen zum bemalen;;;lätzchen;suggest
elf make up schweiz;;;make up;suggest
kess make up schweiz;;;make up;suggest
make up artist;;;make up;suggest
make up artist schweiz;;;make up;suggest
make up bag;;;make up;suggest
make up by mario;;;make up;suggest
make up entferner;;;make up;suggest
make up factory;;;make up;suggest
make up forever;;;make up;suggest
make up forever schweiz;;;make up;suggest
make up kaufen;;;make up;suggest
make up kaufen auf rechnung;;;make up;suggest
make up kaufen günstig;;;make up;suggest
make up kaufen online;;;make up;suggest
make up kaufen schweiz;;;make up;suggest
make up schweiz;;;make up;suggest
make up tasche;;;make up;suggest
permanent make up schweiz;;;make up;suggest
permanent make up schweiz preise;;;make up;suggest
diy malen nach zahlen schweiz;;;malen nach zahlen;suggest
malen nach zahlen eigenes bild;;;malen nach zahlen;suggest
malen nach zahlen eigenes foto;;;malen nach zahlen;suggest
malen nach zahlen für erwachsene;;;malen nach zahlen;suggest
malen nach zahlen für erwachsene schweiz;;;malen nach zahlen;suggest
malen nach zahlen kaufen;;;malen nach zahlen;suggest
malen nach zahlen kaufen düsseldorf;;;malen nach zahlen;suggest
malen nach zahlen kaufen erwachsene;;;malen nach zahlen;suggest
malen nach zahlen kaufen im laden;;;malen nach zahlen;suggest
malen nach zahlen kaufen schweiz;;;malen nach zahlen;suggest
malen nach zahlen online;;;malen nach zahlen;suggest
malen nach zahlen schipper;;;malen nach zahlen;suggest
malen nach zahlen schweiz;;;malen nach zahlen;suggest
malen nach zahlen schweiz eigenes bild;;;malen nach zahlen;suggest
malen nach zahlen schweiz erwachsene;;;malen nach zahlen;suggest
malen nach zahlen schweiz kaufen;;;malen nach zahlen;suggest
malen nach zahlen schweizer berge;;;malen nach zahlen;suggest
malen nach zahlen sächsische schweiz;;;malen nach zahlen;suggest
malen nach zahlen zum ausdrucken;;;malen nach zahlen;suggest
schipper malen nach zahlen schweiz;;;malen nach zahlen;suggest
japanische maniküre set kaufen;;;maniküre set;suggest
japanische maniküre set kaufen schweiz;;;maniküre set;suggest
japanische maniküre set schweiz;;;maniküre set;suggest
maniküre pediküre set elektrisch kaufen;;;maniküre set;suggest
maniküre pediküre set kaufen;;;maniküre set;suggest
maniküre set elektrisch kaufen;;;maniküre set;suggest
maniküre set kaufen;;;maniküre set;suggest
maniküre set müller drogerie;;;maniküre set;suggest
maniküre set schweiz;;;maniküre set;suggest
maniküre set solingen kaufen;;;maniküre set;suggest
wo kann.man maniküre set kaufen;;;maniküre set;suggest
manschettenknöpfe anbringen;;;manschettenknöpfe;suggest
manschettenknöpfe cartier;;;manschettenknöpfe;suggest
manschettenknöpfe gold;;;manschettenknöpfe;suggest
manschettenknöpfe hemd;;;manschettenknöpfe;suggest
manschettenknöpfe hochzeit;;;manschettenknöpfe;suggest
manschettenknöpfe kaufen;;;manschettenknöpfe;suggest
manschettenknöpfe kaufen graz;;;manschettenknöpfe;suggest
manschettenknöpfe kaufen schweiz;;;manschettenknöpfe;suggest
manschettenknöpfe schweiz;;;manschettenknöpfe;suggest
manschettenknöpfe silber;;;manschettenknöpfe;suggest
ag mantel schweiz;;;mantel;suggest
ag mantel schweiz kaufen;;;mantel;suggest
gmbh mantel schweiz;;;mantel;suggest
mantel damen;;;mantel;suggest
mantel damen herbst;;;mantel;suggest
mantel damen kurz;;;mantel;suggest
mantel damen lang;;;mantel;suggest
mantel damen schwarz;;;mantel;suggest
mantel damen winter;;;mantel;suggest
mantel herren;;;mantel;suggest
mantel herren beige;;;mantel;suggest
mantel herren grau;;;mantel;suggest
mantel herren kurz;;;mantel;suggest
mantel herren lang;;;mantel;suggest
mantel herren schwarz;;;mantel;suggest
mantel herren schwarz lang;;;mantel;suggest
mantel herren schweiz;;;mantel;suggest
mantel herren winter;;;mantel;suggest
mantel herren wolle;;;mantel;suggest
mantel kaufen;;;mantel;suggest
mantel kaufen damen;;;mantel;suggest
mantel kaufen herren;;;mantel;suggest
mantel kaufen schweiz;;;mantel;suggest
mantel kinder;;;mantel;suggest
mantel kinder beige;;;mantel;suggest
mantel kinder jungen;;;mantel;suggest
mantel kinder mädchen;;;mantel;suggest
mantel kinder schwarz;;;mantel;suggest
mantel kinder winter;;;mantel;suggest
mantel kinderfahrrad 20 zoll;;;mantel;suggest
mantel kindergarten;;;mantel;suggest
mantel schweiz;;;mantel;suggest
mantel schweizer armee;;;mantel;suggest
mantel schweizer marke;;;mantel;suggest
mantelhandel;;;mantel;suggest
mantelmöwe;;;mantel;suggest
mantelstoff;;;mantel;suggest
mantelstoff 5 buchstaben;;;mantel;suggest
mantelstoff rätsel;;;mantel;suggest
mantelzell lymphom;;;mantel;suggest
schweizer mantel damen;;;mantel;suggest
störi mantel schweiz;;;mantel;suggest
beurer massagegerät schweiz;;;massagegerät;suggest
cellulite massagegerät schweiz;;;massagegerät;suggest
emsense massagegerät kaufen;;;massagegerät;suggest
fohow massagegerät kaufen;;;massagegerät;suggest
g5 massagegerät kaufen;;;massagegerät;suggest
g8 massagegerät kaufen;;;massagegerät;suggest
hydrojet massagegerät kaufen;;;massagegerät;suggest
massagegerät beine;;;massagegerät;suggest
massagegerät cellulite;;;massagegerät;suggest
massagegerät füsse;;;massagegerät;suggest
massagegerät kaufen;;;massagegerät;suggest
massagegerät kaufen schweiz;;;massagegerät;suggest
massagegerät nacken;;;massagegerät;suggest
massagegerät rücken;;;massagegerät;suggest
massagegerät schweiz;;;massagegerät;suggest
massagegerät vibration;;;massagegerät;suggest
massagegeräte;;;massagegerät;suggest
nacken massagegerät schweiz;;;massagegerät;suggest
novafon massagegerät kaufen;;;massagegerät;suggest
diddl maus schweiz;;;maus;suggest
familie maus schweiz;;;maus;suggest
grosse maus schweiz;;;maus;suggest
kleine maus schweiz;;;maus;suggest
maileg maus schweiz;;;maus;suggest
maus arten schweiz;;;maus;suggest
maus kaufen;;;maus;suggest
maus kaufen für katze;;;maus;suggest
maus kaufen haustier;;;maus;suggest
maus kaufen lebend;;;maus;suggest
maus kaufen pc;;;maus;suggest
maus kaufen schweiz;;;maus;suggest
maus kaufen schweiz tier;;;maus;suggest
maus kaufen tier;;;maus;suggest
maus kaufen zoohandlung;;;maus;suggest
maus schweiz;;;maus;suggest
maus schweizerdeutsch;;;maus;suggest
mausefalle;;;maus;suggest
mausefalle schauspielhaus;;;maus;suggest
mauser;;;maus;suggest
mausmaki;;;maus;suggest
mausmatte;;;maus;suggest
mausoleum;;;maus;suggest
mauswiesel;;;maus;suggest
antikes medaillon kaufen;;;medaillon;suggest
foto medaillon kaufen;;;medaillon;suggest
medaillon architektur;;;medaillon;suggest
medaillon fleisch;;;medaillon;suggest
medaillon gold;;;medaillon;suggest
medaillon kaufen;;;medaillon;suggest
medaillon kaufen gold;;;medaillon;suggest
medaillon kaufen silber;;;medaillon;suggest
medaillon kette;;;medaillon;suggest
medaillon kette kaufen;;;medaillon;suggest
medaillon schweiz;;;medaillon;suggest
medaillon stühle kaufen;;;medaillon;suggest
medaillon zum öffnen;;;medaillon;suggest
medaillons;;;medaillon;suggest
medaillons vom schweinefilet;;;medaillon;suggest
rindsfilet medaillon kaufen;;;medaillon;suggest
midikleid a linie;;;midikleid;suggest
midikleid damen;;;midikleid;suggest
midikleid damen elegant;;;midikleid;suggest
midikleid damen festlich;;;midikleid;suggest
midikleid damen herbst;;;midikleid;suggest
midikleid damen hochzeitsgast;;;midikleid;suggest
midikleid damen kurzarm;;;midikleid;suggest
midikleid damen langarm;;;midikleid;suggest
midikleid damen schwarz;;;midikleid;suggest
midikleid damen sommer;;;midikleid;suggest
midikleid elegant;;;midikleid;suggest
midikleid festlich;;;midikleid;suggest
midikleid hochzeitsgast;;;midikleid;suggest
midikleid kaufen;;;midikleid;suggest
midikleid kinder;;;midikleid;suggest
midikleid leinen;;;midikleid;suggest
midikleid mit ärmeln;;;midikleid;suggest
midikleid schweiz;;;midikleid;suggest
midikleider damen;;;midikleid;suggest
karaoke mikrofon schweiz;;;mikrofon;suggest
mikrofon bluetooth;;;mikrofon;suggest
mikrofon frequenzen schweiz;;;mikrofon;suggest
mikrofon für handy;;;mikrofon;suggest
mikrofon gaming;;;mikrofon;suggest
mikrofon kaufen;;;mikrofon;suggest
mikrofon kaufen klein;;;mikrofon;suggest
mikrofon kaufen pc;;;mikrofon;suggest
mikrofon kaufen schweiz;;;mikrofon;suggest
mikrofon kinder;;;mikrofon;suggest
mikrofon mit lautsprecher;;;mikrofon;suggest
mikrofon schweiz;;;mikrofon;suggest
rode mikrofon schweiz;;;mikrofon;suggest
bester milchaufschäumer schweiz;;;milchaufschäumer;suggest
milchaufschäumer kaufen;;;milchaufschäumer;suggest
milchaufschäumer kaufen günstig;;;milchaufschäumer;suggest
milchaufschäumer kaufen innsbruck;;;milchaufschäumer;suggest
milchaufschäumer kaufen schweiz;;;milchaufschäumer;suggest
milchaufschäumer schweiz;;;milchaufschäumer;suggest
milchaufschäumer schweiz kaufen;;;milchaufschäumer;suggest
milchaufschäumer schweizer stecker;;;milchaufschäumer;suggest
milchaufschäumer stab;;;milchaufschäumer;suggest
brautkleid kaufen mitbringsel;;;mitbringsel;suggest
brunch mitbringsel kaufen;;;mitbringsel;suggest
buffet mitbringsel kaufen;;;mitbringsel;suggest
kleine mitbringsel kaufen;;;mitbringsel;suggest
mitbringsel aus der schweiz;;;mitbringsel;suggest
mitbringsel fränkische schweiz;;;mitbringsel;suggest
mitbringsel für kinder;;;mitbringsel;suggest
mitbringsel für schweizer;;;mitbringsel;suggest
mitbringsel ideen;;;mitbringsel;suggest
mitbringsel kaufen;;;mitbringsel;suggest
mitbringsel schweiz;;;mitbringsel;suggest
mitbringsel schweiz kinder;;;mitbringsel;suggest
mitbringsel schweizerdeutsch;;;mitbringsel;suggest
mitbringsel sächsische schweiz;;;mitbringsel;suggest
mitbringsel typisch schweizer geschenke;;;mitbringsel;suggest
mitbringsel weihnachten kaufen;;;mitbringsel;suggest
mitbringsel zur einladung;;;mitbringsel;suggest
schweizerische mitbringsel;;;mitbringsel;suggest
silvester mitbringsel kaufen;;;mitbringsel;suggest
typische mitbringsel schweiz;;;mitbringsel;suggest
mixer für smoothie;;;mixer;suggest
mixer kaufen;;;mixer;suggest
mixer kaufen schweiz;;;mixer;suggest
mixer klein;;;mixer;suggest
mixer ninja;;;mixer;suggest
mixer schweiz;;;mixer;suggest
mixer schweiz kaufen;;;mixer;suggest
mixer schweizer hersteller;;;mixer;suggest
mixer schweizer marke;;;mixer;suggest
mixer schweizer produkt;;;mixer;suggest
mixer smoothie;;;mixer;suggest
ninja mixer schweiz;;;mixer;suggest
rotary mixer schweiz;;;mixer;suggest
smoothie mixer schweiz;;;mixer;suggest
zauberstab mixer schweiz;;;mixer;suggest
monitor halterung 1 monitor;;;monitor halterung;suggest
monitor halterung 2 monitore;;;monitor halterung;suggest
monitor halterung 2 monitore übereinander;;;monitor halterung;suggest
monitor halterung 3 monitore;;;monitor halterung;suggest
monitor halterung 4 monitore;;;monitor halterung;suggest
monitor halterung kaufen;;;monitor halterung;suggest
monitor halterung schreibtisch;;;monitor halterung;suggest
monitor halterung schweiz;;;monitor halterung;suggest
monitor halterung tisch;;;monitor halterung;suggest
monitor halterung wand;;;monitor halterung;suggest
mülleimer 17 liter schweiz;;;mülleimer;suggest
mülleimer 35 liter;;;mülleimer;suggest
mülleimer 60 liter;;;mülleimer;suggest
mülleimer bad;;;mülleimer;suggest
mülleimer deo;;;mülleimer;suggest
mülleimer kaufen;;;mülleimer;suggest
mülleimer kaufen 50l;;;mülleimer;suggest
mülleimer kaufen günstig;;;mülleimer;suggest
mülleimer kaufen küche;;;mülleimer;suggest
mülleimer küche;;;mülleimer;suggest
mülleimer küche schweiz;;;mülleimer;suggest
mülleimer mit deckel;;;mülleimer;suggest
mülleimer mit schweizer kreuz;;;mülleimer;suggest
mülleimer schweiz;;;mülleimer;suggest
mülleimer schweizer firma;;;mülleimer;suggest
mülleimer schweizer flagge;;;mülleimer;suggest
mülleimer schweizer marke;;;mülleimer;suggest
mülleimer schweizerdeutsch;;;mülleimer;suggest
mülleimer system schweiz;;;mülleimer;suggest
öffentliche mülleimer schweiz;;;mülleimer;suggest
mütze baby;;;mütze;suggest
mütze damen beanie;;;mütze;suggest
mütze damen beige;;;mütze;suggest
mütze damen herbst;;;mütze;suggest
mütze damen modern;;;mütze;suggest
mütze damen schwarz;;;mütze;suggest
mütze damen sommer;;;mütze;suggest
mütze damen winter;;;mütze;suggest
mütze damen winter trend;;;mütze;suggest
mütze herren herbst;;;mütze;suggest
mütze herren merinowolle;;;mütze;suggest
mütze herren sale;;;mütze;suggest
mütze herren schwarz;;;mütze;suggest
mütze herren sommer;;;mütze;suggest
mütze herren winter;;;mütze;suggest
mütze kaufen;;;mütze;suggest
mütze kaufen damen;;;mütze;suggest
mütze kaufen einer von 83 millionen;;;mütze;suggest
mütze kaufen herren;;;mütze;suggest
mütze kaufen kinder;;;mütze;suggest
mütze kaufen schweiz;;;mütze;suggest
mütze kinder;;;mütze;suggest
mütze kinder größe;;;mütze;suggest
mütze kinder herbst;;;mütze;suggest
mütze kinder jungen;;;mütze;suggest
mütze kinder merinowolle;;;mütze;suggest
mütze kinder mädchen;;;mütze;suggest
mütze schweiz;;;mütze;suggest
mütze schweiz olympia;;;mütze;suggest
mütze schweizer armee;;;mütze;suggest
mütze schweizer bundespräsident;;;mütze;suggest
mütze schweizer marke;;;mütze;suggest
mütze schweizerdeutsch;;;mütze;suggest
mütze schweizerisch;;;mütze;suggest
mütze schweizerkreuz;;;mütze;suggest
mützen liesel;;;mütze;suggest
schweizer mütze kaufen;;;mütze;suggest
krankenhaus nachthemd kaufen;;;nachthemd;suggest
langes nachthemd kaufen;;;nachthemd;suggest
nachthemd baumwolle damen;;;nachthemd;suggest
nachthemd damen;;;nachthemd;suggest
nachthemd damen baumwolle;;;nachthemd;suggest
nachthemd damen kurzarm;;;nachthemd;suggest
nachthemd damen lang;;;nachthemd;suggest
nachthemd damen langarm;;;nachthemd;suggest
nachthemd damen schweiz;;;nachthemd;suggest
nachthemd damen ärmellos;;;nachthemd;suggest
nachthemd günstig kaufen;;;nachthemd;suggest
nachthemd herren;;;nachthemd;suggest
nachthemd herren kurzarm;;;nachthemd;suggest
nachthemd herren kurzarm baumwolle;;;nachthemd;suggest
nachthemd herren lang;;;nachthemd;suggest
nachthemd herren langarm;;;nachthemd;suggest
nachthemd herren leinen;;;nachthemd;suggest
nachthemd herren lustig;;;nachthemd;suggest
nachthemd herren schweiz;;;nachthemd;suggest
nachthemd herren seide;;;nachthemd;suggest
nachthemd kaufen;;;nachthemd;suggest
nachthemd kaufen damen;;;nachthemd;suggest
nachthemd kaufen herren;;;nachthemd;suggest
nachthemd kaufen schweiz;;;nachthemd;suggest
nachthemd kinder;;;nachthemd;suggest
nachthemd kinder 110;;;nachthemd;suggest
nachthemd kinder ernstings family;;;nachthemd;suggest
nachthemd kinder jungen;;;nachthemd;suggest
nachthemd kinder kik;;;nachthemd;suggest
nachthemd kinder kurzarm;;;nachthemd;suggest
nachthemd kinder langarm;;;nachthemd;suggest
nachthemd kinder mädchen;;;nachthemd;suggest
nachthemd mit knöpfen;;;nachthemd;suggest
nachthemd schweiz;;;nachthemd;suggest
nachthemden damen lang;;;nachthemd;suggest
bumpli nachtlicht kaufen;;;nachtlicht;suggest
led nachtlicht kaufen;;;nachtlicht;suggest
nachtlicht baby kaufen;;;nachtlicht;suggest
nachtlicht baby schweiz;;;nachtlicht;suggest
nachtlicht günstig kaufen;;;nachtlicht;suggest
nachtlicht kaufen;;;nachtlicht;suggest
nachtlicht kaufen kinder;;;nachtlicht;suggest
nachtlicht kaufen schweiz;;;nachtlicht;suggest
nachtlicht kaufen steckdose;;;nachtlicht;suggest
nachtlicht kinder schweiz;;;nachtlicht;suggest
nachtlicht kinder steckdose;;;nachtlicht;suggest
nachtlicht mit bewegungsmelder schweiz;;;nachtlicht;suggest
nachtlicht schweiz;;;nachtlicht;suggest
nachtlicht steckdose schweiz;;;nachtlicht;suggest
nachtlicht sternenhimmel;;;nachtlicht;suggest
nachtlicht stillen;;;nachtlicht;suggest
nachtlicht tonie;;;nachtlicht;suggest
led nachttischlampe kaufen;;;nachttischlampe;suggest
nachttischlampe dimmbar kaufen;;;nachttischlampe;suggest
nachttischlampe dimmbar schweiz;;;nachttischlampe;suggest
nachttischlampe günstig kaufen;;;nachttischlampe;suggest
nachttischlampe kaufen;;;nachttischlampe;suggest
nachttischlampe kaufen schweiz;;;nachttischlampe;suggest
nachttischlampe ohne kabel;;;nachttischlampe;suggest
nachttischlampe ohne kabel schweiz;;;nachttischlampe;suggest
nachttischlampe online kaufen;;;nachttischlampe;suggest
nachttischlampe schwarz;;;nachttischlampe;suggest
nachttischlampe schweiz;;;nachttischlampe;suggest
nachttischlampe touch;;;nachttischlampe;suggest
nachttischlampe touch dimmbar;;;nachttischlampe;suggest
nachttischlampe touch kaufen;;;nachttischlampe;suggest
nachttischlampe touch schweiz;;;nachttischlampe;suggest
nachttischlampe wand;;;nachttischlampe;suggest
bestes nackenkissen schweiz;;;nackenkissen;suggest
derila nackenkissen schweiz;;;nackenkissen;suggest
nackenkissen aufblasbar;;;nackenkissen;suggest
nackenkissen auto;;;nackenkissen;suggest
nackenkissen für seitenschläfer;;;nackenkissen;suggest
nackenkissen kaufen;;;nackenkissen;suggest
nackenkissen kaufen leipzig;;;nackenkissen;suggest
nackenkissen kaufen schweiz;;;nackenkissen;suggest
nackenkissen kinder;;;nackenkissen;suggest
nackenkissen kinder auto;;;nackenkissen;suggest
nackenkissen reise;;;nackenkissen;suggest
nackenkissen schweiz;;;nackenkissen;suggest
nackenkissen schweiz kaufen;;;nackenkissen;suggest
nackenkissen schweizer firma;;;nackenkissen;suggest
orthopädisches nackenkissen schweiz;;;nackenkissen;suggest
ciclopoli nagellack schweiz;;;nagellack;suggest
gitti nagellack schweiz;;;nagellack;suggest
loceryl nagellack schweiz;;;nagellack;suggest
mavala nagellack schweiz;;;nagellack;suggest
nagellack entfernen;;;nagellack;suggest
nagellack essence;;;nagellack;suggest
nagellack essie;;;nagellack;suggest
nagellack gegen nagelpilz;;;nagellack;suggest
nagellack kaufen;;;nagellack;suggest
nagellack kaufen online;;;nagellack;suggest
nagellack kaufen schweiz;;;nagellack;suggest
nagellack kaufen thailand;;;nagellack;suggest
nagellack schweiz;;;nagellack;suggest
nagellack schweizer firma;;;nagellack;suggest
nagellack schweizer marke;;;nagellack;suggest
nagellackentferner;;;nagellack;suggest
nagellackstift;;;nagellack;suggest
schweiz nagellack verbot;;;nagellack;suggest
sililevo nagellack schweiz;;;nagellack;suggest
nagerkäfig glas;;;nagerkäfig;suggest
nagerkäfig groß;;;nagerkäfig;suggest
nagerkäfig günstig kaufen;;;nagerkäfig;suggest
nagerkäfig holz;;;nagerkäfig;suggest
nagerkäfig kaufen;;;nagerkäfig;suggest
nagerkäfig kaufen schweiz;;;nagerkäfig;suggest
nagerkäfig schweiz;;;nagerkäfig;suggest
nagerkäfig xxl;;;nagerkäfig;suggest
meine namenskette schweiz;;;namenskette;suggest
namenskette armband;;;namenskette;suggest
namenskette baby;;;namenskette;suggest
namenskette für mütter;;;namenskette;suggest
namenskette gold;;;namenskette;suggest
namenskette gold kaufen;;;namenskette;suggest
namenskette gold schweiz;;;namenskette;suggest
namenskette kaufen;;;namenskette;suggest
namenskette kinder;;;namenskette;suggest
namenskette kinder für mama;;;namenskette;suggest
namenskette schweiz;;;namenskette;suggest
namenskette silber;;;namenskette;suggest
namensketten;;;namenskette;suggest
kuh ohrringe schweiz;;;ohrringe;suggest
ohrringe kaufen;;;ohrringe;suggest
ohrringe kaufen männer;;;ohrringe;suggest
ohrringe kaufen online;;;ohrringe;suggest
ohrringe kaufen schweiz;;;ohrringe;suggest
ohrringe kaufen silber;;;ohrringe;suggest
ohrringe männer;;;ohrringe;suggest
ohrringe schweiz;;;ohrringe;suggest
ohrringe schweiz kaufen;;;ohrringe;suggest
ohrringe schweiz online;;;ohrringe;suggest
ohrringe schweizer flagge;;;ohrringe;suggest
ohrringe stechen kinder;;;ohrringe;suggest
ohrringe stechen lassen;;;ohrringe;suggest
schwarze haken ohrringe;;;ohrringe;suggest
schweizer kreuz ohrringe;;;ohrringe;suggest
titan ohrringe schweiz;;;ohrringe;suggest
diamant ohrstecker schweiz;;;ohrstecker;suggest
holz ohrstecker schweiz;;;ohrstecker;suggest
kaufen ohrstecker gold;;;ohrstecker;suggest
kuh ohrstecker schweiz;;;ohrstecker;suggest
medizinische ohrstecker kaufen;;;ohrstecker;suggest
medizinische ohrstecker schweiz;;;ohrstecker;suggest
ohrstecker frauen;;;ohrstecker;suggest
ohrstecker gold;;;ohrstecker;suggest
ohrstecker gold schweiz;;;ohrstecker;suggest
ohrstecker jungs;;;ohrstecker;suggest
ohrstecker kaufen;;;ohrstecker;suggest
ohrstecker kaufen schweiz;;;ohrstecker;suggest
ohrstecker kaufen silber;;;ohrstecker;suggest
ohrstecker kinder;;;ohrstecker;suggest
ohrstecker kinder mädchen;;;ohrstecker;suggest
ohrstecker mit flachem verschluss;;;ohrstecker;suggest
ohrstecker männer;;;ohrstecker;suggest
ohrstecker online kaufen;;;ohrstecker;suggest
ohrstecker schweiz;;;ohrstecker;suggest
ohrstecker schweizerkreuz;;;ohrstecker;suggest
ohrstecker silber schweiz;;;ohrstecker;suggest
ohrstecker verschluss;;;ohrstecker;suggest
perlen ohrstecker kaufen;;;ohrstecker;suggest
studex ohrstecker kaufen;;;ohrstecker;suggest
studex ohrstecker schweiz;;;ohrstecker;suggest
einmal overall kaufen;;;overall;suggest
hgg overall schweiz;;;overall;suggest
jeans overall kaufen;;;overall;suggest
overall damen arbeitskleidung;;;overall;suggest
overall damen elegant;;;overall;suggest
overall damen festlich;;;overall;suggest
overall damen kurz;;;overall;suggest
overall damen sale;;;overall;suggest
overall damen schwarz;;;overall;suggest
overall damen schweiz;;;overall;suggest
overall damen sommer;;;overall;suggest
overall damen sportlich;;;overall;suggest
overall deutsch;;;overall;suggest
overall herren;;;overall;suggest
overall herren arbeit;;;overall;suggest
overall herren elegant;;;overall;suggest
overall herren kuschelig;;;overall;suggest
overall herren schwarz;;;overall;suggest
overall herren sommer;;;overall;suggest
overall herren werkstatt;;;overall;suggest
overall herren winter;;;overall;suggest
overall herren winter wasserdicht;;;overall;suggest
overall kaufen;;;overall;suggest
overall kaufen damen;;;overall;suggest
overall kaufen herren;;;overall;suggest
overall kaufen schweiz;;;overall;suggest
overall kinder;;;overall;suggest
overall kinder fleece;;;overall;suggest
overall kinder grün;;;overall;suggest
overall kinder herbst;;;overall;suggest
overall kinder jungen;;;overall;suggest
overall kinder mädchen;;;overall;suggest
overall kinder mädchen sommer;;;overall;suggest
overall kinder outdoor;;;overall;suggest
overall kinder winter;;;overall;suggest
overall kurz damen;;;overall;suggest
overall schweiz;;;overall;suggest
overall schweizer armee;;;overall;suggest
piloten overall schweiz;;;overall;suggest
slipknot overall kaufen;;;overall;suggest
wollwalk overall kaufen;;;overall;suggest
wollwalk overall schweiz;;;overall;suggest
parfum de marly;;;parfum;suggest
parfum kaufen;;;parfum;suggest
parfum kaufen auf rechnung;;;parfum;suggest
parfum kaufen günstig;;;parfum;suggest
parfum kaufen online;;;parfum;suggest
parfum kaufen online günstig;;;parfum;suggest
parfum kaufen schweiz;;;parfum;suggest
parfum outlet;;;parfum;suggest
parfum schweiz;;;parfum;suggest
parfum schweiz gisada;;;parfum;suggest
parfum schweiz gold;;;parfum;suggest
parfum schweiz günstig;;;parfum;suggest
parfum schweiz herren;;;parfum;suggest
parfum schweiz kaufen;;;parfum;suggest
parfum schweiz online shop;;;parfum;suggest
parfum schweiz zois;;;parfum;suggest
parfum schweizer marke;;;parfum;suggest
parfumcity;;;parfum;suggest
parfumdreams;;;parfum;suggest
parfumdreams schweiz;;;parfum;suggest
parfumo;;;parfum;suggest
parfumo de;;;parfum;suggest
parfums de marly althair;;;parfum;suggest
perfume;;;parfum;suggest
partnerarmband gold;;;partnerarmband;suggest
partnerarmband kaufen;;;partnerarmband;suggest
partnerarmband knoten;;;partnerarmband;suggest
partnerarmband leder;;;partnerarmband;suggest
partnerarmband mit buchstaben;;;partnerarmband;suggest
partnerarmband mit vibration;;;partnerarmband;suggest
partnerarmband mit vibration schweiz;;;partnerarmband;suggest
partnerarmband schweiz;;;partnerarmband;suggest
partnerarmband silber;;;partnerarmband;suggest
partydeko 18. geburtstag;;;partydeko;suggest
partydeko 30. geburtstag;;;partydeko;suggest
partydeko günstig kaufen;;;partydeko;suggest
partydeko kaufen;;;partydeko;suggest
partydeko kaufen schweiz;;;partydeko;suggest
partydeko kindergeburtstag;;;partydeko;suggest
partydeko online kaufen;;;partydeko;suggest
partydeko schweiz;;;partydeko;suggest
partydeko shop;;;partydeko;suggest
pc zubehör auf raten kaufen;;;pc zubehör;suggest
pc zubehör buchen skr03;;;pc zubehör;suggest
pc zubehör günstig kaufen;;;pc zubehör;suggest
pc zubehör kaufen;;;pc zubehör;suggest
pc zubehör laden;;;pc zubehör;suggest
pc zubehör online kaufen;;;pc zubehör;suggest
pc zubehör schweiz;;;pc zubehör;suggest
pc zubehör shop;;;pc zubehör;suggest
pc zubehör verkaufen;;;pc zubehör;suggest
wo kann man pc zubehör kaufen;;;pc zubehör;suggest
perlenkette damen;;;perlenkette;suggest
perlenkette damen echt;;;perlenkette;suggest
perlenkette damen schweiz;;;perlenkette;suggest
perlenkette echt;;;perlenkette;suggest
perlenkette kaufen;;;perlenkette;suggest
perlenkette kaufen echt;;;perlenkette;suggest
perlenkette kaufen schweiz;;;perlenkette;suggest
perlenkette kaufen worauf achten;;;perlenkette;suggest
perlenkette knüpfen;;;perlenkette;suggest
perlenkette männer;;;perlenkette;suggest
perlenkette schweiz;;;perlenkette;suggest
perlenkette verkaufen;;;perlenkette;suggest
perlenkette verkaufen schweiz;;;perlenkette;suggest
perlenketten;;;perlenkette;suggest
pfanne kaufen;;;pfanne;suggest
pfanne kaufen hannover;;;pfanne;suggest
pfanne kaufen induktion;;;pfanne;suggest
pfanne kaufen münster;;;pfanne;suggest
pfanne schweiz;;;pfanne;suggest
pfanne schweizer firma;;;pfanne;suggest
pfanne schweizer granitbeschichtung;;;pfanne;suggest
pfanne schweizer hersteller;;;pfanne;suggest
pfanne schweizer marke;;;pfanne;suggest
pfanne schweizerdeutsch;;;pfanne;suggest
pfannenset;;;pfanne;suggest
pfannenstiel;;;pfanne;suggest
pfannenstiel immobilien ag;;;pfanne;suggest
pfanner;;;pfanne;suggest
pfanner store;;;pfanne;suggest
schweizer pfanne emura;;;pfanne;suggest
schweizer pfannengericht;;;pfanne;suggest
schweizerische pfanne;;;pfanne;suggest
pflanzen deko für draußen;;;pflanzen deko;suggest
pflanzen deko garten;;;pflanzen deko;suggest
pflanzen deko ideen;;;pflanzen deko;suggest
pflanzen deko kaufen;;;pflanzen deko;suggest
pflanzen deko vor der haustür;;;pflanzen deko;suggest
pflanzen deko wand;;;pflanzen deko;suggest
pflanzen deko wohnzimmer;;;pflanzen deko;suggest
pflanzen deko zimmer;;;pflanzen deko;suggest
pflanzen dekoration;;;pflanzen deko;suggest
pflanzen dekorieren;;;pflanzen deko;suggest
eschbach pflanzkübel kaufen;;;pflanzkübel;suggest
pflanzkübel beton schweiz;;;pflanzkübel;suggest
pflanzkübel cortenstahl schweiz;;;pflanzkübel;suggest
pflanzkübel fiberglas schweiz;;;pflanzkübel;suggest
pflanzkübel groß;;;pflanzkübel;suggest
pflanzkübel holz;;;pflanzkübel;suggest
pflanzkübel holz schweiz;;;pflanzkübel;suggest
pflanzkübel kaufen;;;pflanzkübel;suggest
pflanzkübel kaufen groß;;;pflanzkübel;suggest
pflanzkübel kaufen günstig;;;pflanzkübel;suggest
pflanzkübel kaufen schweiz;;;pflanzkübel;suggest
pflanzkübel kunststoff xxl;;;pflanzkübel;suggest
pflanzkübel mit rankgitter;;;pflanzkübel;suggest
pflanzkübel mit rankgitter schweiz;;;pflanzkübel;suggest
pflanzkübel mit sichtschutz;;;pflanzkübel;suggest
pflanzkübel rechteckig;;;pflanzkübel;suggest
pflanzkübel schweiz;;;pflanzkübel;suggest
pflanzkübel xxl für bäume;;;pflanzkübel;suggest
vivanno pflanzkübel schweiz;;;pflanzkübel;suggest
waschbeton pflanzkübel kaufen;;;pflanzkübel;suggest
picknickdecke 200x200;;;picknickdecke;suggest
picknickdecke kaufen;;;picknickdecke;suggest
picknickdecke kaufen graz;;;picknickdecke;suggest
picknickdecke kaufen schweiz;;;picknickdecke;suggest
picknickdecke schweiz;;;picknickdecke;suggest
picknickdecke waschbar;;;picknickdecke;suggest
picknickdecke wasserdicht;;;picknickdecke;suggest
picknickdecke xxl;;;picknickdecke;suggest
migräne piercing schweiz;;;piercing;suggest
piercing gaby;;;piercing;suggest
piercing kaufen;;;piercing;suggest
piercing kaufen müller;;;piercing;suggest
piercing kaufen online;;;piercing;suggest
piercing kaufen schweiz;;;piercing;suggest
piercing ohr;;;piercing;suggest
piercing schmuck schweiz;;;piercing;suggest
piercing schweiz;;;piercing;suggest
piercing schweiz alter;;;piercing;suggest
piercing schweiz kaufen;;;piercing;suggest
piercing schweiz online;;;piercing;suggest
piercing schweizerhofpassage;;;piercing;suggest
piercing studio;;;piercing;suggest
piercings;;;piercing;suggest
schweiz piercing ab 16;;;piercing;suggest
schweizer piercing shop;;;piercing;suggest
planschbecken baby;;;planschbecken;suggest
planschbecken faltbar;;;planschbecken;suggest
planschbecken kaufen;;;planschbecken;suggest
planschbecken kaufen hannover;;;planschbecken;suggest
planschbecken kaufen kinder;;;planschbecken;suggest
planschbecken kaufen schweiz;;;planschbecken;suggest
planschbecken kinder;;;planschbecken;suggest
planschbecken mit rutsche;;;planschbecken;suggest
planschbecken schweiz;;;planschbecken;suggest
plateauschuhe 70er;;;plateauschuhe;suggest
plateauschuhe damen;;;plateauschuhe;suggest
plateauschuhe damen 90er;;;plateauschuhe;suggest
plateauschuhe damen herbst;;;plateauschuhe;suggest
plateauschuhe damen schwarz;;;plateauschuhe;suggest
plateauschuhe damen schwarz elegant;;;plateauschuhe;suggest
plateauschuhe damen sneaker;;;plateauschuhe;suggest
plateauschuhe damen sommer;;;plateauschuhe;suggest
plateauschuhe damen weiß;;;plateauschuhe;suggest
plateauschuhe elegant;;;plateauschuhe;suggest
plateauschuhe günstig kaufen;;;plateauschuhe;suggest
plateauschuhe herren;;;plateauschuhe;suggest
plateauschuhe herren 70er;;;plateauschuhe;suggest
plateauschuhe herren 70er günstig;;;plateauschuhe;suggest
plateauschuhe herren 90er;;;plateauschuhe;suggest
plateauschuhe herren kaufen;;;plateauschuhe;suggest
plateauschuhe herren krampus;;;plateauschuhe;suggest
plateauschuhe herren schwarz;;;plateauschuhe;suggest
plateauschuhe herren silber;;;plateauschuhe;suggest
plateauschuhe herren weiß;;;plateauschuhe;suggest
plateauschuhe kaufen;;;plateauschuhe;suggest
plateauschuhe kinder;;;plateauschuhe;suggest
plateauschuhe schweiz;;;plateauschuhe;suggest
plateauschuhe sneaker;;;plateauschuhe;suggest
capybara plüschtier schweiz;;;plüschtier;suggest
diddl plüschtier kaufen;;;plüschtier;suggest
plüschtier aufbewahrung;;;plüschtier;suggest
plüschtier großer schweizer sennenhund;;;plüschtier;suggest
plüschtier hund;;;plüschtier;suggest
plüschtier katze;;;plüschtier;suggest
plüschtier kaufen;;;plüschtier;suggest
plüschtier kaufen schweiz;;;plüschtier;suggest
plüschtier kuh schweiz;;;plüschtier;suggest
plüschtier schweiz;;;plüschtier;suggest
plüschtier spenden schweiz;;;plüschtier;suggest
plüschtier umarmung;;;plüschtier;suggest
plüschtier ziege schweiz;;;plüschtier;suggest
plüschtiere spenden;;;plüschtier;suggest
stitch plüschtier schweiz;;;plüschtier;suggest
verivox plüschtier kaufen;;;plüschtier;suggest
hakro poloshirt kaufen;;;poloshirt;suggest
poloshirt besticken schweiz;;;poloshirt;suggest
poloshirt damen;;;poloshirt;suggest
poloshirt damen elegant;;;poloshirt;suggest
poloshirt damen kurzarm;;;poloshirt;suggest
poloshirt damen langarm;;;poloshirt;suggest
poloshirt damen sale;;;poloshirt;suggest
poloshirt damen schweiz;;;poloshirt;suggest
poloshirt damen weiß;;;poloshirt;suggest
poloshirt günstig kaufen;;;poloshirt;suggest
poloshirt herren kaufen schweiz;;;poloshirt;suggest
poloshirt herren kurzarm;;;poloshirt;suggest
poloshirt herren langarm;;;poloshirt;suggest
poloshirt herren mit brusttasche;;;poloshirt;suggest
poloshirt herren sale;;;poloshirt;suggest
poloshirt herren schweiz;;;poloshirt;suggest
poloshirt herren slim fit;;;poloshirt;suggest
poloshirt kaufen;;;poloshirt;suggest
poloshirt kaufen damen;;;poloshirt;suggest
poloshirt kaufen herren;;;poloshirt;suggest
poloshirt kaufen schweiz;;;poloshirt;suggest
poloshirt kinder;;;poloshirt;suggest
poloshirt kinder jungen;;;poloshirt;suggest
poloshirt kinder jungen langarm;;;poloshirt;suggest
poloshirt kinder jungen weiß;;;poloshirt;suggest
poloshirt kinder langarm;;;poloshirt;suggest
poloshirt kinder mädchen;;;poloshirt;suggest
poloshirt kinder weiß;;;poloshirt;suggest
poloshirt kragen kaufen;;;poloshirt;suggest
poloshirt langarm damen;;;poloshirt;suggest
poloshirt langarm herren;;;poloshirt;suggest
poloshirt mit brusttasche herren;;;poloshirt;suggest
poloshirt schweiz;;;poloshirt;suggest
poloshirt schweizerkreuz;;;poloshirt;suggest
poloshirts;;;poloshirt;suggest
ragman poloshirt schweiz;;;poloshirt;suggest
trigema poloshirt kaufen;;;poloshirt;suggest
pool architekten;;;pool;suggest
pool kaufen;;;pool;suggest
pool kaufen aktion;;;pool;suggest
pool kaufen günstig;;;pool;suggest
pool kaufen kinder;;;pool;suggest
pool kaufen klein;;;pool;suggest
pool kaufen schweiz;;;pool;suggest
pool schweiz;;;pool;suggest
pool schweiz bauen;;;pool;suggest
pool schweiz kaufen;;;pool;suggest
pool schweiz kosten;;;pool;suggest
poolabdeckung;;;pool;suggest
poolbar festival;;;pool;suggest
poolpumpe;;;pool;suggest
poolroboter;;;pool;suggest
poolsauger;;;pool;suggest
schweiz pool im wald;;;pool;suggest
schweizergarten pool;;;pool;suggest
schweizerischer pool für erdbebendeckung;;;pool;suggest
beste popcornmaschine schweiz;;;popcornmaschine;suggest
popcornmaschine kaufen;;;popcornmaschine;suggest
popcornmaschine kaufen gastro;;;popcornmaschine;suggest
popcornmaschine kaufen klein;;;popcornmaschine;suggest
popcornmaschine kaufen metro;;;popcornmaschine;suggest
popcornmaschine kaufen schweiz;;;popcornmaschine;suggest
popcornmaschine retro;;;popcornmaschine;suggest
popcornmaschine schweiz;;;popcornmaschine;suggest
moon portemonnaie schweiz;;;portemonnaie;suggest
portemonnaie damen;;;portemonnaie;suggest
portemonnaie damen groß;;;portemonnaie;suggest
portemonnaie damen leder;;;portemonnaie;suggest
portemonnaie damen mit reißverschluss;;;portemonnaie;suggest
portemonnaie damen mollerus;;;portemonnaie;suggest
portemonnaie damen schweiz;;;portemonnaie;suggest
portemonnaie falten;;;portemonnaie;suggest
portemonnaie frauen;;;portemonnaie;suggest
portemonnaie herren klein;;;portemonnaie;suggest
portemonnaie herren leder;;;portemonnaie;suggest
portemonnaie herren lv;;;portemonnaie;suggest
portemonnaie herren mit münzfach;;;portemonnaie;suggest
portemonnaie herren schweiz;;;portemonnaie;suggest
portemonnaie kaufen;;;portemonnaie;suggest
portemonnaie kaufen damen;;;portemonnaie;suggest
portemonnaie kaufen dresden;;;portemonnaie;suggest
portemonnaie kaufen hannover;;;portemonnaie;suggest
portemonnaie kaufen schweiz;;;portemonnaie;suggest
portemonnaie kinder;;;portemonnaie;suggest
portemonnaie kinder 10 jahre;;;portemonnaie;suggest
portemonnaie kinder fussball;;;portemonnaie;suggest
portemonnaie kinder jungen;;;portemonnaie;suggest
portemonnaie kinder mit band;;;portemonnaie;suggest
portemonnaie kinder mädchen;;;portemonnaie;suggest
portemonnaie kinder schweiz;;;portemonnaie;suggest
portemonnaie kinder step by step;;;portemonnaie;suggest
portemonnaie kinder umhängen;;;portemonnaie;suggest
portemonnaie schweiz;;;portemonnaie;suggest
portemonnaie schweiz kaufen;;;portemonnaie;suggest
portemonnaie schweizer kreuz;;;portemonnaie;suggest
portemonnaie schweizer marke;;;portemonnaie;suggest
portemonnaie schweizer schreibweise;;;portemonnaie;suggest
portemonnaie schweizerdeutsch;;;portemonnaie;suggest
schweiz portemonnaie verloren;;;portemonnaie;suggest
schweizer portemonnaie herren;;;portemonnaie;suggest
poster drucken;;;poster;suggest
poster drucken lassen;;;poster;suggest
poster kaufen;;;poster;suggest
poster kaufen online;;;poster;suggest
poster kaufen schweiz;;;poster;suggest
poster schweiz kaufen;;;poster;suggest
poster schweizer alpen;;;poster;suggest
poster schweizer berge;;;poster;suggest
poster schweizer künstler;;;poster;suggest
poster schweizer nationalmannschaft;;;poster;suggest
poster schweizer städte;;;poster;suggest
poster schweizerkarte;;;poster;suggest
posterior;;;poster;suggest
posterlounge;;;poster;suggest
posterlounge schweiz;;;poster;suggest
posterstore;;;poster;suggest
pullover damen baumwolle;;;pullover;suggest
pullover damen rot;;;pullover;suggest
pullover damen sale;;;pullover;suggest
pullover herren marken;;;pullover;suggest
pullover herren mit kapuze;;;pullover;suggest
pullover herren mit reißverschluss;;;pullover;suggest
pullover herren sale;;;pullover;suggest
pullover herren schwarz;;;pullover;suggest
pullover kaufen;;;pullover;suggest
pullover kaufen damen;;;pullover;suggest
pullover kaufen großhandel;;;pullover;suggest
pullover kaufen gute qualität;;;pullover;suggest
pullover kaufen herren;;;pullover;suggest
pullover kaufen online;;;pullover;suggest
pullover kaufen schweiz;;;pullover;suggest
pullover kinder;;;pullover;suggest
pullover kinder jungen;;;pullover;suggest
pullover kinder mädchen;;;pullover;suggest
pullover kinder sale;;;pullover;suggest
pullover mit passender jacke;;;pullover;suggest
pullover schweiz;;;pullover;suggest
pullover schweiz kaufen;;;pullover;suggest
pullover schweizer armee;;;pullover;suggest
pullover schweizer flagge;;;pullover;suggest
pullover schweizer marke;;;pullover;suggest
pullover schweizer nati;;;pullover;suggest
pullover schweizer nationalmannschaft;;;pullover;suggest
pullover schweizer wolle;;;pullover;suggest
pullover schweizerdeutsch;;;pullover;suggest
pullover schweizerkreuz;;;pullover;suggest
aspen pumps schweiz;;;pumps;suggest
city pumps schweiz;;;pumps;suggest
egger pumps schweiz;;;pumps;suggest
herren pumps 43;;;pumps;suggest
herren pumps gr 44;;;pumps;suggest
herren pumps gr 45;;;pumps;suggest
herren pumps gr 46;;;pumps;suggest
herren pumps gr 47;;;pumps;suggest
herren pumps schuhe;;;pumps;suggest
kinder pumps 34;;;pumps;suggest
kinder pumps 36;;;pumps;suggest
kinder pumps glitzer;;;pumps;suggest
kinder pumps mit absatz;;;pumps;suggest
kinder pumps rot;;;pumps;suggest
kinder pumps schlappen;;;pumps;suggest
kinder pumps schuhe;;;pumps;suggest
kinder pumps schwarz;;;pumps;suggest
opera pumps herren;;;pumps;suggest
pumps & valves schweiz;;;pumps;suggest
pumps damen;;;pumps;suggest
pumps damen beige;;;pumps;suggest
pumps damen bequem;;;pumps;suggest
pumps damen blau;;;pumps;suggest
pumps damen elegant;;;pumps;suggest
pumps damen schwarz;;;pumps;suggest
pumps damen silber;;;pumps;suggest
pumps damen weiß;;;pumps;suggest
pumps herren;;;pumps;suggest
pumps herrengrößen;;;pumps;suggest
pumps kaufen;;;pumps;suggest
pumps kaufen online;;;pumps;suggest
pumps kaufen schweiz;;;pumps;suggest
pumps kinder;;;pumps;suggest
pumps schwarz herren;;;pumps;suggest
pumps schweiz;;;pumps;suggest
pumpspeicherkraftwerk;;;pumps;suggest
pumpspeicherwerk limmern;;;pumps;suggest
pumpstation;;;pumps;suggest
pumpstation gastro;;;pumps;suggest
pumpstation gastro gmbh;;;pumps;suggest
sulzer pumps schweiz;;;pumps;suggest
puzzle 1000 teile;;;puzzle;suggest
puzzle 500 teile;;;puzzle;suggest
puzzle erwachsene;;;puzzle;suggest
puzzle itc;;;puzzle;suggest
puzzle kaufen;;;puzzle;suggest
puzzle kaufen 1000 teile;;;puzzle;suggest
puzzle kaufen für erwachsene;;;puzzle;suggest
puzzle kaufen schweiz;;;puzzle;suggest
puzzle online;;;puzzle;suggest
puzzle online gratis;;;puzzle;suggest
puzzle schweiz;;;puzzle;suggest
puzzle schweiz 1000 teile;;;puzzle;suggest
puzzle schweiz karte;;;puzzle;suggest
puzzle schweiz kaufen;;;puzzle;suggest
puzzle schweizer berge;;;puzzle;suggest
puzzle schweizer motive;;;puzzle;suggest
puzzle schweizerdeutsch;;;puzzle;suggest
puzzle schweizerkarte;;;puzzle;suggest
puzzlematte;;;puzzle;suggest
puzzletisch;;;puzzle;suggest
calida pyjama schweiz;;;pyjama;suggest
kinder pyjama schweiz;;;pyjama;suggest
pyjama baby;;;pyjama;suggest
pyjama damen baumwolle;;;pyjama;suggest
pyjama damen lang;;;pyjama;suggest
pyjama damen schweiz;;;pyjama;suggest
pyjama damen sommer;;;pyjama;suggest
pyjama herren;;;pyjama;suggest
pyjama herren kurz;;;pyjama;suggest
pyjama herren kurz sale;;;pyjama;suggest
pyjama herren kühlend;;;pyjama;suggest
pyjama herren lang;;;pyjama;suggest
pyjama herren schweiz;;;pyjama;suggest
pyjama herren seide;;;pyjama;suggest
pyjama kaufen;;;pyjama;suggest
pyjama kaufen damen;;;pyjama;suggest
pyjama kaufen herren;;;pyjama;suggest
pyjama kaufen schweiz;;;pyjama;suggest
pyjama kinder;;;pyjama;suggest
pyjama kinder einteiler;;;pyjama;suggest
pyjama kinder jungen;;;pyjama;suggest
pyjama kinder kurz;;;pyjama;suggest
pyjama kinder mädchen;;;pyjama;suggest
pyjama party;;;pyjama;suggest
pyjama schweiz;;;pyjama;suggest
pyjama schweizer firma;;;pyjama;suggest
pyjama schweizer marke;;;pyjama;suggest
pyjama schweizerdeutsch;;;pyjama;suggest
schweizer pyjama hersteller;;;pyjama;suggest
raclette beilagen;;;raclette;suggest
raclette grill;;;raclette;suggest
raclette kartoffeln;;;raclette;suggest
raclette kaufen;;;raclette;suggest
raclette kaufen 8 personen;;;raclette;suggest
raclette kaufen hofer;;;raclette;suggest
raclette käse;;;raclette;suggest
raclette ofen;;;raclette;suggest
raclette pro person;;;raclette;suggest
raclette schweiz;;;raclette;suggest
raclette schweiz beilagen;;;raclette;suggest
raclette schweiz gerät;;;raclette;suggest
raclette schweiz original;;;raclette;suggest
raclette schweizer art;;;raclette;suggest
raclette schweizer hersteller;;;raclette;suggest
raclette schweizer käse;;;raclette;suggest
rasenmäher zubehör ersatzteile;;;rasenmäher zubehör;suggest
rasenmäher zubehör kaufen;;;rasenmäher zubehör;suggest
rasenmäher zubehör kreuzworträtsel;;;rasenmäher zubehör;suggest
scheppach rasenmäher zubehör;;;rasenmäher zubehör;suggest
zubehör rasenmäher roboter;;;rasenmäher zubehör;suggest
zubehör rasenmäher traktor;;;rasenmäher zubehör;suggest
estrid rasierer schweiz;;;rasierer;suggest
glatzen rasierer schweiz;;;rasierer;suggest
nash rasierer schweiz;;;rasierer;suggest
rasierer damen intimbereich;;;rasierer;suggest
rasierer damen schweiz;;;rasierer;suggest
rasierer frauen;;;rasierer;suggest
rasierer für intimbereich;;;rasierer;suggest
rasierer handgepäck;;;rasierer;suggest
rasierer kaufen;;;rasierer;suggest
rasierer kaufen japan;;;rasierer;suggest
rasierer kaufen schweiz;;;rasierer;suggest
rasierer kaufen spanien;;;rasierer;suggest
rasierer männer;;;rasierer;suggest
rasierer schweiz;;;rasierer;suggest
balton regal schweiz;;;regal;suggest
regal für keller;;;regal;suggest
regal holz;;;regal;suggest
regal kaufen;;;regal;suggest
regal kaufen günstig;;;regal;suggest
regal kaufen holz;;;regal;suggest
regal kaufen schweiz;;;regal;suggest
regal kinderzimmer;;;regal;suggest
regal konfigurieren schweiz;;;regal;suggest
regal schweiz;;;regal;suggest
regal schweiz design;;;regal;suggest
regal schweiz kaufen;;;regal;suggest
regal schweizer kante;;;regal;suggest
regal schweizerdeutsch;;;regal;suggest
regalino langenthal;;;regal;suggest
tonie regal schweiz;;;regal;suggest
arcteryx regenjacke schweiz;;;regenjacke;suggest
regenjacke damen;;;regenjacke;suggest
regenjacke damen lang;;;regenjacke;suggest
regenjacke damen rukka;;;regenjacke;suggest
regenjacke damen schwarz;;;regenjacke;suggest
regenjacke damen schweiz;;;regenjacke;suggest
regenjacke damen wasserdicht;;;regenjacke;suggest
regenjacke damen wasserdicht atmungsaktiv;;;regenjacke;suggest
regenjacke herren;;;regenjacke;suggest
regenjacke herren sale;;;regenjacke;suggest
regenjacke herren schweiz;;;regenjacke;suggest
regenjacke herren wasserdicht;;;regenjacke;suggest
regenjacke herren wasserdicht atmungsaktiv;;;regenjacke;suggest
regenjacke kaufen;;;regenjacke;suggest
regenjacke kaufen bremen;;;regenjacke;suggest
regenjacke kaufen damen;;;regenjacke;suggest
regenjacke kaufen herren;;;regenjacke;suggest
regenjacke kaufen kopenhagen;;;regenjacke;suggest
regenjacke kaufen rostock;;;regenjacke;suggest
regenjacke kaufen schweiz;;;regenjacke;suggest
regenjacke kaufen sylt;;;regenjacke;suggest
regenjacke kinder;;;regenjacke;suggest
regenjacke kinder 10.000 mm wassersäule;;;regenjacke;suggest
regenjacke kinder gefüttert;;;regenjacke;suggest
regenjacke kinder junge;;;regenjacke;suggest
regenjacke kinder reima;;;regenjacke;suggest
regenjacke kinder schweiz;;;regenjacke;suggest
regenjacke kinder wasserdicht;;;regenjacke;suggest
regenjacke kinder wasserdicht gefüttert;;;regenjacke;suggest
regenjacke schweiz;;;regenjacke;suggest
regenjacke schweizer armee;;;regenjacke;suggest
regenjacke schweizer marke;;;regenjacke;suggest
regenjacken;;;regenjacke;suggest
schmuddelwedda regenjacke schweiz;;;regenjacke;suggest
reisezubehör geschenk;;;reisezubehör;suggest
reisezubehör hund;;;reisezubehör;suggest
reisezubehör kaufen;;;reisezubehör;suggest
reisezubehör kinder;;;reisezubehör;suggest
reisezubehör koffer;;;reisezubehör;suggest
reisezubehör kreuzworträtsel;;;reisezubehör;suggest
bester reiskocher schweiz;;;reiskocher;suggest
reishunger reiskocher schweiz;;;reiskocher;suggest
reiskocher kaufen;;;reiskocher;suggest
reiskocher kaufen hofer;;;reiskocher;suggest
reiskocher kaufen schweiz;;;reiskocher;suggest
reiskocher schweiz;;;reiskocher;suggest
reiskocher schweiz kaufen;;;reiskocher;suggest
reiskocher schweizer stecker;;;reiskocher;suggest
reiskocher verhältnis wasser reis;;;reiskocher;suggest
zojirushi reiskocher schweiz;;;reiskocher;suggest
oura ring schweiz;;;ring;suggest
ring kaufen;;;ring;suggest
ring kaufen gold;;;ring;suggest
ring kaufen herren;;;ring;suggest
ring kaufen online;;;ring;suggest
ring kaufen schweiz;;;ring;suggest
ring kaufen verlobung;;;ring;suggest
ring schweiz;;;ring;suggest
ring schweiz alarm;;;ring;suggest
ring schweiz der blutdruck misst;;;ring;suggest
ring schweiz kaufen;;;ring;suggest
ring schweizer armee;;;ring;suggest
ring schweizerdeutsch;;;ring;suggest
ringana;;;ring;suggest
ringana schweiz;;;ring;suggest
ringelblume;;;ring;suggest
ringelflechte;;;ring;suggest
ringelnatter;;;ring;suggest
ringelröteln;;;ring;suggest
ringelspitzhütte;;;ring;suggest
ringgenberg;;;ring;suggest
ringo starr;;;ring;suggest
schweitzer ring memmingen;;;ring;suggest
schweiz ring finger;;;ring;suggest
schweizergarde ring;;;ring;suggest
ringlicht günstig kaufen;;;ringlicht;suggest
ringlicht handy;;;ringlicht;suggest
ringlicht im laden kaufen;;;ringlicht;suggest
ringlicht kamera;;;ringlicht;suggest
ringlicht kaufen;;;ringlicht;suggest
ringlicht kaufen schweiz;;;ringlicht;suggest
ringlicht mit handyhalterung;;;ringlicht;suggest
ringlicht mit stativ;;;ringlicht;suggest
ringlicht mit stativ handy;;;ringlicht;suggest
ringlicht mit stativ kaufen;;;ringlicht;suggest
ringlicht schweiz;;;ringlicht;suggest
ringlichter;;;ringlicht;suggest
herren rock experience;;;rock;suggest
herren rock revival;;;rock;suggest
herren rock revival jeans;;;rock;suggest
rock damen elegant;;;rock;suggest
rock damen herbst;;;rock;suggest
rock damen knielang;;;rock;suggest
rock damen kurz;;;rock;suggest
rock damen midi;;;rock;suggest
rock damen schwarz;;;rock;suggest
rock damen sommer;;;rock;suggest
rock damen sommer knielang;;;rock;suggest
rock herren;;;rock;suggest
rock herren kurz;;;rock;suggest
rock herren lang;;;rock;suggest
rock herren leder;;;rock;suggest
rock herren schwarz;;;rock;suggest
rock herrenbekleidung;;;rock;suggest
rock herrenberg;;;rock;suggest
rock kaufen;;;rock;suggest
rock kaufen damen;;;rock;suggest
rock kaufen knielang;;;rock;suggest
rock kaufen kurz;;;rock;suggest
rock kaufen lang;;;rock;suggest
rock kaufen midi;;;rock;suggest
rock kaufen schweiz;;;rock;suggest
rock kinder;;;rock;suggest
rock kinder lang;;;rock;suggest
rock kinder schwarz;;;rock;suggest
rock kindergarten;;;rock;suggest
rock kinderwagen;;;rock;suggest
rock schweiz;;;rock;suggest
rock schweizerdeutsch;;;rock;suggest
rockauto;;;rock;suggest
rocken;;;rock;suggest
rocket league;;;rock;suggest
rockit radio;;;rock;suggest
rockstar;;;rock;suggest
rockstar games;;;rock;suggest
rockstar games gta 6;;;rock;suggest
rocky;;;rock;suggest
rocky mountains;;;rock;suggest
schweiz rock festival;;;rock;suggest
schweizer rock bands;;;rock;suggest
schweizer rock n roll band;;;rock;suggest
schweizer rock pioniere;;;rock;suggest
schweizer rock radio;;;rock;suggest
schweizer rock radiosender;;;rock;suggest
schweizer.rock sänger;;;rock;suggest
rucksack damen business;;;rucksack;suggest
rucksack damen elegant;;;rucksack;suggest
rucksack damen klein;;;rucksack;suggest
rucksack damen leder;;;rucksack;suggest
rucksack damen modern;;;rucksack;suggest
rucksack damen sportlich;;;rucksack;suggest
rucksack damen wandern;;;rucksack;suggest
rucksack damen wasserdicht;;;rucksack;suggest
rucksack herren alltag;;;rucksack;suggest
rucksack herren arbeit;;;rucksack;suggest
rucksack herren elegant;;;rucksack;suggest
rucksack herren schwarz;;;rucksack;suggest
rucksack herren wandern;;;rucksack;suggest
rucksack herren wasserdicht;;;rucksack;suggest
rucksack kaufen;;;rucksack;suggest
rucksack kaufen damen;;;rucksack;suggest
rucksack kaufen schweiz;;;rucksack;suggest
rucksack kinder;;;rucksack;suggest
rucksack kinder 1 klasse;;;rucksack;suggest
rucksack kinder 10 jahre;;;rucksack;suggest
rucksack kinder 20 liter;;;rucksack;suggest
rucksack kinder wandern;;;rucksack;suggest
rucksack kindergarten;;;rucksack;suggest
rucksack kindergarten junge;;;rucksack;suggest
rucksack kindergarten mädchen;;;rucksack;suggest
rucksack schweiz;;;rucksack;suggest
rucksack schweiz kaufen;;;rucksack;suggest
rucksack schweizer armee;;;rucksack;suggest
rucksack schweizer firma;;;rucksack;suggest
rucksack schweizer hersteller;;;rucksack;suggest
rucksack schweizer kreuz;;;rucksack;suggest
rucksack schweizer kreuz marke;;;rucksack;suggest
rucksack schweizer marke;;;rucksack;suggest
rucksack schweizer wolldecke;;;rucksack;suggest
rucksack schweizerdeutsch;;;rucksack;suggest
ecco sandalen schweiz;;;sandalen;suggest
gabor sandalen schweiz;;;sandalen;suggest
hallux sandalen schweiz;;;sandalen;suggest
orthopädische sandalen schweiz;;;sandalen;suggest
rieker sandalen schweiz;;;sandalen;suggest
sandalen damen elegant;;;sandalen;suggest
sandalen damen gold;;;sandalen;suggest
sandalen damen leder;;;sandalen;suggest
sandalen damen mit absatz;;;sandalen;suggest
sandalen damen sale;;;sandalen;suggest
sandalen damen schwarz;;;sandalen;suggest
sandalen damen schweiz;;;sandalen;suggest
sandalen herren;;;sandalen;suggest
sandalen herren bequem;;;sandalen;suggest
sandalen herren elegant;;;sandalen;suggest
sandalen herren leder;;;sandalen;suggest
sandalen herren schweiz;;;sandalen;suggest
sandalen herren wasserfest;;;sandalen;suggest
sandalen kaufen;;;sandalen;suggest
sandalen kaufen damen;;;sandalen;suggest
sandalen kaufen herren;;;sandalen;suggest
sandalen kaufen schweiz;;;sandalen;suggest
sandalen kinder;;;sandalen;suggest
sandalen kinder barfuß;;;sandalen;suggest
sandalen kinder jungen;;;sandalen;suggest
sandalen kinder mädchen;;;sandalen;suggest
sandalen kinder sale;;;sandalen;suggest
sandalen mit absatz;;;sandalen;suggest
sandalen mädchen;;;sandalen;suggest
sandalen männer;;;sandalen;suggest
sandalen schweiz;;;sandalen;suggest
schweizer sandalen damen;;;sandalen;suggest
teva sandalen schweiz;;;sandalen;suggest
ahmaddy schal schweiz;;;schal;suggest
kaschmir schal schweiz;;;schal;suggest
pashmina schal schweiz;;;schal;suggest
schal damen beige;;;schal;suggest
schal damen dünn;;;schal;suggest
schal damen herbst;;;schal;suggest
schal damen winter;;;schal;suggest
schal damen winter elegant;;;schal;suggest
schal herren;;;schal;suggest
schal herren baumwolle;;;schal;suggest
schal herren elegant;;;schal;suggest
schal herren grau;;;schal;suggest
schal herren grün;;;schal;suggest
schal herren kaschmir;;;schal;suggest
schal herren schwarz;;;schal;suggest
schal herren sommer;;;schal;suggest
schal herren winter;;;schal;suggest
schal kaufen;;;schal;suggest
schal kaufen damen;;;schal;suggest
schal kaufen herren;;;schal;suggest
schal kaufen schweiz;;;schal;suggest
schal kinder;;;schal;suggest
schal kinder jungen;;;schal;suggest
schal kinder merinowolle;;;schal;suggest
schal kinder mädchen;;;schal;suggest
schal kinder wolle;;;schal;suggest
schal schweiz;;;schal;suggest
schal schweiz fussball;;;schal;suggest
schal schweizer design;;;schal;suggest
schal schweizer nati;;;schal;suggest
schal schweizerdeutsch;;;schal;suggest
schalke;;;schal;suggest
schalke 04;;;schal;suggest
schallenberg;;;schal;suggest
schallgeschwindigkeit;;;schal;suggest
schallplatten;;;schal;suggest
schallzahnbürste;;;schal;suggest
schalotten;;;schal;suggest
schaltafel;;;schal;suggest
schaltjahr;;;schal;suggest
schweizer schal kaufen;;;schal;suggest
schweizerhaus schal;;;schal;suggest
baby schlafsack schweiz;;;schlafsack;suggest
schlafsack kaufen;;;schlafsack;suggest
schlafsack kaufen hannover;;;schlafsack;suggest
schlafsack kaufen schweiz;;;schlafsack;suggest
schlafsack kinder;;;schlafsack;suggest
schlafsack kinder schweiz;;;schlafsack;suggest
schlafsack kleines packmaß;;;schlafsack;suggest
schlafsack mit beinen;;;schlafsack;suggest
schlafsack mit füßen;;;schlafsack;suggest
schlafsack schweiz;;;schlafsack;suggest
schlafsack schweizer armee;;;schlafsack;suggest
schlafsack schweizer hersteller;;;schlafsack;suggest
schlafsack schweizerdeutsch;;;schlafsack;suggest
eko schlitten schweiz;;;schlitten;suggest
husky schlitten schweiz;;;schlitten;suggest
schlitteln schweiz;;;schlitten;suggest
schlitten fahren;;;schlitten;suggest
schlitten kaufen;;;schlitten;suggest
schlitten kaufen toom;;;schlitten;suggest
schlitten kinder schweiz;;;schlitten;suggest
schlitten schweiz;;;schlitten;suggest
schlitten schweiz kaufen;;;schlitten;suggest
schlitten schweiz offen;;;schlitten;suggest
schlitten schweizerdeutsch;;;schlitten;suggest
schlittenhunde;;;schlitten;suggest
schlittenhunde rassen;;;schlitten;suggest
schlittenprothese;;;schlitten;suggest
schlittenprothese knie;;;schlitten;suggest
schlittenstaubsauger;;;schlitten;suggest
schlittentyp;;;schlitten;suggest
schweiz schlitten fahren;;;schlitten;suggest
schweizer schlitten kunststoff;;;schlitten;suggest
schlüsselanhänger basteln;;;schlüsselanhänger;suggest
schlüsselanhänger bändel;;;schlüsselanhänger;suggest
schlüsselanhänger kaufen;;;schlüsselanhänger;suggest
schlüsselanhänger kaufen nürnberg;;;schlüsselanhänger;suggest
schlüsselanhänger kaufen schweiz;;;schlüsselanhänger;suggest
schlüsselanhänger kaufen tedi;;;schlüsselanhänger;suggest
schlüsselanhänger mit karabiner;;;schlüsselanhänger;suggest
schlüsselanhänger schweiz;;;schlüsselanhänger;suggest
schlüsselanhänger schweiz glocke;;;schlüsselanhänger;suggest
schlüsselanhänger schweiz kaufen;;;schlüsselanhänger;suggest
schlüsselanhänger schweizer armee;;;schlüsselanhänger;suggest
schlüsselanhänger schweizer flagge;;;schlüsselanhänger;suggest
schlüsselanhänger schweizer kreuz;;;schlüsselanhänger;suggest
schlüsselanhänger schweizer kuh;;;schlüsselanhänger;suggest
schlüsselanhänger selber gestalten;;;schlüsselanhänger;suggest
schminktisch günstig schweiz;;;schminktisch;suggest
schminktisch hocker;;;schminktisch;suggest
schminktisch holz;;;schminktisch;suggest
schminktisch kaufen;;;schminktisch;suggest
schminktisch kaufen günstig;;;schminktisch;suggest
schminktisch kaufen schweiz;;;schminktisch;suggest
schminktisch kinder;;;schminktisch;suggest
schminktisch kinder schweiz;;;schminktisch;suggest
schminktisch klein;;;schminktisch;suggest
schminktisch mit spiegel;;;schminktisch;suggest
schminktisch mit spiegel und licht;;;schminktisch;suggest
schminktisch ottos schweiz;;;schminktisch;suggest
schminktisch schweiz;;;schminktisch;suggest
schminktisch schweiz kaufen;;;schminktisch;suggest
schminktisch stuhl;;;schminktisch;suggest
schminktisch stuhl schweiz;;;schminktisch;suggest
schminktische;;;schminktisch;suggest
schmuck adventskalender;;;schmuck;suggest
schmuck kaufen;;;schmuck;suggest
schmuck kaufen günstig;;;schmuck;suggest
schmuck kaufen online;;;schmuck;suggest
schmuck kaufen schweiz;;;schmuck;suggest
schmuck schweiz;;;schmuck;suggest
schmuck schweiz günstig;;;schmuck;suggest
schmuck schweiz handmade;;;schmuck;suggest
schmuck schweiz kaufen;;;schmuck;suggest
schmuck schweiz online;;;schmuck;suggest
schmuck schweiz online shop;;;schmuck;suggest
schmuck schweiz wasserfest;;;schmuck;suggest
schmucklilie;;;schmuck;suggest
schmuckschatulle;;;schmuck;suggest
schmuckständer;;;schmuck;suggest
schmuckkasten damen;;;schmuckkasten;suggest
schmuckkasten für ohrringe;;;schmuckkasten;suggest
schmuckkasten glas;;;schmuckkasten;suggest
schmuckkasten groß;;;schmuckkasten;suggest
schmuckkasten groß kaufen;;;schmuckkasten;suggest
schmuckkasten günstig kaufen;;;schmuckkasten;suggest
schmuckkasten holz;;;schmuckkasten;suggest
schmuckkasten holz kaufen;;;schmuckkasten;suggest
schmuckkasten im laden kaufen;;;schmuckkasten;suggest
schmuckkasten kaufen;;;schmuckkasten;suggest
schmuckkasten kinder;;;schmuckkasten;suggest
schmuckkasten mädchen;;;schmuckkasten;suggest
schmuckkasten schweiz;;;schmuckkasten;suggest
schmuckset damen gold;;;schmuckset;suggest
schmuckset hochzeit;;;schmuckset;suggest
schmuckset kaufen;;;schmuckset;suggest
schmuckset kinder;;;schmuckset;suggest
schmuckset online kaufen;;;schmuckset;suggest
schmuckset rosegold;;;schmuckset;suggest
schmuckset schweiz;;;schmuckset;suggest
schmucksets;;;schmuckset;suggest
schmuckständer gold;;;schmuckständer;suggest
schmuckständer günstig kaufen;;;schmuckständer;suggest
schmuckständer holz;;;schmuckständer;suggest
schmuckständer im laden kaufen;;;schmuckständer;suggest
schmuckständer kaufen;;;schmuckständer;suggest
schmuckständer kaufen schweiz;;;schmuckständer;suggest
schmuckständer kinder;;;schmuckständer;suggest
schmuckständer ohrringe;;;schmuckständer;suggest
schmuckständer schwarz;;;schmuckständer;suggest
schmuckständer schweiz;;;schmuckständer;suggest
pewag schneeketten schweiz;;;schneeketten;suggest
rud schneeketten schweiz;;;schneeketten;suggest
schneeketten auto;;;schneeketten;suggest
schneeketten kaufen;;;schneeketten;suggest
schneeketten kaufen 16 zoll;;;schneeketten;suggest
schneeketten kaufen 17 zoll;;;schneeketten;suggest
schneeketten kaufen 18 zoll;;;schneeketten;suggest
schneeketten kaufen 19 zoll;;;schneeketten;suggest
schneeketten kaufen 20 zoll;;;schneeketten;suggest
schneeketten kaufen schweiz;;;schneeketten;suggest
schneeketten könig;;;schneeketten;suggest
schneeketten lkw;;;schneeketten;suggest
schneeketten montieren;;;schneeketten;suggest
schneeketten schweiz;;;schneeketten;suggest
schneeketten schweiz allrad;;;schneeketten;suggest
schneeketten schweiz kaufen;;;schneeketten;suggest
schneeketten schweiz pflicht;;;schneeketten;suggest
schneeketten traktor;;;schneeketten;suggest
msr schneeschuhe schweiz;;;schneeschuhe;suggest
schneeschuhe aktion schweiz;;;schneeschuhe;suggest
schneeschuhe damen;;;schneeschuhe;suggest
schneeschuhe herren;;;schneeschuhe;suggest
schneeschuhe hund;;;schneeschuhe;suggest
schneeschuhe kaufen;;;schneeschuhe;suggest
schneeschuhe kaufen damen;;;schneeschuhe;suggest
schneeschuhe kaufen günstig;;;schneeschuhe;suggest
schneeschuhe kaufen schweiz;;;schneeschuhe;suggest
schneeschuhe kaufen tubbs;;;schneeschuhe;suggest
schneeschuhe kinder;;;schneeschuhe;suggest
schneeschuhe msr;;;schneeschuhe;suggest
schneeschuhe schweiz;;;schneeschuhe;suggest
tsl schneeschuhe schweiz;;;schneeschuhe;suggest
edelstahl schneidebrett schweiz;;;schneidebrett;suggest
schneidebrett edelstahl;;;schneidebrett;suggest
schneidebrett kaufen;;;schneidebrett;suggest
schneidebrett kaufen holz;;;schneidebrett;suggest
schneidebrett kaufen schweiz;;;schneidebrett;suggest
schneidebrett schweiz;;;schneidebrett;suggest
schneidebrett schweizer holz;;;schneidebrett;suggest
schneidebrett schweizer kante;;;schneidebrett;suggest
schneidebrett titan;;;schneidebrett;suggest
schneidebretter ohne plastik;;;schneidebrett;suggest
stirnholz schneidebrett schweiz;;;schneidebrett;suggest
stirnholz schneidebrett schweizer kante;;;schneidebrett;suggest
titan schneidebrett kaufen;;;schneidebrett;suggest
titan schneidebrett schweiz;;;schneidebrett;suggest
bibs schnuller kaufen;;;schnuller;suggest
bibs schnuller schweiz;;;schnuller;suggest
curaprox schnuller schweiz;;;schnuller;suggest
schnuller für erwachsene;;;schnuller;suggest
schnuller kaufen;;;schnuller;suggest
schnuller kaufen rewe;;;schnuller;suggest
schnuller kaufen schweiz;;;schnuller;suggest
schnuller kaufen sonntag;;;schnuller;suggest
schnuller kaufen tankstelle;;;schnuller;suggest
schnuller kaufen worauf achten;;;schnuller;suggest
schnuller neugeborene;;;schnuller;suggest
schnuller schweiz;;;schnuller;suggest
schnuller schweiz kreuzworträtsel;;;schnuller;suggest
schnuller schweizer marke;;;schnuller;suggest
schnuller schweizerdeutsch;;;schnuller;suggest
schnullerbox;;;schnuller;suggest
schnullerfee;;;schnuller;suggest
schnullerkette;;;schnuller;suggest
schnullerkette mit name;;;schnuller;suggest
schweiz schnuller 5;;;schnuller;suggest
schweiz schnuller 5 buchstaben;;;schnuller;suggest
schweizerisch schnuller 6 buchstaben;;;schnuller;suggest
höhenverstellbarer schreibtisch schweiz;;;schreibtisch;suggest
höhenverstellbarer schreibtisch schweizer kante;;;schreibtisch;suggest
schreibtisch holz;;;schreibtisch;suggest
schreibtisch höhenverstellbar;;;schreibtisch;suggest
schreibtisch kaufen;;;schreibtisch;suggest
schreibtisch kaufen günstig;;;schreibtisch;suggest
schreibtisch kaufen schweiz;;;schreibtisch;suggest
schreibtisch kaufen willhaben;;;schreibtisch;suggest
schreibtisch konfigurator schweiz;;;schreibtisch;suggest
schreibtisch organizer;;;schreibtisch;suggest
schreibtisch organizer schweiz;;;schreibtisch;suggest
schreibtisch ottos schweiz;;;schreibtisch;suggest
schreibtisch schweiz;;;schreibtisch;suggest
schreibtisch schweiz kaufen;;;schreibtisch;suggest
schreibtisch schweizer kante;;;schreibtisch;suggest
schreibtisch weiss schweiz;;;schreibtisch;suggest
schreibtischstuhl;;;schreibtisch;suggest
schreibtischunterlage;;;schreibtisch;suggest
schuhe berger;;;schuhe;suggest
schuhe damen elegant;;;schuhe;suggest
schuhe damen elegant bequem;;;schuhe;suggest
schuhe damen herbst;;;schuhe;suggest
schuhe damen sale;;;schuhe;suggest
schuhe damen sneaker;;;schuhe;suggest
schuhe damen sommer;;;schuhe;suggest
schuhe herren;;;schuhe;suggest
schuhe herren elegant;;;schuhe;suggest
schuhe herren sale;;;schuhe;suggest
schuhe herren schweiz;;;schuhe;suggest
schuhe herren sneaker;;;schuhe;suggest
schuhe herren sommer;;;schuhe;suggest
schuhe in waschmaschine;;;schuhe;suggest
schuhe kaufen;;;schuhe;suggest
schuhe kaufen online;;;schuhe;suggest
schuhe kaufen schweiz;;;schuhe;suggest
schuhe kinder;;;schuhe;suggest
schuhe kinder breite füße;;;schuhe;suggest
schuhe kinder herbst;;;schuhe;suggest
schuhe kinder jungen;;;schuhe;suggest
schuhe kinder mädchen;;;schuhe;suggest
schuhe kinder sale;;;schuhe;suggest
schuhe kinder wasserdicht;;;schuhe;suggest
schuhe schweiz;;;schuhe;suggest
schuhe schweiz kybun;;;schuhe;suggest
schuhe schweiz online;;;schuhe;suggest
schuhe schweiz qc;;;schuhe;suggest
schuhe schweizer hersteller;;;schuhe;suggest
schuhe schweizer laupheim;;;schuhe;suggest
schuhe schweizer markdorf;;;schuhe;suggest
schuhe schweizer marke;;;schuhe;suggest
schuhe schweizer sundern;;;schuhe;suggest
schuheinlagen;;;schuhe;suggest
kleines schuhregal kaufen;;;schuhregal;suggest
schuhregal geschlossen;;;schuhregal;suggest
schuhregal günstig kaufen;;;schuhregal;suggest
schuhregal hoch;;;schuhregal;suggest
schuhregal hoch und schmal;;;schuhregal;suggest
schuhregal holz kaufen;;;schuhregal;suggest
schuhregal kaufen;;;schuhregal;suggest
schuhregal kaufen schweiz;;;schuhregal;suggest
schuhregal klein;;;schuhregal;suggest
schuhregal metall;;;schuhregal;suggest
schuhregal online kaufen;;;schuhregal;suggest
schuhregal ottos schweiz;;;schuhregal;suggest
schuhregal schmal;;;schuhregal;suggest
schuhregal schmal schweiz;;;schuhregal;suggest
schuhregal schweiz;;;schuhregal;suggest
ergobag schulranzen schweiz;;;schulranzen;suggest
lässig schulranzen schweiz;;;schulranzen;suggest
schulranzen ergobag;;;schulranzen;suggest
schulranzen jungen;;;schulranzen;suggest
schulranzen jungen 1 klasse;;;schulranzen;suggest
schulranzen jungen 5 klasse;;;schulranzen;suggest
schulranzen jungen schweiz;;;schulranzen;suggest
schulranzen kaufen;;;schulranzen;suggest
schulranzen kaufen leipzig;;;schulranzen;suggest
schulranzen mädchen;;;schulranzen;suggest
schulranzen mädchen 1 klasse;;;schulranzen;suggest
schulranzen mädchen 5 klasse;;;schulranzen;suggest
schulranzen mädchen schweiz;;;schulranzen;suggest
schulranzen satch;;;schulranzen;suggest
schulranzen schweiz;;;schulranzen;suggest
schulranzen schweiz kaufen;;;schulranzen;suggest
schulranzen schweizerdeutsch;;;schulranzen;suggest
schulranzen step by step;;;schulranzen;suggest
schweizer schulranzen kuhfell;;;schulranzen;suggest
scout schulranzen schweiz;;;schulranzen;suggest
scrunchie gehäkelt kaufen;;;scrunchie;suggest
scrunchie haargummi;;;scrunchie;suggest
scrunchie haargummi kaufen;;;scrunchie;suggest
scrunchie kaufen;;;scrunchie;suggest
scrunchie schweiz;;;scrunchie;suggest
scrunchies;;;scrunchie;suggest
seiden scrunchie kaufen;;;scrunchie;suggest
seiden scrunchie schweiz;;;scrunchie;suggest
große servierplatte kaufen;;;servierplatte;suggest
servierplatte alu kaufen;;;servierplatte;suggest
servierplatte edelstahl;;;servierplatte;suggest
servierplatte günstig kaufen;;;servierplatte;suggest
servierplatte holz;;;servierplatte;suggest
servierplatte holz kaufen;;;servierplatte;suggest
servierplatte kaufen;;;servierplatte;suggest
servierplatte keramik;;;servierplatte;suggest
servierplatte mit deckel;;;servierplatte;suggest
servierplatte rätsel;;;servierplatte;suggest
servierplatte schiefer kaufen;;;servierplatte;suggest
servierplatte schweiz;;;servierplatte;suggest
servierplatten einweg;;;servierplatte;suggest
basketball shorts schweiz;;;shorts;suggest
bib shorts schweiz;;;shorts;suggest
cargo shorts schweiz;;;shorts;suggest
fussball shorts schweiz;;;shorts;suggest
shorts damen elegant;;;shorts;suggest
shorts damen jeans;;;shorts;suggest
shorts damen knielang sport;;;shorts;suggest
shorts damen kurz;;;shorts;suggest
shorts damen schwarz;;;shorts;suggest
shorts damen schweiz;;;shorts;suggest
shorts damen sommer;;;shorts;suggest
shorts damen sport;;;shorts;suggest
shorts herren 3xl;;;shorts;suggest
shorts herren baumwolle;;;shorts;suggest
shorts herren cargo;;;shorts;suggest
shorts herren leinen;;;shorts;suggest
shorts herren sale;;;shorts;suggest
shorts herren schweiz;;;shorts;suggest
shorts herren sommer;;;shorts;suggest
shorts herren sport;;;shorts;suggest
shorts jeans;;;shorts;suggest
shorts jeans damen;;;shorts;suggest
shorts kaufen;;;shorts;suggest
shorts kaufen aktien;;;shorts;suggest
shorts kaufen damen;;;shorts;suggest
shorts kaufen herren;;;shorts;suggest
shorts kaufen jeans;;;shorts;suggest
shorts kaufen schweiz;;;shorts;suggest
shorts kaufen trade republic;;;shorts;suggest
shorts kinder;;;shorts;suggest
shorts kinder jungen;;;shorts;suggest
shorts kinder mädchen;;;shorts;suggest
shorts men;;;shorts;suggest
shorts mädchen;;;shorts;suggest
shorts schweiz;;;shorts;suggest
shorts video;;;shorts;suggest
silberkette 925;;;silberkette;suggest
silberkette frauen;;;silberkette;suggest
silberkette herren schweiz;;;silberkette;suggest
silberkette kaufen;;;silberkette;suggest
silberkette kaufen damen;;;silberkette;suggest
silberkette kaufen herren;;;silberkette;suggest
silberkette kaufen schweiz;;;silberkette;suggest
silberkette kinder;;;silberkette;suggest
silberkette mit anhänger;;;silberkette;suggest
silberkette mit kreuz;;;silberkette;suggest
silberkette männer;;;silberkette;suggest
silberkette schweiz;;;silberkette;suggest
beste skibrille schweiz;;;skibrille;suggest
oakley skibrille schweiz;;;skibrille;suggest
skibrille damen;;;skibrille;suggest
skibrille für brillenträger;;;skibrille;suggest
skibrille herren;;;skibrille;suggest
skibrille kaufen;;;skibrille;suggest
skibrille kaufen düsseldorf;;;skibrille;suggest
skibrille kaufen schweiz;;;skibrille;suggest
skibrille kaufen worauf achten;;;skibrille;suggest
skibrille kinder;;;skibrille;suggest
skibrille mit kamera;;;skibrille;suggest
skibrille mit wechselglas;;;skibrille;suggest
skibrille mit wechselglas magnet;;;skibrille;suggest
skibrille oakley;;;skibrille;suggest
skibrille schweiz;;;skibrille;suggest
skibrillenschutz;;;skibrille;suggest
beheizbare skihandschuhe kaufen;;;skihandschuhe;suggest
hestra skihandschuhe kaufen;;;skihandschuhe;suggest
leki skihandschuhe kaufen;;;skihandschuhe;suggest
reusch skihandschuhe kaufen;;;skihandschuhe;suggest
skihandschuhe damen;;;skihandschuhe;suggest
skihandschuhe damen kaufen;;;skihandschuhe;suggest
skihandschuhe günstig kaufen;;;skihandschuhe;suggest
skihandschuhe herren;;;skihandschuhe;suggest
skihandschuhe herren hestra;;;skihandschuhe;suggest
skihandschuhe herren kaufen;;;skihandschuhe;suggest
skihandschuhe herren schweiz;;;skihandschuhe;suggest
skihandschuhe hestra;;;skihandschuhe;suggest
skihandschuhe kaufen;;;skihandschuhe;suggest
skihandschuhe kinder;;;skihandschuhe;suggest
skihandschuhe leki;;;skihandschuhe;suggest
skihandschuhe reusch;;;skihandschuhe;suggest
skihandschuhe schweiz;;;skihandschuhe;suggest
schweizer skihelm mit visier;;;skihelm;suggest
skihelm aktion schweiz;;;skihelm;suggest
skihelm damen;;;skihelm;suggest
skihelm giro;;;skihelm;suggest
skihelm herren;;;skihelm;suggest
skihelm kaufen;;;skihelm;suggest
skihelm kaufen damen;;;skihelm;suggest
skihelm kaufen schweiz;;;skihelm;suggest
skihelm kaufen worauf achten;;;skihelm;suggest
skihelm kinder;;;skihelm;suggest
skihelm mit brille;;;skihelm;suggest
skihelm mit visier;;;skihelm;suggest
skihelm mit visier für brillenträger;;;skihelm;suggest
skihelm pflicht schweiz;;;skihelm;suggest
skihelm poc;;;skihelm;suggest
skihelm schweiz;;;skihelm;suggest
skihelm schweizer hersteller;;;skihelm;suggest
skihelm schweizer marke;;;skihelm;suggest
skihelme;;;skihelm;suggest
odlo skiunterwäsche kaufen;;;skiunterwäsche;suggest
schnittfeste skiunterwäsche kaufen;;;skiunterwäsche;suggest
skiunterwäsche damen;;;skiunterwäsche;suggest
skiunterwäsche damen kaufen;;;skiunterwäsche;suggest
skiunterwäsche damen merinowolle;;;skiunterwäsche;suggest
skiunterwäsche damen schweiz;;;skiunterwäsche;suggest
skiunterwäsche günstig kaufen;;;skiunterwäsche;suggest
skiunterwäsche herren kaufen;;;skiunterwäsche;suggest
skiunterwäsche herren merino;;;skiunterwäsche;suggest
skiunterwäsche herren schweiz;;;skiunterwäsche;suggest
skiunterwäsche kaufen;;;skiunterwäsche;suggest
skiunterwäsche kinder;;;skiunterwäsche;suggest
skiunterwäsche kinder merino;;;skiunterwäsche;suggest
skiunterwäsche merino damen;;;skiunterwäsche;suggest
skiunterwäsche merinowolle;;;skiunterwäsche;suggest
skiunterwäsche online kaufen;;;skiunterwäsche;suggest
skiunterwäsche schweiz;;;skiunterwäsche;suggest
uyn skiunterwäsche schweiz;;;skiunterwäsche;suggest
frottee slipper schweiz;;;slipper;suggest
living kitzbühel slipper schweizer kreuz;;;slipper;suggest
rieker slipper kaufen;;;slipper;suggest
sailor slipper kaufen;;;slipper;suggest
skechers slipper kaufen;;;slipper;suggest
slipper damen;;;slipper;suggest
slipper damen beige;;;slipper;suggest
slipper damen elegant;;;slipper;suggest
slipper damen leder;;;slipper;suggest
slipper damen schwarz;;;slipper;suggest
slipper damen schweiz;;;slipper;suggest
slipper damen sportlich;;;slipper;suggest
slipper damen weiß;;;slipper;suggest
slipper herren;;;slipper;suggest
slipper herren beige;;;slipper;suggest
slipper herren leder;;;slipper;suggest
slipper herren schwarz;;;slipper;suggest
slipper herren sommer;;;slipper;suggest
slipper herren sportlich;;;slipper;suggest
slipper herren weiß;;;slipper;suggest
slipper kaufen;;;slipper;suggest
slipper kaufen damen;;;slipper;suggest
slipper kaufen herren;;;slipper;suggest
slipper kinder;;;slipper;suggest
slipper kinder 30;;;slipper;suggest
slipper kinder 31;;;slipper;suggest
slipper kinder 34;;;slipper;suggest
slipper kinder 35;;;slipper;suggest
slipper kinder 36;;;slipper;suggest
slipper kinder hausschuhe;;;slipper;suggest
slipper kinder jungen;;;slipper;suggest
slipper kinder mädchen;;;slipper;suggest
slipper lobster kaufen;;;slipper;suggest
slipper schuhe;;;slipper;suggest
slipper schuhe kaufen;;;slipper;suggest
slipper schweiz;;;slipper;suggest
slippery elm;;;slipper;suggest
slippery elm deutsch;;;slipper;suggest
slippery slope;;;slipper;suggest
slippery when wet;;;slipper;suggest
gira smart home kaufen;;;smart home;suggest
google smart home kaufen;;;smart home;suggest
matter smart home kaufen;;;smart home;suggest
shelly smart home schweiz;;;smart home;suggest
smart home anbieter schweiz;;;smart home;suggest
smart home app;;;smart home;suggest
smart home assistant;;;smart home;suggest
smart home display;;;smart home;suggest
smart home geräte kaufen;;;smart home;suggest
smart home gym schweiz;;;smart home;suggest
smart home haus kaufen;;;smart home;suggest
smart home hub;;;smart home;suggest
smart home kaufen;;;smart home;suggest
smart home lampen;;;smart home;suggest
smart home lichtschalter schweiz;;;smart home;suggest
smart home nachrüsten schweiz;;;smart home;suggest
smart home produkte kaufen;;;smart home;suggest
smart home schweiz;;;smart home;suggest
smart home steckdose schweiz;;;smart home;suggest
smart home system;;;smart home;suggest
smart home systeme kaufen;;;smart home;suggest
smart home systeme schweiz;;;smart home;suggest
wago smart home kaufen;;;smart home;suggest
beste smartwatch schweiz;;;smartwatch;suggest
kinder smartwatch schweiz;;;smartwatch;suggest
smartwatch abo schweiz;;;smartwatch;suggest
smartwatch damen schweiz;;;smartwatch;suggest
smartwatch für frauen;;;smartwatch;suggest
smartwatch für kinder;;;smartwatch;suggest
smartwatch herren schweiz;;;smartwatch;suggest
smartwatch kaufen;;;smartwatch;suggest
smartwatch kaufen damen;;;smartwatch;suggest
smartwatch kaufen herren;;;smartwatch;suggest
smartwatch kaufen schweiz;;;smartwatch;suggest
smartwatch schweiz;;;smartwatch;suggest
smartwatch schweiz kaufen;;;smartwatch;suggest
smartwatch schweizer hersteller;;;smartwatch;suggest
smartwatch schweizer uhr;;;smartwatch;suggest
smartwatch damen elegant;;;smartwatch damen;suggest
smartwatch damen gold;;;smartwatch damen;suggest
smartwatch damen günstig kaufen;;;smartwatch damen;suggest
smartwatch damen kaufen;;;smartwatch damen;suggest
smartwatch damen online kaufen;;;smartwatch damen;suggest
smartwatch damen wasserdicht;;;smartwatch damen;suggest
smartwatch herren elegant;;;smartwatch herren;suggest
smartwatch herren günstig kaufen;;;smartwatch herren;suggest
smartwatch herren kaufen;;;smartwatch herren;suggest
smartwatch herren online kaufen;;;smartwatch herren;suggest
smartwatch herren top 10;;;smartwatch herren;suggest
schweizer sneaker damen;;;sneaker;suggest
schweizer sneaker herren;;;sneaker;suggest
schweizer sneaker hersteller;;;sneaker;suggest
schweizer sneaker shop;;;sneaker;suggest
sneaker damen beige;;;sneaker;suggest
sneaker damen blau;;;sneaker;suggest
sneaker damen bordeaux;;;sneaker;suggest
sneaker damen grün;;;sneaker;suggest
sneaker damen sale;;;sneaker;suggest
sneaker damen schwarz;;;sneaker;suggest
sneaker damen weiß;;;sneaker;suggest
sneaker herren beige;;;sneaker;suggest
sneaker herren sale;;;sneaker;suggest
sneaker herren schwarz;;;sneaker;suggest
sneaker herren weiß;;;sneaker;suggest
sneaker kaufen;;;sneaker;suggest
sneaker kaufen damen;;;sneaker;suggest
sneaker kaufen herren;;;sneaker;suggest
sneaker kaufen online;;;sneaker;suggest
sneaker kaufen schweiz;;;sneaker;suggest
sneaker kinder 36;;;sneaker;suggest
sneaker kinder jungen;;;sneaker;suggest
sneaker kinder mädchen;;;sneaker;suggest
sneaker kinder sale;;;sneaker;suggest
sneaker kinder wasserdicht;;;sneaker;suggest
sneaker kinder weiß;;;sneaker;suggest
sneaker schwarz damen;;;sneaker;suggest
sneaker schweiz;;;sneaker;suggest
sneaker schweiz kaufen;;;sneaker;suggest
sneaker schweiz online;;;sneaker;suggest
sneaker schweiz qc;;;sneaker;suggest
sneaker schweizer firma;;;sneaker;suggest
sneaker schweizer marke;;;sneaker;suggest
sneaker socken damen;;;sneaker;suggest
sneaker socken herren;;;sneaker;suggest
sneakers;;;sneaker;suggest
sneakers herren;;;sneaker;suggest
schweizer socken hersteller;;;socken;suggest
socken adventskalender;;;socken;suggest
socken damen;;;socken;suggest
socken damen 39-42;;;socken;suggest
socken damen bunt;;;socken;suggest
socken damen sneaker;;;socken;suggest
socken damen weiß;;;socken;suggest
socken herren;;;socken;suggest
socken herren 43-46;;;socken;suggest
socken herren baumwolle;;;socken;suggest
socken herren bunt;;;socken;suggest
socken herren kurz;;;socken;suggest
socken herren schwarz;;;socken;suggest
socken herren sneaker;;;socken;suggest
socken herren weiß;;;socken;suggest
socken kaufen;;;socken;suggest
socken kaufen damen;;;socken;suggest
socken kaufen getragen;;;socken;suggest
socken kaufen herren;;;socken;suggest
socken kaufen online;;;socken;suggest
socken kaufen schweiz;;;socken;suggest
socken kinder;;;socken;suggest
socken kinder 35-38;;;socken;suggest
socken kinder baumwolle;;;socken;suggest
socken kinder jungen;;;socken;suggest
socken kinder ohne naht;;;socken;suggest
socken kindergartenkind;;;socken;suggest
socken männer;;;socken;suggest
socken schweiz;;;socken;suggest
socken schweiz kaufen;;;socken;suggest
socken schweizer armee;;;socken;suggest
socken schweizer firma;;;socken;suggest
socken schweizer flagge;;;socken;suggest
socken schweizer marke;;;socken;suggest
socken schweizer motiv;;;socken;suggest
socken schweizerdeutsch;;;socken;suggest
socken schweizerkreuz;;;socken;suggest
sockengröße baby;;;socken;suggest
sockenwolle;;;socken;suggest
sofakissen 50x50;;;sofakissen;suggest
sofakissen 60x60;;;sofakissen;suggest
sofakissen beige;;;sofakissen;suggest
sofakissen groß;;;sofakissen;suggest
sofakissen groß 60x60;;;sofakissen;suggest
sofakissen grün;;;sofakissen;suggest
sofakissen kaufen;;;sofakissen;suggest
sofakissen kaufen online;;;sofakissen;suggest
sofakissen kaufen schweiz;;;sofakissen;suggest
sofakissen schweiz;;;sofakissen;suggest
sofakissenbezüge;;;sofakissen;suggest
solarlampe garten boden;;;solarlampe garten;suggest
solarlampe garten groß;;;solarlampe garten;suggest
solarlampe garten hängend;;;solarlampe garten;suggest
solarlampe garten kaufen;;;solarlampe garten;suggest
solarlampe garten mit bewegungsmelder;;;solarlampe garten;suggest
solarlampe garten stehend;;;solarlampe garten;suggest
solarlampe gartenhaus;;;solarlampe garten;suggest
solarlampe gartentisch;;;solarlampe garten;suggest
solarlampe gartenzaun;;;solarlampe garten;suggest
solarlampen garten günstig kaufen;;;solarlampe garten;suggest
solarlampen garten schweiz;;;solarlampe garten;suggest
solarleuchte garten kaufen;;;solarlampe garten;suggest
oakley sonnenbrille schweiz;;;sonnenbrille;suggest
schweizer sonnenbrille react;;;sonnenbrille;suggest
schweizer sonnenbrille suvasol;;;sonnenbrille;suggest
sonnenbrille baby;;;sonnenbrille;suggest
sonnenbrille damen;;;sonnenbrille;suggest
sonnenbrille damen elegant;;;sonnenbrille;suggest
sonnenbrille damen fielmann;;;sonnenbrille;suggest
sonnenbrille damen polarisiert;;;sonnenbrille;suggest
sonnenbrille damen rund;;;sonnenbrille;suggest
sonnenbrille damen sale;;;sonnenbrille;suggest
sonnenbrille damen schmales gesicht;;;sonnenbrille;suggest
sonnenbrille damen sport;;;sonnenbrille;suggest
sonnenbrille herren blaue gläser;;;sonnenbrille;suggest
sonnenbrille herren oakley;;;sonnenbrille;suggest
sonnenbrille herren polarisiert;;;sonnenbrille;suggest
sonnenbrille herren schwarz;;;sonnenbrille;suggest
sonnenbrille herren schweiz;;;sonnenbrille;suggest
sonnenbrille herren sport;;;sonnenbrille;suggest
sonnenbrille herren sportlich;;;sonnenbrille;suggest
sonnenbrille kaufen;;;sonnenbrille;suggest
sonnenbrille kaufen schweiz;;;sonnenbrille;suggest
sonnenbrille kinder;;;sonnenbrille;suggest
sonnenbrille kinder 2 jahre;;;sonnenbrille;suggest
sonnenbrille kinder 3 jahre;;;sonnenbrille;suggest
sonnenbrille kinder 5 jahre;;;sonnenbrille;suggest
sonnenbrille kinder 8 jahre;;;sonnenbrille;suggest
sonnenbrille kinder izipizi;;;sonnenbrille;suggest
sonnenbrille kinder sport;;;sonnenbrille;suggest
sonnenbrille mit kamera;;;sonnenbrille;suggest
sonnenbrille ray ban;;;sonnenbrille;suggest
sonnenbrille schweiz;;;sonnenbrille;suggest
sonnenbrille schweiz kaufen;;;sonnenbrille;suggest
sonnenbrille schweizer armee;;;sonnenbrille;suggest
sonnenbrille schweizer hersteller;;;sonnenbrille;suggest
sonnenbrille schweizer marke;;;sonnenbrille;suggest
sonnenbrille schweizerkreuz;;;sonnenbrille;suggest
sonnenbrille über brille;;;sonnenbrille;suggest
doppler sonnenschirm schweiz;;;sonnenschirm;suggest
sonnenschirm aktion schweiz;;;sonnenschirm;suggest
sonnenschirm glatz;;;sonnenschirm;suggest
sonnenschirm kaufen;;;sonnenschirm;suggest
sonnenschirm kaufen günstig;;;sonnenschirm;suggest
sonnenschirm kaufen mallorca;;;sonnenschirm;suggest
sonnenschirm kaufen schweiz;;;sonnenschirm;suggest
sonnenschirm kaufen strand;;;sonnenschirm;suggest
sonnenschirm rechteckig;;;sonnenschirm;suggest
sonnenschirm schweiz;;;sonnenschirm;suggest
sonnenschirm schweiz glatz;;;sonnenschirm;suggest
sonnenschirm schweiz kaufen;;;sonnenschirm;suggest
sonnenschirm schweizer hersteller;;;sonnenschirm;suggest
sonnenschirm schweizer marke;;;sonnenschirm;suggest
sonnenschirm strand;;;sonnenschirm;suggest
sonnenschirme;;;sonnenschirm;suggest
sonnenschirmständer;;;sonnenschirm;suggest
spiegel bestseller;;;spiegel;suggest
spiegel kaufen;;;spiegel;suggest
spiegel kaufen groß;;;spiegel;suggest
spiegel kaufen günstig;;;spiegel;suggest
spiegel kaufen ohne rahmen;;;spiegel;suggest
spiegel kaufen schweiz;;;spiegel;suggest
spiegel online;;;spiegel;suggest
spiegel schweiz;;;spiegel;suggest
spiegel schweiz 10 millionen;;;spiegel;suggest
spiegel schweiz abstimmung;;;spiegel;suggest
spiegel schweiz brand;;;spiegel;suggest
spiegel schweiz kaufen;;;spiegel;suggest
spiegel schweiz zölle;;;spiegel;suggest
spiegel schweizer armee;;;spiegel;suggest
spiegel schweizer ausgabe;;;spiegel;suggest
spiegel schweizerdeutsch;;;spiegel;suggest
spiegelei;;;spiegel;suggest
spiegeleiqualle;;;spiegel;suggest
spiegelschrank;;;spiegel;suggest
spiegelschrank bad;;;spiegel;suggest
mcdonalds spielzeug schweiz;;;spielzeug;suggest
montessori spielzeug schweiz;;;spielzeug;suggest
schweizer spielzeugladen;;;spielzeug;suggest
spielzeug aufbewahrung;;;spielzeug;suggest
spielzeug kaufen;;;spielzeug;suggest
spielzeug kaufen hannover;;;spielzeug;suggest
spielzeug kaufen innsbruck;;;spielzeug;suggest
spielzeug kaufen online;;;spielzeug;suggest
spielzeug schweiz;;;spielzeug;suggest
spielzeug schweiz online;;;spielzeug;suggest
spielzeug schweizerdeutsch;;;spielzeug;suggest
spielzeug spenden schweiz;;;spielzeug;suggest
spielzeug verkaufen schweiz;;;spielzeug;suggest
spielzeug24;;;spielzeug;suggest
spielzeugbörse frauenfeld;;;spielzeug;suggest
spielzeugkiste;;;spielzeug;suggest
spielzeugladen;;;spielzeug;suggest
schweizer sportschuhe damen;;;sportschuhe;suggest
schweizer sportschuhe herren;;;sportschuhe;suggest
schweizer sportschuhe qc;;;sportschuhe;suggest
schweizer sportschuhe qc damen;;;sportschuhe;suggest
schweizer sportschuhe qc herren;;;sportschuhe;suggest
sportschuhe damen;;;sportschuhe;suggest
sportschuhe damen fitnessstudio;;;sportschuhe;suggest
sportschuhe damen sale;;;sportschuhe;suggest
sportschuhe damen schwarz;;;sportschuhe;suggest
sportschuhe herren;;;sportschuhe;suggest
sportschuhe herren günstig;;;sportschuhe;suggest
sportschuhe herren mit klettverschluss;;;sportschuhe;suggest
sportschuhe herren sale;;;sportschuhe;suggest
sportschuhe herren schwarz;;;sportschuhe;suggest
sportschuhe herren weiß;;;sportschuhe;suggest
sportschuhe kaufen;;;sportschuhe;suggest
sportschuhe kaufen düsseldorf;;;sportschuhe;suggest
sportschuhe kinder;;;sportschuhe;suggest
sportschuhe kinder draußen;;;sportschuhe;suggest
sportschuhe kinder hallenschuhe;;;sportschuhe;suggest
sportschuhe kinder helle sohle;;;sportschuhe;suggest
sportschuhe kinder jungen;;;sportschuhe;suggest
sportschuhe kinder mädchen;;;sportschuhe;suggest
sportschuhe kinder weiße sohle;;;sportschuhe;suggest
sportschuhe schweiz;;;sportschuhe;suggest
sportschuhe schweiz q;;;sportschuhe;suggest
sportschuhe schweizer hersteller;;;sportschuhe;suggest
sportschuhe schweizer marke;;;sportschuhe;suggest
springseil erwachsene;;;springseil;suggest
springseil kaufen;;;springseil;suggest
springseil kaufen schweiz;;;springseil;suggest
springseil kaufen tedi;;;springseil;suggest
springseil kaufen worauf achten;;;springseil;suggest
springseil kinder;;;springseil;suggest
springseil mit gewicht;;;springseil;suggest
springseil schweiz;;;springseil;suggest
springseil schweizerdeutsch;;;springseil;suggest
springseil training;;;springseil;suggest
springseile;;;springseil;suggest
handy stativ schweiz;;;stativ;suggest
stativ für fernrohr;;;stativ;suggest
stativ für handy;;;stativ;suggest
stativ handy;;;stativ;suggest
stativ kamera;;;stativ;suggest
stativ kaufen;;;stativ;suggest
stativ kaufen handy;;;stativ;suggest
stativ kaufen kamera;;;stativ;suggest
stativ kaufen schweiz;;;stativ;suggest
stativ schweiz;;;stativ;suggest
stative;;;stativ;suggest
stative verbs;;;stativ;suggest
stativkopf;;;stativ;suggest
stehlampe büro;;;stehlampe;suggest
stehlampe dimmbar schweiz;;;stehlampe;suggest
stehlampe holz schweiz;;;stehlampe;suggest
stehlampe kaufen;;;stehlampe;suggest
stehlampe kaufen günstig;;;stehlampe;suggest
stehlampe kaufen schweiz;;;stehlampe;suggest
stehlampe schlafzimmer;;;stehlampe;suggest
stehlampe schwarz;;;stehlampe;suggest
stehlampe schweiz;;;stehlampe;suggest
stehlampe schweiz kaufen;;;stehlampe;suggest
stehlampe schweizer designer;;;stehlampe;suggest
stehlampe schweizer hersteller;;;stehlampe;suggest
stehlampe wohnzimmer schweiz;;;stehlampe;suggest
stehlampen;;;stehlampe;suggest
pococo sternenhimmel projektor kaufen;;;sternenhimmel projektor;suggest
sternenhimmel projektor astronaut;;;sternenhimmel projektor;suggest
sternenhimmel projektor baby;;;sternenhimmel projektor;suggest
sternenhimmel projektor erwachsene;;;sternenhimmel projektor;suggest
sternenhimmel projektor im laden kaufen;;;sternenhimmel projektor;suggest
sternenhimmel projektor kaufen;;;sternenhimmel projektor;suggest
sternenhimmel projektor kaufen schweiz;;;sternenhimmel projektor;suggest
sternenhimmel projektor kinder;;;sternenhimmel projektor;suggest
sternenhimmel projektor professionell;;;sternenhimmel projektor;suggest
sternenhimmel projektor schweiz;;;sternenhimmel projektor;suggest
cowboystiefel schweiz;;;stiefel;suggest
overknee stiefel schweiz;;;stiefel;suggest
schweizer armeestiefel;;;stiefel;suggest
stiefel damen kurz;;;stiefel;suggest
stiefel damen mit absatz;;;stiefel;suggest
stiefel damen schwarz;;;stiefel;suggest
stiefel damen schwarz mit absatz;;;stiefel;suggest
stiefel damen schweiz;;;stiefel;suggest
stiefel herren;;;stiefel;suggest
stiefel herren leder;;;stiefel;suggest
stiefel herren schwarz;;;stiefel;suggest
stiefel herren wasserdicht;;;stiefel;suggest
stiefel herren winter;;;stiefel;suggest
stiefel kaufen;;;stiefel;suggest
stiefel kaufen damen;;;stiefel;suggest
stiefel kaufen herren;;;stiefel;suggest
stiefel kaufen schweiz;;;stiefel;suggest
stiefel kinder;;;stiefel;suggest
stiefel kinder 32;;;stiefel;suggest
stiefel kinder 37;;;stiefel;suggest
stiefel kinder breite füße;;;stiefel;suggest
stiefel kinder gefüttert;;;stiefel;suggest
stiefel kinder herbst;;;stiefel;suggest
stiefel kinder jungen;;;stiefel;suggest
stiefel kinder mädchen;;;stiefel;suggest
stiefel schweiz;;;stiefel;suggest
stiefel schweizer marke;;;stiefel;suggest
stiefel store schweiz;;;stiefel;suggest
stiefelchnächt;;;stiefel;suggest
stiefelette;;;stiefel;suggest
stiefelknecht;;;stiefel;suggest
stiefelknecht bar;;;stiefel;suggest
stifel schweiz ag;;;stiefel;suggest
gabor stiefeletten kaufen;;;stiefeletten;suggest
gabor stiefeletten schweiz;;;stiefeletten;suggest
paul green stiefeletten schweiz;;;stiefeletten;suggest
rieker stiefeletten schweiz;;;stiefeletten;suggest
rote stiefeletten kaufen;;;stiefeletten;suggest
stiefeletten beige;;;stiefeletten;suggest
stiefeletten damen cognac;;;stiefeletten;suggest
stiefeletten damen elegant;;;stiefeletten;suggest
stiefeletten damen mit kleinem absatz;;;stiefeletten;suggest
stiefeletten damen schweiz;;;stiefeletten;suggest
stiefeletten günstig kaufen;;;stiefeletten;suggest
stiefeletten herren;;;stiefeletten;suggest
stiefeletten herren leder;;;stiefeletten;suggest
stiefeletten herren mit reißverschluss;;;stiefeletten;suggest
stiefeletten herren reiten;;;stiefeletten;suggest
stiefeletten herren schwarz;;;stiefeletten;suggest
stiefeletten herren schwarz leder;;;stiefeletten;suggest
stiefeletten herren wildleder;;;stiefeletten;suggest
stiefeletten kaufen;;;stiefeletten;suggest
stiefeletten kaufen damen;;;stiefeletten;suggest
stiefeletten kaufen herren;;;stiefeletten;suggest
stiefeletten kaufen schweiz;;;stiefeletten;suggest
stiefeletten kinder;;;stiefeletten;suggest
stiefeletten kinder 34;;;stiefeletten;suggest
stiefeletten kinder 35;;;stiefeletten;suggest
stiefeletten kinder junge;;;stiefeletten;suggest
stiefeletten kinder krämer;;;stiefeletten;suggest
stiefeletten kinder leder;;;stiefeletten;suggest
stiefeletten kinder mädchen;;;stiefeletten;suggest
stiefeletten kinder reiten;;;stiefeletten;suggest
stiefeletten online kaufen;;;stiefeletten;suggest
stiefeletten schweiz;;;stiefeletten;suggest
beste stirnlampe schweiz;;;stirnlampe;suggest
petzl stirnlampe schweiz;;;stirnlampe;suggest
stirnlampe joggen;;;stirnlampe;suggest
stirnlampe kaufen;;;stirnlampe;suggest
stirnlampe kaufen schweiz;;;stirnlampe;suggest
stirnlampe kinder;;;stirnlampe;suggest
stirnlampe mit rotlicht;;;stirnlampe;suggest
stirnlampe petzl;;;stirnlampe;suggest
stirnlampe schweiz;;;stirnlampe;suggest
stirnlampe schweizer armee;;;stirnlampe;suggest
baby strampler kaufen;;;strampler;suggest
baby strampler schweiz;;;strampler;suggest
seestern baby strampler kaufen;;;strampler;suggest
seestern strampler kaufen;;;strampler;suggest
stern strampler kaufen;;;strampler;suggest
strampler 56;;;strampler;suggest
strampler baby junge;;;strampler;suggest
strampler baby mädchen;;;strampler;suggest
strampler für frühchen kaufen;;;strampler;suggest
strampler günstig kaufen;;;strampler;suggest
strampler günstig online kaufen;;;strampler;suggest
strampler kaufen;;;strampler;suggest
strampler mit reißverschluss;;;strampler;suggest
strampler ohne fuß;;;strampler;suggest
strampler online kaufen;;;strampler;suggest
strampler schweiz;;;strampler;suggest
strampler wolle seide;;;strampler;suggest
strandtuch 200x200;;;strandtuch;suggest
strandtuch baumwolle;;;strandtuch;suggest
strandtuch baumwolle dünn;;;strandtuch;suggest
strandtuch dünn;;;strandtuch;suggest
strandtuch frottee;;;strandtuch;suggest
strandtuch groß;;;strandtuch;suggest
strandtuch kaufen;;;strandtuch;suggest
strandtuch kaufen barcelona;;;strandtuch;suggest
strandtuch kaufen mallorca;;;strandtuch;suggest
strandtuch kaufen schweiz;;;strandtuch;suggest
strandtuch kinder;;;strandtuch;suggest
strandtuch kinder schweiz;;;strandtuch;suggest
strandtuch microfaser;;;strandtuch;suggest
strandtuch schweiz;;;strandtuch;suggest
strandtuch xxl;;;strandtuch;suggest
strandtuch xxl schweiz;;;strandtuch;suggest
lange strickjacke kaufen;;;strickjacke;suggest
mohair strickjacke kaufen;;;strickjacke;suggest
rote strickjacke kaufen;;;strickjacke;suggest
schwarze strickjacke kaufen;;;strickjacke;suggest
strickjacke damen beige;;;strickjacke;suggest
strickjacke damen elegant;;;strickjacke;suggest
strickjacke damen kaufen schweiz;;;strickjacke;suggest
strickjacke damen kurz;;;strickjacke;suggest
strickjacke damen lang grobstrick;;;strickjacke;suggest
strickjacke damen schwarz;;;strickjacke;suggest
strickjacke damen schweiz;;;strickjacke;suggest
strickjacke herren;;;strickjacke;suggest
strickjacke herren grau;;;strickjacke;suggest
strickjacke herren mit kapuze;;;strickjacke;suggest
strickjacke herren reißverschluss;;;strickjacke;suggest
strickjacke herren schwarz;;;strickjacke;suggest
strickjacke herren schweiz;;;strickjacke;suggest
strickjacke herren sportlich;;;strickjacke;suggest
strickjacke herren tracht;;;strickjacke;suggest
strickjacke herren wolle;;;strickjacke;suggest
strickjacke kaufen;;;strickjacke;suggest
strickjacke kaufen damen;;;strickjacke;suggest
strickjacke kaufen damen sale;;;strickjacke;suggest
strickjacke kaufen herren;;;strickjacke;suggest
strickjacke kaufen schweiz;;;strickjacke;suggest
strickjacke kinder;;;strickjacke;suggest
strickjacke kinder beige;;;strickjacke;suggest
strickjacke kinder blau;;;strickjacke;suggest
strickjacke kinder jungen;;;strickjacke;suggest
strickjacke kinder mädchen;;;strickjacke;suggest
strickjacke mit reißverschluss damen;;;strickjacke;suggest
strickjacke schweiz;;;strickjacke;suggest
strickjacken;;;strickjacke;suggest
sächsische schweiz strickjacke;;;strickjacke;suggest
weiße strickjacke kaufen;;;strickjacke;suggest
earl sweatshirt schweiz;;;sweatshirt;suggest
sweatshirt bündchen kaufen;;;sweatshirt;suggest
sweatshirt damen;;;sweatshirt;suggest
sweatshirt damen gestreift;;;sweatshirt;suggest
sweatshirt damen kurzarm;;;sweatshirt;suggest
sweatshirt damen modern;;;sweatshirt;suggest
sweatshirt damen ohne kapuze;;;sweatshirt;suggest
sweatshirt damen oversize;;;sweatshirt;suggest
sweatshirt damen sale;;;sweatshirt;suggest
sweatshirt damen schwarz;;;sweatshirt;suggest
sweatshirt damen schweiz;;;sweatshirt;suggest
sweatshirt damen weiß;;;sweatshirt;suggest
sweatshirt günstig kaufen;;;sweatshirt;suggest
sweatshirt herren;;;sweatshirt;suggest
sweatshirt herren baumwolle;;;sweatshirt;suggest
sweatshirt herren grau;;;sweatshirt;suggest
sweatshirt herren mit reißverschluss;;;sweatshirt;suggest
sweatshirt herren ohne kapuze;;;sweatshirt;suggest
sweatshirt herren sale;;;sweatshirt;suggest
sweatshirt herren schwarz;;;sweatshirt;suggest
sweatshirt herren schweiz;;;sweatshirt;suggest
sweatshirt herren weiß;;;sweatshirt;suggest
sweatshirt jacke;;;sweatshirt;suggest
sweatshirt jacke kaufen;;;sweatshirt;suggest
sweatshirt kaufen;;;sweatshirt;suggest
sweatshirt kaufen damen;;;sweatshirt;suggest
sweatshirt kaufen herren;;;sweatshirt;suggest
sweatshirt kinder;;;sweatshirt;suggest
sweatshirt kinder jungen;;;sweatshirt;suggest
sweatshirt kinder mädchen;;;sweatshirt;suggest
sweatshirt kindergartenkind;;;sweatshirt;suggest
sweatshirt kleid kaufen;;;sweatshirt;suggest
sweatshirt mit reißverschluss;;;sweatshirt;suggest
sweatshirt online kaufen;;;sweatshirt;suggest
sweatshirt rätsel;;;sweatshirt;suggest
sweatshirt rätsel 6 buchstaben;;;sweatshirt;suggest
sweatshirt schweiz;;;sweatshirt;suggest
sweatshirt stoff kaufen;;;sweatshirt;suggest
sweatshirts;;;sweatshirt;suggest
t shirt kaufen kinder;;;t-shirt;suggest
t shirt schweiz fussball;;;t-shirt;suggest
t shirt schweiz herren;;;t-shirt;suggest
t shirt schweiz kinder;;;t-shirt;suggest
t shirt schweizer armee;;;t-shirt;suggest
t shirt schweizer nati;;;t-shirt;suggest
t shirt schweizer nationalmannschaft;;;t-shirt;suggest
t-shirt damen basic;;;t-shirt;suggest
t-shirt damen baumwolle;;;t-shirt;suggest
t-shirt damen kurzarm;;;t-shirt;suggest
t-shirt damen langarm;;;t-shirt;suggest
t-shirt damen sale;;;t-shirt;suggest
t-shirt damen weiß;;;t-shirt;suggest
t-shirt drucken;;;t-shirt;suggest
t-shirt frauen;;;t-shirt;suggest
t-shirt herren 10er pack;;;t-shirt;suggest
t-shirt herren baumwolle;;;t-shirt;suggest
t-shirt herren marken;;;t-shirt;suggest
t-shirt herren modern;;;t-shirt;suggest
t-shirt herren multipack;;;t-shirt;suggest
t-shirt herren sale;;;t-shirt;suggest
t-shirt herren schweiz;;;t-shirt;suggest
t-shirt herren weiß;;;t-shirt;suggest
t-shirt kaufen;;;t-shirt;suggest
t-shirt kaufen damen;;;t-shirt;suggest
t-shirt kaufen günstig;;;t-shirt;suggest
t-shirt kaufen herren;;;t-shirt;suggest
t-shirt kaufen schweiz;;;t-shirt;suggest
t-shirt kinder;;;t-shirt;suggest
t-shirt kinder jungen;;;t-shirt;suggest
t-shirt kinder mädchen;;;t-shirt;suggest
t-shirt kinder weiß;;;t-shirt;suggest
t-shirt kindergartenkind;;;t-shirt;suggest
t-shirt kindergrößen;;;t-shirt;suggest
t-shirt schweiz;;;t-shirt;suggest
t-shirt schweiz damen;;;t-shirt;suggest
t-shirt schweizer kreuz;;;t-shirt;suggest
t-shirt schweizer-kreuz damen;;;t-shirt;suggest
t-shirts;;;t-shirt;suggest
t-shirts männer;;;t-shirt;suggest
tablet kaufen;;;tablett;suggest
tablet kaufen aktion;;;tablett;suggest
tablet kaufen günstig;;;tablett;suggest
tablet kaufen schweiz;;;tablett;suggest
tablet kaufen swisscom;;;tablett;suggest
tablett schweiz;;;tablett;suggest
tagesdecke 220x240;;;tagesdecke;suggest
tagesdecke baumwolle;;;tagesdecke;suggest
tagesdecke beige;;;tagesdecke;suggest
tagesdecke bett;;;tagesdecke;suggest
tagesdecke günstig kaufen;;;tagesdecke;suggest
tagesdecke kaufen;;;tagesdecke;suggest
tagesdecke kaufen schweiz;;;tagesdecke;suggest
tagesdecke online kaufen schweiz;;;tagesdecke;suggest
tagesdecke schweiz;;;tagesdecke;suggest
tagesdecke sofa;;;tagesdecke;suggest
tagesdecken;;;tagesdecke;suggest
tasche damen;;;tasche;suggest
tasche damen klein;;;tasche;suggest
tasche damen sale;;;tasche;suggest
tasche damen schwarz;;;tasche;suggest
tasche herren;;;tasche;suggest
tasche herren arbeit;;;tasche;suggest
tasche herren business;;;tasche;suggest
tasche herren hand;;;tasche;suggest
tasche herren klein;;;tasche;suggest
tasche herren leder;;;tasche;suggest
tasche herren luxus;;;tasche;suggest
tasche herren umhängetasche;;;tasche;suggest
tasche kaufen;;;tasche;suggest
tasche kaufen damen;;;tasche;suggest
tasche kaufen leipzig;;;tasche;suggest
tasche kaufen online;;;tasche;suggest
tasche kaufen schweiz;;;tasche;suggest
tasche kinder;;;tasche;suggest
tasche kinder jungen;;;tasche;suggest
tasche kinder mädchen;;;tasche;suggest
tasche kinderfahrrad;;;tasche;suggest
tasche kindergarten;;;tasche;suggest
tasche kinderwagen;;;tasche;suggest
tasche kinderwagen griff;;;tasche;suggest
tasche kinderwagen klein;;;tasche;suggest
tasche schweiz;;;tasche;suggest
tasche schweizer armee;;;tasche;suggest
tasche schweizer armeedecke;;;tasche;suggest
tasche schweizer kreuz;;;tasche;suggest
tasche schweizer logo;;;tasche;suggest
tasche schweizer marke;;;tasche;suggest
tasche schweizerdeutsch;;;tasche;suggest
taschenrechner;;;tasche;suggest
taschenrechner online;;;tasche;suggest
taschenuhr;;;tasche;suggest
gifas taschenlampe schweizer armee;;;taschenlampe;suggest
led taschenlampe schweiz;;;taschenlampe;suggest
polizei taschenlampe schweiz;;;taschenlampe;suggest
taschenlampe 15 schweizer armee;;;taschenlampe;suggest
taschenlampe app;;;taschenlampe;suggest
taschenlampe aus;;;taschenlampe;suggest
taschenlampe ausschalten;;;taschenlampe;suggest
taschenlampe einschalten;;;taschenlampe;suggest
taschenlampe kaufen;;;taschenlampe;suggest
taschenlampe kaufen hannover;;;taschenlampe;suggest
taschenlampe kaufen schweiz;;;taschenlampe;suggest
taschenlampe schweiz;;;taschenlampe;suggest
taschenlampe schweizer armee;;;taschenlampe;suggest
taschenlampe schweizerdeutsch;;;taschenlampe;suggest
uv taschenlampe schweiz;;;taschenlampe;suggest
dunoon tassen schweiz;;;tassen;suggest
handgemachte tassen schweiz;;;tassen;suggest
keramik tassen schweiz;;;tassen;suggest
lustige tassen schweiz;;;tassen;suggest
schöne tassen schweiz;;;tassen;suggest
starbucks tassen schweiz;;;tassen;suggest
tassen bemalen;;;tassen;suggest
tassen kaufen;;;tassen;suggest
tassen kaufen günstig;;;tassen;suggest
tassen kaufen innsbruck;;;tassen;suggest
tassen kaufen schweiz;;;tassen;suggest
tassen schweiz;;;tassen;suggest
tassenregal;;;tassen;suggest
tassenwärmer;;;tassen;suggest
tastatur funktioniert nicht mehr;;;tastatur;suggest
tastatur gaming;;;tastatur;suggest
tastatur kaufen;;;tastatur;suggest
tastatur kaufen gaming;;;tastatur;suggest
tastatur kaufen kabellos;;;tastatur;suggest
tastatur kaufen mit kabel;;;tastatur;suggest
tastatur kaufen schweiz;;;tastatur;suggest
tastatur schweiz;;;tastatur;suggest
tastatur schweiz deutsch;;;tastatur;suggest
tastatur schweiz layout;;;tastatur;suggest
tastatur schweiz sonderzeichen;;;tastatur;suggest
tastatur schweiz vs deutsch;;;tastatur;suggest
tastatur schweizerdeutsch;;;tastatur;suggest
tastaturschreiben;;;tastatur;suggest
gusseisen teekanne schweiz;;;teekanne;suggest
teekanne cold tea;;;teekanne;suggest
teekanne eistee;;;teekanne;suggest
teekanne frio;;;teekanne;suggest
teekanne frio schweiz;;;teekanne;suggest
teekanne glas;;;teekanne;suggest
teekanne gusseisen;;;teekanne;suggest
teekanne hüttenzauber schweiz;;;teekanne;suggest
teekanne kalter tee;;;teekanne;suggest
teekanne kaufen;;;teekanne;suggest
teekanne kaufen glas;;;teekanne;suggest
teekanne kaufen schweiz;;;teekanne;suggest
teekanne mit sieb;;;teekanne;suggest
teekanne schweiz;;;teekanne;suggest
teekanne schweiz kaufen;;;teekanne;suggest
teekanne schweiz online shop;;;teekanne;suggest
teekanne tee;;;teekanne;suggest
teekanne tee schweiz;;;teekanne;suggest
teekanne tee schweiz kaufen;;;teekanne;suggest
türkische teekanne schweiz;;;teekanne;suggest
schweizer teppich hersteller;;;teppich;suggest
teppich 200x300 schweiz;;;teppich;suggest
teppich 300x400 schweiz;;;teppich;suggest
teppich beige;;;teppich;suggest
teppich kaufen;;;teppich;suggest
teppich kaufen günstig;;;teppich;suggest
teppich kaufen schweiz;;;teppich;suggest
teppich rund;;;teppich;suggest
teppich schweiz;;;teppich;suggest
teppich schweiz design;;;teppich;suggest
teppich schweiz günstig;;;teppich;suggest
teppich schweiz kaufen;;;teppich;suggest
teppich schweiz online;;;teppich;suggest
teppich schweizerdeutsch;;;teppich;suggest
teppich von bayeux;;;teppich;suggest
teppichreiniger;;;teppich;suggest
hamster terrarium schweiz;;;terrarium;suggest
osb terrarium schweiz;;;terrarium;suggest
terrarium 100x50x50;;;terrarium;suggest
terrarium 120x60x60;;;terrarium;suggest
terrarium 150x60x100;;;terrarium;suggest
terrarium für schildkröten;;;terrarium;suggest
terrarium kaufen;;;terrarium;suggest
terrarium kaufen 100x50x50;;;terrarium;suggest
terrarium kaufen 120x60x60;;;terrarium;suggest
terrarium kaufen 150x80x80;;;terrarium;suggest
terrarium kaufen groß;;;terrarium;suggest
terrarium kaufen schweiz;;;terrarium;suggest
terrarium messe schweiz;;;terrarium;suggest
terrarium pflanzen;;;terrarium;suggest
terrarium pflanzen schweiz;;;terrarium;suggest
terrarium rückwand;;;terrarium;suggest
terrarium schweiz;;;terrarium;suggest
terrarium schweiz kaufen;;;terrarium;suggest
terrarium shop schweiz;;;terrarium;suggest
terrarium tiere schweiz;;;terrarium;suggest
terrarium zubehör schweiz;;;terrarium;suggest
diddl thermobecher kaufen;;;thermobecher;suggest
diddl thermobecher schweiz;;;thermobecher;suggest
emsa thermobecher kaufen;;;thermobecher;suggest
kaffee thermobecher schweiz;;;thermobecher;suggest
starbucks thermobecher kaufen;;;thermobecher;suggest
thermobecher babybrei;;;thermobecher;suggest
thermobecher kaffee;;;thermobecher;suggest
thermobecher kaufen;;;thermobecher;suggest
thermobecher kaufen schweiz;;;thermobecher;suggest
thermobecher kinder;;;thermobecher;suggest
thermobecher mit strohhalm;;;thermobecher;suggest
thermobecher schweiz;;;thermobecher;suggest
thermobecher schweizer marke;;;thermobecher;suggest
thermobecher to go;;;thermobecher;suggest
thermobecher to go schweiz;;;thermobecher;suggest
kleine thermosflasche kaufen;;;thermosflasche;suggest
sigg thermosflasche kaufen;;;thermosflasche;suggest
thermosflasche 1 5 liter;;;thermosflasche;suggest
thermosflasche 1l;;;thermosflasche;suggest
thermosflasche 1l kaufen;;;thermosflasche;suggest
thermosflasche 1l schweiz;;;thermosflasche;suggest
thermosflasche 2l;;;thermosflasche;suggest
thermosflasche edelstahl kaufen;;;thermosflasche;suggest
thermosflasche günstig kaufen;;;thermosflasche;suggest
thermosflasche kaufen;;;thermosflasche;suggest
thermosflasche kaufen schweiz;;;thermosflasche;suggest
thermosflasche kinder;;;thermosflasche;suggest
thermosflasche mit strohhalm;;;thermosflasche;suggest
thermosflasche schweiz;;;thermosflasche;suggest
thermosflasche schweizer marke;;;thermosflasche;suggest
thermosflaschen;;;thermosflasche;suggest
palworld thermounterwäsche kaufen;;;thermounterwäsche;suggest
thermounterwäsche damen;;;thermounterwäsche;suggest
thermounterwäsche damen kaufen;;;thermounterwäsche;suggest
thermounterwäsche damen schweiz;;;thermounterwäsche;suggest
thermounterwäsche günstig kaufen;;;thermounterwäsche;suggest
thermounterwäsche herren;;;thermounterwäsche;suggest
thermounterwäsche herren günstig kaufen;;;thermounterwäsche;suggest
thermounterwäsche herren kaufen;;;thermounterwäsche;suggest
thermounterwäsche herren motorrad;;;thermounterwäsche;suggest
thermounterwäsche herren schweiz;;;thermounterwäsche;suggest
thermounterwäsche im laden kaufen;;;thermounterwäsche;suggest
thermounterwäsche kaufen;;;thermounterwäsche;suggest
thermounterwäsche kinder;;;thermounterwäsche;suggest
thermounterwäsche merinowolle;;;thermounterwäsche;suggest
thermounterwäsche palworld;;;thermounterwäsche;suggest
thermounterwäsche schweiz;;;thermounterwäsche;suggest
tierfigur kaufen;;;tierfigur;suggest
tierfigur und strolch;;;tierfigur;suggest
tierfiguren;;;tierfigur;suggest
tierfiguren deko;;;tierfigur;suggest
tierfiguren für den garten;;;tierfigur;suggest
tierfiguren holz;;;tierfigur;suggest
tierfiguren kinder;;;tierfigur;suggest
tierfiguren plastik;;;tierfigur;suggest
tierfiguren schleich;;;tierfigur;suggest
tierfiguren schweiz;;;tierfigur;suggest
tierfiguren set;;;tierfigur;suggest
tischdecke abwaschbar;;;tischdecke;suggest
tischdecke abwaschbar schweiz;;;tischdecke;suggest
tischdecke kaufen;;;tischdecke;suggest
tischdecke kaufen düsseldorf;;;tischdecke;suggest
tischdecke kaufen schweiz;;;tischdecke;suggest
tischdecke nach mass schweiz;;;tischdecke;suggest
tischdecke outdoor;;;tischdecke;suggest
tischdecke oval kaufen schweiz;;;tischdecke;suggest
tischdecke plastik;;;tischdecke;suggest
tischdecke rund;;;tischdecke;suggest
tischdecke rund schweiz;;;tischdecke;suggest
tischdecke schweiz;;;tischdecke;suggest
tischdecke schweizerkreuz;;;tischdecke;suggest
tischdecke transparent schweiz;;;tischdecke;suggest
tischdecke weihnachten schweiz;;;tischdecke;suggest
tischdeckenbeschwerer;;;tischdecke;suggest
wachstuch tischdecke schweiz;;;tischdecke;suggest
akku tischlampe schweiz;;;tischlampe;suggest
antike tischlampe kaufen;;;tischlampe;suggest
led tischlampe schweiz;;;tischlampe;suggest
poldina pro tischlampe schweiz;;;tischlampe;suggest
solar tischlampe schweiz;;;tischlampe;suggest
tischlampe akku;;;tischlampe;suggest
tischlampe dimmbar;;;tischlampe;suggest
tischlampe günstig kaufen;;;tischlampe;suggest
tischlampe kabellos schweiz;;;tischlampe;suggest
tischlampe kaufen;;;tischlampe;suggest
tischlampe kaufen schweiz;;;tischlampe;suggest
tischlampe led;;;tischlampe;suggest
tischlampe outdoor;;;tischlampe;suggest
tischlampe schweiz;;;tischlampe;suggest
tischlampe vintage;;;tischlampe;suggest
tischlampen;;;tischlampe;suggest
bester toaster schweiz;;;toaster;suggest
smeg toaster schweiz;;;toaster;suggest
toaster kaufen;;;toaster;suggest
toaster kaufen günstig;;;toaster;suggest
toaster kaufen schweiz;;;toaster;suggest
toaster schweiz;;;toaster;suggest
toaster schweiz kaufen;;;toaster;suggest
toaster schweizer hersteller;;;toaster;suggest
toaster schweizer stecker;;;toaster;suggest
toaster smeg;;;toaster;suggest
bonding top kaufen;;;top;suggest
steico top kaufen;;;top;suggest
top beleber kaufen legenden za;;;top;suggest
top damen;;;top;suggest
top damen baumwolle;;;top;suggest
top damen elegant;;;top;suggest
top damen locker;;;top;suggest
top damen schwarz;;;top;suggest
top damen sommer elegant;;;top;suggest
top damen spitze;;;top;suggest
top damen weiß;;;top;suggest
top gun;;;top;suggest
top herren;;;top;suggest
top herren parfum;;;top;suggest
top herren parfum sommer;;;top;suggest
top herrendüfte;;;top;suggest
top herrenuhren;;;top;suggest
top jugendticket kaufen;;;top;suggest
top jugendticket kaufen online;;;top;suggest
top kaufen;;;top;suggest
top kaufen damen;;;top;suggest
top kinder;;;top;suggest
top kinderwagen;;;top;suggest
top schweiz;;;top;suggest
top schweizer aktien;;;top;suggest
top schweizer influencer;;;top;suggest
top schweizer namen;;;top;suggest
top schweizer podcasts;;;top;suggest
top schweizer uhren;;;top;suggest
top schweizer uhrenmarken;;;top;suggest
top schweizer unternehmen;;;top;suggest
top ticket kaufen;;;top;suggest
topcard;;;top;suggest
topcc aktionen;;;top;suggest
topinambur;;;top;suggest
topshop;;;top;suggest
tri top kaufen;;;top;suggest
alo tote bag kaufen;;;tote bag;suggest
coach city tote bag schweiz;;;tote bag;suggest
marc jacobs tote bag schweiz;;;tote bag;suggest
tote bag damen;;;tote bag;suggest
tote bag deutsch;;;tote bag;suggest
tote bag günstig kaufen;;;tote bag;suggest
tote bag kaufen;;;tote bag;suggest
tote bag kaufen schweiz;;;tote bag;suggest
tote bag leder;;;tote bag;suggest
tote bag marc jacobs;;;tote bag;suggest
tote bag schweiz;;;tote bag;suggest
tote bag shopper;;;tote bag;suggest
tote bag tasche;;;tote bag;suggest
faltbare trekkingstöcke kaufen;;;trekkingstöcke;suggest
trekkingstöcke am rucksack befestigen;;;trekkingstöcke;suggest
trekkingstöcke faltbar ultraleicht;;;trekkingstöcke;suggest
trekkingstöcke günstig kaufen;;;trekkingstöcke;suggest
trekkingstöcke kaufen;;;trekkingstöcke;suggest
trekkingstöcke leki;;;trekkingstöcke;suggest
trekkingstöcke ultraleicht;;;trekkingstöcke;suggest
trikot kaufen;;;trikot;suggest
trikot kaufen günstig;;;trikot;suggest
trikot kaufen schweiz;;;trikot;suggest
trikot schweiz;;;trikot;suggest
trikot schweiz damen;;;trikot;suggest
trikot schweiz kaufen;;;trikot;suggest
trikot schweiz torwart;;;trikot;suggest
trikot schweiz weiss;;;trikot;suggest
trikot schweizer nati;;;trikot;suggest
trikot schweizer nationalmannschaft;;;trikot;suggest
trikot spanien;;;trikot;suggest
trikots;;;trikot;suggest
trinkflasche 1l;;;trinkflasche;suggest
trinkflasche edelstahl;;;trinkflasche;suggest
trinkflasche glas;;;trinkflasche;suggest
trinkflasche kaufen;;;trinkflasche;suggest
trinkflasche kaufen edelstahl;;;trinkflasche;suggest
trinkflasche kaufen graz;;;trinkflasche;suggest
trinkflasche kaufen schweiz;;;trinkflasche;suggest
trinkflasche kinder edelstahl;;;trinkflasche;suggest
trinkflasche schweiz;;;trinkflasche;suggest
trinkflasche schweiz höhle der löwen;;;trinkflasche;suggest
trinkflasche schweiz sigg;;;trinkflasche;suggest
trinkflasche schweizer armee;;;trinkflasche;suggest
trinkflasche schweizer hersteller;;;trinkflasche;suggest
trinkflasche schweizer marke;;;trinkflasche;suggest
trinkflasche schweizer nati;;;trinkflasche;suggest
trinkflasche schweizerkreuz;;;trinkflasche;suggest
schweizer turnschuhe damen;;;turnschuhe;suggest
schweizer turnschuhe herren;;;turnschuhe;suggest
turnschuhe damen;;;turnschuhe;suggest
turnschuhe damen sale;;;turnschuhe;suggest
turnschuhe damen schwarz;;;turnschuhe;suggest
turnschuhe damen schweizer marke;;;turnschuhe;suggest
turnschuhe damen weiß;;;turnschuhe;suggest
turnschuhe herren;;;turnschuhe;suggest
turnschuhe herren hoch;;;turnschuhe;suggest
turnschuhe herren mit klettverschluss;;;turnschuhe;suggest
turnschuhe herren sale;;;turnschuhe;suggest
turnschuhe herren schwarz;;;turnschuhe;suggest
turnschuhe herren weiß;;;turnschuhe;suggest
turnschuhe kaufen;;;turnschuhe;suggest
turnschuhe kaufen damen;;;turnschuhe;suggest
turnschuhe kaufen herren;;;turnschuhe;suggest
turnschuhe kaufen online;;;turnschuhe;suggest
turnschuhe kaufen schweiz;;;turnschuhe;suggest
turnschuhe kinder;;;turnschuhe;suggest
turnschuhe kinder für halle;;;turnschuhe;suggest
turnschuhe kinder helle sohle;;;turnschuhe;suggest
turnschuhe kinder jungen;;;turnschuhe;suggest
turnschuhe kinder mädchen;;;turnschuhe;suggest
turnschuhe kinder weiße sohle;;;turnschuhe;suggest
turnschuhe kindergarten;;;turnschuhe;suggest
turnschuhe schweiz;;;turnschuhe;suggest
turnschuhe schweiz qc;;;turnschuhe;suggest
turnschuhe schweizer fabrikat;;;turnschuhe;suggest
turnschuhe schweizer firma;;;turnschuhe;suggest
turnschuhe schweizer marke;;;turnschuhe;suggest
uhr damen cartier;;;uhr;suggest
uhr damen elegant;;;uhr;suggest
uhr damen gold;;;uhr;suggest
uhr damen lederarmband;;;uhr;suggest
uhr damen silber;;;uhr;suggest
uhr damen smartwatch;;;uhr;suggest
uhr damen sport;;;uhr;suggest
uhr herren;;;uhr;suggest
uhr herren automatik;;;uhr;suggest
uhr herren boss;;;uhr;suggest
uhr herren gold;;;uhr;suggest
uhr herren luxus;;;uhr;suggest
uhr herren rado;;;uhr;suggest
uhr herren sale;;;uhr;suggest
uhr herren silber;;;uhr;suggest
uhr kaufen;;;uhr;suggest
uhr kaufen damen;;;uhr;suggest
uhr kaufen günstig;;;uhr;suggest
uhr kaufen herren;;;uhr;suggest
uhr kaufen schweiz;;;uhr;suggest
uhr kaufen schweiz günstig;;;uhr;suggest
uhr kinder;;;uhr;suggest
uhr kinder digital;;;uhr;suggest
uhr kinder gps;;;uhr;suggest
uhr kinder lernen;;;uhr;suggest
uhr kinder mädchen;;;uhr;suggest
uhr kinder telefon;;;uhr;suggest
uhr kinder telefonieren;;;uhr;suggest
uhr kinderzimmer;;;uhr;suggest
uhr schweiz;;;uhr;suggest
uhr schweiz damen;;;uhr;suggest
uhr schweiz kaufen;;;uhr;suggest
uhr schweiz online;;;uhr;suggest
uhr schweiz online mit sekunden;;;uhr;suggest
uhr schweiz sekunden;;;uhr;suggest
uhr schweizer armee;;;uhr;suggest
uhr schweizer bahnhof;;;uhr;suggest
uhr schweizer marke;;;uhr;suggest
uhr schweizerdeutsch;;;uhr;suggest
uhrzeit;;;uhr;suggest
uhrzeit malaysia;;;uhr;suggest
uhrzeit mit sekunden;;;uhr;suggest
uhrzeit new york;;;uhr;suggest
uhrzeit schweiz;;;uhr;suggest
uhrzeit vancouver;;;uhr;suggest
breitling uhrenbox kaufen;;;uhrenbox;suggest
cartier uhrenbox kaufen;;;uhrenbox;suggest
iwc uhrenbox kaufen;;;uhrenbox;suggest
uhrenbox 12 uhren;;;uhrenbox;suggest
uhrenbox 3 uhren;;;uhrenbox;suggest
uhrenbox 6 uhren;;;uhrenbox;suggest
uhrenbox für automatikuhren;;;uhrenbox;suggest
uhrenbox günstig kaufen;;;uhrenbox;suggest
uhrenbox herren;;;uhrenbox;suggest
uhrenbox holz;;;uhrenbox;suggest
uhrenbox kaufen;;;uhrenbox;suggest
uhrenbox kaufen schweiz;;;uhrenbox;suggest
uhrenbox leder;;;uhrenbox;suggest
uhrenbox schweiz;;;uhrenbox;suggest
uhrenboxen;;;uhrenbox;suggest
aktiver usb hub kaufen;;;usb hub;suggest
usb c hub kaufen;;;usb hub;suggest
usb hub 3.0;;;usb hub;suggest
usb hub 3.0 kaufen;;;usb hub;suggest
usb hub aktiv;;;usb hub;suggest
usb hub günstig kaufen;;;usb hub;suggest
usb hub kaufen;;;usb hub;suggest
usb hub langes kabel;;;usb hub;suggest
usb hub mit hdmi;;;usb hub;suggest
usb hub mit netzteil;;;usb hub;suggest
usb hub mit netzteil kaufen;;;usb hub;suggest
usb hub mit stromversorgung;;;usb hub;suggest
usb hub schweiz;;;usb hub;suggest
usb hub switch;;;usb hub;suggest
welchen usb hub kaufen;;;usb hub;suggest
usb stick 128 gb;;;usb stick;suggest
usb stick 1tb;;;usb stick;suggest
usb stick formatieren;;;usb stick;suggest
usb stick günstig kaufen schweiz;;;usb stick;suggest
usb stick in die schweiz schicken;;;usb stick;suggest
usb stick kaufen;;;usb stick;suggest
usb stick kaufen rewe;;;usb stick;suggest
usb stick kaufen schweiz;;;usb stick;suggest
usb stick schweiz;;;usb stick;suggest
usb stick wird nicht erkannt;;;usb stick;suggest
glas vase schweiz;;;vase;suggest
keramik vase schweiz;;;vase;suggest
vase kaufen;;;vase;suggest
vase kaufen glas;;;vase;suggest
vase schweiz;;;vase;suggest
vasectomy;;;vase;suggest
vasectomy deutsch;;;vase;suggest
vasektomie;;;vase;suggest
vasektomie kosten schweiz;;;vase;suggest
vaseline;;;vase;suggest
bester ventilator schweiz;;;ventilator;suggest
ventilator kaufen;;;ventilator;suggest
ventilator kaufen günstig;;;ventilator;suggest
ventilator kaufen schweiz;;;ventilator;suggest
ventilator schweiz;;;ventilator;suggest
ventilator schweiz kaufen;;;ventilator;suggest
ventilator schweizer firma;;;ventilator;suggest
ventilator schweizer hersteller;;;ventilator;suggest
ventilator schweizer marke;;;ventilator;suggest
ventilatoren;;;ventilator;suggest
verlobungsring cartier;;;verlobungsring;suggest
verlobungsring gold schweiz;;;verlobungsring;suggest
verlobungsring kaufen;;;verlobungsring;suggest
verlobungsring kaufen schweiz;;;verlobungsring;suggest
verlobungsring links oder rechts;;;verlobungsring;suggest
verlobungsring schweiz;;;verlobungsring;suggest
verlobungsring schweiz finger;;;verlobungsring;suggest
verlobungsring schweiz hand;;;verlobungsring;suggest
verlobungsring schweiz kaufen;;;verlobungsring;suggest
verlobungsring schweiz kosten;;;verlobungsring;suggest
verlobungsring schweiz links oder rechts;;;verlobungsring;suggest
verlobungsring schweiz preis;;;verlobungsring;suggest
verlobungsring schweiz wo tragen;;;verlobungsring;suggest
verlobungsring silber;;;verlobungsring;suggest
verlobungsringe;;;verlobungsring;suggest
verlobungsringe schweiz;;;verlobungsring;suggest
eric schweizer vogelhaus;;;vogelhaus;suggest
vogelhaus bauen;;;vogelhaus;suggest
vogelhaus kaufen;;;vogelhaus;suggest
vogelhaus kaufen günstig;;;vogelhaus;suggest
vogelhaus kaufen nabu;;;vogelhaus;suggest
vogelhaus kaufen schweiz;;;vogelhaus;suggest
vogelhaus mit kamera;;;vogelhaus;suggest
vogelhaus mit kamera schweiz;;;vogelhaus;suggest
vogelhaus mit ständer schweiz;;;vogelhaus;suggest
vogelhaus schweiz;;;vogelhaus;suggest
vogelhaus schweiz kaufen;;;vogelhaus;suggest
vogelhaus schweizer holz;;;vogelhaus;suggest
vogelhaus selber bauen;;;vogelhaus;suggest
vogelhaus zum bemalen;;;vogelhaus;suggest
vogelkäfig deko;;;vogelkäfig;suggest
vogelkäfig deko kaufen schweiz;;;vogelkäfig;suggest
vogelkäfig groß;;;vogelkäfig;suggest
vogelkäfig kaufen;;;vogelkäfig;suggest
vogelkäfig kaufen futterhaus;;;vogelkäfig;suggest
vogelkäfig kaufen schweiz;;;vogelkäfig;suggest
vogelkäfig klein;;;vogelkäfig;suggest
vogelkäfig schweiz;;;vogelkäfig;suggest
outdoor vorhang schweiz;;;vorhang;suggest
vorhang kaufen;;;vorhang;suggest
vorhang kaufen graz;;;vorhang;suggest
vorhang kaufen online;;;vorhang;suggest
vorhang kaufen schweiz;;;vorhang;suggest
vorhang mit gleiter;;;vorhang;suggest
vorhang schweiz;;;vorhang;suggest
vorhang schweiz bonstetten;;;vorhang;suggest
vorhang schweiz ch;;;vorhang;suggest
vorhang schweiz kaufen;;;vorhang;suggest
vorhang schweizer falte;;;vorhang;suggest
vorhangbox;;;vorhang;suggest
vorhanggleiter;;;vorhang;suggest
vorhangschiene;;;vorhang;suggest
vorhangstange;;;vorhang;suggest
vorhangstange ohne bohren;;;vorhang;suggest
vorhangstange zum einklemmen;;;vorhang;suggest
emsa vorratsdosen kaufen;;;vorratsdosen;suggest
mepal vorratsdosen kaufen;;;vorratsdosen;suggest
mepal vorratsdosen schweiz;;;vorratsdosen;suggest
rotho vorratsdosen kaufen;;;vorratsdosen;suggest
tupperware vorratsdosen kaufen;;;vorratsdosen;suggest
vorratsdosen glas;;;vorratsdosen;suggest
vorratsdosen glas kaufen;;;vorratsdosen;suggest
vorratsdosen glas schweiz;;;vorratsdosen;suggest
vorratsdosen günstig kaufen;;;vorratsdosen;suggest
vorratsdosen kaufen;;;vorratsdosen;suggest
vorratsdosen kaufen schweiz;;;vorratsdosen;suggest
vorratsdosen luftdicht;;;vorratsdosen;suggest
vorratsdosen online kaufen;;;vorratsdosen;suggest
vorratsdosen schweiz;;;vorratsdosen;suggest
vorratsdosen set;;;vorratsdosen;suggest
vorratsdosen set kaufen;;;vorratsdosen;suggest
invirto vr brille kaufen;;;vr brille;suggest
steam vr brille kaufen;;;vr brille;suggest
vr brille jochen schweizer;;;vr brille;suggest
vr brille kaufen;;;vr brille;suggest
vr brille kaufen günstig;;;vr brille;suggest
vr brille kaufen meta quest 3;;;vr brille;suggest
vr brille kaufen pc;;;vr brille;suggest
vr brille kaufen schweiz;;;vr brille;suggest
vr brille meta quest 3;;;vr brille;suggest
vr brille pc;;;vr brille;suggest
vr brille schweiz;;;vr brille;suggest
vr brille spiele;;;vr brille;suggest
grosses wandbild kaufen;;;wandbild;suggest
led wandbild schweiz;;;wandbild;suggest
moos wandbild kaufen;;;wandbild;suggest
wandbild beige;;;wandbild;suggest
wandbild günstig kaufen;;;wandbild;suggest
wandbild kaufen;;;wandbild;suggest
wandbild kaufen online;;;wandbild;suggest
wandbild kaufen schweiz;;;wandbild;suggest
wandbild leinwand kaufen;;;wandbild;suggest
wandbild schweiz;;;wandbild;suggest
wandbild schweizer alpen;;;wandbild;suggest
wandbild schweizer berge;;;wandbild;suggest
wandbild selber gestalten;;;wandbild;suggest
wandbild sächsische schweiz;;;wandbild;suggest
wandbild wohnzimmer kaufen;;;wandbild;suggest
wandbilder kaufen;;;wandbild;suggest
wandbilder kinderzimmer;;;wandbild;suggest
wandbilder mit rahmen;;;wandbild;suggest
wandbilder schlafzimmer;;;wandbild;suggest
wandbilder wohnzimmer modern;;;wandbild;suggest
boho wanddeko kaufen;;;wanddeko;suggest
makramee wanddeko kaufen;;;wanddeko;suggest
wanddeko babyzimmer;;;wanddeko;suggest
wanddeko boho;;;wanddeko;suggest
wanddeko günstig kaufen;;;wanddeko;suggest
wanddeko holz;;;wanddeko;suggest
wanddeko holz kaufen;;;wanddeko;suggest
wanddeko holz schweiz;;;wanddeko;suggest
wanddeko kaufen;;;wanddeko;suggest
wanddeko kaufen schweiz;;;wanddeko;suggest
wanddeko kinderzimmer;;;wanddeko;suggest
wanddeko metall;;;wanddeko;suggest
wanddeko metall schweiz;;;wanddeko;suggest
wanddeko online kaufen;;;wanddeko;suggest
wanddeko outdoor;;;wanddeko;suggest
wanddeko schlafzimmer;;;wanddeko;suggest
wanddeko schweiz;;;wanddeko;suggest
wanddeko.metall kaufen;;;wanddeko;suggest
wanddekoration ideen;;;wanddeko;suggest
wanderrucksack 20 liter;;;wanderrucksack;suggest
wanderrucksack 30l;;;wanderrucksack;suggest
wanderrucksack baby;;;wanderrucksack;suggest
wanderrucksack damen schweiz;;;wanderrucksack;suggest
wanderrucksack herren;;;wanderrucksack;suggest
wanderrucksack herren schweiz;;;wanderrucksack;suggest
wanderrucksack kaufen;;;wanderrucksack;suggest
wanderrucksack kaufen hannover;;;wanderrucksack;suggest
wanderrucksack kaufen nürnberg;;;wanderrucksack;suggest
wanderrucksack kaufen schweiz;;;wanderrucksack;suggest
wanderrucksack kaufen was beachten;;;wanderrucksack;suggest
wanderrucksack kinder;;;wanderrucksack;suggest
wanderrucksack klein;;;wanderrucksack;suggest
wanderrucksack schweiz;;;wanderrucksack;suggest
wanderrucksack schweizer marke;;;wanderrucksack;suggest
beste wanderschuhe schweiz;;;wanderschuhe;suggest
schweizer wanderschuhe damen;;;wanderschuhe;suggest
schweizer wanderschuhe herren;;;wanderschuhe;suggest
wanderschuhe damen;;;wanderschuhe;suggest
wanderschuhe damen la sportiva;;;wanderschuhe;suggest
wanderschuhe damen sale;;;wanderschuhe;suggest
wanderschuhe damen schwarz;;;wanderschuhe;suggest
wanderschuhe herren;;;wanderschuhe;suggest
wanderschuhe herren aktion;;;wanderschuhe;suggest
wanderschuhe herren sale;;;wanderschuhe;suggest
wanderschuhe kaufen;;;wanderschuhe;suggest
wanderschuhe kaufen schweiz;;;wanderschuhe;suggest
wanderschuhe kinder;;;wanderschuhe;suggest
wanderschuhe kinder 26;;;wanderschuhe;suggest
wanderschuhe kinder größe 25;;;wanderschuhe;suggest
wanderschuhe kinder sale;;;wanderschuhe;suggest
wanderschuhe kinder wasserdicht;;;wanderschuhe;suggest
wanderschuhe schweiz;;;wanderschuhe;suggest
wanderschuhe schweiz kaufen;;;wanderschuhe;suggest
wanderschuhe schweizer marke;;;wanderschuhe;suggest
kleines wandregal kaufen;;;wandregal;suggest
schwebendes wandregal schweizer kante;;;wandregal;suggest
wandregal eiche;;;wandregal;suggest
wandregal eiche schweizer kante;;;wandregal;suggest
wandregal günstig kaufen;;;wandregal;suggest
wandregal holz schweiz;;;wandregal;suggest
wandregal holz schweizer kante;;;wandregal;suggest
wandregal kaufen;;;wandregal;suggest
wandregal kaufen holz;;;wandregal;suggest
wandregal kaufen schweiz;;;wandregal;suggest
wandregal kaufen weiß;;;wandregal;suggest
wandregal kinderzimmer;;;wandregal;suggest
wandregal metall;;;wandregal;suggest
wandregal mit schublade;;;wandregal;suggest
wandregal nach mass schweiz;;;wandregal;suggest
wandregal online kaufen;;;wandregal;suggest
wandregal schwarz;;;wandregal;suggest
wandregal schweiz;;;wandregal;suggest
wandregal schweizer kante;;;wandregal;suggest
wandregale;;;wandregal;suggest
schweiz wanduhr rätsel;;;wanduhr;suggest
schweizerisch wanduhr 3 buchstaben;;;wanduhr;suggest
wanduhr digital;;;wanduhr;suggest
wanduhr gross schweiz;;;wanduhr;suggest
wanduhr groß;;;wanduhr;suggest
wanduhr holz;;;wanduhr;suggest
wanduhr holz schweiz;;;wanduhr;suggest
wanduhr kaufen;;;wanduhr;suggest
wanduhr kaufen holz;;;wanduhr;suggest
wanduhr kaufen online;;;wanduhr;suggest
wanduhr kaufen schweiz;;;wanduhr;suggest
wanduhr kinder;;;wanduhr;suggest
wanduhr modern;;;wanduhr;suggest
wanduhr schweiz;;;wanduhr;suggest
wanduhr schweiz kaufen;;;wanduhr;suggest
wanduhr schweizer bahn;;;wanduhr;suggest
wanduhr schweizer bahnhofsuhr;;;wanduhr;suggest
wanduhr schweizerdeutsch;;;wanduhr;suggest
wanduhr schweizerisch;;;wanduhr;suggest
wanduhr speziell;;;wanduhr;suggest
wanduhr vintage;;;wanduhr;suggest
wanduhren;;;wanduhr;suggest
bester wasserkocher schweiz;;;wasserkocher;suggest
wasserkocher entkalken;;;wasserkocher;suggest
wasserkocher kaufen;;;wasserkocher;suggest
wasserkocher kaufen günstig;;;wasserkocher;suggest
wasserkocher kaufen schweiz;;;wasserkocher;suggest
wasserkocher klein;;;wasserkocher;suggest
wasserkocher mit temperaturwahl;;;wasserkocher;suggest
wasserkocher schweiz;;;wasserkocher;suggest
wasserkocher schweiz kaufen;;;wasserkocher;suggest
wasserkocher schweizer hersteller;;;wasserkocher;suggest
wasserkocher schweizer produkt;;;wasserkocher;suggest
wasserkocher schweizer stecker;;;wasserkocher;suggest
wasserkocher smeg;;;wasserkocher;suggest
webcam barcelona;;;webcam;suggest
webcam engadin;;;webcam;suggest
webcam kaufen;;;webcam;suggest
webcam kaufen 4k;;;webcam;suggest
webcam kaufen günstig;;;webcam;suggest
webcam kaufen outdoor;;;webcam;suggest
webcam kaufen pc;;;webcam;suggest
webcam pilatus;;;webcam;suggest
webcam schweiz;;;webcam;suggest
webcam schweiz app;;;webcam;suggest
webcam schweiz autobahn;;;webcam;suggest
webcam schweiz berge;;;webcam;suggest
webcam schweiz karte;;;webcam;suggest
webcam schweiz live;;;webcam;suggest
webcam schweiz mittelland;;;webcam;suggest
webcam schweiz sonnenfinsternis;;;webcam;suggest
webcam schweizerhalle;;;webcam;suggest
webcam st moritz;;;webcam;suggest
webcam säntis;;;webcam;suggest
webcam zermatt;;;webcam;suggest
hatch wecker schweiz;;;wecker;suggest
holz wecker schweiz;;;wecker;suggest
konstantin wecker schweiz;;;wecker;suggest
telefon weckdienst schweiz;;;wecker;suggest
wecker app;;;wecker;suggest
wecker armband schweiz;;;wecker;suggest
wecker digital;;;wecker;suggest
wecker kaufen;;;wecker;suggest
wecker kaufen schweiz;;;wecker;suggest
wecker kinder schweiz;;;wecker;suggest
wecker mit licht;;;wecker;suggest
wecker online;;;wecker;suggest
wecker schweiz;;;wecker;suggest
wecker schweiz kaufen;;;wecker;suggest
wecker schweizer uhrwerk;;;wecker;suggest
günstige weihnachtsdeko schweiz;;;weihnachtsdeko;suggest
weihnachtsdeko aussen schweiz;;;weihnachtsdeko;suggest
weihnachtsdeko basteln;;;weihnachtsdeko;suggest
weihnachtsdeko kaufen;;;weihnachtsdeko;suggest
weihnachtsdeko kaufen günstig;;;weihnachtsdeko;suggest
weihnachtsdeko kaufen holland;;;weihnachtsdeko;suggest
weihnachtsdeko kaufen nrw;;;weihnachtsdeko;suggest
weihnachtsdeko kaufen online;;;weihnachtsdeko;suggest
weihnachtsdeko kaufen schweiz;;;weihnachtsdeko;suggest
weihnachtsdeko ottos schweiz;;;weihnachtsdeko;suggest
weihnachtsdeko outlet;;;weihnachtsdeko;suggest
weihnachtsdeko sale;;;weihnachtsdeko;suggest
weihnachtsdeko schweiz;;;weihnachtsdeko;suggest
weihnachtsdeko schweiz kaufen;;;weihnachtsdeko;suggest
weihnachtsdeko schweiz online;;;weihnachtsdeko;suggest
kleines weinregal kaufen;;;weinregal;suggest
weinregal günstig kaufen;;;weinregal;suggest
weinregal holz;;;weinregal;suggest
weinregal holz schweiz;;;weinregal;suggest
weinregal kaufen;;;weinregal;suggest
weinregal kaufen holz;;;weinregal;suggest
weinregal kaufen schweiz;;;weinregal;suggest
weinregal keller;;;weinregal;suggest
weinregal klein;;;weinregal;suggest
weinregal metall;;;weinregal;suggest
weinregal metall schweiz;;;weinregal;suggest
weinregal online kaufen;;;weinregal;suggest
weinregal schweiz;;;weinregal;suggest
weinregal schweiz kaufen;;;weinregal;suggest
weinregal stein;;;weinregal;suggest
weinregal wand;;;weinregal;suggest
bgs werkzeug schweiz;;;werkzeug;suggest
condor werkzeug schweiz;;;werkzeug;suggest
leder werkzeug schweiz;;;werkzeug;suggest
schweizer werkzeug marke;;;werkzeug;suggest
schweizer werkzeughersteller;;;werkzeug;suggest
werkzeug kaufen;;;werkzeug;suggest
werkzeug kaufen hannover;;;werkzeug;suggest
werkzeug kaufen online;;;werkzeug;suggest
werkzeug kaufen schweiz;;;werkzeug;suggest
werkzeug schweiz;;;werkzeug;suggest
werkzeug schweiz einführen;;;werkzeug;suggest
werkzeug schweiz zoll;;;werkzeug;suggest
werkzeug schweizer armee;;;werkzeug;suggest
werkzeug shop schweiz;;;werkzeug;suggest
werkzeuge;;;werkzeug;suggest
werkzeugkiste;;;werkzeug;suggest
werkzeugschrank;;;werkzeug;suggest
werkzeugtasche;;;werkzeug;suggest
werkzeugwagen;;;werkzeug;suggest
werkzeugwand;;;werkzeug;suggest
bester werkzeugkoffer schweiz;;;werkzeugkoffer;suggest
werkzeugkoffer aktion;;;werkzeugkoffer;suggest
werkzeugkoffer bestückt kaufen;;;werkzeugkoffer;suggest
werkzeugkoffer günstig kaufen;;;werkzeugkoffer;suggest
werkzeugkoffer in die schweiz einführen;;;werkzeugkoffer;suggest
werkzeugkoffer kaufen;;;werkzeugkoffer;suggest
werkzeugkoffer kaufen leer;;;werkzeugkoffer;suggest
werkzeugkoffer kaufen schweiz;;;werkzeugkoffer;suggest
werkzeugkoffer kraftwerk;;;werkzeugkoffer;suggest
werkzeugkoffer leer schweiz;;;werkzeugkoffer;suggest
werkzeugkoffer mit akkuschrauber;;;werkzeugkoffer;suggest
werkzeugkoffer mit rollen;;;werkzeugkoffer;suggest
werkzeugkoffer schweiz;;;werkzeugkoffer;suggest
werkzeugkoffer technocraft;;;werkzeugkoffer;suggest
schweiz weste 5 buchstaben;;;weste;suggest
schweiz weste frz;;;weste;suggest
schweizerisch weste 5;;;weste;suggest
schweizerisch weste 5 buchstaben;;;weste;suggest
schweizerisch weste 5 buchstaben kreuzworträtsel;;;weste;suggest
schweizerisch weste kreuzworträtsel;;;weste;suggest
weste damen beige;;;weste;suggest
weste damen kurz;;;weste;suggest
weste damen lang;;;weste;suggest
weste damen leinen;;;weste;suggest
weste damen schwarz;;;weste;suggest
weste damen teddy;;;weste;suggest
weste herren;;;weste;suggest
weste herren arbeit;;;weste;suggest
weste herren elegant;;;weste;suggest
weste herren outdoor;;;weste;suggest
weste herren sale;;;weste;suggest
weste herren schwarz;;;weste;suggest
weste herren sommer;;;weste;suggest
weste herren tracht;;;weste;suggest
weste kaufen;;;weste;suggest
weste kaufen damen;;;weste;suggest
weste kaufen herren;;;weste;suggest
weste kaufen schweiz;;;weste;suggest
weste kinder;;;weste;suggest
weste kinder 104;;;weste;suggest
weste kinder jungen;;;weste;suggest
weste kinder mädchen;;;weste;suggest
weste kinder schwimmen;;;weste;suggest
weste kinder teddy;;;weste;suggest
weste kinder wolle;;;weste;suggest
weste kindergarten;;;weste;suggest
weste schweiz;;;weste;suggest
weste schweizerisch;;;weste;suggest
westerland;;;weste;suggest
westermann;;;weste;suggest
westermann schweiz;;;weste;suggest
western;;;weste;suggest
western digital;;;weste;suggest
western union;;;weste;suggest
western union schweiz;;;weste;suggest
westerwald;;;weste;suggest
fitness widerstandsbänder kaufen;;;widerstandsbänder;suggest
widerstandsbänder einzeln kaufen;;;widerstandsbänder;suggest
widerstandsbänder günstig kaufen;;;widerstandsbänder;suggest
widerstandsbänder kaufen;;;widerstandsbänder;suggest
widerstandsbänder kaufen schweiz;;;widerstandsbänder;suggest
widerstandsbänder mit griff;;;widerstandsbänder;suggest
widerstandsbänder schweiz;;;widerstandsbänder;suggest
widerstandsbänder set;;;widerstandsbänder;suggest
widerstandsbänder set kaufen;;;widerstandsbänder;suggest
widerstandsbänder übungen;;;widerstandsbänder;suggest
widerstandsbänder übungen frauen;;;widerstandsbänder;suggest
widerstandsbänder übungen pdf deutsch;;;widerstandsbänder;suggest
widerstandsbänder übungen pdf kostenlos;;;widerstandsbänder;suggest
wimpern extensions;;;wimpern;suggest
wimpern extensions schweiz;;;wimpern;suggest
wimpern färben;;;wimpern;suggest
wimpern färben schweiz;;;wimpern;suggest
wimpern kaufen;;;wimpern;suggest
wimpern kaufen für wimpernverlängerung;;;wimpern;suggest
wimpern kaufen müller;;;wimpern;suggest
wimpern kaufen schweiz;;;wimpern;suggest
wimpern machen schweiz;;;wimpern;suggest
wimpern schulung schweiz;;;wimpern;suggest
wimpern schweiz;;;wimpern;suggest
wimpern shop schweiz;;;wimpern;suggest
wimpernlifting;;;wimpern;suggest
wimpernlifting schweiz;;;wimpern;suggest
wimpernserum;;;wimpern;suggest
wimperntusche;;;wimpern;suggest
wimpernverlängerung;;;wimpern;suggest
wimpernzange;;;wimpern;suggest
windspiel basteln;;;windspiel;suggest
windspiel club schweiz;;;windspiel;suggest
windspiel garten;;;windspiel;suggest
windspiel hund;;;windspiel;suggest
windspiel hund schweiz;;;windspiel;suggest
windspiel kaufen;;;windspiel;suggest
windspiel kaufen hund;;;windspiel;suggest
windspiel kaufen schweiz;;;windspiel;suggest
windspiel metall kaufen schweiz;;;windspiel;suggest
windspiel schweiz;;;windspiel;suggest
windspiel zucht schweiz;;;windspiel;suggest
windspiele;;;windspiel;suggest
winterjacke damen elegant;;;winterjacke;suggest
winterjacke damen lang;;;winterjacke;suggest
winterjacke damen sale;;;winterjacke;suggest
winterjacke damen schwarz;;;winterjacke;suggest
winterjacke damen sportlich elegant;;;winterjacke;suggest
winterjacke damen warm;;;winterjacke;suggest
winterjacke damen warm gefüttert wasserdicht;;;winterjacke;suggest
winterjacke frauen;;;winterjacke;suggest
winterjacke herren aktion;;;winterjacke;suggest
winterjacke herren carhartt;;;winterjacke;suggest
winterjacke herren sale;;;winterjacke;suggest
winterjacke herren schweiz;;;winterjacke;suggest
winterjacke jungen;;;winterjacke;suggest
winterjacke kaufen;;;winterjacke;suggest
winterjacke kaufen damen;;;winterjacke;suggest
winterjacke kaufen herren;;;winterjacke;suggest
winterjacke kaufen schweiz;;;winterjacke;suggest
winterjacke kinder;;;winterjacke;suggest
winterjacke kinder jungen;;;winterjacke;suggest
winterjacke kinder jungen sale;;;winterjacke;suggest
winterjacke kinder jungen wasserdicht;;;winterjacke;suggest
winterjacke kinder mädchen;;;winterjacke;suggest
winterjacke kinder sale;;;winterjacke;suggest
winterjacke kinder wasserdicht;;;winterjacke;suggest
winterjacke schweiz;;;winterjacke;suggest
winterjacke schweiz damen;;;winterjacke;suggest
winterjacke schweiz kaufen;;;winterjacke;suggest
winterjacke schweizer armee;;;winterjacke;suggest
winterjacke schweizer firma;;;winterjacke;suggest
winterjacke schweizer flagge;;;winterjacke;suggest
winterjacke schweizer hersteller;;;winterjacke;suggest
winterjacke schweizer kreuz;;;winterjacke;suggest
winterjacke schweizer marke;;;winterjacke;suggest
winterjacke schweizer zeichen;;;winterjacke;suggest
winterjacken;;;winterjacke;suggest
schweizer winterschuhe damen;;;winterschuhe;suggest
schweizer winterschuhe herren;;;winterschuhe;suggest
winterschuhe baby;;;winterschuhe;suggest
winterschuhe damen elegant;;;winterschuhe;suggest
winterschuhe damen gefüttert;;;winterschuhe;suggest
winterschuhe damen rieker;;;winterschuhe;suggest
winterschuhe damen sale schweiz;;;winterschuhe;suggest
winterschuhe damen schwarz;;;winterschuhe;suggest
winterschuhe damen schweiz kaufen;;;winterschuhe;suggest
winterschuhe damen wasserdicht gefüttert;;;winterschuhe;suggest
winterschuhe herren;;;winterschuhe;suggest
winterschuhe herren gefüttert;;;winterschuhe;suggest
winterschuhe herren kaufen schweiz;;;winterschuhe;suggest
winterschuhe herren sale;;;winterschuhe;suggest
winterschuhe herren sportlich;;;winterschuhe;suggest
winterschuhe herren wasserdicht;;;winterschuhe;suggest
winterschuhe herren wasserdicht gefüttert;;;winterschuhe;suggest
winterschuhe jungs;;;winterschuhe;suggest
winterschuhe kaufen;;;winterschuhe;suggest
winterschuhe kaufen damen;;;winterschuhe;suggest
winterschuhe kaufen herren;;;winterschuhe;suggest
winterschuhe kaufen kinder;;;winterschuhe;suggest
winterschuhe kaufen schweiz;;;winterschuhe;suggest
winterschuhe kinder;;;winterschuhe;suggest
winterschuhe kinder barfuß;;;winterschuhe;suggest
winterschuhe kinder jungen;;;winterschuhe;suggest
winterschuhe kinder mädchen;;;winterschuhe;suggest
winterschuhe kinder sale;;;winterschuhe;suggest
winterschuhe kinder schweiz;;;winterschuhe;suggest
winterschuhe kinder superfit;;;winterschuhe;suggest
winterschuhe kinder wasserdicht;;;winterschuhe;suggest
winterschuhe mit spikes schweiz;;;winterschuhe;suggest
winterschuhe schweiz;;;winterschuhe;suggest
winterschuhe schweizer marke;;;winterschuhe;suggest
kamik winterstiefel schweiz;;;winterstiefel;suggest
podofit winterstiefel kaufen;;;winterstiefel;suggest
podofit winterstiefel schweiz;;;winterstiefel;suggest
schweizer winterstiefel damen;;;winterstiefel;suggest
sorel winterstiefel schweiz;;;winterstiefel;suggest
winterstiefel damen gefüttert;;;winterstiefel;suggest
winterstiefel damen gefüttert wasserdicht;;;winterstiefel;suggest
winterstiefel elefanten;;;winterstiefel;suggest
winterstiefel größer kaufen;;;winterstiefel;suggest
winterstiefel günstig kaufen;;;winterstiefel;suggest
winterstiefel herren;;;winterstiefel;suggest
winterstiefel herren schweiz;;;winterstiefel;suggest
winterstiefel kaufen;;;winterstiefel;suggest
winterstiefel kaufen damen;;;winterstiefel;suggest
winterstiefel kaufen herren;;;winterstiefel;suggest
winterstiefel kaufen kinder;;;winterstiefel;suggest
winterstiefel kaufen schweiz;;;winterstiefel;suggest
winterstiefel kinder;;;winterstiefel;suggest
winterstiefel kinder wasserdicht;;;winterstiefel;suggest
winterstiefel mädchen;;;winterstiefel;suggest
winterstiefel online kaufen;;;winterstiefel;suggest
winterstiefel schweiz;;;winterstiefel;suggest
shabby vintage wohndeko kaufen;;;wohndeko;suggest
wohndeko günstig kaufen;;;wohndeko;suggest
wohndeko in holland kaufen;;;wohndeko;suggest
wohndeko kaufen;;;wohndeko;suggest
wohndekor;;;wohndeko;suggest
wohndekor di noi;;;wohndeko;suggest
wohndekor müller;;;wohndeko;suggest
wohndekor teuber;;;wohndeko;suggest
wohndekoration;;;wohndeko;suggest
schweizer wolldecke 200 x 140 cm;;;wolldecke;suggest
schweizer wolldecke original;;;wolldecke;suggest
schweizer wolldecke w68;;;wolldecke;suggest
wolldecke beige;;;wolldecke;suggest
wolldecke grün;;;wolldecke;suggest
wolldecke kaufen;;;wolldecke;suggest
wolldecke kaufen günstig;;;wolldecke;suggest
wolldecke kaufen schweiz;;;wolldecke;suggest
wolldecke schweiz;;;wolldecke;suggest
wolldecke schweiz kaufen;;;wolldecke;suggest
wolldecke schweizer armee;;;wolldecke;suggest
wolldecke schweizer armee original;;;wolldecke;suggest
wolldecke schweizer kreuz;;;wolldecke;suggest
wolldecke schweizer wolle;;;wolldecke;suggest
wolldecken;;;wolldecke;suggest
elektrische wärmflasche schweiz;;;wärmflasche;suggest
fashy wärmflasche schweiz;;;wärmflasche;suggest
stitch wärmflasche schweiz;;;wärmflasche;suggest
stoov wärmflasche schweiz;;;wärmflasche;suggest
wärmflasche baby;;;wärmflasche;suggest
wärmflasche elektrisch;;;wärmflasche;suggest
wärmflasche kaufen;;;wärmflasche;suggest
wärmflasche kaufen bipa;;;wärmflasche;suggest
wärmflasche kaufen schweiz;;;wärmflasche;suggest
wärmflasche müller;;;wärmflasche;suggest
wärmflasche schwangerschaft;;;wärmflasche;suggest
wärmflasche schweiz;;;wärmflasche;suggest
wärmflasche schweizer kreuz;;;wärmflasche;suggest
wärmflasche schweizerdeutsch;;;wärmflasche;suggest
wärmflaschen;;;wärmflasche;suggest
schweiz wäschekorb 5 buchstaben;;;wäschekorb;suggest
schweiz wäschekorb kreuzworträtsel;;;wäschekorb;suggest
schweiz. wäschekorb 5;;;wäschekorb;suggest
wäschekorb 3 fächer;;;wäschekorb;suggest
wäschekorb faltbar;;;wäschekorb;suggest
wäschekorb kaufen;;;wäschekorb;suggest
wäschekorb kaufen kaufland;;;wäschekorb;suggest
wäschekorb kaufen schweiz;;;wäschekorb;suggest
wäschekorb mit beinen;;;wäschekorb;suggest
wäschekorb plastik;;;wäschekorb;suggest
wäschekorb schweiz;;;wäschekorb;suggest
wäschekorb schweizerdeutsch;;;wäschekorb;suggest
wäschekorb schweizerisch;;;wäschekorb;suggest
yoga block günstig kaufen;;;yoga block;suggest
yoga block kaufen;;;yoga block;suggest
yoga block kaufen schweiz;;;yoga block;suggest
yoga block kork;;;yoga block;suggest
yoga block kork kaufen;;;yoga block;suggest
yoga block schweiz;;;yoga block;suggest
yoga block übungen;;;yoga block;suggest
yoga block übungen füße;;;yoga block;suggest
yoga block übungen nacken;;;yoga block;suggest
yoga block übungen pdf;;;yoga block;suggest
yoga block übungen rücken;;;yoga block;suggest
liforme yogamatte schweiz;;;yogamatte;suggest
manduka yogamatte schweiz;;;yogamatte;suggest
reise yogamatte schweiz;;;yogamatte;suggest
yogamatte kaufen;;;yogamatte;suggest
yogamatte kaufen hofer;;;yogamatte;suggest
yogamatte kaufen schweiz;;;yogamatte;suggest
yogamatte kaufen tedi;;;yogamatte;suggest
yogamatte kork;;;yogamatte;suggest
yogamatte kork schweiz;;;yogamatte;suggest
yogamatte nachhaltig schweiz;;;yogamatte;suggest
yogamatte schweiz;;;yogamatte;suggest
yogamatte schweiz kaufen;;;yogamatte;suggest
yogamatte zum reisen;;;yogamatte;suggest
yogamatten;;;yogamatte;suggest
aufblasbares zelt schweiz;;;zelt;suggest
bubble zelt schweiz;;;zelt;suggest
das zelt schweizer hits;;;zelt;suggest
schweiz zelt camping;;;zelt;suggest
zelt 2 personen;;;zelt;suggest
zelt 4 personen;;;zelt;suggest
zelt kaufen;;;zelt;suggest
zelt kaufen 2 personen;;;zelt;suggest
zelt kaufen 4 personen;;;zelt;suggest
zelt kaufen 6 personen;;;zelt;suggest
zelt kaufen schweiz;;;zelt;suggest
zelt schweiz;;;zelt;suggest
zelt schweiz kaufen;;;zelt;suggest
zelt schweizer armee;;;zelt;suggest
zelt schweizer hersteller;;;zelt;suggest
zeltanhänger;;;zelt;suggest
zeltklappanhänger;;;zelt;suggest
zeltwerk rorschach;;;zelt;suggest
beste überwachungskamera schweiz;;;überwachungskamera;suggest
mini überwachungskamera schweiz;;;überwachungskamera;suggest
überwachungskamera außen;;;überwachungskamera;suggest
überwachungskamera für zuhause;;;überwachungskamera;suggest
überwachungskamera kaufen;;;überwachungskamera;suggest
überwachungskamera kaufen günstig;;;überwachungskamera;suggest
überwachungskamera kaufen in reutlingen;;;überwachungskamera;suggest
überwachungskamera kaufen outdoor;;;überwachungskamera;suggest
überwachungskamera kaufen schweiz;;;überwachungskamera;suggest
überwachungskamera mit handy;;;überwachungskamera;suggest
überwachungskamera ohne wlan;;;überwachungskamera;suggest
überwachungskamera outdoor;;;überwachungskamera;suggest
überwachungskamera outdoor kabellos;;;überwachungskamera;suggest
überwachungskamera outdoor schweiz;;;überwachungskamera;suggest
überwachungskamera schweiz;;;überwachungskamera;suggest
überwachungskamera schweiz bar;;;überwachungskamera;suggest
überwachungskamera schweiz crans montana;;;überwachungskamera;suggest
überwachungskamera schweiz gesetz;;;überwachungskamera;suggest
überwachungskamera solar;;;überwachungskamera;suggest
überwachungskameras;;;überwachungskamera;suggest
