handle	board	title	url	bild	text
2-teiliges-leinen-set-provence-hemd-wide-leg-hose	Sommerkleider & Damenmode 2026	2-teiliges Leinen-Set «Provence» – Hemd & Wide-Leg-Hose	https://luxestyle.ch/products/2-teiliges-leinen-set-provence-hemd-wide-leg-hose?utm_source=pinterest&utm_medium=social&utm_campaign=pins-sommerkleider	https://cdn.shopify.com/s/files/1/0943/6856/3585/files/56f75d30-c61c-4a9c-96aa-e5cc32fe1e6f.jpg?width=1200	Mühelose französische Eleganz. Das 2-teilige Leinen-Set «Provence» kombiniert eine V-Ausschnitt-Bluse mit 3/4-Arm und eine luftige Wide-Leg-Hose im Kontrast-Look – perfekt für Sommer, Reise & Brunch. · CHF 39.90 bei LuxeStyle CH — Gratis-Versand ab CHF 50, Kauf auf Rechnung mit Klarna oder TWINT.
abendkleid-sirene-high-slit-meerjungfrau-mit-schleppe	Sommerkleider & Damenmode 2026	Abendkleid «Sirène» – High-Slit Meerjungfrau mit Schleppe	https://luxestyle.ch/products/abendkleid-sirene-high-slit-meerjungfrau-mit-schleppe?utm_source=pinterest&utm_medium=social&utm_campaign=pins-sommerkleider	https://cdn.shopify.com/s/files/1/0943/6856/3585/files/d83dfdec-8988-4191-bd19-31e3ed729ead.jpg?width=1200	Der grosse Auftritt. Das «Sirène»-Abendkleid mit hohem Beinschlitz, Meerjungfrau-Silhouette und Schleppe setzt dich bei jedem Anlass in Szene. · CHF 49.90 bei LuxeStyle CH — Gratis-Versand ab CHF 50, Kauf auf Rechnung mit Klarna oder TWINT.
maxi-kleid-aria-langarm-tailliert-mit-gurtel	Sommerkleider & Damenmode 2026	Maxi-Kleid «Aria» · Langarm, tailliert mit Gürtel	https://luxestyle.ch/products/maxi-kleid-aria-langarm-tailliert-mit-gurtel?utm_source=pinterest&utm_medium=social&utm_campaign=pins-sommerkleider	https://cdn.shopify.com/s/files/1/0943/6856/3585/files/ce596d7a-cd30-4d15-b583-27ef01b1b0f6.jpg?width=1200	Elegantes fliessendes Maxikleid mit tiefem V-Ausschnitt und taillierendem Gürtel – mühelos glamourös von Tag zu Abend. 👗 Fliessende Maxi-Silhouette 🤎 Taillierender Gürtel ✨ Tiefer V-Ausschnitt 🌬️ Leichtes Material 🎨 Mehrere Farben Grössen-Hinweis: asiatische Grössen – ggf. · CHF 49.90 bei LuxeStyle CH — Gratis-Versand ab CHF 50, Kauf auf Rechnung mit Klarna oder TWINT.
mule-sandalette-nodo-drapiert-spitze-form	Schuhe & Sandalen	Mule-Sandalette «Nodo» · Drapiert, Spitze Form	https://luxestyle.ch/products/mule-sandalette-nodo-drapiert-spitze-form?utm_source=pinterest&utm_medium=social&utm_campaign=pins-schuhe	https://cdn.shopify.com/s/files/1/0943/6856/3585/files/7588a7cf-d9b8-45df-93a5-8e45c4fb1cf8.jpg?width=1200	Elegante Mule-Sandalette mit drapiertem Knoten-Detail und spitzer Form – schlank, edel, sommertauglich. 🪢 Drapiertes Knoten-Detail 👠 Schlanker Absatz 👡 Offene Mule-Form ✨ Spitze Kappe 🎨 Mehrere Farben Grössen-Hinweis: asiatische Grössen – ggf. · CHF 39.90 bei LuxeStyle CH — Gratis-Versand ab CHF 50, Kauf auf Rechnung mit Klarna oder TWINT.
abendkleid-aurora-satin-spaghettitrager-schlitz	Sommerkleider & Damenmode 2026	Abendkleid «Aurora» · Satin, Spaghettiträger & Schlitz	https://luxestyle.ch/products/abendkleid-aurora-satin-spaghettitrager-schlitz?utm_source=pinterest&utm_medium=social&utm_campaign=pins-sommerkleider	https://cdn.shopify.com/s/files/1/0943/6856/3585/files/b673ac76-d824-41e9-b9fb-98203a572d8e.jpg?width=1200	Glamouröses Satin-Abendkleid mit Spaghettiträgern, Sweetheart-Ausschnitt und hohem Beinschlitz – der grosse Auftritt. ✨ Fliessender Satin 💃 Hoher Beinschlitz 🤍 Sweetheart-Ausschnitt 👛 Mit Taschen 🎨 Mehrere Farben Grössen-Hinweis: asiatische Grössen – ggf. · CHF 69.90 bei LuxeStyle CH — Gratis-Versand ab CHF 50, Kauf auf Rechnung mit Klarna oder TWINT.
midikleid-mit-zopfmuster-und-blumenprint-600200	Sommerkleider & Damenmode 2026	Midikleid mit Zopfmuster und Blumenprint	https://luxestyle.ch/products/midikleid-mit-zopfmuster-und-blumenprint-600200?utm_source=pinterest&utm_medium=social&utm_campaign=pins-sommerkleider	https://cdn.shopify.com/s/files/1/0943/6856/3585/files/tati-model-midikleid-05.jpg?width=1200	Dieses ärmellose Midikleid präsentiert sich im eleganten Zopfmuster und ist mit einem charmanten blau-weissen Blumenprint verziert. Der gerade Schnitt und der Rundhalsausschnitt sorgen für eine zeitlose Silhouette, während die mittlere Taillenhöhe den Komfort unterstreicht. · CHF 39.90 bei LuxeStyle CH — Gratis-Versand ab CHF 50, Kauf auf Rechnung mit Klarna oder TWINT.
elektrischer-fleischwolf-5l-kuchenmaschine-656962	Home & Geschenkideen	Elektrischer Fleischwolf 5L – Küchenmaschine	https://luxestyle.ch/products/elektrischer-fleischwolf-5l-kuchenmaschine-656962?utm_source=pinterest&utm_medium=social&utm_campaign=pins-home	https://cdn.shopify.com/s/files/1/0943/6856/3585/files/b05b124d-5541-4c48-9bae-e3b2b0e3dabe.jpg?width=1200	Dieser elektrische Fleischwolf ist eine vielseitige Küchenmaschine, die dir bei der Zubereitung verschiedenster Speisen hilft. Mit einem Fassungsvermögen von 5 Litern eignet er sich hervorragend zum Zerkleinern von knochenlosem Fleisch, Gemüse, Obst und Kräutern. · CHF 75.90 bei LuxeStyle CH — Gratis-Versand ab CHF 50, Kauf auf Rechnung mit Klarna oder TWINT.
y2k-harajuku-hoodie-mit-nieten-629700	Sommerkleider & Damenmode 2026	Y2K Harajuku Hoodie mit Nieten	https://luxestyle.ch/products/y2k-harajuku-hoodie-mit-nieten-629700?utm_source=pinterest&utm_medium=social&utm_campaign=pins-sommerkleider	https://cdn.shopify.com/s/files/1/0943/6856/3585/files/76fbadde-e2b9-44e0-8c6c-7d1927575aa8.jpg?width=1200	Dieses trendige zweiteilige Set im Harajuku-Stil ist perfekt für Teenager und junge Erwachsene, die einen auffälligen Streetwear-Look lieben. Es besteht aus einem weissen Kapuzenpullover und einer passenden langen Hose. · CHF 20.90 bei LuxeStyle CH — Gratis-Versand ab CHF 50, Kauf auf Rechnung mit Klarna oder TWINT.
multifunktionaler-runder-gemuseschneider-be2e21	Home & Geschenkideen	Multifunktionaler runder Gemüseschneider	https://luxestyle.ch/products/multifunktionaler-runder-gemuseschneider-be2e21?utm_source=pinterest&utm_medium=social&utm_campaign=pins-home	https://cdn.shopify.com/s/files/1/0943/6856/3585/files/5a25ed04-a59e-421d-980c-579edda3808e.jpg?width=1200	Der multifunktionale Gemüseschneider ist ein praktisches Küchengerät, das dir hilft, Gemüse, Kartoffeln und Käse mühelos zu schneiden. Dieses vielseitige Tool vereinfacht die Zubereitung deiner Mahlzeiten und spart dir wertvolle Zeit in der Küche. · CHF 39.90 bei LuxeStyle CH — Gratis-Versand ab CHF 50, Kauf auf Rechnung mit Klarna oder TWINT.
reise-hangematte-aus-fallschirm-nylon-86eb20	Home & Geschenkideen	Reise-Hängematte aus Fallschirm-Nylon	https://luxestyle.ch/products/reise-hangematte-aus-fallschirm-nylon-86eb20?utm_source=pinterest&utm_medium=social&utm_campaign=pins-home	https://cdn.shopify.com/s/files/1/0943/6856/3585/files/1586294835111.jpg?width=1200	Diese leichte und robuste Hängematte ist dein idealer Begleiter für unterwegs. Gefertigt aus hochwertigem 210T Fallschirm-Nylon, bietet sie Komfort und Langlebigkeit. · CHF 34.90 bei LuxeStyle CH — Gratis-Versand ab CHF 50, Kauf auf Rechnung mit Klarna oder TWINT.
blumenkleid-mit-schnurung-613000	Sommerkleider & Damenmode 2026	Blumenkleid mit Schnürung	https://luxestyle.ch/products/blumenkleid-mit-schnurung-613000?utm_source=pinterest&utm_medium=social&utm_campaign=pins-sommerkleider	https://cdn.shopify.com/s/files/1/0943/6856/3585/files/tati-model-blumenkleid-01.jpg?width=1200	Dieses schicke Kleid ist mit einem blumigen Muster bedruckt und hat eine figurbetonte Taille. Es ist aus Polyester gefertigt und hat eine kurze Länge. · CHF 24.90 bei LuxeStyle CH — Gratis-Versand ab CHF 50, Kauf auf Rechnung mit Klarna oder TWINT.
e-scooter-lithium-akku-ladegerat-605700	Home & Geschenkideen	E-Scooter Ladegerät 42 V / 2 A · EU-Stecker, Xiaomi-Anschluss	https://luxestyle.ch/products/e-scooter-lithium-akku-ladegerat-605700?utm_source=pinterest&utm_medium=social&utm_campaign=pins-home	https://cdn.shopify.com/s/files/1/0943/6856/3585/files/d6c92214-00f3-4514-bb48-2305b9ff4cfc.jpg?width=1200	Wenn dein E-Scooter-Ladegerät kaputt ist oder du ein zweites für unterwegs willst: Dieses Ladegerät liefert 42 V bei 2 A und hat den Xiaomi-Stecker, der an vielen gängigen Scootern sitzt. Es kommt mit EU-Stecker — dem runden Zweipol-Stecker, der in Schweizer Steckdosen passt. · CHF 34.90 bei LuxeStyle CH — Gratis-Versand ab CHF 50, Kauf auf Rechnung mit Klarna oder TWINT.
nibosi-quarzuhr-mit-edelstahlband-e89d0a	Schmuck & Accessoires	Nibosi Quarzuhr mit Edelstahlband	https://luxestyle.ch/products/nibosi-quarzuhr-mit-edelstahlband-e89d0a?utm_source=pinterest&utm_medium=social&utm_campaign=pins-schmuck	https://cdn.shopify.com/s/files/1/0943/6856/3585/files/1482554476776.jpg?width=1200	Diese Quarzuhr ist ein praktisches Accessoire für deinen Alltag und zeigt dir stets zuverlässig die Zeit an. · CHF 38.90 bei LuxeStyle CH — Gratis-Versand ab CHF 50, Kauf auf Rechnung mit Klarna oder TWINT.
futterspender-fur-hunde-bc09f6	Home & Geschenkideen	Futterspender für Hunde	https://luxestyle.ch/products/futterspender-fur-hunde-bc09f6?utm_source=pinterest&utm_medium=social&utm_campaign=pins-home	https://cdn.shopify.com/s/files/1/0943/6856/3585/files/2279812027156.jpg?width=1200	Dieser Futterspender ist ein interaktives Spielzeug für deinen Hund, das die Futteraufnahme verlangsamt. Er besteht aus PP-Material und ist verschleiss- sowie bissfest. · CHF 24.90 bei LuxeStyle CH — Gratis-Versand ab CHF 50, Kauf auf Rechnung mit Klarna oder TWINT.
beheizbare-hausschuhe-mit-temperaturregelung-615500	Schuhe & Sandalen	Beheizbare Hausschuhe mit Temperaturregelung	https://luxestyle.ch/products/beheizbare-hausschuhe-mit-temperaturregelung-615500?utm_source=pinterest&utm_medium=social&utm_campaign=pins-schuhe	https://cdn.shopify.com/s/files/1/0943/6856/3585/files/530656b9-03c3-4710-b332-d98325626f74.jpg?width=1200	Diese beheizbaren Hausschuhe halten deine Füsse im Haus warm. · CHF 41.90 bei LuxeStyle CH — Gratis-Versand ab CHF 50, Kauf auf Rechnung mit Klarna oder TWINT.
2-in-1-glatteisen-lockenstab-mit-display-590400	Wellness & Beauty	2-in-1 Glätteisen & Lockenstab mit Display	https://luxestyle.ch/products/2-in-1-glatteisen-lockenstab-mit-display-590400?utm_source=pinterest&utm_medium=social&utm_campaign=pins-wellness	https://cdn.shopify.com/s/files/1/0943/6856/3585/files/6fce42f1-404a-494d-a9bb-7901679b8fd1.jpg?width=1200	Dieses vielseitige 2-in-1 Styling-Tool vereint Glätteisen und Lockenstab in einem Gerät. Kreiere mühelos glatte Styles oder definierte Locken, ohne dein Haar zu schädigen. · CHF 27.90 bei LuxeStyle CH — Gratis-Versand ab CHF 50, Kauf auf Rechnung mit Klarna oder TWINT.
figurformendes-armelloses-kleid-600300	Sommerkleider & Damenmode 2026	Figurformendes ärmelloses Kleid	https://luxestyle.ch/products/figurformendes-armelloses-kleid-600300?utm_source=pinterest&utm_medium=social&utm_campaign=pins-sommerkleider	https://cdn.shopify.com/s/files/1/0943/6856/3585/files/c91be9de-5f3a-43c5-8ba6-c8e4998e359a.jpg?width=1200	Dieses elegante ärmellose Kleid schmeichelt der Figur und sorgt für einen raffinierten Auftritt. Der hohe Taillenbund betont die Silhouette, während der ausgestellte Saum und der Fishtail-Schnitt für eine anmutige Bewegung sorgen. · CHF 33.90 bei LuxeStyle CH — Gratis-Versand ab CHF 50, Kauf auf Rechnung mit Klarna oder TWINT.
led-schneeflocken-string-mit-farbwechsel-607700	Schmuck & Accessoires	LED-Schneeflocken-String mit Farbwechsel	https://luxestyle.ch/products/led-schneeflocken-string-mit-farbwechsel-607700?utm_source=pinterest&utm_medium=social&utm_campaign=pins-schmuck	https://cdn.shopify.com/s/files/1/0943/6856/3585/files/d5ed13e1-6d54-41ea-8171-51edabf09b23.jpg?width=1200	Für festliche Dekorationen in heimischer Atmosphäre sorgt dieser LED-String. Er besteht aus 4 Meter PVC-Leuchten, die in Warmweiss, Weiss und Blau leuchten. · CHF 24.90 bei LuxeStyle CH — Gratis-Versand ab CHF 50, Kauf auf Rechnung mit Klarna oder TWINT.
intelligenter-sensor-seifenspender-aus-edelsta-068032	Home & Geschenkideen	Intelligenter Sensor-Seifenspender aus Edelstahl	https://luxestyle.ch/products/intelligenter-sensor-seifenspender-aus-edelsta-068032?utm_source=pinterest&utm_medium=social&utm_campaign=pins-home	https://cdn.shopify.com/s/files/1/0943/6856/3585/files/2401080546080328100.jpg?width=1200	Der JAVA Jiahua Intelligente Sensor-Seifenspender überzeugt durch sein modernes, schlichtes Design und die berührungslose Bedienung. Dank der Induktionsfunktion wird die Seife automatisch und hygienisch abgegeben. · CHF 45.90 bei LuxeStyle CH — Gratis-Versand ab CHF 50, Kauf auf Rechnung mit Klarna oder TWINT.
kinder-erdbeer-halbschuhe-332480	Schuhe & Sandalen	Kinder Erdbeer-Halbschuhe	https://luxestyle.ch/products/kinder-erdbeer-halbschuhe-332480?utm_source=pinterest&utm_medium=social&utm_campaign=pins-schuhe	https://cdn.shopify.com/s/files/1/0943/6856/3585/files/1616827730389.jpg?width=1200	Diese Kinder-Halbschuhe sind für Kinder im Alter von 1 bis 3 Jahren geeignet und begleiten sie bei ihren ersten Schritten. Die Schuhe sind für den Sommer konzipiert und haben ein ansprechendes Erdbeer-Muster. · CHF 27.90 bei LuxeStyle CH — Gratis-Versand ab CHF 50, Kauf auf Rechnung mit Klarna oder TWINT.
silikon-gesichtsreinigungsburste-0787a2	Wellness & Beauty	Silikon-Gesichtsreinigungsbürste	https://luxestyle.ch/products/silikon-gesichtsreinigungsburste-0787a2?utm_source=pinterest&utm_medium=social&utm_campaign=pins-wellness	https://cdn.shopify.com/s/files/1/0943/6856/3585/files/732423819851.png?width=1200	Diese Silikon-Gesichtsreinigungsbürste nutzt Ultraschall-Vibrationen, um deine Haut sanft und effektiv zu reinigen. · CHF 36.90 bei LuxeStyle CH — Gratis-Versand ab CHF 50, Kauf auf Rechnung mit Klarna oder TWINT.
cowboy-longsleeve-kleid-in-dunkelblau-618000	Sommerkleider & Damenmode 2026	Cowboy-Longsleeve-Kleid in Dunkelblau	https://luxestyle.ch/products/cowboy-longsleeve-kleid-in-dunkelblau-618000?utm_source=pinterest&utm_medium=social&utm_campaign=pins-sommerkleider	https://cdn.shopify.com/s/files/1/0943/6856/3585/files/d0dfdae7-d214-4bd1-abc4-b836902f3823.jpg?width=1200	Für den Büroalltag bietet es ein luftiges, lockeres Design. Das Kleid ist aus 100 % Baumwolle gefertigt und hat einen Mid‑Waist‑Boden. · CHF 23.90 bei LuxeStyle CH — Gratis-Versand ab CHF 50, Kauf auf Rechnung mit Klarna oder TWINT.
bluetooth-smartwatch-max7-1-32-display-578688	Schmuck & Accessoires	Bluetooth Smartwatch MAX7 – 1,32" Display	https://luxestyle.ch/products/bluetooth-smartwatch-max7-1-32-display-578688?utm_source=pinterest&utm_medium=social&utm_campaign=pins-schmuck	https://cdn.shopify.com/s/files/1/0943/6856/3585/files/bd20c757-9e2a-47bf-b257-138c782f7166.jpg?width=1200	Für den Alltag, wenn du unterwegs bist, bietet diese Smartwatch ein kompaktes 1,32" Display. Die Uhr misst 46 × 45,2 × 11,8 mm, verfügt über 256 KB RAM, 192 KB ROM und 64 Mb externen Flash. · CHF 44.90 bei LuxeStyle CH — Gratis-Versand ab CHF 50, Kauf auf Rechnung mit Klarna oder TWINT.
webcam-mit-full-hd-led-ringlicht-108608	Home & Geschenkideen	Webcam mit Full HD & LED-Ringlicht	https://luxestyle.ch/products/webcam-mit-full-hd-led-ringlicht-108608?utm_source=pinterest&utm_medium=social&utm_campaign=pins-home	https://cdn.shopify.com/s/files/1/0943/6856/3585/files/1619575139480.jpg?width=1200	Die Full HD Webcam mit integriertem Ringlicht ist ideal für Online-Kurse, Live-Streams und Videokonferenzen. Dank des CMOS-Sensors mit 2 Megapixeln und einer Bildrate von 30 FPS liefert sie flüssige Videos in 1920x1080 oder 2560x1440 Auflösung. · CHF 28.90 bei LuxeStyle CH — Gratis-Versand ab CHF 50, Kauf auf Rechnung mit Klarna oder TWINT.
kinder-halbstiefel-aus-kunstleder-356928	Schuhe & Sandalen	Kinder-Halbstiefel aus Kunstleder	https://luxestyle.ch/products/kinder-halbstiefel-aus-kunstleder-356928?utm_source=pinterest&utm_medium=social&utm_campaign=pins-schuhe	https://cdn.shopify.com/s/files/1/0943/6856/3585/files/1617242920880.jpg?width=1200	Diese modischen Halbstiefel sind für Kinder konzipiert, die bequeme und robuste Schuhe für den Alltag benötigen. · CHF 27.90 bei LuxeStyle CH — Gratis-Versand ab CHF 50, Kauf auf Rechnung mit Klarna oder TWINT.
kunstliche-nagel-im-magazin-stil-985728	Wellness & Beauty	Künstliche Nägel im Magazin-Stil	https://luxestyle.ch/products/kunstliche-nagel-im-magazin-stil-985728?utm_source=pinterest&utm_medium=social&utm_campaign=pins-wellness	https://cdn.shopify.com/s/files/1/0943/6856/3585/files/12b7f582-aacc-4cff-8c30-40cf9cbd824a.jpg?width=1200	Für einen besonderen Anlass oder einfach, um deine Hände zu verschönern, sind diese künstlichen Nägel eine schnelle Lösung. Das Set enthält 24 Nägel aus Kunststoff und 2g Klebstoff für die sofortige Anwendung. · CHF 19.90 bei LuxeStyle CH — Gratis-Versand ab CHF 50, Kauf auf Rechnung mit Klarna oder TWINT.
slim-fit-down-jackett-mit-weissem-federfullung-636300	Sommerkleider & Damenmode 2026	Slim-Fit Down-Jackett mit weissem Federfüllung	https://luxestyle.ch/products/slim-fit-down-jackett-mit-weissem-federfullung-636300?utm_source=pinterest&utm_medium=social&utm_campaign=pins-sommerkleider	https://cdn.shopify.com/s/files/1/0943/6856/3585/files/e74499d9-43be-42e9-a0bd-8c94609973e2_water_e5892907-5e9e-4853-a249-c5bcef8c2386.jpg?width=1200	An kalten Wintertagen hält dieser Jackett dich warm, ohne dich zu beschweren. Er enthält 51–100 g Federfüllung, 50 % Down, und ist aus Nylon gefertigt. · CHF 28.90 bei LuxeStyle CH — Gratis-Versand ab CHF 50, Kauf auf Rechnung mit Klarna oder TWINT.
mini-bluetooth-lautsprecher-mit-spiegel-821120	Schmuck & Accessoires	Mini Bluetooth Lautsprecher mit Spiegel	https://luxestyle.ch/products/mini-bluetooth-lautsprecher-mit-spiegel-821120?utm_source=pinterest&utm_medium=social&utm_campaign=pins-schmuck	https://cdn.shopify.com/s/files/1/0943/6856/3585/files/eb0347eb-c708-4826-bedb-23f74761a2a4.jpg?width=1200	Für den Alltag, wenn du Musik hören und gleichzeitig dein Make‑up prüfen willst, bietet dieser kompakte Lautsprecher genau das. Er misst 84 × 37 × 50 mm, hat eine Ausgangsleistung von 3 W, einen Frequenzbereich von 80 Hz bis 20 kHz und einen Signal‑zu‑Rausch‑Verhältnis von ≥85 dB. · CHF 20.90 bei LuxeStyle CH — Gratis-Versand ab CHF 50, Kauf auf Rechnung mit Klarna oder TWINT.
usb-heizkissen-mit-graphen-technologie-acad9f	Home & Geschenkideen	USB-Heizkissen mit Graphen-Technologie	https://luxestyle.ch/products/usb-heizkissen-mit-graphen-technologie-acad9f?utm_source=pinterest&utm_medium=social&utm_campaign=pins-home	https://cdn.shopify.com/s/files/1/0943/6856/3585/files/2610379402903.jpg?width=1200	Dieses tragbare Heizkissen sorgt für wohlige Wärme, egal ob zu Hause oder unterwegs. Das weiche Flanellmaterial macht es zu einem idealen Handwärmer und einer bequemen Unterlage. · CHF 25.90 bei LuxeStyle CH — Gratis-Versand ab CHF 50, Kauf auf Rechnung mit Klarna oder TWINT.
krokodillmuster-lederschuhe-mit-metallbremse-630900	Schuhe & Sandalen	Krokodillmuster Lederschuhe mit Metallbremse	https://luxestyle.ch/products/krokodillmuster-lederschuhe-mit-metallbremse-630900?utm_source=pinterest&utm_medium=social&utm_campaign=pins-schuhe	https://cdn.shopify.com/s/files/1/0943/6856/3585/files/105a6d72-f63a-47e0-b230-984169f42ad0.jpg?width=1200	Für den Büroalltag und legere Anlässe schützen diese Lederschuhe mit spitzem Zeh und Metallbremse. Das Obermaterial besteht aus PU, die Innenseite aus PU für angenehmen Tragekomfort. · CHF 33.90 bei LuxeStyle CH — Gratis-Versand ab CHF 50, Kauf auf Rechnung mit Klarna oder TWINT.
mp3-player-mit-touch-display-075584	Wellness & Beauty	MP3-Player mit Touch-Display	https://luxestyle.ch/products/mp3-player-mit-touch-display-075584?utm_source=pinterest&utm_medium=social&utm_campaign=pins-wellness	https://cdn.shopify.com/s/files/1/0943/6856/3585/files/14c6c6b5-34bc-4745-ad59-878c465259fd.png?width=1200	Für unterwegs, wenn du Musik hören möchtest. Der kompakte MP3-Player wiegt 150 g, unterstützt die Wiedergabe von MP3-Dateien und lässt sich sowohl per Touch als auch per Knopf bedienen. · CHF 25.90 bei LuxeStyle CH — Gratis-Versand ab CHF 50, Kauf auf Rechnung mit Klarna oder TWINT.
weitlaufiger-flurblumen-mantel-xl-601800	Sommerkleider & Damenmode 2026	Weitläufiger Flurblumen‑Mantel XL	https://luxestyle.ch/products/weitlaufiger-flurblumen-mantel-xl-601800?utm_source=pinterest&utm_medium=social&utm_campaign=pins-sommerkleider	https://cdn.shopify.com/s/files/1/0943/6856/3585/files/6b8de70b-e69c-4982-ae9f-e5575531ecd7_31e6acf2-ad2d-44cf-ab2f-fe43e849270f.jpg?width=1200	Für kalte Tage, wenn du dich warm halten möchtest, bietet dieser Flurblumen‑Mantel aus Polyester einen angenehmen Tragekomfort. Er ist in den Grössen XL, 2XL, 3XL, 4XL und 5XL erhältlich. · CHF 23.90 bei LuxeStyle CH — Gratis-Versand ab CHF 50, Kauf auf Rechnung mit Klarna oder TWINT.
smartwatch-mit-sprachassistent-und-nfc-909376	Schmuck & Accessoires	Smartwatch mit Sprachassistent und NFC	https://luxestyle.ch/products/smartwatch-mit-sprachassistent-und-nfc-909376?utm_source=pinterest&utm_medium=social&utm_campaign=pins-schmuck	https://cdn.shopify.com/s/files/1/0943/6856/3585/files/18cb28b3-0de8-4326-827f-b411e1314b47.jpg?width=1200	Für den Alltag und beim Sport hast du mit dieser Smartwatch alle wichtigen Funktionen am Handgelenk. · CHF 42.90 bei LuxeStyle CH — Gratis-Versand ab CHF 50, Kauf auf Rechnung mit Klarna oder TWINT.
plusch-hundegeschirr-mit-leine-744320	Home & Geschenkideen	Plüsch-Hundegeschirr mit Leine	https://luxestyle.ch/products/plusch-hundegeschirr-mit-leine-744320?utm_source=pinterest&utm_medium=social&utm_campaign=pins-home	https://cdn.shopify.com/s/files/1/0943/6856/3585/files/a5a097dc-f885-4f51-b691-62aa49b35aba.jpg?width=1200	Dieses weiche Hundegeschirr mit Leine ist für tägliche Spaziergänge mit deinem Haustier gedacht. Es besteht aus Polyester und ist dehnbar. · CHF 25.90 bei LuxeStyle CH — Gratis-Versand ab CHF 50, Kauf auf Rechnung mit Klarna oder TWINT.
weiche-winterbettmutze-und-rutschfeste-haussch-614800	Schuhe & Sandalen	Weiche Winterbettmütze und rutschfeste Hausschuhe	https://luxestyle.ch/products/weiche-winterbettmutze-und-rutschfeste-haussch-614800?utm_source=pinterest&utm_medium=social&utm_campaign=pins-schuhe	https://cdn.shopify.com/s/files/1/0943/6856/3585/files/078f3abb-214f-4eeb-b547-7e50b75d3e94.jpg?width=1200	Für gemütliche Nächte im Bett sorgt diese Kombination aus Mütze und Hausschuhe für Wärme und Komfort. Die Mütze ist mit einem Cartoon‑Muster verziert und hat eine weiche, fächerartige Füllung aus Kunstpelz. · CHF 24.90 bei LuxeStyle CH — Gratis-Versand ab CHF 50, Kauf auf Rechnung mit Klarna oder TWINT.
nageldesign-set-mit-kristallpulver-weiss-trans-483392	Wellness & Beauty	Nageldesign-Set mit Kristallpulver Weiss Transparent	https://luxestyle.ch/products/nageldesign-set-mit-kristallpulver-weiss-trans-483392?utm_source=pinterest&utm_medium=social&utm_campaign=pins-wellness	https://cdn.shopify.com/s/files/1/0943/6856/3585/files/36bc0e4f-9dd4-409f-b3a8-8dd24e3b9775.jpg?width=1200	Für kreative Maniküre bei zu Hause. Das Set enthält 23 einzelne Pakete. · CHF 22.90 bei LuxeStyle CH — Gratis-Versand ab CHF 50, Kauf auf Rechnung mit Klarna oder TWINT.
plus-size-retro-hornknopf-dufflemantel-609000	Sommerkleider & Damenmode 2026	Plus-Size Retro-Hornknopf-Dufflemantel	https://luxestyle.ch/products/plus-size-retro-hornknopf-dufflemantel-609000?utm_source=pinterest&utm_medium=social&utm_campaign=pins-sommerkleider	https://cdn.shopify.com/s/files/1/0943/6856/3585/files/114d1e24-31fd-4a02-ac7e-e9f8eaf53540.png?width=1200	Für kalte Tage, wenn Wärme und Komfort gefragt sind, bietet dieser Dufflemantel aus Polyester mit weissem Gänsefederfüllung einen behaglichen Schutz. Der einseitige Reissverschluss sorgt für einfachen Zugang. · CHF 32.90 bei LuxeStyle CH — Gratis-Versand ab CHF 50, Kauf auf Rechnung mit Klarna oder TWINT.
smartwatch-mit-herzfrequenz-spo2-und-bluetooth-379648	Schmuck & Accessoires	Smartwatch mit Herzfrequenz, SpO2 und Bluetooth	https://luxestyle.ch/products/smartwatch-mit-herzfrequenz-spo2-und-bluetooth-379648?utm_source=pinterest&utm_medium=social&utm_campaign=pins-schmuck	https://cdn.shopify.com/s/files/1/0943/6856/3585/files/ddde2f87-35b9-418a-a0bd-f2697d08a778.jpg?width=1200	Für den Alltag bei sportlichen Aktivitäten bietet diese Smartwatch Schrittzählung, Herzfrequenz‑ und SpO₂‑Messung sowie Schlafüberwachung. Das Gerät misst 1,35 cm dick, verfügt über 250 mAh Akku, 192 kB RAM, 1 024 kB ROM und 64 MB UI‑Flash. · CHF 47.90 bei LuxeStyle CH — Gratis-Versand ab CHF 50, Kauf auf Rechnung mit Klarna oder TWINT.
hundeleine-aus-rindsleder-fur-mittlere-bis-gro-634112	Home & Geschenkideen	Hundeleine aus Rindsleder für mittlere bis grosse Hunde	https://luxestyle.ch/products/hundeleine-aus-rindsleder-fur-mittlere-bis-gro-634112?utm_source=pinterest&utm_medium=social&utm_campaign=pins-home	https://cdn.shopify.com/s/files/1/0943/6856/3585/files/1619154981495.jpg?width=1200	Diese Hundeleine aus Rindsleder ist für das Führen von Hunden mit einem Gewicht von 30 bis 90 kg vorgesehen. · CHF 26.90 bei LuxeStyle CH — Gratis-Versand ab CHF 50, Kauf auf Rechnung mit Klarna oder TWINT.
mid-calf-lederstiefel-mit-schnallen-design-605900	Schuhe & Sandalen	Mid-Calf Lederstiefel mit Schnallen-Design	https://luxestyle.ch/products/mid-calf-lederstiefel-mit-schnallen-design-605900?utm_source=pinterest&utm_medium=social&utm_campaign=pins-schuhe	https://cdn.shopify.com/s/files/1/0943/6856/3585/files/d3edc3ed-8de1-4edc-ad33-301d8fd82be1.jpg?width=1200	Für den Alltag, wenn du einen sicheren Halt brauchst, sind diese Mid-Calf-Lederstiefel mit Schnallen-Design ideal. · CHF 32.90 bei LuxeStyle CH — Gratis-Versand ab CHF 50, Kauf auf Rechnung mit Klarna oder TWINT.
elektrischer-nagelclipper-fur-kinder-senioren-231040	Wellness & Beauty	Elektrischer Nagelclipper für Kinder & Senioren	https://luxestyle.ch/products/elektrischer-nagelclipper-fur-kinder-senioren-231040?utm_source=pinterest&utm_medium=social&utm_campaign=pins-wellness	https://cdn.shopify.com/s/files/1/0943/6856/3585/files/56e49277-cd31-4e13-a9b6-36d08a46bb6b.jpg?width=1200	Für den Alltag von Kindern und Senioren, die ihre Nägel selbst schneiden möchten. Masse 75,8 × 72 × 30,5 mm, Gewicht 85 g, Batterie 500 mAh, Spannung 3,7 V, Leistung 2,2 W, Aufladung über Micro‑USB bei 5 V = 1 A. · CHF 38.90 bei LuxeStyle CH — Gratis-Versand ab CHF 50, Kauf auf Rechnung mit Klarna oder TWINT.
warmende-kapuzenjacke-mit-daunenfullung-635800	Sommerkleider & Damenmode 2026	Wärmende Kapuzenjacke mit Daunenfüllung	https://luxestyle.ch/products/warmende-kapuzenjacke-mit-daunenfullung-635800?utm_source=pinterest&utm_medium=social&utm_campaign=pins-sommerkleider	https://cdn.shopify.com/s/files/1/0943/6856/3585/files/2e1cbf52-3e08-44a2-80c6-f2638415d6f4.jpg?width=1200	Für kalte Tage bietet diese Kapuzenjacke Schutz und Wärme. · CHF 69.90 bei LuxeStyle CH — Gratis-Versand ab CHF 50, Kauf auf Rechnung mit Klarna oder TWINT.
smartwatch-mit-herzfrequenz-sauerstoff-018624	Schmuck & Accessoires	Smartwatch mit Herzfrequenz& Sauerstoff	https://luxestyle.ch/products/smartwatch-mit-herzfrequenz-sauerstoff-018624?utm_source=pinterest&utm_medium=social&utm_campaign=pins-schmuck	https://cdn.shopify.com/s/files/1/0943/6856/3585/files/25380341-641c-4e53-ad21-c9612b71a65e.jpg?width=1200	Für den aktiven Alltag, wenn du deine körperlichen Daten im Blick behalten möchtest. Das Gerät misst Herzfrequenz, Blutdruck und Sauerstoffsättigung, zählt Schritte und überwacht den Schlaf. · CHF 27.90 bei LuxeStyle CH — Gratis-Versand ab CHF 50, Kauf auf Rechnung mit Klarna oder TWINT.
verstellbare-fleece-weste-mit-brustgeschirr-310543	Home & Geschenkideen	Verstellbare Fleece-Weste mit Brustgeschirr	https://luxestyle.ch/products/verstellbare-fleece-weste-mit-brustgeschirr-310543?utm_source=pinterest&utm_medium=social&utm_campaign=pins-home	https://cdn.shopify.com/s/files/1/0943/6856/3585/files/3886036739166.jpg?width=1200	Diese verstellbare Fleece-Weste mit Brustgeschirr hilft dir, deinen Hund einfach zu führen und sicher mit ihm spazieren zu gehen. Das Brustgeschirr ist aus Nylon gefertigt und verfügt über einen rostfreien Stahlring zur Befestigung der Leine. · CHF 24.90 bei LuxeStyle CH — Gratis-Versand ab CHF 50, Kauf auf Rechnung mit Klarna oder TWINT.
ankle-boots-mit-10-cm-plattform-absatz-617300	Schuhe & Sandalen	Ankle Boots mit 10 cm Plattform‑Absatz	https://luxestyle.ch/products/ankle-boots-mit-10-cm-plattform-absatz-617300?utm_source=pinterest&utm_medium=social&utm_campaign=pins-schuhe	https://cdn.shopify.com/s/files/1/0943/6856/3585/files/ced17572-06d7-4d2c-a883-5a09a326a53d.jpg?width=1200	Für den Alltag bei kühlem Wetter bieten diese Ankle Boots einen stabilen, hohen Absatz, der die Körperhaltung unterstützt. · CHF 41.90 bei LuxeStyle CH — Gratis-Versand ab CHF 50, Kauf auf Rechnung mit Klarna oder TWINT.
ultraschall-reinigungsmaschine-fur-nagelwerkze-947840	Wellness & Beauty	Ultraschall‑Reinigungsmaschine für Nagelwerkzeuge	https://luxestyle.ch/products/ultraschall-reinigungsmaschine-fur-nagelwerkze-947840?utm_source=pinterest&utm_medium=social&utm_campaign=pins-wellness	https://cdn.shopify.com/s/files/1/0943/6856/3585/files/efb2ae97-2b53-474a-b768-17eb63fbc73a.jpg?width=1200	Für die tägliche Pflege von Nageldesign‑Werkzeugen sorgt die Ultraschall‑Reinigungsmaschine, die mit 42 kHz Schwingungen arbeitet. Die Innenbürste ist aus SUS304 Edelstahl gefertigt und misst 155 × 95 × 52 mm. · CHF 44.90 bei LuxeStyle CH — Gratis-Versand ab CHF 50, Kauf auf Rechnung mit Klarna oder TWINT.
koreanischer-oversize-polstermantel-621500	Sommerkleider & Damenmode 2026	Koreanischer Oversize-Polstermantel	https://luxestyle.ch/products/koreanischer-oversize-polstermantel-621500?utm_source=pinterest&utm_medium=social&utm_campaign=pins-sommerkleider	https://cdn.shopify.com/s/files/1/0943/6856/3585/files/f0af5ddf-ac95-4ce3-b617-8fbf905a0c1d.jpg?width=1200	Für den Alltag, wenn du einen lockeren, wärmenden Look suchst. Der Mantel ist in Schwarz, Weiss, Khaki, Kaffee und Angorrot erhältlich und hat eine mittlere Länge von 65–80 cm. · CHF 25.90 bei LuxeStyle CH — Gratis-Versand ab CHF 50, Kauf auf Rechnung mit Klarna oder TWINT.
smart-motion-meter-handgelenkarmband-596288	Schmuck & Accessoires	Smart Motion Meter Handgelenkarmband	https://luxestyle.ch/products/smart-motion-meter-handgelenkarmband-596288?utm_source=pinterest&utm_medium=social&utm_campaign=pins-schmuck	https://cdn.shopify.com/s/files/1/0943/6856/3585/files/7a527eff-c354-4752-93d7-77f82242d33d.jpg?width=1200	Für den Alltag, wenn du deine Schritte, Schlaf und Herzfrequenz im Blick behalten möchtest, bietet dieses Handgelenkarmband einen farbigen Bildschirm für schnelle Informationen. Es misst Schritte, Schlaf, Blut‑Oxygen‑Spiegel und Herzfrequenz, erinnert an Sitzpausen und ermöglicht per Fernsteuerung Selfies. · CHF 24.90 bei LuxeStyle CH — Gratis-Versand ab CHF 50, Kauf auf Rechnung mit Klarna oder TWINT.
fressnapf-aus-keramik-fur-haustiere-a94de9	Home & Geschenkideen	Fressnapf aus Keramik für Haustiere	https://luxestyle.ch/products/fressnapf-aus-keramik-fur-haustiere-a94de9?utm_source=pinterest&utm_medium=social&utm_campaign=pins-home	https://cdn.shopify.com/s/files/1/0943/6856/3585/files/1601425643804.jpg?width=1200	Dieser Fressnapf ist für die Fütterung deines Haustiers gedacht. Er eignet sich für den täglichen Gebrauch zu Hause. · CHF 27.90 bei LuxeStyle CH — Gratis-Versand ab CHF 50, Kauf auf Rechnung mit Klarna oder TWINT.
herren-freizeitstiefel-816640	Schuhe & Sandalen	Herren Freizeitstiefel	https://luxestyle.ch/products/herren-freizeitstiefel-816640?utm_source=pinterest&utm_medium=social&utm_campaign=pins-schuhe	https://cdn.shopify.com/s/files/1/0943/6856/3585/files/f91dbd4c-9217-4666-a3e5-2702926df34e.jpg?width=1200	Für einen entspannten Auftritt im Alltag sind diese Freizeitstiefel eine gute Wahl. Das Obermaterial besteht aus atmungsaktivem Mesh-Gewebe und die Sohle aus Gummi. · CHF 32.90 bei LuxeStyle CH — Gratis-Versand ab CHF 50, Kauf auf Rechnung mit Klarna oder TWINT.
nageldesign-set-mit-kristallpaste-785088	Wellness & Beauty	Nageldesign-Set mit Kristallpaste	https://luxestyle.ch/products/nageldesign-set-mit-kristallpaste-785088?utm_source=pinterest&utm_medium=social&utm_campaign=pins-wellness	https://cdn.shopify.com/s/files/1/0943/6856/3585/files/67bc378b-e9d8-4be5-913e-921a09f4691d.jpg?width=1200	Für kreative Nageldesigns und längere Maniküre. Das Set enthält 15 ml Gelatine-Glues, 7 ml Extension‑Glue, 1 ml Sand‑Bar, 1 ml Smoothing‑Fluid, 1 ml Sealing‑Layer, 1 ml Primer, 1 Double‑Ended Brush, 1 Clip, 1 Extended Armor und 1 Phototherapy‑Lamp. · CHF 26.90 bei LuxeStyle CH — Gratis-Versand ab CHF 50, Kauf auf Rechnung mit Klarna oder TWINT.
angora-roter-lockerer-kurzmantel-619500	Sommerkleider & Damenmode 2026	Angora‑Roter, lockerer Kurzmantel	https://luxestyle.ch/products/angora-roter-lockerer-kurzmantel-619500?utm_source=pinterest&utm_medium=social&utm_campaign=pins-sommerkleider	https://cdn.shopify.com/s/files/1/0943/6856/3585/files/30770b6d-bffa-4201-b129-311fc21e7ce2.jpg?width=1200	Für den Alltag, wenn du einen lockeren, aber warmen Mantel brauchst, bietet dieser Kurzmantel mit Memory‑Gewebe einen angenehmen Tragekomfort. Er ist in der Grösse M erhältlich, besteht aus Polyester, hat eine mittlere Dicke und ist ohne Fellkragen. · CHF 25.90 bei LuxeStyle CH — Gratis-Versand ab CHF 50, Kauf auf Rechnung mit Klarna oder TWINT.
f64-smart-armbanduhr-mit-bluetooth-318912	Schmuck & Accessoires	F64 Smart Armbanduhr mit Bluetooth	https://luxestyle.ch/products/f64-smart-armbanduhr-mit-bluetooth-318912?utm_source=pinterest&utm_medium=social&utm_campaign=pins-schmuck	https://cdn.shopify.com/s/files/1/0943/6856/3585/files/748a4235-9e4b-4c7e-b2bf-a3d34ccdd80b.jpg?width=1200	Dieses Smart Armband ist eine praktische Ergänzung für dein Handgelenk, um deine Aktivitäten im Alltag zu verfolgen. Es verfügt über einen 90 mAh Akku und wird über eine Touch-Oberfläche bedient. · CHF 32.90 bei LuxeStyle CH — Gratis-Versand ab CHF 50, Kauf auf Rechnung mit Klarna oder TWINT.
weinoffner-mit-luftdruckpumpe-198db1	Home & Geschenkideen	Weinöffner mit Luftdruckpumpe	https://luxestyle.ch/products/weinoffner-mit-luftdruckpumpe-198db1?utm_source=pinterest&utm_medium=social&utm_campaign=pins-home	https://cdn.shopify.com/s/files/1/0943/6856/3585/files/757115612208.jpg?width=1200	Dieser handliche Weinöffner macht das Entkorken jeder Weinflasche zum Kinderspiel. Dank der innovativen Luftdruckpumpen-Technologie gleitet der Korken mühelos aus dem Flaschenhals, ohne Kraftaufwand oder Beschädigung. · CHF 25.90 bei LuxeStyle CH — Gratis-Versand ab CHF 50, Kauf auf Rechnung mit Klarna oder TWINT.
herrenschuhe-high-top-mit-dicker-sohle-805440	Schuhe & Sandalen	Herrenschuhe High-Top mit dicker Sohle	https://luxestyle.ch/products/herrenschuhe-high-top-mit-dicker-sohle-805440?utm_source=pinterest&utm_medium=social&utm_campaign=pins-schuhe	https://cdn.shopify.com/s/files/1/0943/6856/3585/files/4d55403e-4db1-43f5-874b-b201073f50c8.jpg?width=1200	Für den Alltag, wenn du stabile, rutschfeste Schuhe brauchst. Die Schuhe sind in Schwarz, Khaki, Beige und Braun erhältlich und haben eine mittlere Absatzhöhe von 3–5 cm. · CHF 25.90 bei LuxeStyle CH — Gratis-Versand ab CHF 50, Kauf auf Rechnung mit Klarna oder TWINT.
transparent-jade-fat-ice-nagellack-nude-770176	Wellness & Beauty	Transparent Jade Fat Ice Nagellack Nude	https://luxestyle.ch/products/transparent-jade-fat-ice-nagellack-nude-770176?utm_source=pinterest&utm_medium=social&utm_campaign=pins-wellness	https://cdn.shopify.com/s/files/1/0943/6856/3585/files/d476283c-9836-46fb-8bd4-f04681fa8548.jpg?width=1200	Für ein elegantes, neutrales Nageldesign. 12 ml Inhalt, 30 Tage Haltbarkeit, wasserdicht, geruchsneutral. · CHF 21.90 bei LuxeStyle CH — Gratis-Versand ab CHF 50, Kauf auf Rechnung mit Klarna oder TWINT.
slim-fit-daunen-weste-in-schwarz-617100	Sommerkleider & Damenmode 2026	Slim-Fit Daunen-Weste in Schwarz	https://luxestyle.ch/products/slim-fit-daunen-weste-in-schwarz-617100?utm_source=pinterest&utm_medium=social&utm_campaign=pins-sommerkleider	https://cdn.shopify.com/s/files/1/0943/6856/3585/files/7b381eb9-f806-4c28-a80c-64d096c8fbce.png?width=1200	Für winterliche Tage, wenn du Wärme und Leichtigkeit kombinieren willst. Die Weste ist aus Cashmere‑Wolle gefertigt, hat eine ultra‑kurze Länge von bis zu 40 cm und eine A‑Line‑Silhouette. · CHF 35.90 bei LuxeStyle CH — Gratis-Versand ab CHF 50, Kauf auf Rechnung mit Klarna oder TWINT.
bluetooth-sportuhr-mit-runddisplay-193216	Schmuck & Accessoires	Bluetooth Sportuhr mit Runddisplay	https://luxestyle.ch/products/bluetooth-sportuhr-mit-runddisplay-193216?utm_source=pinterest&utm_medium=social&utm_campaign=pins-schmuck	https://cdn.shopify.com/s/files/1/0943/6856/3585/files/05c7fef4-1cb4-4c37-a25c-ac4fe712c2fd.jpg?width=1200	Diese Bluetooth Sportuhr zeigt dir Uhrzeit und Benachrichtigungen direkt am Handgelenk an. · CHF 42.90 bei LuxeStyle CH — Gratis-Versand ab CHF 50, Kauf auf Rechnung mit Klarna oder TWINT.
multifunktionaler-vertikal-spiralschneider-58cc21	Home & Geschenkideen	Multifunktionaler Vertikal-Spiralschneider	https://luxestyle.ch/products/multifunktionaler-vertikal-spiralschneider-58cc21?utm_source=pinterest&utm_medium=social&utm_campaign=pins-home	https://cdn.shopify.com/s/files/1/0943/6856/3585/files/2585138495470.png?width=1200	Dieser vielseitige Spiralschneider ist ein unverzichtbarer Helfer in jeder Küche. Er wurde entwickelt, um eine breite Palette von zylindrischen Gemüsesorten wie Kartoffeln, Karotten und Gurken mühelos zu verarbeiten. · CHF 30.90 bei LuxeStyle CH — Gratis-Versand ab CHF 50, Kauf auf Rechnung mit Klarna oder TWINT.
winter-high-top-boots-mit-dicker-sohle-021184	Schuhe & Sandalen	Winter High Top Boots mit dicker Sohle	https://luxestyle.ch/products/winter-high-top-boots-mit-dicker-sohle-021184?utm_source=pinterest&utm_medium=social&utm_campaign=pins-schuhe	https://cdn.shopify.com/s/files/1/0943/6856/3585/files/f091ad2e-ba37-4e24-90a4-0179fb8ccd12.jpg?width=1200	Für kalte Tage, wenn du robusten Halt brauchst, sind diese High Top Boots die richtige Wahl. Die Obermaterial besteht aus Flanell-Canvas, die Innenfutter aus Imitationsleder in Beige, Kaffee, Khaki, beige mit Plüsch oder Khaki mit Samt. · CHF 25.90 bei LuxeStyle CH — Gratis-Versand ab CHF 50, Kauf auf Rechnung mit Klarna oder TWINT.
nagelhautzange-aus-edelstahl-209856	Wellness & Beauty	Nagelhautzange aus Edelstahl	https://luxestyle.ch/products/nagelhautzange-aus-edelstahl-209856?utm_source=pinterest&utm_medium=social&utm_campaign=pins-wellness	https://cdn.shopify.com/s/files/1/0943/6856/3585/files/8f6ab4d6-e17a-4ab4-898d-114aba8a1097.jpg?width=1200	Für eine präzise Nagelpflege zu Hause oder unterwegs verwendest du diese Nagelhautzange. Das Produkt wiegt 85,7 g inklusive Etui. · CHF 20.90 bei LuxeStyle CH — Gratis-Versand ab CHF 50, Kauf auf Rechnung mit Klarna oder TWINT.
leichte-daunenjacke-kurz-632600	Sommerkleider & Damenmode 2026	Leichte Daunenjacke Kurz	https://luxestyle.ch/products/leichte-daunenjacke-kurz-632600?utm_source=pinterest&utm_medium=social&utm_campaign=pins-sommerkleider	https://cdn.shopify.com/s/files/1/0943/6856/3585/files/9131e019-ff46-4a95-9b1f-22d51621b30c.jpg?width=1200	An kühlen Herbsttagen hält dich diese kurze Daunenjacke angenehm warm. · CHF 25.90 bei LuxeStyle CH — Gratis-Versand ab CHF 50, Kauf auf Rechnung mit Klarna oder TWINT.
quarzuhr-mit-silikonarmband-wasserdicht-e1295b	Schmuck & Accessoires	Quarzuhr mit Silikonarmband, wasserdicht	https://luxestyle.ch/products/quarzuhr-mit-silikonarmband-wasserdicht-e1295b?utm_source=pinterest&utm_medium=social&utm_campaign=pins-schmuck	https://cdn.shopify.com/s/files/1/0943/6856/3585/files/2682222482612.jpg?width=1200	Diese Quarzuhr zeigt dir die Zeit an und verfügt über eine Chronographenfunktion. · CHF 39.90 bei LuxeStyle CH — Gratis-Versand ab CHF 50, Kauf auf Rechnung mit Klarna oder TWINT.
blutenkranz-ventilator-zur-muckenabwehr-622000	Home & Geschenkideen	Blütenkranz‑Ventilator zur Mückenabwehr	https://luxestyle.ch/products/blutenkranz-ventilator-zur-muckenabwehr-622000?utm_source=pinterest&utm_medium=social&utm_campaign=pins-home	https://cdn.shopify.com/s/files/1/0943/6856/3585/files/22af4614-3d38-45d4-b68d-5b440bdcd04c.jpg?width=1200	Für ruhige Abende im Garten oder im Wohnzimmer, schützt vor Mücken. Der Ventilator hat eine blütenkranzförmige Form und ist in Rose Gold erhältlich. · CHF 20.90 bei LuxeStyle CH — Gratis-Versand ab CHF 50, Kauf auf Rechnung mit Klarna oder TWINT.
vintage-winterarbeitsschuhe-herren-412160	Schuhe & Sandalen	Vintage Winterarbeitsschuhe Herren	https://luxestyle.ch/products/vintage-winterarbeitsschuhe-herren-412160?utm_source=pinterest&utm_medium=social&utm_campaign=pins-schuhe	https://cdn.shopify.com/s/files/1/0943/6856/3585/files/95e5d7b9-9707-4291-8657-95910e77be79.jpg?width=1200	An kalten Wintertagen schützen sie deine Füsse. · CHF 59.90 bei LuxeStyle CH — Gratis-Versand ab CHF 50, Kauf auf Rechnung mit Klarna oder TWINT.
ohrlochstech-set-mit-ohrsteckern-489600	Wellness & Beauty	Ohrlochstech-Set mit Ohrsteckern	https://luxestyle.ch/products/ohrlochstech-set-mit-ohrsteckern-489600?utm_source=pinterest&utm_medium=social&utm_campaign=pins-wellness	https://cdn.shopify.com/s/files/1/0943/6856/3585/files/ad600ef9-c48d-41c7-a183-7a7b2c140c07.jpg?width=1200	Dieses Ohrlochstech-Set ermöglicht dir das Stechen von Ohrlöchern zu Hause. Es ist ein praktisches Werkzeug für den persönlichen Gebrauch. · CHF 25.90 bei LuxeStyle CH — Gratis-Versand ab CHF 50, Kauf auf Rechnung mit Klarna oder TWINT.
microcurrent-massage-hose-fur-straffe-kurven-635600	Sommerkleider & Damenmode 2026	Microcurrent Massage Hose für straffe Kurven	https://luxestyle.ch/products/microcurrent-massage-hose-fur-straffe-kurven-635600?utm_source=pinterest&utm_medium=social&utm_campaign=pins-sommerkleider	https://cdn.shopify.com/s/files/1/0943/6856/3585/files/fc090b01-d3bc-472e-bd8e-6663106f2707_trans.jpg?width=1200	Diese innovative Yoga-Hose nutzt Mikrostrom-Massage und Puls-Shaping, um dein Gesäss zu straffen und zu formen, während deine Beine schlanker wirken. Geniesse eine festere, kurvigere Silhouette mit dieser bequemen und effektiven Lösung, die speziell für Damen entwickelt wurde. · CHF 42.90 bei LuxeStyle CH — Gratis-Versand ab CHF 50, Kauf auf Rechnung mit Klarna oder TWINT.
armbanduhr-mit-herzfrequenz-und-blutsauerstoff-d2da5c	Schmuck & Accessoires	Armbanduhr mit Herzfrequenz und Blutsauerstoff	https://luxestyle.ch/products/armbanduhr-mit-herzfrequenz-und-blutsauerstoff-d2da5c?utm_source=pinterest&utm_medium=social&utm_campaign=pins-schmuck	https://cdn.shopify.com/s/files/1/0943/6856/3585/files/24280490193115.jpg?width=1200	Diese Armbanduhr zeigt dir Herzfrequenz und Blutsauerstoff an, wenn du sie trägst. · CHF 53.90 bei LuxeStyle CH — Gratis-Versand ab CHF 50, Kauf auf Rechnung mit Klarna oder TWINT.
kerosene-lampe-fur-camping-30-10-10-cm-621400	Home & Geschenkideen	Kerosene-Lampe für Camping – 30×10×10 cm	https://luxestyle.ch/products/kerosene-lampe-fur-camping-30-10-10-cm-621400?utm_source=pinterest&utm_medium=social&utm_campaign=pins-home	https://cdn.shopify.com/s/files/1/0943/6856/3585/files/9e6cc676-75c9-4fcc-a00e-91e892873602_water.jpg?width=1200	An nächtlichen Wanderungen sorgt die Kerosene‑Lampe für warmes Licht. · CHF 29.90 bei LuxeStyle CH — Gratis-Versand ab CHF 50, Kauf auf Rechnung mit Klarna oder TWINT.
hochrissige-winterstiefel-fur-herren-375488	Schuhe & Sandalen	Hochrissige Winterstiefel für Herren	https://luxestyle.ch/products/hochrissige-winterstiefel-fur-herren-375488?utm_source=pinterest&utm_medium=social&utm_campaign=pins-schuhe	https://cdn.shopify.com/s/files/1/0943/6856/3585/files/9b7b0494-7b51-449e-84b4-7671d03e7fcb.png?width=1200	Für kalte Tage, wenn du deine Füsse warm und sicher halten möchtest, bieten diese Stiefel eine solide Basis. Die Oberseite besteht aus Kuhleder, die Sohle aus Tannenzapfenleder. · CHF 51.90 bei LuxeStyle CH — Gratis-Versand ab CHF 50, Kauf auf Rechnung mit Klarna oder TWINT.
elektro-kopfmasseur-619700	Wellness & Beauty	Elektro-Kopfmasseur	https://luxestyle.ch/products/elektro-kopfmasseur-619700?utm_source=pinterest&utm_medium=social&utm_campaign=pins-wellness	https://cdn.shopify.com/s/files/1/0943/6856/3585/files/7ff152b1-78bf-412e-add2-2d514ea3b932_trans.jpg?width=1200	Unser Elektrokopfmasseur bietet eine kraftvolle 6-Zonen-Airbag-Massage mit integrierter Hitzetherapie für die Augenbereiche, um Erschöpfung zu lindern. Das zeichnet es aus Mehrfache Massage-Modi erhöhen die Vielfalt der Anwendung 3 Anpassungsebenen für Intensität und Wärme erhöhen die Effektivität · CHF 46.90 bei LuxeStyle CH — Gratis-Versand ab CHF 50, Kauf auf Rechnung mit Klarna oder TWINT.
quarzuhr-fur-damen-mit-farbverlauf-a9cdbd	Schmuck & Accessoires	Quarzuhr für Damen mit Farbverlauf	https://luxestyle.ch/products/quarzuhr-fur-damen-mit-farbverlauf-a9cdbd?utm_source=pinterest&utm_medium=social&utm_campaign=pins-schmuck	https://cdn.shopify.com/s/files/1/0943/6856/3585/files/3075714942565.jpg?width=1200	Diese Quarzuhr zeigt dir die aktuelle Uhrzeit an. Die Uhr hat einen Gehäusedurchmesser von 23,5 mm und ist 9 mm dick. · CHF 48.90 bei LuxeStyle CH — Gratis-Versand ab CHF 50, Kauf auf Rechnung mit Klarna oder TWINT.
tragbares-dimmbares-touch-nachtlicht-613800	Home & Geschenkideen	Tragbares dimmbares Touch-Nachtlicht	https://luxestyle.ch/products/tragbares-dimmbares-touch-nachtlicht-613800?utm_source=pinterest&utm_medium=social&utm_campaign=pins-home	https://cdn.shopify.com/s/files/1/0943/6856/3585/files/f41d1ce5-e37c-4135-8d9f-e6b45af729fd_trans.jpg?width=1200	Für ruhige Abende im Schlafzimmer oder als ständiges Begleitlicht beim Lesen. Das kompakte Licht lässt sich per Berührung dimmen und läuft mit einer eingebauten 1200 mAh Lithium‑Batterie. · CHF 20.90 bei LuxeStyle CH — Gratis-Versand ab CHF 50, Kauf auf Rechnung mit Klarna oder TWINT.
chelsea-boots-aus-kunstleder-167360	Schuhe & Sandalen	Chelsea‑Boots aus Kunstleder	https://luxestyle.ch/products/chelsea-boots-aus-kunstleder-167360?utm_source=pinterest&utm_medium=social&utm_campaign=pins-schuhe	https://cdn.shopify.com/s/files/1/0943/6856/3585/files/191c394d-749e-491e-b7a9-d33b87d45728.png?width=1200	Für den Alltag bei wechselhaftem Wetter. Diese Chelsea‑Boots aus künstlichem PU bieten einen runden Kopf und einen schrägen Absatz. · CHF 27.90 bei LuxeStyle CH — Gratis-Versand ab CHF 50, Kauf auf Rechnung mit Klarna oder TWINT.
minimassager-604900	Wellness & Beauty	Minimassager	https://luxestyle.ch/products/minimassager-604900?utm_source=pinterest&utm_medium=social&utm_campaign=pins-wellness	https://cdn.shopify.com/s/files/1/0943/6856/3585/files/8924c252-6d85-4b17-9045-2d73f8b4bca3.jpg?width=1200	Dieser praktische Minimassager ist ideal für die Entspannung von Muskeln und Faszie. Er ist leicht und somit überall einsetzbar. · CHF 29.90 bei LuxeStyle CH — Gratis-Versand ab CHF 50, Kauf auf Rechnung mit Klarna oder TWINT.
armbanduhr-aus-holz-mit-chronograph-und-kalend-87818a	Schmuck & Accessoires	Armbanduhr aus Holz mit Chronograph und Kalender	https://luxestyle.ch/products/armbanduhr-aus-holz-mit-chronograph-und-kalend-87818a?utm_source=pinterest&utm_medium=social&utm_campaign=pins-schmuck	https://cdn.shopify.com/s/files/1/0943/6856/3585/files/6194180734224.jpg?width=1200	Diese Armbanduhr aus Holz ist ein praktisches Zeitmesser, der dir hilft, deinen Tag im Blick zu behalten. · CHF 41.90 bei LuxeStyle CH — Gratis-Versand ab CHF 50, Kauf auf Rechnung mit Klarna oder TWINT.
feather-lampe-mit-80-goldenen-federn-622200	Home & Geschenkideen	Feather-Lampe mit 80 goldenen Federn	https://luxestyle.ch/products/feather-lampe-mit-80-goldenen-federn-622200?utm_source=pinterest&utm_medium=social&utm_campaign=pins-home	https://cdn.shopify.com/s/files/1/0943/6856/3585/files/477ad186-0a77-4109-8932-849c37833880_water.jpg?width=1200	An abendlichen Entspannungsstunden bietet die Feather-Lampe ein sanftes Licht, das mit 80 goldenen, flachen Federn ein warmes Ambiente schafft. Die Lampe misst 80 cm in der Höhe und ist mit einer Spannungsversorgung von ≤36 V ausgelegt. · CHF 26.90 bei LuxeStyle CH — Gratis-Versand ab CHF 50, Kauf auf Rechnung mit Klarna oder TWINT.
gefutterte-winter-schneestiefel-341952	Schuhe & Sandalen	Gefütterte Winter-Schneestiefel	https://luxestyle.ch/products/gefutterte-winter-schneestiefel-341952?utm_source=pinterest&utm_medium=social&utm_campaign=pins-schuhe	https://cdn.shopify.com/s/files/1/0943/6856/3585/files/b8e36347-d67f-460b-8351-d828f36d7b4c.jpg?width=1200	An kalten Wintertagen halten diese Schneestiefel deine Füsse warm und trocken. Die Stiefel sind mit einem flachen Absatz ausgestattet und verfügen über eine rutschfeste Gummisohle. · CHF 28.90 bei LuxeStyle CH — Gratis-Versand ab CHF 50, Kauf auf Rechnung mit Klarna oder TWINT.
augen-massager-852034	Wellness & Beauty	Augen-Massager	https://luxestyle.ch/products/augen-massager-852034?utm_source=pinterest&utm_medium=social&utm_campaign=pins-wellness	https://cdn.shopify.com/s/files/1/0943/6856/3585/files/eb573e18-273a-4c5a-8fe8-6acc4fb92a0f.png?width=1200	Das EMS-Vibrations-Augen-Massager ist ein Haushaltsgerät zur Augenbeautierung. Es verfügt über eine Warm-Licht-Funktion und eine Massage-Funktion. · CHF 26.90 bei LuxeStyle CH — Gratis-Versand ab CHF 50, Kauf auf Rechnung mit Klarna oder TWINT.
analoguhr-mit-edelstahlarmband-e0f2d3	Schmuck & Accessoires	Analoguhr mit Edelstahlarmband	https://luxestyle.ch/products/analoguhr-mit-edelstahlarmband-e0f2d3?utm_source=pinterest&utm_medium=social&utm_campaign=pins-schmuck	https://cdn.shopify.com/s/files/1/0943/6856/3585/files/1925705544051.jpg?width=1200	Diese Analoguhr zeigt dir die aktuelle Uhrzeit. · CHF 34.90 bei LuxeStyle CH — Gratis-Versand ab CHF 50, Kauf auf Rechnung mit Klarna oder TWINT.
nordische-nachttischlampe-touch-617500	Home & Geschenkideen	Nordische Nachttischlampe Touch	https://luxestyle.ch/products/nordische-nachttischlampe-touch-617500?utm_source=pinterest&utm_medium=social&utm_campaign=pins-home	https://cdn.shopify.com/s/files/1/0943/6856/3585/files/bea2053f-72f3-48bc-af7d-46163ede07ca.jpg?width=1200	Für ruhige Abende im Schlafzimmer oder Wohnzimmer sorgt diese Lampe für sanftes Licht. · CHF 28.90 bei LuxeStyle CH — Gratis-Versand ab CHF 50, Kauf auf Rechnung mit Klarna oder TWINT.
martin-boots-herren-retro-high-top-706752	Schuhe & Sandalen	Martin Boots Herren Retro High-Top	https://luxestyle.ch/products/martin-boots-herren-retro-high-top-706752?utm_source=pinterest&utm_medium=social&utm_campaign=pins-schuhe	https://cdn.shopify.com/s/files/1/0943/6856/3585/files/4bc79f31-f312-4ecd-82df-40c7dd4b24f2.jpg?width=1200	Für den Alltag, wenn du mehr Höhe und Schutz brauchst. Diese Retro‑High‑Top‑Boots bieten einen mittleren Absatz von 3‑5 cm, sind in den Farben Grün, Grau, Schwarz und Khaki erhältlich und haben eine Kautschuksohle. · CHF 22.90 bei LuxeStyle CH — Gratis-Versand ab CHF 50, Kauf auf Rechnung mit Klarna oder TWINT.
rosmarin-minze-kopfhautfluid-mit-massage-59-ml-616700	Wellness & Beauty	Rosmarin-Minze-Kopfhautfluid mit Massage · 59 ml	https://luxestyle.ch/products/rosmarin-minze-kopfhautfluid-mit-massage-59-ml-616700?utm_source=pinterest&utm_medium=social&utm_campaign=pins-wellness	https://cdn.shopify.com/s/files/1/0943/6856/3585/files/4ac9ae4a-7f6e-48c1-84d6-eec40e43ec09.jpg?width=1200	Dieses Kopfhaut-Fluid mit Rosmarin und Minze ist eine natürliche Pflege für deine Kopfhaut und Haare. Die Formulierung aus Pfefferminze, Rosmarin und Vitaminöl nährt Kopfhaut und Haaransatz. · CHF 60.90 bei LuxeStyle CH — Gratis-Versand ab CHF 50, Kauf auf Rechnung mit Klarna oder TWINT.
wasserdichte-damenuhr-mit-metallarmband-2a910e	Schmuck & Accessoires	Wasserdichte Damenuhr mit Metallarmband	https://luxestyle.ch/products/wasserdichte-damenuhr-mit-metallarmband-2a910e?utm_source=pinterest&utm_medium=social&utm_campaign=pins-schmuck	https://cdn.shopify.com/s/files/1/0943/6856/3585/files/12463788293583.jpg?width=1200	Diese Armbanduhr zeigt dir zuverlässig die Zeit an und ist ein schönes Accessoire für dein Handgelenk. · CHF 39.90 bei LuxeStyle CH — Gratis-Versand ab CHF 50, Kauf auf Rechnung mit Klarna oder TWINT.
orca-diver-epoxy-resin-tischlampe-622900	Home & Geschenkideen	Orca & Diver Epoxy Resin Tischlampe	https://luxestyle.ch/products/orca-diver-epoxy-resin-tischlampe-622900?utm_source=pinterest&utm_medium=social&utm_campaign=pins-home	https://cdn.shopify.com/s/files/1/0943/6856/3585/files/3edfd2e9-f7b1-4b5a-8858-044690c962f2_water.jpg?width=1200	Für ein warmes Ambiente in jedem Raum. Die Tischlampe misst 8×5 Zoll und besteht aus Kunststoff und Epoxidharz. · CHF 44.90 bei LuxeStyle CH — Gratis-Versand ab CHF 50, Kauf auf Rechnung mit Klarna oder TWINT.
plus-size-outdoor-five-finger-schuhe-mit-fleec-602400	Schuhe & Sandalen	Plus-Size Outdoor Five-Finger-Schuhe mit Fleece	https://luxestyle.ch/products/plus-size-outdoor-five-finger-schuhe-mit-fleec-602400?utm_source=pinterest&utm_medium=social&utm_campaign=pins-schuhe	https://cdn.shopify.com/s/files/1/0943/6856/3585/files/7fa02539-da31-4fb1-af35-8ae404f27ca6.jpg?width=1200	Für Outdoor‑Aktivitäten, wenn du robuste Schuhe brauchst, die deine Füsse warm halten. Diese Five‑Finger‑Schuhe verfügen über eine Fleece‑Auskleidung, einen niedrigen Absatz von 1–3 cm und eine mittlere Oberhöhe. · CHF 27.90 bei LuxeStyle CH — Gratis-Versand ab CHF 50, Kauf auf Rechnung mit Klarna oder TWINT.
meridian-burste-nacken-schultermassage-629100	Wellness & Beauty	Meridian Bürste Nacken- & Schultermassage	https://luxestyle.ch/products/meridian-burste-nacken-schultermassage-629100?utm_source=pinterest&utm_medium=social&utm_campaign=pins-wellness	https://cdn.shopify.com/s/files/1/0943/6856/3585/files/8f528c01-b4a7-48bd-b010-42f5803a8d4d_trans.jpg?width=1200	Die elektrische Meridian Bürste ist ein wiederaufladbares EMS-Puls-Massagegerät, das speziell für die Massage im Nacken- und Schulterbereich entwickelt wurde. Dieses Gerät kombiniert moderne Technologie mit traditionellen Massageprinzipien, um eine effektive Entspannung und Revitalisierung zu ermöglichen. · CHF 26.90 bei LuxeStyle CH — Gratis-Versand ab CHF 50, Kauf auf Rechnung mit Klarna oder TWINT.
elegante-ohrringe-mit-schmetterling-und-schlei-613800	Schmuck & Accessoires	Elegante Ohrringe mit Schmetterling und Schleife	https://luxestyle.ch/products/elegante-ohrringe-mit-schmetterling-und-schlei-613800?utm_source=pinterest&utm_medium=social&utm_campaign=pins-schmuck	https://cdn.shopify.com/s/files/1/0943/6856/3585/files/88ffcc1e-fe00-4e5c-98ba-71173b3abcdf.jpg?width=1200	Diese luxuriösen Ohrringe sind ein echter Blickfang. · CHF 24.90 bei LuxeStyle CH — Gratis-Versand ab CHF 50, Kauf auf Rechnung mit Klarna oder TWINT.
halloween-zauberkrug-gartenlicht-608300	Home & Geschenkideen	Halloween-Zauberkrug Gartenlicht	https://luxestyle.ch/products/halloween-zauberkrug-gartenlicht-608300?utm_source=pinterest&utm_medium=social&utm_campaign=pins-home	https://cdn.shopify.com/s/files/1/0943/6856/3585/files/1734fc42-f9da-446b-b675-07c58892228d.jpg?width=1200	Für gruselige Abende im Garten sorgt dieses Licht. Es ist aus Kunststoff‑Harz gefertigt und hat ein 3D‑Design im Stil eines Hexenkruges. · CHF 23.90 bei LuxeStyle CH — Gratis-Versand ab CHF 50, Kauf auf Rechnung mit Klarna oder TWINT.
mannschaftsschuhe-mit-weichem-boden-629900	Schuhe & Sandalen	Mannschaftsschuhe mit weichem Boden	https://luxestyle.ch/products/mannschaftsschuhe-mit-weichem-boden-629900?utm_source=pinterest&utm_medium=social&utm_campaign=pins-schuhe	https://cdn.shopify.com/s/files/1/0943/6856/3585/files/8e647265-1937-45ce-a2b5-70cfe49b8bc0.jpg?width=1200	Für den Alltag bei sportlichen Aktivitäten bieten diese Schuhe einen weichen Boden, der für angenehmen Komfort sorgt. · CHF 31.90 bei LuxeStyle CH — Gratis-Versand ab CHF 50, Kauf auf Rechnung mit Klarna oder TWINT.
3-in-1-hals-gesichtsmassagegerat-mit-vibration-367425	Wellness & Beauty	3-in-1 Hals- & Gesichtsmassagegerät mit Vibration	https://luxestyle.ch/products/3-in-1-hals-gesichtsmassagegerat-mit-vibration-367425?utm_source=pinterest&utm_medium=social&utm_campaign=pins-wellness	https://cdn.shopify.com/s/files/1/0943/6856/3585/files/46ebc66d-0a69-4d21-b594-dbcca171d519.jpg?width=1200	Dieses kompakte und stilvolle 3-in-1 Gesichtsmassagegerät ist dein idealer Begleiter für die tägliche Hautpflege, ob zu Hause oder unterwegs. Es ist speziell dafür konzipiert, die Hautpflege zu unterstützen und kann bequem in jeder Reisetasche verstaut werden. · CHF 43.90 bei LuxeStyle CH — Gratis-Versand ab CHF 50, Kauf auf Rechnung mit Klarna oder TWINT.
bogen-zirkon-ohrstecker-fur-frauen-627600	Schmuck & Accessoires	Bogen Zirkon Ohrstecker für Frauen	https://luxestyle.ch/products/bogen-zirkon-ohrstecker-fur-frauen-627600?utm_source=pinterest&utm_medium=social&utm_campaign=pins-schmuck	https://cdn.shopify.com/s/files/1/0943/6856/3585/files/6609dc6e-b5a9-45d0-b398-db9f59a9ca89.jpg?width=1200	Diese stilvollen Ohrstecker sind perfekt für Frauen, die ein elegantes und dennoch modernes Accessoire suchen. Das Design ist von aktuellen Instagram-Trends inspiriert und verleiht jedem Outfit eine besondere Note. · CHF 24.90 bei LuxeStyle CH — Gratis-Versand ab CHF 50, Kauf auf Rechnung mit Klarna oder TWINT.
gaming-set-mit-beleuchteter-tastatur-maus-head-611300	Home & Geschenkideen	Gaming‑Set mit beleuchteter Tastatur, Maus, Headset und Lautsprechern	https://luxestyle.ch/products/gaming-set-mit-beleuchteter-tastatur-maus-head-611300?utm_source=pinterest&utm_medium=social&utm_campaign=pins-home	https://cdn.shopify.com/s/files/1/0943/6856/3585/files/99a2939c-b9ed-4108-b719-3bd6cbbd94d1_trans.jpg?width=1200	Für intensive Spielsessions und produktives Arbeiten bietet dieses Set alles, was du brauchst. Es enthält eine beleuchtete Tastatur, eine Maus, ein Headset, Lautsprecher, eine Mausmatte und ein Handbuch. · CHF 50.90 bei LuxeStyle CH — Gratis-Versand ab CHF 50, Kauf auf Rechnung mit Klarna oder TWINT.
martin-boots-mit-tassel-design-605600	Schuhe & Sandalen	Martin‑Boots mit Tassel‑Design	https://luxestyle.ch/products/martin-boots-mit-tassel-design-605600?utm_source=pinterest&utm_medium=social&utm_campaign=pins-schuhe	https://cdn.shopify.com/s/files/1/0943/6856/3585/files/f1aff353-7892-4f4c-a1e8-4e4ce0707a36.jpg?width=1200	Für den Alltag, wenn du robuste, aber elegante Schuhe suchst, bieten die Martin‑Boots eine solide Basis. · CHF 38.90 bei LuxeStyle CH — Gratis-Versand ab CHF 50, Kauf auf Rechnung mit Klarna oder TWINT.
hals-und-gesichts-massagegerat-mit-3-modi-935490	Wellness & Beauty	Hals- und Gesichts-Massagegerät mit 3 Modi	https://luxestyle.ch/products/hals-und-gesichts-massagegerat-mit-3-modi-935490?utm_source=pinterest&utm_medium=social&utm_campaign=pins-wellness	https://cdn.shopify.com/s/files/1/0943/6856/3585/files/125e0c28-a464-4525-8403-e3b2442d9f71.jpg?width=1200	Dieses vielseitige Massagegerät wurde entwickelt, um deine Hautpflege zu optimieren. Es verfügt über drei verschiedene LED-Lichtmodi und Vibrationsfunktionen, die auf unterschiedliche Hautbedürfnisse eingehen. · CHF 45.90 bei LuxeStyle CH — Gratis-Versand ab CHF 50, Kauf auf Rechnung mit Klarna oder TWINT.
klassische-herz-zirkon-ohrstecker-612900	Schmuck & Accessoires	Klassische Herz Zirkon Ohrstecker	https://luxestyle.ch/products/klassische-herz-zirkon-ohrstecker-612900?utm_source=pinterest&utm_medium=social&utm_campaign=pins-schmuck	https://cdn.shopify.com/s/files/1/0943/6856/3585/files/a3eec5fc-db88-4313-8406-2ff0a9320eaa.jpg?width=1200	Diese klassischen Ohrstecker im europäisch-amerikanischen Stil verleihen jedem Outfit einen Hauch von Luxus. Gefertigt aus 925er Silber, stehen sie für Reinheit und Qualität. · CHF 32.90 bei LuxeStyle CH — Gratis-Versand ab CHF 50, Kauf auf Rechnung mit Klarna oder TWINT.
fleece-gefulltes-hoodie-mit-kordel-633200	Home & Geschenkideen	Fleece‑gefülltes Hoodie mit Kordel	https://luxestyle.ch/products/fleece-gefulltes-hoodie-mit-kordel-633200?utm_source=pinterest&utm_medium=social&utm_campaign=pins-home	https://cdn.shopify.com/s/files/1/0943/6856/3585/files/11670c18-63e7-479b-bb2a-121ead944a47.png?width=1200	Für entspannte Tage im Alltag, wenn du Wärme und Komfort brauchst. Das Sweatshirt ist in den Farben Rot, Dunkelblau, Schwarz, Rosa, Cyan und Beige erhältlich und kommt in den Grössen S bis XXXL. · CHF 32.90 bei LuxeStyle CH — Gratis-Versand ab CHF 50, Kauf auf Rechnung mit Klarna oder TWINT.
sicherheits-sneaker-mit-stahlkappe-608700	Schuhe & Sandalen	Sicherheits-Sneaker mit Stahlkappe	https://luxestyle.ch/products/sicherheits-sneaker-mit-stahlkappe-608700?utm_source=pinterest&utm_medium=social&utm_campaign=pins-schuhe	https://cdn.shopify.com/s/files/1/0943/6856/3585/files/447b903f-ee22-403c-88dc-00fb8f3b0858.jpg?width=1200	Für den Arbeitsalltag in rauen Umgebungen sorgen diese Schuhe für sicheren Halt. Der Schuh ist ein Low‑Top mit Flyknit‑Obermaterial und einer Stahlkappe im Zehenbereich. · CHF 31.90 bei LuxeStyle CH — Gratis-Versand ab CHF 50, Kauf auf Rechnung mit Klarna oder TWINT.
bohemian-perlenohrringe-leicht-elegant-639900	Schmuck & Accessoires	Bohemian Perlenohrringe – Leicht & Elegant	https://luxestyle.ch/products/bohemian-perlenohrringe-leicht-elegant-639900?utm_source=pinterest&utm_medium=social&utm_campaign=pins-schmuck	https://cdn.shopify.com/s/files/1/0943/6856/3585/files/f0c0d0b8-c6fe-4578-a97e-25d78803e904.jpg?width=1200	Diese stilvollen Ohrringe im Bohème-Stil verleihen jedem Outfit eine leichte, luxuriöse Note. Gefertigt aus hochwertigem Kupfer und veredelt durch eine sorgfältige Galvanisierung in Silber, bieten sie einen ansprechenden Glanz und hohen Tragekomfort. · CHF 24.90 bei LuxeStyle CH — Gratis-Versand ab CHF 50, Kauf auf Rechnung mit Klarna oder TWINT.
usb-sternprojektor-mit-austauschbaren-filmdisc-606100	Home & Geschenkideen	USB Sternprojektor mit austauschbaren Filmdiscs	https://luxestyle.ch/products/usb-sternprojektor-mit-austauschbaren-filmdisc-606100?utm_source=pinterest&utm_medium=social&utm_campaign=pins-home	https://cdn.shopify.com/s/files/1/0943/6856/3585/files/bfc27a49-8f56-4d2b-bedc-428fedc12fe5_trans.jpg?width=1200	Für ein beruhigendes Nachtlicht im Kinderzimmer sorgt dieser Projektor. Er misst 228 × 41 × 41 mm, besteht aus Kunststoff und Glas und wird über USB mit einer Spannung von ≤36 V betrieben. · CHF 19.90 bei LuxeStyle CH — Gratis-Versand ab CHF 50, Kauf auf Rechnung mit Klarna oder TWINT.
herren-sportschuhe-mit-breiter-zehenpartie-603700	Schuhe & Sandalen	Herren-Sportschuhe mit breiter Zehenpartie	https://luxestyle.ch/products/herren-sportschuhe-mit-breiter-zehenpartie-603700?utm_source=pinterest&utm_medium=social&utm_campaign=pins-schuhe	https://cdn.shopify.com/s/files/1/0943/6856/3585/files/653f9ecb-5c62-4d2c-bea7-457016a227cc.jpg?width=1200	Diese Herren-Sportschuhe eignen sich für verschiedene Sportarten und den Alltag. · CHF 31.90 bei LuxeStyle CH — Gratis-Versand ab CHF 50, Kauf auf Rechnung mit Klarna oder TWINT.
ovale-schmuckbox-fur-ringe-und-ohrringe-621500	Schmuck & Accessoires	Ovale Schmuckbox für Ringe und Ohrringe	https://luxestyle.ch/products/ovale-schmuckbox-fur-ringe-und-ohrringe-621500?utm_source=pinterest&utm_medium=social&utm_campaign=pins-schmuck	https://cdn.shopify.com/s/files/1/0943/6856/3585/files/7ffa7ecf-48ec-481a-af5c-52d21dc6679f_trans.jpg?width=1200	Diese ovale Schmuckbox mit Klappdeckel ist ideal für die stilvolle Aufbewahrung deiner Lieblingsringe und -ohrringe. Das kompaktes Design und die hochwertige Verarbeitung machen sie zu einem praktischen und eleganten Accessoire für jeden Schminktisch oder Nachttisch. · CHF 29.90 bei LuxeStyle CH — Gratis-Versand ab CHF 50, Kauf auf Rechnung mit Klarna oder TWINT.
schreibtischlampe-mit-drehfunktion-walnuss-fin-624700	Home & Geschenkideen	Schreibtischlampe mit Drehfunktion – Walnuss Finish	https://luxestyle.ch/products/schreibtischlampe-mit-drehfunktion-walnuss-fin-624700?utm_source=pinterest&utm_medium=social&utm_campaign=pins-home	https://cdn.shopify.com/s/files/1/0943/6856/3585/files/7cc23f76-e61d-4a07-bba9-1c3c13af6254.jpg?width=1200	Für das Wohnzimmer, wenn du ein warmes, dezentes Licht möchtest. Die Lampe hat eine Beleuchtungsfläche von 3–5 m². · CHF 128.90 bei LuxeStyle CH — Gratis-Versand ab CHF 50, Kauf auf Rechnung mit Klarna oder TWINT.
herren-slipper-zum-reinschlupfen-610200	Schuhe & Sandalen	Herren-Slipper zum Reinschlüpfen	https://luxestyle.ch/products/herren-slipper-zum-reinschlupfen-610200?utm_source=pinterest&utm_medium=social&utm_campaign=pins-schuhe	https://cdn.shopify.com/s/files/1/0943/6856/3585/files/4b5ec2f7-438d-4616-96ad-5410d3427bb1.jpg?width=1200	Diese Slipper sind praktische Begleiter für den Alltag. Du schlüpfst einfach hinein und bist bereit. · CHF 35.90 bei LuxeStyle CH — Gratis-Versand ab CHF 50, Kauf auf Rechnung mit Klarna oder TWINT.
diy-ohrring-set-aus-pu-leder-00df42	Schmuck & Accessoires	DIY Ohrring-Set aus PU-Leder	https://luxestyle.ch/products/diy-ohrring-set-aus-pu-leder-00df42?utm_source=pinterest&utm_medium=social&utm_campaign=pins-schmuck	https://cdn.shopify.com/s/files/1/0943/6856/3585/files/25718369591251.png?width=1200	Kreiere deine eigenen einzigartigen Ohrringe mit diesem umfassenden DIY-Set. Es enthält alles, was du benötigst, um sofort loszulegen und deine Kreativität auszuleben. · CHF 30.90 bei LuxeStyle CH — Gratis-Versand ab CHF 50, Kauf auf Rechnung mit Klarna oder TWINT.
walnussfarbene-deckenlampe-fur-eingangsbereich-608000	Home & Geschenkideen	Walnussfarbene Deckenlampe für Eingangsbereich	https://luxestyle.ch/products/walnussfarbene-deckenlampe-fur-eingangsbereich-608000?utm_source=pinterest&utm_medium=social&utm_campaign=pins-home	https://cdn.shopify.com/s/files/1/0943/6856/3585/files/1ba952d4-37ee-4953-94c0-584558bb7bbd_water_trans.jpg?width=1200	Für den Eingangsbereich sorgt diese Deckenlampe für ein warmes Ambiente. · CHF 42.90 bei LuxeStyle CH — Gratis-Versand ab CHF 50, Kauf auf Rechnung mit Klarna oder TWINT.
arbeitsschuhe-mit-stahlkappe-616500	Schuhe & Sandalen	Arbeitsschuhe mit Stahlkappe	https://luxestyle.ch/products/arbeitsschuhe-mit-stahlkappe-616500?utm_source=pinterest&utm_medium=social&utm_campaign=pins-schuhe	https://cdn.shopify.com/s/files/1/0943/6856/3585/files/13080e50-8099-4598-8037-5981e8efa41f_trans.jpg?width=1200	Diese Arbeitsschuhe schützen deine Füsse in anspruchsvollen Arbeitsumgebungen. Du kannst sie bei der mechanischen Fertigung, im Bergbau oder in der Bauindustrie tragen. · CHF 36.90 bei LuxeStyle CH — Gratis-Versand ab CHF 50, Kauf auf Rechnung mit Klarna oder TWINT.
damen-ohrringe-mit-zirkonia-zweifarbig-611300	Schmuck & Accessoires	Damen Ohrringe mit Zirkonia, zweifarbig	https://luxestyle.ch/products/damen-ohrringe-mit-zirkonia-zweifarbig-611300?utm_source=pinterest&utm_medium=social&utm_campaign=pins-schmuck	https://cdn.shopify.com/s/files/1/0943/6856/3585/files/db04e926-b831-4599-b32c-8f37725434ce_water.jpg?width=1200	Diese stilvollen Ohrringe sind speziell für Frauen konzipiert, die ein Faible für Retro-Designs und geometrische Formen haben. Die zweifarbigen Ohrringe sind mit Zirkonia besetzt und verleihen jedem Outfit eine elegante Note. · CHF 19.90 bei LuxeStyle CH — Gratis-Versand ab CHF 50, Kauf auf Rechnung mit Klarna oder TWINT.
nordic-minimalist-nachttischlampe-59-cm-615700	Home & Geschenkideen	Nordic Minimalist Nachttischlampe 59 cm	https://luxestyle.ch/products/nordic-minimalist-nachttischlampe-59-cm-615700?utm_source=pinterest&utm_medium=social&utm_campaign=pins-home	https://cdn.shopify.com/s/files/1/0943/6856/3585/files/a898911a-2beb-45cf-bd6b-99efda5c8479_water_trans.jpg?width=1200	Für ruhige Abende am Bett sorgt die kompakte Nachttischlampe mit warmem Licht. · CHF 50.90 bei LuxeStyle CH — Gratis-Versand ab CHF 50, Kauf auf Rechnung mit Klarna oder TWINT.
herren-golf-sneaker-mit-festen-spikes-609700	Schuhe & Sandalen	Herren Golf-Sneaker mit festen Spikes	https://luxestyle.ch/products/herren-golf-sneaker-mit-festen-spikes-609700?utm_source=pinterest&utm_medium=social&utm_campaign=pins-schuhe	https://cdn.shopify.com/s/files/1/0943/6856/3585/files/bb8c81bf-4aff-4fba-87ea-a84253a2bbf0.jpg?width=1200	Dieser Golf-Sneaker ist für das Training auf Kunstrasen konzipiert und bietet dir guten Halt. Er hat ein Obermaterial aus Kunstleder und ein Futter aus Imitationsleder. · CHF 52.90 bei LuxeStyle CH — Gratis-Versand ab CHF 50, Kauf auf Rechnung mit Klarna oder TWINT.
opal-halskette-aus-925er-silber-oval-blau-weis-622400	Schmuck & Accessoires	Opal-Halskette aus 925er Silber, oval, blau-weiss	https://luxestyle.ch/products/opal-halskette-aus-925er-silber-oval-blau-weis-622400?utm_source=pinterest&utm_medium=social&utm_campaign=pins-schmuck	https://cdn.shopify.com/s/files/1/0943/6856/3585/files/10cf4d65-f654-499f-a6e1-6ac23ce93890.jpg?width=1200	Diese elegante Halskette mit einem ovalen, blau-weissen Opal-Anhänger ist ein Bestseller und ein stilvolles Accessoire für Damen. Das Design im Stil «Light Luxury» unterstreicht deine Persönlichkeit und verleiht jedem Outfit eine besondere Note. · CHF 30.90 bei LuxeStyle CH — Gratis-Versand ab CHF 50, Kauf auf Rechnung mit Klarna oder TWINT.
lily-of-the-valley-duftwarmer-ohne-flamme-628300	Home & Geschenkideen	Lily of the Valley Duftwärmer ohne Flamme	https://luxestyle.ch/products/lily-of-the-valley-duftwarmer-ohne-flamme-628300?utm_source=pinterest&utm_medium=social&utm_campaign=pins-home	https://cdn.shopify.com/s/files/1/0943/6856/3585/files/5ab6810a-5fdd-4674-b944-4af014299edb.jpg?width=1200	Für ein warmes, duftendes Ambiente in deinem Zuhause. Der Lampenwärmer verfügt über eine Lily‑of‑the‑Valley‑Glaskuppel, einen Stepless‑Dimming‑Schalter und ein Design aus Amber‑Dragon‑Pearl, Gold‑Lift‑Down und ovalem Naturholz. · CHF 34.90 bei LuxeStyle CH — Gratis-Versand ab CHF 50, Kauf auf Rechnung mit Klarna oder TWINT.
kinderlaufschuhe-weiss-pu-mit-bogenknopf-068096	Schuhe & Sandalen	Kinderlaufschuhe Weiss PU mit Bogenknopf	https://luxestyle.ch/products/kinderlaufschuhe-weiss-pu-mit-bogenknopf-068096?utm_source=pinterest&utm_medium=social&utm_campaign=pins-schuhe	https://cdn.shopify.com/s/files/1/0943/6856/3585/files/f038bb7a-cc57-4a03-9136-d4e92cba55da.jpg?width=1200	Für kleine Füsse, die beim Spielen neue Wege erkunden. Das Obermaterial besteht aus PU, die Sohle ist aus Gummi. · CHF 21.90 bei LuxeStyle CH — Gratis-Versand ab CHF 50, Kauf auf Rechnung mit Klarna oder TWINT.
vergoldetes-titan-halsband-mit-anhanger-628900	Schmuck & Accessoires	Vergoldetes Titan-Halsband mit Anhänger	https://luxestyle.ch/products/vergoldetes-titan-halsband-mit-anhanger-628900?utm_source=pinterest&utm_medium=social&utm_campaign=pins-schmuck	https://cdn.shopify.com/s/files/1/0943/6856/3585/files/bfc8f461-b213-4119-ac14-d95dc97d8c53.jpg?width=1200	Dieses elegante Halsband aus Titanstahl ist mit 18K Gold vergoldet und besticht durch sein offenes Design. Es ist als Collier konzipiert und wird durch einen stilvollen Anhänger ergänzt. · CHF 22.90 bei LuxeStyle CH — Gratis-Versand ab CHF 50, Kauf auf Rechnung mit Klarna oder TWINT.
halloween-gluhender-skull-raven-rose-aus-resin-601000	Home & Geschenkideen	Halloween-Glühender Skull‑Raven‑Rose aus Resin	https://luxestyle.ch/products/halloween-gluhender-skull-raven-rose-aus-resin-601000?utm_source=pinterest&utm_medium=social&utm_campaign=pins-home	https://cdn.shopify.com/s/files/1/0943/6856/3585/files/9796a1f4-eb10-49d4-ae69-082147b5af4c.png?width=1200	An Halloweenabenden bietet dieses Ornament ein farbiges Licht. Es besteht aus Resin und misst 8×5 Zoll. · CHF 57.90 bei LuxeStyle CH — Gratis-Versand ab CHF 50, Kauf auf Rechnung mit Klarna oder TWINT.
feizhi-kinder-laufschuh-246080	Schuhe & Sandalen	Feizhi Kinder-Laufschuh	https://luxestyle.ch/products/feizhi-kinder-laufschuh-246080?utm_source=pinterest&utm_medium=social&utm_campaign=pins-schuhe	https://cdn.shopify.com/s/files/1/0943/6856/3585/files/1615254950114.jpg?width=1200	Dieser leichte Kinderschuh ist für sportliche Aktivitäten und die Freizeit gedacht. Er bietet Komfort beim Laufen und Spielen. · CHF 26.90 bei LuxeStyle CH — Gratis-Versand ab CHF 50, Kauf auf Rechnung mit Klarna oder TWINT.
lilith-s-gaze-halskette-aus-titanstahl-632200	Schmuck & Accessoires	Lilith’s Gaze Halskette aus Titanstahl	https://luxestyle.ch/products/lilith-s-gaze-halskette-aus-titanstahl-632200?utm_source=pinterest&utm_medium=social&utm_campaign=pins-schmuck	https://cdn.shopify.com/s/files/1/0943/6856/3585/files/e9e968cb-e846-4231-afb1-80806b5e0148.jpg?width=1200	Die „Lilith’s Gaze“ Halskette ist ein ausdrucksstarkes Accessoire für alle, die einen Hauch von dunkler Ästhetik in ihren Stil integrieren möchten. Diese Nischen-Halskette ist nicht nur ein Blickfang, sondern überzeugt auch durch ihre hochwertige Verarbeitung und Langlebigkeit. · CHF 38.90 bei LuxeStyle CH — Gratis-Versand ab CHF 50, Kauf auf Rechnung mit Klarna oder TWINT.
minimalistische-schreibtischlampe-aus-plastik-601400	Home & Geschenkideen	Minimalistische Schreibtischlampe aus Plastik	https://luxestyle.ch/products/minimalistische-schreibtischlampe-aus-plastik-601400?utm_source=pinterest&utm_medium=social&utm_campaign=pins-home	https://cdn.shopify.com/s/files/1/0943/6856/3585/files/dd6f5e21-6777-4e4d-8995-b201402ffde0.jpg?width=1200	Für ruhige Arbeits- und Lesestunden bietet diese Schreibtischlampe ein dezentes, warmes Licht. · CHF 41.90 bei LuxeStyle CH — Gratis-Versand ab CHF 50, Kauf auf Rechnung mit Klarna oder TWINT.
kinder-sportschuhe-zum-schnuren-080000	Schuhe & Sandalen	Kinder Sportschuhe zum Schnüren	https://luxestyle.ch/products/kinder-sportschuhe-zum-schnuren-080000?utm_source=pinterest&utm_medium=social&utm_campaign=pins-schuhe	https://cdn.shopify.com/s/files/1/0943/6856/3585/files/1616826544606.jpg?width=1200	Dieser Kinderschuh ist für Kinder von 1 bis 6 Jahren geeignet. Er ist leicht, rutschfest und abriebfest, ideal für Frühling und Herbst. · CHF 25.90 bei LuxeStyle CH — Gratis-Versand ab CHF 50, Kauf auf Rechnung mit Klarna oder TWINT.
halskette-mit-runden-diamanten-und-perlen-626200	Schmuck & Accessoires	Halskette mit runden Diamanten und Perlen	https://luxestyle.ch/products/halskette-mit-runden-diamanten-und-perlen-626200?utm_source=pinterest&utm_medium=social&utm_campaign=pins-schmuck	https://cdn.shopify.com/s/files/1/0943/6856/3585/files/73030129-8e1e-4dbb-96fc-4b40c925768e.jpg?width=1200	Diese elegante Halskette ist ein vielseitiges Accessoire für Frauen und passt perfekt zu festlichen Anlässen wie Partys. Das Design zeichnet sich durch eine einzelne Reihe runder Diamanten und Perlen aus, die dem Schmuckstück eine besondere Note verleihen. · CHF 20.90 bei LuxeStyle CH — Gratis-Versand ab CHF 50, Kauf auf Rechnung mit Klarna oder TWINT.
mini-elektro-luftpumpe-mit-magnetlicht-618800	Home & Geschenkideen	Mini-Elektro-Luftpumpe mit Magnetlicht	https://luxestyle.ch/products/mini-elektro-luftpumpe-mit-magnetlicht-618800?utm_source=pinterest&utm_medium=social&utm_campaign=pins-home	https://cdn.shopify.com/s/files/1/0943/6856/3585/files/9d88088a-fce1-471d-80fd-095a02da28ec_trans.jpg?width=1200	Für unterwegs, wenn du schnell Luft in Reifen, Matratzen oder Ball brauchst, bietet diese kompakte Luftpumpe eine praktische Lösung. · CHF 41.90 bei LuxeStyle CH — Gratis-Versand ab CHF 50, Kauf auf Rechnung mit Klarna oder TWINT.
baby-sneaker-aus-mesh-fur-madchen-und-jungen-987904	Schuhe & Sandalen	Baby-Sneaker aus Mesh für Mädchen und Jungen	https://luxestyle.ch/products/baby-sneaker-aus-mesh-fur-madchen-und-jungen-987904?utm_source=pinterest&utm_medium=social&utm_campaign=pins-schuhe	https://cdn.shopify.com/s/files/1/0943/6856/3585/files/1617783393840.jpg?width=1200	Diese Baby-Sneaker aus Mesh sind eine bequeme Wahl für den Alltag deines Kindes. · CHF 25.90 bei LuxeStyle CH — Gratis-Versand ab CHF 50, Kauf auf Rechnung mit Klarna oder TWINT.
moy-retro-bad-girl-halskette-615700	Schmuck & Accessoires	MOY Retro Bad-Girl Halskette	https://luxestyle.ch/products/moy-retro-bad-girl-halskette-615700?utm_source=pinterest&utm_medium=social&utm_campaign=pins-schmuck	https://cdn.shopify.com/s/files/1/0943/6856/3585/files/41cc1b7a-b88e-4435-a082-72d1a83a63db.jpg?width=1200	Diese originelle MOY Halskette im angesagten Retro-Stil ist ein echtes Statement-Piece für Frauen, die ihren individuellen Look unterstreichen möchten. Das Design vereint süsse und coole Elemente zu einem einzigartigen «Bad-Girl»-Charakter. · CHF 20.90 bei LuxeStyle CH — Gratis-Versand ab CHF 50, Kauf auf Rechnung mit Klarna oder TWINT.
sonnenaufgangs-wecker-mit-bluetooth-so-611800	Home & Geschenkideen	Sonnenaufgangs‑Wecker mit Bluetooth‑So	https://luxestyle.ch/products/sonnenaufgangs-wecker-mit-bluetooth-so-611800?utm_source=pinterest&utm_medium=social&utm_campaign=pins-home	https://cdn.shopify.com/s/files/1/0943/6856/3585/files/5087da8a-c5ed-4f2c-8b3a-4b0be57ab80d_trans.jpg?width=1200	Für einen sanften Start in den Tag nutzt du den Sonnenaufgangs‑Wecker, der das Aufwachen mit einer allmählichen Lichtsimulation begleitet. Das Gerät misst 180 × 110 × 150 mm, nutzt ABS, PC, PMMA und POM, hat eine Nennspannung von 5 V = 2 A und einen Leistungssatz von 10 W. · CHF 48.90 bei LuxeStyle CH — Gratis-Versand ab CHF 50, Kauf auf Rechnung mit Klarna oder TWINT.
sportschuh-mit-luftpolster-und-schnurung-349120	Schuhe & Sandalen	Sportschuh mit Luftpolster und Schnürung	https://luxestyle.ch/products/sportschuh-mit-luftpolster-und-schnurung-349120?utm_source=pinterest&utm_medium=social&utm_campaign=pins-schuhe	https://cdn.shopify.com/s/files/1/0943/6856/3585/files/1618315852059.jpg?width=1200	Dieser Sportschuh ist für Erwachsene gedacht und eignet sich für den Alltag. Er hat ein Obermaterial aus recyceltem Leder und eine Sohle aus Gummischaum. · CHF 79.90 bei LuxeStyle CH — Gratis-Versand ab CHF 50, Kauf auf Rechnung mit Klarna oder TWINT.
halsreif-mit-anhanger-fur-damen-636000	Schmuck & Accessoires	Halsreif mit Anhänger für Damen	https://luxestyle.ch/products/halsreif-mit-anhanger-fur-damen-636000?utm_source=pinterest&utm_medium=social&utm_campaign=pins-schmuck	https://cdn.shopify.com/s/files/1/0943/6856/3585/files/36444172-4d39-4677-bbb0-24065ddcca67.jpg?width=1200	Dieser stilvolle Halsreif für Damen ist ein vielseitiges Accessoire im europäisch-amerikanischen Stil. Der Reif besteht aus robustem Titanstahl und ist galvanisiert, was ihm eine hochwertige Oberfläche verleiht. · CHF 19.90 bei LuxeStyle CH — Gratis-Versand ab CHF 50, Kauf auf Rechnung mit Klarna oder TWINT.
mushroom-form-led-wandlampe-ip65-628100	Home & Geschenkideen	Mushroom‑Form LED-Wandlampe IP65	https://luxestyle.ch/products/mushroom-form-led-wandlampe-ip65-628100?utm_source=pinterest&utm_medium=social&utm_campaign=pins-home	https://cdn.shopify.com/s/files/1/0943/6856/3585/files/0f4273cc-61da-4cee-aa81-35b3b7246963_water_trans.jpg?width=1200	Für den Aussenbereich, wenn ein dezentes, wetterfestes Licht gewünscht ist, sorgt diese LED‑Wandlampe für angenehme Atmosphäre. · CHF 24.90 bei LuxeStyle CH — Gratis-Versand ab CHF 50, Kauf auf Rechnung mit Klarna oder TWINT.
hollow-mesh-sneaker-mit-superhigh-heel-617600	Schuhe & Sandalen	Hollow Mesh Sneaker mit Superhigh Heel	https://luxestyle.ch/products/hollow-mesh-sneaker-mit-superhigh-heel-617600?utm_source=pinterest&utm_medium=social&utm_campaign=pins-schuhe	https://cdn.shopify.com/s/files/1/0943/6856/3585/files/a0fc9e3c-10ba-49d6-b980-08438132f823.jpg?width=1200	Ein Sneaker für den Alltag, der dank seines Mesh‑Einlegesohlen-Designs für gute Belüftung sorgt. Er ist in den Farben schwarz, weiss und grau erhältlich. · CHF 35.90 bei LuxeStyle CH — Gratis-Versand ab CHF 50, Kauf auf Rechnung mit Klarna oder TWINT.
retro-tarot-anhanger-aus-925er-silber-602100	Schmuck & Accessoires	Retro Tarot-Anhänger aus 925er Silber	https://luxestyle.ch/products/retro-tarot-anhanger-aus-925er-silber-602100?utm_source=pinterest&utm_medium=social&utm_campaign=pins-schmuck	https://cdn.shopify.com/s/files/1/0943/6856/3585/files/dda81d31-3dc6-4562-b95e-44f5145a1a38_water.jpg?width=1200	Dieser detailreiche Anhänger im Vintage-Stil ist das perfekte Accessoire für alle, die Schmuck gerne selbst gestalten. Gefertigt aus hochwertigem 925er Silber und veredelt mit einer aufwendigen Dripped-Oil-Technik, zeigt er ein kunstvolles Tarotkarten-Muster. · CHF 27.90 bei LuxeStyle CH — Gratis-Versand ab CHF 50, Kauf auf Rechnung mit Klarna oder TWINT.
magnetische-wandlampe-mit-kabellosem-aufladen-602500	Home & Geschenkideen	Magnetische Wandlampe mit kabellosem Aufladen	https://luxestyle.ch/products/magnetische-wandlampe-mit-kabellosem-aufladen-602500?utm_source=pinterest&utm_medium=social&utm_campaign=pins-home	https://cdn.shopify.com/s/files/1/0943/6856/3585/files/aed46fee-4b75-451f-b594-1396cad69948.jpg?width=1200	Für das Schlafzimmer oder den Arbeitsbereich bietet sie eine praktische Beleuchtung ohne Kabel. Die Lampe verfügt über einen eingebauten Akku mit einer Spannung von ≤36 V. · CHF 40.90 bei LuxeStyle CH — Gratis-Versand ab CHF 50, Kauf auf Rechnung mit Klarna oder TWINT.
herren-sneaker-mit-8-cm-plateausohle-610100	Schuhe & Sandalen	Herren Sneaker mit 8 cm Plateausohle	https://luxestyle.ch/products/herren-sneaker-mit-8-cm-plateausohle-610100?utm_source=pinterest&utm_medium=social&utm_campaign=pins-schuhe	https://cdn.shopify.com/s/files/1/0943/6856/3585/files/7faecee1-6617-41a5-8b83-effdd5d6a858.jpg?width=1200	Dieser Sneaker ist ein bequemer Alltagsschuh für dich. Er hat eine 8 cm hohe Plateausohle und ist aus echtem Leder gefertigt. · CHF 51.90 bei LuxeStyle CH — Gratis-Versand ab CHF 50, Kauf auf Rechnung mit Klarna oder TWINT.
diy-dezember-geburtsstein-halskette-601700	Schmuck & Accessoires	DIY Dezember Geburtsstein-Halskette	https://luxestyle.ch/products/diy-dezember-geburtsstein-halskette-601700?utm_source=pinterest&utm_medium=social&utm_campaign=pins-schmuck	https://cdn.shopify.com/s/files/1/0943/6856/3585/files/1cd50ba8-b6a6-4e19-9ce1-788ce30f6ea8.jpg?width=1200	Kreiere dein persönliches Schmuckstück mit dieser DIY-Halskette, die speziell für den Geburtsmonat Dezember entworfen wurde. Das Set ermöglicht es dir, eine einzigartige Halskette zu gestalten, die deine Individualität unterstreicht oder ein bedeutungsvolles Geschenk für einen lieben Menschen im Dezember darstellt. · CHF 20.90 bei LuxeStyle CH — Gratis-Versand ab CHF 50, Kauf auf Rechnung mit Klarna oder TWINT.
doppelseiten-wandlampe-fur-garten-terrasse-636800	Home & Geschenkideen	Doppelseiten-Wandlampe für Garten & Terrasse	https://luxestyle.ch/products/doppelseiten-wandlampe-fur-garten-terrasse-636800?utm_source=pinterest&utm_medium=social&utm_campaign=pins-home	https://cdn.shopify.com/s/files/1/0943/6856/3585/files/fe8556f3-859e-4a10-a2d4-ccf46cb458ca_trans.jpg?width=1200	Für abendliche Beleuchtung im Garten oder auf der Terrasse sorgt diese Wandlampe für angenehmes Licht. · CHF 21.90 bei LuxeStyle CH — Gratis-Versand ab CHF 50, Kauf auf Rechnung mit Klarna oder TWINT.
mesh-sneaker-fur-herren-613600	Schuhe & Sandalen	Mesh-Sneaker für Herren	https://luxestyle.ch/products/mesh-sneaker-fur-herren-613600?utm_source=pinterest&utm_medium=social&utm_campaign=pins-schuhe	https://cdn.shopify.com/s/files/1/0943/6856/3585/files/523e79ff-f3f2-4a1a-9753-8c155d6c56e9.jpg?width=1200	Dieser bequeme Mesh-Sneaker ist dein idealer Begleiter für jeden Tag. Er eignet sich für Jogging und Langstreckenläufe. · CHF 26.90 bei LuxeStyle CH — Gratis-Versand ab CHF 50, Kauf auf Rechnung mit Klarna oder TWINT.
damenring-mit-rechteckigem-moissanit-628300	Schmuck & Accessoires	Damenring mit rechteckigem Moissanit	https://luxestyle.ch/products/damenring-mit-rechteckigem-moissanit-628300?utm_source=pinterest&utm_medium=social&utm_campaign=pins-schmuck	https://cdn.shopify.com/s/files/1/0943/6856/3585/files/4d297a6c-2211-416c-8e3c-ba3354d6282e.jpg?width=1200	Dieser Damenring mit facettiertem Stein ist ein Schmuckstück für besondere Anlässe. Er ist aus 925er Silber gefertigt und galvanisiert. · CHF 48.90 bei LuxeStyle CH — Gratis-Versand ab CHF 50, Kauf auf Rechnung mit Klarna oder TWINT.
minimalistische-wandlampen-strip-60-150-cm-609500	Home & Geschenkideen	Minimalistische Wandlampen-Strip 60-150 cm	https://luxestyle.ch/products/minimalistische-wandlampen-strip-60-150-cm-609500?utm_source=pinterest&utm_medium=social&utm_campaign=pins-home	https://cdn.shopify.com/s/files/1/0943/6856/3585/files/ec540265-ca25-4412-b6bf-dfa2f4abbc55_trans.jpg?width=1200	Für ein dezentes Nachtlicht in jedem Schlafzimmer. Die Lampe lässt sich über einen Wandschalter oder eine Fernbedienung steuern. · CHF 26.90 bei LuxeStyle CH — Gratis-Versand ab CHF 50, Kauf auf Rechnung mit Klarna oder TWINT.
verstellbarer-kristall-blumenring-626300	Schmuck & Accessoires	Verstellbarer Kristall-Blumenring	https://luxestyle.ch/products/verstellbarer-kristall-blumenring-626300?utm_source=pinterest&utm_medium=social&utm_campaign=pins-schmuck	https://cdn.shopify.com/s/files/1/0943/6856/3585/files/6e2691ee-6933-4e11-9099-869a207b2f94_water.jpg?width=1200	Dieser verstellbare Ring ist ein schönes Accessoire für dein Outfit. Er ist in Grösse 7 verfügbar und besteht aus Kupfer. · CHF 24.90 bei LuxeStyle CH — Gratis-Versand ab CHF 50, Kauf auf Rechnung mit Klarna oder TWINT.
wandlampe-schlafzimmer-minimalistisches-spotli-608500	Home & Geschenkideen	Wandlampe Schlafzimmer – minimalistisches Spotlicht	https://luxestyle.ch/products/wandlampe-schlafzimmer-minimalistisches-spotli-608500?utm_source=pinterest&utm_medium=social&utm_campaign=pins-home	https://cdn.shopify.com/s/files/1/0943/6856/3585/files/ab640749-093d-434e-a74c-9116dde9a572_trans.jpg?width=1200	Wenn du im Bett lesen möchtest, liefert diese Wandlampe ein warmes, weisses Licht. · CHF 23.90 bei LuxeStyle CH — Gratis-Versand ab CHF 50, Kauf auf Rechnung mit Klarna oder TWINT.
damenring-mit-zirkon-einlage-601900	Schmuck & Accessoires	Damenring mit Zirkon-Einlage	https://luxestyle.ch/products/damenring-mit-zirkon-einlage-601900?utm_source=pinterest&utm_medium=social&utm_campaign=pins-schmuck	https://cdn.shopify.com/s/files/1/0943/6856/3585/files/7b105f93-beee-4c23-9657-b06900bac840.jpg?width=1200	Dieser Ring ist ein Schmuckstück, das du jeden Tag tragen kannst. Er ist aus Kupfer gefertigt und mit Zirkonia in einer Wassertropfenform besetzt. · CHF 24.90 bei LuxeStyle CH — Gratis-Versand ab CHF 50, Kauf auf Rechnung mit Klarna oder TWINT.
archangel-michael-wandlampe-aus-resin-638600	Home & Geschenkideen	Archangel Michael Wandlampe aus Resin	https://luxestyle.ch/products/archangel-michael-wandlampe-aus-resin-638600?utm_source=pinterest&utm_medium=social&utm_campaign=pins-home	https://cdn.shopify.com/s/files/1/0943/6856/3585/files/0547a7c9-f1bd-4ca3-a8b1-2fff1f69152d_water.jpg?width=1200	Für ein warmes, mystisches Ambiente in der Nacht. Die Lampe besteht aus Resin. · CHF 21.90 bei LuxeStyle CH — Gratis-Versand ab CHF 50, Kauf auf Rechnung mit Klarna oder TWINT.
minimalistischer-amethyst-damenring-625900	Schmuck & Accessoires	Minimalistischer Amethyst-Damenring	https://luxestyle.ch/products/minimalistischer-amethyst-damenring-625900?utm_source=pinterest&utm_medium=social&utm_campaign=pins-schmuck	https://cdn.shopify.com/s/files/1/0943/6856/3585/files/0ba188fb-5810-4448-841e-72ac37f4f46b.jpg?width=1200	Dieser Ring ist ein schlichtes Schmuckstück für jeden Tag. Er ist aus einer Legierung gefertigt und wurde galvanisiert. · CHF 29.90 bei LuxeStyle CH — Gratis-Versand ab CHF 50, Kauf auf Rechnung mit Klarna oder TWINT.
wandlampe-mid-century-wabi-sabi-634700	Home & Geschenkideen	Wandlampe Mid‑Century Wabi‑Sabi	https://luxestyle.ch/products/wandlampe-mid-century-wabi-sabi-634700?utm_source=pinterest&utm_medium=social&utm_campaign=pins-home	https://cdn.shopify.com/s/files/1/0943/6856/3585/files/605bc378-07cc-4c9c-b047-66271681e1c6.jpg?width=1200	Für ruhige Abende im Schlafzimmer, Wohnzimmer oder Flur sorgt diese Wandlampe für ein warmes, nostalgisches Licht. · CHF 68.90 bei LuxeStyle CH — Gratis-Versand ab CHF 50, Kauf auf Rechnung mit Klarna oder TWINT.
kupferring-mit-gravur-und-geburtsstein-633600	Schmuck & Accessoires	Kupferring mit Gravur und Geburtsstein	https://luxestyle.ch/products/kupferring-mit-gravur-und-geburtsstein-633600?utm_source=pinterest&utm_medium=social&utm_campaign=pins-schmuck	https://cdn.shopify.com/s/files/1/0943/6856/3585/files/11ff5d5d-293f-46fc-8f67-808bb0c0eff9.jpg?width=1200	Dieser Ring aus Kupfer ist ein Accessoire, das du täglich tragen kannst. Er hat eine galvanische Beschichtung und ist in Stil 1 erhältlich. · CHF 27.90 bei LuxeStyle CH — Gratis-Versand ab CHF 50, Kauf auf Rechnung mit Klarna oder TWINT.
minimalistische-led-wandlampe-mit-dimmen-604500	Home & Geschenkideen	Minimalistische LED-Wandlampe mit Dimmen	https://luxestyle.ch/products/minimalistische-led-wandlampe-mit-dimmen-604500?utm_source=pinterest&utm_medium=social&utm_campaign=pins-home	https://cdn.shopify.com/s/files/1/0943/6856/3585/files/d425e2c7-e8a6-44af-b9b5-635df8cc0707.jpg?width=1200	Für die Aussenbeleuchtung von Balkon oder Terrasse sorgt diese Wandlampe für angenehmes Licht. · CHF 45.90 bei LuxeStyle CH — Gratis-Versand ab CHF 50, Kauf auf Rechnung mit Klarna oder TWINT.
innstar-huftring-widerstandsband-683648	Schmuck & Accessoires	Innstar Hüftring Widerstandsband	https://luxestyle.ch/products/innstar-huftring-widerstandsband-683648?utm_source=pinterest&utm_medium=social&utm_campaign=pins-schmuck	https://cdn.shopify.com/s/files/1/0943/6856/3585/files/1618455605251.png?width=1200	Dieses Widerstandsband unterstützt dich beim Training von Squats und anderen Fitnessübungen. Du kannst es für Yoga oder zur Stärkung der Hüftmuskulatur verwenden. · CHF 50.90 bei LuxeStyle CH — Gratis-Versand ab CHF 50, Kauf auf Rechnung mit Klarna oder TWINT.
hufeisenring-mit-zirkonia-verstellbar-638200	Schmuck & Accessoires	Hufeisenring mit Zirkonia, verstellbar	https://luxestyle.ch/products/hufeisenring-mit-zirkonia-verstellbar-638200?utm_source=pinterest&utm_medium=social&utm_campaign=pins-schmuck	https://cdn.shopify.com/s/files/1/0943/6856/3585/files/fbabde01-4b60-4543-a28e-f0629080473c.jpg?width=1200	Dieser Ring ist ein vielseitiges Accessoire, das du täglich tragen kannst. Er besteht aus Edelstahl und ist mit Mikro-Zirkonia im Marquise-Schliff besetzt. · CHF 24.90 bei LuxeStyle CH — Gratis-Versand ab CHF 50, Kauf auf Rechnung mit Klarna oder TWINT.
silberring-mit-moissanit-diamant-620700	Schmuck & Accessoires	Silberring mit Moissanit-Diamant	https://luxestyle.ch/products/silberring-mit-moissanit-diamant-620700?utm_source=pinterest&utm_medium=social&utm_campaign=pins-schmuck	https://cdn.shopify.com/s/files/1/0943/6856/3585/files/76f7f163-0940-4fbe-a587-00dea2acdb26.jpg?width=1200	Dieser Ring ist ein schlichtes Accessoire für jeden Tag. Er eignet sich als Erinnerungsstück an Reisen oder für festliche Anlässe. · CHF 33.90 bei LuxeStyle CH — Gratis-Versand ab CHF 50, Kauf auf Rechnung mit Klarna oder TWINT.
zirkonia-ohrringe-facher-grun-gold-optik-025280	Schmuck & Accessoires	Zirkonia-Ohrringe «Fächer» Grün · Gold-Optik	https://luxestyle.ch/products/zirkonia-ohrringe-facher-grun-gold-optik-025280?utm_source=pinterest&utm_medium=social&utm_campaign=pins-schmuck	https://cdn.shopify.com/s/files/1/0943/6856/3585/files/1623998052015.jpg?width=1200	Zirkonia-Ohrringe «Fächer» Grün · Gold-Optik — edler Look für jeden Anlass. ✨ Grüner Zirkonia im Fächer-Design · vergoldete Fassung 🎁 In hübscher Geschenkverpackung – ideal zum Verschenken 💎 Hautfreundlich & alltagstauglich · CHF 31.90 bei LuxeStyle CH — Gratis-Versand ab CHF 50, Kauf auf Rechnung mit Klarna oder TWINT.
schmuck-set-trio-925-silber-kette-ohrringe-armba-866688	Schmuck & Accessoires	Schmuck-Set «Trio» · 925 Silber (Kette · Ohrringe · Armband)	https://luxestyle.ch/products/schmuck-set-trio-925-silber-kette-ohrringe-armba-866688?utm_source=pinterest&utm_medium=social&utm_campaign=pins-schmuck	https://cdn.shopify.com/s/files/1/0943/6856/3585/files/9b3c027e-9f10-438e-bdb6-502adf7b580c.png?width=1200	Schmuck-Set «Trio» · 925 Silber — Kette, Ohrringe & Armband im edlen Set. ✨ 3-teiliges Set aus 925 Sterling-Silber · Kette, Ohrringe & Armband 🎁 In hübscher Geschenkverpackung – ideal zum Verschenken 💎 Hautfreundlich & anlaufarm Material & Pflege Echtes 925 Sterlingsilber - alle drei Teile (Kette, Ohrringe & Armband) bestehen aus 925er Silber und sind hautfreundlich. · CHF 51.90 bei LuxeStyle CH — Gratis-Versand ab CHF 50, Kauf auf Rechnung mit Klarna oder TWINT.
vergoldete-halskette-blatt-18k-gold-optik-633400	Schmuck & Accessoires	Vergoldete Halskette «Blatt» · 18k Gold-Optik	https://luxestyle.ch/products/vergoldete-halskette-blatt-18k-gold-optik-633400?utm_source=pinterest&utm_medium=social&utm_campaign=pins-schmuck	https://cdn.shopify.com/s/files/1/0943/6856/3585/files/9780c30d-0eda-403e-b392-3cf69cc39967.jpg?width=1200	Vergoldete Halskette «Blatt» · 18k Gold-Optik — edler Look für jeden Anlass. ✨ 18-karat-vergoldete Edelstahl-Optik · zartes Blatt-Design 🎁 In hübscher Geschenkverpackung – ideal zum Verschenken 💎 Hautfreundlich & alltagstauglich · CHF 30.90 bei LuxeStyle CH — Gratis-Versand ab CHF 50, Kauf auf Rechnung mit Klarna oder TWINT.
schmetterling-ohrstecker-marquise-925-silber-572930	Schmuck & Accessoires	Schmetterling-Ohrstecker «Marquise» · 925 Silber	https://luxestyle.ch/products/schmetterling-ohrstecker-marquise-925-silber-572930?utm_source=pinterest&utm_medium=social&utm_campaign=pins-schmuck	https://cdn.shopify.com/s/files/1/0943/6856/3585/files/df97c690-3d19-43c2-be01-393bfbb8e3b1.jpg?width=1200	Schmetterling-Ohrstecker «Marquise» · 925 Silber — edles Funkeln aus echtem Sterling-Silber. 💎 Lab-Edelstein – brillant & wertig 🥈 925 Sterling-Silber – hautfreundlich & anlaufarm 🎁 In edler Geschenkbox – perfekt zum Verschenken Material & Pflege Gefertigt aus echtem 925 Sterlingsilber mit einem gefassten Lab-Edelstein. · CHF 54.90 bei LuxeStyle CH — Gratis-Versand ab CHF 50, Kauf auf Rechnung mit Klarna oder TWINT.
edelstein-kleeblatt-rubin-saphir-925-silber-913089	Schmuck & Accessoires	Edelstein-Kleeblatt · 925 Silber · Rubin, Saphir, Smaragd oder Peridot	https://luxestyle.ch/products/edelstein-kleeblatt-rubin-saphir-925-silber-913089?utm_source=pinterest&utm_medium=social&utm_campaign=pins-schmuck	https://cdn.shopify.com/s/files/1/0943/6856/3585/files/29422917-746b-430e-b0d1-7d0f1bdce14b.jpg?width=1200	Edelstein-Kleeblatt · 925 Silber — edles Funkeln aus echtem Sterling-Silber. 💎 Lab-Rubin & -Saphir – brillant & wertig 🥈 925 Sterling-Silber – hautfreundlich & anlaufarm 🎁 In edler Geschenkbox – perfekt zum Verschenken Technische Details: Gewicht ca. · CHF 99.90 bei LuxeStyle CH — Gratis-Versand ab CHF 50, Kauf auf Rechnung mit Klarna oder TWINT.
edelstein-anhanger-bluten-halo-925-silber-661890	Schmuck & Accessoires	Edelstein-Anhänger «Blüten-Halo» · 925 Silber	https://luxestyle.ch/products/edelstein-anhanger-bluten-halo-925-silber-661890?utm_source=pinterest&utm_medium=social&utm_campaign=pins-schmuck	https://cdn.shopify.com/s/files/1/0943/6856/3585/files/5e3a3131-fe61-4125-aaf0-f4e519a58550.jpg?width=1200	Edelstein-Anhänger «Blüten-Halo» · 925 Silber — edles Funkeln aus echtem Sterling-Silber. 💎 Lab-Edelstein – brillant & wertig 🥈 925 Sterling-Silber – hautfreundlich & anlaufarm 🎁 In edler Geschenkbox – perfekt zum Verschenken Technische Details: Gewicht ca. · CHF 107.90 bei LuxeStyle CH — Gratis-Versand ab CHF 50, Kauf auf Rechnung mit Klarna oder TWINT.
edelstein-kreuz-anhanger-rubin-925-silber-567554	Schmuck & Accessoires	Edelstein-Kreuz-Anhänger «Rubin» · 925 Silber	https://luxestyle.ch/products/edelstein-kreuz-anhanger-rubin-925-silber-567554?utm_source=pinterest&utm_medium=social&utm_campaign=pins-schmuck	https://cdn.shopify.com/s/files/1/0943/6856/3585/files/be024bf8-f1de-4867-9716-80cdafc10a1d.jpg?width=1200	Edelstein-Kreuz-Anhänger «Rubin» · 925 Silber — edles Funkeln aus echtem Sterling-Silber. 💎 Lab-Rubin – brillant & wertig 🥈 925 Sterling-Silber – hautfreundlich & anlaufarm 🎁 In edler Geschenkbox – perfekt zum Verschenken Technische Details: Gewicht ca. · CHF 117.90 bei LuxeStyle CH — Gratis-Versand ab CHF 50, Kauf auf Rechnung mit Klarna oder TWINT.
moissanit-ohrhanger-halo-1-ct-925-silber-759426	Schmuck & Accessoires	Moissanit-Ohrhänger «Halo» 1 ct · 925 Silber	https://luxestyle.ch/products/moissanit-ohrhanger-halo-1-ct-925-silber-759426?utm_source=pinterest&utm_medium=social&utm_campaign=pins-schmuck	https://cdn.shopify.com/s/files/1/0943/6856/3585/files/67d9b326-8883-457a-8eeb-86d525ac8e18.jpg?width=1200	Moissanit-Ohrhänger «Halo» 1 ct · 925 Silber — edles Funkeln aus echtem Sterling-Silber. 💎 Moissanit (D-VVS1) – brillant & wertig 🥈 925 Sterling-Silber – hautfreundlich & anlaufarm 🎁 In edler Geschenkbox – perfekt zum Verschenken · CHF 102.90 bei LuxeStyle CH — Gratis-Versand ab CHF 50, Kauf auf Rechnung mit Klarna oder TWINT.
retro-armband-aus-edelstahl-627100	Schmuck & Accessoires	Retro Armband aus Edelstahl	https://luxestyle.ch/products/retro-armband-aus-edelstahl-627100?utm_source=pinterest&utm_medium=social&utm_campaign=pins-schmuck	https://cdn.shopify.com/s/files/1/0943/6856/3585/files/54638a6e-0ff2-473a-b37e-b9208af060c8.jpg?width=1200	Dieses Armband ist ein schlichtes Schmuckstück, das du jeden Tag tragen kannst. Es besteht aus robustem Edelstahl. · CHF 25.90 bei LuxeStyle CH — Gratis-Versand ab CHF 50, Kauf auf Rechnung mit Klarna oder TWINT.
magnetarmband-aus-titan-und-edelstahl-621900	Schmuck & Accessoires	Magnetarmband aus Titan und Edelstahl	https://luxestyle.ch/products/magnetarmband-aus-titan-und-edelstahl-621900?utm_source=pinterest&utm_medium=social&utm_campaign=pins-schmuck	https://cdn.shopify.com/s/files/1/0943/6856/3585/files/41c3d6f3-11c1-41b2-9ec4-6874ac15f0cc.jpg?width=1200	Dieses Magnetarmband ist ein schlichtes Accessoire, das du täglich tragen kannst. Es ist für Paare konzipiert und wird im Elektroplattierungsverfahren hergestellt. · CHF 27.90 bei LuxeStyle CH — Gratis-Versand ab CHF 50, Kauf auf Rechnung mit Klarna oder TWINT.
dreistufiger-ring-18k-vergoldeter-edelstahl-607000	Schmuck & Accessoires	Dreistufiger Ring, 18K vergoldeter Edelstahl	https://luxestyle.ch/products/dreistufiger-ring-18k-vergoldeter-edelstahl-607000?utm_source=pinterest&utm_medium=social&utm_campaign=pins-schmuck	https://cdn.shopify.com/s/files/1/0943/6856/3585/files/47b75d0c-3cae-4fb8-93e4-61b3039bc985.jpg?width=1200	Dieser dreistufige Ring ist ein modisches Accessoire, das du täglich tragen kannst. Er ist für Frauen konzipiert und in Grösse 6 erhältlich. · CHF 24.90 bei LuxeStyle CH — Gratis-Versand ab CHF 50, Kauf auf Rechnung mit Klarna oder TWINT.
edelstahl-armband-mit-buchstaben-603400	Schmuck & Accessoires	Edelstahl-Armband mit Buchstaben	https://luxestyle.ch/products/edelstahl-armband-mit-buchstaben-603400?utm_source=pinterest&utm_medium=social&utm_campaign=pins-schmuck	https://cdn.shopify.com/s/files/1/0943/6856/3585/files/e472e620-9744-46f6-8ff7-b57e06bc6177.jpg?width=1200	Dieses Armband ist ein persönliches Accessoire für dein Handgelenk. Es ist aus robustem Edelstahl gefertigt und in den Farben Stahl, Gold oder Roségold erhältlich. · CHF 26.90 bei LuxeStyle CH — Gratis-Versand ab CHF 50, Kauf auf Rechnung mit Klarna oder TWINT.
vergoldetes-edelstahl-armband-mit-doppel-schic-608400	Schmuck & Accessoires	Vergoldetes Edelstahl-Armband mit Doppel-Schicht	https://luxestyle.ch/products/vergoldetes-edelstahl-armband-mit-doppel-schic-608400?utm_source=pinterest&utm_medium=social&utm_campaign=pins-schmuck	https://cdn.shopify.com/s/files/1/0943/6856/3585/files/e2a75047-087b-4af9-8fa0-8efe66115efb.jpg?width=1200	Dieses vergoldete Edelstahl-Armband ist ein Accessoire, das du täglich tragen kannst. Es besteht aus robustem Edelstahl und hat eine doppelte Schicht. · CHF 24.90 bei LuxeStyle CH — Gratis-Versand ab CHF 50, Kauf auf Rechnung mit Klarna oder TWINT.
buchstaben-armband-aus-edelstahl-604700	Schmuck & Accessoires	Buchstaben-Armband aus Edelstahl	https://luxestyle.ch/products/buchstaben-armband-aus-edelstahl-604700?utm_source=pinterest&utm_medium=social&utm_campaign=pins-schmuck	https://cdn.shopify.com/s/files/1/0943/6856/3585/files/37f1595d-6355-40bb-8f7b-00714df8804c.jpg?width=1200	Dieses Armband ist ein schlichtes Accessoire für dein Handgelenk. Es passt gut zu verschiedenen Outfits und Anlässen. · CHF 24.90 bei LuxeStyle CH — Gratis-Versand ab CHF 50, Kauf auf Rechnung mit Klarna oder TWINT.
diy-armband-mit-herzanhanger-aus-edelstahl-607600	Schmuck & Accessoires	DIY-Armband mit Herzanhänger aus Edelstahl	https://luxestyle.ch/products/diy-armband-mit-herzanhanger-aus-edelstahl-607600?utm_source=pinterest&utm_medium=social&utm_campaign=pins-schmuck	https://cdn.shopify.com/s/files/1/0943/6856/3585/files/460cee45-f2a4-4f93-a48c-9cea2207d54c.jpg?width=1200	Entdecke unser elegantes DIY-Armband im europäischen und amerikanischen Stil, perfekt für Paare oder als individuelles Statement. Gefertigt aus hochwertigem Edelstahl, bietet dieses Armband Langlebigkeit und einen stilvollen Look. · CHF 24.90 bei LuxeStyle CH — Gratis-Versand ab CHF 50, Kauf auf Rechnung mit Klarna oder TWINT.
hip-hop-cuban-armband-aus-edelstahl-620900	Schmuck & Accessoires	Hip-Hop Cuban Armband aus Edelstahl	https://luxestyle.ch/products/hip-hop-cuban-armband-aus-edelstahl-620900?utm_source=pinterest&utm_medium=social&utm_campaign=pins-schmuck	https://cdn.shopify.com/s/files/1/0943/6856/3585/files/50c645ad-855e-41be-ba60-f20174062f29.jpg?width=1200	Das stylische Cuban Armband im Hip-Hop-Stil ist ein vielseitiges Accessoire für Damen und Herren. Gefertigt aus robustem Edelstahl, präsentiert es sich in einem glänzenden Goldton mit einer Breite von 10 mm. · CHF 31.90 bei LuxeStyle CH — Gratis-Versand ab CHF 50, Kauf auf Rechnung mit Klarna oder TWINT.
