id	item_group_id	title	description	link	image_link	additional_image_link	price	availability	quantity	gtin	brand	condition	product_type	shipping_time
fortura-90654-2	langes-hippiekleid-gr-m-ft90654-2	Langes Hippiekleid · Gr. M	Kleid Details Marke: Widmann Farbe: mehrfarbig Grösse: M Anlass: Fasnacht Lieferumfang: Kleid Warum bei LuxeStyle kaufen? 🇨🇭 Versand aus der Schweiz – Lieferung in nur 1–2 Werktagen (DPD) ↩️ 30 Tage Rückgaberecht 🔒 Kauf auf Rechnung mit Klarna · TWINT · Karten · PayPal · Apple Pay 💬 Schweizer Support: info@luxestyle.ch	https://luxestyle.ch/products/langes-hippiekleid-gr-m-ft90654-2?variant=55969610301825	https://cdn.shopify.com/s/files/1/0943/6856/3585/files/90654-2_1.jpg?v=1784826985	https://cdn.shopify.com/s/files/1/0943/6856/3585/files/90654-2_2.jpg?v=1784929076	48.00 CHF	in stock	1	8003558065424	LuxeStyle	new	Kostüme & Verkleidung	1-3 Werktage (Lager Schweiz)
fortura-90717-2	mittelalterlicher-deluxe-anzug-gr-m-ft90717-2	Mittelalterlicher Deluxe Anzug – M	1 Mantel Details Marke: Widmann Farbe: schwarz Grösse: M, L Anlass: Mottoparty Lieferumfang: 1 Mantel Warum bei LuxeStyle kaufen? 🇨🇭 Versand aus der Schweiz – Lieferung in nur 1–2 Werktagen (DPD) ↩️ 30 Tage Rückgaberecht 🔒 Kauf auf Rechnung mit Klarna · TWINT · Karten · PayPal · Apple Pay 💬 Schweizer Support: info@luxestyle.ch	https://luxestyle.ch/products/mittelalterlicher-deluxe-anzug-gr-m-ft90717-2?variant=56056792383873	https://cdn.shopify.com/s/files/1/0943/6856/3585/files/90717-2_1.jpg?v=1784827016	https://cdn.shopify.com/s/files/1/0943/6856/3585/files/90717-2_2.jpg?v=1784929090	58.00 CHF	in stock	3	8003558071722	LuxeStyle	new	Kostüme & Verkleidung	1-3 Werktage (Lager Schweiz)
fortura-90717-3	mittelalterlicher-deluxe-anzug-gr-m-ft90717-2	Mittelalterlicher Deluxe Anzug – L	1 Mantel Details Marke: Widmann Farbe: schwarz Grösse: M, L Anlass: Mottoparty Lieferumfang: 1 Mantel Warum bei LuxeStyle kaufen? 🇨🇭 Versand aus der Schweiz – Lieferung in nur 1–2 Werktagen (DPD) ↩️ 30 Tage Rückgaberecht 🔒 Kauf auf Rechnung mit Klarna · TWINT · Karten · PayPal · Apple Pay 💬 Schweizer Support: info@luxestyle.ch	https://luxestyle.ch/products/mittelalterlicher-deluxe-anzug-gr-m-ft90717-2?variant=56056792416641	https://cdn.shopify.com/s/files/1/0943/6856/3585/files/90717-2_1.jpg?v=1784827016	https://cdn.shopify.com/s/files/1/0943/6856/3585/files/90717-2_2.jpg?v=1784929090	58.00 CHF	in stock	3	8003558071739	LuxeStyle	new	Kostüme & Verkleidung	1-3 Werktage (Lager Schweiz)
fortura-HB212036	tirolerdirndl-gr-36-fthb212036	Tirolerdirndl – 36	Tirolerdirndl · Gr. 36 – hochwertige Qualität ab Schweizer Lager. Details Grösse: 36 Warum bei LuxeStyle kaufen? 🇨🇭 Versand aus der Schweiz – Lieferung in nur 1–2 Werktagen (DPD) ↩️ 30 Tage Rückgaberecht 🔒 Kauf auf Rechnung mit Klarna · TWINT · Karten · PayPal · Apple Pay 💬 Schweizer Support: info@luxestyle.ch	https://luxestyle.ch/products/tirolerdirndl-gr-36-fthb212036?variant=56056821219713	https://cdn.shopify.com/s/files/1/0943/6856/3585/files/HB212036_1.jpg?v=1784835732		72.90 CHF	in stock	1		LuxeStyle	new	Kostüme & Verkleidung	1-3 Werktage (Lager Schweiz)
fortura-HB213044	dirndl-mit-h-tragern-grosse-44-fthb213044	Dirndl mit H-Trägern Grösse 44	Dirndl mit H-Trägern Grösse 44 – hochwertige Qualität ab Schweizer Lager. Details Grösse: 44 Warum bei LuxeStyle kaufen? 🇨🇭 Versand aus der Schweiz – Lieferung in nur 1–2 Werktagen (DPD) ↩️ 30 Tage Rückgaberecht 🔒 Kauf auf Rechnung mit Klarna · TWINT · Karten · PayPal · Apple Pay 💬 Schweizer Support: info@luxestyle.ch	https://luxestyle.ch/products/dirndl-mit-h-tragern-grosse-44-fthb213044?variant=55970389655937	https://cdn.shopify.com/s/files/1/0943/6856/3585/files/HB213044_1.jpg?v=1784835739		62.90 CHF	in stock	1		LuxeStyle	new	Kostüme & Verkleidung	1-3 Werktage (Lager Schweiz)
fortura-HB213042	dirndl-mit-h-tragern-grosse-42-fthb213042	Dirndl mit H-Trägern Grösse 42	Dirndl mit H-Trägern Grösse 42 – hochwertige Qualität ab Schweizer Lager. Details Grösse: 42 Warum bei LuxeStyle kaufen? 🇨🇭 Versand aus der Schweiz – Lieferung in nur 1–2 Werktagen (DPD) ↩️ 30 Tage Rückgaberecht 🔒 Kauf auf Rechnung mit Klarna · TWINT · Karten · PayPal · Apple Pay 💬 Schweizer Support: info@luxestyle.ch	https://luxestyle.ch/products/dirndl-mit-h-tragern-grosse-42-fthb213042?variant=55970389819777	https://cdn.shopify.com/s/files/1/0943/6856/3585/files/HB213042_1.jpg?v=1784835742		62.90 CHF	in stock	1		LuxeStyle	new	Kostüme & Verkleidung	1-3 Werktage (Lager Schweiz)
fortura-HB220648	lederhosen-100-polyester-kurz-fthb220648	Lederhosen 100% Polyester kurz	Lederhosen 100% Polyester kurz – hochwertige Qualität ab Schweizer Lager. Details Warum bei LuxeStyle kaufen? 🇨🇭 Versand aus der Schweiz – Lieferung in nur 1–2 Werktagen (DPD) ↩️ 30 Tage Rückgaberecht 🔒 Kauf auf Rechnung mit Klarna · TWINT · Karten · PayPal · Apple Pay 💬 Schweizer Support: info@luxestyle.ch	https://luxestyle.ch/products/lederhosen-100-polyester-kurz-fthb220648?variant=55970392768897	https://cdn.shopify.com/s/files/1/0943/6856/3585/files/HB220648_1.jpg?v=1784835752		79.00 CHF	in stock	1		LuxeStyle	new	Kostüme & Verkleidung	1-3 Werktage (Lager Schweiz)
fortura-HB220654	lederhose-100-polyester-kurz-fthb220654	Lederhose 100% Polyester kurz	Lederhose 100% Polyester kurz – hochwertige Qualität ab Schweizer Lager. Details Warum bei LuxeStyle kaufen? 🇨🇭 Versand aus der Schweiz – Lieferung in nur 1–2 Werktagen (DPD) ↩️ 30 Tage Rückgaberecht 🔒 Kauf auf Rechnung mit Klarna · TWINT · Karten · PayPal · Apple Pay 💬 Schweizer Support: info@luxestyle.ch	https://luxestyle.ch/products/lederhose-100-polyester-kurz-fthb220654?variant=55970395357569	https://cdn.shopify.com/s/files/1/0943/6856/3585/files/HB220654_1.jpg?v=1784835754		79.00 CHF	in stock	1		LuxeStyle	new	Kostüme & Verkleidung	1-3 Werktage (Lager Schweiz)
fortura-CK27822	stock-mit-krahen-kopf-latex-ftck27822	Stock mit Krähen Kopf Latex	Stock mit Krähen Kopf Latex – hochwertige Qualität ab Schweizer Lager. Details Warum bei LuxeStyle kaufen? 🇨🇭 Versand aus der Schweiz – Lieferung in nur 1–2 Werktagen (DPD) ↩️ 30 Tage Rückgaberecht 🔒 Kauf auf Rechnung mit Klarna · TWINT · Karten · PayPal · Apple Pay 💬 Schweizer Support: info@luxestyle.ch	https://luxestyle.ch/products/stock-mit-krahen-kopf-latex-ftck27822?variant=55970618147201	https://cdn.shopify.com/s/files/1/0943/6856/3585/files/CK27822_1.jpg?v=1784836575		82.90 CHF	in stock	1		LuxeStyle	new	Kostüme & Verkleidung	1-3 Werktage (Lager Schweiz)
fortura-41638	kinderkostum-peppa-fairy-dress-fgss4163	Kinderkostüm Peppa Fairy Dress	Kinderkostüm Peppa Fairy Dress – hochwertige Qualität ab Schweizer Lager. Details Marke: Widmann Warum bei LuxeStyle kaufen? 🇨🇭 Versand aus der Schweiz – Lieferung in nur 1–2 Werktagen (DPD) ↩️ 30 Tage Rückgaberecht 🔒 Kauf auf Rechnung mit Klarna · TWINT · Karten · PayPal · Apple Pay 💬 Schweizer Support: info@luxestyle.ch	https://luxestyle.ch/products/kinderkostum-peppa-fairy-dress-fgss4163?variant=55970678866305	https://cdn.shopify.com/s/files/1/0943/6856/3585/files/41638_1_d8f80652-e90d-4061-ace8-e9f5ece51a8a.jpg?v=1784839682	https://cdn.shopify.com/s/files/1/0943/6856/3585/files/41638_3.jpg?v=1784934197,https://cdn.shopify.com/s/files/1/0943/6856/3585/files/41638_2.jpg?v=1784934197	61.90 CHF	in stock	4	192937115671	LuxeStyle	new	Kostüme & Verkleidung	1-3 Werktage (Lager Schweiz)
fortura-49526	kostum-pokemon-pikachu-anzug-fgss4952e	Kostüm Pokemon Pikachu Anzug	Kostüm Pokemon Pikachu Anzug – hochwertige Qualität ab Schweizer Lager. Details Marke: Widmann Warum bei LuxeStyle kaufen? 🇨🇭 Versand aus der Schweiz – Lieferung in nur 1–2 Werktagen (DPD) ↩️ 30 Tage Rückgaberecht 🔒 Kauf auf Rechnung mit Klarna · TWINT · Karten · PayPal · Apple Pay 💬 Schweizer Support: info@luxestyle.ch	https://luxestyle.ch/products/kostum-pokemon-pikachu-anzug-fgss4952e?variant=55970679357825	https://cdn.shopify.com/s/files/1/0943/6856/3585/files/49525_1.jpg?v=1784839689	https://cdn.shopify.com/s/files/1/0943/6856/3585/files/49526_2.jpg?v=1784934209	67.90 CHF	in stock	1	194099027427	LuxeStyle	new	Kostüme & Verkleidung	1-3 Werktage (Lager Schweiz)
fortura-41648	kostum-ninja-turtles-grosse-m-fgss4164e	Kostüm Ninja Turtles Grösse M – M	Kostüm Ninja Turtles Details Marke: Widmann Warum bei LuxeStyle kaufen? 🇨🇭 Versand aus der Schweiz – Lieferung in nur 1–2 Werktagen (DPD) ↩️ 30 Tage Rückgaberecht 🔒 Kauf auf Rechnung mit Klarna · TWINT · Karten · PayPal · Apple Pay 💬 Schweizer Support: info@luxestyle.ch	https://luxestyle.ch/products/kostum-ninja-turtles-grosse-m-fgss4164e?variant=55970679488897	https://cdn.shopify.com/s/files/1/0943/6856/3585/files/41648_1_5062fcb0-584d-46a0-910a-1501eada6678.jpg?v=1784839690	https://cdn.shopify.com/s/files/1/0943/6856/3585/files/41648_2.jpg?v=1784934212,https://cdn.shopify.com/s/files/1/0943/6856/3585/files/41649_2.jpg?v=1784934211,https://cdn.shopify.com/s/files/1/0943/6856/3585/files/41650_2.jpg?v=1784934211	77.90 CHF	in stock	1	194099030373	LuxeStyle	new	Kostüme & Verkleidung	1-3 Werktage (Lager Schweiz)
fortura-41649	kostum-ninja-turtles-grosse-m-fgss4164e	Kostüm Ninja Turtles Grösse M – L	Kostüm Ninja Turtles Details Marke: Widmann Warum bei LuxeStyle kaufen? 🇨🇭 Versand aus der Schweiz – Lieferung in nur 1–2 Werktagen (DPD) ↩️ 30 Tage Rückgaberecht 🔒 Kauf auf Rechnung mit Klarna · TWINT · Karten · PayPal · Apple Pay 💬 Schweizer Support: info@luxestyle.ch	https://luxestyle.ch/products/kostum-ninja-turtles-grosse-m-fgss4164e?variant=55970679521665	https://cdn.shopify.com/s/files/1/0943/6856/3585/files/41648_1_5062fcb0-584d-46a0-910a-1501eada6678.jpg?v=1784839690	https://cdn.shopify.com/s/files/1/0943/6856/3585/files/41648_2.jpg?v=1784934212,https://cdn.shopify.com/s/files/1/0943/6856/3585/files/41649_2.jpg?v=1784934211,https://cdn.shopify.com/s/files/1/0943/6856/3585/files/41650_2.jpg?v=1784934211	77.90 CHF	in stock	1	194099030380	LuxeStyle	new	Kostüme & Verkleidung	1-3 Werktage (Lager Schweiz)
fortura-41650	kostum-ninja-turtles-grosse-m-fgss4164e	Kostüm Ninja Turtles Grösse M – XL	Kostüm Ninja Turtles Details Marke: Widmann Warum bei LuxeStyle kaufen? 🇨🇭 Versand aus der Schweiz – Lieferung in nur 1–2 Werktagen (DPD) ↩️ 30 Tage Rückgaberecht 🔒 Kauf auf Rechnung mit Klarna · TWINT · Karten · PayPal · Apple Pay 💬 Schweizer Support: info@luxestyle.ch	https://luxestyle.ch/products/kostum-ninja-turtles-grosse-m-fgss4164e?variant=55970679554433	https://cdn.shopify.com/s/files/1/0943/6856/3585/files/41648_1_5062fcb0-584d-46a0-910a-1501eada6678.jpg?v=1784839690	https://cdn.shopify.com/s/files/1/0943/6856/3585/files/41648_2.jpg?v=1784934212,https://cdn.shopify.com/s/files/1/0943/6856/3585/files/41649_2.jpg?v=1784934211,https://cdn.shopify.com/s/files/1/0943/6856/3585/files/41650_2.jpg?v=1784934211	77.90 CHF	in stock	1	194099030397	LuxeStyle	new	Kostüme & Verkleidung	1-3 Werktage (Lager Schweiz)
fortura-49529	kostum-batman-classic-fgss4952k	Kostüm Batman Classic – 134 cm	Dehnbarer Overall mit gepolsterter Brust und 3D-Bündchen, abnehmbarem Umhang und Maske. Details Marke: Widmann Warum bei LuxeStyle kaufen? 🇨🇭 Versand aus der Schweiz – Lieferung in nur 1–2 Werktagen (DPD) ↩️ 30 Tage Rückgaberecht 🔒 Kauf auf Rechnung mit Klarna · TWINT · Karten · PayPal · Apple Pay 💬 Schweizer Support: info@luxestyle.ch	https://luxestyle.ch/products/kostum-batman-classic-fgss4952k?variant=55970679587201	https://cdn.shopify.com/s/files/1/0943/6856/3585/files/49527_1.jpg?v=1784839692	https://cdn.shopify.com/s/files/1/0943/6856/3585/files/49529_2.jpg?v=1784934214,https://cdn.shopify.com/s/files/1/0943/6856/3585/files/49530_2.jpg?v=1784934214,https://cdn.shopify.com/s/files/1/0943/6856/3585/files/49534_2.jpg?v=1784934214	62.90 CHF	in stock	2	192937137505	LuxeStyle	new	Kostüme & Verkleidung	1-3 Werktage (Lager Schweiz)
fortura-49530	kostum-batman-classic-fgss4952k	Kostüm Batman Classic – 10 bis 12 Jahre	Dehnbarer Overall mit gepolsterter Brust und 3D-Bündchen, abnehmbarem Umhang und Maske. Details Marke: Widmann Warum bei LuxeStyle kaufen? 🇨🇭 Versand aus der Schweiz – Lieferung in nur 1–2 Werktagen (DPD) ↩️ 30 Tage Rückgaberecht 🔒 Kauf auf Rechnung mit Klarna · TWINT · Karten · PayPal · Apple Pay 💬 Schweizer Support: info@luxestyle.ch	https://luxestyle.ch/products/kostum-batman-classic-fgss4952k?variant=55970679619969	https://cdn.shopify.com/s/files/1/0943/6856/3585/files/49527_1.jpg?v=1784839692	https://cdn.shopify.com/s/files/1/0943/6856/3585/files/49529_2.jpg?v=1784934214,https://cdn.shopify.com/s/files/1/0943/6856/3585/files/49530_2.jpg?v=1784934214,https://cdn.shopify.com/s/files/1/0943/6856/3585/files/49534_2.jpg?v=1784934214	62.90 CHF	in stock	3	192937137512	LuxeStyle	new	Kostüme & Verkleidung	1-3 Werktage (Lager Schweiz)
fortura-49534	kostum-batman-classic-fgss4952k	Kostüm Batman Classic – 104	Dehnbarer Overall mit gepolsterter Brust und 3D-Bündchen, abnehmbarem Umhang und Maske. Details Marke: Widmann Warum bei LuxeStyle kaufen? 🇨🇭 Versand aus der Schweiz – Lieferung in nur 1–2 Werktagen (DPD) ↩️ 30 Tage Rückgaberecht 🔒 Kauf auf Rechnung mit Klarna · TWINT · Karten · PayPal · Apple Pay 💬 Schweizer Support: info@luxestyle.ch	https://luxestyle.ch/products/kostum-batman-classic-fgss4952k?variant=55970679652737	https://cdn.shopify.com/s/files/1/0943/6856/3585/files/49527_1.jpg?v=1784839692	https://cdn.shopify.com/s/files/1/0943/6856/3585/files/49529_2.jpg?v=1784934214,https://cdn.shopify.com/s/files/1/0943/6856/3585/files/49530_2.jpg?v=1784934214,https://cdn.shopify.com/s/files/1/0943/6856/3585/files/49534_2.jpg?v=1784934214	62.90 CHF	in stock	3	192937139813	LuxeStyle	new	Kostüme & Verkleidung	1-3 Werktage (Lager Schweiz)
fortura-49531	kostum-batman-dark-knight-fgss4953k	Kostüm Batman Dark Knight – 110 cm	Dehnbarer Overall mit gepolsterter Brust und 3D-Bündchen, abnehmbarem Umhang und Maske. Details Marke: Widmann Warum bei LuxeStyle kaufen? 🇨🇭 Versand aus der Schweiz – Lieferung in nur 1–2 Werktagen (DPD) ↩️ 30 Tage Rückgaberecht 🔒 Kauf auf Rechnung mit Klarna · TWINT · Karten · PayPal · Apple Pay 💬 Schweizer Support: info@luxestyle.ch	https://luxestyle.ch/products/kostum-batman-dark-knight-fgss4953k?variant=55970679783809	https://cdn.shopify.com/s/files/1/0943/6856/3585/files/49531_1_50e0b718-1ba4-45c7-af50-17395250f177.jpg?v=1784839692	https://cdn.shopify.com/s/files/1/0943/6856/3585/files/49531_2.jpg?v=1784934216,https://cdn.shopify.com/s/files/1/0943/6856/3585/files/49533_2.jpg?v=1784934216	62.90 CHF	in stock	1	192937137529	LuxeStyle	new	Kostüme & Verkleidung	1-3 Werktage (Lager Schweiz)
fortura-49533	kostum-batman-dark-knight-fgss4953k	Kostüm Batman Dark Knight – 104	Dehnbarer Overall mit gepolsterter Brust und 3D-Bündchen, abnehmbarem Umhang und Maske. Details Marke: Widmann Warum bei LuxeStyle kaufen? 🇨🇭 Versand aus der Schweiz – Lieferung in nur 1–2 Werktagen (DPD) ↩️ 30 Tage Rückgaberecht 🔒 Kauf auf Rechnung mit Klarna · TWINT · Karten · PayPal · Apple Pay 💬 Schweizer Support: info@luxestyle.ch	https://luxestyle.ch/products/kostum-batman-dark-knight-fgss4953k?variant=55970679816577	https://cdn.shopify.com/s/files/1/0943/6856/3585/files/49531_1_50e0b718-1ba4-45c7-af50-17395250f177.jpg?v=1784839692	https://cdn.shopify.com/s/files/1/0943/6856/3585/files/49531_2.jpg?v=1784934216,https://cdn.shopify.com/s/files/1/0943/6856/3585/files/49533_2.jpg?v=1784934216	62.90 CHF	in stock	5	192937139820	LuxeStyle	new	Kostüme & Verkleidung	1-3 Werktage (Lager Schweiz)
fortura-49559	kostum-hagrid-fgss4956e	Kostüm Hagrid · Erwachsenengrösse – M	Hemd mit Jacke und Gürtel, Bart Details Marke: Widmann Warum bei LuxeStyle kaufen? 🇨🇭 Versand aus der Schweiz – Lieferung in nur 1–2 Werktagen (DPD) ↩️ 30 Tage Rückgaberecht 🔒 Kauf auf Rechnung mit Klarna · TWINT · Karten · PayPal · Apple Pay 💬 Schweizer Support: info@luxestyle.ch	https://luxestyle.ch/products/kostum-hagrid-fgss4956e?variant=55970680045953	https://cdn.shopify.com/s/files/1/0943/6856/3585/files/49559_1.jpg?v=1784839695	https://cdn.shopify.com/s/files/1/0943/6856/3585/files/49559_2.jpg?v=1784934218,https://cdn.shopify.com/s/files/1/0943/6856/3585/files/49560_2.jpg?v=1784934218	82.90 CHF	in stock	3	194099066129	LuxeStyle	new	Kostüme & Verkleidung	1-3 Werktage (Lager Schweiz)
fortura-49560	kostum-hagrid-fgss4956e	Kostüm Hagrid · Erwachsenengrösse – L	Hemd mit Jacke und Gürtel, Bart Details Marke: Widmann Warum bei LuxeStyle kaufen? 🇨🇭 Versand aus der Schweiz – Lieferung in nur 1–2 Werktagen (DPD) ↩️ 30 Tage Rückgaberecht 🔒 Kauf auf Rechnung mit Klarna · TWINT · Karten · PayPal · Apple Pay 💬 Schweizer Support: info@luxestyle.ch	https://luxestyle.ch/products/kostum-hagrid-fgss4956e?variant=55970680078721	https://cdn.shopify.com/s/files/1/0943/6856/3585/files/49559_1.jpg?v=1784839695	https://cdn.shopify.com/s/files/1/0943/6856/3585/files/49559_2.jpg?v=1784934218,https://cdn.shopify.com/s/files/1/0943/6856/3585/files/49560_2.jpg?v=1784934218	82.90 CHF	in stock	1	194099066136	LuxeStyle	new	Kostüme & Verkleidung	1-3 Werktage (Lager Schweiz)
fortura-49556	kostum-hagrid-fgss4955k	Kostüm Hagrid · Kindergrösse – 4 bis 6 Jahre	Hemd mit Jacke und Gürtel, Hose, Bart Details Marke: Widmann Warum bei LuxeStyle kaufen? 🇨🇭 Versand aus der Schweiz – Lieferung in nur 1–2 Werktagen (DPD) ↩️ 30 Tage Rückgaberecht 🔒 Kauf auf Rechnung mit Klarna · TWINT · Karten · PayPal · Apple Pay 💬 Schweizer Support: info@luxestyle.ch	https://luxestyle.ch/products/kostum-hagrid-fgss4955k?variant=55970680897921	https://cdn.shopify.com/s/files/1/0943/6856/3585/files/49556_1_3fe81c9d-c012-4f61-99a1-b145f9fd845b.jpg?v=1784839704	https://cdn.shopify.com/s/files/1/0943/6856/3585/files/49556_2.jpg?v=1784934284,https://cdn.shopify.com/s/files/1/0943/6856/3585/files/49557_2.jpg?v=1784934284,https://cdn.shopify.com/s/files/1/0943/6856/3585/files/49558_2.jpg?v=1784934284	58.90 CHF	in stock	3	194099066082	LuxeStyle	new	Kostüme & Verkleidung	1-3 Werktage (Lager Schweiz)
fortura-49557	kostum-hagrid-fgss4955k	Kostüm Hagrid · Kindergrösse – 134 cm	Hemd mit Jacke und Gürtel, Hose, Bart Details Marke: Widmann Warum bei LuxeStyle kaufen? 🇨🇭 Versand aus der Schweiz – Lieferung in nur 1–2 Werktagen (DPD) ↩️ 30 Tage Rückgaberecht 🔒 Kauf auf Rechnung mit Klarna · TWINT · Karten · PayPal · Apple Pay 💬 Schweizer Support: info@luxestyle.ch	https://luxestyle.ch/products/kostum-hagrid-fgss4955k?variant=55970680930689	https://cdn.shopify.com/s/files/1/0943/6856/3585/files/49556_1_3fe81c9d-c012-4f61-99a1-b145f9fd845b.jpg?v=1784839704	https://cdn.shopify.com/s/files/1/0943/6856/3585/files/49556_2.jpg?v=1784934284,https://cdn.shopify.com/s/files/1/0943/6856/3585/files/49557_2.jpg?v=1784934284,https://cdn.shopify.com/s/files/1/0943/6856/3585/files/49558_2.jpg?v=1784934284	58.90 CHF	in stock	2	194099066105	LuxeStyle	new	Kostüme & Verkleidung	1-3 Werktage (Lager Schweiz)
fortura-49558	kostum-hagrid-fgss4955k	Kostüm Hagrid · Kindergrösse – 10 bis 12 Jahre	Hemd mit Jacke und Gürtel, Hose, Bart Details Marke: Widmann Warum bei LuxeStyle kaufen? 🇨🇭 Versand aus der Schweiz – Lieferung in nur 1–2 Werktagen (DPD) ↩️ 30 Tage Rückgaberecht 🔒 Kauf auf Rechnung mit Klarna · TWINT · Karten · PayPal · Apple Pay 💬 Schweizer Support: info@luxestyle.ch	https://luxestyle.ch/products/kostum-hagrid-fgss4955k?variant=55970680963457	https://cdn.shopify.com/s/files/1/0943/6856/3585/files/49556_1_3fe81c9d-c012-4f61-99a1-b145f9fd845b.jpg?v=1784839704	https://cdn.shopify.com/s/files/1/0943/6856/3585/files/49556_2.jpg?v=1784934284,https://cdn.shopify.com/s/files/1/0943/6856/3585/files/49557_2.jpg?v=1784934284,https://cdn.shopify.com/s/files/1/0943/6856/3585/files/49558_2.jpg?v=1784934284	58.90 CHF	in stock	1	194099066112	LuxeStyle	new	Kostüme & Verkleidung	1-3 Werktage (Lager Schweiz)
fortura-58026	kostum-superman-fgss5802e	Kostüm Superman · Widmann Nr. 58026 – M	Der Overall ist mit Muskeln bedruckt sowie mit einem typisch roten Umhang versehen. Details Marke: Widmann Warum bei LuxeStyle kaufen? 🇨🇭 Versand aus der Schweiz – Lieferung in nur 1–2 Werktagen (DPD) ↩️ 30 Tage Rückgaberecht 🔒 Kauf auf Rechnung mit Klarna · TWINT · Karten · PayPal · Apple Pay 💬 Schweizer Support: info@luxestyle.ch	https://luxestyle.ch/products/kostum-superman-fgss5802e?variant=55970681028993	https://cdn.shopify.com/s/files/1/0943/6856/3585/files/58026_1_b4f7a204-f895-497e-93cb-e9d85eebffc8.jpg?v=1784839705	https://cdn.shopify.com/s/files/1/0943/6856/3585/files/58026_2.jpg?v=1784934289,https://cdn.shopify.com/s/files/1/0943/6856/3585/files/58026_3.jpg?v=1784934289,https://cdn.shopify.com/s/files/1/0943/6856/3585/files/58027_2.jpg?v=1784934289,https://cdn.shopify.com/s/files/1/0943/6856/3585/files/58027_3.jpg?v=1784934290	80.90 CHF	in stock	1	192937138076	LuxeStyle	new	Kostüme & Verkleidung	1-3 Werktage (Lager Schweiz)
fortura-58027	kostum-superman-fgss5802e	Kostüm Superman · Widmann Nr. 58026 – L	Der Overall ist mit Muskeln bedruckt sowie mit einem typisch roten Umhang versehen. Details Marke: Widmann Warum bei LuxeStyle kaufen? 🇨🇭 Versand aus der Schweiz – Lieferung in nur 1–2 Werktagen (DPD) ↩️ 30 Tage Rückgaberecht 🔒 Kauf auf Rechnung mit Klarna · TWINT · Karten · PayPal · Apple Pay 💬 Schweizer Support: info@luxestyle.ch	https://luxestyle.ch/products/kostum-superman-fgss5802e?variant=55970681061761	https://cdn.shopify.com/s/files/1/0943/6856/3585/files/58026_1_b4f7a204-f895-497e-93cb-e9d85eebffc8.jpg?v=1784839705	https://cdn.shopify.com/s/files/1/0943/6856/3585/files/58026_2.jpg?v=1784934289,https://cdn.shopify.com/s/files/1/0943/6856/3585/files/58026_3.jpg?v=1784934289,https://cdn.shopify.com/s/files/1/0943/6856/3585/files/58027_2.jpg?v=1784934289,https://cdn.shopify.com/s/files/1/0943/6856/3585/files/58027_3.jpg?v=1784934290	80.90 CHF	in stock	1	192937138083	LuxeStyle	new	Kostüme & Verkleidung	1-3 Werktage (Lager Schweiz)
fortura-49538	kostum-batgirl-kleid-umhang-fga49538	Kostüm Batgirl Kleid & Umhang	Das schwarz-glänzende Kleid mit gelbem Batgirl-Logo und Gürtel wird durch einen abnehmbaren Umhang ergänzt, der mit Armmanschetten schnell zu imposanten Flügeln wird. Elegante Beinstulpen sind ein weiterer, schöner Hingucker. Natürlich darf die mysteriöse Halbmaske nicht fehlen, die die Identität verbirgt. Details Marke: Widmann Warum bei LuxeStyle kaufen? 🇨🇭 Versand aus der Schweiz – Lieferung in nur 1–2 Werktagen (DPD) ↩️ 30 Tage Rückgaberecht 🔒 Kauf auf Rechnung mit Klarna · TWINT · Karten · PayPal · Apple Pay 💬 Schweizer Support: info@luxestyle.ch	https://luxestyle.ch/products/kostum-batgirl-kleid-umhang-fga49538?variant=55970681192833	https://cdn.shopify.com/s/files/1/0943/6856/3585/files/49538_1_874bfe35-cf61-425e-b285-9ed2a5ab69f1.jpg?v=1784839706	https://cdn.shopify.com/s/files/1/0943/6856/3585/files/49538_2.jpg?v=1784934291,https://cdn.shopify.com/s/files/1/0943/6856/3585/files/49538_3.jpg?v=1784934291	84.90 CHF	in stock	12	192937139837	LuxeStyle	new	Kostüme & Verkleidung	1-3 Werktage (Lager Schweiz)
fortura-58023	harley-quinn-jacket-bop-birds-fgss5802j	Harley Quinn Jacke BOP Birds	Harley Quinn Jacket BOP Birds – hochwertige Qualität ab Schweizer Lager. Details Marke: Widmann Warum bei LuxeStyle kaufen? 🇨🇭 Versand aus der Schweiz – Lieferung in nur 1–2 Werktagen (DPD) ↩️ 30 Tage Rückgaberecht 🔒 Kauf auf Rechnung mit Klarna · TWINT · Karten · PayPal · Apple Pay 💬 Schweizer Support: info@luxestyle.ch	https://luxestyle.ch/products/harley-quinn-jacket-bop-birds-fgss5802j?variant=55970681586049	https://cdn.shopify.com/s/files/1/0943/6856/3585/files/58023_1_3a1bc65e-f3b6-44f9-bfa6-080350856b6e.jpg?v=1784839712	https://cdn.shopify.com/s/files/1/0943/6856/3585/files/58023_2.jpg?v=1784934301	99.90 CHF	in stock	1	194099005111	LuxeStyle	new	Kostüme & Verkleidung	1-3 Werktage (Lager Schweiz)
fortura-58049	kostum-es-klassik-clown-fgss5805e	Kostüm ES Klassik Clown – S	Overall, Kragen und Perücke mit Glatze Details Marke: Widmann Lieferumfang: Overall, Kragen und Perücke mit Glatze Warum bei LuxeStyle kaufen? 🇨🇭 Versand aus der Schweiz – Lieferung in nur 1–2 Werktagen (DPD) ↩️ 30 Tage Rückgaberecht 🔒 Kauf auf Rechnung mit Klarna · TWINT · Karten · PayPal · Apple Pay 💬 Schweizer Support: info@luxestyle.ch	https://luxestyle.ch/products/kostum-es-klassik-clown-fgss5805e?variant=55970681618817	https://cdn.shopify.com/s/files/1/0943/6856/3585/files/58049_1_c1b2ccdf-1bdd-4b3b-9432-4420838bf94e.jpg?v=1784839712	https://cdn.shopify.com/s/files/1/0943/6856/3585/files/58049_2.jpg?v=1784934304,https://cdn.shopify.com/s/files/1/0943/6856/3585/files/58050_2.jpg?v=1784934304,https://cdn.shopify.com/s/files/1/0943/6856/3585/files/58051_2.jpg?v=1784934304,https://cdn.shopify.com/s/files/1/0943/6856/3585/files/58052_2.jpg?v=1784934304	80.90 CHF	in stock	10	194099066655	LuxeStyle	new	Kostüme & Verkleidung	1-3 Werktage (Lager Schweiz)
fortura-58050	kostum-es-klassik-clown-fgss5805e	Kostüm ES Klassik Clown – M/L	Overall, Kragen und Perücke mit Glatze Details Marke: Widmann Lieferumfang: Overall, Kragen und Perücke mit Glatze Warum bei LuxeStyle kaufen? 🇨🇭 Versand aus der Schweiz – Lieferung in nur 1–2 Werktagen (DPD) ↩️ 30 Tage Rückgaberecht 🔒 Kauf auf Rechnung mit Klarna · TWINT · Karten · PayPal · Apple Pay 💬 Schweizer Support: info@luxestyle.ch	https://luxestyle.ch/products/kostum-es-klassik-clown-fgss5805e?variant=55970681651585	https://cdn.shopify.com/s/files/1/0943/6856/3585/files/58049_1_c1b2ccdf-1bdd-4b3b-9432-4420838bf94e.jpg?v=1784839712	https://cdn.shopify.com/s/files/1/0943/6856/3585/files/58049_2.jpg?v=1784934304,https://cdn.shopify.com/s/files/1/0943/6856/3585/files/58050_2.jpg?v=1784934304,https://cdn.shopify.com/s/files/1/0943/6856/3585/files/58051_2.jpg?v=1784934304,https://cdn.shopify.com/s/files/1/0943/6856/3585/files/58052_2.jpg?v=1784934304	80.90 CHF	in stock	6	194099066662	LuxeStyle	new	Kostüme & Verkleidung	1-3 Werktage (Lager Schweiz)
fortura-58051	kostum-es-klassik-clown-fgss5805e	Kostüm ES Klassik Clown – L	Overall, Kragen und Perücke mit Glatze Details Marke: Widmann Lieferumfang: Overall, Kragen und Perücke mit Glatze Warum bei LuxeStyle kaufen? 🇨🇭 Versand aus der Schweiz – Lieferung in nur 1–2 Werktagen (DPD) ↩️ 30 Tage Rückgaberecht 🔒 Kauf auf Rechnung mit Klarna · TWINT · Karten · PayPal · Apple Pay 💬 Schweizer Support: info@luxestyle.ch	https://luxestyle.ch/products/kostum-es-klassik-clown-fgss5805e?variant=55970681684353	https://cdn.shopify.com/s/files/1/0943/6856/3585/files/58049_1_c1b2ccdf-1bdd-4b3b-9432-4420838bf94e.jpg?v=1784839712	https://cdn.shopify.com/s/files/1/0943/6856/3585/files/58049_2.jpg?v=1784934304,https://cdn.shopify.com/s/files/1/0943/6856/3585/files/58050_2.jpg?v=1784934304,https://cdn.shopify.com/s/files/1/0943/6856/3585/files/58051_2.jpg?v=1784934304,https://cdn.shopify.com/s/files/1/0943/6856/3585/files/58052_2.jpg?v=1784934304	80.90 CHF	in stock	9	194099066679	LuxeStyle	new	Kostüme & Verkleidung	1-3 Werktage (Lager Schweiz)
fortura-58052	kostum-es-klassik-clown-fgss5805e	Kostüm ES Klassik Clown – XL	Overall, Kragen und Perücke mit Glatze Details Marke: Widmann Lieferumfang: Overall, Kragen und Perücke mit Glatze Warum bei LuxeStyle kaufen? 🇨🇭 Versand aus der Schweiz – Lieferung in nur 1–2 Werktagen (DPD) ↩️ 30 Tage Rückgaberecht 🔒 Kauf auf Rechnung mit Klarna · TWINT · Karten · PayPal · Apple Pay 💬 Schweizer Support: info@luxestyle.ch	https://luxestyle.ch/products/kostum-es-klassik-clown-fgss5805e?variant=55970681717121	https://cdn.shopify.com/s/files/1/0943/6856/3585/files/58049_1_c1b2ccdf-1bdd-4b3b-9432-4420838bf94e.jpg?v=1784839712	https://cdn.shopify.com/s/files/1/0943/6856/3585/files/58049_2.jpg?v=1784934304,https://cdn.shopify.com/s/files/1/0943/6856/3585/files/58050_2.jpg?v=1784934304,https://cdn.shopify.com/s/files/1/0943/6856/3585/files/58051_2.jpg?v=1784934304,https://cdn.shopify.com/s/files/1/0943/6856/3585/files/58052_2.jpg?v=1784934304	80.90 CHF	in stock	5	194099066686	LuxeStyle	new	Kostüme & Verkleidung	1-3 Werktage (Lager Schweiz)
fortura-49553	kostum-dumbledore-fgss4955d	Kostüm Dumbledore – M	Mantel, Hut, Bart Details Marke: Widmann Warum bei LuxeStyle kaufen? 🇨🇭 Versand aus der Schweiz – Lieferung in nur 1–2 Werktagen (DPD) ↩️ 30 Tage Rückgaberecht 🔒 Kauf auf Rechnung mit Klarna · TWINT · Karten · PayPal · Apple Pay 💬 Schweizer Support: info@luxestyle.ch	https://luxestyle.ch/products/kostum-dumbledore-fgss4955d?variant=55970681749889	https://cdn.shopify.com/s/files/1/0943/6856/3585/files/49553_1_18dfd004-0c73-4abf-b211-5572b743180f.jpg?v=1784839713	https://cdn.shopify.com/s/files/1/0943/6856/3585/files/49553_2.jpg?v=1784934306,https://cdn.shopify.com/s/files/1/0943/6856/3585/files/49555_2.jpg?v=1784934306	70.90 CHF	in stock	2	194099065962	LuxeStyle	new	Kostüme & Verkleidung	1-3 Werktage (Lager Schweiz)
fortura-49555	kostum-dumbledore-fgss4955d	Kostüm Dumbledore – XL	Mantel, Hut, Bart Details Marke: Widmann Warum bei LuxeStyle kaufen? 🇨🇭 Versand aus der Schweiz – Lieferung in nur 1–2 Werktagen (DPD) ↩️ 30 Tage Rückgaberecht 🔒 Kauf auf Rechnung mit Klarna · TWINT · Karten · PayPal · Apple Pay 💬 Schweizer Support: info@luxestyle.ch	https://luxestyle.ch/products/kostum-dumbledore-fgss4955d?variant=55970681782657	https://cdn.shopify.com/s/files/1/0943/6856/3585/files/49553_1_18dfd004-0c73-4abf-b211-5572b743180f.jpg?v=1784839713	https://cdn.shopify.com/s/files/1/0943/6856/3585/files/49553_2.jpg?v=1784934306,https://cdn.shopify.com/s/files/1/0943/6856/3585/files/49555_2.jpg?v=1784934306	70.90 CHF	in stock	1	194099065986	LuxeStyle	new	Kostüme & Verkleidung	1-3 Werktage (Lager Schweiz)
fortura-58029	kostum-robin-classic-overall-fga58029	Kostüm Robin Classic Overall	Overall mit einem gelben Umhang und einer schwarzen Augenmaske. Details Marke: Widmann Warum bei LuxeStyle kaufen? 🇨🇭 Versand aus der Schweiz – Lieferung in nur 1–2 Werktagen (DPD) ↩️ 30 Tage Rückgaberecht 🔒 Kauf auf Rechnung mit Klarna · TWINT · Karten · PayPal · Apple Pay 💬 Schweizer Support: info@luxestyle.ch	https://luxestyle.ch/products/kostum-robin-classic-overall-fga58029?variant=55970681815425	https://cdn.shopify.com/s/files/1/0943/6856/3585/files/58029_1_98ebfc37-6d5b-40de-8d88-bb824cd1f7f5.jpg?v=1784839715	https://cdn.shopify.com/s/files/1/0943/6856/3585/files/58029_2.jpg?v=1784934308,https://cdn.shopify.com/s/files/1/0943/6856/3585/files/58029_3.jpg?v=1784934308	78.90 CHF	in stock	2	192937138120	LuxeStyle	new	Kostüme & Verkleidung	1-3 Werktage (Lager Schweiz)
fortura-49561	kostum-voldemort-fgss4956	Kostüm Voldemort – M	Gewand mit Maske und Handschuhen Details Marke: Widmann Warum bei LuxeStyle kaufen? 🇨🇭 Versand aus der Schweiz – Lieferung in nur 1–2 Werktagen (DPD) ↩️ 30 Tage Rückgaberecht 🔒 Kauf auf Rechnung mit Klarna · TWINT · Karten · PayPal · Apple Pay 💬 Schweizer Support: info@luxestyle.ch	https://luxestyle.ch/products/kostum-voldemort-fgss4956?variant=55970681979265	https://cdn.shopify.com/s/files/1/0943/6856/3585/files/49561_1_14abc69d-166e-4ab9-be6e-1d8741b81f93.jpg?v=1784839715	https://cdn.shopify.com/s/files/1/0943/6856/3585/files/49561_2.jpg?v=1784934314,https://cdn.shopify.com/s/files/1/0943/6856/3585/files/49562_2.jpg?v=1784934315,https://cdn.shopify.com/s/files/1/0943/6856/3585/files/49563_2.jpg?v=1784934314	74.90 CHF	in stock	4	194099066365	LuxeStyle	new	Kostüme & Verkleidung	1-3 Werktage (Lager Schweiz)
fortura-49562	kostum-voldemort-fgss4956	Kostüm Voldemort – L	Gewand mit Maske und Handschuhen Details Marke: Widmann Warum bei LuxeStyle kaufen? 🇨🇭 Versand aus der Schweiz – Lieferung in nur 1–2 Werktagen (DPD) ↩️ 30 Tage Rückgaberecht 🔒 Kauf auf Rechnung mit Klarna · TWINT · Karten · PayPal · Apple Pay 💬 Schweizer Support: info@luxestyle.ch	https://luxestyle.ch/products/kostum-voldemort-fgss4956?variant=55970682012033	https://cdn.shopify.com/s/files/1/0943/6856/3585/files/49561_1_14abc69d-166e-4ab9-be6e-1d8741b81f93.jpg?v=1784839715	https://cdn.shopify.com/s/files/1/0943/6856/3585/files/49561_2.jpg?v=1784934314,https://cdn.shopify.com/s/files/1/0943/6856/3585/files/49562_2.jpg?v=1784934315,https://cdn.shopify.com/s/files/1/0943/6856/3585/files/49563_2.jpg?v=1784934314	74.90 CHF	in stock	4	194099066372	LuxeStyle	new	Kostüme & Verkleidung	1-3 Werktage (Lager Schweiz)
fortura-49563	kostum-voldemort-fgss4956	Kostüm Voldemort – XL	Gewand mit Maske und Handschuhen Details Marke: Widmann Warum bei LuxeStyle kaufen? 🇨🇭 Versand aus der Schweiz – Lieferung in nur 1–2 Werktagen (DPD) ↩️ 30 Tage Rückgaberecht 🔒 Kauf auf Rechnung mit Klarna · TWINT · Karten · PayPal · Apple Pay 💬 Schweizer Support: info@luxestyle.ch	https://luxestyle.ch/products/kostum-voldemort-fgss4956?variant=55970682044801	https://cdn.shopify.com/s/files/1/0943/6856/3585/files/49561_1_14abc69d-166e-4ab9-be6e-1d8741b81f93.jpg?v=1784839715	https://cdn.shopify.com/s/files/1/0943/6856/3585/files/49561_2.jpg?v=1784934314,https://cdn.shopify.com/s/files/1/0943/6856/3585/files/49562_2.jpg?v=1784934315,https://cdn.shopify.com/s/files/1/0943/6856/3585/files/49563_2.jpg?v=1784934314	74.90 CHF	in stock	6	194099066389	LuxeStyle	new	Kostüme & Verkleidung	1-3 Werktage (Lager Schweiz)
fortura-900098	konigsumhang-mit-krone-fga900098	Königsumhang mit Krone	Umhang für die königliche Hoheit. Details Marke: Widmann Farbe: rot Anlass: Fasnacht Lieferumfang: Umhang und Krone Warum bei LuxeStyle kaufen? 🇨🇭 Versand aus der Schweiz – Lieferung in nur 1–2 Werktagen (DPD) ↩️ 30 Tage Rückgaberecht 🔒 Kauf auf Rechnung mit Klarna · TWINT · Karten · PayPal · Apple Pay 💬 Schweizer Support: info@luxestyle.ch	https://luxestyle.ch/products/konigsumhang-mit-krone-fga900098?variant=55970682306945	https://cdn.shopify.com/s/files/1/0943/6856/3585/files/900098_1_6b76efa4-e367-417d-b764-fde276e70d5a.jpg?v=1784839719	https://cdn.shopify.com/s/files/1/0943/6856/3585/files/900098_2.jpg?v=1784934322,https://cdn.shopify.com/s/files/1/0943/6856/3585/files/900098_3.jpg?v=1784934322	48.00 CHF	in stock	14	8003558000982	LuxeStyle	new	Kostüme & Verkleidung	1-3 Werktage (Lager Schweiz)
fortura-90020-3	80ies-jogginganzug-fgss0020t	80ies Jogginganzug	Der Nächste 80er Jahre Rave oder Bad-Taste Motto Party steht an, aber Du hast noch kein passendes Kostüm? Mit diesem violetten Trainingsanzug bist Du definitiv bereit Dich auf der Tanzfläche zu sportlich zu verausgaben. Inbegriffen sind die Jacke und Trainingshose. Details Marke: Widmann Farbe: violett Anlass: Fasnacht Warum bei LuxeStyle kaufen? 🇨🇭 Versand aus der Schweiz – Lieferung in nur 1–2 Werktagen (DPD) ↩️ 30 Tage Rückgaberecht 🔒 Kauf auf Rechnung mit Klarna · TWINT · Karten · PayPal · Apple Pay 💬 Schweizer Support: info@luxestyle.ch	https://luxestyle.ch/products/80ies-jogginganzug-fgss0020t?variant=55970683683201	https://cdn.shopify.com/s/files/1/0943/6856/3585/files/900200_1.jpg?v=1784839737	https://cdn.shopify.com/s/files/1/0943/6856/3585/files/90020-3_2_36ae2e07-c5c7-4c73-8b59-8dba09f655e1.jpg?v=1784934355,https://cdn.shopify.com/s/files/1/0943/6856/3585/files/90020-3_3_ba3fdc57-aec6-4a90-b9ed-76debd7b92fc.jpg?v=1784934355,https://cdn.shopify.com/s/files/1/0943/6856/3585/files/90020-3_4_d0ddf513-79d0-46e5-a573-34287a888d1b.jpg?v=1784934355,https://cdn.shopify.com/s/files/1/0943/6856/3585/files/90020-3_5_291580f8-cbe4-4ac8-a455-441861146ae6.jpg?v=1784934355	48.00 CHF	in stock	1	8003558002030	LuxeStyle	new	Kostüme & Verkleidung	1-3 Werktage (Lager Schweiz)
fortura-58040	kostum-es-fgss5804m	Kostüm ES – S	Kostüm ES – hochwertige Qualität ab Schweizer Lager. Details Marke: Widmann Warum bei LuxeStyle kaufen? 🇨🇭 Versand aus der Schweiz – Lieferung in nur 1–2 Werktagen (DPD) ↩️ 30 Tage Rückgaberecht 🔒 Kauf auf Rechnung mit Klarna · TWINT · Karten · PayPal · Apple Pay 💬 Schweizer Support: info@luxestyle.ch	https://luxestyle.ch/products/kostum-es-fgss5804m?variant=55970683781505	https://cdn.shopify.com/s/files/1/0943/6856/3585/files/58040_2.jpg?v=1784934357	https://cdn.shopify.com/s/files/1/0943/6856/3585/files/58040_1_f3e1b685-e99b-47be-9bcd-3f203cc5c511.jpg?v=1784839738,https://cdn.shopify.com/s/files/1/0943/6856/3585/files/58041_2.jpg?v=1784934357,https://cdn.shopify.com/s/files/1/0943/6856/3585/files/58042_2.jpg?v=1784934357,https://cdn.shopify.com/s/files/1/0943/6856/3585/files/58043_2.jpg?v=1784934357	80.90 CHF	in stock	3	194099066563	LuxeStyle	new	Kostüme & Verkleidung	1-3 Werktage (Lager Schweiz)
fortura-58041	kostum-es-fgss5804m	Kostüm ES – M/L	Kostüm ES – hochwertige Qualität ab Schweizer Lager. Details Marke: Widmann Warum bei LuxeStyle kaufen? 🇨🇭 Versand aus der Schweiz – Lieferung in nur 1–2 Werktagen (DPD) ↩️ 30 Tage Rückgaberecht 🔒 Kauf auf Rechnung mit Klarna · TWINT · Karten · PayPal · Apple Pay 💬 Schweizer Support: info@luxestyle.ch	https://luxestyle.ch/products/kostum-es-fgss5804m?variant=55970683814273	https://cdn.shopify.com/s/files/1/0943/6856/3585/files/58040_2.jpg?v=1784934357	https://cdn.shopify.com/s/files/1/0943/6856/3585/files/58040_1_f3e1b685-e99b-47be-9bcd-3f203cc5c511.jpg?v=1784839738,https://cdn.shopify.com/s/files/1/0943/6856/3585/files/58041_2.jpg?v=1784934357,https://cdn.shopify.com/s/files/1/0943/6856/3585/files/58042_2.jpg?v=1784934357,https://cdn.shopify.com/s/files/1/0943/6856/3585/files/58043_2.jpg?v=1784934357	80.90 CHF	in stock	1	194099066570	LuxeStyle	new	Kostüme & Verkleidung	1-3 Werktage (Lager Schweiz)
fortura-58042	kostum-es-fgss5804m	Kostüm ES – L	Kostüm ES – hochwertige Qualität ab Schweizer Lager. Details Marke: Widmann Warum bei LuxeStyle kaufen? 🇨🇭 Versand aus der Schweiz – Lieferung in nur 1–2 Werktagen (DPD) ↩️ 30 Tage Rückgaberecht 🔒 Kauf auf Rechnung mit Klarna · TWINT · Karten · PayPal · Apple Pay 💬 Schweizer Support: info@luxestyle.ch	https://luxestyle.ch/products/kostum-es-fgss5804m?variant=55970683847041	https://cdn.shopify.com/s/files/1/0943/6856/3585/files/58040_2.jpg?v=1784934357	https://cdn.shopify.com/s/files/1/0943/6856/3585/files/58040_1_f3e1b685-e99b-47be-9bcd-3f203cc5c511.jpg?v=1784839738,https://cdn.shopify.com/s/files/1/0943/6856/3585/files/58041_2.jpg?v=1784934357,https://cdn.shopify.com/s/files/1/0943/6856/3585/files/58042_2.jpg?v=1784934357,https://cdn.shopify.com/s/files/1/0943/6856/3585/files/58043_2.jpg?v=1784934357	80.90 CHF	in stock	8	194099066587	LuxeStyle	new	Kostüme & Verkleidung	1-3 Werktage (Lager Schweiz)
fortura-58043	kostum-es-fgss5804m	Kostüm ES – XL	Kostüm ES – hochwertige Qualität ab Schweizer Lager. Details Marke: Widmann Warum bei LuxeStyle kaufen? 🇨🇭 Versand aus der Schweiz – Lieferung in nur 1–2 Werktagen (DPD) ↩️ 30 Tage Rückgaberecht 🔒 Kauf auf Rechnung mit Klarna · TWINT · Karten · PayPal · Apple Pay 💬 Schweizer Support: info@luxestyle.ch	https://luxestyle.ch/products/kostum-es-fgss5804m?variant=55970683879809	https://cdn.shopify.com/s/files/1/0943/6856/3585/files/58040_2.jpg?v=1784934357	https://cdn.shopify.com/s/files/1/0943/6856/3585/files/58040_1_f3e1b685-e99b-47be-9bcd-3f203cc5c511.jpg?v=1784839738,https://cdn.shopify.com/s/files/1/0943/6856/3585/files/58041_2.jpg?v=1784934357,https://cdn.shopify.com/s/files/1/0943/6856/3585/files/58042_2.jpg?v=1784934357,https://cdn.shopify.com/s/files/1/0943/6856/3585/files/58043_2.jpg?v=1784934357	80.90 CHF	in stock	2	194099066594	LuxeStyle	new	Kostüme & Verkleidung	1-3 Werktage (Lager Schweiz)
fortura-58044	kostum-es-fgss5804d	Kostüm ES – S/34	Kleid mit Strumpfhose Details Marke: Widmann Warum bei LuxeStyle kaufen? 🇨🇭 Versand aus der Schweiz – Lieferung in nur 1–2 Werktagen (DPD) ↩️ 30 Tage Rückgaberecht 🔒 Kauf auf Rechnung mit Klarna · TWINT · Karten · PayPal · Apple Pay 💬 Schweizer Support: info@luxestyle.ch	https://luxestyle.ch/products/kostum-es-fgss5804d?variant=55970684436865	https://cdn.shopify.com/s/files/1/0943/6856/3585/files/58044_1.jpg?v=1784839741	https://cdn.shopify.com/s/files/1/0943/6856/3585/files/58044_2.jpg?v=1784934363,https://cdn.shopify.com/s/files/1/0943/6856/3585/files/58045_2.jpg?v=1784934362,https://cdn.shopify.com/s/files/1/0943/6856/3585/files/58046_2.jpg?v=1784934362,https://cdn.shopify.com/s/files/1/0943/6856/3585/files/58047_2.jpg?v=1784934363	70.90 CHF	in stock	1	194099066600	LuxeStyle	new	Kostüme & Verkleidung	1-3 Werktage (Lager Schweiz)
fortura-58045	kostum-es-fgss5804d	Kostüm ES – M/36	Kleid mit Strumpfhose Details Marke: Widmann Warum bei LuxeStyle kaufen? 🇨🇭 Versand aus der Schweiz – Lieferung in nur 1–2 Werktagen (DPD) ↩️ 30 Tage Rückgaberecht 🔒 Kauf auf Rechnung mit Klarna · TWINT · Karten · PayPal · Apple Pay 💬 Schweizer Support: info@luxestyle.ch	https://luxestyle.ch/products/kostum-es-fgss5804d?variant=55970684469633	https://cdn.shopify.com/s/files/1/0943/6856/3585/files/58044_1.jpg?v=1784839741	https://cdn.shopify.com/s/files/1/0943/6856/3585/files/58044_2.jpg?v=1784934363,https://cdn.shopify.com/s/files/1/0943/6856/3585/files/58045_2.jpg?v=1784934362,https://cdn.shopify.com/s/files/1/0943/6856/3585/files/58046_2.jpg?v=1784934362,https://cdn.shopify.com/s/files/1/0943/6856/3585/files/58047_2.jpg?v=1784934363	70.90 CHF	in stock	8	194099066617	LuxeStyle	new	Kostüme & Verkleidung	1-3 Werktage (Lager Schweiz)
fortura-58046	kostum-es-fgss5804d	Kostüm ES – M/L	Kleid mit Strumpfhose Details Marke: Widmann Warum bei LuxeStyle kaufen? 🇨🇭 Versand aus der Schweiz – Lieferung in nur 1–2 Werktagen (DPD) ↩️ 30 Tage Rückgaberecht 🔒 Kauf auf Rechnung mit Klarna · TWINT · Karten · PayPal · Apple Pay 💬 Schweizer Support: info@luxestyle.ch	https://luxestyle.ch/products/kostum-es-fgss5804d?variant=55970684502401	https://cdn.shopify.com/s/files/1/0943/6856/3585/files/58044_1.jpg?v=1784839741	https://cdn.shopify.com/s/files/1/0943/6856/3585/files/58044_2.jpg?v=1784934363,https://cdn.shopify.com/s/files/1/0943/6856/3585/files/58045_2.jpg?v=1784934362,https://cdn.shopify.com/s/files/1/0943/6856/3585/files/58046_2.jpg?v=1784934362,https://cdn.shopify.com/s/files/1/0943/6856/3585/files/58047_2.jpg?v=1784934363	70.90 CHF	in stock	4	194099066624	LuxeStyle	new	Kostüme & Verkleidung	1-3 Werktage (Lager Schweiz)
fortura-58047	kostum-es-fgss5804d	Kostüm ES – L/42	Kleid mit Strumpfhose Details Marke: Widmann Warum bei LuxeStyle kaufen? 🇨🇭 Versand aus der Schweiz – Lieferung in nur 1–2 Werktagen (DPD) ↩️ 30 Tage Rückgaberecht 🔒 Kauf auf Rechnung mit Klarna · TWINT · Karten · PayPal · Apple Pay 💬 Schweizer Support: info@luxestyle.ch	https://luxestyle.ch/products/kostum-es-fgss5804d?variant=55970684535169	https://cdn.shopify.com/s/files/1/0943/6856/3585/files/58044_1.jpg?v=1784839741	https://cdn.shopify.com/s/files/1/0943/6856/3585/files/58044_2.jpg?v=1784934363,https://cdn.shopify.com/s/files/1/0943/6856/3585/files/58045_2.jpg?v=1784934362,https://cdn.shopify.com/s/files/1/0943/6856/3585/files/58046_2.jpg?v=1784934362,https://cdn.shopify.com/s/files/1/0943/6856/3585/files/58047_2.jpg?v=1784934363	70.90 CHF	in stock	5	194099066631	LuxeStyle	new	Kostüme & Verkleidung	1-3 Werktage (Lager Schweiz)
fortura-58048	kostum-es-fgss5804d	Kostüm ES – XL/46	Kleid mit Strumpfhose Details Marke: Widmann Warum bei LuxeStyle kaufen? 🇨🇭 Versand aus der Schweiz – Lieferung in nur 1–2 Werktagen (DPD) ↩️ 30 Tage Rückgaberecht 🔒 Kauf auf Rechnung mit Klarna · TWINT · Karten · PayPal · Apple Pay 💬 Schweizer Support: info@luxestyle.ch	https://luxestyle.ch/products/kostum-es-fgss5804d?variant=55970684567937	https://cdn.shopify.com/s/files/1/0943/6856/3585/files/58044_1.jpg?v=1784839741	https://cdn.shopify.com/s/files/1/0943/6856/3585/files/58044_2.jpg?v=1784934363,https://cdn.shopify.com/s/files/1/0943/6856/3585/files/58045_2.jpg?v=1784934362,https://cdn.shopify.com/s/files/1/0943/6856/3585/files/58046_2.jpg?v=1784934362,https://cdn.shopify.com/s/files/1/0943/6856/3585/files/58047_2.jpg?v=1784934363	70.90 CHF	in stock	8	194099066648	LuxeStyle	new	Kostüme & Verkleidung	1-3 Werktage (Lager Schweiz)
fortura-90064-2	tatowierter-gefangener-fgss0064	Tätowierter Gefangener – M	Tätowierter Gefangener inklusive Oberteil mit tätowierten Oberarmen und Hosen Details Marke: Widmann Farbe: orange Anlass: Fasnacht Lieferumfang: Oberteil mit tätöwierten Oberarmen, Hosen Warum bei LuxeStyle kaufen? 🇨🇭 Versand aus der Schweiz – Lieferung in nur 1–2 Werktagen (DPD) ↩️ 30 Tage Rückgaberecht 🔒 Kauf auf Rechnung mit Klarna · TWINT · Karten · PayPal · Apple Pay 💬 Schweizer Support: info@luxestyle.ch	https://luxestyle.ch/products/tatowierter-gefangener-fgss0064?variant=55970684862849	https://cdn.shopify.com/s/files/1/0943/6856/3585/files/90064-2_1_9db5963f-6f1d-4f0f-a930-2e37e3e7da42.jpg?v=1784839744	https://cdn.shopify.com/s/files/1/0943/6856/3585/files/90064-2_2_16f4b61b-c8d9-4e12-b46b-97f4112f30f2.jpg?v=1784934368,https://cdn.shopify.com/s/files/1/0943/6856/3585/files/90064-2_3_6ed568cb-1203-4517-930e-c62f4377c1d9.jpg?v=1784934368,https://cdn.shopify.com/s/files/1/0943/6856/3585/files/90064-3_2_15716400-ca96-4ff9-aa87-1df8f375457e.jpg?v=1784934368,https://cdn.shopify.com/s/files/1/0943/6856/3585/files/90064-3_3_37ed5eff-fab4-492e-bd7e-5f2074d966a5.jpg?v=1784934369	58.00 CHF	in stock	28	8003558006427	LuxeStyle	new	Kostüme & Verkleidung	1-3 Werktage (Lager Schweiz)
fortura-90064-3	tatowierter-gefangener-fgss0064	Tätowierter Gefangener – L	Tätowierter Gefangener inklusive Oberteil mit tätowierten Oberarmen und Hosen Details Marke: Widmann Farbe: orange Anlass: Fasnacht Lieferumfang: Oberteil mit tätöwierten Oberarmen, Hosen Warum bei LuxeStyle kaufen? 🇨🇭 Versand aus der Schweiz – Lieferung in nur 1–2 Werktagen (DPD) ↩️ 30 Tage Rückgaberecht 🔒 Kauf auf Rechnung mit Klarna · TWINT · Karten · PayPal · Apple Pay 💬 Schweizer Support: info@luxestyle.ch	https://luxestyle.ch/products/tatowierter-gefangener-fgss0064?variant=55970684895617	https://cdn.shopify.com/s/files/1/0943/6856/3585/files/90064-2_1_9db5963f-6f1d-4f0f-a930-2e37e3e7da42.jpg?v=1784839744	https://cdn.shopify.com/s/files/1/0943/6856/3585/files/90064-2_2_16f4b61b-c8d9-4e12-b46b-97f4112f30f2.jpg?v=1784934368,https://cdn.shopify.com/s/files/1/0943/6856/3585/files/90064-2_3_6ed568cb-1203-4517-930e-c62f4377c1d9.jpg?v=1784934368,https://cdn.shopify.com/s/files/1/0943/6856/3585/files/90064-3_2_15716400-ca96-4ff9-aa87-1df8f375457e.jpg?v=1784934368,https://cdn.shopify.com/s/files/1/0943/6856/3585/files/90064-3_3_37ed5eff-fab4-492e-bd7e-5f2074d966a5.jpg?v=1784934369	58.00 CHF	in stock	23	8003558006434	LuxeStyle	new	Kostüme & Verkleidung	1-3 Werktage (Lager Schweiz)
fortura-90064-4	tatowierter-gefangener-fgss0064	Tätowierter Gefangener – XL	Tätowierter Gefangener inklusive Oberteil mit tätowierten Oberarmen und Hosen Details Marke: Widmann Farbe: orange Anlass: Fasnacht Lieferumfang: Oberteil mit tätöwierten Oberarmen, Hosen Warum bei LuxeStyle kaufen? 🇨🇭 Versand aus der Schweiz – Lieferung in nur 1–2 Werktagen (DPD) ↩️ 30 Tage Rückgaberecht 🔒 Kauf auf Rechnung mit Klarna · TWINT · Karten · PayPal · Apple Pay 💬 Schweizer Support: info@luxestyle.ch	https://luxestyle.ch/products/tatowierter-gefangener-fgss0064?variant=55970684928385	https://cdn.shopify.com/s/files/1/0943/6856/3585/files/90064-2_1_9db5963f-6f1d-4f0f-a930-2e37e3e7da42.jpg?v=1784839744	https://cdn.shopify.com/s/files/1/0943/6856/3585/files/90064-2_2_16f4b61b-c8d9-4e12-b46b-97f4112f30f2.jpg?v=1784934368,https://cdn.shopify.com/s/files/1/0943/6856/3585/files/90064-2_3_6ed568cb-1203-4517-930e-c62f4377c1d9.jpg?v=1784934368,https://cdn.shopify.com/s/files/1/0943/6856/3585/files/90064-3_2_15716400-ca96-4ff9-aa87-1df8f375457e.jpg?v=1784934368,https://cdn.shopify.com/s/files/1/0943/6856/3585/files/90064-3_3_37ed5eff-fab4-492e-bd7e-5f2074d966a5.jpg?v=1784934369	58.00 CHF	in stock	11	8003558006441	LuxeStyle	new	Kostüme & Verkleidung	1-3 Werktage (Lager Schweiz)
fortura-90263-4	kostum-bischof-mit-hut-fgss0263	Kostüm Bischof mit Hut – XL	Schwarze Bischofs Robe inklusive Kragen, Hur und Gürtel. Details Marke: Widmann Farbe: schwarz Anlass: Fasnacht Warum bei LuxeStyle kaufen? 🇨🇭 Versand aus der Schweiz – Lieferung in nur 1–2 Werktagen (DPD) ↩️ 30 Tage Rückgaberecht 🔒 Kauf auf Rechnung mit Klarna · TWINT · Karten · PayPal · Apple Pay 💬 Schweizer Support: info@luxestyle.ch	https://luxestyle.ch/products/kostum-bischof-mit-hut-fgss0263?variant=55970686632321	https://cdn.shopify.com/s/files/1/0943/6856/3585/files/902630_1_c6795a93-9849-4bfa-9aad-02dd1e593838.jpg?v=1784839754		62.00 CHF	in stock	5	8003558026340	LuxeStyle	new	Kostüme & Verkleidung	1-3 Werktage (Lager Schweiz)
fortura-902630	kostum-bischof-mit-hut-fgss0263	Kostüm Bischof mit Hut – XXL	Schwarze Bischofs Robe inklusive Kragen, Hur und Gürtel. Details Marke: Widmann Farbe: schwarz Anlass: Fasnacht Warum bei LuxeStyle kaufen? 🇨🇭 Versand aus der Schweiz – Lieferung in nur 1–2 Werktagen (DPD) ↩️ 30 Tage Rückgaberecht 🔒 Kauf auf Rechnung mit Klarna · TWINT · Karten · PayPal · Apple Pay 💬 Schweizer Support: info@luxestyle.ch	https://luxestyle.ch/products/kostum-bischof-mit-hut-fgss0263?variant=55970686665089	https://cdn.shopify.com/s/files/1/0943/6856/3585/files/902630_1_c6795a93-9849-4bfa-9aad-02dd1e593838.jpg?v=1784839754		68.00 CHF	in stock	3	8003558026302	LuxeStyle	new	Kostüme & Verkleidung	1-3 Werktage (Lager Schweiz)
fortura-90503-2	kostum-disco-style-70er-fgss0503	Kostüm Disco Style 70er – M	Bereit für das Disco Revival mit diesem bunt glitzernden 70er Jahre Overall inklusive Pailletten Gürtel. Details Marke: Widmann Farbe: schwarz Anlass: Fasnacht Warum bei LuxeStyle kaufen? 🇨🇭 Versand aus der Schweiz – Lieferung in nur 1–2 Werktagen (DPD) ↩️ 30 Tage Rückgaberecht 🔒 Kauf auf Rechnung mit Klarna · TWINT · Karten · PayPal · Apple Pay 💬 Schweizer Support: info@luxestyle.ch	https://luxestyle.ch/products/kostum-disco-style-70er-fgss0503?variant=55970687418753	https://cdn.shopify.com/s/files/1/0943/6856/3585/files/90503-2_2_80045a11-59d6-4180-9a93-75c04b4397ad.jpg?v=1784934398	https://cdn.shopify.com/s/files/1/0943/6856/3585/files/90503-1_1.jpg?v=1784839761,https://cdn.shopify.com/s/files/1/0943/6856/3585/files/90503-2_3_df7b5ec1-2cc7-456e-80c6-d15dcd429590.jpg?v=1784934398,https://cdn.shopify.com/s/files/1/0943/6856/3585/files/90503-2_4_6065700b-7d27-4140-ae08-063bcc885cef.jpg?v=1784934398,https://cdn.shopify.com/s/files/1/0943/6856/3585/files/90503-3_2_9dd27bd6-3196-4c5a-9605-8e7e8aab8f45.jpg?v=1784934398	58.00 CHF	in stock	1	8003558050321	LuxeStyle	new	Kostüme & Verkleidung	1-3 Werktage (Lager Schweiz)
fortura-90550-2	kostum-sultan-tunika-fgss0500	Kostüm Sultan Tunika – M	Herrsche souverän über dein Territorium, ob als Sultan oder Scheich. Dieses Kostüm beinhaltet eine weisse Tunika mit schwarzem Umhang und und Turban. Details Marke: Widmann Anlass: Fasnacht Warum bei LuxeStyle kaufen? 🇨🇭 Versand aus der Schweiz – Lieferung in nur 1–2 Werktagen (DPD) ↩️ 30 Tage Rückgaberecht 🔒 Kauf auf Rechnung mit Klarna · TWINT · Karten · PayPal · Apple Pay 💬 Schweizer Support: info@luxestyle.ch	https://luxestyle.ch/products/kostum-sultan-tunika-fgss0500?variant=55970688041345	https://cdn.shopify.com/s/files/1/0943/6856/3585/files/905500_1_f59daac5-165c-451d-8118-3bfcbf0b0a91.jpg?v=1784839766		68.00 CHF	in stock	4	8003558055029	LuxeStyle	new	Kostüme & Verkleidung	1-3 Werktage (Lager Schweiz)
fortura-90550-3	kostum-sultan-tunika-fgss0500	Kostüm Sultan Tunika – L	Herrsche souverän über dein Territorium, ob als Sultan oder Scheich. Dieses Kostüm beinhaltet eine weisse Tunika mit schwarzem Umhang und und Turban. Details Marke: Widmann Anlass: Fasnacht Warum bei LuxeStyle kaufen? 🇨🇭 Versand aus der Schweiz – Lieferung in nur 1–2 Werktagen (DPD) ↩️ 30 Tage Rückgaberecht 🔒 Kauf auf Rechnung mit Klarna · TWINT · Karten · PayPal · Apple Pay 💬 Schweizer Support: info@luxestyle.ch	https://luxestyle.ch/products/kostum-sultan-tunika-fgss0500?variant=55970688074113	https://cdn.shopify.com/s/files/1/0943/6856/3585/files/905500_1_f59daac5-165c-451d-8118-3bfcbf0b0a91.jpg?v=1784839766		68.00 CHF	in stock	4	8003558055036	LuxeStyle	new	Kostüme & Verkleidung	1-3 Werktage (Lager Schweiz)
fortura-90550-4	kostum-sultan-tunika-fgss0500	Kostüm Sultan Tunika – XL	Herrsche souverän über dein Territorium, ob als Sultan oder Scheich. Dieses Kostüm beinhaltet eine weisse Tunika mit schwarzem Umhang und und Turban. Details Marke: Widmann Anlass: Fasnacht Warum bei LuxeStyle kaufen? 🇨🇭 Versand aus der Schweiz – Lieferung in nur 1–2 Werktagen (DPD) ↩️ 30 Tage Rückgaberecht 🔒 Kauf auf Rechnung mit Klarna · TWINT · Karten · PayPal · Apple Pay 💬 Schweizer Support: info@luxestyle.ch	https://luxestyle.ch/products/kostum-sultan-tunika-fgss0500?variant=55970688106881	https://cdn.shopify.com/s/files/1/0943/6856/3585/files/905500_1_f59daac5-165c-451d-8118-3bfcbf0b0a91.jpg?v=1784839766		74.00 CHF	in stock	4	8003558055043	LuxeStyle	new	Kostüme & Verkleidung	1-3 Werktage (Lager Schweiz)
fortura-905500	kostum-sultan-tunika-fgss0500	Kostüm Sultan Tunika – XXL	Herrsche souverän über dein Territorium, ob als Sultan oder Scheich. Dieses Kostüm beinhaltet eine weisse Tunika mit schwarzem Umhang und und Turban. Details Marke: Widmann Anlass: Fasnacht Warum bei LuxeStyle kaufen? 🇨🇭 Versand aus der Schweiz – Lieferung in nur 1–2 Werktagen (DPD) ↩️ 30 Tage Rückgaberecht 🔒 Kauf auf Rechnung mit Klarna · TWINT · Karten · PayPal · Apple Pay 💬 Schweizer Support: info@luxestyle.ch	https://luxestyle.ch/products/kostum-sultan-tunika-fgss0500?variant=55970688139649	https://cdn.shopify.com/s/files/1/0943/6856/3585/files/905500_1_f59daac5-165c-451d-8118-3bfcbf0b0a91.jpg?v=1784839766		74.00 CHF	in stock	3	8003558055005	LuxeStyle	new	Kostüme & Verkleidung	1-3 Werktage (Lager Schweiz)
fortura-900075	poncho-lederoptik-fga900075	Poncho Lederoptik	Brauner Poncho in Leder Optik mit Fransen und Zierstickerei. Perfekte Ergänzung für ein Amerikanisches Ureinwohner Kostüm. Details Marke: Widmann Farbe: braun Anlass: Fasnacht Warum bei LuxeStyle kaufen? 🇨🇭 Versand aus der Schweiz – Lieferung in nur 1–2 Werktagen (DPD) ↩️ 30 Tage Rückgaberecht 🔒 Kauf auf Rechnung mit Klarna · TWINT · Karten · PayPal · Apple Pay 💬 Schweizer Support: info@luxestyle.ch	https://luxestyle.ch/products/poncho-lederoptik-fga900075?variant=55970688303489	https://cdn.shopify.com/s/files/1/0943/6856/3585/files/900075_1_9ee355cc-5959-44ba-b4c6-93f8cf9f31ab.jpg?v=1784839768		57.00 CHF	in stock	2	8003558000753	LuxeStyle	new	Kostüme & Verkleidung	1-3 Werktage (Lager Schweiz)
fortura-90150-2	kostum-batwoman-fgss0150	Kostüm Batwoman – M	Kostüm Batwoman – hochwertige Qualität ab Schweizer Lager. Details Marke: Widmann Warum bei LuxeStyle kaufen? 🇨🇭 Versand aus der Schweiz – Lieferung in nur 1–2 Werktagen (DPD) ↩️ 30 Tage Rückgaberecht 🔒 Kauf auf Rechnung mit Klarna · TWINT · Karten · PayPal · Apple Pay 💬 Schweizer Support: info@luxestyle.ch	https://luxestyle.ch/products/kostum-batwoman-fgss0150?variant=55970689548673	https://cdn.shopify.com/s/files/1/0943/6856/3585/files/90150-2_1_b149e103-6992-4fff-bf2a-5f77ccd85c89.jpg?v=1784839780	https://cdn.shopify.com/s/files/1/0943/6856/3585/files/90150-2_2_bd909acc-9220-4ed1-9e4a-73cc090b8d01.jpg?v=1784934439,https://cdn.shopify.com/s/files/1/0943/6856/3585/files/90150-3_2_c8b673e3-3927-40a5-b229-eac309a6e868.jpg?v=1784934439	48.00 CHF	in stock	2	8003558015023	LuxeStyle	new	Kostüme & Verkleidung	1-3 Werktage (Lager Schweiz)
fortura-90150-3	kostum-batwoman-fgss0150	Kostüm Batwoman – L	Kostüm Batwoman – hochwertige Qualität ab Schweizer Lager. Details Marke: Widmann Warum bei LuxeStyle kaufen? 🇨🇭 Versand aus der Schweiz – Lieferung in nur 1–2 Werktagen (DPD) ↩️ 30 Tage Rückgaberecht 🔒 Kauf auf Rechnung mit Klarna · TWINT · Karten · PayPal · Apple Pay 💬 Schweizer Support: info@luxestyle.ch	https://luxestyle.ch/products/kostum-batwoman-fgss0150?variant=55970689581441	https://cdn.shopify.com/s/files/1/0943/6856/3585/files/90150-2_1_b149e103-6992-4fff-bf2a-5f77ccd85c89.jpg?v=1784839780	https://cdn.shopify.com/s/files/1/0943/6856/3585/files/90150-2_2_bd909acc-9220-4ed1-9e4a-73cc090b8d01.jpg?v=1784934439,https://cdn.shopify.com/s/files/1/0943/6856/3585/files/90150-3_2_c8b673e3-3927-40a5-b229-eac309a6e868.jpg?v=1784934439	48.00 CHF	in stock	4	8003558015030	LuxeStyle	new	Kostüme & Verkleidung	1-3 Werktage (Lager Schweiz)
fortura-90791-6	kinderkostum-cyber-ninja-fgss0791	Kinderkostüm Cyber Ninja – 128 cm	Oberteil, Gürtel, Armschütze, Maske mit Leuchtaugen und Roboterstimme Details Marke: Widmann Farbe: schwarz Anlass: Fasnacht Lieferumfang: Oberteil, Gürtel, Armschütze, Maske mit Leuchtaugen und Roboterstimme Warum bei LuxeStyle kaufen? 🇨🇭 Versand aus der Schweiz – Lieferung in nur 1–2 Werktagen (DPD) ↩️ 30 Tage Rückgaberecht 🔒 Kauf auf Rechnung mit Klarna · TWINT · Karten · PayPal · Apple Pay 💬 Schweizer Support: info@luxestyle.ch	https://luxestyle.ch/products/kinderkostum-cyber-ninja-fgss0791?variant=55970689745281	https://cdn.shopify.com/s/files/1/0943/6856/3585/files/90791-6_1_2d357c26-b32f-42c7-99b5-42bc56038171.jpg?v=1784839781	https://cdn.shopify.com/s/files/1/0943/6856/3585/files/90791-6_2_a9f9fc42-99fe-464e-9d98-64d1cf468d8e.jpg?v=1784934444,https://cdn.shopify.com/s/files/1/0943/6856/3585/files/90791-7_2_789263bb-0523-46ac-b70a-ee05d9d37334.jpg?v=1784934444,https://cdn.shopify.com/s/files/1/0943/6856/3585/files/90791-8_2_805864a8-484c-4557-8eb3-bbd4ea258fc2.jpg?v=1784934444,https://cdn.shopify.com/s/files/1/0943/6856/3585/files/90791-9_2_fb517d64-e700-4b18-874c-60cb93033356.jpg?v=1784934445	58.00 CHF	in stock	2	8003558079162	LuxeStyle	new	Kostüme & Verkleidung	1-3 Werktage (Lager Schweiz)
fortura-90791-7	kinderkostum-cyber-ninja-fgss0791	Kinderkostüm Cyber Ninja – 140 cm	Oberteil, Gürtel, Armschütze, Maske mit Leuchtaugen und Roboterstimme Details Marke: Widmann Farbe: schwarz Anlass: Fasnacht Lieferumfang: Oberteil, Gürtel, Armschütze, Maske mit Leuchtaugen und Roboterstimme Warum bei LuxeStyle kaufen? 🇨🇭 Versand aus der Schweiz – Lieferung in nur 1–2 Werktagen (DPD) ↩️ 30 Tage Rückgaberecht 🔒 Kauf auf Rechnung mit Klarna · TWINT · Karten · PayPal · Apple Pay 💬 Schweizer Support: info@luxestyle.ch	https://luxestyle.ch/products/kinderkostum-cyber-ninja-fgss0791?variant=55970689778049	https://cdn.shopify.com/s/files/1/0943/6856/3585/files/90791-6_1_2d357c26-b32f-42c7-99b5-42bc56038171.jpg?v=1784839781	https://cdn.shopify.com/s/files/1/0943/6856/3585/files/90791-6_2_a9f9fc42-99fe-464e-9d98-64d1cf468d8e.jpg?v=1784934444,https://cdn.shopify.com/s/files/1/0943/6856/3585/files/90791-7_2_789263bb-0523-46ac-b70a-ee05d9d37334.jpg?v=1784934444,https://cdn.shopify.com/s/files/1/0943/6856/3585/files/90791-8_2_805864a8-484c-4557-8eb3-bbd4ea258fc2.jpg?v=1784934444,https://cdn.shopify.com/s/files/1/0943/6856/3585/files/90791-9_2_fb517d64-e700-4b18-874c-60cb93033356.jpg?v=1784934445	58.00 CHF	in stock	2	8003558079179	LuxeStyle	new	Kostüme & Verkleidung	1-3 Werktage (Lager Schweiz)
fortura-90791-8	kinderkostum-cyber-ninja-fgss0791	Kinderkostüm Cyber Ninja – 158 cm	Oberteil, Gürtel, Armschütze, Maske mit Leuchtaugen und Roboterstimme Details Marke: Widmann Farbe: schwarz Anlass: Fasnacht Lieferumfang: Oberteil, Gürtel, Armschütze, Maske mit Leuchtaugen und Roboterstimme Warum bei LuxeStyle kaufen? 🇨🇭 Versand aus der Schweiz – Lieferung in nur 1–2 Werktagen (DPD) ↩️ 30 Tage Rückgaberecht 🔒 Kauf auf Rechnung mit Klarna · TWINT · Karten · PayPal · Apple Pay 💬 Schweizer Support: info@luxestyle.ch	https://luxestyle.ch/products/kinderkostum-cyber-ninja-fgss0791?variant=55970689810817	https://cdn.shopify.com/s/files/1/0943/6856/3585/files/90791-6_1_2d357c26-b32f-42c7-99b5-42bc56038171.jpg?v=1784839781	https://cdn.shopify.com/s/files/1/0943/6856/3585/files/90791-6_2_a9f9fc42-99fe-464e-9d98-64d1cf468d8e.jpg?v=1784934444,https://cdn.shopify.com/s/files/1/0943/6856/3585/files/90791-7_2_789263bb-0523-46ac-b70a-ee05d9d37334.jpg?v=1784934444,https://cdn.shopify.com/s/files/1/0943/6856/3585/files/90791-8_2_805864a8-484c-4557-8eb3-bbd4ea258fc2.jpg?v=1784934444,https://cdn.shopify.com/s/files/1/0943/6856/3585/files/90791-9_2_fb517d64-e700-4b18-874c-60cb93033356.jpg?v=1784934445	58.00 CHF	in stock	5	8003558079186	LuxeStyle	new	Kostüme & Verkleidung	1-3 Werktage (Lager Schweiz)
fortura-90791-9	kinderkostum-cyber-ninja-fgss0791	Kinderkostüm Cyber Ninja – 164 cm	Oberteil, Gürtel, Armschütze, Maske mit Leuchtaugen und Roboterstimme Details Marke: Widmann Farbe: schwarz Anlass: Fasnacht Lieferumfang: Oberteil, Gürtel, Armschütze, Maske mit Leuchtaugen und Roboterstimme Warum bei LuxeStyle kaufen? 🇨🇭 Versand aus der Schweiz – Lieferung in nur 1–2 Werktagen (DPD) ↩️ 30 Tage Rückgaberecht 🔒 Kauf auf Rechnung mit Klarna · TWINT · Karten · PayPal · Apple Pay 💬 Schweizer Support: info@luxestyle.ch	https://luxestyle.ch/products/kinderkostum-cyber-ninja-fgss0791?variant=55970689843585	https://cdn.shopify.com/s/files/1/0943/6856/3585/files/90791-6_1_2d357c26-b32f-42c7-99b5-42bc56038171.jpg?v=1784839781	https://cdn.shopify.com/s/files/1/0943/6856/3585/files/90791-6_2_a9f9fc42-99fe-464e-9d98-64d1cf468d8e.jpg?v=1784934444,https://cdn.shopify.com/s/files/1/0943/6856/3585/files/90791-7_2_789263bb-0523-46ac-b70a-ee05d9d37334.jpg?v=1784934444,https://cdn.shopify.com/s/files/1/0943/6856/3585/files/90791-8_2_805864a8-484c-4557-8eb3-bbd4ea258fc2.jpg?v=1784934444,https://cdn.shopify.com/s/files/1/0943/6856/3585/files/90791-9_2_fb517d64-e700-4b18-874c-60cb93033356.jpg?v=1784934445	58.00 CHF	in stock	3	8003558079193	LuxeStyle	new	Kostüme & Verkleidung	1-3 Werktage (Lager Schweiz)
fortura-90598-1	kostum-wikinger-fgss0598	Kostüm Wikinger – S	Kostüm Wikinger – hochwertige Qualität ab Schweizer Lager. Details Marke: Widmann Warum bei LuxeStyle kaufen? 🇨🇭 Versand aus der Schweiz – Lieferung in nur 1–2 Werktagen (DPD) ↩️ 30 Tage Rückgaberecht 🔒 Kauf auf Rechnung mit Klarna · TWINT · Karten · PayPal · Apple Pay 💬 Schweizer Support: info@luxestyle.ch	https://luxestyle.ch/products/kostum-wikinger-fgss0598?variant=55970690597249	https://cdn.shopify.com/s/files/1/0943/6856/3585/files/905980_1_fc0c5baa-e0c9-42e7-b31c-043771ff6f41.jpg?v=1784839787	https://cdn.shopify.com/s/files/1/0943/6856/3585/files/90598-1_2_4c0938c9-22f2-41a2-967f-b7962858d529.jpg?v=1784934459,https://cdn.shopify.com/s/files/1/0943/6856/3585/files/90598-1_3_1777b472-597f-41ab-9065-5d7d7f4a2e5f.jpg?v=1784934460,https://cdn.shopify.com/s/files/1/0943/6856/3585/files/90598-2_2_16539a34-50c2-456e-bada-4e9f56487705.jpg?v=1784934459,https://cdn.shopify.com/s/files/1/0943/6856/3585/files/90598-2_3_4e12b8b7-67ac-4758-8639-3bb3d7368bcd.jpg?v=1784934460	70.90 CHF	in stock	1	8003558059812	LuxeStyle	new	Kostüme & Verkleidung	1-3 Werktage (Lager Schweiz)
fortura-90598-2	kostum-wikinger-fgss0598	Kostüm Wikinger – M	Kostüm Wikinger – hochwertige Qualität ab Schweizer Lager. Details Marke: Widmann Warum bei LuxeStyle kaufen? 🇨🇭 Versand aus der Schweiz – Lieferung in nur 1–2 Werktagen (DPD) ↩️ 30 Tage Rückgaberecht 🔒 Kauf auf Rechnung mit Klarna · TWINT · Karten · PayPal · Apple Pay 💬 Schweizer Support: info@luxestyle.ch	https://luxestyle.ch/products/kostum-wikinger-fgss0598?variant=55970690630017	https://cdn.shopify.com/s/files/1/0943/6856/3585/files/905980_1_fc0c5baa-e0c9-42e7-b31c-043771ff6f41.jpg?v=1784839787	https://cdn.shopify.com/s/files/1/0943/6856/3585/files/90598-1_2_4c0938c9-22f2-41a2-967f-b7962858d529.jpg?v=1784934459,https://cdn.shopify.com/s/files/1/0943/6856/3585/files/90598-1_3_1777b472-597f-41ab-9065-5d7d7f4a2e5f.jpg?v=1784934460,https://cdn.shopify.com/s/files/1/0943/6856/3585/files/90598-2_2_16539a34-50c2-456e-bada-4e9f56487705.jpg?v=1784934459,https://cdn.shopify.com/s/files/1/0943/6856/3585/files/90598-2_3_4e12b8b7-67ac-4758-8639-3bb3d7368bcd.jpg?v=1784934460	70.90 CHF	in stock	2	8003558059829	LuxeStyle	new	Kostüme & Verkleidung	1-3 Werktage (Lager Schweiz)
fortura-90598-4	kostum-wikinger-fgss0598	Kostüm Wikinger – XL	Kostüm Wikinger – hochwertige Qualität ab Schweizer Lager. Details Marke: Widmann Warum bei LuxeStyle kaufen? 🇨🇭 Versand aus der Schweiz – Lieferung in nur 1–2 Werktagen (DPD) ↩️ 30 Tage Rückgaberecht 🔒 Kauf auf Rechnung mit Klarna · TWINT · Karten · PayPal · Apple Pay 💬 Schweizer Support: info@luxestyle.ch	https://luxestyle.ch/products/kostum-wikinger-fgss0598?variant=55970690662785	https://cdn.shopify.com/s/files/1/0943/6856/3585/files/905980_1_fc0c5baa-e0c9-42e7-b31c-043771ff6f41.jpg?v=1784839787	https://cdn.shopify.com/s/files/1/0943/6856/3585/files/90598-1_2_4c0938c9-22f2-41a2-967f-b7962858d529.jpg?v=1784934459,https://cdn.shopify.com/s/files/1/0943/6856/3585/files/90598-1_3_1777b472-597f-41ab-9065-5d7d7f4a2e5f.jpg?v=1784934460,https://cdn.shopify.com/s/files/1/0943/6856/3585/files/90598-2_2_16539a34-50c2-456e-bada-4e9f56487705.jpg?v=1784934459,https://cdn.shopify.com/s/files/1/0943/6856/3585/files/90598-2_3_4e12b8b7-67ac-4758-8639-3bb3d7368bcd.jpg?v=1784934460	76.90 CHF	in stock	1	8003558059843	LuxeStyle	new	Kostüme & Verkleidung	1-3 Werktage (Lager Schweiz)
fortura-905980	kostum-wikinger-fgss0598	Kostüm Wikinger – XXL	Kostüm Wikinger – hochwertige Qualität ab Schweizer Lager. Details Marke: Widmann Warum bei LuxeStyle kaufen? 🇨🇭 Versand aus der Schweiz – Lieferung in nur 1–2 Werktagen (DPD) ↩️ 30 Tage Rückgaberecht 🔒 Kauf auf Rechnung mit Klarna · TWINT · Karten · PayPal · Apple Pay 💬 Schweizer Support: info@luxestyle.ch	https://luxestyle.ch/products/kostum-wikinger-fgss0598?variant=55970690695553	https://cdn.shopify.com/s/files/1/0943/6856/3585/files/905980_1_fc0c5baa-e0c9-42e7-b31c-043771ff6f41.jpg?v=1784839787	https://cdn.shopify.com/s/files/1/0943/6856/3585/files/90598-1_2_4c0938c9-22f2-41a2-967f-b7962858d529.jpg?v=1784934459,https://cdn.shopify.com/s/files/1/0943/6856/3585/files/90598-1_3_1777b472-597f-41ab-9065-5d7d7f4a2e5f.jpg?v=1784934460,https://cdn.shopify.com/s/files/1/0943/6856/3585/files/90598-2_2_16539a34-50c2-456e-bada-4e9f56487705.jpg?v=1784934459,https://cdn.shopify.com/s/files/1/0943/6856/3585/files/90598-2_3_4e12b8b7-67ac-4758-8639-3bb3d7368bcd.jpg?v=1784934460	76.90 CHF	in stock	1	8003558059805	LuxeStyle	new	Kostüme & Verkleidung	1-3 Werktage (Lager Schweiz)
fortura-90204-1	kostum-spacegirl-fgss0204	Kostüm Spacegirl – S/M	Im All werden die Aliens grosse Augen machen, wenn du mit diesem Kostüm um die Erdkugel kommst. Details Marke: Widmann Farbe: silber Anlass: Fasnacht Warum bei LuxeStyle kaufen? 🇨🇭 Versand aus der Schweiz – Lieferung in nur 1–2 Werktagen (DPD) ↩️ 30 Tage Rückgaberecht 🔒 Kauf auf Rechnung mit Klarna · TWINT · Karten · PayPal · Apple Pay 💬 Schweizer Support: info@luxestyle.ch	https://luxestyle.ch/products/kostum-spacegirl-fgss0204?variant=55970690826625	https://cdn.shopify.com/s/files/1/0943/6856/3585/files/90204-1_1_ec38b161-27cd-4088-808c-87aea207cf62.jpg?v=1784839789		58.00 CHF	in stock	1	8003558020416	LuxeStyle	new	Kostüme & Verkleidung	1-3 Werktage (Lager Schweiz)
fortura-90204-2	kostum-spacegirl-fgss0204	Kostüm Spacegirl – L/XL	Im All werden die Aliens grosse Augen machen, wenn du mit diesem Kostüm um die Erdkugel kommst. Details Marke: Widmann Farbe: silber Anlass: Fasnacht Warum bei LuxeStyle kaufen? 🇨🇭 Versand aus der Schweiz – Lieferung in nur 1–2 Werktagen (DPD) ↩️ 30 Tage Rückgaberecht 🔒 Kauf auf Rechnung mit Klarna · TWINT · Karten · PayPal · Apple Pay 💬 Schweizer Support: info@luxestyle.ch	https://luxestyle.ch/products/kostum-spacegirl-fgss0204?variant=55970690859393	https://cdn.shopify.com/s/files/1/0943/6856/3585/files/90204-1_1_ec38b161-27cd-4088-808c-87aea207cf62.jpg?v=1784839789		58.00 CHF	in stock	3	8003558020423	LuxeStyle	new	Kostüme & Verkleidung	1-3 Werktage (Lager Schweiz)
fortura-90658-1	kostum-pilotin-retro-fgss0658	Kostüm Pilotin Retro – S	Jacke, Rock, Hut, Schal Details Marke: Widmann Lieferumfang: Jacke, Rock, Hut, Schal Warum bei LuxeStyle kaufen? 🇨🇭 Versand aus der Schweiz – Lieferung in nur 1–2 Werktagen (DPD) ↩️ 30 Tage Rückgaberecht 🔒 Kauf auf Rechnung mit Klarna · TWINT · Karten · PayPal · Apple Pay 💬 Schweizer Support: info@luxestyle.ch	https://luxestyle.ch/products/kostum-pilotin-retro-fgss0658?variant=55970691219841	https://cdn.shopify.com/s/files/1/0943/6856/3585/files/90658-1_1_5db202f3-779a-4aa8-b4d4-6effbb581e1b.jpg?v=1784839792		68.00 CHF	in stock	16	8003558065813	LuxeStyle	new	Kostüme & Verkleidung	1-3 Werktage (Lager Schweiz)
fortura-90658-2	kostum-pilotin-retro-fgss0658	Kostüm Pilotin Retro – M	Jacke, Rock, Hut, Schal Details Marke: Widmann Lieferumfang: Jacke, Rock, Hut, Schal Warum bei LuxeStyle kaufen? 🇨🇭 Versand aus der Schweiz – Lieferung in nur 1–2 Werktagen (DPD) ↩️ 30 Tage Rückgaberecht 🔒 Kauf auf Rechnung mit Klarna · TWINT · Karten · PayPal · Apple Pay 💬 Schweizer Support: info@luxestyle.ch	https://luxestyle.ch/products/kostum-pilotin-retro-fgss0658?variant=55970691252609	https://cdn.shopify.com/s/files/1/0943/6856/3585/files/90658-1_1_5db202f3-779a-4aa8-b4d4-6effbb581e1b.jpg?v=1784839792		68.00 CHF	in stock	13	8003558065820	LuxeStyle	new	Kostüme & Verkleidung	1-3 Werktage (Lager Schweiz)
fortura-907131	kostum-mittelaterliche-konigin-fgss90713	Kostüm mittelaterliche Königin – S	Kostüm mittelaterliche Königin – hochwertige Qualität ab Schweizer Lager. Details Marke: Widmann Farbe: blau Anlass: Fasnacht Warum bei LuxeStyle kaufen? 🇨🇭 Versand aus der Schweiz – Lieferung in nur 1–2 Werktagen (DPD) ↩️ 30 Tage Rückgaberecht 🔒 Kauf auf Rechnung mit Klarna · TWINT · Karten · PayPal · Apple Pay 💬 Schweizer Support: info@luxestyle.ch	https://luxestyle.ch/products/kostum-mittelaterliche-konigin-fgss90713?variant=55970691940737	https://cdn.shopify.com/s/files/1/0943/6856/3585/files/907131_3.jpg?v=1784934472	https://cdn.shopify.com/s/files/1/0943/6856/3585/files/907131_1_851f722b-3b0c-44b8-aa17-54999e68671a.jpg?v=1784839794,https://cdn.shopify.com/s/files/1/0943/6856/3585/files/907131_2.jpg?v=1784934473,https://cdn.shopify.com/s/files/1/0943/6856/3585/files/907131_4.jpg?v=1784934473,https://cdn.shopify.com/s/files/1/0943/6856/3585/files/907132_2.jpg?v=1784934473	64.90 CHF	in stock	11	8003558071319	LuxeStyle	new	Kostüme & Verkleidung	1-3 Werktage (Lager Schweiz)
fortura-907132	kostum-mittelaterliche-konigin-fgss90713	Kostüm mittelaterliche Königin – M	Kostüm mittelaterliche Königin – hochwertige Qualität ab Schweizer Lager. Details Marke: Widmann Farbe: blau Anlass: Fasnacht Warum bei LuxeStyle kaufen? 🇨🇭 Versand aus der Schweiz – Lieferung in nur 1–2 Werktagen (DPD) ↩️ 30 Tage Rückgaberecht 🔒 Kauf auf Rechnung mit Klarna · TWINT · Karten · PayPal · Apple Pay 💬 Schweizer Support: info@luxestyle.ch	https://luxestyle.ch/products/kostum-mittelaterliche-konigin-fgss90713?variant=55970691973505	https://cdn.shopify.com/s/files/1/0943/6856/3585/files/907131_3.jpg?v=1784934472	https://cdn.shopify.com/s/files/1/0943/6856/3585/files/907131_1_851f722b-3b0c-44b8-aa17-54999e68671a.jpg?v=1784839794,https://cdn.shopify.com/s/files/1/0943/6856/3585/files/907131_2.jpg?v=1784934473,https://cdn.shopify.com/s/files/1/0943/6856/3585/files/907131_4.jpg?v=1784934473,https://cdn.shopify.com/s/files/1/0943/6856/3585/files/907132_2.jpg?v=1784934473	64.90 CHF	in stock	11	8003558071326	LuxeStyle	new	Kostüme & Verkleidung	1-3 Werktage (Lager Schweiz)
fortura-907134	kostum-mittelaterliche-konigin-fgss90713	Kostüm mittelaterliche Königin – XL	Kostüm mittelaterliche Königin – hochwertige Qualität ab Schweizer Lager. Details Marke: Widmann Farbe: blau Anlass: Fasnacht Warum bei LuxeStyle kaufen? 🇨🇭 Versand aus der Schweiz – Lieferung in nur 1–2 Werktagen (DPD) ↩️ 30 Tage Rückgaberecht 🔒 Kauf auf Rechnung mit Klarna · TWINT · Karten · PayPal · Apple Pay 💬 Schweizer Support: info@luxestyle.ch	https://luxestyle.ch/products/kostum-mittelaterliche-konigin-fgss90713?variant=55970692006273	https://cdn.shopify.com/s/files/1/0943/6856/3585/files/907131_3.jpg?v=1784934472	https://cdn.shopify.com/s/files/1/0943/6856/3585/files/907131_1_851f722b-3b0c-44b8-aa17-54999e68671a.jpg?v=1784839794,https://cdn.shopify.com/s/files/1/0943/6856/3585/files/907131_2.jpg?v=1784934473,https://cdn.shopify.com/s/files/1/0943/6856/3585/files/907131_4.jpg?v=1784934473,https://cdn.shopify.com/s/files/1/0943/6856/3585/files/907132_2.jpg?v=1784934473	67.90 CHF	in stock	13	8003558071340	LuxeStyle	new	Kostüme & Verkleidung	1-3 Werktage (Lager Schweiz)
fortura-90507-5	kostum-astronaut-overall-fgss0507	Kostüm Astronaut Overall · Kindergrösse – 116 cm	Kostüm Astronaut Overall – hochwertige Qualität ab Schweizer Lager. Details Marke: Widmann Warum bei LuxeStyle kaufen? 🇨🇭 Versand aus der Schweiz – Lieferung in nur 1–2 Werktagen (DPD) ↩️ 30 Tage Rückgaberecht 🔒 Kauf auf Rechnung mit Klarna · TWINT · Karten · PayPal · Apple Pay 💬 Schweizer Support: info@luxestyle.ch	https://luxestyle.ch/products/kostum-astronaut-overall-fgss0507?variant=55970692301185	https://cdn.shopify.com/s/files/1/0943/6856/3585/files/90507-5_3_90531f43-6343-4c33-bc6e-a2311da840cb.jpg?v=1784934482	https://cdn.shopify.com/s/files/1/0943/6856/3585/files/90507-5_1_0d9a6127-8b21-4ace-92a4-e6acfebfa2bf.jpg?v=1784839799,https://cdn.shopify.com/s/files/1/0943/6856/3585/files/90507-5_2_bfb289c8-ab41-4872-8386-4203c754dce9.jpg?v=1784934482,https://cdn.shopify.com/s/files/1/0943/6856/3585/files/90507-5_4_e40bb2d5-928b-4792-b63d-9534534f2993.jpg?v=1784934482,https://cdn.shopify.com/s/files/1/0943/6856/3585/files/90507-6_2_f18783e2-695d-4839-853e-a1fdfc84ed7a.jpg?v=1784934482	48.00 CHF	in stock	4	8003558050758	LuxeStyle	new	Kostüme & Verkleidung	1-3 Werktage (Lager Schweiz)
fortura-90507-6	kostum-astronaut-overall-fgss0507	Kostüm Astronaut Overall · Kindergrösse – 128 cm	Kostüm Astronaut Overall – hochwertige Qualität ab Schweizer Lager. Details Marke: Widmann Warum bei LuxeStyle kaufen? 🇨🇭 Versand aus der Schweiz – Lieferung in nur 1–2 Werktagen (DPD) ↩️ 30 Tage Rückgaberecht 🔒 Kauf auf Rechnung mit Klarna · TWINT · Karten · PayPal · Apple Pay 💬 Schweizer Support: info@luxestyle.ch	https://luxestyle.ch/products/kostum-astronaut-overall-fgss0507?variant=55970692333953	https://cdn.shopify.com/s/files/1/0943/6856/3585/files/90507-5_3_90531f43-6343-4c33-bc6e-a2311da840cb.jpg?v=1784934482	https://cdn.shopify.com/s/files/1/0943/6856/3585/files/90507-5_1_0d9a6127-8b21-4ace-92a4-e6acfebfa2bf.jpg?v=1784839799,https://cdn.shopify.com/s/files/1/0943/6856/3585/files/90507-5_2_bfb289c8-ab41-4872-8386-4203c754dce9.jpg?v=1784934482,https://cdn.shopify.com/s/files/1/0943/6856/3585/files/90507-5_4_e40bb2d5-928b-4792-b63d-9534534f2993.jpg?v=1784934482,https://cdn.shopify.com/s/files/1/0943/6856/3585/files/90507-6_2_f18783e2-695d-4839-853e-a1fdfc84ed7a.jpg?v=1784934482	48.00 CHF	in stock	4	8003558050765	LuxeStyle	new	Kostüme & Verkleidung	1-3 Werktage (Lager Schweiz)
fortura-90507-7	kostum-astronaut-overall-fgss0507	Kostüm Astronaut Overall · Kindergrösse – 140 cm	Kostüm Astronaut Overall – hochwertige Qualität ab Schweizer Lager. Details Marke: Widmann Warum bei LuxeStyle kaufen? 🇨🇭 Versand aus der Schweiz – Lieferung in nur 1–2 Werktagen (DPD) ↩️ 30 Tage Rückgaberecht 🔒 Kauf auf Rechnung mit Klarna · TWINT · Karten · PayPal · Apple Pay 💬 Schweizer Support: info@luxestyle.ch	https://luxestyle.ch/products/kostum-astronaut-overall-fgss0507?variant=55970692366721	https://cdn.shopify.com/s/files/1/0943/6856/3585/files/90507-5_3_90531f43-6343-4c33-bc6e-a2311da840cb.jpg?v=1784934482	https://cdn.shopify.com/s/files/1/0943/6856/3585/files/90507-5_1_0d9a6127-8b21-4ace-92a4-e6acfebfa2bf.jpg?v=1784839799,https://cdn.shopify.com/s/files/1/0943/6856/3585/files/90507-5_2_bfb289c8-ab41-4872-8386-4203c754dce9.jpg?v=1784934482,https://cdn.shopify.com/s/files/1/0943/6856/3585/files/90507-5_4_e40bb2d5-928b-4792-b63d-9534534f2993.jpg?v=1784934482,https://cdn.shopify.com/s/files/1/0943/6856/3585/files/90507-6_2_f18783e2-695d-4839-853e-a1fdfc84ed7a.jpg?v=1784934482	48.00 CHF	in stock	8	8003558050772	LuxeStyle	new	Kostüme & Verkleidung	1-3 Werktage (Lager Schweiz)
fortura-90507-8	kostum-astronaut-overall-fgss0507	Kostüm Astronaut Overall · Kindergrösse – 158 cm	Kostüm Astronaut Overall – hochwertige Qualität ab Schweizer Lager. Details Marke: Widmann Warum bei LuxeStyle kaufen? 🇨🇭 Versand aus der Schweiz – Lieferung in nur 1–2 Werktagen (DPD) ↩️ 30 Tage Rückgaberecht 🔒 Kauf auf Rechnung mit Klarna · TWINT · Karten · PayPal · Apple Pay 💬 Schweizer Support: info@luxestyle.ch	https://luxestyle.ch/products/kostum-astronaut-overall-fgss0507?variant=55970692399489	https://cdn.shopify.com/s/files/1/0943/6856/3585/files/90507-5_3_90531f43-6343-4c33-bc6e-a2311da840cb.jpg?v=1784934482	https://cdn.shopify.com/s/files/1/0943/6856/3585/files/90507-5_1_0d9a6127-8b21-4ace-92a4-e6acfebfa2bf.jpg?v=1784839799,https://cdn.shopify.com/s/files/1/0943/6856/3585/files/90507-5_2_bfb289c8-ab41-4872-8386-4203c754dce9.jpg?v=1784934482,https://cdn.shopify.com/s/files/1/0943/6856/3585/files/90507-5_4_e40bb2d5-928b-4792-b63d-9534534f2993.jpg?v=1784934482,https://cdn.shopify.com/s/files/1/0943/6856/3585/files/90507-6_2_f18783e2-695d-4839-853e-a1fdfc84ed7a.jpg?v=1784934482	48.00 CHF	in stock	12	8003558050789	LuxeStyle	new	Kostüme & Verkleidung	1-3 Werktage (Lager Schweiz)
fortura-90772-2	kostum-renaissance-prinzessin-fgss0772	Kostüm Renaissance Prinzessin – M	Kleid, Halskrause und Kopfschmuck Details Marke: Widmann Farbe: rot Anlass: Fasnacht Lieferumfang: Kleid, Halskrause und Kopfschmuck Warum bei LuxeStyle kaufen? 🇨🇭 Versand aus der Schweiz – Lieferung in nur 1–2 Werktagen (DPD) ↩️ 30 Tage Rückgaberecht 🔒 Kauf auf Rechnung mit Klarna · TWINT · Karten · PayPal · Apple Pay 💬 Schweizer Support: info@luxestyle.ch	https://luxestyle.ch/products/kostum-renaissance-prinzessin-fgss0772?variant=55970692596097	https://cdn.shopify.com/s/files/1/0943/6856/3585/files/90772-1_1.jpg?v=1784839801		78.00 CHF	in stock	3	8003558077229	LuxeStyle	new	Kostüme & Verkleidung	1-3 Werktage (Lager Schweiz)
fortura-90772-4	kostum-renaissance-prinzessin-fgss0772	Kostüm Renaissance Prinzessin – XL	Kleid, Halskrause und Kopfschmuck Details Marke: Widmann Farbe: rot Anlass: Fasnacht Lieferumfang: Kleid, Halskrause und Kopfschmuck Warum bei LuxeStyle kaufen? 🇨🇭 Versand aus der Schweiz – Lieferung in nur 1–2 Werktagen (DPD) ↩️ 30 Tage Rückgaberecht 🔒 Kauf auf Rechnung mit Klarna · TWINT · Karten · PayPal · Apple Pay 💬 Schweizer Support: info@luxestyle.ch	https://luxestyle.ch/products/kostum-renaissance-prinzessin-fgss0772?variant=55970692628865	https://cdn.shopify.com/s/files/1/0943/6856/3585/files/90772-1_1.jpg?v=1784839801		78.00 CHF	in stock	2	8003558077243	LuxeStyle	new	Kostüme & Verkleidung	1-3 Werktage (Lager Schweiz)
fortura-90799-2	kostum-vampir-lady-fgss0799	Kostüm Vampir Lady – M	Werde die Gräfin Drakula höchstpersönlich. In diesem sexy Vampirkostüm werden dir deine Opfer zu Füssen liegen. So eine blutrünstige und zugleich schöne Vampirin wurde noch nie gesehen! Details Marke: Widmann Farbe: mehrfarbig Anlass: Halloween Lieferumfang: 1 Kostüm Warum bei LuxeStyle kaufen? 🇨🇭 Versand aus der Schweiz – Lieferung in nur 1–2 Werktagen (DPD) ↩️ 30 Tage Rückgaberecht 🔒 Kauf auf Rechnung mit Klarna · TWINT · Karten · PayPal · Apple Pay 💬 Schweizer Support: info@luxestyle.ch	https://luxestyle.ch/products/kostum-vampir-lady-fgss0799?variant=55970692792705	https://cdn.shopify.com/s/files/1/0943/6856/3585/files/90799-2_1_4c5adf83-23f0-4890-803c-bd9dd2ff89fa.jpg?v=1784839804		74.90 CHF	in stock	1	8003558079926	LuxeStyle	new	Kostüme & Verkleidung	1-3 Werktage (Lager Schweiz)
fortura-90799-3	kostum-vampir-lady-fgss0799	Kostüm Vampir Lady – L	Werde die Gräfin Drakula höchstpersönlich. In diesem sexy Vampirkostüm werden dir deine Opfer zu Füssen liegen. So eine blutrünstige und zugleich schöne Vampirin wurde noch nie gesehen! Details Marke: Widmann Farbe: mehrfarbig Anlass: Halloween Lieferumfang: 1 Kostüm Warum bei LuxeStyle kaufen? 🇨🇭 Versand aus der Schweiz – Lieferung in nur 1–2 Werktagen (DPD) ↩️ 30 Tage Rückgaberecht 🔒 Kauf auf Rechnung mit Klarna · TWINT · Karten · PayPal · Apple Pay 💬 Schweizer Support: info@luxestyle.ch	https://luxestyle.ch/products/kostum-vampir-lady-fgss0799?variant=55970692825473	https://cdn.shopify.com/s/files/1/0943/6856/3585/files/90799-2_1_4c5adf83-23f0-4890-803c-bd9dd2ff89fa.jpg?v=1784839804		74.90 CHF	in stock	1	8003558079933	LuxeStyle	new	Kostüme & Verkleidung	1-3 Werktage (Lager Schweiz)
fortura-90799-4	kostum-vampir-lady-fgss0799	Kostüm Vampir Lady – XL	Werde die Gräfin Drakula höchstpersönlich. In diesem sexy Vampirkostüm werden dir deine Opfer zu Füssen liegen. So eine blutrünstige und zugleich schöne Vampirin wurde noch nie gesehen! Details Marke: Widmann Farbe: mehrfarbig Anlass: Halloween Lieferumfang: 1 Kostüm Warum bei LuxeStyle kaufen? 🇨🇭 Versand aus der Schweiz – Lieferung in nur 1–2 Werktagen (DPD) ↩️ 30 Tage Rückgaberecht 🔒 Kauf auf Rechnung mit Klarna · TWINT · Karten · PayPal · Apple Pay 💬 Schweizer Support: info@luxestyle.ch	https://luxestyle.ch/products/kostum-vampir-lady-fgss0799?variant=55970692858241	https://cdn.shopify.com/s/files/1/0943/6856/3585/files/90799-2_1_4c5adf83-23f0-4890-803c-bd9dd2ff89fa.jpg?v=1784839804		81.90 CHF	in stock	1	8003558079940	LuxeStyle	new	Kostüme & Verkleidung	1-3 Werktage (Lager Schweiz)
fortura-91025-1	kostum-gangster-fgss1025	Kostüm Gangster · Widmann – S	Kostüm Gangster – hochwertige Qualität ab Schweizer Lager. Details Marke: Widmann Warum bei LuxeStyle kaufen? 🇨🇭 Versand aus der Schweiz – Lieferung in nur 1–2 Werktagen (DPD) ↩️ 30 Tage Rückgaberecht 🔒 Kauf auf Rechnung mit Klarna · TWINT · Karten · PayPal · Apple Pay 💬 Schweizer Support: info@luxestyle.ch	https://luxestyle.ch/products/kostum-gangster-fgss1025?variant=55970693579137	https://cdn.shopify.com/s/files/1/0943/6856/3585/files/91025-1_2_7f9486da-6ae1-461b-9122-47db7c774b38.jpg?v=1784934505	https://cdn.shopify.com/s/files/1/0943/6856/3585/files/910250_1.jpg?v=1784839812,https://cdn.shopify.com/s/files/1/0943/6856/3585/files/91025-1_3_58271212-d222-4123-b644-2198e9aca6d5.jpg?v=1784934505,https://cdn.shopify.com/s/files/1/0943/6856/3585/files/91025-2_2.jpg?v=1784934506,https://cdn.shopify.com/s/files/1/0943/6856/3585/files/91025-2_3.jpg?v=1784934506	48.00 CHF	in stock	3	8003558102518	LuxeStyle	new	Kostüme & Verkleidung	1-3 Werktage (Lager Schweiz)
fortura-91025-2	kostum-gangster-fgss1025	Kostüm Gangster · Widmann – M	Kostüm Gangster – hochwertige Qualität ab Schweizer Lager. Details Marke: Widmann Warum bei LuxeStyle kaufen? 🇨🇭 Versand aus der Schweiz – Lieferung in nur 1–2 Werktagen (DPD) ↩️ 30 Tage Rückgaberecht 🔒 Kauf auf Rechnung mit Klarna · TWINT · Karten · PayPal · Apple Pay 💬 Schweizer Support: info@luxestyle.ch	https://luxestyle.ch/products/kostum-gangster-fgss1025?variant=55970693611905	https://cdn.shopify.com/s/files/1/0943/6856/3585/files/91025-1_2_7f9486da-6ae1-461b-9122-47db7c774b38.jpg?v=1784934505	https://cdn.shopify.com/s/files/1/0943/6856/3585/files/910250_1.jpg?v=1784839812,https://cdn.shopify.com/s/files/1/0943/6856/3585/files/91025-1_3_58271212-d222-4123-b644-2198e9aca6d5.jpg?v=1784934505,https://cdn.shopify.com/s/files/1/0943/6856/3585/files/91025-2_2.jpg?v=1784934506,https://cdn.shopify.com/s/files/1/0943/6856/3585/files/91025-2_3.jpg?v=1784934506	48.00 CHF	in stock	5	8003558102525	LuxeStyle	new	Kostüme & Verkleidung	1-3 Werktage (Lager Schweiz)
fortura-91025-3	kostum-gangster-fgss1025	Kostüm Gangster · Widmann – L	Kostüm Gangster – hochwertige Qualität ab Schweizer Lager. Details Marke: Widmann Warum bei LuxeStyle kaufen? 🇨🇭 Versand aus der Schweiz – Lieferung in nur 1–2 Werktagen (DPD) ↩️ 30 Tage Rückgaberecht 🔒 Kauf auf Rechnung mit Klarna · TWINT · Karten · PayPal · Apple Pay 💬 Schweizer Support: info@luxestyle.ch	https://luxestyle.ch/products/kostum-gangster-fgss1025?variant=55970693644673	https://cdn.shopify.com/s/files/1/0943/6856/3585/files/91025-1_2_7f9486da-6ae1-461b-9122-47db7c774b38.jpg?v=1784934505	https://cdn.shopify.com/s/files/1/0943/6856/3585/files/910250_1.jpg?v=1784839812,https://cdn.shopify.com/s/files/1/0943/6856/3585/files/91025-1_3_58271212-d222-4123-b644-2198e9aca6d5.jpg?v=1784934505,https://cdn.shopify.com/s/files/1/0943/6856/3585/files/91025-2_2.jpg?v=1784934506,https://cdn.shopify.com/s/files/1/0943/6856/3585/files/91025-2_3.jpg?v=1784934506	48.00 CHF	in stock	5	8003558102532	LuxeStyle	new	Kostüme & Verkleidung	1-3 Werktage (Lager Schweiz)
fortura-90925-2	trainingsanzug-mit-totenkopfe-fgss0925	Trainingsanzug mit Totenköpfe – M	Trainingsanzug mit Totenköpfe – hochwertige Qualität ab Schweizer Lager. Details Marke: Widmann Warum bei LuxeStyle kaufen? 🇨🇭 Versand aus der Schweiz – Lieferung in nur 1–2 Werktagen (DPD) ↩️ 30 Tage Rückgaberecht 🔒 Kauf auf Rechnung mit Klarna · TWINT · Karten · PayPal · Apple Pay 💬 Schweizer Support: info@luxestyle.ch	https://luxestyle.ch/products/trainingsanzug-mit-totenkopfe-fgss0925?variant=55970693874049	https://cdn.shopify.com/s/files/1/0943/6856/3585/files/909250_1_7a34d2a2-ac2e-4691-a231-08a034977937.jpg?v=1784839817	https://cdn.shopify.com/s/files/1/0943/6856/3585/files/90925-2_2_036af59c-ed9c-4108-9eaf-39a3af0d660a.jpg?v=1784934518,https://cdn.shopify.com/s/files/1/0943/6856/3585/files/90925-2_3_e2596ea9-969b-4a0f-876a-2e5640ed5b87.jpg?v=1784934518,https://cdn.shopify.com/s/files/1/0943/6856/3585/files/90925-2_4_f38b4962-e5d2-4a0a-9b52-576f05ab73f6.jpg?v=1784934518,https://cdn.shopify.com/s/files/1/0943/6856/3585/files/90925-3_2_fb8384e4-06a8-4e68-91e4-4ca57bc014a0.jpg?v=1784934518	63.00 CHF	in stock	4	8003558092529	LuxeStyle	new	Kostüme & Verkleidung	1-3 Werktage (Lager Schweiz)
fortura-90925-3	trainingsanzug-mit-totenkopfe-fgss0925	Trainingsanzug mit Totenköpfe – L	Trainingsanzug mit Totenköpfe – hochwertige Qualität ab Schweizer Lager. Details Marke: Widmann Warum bei LuxeStyle kaufen? 🇨🇭 Versand aus der Schweiz – Lieferung in nur 1–2 Werktagen (DPD) ↩️ 30 Tage Rückgaberecht 🔒 Kauf auf Rechnung mit Klarna · TWINT · Karten · PayPal · Apple Pay 💬 Schweizer Support: info@luxestyle.ch	https://luxestyle.ch/products/trainingsanzug-mit-totenkopfe-fgss0925?variant=55970693906817	https://cdn.shopify.com/s/files/1/0943/6856/3585/files/909250_1_7a34d2a2-ac2e-4691-a231-08a034977937.jpg?v=1784839817	https://cdn.shopify.com/s/files/1/0943/6856/3585/files/90925-2_2_036af59c-ed9c-4108-9eaf-39a3af0d660a.jpg?v=1784934518,https://cdn.shopify.com/s/files/1/0943/6856/3585/files/90925-2_3_e2596ea9-969b-4a0f-876a-2e5640ed5b87.jpg?v=1784934518,https://cdn.shopify.com/s/files/1/0943/6856/3585/files/90925-2_4_f38b4962-e5d2-4a0a-9b52-576f05ab73f6.jpg?v=1784934518,https://cdn.shopify.com/s/files/1/0943/6856/3585/files/90925-3_2_fb8384e4-06a8-4e68-91e4-4ca57bc014a0.jpg?v=1784934518	63.00 CHF	in stock	9	8003558092536	LuxeStyle	new	Kostüme & Verkleidung	1-3 Werktage (Lager Schweiz)
fortura-90925-4	trainingsanzug-mit-totenkopfe-fgss0925	Trainingsanzug mit Totenköpfe – XL	Trainingsanzug mit Totenköpfe – hochwertige Qualität ab Schweizer Lager. Details Marke: Widmann Warum bei LuxeStyle kaufen? 🇨🇭 Versand aus der Schweiz – Lieferung in nur 1–2 Werktagen (DPD) ↩️ 30 Tage Rückgaberecht 🔒 Kauf auf Rechnung mit Klarna · TWINT · Karten · PayPal · Apple Pay 💬 Schweizer Support: info@luxestyle.ch	https://luxestyle.ch/products/trainingsanzug-mit-totenkopfe-fgss0925?variant=55970693939585	https://cdn.shopify.com/s/files/1/0943/6856/3585/files/909250_1_7a34d2a2-ac2e-4691-a231-08a034977937.jpg?v=1784839817	https://cdn.shopify.com/s/files/1/0943/6856/3585/files/90925-2_2_036af59c-ed9c-4108-9eaf-39a3af0d660a.jpg?v=1784934518,https://cdn.shopify.com/s/files/1/0943/6856/3585/files/90925-2_3_e2596ea9-969b-4a0f-876a-2e5640ed5b87.jpg?v=1784934518,https://cdn.shopify.com/s/files/1/0943/6856/3585/files/90925-2_4_f38b4962-e5d2-4a0a-9b52-576f05ab73f6.jpg?v=1784934518,https://cdn.shopify.com/s/files/1/0943/6856/3585/files/90925-3_2_fb8384e4-06a8-4e68-91e4-4ca57bc014a0.jpg?v=1784934518	69.00 CHF	in stock	2	8003558092543	LuxeStyle	new	Kostüme & Verkleidung	1-3 Werktage (Lager Schweiz)
fortura-909250	trainingsanzug-mit-totenkopfe-fgss0925	Trainingsanzug mit Totenköpfe – XXL	Trainingsanzug mit Totenköpfe – hochwertige Qualität ab Schweizer Lager. Details Marke: Widmann Warum bei LuxeStyle kaufen? 🇨🇭 Versand aus der Schweiz – Lieferung in nur 1–2 Werktagen (DPD) ↩️ 30 Tage Rückgaberecht 🔒 Kauf auf Rechnung mit Klarna · TWINT · Karten · PayPal · Apple Pay 💬 Schweizer Support: info@luxestyle.ch	https://luxestyle.ch/products/trainingsanzug-mit-totenkopfe-fgss0925?variant=55970693972353	https://cdn.shopify.com/s/files/1/0943/6856/3585/files/909250_1_7a34d2a2-ac2e-4691-a231-08a034977937.jpg?v=1784839817	https://cdn.shopify.com/s/files/1/0943/6856/3585/files/90925-2_2_036af59c-ed9c-4108-9eaf-39a3af0d660a.jpg?v=1784934518,https://cdn.shopify.com/s/files/1/0943/6856/3585/files/90925-2_3_e2596ea9-969b-4a0f-876a-2e5640ed5b87.jpg?v=1784934518,https://cdn.shopify.com/s/files/1/0943/6856/3585/files/90925-2_4_f38b4962-e5d2-4a0a-9b52-576f05ab73f6.jpg?v=1784934518,https://cdn.shopify.com/s/files/1/0943/6856/3585/files/90925-3_2_fb8384e4-06a8-4e68-91e4-4ca57bc014a0.jpg?v=1784934518	69.00 CHF	in stock	6	8003558092505	LuxeStyle	new	Kostüme & Verkleidung	1-3 Werktage (Lager Schweiz)
fortura-90751-1	kostum-snowboarder-fgss9075	Kostüm Snowboarder – S	Kostüm Snowboarder – hochwertige Qualität ab Schweizer Lager. Details Marke: Widmann Warum bei LuxeStyle kaufen? 🇨🇭 Versand aus der Schweiz – Lieferung in nur 1–2 Werktagen (DPD) ↩️ 30 Tage Rückgaberecht 🔒 Kauf auf Rechnung mit Klarna · TWINT · Karten · PayPal · Apple Pay 💬 Schweizer Support: info@luxestyle.ch	https://luxestyle.ch/products/kostum-snowboarder-fgss9075?variant=55970695610753	https://cdn.shopify.com/s/files/1/0943/6856/3585/files/90751-1_3_7d54b945-26e0-4122-a473-c4286d953609.jpg?v=1784934527	https://cdn.shopify.com/s/files/1/0943/6856/3585/files/907510_1_2fa6bbe3-009b-46b3-a8a1-86cd70f0d28c.jpg?v=1784839821,https://cdn.shopify.com/s/files/1/0943/6856/3585/files/90751-1_2_cab8a78f-234f-41f2-8f35-5c81a147a031.jpg?v=1784934528,https://cdn.shopify.com/s/files/1/0943/6856/3585/files/90751-1_4_52f50948-fbff-48dc-8c36-30288f4d3b37.jpg?v=1784934527,https://cdn.shopify.com/s/files/1/0943/6856/3585/files/90751-2_2_34f17248-4f46-40b5-9a28-f4d199b50ebe.jpg?v=1784934528	58.00 CHF	in stock	3	8003558075119	LuxeStyle	new	Kostüme & Verkleidung	1-3 Werktage (Lager Schweiz)
fortura-90751-2	kostum-snowboarder-fgss9075	Kostüm Snowboarder – M	Kostüm Snowboarder – hochwertige Qualität ab Schweizer Lager. Details Marke: Widmann Warum bei LuxeStyle kaufen? 🇨🇭 Versand aus der Schweiz – Lieferung in nur 1–2 Werktagen (DPD) ↩️ 30 Tage Rückgaberecht 🔒 Kauf auf Rechnung mit Klarna · TWINT · Karten · PayPal · Apple Pay 💬 Schweizer Support: info@luxestyle.ch	https://luxestyle.ch/products/kostum-snowboarder-fgss9075?variant=55970695643521	https://cdn.shopify.com/s/files/1/0943/6856/3585/files/90751-1_3_7d54b945-26e0-4122-a473-c4286d953609.jpg?v=1784934527	https://cdn.shopify.com/s/files/1/0943/6856/3585/files/907510_1_2fa6bbe3-009b-46b3-a8a1-86cd70f0d28c.jpg?v=1784839821,https://cdn.shopify.com/s/files/1/0943/6856/3585/files/90751-1_2_cab8a78f-234f-41f2-8f35-5c81a147a031.jpg?v=1784934528,https://cdn.shopify.com/s/files/1/0943/6856/3585/files/90751-1_4_52f50948-fbff-48dc-8c36-30288f4d3b37.jpg?v=1784934527,https://cdn.shopify.com/s/files/1/0943/6856/3585/files/90751-2_2_34f17248-4f46-40b5-9a28-f4d199b50ebe.jpg?v=1784934528	58.00 CHF	in stock	2	8003558075126	LuxeStyle	new	Kostüme & Verkleidung	1-3 Werktage (Lager Schweiz)
fortura-90751-3	kostum-snowboarder-fgss9075	Kostüm Snowboarder – L	Kostüm Snowboarder – hochwertige Qualität ab Schweizer Lager. Details Marke: Widmann Warum bei LuxeStyle kaufen? 🇨🇭 Versand aus der Schweiz – Lieferung in nur 1–2 Werktagen (DPD) ↩️ 30 Tage Rückgaberecht 🔒 Kauf auf Rechnung mit Klarna · TWINT · Karten · PayPal · Apple Pay 💬 Schweizer Support: info@luxestyle.ch	https://luxestyle.ch/products/kostum-snowboarder-fgss9075?variant=55970695676289	https://cdn.shopify.com/s/files/1/0943/6856/3585/files/90751-1_3_7d54b945-26e0-4122-a473-c4286d953609.jpg?v=1784934527	https://cdn.shopify.com/s/files/1/0943/6856/3585/files/907510_1_2fa6bbe3-009b-46b3-a8a1-86cd70f0d28c.jpg?v=1784839821,https://cdn.shopify.com/s/files/1/0943/6856/3585/files/90751-1_2_cab8a78f-234f-41f2-8f35-5c81a147a031.jpg?v=1784934528,https://cdn.shopify.com/s/files/1/0943/6856/3585/files/90751-1_4_52f50948-fbff-48dc-8c36-30288f4d3b37.jpg?v=1784934527,https://cdn.shopify.com/s/files/1/0943/6856/3585/files/90751-2_2_34f17248-4f46-40b5-9a28-f4d199b50ebe.jpg?v=1784934528	58.00 CHF	in stock	4	8003558075133	LuxeStyle	new	Kostüme & Verkleidung	1-3 Werktage (Lager Schweiz)
fortura-90751-4	kostum-snowboarder-fgss9075	Kostüm Snowboarder – XL	Kostüm Snowboarder – hochwertige Qualität ab Schweizer Lager. Details Marke: Widmann Warum bei LuxeStyle kaufen? 🇨🇭 Versand aus der Schweiz – Lieferung in nur 1–2 Werktagen (DPD) ↩️ 30 Tage Rückgaberecht 🔒 Kauf auf Rechnung mit Klarna · TWINT · Karten · PayPal · Apple Pay 💬 Schweizer Support: info@luxestyle.ch	https://luxestyle.ch/products/kostum-snowboarder-fgss9075?variant=55970695709057	https://cdn.shopify.com/s/files/1/0943/6856/3585/files/90751-1_3_7d54b945-26e0-4122-a473-c4286d953609.jpg?v=1784934527	https://cdn.shopify.com/s/files/1/0943/6856/3585/files/907510_1_2fa6bbe3-009b-46b3-a8a1-86cd70f0d28c.jpg?v=1784839821,https://cdn.shopify.com/s/files/1/0943/6856/3585/files/90751-1_2_cab8a78f-234f-41f2-8f35-5c81a147a031.jpg?v=1784934528,https://cdn.shopify.com/s/files/1/0943/6856/3585/files/90751-1_4_52f50948-fbff-48dc-8c36-30288f4d3b37.jpg?v=1784934527,https://cdn.shopify.com/s/files/1/0943/6856/3585/files/90751-2_2_34f17248-4f46-40b5-9a28-f4d199b50ebe.jpg?v=1784934528	58.00 CHF	in stock	16	8003558075140	LuxeStyle	new	Kostüme & Verkleidung	1-3 Werktage (Lager Schweiz)
fortura-907510	kostum-snowboarder-fgss9075	Kostüm Snowboarder – XXL	Kostüm Snowboarder – hochwertige Qualität ab Schweizer Lager. Details Marke: Widmann Warum bei LuxeStyle kaufen? 🇨🇭 Versand aus der Schweiz – Lieferung in nur 1–2 Werktagen (DPD) ↩️ 30 Tage Rückgaberecht 🔒 Kauf auf Rechnung mit Klarna · TWINT · Karten · PayPal · Apple Pay 💬 Schweizer Support: info@luxestyle.ch	https://luxestyle.ch/products/kostum-snowboarder-fgss9075?variant=55970695741825	https://cdn.shopify.com/s/files/1/0943/6856/3585/files/90751-1_3_7d54b945-26e0-4122-a473-c4286d953609.jpg?v=1784934527	https://cdn.shopify.com/s/files/1/0943/6856/3585/files/907510_1_2fa6bbe3-009b-46b3-a8a1-86cd70f0d28c.jpg?v=1784839821,https://cdn.shopify.com/s/files/1/0943/6856/3585/files/90751-1_2_cab8a78f-234f-41f2-8f35-5c81a147a031.jpg?v=1784934528,https://cdn.shopify.com/s/files/1/0943/6856/3585/files/90751-1_4_52f50948-fbff-48dc-8c36-30288f4d3b37.jpg?v=1784934527,https://cdn.shopify.com/s/files/1/0943/6856/3585/files/90751-2_2_34f17248-4f46-40b5-9a28-f4d199b50ebe.jpg?v=1784934528	58.00 CHF	in stock	14	8003558075102	LuxeStyle	new	Kostüme & Verkleidung	1-3 Werktage (Lager Schweiz)
fortura-90940-1	kostum-70er-anzug-fgss0940	Kostüm 70er Anzug – S	Jacke, Hemd, Hose Details Marke: Widmann Lieferumfang: Jacke, Hemd, Hose Warum bei LuxeStyle kaufen? 🇨🇭 Versand aus der Schweiz – Lieferung in nur 1–2 Werktagen (DPD) ↩️ 30 Tage Rückgaberecht 🔒 Kauf auf Rechnung mit Klarna · TWINT · Karten · PayPal · Apple Pay 💬 Schweizer Support: info@luxestyle.ch	https://luxestyle.ch/products/kostum-70er-anzug-fgss0940?variant=55970695774593	https://cdn.shopify.com/s/files/1/0943/6856/3585/files/90940-1_1_ce336d2d-159f-40be-9b4a-802beb424ab0.jpg?v=1784839821		78.00 CHF	in stock	10	8003558094011	LuxeStyle	new	Kostüme & Verkleidung	1-3 Werktage (Lager Schweiz)
fortura-90940-2	kostum-70er-anzug-fgss0940	Kostüm 70er Anzug – M	Jacke, Hemd, Hose Details Marke: Widmann Lieferumfang: Jacke, Hemd, Hose Warum bei LuxeStyle kaufen? 🇨🇭 Versand aus der Schweiz – Lieferung in nur 1–2 Werktagen (DPD) ↩️ 30 Tage Rückgaberecht 🔒 Kauf auf Rechnung mit Klarna · TWINT · Karten · PayPal · Apple Pay 💬 Schweizer Support: info@luxestyle.ch	https://luxestyle.ch/products/kostum-70er-anzug-fgss0940?variant=55970695807361	https://cdn.shopify.com/s/files/1/0943/6856/3585/files/90940-1_1_ce336d2d-159f-40be-9b4a-802beb424ab0.jpg?v=1784839821		78.00 CHF	in stock	8	8003558094028	LuxeStyle	new	Kostüme & Verkleidung	1-3 Werktage (Lager Schweiz)
fortura-90940-3	kostum-70er-anzug-fgss0940	Kostüm 70er Anzug – L	Jacke, Hemd, Hose Details Marke: Widmann Lieferumfang: Jacke, Hemd, Hose Warum bei LuxeStyle kaufen? 🇨🇭 Versand aus der Schweiz – Lieferung in nur 1–2 Werktagen (DPD) ↩️ 30 Tage Rückgaberecht 🔒 Kauf auf Rechnung mit Klarna · TWINT · Karten · PayPal · Apple Pay 💬 Schweizer Support: info@luxestyle.ch	https://luxestyle.ch/products/kostum-70er-anzug-fgss0940?variant=55970695840129	https://cdn.shopify.com/s/files/1/0943/6856/3585/files/90940-1_1_ce336d2d-159f-40be-9b4a-802beb424ab0.jpg?v=1784839821		78.00 CHF	in stock	2	8003558094035	LuxeStyle	new	Kostüme & Verkleidung	1-3 Werktage (Lager Schweiz)
fortura-90940-4	kostum-70er-anzug-fgss0940	Kostüm 70er Anzug – XL	Jacke, Hemd, Hose Details Marke: Widmann Lieferumfang: Jacke, Hemd, Hose Warum bei LuxeStyle kaufen? 🇨🇭 Versand aus der Schweiz – Lieferung in nur 1–2 Werktagen (DPD) ↩️ 30 Tage Rückgaberecht 🔒 Kauf auf Rechnung mit Klarna · TWINT · Karten · PayPal · Apple Pay 💬 Schweizer Support: info@luxestyle.ch	https://luxestyle.ch/products/kostum-70er-anzug-fgss0940?variant=55970695872897	https://cdn.shopify.com/s/files/1/0943/6856/3585/files/90940-1_1_ce336d2d-159f-40be-9b4a-802beb424ab0.jpg?v=1784839821		71.90 CHF	in stock	13	8003558094042	LuxeStyle	new	Kostüme & Verkleidung	1-3 Werktage (Lager Schweiz)
fortura-90768-4	kostum-wikinger-lady-fgss0768	Kostüm Wikinger Lady	Kleid mit Kopfteil Details Marke: Widmann Farbe: braun Anlass: Fasnacht Lieferumfang: Kleid mit Kopfteil Warum bei LuxeStyle kaufen? 🇨🇭 Versand aus der Schweiz – Lieferung in nur 1–2 Werktagen (DPD) ↩️ 30 Tage Rückgaberecht 🔒 Kauf auf Rechnung mit Klarna · TWINT · Karten · PayPal · Apple Pay 💬 Schweizer Support: info@luxestyle.ch	https://luxestyle.ch/products/kostum-wikinger-lady-fgss0768?variant=55970695938433	https://cdn.shopify.com/s/files/1/0943/6856/3585/files/90768-2_1.jpg?v=1784839823		82.00 CHF	in stock	2	8003558076840	LuxeStyle	new	Kostüme & Verkleidung	1-3 Werktage (Lager Schweiz)
fortura-90771-2	kostum-dunkler-ritter-fgss0771	Kostüm dunkler Ritter	Umhang, Kasack und Gürtel Details Marke: Widmann Farbe: schwarz Anlass: Fasnacht Lieferumfang: Umhang, Kasack und Gürtel Warum bei LuxeStyle kaufen? 🇨🇭 Versand aus der Schweiz – Lieferung in nur 1–2 Werktagen (DPD) ↩️ 30 Tage Rückgaberecht 🔒 Kauf auf Rechnung mit Klarna · TWINT · Karten · PayPal · Apple Pay 💬 Schweizer Support: info@luxestyle.ch	https://luxestyle.ch/products/kostum-dunkler-ritter-fgss0771?variant=55970696003969	https://cdn.shopify.com/s/files/1/0943/6856/3585/files/90771-2_1_5a9d1a2c-4721-4dfc-995b-c10f9058831c.jpg?v=1784839826		78.00 CHF	in stock	1	8003558077120	LuxeStyle	new	Kostüme & Verkleidung	1-3 Werktage (Lager Schweiz)
fortura-90952-3	kostum-piratenkapitanin-fgss0952	Kostüm Piratenkapitänin – L	Übernimm das Kommando deiner eigenen Piraten Crew und mache die sieben Weltmeere unsicher als Piraten Kapitänin. Im Kostüm inbegriffen sind das Kleid, die Bluse und der Hut mit Band. Details Marke: Widmann Farbe: mehrfarbig Anlass: Fasnacht Warum bei LuxeStyle kaufen? 🇨🇭 Versand aus der Schweiz – Lieferung in nur 1–2 Werktagen (DPD) ↩️ 30 Tage Rückgaberecht 🔒 Kauf auf Rechnung mit Klarna · TWINT · Karten · PayPal · Apple Pay 💬 Schweizer Support: info@luxestyle.ch	https://luxestyle.ch/products/kostum-piratenkapitanin-fgss0952?variant=55970696069505	https://cdn.shopify.com/s/files/1/0943/6856/3585/files/90952-1_1.jpg?v=1784839827		77.90 CHF	in stock	2	8003558095230	LuxeStyle	new	Kostüme & Verkleidung	1-3 Werktage (Lager Schweiz)
fortura-90952-4	kostum-piratenkapitanin-fgss0952	Kostüm Piratenkapitänin – XL	Übernimm das Kommando deiner eigenen Piraten Crew und mache die sieben Weltmeere unsicher als Piraten Kapitänin. Im Kostüm inbegriffen sind das Kleid, die Bluse und der Hut mit Band. Details Marke: Widmann Farbe: mehrfarbig Anlass: Fasnacht Warum bei LuxeStyle kaufen? 🇨🇭 Versand aus der Schweiz – Lieferung in nur 1–2 Werktagen (DPD) ↩️ 30 Tage Rückgaberecht 🔒 Kauf auf Rechnung mit Klarna · TWINT · Karten · PayPal · Apple Pay 💬 Schweizer Support: info@luxestyle.ch	https://luxestyle.ch/products/kostum-piratenkapitanin-fgss0952?variant=55970696102273	https://cdn.shopify.com/s/files/1/0943/6856/3585/files/90952-1_1.jpg?v=1784839827		94.00 CHF	in stock	3	8003558095247	LuxeStyle	new	Kostüme & Verkleidung	1-3 Werktage (Lager Schweiz)
fortura-90795-2	kostum-kleid-charleston-fgss0795	Kostüm Kleid Charleston – M	Die Roaring Twenties rufen nach Dir. Tanz Dich durch den Abend in diesem Flapper Kleid inklusive silbernen Armstulpen und Kopfschmuck. Details Marke: Widmann Farbe: schwarz Anlass: Fasnacht Warum bei LuxeStyle kaufen? 🇨🇭 Versand aus der Schweiz – Lieferung in nur 1–2 Werktagen (DPD) ↩️ 30 Tage Rückgaberecht 🔒 Kauf auf Rechnung mit Klarna · TWINT · Karten · PayPal · Apple Pay 💬 Schweizer Support: info@luxestyle.ch	https://luxestyle.ch/products/kostum-kleid-charleston-fgss0795?variant=55970696462721	https://cdn.shopify.com/s/files/1/0943/6856/3585/files/907950_3.jpg?v=1784937967	https://cdn.shopify.com/s/files/1/0943/6856/3585/files/907950_1_bc527424-0863-4bd8-9458-0f3b0e566125.jpg?v=1784839831,https://cdn.shopify.com/s/files/1/0943/6856/3585/files/907950_2.jpg?v=1784937967,https://cdn.shopify.com/s/files/1/0943/6856/3585/files/907950_4.jpg?v=1784937967	74.00 CHF	in stock	14	8003558079520	LuxeStyle	new	Kostüme & Verkleidung	1-3 Werktage (Lager Schweiz)
fortura-90795-3	kostum-kleid-charleston-fgss0795	Kostüm Kleid Charleston – L	Die Roaring Twenties rufen nach Dir. Tanz Dich durch den Abend in diesem Flapper Kleid inklusive silbernen Armstulpen und Kopfschmuck. Details Marke: Widmann Farbe: schwarz Anlass: Fasnacht Warum bei LuxeStyle kaufen? 🇨🇭 Versand aus der Schweiz – Lieferung in nur 1–2 Werktagen (DPD) ↩️ 30 Tage Rückgaberecht 🔒 Kauf auf Rechnung mit Klarna · TWINT · Karten · PayPal · Apple Pay 💬 Schweizer Support: info@luxestyle.ch	https://luxestyle.ch/products/kostum-kleid-charleston-fgss0795?variant=55970696495489	https://cdn.shopify.com/s/files/1/0943/6856/3585/files/907950_3.jpg?v=1784937967	https://cdn.shopify.com/s/files/1/0943/6856/3585/files/907950_1_bc527424-0863-4bd8-9458-0f3b0e566125.jpg?v=1784839831,https://cdn.shopify.com/s/files/1/0943/6856/3585/files/907950_2.jpg?v=1784937967,https://cdn.shopify.com/s/files/1/0943/6856/3585/files/907950_4.jpg?v=1784937967	74.00 CHF	in stock	15	8003558079537	LuxeStyle	new	Kostüme & Verkleidung	1-3 Werktage (Lager Schweiz)
fortura-90795-4	kostum-kleid-charleston-fgss0795	Kostüm Kleid Charleston – XL	Die Roaring Twenties rufen nach Dir. Tanz Dich durch den Abend in diesem Flapper Kleid inklusive silbernen Armstulpen und Kopfschmuck. Details Marke: Widmann Farbe: schwarz Anlass: Fasnacht Warum bei LuxeStyle kaufen? 🇨🇭 Versand aus der Schweiz – Lieferung in nur 1–2 Werktagen (DPD) ↩️ 30 Tage Rückgaberecht 🔒 Kauf auf Rechnung mit Klarna · TWINT · Karten · PayPal · Apple Pay 💬 Schweizer Support: info@luxestyle.ch	https://luxestyle.ch/products/kostum-kleid-charleston-fgss0795?variant=55970696528257	https://cdn.shopify.com/s/files/1/0943/6856/3585/files/907950_3.jpg?v=1784937967	https://cdn.shopify.com/s/files/1/0943/6856/3585/files/907950_1_bc527424-0863-4bd8-9458-0f3b0e566125.jpg?v=1784839831,https://cdn.shopify.com/s/files/1/0943/6856/3585/files/907950_2.jpg?v=1784937967,https://cdn.shopify.com/s/files/1/0943/6856/3585/files/907950_4.jpg?v=1784937967	78.00 CHF	in stock	5	8003558079544	LuxeStyle	new	Kostüme & Verkleidung	1-3 Werktage (Lager Schweiz)
fortura-907950	kostum-kleid-charleston-fgss0795	Kostüm Kleid Charleston – XXL	Die Roaring Twenties rufen nach Dir. Tanz Dich durch den Abend in diesem Flapper Kleid inklusive silbernen Armstulpen und Kopfschmuck. Details Marke: Widmann Farbe: schwarz Anlass: Fasnacht Warum bei LuxeStyle kaufen? 🇨🇭 Versand aus der Schweiz – Lieferung in nur 1–2 Werktagen (DPD) ↩️ 30 Tage Rückgaberecht 🔒 Kauf auf Rechnung mit Klarna · TWINT · Karten · PayPal · Apple Pay 💬 Schweizer Support: info@luxestyle.ch	https://luxestyle.ch/products/kostum-kleid-charleston-fgss0795?variant=55970696561025	https://cdn.shopify.com/s/files/1/0943/6856/3585/files/907950_3.jpg?v=1784937967	https://cdn.shopify.com/s/files/1/0943/6856/3585/files/907950_1_bc527424-0863-4bd8-9458-0f3b0e566125.jpg?v=1784839831,https://cdn.shopify.com/s/files/1/0943/6856/3585/files/907950_2.jpg?v=1784937967,https://cdn.shopify.com/s/files/1/0943/6856/3585/files/907950_4.jpg?v=1784937967	78.00 CHF	in stock	5	8003558079506	LuxeStyle	new	Kostüme & Verkleidung	1-3 Werktage (Lager Schweiz)
fortura-90807-1	kostum-steampunkerin-fgss0807	Kostüm Steampunkerin – S	Kostüm Steampunkerin – hochwertige Qualität ab Schweizer Lager. Details Marke: Widmann Warum bei LuxeStyle kaufen? 🇨🇭 Versand aus der Schweiz – Lieferung in nur 1–2 Werktagen (DPD) ↩️ 30 Tage Rückgaberecht 🔒 Kauf auf Rechnung mit Klarna · TWINT · Karten · PayPal · Apple Pay 💬 Schweizer Support: info@luxestyle.ch	https://luxestyle.ch/products/kostum-steampunkerin-fgss0807?variant=55970697052545	https://cdn.shopify.com/s/files/1/0943/6856/3585/files/90807-1_1_0013c84c-a7f6-45ea-81e6-79cc0c9403bb.jpg?v=1784839836	https://cdn.shopify.com/s/files/1/0943/6856/3585/files/90807-1_2_51fb7210-5041-4602-ba59-832d7e174406.jpg?v=1784937985,https://cdn.shopify.com/s/files/1/0943/6856/3585/files/90807-1_3_8e32a1d6-5f0a-4c72-ae96-8e5fdfbe9bf8.jpg?v=1784937984,https://cdn.shopify.com/s/files/1/0943/6856/3585/files/90807-1_4_5d7221cb-1f11-40e0-acb7-55bc56e68b07.jpg?v=1784937984,https://cdn.shopify.com/s/files/1/0943/6856/3585/files/90807-2_2_565d4561-4c12-43dc-b2a5-de850fe52d3c.jpg?v=1784937984	70.90 CHF	in stock	1	8003558080717	LuxeStyle	new	Kostüme & Verkleidung	1-3 Werktage (Lager Schweiz)
fortura-90807-2	kostum-steampunkerin-fgss0807	Kostüm Steampunkerin – M	Kostüm Steampunkerin – hochwertige Qualität ab Schweizer Lager. Details Marke: Widmann Warum bei LuxeStyle kaufen? 🇨🇭 Versand aus der Schweiz – Lieferung in nur 1–2 Werktagen (DPD) ↩️ 30 Tage Rückgaberecht 🔒 Kauf auf Rechnung mit Klarna · TWINT · Karten · PayPal · Apple Pay 💬 Schweizer Support: info@luxestyle.ch	https://luxestyle.ch/products/kostum-steampunkerin-fgss0807?variant=55970697085313	https://cdn.shopify.com/s/files/1/0943/6856/3585/files/90807-1_1_0013c84c-a7f6-45ea-81e6-79cc0c9403bb.jpg?v=1784839836	https://cdn.shopify.com/s/files/1/0943/6856/3585/files/90807-1_2_51fb7210-5041-4602-ba59-832d7e174406.jpg?v=1784937985,https://cdn.shopify.com/s/files/1/0943/6856/3585/files/90807-1_3_8e32a1d6-5f0a-4c72-ae96-8e5fdfbe9bf8.jpg?v=1784937984,https://cdn.shopify.com/s/files/1/0943/6856/3585/files/90807-1_4_5d7221cb-1f11-40e0-acb7-55bc56e68b07.jpg?v=1784937984,https://cdn.shopify.com/s/files/1/0943/6856/3585/files/90807-2_2_565d4561-4c12-43dc-b2a5-de850fe52d3c.jpg?v=1784937984	70.90 CHF	in stock	2	8003558080724	LuxeStyle	new	Kostüme & Verkleidung	1-3 Werktage (Lager Schweiz)
fortura-90807-3	kostum-steampunkerin-fgss0807	Kostüm Steampunkerin – L	Kostüm Steampunkerin – hochwertige Qualität ab Schweizer Lager. Details Marke: Widmann Warum bei LuxeStyle kaufen? 🇨🇭 Versand aus der Schweiz – Lieferung in nur 1–2 Werktagen (DPD) ↩️ 30 Tage Rückgaberecht 🔒 Kauf auf Rechnung mit Klarna · TWINT · Karten · PayPal · Apple Pay 💬 Schweizer Support: info@luxestyle.ch	https://luxestyle.ch/products/kostum-steampunkerin-fgss0807?variant=55970697118081	https://cdn.shopify.com/s/files/1/0943/6856/3585/files/90807-1_1_0013c84c-a7f6-45ea-81e6-79cc0c9403bb.jpg?v=1784839836	https://cdn.shopify.com/s/files/1/0943/6856/3585/files/90807-1_2_51fb7210-5041-4602-ba59-832d7e174406.jpg?v=1784937985,https://cdn.shopify.com/s/files/1/0943/6856/3585/files/90807-1_3_8e32a1d6-5f0a-4c72-ae96-8e5fdfbe9bf8.jpg?v=1784937984,https://cdn.shopify.com/s/files/1/0943/6856/3585/files/90807-1_4_5d7221cb-1f11-40e0-acb7-55bc56e68b07.jpg?v=1784937984,https://cdn.shopify.com/s/files/1/0943/6856/3585/files/90807-2_2_565d4561-4c12-43dc-b2a5-de850fe52d3c.jpg?v=1784937984	70.90 CHF	in stock	2	8003558080731	LuxeStyle	new	Kostüme & Verkleidung	1-3 Werktage (Lager Schweiz)
fortura-90807-4	kostum-steampunkerin-fgss0807	Kostüm Steampunkerin – XL	Kostüm Steampunkerin – hochwertige Qualität ab Schweizer Lager. Details Marke: Widmann Warum bei LuxeStyle kaufen? 🇨🇭 Versand aus der Schweiz – Lieferung in nur 1–2 Werktagen (DPD) ↩️ 30 Tage Rückgaberecht 🔒 Kauf auf Rechnung mit Klarna · TWINT · Karten · PayPal · Apple Pay 💬 Schweizer Support: info@luxestyle.ch	https://luxestyle.ch/products/kostum-steampunkerin-fgss0807?variant=55970697150849	https://cdn.shopify.com/s/files/1/0943/6856/3585/files/90807-1_1_0013c84c-a7f6-45ea-81e6-79cc0c9403bb.jpg?v=1784839836	https://cdn.shopify.com/s/files/1/0943/6856/3585/files/90807-1_2_51fb7210-5041-4602-ba59-832d7e174406.jpg?v=1784937985,https://cdn.shopify.com/s/files/1/0943/6856/3585/files/90807-1_3_8e32a1d6-5f0a-4c72-ae96-8e5fdfbe9bf8.jpg?v=1784937984,https://cdn.shopify.com/s/files/1/0943/6856/3585/files/90807-1_4_5d7221cb-1f11-40e0-acb7-55bc56e68b07.jpg?v=1784937984,https://cdn.shopify.com/s/files/1/0943/6856/3585/files/90807-2_2_565d4561-4c12-43dc-b2a5-de850fe52d3c.jpg?v=1784937984	74.90 CHF	in stock	2	8003558080748	LuxeStyle	new	Kostüme & Verkleidung	1-3 Werktage (Lager Schweiz)
fortura-91286-2	jacke-glanzend-fgss1286	Jacke glänzend – M	Jacke glänzend – hochwertige Qualität ab Schweizer Lager. Details Marke: Widmann Warum bei LuxeStyle kaufen? 🇨🇭 Versand aus der Schweiz – Lieferung in nur 1–2 Werktagen (DPD) ↩️ 30 Tage Rückgaberecht 🔒 Kauf auf Rechnung mit Klarna · TWINT · Karten · PayPal · Apple Pay 💬 Schweizer Support: info@luxestyle.ch	https://luxestyle.ch/products/jacke-glanzend-fgss1286?variant=55970699051393	https://cdn.shopify.com/s/files/1/0943/6856/3585/files/912860_1.jpg?v=1784839846	https://cdn.shopify.com/s/files/1/0943/6856/3585/files/91286-2_2.jpg?v=1784938002,https://cdn.shopify.com/s/files/1/0943/6856/3585/files/91286-3_2.jpg?v=1784938002,https://cdn.shopify.com/s/files/1/0943/6856/3585/files/91286-4_2.jpg?v=1784938002,https://cdn.shopify.com/s/files/1/0943/6856/3585/files/912860_2.jpg?v=1784938002	78.90 CHF	in stock	9	8003558128624	LuxeStyle	new	Kostüme & Verkleidung	1-3 Werktage (Lager Schweiz)
fortura-91286-3	jacke-glanzend-fgss1286	Jacke glänzend – L	Jacke glänzend – hochwertige Qualität ab Schweizer Lager. Details Marke: Widmann Warum bei LuxeStyle kaufen? 🇨🇭 Versand aus der Schweiz – Lieferung in nur 1–2 Werktagen (DPD) ↩️ 30 Tage Rückgaberecht 🔒 Kauf auf Rechnung mit Klarna · TWINT · Karten · PayPal · Apple Pay 💬 Schweizer Support: info@luxestyle.ch	https://luxestyle.ch/products/jacke-glanzend-fgss1286?variant=55970699084161	https://cdn.shopify.com/s/files/1/0943/6856/3585/files/912860_1.jpg?v=1784839846	https://cdn.shopify.com/s/files/1/0943/6856/3585/files/91286-2_2.jpg?v=1784938002,https://cdn.shopify.com/s/files/1/0943/6856/3585/files/91286-3_2.jpg?v=1784938002,https://cdn.shopify.com/s/files/1/0943/6856/3585/files/91286-4_2.jpg?v=1784938002,https://cdn.shopify.com/s/files/1/0943/6856/3585/files/912860_2.jpg?v=1784938002	78.90 CHF	in stock	3	8003558128631	LuxeStyle	new	Kostüme & Verkleidung	1-3 Werktage (Lager Schweiz)
fortura-91286-4	jacke-glanzend-fgss1286	Jacke glänzend – XL	Jacke glänzend – hochwertige Qualität ab Schweizer Lager. Details Marke: Widmann Warum bei LuxeStyle kaufen? 🇨🇭 Versand aus der Schweiz – Lieferung in nur 1–2 Werktagen (DPD) ↩️ 30 Tage Rückgaberecht 🔒 Kauf auf Rechnung mit Klarna · TWINT · Karten · PayPal · Apple Pay 💬 Schweizer Support: info@luxestyle.ch	https://luxestyle.ch/products/jacke-glanzend-fgss1286?variant=55970699116929	https://cdn.shopify.com/s/files/1/0943/6856/3585/files/912860_1.jpg?v=1784839846	https://cdn.shopify.com/s/files/1/0943/6856/3585/files/91286-2_2.jpg?v=1784938002,https://cdn.shopify.com/s/files/1/0943/6856/3585/files/91286-3_2.jpg?v=1784938002,https://cdn.shopify.com/s/files/1/0943/6856/3585/files/91286-4_2.jpg?v=1784938002,https://cdn.shopify.com/s/files/1/0943/6856/3585/files/912860_2.jpg?v=1784938002	78.90 CHF	in stock	4	8003558128648	LuxeStyle	new	Kostüme & Verkleidung	1-3 Werktage (Lager Schweiz)
fortura-912860	jacke-glanzend-fgss1286	Jacke glänzend – XXL	Jacke glänzend – hochwertige Qualität ab Schweizer Lager. Details Marke: Widmann Warum bei LuxeStyle kaufen? 🇨🇭 Versand aus der Schweiz – Lieferung in nur 1–2 Werktagen (DPD) ↩️ 30 Tage Rückgaberecht 🔒 Kauf auf Rechnung mit Klarna · TWINT · Karten · PayPal · Apple Pay 💬 Schweizer Support: info@luxestyle.ch	https://luxestyle.ch/products/jacke-glanzend-fgss1286?variant=55970699149697	https://cdn.shopify.com/s/files/1/0943/6856/3585/files/912860_1.jpg?v=1784839846	https://cdn.shopify.com/s/files/1/0943/6856/3585/files/91286-2_2.jpg?v=1784938002,https://cdn.shopify.com/s/files/1/0943/6856/3585/files/91286-3_2.jpg?v=1784938002,https://cdn.shopify.com/s/files/1/0943/6856/3585/files/91286-4_2.jpg?v=1784938002,https://cdn.shopify.com/s/files/1/0943/6856/3585/files/912860_2.jpg?v=1784938002	78.90 CHF	in stock	12	8003558128600	LuxeStyle	new	Kostüme & Verkleidung	1-3 Werktage (Lager Schweiz)
fortura-91307-1	jacke-party-fashion-fgss1307	Jacke Party Fashion – S	Jacke Party Fashion – hochwertige Qualität ab Schweizer Lager. Details Marke: Widmann Warum bei LuxeStyle kaufen? 🇨🇭 Versand aus der Schweiz – Lieferung in nur 1–2 Werktagen (DPD) ↩️ 30 Tage Rückgaberecht 🔒 Kauf auf Rechnung mit Klarna · TWINT · Karten · PayPal · Apple Pay 💬 Schweizer Support: info@luxestyle.ch	https://luxestyle.ch/products/jacke-party-fashion-fgss1307?variant=55970699280769	https://cdn.shopify.com/s/files/1/0943/6856/3585/files/913070_1.jpg?v=1784839849	https://cdn.shopify.com/s/files/1/0943/6856/3585/files/91307-1_2.jpg?v=1784938010,https://cdn.shopify.com/s/files/1/0943/6856/3585/files/91307-1_3.jpg?v=1784938010,https://cdn.shopify.com/s/files/1/0943/6856/3585/files/91307-2_2.jpg?v=1784938010,https://cdn.shopify.com/s/files/1/0943/6856/3585/files/91307-2_3.jpg?v=1784938009	88.00 CHF	in stock	17	8003558130719	LuxeStyle	new	Kostüme & Verkleidung	1-3 Werktage (Lager Schweiz)
fortura-91307-2	jacke-party-fashion-fgss1307	Jacke Party Fashion – M	Jacke Party Fashion – hochwertige Qualität ab Schweizer Lager. Details Marke: Widmann Warum bei LuxeStyle kaufen? 🇨🇭 Versand aus der Schweiz – Lieferung in nur 1–2 Werktagen (DPD) ↩️ 30 Tage Rückgaberecht 🔒 Kauf auf Rechnung mit Klarna · TWINT · Karten · PayPal · Apple Pay 💬 Schweizer Support: info@luxestyle.ch	https://luxestyle.ch/products/jacke-party-fashion-fgss1307?variant=55970699313537	https://cdn.shopify.com/s/files/1/0943/6856/3585/files/913070_1.jpg?v=1784839849	https://cdn.shopify.com/s/files/1/0943/6856/3585/files/91307-1_2.jpg?v=1784938010,https://cdn.shopify.com/s/files/1/0943/6856/3585/files/91307-1_3.jpg?v=1784938010,https://cdn.shopify.com/s/files/1/0943/6856/3585/files/91307-2_2.jpg?v=1784938010,https://cdn.shopify.com/s/files/1/0943/6856/3585/files/91307-2_3.jpg?v=1784938009	88.00 CHF	in stock	11	8003558130726	LuxeStyle	new	Kostüme & Verkleidung	1-3 Werktage (Lager Schweiz)
fortura-91307-3	jacke-party-fashion-fgss1307	Jacke Party Fashion – L	Jacke Party Fashion – hochwertige Qualität ab Schweizer Lager. Details Marke: Widmann Warum bei LuxeStyle kaufen? 🇨🇭 Versand aus der Schweiz – Lieferung in nur 1–2 Werktagen (DPD) ↩️ 30 Tage Rückgaberecht 🔒 Kauf auf Rechnung mit Klarna · TWINT · Karten · PayPal · Apple Pay 💬 Schweizer Support: info@luxestyle.ch	https://luxestyle.ch/products/jacke-party-fashion-fgss1307?variant=55970699346305	https://cdn.shopify.com/s/files/1/0943/6856/3585/files/913070_1.jpg?v=1784839849	https://cdn.shopify.com/s/files/1/0943/6856/3585/files/91307-1_2.jpg?v=1784938010,https://cdn.shopify.com/s/files/1/0943/6856/3585/files/91307-1_3.jpg?v=1784938010,https://cdn.shopify.com/s/files/1/0943/6856/3585/files/91307-2_2.jpg?v=1784938010,https://cdn.shopify.com/s/files/1/0943/6856/3585/files/91307-2_3.jpg?v=1784938009	88.00 CHF	in stock	14	8003558130733	LuxeStyle	new	Kostüme & Verkleidung	1-3 Werktage (Lager Schweiz)
fortura-91307-4	jacke-party-fashion-fgss1307	Jacke Party Fashion – XL	Jacke Party Fashion – hochwertige Qualität ab Schweizer Lager. Details Marke: Widmann Warum bei LuxeStyle kaufen? 🇨🇭 Versand aus der Schweiz – Lieferung in nur 1–2 Werktagen (DPD) ↩️ 30 Tage Rückgaberecht 🔒 Kauf auf Rechnung mit Klarna · TWINT · Karten · PayPal · Apple Pay 💬 Schweizer Support: info@luxestyle.ch	https://luxestyle.ch/products/jacke-party-fashion-fgss1307?variant=55970699379073	https://cdn.shopify.com/s/files/1/0943/6856/3585/files/913070_1.jpg?v=1784839849	https://cdn.shopify.com/s/files/1/0943/6856/3585/files/91307-1_2.jpg?v=1784938010,https://cdn.shopify.com/s/files/1/0943/6856/3585/files/91307-1_3.jpg?v=1784938010,https://cdn.shopify.com/s/files/1/0943/6856/3585/files/91307-2_2.jpg?v=1784938010,https://cdn.shopify.com/s/files/1/0943/6856/3585/files/91307-2_3.jpg?v=1784938009	88.00 CHF	in stock	16	8003558130740	LuxeStyle	new	Kostüme & Verkleidung	1-3 Werktage (Lager Schweiz)
fortura-913070	jacke-party-fashion-fgss1307	Jacke Party Fashion – XXL	Jacke Party Fashion – hochwertige Qualität ab Schweizer Lager. Details Marke: Widmann Warum bei LuxeStyle kaufen? 🇨🇭 Versand aus der Schweiz – Lieferung in nur 1–2 Werktagen (DPD) ↩️ 30 Tage Rückgaberecht 🔒 Kauf auf Rechnung mit Klarna · TWINT · Karten · PayPal · Apple Pay 💬 Schweizer Support: info@luxestyle.ch	https://luxestyle.ch/products/jacke-party-fashion-fgss1307?variant=55970699411841	https://cdn.shopify.com/s/files/1/0943/6856/3585/files/913070_1.jpg?v=1784839849	https://cdn.shopify.com/s/files/1/0943/6856/3585/files/91307-1_2.jpg?v=1784938010,https://cdn.shopify.com/s/files/1/0943/6856/3585/files/91307-1_3.jpg?v=1784938010,https://cdn.shopify.com/s/files/1/0943/6856/3585/files/91307-2_2.jpg?v=1784938010,https://cdn.shopify.com/s/files/1/0943/6856/3585/files/91307-2_3.jpg?v=1784938009	98.00 CHF	in stock	17	8003558130702	LuxeStyle	new	Kostüme & Verkleidung	1-3 Werktage (Lager Schweiz)
fortura-91174-4	kostum-teufel-fgss1174	Kostüm Teufel – M/L	Kostüm Teufel – hochwertige Qualität ab Schweizer Lager. Details Marke: Widmann Warum bei LuxeStyle kaufen? 🇨🇭 Versand aus der Schweiz – Lieferung in nur 1–2 Werktagen (DPD) ↩️ 30 Tage Rückgaberecht 🔒 Kauf auf Rechnung mit Klarna · TWINT · Karten · PayPal · Apple Pay 💬 Schweizer Support: info@luxestyle.ch	https://luxestyle.ch/products/kostum-teufel-fgss1174?variant=55970701672833	https://cdn.shopify.com/s/files/1/0943/6856/3585/files/91174-4_2_0f74a381-44d8-41fb-b9aa-e68f91e6446f.jpg?v=1784938044	https://cdn.shopify.com/s/files/1/0943/6856/3585/files/91174-4_1_7ecb3bac-0adf-44ad-9ef3-24d340faafd9.jpg?v=1784839862,https://cdn.shopify.com/s/files/1/0943/6856/3585/files/91174-4_3_3c328cf8-5482-4a35-9279-601293e555e1.jpg?v=1784938045,https://cdn.shopify.com/s/files/1/0943/6856/3585/files/91174-4_4_32091c56-dca7-4b1b-bf00-def7359bf0a1.jpg?v=1784938044,https://cdn.shopify.com/s/files/1/0943/6856/3585/files/91174-5_2_814c00bf-b3fd-4a67-8bb0-e5f9afb0a364.jpg?v=1784938045	55.00 CHF	in stock	17	8003558117444	LuxeStyle	new	Kostüme & Verkleidung	1-3 Werktage (Lager Schweiz)
fortura-91174-5	kostum-teufel-fgss1174	Kostüm Teufel – XL	Kostüm Teufel – hochwertige Qualität ab Schweizer Lager. Details Marke: Widmann Warum bei LuxeStyle kaufen? 🇨🇭 Versand aus der Schweiz – Lieferung in nur 1–2 Werktagen (DPD) ↩️ 30 Tage Rückgaberecht 🔒 Kauf auf Rechnung mit Klarna · TWINT · Karten · PayPal · Apple Pay 💬 Schweizer Support: info@luxestyle.ch	https://luxestyle.ch/products/kostum-teufel-fgss1174?variant=55970701705601	https://cdn.shopify.com/s/files/1/0943/6856/3585/files/91174-4_2_0f74a381-44d8-41fb-b9aa-e68f91e6446f.jpg?v=1784938044	https://cdn.shopify.com/s/files/1/0943/6856/3585/files/91174-4_1_7ecb3bac-0adf-44ad-9ef3-24d340faafd9.jpg?v=1784839862,https://cdn.shopify.com/s/files/1/0943/6856/3585/files/91174-4_3_3c328cf8-5482-4a35-9279-601293e555e1.jpg?v=1784938045,https://cdn.shopify.com/s/files/1/0943/6856/3585/files/91174-4_4_32091c56-dca7-4b1b-bf00-def7359bf0a1.jpg?v=1784938044,https://cdn.shopify.com/s/files/1/0943/6856/3585/files/91174-5_2_814c00bf-b3fd-4a67-8bb0-e5f9afb0a364.jpg?v=1784938045	58.00 CHF	in stock	8	8003558117451	LuxeStyle	new	Kostüme & Verkleidung	1-3 Werktage (Lager Schweiz)
fortura-922522	kostum-gothic-samtmantel-fgss2252	Kostüm Gothic Samtmantel – M	Kostüm Gothic Samtmantel – hochwertige Qualität ab Schweizer Lager. Details Marke: Widmann Anlass: Fasnacht Warum bei LuxeStyle kaufen? 🇨🇭 Versand aus der Schweiz – Lieferung in nur 1–2 Werktagen (DPD) ↩️ 30 Tage Rückgaberecht 🔒 Kauf auf Rechnung mit Klarna · TWINT · Karten · PayPal · Apple Pay 💬 Schweizer Support: info@luxestyle.ch	https://luxestyle.ch/products/kostum-gothic-samtmantel-fgss2252?variant=55970702983553	https://cdn.shopify.com/s/files/1/0943/6856/3585/files/922520_1_0d700f83-1bfa-42a6-bb5e-5f10fb80715e.jpg?v=1784839871	https://cdn.shopify.com/s/files/1/0943/6856/3585/files/922522_2.jpg?v=1784938066,https://cdn.shopify.com/s/files/1/0943/6856/3585/files/922522_3.jpg?v=1784938067,https://cdn.shopify.com/s/files/1/0943/6856/3585/files/922524_2.jpg?v=1784938067,https://cdn.shopify.com/s/files/1/0943/6856/3585/files/922524_3.jpg?v=1784938067	78.90 CHF	in stock	3	8003558225224	LuxeStyle	new	Kostüme & Verkleidung	1-3 Werktage (Lager Schweiz)
fortura-922524	kostum-gothic-samtmantel-fgss2252	Kostüm Gothic Samtmantel – XL	Kostüm Gothic Samtmantel – hochwertige Qualität ab Schweizer Lager. Details Marke: Widmann Anlass: Fasnacht Warum bei LuxeStyle kaufen? 🇨🇭 Versand aus der Schweiz – Lieferung in nur 1–2 Werktagen (DPD) ↩️ 30 Tage Rückgaberecht 🔒 Kauf auf Rechnung mit Klarna · TWINT · Karten · PayPal · Apple Pay 💬 Schweizer Support: info@luxestyle.ch	https://luxestyle.ch/products/kostum-gothic-samtmantel-fgss2252?variant=55970703016321	https://cdn.shopify.com/s/files/1/0943/6856/3585/files/922520_1_0d700f83-1bfa-42a6-bb5e-5f10fb80715e.jpg?v=1784839871	https://cdn.shopify.com/s/files/1/0943/6856/3585/files/922522_2.jpg?v=1784938066,https://cdn.shopify.com/s/files/1/0943/6856/3585/files/922522_3.jpg?v=1784938067,https://cdn.shopify.com/s/files/1/0943/6856/3585/files/922524_2.jpg?v=1784938067,https://cdn.shopify.com/s/files/1/0943/6856/3585/files/922524_3.jpg?v=1784938067	86.90 CHF	in stock	2	8003558225248	LuxeStyle	new	Kostüme & Verkleidung	1-3 Werktage (Lager Schweiz)
fortura-922520	kostum-gothic-samtmantel-fgss2252	Kostüm Gothic Samtmantel – XXL	Kostüm Gothic Samtmantel – hochwertige Qualität ab Schweizer Lager. Details Marke: Widmann Anlass: Fasnacht Warum bei LuxeStyle kaufen? 🇨🇭 Versand aus der Schweiz – Lieferung in nur 1–2 Werktagen (DPD) ↩️ 30 Tage Rückgaberecht 🔒 Kauf auf Rechnung mit Klarna · TWINT · Karten · PayPal · Apple Pay 💬 Schweizer Support: info@luxestyle.ch	https://luxestyle.ch/products/kostum-gothic-samtmantel-fgss2252?variant=55970703049089	https://cdn.shopify.com/s/files/1/0943/6856/3585/files/922520_1_0d700f83-1bfa-42a6-bb5e-5f10fb80715e.jpg?v=1784839871	https://cdn.shopify.com/s/files/1/0943/6856/3585/files/922522_2.jpg?v=1784938066,https://cdn.shopify.com/s/files/1/0943/6856/3585/files/922522_3.jpg?v=1784938067,https://cdn.shopify.com/s/files/1/0943/6856/3585/files/922524_2.jpg?v=1784938067,https://cdn.shopify.com/s/files/1/0943/6856/3585/files/922524_3.jpg?v=1784938067	86.90 CHF	in stock	1	8003558225200	LuxeStyle	new	Kostüme & Verkleidung	1-3 Werktage (Lager Schweiz)
fortura-912604	bomber-jacke-mit-kapuze-pailletten-fgss1260j	Bomber Jacke mit Kapuze & Pailletten – S/M	Bomber Jacke mit Kapuze & Pailletten – hochwertige Qualität ab Schweizer Lager. Details Marke: Widmann Warum bei LuxeStyle kaufen? 🇨🇭 Versand aus der Schweiz – Lieferung in nur 1–2 Werktagen (DPD) ↩️ 30 Tage Rückgaberecht 🔒 Kauf auf Rechnung mit Klarna · TWINT · Karten · PayPal · Apple Pay 💬 Schweizer Support: info@luxestyle.ch	https://luxestyle.ch/products/bomber-jacke-mit-kapuze-pailletten-fgss1260j?variant=55970704982401	https://cdn.shopify.com/s/files/1/0943/6856/3585/files/912604_1.jpg?v=1784839879	https://cdn.shopify.com/s/files/1/0943/6856/3585/files/912604_2.jpg?v=1784938092,https://cdn.shopify.com/s/files/1/0943/6856/3585/files/912604_3.jpg?v=1784938092,https://cdn.shopify.com/s/files/1/0943/6856/3585/files/912604_4.jpg?v=1784938092,https://cdn.shopify.com/s/files/1/0943/6856/3585/files/912604_5.jpg?v=1784938092	72.00 CHF	in stock	7	8003558126040	LuxeStyle	new	Kostüme & Verkleidung	1-3 Werktage (Lager Schweiz)
fortura-912605	bomber-jacke-mit-kapuze-pailletten-fgss1260j	Bomber Jacke mit Kapuze & Pailletten – L/XL	Bomber Jacke mit Kapuze & Pailletten – hochwertige Qualität ab Schweizer Lager. Details Marke: Widmann Warum bei LuxeStyle kaufen? 🇨🇭 Versand aus der Schweiz – Lieferung in nur 1–2 Werktagen (DPD) ↩️ 30 Tage Rückgaberecht 🔒 Kauf auf Rechnung mit Klarna · TWINT · Karten · PayPal · Apple Pay 💬 Schweizer Support: info@luxestyle.ch	https://luxestyle.ch/products/bomber-jacke-mit-kapuze-pailletten-fgss1260j?variant=55970705015169	https://cdn.shopify.com/s/files/1/0943/6856/3585/files/912604_1.jpg?v=1784839879	https://cdn.shopify.com/s/files/1/0943/6856/3585/files/912604_2.jpg?v=1784938092,https://cdn.shopify.com/s/files/1/0943/6856/3585/files/912604_3.jpg?v=1784938092,https://cdn.shopify.com/s/files/1/0943/6856/3585/files/912604_4.jpg?v=1784938092,https://cdn.shopify.com/s/files/1/0943/6856/3585/files/912604_5.jpg?v=1784938092	72.00 CHF	in stock	9	8003558126057	LuxeStyle	new	Kostüme & Verkleidung	1-3 Werktage (Lager Schweiz)
fortura-912606	bomber-jacke-mit-kapuze-pailletten-fgss1260j	Bomber Jacke mit Kapuze & Pailletten – XXL	Bomber Jacke mit Kapuze & Pailletten – hochwertige Qualität ab Schweizer Lager. Details Marke: Widmann Warum bei LuxeStyle kaufen? 🇨🇭 Versand aus der Schweiz – Lieferung in nur 1–2 Werktagen (DPD) ↩️ 30 Tage Rückgaberecht 🔒 Kauf auf Rechnung mit Klarna · TWINT · Karten · PayPal · Apple Pay 💬 Schweizer Support: info@luxestyle.ch	https://luxestyle.ch/products/bomber-jacke-mit-kapuze-pailletten-fgss1260j?variant=55970705047937	https://cdn.shopify.com/s/files/1/0943/6856/3585/files/912604_1.jpg?v=1784839879	https://cdn.shopify.com/s/files/1/0943/6856/3585/files/912604_2.jpg?v=1784938092,https://cdn.shopify.com/s/files/1/0943/6856/3585/files/912604_3.jpg?v=1784938092,https://cdn.shopify.com/s/files/1/0943/6856/3585/files/912604_4.jpg?v=1784938092,https://cdn.shopify.com/s/files/1/0943/6856/3585/files/912604_5.jpg?v=1784938092	78.00 CHF	in stock	12	8003558126064	LuxeStyle	new	Kostüme & Verkleidung	1-3 Werktage (Lager Schweiz)
fortura-91930-3	kostum-sheriff-fgss1930	Kostüm Sheriff – M/L	Werde mit diesem Klassiker zum Revolverhelden des Wilden Westen und kämpfe gegen die Ungerechtigkeit. Details Marke: Widmann Farbe: schwarz Anlass: Fasnacht Lieferumfang: Mantel, Weste, Kragen und String-Tie Warum bei LuxeStyle kaufen? 🇨🇭 Versand aus der Schweiz – Lieferung in nur 1–2 Werktagen (DPD) ↩️ 30 Tage Rückgaberecht 🔒 Kauf auf Rechnung mit Klarna · TWINT · Karten · PayPal · Apple Pay 💬 Schweizer Support: info@luxestyle.ch	https://luxestyle.ch/products/kostum-sheriff-fgss1930?variant=55970708193665	https://cdn.shopify.com/s/files/1/0943/6856/3585/files/91930-3_1_1cc49a3f-3037-41d2-b3e2-2408abc023b7.jpg?v=1784839905	https://cdn.shopify.com/s/files/1/0943/6856/3585/files/91930-3_2_e65cc029-a210-4dbe-a08e-bd9625980835.jpg?v=1784938157,https://cdn.shopify.com/s/files/1/0943/6856/3585/files/91930-4_2_7b3fb7fb-1f60-411f-bd57-d6f20340a92e.jpg?v=1784938157	55.00 CHF	in stock	2	8003558193035	LuxeStyle	new	Kostüme & Verkleidung	1-3 Werktage (Lager Schweiz)
fortura-91930-4	kostum-sheriff-fgss1930	Kostüm Sheriff – XL	Werde mit diesem Klassiker zum Revolverhelden des Wilden Westen und kämpfe gegen die Ungerechtigkeit. Details Marke: Widmann Farbe: schwarz Anlass: Fasnacht Lieferumfang: Mantel, Weste, Kragen und String-Tie Warum bei LuxeStyle kaufen? 🇨🇭 Versand aus der Schweiz – Lieferung in nur 1–2 Werktagen (DPD) ↩️ 30 Tage Rückgaberecht 🔒 Kauf auf Rechnung mit Klarna · TWINT · Karten · PayPal · Apple Pay 💬 Schweizer Support: info@luxestyle.ch	https://luxestyle.ch/products/kostum-sheriff-fgss1930?variant=55970708226433	https://cdn.shopify.com/s/files/1/0943/6856/3585/files/91930-3_1_1cc49a3f-3037-41d2-b3e2-2408abc023b7.jpg?v=1784839905	https://cdn.shopify.com/s/files/1/0943/6856/3585/files/91930-3_2_e65cc029-a210-4dbe-a08e-bd9625980835.jpg?v=1784938157,https://cdn.shopify.com/s/files/1/0943/6856/3585/files/91930-4_2_7b3fb7fb-1f60-411f-bd57-d6f20340a92e.jpg?v=1784938157	58.00 CHF	in stock	8	8003558193042	LuxeStyle	new	Kostüme & Verkleidung	1-3 Werktage (Lager Schweiz)
fortura-91779-1	kostum-peace-love-fgss1779	Kostüm Peace & Love – S	Kostüm Peace & Love – hochwertige Qualität ab Schweizer Lager. Details Marke: Widmann Warum bei LuxeStyle kaufen? 🇨🇭 Versand aus der Schweiz – Lieferung in nur 1–2 Werktagen (DPD) ↩️ 30 Tage Rückgaberecht 🔒 Kauf auf Rechnung mit Klarna · TWINT · Karten · PayPal · Apple Pay 💬 Schweizer Support: info@luxestyle.ch	https://luxestyle.ch/products/kostum-peace-love-fgss1779?variant=55970709963137	https://cdn.shopify.com/s/files/1/0943/6856/3585/files/91779-1_1_f8b8cce2-38b2-4899-89aa-29116829c54a.jpg?v=1784839925	https://cdn.shopify.com/s/files/1/0943/6856/3585/files/91779-2_2_969a5f87-4cae-4323-842e-70ae682c14c7.jpg?v=1784941568,https://cdn.shopify.com/s/files/1/0943/6856/3585/files/91779-3_2_62b68f6f-a152-47e8-b029-6fc3c74423b0.jpg?v=1784941569,https://cdn.shopify.com/s/files/1/0943/6856/3585/files/91779-4_2_9fc8c477-dca5-467b-b4df-ec9fe4c9c75c.jpg?v=1784941568	68.00 CHF	in stock	5	8003558177912	LuxeStyle	new	Kostüme & Verkleidung	1-3 Werktage (Lager Schweiz)
fortura-91779-2	kostum-peace-love-fgss1779	Kostüm Peace & Love – M	Kostüm Peace & Love – hochwertige Qualität ab Schweizer Lager. Details Marke: Widmann Warum bei LuxeStyle kaufen? 🇨🇭 Versand aus der Schweiz – Lieferung in nur 1–2 Werktagen (DPD) ↩️ 30 Tage Rückgaberecht 🔒 Kauf auf Rechnung mit Klarna · TWINT · Karten · PayPal · Apple Pay 💬 Schweizer Support: info@luxestyle.ch	https://luxestyle.ch/products/kostum-peace-love-fgss1779?variant=55970709995905	https://cdn.shopify.com/s/files/1/0943/6856/3585/files/91779-1_1_f8b8cce2-38b2-4899-89aa-29116829c54a.jpg?v=1784839925	https://cdn.shopify.com/s/files/1/0943/6856/3585/files/91779-2_2_969a5f87-4cae-4323-842e-70ae682c14c7.jpg?v=1784941568,https://cdn.shopify.com/s/files/1/0943/6856/3585/files/91779-3_2_62b68f6f-a152-47e8-b029-6fc3c74423b0.jpg?v=1784941569,https://cdn.shopify.com/s/files/1/0943/6856/3585/files/91779-4_2_9fc8c477-dca5-467b-b4df-ec9fe4c9c75c.jpg?v=1784941568	68.00 CHF	in stock	2	8003558177929	LuxeStyle	new	Kostüme & Verkleidung	1-3 Werktage (Lager Schweiz)
fortura-91779-3	kostum-peace-love-fgss1779	Kostüm Peace & Love – L	Kostüm Peace & Love – hochwertige Qualität ab Schweizer Lager. Details Marke: Widmann Warum bei LuxeStyle kaufen? 🇨🇭 Versand aus der Schweiz – Lieferung in nur 1–2 Werktagen (DPD) ↩️ 30 Tage Rückgaberecht 🔒 Kauf auf Rechnung mit Klarna · TWINT · Karten · PayPal · Apple Pay 💬 Schweizer Support: info@luxestyle.ch	https://luxestyle.ch/products/kostum-peace-love-fgss1779?variant=55970710028673	https://cdn.shopify.com/s/files/1/0943/6856/3585/files/91779-1_1_f8b8cce2-38b2-4899-89aa-29116829c54a.jpg?v=1784839925	https://cdn.shopify.com/s/files/1/0943/6856/3585/files/91779-2_2_969a5f87-4cae-4323-842e-70ae682c14c7.jpg?v=1784941568,https://cdn.shopify.com/s/files/1/0943/6856/3585/files/91779-3_2_62b68f6f-a152-47e8-b029-6fc3c74423b0.jpg?v=1784941569,https://cdn.shopify.com/s/files/1/0943/6856/3585/files/91779-4_2_9fc8c477-dca5-467b-b4df-ec9fe4c9c75c.jpg?v=1784941568	68.00 CHF	in stock	2	8003558177936	LuxeStyle	new	Kostüme & Verkleidung	1-3 Werktage (Lager Schweiz)
fortura-91779-4	kostum-peace-love-fgss1779	Kostüm Peace & Love – XL	Kostüm Peace & Love – hochwertige Qualität ab Schweizer Lager. Details Marke: Widmann Warum bei LuxeStyle kaufen? 🇨🇭 Versand aus der Schweiz – Lieferung in nur 1–2 Werktagen (DPD) ↩️ 30 Tage Rückgaberecht 🔒 Kauf auf Rechnung mit Klarna · TWINT · Karten · PayPal · Apple Pay 💬 Schweizer Support: info@luxestyle.ch	https://luxestyle.ch/products/kostum-peace-love-fgss1779?variant=55970710061441	https://cdn.shopify.com/s/files/1/0943/6856/3585/files/91779-1_1_f8b8cce2-38b2-4899-89aa-29116829c54a.jpg?v=1784839925	https://cdn.shopify.com/s/files/1/0943/6856/3585/files/91779-2_2_969a5f87-4cae-4323-842e-70ae682c14c7.jpg?v=1784941568,https://cdn.shopify.com/s/files/1/0943/6856/3585/files/91779-3_2_62b68f6f-a152-47e8-b029-6fc3c74423b0.jpg?v=1784941569,https://cdn.shopify.com/s/files/1/0943/6856/3585/files/91779-4_2_9fc8c477-dca5-467b-b4df-ec9fe4c9c75c.jpg?v=1784941568	74.00 CHF	in stock	1	8003558177943	LuxeStyle	new	Kostüme & Verkleidung	1-3 Werktage (Lager Schweiz)
fortura-93088-3	jacket-neonfarbig-fgss3088	Jacke neonfarbig – L	Jacket neonfarbig – hochwertige Qualität ab Schweizer Lager. Details Marke: Widmann Warum bei LuxeStyle kaufen? 🇨🇭 Versand aus der Schweiz – Lieferung in nur 1–2 Werktagen (DPD) ↩️ 30 Tage Rückgaberecht 🔒 Kauf auf Rechnung mit Klarna · TWINT · Karten · PayPal · Apple Pay 💬 Schweizer Support: info@luxestyle.ch	https://luxestyle.ch/products/jacket-neonfarbig-fgss3088?variant=55970711601537	https://cdn.shopify.com/s/files/1/0943/6856/3585/files/930880_1_b215ef3d-260b-456f-819f-57507e153cdb.jpg?v=1784839940		68.00 CHF	in stock	24	8003558308835	LuxeStyle	new	Kostüme & Verkleidung	1-3 Werktage (Lager Schweiz)
fortura-93088-4	jacket-neonfarbig-fgss3088	Jacke neonfarbig – XL	Jacket neonfarbig – hochwertige Qualität ab Schweizer Lager. Details Marke: Widmann Warum bei LuxeStyle kaufen? 🇨🇭 Versand aus der Schweiz – Lieferung in nur 1–2 Werktagen (DPD) ↩️ 30 Tage Rückgaberecht 🔒 Kauf auf Rechnung mit Klarna · TWINT · Karten · PayPal · Apple Pay 💬 Schweizer Support: info@luxestyle.ch	https://luxestyle.ch/products/jacket-neonfarbig-fgss3088?variant=55970711634305	https://cdn.shopify.com/s/files/1/0943/6856/3585/files/930880_1_b215ef3d-260b-456f-819f-57507e153cdb.jpg?v=1784839940		68.00 CHF	in stock	29	8003558308842	LuxeStyle	new	Kostüme & Verkleidung	1-3 Werktage (Lager Schweiz)
fortura-930880	jacket-neonfarbig-fgss3088	Jacke neonfarbig – XXL	Jacket neonfarbig – hochwertige Qualität ab Schweizer Lager. Details Marke: Widmann Warum bei LuxeStyle kaufen? 🇨🇭 Versand aus der Schweiz – Lieferung in nur 1–2 Werktagen (DPD) ↩️ 30 Tage Rückgaberecht 🔒 Kauf auf Rechnung mit Klarna · TWINT · Karten · PayPal · Apple Pay 💬 Schweizer Support: info@luxestyle.ch	https://luxestyle.ch/products/jacket-neonfarbig-fgss3088?variant=55970711667073	https://cdn.shopify.com/s/files/1/0943/6856/3585/files/930880_1_b215ef3d-260b-456f-819f-57507e153cdb.jpg?v=1784839940		68.00 CHF	in stock	9	8003558308804	LuxeStyle	new	Kostüme & Verkleidung	1-3 Werktage (Lager Schweiz)
fortura-932001	kostum-hosenanzug-geist-fgss32000	Kostüm Hosenanzug Geist – S	Kostüm Hosenanzug Geist – hochwertige Qualität ab Schweizer Lager. Details Marke: Widmann Warum bei LuxeStyle kaufen? 🇨🇭 Versand aus der Schweiz – Lieferung in nur 1–2 Werktagen (DPD) ↩️ 30 Tage Rückgaberecht 🔒 Kauf auf Rechnung mit Klarna · TWINT · Karten · PayPal · Apple Pay 💬 Schweizer Support: info@luxestyle.ch	https://luxestyle.ch/products/kostum-hosenanzug-geist-fgss32000?variant=55970711863681	https://cdn.shopify.com/s/files/1/0943/6856/3585/files/932001_3.jpg?v=1784941621	https://cdn.shopify.com/s/files/1/0943/6856/3585/files/932000_1_4f910f4f-ebce-4592-a4f2-9e6f62d140c0.jpg?v=1784839943,https://cdn.shopify.com/s/files/1/0943/6856/3585/files/932001_2.jpg?v=1784941621,https://cdn.shopify.com/s/files/1/0943/6856/3585/files/932001_4.jpg?v=1784941620,https://cdn.shopify.com/s/files/1/0943/6856/3585/files/932002_2.jpg?v=1784941621	74.90 CHF	in stock	9	8003558320011	LuxeStyle	new	Kostüme & Verkleidung	1-3 Werktage (Lager Schweiz)
fortura-932002	kostum-hosenanzug-geist-fgss32000	Kostüm Hosenanzug Geist – M	Kostüm Hosenanzug Geist – hochwertige Qualität ab Schweizer Lager. Details Marke: Widmann Warum bei LuxeStyle kaufen? 🇨🇭 Versand aus der Schweiz – Lieferung in nur 1–2 Werktagen (DPD) ↩️ 30 Tage Rückgaberecht 🔒 Kauf auf Rechnung mit Klarna · TWINT · Karten · PayPal · Apple Pay 💬 Schweizer Support: info@luxestyle.ch	https://luxestyle.ch/products/kostum-hosenanzug-geist-fgss32000?variant=55970711896449	https://cdn.shopify.com/s/files/1/0943/6856/3585/files/932001_3.jpg?v=1784941621	https://cdn.shopify.com/s/files/1/0943/6856/3585/files/932000_1_4f910f4f-ebce-4592-a4f2-9e6f62d140c0.jpg?v=1784839943,https://cdn.shopify.com/s/files/1/0943/6856/3585/files/932001_2.jpg?v=1784941621,https://cdn.shopify.com/s/files/1/0943/6856/3585/files/932001_4.jpg?v=1784941620,https://cdn.shopify.com/s/files/1/0943/6856/3585/files/932002_2.jpg?v=1784941621	74.90 CHF	in stock	14	8003558320028	LuxeStyle	new	Kostüme & Verkleidung	1-3 Werktage (Lager Schweiz)
fortura-932003	kostum-hosenanzug-geist-fgss32000	Kostüm Hosenanzug Geist – L	Kostüm Hosenanzug Geist – hochwertige Qualität ab Schweizer Lager. Details Marke: Widmann Warum bei LuxeStyle kaufen? 🇨🇭 Versand aus der Schweiz – Lieferung in nur 1–2 Werktagen (DPD) ↩️ 30 Tage Rückgaberecht 🔒 Kauf auf Rechnung mit Klarna · TWINT · Karten · PayPal · Apple Pay 💬 Schweizer Support: info@luxestyle.ch	https://luxestyle.ch/products/kostum-hosenanzug-geist-fgss32000?variant=55970711929217	https://cdn.shopify.com/s/files/1/0943/6856/3585/files/932001_3.jpg?v=1784941621	https://cdn.shopify.com/s/files/1/0943/6856/3585/files/932000_1_4f910f4f-ebce-4592-a4f2-9e6f62d140c0.jpg?v=1784839943,https://cdn.shopify.com/s/files/1/0943/6856/3585/files/932001_2.jpg?v=1784941621,https://cdn.shopify.com/s/files/1/0943/6856/3585/files/932001_4.jpg?v=1784941620,https://cdn.shopify.com/s/files/1/0943/6856/3585/files/932002_2.jpg?v=1784941621	74.90 CHF	in stock	14	8003558320035	LuxeStyle	new	Kostüme & Verkleidung	1-3 Werktage (Lager Schweiz)
fortura-932004	kostum-hosenanzug-geist-fgss32000	Kostüm Hosenanzug Geist – XL	Kostüm Hosenanzug Geist – hochwertige Qualität ab Schweizer Lager. Details Marke: Widmann Warum bei LuxeStyle kaufen? 🇨🇭 Versand aus der Schweiz – Lieferung in nur 1–2 Werktagen (DPD) ↩️ 30 Tage Rückgaberecht 🔒 Kauf auf Rechnung mit Klarna · TWINT · Karten · PayPal · Apple Pay 💬 Schweizer Support: info@luxestyle.ch	https://luxestyle.ch/products/kostum-hosenanzug-geist-fgss32000?variant=55970711961985	https://cdn.shopify.com/s/files/1/0943/6856/3585/files/932001_3.jpg?v=1784941621	https://cdn.shopify.com/s/files/1/0943/6856/3585/files/932000_1_4f910f4f-ebce-4592-a4f2-9e6f62d140c0.jpg?v=1784839943,https://cdn.shopify.com/s/files/1/0943/6856/3585/files/932001_2.jpg?v=1784941621,https://cdn.shopify.com/s/files/1/0943/6856/3585/files/932001_4.jpg?v=1784941620,https://cdn.shopify.com/s/files/1/0943/6856/3585/files/932002_2.jpg?v=1784941621	79.90 CHF	in stock	13	8003558320042	LuxeStyle	new	Kostüme & Verkleidung	1-3 Werktage (Lager Schweiz)
fortura-932000	kostum-hosenanzug-geist-fgss32000	Kostüm Hosenanzug Geist – XXL	Kostüm Hosenanzug Geist – hochwertige Qualität ab Schweizer Lager. Details Marke: Widmann Warum bei LuxeStyle kaufen? 🇨🇭 Versand aus der Schweiz – Lieferung in nur 1–2 Werktagen (DPD) ↩️ 30 Tage Rückgaberecht 🔒 Kauf auf Rechnung mit Klarna · TWINT · Karten · PayPal · Apple Pay 💬 Schweizer Support: info@luxestyle.ch	https://luxestyle.ch/products/kostum-hosenanzug-geist-fgss32000?variant=55970711994753	https://cdn.shopify.com/s/files/1/0943/6856/3585/files/932001_3.jpg?v=1784941621	https://cdn.shopify.com/s/files/1/0943/6856/3585/files/932000_1_4f910f4f-ebce-4592-a4f2-9e6f62d140c0.jpg?v=1784839943,https://cdn.shopify.com/s/files/1/0943/6856/3585/files/932001_2.jpg?v=1784941621,https://cdn.shopify.com/s/files/1/0943/6856/3585/files/932001_4.jpg?v=1784941620,https://cdn.shopify.com/s/files/1/0943/6856/3585/files/932002_2.jpg?v=1784941621	79.90 CHF	in stock	15	8003558320004	LuxeStyle	new	Kostüme & Verkleidung	1-3 Werktage (Lager Schweiz)
fortura-95081-1	frack-dia-de-los-muertos-fgss5081	Frack Dia de los muertos – S	Frack Dia de los muertos – hochwertige Qualität ab Schweizer Lager. Details Marke: Widmann Warum bei LuxeStyle kaufen? 🇨🇭 Versand aus der Schweiz – Lieferung in nur 1–2 Werktagen (DPD) ↩️ 30 Tage Rückgaberecht 🔒 Kauf auf Rechnung mit Klarna · TWINT · Karten · PayPal · Apple Pay 💬 Schweizer Support: info@luxestyle.ch	https://luxestyle.ch/products/frack-dia-de-los-muertos-fgss5081?variant=55970712420737	https://cdn.shopify.com/s/files/1/0943/6856/3585/files/950810_1_fe2b531b-96ce-4566-a8de-84cc9c1c569d.jpg?v=1784839948	https://cdn.shopify.com/s/files/1/0943/6856/3585/files/95081-1_2.jpg?v=1784941629,https://cdn.shopify.com/s/files/1/0943/6856/3585/files/95081-1_3.jpg?v=1784941628,https://cdn.shopify.com/s/files/1/0943/6856/3585/files/95081-2_2.jpg?v=1784941629,https://cdn.shopify.com/s/files/1/0943/6856/3585/files/95081-2_3.jpg?v=1784941629	118.00 CHF	in stock	8	8003558508112	LuxeStyle	new	Kostüme & Verkleidung	1-3 Werktage (Lager Schweiz)
fortura-95081-2	frack-dia-de-los-muertos-fgss5081	Frack Dia de los muertos – M	Frack Dia de los muertos – hochwertige Qualität ab Schweizer Lager. Details Marke: Widmann Warum bei LuxeStyle kaufen? 🇨🇭 Versand aus der Schweiz – Lieferung in nur 1–2 Werktagen (DPD) ↩️ 30 Tage Rückgaberecht 🔒 Kauf auf Rechnung mit Klarna · TWINT · Karten · PayPal · Apple Pay 💬 Schweizer Support: info@luxestyle.ch	https://luxestyle.ch/products/frack-dia-de-los-muertos-fgss5081?variant=55970712453505	https://cdn.shopify.com/s/files/1/0943/6856/3585/files/950810_1_fe2b531b-96ce-4566-a8de-84cc9c1c569d.jpg?v=1784839948	https://cdn.shopify.com/s/files/1/0943/6856/3585/files/95081-1_2.jpg?v=1784941629,https://cdn.shopify.com/s/files/1/0943/6856/3585/files/95081-1_3.jpg?v=1784941628,https://cdn.shopify.com/s/files/1/0943/6856/3585/files/95081-2_2.jpg?v=1784941629,https://cdn.shopify.com/s/files/1/0943/6856/3585/files/95081-2_3.jpg?v=1784941629	118.00 CHF	in stock	10	8003558508129	LuxeStyle	new	Kostüme & Verkleidung	1-3 Werktage (Lager Schweiz)
fortura-95081-3	frack-dia-de-los-muertos-fgss5081	Frack Dia de los muertos – L	Frack Dia de los muertos – hochwertige Qualität ab Schweizer Lager. Details Marke: Widmann Warum bei LuxeStyle kaufen? 🇨🇭 Versand aus der Schweiz – Lieferung in nur 1–2 Werktagen (DPD) ↩️ 30 Tage Rückgaberecht 🔒 Kauf auf Rechnung mit Klarna · TWINT · Karten · PayPal · Apple Pay 💬 Schweizer Support: info@luxestyle.ch	https://luxestyle.ch/products/frack-dia-de-los-muertos-fgss5081?variant=55970712486273	https://cdn.shopify.com/s/files/1/0943/6856/3585/files/950810_1_fe2b531b-96ce-4566-a8de-84cc9c1c569d.jpg?v=1784839948	https://cdn.shopify.com/s/files/1/0943/6856/3585/files/95081-1_2.jpg?v=1784941629,https://cdn.shopify.com/s/files/1/0943/6856/3585/files/95081-1_3.jpg?v=1784941628,https://cdn.shopify.com/s/files/1/0943/6856/3585/files/95081-2_2.jpg?v=1784941629,https://cdn.shopify.com/s/files/1/0943/6856/3585/files/95081-2_3.jpg?v=1784941629	118.00 CHF	in stock	5	8003558508136	LuxeStyle	new	Kostüme & Verkleidung	1-3 Werktage (Lager Schweiz)
fortura-95081-4	frack-dia-de-los-muertos-fgss5081	Frack Dia de los muertos – XL	Frack Dia de los muertos – hochwertige Qualität ab Schweizer Lager. Details Marke: Widmann Warum bei LuxeStyle kaufen? 🇨🇭 Versand aus der Schweiz – Lieferung in nur 1–2 Werktagen (DPD) ↩️ 30 Tage Rückgaberecht 🔒 Kauf auf Rechnung mit Klarna · TWINT · Karten · PayPal · Apple Pay 💬 Schweizer Support: info@luxestyle.ch	https://luxestyle.ch/products/frack-dia-de-los-muertos-fgss5081?variant=55970712519041	https://cdn.shopify.com/s/files/1/0943/6856/3585/files/950810_1_fe2b531b-96ce-4566-a8de-84cc9c1c569d.jpg?v=1784839948	https://cdn.shopify.com/s/files/1/0943/6856/3585/files/95081-1_2.jpg?v=1784941629,https://cdn.shopify.com/s/files/1/0943/6856/3585/files/95081-1_3.jpg?v=1784941628,https://cdn.shopify.com/s/files/1/0943/6856/3585/files/95081-2_2.jpg?v=1784941629,https://cdn.shopify.com/s/files/1/0943/6856/3585/files/95081-2_3.jpg?v=1784941629	118.00 CHF	in stock	10	8003558508143	LuxeStyle	new	Kostüme & Verkleidung	1-3 Werktage (Lager Schweiz)
fortura-950810	frack-dia-de-los-muertos-fgss5081	Frack Dia de los muertos – XXL	Frack Dia de los muertos – hochwertige Qualität ab Schweizer Lager. Details Marke: Widmann Warum bei LuxeStyle kaufen? 🇨🇭 Versand aus der Schweiz – Lieferung in nur 1–2 Werktagen (DPD) ↩️ 30 Tage Rückgaberecht 🔒 Kauf auf Rechnung mit Klarna · TWINT · Karten · PayPal · Apple Pay 💬 Schweizer Support: info@luxestyle.ch	https://luxestyle.ch/products/frack-dia-de-los-muertos-fgss5081?variant=55970712551809	https://cdn.shopify.com/s/files/1/0943/6856/3585/files/950810_1_fe2b531b-96ce-4566-a8de-84cc9c1c569d.jpg?v=1784839948	https://cdn.shopify.com/s/files/1/0943/6856/3585/files/95081-1_2.jpg?v=1784941629,https://cdn.shopify.com/s/files/1/0943/6856/3585/files/95081-1_3.jpg?v=1784941628,https://cdn.shopify.com/s/files/1/0943/6856/3585/files/95081-2_2.jpg?v=1784941629,https://cdn.shopify.com/s/files/1/0943/6856/3585/files/95081-2_3.jpg?v=1784941629	118.00 CHF	in stock	8	8003558508105	LuxeStyle	new	Kostüme & Verkleidung	1-3 Werktage (Lager Schweiz)
fortura-95138-1	paradefrack-fur-damen-fgss5138	Paradefrack für Damen – S	Paradefrack für Damen – hochwertige Qualität ab Schweizer Lager. Details Marke: Widmann Warum bei LuxeStyle kaufen? 🇨🇭 Versand aus der Schweiz – Lieferung in nur 1–2 Werktagen (DPD) ↩️ 30 Tage Rückgaberecht 🔒 Kauf auf Rechnung mit Klarna · TWINT · Karten · PayPal · Apple Pay 💬 Schweizer Support: info@luxestyle.ch	https://luxestyle.ch/products/paradefrack-fur-damen-fgss5138?variant=55970713108865	https://cdn.shopify.com/s/files/1/0943/6856/3585/files/95138-1_1_81526119-2523-4504-91e2-30aab3660cf1.jpg?v=1784839950	https://cdn.shopify.com/s/files/1/0943/6856/3585/files/95138-1_2.jpg?v=1784941640,https://cdn.shopify.com/s/files/1/0943/6856/3585/files/95138-2_2.jpg?v=1784941640,https://cdn.shopify.com/s/files/1/0943/6856/3585/files/95138-3_2.jpg?v=1784941640,https://cdn.shopify.com/s/files/1/0943/6856/3585/files/95138-4_2.jpg?v=1784941640	118.00 CHF	in stock	4	8003558513819	LuxeStyle	new	Kostüme & Verkleidung	1-3 Werktage (Lager Schweiz)
fortura-95138-2	paradefrack-fur-damen-fgss5138	Paradefrack für Damen – M	Paradefrack für Damen – hochwertige Qualität ab Schweizer Lager. Details Marke: Widmann Warum bei LuxeStyle kaufen? 🇨🇭 Versand aus der Schweiz – Lieferung in nur 1–2 Werktagen (DPD) ↩️ 30 Tage Rückgaberecht 🔒 Kauf auf Rechnung mit Klarna · TWINT · Karten · PayPal · Apple Pay 💬 Schweizer Support: info@luxestyle.ch	https://luxestyle.ch/products/paradefrack-fur-damen-fgss5138?variant=55970713141633	https://cdn.shopify.com/s/files/1/0943/6856/3585/files/95138-1_1_81526119-2523-4504-91e2-30aab3660cf1.jpg?v=1784839950	https://cdn.shopify.com/s/files/1/0943/6856/3585/files/95138-1_2.jpg?v=1784941640,https://cdn.shopify.com/s/files/1/0943/6856/3585/files/95138-2_2.jpg?v=1784941640,https://cdn.shopify.com/s/files/1/0943/6856/3585/files/95138-3_2.jpg?v=1784941640,https://cdn.shopify.com/s/files/1/0943/6856/3585/files/95138-4_2.jpg?v=1784941640	118.00 CHF	in stock	3	8003558513826	LuxeStyle	new	Kostüme & Verkleidung	1-3 Werktage (Lager Schweiz)
fortura-95138-3	paradefrack-fur-damen-fgss5138	Paradefrack für Damen – L	Paradefrack für Damen – hochwertige Qualität ab Schweizer Lager. Details Marke: Widmann Warum bei LuxeStyle kaufen? 🇨🇭 Versand aus der Schweiz – Lieferung in nur 1–2 Werktagen (DPD) ↩️ 30 Tage Rückgaberecht 🔒 Kauf auf Rechnung mit Klarna · TWINT · Karten · PayPal · Apple Pay 💬 Schweizer Support: info@luxestyle.ch	https://luxestyle.ch/products/paradefrack-fur-damen-fgss5138?variant=55970713174401	https://cdn.shopify.com/s/files/1/0943/6856/3585/files/95138-1_1_81526119-2523-4504-91e2-30aab3660cf1.jpg?v=1784839950	https://cdn.shopify.com/s/files/1/0943/6856/3585/files/95138-1_2.jpg?v=1784941640,https://cdn.shopify.com/s/files/1/0943/6856/3585/files/95138-2_2.jpg?v=1784941640,https://cdn.shopify.com/s/files/1/0943/6856/3585/files/95138-3_2.jpg?v=1784941640,https://cdn.shopify.com/s/files/1/0943/6856/3585/files/95138-4_2.jpg?v=1784941640	118.00 CHF	in stock	3	8003558513833	LuxeStyle	new	Kostüme & Verkleidung	1-3 Werktage (Lager Schweiz)
fortura-95138-4	paradefrack-fur-damen-fgss5138	Paradefrack für Damen – XL	Paradefrack für Damen – hochwertige Qualität ab Schweizer Lager. Details Marke: Widmann Warum bei LuxeStyle kaufen? 🇨🇭 Versand aus der Schweiz – Lieferung in nur 1–2 Werktagen (DPD) ↩️ 30 Tage Rückgaberecht 🔒 Kauf auf Rechnung mit Klarna · TWINT · Karten · PayPal · Apple Pay 💬 Schweizer Support: info@luxestyle.ch	https://luxestyle.ch/products/paradefrack-fur-damen-fgss5138?variant=55970713207169	https://cdn.shopify.com/s/files/1/0943/6856/3585/files/95138-1_1_81526119-2523-4504-91e2-30aab3660cf1.jpg?v=1784839950	https://cdn.shopify.com/s/files/1/0943/6856/3585/files/95138-1_2.jpg?v=1784941640,https://cdn.shopify.com/s/files/1/0943/6856/3585/files/95138-2_2.jpg?v=1784941640,https://cdn.shopify.com/s/files/1/0943/6856/3585/files/95138-3_2.jpg?v=1784941640,https://cdn.shopify.com/s/files/1/0943/6856/3585/files/95138-4_2.jpg?v=1784941640	118.00 CHF	in stock	6	8003558513840	LuxeStyle	new	Kostüme & Verkleidung	1-3 Werktage (Lager Schweiz)
fortura-95900-3	indianerkostum-fgss5900	Indianerkostüm – L	Weste und Hose Details Marke: Widmann Farbe: braun Anlass: Fasnacht Lieferumfang: Weste und Hose Warum bei LuxeStyle kaufen? 🇨🇭 Versand aus der Schweiz – Lieferung in nur 1–2 Werktagen (DPD) ↩️ 30 Tage Rückgaberecht 🔒 Kauf auf Rechnung mit Klarna · TWINT · Karten · PayPal · Apple Pay 💬 Schweizer Support: info@luxestyle.ch	https://luxestyle.ch/products/indianerkostum-fgss5900?variant=55970714321281	https://cdn.shopify.com/s/files/1/0943/6856/3585/files/95900-2_1.jpg?v=1784839960		59.50 CHF	in stock	3	8003558590032	LuxeStyle	new	Kostüme & Verkleidung	1-3 Werktage (Lager Schweiz)
fortura-95900-4	indianerkostum-fgss5900	Indianerkostüm – XL	Weste und Hose Details Marke: Widmann Farbe: braun Anlass: Fasnacht Lieferumfang: Weste und Hose Warum bei LuxeStyle kaufen? 🇨🇭 Versand aus der Schweiz – Lieferung in nur 1–2 Werktagen (DPD) ↩️ 30 Tage Rückgaberecht 🔒 Kauf auf Rechnung mit Klarna · TWINT · Karten · PayPal · Apple Pay 💬 Schweizer Support: info@luxestyle.ch	https://luxestyle.ch/products/indianerkostum-fgss5900?variant=55970714354049	https://cdn.shopify.com/s/files/1/0943/6856/3585/files/95900-2_1.jpg?v=1784839960		66.00 CHF	in stock	3	8003558590049	LuxeStyle	new	Kostüme & Verkleidung	1-3 Werktage (Lager Schweiz)
fortura-93865-1	kostum-hosenanzug-fgss3865	Kostüm Hosenanzug «Good Vibes» · 5 Designs – Hippie / S	Kostüm Hosenanzug – hochwertige Qualität ab Schweizer Lager. Details Marke: Widmann Warum bei LuxeStyle kaufen? 🇨🇭 Versand aus der Schweiz – Lieferung in nur 1–2 Werktagen (DPD) ↩️ 30 Tage Rückgaberecht 🔒 Kauf auf Rechnung mit Klarna · TWINT · Karten · PayPal · Apple Pay 💬 Schweizer Support: info@luxestyle.ch	https://luxestyle.ch/products/kostum-hosenanzug-fgss3865?variant=55970714976641	https://cdn.shopify.com/s/files/1/0943/6856/3585/files/938650_1_1ed621fa-22dc-445e-b2a5-a328c3798562.jpg?v=1784839968	https://cdn.shopify.com/s/files/1/0943/6856/3585/files/93865-1_2_d72a978c-28e0-4e4f-ab6f-32bae79eb66c.jpg?v=1784941675,https://cdn.shopify.com/s/files/1/0943/6856/3585/files/93865-1_3_3896c7e9-7d6d-4405-adbf-82a26127deda.jpg?v=1784941676,https://cdn.shopify.com/s/files/1/0943/6856/3585/files/93865-1_4_64c0f37a-e616-40af-87f7-51fc1a9b0a46.jpg?v=1784941675,https://cdn.shopify.com/s/files/1/0943/6856/3585/files/93865-2_2_99d68245-9796-483a-bc04-e25b03fdfdb2.jpg?v=1784941676	88.00 CHF	in stock	15	8003558386512	LuxeStyle	new	Kostüme & Verkleidung	1-3 Werktage (Lager Schweiz)
fortura-93865-2	kostum-hosenanzug-fgss3865	Kostüm Hosenanzug «Good Vibes» · 5 Designs – Hippie / M	Kostüm Hosenanzug – hochwertige Qualität ab Schweizer Lager. Details Marke: Widmann Warum bei LuxeStyle kaufen? 🇨🇭 Versand aus der Schweiz – Lieferung in nur 1–2 Werktagen (DPD) ↩️ 30 Tage Rückgaberecht 🔒 Kauf auf Rechnung mit Klarna · TWINT · Karten · PayPal · Apple Pay 💬 Schweizer Support: info@luxestyle.ch	https://luxestyle.ch/products/kostum-hosenanzug-fgss3865?variant=55970715009409	https://cdn.shopify.com/s/files/1/0943/6856/3585/files/938650_1_1ed621fa-22dc-445e-b2a5-a328c3798562.jpg?v=1784839968	https://cdn.shopify.com/s/files/1/0943/6856/3585/files/93865-1_2_d72a978c-28e0-4e4f-ab6f-32bae79eb66c.jpg?v=1784941675,https://cdn.shopify.com/s/files/1/0943/6856/3585/files/93865-1_3_3896c7e9-7d6d-4405-adbf-82a26127deda.jpg?v=1784941676,https://cdn.shopify.com/s/files/1/0943/6856/3585/files/93865-1_4_64c0f37a-e616-40af-87f7-51fc1a9b0a46.jpg?v=1784941675,https://cdn.shopify.com/s/files/1/0943/6856/3585/files/93865-2_2_99d68245-9796-483a-bc04-e25b03fdfdb2.jpg?v=1784941676	88.00 CHF	in stock	3	8003558386529	LuxeStyle	new	Kostüme & Verkleidung	1-3 Werktage (Lager Schweiz)
fortura-93865-3	kostum-hosenanzug-fgss3865	Kostüm Hosenanzug «Good Vibes» · 5 Designs – Hippie / L	Kostüm Hosenanzug – hochwertige Qualität ab Schweizer Lager. Details Marke: Widmann Warum bei LuxeStyle kaufen? 🇨🇭 Versand aus der Schweiz – Lieferung in nur 1–2 Werktagen (DPD) ↩️ 30 Tage Rückgaberecht 🔒 Kauf auf Rechnung mit Klarna · TWINT · Karten · PayPal · Apple Pay 💬 Schweizer Support: info@luxestyle.ch	https://luxestyle.ch/products/kostum-hosenanzug-fgss3865?variant=55970715042177	https://cdn.shopify.com/s/files/1/0943/6856/3585/files/938650_1_1ed621fa-22dc-445e-b2a5-a328c3798562.jpg?v=1784839968	https://cdn.shopify.com/s/files/1/0943/6856/3585/files/93865-1_2_d72a978c-28e0-4e4f-ab6f-32bae79eb66c.jpg?v=1784941675,https://cdn.shopify.com/s/files/1/0943/6856/3585/files/93865-1_3_3896c7e9-7d6d-4405-adbf-82a26127deda.jpg?v=1784941676,https://cdn.shopify.com/s/files/1/0943/6856/3585/files/93865-1_4_64c0f37a-e616-40af-87f7-51fc1a9b0a46.jpg?v=1784941675,https://cdn.shopify.com/s/files/1/0943/6856/3585/files/93865-2_2_99d68245-9796-483a-bc04-e25b03fdfdb2.jpg?v=1784941676	88.00 CHF	in stock	13	8003558386536	LuxeStyle	new	Kostüme & Verkleidung	1-3 Werktage (Lager Schweiz)
fortura-93865-4	kostum-hosenanzug-fgss3865	Kostüm Hosenanzug «Good Vibes» · 5 Designs – Hippie / XL	Kostüm Hosenanzug – hochwertige Qualität ab Schweizer Lager. Details Marke: Widmann Warum bei LuxeStyle kaufen? 🇨🇭 Versand aus der Schweiz – Lieferung in nur 1–2 Werktagen (DPD) ↩️ 30 Tage Rückgaberecht 🔒 Kauf auf Rechnung mit Klarna · TWINT · Karten · PayPal · Apple Pay 💬 Schweizer Support: info@luxestyle.ch	https://luxestyle.ch/products/kostum-hosenanzug-fgss3865?variant=55970715074945	https://cdn.shopify.com/s/files/1/0943/6856/3585/files/938650_1_1ed621fa-22dc-445e-b2a5-a328c3798562.jpg?v=1784839968	https://cdn.shopify.com/s/files/1/0943/6856/3585/files/93865-1_2_d72a978c-28e0-4e4f-ab6f-32bae79eb66c.jpg?v=1784941675,https://cdn.shopify.com/s/files/1/0943/6856/3585/files/93865-1_3_3896c7e9-7d6d-4405-adbf-82a26127deda.jpg?v=1784941676,https://cdn.shopify.com/s/files/1/0943/6856/3585/files/93865-1_4_64c0f37a-e616-40af-87f7-51fc1a9b0a46.jpg?v=1784941675,https://cdn.shopify.com/s/files/1/0943/6856/3585/files/93865-2_2_99d68245-9796-483a-bc04-e25b03fdfdb2.jpg?v=1784941676	98.00 CHF	in stock	15	8003558386543	LuxeStyle	new	Kostüme & Verkleidung	1-3 Werktage (Lager Schweiz)
fortura-938650	kostum-hosenanzug-fgss3865	Kostüm Hosenanzug «Good Vibes» · 5 Designs – Hippie / XXL	Kostüm Hosenanzug – hochwertige Qualität ab Schweizer Lager. Details Marke: Widmann Warum bei LuxeStyle kaufen? 🇨🇭 Versand aus der Schweiz – Lieferung in nur 1–2 Werktagen (DPD) ↩️ 30 Tage Rückgaberecht 🔒 Kauf auf Rechnung mit Klarna · TWINT · Karten · PayPal · Apple Pay 💬 Schweizer Support: info@luxestyle.ch	https://luxestyle.ch/products/kostum-hosenanzug-fgss3865?variant=55970715107713	https://cdn.shopify.com/s/files/1/0943/6856/3585/files/938650_1_1ed621fa-22dc-445e-b2a5-a328c3798562.jpg?v=1784839968	https://cdn.shopify.com/s/files/1/0943/6856/3585/files/93865-1_2_d72a978c-28e0-4e4f-ab6f-32bae79eb66c.jpg?v=1784941675,https://cdn.shopify.com/s/files/1/0943/6856/3585/files/93865-1_3_3896c7e9-7d6d-4405-adbf-82a26127deda.jpg?v=1784941676,https://cdn.shopify.com/s/files/1/0943/6856/3585/files/93865-1_4_64c0f37a-e616-40af-87f7-51fc1a9b0a46.jpg?v=1784941675,https://cdn.shopify.com/s/files/1/0943/6856/3585/files/93865-2_2_99d68245-9796-483a-bc04-e25b03fdfdb2.jpg?v=1784941676	98.00 CHF	in stock	4	8003558386505	LuxeStyle	new	Kostüme & Verkleidung	1-3 Werktage (Lager Schweiz)
fortura-94099-1	kostum-hosenanzug-fgss3865	Kostüm Hosenanzug «Good Vibes» · 5 Designs – Tropicana / S	Kostüm Hosenanzug – hochwertige Qualität ab Schweizer Lager. Details Marke: Widmann Warum bei LuxeStyle kaufen? 🇨🇭 Versand aus der Schweiz – Lieferung in nur 1–2 Werktagen (DPD) ↩️ 30 Tage Rückgaberecht 🔒 Kauf auf Rechnung mit Klarna · TWINT · Karten · PayPal · Apple Pay 💬 Schweizer Support: info@luxestyle.ch	https://luxestyle.ch/products/kostum-hosenanzug-fgss3865?variant=56052084081025	https://cdn.shopify.com/s/files/1/0943/6856/3585/files/938650_1_1ed621fa-22dc-445e-b2a5-a328c3798562.jpg?v=1784839968	https://cdn.shopify.com/s/files/1/0943/6856/3585/files/93865-1_2_d72a978c-28e0-4e4f-ab6f-32bae79eb66c.jpg?v=1784941675,https://cdn.shopify.com/s/files/1/0943/6856/3585/files/93865-1_3_3896c7e9-7d6d-4405-adbf-82a26127deda.jpg?v=1784941676,https://cdn.shopify.com/s/files/1/0943/6856/3585/files/93865-1_4_64c0f37a-e616-40af-87f7-51fc1a9b0a46.jpg?v=1784941675,https://cdn.shopify.com/s/files/1/0943/6856/3585/files/93865-2_2_99d68245-9796-483a-bc04-e25b03fdfdb2.jpg?v=1784941676	88.00 CHF	in stock	16		LuxeStyle	new	Kostüme & Verkleidung	1-3 Werktage (Lager Schweiz)
fortura-94099-2	kostum-hosenanzug-fgss3865	Kostüm Hosenanzug «Good Vibes» · 5 Designs – Tropicana / M	Kostüm Hosenanzug – hochwertige Qualität ab Schweizer Lager. Details Marke: Widmann Warum bei LuxeStyle kaufen? 🇨🇭 Versand aus der Schweiz – Lieferung in nur 1–2 Werktagen (DPD) ↩️ 30 Tage Rückgaberecht 🔒 Kauf auf Rechnung mit Klarna · TWINT · Karten · PayPal · Apple Pay 💬 Schweizer Support: info@luxestyle.ch	https://luxestyle.ch/products/kostum-hosenanzug-fgss3865?variant=56052084113793	https://cdn.shopify.com/s/files/1/0943/6856/3585/files/938650_1_1ed621fa-22dc-445e-b2a5-a328c3798562.jpg?v=1784839968	https://cdn.shopify.com/s/files/1/0943/6856/3585/files/93865-1_2_d72a978c-28e0-4e4f-ab6f-32bae79eb66c.jpg?v=1784941675,https://cdn.shopify.com/s/files/1/0943/6856/3585/files/93865-1_3_3896c7e9-7d6d-4405-adbf-82a26127deda.jpg?v=1784941676,https://cdn.shopify.com/s/files/1/0943/6856/3585/files/93865-1_4_64c0f37a-e616-40af-87f7-51fc1a9b0a46.jpg?v=1784941675,https://cdn.shopify.com/s/files/1/0943/6856/3585/files/93865-2_2_99d68245-9796-483a-bc04-e25b03fdfdb2.jpg?v=1784941676	88.00 CHF	in stock	3		LuxeStyle	new	Kostüme & Verkleidung	1-3 Werktage (Lager Schweiz)
fortura-94099-3	kostum-hosenanzug-fgss3865	Kostüm Hosenanzug «Good Vibes» · 5 Designs – Tropicana / L	Kostüm Hosenanzug – hochwertige Qualität ab Schweizer Lager. Details Marke: Widmann Warum bei LuxeStyle kaufen? 🇨🇭 Versand aus der Schweiz – Lieferung in nur 1–2 Werktagen (DPD) ↩️ 30 Tage Rückgaberecht 🔒 Kauf auf Rechnung mit Klarna · TWINT · Karten · PayPal · Apple Pay 💬 Schweizer Support: info@luxestyle.ch	https://luxestyle.ch/products/kostum-hosenanzug-fgss3865?variant=56052084146561	https://cdn.shopify.com/s/files/1/0943/6856/3585/files/938650_1_1ed621fa-22dc-445e-b2a5-a328c3798562.jpg?v=1784839968	https://cdn.shopify.com/s/files/1/0943/6856/3585/files/93865-1_2_d72a978c-28e0-4e4f-ab6f-32bae79eb66c.jpg?v=1784941675,https://cdn.shopify.com/s/files/1/0943/6856/3585/files/93865-1_3_3896c7e9-7d6d-4405-adbf-82a26127deda.jpg?v=1784941676,https://cdn.shopify.com/s/files/1/0943/6856/3585/files/93865-1_4_64c0f37a-e616-40af-87f7-51fc1a9b0a46.jpg?v=1784941675,https://cdn.shopify.com/s/files/1/0943/6856/3585/files/93865-2_2_99d68245-9796-483a-bc04-e25b03fdfdb2.jpg?v=1784941676	88.00 CHF	in stock	7		LuxeStyle	new	Kostüme & Verkleidung	1-3 Werktage (Lager Schweiz)
fortura-94099-4	kostum-hosenanzug-fgss3865	Kostüm Hosenanzug «Good Vibes» · 5 Designs – Tropicana / XL	Kostüm Hosenanzug – hochwertige Qualität ab Schweizer Lager. Details Marke: Widmann Warum bei LuxeStyle kaufen? 🇨🇭 Versand aus der Schweiz – Lieferung in nur 1–2 Werktagen (DPD) ↩️ 30 Tage Rückgaberecht 🔒 Kauf auf Rechnung mit Klarna · TWINT · Karten · PayPal · Apple Pay 💬 Schweizer Support: info@luxestyle.ch	https://luxestyle.ch/products/kostum-hosenanzug-fgss3865?variant=56052084179329	https://cdn.shopify.com/s/files/1/0943/6856/3585/files/938650_1_1ed621fa-22dc-445e-b2a5-a328c3798562.jpg?v=1784839968	https://cdn.shopify.com/s/files/1/0943/6856/3585/files/93865-1_2_d72a978c-28e0-4e4f-ab6f-32bae79eb66c.jpg?v=1784941675,https://cdn.shopify.com/s/files/1/0943/6856/3585/files/93865-1_3_3896c7e9-7d6d-4405-adbf-82a26127deda.jpg?v=1784941676,https://cdn.shopify.com/s/files/1/0943/6856/3585/files/93865-1_4_64c0f37a-e616-40af-87f7-51fc1a9b0a46.jpg?v=1784941675,https://cdn.shopify.com/s/files/1/0943/6856/3585/files/93865-2_2_99d68245-9796-483a-bc04-e25b03fdfdb2.jpg?v=1784941676	94.00 CHF	in stock	29		LuxeStyle	new	Kostüme & Verkleidung	1-3 Werktage (Lager Schweiz)
fortura-940990	kostum-hosenanzug-fgss3865	Kostüm Hosenanzug «Good Vibes» · 5 Designs – Tropicana / XXL	Kostüm Hosenanzug – hochwertige Qualität ab Schweizer Lager. Details Marke: Widmann Warum bei LuxeStyle kaufen? 🇨🇭 Versand aus der Schweiz – Lieferung in nur 1–2 Werktagen (DPD) ↩️ 30 Tage Rückgaberecht 🔒 Kauf auf Rechnung mit Klarna · TWINT · Karten · PayPal · Apple Pay 💬 Schweizer Support: info@luxestyle.ch	https://luxestyle.ch/products/kostum-hosenanzug-fgss3865?variant=56052084212097	https://cdn.shopify.com/s/files/1/0943/6856/3585/files/938650_1_1ed621fa-22dc-445e-b2a5-a328c3798562.jpg?v=1784839968	https://cdn.shopify.com/s/files/1/0943/6856/3585/files/93865-1_2_d72a978c-28e0-4e4f-ab6f-32bae79eb66c.jpg?v=1784941675,https://cdn.shopify.com/s/files/1/0943/6856/3585/files/93865-1_3_3896c7e9-7d6d-4405-adbf-82a26127deda.jpg?v=1784941676,https://cdn.shopify.com/s/files/1/0943/6856/3585/files/93865-1_4_64c0f37a-e616-40af-87f7-51fc1a9b0a46.jpg?v=1784941675,https://cdn.shopify.com/s/files/1/0943/6856/3585/files/93865-2_2_99d68245-9796-483a-bc04-e25b03fdfdb2.jpg?v=1784941676	94.00 CHF	in stock	12		LuxeStyle	new	Kostüme & Verkleidung	1-3 Werktage (Lager Schweiz)
fortura-93933-1	kostum-hosenanzug-fgss3865	Kostüm Hosenanzug «Good Vibes» · 5 Designs – Tie Dye / S	Kostüm Hosenanzug – hochwertige Qualität ab Schweizer Lager. Details Marke: Widmann Warum bei LuxeStyle kaufen? 🇨🇭 Versand aus der Schweiz – Lieferung in nur 1–2 Werktagen (DPD) ↩️ 30 Tage Rückgaberecht 🔒 Kauf auf Rechnung mit Klarna · TWINT · Karten · PayPal · Apple Pay 💬 Schweizer Support: info@luxestyle.ch	https://luxestyle.ch/products/kostum-hosenanzug-fgss3865?variant=56052084244865	https://cdn.shopify.com/s/files/1/0943/6856/3585/files/938650_1_1ed621fa-22dc-445e-b2a5-a328c3798562.jpg?v=1784839968	https://cdn.shopify.com/s/files/1/0943/6856/3585/files/93865-1_2_d72a978c-28e0-4e4f-ab6f-32bae79eb66c.jpg?v=1784941675,https://cdn.shopify.com/s/files/1/0943/6856/3585/files/93865-1_3_3896c7e9-7d6d-4405-adbf-82a26127deda.jpg?v=1784941676,https://cdn.shopify.com/s/files/1/0943/6856/3585/files/93865-1_4_64c0f37a-e616-40af-87f7-51fc1a9b0a46.jpg?v=1784941675,https://cdn.shopify.com/s/files/1/0943/6856/3585/files/93865-2_2_99d68245-9796-483a-bc04-e25b03fdfdb2.jpg?v=1784941676	88.00 CHF	in stock	14		LuxeStyle	new	Kostüme & Verkleidung	1-3 Werktage (Lager Schweiz)
fortura-93933-2	kostum-hosenanzug-fgss3865	Kostüm Hosenanzug «Good Vibes» · 5 Designs – Tie Dye / M	Kostüm Hosenanzug – hochwertige Qualität ab Schweizer Lager. Details Marke: Widmann Warum bei LuxeStyle kaufen? 🇨🇭 Versand aus der Schweiz – Lieferung in nur 1–2 Werktagen (DPD) ↩️ 30 Tage Rückgaberecht 🔒 Kauf auf Rechnung mit Klarna · TWINT · Karten · PayPal · Apple Pay 💬 Schweizer Support: info@luxestyle.ch	https://luxestyle.ch/products/kostum-hosenanzug-fgss3865?variant=56052084277633	https://cdn.shopify.com/s/files/1/0943/6856/3585/files/938650_1_1ed621fa-22dc-445e-b2a5-a328c3798562.jpg?v=1784839968	https://cdn.shopify.com/s/files/1/0943/6856/3585/files/93865-1_2_d72a978c-28e0-4e4f-ab6f-32bae79eb66c.jpg?v=1784941675,https://cdn.shopify.com/s/files/1/0943/6856/3585/files/93865-1_3_3896c7e9-7d6d-4405-adbf-82a26127deda.jpg?v=1784941676,https://cdn.shopify.com/s/files/1/0943/6856/3585/files/93865-1_4_64c0f37a-e616-40af-87f7-51fc1a9b0a46.jpg?v=1784941675,https://cdn.shopify.com/s/files/1/0943/6856/3585/files/93865-2_2_99d68245-9796-483a-bc04-e25b03fdfdb2.jpg?v=1784941676	88.00 CHF	in stock	14		LuxeStyle	new	Kostüme & Verkleidung	1-3 Werktage (Lager Schweiz)
fortura-93933-3	kostum-hosenanzug-fgss3865	Kostüm Hosenanzug «Good Vibes» · 5 Designs – Tie Dye / L	Kostüm Hosenanzug – hochwertige Qualität ab Schweizer Lager. Details Marke: Widmann Warum bei LuxeStyle kaufen? 🇨🇭 Versand aus der Schweiz – Lieferung in nur 1–2 Werktagen (DPD) ↩️ 30 Tage Rückgaberecht 🔒 Kauf auf Rechnung mit Klarna · TWINT · Karten · PayPal · Apple Pay 💬 Schweizer Support: info@luxestyle.ch	https://luxestyle.ch/products/kostum-hosenanzug-fgss3865?variant=56052084310401	https://cdn.shopify.com/s/files/1/0943/6856/3585/files/938650_1_1ed621fa-22dc-445e-b2a5-a328c3798562.jpg?v=1784839968	https://cdn.shopify.com/s/files/1/0943/6856/3585/files/93865-1_2_d72a978c-28e0-4e4f-ab6f-32bae79eb66c.jpg?v=1784941675,https://cdn.shopify.com/s/files/1/0943/6856/3585/files/93865-1_3_3896c7e9-7d6d-4405-adbf-82a26127deda.jpg?v=1784941676,https://cdn.shopify.com/s/files/1/0943/6856/3585/files/93865-1_4_64c0f37a-e616-40af-87f7-51fc1a9b0a46.jpg?v=1784941675,https://cdn.shopify.com/s/files/1/0943/6856/3585/files/93865-2_2_99d68245-9796-483a-bc04-e25b03fdfdb2.jpg?v=1784941676	88.00 CHF	in stock	16		LuxeStyle	new	Kostüme & Verkleidung	1-3 Werktage (Lager Schweiz)
fortura-93933-4	kostum-hosenanzug-fgss3865	Kostüm Hosenanzug «Good Vibes» · 5 Designs – Tie Dye / XL	Kostüm Hosenanzug – hochwertige Qualität ab Schweizer Lager. Details Marke: Widmann Warum bei LuxeStyle kaufen? 🇨🇭 Versand aus der Schweiz – Lieferung in nur 1–2 Werktagen (DPD) ↩️ 30 Tage Rückgaberecht 🔒 Kauf auf Rechnung mit Klarna · TWINT · Karten · PayPal · Apple Pay 💬 Schweizer Support: info@luxestyle.ch	https://luxestyle.ch/products/kostum-hosenanzug-fgss3865?variant=56052084343169	https://cdn.shopify.com/s/files/1/0943/6856/3585/files/938650_1_1ed621fa-22dc-445e-b2a5-a328c3798562.jpg?v=1784839968	https://cdn.shopify.com/s/files/1/0943/6856/3585/files/93865-1_2_d72a978c-28e0-4e4f-ab6f-32bae79eb66c.jpg?v=1784941675,https://cdn.shopify.com/s/files/1/0943/6856/3585/files/93865-1_3_3896c7e9-7d6d-4405-adbf-82a26127deda.jpg?v=1784941676,https://cdn.shopify.com/s/files/1/0943/6856/3585/files/93865-1_4_64c0f37a-e616-40af-87f7-51fc1a9b0a46.jpg?v=1784941675,https://cdn.shopify.com/s/files/1/0943/6856/3585/files/93865-2_2_99d68245-9796-483a-bc04-e25b03fdfdb2.jpg?v=1784941676	98.00 CHF	in stock	13		LuxeStyle	new	Kostüme & Verkleidung	1-3 Werktage (Lager Schweiz)
fortura-939330	kostum-hosenanzug-fgss3865	Kostüm Hosenanzug «Good Vibes» · 5 Designs – Tie Dye / XXL	Kostüm Hosenanzug – hochwertige Qualität ab Schweizer Lager. Details Marke: Widmann Warum bei LuxeStyle kaufen? 🇨🇭 Versand aus der Schweiz – Lieferung in nur 1–2 Werktagen (DPD) ↩️ 30 Tage Rückgaberecht 🔒 Kauf auf Rechnung mit Klarna · TWINT · Karten · PayPal · Apple Pay 💬 Schweizer Support: info@luxestyle.ch	https://luxestyle.ch/products/kostum-hosenanzug-fgss3865?variant=56052084375937	https://cdn.shopify.com/s/files/1/0943/6856/3585/files/938650_1_1ed621fa-22dc-445e-b2a5-a328c3798562.jpg?v=1784839968	https://cdn.shopify.com/s/files/1/0943/6856/3585/files/93865-1_2_d72a978c-28e0-4e4f-ab6f-32bae79eb66c.jpg?v=1784941675,https://cdn.shopify.com/s/files/1/0943/6856/3585/files/93865-1_3_3896c7e9-7d6d-4405-adbf-82a26127deda.jpg?v=1784941676,https://cdn.shopify.com/s/files/1/0943/6856/3585/files/93865-1_4_64c0f37a-e616-40af-87f7-51fc1a9b0a46.jpg?v=1784941675,https://cdn.shopify.com/s/files/1/0943/6856/3585/files/93865-2_2_99d68245-9796-483a-bc04-e25b03fdfdb2.jpg?v=1784941676	98.00 CHF	in stock	15		LuxeStyle	new	Kostüme & Verkleidung	1-3 Werktage (Lager Schweiz)
fortura-94035-1	kostum-hosenanzug-fgss3865	Kostüm Hosenanzug «Good Vibes» · 5 Designs – Flamingo / S	Kostüm Hosenanzug – hochwertige Qualität ab Schweizer Lager. Details Marke: Widmann Warum bei LuxeStyle kaufen? 🇨🇭 Versand aus der Schweiz – Lieferung in nur 1–2 Werktagen (DPD) ↩️ 30 Tage Rückgaberecht 🔒 Kauf auf Rechnung mit Klarna · TWINT · Karten · PayPal · Apple Pay 💬 Schweizer Support: info@luxestyle.ch	https://luxestyle.ch/products/kostum-hosenanzug-fgss3865?variant=56052084408705	https://cdn.shopify.com/s/files/1/0943/6856/3585/files/938650_1_1ed621fa-22dc-445e-b2a5-a328c3798562.jpg?v=1784839968	https://cdn.shopify.com/s/files/1/0943/6856/3585/files/93865-1_2_d72a978c-28e0-4e4f-ab6f-32bae79eb66c.jpg?v=1784941675,https://cdn.shopify.com/s/files/1/0943/6856/3585/files/93865-1_3_3896c7e9-7d6d-4405-adbf-82a26127deda.jpg?v=1784941676,https://cdn.shopify.com/s/files/1/0943/6856/3585/files/93865-1_4_64c0f37a-e616-40af-87f7-51fc1a9b0a46.jpg?v=1784941675,https://cdn.shopify.com/s/files/1/0943/6856/3585/files/93865-2_2_99d68245-9796-483a-bc04-e25b03fdfdb2.jpg?v=1784941676	88.00 CHF	in stock	9		LuxeStyle	new	Kostüme & Verkleidung	1-3 Werktage (Lager Schweiz)
fortura-94035-2	kostum-hosenanzug-fgss3865	Kostüm Hosenanzug «Good Vibes» · 5 Designs – Flamingo / M	Kostüm Hosenanzug – hochwertige Qualität ab Schweizer Lager. Details Marke: Widmann Warum bei LuxeStyle kaufen? 🇨🇭 Versand aus der Schweiz – Lieferung in nur 1–2 Werktagen (DPD) ↩️ 30 Tage Rückgaberecht 🔒 Kauf auf Rechnung mit Klarna · TWINT · Karten · PayPal · Apple Pay 💬 Schweizer Support: info@luxestyle.ch	https://luxestyle.ch/products/kostum-hosenanzug-fgss3865?variant=56052084441473	https://cdn.shopify.com/s/files/1/0943/6856/3585/files/938650_1_1ed621fa-22dc-445e-b2a5-a328c3798562.jpg?v=1784839968	https://cdn.shopify.com/s/files/1/0943/6856/3585/files/93865-1_2_d72a978c-28e0-4e4f-ab6f-32bae79eb66c.jpg?v=1784941675,https://cdn.shopify.com/s/files/1/0943/6856/3585/files/93865-1_3_3896c7e9-7d6d-4405-adbf-82a26127deda.jpg?v=1784941676,https://cdn.shopify.com/s/files/1/0943/6856/3585/files/93865-1_4_64c0f37a-e616-40af-87f7-51fc1a9b0a46.jpg?v=1784941675,https://cdn.shopify.com/s/files/1/0943/6856/3585/files/93865-2_2_99d68245-9796-483a-bc04-e25b03fdfdb2.jpg?v=1784941676	88.00 CHF	in stock	9		LuxeStyle	new	Kostüme & Verkleidung	1-3 Werktage (Lager Schweiz)
fortura-94035-3	kostum-hosenanzug-fgss3865	Kostüm Hosenanzug «Good Vibes» · 5 Designs – Flamingo / L	Kostüm Hosenanzug – hochwertige Qualität ab Schweizer Lager. Details Marke: Widmann Warum bei LuxeStyle kaufen? 🇨🇭 Versand aus der Schweiz – Lieferung in nur 1–2 Werktagen (DPD) ↩️ 30 Tage Rückgaberecht 🔒 Kauf auf Rechnung mit Klarna · TWINT · Karten · PayPal · Apple Pay 💬 Schweizer Support: info@luxestyle.ch	https://luxestyle.ch/products/kostum-hosenanzug-fgss3865?variant=56052084474241	https://cdn.shopify.com/s/files/1/0943/6856/3585/files/938650_1_1ed621fa-22dc-445e-b2a5-a328c3798562.jpg?v=1784839968	https://cdn.shopify.com/s/files/1/0943/6856/3585/files/93865-1_2_d72a978c-28e0-4e4f-ab6f-32bae79eb66c.jpg?v=1784941675,https://cdn.shopify.com/s/files/1/0943/6856/3585/files/93865-1_3_3896c7e9-7d6d-4405-adbf-82a26127deda.jpg?v=1784941676,https://cdn.shopify.com/s/files/1/0943/6856/3585/files/93865-1_4_64c0f37a-e616-40af-87f7-51fc1a9b0a46.jpg?v=1784941675,https://cdn.shopify.com/s/files/1/0943/6856/3585/files/93865-2_2_99d68245-9796-483a-bc04-e25b03fdfdb2.jpg?v=1784941676	88.00 CHF	in stock	11		LuxeStyle	new	Kostüme & Verkleidung	1-3 Werktage (Lager Schweiz)
fortura-94035-4	kostum-hosenanzug-fgss3865	Kostüm Hosenanzug «Good Vibes» · 5 Designs – Flamingo / XL	Kostüm Hosenanzug – hochwertige Qualität ab Schweizer Lager. Details Marke: Widmann Warum bei LuxeStyle kaufen? 🇨🇭 Versand aus der Schweiz – Lieferung in nur 1–2 Werktagen (DPD) ↩️ 30 Tage Rückgaberecht 🔒 Kauf auf Rechnung mit Klarna · TWINT · Karten · PayPal · Apple Pay 💬 Schweizer Support: info@luxestyle.ch	https://luxestyle.ch/products/kostum-hosenanzug-fgss3865?variant=56052084507009	https://cdn.shopify.com/s/files/1/0943/6856/3585/files/938650_1_1ed621fa-22dc-445e-b2a5-a328c3798562.jpg?v=1784839968	https://cdn.shopify.com/s/files/1/0943/6856/3585/files/93865-1_2_d72a978c-28e0-4e4f-ab6f-32bae79eb66c.jpg?v=1784941675,https://cdn.shopify.com/s/files/1/0943/6856/3585/files/93865-1_3_3896c7e9-7d6d-4405-adbf-82a26127deda.jpg?v=1784941676,https://cdn.shopify.com/s/files/1/0943/6856/3585/files/93865-1_4_64c0f37a-e616-40af-87f7-51fc1a9b0a46.jpg?v=1784941675,https://cdn.shopify.com/s/files/1/0943/6856/3585/files/93865-2_2_99d68245-9796-483a-bc04-e25b03fdfdb2.jpg?v=1784941676	94.00 CHF	in stock	7		LuxeStyle	new	Kostüme & Verkleidung	1-3 Werktage (Lager Schweiz)
fortura-940350	kostum-hosenanzug-fgss3865	Kostüm Hosenanzug «Good Vibes» · 5 Designs – Flamingo / XXL	Kostüm Hosenanzug – hochwertige Qualität ab Schweizer Lager. Details Marke: Widmann Warum bei LuxeStyle kaufen? 🇨🇭 Versand aus der Schweiz – Lieferung in nur 1–2 Werktagen (DPD) ↩️ 30 Tage Rückgaberecht 🔒 Kauf auf Rechnung mit Klarna · TWINT · Karten · PayPal · Apple Pay 💬 Schweizer Support: info@luxestyle.ch	https://luxestyle.ch/products/kostum-hosenanzug-fgss3865?variant=56052084539777	https://cdn.shopify.com/s/files/1/0943/6856/3585/files/938650_1_1ed621fa-22dc-445e-b2a5-a328c3798562.jpg?v=1784839968	https://cdn.shopify.com/s/files/1/0943/6856/3585/files/93865-1_2_d72a978c-28e0-4e4f-ab6f-32bae79eb66c.jpg?v=1784941675,https://cdn.shopify.com/s/files/1/0943/6856/3585/files/93865-1_3_3896c7e9-7d6d-4405-adbf-82a26127deda.jpg?v=1784941676,https://cdn.shopify.com/s/files/1/0943/6856/3585/files/93865-1_4_64c0f37a-e616-40af-87f7-51fc1a9b0a46.jpg?v=1784941675,https://cdn.shopify.com/s/files/1/0943/6856/3585/files/93865-2_2_99d68245-9796-483a-bc04-e25b03fdfdb2.jpg?v=1784941676	94.00 CHF	in stock	14		LuxeStyle	new	Kostüme & Verkleidung	1-3 Werktage (Lager Schweiz)
fortura-94101-1	kostum-hosenanzug-fgss3865	Kostüm Hosenanzug «Good Vibes» · 5 Designs – Copacabana / S	Kostüm Hosenanzug – hochwertige Qualität ab Schweizer Lager. Details Marke: Widmann Warum bei LuxeStyle kaufen? 🇨🇭 Versand aus der Schweiz – Lieferung in nur 1–2 Werktagen (DPD) ↩️ 30 Tage Rückgaberecht 🔒 Kauf auf Rechnung mit Klarna · TWINT · Karten · PayPal · Apple Pay 💬 Schweizer Support: info@luxestyle.ch	https://luxestyle.ch/products/kostum-hosenanzug-fgss3865?variant=56052084572545	https://cdn.shopify.com/s/files/1/0943/6856/3585/files/938650_1_1ed621fa-22dc-445e-b2a5-a328c3798562.jpg?v=1784839968	https://cdn.shopify.com/s/files/1/0943/6856/3585/files/93865-1_2_d72a978c-28e0-4e4f-ab6f-32bae79eb66c.jpg?v=1784941675,https://cdn.shopify.com/s/files/1/0943/6856/3585/files/93865-1_3_3896c7e9-7d6d-4405-adbf-82a26127deda.jpg?v=1784941676,https://cdn.shopify.com/s/files/1/0943/6856/3585/files/93865-1_4_64c0f37a-e616-40af-87f7-51fc1a9b0a46.jpg?v=1784941675,https://cdn.shopify.com/s/files/1/0943/6856/3585/files/93865-2_2_99d68245-9796-483a-bc04-e25b03fdfdb2.jpg?v=1784941676	88.00 CHF	in stock	14		LuxeStyle	new	Kostüme & Verkleidung	1-3 Werktage (Lager Schweiz)
fortura-94101-2	kostum-hosenanzug-fgss3865	Kostüm Hosenanzug «Good Vibes» · 5 Designs – Copacabana / M	Kostüm Hosenanzug – hochwertige Qualität ab Schweizer Lager. Details Marke: Widmann Warum bei LuxeStyle kaufen? 🇨🇭 Versand aus der Schweiz – Lieferung in nur 1–2 Werktagen (DPD) ↩️ 30 Tage Rückgaberecht 🔒 Kauf auf Rechnung mit Klarna · TWINT · Karten · PayPal · Apple Pay 💬 Schweizer Support: info@luxestyle.ch	https://luxestyle.ch/products/kostum-hosenanzug-fgss3865?variant=56052084605313	https://cdn.shopify.com/s/files/1/0943/6856/3585/files/938650_1_1ed621fa-22dc-445e-b2a5-a328c3798562.jpg?v=1784839968	https://cdn.shopify.com/s/files/1/0943/6856/3585/files/93865-1_2_d72a978c-28e0-4e4f-ab6f-32bae79eb66c.jpg?v=1784941675,https://cdn.shopify.com/s/files/1/0943/6856/3585/files/93865-1_3_3896c7e9-7d6d-4405-adbf-82a26127deda.jpg?v=1784941676,https://cdn.shopify.com/s/files/1/0943/6856/3585/files/93865-1_4_64c0f37a-e616-40af-87f7-51fc1a9b0a46.jpg?v=1784941675,https://cdn.shopify.com/s/files/1/0943/6856/3585/files/93865-2_2_99d68245-9796-483a-bc04-e25b03fdfdb2.jpg?v=1784941676	88.00 CHF	in stock	13		LuxeStyle	new	Kostüme & Verkleidung	1-3 Werktage (Lager Schweiz)
fortura-94101-3	kostum-hosenanzug-fgss3865	Kostüm Hosenanzug «Good Vibes» · 5 Designs – Copacabana / L	Kostüm Hosenanzug – hochwertige Qualität ab Schweizer Lager. Details Marke: Widmann Warum bei LuxeStyle kaufen? 🇨🇭 Versand aus der Schweiz – Lieferung in nur 1–2 Werktagen (DPD) ↩️ 30 Tage Rückgaberecht 🔒 Kauf auf Rechnung mit Klarna · TWINT · Karten · PayPal · Apple Pay 💬 Schweizer Support: info@luxestyle.ch	https://luxestyle.ch/products/kostum-hosenanzug-fgss3865?variant=56052084638081	https://cdn.shopify.com/s/files/1/0943/6856/3585/files/938650_1_1ed621fa-22dc-445e-b2a5-a328c3798562.jpg?v=1784839968	https://cdn.shopify.com/s/files/1/0943/6856/3585/files/93865-1_2_d72a978c-28e0-4e4f-ab6f-32bae79eb66c.jpg?v=1784941675,https://cdn.shopify.com/s/files/1/0943/6856/3585/files/93865-1_3_3896c7e9-7d6d-4405-adbf-82a26127deda.jpg?v=1784941676,https://cdn.shopify.com/s/files/1/0943/6856/3585/files/93865-1_4_64c0f37a-e616-40af-87f7-51fc1a9b0a46.jpg?v=1784941675,https://cdn.shopify.com/s/files/1/0943/6856/3585/files/93865-2_2_99d68245-9796-483a-bc04-e25b03fdfdb2.jpg?v=1784941676	88.00 CHF	in stock	11		LuxeStyle	new	Kostüme & Verkleidung	1-3 Werktage (Lager Schweiz)
fortura-941010	kostum-hosenanzug-fgss3865	Kostüm Hosenanzug «Good Vibes» · 5 Designs – Copacabana / XXL	Kostüm Hosenanzug – hochwertige Qualität ab Schweizer Lager. Details Marke: Widmann Warum bei LuxeStyle kaufen? 🇨🇭 Versand aus der Schweiz – Lieferung in nur 1–2 Werktagen (DPD) ↩️ 30 Tage Rückgaberecht 🔒 Kauf auf Rechnung mit Klarna · TWINT · Karten · PayPal · Apple Pay 💬 Schweizer Support: info@luxestyle.ch	https://luxestyle.ch/products/kostum-hosenanzug-fgss3865?variant=56052084670849	https://cdn.shopify.com/s/files/1/0943/6856/3585/files/938650_1_1ed621fa-22dc-445e-b2a5-a328c3798562.jpg?v=1784839968	https://cdn.shopify.com/s/files/1/0943/6856/3585/files/93865-1_2_d72a978c-28e0-4e4f-ab6f-32bae79eb66c.jpg?v=1784941675,https://cdn.shopify.com/s/files/1/0943/6856/3585/files/93865-1_3_3896c7e9-7d6d-4405-adbf-82a26127deda.jpg?v=1784941676,https://cdn.shopify.com/s/files/1/0943/6856/3585/files/93865-1_4_64c0f37a-e616-40af-87f7-51fc1a9b0a46.jpg?v=1784941675,https://cdn.shopify.com/s/files/1/0943/6856/3585/files/93865-2_2_99d68245-9796-483a-bc04-e25b03fdfdb2.jpg?v=1784941676	94.00 CHF	in stock	19		LuxeStyle	new	Kostüme & Verkleidung	1-3 Werktage (Lager Schweiz)
fortura-93970-2	jacke-80er-jahre-fgss3970	Jacke 80er Jahre – M	Jacke 80er Jahre – hochwertige Qualität ab Schweizer Lager. Details Marke: Widmann Warum bei LuxeStyle kaufen? 🇨🇭 Versand aus der Schweiz – Lieferung in nur 1–2 Werktagen (DPD) ↩️ 30 Tage Rückgaberecht 🔒 Kauf auf Rechnung mit Klarna · TWINT · Karten · PayPal · Apple Pay 💬 Schweizer Support: info@luxestyle.ch	https://luxestyle.ch/products/jacke-80er-jahre-fgss3970?variant=55970715435393	https://cdn.shopify.com/s/files/1/0943/6856/3585/files/93970-2_2_62a2e35a-0c7e-4491-bf5e-44c1c522c666.jpg?v=1784941681	https://cdn.shopify.com/s/files/1/0943/6856/3585/files/939700_1_ec929c82-83a1-4498-8aa0-f6d247684aa9.jpg?v=1784839970,https://cdn.shopify.com/s/files/1/0943/6856/3585/files/93970-2_3_e20a8727-bb0a-46ba-ba3c-89e4ac97099f.jpg?v=1784941683,https://cdn.shopify.com/s/files/1/0943/6856/3585/files/93970-3_2_7d4b35a2-c740-4924-b554-63a676ee860d.jpg?v=1784941682,https://cdn.shopify.com/s/files/1/0943/6856/3585/files/93970-3_3_32cb0406-0027-492f-80f2-cf38e00ad3d9.jpg?v=1784941682	68.00 CHF	in stock	16	8003558397020	LuxeStyle	new	Kostüme & Verkleidung	1-3 Werktage (Lager Schweiz)
fortura-93970-3	jacke-80er-jahre-fgss3970	Jacke 80er Jahre – L	Jacke 80er Jahre – hochwertige Qualität ab Schweizer Lager. Details Marke: Widmann Warum bei LuxeStyle kaufen? 🇨🇭 Versand aus der Schweiz – Lieferung in nur 1–2 Werktagen (DPD) ↩️ 30 Tage Rückgaberecht 🔒 Kauf auf Rechnung mit Klarna · TWINT · Karten · PayPal · Apple Pay 💬 Schweizer Support: info@luxestyle.ch	https://luxestyle.ch/products/jacke-80er-jahre-fgss3970?variant=55970715468161	https://cdn.shopify.com/s/files/1/0943/6856/3585/files/93970-2_2_62a2e35a-0c7e-4491-bf5e-44c1c522c666.jpg?v=1784941681	https://cdn.shopify.com/s/files/1/0943/6856/3585/files/939700_1_ec929c82-83a1-4498-8aa0-f6d247684aa9.jpg?v=1784839970,https://cdn.shopify.com/s/files/1/0943/6856/3585/files/93970-2_3_e20a8727-bb0a-46ba-ba3c-89e4ac97099f.jpg?v=1784941683,https://cdn.shopify.com/s/files/1/0943/6856/3585/files/93970-3_2_7d4b35a2-c740-4924-b554-63a676ee860d.jpg?v=1784941682,https://cdn.shopify.com/s/files/1/0943/6856/3585/files/93970-3_3_32cb0406-0027-492f-80f2-cf38e00ad3d9.jpg?v=1784941682	68.00 CHF	in stock	4	8003558397037	LuxeStyle	new	Kostüme & Verkleidung	1-3 Werktage (Lager Schweiz)
fortura-93970-4	jacke-80er-jahre-fgss3970	Jacke 80er Jahre – XL	Jacke 80er Jahre – hochwertige Qualität ab Schweizer Lager. Details Marke: Widmann Warum bei LuxeStyle kaufen? 🇨🇭 Versand aus der Schweiz – Lieferung in nur 1–2 Werktagen (DPD) ↩️ 30 Tage Rückgaberecht 🔒 Kauf auf Rechnung mit Klarna · TWINT · Karten · PayPal · Apple Pay 💬 Schweizer Support: info@luxestyle.ch	https://luxestyle.ch/products/jacke-80er-jahre-fgss3970?variant=55970715500929	https://cdn.shopify.com/s/files/1/0943/6856/3585/files/93970-2_2_62a2e35a-0c7e-4491-bf5e-44c1c522c666.jpg?v=1784941681	https://cdn.shopify.com/s/files/1/0943/6856/3585/files/939700_1_ec929c82-83a1-4498-8aa0-f6d247684aa9.jpg?v=1784839970,https://cdn.shopify.com/s/files/1/0943/6856/3585/files/93970-2_3_e20a8727-bb0a-46ba-ba3c-89e4ac97099f.jpg?v=1784941683,https://cdn.shopify.com/s/files/1/0943/6856/3585/files/93970-3_2_7d4b35a2-c740-4924-b554-63a676ee860d.jpg?v=1784941682,https://cdn.shopify.com/s/files/1/0943/6856/3585/files/93970-3_3_32cb0406-0027-492f-80f2-cf38e00ad3d9.jpg?v=1784941682	72.00 CHF	in stock	3	8003558397044	LuxeStyle	new	Kostüme & Verkleidung	1-3 Werktage (Lager Schweiz)
fortura-939700	jacke-80er-jahre-fgss3970	Jacke 80er Jahre – XXL	Jacke 80er Jahre – hochwertige Qualität ab Schweizer Lager. Details Marke: Widmann Warum bei LuxeStyle kaufen? 🇨🇭 Versand aus der Schweiz – Lieferung in nur 1–2 Werktagen (DPD) ↩️ 30 Tage Rückgaberecht 🔒 Kauf auf Rechnung mit Klarna · TWINT · Karten · PayPal · Apple Pay 💬 Schweizer Support: info@luxestyle.ch	https://luxestyle.ch/products/jacke-80er-jahre-fgss3970?variant=55970715533697	https://cdn.shopify.com/s/files/1/0943/6856/3585/files/93970-2_2_62a2e35a-0c7e-4491-bf5e-44c1c522c666.jpg?v=1784941681	https://cdn.shopify.com/s/files/1/0943/6856/3585/files/939700_1_ec929c82-83a1-4498-8aa0-f6d247684aa9.jpg?v=1784839970,https://cdn.shopify.com/s/files/1/0943/6856/3585/files/93970-2_3_e20a8727-bb0a-46ba-ba3c-89e4ac97099f.jpg?v=1784941683,https://cdn.shopify.com/s/files/1/0943/6856/3585/files/93970-3_2_7d4b35a2-c740-4924-b554-63a676ee860d.jpg?v=1784941682,https://cdn.shopify.com/s/files/1/0943/6856/3585/files/93970-3_3_32cb0406-0027-492f-80f2-cf38e00ad3d9.jpg?v=1784941682	72.00 CHF	in stock	13	8003558397006	LuxeStyle	new	Kostüme & Verkleidung	1-3 Werktage (Lager Schweiz)
fortura-932007	hemd-geister-neon-fga932007	Hemd Geister neon	Hemd Geister neon – hochwertige Qualität ab Schweizer Lager. Details Marke: Widmann Warum bei LuxeStyle kaufen? 🇨🇭 Versand aus der Schweiz – Lieferung in nur 1–2 Werktagen (DPD) ↩️ 30 Tage Rückgaberecht 🔒 Kauf auf Rechnung mit Klarna · TWINT · Karten · PayPal · Apple Pay 💬 Schweizer Support: info@luxestyle.ch	https://luxestyle.ch/products/hemd-geister-neon-fga932007?variant=55970715664769	https://cdn.shopify.com/s/files/1/0943/6856/3585/files/932007_1_a2ff90bd-0602-4c4e-af96-e6d12369b467.jpg?v=1784839972		48.00 CHF	in stock	12	8003558320073	LuxeStyle	new	Kostüme & Verkleidung	1-3 Werktage (Lager Schweiz)
fortura-94081-1	jacke-party-fashion-fgss4081	Jacke Party Fashion – S	Jacke Party Fashion – hochwertige Qualität ab Schweizer Lager. Details Marke: Widmann Warum bei LuxeStyle kaufen? 🇨🇭 Versand aus der Schweiz – Lieferung in nur 1–2 Werktagen (DPD) ↩️ 30 Tage Rückgaberecht 🔒 Kauf auf Rechnung mit Klarna · TWINT · Karten · PayPal · Apple Pay 💬 Schweizer Support: info@luxestyle.ch	https://luxestyle.ch/products/jacke-party-fashion-fgss4081?variant=55970715861377	https://cdn.shopify.com/s/files/1/0943/6856/3585/files/940810_1_fe799709-9f87-4512-83fe-94c54fdc6f0a.jpg?v=1784839975	https://cdn.shopify.com/s/files/1/0943/6856/3585/files/94081-1_2.jpg?v=1784941692,https://cdn.shopify.com/s/files/1/0943/6856/3585/files/94081-1_3.jpg?v=1784941692,https://cdn.shopify.com/s/files/1/0943/6856/3585/files/94081-1_4.jpg?v=1784941691,https://cdn.shopify.com/s/files/1/0943/6856/3585/files/94081-2_2.jpg?v=1784941691	68.00 CHF	in stock	16	8003558408115	LuxeStyle	new	Kostüme & Verkleidung	1-3 Werktage (Lager Schweiz)
fortura-94081-2	jacke-party-fashion-fgss4081	Jacke Party Fashion – M	Jacke Party Fashion – hochwertige Qualität ab Schweizer Lager. Details Marke: Widmann Warum bei LuxeStyle kaufen? 🇨🇭 Versand aus der Schweiz – Lieferung in nur 1–2 Werktagen (DPD) ↩️ 30 Tage Rückgaberecht 🔒 Kauf auf Rechnung mit Klarna · TWINT · Karten · PayPal · Apple Pay 💬 Schweizer Support: info@luxestyle.ch	https://luxestyle.ch/products/jacke-party-fashion-fgss4081?variant=55970715894145	https://cdn.shopify.com/s/files/1/0943/6856/3585/files/940810_1_fe799709-9f87-4512-83fe-94c54fdc6f0a.jpg?v=1784839975	https://cdn.shopify.com/s/files/1/0943/6856/3585/files/94081-1_2.jpg?v=1784941692,https://cdn.shopify.com/s/files/1/0943/6856/3585/files/94081-1_3.jpg?v=1784941692,https://cdn.shopify.com/s/files/1/0943/6856/3585/files/94081-1_4.jpg?v=1784941691,https://cdn.shopify.com/s/files/1/0943/6856/3585/files/94081-2_2.jpg?v=1784941691	68.00 CHF	in stock	15	8003558408122	LuxeStyle	new	Kostüme & Verkleidung	1-3 Werktage (Lager Schweiz)
fortura-94081-3	jacke-party-fashion-fgss4081	Jacke Party Fashion – L	Jacke Party Fashion – hochwertige Qualität ab Schweizer Lager. Details Marke: Widmann Warum bei LuxeStyle kaufen? 🇨🇭 Versand aus der Schweiz – Lieferung in nur 1–2 Werktagen (DPD) ↩️ 30 Tage Rückgaberecht 🔒 Kauf auf Rechnung mit Klarna · TWINT · Karten · PayPal · Apple Pay 💬 Schweizer Support: info@luxestyle.ch	https://luxestyle.ch/products/jacke-party-fashion-fgss4081?variant=55970715926913	https://cdn.shopify.com/s/files/1/0943/6856/3585/files/940810_1_fe799709-9f87-4512-83fe-94c54fdc6f0a.jpg?v=1784839975	https://cdn.shopify.com/s/files/1/0943/6856/3585/files/94081-1_2.jpg?v=1784941692,https://cdn.shopify.com/s/files/1/0943/6856/3585/files/94081-1_3.jpg?v=1784941692,https://cdn.shopify.com/s/files/1/0943/6856/3585/files/94081-1_4.jpg?v=1784941691,https://cdn.shopify.com/s/files/1/0943/6856/3585/files/94081-2_2.jpg?v=1784941691	68.00 CHF	in stock	14	8003558408139	LuxeStyle	new	Kostüme & Verkleidung	1-3 Werktage (Lager Schweiz)
fortura-94081-4	jacke-party-fashion-fgss4081	Jacke Party Fashion – XL	Jacke Party Fashion – hochwertige Qualität ab Schweizer Lager. Details Marke: Widmann Warum bei LuxeStyle kaufen? 🇨🇭 Versand aus der Schweiz – Lieferung in nur 1–2 Werktagen (DPD) ↩️ 30 Tage Rückgaberecht 🔒 Kauf auf Rechnung mit Klarna · TWINT · Karten · PayPal · Apple Pay 💬 Schweizer Support: info@luxestyle.ch	https://luxestyle.ch/products/jacke-party-fashion-fgss4081?variant=55970715959681	https://cdn.shopify.com/s/files/1/0943/6856/3585/files/940810_1_fe799709-9f87-4512-83fe-94c54fdc6f0a.jpg?v=1784839975	https://cdn.shopify.com/s/files/1/0943/6856/3585/files/94081-1_2.jpg?v=1784941692,https://cdn.shopify.com/s/files/1/0943/6856/3585/files/94081-1_3.jpg?v=1784941692,https://cdn.shopify.com/s/files/1/0943/6856/3585/files/94081-1_4.jpg?v=1784941691,https://cdn.shopify.com/s/files/1/0943/6856/3585/files/94081-2_2.jpg?v=1784941691	68.00 CHF	in stock	11	8003558408146	LuxeStyle	new	Kostüme & Verkleidung	1-3 Werktage (Lager Schweiz)
fortura-940810	jacke-party-fashion-fgss4081	Jacke Party Fashion – XXL	Jacke Party Fashion – hochwertige Qualität ab Schweizer Lager. Details Marke: Widmann Warum bei LuxeStyle kaufen? 🇨🇭 Versand aus der Schweiz – Lieferung in nur 1–2 Werktagen (DPD) ↩️ 30 Tage Rückgaberecht 🔒 Kauf auf Rechnung mit Klarna · TWINT · Karten · PayPal · Apple Pay 💬 Schweizer Support: info@luxestyle.ch	https://luxestyle.ch/products/jacke-party-fashion-fgss4081?variant=55970715992449	https://cdn.shopify.com/s/files/1/0943/6856/3585/files/940810_1_fe799709-9f87-4512-83fe-94c54fdc6f0a.jpg?v=1784839975	https://cdn.shopify.com/s/files/1/0943/6856/3585/files/94081-1_2.jpg?v=1784941692,https://cdn.shopify.com/s/files/1/0943/6856/3585/files/94081-1_3.jpg?v=1784941692,https://cdn.shopify.com/s/files/1/0943/6856/3585/files/94081-1_4.jpg?v=1784941691,https://cdn.shopify.com/s/files/1/0943/6856/3585/files/94081-2_2.jpg?v=1784941691	68.00 CHF	in stock	17	8003558408108	LuxeStyle	new	Kostüme & Verkleidung	1-3 Werktage (Lager Schweiz)
fortura-98918-3	kostum-arabischer-prinz-fgss891	Kostüm Arabischer Prinz	Kostüm mit Weste, Gürtel und Kopfteil Details Marke: Widmann Farbe: weiss Anlass: Fasnacht Lieferumfang: Kostüm mit Weste, Gürtel und Kopfteil Warum bei LuxeStyle kaufen? 🇨🇭 Versand aus der Schweiz – Lieferung in nur 1–2 Werktagen (DPD) ↩️ 30 Tage Rückgaberecht 🔒 Kauf auf Rechnung mit Klarna · TWINT · Karten · PayPal · Apple Pay 💬 Schweizer Support: info@luxestyle.ch	https://luxestyle.ch/products/kostum-arabischer-prinz-fgss891?variant=55970717663617	https://cdn.shopify.com/s/files/1/0943/6856/3585/files/98918-2_1.jpg?v=1784839994	https://cdn.shopify.com/s/files/1/0943/6856/3585/files/98918-3_2.jpg?v=1784941734	75.00 CHF	in stock	1	8003558891832	LuxeStyle	new	Kostüme & Verkleidung	1-3 Werktage (Lager Schweiz)
fortura-94011-1	kostum-boser-clown-fgss4011	Kostüm Böser Clown · Erwachsenengrösse – S	Kostüm Böser Clown – hochwertige Qualität ab Schweizer Lager. Details Marke: Widmann Warum bei LuxeStyle kaufen? 🇨🇭 Versand aus der Schweiz – Lieferung in nur 1–2 Werktagen (DPD) ↩️ 30 Tage Rückgaberecht 🔒 Kauf auf Rechnung mit Klarna · TWINT · Karten · PayPal · Apple Pay 💬 Schweizer Support: info@luxestyle.ch	https://luxestyle.ch/products/kostum-boser-clown-fgss4011?variant=55970717696385	https://cdn.shopify.com/s/files/1/0943/6856/3585/files/940110_1_5e1a938c-083a-4aeb-b2cf-70d9a4f02db7.jpg?v=1784839995	https://cdn.shopify.com/s/files/1/0943/6856/3585/files/94011-1_2_56987014-b693-46bb-bc52-9674420dfa37.jpg?v=1784941738,https://cdn.shopify.com/s/files/1/0943/6856/3585/files/94011-1_3_3f738db2-8755-46a5-b2d1-2211499d6019.jpg?v=1784941737,https://cdn.shopify.com/s/files/1/0943/6856/3585/files/94011-2_2_eb36642d-f3f3-49e1-9885-001caf41aac7.jpg?v=1784941738,https://cdn.shopify.com/s/files/1/0943/6856/3585/files/94011-2_3_65420372-1171-4e1e-8468-374eeb25d855.jpg?v=1784941737	71.90 CHF	in stock	7	8003558401116	LuxeStyle	new	Kostüme & Verkleidung	1-3 Werktage (Lager Schweiz)
fortura-94011-2	kostum-boser-clown-fgss4011	Kostüm Böser Clown · Erwachsenengrösse – M	Kostüm Böser Clown – hochwertige Qualität ab Schweizer Lager. Details Marke: Widmann Warum bei LuxeStyle kaufen? 🇨🇭 Versand aus der Schweiz – Lieferung in nur 1–2 Werktagen (DPD) ↩️ 30 Tage Rückgaberecht 🔒 Kauf auf Rechnung mit Klarna · TWINT · Karten · PayPal · Apple Pay 💬 Schweizer Support: info@luxestyle.ch	https://luxestyle.ch/products/kostum-boser-clown-fgss4011?variant=55970717729153	https://cdn.shopify.com/s/files/1/0943/6856/3585/files/940110_1_5e1a938c-083a-4aeb-b2cf-70d9a4f02db7.jpg?v=1784839995	https://cdn.shopify.com/s/files/1/0943/6856/3585/files/94011-1_2_56987014-b693-46bb-bc52-9674420dfa37.jpg?v=1784941738,https://cdn.shopify.com/s/files/1/0943/6856/3585/files/94011-1_3_3f738db2-8755-46a5-b2d1-2211499d6019.jpg?v=1784941737,https://cdn.shopify.com/s/files/1/0943/6856/3585/files/94011-2_2_eb36642d-f3f3-49e1-9885-001caf41aac7.jpg?v=1784941738,https://cdn.shopify.com/s/files/1/0943/6856/3585/files/94011-2_3_65420372-1171-4e1e-8468-374eeb25d855.jpg?v=1784941737	71.90 CHF	in stock	4	8003558401123	LuxeStyle	new	Kostüme & Verkleidung	1-3 Werktage (Lager Schweiz)
fortura-94011-3	kostum-boser-clown-fgss4011	Kostüm Böser Clown · Erwachsenengrösse – L	Kostüm Böser Clown – hochwertige Qualität ab Schweizer Lager. Details Marke: Widmann Warum bei LuxeStyle kaufen? 🇨🇭 Versand aus der Schweiz – Lieferung in nur 1–2 Werktagen (DPD) ↩️ 30 Tage Rückgaberecht 🔒 Kauf auf Rechnung mit Klarna · TWINT · Karten · PayPal · Apple Pay 💬 Schweizer Support: info@luxestyle.ch	https://luxestyle.ch/products/kostum-boser-clown-fgss4011?variant=55970717761921	https://cdn.shopify.com/s/files/1/0943/6856/3585/files/940110_1_5e1a938c-083a-4aeb-b2cf-70d9a4f02db7.jpg?v=1784839995	https://cdn.shopify.com/s/files/1/0943/6856/3585/files/94011-1_2_56987014-b693-46bb-bc52-9674420dfa37.jpg?v=1784941738,https://cdn.shopify.com/s/files/1/0943/6856/3585/files/94011-1_3_3f738db2-8755-46a5-b2d1-2211499d6019.jpg?v=1784941737,https://cdn.shopify.com/s/files/1/0943/6856/3585/files/94011-2_2_eb36642d-f3f3-49e1-9885-001caf41aac7.jpg?v=1784941738,https://cdn.shopify.com/s/files/1/0943/6856/3585/files/94011-2_3_65420372-1171-4e1e-8468-374eeb25d855.jpg?v=1784941737	71.90 CHF	in stock	2	8003558401130	LuxeStyle	new	Kostüme & Verkleidung	1-3 Werktage (Lager Schweiz)
fortura-94011-4	kostum-boser-clown-fgss4011	Kostüm Böser Clown · Erwachsenengrösse – XL	Kostüm Böser Clown – hochwertige Qualität ab Schweizer Lager. Details Marke: Widmann Warum bei LuxeStyle kaufen? 🇨🇭 Versand aus der Schweiz – Lieferung in nur 1–2 Werktagen (DPD) ↩️ 30 Tage Rückgaberecht 🔒 Kauf auf Rechnung mit Klarna · TWINT · Karten · PayPal · Apple Pay 💬 Schweizer Support: info@luxestyle.ch	https://luxestyle.ch/products/kostum-boser-clown-fgss4011?variant=55970717794689	https://cdn.shopify.com/s/files/1/0943/6856/3585/files/940110_1_5e1a938c-083a-4aeb-b2cf-70d9a4f02db7.jpg?v=1784839995	https://cdn.shopify.com/s/files/1/0943/6856/3585/files/94011-1_2_56987014-b693-46bb-bc52-9674420dfa37.jpg?v=1784941738,https://cdn.shopify.com/s/files/1/0943/6856/3585/files/94011-1_3_3f738db2-8755-46a5-b2d1-2211499d6019.jpg?v=1784941737,https://cdn.shopify.com/s/files/1/0943/6856/3585/files/94011-2_2_eb36642d-f3f3-49e1-9885-001caf41aac7.jpg?v=1784941738,https://cdn.shopify.com/s/files/1/0943/6856/3585/files/94011-2_3_65420372-1171-4e1e-8468-374eeb25d855.jpg?v=1784941737	71.90 CHF	in stock	4	8003558401147	LuxeStyle	new	Kostüme & Verkleidung	1-3 Werktage (Lager Schweiz)
fortura-940110	kostum-boser-clown-fgss4011	Kostüm Böser Clown · Erwachsenengrösse – XXL	Kostüm Böser Clown – hochwertige Qualität ab Schweizer Lager. Details Marke: Widmann Warum bei LuxeStyle kaufen? 🇨🇭 Versand aus der Schweiz – Lieferung in nur 1–2 Werktagen (DPD) ↩️ 30 Tage Rückgaberecht 🔒 Kauf auf Rechnung mit Klarna · TWINT · Karten · PayPal · Apple Pay 💬 Schweizer Support: info@luxestyle.ch	https://luxestyle.ch/products/kostum-boser-clown-fgss4011?variant=55970717827457	https://cdn.shopify.com/s/files/1/0943/6856/3585/files/940110_1_5e1a938c-083a-4aeb-b2cf-70d9a4f02db7.jpg?v=1784839995	https://cdn.shopify.com/s/files/1/0943/6856/3585/files/94011-1_2_56987014-b693-46bb-bc52-9674420dfa37.jpg?v=1784941738,https://cdn.shopify.com/s/files/1/0943/6856/3585/files/94011-1_3_3f738db2-8755-46a5-b2d1-2211499d6019.jpg?v=1784941737,https://cdn.shopify.com/s/files/1/0943/6856/3585/files/94011-2_2_eb36642d-f3f3-49e1-9885-001caf41aac7.jpg?v=1784941738,https://cdn.shopify.com/s/files/1/0943/6856/3585/files/94011-2_3_65420372-1171-4e1e-8468-374eeb25d855.jpg?v=1784941737	71.90 CHF	in stock	9	8003558401109	LuxeStyle	new	Kostüme & Verkleidung	1-3 Werktage (Lager Schweiz)
fortura-94026-1	veste-party-fashion-fgss4026	Veste Party Fashion – S	Veste Party Fashion – hochwertige Qualität ab Schweizer Lager. Details Marke: Widmann Warum bei LuxeStyle kaufen? 🇨🇭 Versand aus der Schweiz – Lieferung in nur 1–2 Werktagen (DPD) ↩️ 30 Tage Rückgaberecht 🔒 Kauf auf Rechnung mit Klarna · TWINT · Karten · PayPal · Apple Pay 💬 Schweizer Support: info@luxestyle.ch	https://luxestyle.ch/products/veste-party-fashion-fgss4026?variant=55970718056833	https://cdn.shopify.com/s/files/1/0943/6856/3585/files/940260_1_582197d5-1651-4078-abaa-db86bb276f4b.jpg?v=1784839999	https://cdn.shopify.com/s/files/1/0943/6856/3585/files/94026-1_2.jpg?v=1784941746,https://cdn.shopify.com/s/files/1/0943/6856/3585/files/94026-1_3.jpg?v=1784941746,https://cdn.shopify.com/s/files/1/0943/6856/3585/files/94026-1_4.jpg?v=1784941745,https://cdn.shopify.com/s/files/1/0943/6856/3585/files/94026-2_2.jpg?v=1784941745	68.00 CHF	in stock	16	8003558402618	LuxeStyle	new	Kostüme & Verkleidung	1-3 Werktage (Lager Schweiz)
fortura-94026-2	veste-party-fashion-fgss4026	Veste Party Fashion – M	Veste Party Fashion – hochwertige Qualität ab Schweizer Lager. Details Marke: Widmann Warum bei LuxeStyle kaufen? 🇨🇭 Versand aus der Schweiz – Lieferung in nur 1–2 Werktagen (DPD) ↩️ 30 Tage Rückgaberecht 🔒 Kauf auf Rechnung mit Klarna · TWINT · Karten · PayPal · Apple Pay 💬 Schweizer Support: info@luxestyle.ch	https://luxestyle.ch/products/veste-party-fashion-fgss4026?variant=55970718089601	https://cdn.shopify.com/s/files/1/0943/6856/3585/files/940260_1_582197d5-1651-4078-abaa-db86bb276f4b.jpg?v=1784839999	https://cdn.shopify.com/s/files/1/0943/6856/3585/files/94026-1_2.jpg?v=1784941746,https://cdn.shopify.com/s/files/1/0943/6856/3585/files/94026-1_3.jpg?v=1784941746,https://cdn.shopify.com/s/files/1/0943/6856/3585/files/94026-1_4.jpg?v=1784941745,https://cdn.shopify.com/s/files/1/0943/6856/3585/files/94026-2_2.jpg?v=1784941745	68.00 CHF	in stock	15	8003558402625	LuxeStyle	new	Kostüme & Verkleidung	1-3 Werktage (Lager Schweiz)
fortura-94026-3	veste-party-fashion-fgss4026	Veste Party Fashion – L	Veste Party Fashion – hochwertige Qualität ab Schweizer Lager. Details Marke: Widmann Warum bei LuxeStyle kaufen? 🇨🇭 Versand aus der Schweiz – Lieferung in nur 1–2 Werktagen (DPD) ↩️ 30 Tage Rückgaberecht 🔒 Kauf auf Rechnung mit Klarna · TWINT · Karten · PayPal · Apple Pay 💬 Schweizer Support: info@luxestyle.ch	https://luxestyle.ch/products/veste-party-fashion-fgss4026?variant=55970718122369	https://cdn.shopify.com/s/files/1/0943/6856/3585/files/940260_1_582197d5-1651-4078-abaa-db86bb276f4b.jpg?v=1784839999	https://cdn.shopify.com/s/files/1/0943/6856/3585/files/94026-1_2.jpg?v=1784941746,https://cdn.shopify.com/s/files/1/0943/6856/3585/files/94026-1_3.jpg?v=1784941746,https://cdn.shopify.com/s/files/1/0943/6856/3585/files/94026-1_4.jpg?v=1784941745,https://cdn.shopify.com/s/files/1/0943/6856/3585/files/94026-2_2.jpg?v=1784941745	68.00 CHF	in stock	17	8003558402632	LuxeStyle	new	Kostüme & Verkleidung	1-3 Werktage (Lager Schweiz)
fortura-94026-4	veste-party-fashion-fgss4026	Veste Party Fashion – XL	Veste Party Fashion – hochwertige Qualität ab Schweizer Lager. Details Marke: Widmann Warum bei LuxeStyle kaufen? 🇨🇭 Versand aus der Schweiz – Lieferung in nur 1–2 Werktagen (DPD) ↩️ 30 Tage Rückgaberecht 🔒 Kauf auf Rechnung mit Klarna · TWINT · Karten · PayPal · Apple Pay 💬 Schweizer Support: info@luxestyle.ch	https://luxestyle.ch/products/veste-party-fashion-fgss4026?variant=55970718155137	https://cdn.shopify.com/s/files/1/0943/6856/3585/files/940260_1_582197d5-1651-4078-abaa-db86bb276f4b.jpg?v=1784839999	https://cdn.shopify.com/s/files/1/0943/6856/3585/files/94026-1_2.jpg?v=1784941746,https://cdn.shopify.com/s/files/1/0943/6856/3585/files/94026-1_3.jpg?v=1784941746,https://cdn.shopify.com/s/files/1/0943/6856/3585/files/94026-1_4.jpg?v=1784941745,https://cdn.shopify.com/s/files/1/0943/6856/3585/files/94026-2_2.jpg?v=1784941745	68.00 CHF	in stock	13	8003558402649	LuxeStyle	new	Kostüme & Verkleidung	1-3 Werktage (Lager Schweiz)
fortura-940260	veste-party-fashion-fgss4026	Veste Party Fashion – XXL	Veste Party Fashion – hochwertige Qualität ab Schweizer Lager. Details Marke: Widmann Warum bei LuxeStyle kaufen? 🇨🇭 Versand aus der Schweiz – Lieferung in nur 1–2 Werktagen (DPD) ↩️ 30 Tage Rückgaberecht 🔒 Kauf auf Rechnung mit Klarna · TWINT · Karten · PayPal · Apple Pay 💬 Schweizer Support: info@luxestyle.ch	https://luxestyle.ch/products/veste-party-fashion-fgss4026?variant=55970718187905	https://cdn.shopify.com/s/files/1/0943/6856/3585/files/940260_1_582197d5-1651-4078-abaa-db86bb276f4b.jpg?v=1784839999	https://cdn.shopify.com/s/files/1/0943/6856/3585/files/94026-1_2.jpg?v=1784941746,https://cdn.shopify.com/s/files/1/0943/6856/3585/files/94026-1_3.jpg?v=1784941746,https://cdn.shopify.com/s/files/1/0943/6856/3585/files/94026-1_4.jpg?v=1784941745,https://cdn.shopify.com/s/files/1/0943/6856/3585/files/94026-2_2.jpg?v=1784941745	68.00 CHF	in stock	13	8003558402601	LuxeStyle	new	Kostüme & Verkleidung	1-3 Werktage (Lager Schweiz)
fortura-99719-3	trainer-bier-fgss9719	Trainer Bier – L	Trainer Bier – hochwertige Qualität ab Schweizer Lager. Details Marke: Widmann Warum bei LuxeStyle kaufen? 🇨🇭 Versand aus der Schweiz – Lieferung in nur 1–2 Werktagen (DPD) ↩️ 30 Tage Rückgaberecht 🔒 Kauf auf Rechnung mit Klarna · TWINT · Karten · PayPal · Apple Pay 💬 Schweizer Support: info@luxestyle.ch	https://luxestyle.ch/products/trainer-bier-fgss9719?variant=55970723463553	https://cdn.shopify.com/s/files/1/0943/6856/3585/files/99719-3_2.jpg?v=1784941772	https://cdn.shopify.com/s/files/1/0943/6856/3585/files/997190_1_fdaff80f-76f4-4ac0-aa66-3ecef18b422e.jpg?v=1784840305,https://cdn.shopify.com/s/files/1/0943/6856/3585/files/99719-3_3.jpg?v=1784941772,https://cdn.shopify.com/s/files/1/0943/6856/3585/files/99719-3_4.jpg?v=1784941772,https://cdn.shopify.com/s/files/1/0943/6856/3585/files/99719-4_2.jpg?v=1784941772	58.00 CHF	in stock	6	8003558971930	LuxeStyle	new	Kostüme & Verkleidung	1-3 Werktage (Lager Schweiz)
fortura-99719-4	trainer-bier-fgss9719	Trainer Bier – XL	Trainer Bier – hochwertige Qualität ab Schweizer Lager. Details Marke: Widmann Warum bei LuxeStyle kaufen? 🇨🇭 Versand aus der Schweiz – Lieferung in nur 1–2 Werktagen (DPD) ↩️ 30 Tage Rückgaberecht 🔒 Kauf auf Rechnung mit Klarna · TWINT · Karten · PayPal · Apple Pay 💬 Schweizer Support: info@luxestyle.ch	https://luxestyle.ch/products/trainer-bier-fgss9719?variant=55970723496321	https://cdn.shopify.com/s/files/1/0943/6856/3585/files/99719-3_2.jpg?v=1784941772	https://cdn.shopify.com/s/files/1/0943/6856/3585/files/997190_1_fdaff80f-76f4-4ac0-aa66-3ecef18b422e.jpg?v=1784840305,https://cdn.shopify.com/s/files/1/0943/6856/3585/files/99719-3_3.jpg?v=1784941772,https://cdn.shopify.com/s/files/1/0943/6856/3585/files/99719-3_4.jpg?v=1784941772,https://cdn.shopify.com/s/files/1/0943/6856/3585/files/99719-4_2.jpg?v=1784941772	58.00 CHF	in stock	28	8003558971947	LuxeStyle	new	Kostüme & Verkleidung	1-3 Werktage (Lager Schweiz)
fortura-997190	trainer-bier-fgss9719	Trainer Bier – XXL	Trainer Bier – hochwertige Qualität ab Schweizer Lager. Details Marke: Widmann Warum bei LuxeStyle kaufen? 🇨🇭 Versand aus der Schweiz – Lieferung in nur 1–2 Werktagen (DPD) ↩️ 30 Tage Rückgaberecht 🔒 Kauf auf Rechnung mit Klarna · TWINT · Karten · PayPal · Apple Pay 💬 Schweizer Support: info@luxestyle.ch	https://luxestyle.ch/products/trainer-bier-fgss9719?variant=55970723529089	https://cdn.shopify.com/s/files/1/0943/6856/3585/files/99719-3_2.jpg?v=1784941772	https://cdn.shopify.com/s/files/1/0943/6856/3585/files/997190_1_fdaff80f-76f4-4ac0-aa66-3ecef18b422e.jpg?v=1784840305,https://cdn.shopify.com/s/files/1/0943/6856/3585/files/99719-3_3.jpg?v=1784941772,https://cdn.shopify.com/s/files/1/0943/6856/3585/files/99719-3_4.jpg?v=1784941772,https://cdn.shopify.com/s/files/1/0943/6856/3585/files/99719-4_2.jpg?v=1784941772	58.00 CHF	in stock	6	8003558971909	LuxeStyle	new	Kostüme & Verkleidung	1-3 Werktage (Lager Schweiz)
fortura-94969-2	piraten-paradefrack-fur-damen-fgss4969	Piraten Paradefrack für Damen – M	Piraten Paradefrack für Damen – hochwertige Qualität ab Schweizer Lager. Details Marke: Widmann Warum bei LuxeStyle kaufen? 🇨🇭 Versand aus der Schweiz – Lieferung in nur 1–2 Werktagen (DPD) ↩️ 30 Tage Rückgaberecht 🔒 Kauf auf Rechnung mit Klarna · TWINT · Karten · PayPal · Apple Pay 💬 Schweizer Support: info@luxestyle.ch	https://luxestyle.ch/products/piraten-paradefrack-fur-damen-fgss4969?variant=55970724249985	https://cdn.shopify.com/s/files/1/0943/6856/3585/files/949690_1_43f69a03-df04-4ed1-95eb-ffee0f0721fa.jpg?v=1784840312	https://cdn.shopify.com/s/files/1/0943/6856/3585/files/94969-2_2.jpg?v=1784941789,https://cdn.shopify.com/s/files/1/0943/6856/3585/files/94969-2_3.jpg?v=1784941789,https://cdn.shopify.com/s/files/1/0943/6856/3585/files/94969-4_2.jpg?v=1784941789,https://cdn.shopify.com/s/files/1/0943/6856/3585/files/94969-4_3.jpg?v=1784941790	118.00 CHF	in stock	12	8003558496921	LuxeStyle	new	Kostüme & Verkleidung	1-3 Werktage (Lager Schweiz)
fortura-94969-4	piraten-paradefrack-fur-damen-fgss4969	Piraten Paradefrack für Damen – XL	Piraten Paradefrack für Damen – hochwertige Qualität ab Schweizer Lager. Details Marke: Widmann Warum bei LuxeStyle kaufen? 🇨🇭 Versand aus der Schweiz – Lieferung in nur 1–2 Werktagen (DPD) ↩️ 30 Tage Rückgaberecht 🔒 Kauf auf Rechnung mit Klarna · TWINT · Karten · PayPal · Apple Pay 💬 Schweizer Support: info@luxestyle.ch	https://luxestyle.ch/products/piraten-paradefrack-fur-damen-fgss4969?variant=55970724282753	https://cdn.shopify.com/s/files/1/0943/6856/3585/files/949690_1_43f69a03-df04-4ed1-95eb-ffee0f0721fa.jpg?v=1784840312	https://cdn.shopify.com/s/files/1/0943/6856/3585/files/94969-2_2.jpg?v=1784941789,https://cdn.shopify.com/s/files/1/0943/6856/3585/files/94969-2_3.jpg?v=1784941789,https://cdn.shopify.com/s/files/1/0943/6856/3585/files/94969-4_2.jpg?v=1784941789,https://cdn.shopify.com/s/files/1/0943/6856/3585/files/94969-4_3.jpg?v=1784941790	118.00 CHF	in stock	8	8003558496945	LuxeStyle	new	Kostüme & Verkleidung	1-3 Werktage (Lager Schweiz)
fortura-949690	piraten-paradefrack-fur-damen-fgss4969	Piraten Paradefrack für Damen – XXL	Piraten Paradefrack für Damen – hochwertige Qualität ab Schweizer Lager. Details Marke: Widmann Warum bei LuxeStyle kaufen? 🇨🇭 Versand aus der Schweiz – Lieferung in nur 1–2 Werktagen (DPD) ↩️ 30 Tage Rückgaberecht 🔒 Kauf auf Rechnung mit Klarna · TWINT · Karten · PayPal · Apple Pay 💬 Schweizer Support: info@luxestyle.ch	https://luxestyle.ch/products/piraten-paradefrack-fur-damen-fgss4969?variant=55970724315521	https://cdn.shopify.com/s/files/1/0943/6856/3585/files/949690_1_43f69a03-df04-4ed1-95eb-ffee0f0721fa.jpg?v=1784840312	https://cdn.shopify.com/s/files/1/0943/6856/3585/files/94969-2_2.jpg?v=1784941789,https://cdn.shopify.com/s/files/1/0943/6856/3585/files/94969-2_3.jpg?v=1784941789,https://cdn.shopify.com/s/files/1/0943/6856/3585/files/94969-4_2.jpg?v=1784941789,https://cdn.shopify.com/s/files/1/0943/6856/3585/files/94969-4_3.jpg?v=1784941790	118.00 CHF	in stock	5	8003558496907	LuxeStyle	new	Kostüme & Verkleidung	1-3 Werktage (Lager Schweiz)
fortura-95029-2	frack-dia-de-los-muertos-herr-fgss5029	Frack Dia de los muertos Herr – M	Frack Dia de los muertos Herr – hochwertige Qualität ab Schweizer Lager. Details Marke: Widmann Warum bei LuxeStyle kaufen? 🇨🇭 Versand aus der Schweiz – Lieferung in nur 1–2 Werktagen (DPD) ↩️ 30 Tage Rückgaberecht 🔒 Kauf auf Rechnung mit Klarna · TWINT · Karten · PayPal · Apple Pay 💬 Schweizer Support: info@luxestyle.ch	https://luxestyle.ch/products/frack-dia-de-los-muertos-herr-fgss5029?variant=55970724479361	https://cdn.shopify.com/s/files/1/0943/6856/3585/files/950290_1_b6df0841-d516-449b-a2c4-2ef495687724.jpg?v=1784840314	https://cdn.shopify.com/s/files/1/0943/6856/3585/files/95029-2_2.jpg?v=1784941797,https://cdn.shopify.com/s/files/1/0943/6856/3585/files/95029-2_3.jpg?v=1784941796,https://cdn.shopify.com/s/files/1/0943/6856/3585/files/95029-3_2.jpg?v=1784941796,https://cdn.shopify.com/s/files/1/0943/6856/3585/files/95029-3_3.jpg?v=1784941797	118.00 CHF	in stock	7	8003558502929	LuxeStyle	new	Kostüme & Verkleidung	1-3 Werktage (Lager Schweiz)
fortura-95029-3	frack-dia-de-los-muertos-herr-fgss5029	Frack Dia de los muertos Herr – L	Frack Dia de los muertos Herr – hochwertige Qualität ab Schweizer Lager. Details Marke: Widmann Warum bei LuxeStyle kaufen? 🇨🇭 Versand aus der Schweiz – Lieferung in nur 1–2 Werktagen (DPD) ↩️ 30 Tage Rückgaberecht 🔒 Kauf auf Rechnung mit Klarna · TWINT · Karten · PayPal · Apple Pay 💬 Schweizer Support: info@luxestyle.ch	https://luxestyle.ch/products/frack-dia-de-los-muertos-herr-fgss5029?variant=55970724512129	https://cdn.shopify.com/s/files/1/0943/6856/3585/files/950290_1_b6df0841-d516-449b-a2c4-2ef495687724.jpg?v=1784840314	https://cdn.shopify.com/s/files/1/0943/6856/3585/files/95029-2_2.jpg?v=1784941797,https://cdn.shopify.com/s/files/1/0943/6856/3585/files/95029-2_3.jpg?v=1784941796,https://cdn.shopify.com/s/files/1/0943/6856/3585/files/95029-3_2.jpg?v=1784941796,https://cdn.shopify.com/s/files/1/0943/6856/3585/files/95029-3_3.jpg?v=1784941797	118.00 CHF	in stock	6	8003558502936	LuxeStyle	new	Kostüme & Verkleidung	1-3 Werktage (Lager Schweiz)
fortura-95029-4	frack-dia-de-los-muertos-herr-fgss5029	Frack Dia de los muertos Herr – XL	Frack Dia de los muertos Herr – hochwertige Qualität ab Schweizer Lager. Details Marke: Widmann Warum bei LuxeStyle kaufen? 🇨🇭 Versand aus der Schweiz – Lieferung in nur 1–2 Werktagen (DPD) ↩️ 30 Tage Rückgaberecht 🔒 Kauf auf Rechnung mit Klarna · TWINT · Karten · PayPal · Apple Pay 💬 Schweizer Support: info@luxestyle.ch	https://luxestyle.ch/products/frack-dia-de-los-muertos-herr-fgss5029?variant=55970724544897	https://cdn.shopify.com/s/files/1/0943/6856/3585/files/950290_1_b6df0841-d516-449b-a2c4-2ef495687724.jpg?v=1784840314	https://cdn.shopify.com/s/files/1/0943/6856/3585/files/95029-2_2.jpg?v=1784941797,https://cdn.shopify.com/s/files/1/0943/6856/3585/files/95029-2_3.jpg?v=1784941796,https://cdn.shopify.com/s/files/1/0943/6856/3585/files/95029-3_2.jpg?v=1784941796,https://cdn.shopify.com/s/files/1/0943/6856/3585/files/95029-3_3.jpg?v=1784941797	118.00 CHF	in stock	4	8003558502943	LuxeStyle	new	Kostüme & Verkleidung	1-3 Werktage (Lager Schweiz)
fortura-950290	frack-dia-de-los-muertos-herr-fgss5029	Frack Dia de los muertos Herr – XXL	Frack Dia de los muertos Herr – hochwertige Qualität ab Schweizer Lager. Details Marke: Widmann Warum bei LuxeStyle kaufen? 🇨🇭 Versand aus der Schweiz – Lieferung in nur 1–2 Werktagen (DPD) ↩️ 30 Tage Rückgaberecht 🔒 Kauf auf Rechnung mit Klarna · TWINT · Karten · PayPal · Apple Pay 💬 Schweizer Support: info@luxestyle.ch	https://luxestyle.ch/products/frack-dia-de-los-muertos-herr-fgss5029?variant=55970724577665	https://cdn.shopify.com/s/files/1/0943/6856/3585/files/950290_1_b6df0841-d516-449b-a2c4-2ef495687724.jpg?v=1784840314	https://cdn.shopify.com/s/files/1/0943/6856/3585/files/95029-2_2.jpg?v=1784941797,https://cdn.shopify.com/s/files/1/0943/6856/3585/files/95029-2_3.jpg?v=1784941796,https://cdn.shopify.com/s/files/1/0943/6856/3585/files/95029-3_2.jpg?v=1784941796,https://cdn.shopify.com/s/files/1/0943/6856/3585/files/95029-3_3.jpg?v=1784941797	118.00 CHF	in stock	3	8003558502905	LuxeStyle	new	Kostüme & Verkleidung	1-3 Werktage (Lager Schweiz)
fortura-99887-3	bad-taste-traineranzug-fgss9887	Bad Taste Traineranzug – L	Die nächste Trash-Party steht an und Du suchst noch ein geniales Outfit dafür? Dann haben wir hier das ultimative Bad-Taste Kostüm für Dich! Mit dem Trainingsanzug hast Du den Look des 80er oder 90er Jahre Prolls und gute Chancen auf den Sieg für das geschmackloseste Outfit auf der Mottoparty, aber auch an der Fasnacht. Es gibt sogar Leute, die nicht ohne diesen Anzug auf die Skipiste gehen. Details Marke: Widmann Farbe: blau Anlass: Mottoparty Lieferumfang: Jacke und Hose Warum bei LuxeStyle kaufen? 🇨🇭 Versand aus der Schweiz – Lieferung in nur 1–2 Werktagen (DPD) ↩️ 30 Tage Rückgaberecht 🔒 Kauf auf Rechnung mit Klarna · TWINT · Karten · PayPal · Apple Pay 💬 Schweizer Support: info@luxestyle.ch	https://luxestyle.ch/products/bad-taste-traineranzug-fgss9887?variant=55970724774273	https://cdn.shopify.com/s/files/1/0943/6856/3585/files/99887-3_2.jpg?v=1784941803	https://cdn.shopify.com/s/files/1/0943/6856/3585/files/99887-2_1.jpg?v=1784840318,https://cdn.shopify.com/s/files/1/0943/6856/3585/files/99888_2.jpg?v=1784941803,https://cdn.shopify.com/s/files/1/0943/6856/3585/files/998875_2.jpg?v=1784941803	48.00 CHF	in stock	3	8003558988730	LuxeStyle	new	Kostüme & Verkleidung	1-3 Werktage (Lager Schweiz)
fortura-99888	bad-taste-traineranzug-fgss9887	Bad Taste Traineranzug – XL	Die nächste Trash-Party steht an und Du suchst noch ein geniales Outfit dafür? Dann haben wir hier das ultimative Bad-Taste Kostüm für Dich! Mit dem Trainingsanzug hast Du den Look des 80er oder 90er Jahre Prolls und gute Chancen auf den Sieg für das geschmackloseste Outfit auf der Mottoparty, aber auch an der Fasnacht. Es gibt sogar Leute, die nicht ohne diesen Anzug auf die Skipiste gehen. Details Marke: Widmann Farbe: blau Anlass: Mottoparty Lieferumfang: Jacke und Hose Warum bei LuxeStyle kaufen? 🇨🇭 Versand aus der Schweiz – Lieferung in nur 1–2 Werktagen (DPD) ↩️ 30 Tage Rückgaberecht 🔒 Kauf auf Rechnung mit Klarna · TWINT · Karten · PayPal · Apple Pay 💬 Schweizer Support: info@luxestyle.ch	https://luxestyle.ch/products/bad-taste-traineranzug-fgss9887?variant=55970724807041	https://cdn.shopify.com/s/files/1/0943/6856/3585/files/99887-3_2.jpg?v=1784941803	https://cdn.shopify.com/s/files/1/0943/6856/3585/files/99887-2_1.jpg?v=1784840318,https://cdn.shopify.com/s/files/1/0943/6856/3585/files/99888_2.jpg?v=1784941803,https://cdn.shopify.com/s/files/1/0943/6856/3585/files/998875_2.jpg?v=1784941803	55.00 CHF	in stock	7	8003558988808	LuxeStyle	new	Kostüme & Verkleidung	1-3 Werktage (Lager Schweiz)
fortura-998875	bad-taste-traineranzug-fgss9887	Bad Taste Traineranzug – XXL	Die nächste Trash-Party steht an und Du suchst noch ein geniales Outfit dafür? Dann haben wir hier das ultimative Bad-Taste Kostüm für Dich! Mit dem Trainingsanzug hast Du den Look des 80er oder 90er Jahre Prolls und gute Chancen auf den Sieg für das geschmackloseste Outfit auf der Mottoparty, aber auch an der Fasnacht. Es gibt sogar Leute, die nicht ohne diesen Anzug auf die Skipiste gehen. Details Marke: Widmann Farbe: blau Anlass: Mottoparty Lieferumfang: Jacke und Hose Warum bei LuxeStyle kaufen? 🇨🇭 Versand aus der Schweiz – Lieferung in nur 1–2 Werktagen (DPD) ↩️ 30 Tage Rückgaberecht 🔒 Kauf auf Rechnung mit Klarna · TWINT · Karten · PayPal · Apple Pay 💬 Schweizer Support: info@luxestyle.ch	https://luxestyle.ch/products/bad-taste-traineranzug-fgss9887?variant=55970724839809	https://cdn.shopify.com/s/files/1/0943/6856/3585/files/99887-3_2.jpg?v=1784941803	https://cdn.shopify.com/s/files/1/0943/6856/3585/files/99887-2_1.jpg?v=1784840318,https://cdn.shopify.com/s/files/1/0943/6856/3585/files/99888_2.jpg?v=1784941803,https://cdn.shopify.com/s/files/1/0943/6856/3585/files/998875_2.jpg?v=1784941803	55.00 CHF	in stock	3	8003558988754	LuxeStyle	new	Kostüme & Verkleidung	1-3 Werktage (Lager Schweiz)
fortura-953651	kostum-anzug-disco-sparkling-fgss5365	Kostüm Anzug Disco Sparkling – S	Kostüm Anzug Disco Sparkling – hochwertige Qualität ab Schweizer Lager. Details Marke: Widmann Warum bei LuxeStyle kaufen? 🇨🇭 Versand aus der Schweiz – Lieferung in nur 1–2 Werktagen (DPD) ↩️ 30 Tage Rückgaberecht 🔒 Kauf auf Rechnung mit Klarna · TWINT · Karten · PayPal · Apple Pay 💬 Schweizer Support: info@luxestyle.ch	https://luxestyle.ch/products/kostum-anzug-disco-sparkling-fgss5365?variant=55970725134721	https://cdn.shopify.com/s/files/1/0943/6856/3585/files/953651_2.jpg?v=1784941814	https://cdn.shopify.com/s/files/1/0943/6856/3585/files/953650_1_21bee7ff-bc42-4d0f-9a19-f416c13c6f58.jpg?v=1784840321,https://cdn.shopify.com/s/files/1/0943/6856/3585/files/95365-2_2.jpg?v=1784941815,https://cdn.shopify.com/s/files/1/0943/6856/3585/files/95365-4_2.jpg?v=1784941815,https://cdn.shopify.com/s/files/1/0943/6856/3585/files/953650_2.jpg?v=1784941814	72.90 CHF	in stock	13	8003558536511	LuxeStyle	new	Kostüme & Verkleidung	1-3 Werktage (Lager Schweiz)
fortura-95365-2	kostum-anzug-disco-sparkling-fgss5365	Kostüm Anzug Disco Sparkling – M	Kostüm Anzug Disco Sparkling – hochwertige Qualität ab Schweizer Lager. Details Marke: Widmann Warum bei LuxeStyle kaufen? 🇨🇭 Versand aus der Schweiz – Lieferung in nur 1–2 Werktagen (DPD) ↩️ 30 Tage Rückgaberecht 🔒 Kauf auf Rechnung mit Klarna · TWINT · Karten · PayPal · Apple Pay 💬 Schweizer Support: info@luxestyle.ch	https://luxestyle.ch/products/kostum-anzug-disco-sparkling-fgss5365?variant=55970725167489	https://cdn.shopify.com/s/files/1/0943/6856/3585/files/953651_2.jpg?v=1784941814	https://cdn.shopify.com/s/files/1/0943/6856/3585/files/953650_1_21bee7ff-bc42-4d0f-9a19-f416c13c6f58.jpg?v=1784840321,https://cdn.shopify.com/s/files/1/0943/6856/3585/files/95365-2_2.jpg?v=1784941815,https://cdn.shopify.com/s/files/1/0943/6856/3585/files/95365-4_2.jpg?v=1784941815,https://cdn.shopify.com/s/files/1/0943/6856/3585/files/953650_2.jpg?v=1784941814	72.90 CHF	in stock	9	8003558536528	LuxeStyle	new	Kostüme & Verkleidung	1-3 Werktage (Lager Schweiz)
fortura-95365-4	kostum-anzug-disco-sparkling-fgss5365	Kostüm Anzug Disco Sparkling – XL	Kostüm Anzug Disco Sparkling – hochwertige Qualität ab Schweizer Lager. Details Marke: Widmann Warum bei LuxeStyle kaufen? 🇨🇭 Versand aus der Schweiz – Lieferung in nur 1–2 Werktagen (DPD) ↩️ 30 Tage Rückgaberecht 🔒 Kauf auf Rechnung mit Klarna · TWINT · Karten · PayPal · Apple Pay 💬 Schweizer Support: info@luxestyle.ch	https://luxestyle.ch/products/kostum-anzug-disco-sparkling-fgss5365?variant=55970725200257	https://cdn.shopify.com/s/files/1/0943/6856/3585/files/953651_2.jpg?v=1784941814	https://cdn.shopify.com/s/files/1/0943/6856/3585/files/953650_1_21bee7ff-bc42-4d0f-9a19-f416c13c6f58.jpg?v=1784840321,https://cdn.shopify.com/s/files/1/0943/6856/3585/files/95365-2_2.jpg?v=1784941815,https://cdn.shopify.com/s/files/1/0943/6856/3585/files/95365-4_2.jpg?v=1784941815,https://cdn.shopify.com/s/files/1/0943/6856/3585/files/953650_2.jpg?v=1784941814	78.90 CHF	in stock	7	8003558536542	LuxeStyle	new	Kostüme & Verkleidung	1-3 Werktage (Lager Schweiz)
fortura-953650	kostum-anzug-disco-sparkling-fgss5365	Kostüm Anzug Disco Sparkling – XXL	Kostüm Anzug Disco Sparkling – hochwertige Qualität ab Schweizer Lager. Details Marke: Widmann Warum bei LuxeStyle kaufen? 🇨🇭 Versand aus der Schweiz – Lieferung in nur 1–2 Werktagen (DPD) ↩️ 30 Tage Rückgaberecht 🔒 Kauf auf Rechnung mit Klarna · TWINT · Karten · PayPal · Apple Pay 💬 Schweizer Support: info@luxestyle.ch	https://luxestyle.ch/products/kostum-anzug-disco-sparkling-fgss5365?variant=55970725233025	https://cdn.shopify.com/s/files/1/0943/6856/3585/files/953651_2.jpg?v=1784941814	https://cdn.shopify.com/s/files/1/0943/6856/3585/files/953650_1_21bee7ff-bc42-4d0f-9a19-f416c13c6f58.jpg?v=1784840321,https://cdn.shopify.com/s/files/1/0943/6856/3585/files/95365-2_2.jpg?v=1784941815,https://cdn.shopify.com/s/files/1/0943/6856/3585/files/95365-4_2.jpg?v=1784941815,https://cdn.shopify.com/s/files/1/0943/6856/3585/files/953650_2.jpg?v=1784941814	78.90 CHF	in stock	11	8003558536504	LuxeStyle	new	Kostüme & Verkleidung	1-3 Werktage (Lager Schweiz)
fortura-95545-1	kostum-pinguin-fgss5545	Kostüm Pinguin – S	In diesem Kostüm lädst du auch in eisiger Kälte zum Kuscheln ein. Details Marke: Widmann Farbe: mehrfarbig Anlass: Fasnacht Warum bei LuxeStyle kaufen? 🇨🇭 Versand aus der Schweiz – Lieferung in nur 1–2 Werktagen (DPD) ↩️ 30 Tage Rückgaberecht 🔒 Kauf auf Rechnung mit Klarna · TWINT · Karten · PayPal · Apple Pay 💬 Schweizer Support: info@luxestyle.ch	https://luxestyle.ch/products/kostum-pinguin-fgss5545?variant=55970726510977	https://cdn.shopify.com/s/files/1/0943/6856/3585/files/95545-2_2.jpg?v=1784941828	https://cdn.shopify.com/s/files/1/0943/6856/3585/files/95545-1_1_e96b642d-26f5-4d10-9067-cc78c0e99045.jpg?v=1784840326	65.00 CHF	in stock	5	8003558554515	LuxeStyle	new	Kostüme & Verkleidung	1-3 Werktage (Lager Schweiz)
fortura-95545-2	kostum-pinguin-fgss5545	Kostüm Pinguin – M	In diesem Kostüm lädst du auch in eisiger Kälte zum Kuscheln ein. Details Marke: Widmann Farbe: mehrfarbig Anlass: Fasnacht Warum bei LuxeStyle kaufen? 🇨🇭 Versand aus der Schweiz – Lieferung in nur 1–2 Werktagen (DPD) ↩️ 30 Tage Rückgaberecht 🔒 Kauf auf Rechnung mit Klarna · TWINT · Karten · PayPal · Apple Pay 💬 Schweizer Support: info@luxestyle.ch	https://luxestyle.ch/products/kostum-pinguin-fgss5545?variant=55970726543745	https://cdn.shopify.com/s/files/1/0943/6856/3585/files/95545-2_2.jpg?v=1784941828	https://cdn.shopify.com/s/files/1/0943/6856/3585/files/95545-1_1_e96b642d-26f5-4d10-9067-cc78c0e99045.jpg?v=1784840326	65.00 CHF	in stock	5	8003558554522	LuxeStyle	new	Kostüme & Verkleidung	1-3 Werktage (Lager Schweiz)
fortura-95545-3	kostum-pinguin-fgss5545	Kostüm Pinguin – L	In diesem Kostüm lädst du auch in eisiger Kälte zum Kuscheln ein. Details Marke: Widmann Farbe: mehrfarbig Anlass: Fasnacht Warum bei LuxeStyle kaufen? 🇨🇭 Versand aus der Schweiz – Lieferung in nur 1–2 Werktagen (DPD) ↩️ 30 Tage Rückgaberecht 🔒 Kauf auf Rechnung mit Klarna · TWINT · Karten · PayPal · Apple Pay 💬 Schweizer Support: info@luxestyle.ch	https://luxestyle.ch/products/kostum-pinguin-fgss5545?variant=55970726576513	https://cdn.shopify.com/s/files/1/0943/6856/3585/files/95545-2_2.jpg?v=1784941828	https://cdn.shopify.com/s/files/1/0943/6856/3585/files/95545-1_1_e96b642d-26f5-4d10-9067-cc78c0e99045.jpg?v=1784840326	65.00 CHF	in stock	9	8003558554539	LuxeStyle	new	Kostüme & Verkleidung	1-3 Werktage (Lager Schweiz)
fortura-95773-2	kostum-pilot-fgss5773	Kostüm Pilot	Werden sie zum Herren der Lüfte mit diesem detailreichen Piloten Kostüm. Die riesige Verantwortung ein Flugzeug zu steuern ist für sie ein Kinderspiel und ihre Stewardessen können kaum die Finger von ihnen lassen. Passen sie nur auf, dass sie vor lauter Komplimente nicht abheben! Details Marke: Widmann Farbe: blau Anlass: Fasnacht Lieferumfang: Veston, Hosen, Hut Warum bei LuxeStyle kaufen? 🇨🇭 Versand aus der Schweiz – Lieferung in nur 1–2 Werktagen (DPD) ↩️ 30 Tage Rückgaberecht 🔒 Kauf auf Rechnung mit Klarna · TWINT · Karten · PayPal · Apple Pay 💬 Schweizer Support: info@luxestyle.ch	https://luxestyle.ch/products/kostum-pilot-fgss5773?variant=55970726904193	https://cdn.shopify.com/s/files/1/0943/6856/3585/files/95773-2_2.jpg?v=1784941842	https://cdn.shopify.com/s/files/1/0943/6856/3585/files/95708_1.jpg?v=1784840330,https://cdn.shopify.com/s/files/1/0943/6856/3585/files/95773-2_3.jpg?v=1784941842	68.00 CHF	in stock	2	8003558577323	LuxeStyle	new	Kostüme & Verkleidung	1-3 Werktage (Lager Schweiz)
fortura-95845-2	wildwest-damenkostum-fgss5845	Wildwest Damenkostüm – M	So sexy war der Wilde Westen! Details Marke: Widmann Farbe: mehrfarbig Anlass: Fasnacht Lieferumfang: 1 Rock, 1 Bluse und 1 Korsett Warum bei LuxeStyle kaufen? 🇨🇭 Versand aus der Schweiz – Lieferung in nur 1–2 Werktagen (DPD) ↩️ 30 Tage Rückgaberecht 🔒 Kauf auf Rechnung mit Klarna · TWINT · Karten · PayPal · Apple Pay 💬 Schweizer Support: info@luxestyle.ch	https://luxestyle.ch/products/wildwest-damenkostum-fgss5845?variant=55970727330177	https://cdn.shopify.com/s/files/1/0943/6856/3585/files/95845-2_1_68dadbc7-52f2-4385-9880-3ace01e711b3.jpg?v=1784840336	https://cdn.shopify.com/s/files/1/0943/6856/3585/files/95845-2_2.jpg?v=1784941849,https://cdn.shopify.com/s/files/1/0943/6856/3585/files/95845-3_2.jpg?v=1784941849	58.00 CHF	in stock	3	8003558584529	LuxeStyle	new	Kostüme & Verkleidung	1-3 Werktage (Lager Schweiz)
fortura-95845-3	wildwest-damenkostum-fgss5845	Wildwest Damenkostüm – L	So sexy war der Wilde Westen! Details Marke: Widmann Farbe: mehrfarbig Anlass: Fasnacht Lieferumfang: 1 Rock, 1 Bluse und 1 Korsett Warum bei LuxeStyle kaufen? 🇨🇭 Versand aus der Schweiz – Lieferung in nur 1–2 Werktagen (DPD) ↩️ 30 Tage Rückgaberecht 🔒 Kauf auf Rechnung mit Klarna · TWINT · Karten · PayPal · Apple Pay 💬 Schweizer Support: info@luxestyle.ch	https://luxestyle.ch/products/wildwest-damenkostum-fgss5845?variant=55970727362945	https://cdn.shopify.com/s/files/1/0943/6856/3585/files/95845-2_1_68dadbc7-52f2-4385-9880-3ace01e711b3.jpg?v=1784840336	https://cdn.shopify.com/s/files/1/0943/6856/3585/files/95845-2_2.jpg?v=1784941849,https://cdn.shopify.com/s/files/1/0943/6856/3585/files/95845-3_2.jpg?v=1784941849	58.00 CHF	in stock	1	8003558584536	LuxeStyle	new	Kostüme & Verkleidung	1-3 Werktage (Lager Schweiz)
fortura-95923-2	schottenkostum-fgss5923	Schottenkostüm – M	Jacke, Rock, Gürtel, Hut und Geldbeutel Details Marke: Widmann Farbe: schwarz Anlass: Fasnacht Lieferumfang: Jacke, Rock, Gürtel, Hut und Geldbeutel Warum bei LuxeStyle kaufen? 🇨🇭 Versand aus der Schweiz – Lieferung in nur 1–2 Werktagen (DPD) ↩️ 30 Tage Rückgaberecht 🔒 Kauf auf Rechnung mit Klarna · TWINT · Karten · PayPal · Apple Pay 💬 Schweizer Support: info@luxestyle.ch	https://luxestyle.ch/products/schottenkostum-fgss5923?variant=55970727723393	https://cdn.shopify.com/s/files/1/0943/6856/3585/files/95923-2_1_3bcffe0e-003c-445f-90a9-ff0f621fae53.jpg?v=1784840338	https://cdn.shopify.com/s/files/1/0943/6856/3585/files/95923-2_2.jpg?v=1784941857,https://cdn.shopify.com/s/files/1/0943/6856/3585/files/95923-4_2.jpg?v=1784941857	74.90 CHF	in stock	5	8003558592326	LuxeStyle	new	Kostüme & Verkleidung	1-3 Werktage (Lager Schweiz)
fortura-95923-4	schottenkostum-fgss5923	Schottenkostüm – XL	Jacke, Rock, Gürtel, Hut und Geldbeutel Details Marke: Widmann Farbe: schwarz Anlass: Fasnacht Lieferumfang: Jacke, Rock, Gürtel, Hut und Geldbeutel Warum bei LuxeStyle kaufen? 🇨🇭 Versand aus der Schweiz – Lieferung in nur 1–2 Werktagen (DPD) ↩️ 30 Tage Rückgaberecht 🔒 Kauf auf Rechnung mit Klarna · TWINT · Karten · PayPal · Apple Pay 💬 Schweizer Support: info@luxestyle.ch	https://luxestyle.ch/products/schottenkostum-fgss5923?variant=55970727756161	https://cdn.shopify.com/s/files/1/0943/6856/3585/files/95923-2_1_3bcffe0e-003c-445f-90a9-ff0f621fae53.jpg?v=1784840338	https://cdn.shopify.com/s/files/1/0943/6856/3585/files/95923-2_2.jpg?v=1784941857,https://cdn.shopify.com/s/files/1/0943/6856/3585/files/95923-4_2.jpg?v=1784941857	81.90 CHF	in stock	2	8003558592340	LuxeStyle	new	Kostüme & Verkleidung	1-3 Werktage (Lager Schweiz)
fortura-96553-1	kostum-kampfjet-overall-fgss6553	Kostüm Kampfjet Overall – S	Kostüm Kampfjet Overall – hochwertige Qualität ab Schweizer Lager. Details Marke: Widmann Warum bei LuxeStyle kaufen? 🇨🇭 Versand aus der Schweiz – Lieferung in nur 1–2 Werktagen (DPD) ↩️ 30 Tage Rückgaberecht 🔒 Kauf auf Rechnung mit Klarna · TWINT · Karten · PayPal · Apple Pay 💬 Schweizer Support: info@luxestyle.ch	https://luxestyle.ch/products/kostum-kampfjet-overall-fgss6553?variant=55970728509825	https://cdn.shopify.com/s/files/1/0943/6856/3585/files/965530_1_96007b5a-c5f3-4a1d-b61b-4510273e2721.jpg?v=1784840347		58.00 CHF	in stock	22	8003558655311	LuxeStyle	new	Kostüme & Verkleidung	1-3 Werktage (Lager Schweiz)
fortura-96553-2	kostum-kampfjet-overall-fgss6553	Kostüm Kampfjet Overall – M	Kostüm Kampfjet Overall – hochwertige Qualität ab Schweizer Lager. Details Marke: Widmann Warum bei LuxeStyle kaufen? 🇨🇭 Versand aus der Schweiz – Lieferung in nur 1–2 Werktagen (DPD) ↩️ 30 Tage Rückgaberecht 🔒 Kauf auf Rechnung mit Klarna · TWINT · Karten · PayPal · Apple Pay 💬 Schweizer Support: info@luxestyle.ch	https://luxestyle.ch/products/kostum-kampfjet-overall-fgss6553?variant=55970728542593	https://cdn.shopify.com/s/files/1/0943/6856/3585/files/965530_1_96007b5a-c5f3-4a1d-b61b-4510273e2721.jpg?v=1784840347		58.00 CHF	in stock	43	8003558655328	LuxeStyle	new	Kostüme & Verkleidung	1-3 Werktage (Lager Schweiz)
fortura-96553-3	kostum-kampfjet-overall-fgss6553	Kostüm Kampfjet Overall – L	Kostüm Kampfjet Overall – hochwertige Qualität ab Schweizer Lager. Details Marke: Widmann Warum bei LuxeStyle kaufen? 🇨🇭 Versand aus der Schweiz – Lieferung in nur 1–2 Werktagen (DPD) ↩️ 30 Tage Rückgaberecht 🔒 Kauf auf Rechnung mit Klarna · TWINT · Karten · PayPal · Apple Pay 💬 Schweizer Support: info@luxestyle.ch	https://luxestyle.ch/products/kostum-kampfjet-overall-fgss6553?variant=55970728575361	https://cdn.shopify.com/s/files/1/0943/6856/3585/files/965530_1_96007b5a-c5f3-4a1d-b61b-4510273e2721.jpg?v=1784840347		58.00 CHF	in stock	53	8003558655335	LuxeStyle	new	Kostüme & Verkleidung	1-3 Werktage (Lager Schweiz)
fortura-96553-4	kostum-kampfjet-overall-fgss6553	Kostüm Kampfjet Overall – XL	Kostüm Kampfjet Overall – hochwertige Qualität ab Schweizer Lager. Details Marke: Widmann Warum bei LuxeStyle kaufen? 🇨🇭 Versand aus der Schweiz – Lieferung in nur 1–2 Werktagen (DPD) ↩️ 30 Tage Rückgaberecht 🔒 Kauf auf Rechnung mit Klarna · TWINT · Karten · PayPal · Apple Pay 💬 Schweizer Support: info@luxestyle.ch	https://luxestyle.ch/products/kostum-kampfjet-overall-fgss6553?variant=55970728608129	https://cdn.shopify.com/s/files/1/0943/6856/3585/files/965530_1_96007b5a-c5f3-4a1d-b61b-4510273e2721.jpg?v=1784840347		64.00 CHF	in stock	50	8003558655342	LuxeStyle	new	Kostüme & Verkleidung	1-3 Werktage (Lager Schweiz)
fortura-965530	kostum-kampfjet-overall-fgss6553	Kostüm Kampfjet Overall – XXL	Kostüm Kampfjet Overall – hochwertige Qualität ab Schweizer Lager. Details Marke: Widmann Warum bei LuxeStyle kaufen? 🇨🇭 Versand aus der Schweiz – Lieferung in nur 1–2 Werktagen (DPD) ↩️ 30 Tage Rückgaberecht 🔒 Kauf auf Rechnung mit Klarna · TWINT · Karten · PayPal · Apple Pay 💬 Schweizer Support: info@luxestyle.ch	https://luxestyle.ch/products/kostum-kampfjet-overall-fgss6553?variant=55970728640897	https://cdn.shopify.com/s/files/1/0943/6856/3585/files/965530_1_96007b5a-c5f3-4a1d-b61b-4510273e2721.jpg?v=1784840347		64.00 CHF	in stock	46	8003558655304	LuxeStyle	new	Kostüme & Verkleidung	1-3 Werktage (Lager Schweiz)
fortura-94962-2	paradefrack-fgss4962	Paradefrack – M	Paradefrack – hochwertige Qualität ab Schweizer Lager. Details Marke: Widmann Warum bei LuxeStyle kaufen? 🇨🇭 Versand aus der Schweiz – Lieferung in nur 1–2 Werktagen (DPD) ↩️ 30 Tage Rückgaberecht 🔒 Kauf auf Rechnung mit Klarna · TWINT · Karten · PayPal · Apple Pay 💬 Schweizer Support: info@luxestyle.ch	https://luxestyle.ch/products/paradefrack-fgss4962?variant=55970728673665	https://cdn.shopify.com/s/files/1/0943/6856/3585/files/949620_1_d5b0387d-f238-4c42-b69e-eb8abc99f08c.jpg?v=1784840348		118.00 CHF	in stock	7	8003558496228	LuxeStyle	new	Kostüme & Verkleidung	1-3 Werktage (Lager Schweiz)
fortura-94962-3	paradefrack-fgss4962	Paradefrack – L	Paradefrack – hochwertige Qualität ab Schweizer Lager. Details Marke: Widmann Warum bei LuxeStyle kaufen? 🇨🇭 Versand aus der Schweiz – Lieferung in nur 1–2 Werktagen (DPD) ↩️ 30 Tage Rückgaberecht 🔒 Kauf auf Rechnung mit Klarna · TWINT · Karten · PayPal · Apple Pay 💬 Schweizer Support: info@luxestyle.ch	https://luxestyle.ch/products/paradefrack-fgss4962?variant=55970728706433	https://cdn.shopify.com/s/files/1/0943/6856/3585/files/949620_1_d5b0387d-f238-4c42-b69e-eb8abc99f08c.jpg?v=1784840348		118.00 CHF	in stock	3	8003558496235	LuxeStyle	new	Kostüme & Verkleidung	1-3 Werktage (Lager Schweiz)
fortura-94962-4	paradefrack-fgss4962	Paradefrack – XL	Paradefrack – hochwertige Qualität ab Schweizer Lager. Details Marke: Widmann Warum bei LuxeStyle kaufen? 🇨🇭 Versand aus der Schweiz – Lieferung in nur 1–2 Werktagen (DPD) ↩️ 30 Tage Rückgaberecht 🔒 Kauf auf Rechnung mit Klarna · TWINT · Karten · PayPal · Apple Pay 💬 Schweizer Support: info@luxestyle.ch	https://luxestyle.ch/products/paradefrack-fgss4962?variant=55970728739201	https://cdn.shopify.com/s/files/1/0943/6856/3585/files/949620_1_d5b0387d-f238-4c42-b69e-eb8abc99f08c.jpg?v=1784840348		118.00 CHF	in stock	3	8003558496242	LuxeStyle	new	Kostüme & Verkleidung	1-3 Werktage (Lager Schweiz)
fortura-949620	paradefrack-fgss4962	Paradefrack – XXL	Paradefrack – hochwertige Qualität ab Schweizer Lager. Details Marke: Widmann Warum bei LuxeStyle kaufen? 🇨🇭 Versand aus der Schweiz – Lieferung in nur 1–2 Werktagen (DPD) ↩️ 30 Tage Rückgaberecht 🔒 Kauf auf Rechnung mit Klarna · TWINT · Karten · PayPal · Apple Pay 💬 Schweizer Support: info@luxestyle.ch	https://luxestyle.ch/products/paradefrack-fgss4962?variant=55970728771969	https://cdn.shopify.com/s/files/1/0943/6856/3585/files/949620_1_d5b0387d-f238-4c42-b69e-eb8abc99f08c.jpg?v=1784840348		118.00 CHF	in stock	2	8003558496204	LuxeStyle	new	Kostüme & Verkleidung	1-3 Werktage (Lager Schweiz)
fortura-94992-2	piraten-paradefrack-fur-herren-fgss4992	Piraten Paradefrack für Herren – M	Piraten Paradefrack für Herren – hochwertige Qualität ab Schweizer Lager. Details Marke: Widmann Warum bei LuxeStyle kaufen? 🇨🇭 Versand aus der Schweiz – Lieferung in nur 1–2 Werktagen (DPD) ↩️ 30 Tage Rückgaberecht 🔒 Kauf auf Rechnung mit Klarna · TWINT · Karten · PayPal · Apple Pay 💬 Schweizer Support: info@luxestyle.ch	https://luxestyle.ch/products/piraten-paradefrack-fur-herren-fgss4992?variant=55970729099649	https://cdn.shopify.com/s/files/1/0943/6856/3585/files/949920_1_c8c6d70e-b9bb-472f-818e-04cccffeba6b.jpg?v=1784840351	https://cdn.shopify.com/s/files/1/0943/6856/3585/files/94992-2_2.jpg?v=1784941872,https://cdn.shopify.com/s/files/1/0943/6856/3585/files/94992-2_3.jpg?v=1784941872,https://cdn.shopify.com/s/files/1/0943/6856/3585/files/94992-2_4.jpg?v=1784941872,https://cdn.shopify.com/s/files/1/0943/6856/3585/files/94992-3_2.jpg?v=1784941872	118.00 CHF	in stock	10	8003558499229	LuxeStyle	new	Kostüme & Verkleidung	1-3 Werktage (Lager Schweiz)
fortura-94992-3	piraten-paradefrack-fur-herren-fgss4992	Piraten Paradefrack für Herren – L	Piraten Paradefrack für Herren – hochwertige Qualität ab Schweizer Lager. Details Marke: Widmann Warum bei LuxeStyle kaufen? 🇨🇭 Versand aus der Schweiz – Lieferung in nur 1–2 Werktagen (DPD) ↩️ 30 Tage Rückgaberecht 🔒 Kauf auf Rechnung mit Klarna · TWINT · Karten · PayPal · Apple Pay 💬 Schweizer Support: info@luxestyle.ch	https://luxestyle.ch/products/piraten-paradefrack-fur-herren-fgss4992?variant=55970729132417	https://cdn.shopify.com/s/files/1/0943/6856/3585/files/949920_1_c8c6d70e-b9bb-472f-818e-04cccffeba6b.jpg?v=1784840351	https://cdn.shopify.com/s/files/1/0943/6856/3585/files/94992-2_2.jpg?v=1784941872,https://cdn.shopify.com/s/files/1/0943/6856/3585/files/94992-2_3.jpg?v=1784941872,https://cdn.shopify.com/s/files/1/0943/6856/3585/files/94992-2_4.jpg?v=1784941872,https://cdn.shopify.com/s/files/1/0943/6856/3585/files/94992-3_2.jpg?v=1784941872	118.00 CHF	in stock	12	8003558499236	LuxeStyle	new	Kostüme & Verkleidung	1-3 Werktage (Lager Schweiz)
fortura-94992-4	piraten-paradefrack-fur-herren-fgss4992	Piraten Paradefrack für Herren – XL	Piraten Paradefrack für Herren – hochwertige Qualität ab Schweizer Lager. Details Marke: Widmann Warum bei LuxeStyle kaufen? 🇨🇭 Versand aus der Schweiz – Lieferung in nur 1–2 Werktagen (DPD) ↩️ 30 Tage Rückgaberecht 🔒 Kauf auf Rechnung mit Klarna · TWINT · Karten · PayPal · Apple Pay 💬 Schweizer Support: info@luxestyle.ch	https://luxestyle.ch/products/piraten-paradefrack-fur-herren-fgss4992?variant=55970729165185	https://cdn.shopify.com/s/files/1/0943/6856/3585/files/949920_1_c8c6d70e-b9bb-472f-818e-04cccffeba6b.jpg?v=1784840351	https://cdn.shopify.com/s/files/1/0943/6856/3585/files/94992-2_2.jpg?v=1784941872,https://cdn.shopify.com/s/files/1/0943/6856/3585/files/94992-2_3.jpg?v=1784941872,https://cdn.shopify.com/s/files/1/0943/6856/3585/files/94992-2_4.jpg?v=1784941872,https://cdn.shopify.com/s/files/1/0943/6856/3585/files/94992-3_2.jpg?v=1784941872	118.00 CHF	in stock	12	8003558499243	LuxeStyle	new	Kostüme & Verkleidung	1-3 Werktage (Lager Schweiz)
fortura-949920	piraten-paradefrack-fur-herren-fgss4992	Piraten Paradefrack für Herren – XXL	Piraten Paradefrack für Herren – hochwertige Qualität ab Schweizer Lager. Details Marke: Widmann Warum bei LuxeStyle kaufen? 🇨🇭 Versand aus der Schweiz – Lieferung in nur 1–2 Werktagen (DPD) ↩️ 30 Tage Rückgaberecht 🔒 Kauf auf Rechnung mit Klarna · TWINT · Karten · PayPal · Apple Pay 💬 Schweizer Support: info@luxestyle.ch	https://luxestyle.ch/products/piraten-paradefrack-fur-herren-fgss4992?variant=55970729197953	https://cdn.shopify.com/s/files/1/0943/6856/3585/files/949920_1_c8c6d70e-b9bb-472f-818e-04cccffeba6b.jpg?v=1784840351	https://cdn.shopify.com/s/files/1/0943/6856/3585/files/94992-2_2.jpg?v=1784941872,https://cdn.shopify.com/s/files/1/0943/6856/3585/files/94992-2_3.jpg?v=1784941872,https://cdn.shopify.com/s/files/1/0943/6856/3585/files/94992-2_4.jpg?v=1784941872,https://cdn.shopify.com/s/files/1/0943/6856/3585/files/94992-3_2.jpg?v=1784941872	118.00 CHF	in stock	6	8003558499205	LuxeStyle	new	Kostüme & Verkleidung	1-3 Werktage (Lager Schweiz)
fortura-95010-1	frack-dia-de-los-muertos-dame-fgss5010	Frack Dia de los muertos Dame – S	Frack Dia de los muertos Dame – hochwertige Qualität ab Schweizer Lager. Details Marke: Widmann Warum bei LuxeStyle kaufen? 🇨🇭 Versand aus der Schweiz – Lieferung in nur 1–2 Werktagen (DPD) ↩️ 30 Tage Rückgaberecht 🔒 Kauf auf Rechnung mit Klarna · TWINT · Karten · PayPal · Apple Pay 💬 Schweizer Support: info@luxestyle.ch	https://luxestyle.ch/products/frack-dia-de-los-muertos-dame-fgss5010?variant=55970729329025	https://cdn.shopify.com/s/files/1/0943/6856/3585/files/950100_1_a07fdc2f-31bd-45d3-858f-594d98ae56b5.jpg?v=1784840353	https://cdn.shopify.com/s/files/1/0943/6856/3585/files/95010-1_2.jpg?v=1784941875,https://cdn.shopify.com/s/files/1/0943/6856/3585/files/95010-1_3.jpg?v=1784941875,https://cdn.shopify.com/s/files/1/0943/6856/3585/files/95010-2_2.jpg?v=1784941875,https://cdn.shopify.com/s/files/1/0943/6856/3585/files/95010-2_3.jpg?v=1784941875	118.00 CHF	in stock	7	8003558501014	LuxeStyle	new	Kostüme & Verkleidung	1-3 Werktage (Lager Schweiz)
fortura-95010-2	frack-dia-de-los-muertos-dame-fgss5010	Frack Dia de los muertos Dame – M	Frack Dia de los muertos Dame – hochwertige Qualität ab Schweizer Lager. Details Marke: Widmann Warum bei LuxeStyle kaufen? 🇨🇭 Versand aus der Schweiz – Lieferung in nur 1–2 Werktagen (DPD) ↩️ 30 Tage Rückgaberecht 🔒 Kauf auf Rechnung mit Klarna · TWINT · Karten · PayPal · Apple Pay 💬 Schweizer Support: info@luxestyle.ch	https://luxestyle.ch/products/frack-dia-de-los-muertos-dame-fgss5010?variant=55970729361793	https://cdn.shopify.com/s/files/1/0943/6856/3585/files/950100_1_a07fdc2f-31bd-45d3-858f-594d98ae56b5.jpg?v=1784840353	https://cdn.shopify.com/s/files/1/0943/6856/3585/files/95010-1_2.jpg?v=1784941875,https://cdn.shopify.com/s/files/1/0943/6856/3585/files/95010-1_3.jpg?v=1784941875,https://cdn.shopify.com/s/files/1/0943/6856/3585/files/95010-2_2.jpg?v=1784941875,https://cdn.shopify.com/s/files/1/0943/6856/3585/files/95010-2_3.jpg?v=1784941875	118.00 CHF	in stock	6	8003558501021	LuxeStyle	new	Kostüme & Verkleidung	1-3 Werktage (Lager Schweiz)
fortura-95010-3	frack-dia-de-los-muertos-dame-fgss5010	Frack Dia de los muertos Dame – L	Frack Dia de los muertos Dame – hochwertige Qualität ab Schweizer Lager. Details Marke: Widmann Warum bei LuxeStyle kaufen? 🇨🇭 Versand aus der Schweiz – Lieferung in nur 1–2 Werktagen (DPD) ↩️ 30 Tage Rückgaberecht 🔒 Kauf auf Rechnung mit Klarna · TWINT · Karten · PayPal · Apple Pay 💬 Schweizer Support: info@luxestyle.ch	https://luxestyle.ch/products/frack-dia-de-los-muertos-dame-fgss5010?variant=55970729394561	https://cdn.shopify.com/s/files/1/0943/6856/3585/files/950100_1_a07fdc2f-31bd-45d3-858f-594d98ae56b5.jpg?v=1784840353	https://cdn.shopify.com/s/files/1/0943/6856/3585/files/95010-1_2.jpg?v=1784941875,https://cdn.shopify.com/s/files/1/0943/6856/3585/files/95010-1_3.jpg?v=1784941875,https://cdn.shopify.com/s/files/1/0943/6856/3585/files/95010-2_2.jpg?v=1784941875,https://cdn.shopify.com/s/files/1/0943/6856/3585/files/95010-2_3.jpg?v=1784941875	118.00 CHF	in stock	4	8003558501038	LuxeStyle	new	Kostüme & Verkleidung	1-3 Werktage (Lager Schweiz)
fortura-95010-4	frack-dia-de-los-muertos-dame-fgss5010	Frack Dia de los muertos Dame – XL	Frack Dia de los muertos Dame – hochwertige Qualität ab Schweizer Lager. Details Marke: Widmann Warum bei LuxeStyle kaufen? 🇨🇭 Versand aus der Schweiz – Lieferung in nur 1–2 Werktagen (DPD) ↩️ 30 Tage Rückgaberecht 🔒 Kauf auf Rechnung mit Klarna · TWINT · Karten · PayPal · Apple Pay 💬 Schweizer Support: info@luxestyle.ch	https://luxestyle.ch/products/frack-dia-de-los-muertos-dame-fgss5010?variant=55970729427329	https://cdn.shopify.com/s/files/1/0943/6856/3585/files/950100_1_a07fdc2f-31bd-45d3-858f-594d98ae56b5.jpg?v=1784840353	https://cdn.shopify.com/s/files/1/0943/6856/3585/files/95010-1_2.jpg?v=1784941875,https://cdn.shopify.com/s/files/1/0943/6856/3585/files/95010-1_3.jpg?v=1784941875,https://cdn.shopify.com/s/files/1/0943/6856/3585/files/95010-2_2.jpg?v=1784941875,https://cdn.shopify.com/s/files/1/0943/6856/3585/files/95010-2_3.jpg?v=1784941875	118.00 CHF	in stock	10	8003558501045	LuxeStyle	new	Kostüme & Verkleidung	1-3 Werktage (Lager Schweiz)
fortura-950100	frack-dia-de-los-muertos-dame-fgss5010	Frack Dia de los muertos Dame – XXL	Frack Dia de los muertos Dame – hochwertige Qualität ab Schweizer Lager. Details Marke: Widmann Warum bei LuxeStyle kaufen? 🇨🇭 Versand aus der Schweiz – Lieferung in nur 1–2 Werktagen (DPD) ↩️ 30 Tage Rückgaberecht 🔒 Kauf auf Rechnung mit Klarna · TWINT · Karten · PayPal · Apple Pay 💬 Schweizer Support: info@luxestyle.ch	https://luxestyle.ch/products/frack-dia-de-los-muertos-dame-fgss5010?variant=55970729460097	https://cdn.shopify.com/s/files/1/0943/6856/3585/files/950100_1_a07fdc2f-31bd-45d3-858f-594d98ae56b5.jpg?v=1784840353	https://cdn.shopify.com/s/files/1/0943/6856/3585/files/95010-1_2.jpg?v=1784941875,https://cdn.shopify.com/s/files/1/0943/6856/3585/files/95010-1_3.jpg?v=1784941875,https://cdn.shopify.com/s/files/1/0943/6856/3585/files/95010-2_2.jpg?v=1784941875,https://cdn.shopify.com/s/files/1/0943/6856/3585/files/95010-2_3.jpg?v=1784941875	118.00 CHF	in stock	15	8003558501007	LuxeStyle	new	Kostüme & Verkleidung	1-3 Werktage (Lager Schweiz)
fortura-95145-2	paradefrack-fur-herren-fgss5145	Paradefrack für Herren – M	Paradefrack für Herren – hochwertige Qualität ab Schweizer Lager. Details Marke: Widmann Warum bei LuxeStyle kaufen? 🇨🇭 Versand aus der Schweiz – Lieferung in nur 1–2 Werktagen (DPD) ↩️ 30 Tage Rückgaberecht 🔒 Kauf auf Rechnung mit Klarna · TWINT · Karten · PayPal · Apple Pay 💬 Schweizer Support: info@luxestyle.ch	https://luxestyle.ch/products/paradefrack-fur-herren-fgss5145?variant=55970729689473	https://cdn.shopify.com/s/files/1/0943/6856/3585/files/95145-2_1.jpg?v=1784840356	https://cdn.shopify.com/s/files/1/0943/6856/3585/files/95145-2_2.jpg?v=1784941880,https://cdn.shopify.com/s/files/1/0943/6856/3585/files/95145-3_2.jpg?v=1784941880,https://cdn.shopify.com/s/files/1/0943/6856/3585/files/95145-4_2.jpg?v=1784941880	118.00 CHF	in stock	7	8003558514526	LuxeStyle	new	Kostüme & Verkleidung	1-3 Werktage (Lager Schweiz)
fortura-95145-3	paradefrack-fur-herren-fgss5145	Paradefrack für Herren – L	Paradefrack für Herren – hochwertige Qualität ab Schweizer Lager. Details Marke: Widmann Warum bei LuxeStyle kaufen? 🇨🇭 Versand aus der Schweiz – Lieferung in nur 1–2 Werktagen (DPD) ↩️ 30 Tage Rückgaberecht 🔒 Kauf auf Rechnung mit Klarna · TWINT · Karten · PayPal · Apple Pay 💬 Schweizer Support: info@luxestyle.ch	https://luxestyle.ch/products/paradefrack-fur-herren-fgss5145?variant=55970729722241	https://cdn.shopify.com/s/files/1/0943/6856/3585/files/95145-2_1.jpg?v=1784840356	https://cdn.shopify.com/s/files/1/0943/6856/3585/files/95145-2_2.jpg?v=1784941880,https://cdn.shopify.com/s/files/1/0943/6856/3585/files/95145-3_2.jpg?v=1784941880,https://cdn.shopify.com/s/files/1/0943/6856/3585/files/95145-4_2.jpg?v=1784941880	118.00 CHF	in stock	8	8003558514533	LuxeStyle	new	Kostüme & Verkleidung	1-3 Werktage (Lager Schweiz)
fortura-95145-4	paradefrack-fur-herren-fgss5145	Paradefrack für Herren – XL	Paradefrack für Herren – hochwertige Qualität ab Schweizer Lager. Details Marke: Widmann Warum bei LuxeStyle kaufen? 🇨🇭 Versand aus der Schweiz – Lieferung in nur 1–2 Werktagen (DPD) ↩️ 30 Tage Rückgaberecht 🔒 Kauf auf Rechnung mit Klarna · TWINT · Karten · PayPal · Apple Pay 💬 Schweizer Support: info@luxestyle.ch	https://luxestyle.ch/products/paradefrack-fur-herren-fgss5145?variant=55970729755009	https://cdn.shopify.com/s/files/1/0943/6856/3585/files/95145-2_1.jpg?v=1784840356	https://cdn.shopify.com/s/files/1/0943/6856/3585/files/95145-2_2.jpg?v=1784941880,https://cdn.shopify.com/s/files/1/0943/6856/3585/files/95145-3_2.jpg?v=1784941880,https://cdn.shopify.com/s/files/1/0943/6856/3585/files/95145-4_2.jpg?v=1784941880	118.00 CHF	in stock	9	8003558514540	LuxeStyle	new	Kostüme & Verkleidung	1-3 Werktage (Lager Schweiz)
fortura-97279-2	verfuhrerisches-vampirinkostum-fgss7279	Verführerisches Vampirinkostüm	Seie die schöne Prinzessin der Vampire. Kein Prinz wird dir davonlaufen, wenn er dich in diesem langen und bezaubernden Kleid erblickt. Ein Kragen gehört zum Kostüm dazu und macht es komplett. Dieses schwarz/rote Kleid passt perfekt zu Halloween. Details Marke: Widmann Farbe: mehrfarbig Anlass: Fasnacht Lieferumfang: Kleid mit Kragen Warum bei LuxeStyle kaufen? 🇨🇭 Versand aus der Schweiz – Lieferung in nur 1–2 Werktagen (DPD) ↩️ 30 Tage Rückgaberecht 🔒 Kauf auf Rechnung mit Klarna · TWINT · Karten · PayPal · Apple Pay 💬 Schweizer Support: info@luxestyle.ch	https://luxestyle.ch/products/verfuhrerisches-vampirinkostum-fgss7279?variant=55970729886081	https://cdn.shopify.com/s/files/1/0943/6856/3585/files/97279-2_2.jpg?v=1784941881	https://cdn.shopify.com/s/files/1/0943/6856/3585/files/97279-2_1_3332957b-284f-4898-8b63-a2c8f4f93f10.jpg?v=1784840355	110.00 CHF	in stock	1	8003558727926	LuxeStyle	new	Kostüme & Verkleidung	1-3 Werktage (Lager Schweiz)
fortura-953641	kostum-anzug-gold-fgss5364	Kostüm Anzug gold – S	Kostüm Anzug gold – hochwertige Qualität ab Schweizer Lager. Details Marke: Widmann Warum bei LuxeStyle kaufen? 🇨🇭 Versand aus der Schweiz – Lieferung in nur 1–2 Werktagen (DPD) ↩️ 30 Tage Rückgaberecht 🔒 Kauf auf Rechnung mit Klarna · TWINT · Karten · PayPal · Apple Pay 💬 Schweizer Support: info@luxestyle.ch	https://luxestyle.ch/products/kostum-anzug-gold-fgss5364?variant=55970730606977	https://cdn.shopify.com/s/files/1/0943/6856/3585/files/953642_2.jpg?v=1784941886	https://cdn.shopify.com/s/files/1/0943/6856/3585/files/953640_1_a33381e9-6182-4523-9dae-192496619b2c.jpg?v=1784840358,https://cdn.shopify.com/s/files/1/0943/6856/3585/files/95364-3_2.jpg?v=1784941886,https://cdn.shopify.com/s/files/1/0943/6856/3585/files/95364-4_2.jpg?v=1784941886,https://cdn.shopify.com/s/files/1/0943/6856/3585/files/953640_2.jpg?v=1784941886	72.90 CHF	in stock	10	8003558536412	LuxeStyle	new	Kostüme & Verkleidung	1-3 Werktage (Lager Schweiz)
fortura-953642	kostum-anzug-gold-fgss5364	Kostüm Anzug gold – M	Kostüm Anzug gold – hochwertige Qualität ab Schweizer Lager. Details Marke: Widmann Warum bei LuxeStyle kaufen? 🇨🇭 Versand aus der Schweiz – Lieferung in nur 1–2 Werktagen (DPD) ↩️ 30 Tage Rückgaberecht 🔒 Kauf auf Rechnung mit Klarna · TWINT · Karten · PayPal · Apple Pay 💬 Schweizer Support: info@luxestyle.ch	https://luxestyle.ch/products/kostum-anzug-gold-fgss5364?variant=55970730639745	https://cdn.shopify.com/s/files/1/0943/6856/3585/files/953642_2.jpg?v=1784941886	https://cdn.shopify.com/s/files/1/0943/6856/3585/files/953640_1_a33381e9-6182-4523-9dae-192496619b2c.jpg?v=1784840358,https://cdn.shopify.com/s/files/1/0943/6856/3585/files/95364-3_2.jpg?v=1784941886,https://cdn.shopify.com/s/files/1/0943/6856/3585/files/95364-4_2.jpg?v=1784941886,https://cdn.shopify.com/s/files/1/0943/6856/3585/files/953640_2.jpg?v=1784941886	72.90 CHF	in stock	5	8003558536429	LuxeStyle	new	Kostüme & Verkleidung	1-3 Werktage (Lager Schweiz)
fortura-95364-3	kostum-anzug-gold-fgss5364	Kostüm Anzug gold – L	Kostüm Anzug gold – hochwertige Qualität ab Schweizer Lager. Details Marke: Widmann Warum bei LuxeStyle kaufen? 🇨🇭 Versand aus der Schweiz – Lieferung in nur 1–2 Werktagen (DPD) ↩️ 30 Tage Rückgaberecht 🔒 Kauf auf Rechnung mit Klarna · TWINT · Karten · PayPal · Apple Pay 💬 Schweizer Support: info@luxestyle.ch	https://luxestyle.ch/products/kostum-anzug-gold-fgss5364?variant=55970730672513	https://cdn.shopify.com/s/files/1/0943/6856/3585/files/953642_2.jpg?v=1784941886	https://cdn.shopify.com/s/files/1/0943/6856/3585/files/953640_1_a33381e9-6182-4523-9dae-192496619b2c.jpg?v=1784840358,https://cdn.shopify.com/s/files/1/0943/6856/3585/files/95364-3_2.jpg?v=1784941886,https://cdn.shopify.com/s/files/1/0943/6856/3585/files/95364-4_2.jpg?v=1784941886,https://cdn.shopify.com/s/files/1/0943/6856/3585/files/953640_2.jpg?v=1784941886	72.90 CHF	in stock	13	8003558536436	LuxeStyle	new	Kostüme & Verkleidung	1-3 Werktage (Lager Schweiz)
fortura-95364-4	kostum-anzug-gold-fgss5364	Kostüm Anzug gold – XL	Kostüm Anzug gold – hochwertige Qualität ab Schweizer Lager. Details Marke: Widmann Warum bei LuxeStyle kaufen? 🇨🇭 Versand aus der Schweiz – Lieferung in nur 1–2 Werktagen (DPD) ↩️ 30 Tage Rückgaberecht 🔒 Kauf auf Rechnung mit Klarna · TWINT · Karten · PayPal · Apple Pay 💬 Schweizer Support: info@luxestyle.ch	https://luxestyle.ch/products/kostum-anzug-gold-fgss5364?variant=55970730705281	https://cdn.shopify.com/s/files/1/0943/6856/3585/files/953642_2.jpg?v=1784941886	https://cdn.shopify.com/s/files/1/0943/6856/3585/files/953640_1_a33381e9-6182-4523-9dae-192496619b2c.jpg?v=1784840358,https://cdn.shopify.com/s/files/1/0943/6856/3585/files/95364-3_2.jpg?v=1784941886,https://cdn.shopify.com/s/files/1/0943/6856/3585/files/95364-4_2.jpg?v=1784941886,https://cdn.shopify.com/s/files/1/0943/6856/3585/files/953640_2.jpg?v=1784941886	78.90 CHF	in stock	7	8003558536443	LuxeStyle	new	Kostüme & Verkleidung	1-3 Werktage (Lager Schweiz)
fortura-953640	kostum-anzug-gold-fgss5364	Kostüm Anzug gold – XXL	Kostüm Anzug gold – hochwertige Qualität ab Schweizer Lager. Details Marke: Widmann Warum bei LuxeStyle kaufen? 🇨🇭 Versand aus der Schweiz – Lieferung in nur 1–2 Werktagen (DPD) ↩️ 30 Tage Rückgaberecht 🔒 Kauf auf Rechnung mit Klarna · TWINT · Karten · PayPal · Apple Pay 💬 Schweizer Support: info@luxestyle.ch	https://luxestyle.ch/products/kostum-anzug-gold-fgss5364?variant=55970730738049	https://cdn.shopify.com/s/files/1/0943/6856/3585/files/953642_2.jpg?v=1784941886	https://cdn.shopify.com/s/files/1/0943/6856/3585/files/953640_1_a33381e9-6182-4523-9dae-192496619b2c.jpg?v=1784840358,https://cdn.shopify.com/s/files/1/0943/6856/3585/files/95364-3_2.jpg?v=1784941886,https://cdn.shopify.com/s/files/1/0943/6856/3585/files/95364-4_2.jpg?v=1784941886,https://cdn.shopify.com/s/files/1/0943/6856/3585/files/953640_2.jpg?v=1784941886	78.90 CHF	in stock	5	8003558536405	LuxeStyle	new	Kostüme & Verkleidung	1-3 Werktage (Lager Schweiz)
fortura-BO83590	kostum-blumen-willow-mann-fgssbo8359	Kostüm Blumen Willow Mann – 50/52	Kostüm Blumen Willow Mann – hochwertige Qualität ab Schweizer Lager. Warum bei LuxeStyle kaufen? 🇨🇭 Versand aus der Schweiz – Lieferung in nur 1–2 Werktagen (DPD) ↩️ 30 Tage Rückgaberecht 🔒 Kauf auf Rechnung mit Klarna · TWINT · Karten · PayPal · Apple Pay 💬 Schweizer Support: info@luxestyle.ch	https://luxestyle.ch/products/kostum-blumen-willow-mann-fgssbo8359?variant=55970730803585	https://cdn.shopify.com/s/files/1/0943/6856/3585/files/BO83590_1_a61ba6ff-7a2a-48d8-9987-48cdd60ae7ce.jpg?v=1784840358	https://cdn.shopify.com/s/files/1/0943/6856/3585/files/BO83590_2_da4e084b-860c-410f-8514-e43c44326036.jpg?v=1784941888,https://cdn.shopify.com/s/files/1/0943/6856/3585/files/BO83591_2_23e1df51-e40b-4c9e-8129-05eb647008bd.jpg?v=1784941888	76.90 CHF	in stock	4	8712026835901	LuxeStyle	new	Kostüme & Verkleidung	1-3 Werktage (Lager Schweiz)
fortura-BO83591	kostum-blumen-willow-mann-fgssbo8359	Kostüm Blumen Willow Mann – 54/56	Kostüm Blumen Willow Mann – hochwertige Qualität ab Schweizer Lager. Warum bei LuxeStyle kaufen? 🇨🇭 Versand aus der Schweiz – Lieferung in nur 1–2 Werktagen (DPD) ↩️ 30 Tage Rückgaberecht 🔒 Kauf auf Rechnung mit Klarna · TWINT · Karten · PayPal · Apple Pay 💬 Schweizer Support: info@luxestyle.ch	https://luxestyle.ch/products/kostum-blumen-willow-mann-fgssbo8359?variant=55970730836353	https://cdn.shopify.com/s/files/1/0943/6856/3585/files/BO83590_1_a61ba6ff-7a2a-48d8-9987-48cdd60ae7ce.jpg?v=1784840358	https://cdn.shopify.com/s/files/1/0943/6856/3585/files/BO83590_2_da4e084b-860c-410f-8514-e43c44326036.jpg?v=1784941888,https://cdn.shopify.com/s/files/1/0943/6856/3585/files/BO83591_2_23e1df51-e40b-4c9e-8129-05eb647008bd.jpg?v=1784941888	76.90 CHF	in stock	10	8712026835918	LuxeStyle	new	Kostüme & Verkleidung	1-3 Werktage (Lager Schweiz)
fortura-BO83772	kostum-mit-kapuze-mittelalter-fgssbo8377	Kostüm mit Kapuze Mittelalter – 36-38	Kostüm mit Kapuze Mittelalter – hochwertige Qualität ab Schweizer Lager. Warum bei LuxeStyle kaufen? 🇨🇭 Versand aus der Schweiz – Lieferung in nur 1–2 Werktagen (DPD) ↩️ 30 Tage Rückgaberecht 🔒 Kauf auf Rechnung mit Klarna · TWINT · Karten · PayPal · Apple Pay 💬 Schweizer Support: info@luxestyle.ch	https://luxestyle.ch/products/kostum-mit-kapuze-mittelalter-fgssbo8377?variant=55970731131265	https://cdn.shopify.com/s/files/1/0943/6856/3585/files/BO83772_1_0e4a5ba9-5ed8-4336-8fc7-15925ae264ff.jpg?v=1784840363		57.90 CHF	in stock	10	8712026837721	LuxeStyle	new	Kostüme & Verkleidung	1-3 Werktage (Lager Schweiz)
fortura-BO83773	kostum-mit-kapuze-mittelalter-fgssbo8377	Kostüm mit Kapuze Mittelalter – 40/42	Kostüm mit Kapuze Mittelalter – hochwertige Qualität ab Schweizer Lager. Warum bei LuxeStyle kaufen? 🇨🇭 Versand aus der Schweiz – Lieferung in nur 1–2 Werktagen (DPD) ↩️ 30 Tage Rückgaberecht 🔒 Kauf auf Rechnung mit Klarna · TWINT · Karten · PayPal · Apple Pay 💬 Schweizer Support: info@luxestyle.ch	https://luxestyle.ch/products/kostum-mit-kapuze-mittelalter-fgssbo8377?variant=55970731164033	https://cdn.shopify.com/s/files/1/0943/6856/3585/files/BO83772_1_0e4a5ba9-5ed8-4336-8fc7-15925ae264ff.jpg?v=1784840363		57.90 CHF	in stock	13	8712026837738	LuxeStyle	new	Kostüme & Verkleidung	1-3 Werktage (Lager Schweiz)
fortura-BO83774	kostum-mit-kapuze-mittelalter-fgssbo8377	Kostüm mit Kapuze Mittelalter – 44/46	Kostüm mit Kapuze Mittelalter – hochwertige Qualität ab Schweizer Lager. Warum bei LuxeStyle kaufen? 🇨🇭 Versand aus der Schweiz – Lieferung in nur 1–2 Werktagen (DPD) ↩️ 30 Tage Rückgaberecht 🔒 Kauf auf Rechnung mit Klarna · TWINT · Karten · PayPal · Apple Pay 💬 Schweizer Support: info@luxestyle.ch	https://luxestyle.ch/products/kostum-mit-kapuze-mittelalter-fgssbo8377?variant=55970731196801	https://cdn.shopify.com/s/files/1/0943/6856/3585/files/BO83772_1_0e4a5ba9-5ed8-4336-8fc7-15925ae264ff.jpg?v=1784840363		57.90 CHF	in stock	3	8712026837745	LuxeStyle	new	Kostüme & Verkleidung	1-3 Werktage (Lager Schweiz)
fortura-BO83775	overall-kampfjetpilot-grun-fgssbo83777	Overall Kampfjetpilot grün – 50/52	Overall Kampfjetpilot grün – hochwertige Qualität ab Schweizer Lager. Warum bei LuxeStyle kaufen? 🇨🇭 Versand aus der Schweiz – Lieferung in nur 1–2 Werktagen (DPD) ↩️ 30 Tage Rückgaberecht 🔒 Kauf auf Rechnung mit Klarna · TWINT · Karten · PayPal · Apple Pay 💬 Schweizer Support: info@luxestyle.ch	https://luxestyle.ch/products/overall-kampfjetpilot-grun-fgssbo83777?variant=55970731458945	https://cdn.shopify.com/s/files/1/0943/6856/3585/files/BO83775_1_29e6ff2e-4820-427a-9145-ad7ddd7909e1.jpg?v=1784840365	https://cdn.shopify.com/s/files/1/0943/6856/3585/files/BO83775_2.jpg?v=1784941904,https://cdn.shopify.com/s/files/1/0943/6856/3585/files/BO83775_3.jpg?v=1784941904,https://cdn.shopify.com/s/files/1/0943/6856/3585/files/BO83776_2.jpg?v=1784941903,https://cdn.shopify.com/s/files/1/0943/6856/3585/files/BO83776_3.jpg?v=1784941903	61.90 CHF	in stock	15	8712026837752	LuxeStyle	new	Kostüme & Verkleidung	1-3 Werktage (Lager Schweiz)
fortura-BO83776	overall-kampfjetpilot-grun-fgssbo83777	Overall Kampfjetpilot grün – 54/56	Overall Kampfjetpilot grün – hochwertige Qualität ab Schweizer Lager. Warum bei LuxeStyle kaufen? 🇨🇭 Versand aus der Schweiz – Lieferung in nur 1–2 Werktagen (DPD) ↩️ 30 Tage Rückgaberecht 🔒 Kauf auf Rechnung mit Klarna · TWINT · Karten · PayPal · Apple Pay 💬 Schweizer Support: info@luxestyle.ch	https://luxestyle.ch/products/overall-kampfjetpilot-grun-fgssbo83777?variant=55970731491713	https://cdn.shopify.com/s/files/1/0943/6856/3585/files/BO83775_1_29e6ff2e-4820-427a-9145-ad7ddd7909e1.jpg?v=1784840365	https://cdn.shopify.com/s/files/1/0943/6856/3585/files/BO83775_2.jpg?v=1784941904,https://cdn.shopify.com/s/files/1/0943/6856/3585/files/BO83775_3.jpg?v=1784941904,https://cdn.shopify.com/s/files/1/0943/6856/3585/files/BO83776_2.jpg?v=1784941903,https://cdn.shopify.com/s/files/1/0943/6856/3585/files/BO83776_3.jpg?v=1784941903	61.90 CHF	in stock	13	8712026837769	LuxeStyle	new	Kostüme & Verkleidung	1-3 Werktage (Lager Schweiz)
fortura-BO83777	overall-kampfjetpilot-grun-fgssbo83777	Overall Kampfjetpilot grün – 58/60	Overall Kampfjetpilot grün – hochwertige Qualität ab Schweizer Lager. Warum bei LuxeStyle kaufen? 🇨🇭 Versand aus der Schweiz – Lieferung in nur 1–2 Werktagen (DPD) ↩️ 30 Tage Rückgaberecht 🔒 Kauf auf Rechnung mit Klarna · TWINT · Karten · PayPal · Apple Pay 💬 Schweizer Support: info@luxestyle.ch	https://luxestyle.ch/products/overall-kampfjetpilot-grun-fgssbo83777?variant=55970731524481	https://cdn.shopify.com/s/files/1/0943/6856/3585/files/BO83775_1_29e6ff2e-4820-427a-9145-ad7ddd7909e1.jpg?v=1784840365	https://cdn.shopify.com/s/files/1/0943/6856/3585/files/BO83775_2.jpg?v=1784941904,https://cdn.shopify.com/s/files/1/0943/6856/3585/files/BO83775_3.jpg?v=1784941904,https://cdn.shopify.com/s/files/1/0943/6856/3585/files/BO83776_2.jpg?v=1784941903,https://cdn.shopify.com/s/files/1/0943/6856/3585/files/BO83776_3.jpg?v=1784941903	61.90 CHF	in stock	15	8712026837776	LuxeStyle	new	Kostüme & Verkleidung	1-3 Werktage (Lager Schweiz)
fortura-BO84044	kostum-happy-hippie-fgssbo8404	Kostüm Happy Hippie – S	Kostüm Happy Hippie – hochwertige Qualität ab Schweizer Lager. Warum bei LuxeStyle kaufen? 🇨🇭 Versand aus der Schweiz – Lieferung in nur 1–2 Werktagen (DPD) ↩️ 30 Tage Rückgaberecht 🔒 Kauf auf Rechnung mit Klarna · TWINT · Karten · PayPal · Apple Pay 💬 Schweizer Support: info@luxestyle.ch	https://luxestyle.ch/products/kostum-happy-hippie-fgssbo8404?variant=55970732933505	https://cdn.shopify.com/s/files/1/0943/6856/3585/files/BO84044_1_784237d0-1057-417a-899a-f3bb205eaf49.jpg?v=1784840378		72.90 CHF	in stock	8	8712026840448	LuxeStyle	new	Kostüme & Verkleidung	1-3 Werktage (Lager Schweiz)
fortura-BO84045	kostum-happy-hippie-fgssbo8404	Kostüm Happy Hippie – M/L	Kostüm Happy Hippie – hochwertige Qualität ab Schweizer Lager. Warum bei LuxeStyle kaufen? 🇨🇭 Versand aus der Schweiz – Lieferung in nur 1–2 Werktagen (DPD) ↩️ 30 Tage Rückgaberecht 🔒 Kauf auf Rechnung mit Klarna · TWINT · Karten · PayPal · Apple Pay 💬 Schweizer Support: info@luxestyle.ch	https://luxestyle.ch/products/kostum-happy-hippie-fgssbo8404?variant=55970732966273	https://cdn.shopify.com/s/files/1/0943/6856/3585/files/BO84044_1_784237d0-1057-417a-899a-f3bb205eaf49.jpg?v=1784840378		72.90 CHF	in stock	4	8712026840455	LuxeStyle	new	Kostüme & Verkleidung	1-3 Werktage (Lager Schweiz)
fortura-BO84046	kostum-happy-hippie-fgssbo8404	Kostüm Happy Hippie – XL	Kostüm Happy Hippie – hochwertige Qualität ab Schweizer Lager. Warum bei LuxeStyle kaufen? 🇨🇭 Versand aus der Schweiz – Lieferung in nur 1–2 Werktagen (DPD) ↩️ 30 Tage Rückgaberecht 🔒 Kauf auf Rechnung mit Klarna · TWINT · Karten · PayPal · Apple Pay 💬 Schweizer Support: info@luxestyle.ch	https://luxestyle.ch/products/kostum-happy-hippie-fgssbo8404?variant=55970732999041	https://cdn.shopify.com/s/files/1/0943/6856/3585/files/BO84044_1_784237d0-1057-417a-899a-f3bb205eaf49.jpg?v=1784840378		72.90 CHF	in stock	4	8712026840462	LuxeStyle	new	Kostüme & Verkleidung	1-3 Werktage (Lager Schweiz)
fortura-99880-1	pinkiger-80er-jahre-trainingsanzug-fgss9880	Pinkiger 80er Jahre Trainingsanzug – S	Das 80er Jahre Trainingsanzug Kostüm in Pink ist die perfekte Wahl für alle, die eine Party im Retro-Stil besuchen oder einfach nur in die 80er Jahre zurückkehren möchten. Dieses Kostüm besteht aus einer Jacke und einer Hose und ist in der Grösse S erhältlich. Die Jacke und Hose sind in einem leuchtenden Pink gehalten und mit weissen Streifen und Bündchen verziert, um den klassischen 80er Jahre Look zu kreieren. Das Material ist weich und bequem zu tragen, so dass du dich den ganzen Abend wohl fühlen wirst. Dieses Kostüm ist ideal für Themenpartys, Karneval oder Halloween, aber auch für andere Veranstaltungen, bei denen du dich in die 80er Jahre zurückversetzen möchtest. Es ist eine tolle Möglichkeit, um Spass zu haben und gleichzeitig stilvoll und auffällig zu sein. Der Trainingsanzug ist einfach anzuziehen und bietet viel Bewegungsfreiheit, so dass du dich den ganzen Abend lang bequem darin fühlen wirst. Kombiniere das Kostüm mit einem Paar Turnschuhe und einer grossen Sonnenbrille, um den perfekten 80er Jahre Look zu kreieren. Insgesamt ist das 80er Jahre Trainingsanzug Kostüm in Pink eine grossartige Wahl für alle, die auf der Suche nach einem auffälligen und bequemen Kostüm im Retro-Stil sind. Es ist einfach anzuziehen, bequem zu tragen und wird garantiert alle Blicke auf sich ziehen. Details Marke: Widmann Farbe: pink/rosa Anlass: Mottoparty Lieferumfang: Jacke und Hose Warum bei LuxeStyle kaufen? 🇨🇭 Versand aus der Schweiz – Lieferung in nur 1–2 Werktagen (DPD) ↩️ 30 Tage Rückgaberecht 🔒 Kauf auf Rechnung mit Klarna · TWINT · Karten · PayPal · Apple Pay 💬 Schweizer Support: info@luxestyle.ch	https://luxestyle.ch/products/pinkiger-80er-jahre-trainingsanzug-fgss9880?variant=55970733130113	https://cdn.shopify.com/s/files/1/0943/6856/3585/files/99880-1_2.jpg?v=1784941929	https://cdn.shopify.com/s/files/1/0943/6856/3585/files/99880-1_1_77b3bae8-3c56-4bab-bd8f-e0c7b9a65286.jpg?v=1784840380,https://cdn.shopify.com/s/files/1/0943/6856/3585/files/99880-2_2.jpg?v=1784941929,https://cdn.shopify.com/s/files/1/0943/6856/3585/files/99880-3_2.jpg?v=1784941929,https://cdn.shopify.com/s/files/1/0943/6856/3585/files/99880-4_2.jpg?v=1784941929	48.00 CHF	in stock	25	8003558988013	LuxeStyle	new	Kostüme & Verkleidung	1-3 Werktage (Lager Schweiz)
fortura-99880-2	pinkiger-80er-jahre-trainingsanzug-fgss9880	Pinkiger 80er Jahre Trainingsanzug – M	Das 80er Jahre Trainingsanzug Kostüm in Pink ist die perfekte Wahl für alle, die eine Party im Retro-Stil besuchen oder einfach nur in die 80er Jahre zurückkehren möchten. Dieses Kostüm besteht aus einer Jacke und einer Hose und ist in der Grösse S erhältlich. Die Jacke und Hose sind in einem leuchtenden Pink gehalten und mit weissen Streifen und Bündchen verziert, um den klassischen 80er Jahre Look zu kreieren. Das Material ist weich und bequem zu tragen, so dass du dich den ganzen Abend wohl fühlen wirst. Dieses Kostüm ist ideal für Themenpartys, Karneval oder Halloween, aber auch für andere Veranstaltungen, bei denen du dich in die 80er Jahre zurückversetzen möchtest. Es ist eine tolle Möglichkeit, um Spass zu haben und gleichzeitig stilvoll und auffällig zu sein. Der Trainingsanzug ist einfach anzuziehen und bietet viel Bewegungsfreiheit, so dass du dich den ganzen Abend lang bequem darin fühlen wirst. Kombiniere das Kostüm mit einem Paar Turnschuhe und einer grossen Sonnenbrille, um den perfekten 80er Jahre Look zu kreieren. Insgesamt ist das 80er Jahre Trainingsanzug Kostüm in Pink eine grossartige Wahl für alle, die auf der Suche nach einem auffälligen und bequemen Kostüm im Retro-Stil sind. Es ist einfach anzuziehen, bequem zu tragen und wird garantiert alle Blicke auf sich ziehen. Details Marke: Widmann Farbe: pink/rosa Anlass: Mottoparty Lieferumfang: Jacke und Hose Warum bei LuxeStyle kaufen? 🇨🇭 Versand aus der Schweiz – Lieferung in nur 1–2 Werktagen (DPD) ↩️ 30 Tage Rückgaberecht 🔒 Kauf auf Rechnung mit Klarna · TWINT · Karten · PayPal · Apple Pay 💬 Schweizer Support: info@luxestyle.ch	https://luxestyle.ch/products/pinkiger-80er-jahre-trainingsanzug-fgss9880?variant=55970733162881	https://cdn.shopify.com/s/files/1/0943/6856/3585/files/99880-1_2.jpg?v=1784941929	https://cdn.shopify.com/s/files/1/0943/6856/3585/files/99880-1_1_77b3bae8-3c56-4bab-bd8f-e0c7b9a65286.jpg?v=1784840380,https://cdn.shopify.com/s/files/1/0943/6856/3585/files/99880-2_2.jpg?v=1784941929,https://cdn.shopify.com/s/files/1/0943/6856/3585/files/99880-3_2.jpg?v=1784941929,https://cdn.shopify.com/s/files/1/0943/6856/3585/files/99880-4_2.jpg?v=1784941929	48.00 CHF	in stock	19	8003558988020	LuxeStyle	new	Kostüme & Verkleidung	1-3 Werktage (Lager Schweiz)
fortura-99880-3	pinkiger-80er-jahre-trainingsanzug-fgss9880	Pinkiger 80er Jahre Trainingsanzug – L	Das 80er Jahre Trainingsanzug Kostüm in Pink ist die perfekte Wahl für alle, die eine Party im Retro-Stil besuchen oder einfach nur in die 80er Jahre zurückkehren möchten. Dieses Kostüm besteht aus einer Jacke und einer Hose und ist in der Grösse S erhältlich. Die Jacke und Hose sind in einem leuchtenden Pink gehalten und mit weissen Streifen und Bündchen verziert, um den klassischen 80er Jahre Look zu kreieren. Das Material ist weich und bequem zu tragen, so dass du dich den ganzen Abend wohl fühlen wirst. Dieses Kostüm ist ideal für Themenpartys, Karneval oder Halloween, aber auch für andere Veranstaltungen, bei denen du dich in die 80er Jahre zurückversetzen möchtest. Es ist eine tolle Möglichkeit, um Spass zu haben und gleichzeitig stilvoll und auffällig zu sein. Der Trainingsanzug ist einfach anzuziehen und bietet viel Bewegungsfreiheit, so dass du dich den ganzen Abend lang bequem darin fühlen wirst. Kombiniere das Kostüm mit einem Paar Turnschuhe und einer grossen Sonnenbrille, um den perfekten 80er Jahre Look zu kreieren. Insgesamt ist das 80er Jahre Trainingsanzug Kostüm in Pink eine grossartige Wahl für alle, die auf der Suche nach einem auffälligen und bequemen Kostüm im Retro-Stil sind. Es ist einfach anzuziehen, bequem zu tragen und wird garantiert alle Blicke auf sich ziehen. Details Marke: Widmann Farbe: pink/rosa Anlass: Mottoparty Lieferumfang: Jacke und Hose Warum bei LuxeStyle kaufen? 🇨🇭 Versand aus der Schweiz – Lieferung in nur 1–2 Werktagen (DPD) ↩️ 30 Tage Rückgaberecht 🔒 Kauf auf Rechnung mit Klarna · TWINT · Karten · PayPal · Apple Pay 💬 Schweizer Support: info@luxestyle.ch	https://luxestyle.ch/products/pinkiger-80er-jahre-trainingsanzug-fgss9880?variant=55970733195649	https://cdn.shopify.com/s/files/1/0943/6856/3585/files/99880-1_2.jpg?v=1784941929	https://cdn.shopify.com/s/files/1/0943/6856/3585/files/99880-1_1_77b3bae8-3c56-4bab-bd8f-e0c7b9a65286.jpg?v=1784840380,https://cdn.shopify.com/s/files/1/0943/6856/3585/files/99880-2_2.jpg?v=1784941929,https://cdn.shopify.com/s/files/1/0943/6856/3585/files/99880-3_2.jpg?v=1784941929,https://cdn.shopify.com/s/files/1/0943/6856/3585/files/99880-4_2.jpg?v=1784941929	48.00 CHF	in stock	25	8003558988037	LuxeStyle	new	Kostüme & Verkleidung	1-3 Werktage (Lager Schweiz)
fortura-99880-4	pinkiger-80er-jahre-trainingsanzug-fgss9880	Pinkiger 80er Jahre Trainingsanzug – XL	Das 80er Jahre Trainingsanzug Kostüm in Pink ist die perfekte Wahl für alle, die eine Party im Retro-Stil besuchen oder einfach nur in die 80er Jahre zurückkehren möchten. Dieses Kostüm besteht aus einer Jacke und einer Hose und ist in der Grösse S erhältlich. Die Jacke und Hose sind in einem leuchtenden Pink gehalten und mit weissen Streifen und Bündchen verziert, um den klassischen 80er Jahre Look zu kreieren. Das Material ist weich und bequem zu tragen, so dass du dich den ganzen Abend wohl fühlen wirst. Dieses Kostüm ist ideal für Themenpartys, Karneval oder Halloween, aber auch für andere Veranstaltungen, bei denen du dich in die 80er Jahre zurückversetzen möchtest. Es ist eine tolle Möglichkeit, um Spass zu haben und gleichzeitig stilvoll und auffällig zu sein. Der Trainingsanzug ist einfach anzuziehen und bietet viel Bewegungsfreiheit, so dass du dich den ganzen Abend lang bequem darin fühlen wirst. Kombiniere das Kostüm mit einem Paar Turnschuhe und einer grossen Sonnenbrille, um den perfekten 80er Jahre Look zu kreieren. Insgesamt ist das 80er Jahre Trainingsanzug Kostüm in Pink eine grossartige Wahl für alle, die auf der Suche nach einem auffälligen und bequemen Kostüm im Retro-Stil sind. Es ist einfach anzuziehen, bequem zu tragen und wird garantiert alle Blicke auf sich ziehen. Details Marke: Widmann Farbe: pink/rosa Anlass: Mottoparty Lieferumfang: Jacke und Hose Warum bei LuxeStyle kaufen? 🇨🇭 Versand aus der Schweiz – Lieferung in nur 1–2 Werktagen (DPD) ↩️ 30 Tage Rückgaberecht 🔒 Kauf auf Rechnung mit Klarna · TWINT · Karten · PayPal · Apple Pay 💬 Schweizer Support: info@luxestyle.ch	https://luxestyle.ch/products/pinkiger-80er-jahre-trainingsanzug-fgss9880?variant=55970733228417	https://cdn.shopify.com/s/files/1/0943/6856/3585/files/99880-1_2.jpg?v=1784941929	https://cdn.shopify.com/s/files/1/0943/6856/3585/files/99880-1_1_77b3bae8-3c56-4bab-bd8f-e0c7b9a65286.jpg?v=1784840380,https://cdn.shopify.com/s/files/1/0943/6856/3585/files/99880-2_2.jpg?v=1784941929,https://cdn.shopify.com/s/files/1/0943/6856/3585/files/99880-3_2.jpg?v=1784941929,https://cdn.shopify.com/s/files/1/0943/6856/3585/files/99880-4_2.jpg?v=1784941929	55.00 CHF	in stock	8	8003558988044	LuxeStyle	new	Kostüme & Verkleidung	1-3 Werktage (Lager Schweiz)
fortura-BO84461	kostum-dalilah-fgssbo8446	Kostüm Dalilah – 36-38	Kostüm Dalilah – hochwertige Qualität ab Schweizer Lager. Details Anlass: Fasnacht Warum bei LuxeStyle kaufen? 🇨🇭 Versand aus der Schweiz – Lieferung in nur 1–2 Werktagen (DPD) ↩️ 30 Tage Rückgaberecht 🔒 Kauf auf Rechnung mit Klarna · TWINT · Karten · PayPal · Apple Pay 💬 Schweizer Support: info@luxestyle.ch	https://luxestyle.ch/products/kostum-dalilah-fgssbo8446?variant=55970733982081	https://cdn.shopify.com/s/files/1/0943/6856/3585/files/BO84461_2.jpg?v=1784945158	https://cdn.shopify.com/s/files/1/0943/6856/3585/files/BO84461_1_e97d8ca5-8f31-4906-a46c-1d26f07ead99.jpg?v=1784840388,https://cdn.shopify.com/s/files/1/0943/6856/3585/files/BO84461_3.jpg?v=1784945158,https://cdn.shopify.com/s/files/1/0943/6856/3585/files/BO84461_4.jpg?v=1784945158,https://cdn.shopify.com/s/files/1/0943/6856/3585/files/BO84462_2.jpg?v=1784945158	72.90 CHF	in stock	7	8712026844613	LuxeStyle	new	Kostüme & Verkleidung	1-3 Werktage (Lager Schweiz)
fortura-BO84462	kostum-dalilah-fgssbo8446	Kostüm Dalilah – 40/42	Kostüm Dalilah – hochwertige Qualität ab Schweizer Lager. Details Anlass: Fasnacht Warum bei LuxeStyle kaufen? 🇨🇭 Versand aus der Schweiz – Lieferung in nur 1–2 Werktagen (DPD) ↩️ 30 Tage Rückgaberecht 🔒 Kauf auf Rechnung mit Klarna · TWINT · Karten · PayPal · Apple Pay 💬 Schweizer Support: info@luxestyle.ch	https://luxestyle.ch/products/kostum-dalilah-fgssbo8446?variant=55970734014849	https://cdn.shopify.com/s/files/1/0943/6856/3585/files/BO84461_2.jpg?v=1784945158	https://cdn.shopify.com/s/files/1/0943/6856/3585/files/BO84461_1_e97d8ca5-8f31-4906-a46c-1d26f07ead99.jpg?v=1784840388,https://cdn.shopify.com/s/files/1/0943/6856/3585/files/BO84461_3.jpg?v=1784945158,https://cdn.shopify.com/s/files/1/0943/6856/3585/files/BO84461_4.jpg?v=1784945158,https://cdn.shopify.com/s/files/1/0943/6856/3585/files/BO84462_2.jpg?v=1784945158	72.90 CHF	in stock	14	8712026844620	LuxeStyle	new	Kostüme & Verkleidung	1-3 Werktage (Lager Schweiz)
fortura-BO84463	kostum-dalilah-fgssbo8446	Kostüm Dalilah – 44/46	Kostüm Dalilah – hochwertige Qualität ab Schweizer Lager. Details Anlass: Fasnacht Warum bei LuxeStyle kaufen? 🇨🇭 Versand aus der Schweiz – Lieferung in nur 1–2 Werktagen (DPD) ↩️ 30 Tage Rückgaberecht 🔒 Kauf auf Rechnung mit Klarna · TWINT · Karten · PayPal · Apple Pay 💬 Schweizer Support: info@luxestyle.ch	https://luxestyle.ch/products/kostum-dalilah-fgssbo8446?variant=55970734047617	https://cdn.shopify.com/s/files/1/0943/6856/3585/files/BO84461_2.jpg?v=1784945158	https://cdn.shopify.com/s/files/1/0943/6856/3585/files/BO84461_1_e97d8ca5-8f31-4906-a46c-1d26f07ead99.jpg?v=1784840388,https://cdn.shopify.com/s/files/1/0943/6856/3585/files/BO84461_3.jpg?v=1784945158,https://cdn.shopify.com/s/files/1/0943/6856/3585/files/BO84461_4.jpg?v=1784945158,https://cdn.shopify.com/s/files/1/0943/6856/3585/files/BO84462_2.jpg?v=1784945158	72.90 CHF	in stock	15	8712026844637	LuxeStyle	new	Kostüme & Verkleidung	1-3 Werktage (Lager Schweiz)
fortura-BO88064	kostum-tukan-aus-plusch-fgssbo8806	Kostüm Tukan aus Plüsch – 180 cm	Kostüm Tukan aus Plüsch – hochwertige Qualität ab Schweizer Lager. Warum bei LuxeStyle kaufen? 🇨🇭 Versand aus der Schweiz – Lieferung in nur 1–2 Werktagen (DPD) ↩️ 30 Tage Rückgaberecht 🔒 Kauf auf Rechnung mit Klarna · TWINT · Karten · PayPal · Apple Pay 💬 Schweizer Support: info@luxestyle.ch	https://luxestyle.ch/products/kostum-tukan-aus-plusch-fgssbo8806?variant=55970734997889	https://cdn.shopify.com/s/files/1/0943/6856/3585/files/BO88064_1_cb38778a-c92a-498c-8454-35ca13f18cf8.jpg?v=1784840400	https://cdn.shopify.com/s/files/1/0943/6856/3585/files/BO88064_2.jpg?v=1784945183,https://cdn.shopify.com/s/files/1/0943/6856/3585/files/BO88065_2.jpg?v=1784945183,https://cdn.shopify.com/s/files/1/0943/6856/3585/files/BO88171_2.jpg?v=1784945183	72.90 CHF	in stock	9	8712026880642	LuxeStyle	new	Spielzeug & Spiele	1-3 Werktage (Lager Schweiz)
fortura-BO88065	kostum-tukan-aus-plusch-fgssbo8806	Kostüm Tukan aus Plüsch – 190 cm	Kostüm Tukan aus Plüsch – hochwertige Qualität ab Schweizer Lager. Warum bei LuxeStyle kaufen? 🇨🇭 Versand aus der Schweiz – Lieferung in nur 1–2 Werktagen (DPD) ↩️ 30 Tage Rückgaberecht 🔒 Kauf auf Rechnung mit Klarna · TWINT · Karten · PayPal · Apple Pay 💬 Schweizer Support: info@luxestyle.ch	https://luxestyle.ch/products/kostum-tukan-aus-plusch-fgssbo8806?variant=55970735030657	https://cdn.shopify.com/s/files/1/0943/6856/3585/files/BO88064_1_cb38778a-c92a-498c-8454-35ca13f18cf8.jpg?v=1784840400	https://cdn.shopify.com/s/files/1/0943/6856/3585/files/BO88064_2.jpg?v=1784945183,https://cdn.shopify.com/s/files/1/0943/6856/3585/files/BO88065_2.jpg?v=1784945183,https://cdn.shopify.com/s/files/1/0943/6856/3585/files/BO88171_2.jpg?v=1784945183	72.90 CHF	in stock	11	8712026880659	LuxeStyle	new	Spielzeug & Spiele	1-3 Werktage (Lager Schweiz)
fortura-BO88171	kostum-tukan-aus-plusch-fgssbo8806	Kostüm Tukan aus Plüsch – 165 cm	Kostüm Tukan aus Plüsch – hochwertige Qualität ab Schweizer Lager. Warum bei LuxeStyle kaufen? 🇨🇭 Versand aus der Schweiz – Lieferung in nur 1–2 Werktagen (DPD) ↩️ 30 Tage Rückgaberecht 🔒 Kauf auf Rechnung mit Klarna · TWINT · Karten · PayPal · Apple Pay 💬 Schweizer Support: info@luxestyle.ch	https://luxestyle.ch/products/kostum-tukan-aus-plusch-fgssbo8806?variant=55970735063425	https://cdn.shopify.com/s/files/1/0943/6856/3585/files/BO88064_1_cb38778a-c92a-498c-8454-35ca13f18cf8.jpg?v=1784840400	https://cdn.shopify.com/s/files/1/0943/6856/3585/files/BO88064_2.jpg?v=1784945183,https://cdn.shopify.com/s/files/1/0943/6856/3585/files/BO88065_2.jpg?v=1784945183,https://cdn.shopify.com/s/files/1/0943/6856/3585/files/BO88171_2.jpg?v=1784945183	61.90 CHF	in stock	13	8712026881717	LuxeStyle	new	Spielzeug & Spiele	1-3 Werktage (Lager Schweiz)
fortura-BO88301	kostum-seepferdchen-aus-plusch-fgssbo8830	Kostüm Seepferdchen aus Plüsch – 165 cm	Kostüm Seepferdchen aus Plüsch – hochwertige Qualität ab Schweizer Lager. Warum bei LuxeStyle kaufen? 🇨🇭 Versand aus der Schweiz – Lieferung in nur 1–2 Werktagen (DPD) ↩️ 30 Tage Rückgaberecht 🔒 Kauf auf Rechnung mit Klarna · TWINT · Karten · PayPal · Apple Pay 💬 Schweizer Support: info@luxestyle.ch	https://luxestyle.ch/products/kostum-seepferdchen-aus-plusch-fgssbo8830?variant=55970735227265	https://cdn.shopify.com/s/files/1/0943/6856/3585/files/BO88301_1_6b1782eb-48df-4e3c-9be5-612d3e72f7d9.jpg?v=1784840407	https://cdn.shopify.com/s/files/1/0943/6856/3585/files/BO88301_2.jpg?v=1784945194,https://cdn.shopify.com/s/files/1/0943/6856/3585/files/BO88301_3.jpg?v=1784945194,https://cdn.shopify.com/s/files/1/0943/6856/3585/files/BO88301_4.jpg?v=1784945195,https://cdn.shopify.com/s/files/1/0943/6856/3585/files/BO88302_2.jpg?v=1784945194	61.90 CHF	in stock	5	8712026883018	LuxeStyle	new	Spielzeug & Spiele	1-3 Werktage (Lager Schweiz)
fortura-BO88302	kostum-seepferdchen-aus-plusch-fgssbo8830	Kostüm Seepferdchen aus Plüsch – 180 cm	Kostüm Seepferdchen aus Plüsch – hochwertige Qualität ab Schweizer Lager. Warum bei LuxeStyle kaufen? 🇨🇭 Versand aus der Schweiz – Lieferung in nur 1–2 Werktagen (DPD) ↩️ 30 Tage Rückgaberecht 🔒 Kauf auf Rechnung mit Klarna · TWINT · Karten · PayPal · Apple Pay 💬 Schweizer Support: info@luxestyle.ch	https://luxestyle.ch/products/kostum-seepferdchen-aus-plusch-fgssbo8830?variant=55970735260033	https://cdn.shopify.com/s/files/1/0943/6856/3585/files/BO88301_1_6b1782eb-48df-4e3c-9be5-612d3e72f7d9.jpg?v=1784840407	https://cdn.shopify.com/s/files/1/0943/6856/3585/files/BO88301_2.jpg?v=1784945194,https://cdn.shopify.com/s/files/1/0943/6856/3585/files/BO88301_3.jpg?v=1784945194,https://cdn.shopify.com/s/files/1/0943/6856/3585/files/BO88301_4.jpg?v=1784945195,https://cdn.shopify.com/s/files/1/0943/6856/3585/files/BO88302_2.jpg?v=1784945194	72.90 CHF	in stock	10	8712026883025	LuxeStyle	new	Spielzeug & Spiele	1-3 Werktage (Lager Schweiz)
fortura-BO88303	kostum-seepferdchen-aus-plusch-fgssbo8830	Kostüm Seepferdchen aus Plüsch – 190 cm	Kostüm Seepferdchen aus Plüsch – hochwertige Qualität ab Schweizer Lager. Warum bei LuxeStyle kaufen? 🇨🇭 Versand aus der Schweiz – Lieferung in nur 1–2 Werktagen (DPD) ↩️ 30 Tage Rückgaberecht 🔒 Kauf auf Rechnung mit Klarna · TWINT · Karten · PayPal · Apple Pay 💬 Schweizer Support: info@luxestyle.ch	https://luxestyle.ch/products/kostum-seepferdchen-aus-plusch-fgssbo8830?variant=55970735292801	https://cdn.shopify.com/s/files/1/0943/6856/3585/files/BO88301_1_6b1782eb-48df-4e3c-9be5-612d3e72f7d9.jpg?v=1784840407	https://cdn.shopify.com/s/files/1/0943/6856/3585/files/BO88301_2.jpg?v=1784945194,https://cdn.shopify.com/s/files/1/0943/6856/3585/files/BO88301_3.jpg?v=1784945194,https://cdn.shopify.com/s/files/1/0943/6856/3585/files/BO88301_4.jpg?v=1784945195,https://cdn.shopify.com/s/files/1/0943/6856/3585/files/BO88302_2.jpg?v=1784945194	72.90 CHF	in stock	5	8712026883032	LuxeStyle	new	Spielzeug & Spiele	1-3 Werktage (Lager Schweiz)
fortura-CK107144M	kostum-ken-rollerblades-fgssck107144	Kostüm Ken Rollerblades – M	Kostüm Ken Rollerblades – hochwertige Qualität ab Schweizer Lager. Warum bei LuxeStyle kaufen? 🇨🇭 Versand aus der Schweiz – Lieferung in nur 1–2 Werktagen (DPD) ↩️ 30 Tage Rückgaberecht 🔒 Kauf auf Rechnung mit Klarna · TWINT · Karten · PayPal · Apple Pay 💬 Schweizer Support: info@luxestyle.ch	https://luxestyle.ch/products/kostum-ken-rollerblades-fgssck107144?variant=55970736570753	https://cdn.shopify.com/s/files/1/0943/6856/3585/files/CK107144L_1_c61975d2-f7f9-49c2-a084-88705e55361b.jpg?v=1784840421	https://cdn.shopify.com/s/files/1/0943/6856/3585/files/CK107144M_2.jpg?v=1784945233,https://cdn.shopify.com/s/files/1/0943/6856/3585/files/CK107144L_2.jpg?v=1784945232,https://cdn.shopify.com/s/files/1/0943/6856/3585/files/CK107144XL_2.jpg?v=1784945232	82.90 CHF	in stock	5	840263409253	LuxeStyle	new	Kostüme & Verkleidung	1-3 Werktage (Lager Schweiz)
fortura-CK107144L	kostum-ken-rollerblades-fgssck107144	Kostüm Ken Rollerblades – L	Kostüm Ken Rollerblades – hochwertige Qualität ab Schweizer Lager. Warum bei LuxeStyle kaufen? 🇨🇭 Versand aus der Schweiz – Lieferung in nur 1–2 Werktagen (DPD) ↩️ 30 Tage Rückgaberecht 🔒 Kauf auf Rechnung mit Klarna · TWINT · Karten · PayPal · Apple Pay 💬 Schweizer Support: info@luxestyle.ch	https://luxestyle.ch/products/kostum-ken-rollerblades-fgssck107144?variant=55970736603521	https://cdn.shopify.com/s/files/1/0943/6856/3585/files/CK107144L_1_c61975d2-f7f9-49c2-a084-88705e55361b.jpg?v=1784840421	https://cdn.shopify.com/s/files/1/0943/6856/3585/files/CK107144M_2.jpg?v=1784945233,https://cdn.shopify.com/s/files/1/0943/6856/3585/files/CK107144L_2.jpg?v=1784945232,https://cdn.shopify.com/s/files/1/0943/6856/3585/files/CK107144XL_2.jpg?v=1784945232	82.90 CHF	in stock	5	840263409260	LuxeStyle	new	Kostüme & Verkleidung	1-3 Werktage (Lager Schweiz)
fortura-CK107144XL	kostum-ken-rollerblades-fgssck107144	Kostüm Ken Rollerblades – XL	Kostüm Ken Rollerblades – hochwertige Qualität ab Schweizer Lager. Warum bei LuxeStyle kaufen? 🇨🇭 Versand aus der Schweiz – Lieferung in nur 1–2 Werktagen (DPD) ↩️ 30 Tage Rückgaberecht 🔒 Kauf auf Rechnung mit Klarna · TWINT · Karten · PayPal · Apple Pay 💬 Schweizer Support: info@luxestyle.ch	https://luxestyle.ch/products/kostum-ken-rollerblades-fgssck107144?variant=55970736636289	https://cdn.shopify.com/s/files/1/0943/6856/3585/files/CK107144L_1_c61975d2-f7f9-49c2-a084-88705e55361b.jpg?v=1784840421	https://cdn.shopify.com/s/files/1/0943/6856/3585/files/CK107144M_2.jpg?v=1784945233,https://cdn.shopify.com/s/files/1/0943/6856/3585/files/CK107144L_2.jpg?v=1784945232,https://cdn.shopify.com/s/files/1/0943/6856/3585/files/CK107144XL_2.jpg?v=1784945232	82.90 CHF	in stock	9	840263409277	LuxeStyle	new	Kostüme & Verkleidung	1-3 Werktage (Lager Schweiz)
fortura-BO83522	kostum-blumen-frau-fgssbo8352	Kostüm Blumen Frau – 36-38	Kostüm Blumen Frau – hochwertige Qualität ab Schweizer Lager. Warum bei LuxeStyle kaufen? 🇨🇭 Versand aus der Schweiz – Lieferung in nur 1–2 Werktagen (DPD) ↩️ 30 Tage Rückgaberecht 🔒 Kauf auf Rechnung mit Klarna · TWINT · Karten · PayPal · Apple Pay 💬 Schweizer Support: info@luxestyle.ch	https://luxestyle.ch/products/kostum-blumen-frau-fgssbo8352?variant=55970736669057	https://cdn.shopify.com/s/files/1/0943/6856/3585/files/BO83522_1_c30d68aa-d6be-42fa-af48-227de0cb7dae.jpg?v=1784840422	https://cdn.shopify.com/s/files/1/0943/6856/3585/files/BO83522_2_1f56db46-e369-4c49-bdde-757573e36c15.jpg?v=1784945235,https://cdn.shopify.com/s/files/1/0943/6856/3585/files/BO83523_2_e0045077-8be7-48a7-8c42-0d4367134e3b.jpg?v=1784945235	82.90 CHF	in stock	4	8712026835222	LuxeStyle	new	Kostüme & Verkleidung	1-3 Werktage (Lager Schweiz)
fortura-BO83672	kostum-mrs-steampunk-fgssbo8367	Kostüm Mrs Steampunk – 36-38	Kostüm Mrs Steampunk – hochwertige Qualität ab Schweizer Lager. Warum bei LuxeStyle kaufen? 🇨🇭 Versand aus der Schweiz – Lieferung in nur 1–2 Werktagen (DPD) ↩️ 30 Tage Rückgaberecht 🔒 Kauf auf Rechnung mit Klarna · TWINT · Karten · PayPal · Apple Pay 💬 Schweizer Support: info@luxestyle.ch	https://luxestyle.ch/products/kostum-mrs-steampunk-fgssbo8367?variant=55970736800129	https://cdn.shopify.com/s/files/1/0943/6856/3585/files/BO83672_1_59ae3e38-3b0b-449d-8f54-88148858e333.jpg?v=1784840425	https://cdn.shopify.com/s/files/1/0943/6856/3585/files/BO83672_2.jpg?v=1784945244,https://cdn.shopify.com/s/files/1/0943/6856/3585/files/BO83673_2.jpg?v=1784945245,https://cdn.shopify.com/s/files/1/0943/6856/3585/files/BO83674_2.jpg?v=1784945245	90.90 CHF	in stock	5	8712026836724	LuxeStyle	new	Kostüme & Verkleidung	1-3 Werktage (Lager Schweiz)
fortura-BO83673	kostum-mrs-steampunk-fgssbo8367	Kostüm Mrs Steampunk – 40/42	Kostüm Mrs Steampunk – hochwertige Qualität ab Schweizer Lager. Warum bei LuxeStyle kaufen? 🇨🇭 Versand aus der Schweiz – Lieferung in nur 1–2 Werktagen (DPD) ↩️ 30 Tage Rückgaberecht 🔒 Kauf auf Rechnung mit Klarna · TWINT · Karten · PayPal · Apple Pay 💬 Schweizer Support: info@luxestyle.ch	https://luxestyle.ch/products/kostum-mrs-steampunk-fgssbo8367?variant=55970736832897	https://cdn.shopify.com/s/files/1/0943/6856/3585/files/BO83672_1_59ae3e38-3b0b-449d-8f54-88148858e333.jpg?v=1784840425	https://cdn.shopify.com/s/files/1/0943/6856/3585/files/BO83672_2.jpg?v=1784945244,https://cdn.shopify.com/s/files/1/0943/6856/3585/files/BO83673_2.jpg?v=1784945245,https://cdn.shopify.com/s/files/1/0943/6856/3585/files/BO83674_2.jpg?v=1784945245	90.90 CHF	in stock	9	8712026836731	LuxeStyle	new	Kostüme & Verkleidung	1-3 Werktage (Lager Schweiz)
fortura-BO83674	kostum-mrs-steampunk-fgssbo8367	Kostüm Mrs Steampunk – 44/46	Kostüm Mrs Steampunk – hochwertige Qualität ab Schweizer Lager. Warum bei LuxeStyle kaufen? 🇨🇭 Versand aus der Schweiz – Lieferung in nur 1–2 Werktagen (DPD) ↩️ 30 Tage Rückgaberecht 🔒 Kauf auf Rechnung mit Klarna · TWINT · Karten · PayPal · Apple Pay 💬 Schweizer Support: info@luxestyle.ch	https://luxestyle.ch/products/kostum-mrs-steampunk-fgssbo8367?variant=55970736865665	https://cdn.shopify.com/s/files/1/0943/6856/3585/files/BO83672_1_59ae3e38-3b0b-449d-8f54-88148858e333.jpg?v=1784840425	https://cdn.shopify.com/s/files/1/0943/6856/3585/files/BO83672_2.jpg?v=1784945244,https://cdn.shopify.com/s/files/1/0943/6856/3585/files/BO83673_2.jpg?v=1784945245,https://cdn.shopify.com/s/files/1/0943/6856/3585/files/BO83674_2.jpg?v=1784945245	90.90 CHF	in stock	7	8712026836748	LuxeStyle	new	Kostüme & Verkleidung	1-3 Werktage (Lager Schweiz)
fortura-BO83765	kostum-pirat-fgssbo8376	Kostüm Pirat – 50/52	Kostüm Pirat – hochwertige Qualität ab Schweizer Lager. Warum bei LuxeStyle kaufen? 🇨🇭 Versand aus der Schweiz – Lieferung in nur 1–2 Werktagen (DPD) ↩️ 30 Tage Rückgaberecht 🔒 Kauf auf Rechnung mit Klarna · TWINT · Karten · PayPal · Apple Pay 💬 Schweizer Support: info@luxestyle.ch	https://luxestyle.ch/products/kostum-pirat-fgssbo8376?variant=55970736963969	https://cdn.shopify.com/s/files/1/0943/6856/3585/files/BO83765_1_c90da69d-8a85-41ac-94de-428d21c6c170.jpg?v=1784840426	https://cdn.shopify.com/s/files/1/0943/6856/3585/files/BO83765_2.jpg?v=1784945251,https://cdn.shopify.com/s/files/1/0943/6856/3585/files/BO83766_2.jpg?v=1784945251,https://cdn.shopify.com/s/files/1/0943/6856/3585/files/BO83767_2.jpg?v=1784945251	88.00 CHF	in stock	3	8712026837653	LuxeStyle	new	Kostüme & Verkleidung	1-3 Werktage (Lager Schweiz)
fortura-BO83766	kostum-pirat-fgssbo8376	Kostüm Pirat – 54/56	Kostüm Pirat – hochwertige Qualität ab Schweizer Lager. Warum bei LuxeStyle kaufen? 🇨🇭 Versand aus der Schweiz – Lieferung in nur 1–2 Werktagen (DPD) ↩️ 30 Tage Rückgaberecht 🔒 Kauf auf Rechnung mit Klarna · TWINT · Karten · PayPal · Apple Pay 💬 Schweizer Support: info@luxestyle.ch	https://luxestyle.ch/products/kostum-pirat-fgssbo8376?variant=55970736996737	https://cdn.shopify.com/s/files/1/0943/6856/3585/files/BO83765_1_c90da69d-8a85-41ac-94de-428d21c6c170.jpg?v=1784840426	https://cdn.shopify.com/s/files/1/0943/6856/3585/files/BO83765_2.jpg?v=1784945251,https://cdn.shopify.com/s/files/1/0943/6856/3585/files/BO83766_2.jpg?v=1784945251,https://cdn.shopify.com/s/files/1/0943/6856/3585/files/BO83767_2.jpg?v=1784945251	88.00 CHF	in stock	3	8712026837660	LuxeStyle	new	Kostüme & Verkleidung	1-3 Werktage (Lager Schweiz)
fortura-BO83767	kostum-pirat-fgssbo8376	Kostüm Pirat – 58/60	Kostüm Pirat – hochwertige Qualität ab Schweizer Lager. Warum bei LuxeStyle kaufen? 🇨🇭 Versand aus der Schweiz – Lieferung in nur 1–2 Werktagen (DPD) ↩️ 30 Tage Rückgaberecht 🔒 Kauf auf Rechnung mit Klarna · TWINT · Karten · PayPal · Apple Pay 💬 Schweizer Support: info@luxestyle.ch	https://luxestyle.ch/products/kostum-pirat-fgssbo8376?variant=55970737029505	https://cdn.shopify.com/s/files/1/0943/6856/3585/files/BO83765_1_c90da69d-8a85-41ac-94de-428d21c6c170.jpg?v=1784840426	https://cdn.shopify.com/s/files/1/0943/6856/3585/files/BO83765_2.jpg?v=1784945251,https://cdn.shopify.com/s/files/1/0943/6856/3585/files/BO83766_2.jpg?v=1784945251,https://cdn.shopify.com/s/files/1/0943/6856/3585/files/BO83767_2.jpg?v=1784945251	88.00 CHF	in stock	6	8712026837677	LuxeStyle	new	Kostüme & Verkleidung	1-3 Werktage (Lager Schweiz)
fortura-CK250705	kostum-steampunk-victoria-fgssck25070	Kostüm Steampunk Victoria	Kostüm Steampunk Victoria – hochwertige Qualität ab Schweizer Lager. Warum bei LuxeStyle kaufen? 🇨🇭 Versand aus der Schweiz – Lieferung in nur 1–2 Werktagen (DPD) ↩️ 30 Tage Rückgaberecht 🔒 Kauf auf Rechnung mit Klarna · TWINT · Karten · PayPal · Apple Pay 💬 Schweizer Support: info@luxestyle.ch	https://luxestyle.ch/products/kostum-steampunk-victoria-fgssck25070?variant=55970737324417	https://cdn.shopify.com/s/files/1/0943/6856/3585/files/CK250704_1.jpg?v=1784840434		76.90 CHF	in stock	1	4001566507480	LuxeStyle	new	Kostüme & Verkleidung	1-3 Werktage (Lager Schweiz)
fortura-BO84458	kostum-pharaoh-anubis-fgssbo844	Kostüm Pharaoh Anubis – 50/52	Kostüm Pharaoh Anubis – hochwertige Qualität ab Schweizer Lager. Details Anlass: Fasnacht Warum bei LuxeStyle kaufen? 🇨🇭 Versand aus der Schweiz – Lieferung in nur 1–2 Werktagen (DPD) ↩️ 30 Tage Rückgaberecht 🔒 Kauf auf Rechnung mit Klarna · TWINT · Karten · PayPal · Apple Pay 💬 Schweizer Support: info@luxestyle.ch	https://luxestyle.ch/products/kostum-pharaoh-anubis-fgssbo844?variant=55970737947009	https://cdn.shopify.com/s/files/1/0943/6856/3585/files/BO84458_2.jpg?v=1784945269	https://cdn.shopify.com/s/files/1/0943/6856/3585/files/BO84458_1_983dad65-401c-49b4-8fd3-0f2187d56956.jpg?v=1784840439,https://cdn.shopify.com/s/files/1/0943/6856/3585/files/BO84458_3.jpg?v=1784945270,https://cdn.shopify.com/s/files/1/0943/6856/3585/files/BO84458_4.jpg?v=1784945270,https://cdn.shopify.com/s/files/1/0943/6856/3585/files/BO84459_2.jpg?v=1784945270	72.90 CHF	in stock	13	8712026844583	LuxeStyle	new	Kostüme & Verkleidung	1-3 Werktage (Lager Schweiz)
fortura-BO84459	kostum-pharaoh-anubis-fgssbo844	Kostüm Pharaoh Anubis – 54/56	Kostüm Pharaoh Anubis – hochwertige Qualität ab Schweizer Lager. Details Anlass: Fasnacht Warum bei LuxeStyle kaufen? 🇨🇭 Versand aus der Schweiz – Lieferung in nur 1–2 Werktagen (DPD) ↩️ 30 Tage Rückgaberecht 🔒 Kauf auf Rechnung mit Klarna · TWINT · Karten · PayPal · Apple Pay 💬 Schweizer Support: info@luxestyle.ch	https://luxestyle.ch/products/kostum-pharaoh-anubis-fgssbo844?variant=55970737979777	https://cdn.shopify.com/s/files/1/0943/6856/3585/files/BO84458_2.jpg?v=1784945269	https://cdn.shopify.com/s/files/1/0943/6856/3585/files/BO84458_1_983dad65-401c-49b4-8fd3-0f2187d56956.jpg?v=1784840439,https://cdn.shopify.com/s/files/1/0943/6856/3585/files/BO84458_3.jpg?v=1784945270,https://cdn.shopify.com/s/files/1/0943/6856/3585/files/BO84458_4.jpg?v=1784945270,https://cdn.shopify.com/s/files/1/0943/6856/3585/files/BO84459_2.jpg?v=1784945270	72.90 CHF	in stock	6	8712026844590	LuxeStyle	new	Kostüme & Verkleidung	1-3 Werktage (Lager Schweiz)
fortura-BO84460	kostum-pharaoh-anubis-fgssbo844	Kostüm Pharaoh Anubis – 58/60	Kostüm Pharaoh Anubis – hochwertige Qualität ab Schweizer Lager. Details Anlass: Fasnacht Warum bei LuxeStyle kaufen? 🇨🇭 Versand aus der Schweiz – Lieferung in nur 1–2 Werktagen (DPD) ↩️ 30 Tage Rückgaberecht 🔒 Kauf auf Rechnung mit Klarna · TWINT · Karten · PayPal · Apple Pay 💬 Schweizer Support: info@luxestyle.ch	https://luxestyle.ch/products/kostum-pharaoh-anubis-fgssbo844?variant=55970738012545	https://cdn.shopify.com/s/files/1/0943/6856/3585/files/BO84458_2.jpg?v=1784945269	https://cdn.shopify.com/s/files/1/0943/6856/3585/files/BO84458_1_983dad65-401c-49b4-8fd3-0f2187d56956.jpg?v=1784840439,https://cdn.shopify.com/s/files/1/0943/6856/3585/files/BO84458_3.jpg?v=1784945270,https://cdn.shopify.com/s/files/1/0943/6856/3585/files/BO84458_4.jpg?v=1784945270,https://cdn.shopify.com/s/files/1/0943/6856/3585/files/BO84459_2.jpg?v=1784945270	72.90 CHF	in stock	9	8712026844606	LuxeStyle	new	Kostüme & Verkleidung	1-3 Werktage (Lager Schweiz)
fortura-CK4093M	kostum-kreuzritter-fgssck4093	Kostüm Kreuzritter	1 Kleid und 1 Gürtel Details Marke: CHAKS Farbe: schwarz Anlass: Fasnacht Lieferumfang: 1 Kleid und 1 Gürtel Warum bei LuxeStyle kaufen? 🇨🇭 Versand aus der Schweiz – Lieferung in nur 1–2 Werktagen (DPD) ↩️ 30 Tage Rückgaberecht 🔒 Kauf auf Rechnung mit Klarna · TWINT · Karten · PayPal · Apple Pay 💬 Schweizer Support: info@luxestyle.ch	https://luxestyle.ch/products/kostum-kreuzritter-fgssck4093?variant=55970738045313	https://cdn.shopify.com/s/files/1/0943/6856/3585/files/15469959348609-quadrat.jpg?v=1787775049	https://cdn.shopify.com/s/files/1/0943/6856/3585/files/CK4093L_1.jpg?v=1784840440	61.90 CHF	in stock	2	3661652031537	LuxeStyle	new	Kostüme & Verkleidung	1-3 Werktage (Lager Schweiz)
fortura-BO84544	kostum-indianerin-fgabo84544	Kostüm Indianerin	Kostüm Indianerin – hochwertige Qualität ab Schweizer Lager. Warum bei LuxeStyle kaufen? 🇨🇭 Versand aus der Schweiz – Lieferung in nur 1–2 Werktagen (DPD) ↩️ 30 Tage Rückgaberecht 🔒 Kauf auf Rechnung mit Klarna · TWINT · Karten · PayPal · Apple Pay 💬 Schweizer Support: info@luxestyle.ch	https://luxestyle.ch/products/kostum-indianerin-fgabo84544?variant=55970738405761	https://cdn.shopify.com/s/files/1/0943/6856/3585/files/BO84544_1_f91aa5ee-facf-4b58-be99-a6f3a40386c8.jpg?v=1784840445	https://cdn.shopify.com/s/files/1/0943/6856/3585/files/BO84544_2.jpg?v=1784945277	72.90 CHF	in stock	9	8712026845443	LuxeStyle	new	Kostüme & Verkleidung	1-3 Werktage (Lager Schweiz)
fortura-BO88066	kostum-katze-aus-plusch-fgssbo880	Kostüm Katze aus Plüsch · Erwachsenen-Overall – 180 cm	Kostüm Katze aus Plüsch – hochwertige Qualität ab Schweizer Lager. Warum bei LuxeStyle kaufen? 🇨🇭 Versand aus der Schweiz – Lieferung in nur 1–2 Werktagen (DPD) ↩️ 30 Tage Rückgaberecht 🔒 Kauf auf Rechnung mit Klarna · TWINT · Karten · PayPal · Apple Pay 💬 Schweizer Support: info@luxestyle.ch	https://luxestyle.ch/products/kostum-katze-aus-plusch-fgssbo880?variant=55970738438529	https://cdn.shopify.com/s/files/1/0943/6856/3585/files/BO88066_1_e3751b0d-227b-4fed-9b5d-1d1cdbdd481e.jpg?v=1784840447	https://cdn.shopify.com/s/files/1/0943/6856/3585/files/BO88066_2.jpg?v=1784945280,https://cdn.shopify.com/s/files/1/0943/6856/3585/files/BO88067_2.jpg?v=1784945280,https://cdn.shopify.com/s/files/1/0943/6856/3585/files/BO88172_2.jpg?v=1784945280	72.90 CHF	in stock	12	8712026880666	LuxeStyle	new	Spielzeug & Spiele	1-3 Werktage (Lager Schweiz)
fortura-BO88067	kostum-katze-aus-plusch-fgssbo880	Kostüm Katze aus Plüsch · Erwachsenen-Overall – 190 cm	Kostüm Katze aus Plüsch – hochwertige Qualität ab Schweizer Lager. Warum bei LuxeStyle kaufen? 🇨🇭 Versand aus der Schweiz – Lieferung in nur 1–2 Werktagen (DPD) ↩️ 30 Tage Rückgaberecht 🔒 Kauf auf Rechnung mit Klarna · TWINT · Karten · PayPal · Apple Pay 💬 Schweizer Support: info@luxestyle.ch	https://luxestyle.ch/products/kostum-katze-aus-plusch-fgssbo880?variant=55970738471297	https://cdn.shopify.com/s/files/1/0943/6856/3585/files/BO88066_1_e3751b0d-227b-4fed-9b5d-1d1cdbdd481e.jpg?v=1784840447	https://cdn.shopify.com/s/files/1/0943/6856/3585/files/BO88066_2.jpg?v=1784945280,https://cdn.shopify.com/s/files/1/0943/6856/3585/files/BO88067_2.jpg?v=1784945280,https://cdn.shopify.com/s/files/1/0943/6856/3585/files/BO88172_2.jpg?v=1784945280	72.90 CHF	in stock	3	8712026880673	LuxeStyle	new	Spielzeug & Spiele	1-3 Werktage (Lager Schweiz)
fortura-BO88172	kostum-katze-aus-plusch-fgssbo880	Kostüm Katze aus Plüsch · Erwachsenen-Overall – 165 cm	Kostüm Katze aus Plüsch – hochwertige Qualität ab Schweizer Lager. Warum bei LuxeStyle kaufen? 🇨🇭 Versand aus der Schweiz – Lieferung in nur 1–2 Werktagen (DPD) ↩️ 30 Tage Rückgaberecht 🔒 Kauf auf Rechnung mit Klarna · TWINT · Karten · PayPal · Apple Pay 💬 Schweizer Support: info@luxestyle.ch	https://luxestyle.ch/products/kostum-katze-aus-plusch-fgssbo880?variant=55970738504065	https://cdn.shopify.com/s/files/1/0943/6856/3585/files/BO88066_1_e3751b0d-227b-4fed-9b5d-1d1cdbdd481e.jpg?v=1784840447	https://cdn.shopify.com/s/files/1/0943/6856/3585/files/BO88066_2.jpg?v=1784945280,https://cdn.shopify.com/s/files/1/0943/6856/3585/files/BO88067_2.jpg?v=1784945280,https://cdn.shopify.com/s/files/1/0943/6856/3585/files/BO88172_2.jpg?v=1784945280	61.90 CHF	in stock	3	8712026881724	LuxeStyle	new	Spielzeug & Spiele	1-3 Werktage (Lager Schweiz)
fortura-BO82339	kostum-pirat-henry-fgssbo8234	Kostüm Pirat Henry – 5 bis 6 Jahre	Oberteil, Hose, Schuhüberzieher, grünes Band, Gürtel, Handschuhe Details Lieferumfang: Oberteil, Hose, Schuhüberzieher, grünes Band, Gürtel, Handschuhe Warum bei LuxeStyle kaufen? 🇨🇭 Versand aus der Schweiz – Lieferung in nur 1–2 Werktagen (DPD) ↩️ 30 Tage Rückgaberecht 🔒 Kauf auf Rechnung mit Klarna · TWINT · Karten · PayPal · Apple Pay 💬 Schweizer Support: info@luxestyle.ch	https://luxestyle.ch/products/kostum-pirat-henry-fgssbo8234?variant=55970738962817	https://cdn.shopify.com/s/files/1/0943/6856/3585/files/BO82339_1_c2380857-0d99-427d-97f9-f72222615abe.jpg?v=1784840449		61.90 CHF	in stock	28	8712026823397	LuxeStyle	new	Kostüme & Verkleidung	1-3 Werktage (Lager Schweiz)
fortura-BO82340	kostum-pirat-henry-fgssbo8234	Kostüm Pirat Henry – 7 bis 9 Jahre	Oberteil, Hose, Schuhüberzieher, grünes Band, Gürtel, Handschuhe Details Lieferumfang: Oberteil, Hose, Schuhüberzieher, grünes Band, Gürtel, Handschuhe Warum bei LuxeStyle kaufen? 🇨🇭 Versand aus der Schweiz – Lieferung in nur 1–2 Werktagen (DPD) ↩️ 30 Tage Rückgaberecht 🔒 Kauf auf Rechnung mit Klarna · TWINT · Karten · PayPal · Apple Pay 💬 Schweizer Support: info@luxestyle.ch	https://luxestyle.ch/products/kostum-pirat-henry-fgssbo8234?variant=55970738995585	https://cdn.shopify.com/s/files/1/0943/6856/3585/files/BO82339_1_c2380857-0d99-427d-97f9-f72222615abe.jpg?v=1784840449		61.90 CHF	in stock	24	8712026823403	LuxeStyle	new	Kostüme & Verkleidung	1-3 Werktage (Lager Schweiz)
fortura-BO82341	kostum-pirat-henry-fgssbo8234	Kostüm Pirat Henry – 10 bis 12 Jahre	Oberteil, Hose, Schuhüberzieher, grünes Band, Gürtel, Handschuhe Details Lieferumfang: Oberteil, Hose, Schuhüberzieher, grünes Band, Gürtel, Handschuhe Warum bei LuxeStyle kaufen? 🇨🇭 Versand aus der Schweiz – Lieferung in nur 1–2 Werktagen (DPD) ↩️ 30 Tage Rückgaberecht 🔒 Kauf auf Rechnung mit Klarna · TWINT · Karten · PayPal · Apple Pay 💬 Schweizer Support: info@luxestyle.ch	https://luxestyle.ch/products/kostum-pirat-henry-fgssbo8234?variant=55970739028353	https://cdn.shopify.com/s/files/1/0943/6856/3585/files/BO82339_1_c2380857-0d99-427d-97f9-f72222615abe.jpg?v=1784840449		61.90 CHF	in stock	5	8712026823410	LuxeStyle	new	Kostüme & Verkleidung	1-3 Werktage (Lager Schweiz)
fortura-CK4183XL	kostum-priesterin-isabella-fgssck4183	Kostüm Priesterin Isabella	Spüre die dunkle Magie des Mittelalters? Priesterin Isabella mochte diese geheimnissvollen Dinge. Lass dich nun von diesem Kostüm verzaubern und spüre die darin eingebundene Magie. Details Marke: CHAKS Farbe: mehrfarbig Anlass: Halloween Lieferumfang: 1 Kostüm Warum bei LuxeStyle kaufen? 🇨🇭 Versand aus der Schweiz – Lieferung in nur 1–2 Werktagen (DPD) ↩️ 30 Tage Rückgaberecht 🔒 Kauf auf Rechnung mit Klarna · TWINT · Karten · PayPal · Apple Pay 💬 Schweizer Support: info@luxestyle.ch	https://luxestyle.ch/products/kostum-priesterin-isabella-fgssck4183?variant=55970739126657	https://cdn.shopify.com/s/files/1/0943/6856/3585/files/CK4183XL_2_0ce21463-ade7-4d80-8354-3e70e70bb42f.jpg?v=1784945288	https://cdn.shopify.com/s/files/1/0943/6856/3585/files/CK4183M_1.jpg?v=1784840450	74.90 CHF	in stock	2	3661652064832	LuxeStyle	new	Kostüme & Verkleidung	1-3 Werktage (Lager Schweiz)
fortura-BO88306	kostum-hai-aus-plusch-fgssbo883	Kostüm Hai aus Plüsch – 165 cm	Kostüm Hai aus Plüsch – hochwertige Qualität ab Schweizer Lager. Warum bei LuxeStyle kaufen? 🇨🇭 Versand aus der Schweiz – Lieferung in nur 1–2 Werktagen (DPD) ↩️ 30 Tage Rückgaberecht 🔒 Kauf auf Rechnung mit Klarna · TWINT · Karten · PayPal · Apple Pay 💬 Schweizer Support: info@luxestyle.ch	https://luxestyle.ch/products/kostum-hai-aus-plusch-fgssbo883?variant=55970739159425	https://cdn.shopify.com/s/files/1/0943/6856/3585/files/BO88306_2.jpg?v=1784945291	https://cdn.shopify.com/s/files/1/0943/6856/3585/files/BO88306_1_d5a01a6c-bd7a-4fbc-9db7-ed99155d563b.jpg?v=1784840452,https://cdn.shopify.com/s/files/1/0943/6856/3585/files/BO88306_3.jpg?v=1784945291,https://cdn.shopify.com/s/files/1/0943/6856/3585/files/BO88306_4.jpg?v=1784945291,https://cdn.shopify.com/s/files/1/0943/6856/3585/files/BO88306_5.jpg?v=1784945292	61.90 CHF	in stock	3	8712026883063	LuxeStyle	new	Spielzeug & Spiele	1-3 Werktage (Lager Schweiz)
fortura-BO88307	kostum-hai-aus-plusch-fgssbo883	Kostüm Hai aus Plüsch – 180 cm	Kostüm Hai aus Plüsch – hochwertige Qualität ab Schweizer Lager. Warum bei LuxeStyle kaufen? 🇨🇭 Versand aus der Schweiz – Lieferung in nur 1–2 Werktagen (DPD) ↩️ 30 Tage Rückgaberecht 🔒 Kauf auf Rechnung mit Klarna · TWINT · Karten · PayPal · Apple Pay 💬 Schweizer Support: info@luxestyle.ch	https://luxestyle.ch/products/kostum-hai-aus-plusch-fgssbo883?variant=55970739192193	https://cdn.shopify.com/s/files/1/0943/6856/3585/files/BO88306_2.jpg?v=1784945291	https://cdn.shopify.com/s/files/1/0943/6856/3585/files/BO88306_1_d5a01a6c-bd7a-4fbc-9db7-ed99155d563b.jpg?v=1784840452,https://cdn.shopify.com/s/files/1/0943/6856/3585/files/BO88306_3.jpg?v=1784945291,https://cdn.shopify.com/s/files/1/0943/6856/3585/files/BO88306_4.jpg?v=1784945291,https://cdn.shopify.com/s/files/1/0943/6856/3585/files/BO88306_5.jpg?v=1784945292	61.90 CHF	in stock	3	8712026883070	LuxeStyle	new	Spielzeug & Spiele	1-3 Werktage (Lager Schweiz)
fortura-BO88308	kostum-hai-aus-plusch-fgssbo883	Kostüm Hai aus Plüsch – 190 cm	Kostüm Hai aus Plüsch – hochwertige Qualität ab Schweizer Lager. Warum bei LuxeStyle kaufen? 🇨🇭 Versand aus der Schweiz – Lieferung in nur 1–2 Werktagen (DPD) ↩️ 30 Tage Rückgaberecht 🔒 Kauf auf Rechnung mit Klarna · TWINT · Karten · PayPal · Apple Pay 💬 Schweizer Support: info@luxestyle.ch	https://luxestyle.ch/products/kostum-hai-aus-plusch-fgssbo883?variant=55970739224961	https://cdn.shopify.com/s/files/1/0943/6856/3585/files/BO88306_2.jpg?v=1784945291	https://cdn.shopify.com/s/files/1/0943/6856/3585/files/BO88306_1_d5a01a6c-bd7a-4fbc-9db7-ed99155d563b.jpg?v=1784840452,https://cdn.shopify.com/s/files/1/0943/6856/3585/files/BO88306_3.jpg?v=1784945291,https://cdn.shopify.com/s/files/1/0943/6856/3585/files/BO88306_4.jpg?v=1784945291,https://cdn.shopify.com/s/files/1/0943/6856/3585/files/BO88306_5.jpg?v=1784945292	72.90 CHF	in stock	6	8712026883087	LuxeStyle	new	Spielzeug & Spiele	1-3 Werktage (Lager Schweiz)
fortura-CK4192M	kostum-obelix-fgssck4192	Kostüm Obelix – M	Die spinnen die Römer! Overall inklusive Helm mit Zöpfen, Gürtel, Gamschen und Schnurrbart. Details Marke: CHAKS Anlass: Fasnacht Lieferumfang: Overall, Helm mit Zöpfen, Gürtel, Gamasche und Schnurrbart Warum bei LuxeStyle kaufen? 🇨🇭 Versand aus der Schweiz – Lieferung in nur 1–2 Werktagen (DPD) ↩️ 30 Tage Rückgaberecht 🔒 Kauf auf Rechnung mit Klarna · TWINT · Karten · PayPal · Apple Pay 💬 Schweizer Support: info@luxestyle.ch	https://luxestyle.ch/products/kostum-obelix-fgssck4192?variant=56057259262337	https://cdn.shopify.com/s/files/1/0943/6856/3585/files/15469959872897-quadrat.jpg?v=1787775062	https://cdn.shopify.com/s/files/1/0943/6856/3585/files/CK4192L_1.jpg?v=1784840453	86.90 CHF	in stock	4	3661652042557	LuxeStyle	new	Kostüme & Verkleidung	1-3 Werktage (Lager Schweiz)
fortura-CK4192128	kostum-obelix-fgssck4192	Kostüm Obelix – 128 cm	Die spinnen die Römer! Overall inklusive Helm mit Zöpfen, Gürtel, Gamschen und Schnurrbart. Details Marke: CHAKS Anlass: Fasnacht Lieferumfang: Overall, Helm mit Zöpfen, Gürtel, Gamasche und Schnurrbart Warum bei LuxeStyle kaufen? 🇨🇭 Versand aus der Schweiz – Lieferung in nur 1–2 Werktagen (DPD) ↩️ 30 Tage Rückgaberecht 🔒 Kauf auf Rechnung mit Klarna · TWINT · Karten · PayPal · Apple Pay 💬 Schweizer Support: info@luxestyle.ch	https://luxestyle.ch/products/kostum-obelix-fgssck4192?variant=56057259295105	https://cdn.shopify.com/s/files/1/0943/6856/3585/files/15469959872897-quadrat.jpg?v=1787775062	https://cdn.shopify.com/s/files/1/0943/6856/3585/files/CK4192L_1.jpg?v=1784840453	78.90 CHF	in stock	2	3661652042519	LuxeStyle	new	Kostüme & Verkleidung	1-3 Werktage (Lager Schweiz)
fortura-BO83516	kostum-happy-diva-fgssbo8351	Kostüm Happy Diva – 36-38	Kostüm Happy Diva – hochwertige Qualität ab Schweizer Lager. Warum bei LuxeStyle kaufen? 🇨🇭 Versand aus der Schweiz – Lieferung in nur 1–2 Werktagen (DPD) ↩️ 30 Tage Rückgaberecht 🔒 Kauf auf Rechnung mit Klarna · TWINT · Karten · PayPal · Apple Pay 💬 Schweizer Support: info@luxestyle.ch	https://luxestyle.ch/products/kostum-happy-diva-fgssbo8351?variant=55970739585409	https://cdn.shopify.com/s/files/1/0943/6856/3585/files/BO83516_1_febecbfd-f562-44b9-a0f5-aef1c3a55f07.jpg?v=1784840454	https://cdn.shopify.com/s/files/1/0943/6856/3585/files/BO83516_2.jpg?v=1784945294,https://cdn.shopify.com/s/files/1/0943/6856/3585/files/BO83517_2.jpg?v=1784945294	72.90 CHF	in stock	1	8712026835161	LuxeStyle	new	Kostüme & Verkleidung	1-3 Werktage (Lager Schweiz)
fortura-BO83546	kostum-polizist-fgssbo8354	Kostüm Polizist – 50/52	Kostüm Polizist – hochwertige Qualität ab Schweizer Lager. Warum bei LuxeStyle kaufen? 🇨🇭 Versand aus der Schweiz – Lieferung in nur 1–2 Werktagen (DPD) ↩️ 30 Tage Rückgaberecht 🔒 Kauf auf Rechnung mit Klarna · TWINT · Karten · PayPal · Apple Pay 💬 Schweizer Support: info@luxestyle.ch	https://luxestyle.ch/products/kostum-polizist-fgssbo8354?variant=55970739913089	https://cdn.shopify.com/s/files/1/0943/6856/3585/files/BO83546_1_968551d5-9023-4b4b-b270-5cdd59f23c30.jpg?v=1784840456	https://cdn.shopify.com/s/files/1/0943/6856/3585/files/BO83546_2.jpg?v=1784945298,https://cdn.shopify.com/s/files/1/0943/6856/3585/files/BO83547_2.jpg?v=1784945298	78.90 CHF	in stock	9	8712026835468	LuxeStyle	new	Kostüme & Verkleidung	1-3 Werktage (Lager Schweiz)
fortura-BO83547	kostum-polizist-fgssbo8354	Kostüm Polizist – 54/56	Kostüm Polizist – hochwertige Qualität ab Schweizer Lager. Warum bei LuxeStyle kaufen? 🇨🇭 Versand aus der Schweiz – Lieferung in nur 1–2 Werktagen (DPD) ↩️ 30 Tage Rückgaberecht 🔒 Kauf auf Rechnung mit Klarna · TWINT · Karten · PayPal · Apple Pay 💬 Schweizer Support: info@luxestyle.ch	https://luxestyle.ch/products/kostum-polizist-fgssbo8354?variant=55970739945857	https://cdn.shopify.com/s/files/1/0943/6856/3585/files/BO83546_1_968551d5-9023-4b4b-b270-5cdd59f23c30.jpg?v=1784840456	https://cdn.shopify.com/s/files/1/0943/6856/3585/files/BO83546_2.jpg?v=1784945298,https://cdn.shopify.com/s/files/1/0943/6856/3585/files/BO83547_2.jpg?v=1784945298	78.90 CHF	in stock	11	8712026835475	LuxeStyle	new	Kostüme & Verkleidung	1-3 Werktage (Lager Schweiz)
fortura-CK1005180	kostum-katze-kater-fgack1005180	Kostüm Katze/Kater	In diesem speziellen Kostüm Silvester fängst Du Tweety auf jeden Fall ein!! Details Marke: CHAKS Farbe: schwarz Anlass: Fasnacht Lieferumfang: 1 Overall Warum bei LuxeStyle kaufen? 🇨🇭 Versand aus der Schweiz – Lieferung in nur 1–2 Werktagen (DPD) ↩️ 30 Tage Rückgaberecht 🔒 Kauf auf Rechnung mit Klarna · TWINT · Karten · PayPal · Apple Pay 💬 Schweizer Support: info@luxestyle.ch	https://luxestyle.ch/products/kostum-katze-kater-fgack1005180?variant=55970739978625	https://cdn.shopify.com/s/files/1/0943/6856/3585/files/CK1005180_1_41fb525a-2a4f-4485-89cb-8e63fff8493c.jpg?v=1784840456		116.90 CHF	in stock	1	3661652000205	LuxeStyle	new	Kostüme & Verkleidung	1-3 Werktage (Lager Schweiz)
fortura-CK4194140	kinderkostum-falbala-fgack4194140	Kinderkostüm Falbala	Weibliche Asterix Fans kommen voll auf Ihre Kosten mit dem Original Falbala Kostüm. Obelix ist ziemlich in die schöne Blondine verknallt, doch diese ist bereits vergeben und kommt nur manchmal zu Besuch ins gallische Dorf. Falbala taucht das erste Mal in dem Asterix-Comic Asterix als Legionär als Verlobte von Tragicomix auf, den Asterix und Obelix davor bewahren sollen als römischer Legionär in Afrika eingezogen zu werden. Die junge Frau verdreht Obelix ganz schön den Kopf, denn bis zur Begegnung mit Falbala waren ihm Frauen herzlich egal. Details Marke: CHAKS Farbe: blau Anlass: Fasnacht Lieferumfang: Top und Rock Warum bei LuxeStyle kaufen? 🇨🇭 Versand aus der Schweiz – Lieferung in nur 1–2 Werktagen (DPD) ↩️ 30 Tage Rückgaberecht 🔒 Kauf auf Rechnung mit Klarna · TWINT · Karten · PayPal · Apple Pay 💬 Schweizer Support: info@luxestyle.ch	https://luxestyle.ch/products/kinderkostum-falbala-fgack4194140?variant=55970740044161	https://cdn.shopify.com/s/files/1/0943/6856/3585/files/15469960069505-quadrat.jpg?v=1791261165	https://cdn.shopify.com/s/files/1/0943/6856/3585/files/CK4194140_1_95085d5a-79b2-4393-a19a-0a1f931945e3.jpg?v=1784840458	69.90 CHF	in stock	4	3661652042694	LuxeStyle	new	Kostüme & Verkleidung	1-3 Werktage (Lager Schweiz)
fortura-CK1062180	kostum-alf-fgack1062180	Kostüm ALF	Du liebst Katzen? (smile) Dann ist das hier Dein Kostüm, werde zur AusserirdischenLebensForm bekannt aus der TV-Serie der 80er und 90er. Vergiss Lucky die Katze nicht! Details Marke: CHAKS Farbe: braun Anlass: Fasnacht Lieferumfang: Kostüm Warum bei LuxeStyle kaufen? 🇨🇭 Versand aus der Schweiz – Lieferung in nur 1–2 Werktagen (DPD) ↩️ 30 Tage Rückgaberecht 🔒 Kauf auf Rechnung mit Klarna · TWINT · Karten · PayPal · Apple Pay 💬 Schweizer Support: info@luxestyle.ch	https://luxestyle.ch/products/kostum-alf-fgack1062180?variant=55970740076929	https://cdn.shopify.com/s/files/1/0943/6856/3585/files/CK1062180_1_f2aadb92-d893-4b46-bec0-2047d6dcdba9.jpg?v=1784840458		171.90 CHF	in stock	1	3661652006566	LuxeStyle	new	Kostüme & Verkleidung	1-3 Werktage (Lager Schweiz)
fortura-BO83696	kostum-romer-julius-fgssbo8369	Kostüm Römer Julius – 50/52	Kostüm Römer Julius – hochwertige Qualität ab Schweizer Lager. Warum bei LuxeStyle kaufen? 🇨🇭 Versand aus der Schweiz – Lieferung in nur 1–2 Werktagen (DPD) ↩️ 30 Tage Rückgaberecht 🔒 Kauf auf Rechnung mit Klarna · TWINT · Karten · PayPal · Apple Pay 💬 Schweizer Support: info@luxestyle.ch	https://luxestyle.ch/products/kostum-romer-julius-fgssbo8369?variant=55970740109697	https://cdn.shopify.com/s/files/1/0943/6856/3585/files/BO83696_1_40a2fbae-aef2-4a2e-9d5b-8c2aae28397a.jpg?v=1784840458	https://cdn.shopify.com/s/files/1/0943/6856/3585/files/BO83696_2.jpg?v=1784945301,https://cdn.shopify.com/s/files/1/0943/6856/3585/files/BO83697_2.jpg?v=1784945301,https://cdn.shopify.com/s/files/1/0943/6856/3585/files/BO83698_2.jpg?v=1784945302	61.90 CHF	in stock	14	8712026836960	LuxeStyle	new	Kostüme & Verkleidung	1-3 Werktage (Lager Schweiz)
fortura-BO83697	kostum-romer-julius-fgssbo8369	Kostüm Römer Julius – 54/56	Kostüm Römer Julius – hochwertige Qualität ab Schweizer Lager. Warum bei LuxeStyle kaufen? 🇨🇭 Versand aus der Schweiz – Lieferung in nur 1–2 Werktagen (DPD) ↩️ 30 Tage Rückgaberecht 🔒 Kauf auf Rechnung mit Klarna · TWINT · Karten · PayPal · Apple Pay 💬 Schweizer Support: info@luxestyle.ch	https://luxestyle.ch/products/kostum-romer-julius-fgssbo8369?variant=55970740142465	https://cdn.shopify.com/s/files/1/0943/6856/3585/files/BO83696_1_40a2fbae-aef2-4a2e-9d5b-8c2aae28397a.jpg?v=1784840458	https://cdn.shopify.com/s/files/1/0943/6856/3585/files/BO83696_2.jpg?v=1784945301,https://cdn.shopify.com/s/files/1/0943/6856/3585/files/BO83697_2.jpg?v=1784945301,https://cdn.shopify.com/s/files/1/0943/6856/3585/files/BO83698_2.jpg?v=1784945302	61.90 CHF	in stock	12	8712026836977	LuxeStyle	new	Kostüme & Verkleidung	1-3 Werktage (Lager Schweiz)
fortura-BO83698	kostum-romer-julius-fgssbo8369	Kostüm Römer Julius – 58/60	Kostüm Römer Julius – hochwertige Qualität ab Schweizer Lager. Warum bei LuxeStyle kaufen? 🇨🇭 Versand aus der Schweiz – Lieferung in nur 1–2 Werktagen (DPD) ↩️ 30 Tage Rückgaberecht 🔒 Kauf auf Rechnung mit Klarna · TWINT · Karten · PayPal · Apple Pay 💬 Schweizer Support: info@luxestyle.ch	https://luxestyle.ch/products/kostum-romer-julius-fgssbo8369?variant=55970740175233	https://cdn.shopify.com/s/files/1/0943/6856/3585/files/BO83696_1_40a2fbae-aef2-4a2e-9d5b-8c2aae28397a.jpg?v=1784840458	https://cdn.shopify.com/s/files/1/0943/6856/3585/files/BO83696_2.jpg?v=1784945301,https://cdn.shopify.com/s/files/1/0943/6856/3585/files/BO83697_2.jpg?v=1784945301,https://cdn.shopify.com/s/files/1/0943/6856/3585/files/BO83698_2.jpg?v=1784945302	61.90 CHF	in stock	11	8712026836984	LuxeStyle	new	Kostüme & Verkleidung	1-3 Werktage (Lager Schweiz)
fortura-BO83778	kostum-kapitan-fgssbo8378	Kostüm Kapitän – 50/52	Kostüm Kapitän – hochwertige Qualität ab Schweizer Lager. Warum bei LuxeStyle kaufen? 🇨🇭 Versand aus der Schweiz – Lieferung in nur 1–2 Werktagen (DPD) ↩️ 30 Tage Rückgaberecht 🔒 Kauf auf Rechnung mit Klarna · TWINT · Karten · PayPal · Apple Pay 💬 Schweizer Support: info@luxestyle.ch	https://luxestyle.ch/products/kostum-kapitan-fgssbo8378?variant=55970740371841	https://cdn.shopify.com/s/files/1/0943/6856/3585/files/BO83778_1_24ccb9e7-1cf2-4222-af22-5f2100874fc4.jpg?v=1784840460		74.90 CHF	in stock	10	8712026837783	LuxeStyle	new	Kostüme & Verkleidung	1-3 Werktage (Lager Schweiz)
fortura-BO83779	kostum-kapitan-fgssbo8378	Kostüm Kapitän – 54/56	Kostüm Kapitän – hochwertige Qualität ab Schweizer Lager. Warum bei LuxeStyle kaufen? 🇨🇭 Versand aus der Schweiz – Lieferung in nur 1–2 Werktagen (DPD) ↩️ 30 Tage Rückgaberecht 🔒 Kauf auf Rechnung mit Klarna · TWINT · Karten · PayPal · Apple Pay 💬 Schweizer Support: info@luxestyle.ch	https://luxestyle.ch/products/kostum-kapitan-fgssbo8378?variant=55970740404609	https://cdn.shopify.com/s/files/1/0943/6856/3585/files/BO83778_1_24ccb9e7-1cf2-4222-af22-5f2100874fc4.jpg?v=1784840460		74.90 CHF	in stock	4	8712026837790	LuxeStyle	new	Kostüme & Verkleidung	1-3 Werktage (Lager Schweiz)
fortura-BO83780	kostum-kapitan-fgssbo8378	Kostüm Kapitän – 58/60	Kostüm Kapitän – hochwertige Qualität ab Schweizer Lager. Warum bei LuxeStyle kaufen? 🇨🇭 Versand aus der Schweiz – Lieferung in nur 1–2 Werktagen (DPD) ↩️ 30 Tage Rückgaberecht 🔒 Kauf auf Rechnung mit Klarna · TWINT · Karten · PayPal · Apple Pay 💬 Schweizer Support: info@luxestyle.ch	https://luxestyle.ch/products/kostum-kapitan-fgssbo8378?variant=55970740437377	https://cdn.shopify.com/s/files/1/0943/6856/3585/files/BO83778_1_24ccb9e7-1cf2-4222-af22-5f2100874fc4.jpg?v=1784840460		74.90 CHF	in stock	9	8712026837806	LuxeStyle	new	Kostüme & Verkleidung	1-3 Werktage (Lager Schweiz)
fortura-CK107134S	kostum-barbie-rollerblades-fgssck107134	Kostüm Barbie Rollerblades – S	Kostüm Barbie Rollerblades – hochwertige Qualität ab Schweizer Lager. Warum bei LuxeStyle kaufen? 🇨🇭 Versand aus der Schweiz – Lieferung in nur 1–2 Werktagen (DPD) ↩️ 30 Tage Rückgaberecht 🔒 Kauf auf Rechnung mit Klarna · TWINT · Karten · PayPal · Apple Pay 💬 Schweizer Support: info@luxestyle.ch	https://luxestyle.ch/products/kostum-barbie-rollerblades-fgssck107134?variant=55970740470145	https://cdn.shopify.com/s/files/1/0943/6856/3585/files/CK107134L_1_9cafbaf7-3205-42fd-adea-70a8bcdd52fa.jpg?v=1784840461	https://cdn.shopify.com/s/files/1/0943/6856/3585/files/CK107134S_2.jpg?v=1784945304,https://cdn.shopify.com/s/files/1/0943/6856/3585/files/CK107134M_2.jpg?v=1784945304,https://cdn.shopify.com/s/files/1/0943/6856/3585/files/CK107134L_2.jpg?v=1784945304	74.90 CHF	in stock	16	840263409208	LuxeStyle	new	Kostüme & Verkleidung	1-3 Werktage (Lager Schweiz)
fortura-CK107134M	kostum-barbie-rollerblades-fgssck107134	Kostüm Barbie Rollerblades – M	Kostüm Barbie Rollerblades – hochwertige Qualität ab Schweizer Lager. Warum bei LuxeStyle kaufen? 🇨🇭 Versand aus der Schweiz – Lieferung in nur 1–2 Werktagen (DPD) ↩️ 30 Tage Rückgaberecht 🔒 Kauf auf Rechnung mit Klarna · TWINT · Karten · PayPal · Apple Pay 💬 Schweizer Support: info@luxestyle.ch	https://luxestyle.ch/products/kostum-barbie-rollerblades-fgssck107134?variant=55970740502913	https://cdn.shopify.com/s/files/1/0943/6856/3585/files/CK107134L_1_9cafbaf7-3205-42fd-adea-70a8bcdd52fa.jpg?v=1784840461	https://cdn.shopify.com/s/files/1/0943/6856/3585/files/CK107134S_2.jpg?v=1784945304,https://cdn.shopify.com/s/files/1/0943/6856/3585/files/CK107134M_2.jpg?v=1784945304,https://cdn.shopify.com/s/files/1/0943/6856/3585/files/CK107134L_2.jpg?v=1784945304	74.90 CHF	in stock	5	840263409215	LuxeStyle	new	Kostüme & Verkleidung	1-3 Werktage (Lager Schweiz)
fortura-CK107134L	kostum-barbie-rollerblades-fgssck107134	Kostüm Barbie Rollerblades – L	Kostüm Barbie Rollerblades – hochwertige Qualität ab Schweizer Lager. Warum bei LuxeStyle kaufen? 🇨🇭 Versand aus der Schweiz – Lieferung in nur 1–2 Werktagen (DPD) ↩️ 30 Tage Rückgaberecht 🔒 Kauf auf Rechnung mit Klarna · TWINT · Karten · PayPal · Apple Pay 💬 Schweizer Support: info@luxestyle.ch	https://luxestyle.ch/products/kostum-barbie-rollerblades-fgssck107134?variant=55970740535681	https://cdn.shopify.com/s/files/1/0943/6856/3585/files/CK107134L_1_9cafbaf7-3205-42fd-adea-70a8bcdd52fa.jpg?v=1784840461	https://cdn.shopify.com/s/files/1/0943/6856/3585/files/CK107134S_2.jpg?v=1784945304,https://cdn.shopify.com/s/files/1/0943/6856/3585/files/CK107134M_2.jpg?v=1784945304,https://cdn.shopify.com/s/files/1/0943/6856/3585/files/CK107134L_2.jpg?v=1784945304	74.90 CHF	in stock	14	840263409222	LuxeStyle	new	Kostüme & Verkleidung	1-3 Werktage (Lager Schweiz)
fortura-BO83900	oberteil-piratin-fgssbo8390	Oberteil Piratin – S	Oberteil Piratin – hochwertige Qualität ab Schweizer Lager. Warum bei LuxeStyle kaufen? 🇨🇭 Versand aus der Schweiz – Lieferung in nur 1–2 Werktagen (DPD) ↩️ 30 Tage Rückgaberecht 🔒 Kauf auf Rechnung mit Klarna · TWINT · Karten · PayPal · Apple Pay 💬 Schweizer Support: info@luxestyle.ch	https://luxestyle.ch/products/oberteil-piratin-fgssbo8390?variant=55970741551489	https://cdn.shopify.com/s/files/1/0943/6856/3585/files/BO83900_1_a3b52df7-b462-4e8e-b99e-525049a6f06a.jpg?v=1784840468		61.90 CHF	in stock	6	8712026839008	LuxeStyle	new	Kostüme & Verkleidung	1-3 Werktage (Lager Schweiz)
fortura-BO83901	oberteil-piratin-fgssbo8390	Oberteil Piratin – M/L	Oberteil Piratin – hochwertige Qualität ab Schweizer Lager. Warum bei LuxeStyle kaufen? 🇨🇭 Versand aus der Schweiz – Lieferung in nur 1–2 Werktagen (DPD) ↩️ 30 Tage Rückgaberecht 🔒 Kauf auf Rechnung mit Klarna · TWINT · Karten · PayPal · Apple Pay 💬 Schweizer Support: info@luxestyle.ch	https://luxestyle.ch/products/oberteil-piratin-fgssbo8390?variant=55970741584257	https://cdn.shopify.com/s/files/1/0943/6856/3585/files/BO83900_1_a3b52df7-b462-4e8e-b99e-525049a6f06a.jpg?v=1784840468		61.90 CHF	in stock	4	8712026839015	LuxeStyle	new	Kostüme & Verkleidung	1-3 Werktage (Lager Schweiz)
fortura-BO83902	oberteil-piratin-fgssbo8390	Oberteil Piratin – XL	Oberteil Piratin – hochwertige Qualität ab Schweizer Lager. Warum bei LuxeStyle kaufen? 🇨🇭 Versand aus der Schweiz – Lieferung in nur 1–2 Werktagen (DPD) ↩️ 30 Tage Rückgaberecht 🔒 Kauf auf Rechnung mit Klarna · TWINT · Karten · PayPal · Apple Pay 💬 Schweizer Support: info@luxestyle.ch	https://luxestyle.ch/products/oberteil-piratin-fgssbo8390?variant=55970741617025	https://cdn.shopify.com/s/files/1/0943/6856/3585/files/BO83900_1_a3b52df7-b462-4e8e-b99e-525049a6f06a.jpg?v=1784840468		61.90 CHF	in stock	7	8712026839022	LuxeStyle	new	Kostüme & Verkleidung	1-3 Werktage (Lager Schweiz)
fortura-BO83903	oberteil-piratin-fgssbo8390	Oberteil Piratin – XXL	Oberteil Piratin – hochwertige Qualität ab Schweizer Lager. Warum bei LuxeStyle kaufen? 🇨🇭 Versand aus der Schweiz – Lieferung in nur 1–2 Werktagen (DPD) ↩️ 30 Tage Rückgaberecht 🔒 Kauf auf Rechnung mit Klarna · TWINT · Karten · PayPal · Apple Pay 💬 Schweizer Support: info@luxestyle.ch	https://luxestyle.ch/products/oberteil-piratin-fgssbo8390?variant=55970741649793	https://cdn.shopify.com/s/files/1/0943/6856/3585/files/BO83900_1_a3b52df7-b462-4e8e-b99e-525049a6f06a.jpg?v=1784840468		61.90 CHF	in stock	10	8712026839039	LuxeStyle	new	Kostüme & Verkleidung	1-3 Werktage (Lager Schweiz)
fortura-CK124774M	kostum-underworld-selene-midnight-fgssck124774	Kostüm Underworld Selene Midnight	Schlüpfe in die Rolle der sexy Vampirin Selene aus dem Film Underworld und gehe auf die Jagd nach Wehrwölfen, oder streife üder die Dächer von Gotham City als Catwoman! Dieser Jumpsuit ist vielseitig einsetzbar, ist toll gearbeitet und sitzt bestimmt perfekt. Details Marke: CHAKS Farbe: schwarz Anlass: Fasnacht Lieferumfang: Jumpsuit, Gürtel und Handschuhe Warum bei LuxeStyle kaufen? 🇨🇭 Versand aus der Schweiz – Lieferung in nur 1–2 Werktagen (DPD) ↩️ 30 Tage Rückgaberecht 🔒 Kauf auf Rechnung mit Klarna · TWINT · Karten · PayPal · Apple Pay 💬 Schweizer Support: info@luxestyle.ch	https://luxestyle.ch/products/kostum-underworld-selene-midnight-fgssck124774?variant=55970741682561	https://cdn.shopify.com/s/files/1/0943/6856/3585/files/15469960495489-quadrat.jpg?v=1787775104	https://cdn.shopify.com/s/files/1/0943/6856/3585/files/CK124774M_1_122995ef-0e47-42d6-8d0e-23e28066e101.jpg?v=1784840468	104.90 CHF	in stock	1	071765080736	LuxeStyle	new	Kostüme & Verkleidung	1-3 Werktage (Lager Schweiz)
fortura-BO83984	kostum-romerin-cecilia-fgssbo8398d	Kostüm Römerin Cecilia – S	Kostüm Römerin Cecilia – hochwertige Qualität ab Schweizer Lager. Warum bei LuxeStyle kaufen? 🇨🇭 Versand aus der Schweiz – Lieferung in nur 1–2 Werktagen (DPD) ↩️ 30 Tage Rückgaberecht 🔒 Kauf auf Rechnung mit Klarna · TWINT · Karten · PayPal · Apple Pay 💬 Schweizer Support: info@luxestyle.ch	https://luxestyle.ch/products/kostum-romerin-cecilia-fgssbo8398d?variant=55970742174081	https://cdn.shopify.com/s/files/1/0943/6856/3585/files/BO83984_1_f75a5e1b-5898-41d7-8b52-8c9f62e55dc9.jpg?v=1784840475		57.90 CHF	in stock	15	8712026839848	LuxeStyle	new	Kostüme & Verkleidung	1-3 Werktage (Lager Schweiz)
fortura-BO83985	kostum-romerin-cecilia-fgssbo8398d	Kostüm Römerin Cecilia – M/L	Kostüm Römerin Cecilia – hochwertige Qualität ab Schweizer Lager. Warum bei LuxeStyle kaufen? 🇨🇭 Versand aus der Schweiz – Lieferung in nur 1–2 Werktagen (DPD) ↩️ 30 Tage Rückgaberecht 🔒 Kauf auf Rechnung mit Klarna · TWINT · Karten · PayPal · Apple Pay 💬 Schweizer Support: info@luxestyle.ch	https://luxestyle.ch/products/kostum-romerin-cecilia-fgssbo8398d?variant=55970742206849	https://cdn.shopify.com/s/files/1/0943/6856/3585/files/BO83984_1_f75a5e1b-5898-41d7-8b52-8c9f62e55dc9.jpg?v=1784840475		57.90 CHF	in stock	11	8712026839855	LuxeStyle	new	Kostüme & Verkleidung	1-3 Werktage (Lager Schweiz)
fortura-BO83986	kostum-romerin-cecilia-fgssbo8398d	Kostüm Römerin Cecilia – XL	Kostüm Römerin Cecilia – hochwertige Qualität ab Schweizer Lager. Warum bei LuxeStyle kaufen? 🇨🇭 Versand aus der Schweiz – Lieferung in nur 1–2 Werktagen (DPD) ↩️ 30 Tage Rückgaberecht 🔒 Kauf auf Rechnung mit Klarna · TWINT · Karten · PayPal · Apple Pay 💬 Schweizer Support: info@luxestyle.ch	https://luxestyle.ch/products/kostum-romerin-cecilia-fgssbo8398d?variant=55970742239617	https://cdn.shopify.com/s/files/1/0943/6856/3585/files/BO83984_1_f75a5e1b-5898-41d7-8b52-8c9f62e55dc9.jpg?v=1784840475		57.90 CHF	in stock	10	8712026839862	LuxeStyle	new	Kostüme & Verkleidung	1-3 Werktage (Lager Schweiz)
fortura-BO84123	kostum-cowboy-austin-fgssbo8412h	Kostüm Cowboy Austin – S	Kostüm Cowboy Austin – hochwertige Qualität ab Schweizer Lager. Warum bei LuxeStyle kaufen? 🇨🇭 Versand aus der Schweiz – Lieferung in nur 1–2 Werktagen (DPD) ↩️ 30 Tage Rückgaberecht 🔒 Kauf auf Rechnung mit Klarna · TWINT · Karten · PayPal · Apple Pay 💬 Schweizer Support: info@luxestyle.ch	https://luxestyle.ch/products/kostum-cowboy-austin-fgssbo8412h?variant=55970742927745	https://cdn.shopify.com/s/files/1/0943/6856/3585/files/BO84123_1_7a690e2d-e120-4e10-b443-bd6fc635bae1.jpg?v=1784840483		57.90 CHF	in stock	14	8712026841230	LuxeStyle	new	Kostüme & Verkleidung	1-3 Werktage (Lager Schweiz)
fortura-BO84124	kostum-cowboy-austin-fgssbo8412h	Kostüm Cowboy Austin – M/L	Kostüm Cowboy Austin – hochwertige Qualität ab Schweizer Lager. Warum bei LuxeStyle kaufen? 🇨🇭 Versand aus der Schweiz – Lieferung in nur 1–2 Werktagen (DPD) ↩️ 30 Tage Rückgaberecht 🔒 Kauf auf Rechnung mit Klarna · TWINT · Karten · PayPal · Apple Pay 💬 Schweizer Support: info@luxestyle.ch	https://luxestyle.ch/products/kostum-cowboy-austin-fgssbo8412h?variant=55970742960513	https://cdn.shopify.com/s/files/1/0943/6856/3585/files/BO84123_1_7a690e2d-e120-4e10-b443-bd6fc635bae1.jpg?v=1784840483		57.90 CHF	in stock	8	8712026841247	LuxeStyle	new	Kostüme & Verkleidung	1-3 Werktage (Lager Schweiz)
fortura-BO84125	kostum-cowboy-austin-fgssbo8412h	Kostüm Cowboy Austin – XL	Kostüm Cowboy Austin – hochwertige Qualität ab Schweizer Lager. Warum bei LuxeStyle kaufen? 🇨🇭 Versand aus der Schweiz – Lieferung in nur 1–2 Werktagen (DPD) ↩️ 30 Tage Rückgaberecht 🔒 Kauf auf Rechnung mit Klarna · TWINT · Karten · PayPal · Apple Pay 💬 Schweizer Support: info@luxestyle.ch	https://luxestyle.ch/products/kostum-cowboy-austin-fgssbo8412h?variant=55970742993281	https://cdn.shopify.com/s/files/1/0943/6856/3585/files/BO84123_1_7a690e2d-e120-4e10-b443-bd6fc635bae1.jpg?v=1784840483		57.90 CHF	in stock	5	8712026841254	LuxeStyle	new	Kostüme & Verkleidung	1-3 Werktage (Lager Schweiz)
fortura-BO84126	kostum-cowboy-austin-fgssbo8412h	Kostüm Cowboy Austin – XXL	Kostüm Cowboy Austin – hochwertige Qualität ab Schweizer Lager. Warum bei LuxeStyle kaufen? 🇨🇭 Versand aus der Schweiz – Lieferung in nur 1–2 Werktagen (DPD) ↩️ 30 Tage Rückgaberecht 🔒 Kauf auf Rechnung mit Klarna · TWINT · Karten · PayPal · Apple Pay 💬 Schweizer Support: info@luxestyle.ch	https://luxestyle.ch/products/kostum-cowboy-austin-fgssbo8412h?variant=55970743026049	https://cdn.shopify.com/s/files/1/0943/6856/3585/files/BO84123_1_7a690e2d-e120-4e10-b443-bd6fc635bae1.jpg?v=1784840483		57.90 CHF	in stock	4	8712026841261	LuxeStyle	new	Kostüme & Verkleidung	1-3 Werktage (Lager Schweiz)
fortura-BO84530	kostum-mr-groovy-fgssbo8453	Kostüm Mr. Groovy – 50/52	Kostüm Mr. Groovy – hochwertige Qualität ab Schweizer Lager. Warum bei LuxeStyle kaufen? 🇨🇭 Versand aus der Schweiz – Lieferung in nur 1–2 Werktagen (DPD) ↩️ 30 Tage Rückgaberecht 🔒 Kauf auf Rechnung mit Klarna · TWINT · Karten · PayPal · Apple Pay 💬 Schweizer Support: info@luxestyle.ch	https://luxestyle.ch/products/kostum-mr-groovy-fgssbo8453?variant=55970744009089	https://cdn.shopify.com/s/files/1/0943/6856/3585/files/BO84530_1_30ae2ca0-dbfc-4ec1-9de8-35762fe9ebe2.jpg?v=1784840493		70.90 CHF	in stock	22	8712026845306	LuxeStyle	new	Kostüme & Verkleidung	1-3 Werktage (Lager Schweiz)
fortura-BO84531	kostum-mr-groovy-fgssbo8453	Kostüm Mr. Groovy – 54/56	Kostüm Mr. Groovy – hochwertige Qualität ab Schweizer Lager. Warum bei LuxeStyle kaufen? 🇨🇭 Versand aus der Schweiz – Lieferung in nur 1–2 Werktagen (DPD) ↩️ 30 Tage Rückgaberecht 🔒 Kauf auf Rechnung mit Klarna · TWINT · Karten · PayPal · Apple Pay 💬 Schweizer Support: info@luxestyle.ch	https://luxestyle.ch/products/kostum-mr-groovy-fgssbo8453?variant=55970744041857	https://cdn.shopify.com/s/files/1/0943/6856/3585/files/BO84530_1_30ae2ca0-dbfc-4ec1-9de8-35762fe9ebe2.jpg?v=1784840493		70.90 CHF	in stock	17	8712026845313	LuxeStyle	new	Kostüme & Verkleidung	1-3 Werktage (Lager Schweiz)
fortura-BO84532	kostum-mr-groovy-fgssbo8453	Kostüm Mr. Groovy – 58/60	Kostüm Mr. Groovy – hochwertige Qualität ab Schweizer Lager. Warum bei LuxeStyle kaufen? 🇨🇭 Versand aus der Schweiz – Lieferung in nur 1–2 Werktagen (DPD) ↩️ 30 Tage Rückgaberecht 🔒 Kauf auf Rechnung mit Klarna · TWINT · Karten · PayPal · Apple Pay 💬 Schweizer Support: info@luxestyle.ch	https://luxestyle.ch/products/kostum-mr-groovy-fgssbo8453?variant=55970744074625	https://cdn.shopify.com/s/files/1/0943/6856/3585/files/BO84530_1_30ae2ca0-dbfc-4ec1-9de8-35762fe9ebe2.jpg?v=1784840493		70.90 CHF	in stock	18	8712026845320	LuxeStyle	new	Kostüme & Verkleidung	1-3 Werktage (Lager Schweiz)
fortura-CK4609128	kostum-boruto-uzumaki-fgssck4609	Kostüm Boruto Uzumaki – 128 cm	Kostüm Boruto Uzumaki – hochwertige Qualität ab Schweizer Lager. Warum bei LuxeStyle kaufen? 🇨🇭 Versand aus der Schweiz – Lieferung in nur 1–2 Werktagen (DPD) ↩️ 30 Tage Rückgaberecht 🔒 Kauf auf Rechnung mit Klarna · TWINT · Karten · PayPal · Apple Pay 💬 Schweizer Support: info@luxestyle.ch	https://luxestyle.ch/products/kostum-boruto-uzumaki-fgssck4609?variant=55970747810177	https://cdn.shopify.com/s/files/1/0943/6856/3585/files/CK4609128_1_3490a1af-e3a0-4723-8999-e659bede57ee.jpg?v=1784840509	https://cdn.shopify.com/s/files/1/0943/6856/3585/files/CK4609128_2.jpg?v=1784945344,https://cdn.shopify.com/s/files/1/0943/6856/3585/files/CK4609128_3.jpg?v=1784945345,https://cdn.shopify.com/s/files/1/0943/6856/3585/files/CK4609140_2.jpg?v=1784945344,https://cdn.shopify.com/s/files/1/0943/6856/3585/files/CK4609140_3.jpg?v=1784945344	61.90 CHF	in stock	15	3661652169704	LuxeStyle	new	Kostüme & Verkleidung	1-3 Werktage (Lager Schweiz)
fortura-CK4609140	kostum-boruto-uzumaki-fgssck4609	Kostüm Boruto Uzumaki – 140 cm	Kostüm Boruto Uzumaki – hochwertige Qualität ab Schweizer Lager. Warum bei LuxeStyle kaufen? 🇨🇭 Versand aus der Schweiz – Lieferung in nur 1–2 Werktagen (DPD) ↩️ 30 Tage Rückgaberecht 🔒 Kauf auf Rechnung mit Klarna · TWINT · Karten · PayPal · Apple Pay 💬 Schweizer Support: info@luxestyle.ch	https://luxestyle.ch/products/kostum-boruto-uzumaki-fgssck4609?variant=55970747842945	https://cdn.shopify.com/s/files/1/0943/6856/3585/files/CK4609128_1_3490a1af-e3a0-4723-8999-e659bede57ee.jpg?v=1784840509	https://cdn.shopify.com/s/files/1/0943/6856/3585/files/CK4609128_2.jpg?v=1784945344,https://cdn.shopify.com/s/files/1/0943/6856/3585/files/CK4609128_3.jpg?v=1784945345,https://cdn.shopify.com/s/files/1/0943/6856/3585/files/CK4609140_2.jpg?v=1784945344,https://cdn.shopify.com/s/files/1/0943/6856/3585/files/CK4609140_3.jpg?v=1784945344	61.90 CHF	in stock	8	3661652169711	LuxeStyle	new	Kostüme & Verkleidung	1-3 Werktage (Lager Schweiz)
fortura-CK4609152	kostum-boruto-uzumaki-fgssck4609	Kostüm Boruto Uzumaki – 152 cm	Kostüm Boruto Uzumaki – hochwertige Qualität ab Schweizer Lager. Warum bei LuxeStyle kaufen? 🇨🇭 Versand aus der Schweiz – Lieferung in nur 1–2 Werktagen (DPD) ↩️ 30 Tage Rückgaberecht 🔒 Kauf auf Rechnung mit Klarna · TWINT · Karten · PayPal · Apple Pay 💬 Schweizer Support: info@luxestyle.ch	https://luxestyle.ch/products/kostum-boruto-uzumaki-fgssck4609?variant=55970747875713	https://cdn.shopify.com/s/files/1/0943/6856/3585/files/CK4609128_1_3490a1af-e3a0-4723-8999-e659bede57ee.jpg?v=1784840509	https://cdn.shopify.com/s/files/1/0943/6856/3585/files/CK4609128_2.jpg?v=1784945344,https://cdn.shopify.com/s/files/1/0943/6856/3585/files/CK4609128_3.jpg?v=1784945345,https://cdn.shopify.com/s/files/1/0943/6856/3585/files/CK4609140_2.jpg?v=1784945344,https://cdn.shopify.com/s/files/1/0943/6856/3585/files/CK4609140_3.jpg?v=1784945344	61.90 CHF	in stock	2	3661652169728	LuxeStyle	new	Kostüme & Verkleidung	1-3 Werktage (Lager Schweiz)
fortura-CK4610S	kostum-naruto-hinata-fgssck4610k	Kostüm Naruto Hinata – S	Kostüm Naruto Hinata – hochwertige Qualität ab Schweizer Lager. Warum bei LuxeStyle kaufen? 🇨🇭 Versand aus der Schweiz – Lieferung in nur 1–2 Werktagen (DPD) ↩️ 30 Tage Rückgaberecht 🔒 Kauf auf Rechnung mit Klarna · TWINT · Karten · PayPal · Apple Pay 💬 Schweizer Support: info@luxestyle.ch	https://luxestyle.ch/products/kostum-naruto-hinata-fgssck4610k?variant=56057259721089	https://cdn.shopify.com/s/files/1/0943/6856/3585/files/CK4610128_1_5b139e53-b850-4ee3-af62-f05a6411aa50.jpg?v=1784840511	https://cdn.shopify.com/s/files/1/0943/6856/3585/files/CK4610128_2.jpg?v=1784945350,https://cdn.shopify.com/s/files/1/0943/6856/3585/files/CK4610128_3.jpg?v=1784945350,https://cdn.shopify.com/s/files/1/0943/6856/3585/files/CK4610140_2.jpg?v=1784945350,https://cdn.shopify.com/s/files/1/0943/6856/3585/files/CK4610140_3.jpg?v=1784945350	74.90 CHF	in stock	3	3661652169797	LuxeStyle	new	Kostüme & Verkleidung	1-3 Werktage (Lager Schweiz)
fortura-CK4610M	kostum-naruto-hinata-fgssck4610k	Kostüm Naruto Hinata – M	Kostüm Naruto Hinata – hochwertige Qualität ab Schweizer Lager. Warum bei LuxeStyle kaufen? 🇨🇭 Versand aus der Schweiz – Lieferung in nur 1–2 Werktagen (DPD) ↩️ 30 Tage Rückgaberecht 🔒 Kauf auf Rechnung mit Klarna · TWINT · Karten · PayPal · Apple Pay 💬 Schweizer Support: info@luxestyle.ch	https://luxestyle.ch/products/kostum-naruto-hinata-fgssck4610k?variant=56057259753857	https://cdn.shopify.com/s/files/1/0943/6856/3585/files/CK4610128_1_5b139e53-b850-4ee3-af62-f05a6411aa50.jpg?v=1784840511	https://cdn.shopify.com/s/files/1/0943/6856/3585/files/CK4610128_2.jpg?v=1784945350,https://cdn.shopify.com/s/files/1/0943/6856/3585/files/CK4610128_3.jpg?v=1784945350,https://cdn.shopify.com/s/files/1/0943/6856/3585/files/CK4610140_2.jpg?v=1784945350,https://cdn.shopify.com/s/files/1/0943/6856/3585/files/CK4610140_3.jpg?v=1784945350	74.90 CHF	in stock	3	3661652169803	LuxeStyle	new	Kostüme & Verkleidung	1-3 Werktage (Lager Schweiz)
fortura-CK4610L	kostum-naruto-hinata-fgssck4610k	Kostüm Naruto Hinata – L	Kostüm Naruto Hinata – hochwertige Qualität ab Schweizer Lager. Warum bei LuxeStyle kaufen? 🇨🇭 Versand aus der Schweiz – Lieferung in nur 1–2 Werktagen (DPD) ↩️ 30 Tage Rückgaberecht 🔒 Kauf auf Rechnung mit Klarna · TWINT · Karten · PayPal · Apple Pay 💬 Schweizer Support: info@luxestyle.ch	https://luxestyle.ch/products/kostum-naruto-hinata-fgssck4610k?variant=56057259786625	https://cdn.shopify.com/s/files/1/0943/6856/3585/files/CK4610128_1_5b139e53-b850-4ee3-af62-f05a6411aa50.jpg?v=1784840511	https://cdn.shopify.com/s/files/1/0943/6856/3585/files/CK4610128_2.jpg?v=1784945350,https://cdn.shopify.com/s/files/1/0943/6856/3585/files/CK4610128_3.jpg?v=1784945350,https://cdn.shopify.com/s/files/1/0943/6856/3585/files/CK4610140_2.jpg?v=1784945350,https://cdn.shopify.com/s/files/1/0943/6856/3585/files/CK4610140_3.jpg?v=1784945350	74.90 CHF	in stock	3	3661652169810	LuxeStyle	new	Kostüme & Verkleidung	1-3 Werktage (Lager Schweiz)
fortura-CK4610128	kostum-naruto-hinata-fgssck4610k	Kostüm Naruto Hinata – 128 cm	Kostüm Naruto Hinata – hochwertige Qualität ab Schweizer Lager. Warum bei LuxeStyle kaufen? 🇨🇭 Versand aus der Schweiz – Lieferung in nur 1–2 Werktagen (DPD) ↩️ 30 Tage Rückgaberecht 🔒 Kauf auf Rechnung mit Klarna · TWINT · Karten · PayPal · Apple Pay 💬 Schweizer Support: info@luxestyle.ch	https://luxestyle.ch/products/kostum-naruto-hinata-fgssck4610k?variant=55970748072321	https://cdn.shopify.com/s/files/1/0943/6856/3585/files/CK4610128_1_5b139e53-b850-4ee3-af62-f05a6411aa50.jpg?v=1784840511	https://cdn.shopify.com/s/files/1/0943/6856/3585/files/CK4610128_2.jpg?v=1784945350,https://cdn.shopify.com/s/files/1/0943/6856/3585/files/CK4610128_3.jpg?v=1784945350,https://cdn.shopify.com/s/files/1/0943/6856/3585/files/CK4610140_2.jpg?v=1784945350,https://cdn.shopify.com/s/files/1/0943/6856/3585/files/CK4610140_3.jpg?v=1784945350	61.90 CHF	in stock	16	3661652169766	LuxeStyle	new	Kostüme & Verkleidung	1-3 Werktage (Lager Schweiz)
fortura-CK4610140	kostum-naruto-hinata-fgssck4610k	Kostüm Naruto Hinata – 140 cm	Kostüm Naruto Hinata – hochwertige Qualität ab Schweizer Lager. Warum bei LuxeStyle kaufen? 🇨🇭 Versand aus der Schweiz – Lieferung in nur 1–2 Werktagen (DPD) ↩️ 30 Tage Rückgaberecht 🔒 Kauf auf Rechnung mit Klarna · TWINT · Karten · PayPal · Apple Pay 💬 Schweizer Support: info@luxestyle.ch	https://luxestyle.ch/products/kostum-naruto-hinata-fgssck4610k?variant=55970748105089	https://cdn.shopify.com/s/files/1/0943/6856/3585/files/CK4610128_1_5b139e53-b850-4ee3-af62-f05a6411aa50.jpg?v=1784840511	https://cdn.shopify.com/s/files/1/0943/6856/3585/files/CK4610128_2.jpg?v=1784945350,https://cdn.shopify.com/s/files/1/0943/6856/3585/files/CK4610128_3.jpg?v=1784945350,https://cdn.shopify.com/s/files/1/0943/6856/3585/files/CK4610140_2.jpg?v=1784945350,https://cdn.shopify.com/s/files/1/0943/6856/3585/files/CK4610140_3.jpg?v=1784945350	61.90 CHF	in stock	14	3661652169773	LuxeStyle	new	Kostüme & Verkleidung	1-3 Werktage (Lager Schweiz)
fortura-CK4610152	kostum-naruto-hinata-fgssck4610k	Kostüm Naruto Hinata – 152 cm	Kostüm Naruto Hinata – hochwertige Qualität ab Schweizer Lager. Warum bei LuxeStyle kaufen? 🇨🇭 Versand aus der Schweiz – Lieferung in nur 1–2 Werktagen (DPD) ↩️ 30 Tage Rückgaberecht 🔒 Kauf auf Rechnung mit Klarna · TWINT · Karten · PayPal · Apple Pay 💬 Schweizer Support: info@luxestyle.ch	https://luxestyle.ch/products/kostum-naruto-hinata-fgssck4610k?variant=55970748137857	https://cdn.shopify.com/s/files/1/0943/6856/3585/files/CK4610128_1_5b139e53-b850-4ee3-af62-f05a6411aa50.jpg?v=1784840511	https://cdn.shopify.com/s/files/1/0943/6856/3585/files/CK4610128_2.jpg?v=1784945350,https://cdn.shopify.com/s/files/1/0943/6856/3585/files/CK4610128_3.jpg?v=1784945350,https://cdn.shopify.com/s/files/1/0943/6856/3585/files/CK4610140_2.jpg?v=1784945350,https://cdn.shopify.com/s/files/1/0943/6856/3585/files/CK4610140_3.jpg?v=1784945350	61.90 CHF	in stock	11	3661652169780	LuxeStyle	new	Kostüme & Verkleidung	1-3 Werktage (Lager Schweiz)
fortura-CK4612M	kostum-one-piece-luffy-fgssck4612	Kostüm One Piece Luffy – M	Kostüm One Piece Luffy – hochwertige Qualität ab Schweizer Lager. Warum bei LuxeStyle kaufen? 🇨🇭 Versand aus der Schweiz – Lieferung in nur 1–2 Werktagen (DPD) ↩️ 30 Tage Rückgaberecht 🔒 Kauf auf Rechnung mit Klarna · TWINT · Karten · PayPal · Apple Pay 💬 Schweizer Support: info@luxestyle.ch	https://luxestyle.ch/products/kostum-one-piece-luffy-fgssck4612?variant=55970748203393	https://cdn.shopify.com/s/files/1/0943/6856/3585/files/CK4612L_1_dd9fff22-1536-4946-ae6f-ed342e0f4d3f.jpg?v=1784840514	https://cdn.shopify.com/s/files/1/0943/6856/3585/files/CK4612M_2.jpg?v=1784945352,https://cdn.shopify.com/s/files/1/0943/6856/3585/files/CK4612L_2.jpg?v=1784945353,https://cdn.shopify.com/s/files/1/0943/6856/3585/files/CK4612XL_2.jpg?v=1784945353	78.90 CHF	in stock	3	3661652169926	LuxeStyle	new	Kostüme & Verkleidung	1-3 Werktage (Lager Schweiz)
fortura-CK4612L	kostum-one-piece-luffy-fgssck4612	Kostüm One Piece Luffy – L	Kostüm One Piece Luffy – hochwertige Qualität ab Schweizer Lager. Warum bei LuxeStyle kaufen? 🇨🇭 Versand aus der Schweiz – Lieferung in nur 1–2 Werktagen (DPD) ↩️ 30 Tage Rückgaberecht 🔒 Kauf auf Rechnung mit Klarna · TWINT · Karten · PayPal · Apple Pay 💬 Schweizer Support: info@luxestyle.ch	https://luxestyle.ch/products/kostum-one-piece-luffy-fgssck4612?variant=55970748236161	https://cdn.shopify.com/s/files/1/0943/6856/3585/files/CK4612L_1_dd9fff22-1536-4946-ae6f-ed342e0f4d3f.jpg?v=1784840514	https://cdn.shopify.com/s/files/1/0943/6856/3585/files/CK4612M_2.jpg?v=1784945352,https://cdn.shopify.com/s/files/1/0943/6856/3585/files/CK4612L_2.jpg?v=1784945353,https://cdn.shopify.com/s/files/1/0943/6856/3585/files/CK4612XL_2.jpg?v=1784945353	78.90 CHF	in stock	13	3661652169933	LuxeStyle	new	Kostüme & Verkleidung	1-3 Werktage (Lager Schweiz)
fortura-CK4612XL	kostum-one-piece-luffy-fgssck4612	Kostüm One Piece Luffy – XL	Kostüm One Piece Luffy – hochwertige Qualität ab Schweizer Lager. Warum bei LuxeStyle kaufen? 🇨🇭 Versand aus der Schweiz – Lieferung in nur 1–2 Werktagen (DPD) ↩️ 30 Tage Rückgaberecht 🔒 Kauf auf Rechnung mit Klarna · TWINT · Karten · PayPal · Apple Pay 💬 Schweizer Support: info@luxestyle.ch	https://luxestyle.ch/products/kostum-one-piece-luffy-fgssck4612?variant=55970748268929	https://cdn.shopify.com/s/files/1/0943/6856/3585/files/CK4612L_1_dd9fff22-1536-4946-ae6f-ed342e0f4d3f.jpg?v=1784840514	https://cdn.shopify.com/s/files/1/0943/6856/3585/files/CK4612M_2.jpg?v=1784945352,https://cdn.shopify.com/s/files/1/0943/6856/3585/files/CK4612L_2.jpg?v=1784945353,https://cdn.shopify.com/s/files/1/0943/6856/3585/files/CK4612XL_2.jpg?v=1784945353	78.90 CHF	in stock	12	3661652169940	LuxeStyle	new	Kostüme & Verkleidung	1-3 Werktage (Lager Schweiz)
fortura-CK1091164	kostum-hase-fgssck1091	Kostüm Hase – 164 cm	Sei ein kuscheliger Hase! Süss und rosa kannst Du bei jeder Party mithoppeln. Perfekt geeignet für Mottopartys oder Fasnacht. Details Marke: CHAKS Farbe: pink/rosa Anlass: Fasnacht Lieferumfang: 1 Kostüm Warum bei LuxeStyle kaufen? 🇨🇭 Versand aus der Schweiz – Lieferung in nur 1–2 Werktagen (DPD) ↩️ 30 Tage Rückgaberecht 🔒 Kauf auf Rechnung mit Klarna · TWINT · Karten · PayPal · Apple Pay 💬 Schweizer Support: info@luxestyle.ch	https://luxestyle.ch/products/kostum-hase-fgssck1091?variant=55970748301697	https://cdn.shopify.com/s/files/1/0943/6856/3585/files/CK1091164_1_3dbc8014-848c-419e-82a7-af1d62d590e0.jpg?v=1784840514	https://cdn.shopify.com/s/files/1/0943/6856/3585/files/CK1091164_2.jpg?v=1784945355,https://cdn.shopify.com/s/files/1/0943/6856/3585/files/CK1091180_2.jpg?v=1784945355	99.90 CHF	in stock	3	3661652028346	LuxeStyle	new	Kostüme & Verkleidung	1-3 Werktage (Lager Schweiz)
fortura-CK1091180	kostum-hase-fgssck1091	Kostüm Hase – 180 cm	Sei ein kuscheliger Hase! Süss und rosa kannst Du bei jeder Party mithoppeln. Perfekt geeignet für Mottopartys oder Fasnacht. Details Marke: CHAKS Farbe: pink/rosa Anlass: Fasnacht Lieferumfang: 1 Kostüm Warum bei LuxeStyle kaufen? 🇨🇭 Versand aus der Schweiz – Lieferung in nur 1–2 Werktagen (DPD) ↩️ 30 Tage Rückgaberecht 🔒 Kauf auf Rechnung mit Klarna · TWINT · Karten · PayPal · Apple Pay 💬 Schweizer Support: info@luxestyle.ch	https://luxestyle.ch/products/kostum-hase-fgssck1091?variant=55970748334465	https://cdn.shopify.com/s/files/1/0943/6856/3585/files/CK1091164_1_3dbc8014-848c-419e-82a7-af1d62d590e0.jpg?v=1784840514	https://cdn.shopify.com/s/files/1/0943/6856/3585/files/CK1091164_2.jpg?v=1784945355,https://cdn.shopify.com/s/files/1/0943/6856/3585/files/CK1091180_2.jpg?v=1784945355	103.90 CHF	in stock	3	3661652031735	LuxeStyle	new	Kostüme & Verkleidung	1-3 Werktage (Lager Schweiz)
fortura-CK4615128	kostum-izuku-midoriya-fgssck4615	Kostüm Izuku Midoriya – 128 cm	Kostüm Izuku Midoriya – hochwertige Qualität ab Schweizer Lager. Warum bei LuxeStyle kaufen? 🇨🇭 Versand aus der Schweiz – Lieferung in nur 1–2 Werktagen (DPD) ↩️ 30 Tage Rückgaberecht 🔒 Kauf auf Rechnung mit Klarna · TWINT · Karten · PayPal · Apple Pay 💬 Schweizer Support: info@luxestyle.ch	https://luxestyle.ch/products/kostum-izuku-midoriya-fgssck4615?variant=55970748432769	https://cdn.shopify.com/s/files/1/0943/6856/3585/files/CK4615128_1_2e537a33-3875-4334-92e4-f012a039eec1.jpg?v=1784840517	https://cdn.shopify.com/s/files/1/0943/6856/3585/files/CK4615128_2_1159dc23-58c5-4531-9fd2-93eaae6f45e9.jpg?v=1784945360,https://cdn.shopify.com/s/files/1/0943/6856/3585/files/CK4615140_2_51cf74e8-a49d-4874-aad2-7f72a124687a.jpg?v=1784945360,https://cdn.shopify.com/s/files/1/0943/6856/3585/files/CK4615152_2_898dada2-657a-44c2-8886-1f4e34690989.jpg?v=1784945360	91.90 CHF	in stock	17	3661652170076	LuxeStyle	new	Kostüme & Verkleidung	1-3 Werktage (Lager Schweiz)
fortura-CK4615140	kostum-izuku-midoriya-fgssck4615	Kostüm Izuku Midoriya – 140 cm	Kostüm Izuku Midoriya – hochwertige Qualität ab Schweizer Lager. Warum bei LuxeStyle kaufen? 🇨🇭 Versand aus der Schweiz – Lieferung in nur 1–2 Werktagen (DPD) ↩️ 30 Tage Rückgaberecht 🔒 Kauf auf Rechnung mit Klarna · TWINT · Karten · PayPal · Apple Pay 💬 Schweizer Support: info@luxestyle.ch	https://luxestyle.ch/products/kostum-izuku-midoriya-fgssck4615?variant=55970748465537	https://cdn.shopify.com/s/files/1/0943/6856/3585/files/CK4615128_1_2e537a33-3875-4334-92e4-f012a039eec1.jpg?v=1784840517	https://cdn.shopify.com/s/files/1/0943/6856/3585/files/CK4615128_2_1159dc23-58c5-4531-9fd2-93eaae6f45e9.jpg?v=1784945360,https://cdn.shopify.com/s/files/1/0943/6856/3585/files/CK4615140_2_51cf74e8-a49d-4874-aad2-7f72a124687a.jpg?v=1784945360,https://cdn.shopify.com/s/files/1/0943/6856/3585/files/CK4615152_2_898dada2-657a-44c2-8886-1f4e34690989.jpg?v=1784945360	91.90 CHF	in stock	15	3661652170083	LuxeStyle	new	Kostüme & Verkleidung	1-3 Werktage (Lager Schweiz)
fortura-CK4615152	kostum-izuku-midoriya-fgssck4615	Kostüm Izuku Midoriya – 152 cm	Kostüm Izuku Midoriya – hochwertige Qualität ab Schweizer Lager. Warum bei LuxeStyle kaufen? 🇨🇭 Versand aus der Schweiz – Lieferung in nur 1–2 Werktagen (DPD) ↩️ 30 Tage Rückgaberecht 🔒 Kauf auf Rechnung mit Klarna · TWINT · Karten · PayPal · Apple Pay 💬 Schweizer Support: info@luxestyle.ch	https://luxestyle.ch/products/kostum-izuku-midoriya-fgssck4615?variant=55970748498305	https://cdn.shopify.com/s/files/1/0943/6856/3585/files/CK4615128_1_2e537a33-3875-4334-92e4-f012a039eec1.jpg?v=1784840517	https://cdn.shopify.com/s/files/1/0943/6856/3585/files/CK4615128_2_1159dc23-58c5-4531-9fd2-93eaae6f45e9.jpg?v=1784945360,https://cdn.shopify.com/s/files/1/0943/6856/3585/files/CK4615140_2_51cf74e8-a49d-4874-aad2-7f72a124687a.jpg?v=1784945360,https://cdn.shopify.com/s/files/1/0943/6856/3585/files/CK4615152_2_898dada2-657a-44c2-8886-1f4e34690989.jpg?v=1784945360	91.90 CHF	in stock	14	3661652170090	LuxeStyle	new	Kostüme & Verkleidung	1-3 Werktage (Lager Schweiz)
fortura-CK4630S	kostum-morticia-wednesday-fgssck4630	Kostüm Morticia Wednesday – S	Kostüm Morticia Wednesday – hochwertige Qualität ab Schweizer Lager. Warum bei LuxeStyle kaufen? 🇨🇭 Versand aus der Schweiz – Lieferung in nur 1–2 Werktagen (DPD) ↩️ 30 Tage Rückgaberecht 🔒 Kauf auf Rechnung mit Klarna · TWINT · Karten · PayPal · Apple Pay 💬 Schweizer Support: info@luxestyle.ch	https://luxestyle.ch/products/kostum-morticia-wednesday-fgssck4630?variant=55970749120897	https://cdn.shopify.com/s/files/1/0943/6856/3585/files/CK4630L_1_c02ea507-cca3-4ae7-8630-0e37481f3b9a.jpg?v=1784840524	https://cdn.shopify.com/s/files/1/0943/6856/3585/files/CK4630S_2_6b0f3c28-1e63-4122-8205-b6e23bfcb0cc.jpg?v=1784948719,https://cdn.shopify.com/s/files/1/0943/6856/3585/files/CK4630S_3_d2367a98-919d-48bc-9e72-5df53cbb2f2f.jpg?v=1784948720,https://cdn.shopify.com/s/files/1/0943/6856/3585/files/CK4630M_2_6325b687-41b3-4399-94b5-bb0c22faecf5.jpg?v=1784948719,https://cdn.shopify.com/s/files/1/0943/6856/3585/files/CK4630M_3_5a59d699-a894-4c26-a6d7-dd934dc58749.jpg?v=1784948720	57.90 CHF	in stock	22	3661652175873	LuxeStyle	new	Kostüme & Verkleidung	1-3 Werktage (Lager Schweiz)
fortura-CK4630M	kostum-morticia-wednesday-fgssck4630	Kostüm Morticia Wednesday – M	Kostüm Morticia Wednesday – hochwertige Qualität ab Schweizer Lager. Warum bei LuxeStyle kaufen? 🇨🇭 Versand aus der Schweiz – Lieferung in nur 1–2 Werktagen (DPD) ↩️ 30 Tage Rückgaberecht 🔒 Kauf auf Rechnung mit Klarna · TWINT · Karten · PayPal · Apple Pay 💬 Schweizer Support: info@luxestyle.ch	https://luxestyle.ch/products/kostum-morticia-wednesday-fgssck4630?variant=55970749153665	https://cdn.shopify.com/s/files/1/0943/6856/3585/files/CK4630L_1_c02ea507-cca3-4ae7-8630-0e37481f3b9a.jpg?v=1784840524	https://cdn.shopify.com/s/files/1/0943/6856/3585/files/CK4630S_2_6b0f3c28-1e63-4122-8205-b6e23bfcb0cc.jpg?v=1784948719,https://cdn.shopify.com/s/files/1/0943/6856/3585/files/CK4630S_3_d2367a98-919d-48bc-9e72-5df53cbb2f2f.jpg?v=1784948720,https://cdn.shopify.com/s/files/1/0943/6856/3585/files/CK4630M_2_6325b687-41b3-4399-94b5-bb0c22faecf5.jpg?v=1784948719,https://cdn.shopify.com/s/files/1/0943/6856/3585/files/CK4630M_3_5a59d699-a894-4c26-a6d7-dd934dc58749.jpg?v=1784948720	57.90 CHF	in stock	28	3661652175880	LuxeStyle	new	Kostüme & Verkleidung	1-3 Werktage (Lager Schweiz)
fortura-CK4630L	kostum-morticia-wednesday-fgssck4630	Kostüm Morticia Wednesday – L	Kostüm Morticia Wednesday – hochwertige Qualität ab Schweizer Lager. Warum bei LuxeStyle kaufen? 🇨🇭 Versand aus der Schweiz – Lieferung in nur 1–2 Werktagen (DPD) ↩️ 30 Tage Rückgaberecht 🔒 Kauf auf Rechnung mit Klarna · TWINT · Karten · PayPal · Apple Pay 💬 Schweizer Support: info@luxestyle.ch	https://luxestyle.ch/products/kostum-morticia-wednesday-fgssck4630?variant=55970749186433	https://cdn.shopify.com/s/files/1/0943/6856/3585/files/CK4630L_1_c02ea507-cca3-4ae7-8630-0e37481f3b9a.jpg?v=1784840524	https://cdn.shopify.com/s/files/1/0943/6856/3585/files/CK4630S_2_6b0f3c28-1e63-4122-8205-b6e23bfcb0cc.jpg?v=1784948719,https://cdn.shopify.com/s/files/1/0943/6856/3585/files/CK4630S_3_d2367a98-919d-48bc-9e72-5df53cbb2f2f.jpg?v=1784948720,https://cdn.shopify.com/s/files/1/0943/6856/3585/files/CK4630M_2_6325b687-41b3-4399-94b5-bb0c22faecf5.jpg?v=1784948719,https://cdn.shopify.com/s/files/1/0943/6856/3585/files/CK4630M_3_5a59d699-a894-4c26-a6d7-dd934dc58749.jpg?v=1784948720	57.90 CHF	in stock	37	3661652175897	LuxeStyle	new	Kostüme & Verkleidung	1-3 Werktage (Lager Schweiz)
fortura-CK4630XL	kostum-morticia-wednesday-fgssck4630	Kostüm Morticia Wednesday – XL	Kostüm Morticia Wednesday – hochwertige Qualität ab Schweizer Lager. Warum bei LuxeStyle kaufen? 🇨🇭 Versand aus der Schweiz – Lieferung in nur 1–2 Werktagen (DPD) ↩️ 30 Tage Rückgaberecht 🔒 Kauf auf Rechnung mit Klarna · TWINT · Karten · PayPal · Apple Pay 💬 Schweizer Support: info@luxestyle.ch	https://luxestyle.ch/products/kostum-morticia-wednesday-fgssck4630?variant=55970749219201	https://cdn.shopify.com/s/files/1/0943/6856/3585/files/CK4630L_1_c02ea507-cca3-4ae7-8630-0e37481f3b9a.jpg?v=1784840524	https://cdn.shopify.com/s/files/1/0943/6856/3585/files/CK4630S_2_6b0f3c28-1e63-4122-8205-b6e23bfcb0cc.jpg?v=1784948719,https://cdn.shopify.com/s/files/1/0943/6856/3585/files/CK4630S_3_d2367a98-919d-48bc-9e72-5df53cbb2f2f.jpg?v=1784948720,https://cdn.shopify.com/s/files/1/0943/6856/3585/files/CK4630M_2_6325b687-41b3-4399-94b5-bb0c22faecf5.jpg?v=1784948719,https://cdn.shopify.com/s/files/1/0943/6856/3585/files/CK4630M_3_5a59d699-a894-4c26-a6d7-dd934dc58749.jpg?v=1784948720	57.90 CHF	in stock	39	3661652175903	LuxeStyle	new	Kostüme & Verkleidung	1-3 Werktage (Lager Schweiz)
fortura-CK4636M	kostum-anzug-gomez-wednesday-fgssck4636	Kostüm Anzug Gomez Wednesday – M	Kostüm Anzug Gomez Wednesday – hochwertige Qualität ab Schweizer Lager. Warum bei LuxeStyle kaufen? 🇨🇭 Versand aus der Schweiz – Lieferung in nur 1–2 Werktagen (DPD) ↩️ 30 Tage Rückgaberecht 🔒 Kauf auf Rechnung mit Klarna · TWINT · Karten · PayPal · Apple Pay 💬 Schweizer Support: info@luxestyle.ch	https://luxestyle.ch/products/kostum-anzug-gomez-wednesday-fgssck4636?variant=55970749284737	https://cdn.shopify.com/s/files/1/0943/6856/3585/files/CK4636L_1_ac16b332-2819-42ec-95b0-b4e1ef394a5a.jpg?v=1784840526	https://cdn.shopify.com/s/files/1/0943/6856/3585/files/CK4636M_2_90e618fc-2ec3-4e4e-b98e-004e2556bce7.jpg?v=1784948722,https://cdn.shopify.com/s/files/1/0943/6856/3585/files/CK4636L_2_83711025-3da4-45f8-8ffe-3a661540caff.jpg?v=1784948722,https://cdn.shopify.com/s/files/1/0943/6856/3585/files/CK4636XL_2_e9f24ce6-1f10-49aa-864d-f67d9bdf1f5e.jpg?v=1784948722	71.90 CHF	in stock	3	3661652179765	LuxeStyle	new	Kostüme & Verkleidung	1-3 Werktage (Lager Schweiz)
fortura-CK4636L	kostum-anzug-gomez-wednesday-fgssck4636	Kostüm Anzug Gomez Wednesday – L	Kostüm Anzug Gomez Wednesday – hochwertige Qualität ab Schweizer Lager. Warum bei LuxeStyle kaufen? 🇨🇭 Versand aus der Schweiz – Lieferung in nur 1–2 Werktagen (DPD) ↩️ 30 Tage Rückgaberecht 🔒 Kauf auf Rechnung mit Klarna · TWINT · Karten · PayPal · Apple Pay 💬 Schweizer Support: info@luxestyle.ch	https://luxestyle.ch/products/kostum-anzug-gomez-wednesday-fgssck4636?variant=55970749317505	https://cdn.shopify.com/s/files/1/0943/6856/3585/files/CK4636L_1_ac16b332-2819-42ec-95b0-b4e1ef394a5a.jpg?v=1784840526	https://cdn.shopify.com/s/files/1/0943/6856/3585/files/CK4636M_2_90e618fc-2ec3-4e4e-b98e-004e2556bce7.jpg?v=1784948722,https://cdn.shopify.com/s/files/1/0943/6856/3585/files/CK4636L_2_83711025-3da4-45f8-8ffe-3a661540caff.jpg?v=1784948722,https://cdn.shopify.com/s/files/1/0943/6856/3585/files/CK4636XL_2_e9f24ce6-1f10-49aa-864d-f67d9bdf1f5e.jpg?v=1784948722	71.90 CHF	in stock	4	3661652179789	LuxeStyle	new	Kostüme & Verkleidung	1-3 Werktage (Lager Schweiz)
fortura-CK4636XL	kostum-anzug-gomez-wednesday-fgssck4636	Kostüm Anzug Gomez Wednesday – XL	Kostüm Anzug Gomez Wednesday – hochwertige Qualität ab Schweizer Lager. Warum bei LuxeStyle kaufen? 🇨🇭 Versand aus der Schweiz – Lieferung in nur 1–2 Werktagen (DPD) ↩️ 30 Tage Rückgaberecht 🔒 Kauf auf Rechnung mit Klarna · TWINT · Karten · PayPal · Apple Pay 💬 Schweizer Support: info@luxestyle.ch	https://luxestyle.ch/products/kostum-anzug-gomez-wednesday-fgssck4636?variant=55970749350273	https://cdn.shopify.com/s/files/1/0943/6856/3585/files/CK4636L_1_ac16b332-2819-42ec-95b0-b4e1ef394a5a.jpg?v=1784840526	https://cdn.shopify.com/s/files/1/0943/6856/3585/files/CK4636M_2_90e618fc-2ec3-4e4e-b98e-004e2556bce7.jpg?v=1784948722,https://cdn.shopify.com/s/files/1/0943/6856/3585/files/CK4636L_2_83711025-3da4-45f8-8ffe-3a661540caff.jpg?v=1784948722,https://cdn.shopify.com/s/files/1/0943/6856/3585/files/CK4636XL_2_e9f24ce6-1f10-49aa-864d-f67d9bdf1f5e.jpg?v=1784948722	71.90 CHF	in stock	5	3661652179796	LuxeStyle	new	Kostüme & Verkleidung	1-3 Werktage (Lager Schweiz)
fortura-CK4614S	kostum-one-piece-zoro-fgssck4614	Kostüm One Piece Zoro – S	Kostüm One Piece Zoro – hochwertige Qualität ab Schweizer Lager. Warum bei LuxeStyle kaufen? 🇨🇭 Versand aus der Schweiz – Lieferung in nur 1–2 Werktagen (DPD) ↩️ 30 Tage Rückgaberecht 🔒 Kauf auf Rechnung mit Klarna · TWINT · Karten · PayPal · Apple Pay 💬 Schweizer Support: info@luxestyle.ch	https://luxestyle.ch/products/kostum-one-piece-zoro-fgssck4614?variant=55970750988673	https://cdn.shopify.com/s/files/1/0943/6856/3585/files/CK4614L_1_64c8bc2e-ab62-4c29-8dd0-f27d6e8e7b69.jpg?v=1784840546	https://cdn.shopify.com/s/files/1/0943/6856/3585/files/CK4614S_2.jpg?v=1784948760,https://cdn.shopify.com/s/files/1/0943/6856/3585/files/CK4614M_2.jpg?v=1784948760,https://cdn.shopify.com/s/files/1/0943/6856/3585/files/CK4614L_2_c67b2af7-cf77-49cf-bb88-ece3a7cd1752.jpg?v=1784948760	78.90 CHF	in stock	3	3661652170045	LuxeStyle	new	Kostüme & Verkleidung	1-3 Werktage (Lager Schweiz)
fortura-CK4614M	kostum-one-piece-zoro-fgssck4614	Kostüm One Piece Zoro – M	Kostüm One Piece Zoro – hochwertige Qualität ab Schweizer Lager. Warum bei LuxeStyle kaufen? 🇨🇭 Versand aus der Schweiz – Lieferung in nur 1–2 Werktagen (DPD) ↩️ 30 Tage Rückgaberecht 🔒 Kauf auf Rechnung mit Klarna · TWINT · Karten · PayPal · Apple Pay 💬 Schweizer Support: info@luxestyle.ch	https://luxestyle.ch/products/kostum-one-piece-zoro-fgssck4614?variant=55970751021441	https://cdn.shopify.com/s/files/1/0943/6856/3585/files/CK4614L_1_64c8bc2e-ab62-4c29-8dd0-f27d6e8e7b69.jpg?v=1784840546	https://cdn.shopify.com/s/files/1/0943/6856/3585/files/CK4614S_2.jpg?v=1784948760,https://cdn.shopify.com/s/files/1/0943/6856/3585/files/CK4614M_2.jpg?v=1784948760,https://cdn.shopify.com/s/files/1/0943/6856/3585/files/CK4614L_2_c67b2af7-cf77-49cf-bb88-ece3a7cd1752.jpg?v=1784948760	78.90 CHF	in stock	10	3661652170052	LuxeStyle	new	Kostüme & Verkleidung	1-3 Werktage (Lager Schweiz)
fortura-CK4614L	kostum-one-piece-zoro-fgssck4614	Kostüm One Piece Zoro – L	Kostüm One Piece Zoro – hochwertige Qualität ab Schweizer Lager. Warum bei LuxeStyle kaufen? 🇨🇭 Versand aus der Schweiz – Lieferung in nur 1–2 Werktagen (DPD) ↩️ 30 Tage Rückgaberecht 🔒 Kauf auf Rechnung mit Klarna · TWINT · Karten · PayPal · Apple Pay 💬 Schweizer Support: info@luxestyle.ch	https://luxestyle.ch/products/kostum-one-piece-zoro-fgssck4614?variant=55970751054209	https://cdn.shopify.com/s/files/1/0943/6856/3585/files/CK4614L_1_64c8bc2e-ab62-4c29-8dd0-f27d6e8e7b69.jpg?v=1784840546	https://cdn.shopify.com/s/files/1/0943/6856/3585/files/CK4614S_2.jpg?v=1784948760,https://cdn.shopify.com/s/files/1/0943/6856/3585/files/CK4614M_2.jpg?v=1784948760,https://cdn.shopify.com/s/files/1/0943/6856/3585/files/CK4614L_2_c67b2af7-cf77-49cf-bb88-ece3a7cd1752.jpg?v=1784948760	78.90 CHF	in stock	12	3661652170069	LuxeStyle	new	Kostüme & Verkleidung	1-3 Werktage (Lager Schweiz)
fortura-CK4626XS	kostum-wednesday-fgssck4626f	Kostüm Wednesday – XS	Kostüm Wednesday – hochwertige Qualität ab Schweizer Lager. Warum bei LuxeStyle kaufen? 🇨🇭 Versand aus der Schweiz – Lieferung in nur 1–2 Werktagen (DPD) ↩️ 30 Tage Rückgaberecht 🔒 Kauf auf Rechnung mit Klarna · TWINT · Karten · PayPal · Apple Pay 💬 Schweizer Support: info@luxestyle.ch	https://luxestyle.ch/products/kostum-wednesday-fgssck4626f?variant=55970751447425	https://cdn.shopify.com/s/files/1/0943/6856/3585/files/CK4626L_1_6544f0c7-ca3e-42b1-8b40-4e91e04dd4c5.jpg?v=1784840551	https://cdn.shopify.com/s/files/1/0943/6856/3585/files/CK4626XS_2_10080367-596a-4bf2-a0c7-5a2bfc8e9888.jpg?v=1784948767,https://cdn.shopify.com/s/files/1/0943/6856/3585/files/CK4626S_2_c5f46e91-67c1-4ef2-9278-f4b3204f6bf6.jpg?v=1784948768,https://cdn.shopify.com/s/files/1/0943/6856/3585/files/CK4626M_2_59a13a9e-106a-43d0-b30f-e160a1a619fc.jpg?v=1784948768,https://cdn.shopify.com/s/files/1/0943/6856/3585/files/CK4626L_2_b17744bb-a1a3-4005-86ce-593b2a2aade7.jpg?v=1784948767	69.90 CHF	in stock	47	3661652175644	LuxeStyle	new	Kostüme & Verkleidung	1-3 Werktage (Lager Schweiz)
fortura-CK4626S	kostum-wednesday-fgssck4626f	Kostüm Wednesday – S	Kostüm Wednesday – hochwertige Qualität ab Schweizer Lager. Warum bei LuxeStyle kaufen? 🇨🇭 Versand aus der Schweiz – Lieferung in nur 1–2 Werktagen (DPD) ↩️ 30 Tage Rückgaberecht 🔒 Kauf auf Rechnung mit Klarna · TWINT · Karten · PayPal · Apple Pay 💬 Schweizer Support: info@luxestyle.ch	https://luxestyle.ch/products/kostum-wednesday-fgssck4626f?variant=55970751480193	https://cdn.shopify.com/s/files/1/0943/6856/3585/files/CK4626L_1_6544f0c7-ca3e-42b1-8b40-4e91e04dd4c5.jpg?v=1784840551	https://cdn.shopify.com/s/files/1/0943/6856/3585/files/CK4626XS_2_10080367-596a-4bf2-a0c7-5a2bfc8e9888.jpg?v=1784948767,https://cdn.shopify.com/s/files/1/0943/6856/3585/files/CK4626S_2_c5f46e91-67c1-4ef2-9278-f4b3204f6bf6.jpg?v=1784948768,https://cdn.shopify.com/s/files/1/0943/6856/3585/files/CK4626M_2_59a13a9e-106a-43d0-b30f-e160a1a619fc.jpg?v=1784948768,https://cdn.shopify.com/s/files/1/0943/6856/3585/files/CK4626L_2_b17744bb-a1a3-4005-86ce-593b2a2aade7.jpg?v=1784948767	69.90 CHF	in stock	51	3661652175651	LuxeStyle	new	Kostüme & Verkleidung	1-3 Werktage (Lager Schweiz)
fortura-CK4626M	kostum-wednesday-fgssck4626f	Kostüm Wednesday – M	Kostüm Wednesday – hochwertige Qualität ab Schweizer Lager. Warum bei LuxeStyle kaufen? 🇨🇭 Versand aus der Schweiz – Lieferung in nur 1–2 Werktagen (DPD) ↩️ 30 Tage Rückgaberecht 🔒 Kauf auf Rechnung mit Klarna · TWINT · Karten · PayPal · Apple Pay 💬 Schweizer Support: info@luxestyle.ch	https://luxestyle.ch/products/kostum-wednesday-fgssck4626f?variant=55970751512961	https://cdn.shopify.com/s/files/1/0943/6856/3585/files/CK4626L_1_6544f0c7-ca3e-42b1-8b40-4e91e04dd4c5.jpg?v=1784840551	https://cdn.shopify.com/s/files/1/0943/6856/3585/files/CK4626XS_2_10080367-596a-4bf2-a0c7-5a2bfc8e9888.jpg?v=1784948767,https://cdn.shopify.com/s/files/1/0943/6856/3585/files/CK4626S_2_c5f46e91-67c1-4ef2-9278-f4b3204f6bf6.jpg?v=1784948768,https://cdn.shopify.com/s/files/1/0943/6856/3585/files/CK4626M_2_59a13a9e-106a-43d0-b30f-e160a1a619fc.jpg?v=1784948768,https://cdn.shopify.com/s/files/1/0943/6856/3585/files/CK4626L_2_b17744bb-a1a3-4005-86ce-593b2a2aade7.jpg?v=1784948767	69.90 CHF	in stock	48	3661652175668	LuxeStyle	new	Kostüme & Verkleidung	1-3 Werktage (Lager Schweiz)
fortura-CK4626L	kostum-wednesday-fgssck4626f	Kostüm Wednesday – L	Kostüm Wednesday – hochwertige Qualität ab Schweizer Lager. Warum bei LuxeStyle kaufen? 🇨🇭 Versand aus der Schweiz – Lieferung in nur 1–2 Werktagen (DPD) ↩️ 30 Tage Rückgaberecht 🔒 Kauf auf Rechnung mit Klarna · TWINT · Karten · PayPal · Apple Pay 💬 Schweizer Support: info@luxestyle.ch	https://luxestyle.ch/products/kostum-wednesday-fgssck4626f?variant=55970751545729	https://cdn.shopify.com/s/files/1/0943/6856/3585/files/CK4626L_1_6544f0c7-ca3e-42b1-8b40-4e91e04dd4c5.jpg?v=1784840551	https://cdn.shopify.com/s/files/1/0943/6856/3585/files/CK4626XS_2_10080367-596a-4bf2-a0c7-5a2bfc8e9888.jpg?v=1784948767,https://cdn.shopify.com/s/files/1/0943/6856/3585/files/CK4626S_2_c5f46e91-67c1-4ef2-9278-f4b3204f6bf6.jpg?v=1784948768,https://cdn.shopify.com/s/files/1/0943/6856/3585/files/CK4626M_2_59a13a9e-106a-43d0-b30f-e160a1a619fc.jpg?v=1784948768,https://cdn.shopify.com/s/files/1/0943/6856/3585/files/CK4626L_2_b17744bb-a1a3-4005-86ce-593b2a2aade7.jpg?v=1784948767	69.90 CHF	in stock	48	3661652175675	LuxeStyle	new	Kostüme & Verkleidung	1-3 Werktage (Lager Schweiz)
fortura-CK4626140	kostum-wednesday-fgssck4626f	Kostüm Wednesday – 140 cm	Kostüm Wednesday – hochwertige Qualität ab Schweizer Lager. Warum bei LuxeStyle kaufen? 🇨🇭 Versand aus der Schweiz – Lieferung in nur 1–2 Werktagen (DPD) ↩️ 30 Tage Rückgaberecht 🔒 Kauf auf Rechnung mit Klarna · TWINT · Karten · PayPal · Apple Pay 💬 Schweizer Support: info@luxestyle.ch	https://luxestyle.ch/products/kostum-wednesday-fgssck4626f?variant=56057259852161	https://cdn.shopify.com/s/files/1/0943/6856/3585/files/CK4626L_1_6544f0c7-ca3e-42b1-8b40-4e91e04dd4c5.jpg?v=1784840551	https://cdn.shopify.com/s/files/1/0943/6856/3585/files/CK4626XS_2_10080367-596a-4bf2-a0c7-5a2bfc8e9888.jpg?v=1784948767,https://cdn.shopify.com/s/files/1/0943/6856/3585/files/CK4626S_2_c5f46e91-67c1-4ef2-9278-f4b3204f6bf6.jpg?v=1784948768,https://cdn.shopify.com/s/files/1/0943/6856/3585/files/CK4626M_2_59a13a9e-106a-43d0-b30f-e160a1a619fc.jpg?v=1784948768,https://cdn.shopify.com/s/files/1/0943/6856/3585/files/CK4626L_2_b17744bb-a1a3-4005-86ce-593b2a2aade7.jpg?v=1784948767	64.90 CHF	in stock	3	3661652175682	LuxeStyle	new	Kostüme & Verkleidung	1-3 Werktage (Lager Schweiz)
fortura-CK4626152	kostum-wednesday-fgssck4626f	Kostüm Wednesday – 152 cm	Kostüm Wednesday – hochwertige Qualität ab Schweizer Lager. Warum bei LuxeStyle kaufen? 🇨🇭 Versand aus der Schweiz – Lieferung in nur 1–2 Werktagen (DPD) ↩️ 30 Tage Rückgaberecht 🔒 Kauf auf Rechnung mit Klarna · TWINT · Karten · PayPal · Apple Pay 💬 Schweizer Support: info@luxestyle.ch	https://luxestyle.ch/products/kostum-wednesday-fgssck4626f?variant=56057259884929	https://cdn.shopify.com/s/files/1/0943/6856/3585/files/CK4626L_1_6544f0c7-ca3e-42b1-8b40-4e91e04dd4c5.jpg?v=1784840551	https://cdn.shopify.com/s/files/1/0943/6856/3585/files/CK4626XS_2_10080367-596a-4bf2-a0c7-5a2bfc8e9888.jpg?v=1784948767,https://cdn.shopify.com/s/files/1/0943/6856/3585/files/CK4626S_2_c5f46e91-67c1-4ef2-9278-f4b3204f6bf6.jpg?v=1784948768,https://cdn.shopify.com/s/files/1/0943/6856/3585/files/CK4626M_2_59a13a9e-106a-43d0-b30f-e160a1a619fc.jpg?v=1784948768,https://cdn.shopify.com/s/files/1/0943/6856/3585/files/CK4626L_2_b17744bb-a1a3-4005-86ce-593b2a2aade7.jpg?v=1784948767	64.90 CHF	in stock	33	3661652175699	LuxeStyle	new	Kostüme & Verkleidung	1-3 Werktage (Lager Schweiz)
fortura-CK4626164	kostum-wednesday-fgssck4626f	Kostüm Wednesday – 164 cm	Kostüm Wednesday – hochwertige Qualität ab Schweizer Lager. Warum bei LuxeStyle kaufen? 🇨🇭 Versand aus der Schweiz – Lieferung in nur 1–2 Werktagen (DPD) ↩️ 30 Tage Rückgaberecht 🔒 Kauf auf Rechnung mit Klarna · TWINT · Karten · PayPal · Apple Pay 💬 Schweizer Support: info@luxestyle.ch	https://luxestyle.ch/products/kostum-wednesday-fgssck4626f?variant=56057259917697	https://cdn.shopify.com/s/files/1/0943/6856/3585/files/CK4626L_1_6544f0c7-ca3e-42b1-8b40-4e91e04dd4c5.jpg?v=1784840551	https://cdn.shopify.com/s/files/1/0943/6856/3585/files/CK4626XS_2_10080367-596a-4bf2-a0c7-5a2bfc8e9888.jpg?v=1784948767,https://cdn.shopify.com/s/files/1/0943/6856/3585/files/CK4626S_2_c5f46e91-67c1-4ef2-9278-f4b3204f6bf6.jpg?v=1784948768,https://cdn.shopify.com/s/files/1/0943/6856/3585/files/CK4626M_2_59a13a9e-106a-43d0-b30f-e160a1a619fc.jpg?v=1784948768,https://cdn.shopify.com/s/files/1/0943/6856/3585/files/CK4626L_2_b17744bb-a1a3-4005-86ce-593b2a2aade7.jpg?v=1784948767	64.90 CHF	in stock	38	3661652175941	LuxeStyle	new	Kostüme & Verkleidung	1-3 Werktage (Lager Schweiz)
fortura-CK4627S	kostum-wednesday-fgssck4627h	Kostüm Wednesday · Modell 3 – S	Kostüm Wednesday – hochwertige Qualität ab Schweizer Lager. Warum bei LuxeStyle kaufen? 🇨🇭 Versand aus der Schweiz – Lieferung in nur 1–2 Werktagen (DPD) ↩️ 30 Tage Rückgaberecht 🔒 Kauf auf Rechnung mit Klarna · TWINT · Karten · PayPal · Apple Pay 💬 Schweizer Support: info@luxestyle.ch	https://luxestyle.ch/products/kostum-wednesday-fgssck4627h?variant=55970751906177	https://cdn.shopify.com/s/files/1/0943/6856/3585/files/CK4627L_1_d0f86192-cd4d-4677-b16d-5aebf457972e.jpg?v=1784840555	https://cdn.shopify.com/s/files/1/0943/6856/3585/files/CK4627S_2.jpg?v=1784948774,https://cdn.shopify.com/s/files/1/0943/6856/3585/files/CK4627M_2.jpg?v=1784948774,https://cdn.shopify.com/s/files/1/0943/6856/3585/files/CK4627L_2.jpg?v=1784948774	72.90 CHF	in stock	50	3661652175705	LuxeStyle	new	Kostüme & Verkleidung	1-3 Werktage (Lager Schweiz)
fortura-CK4627M	kostum-wednesday-fgssck4627h	Kostüm Wednesday · Modell 3 – M	Kostüm Wednesday – hochwertige Qualität ab Schweizer Lager. Warum bei LuxeStyle kaufen? 🇨🇭 Versand aus der Schweiz – Lieferung in nur 1–2 Werktagen (DPD) ↩️ 30 Tage Rückgaberecht 🔒 Kauf auf Rechnung mit Klarna · TWINT · Karten · PayPal · Apple Pay 💬 Schweizer Support: info@luxestyle.ch	https://luxestyle.ch/products/kostum-wednesday-fgssck4627h?variant=55970751938945	https://cdn.shopify.com/s/files/1/0943/6856/3585/files/CK4627L_1_d0f86192-cd4d-4677-b16d-5aebf457972e.jpg?v=1784840555	https://cdn.shopify.com/s/files/1/0943/6856/3585/files/CK4627S_2.jpg?v=1784948774,https://cdn.shopify.com/s/files/1/0943/6856/3585/files/CK4627M_2.jpg?v=1784948774,https://cdn.shopify.com/s/files/1/0943/6856/3585/files/CK4627L_2.jpg?v=1784948774	72.90 CHF	in stock	48	3661652175712	LuxeStyle	new	Kostüme & Verkleidung	1-3 Werktage (Lager Schweiz)
fortura-CK4627L	kostum-wednesday-fgssck4627h	Kostüm Wednesday · Modell 3 – L	Kostüm Wednesday – hochwertige Qualität ab Schweizer Lager. Warum bei LuxeStyle kaufen? 🇨🇭 Versand aus der Schweiz – Lieferung in nur 1–2 Werktagen (DPD) ↩️ 30 Tage Rückgaberecht 🔒 Kauf auf Rechnung mit Klarna · TWINT · Karten · PayPal · Apple Pay 💬 Schweizer Support: info@luxestyle.ch	https://luxestyle.ch/products/kostum-wednesday-fgssck4627h?variant=55970751971713	https://cdn.shopify.com/s/files/1/0943/6856/3585/files/CK4627L_1_d0f86192-cd4d-4677-b16d-5aebf457972e.jpg?v=1784840555	https://cdn.shopify.com/s/files/1/0943/6856/3585/files/CK4627S_2.jpg?v=1784948774,https://cdn.shopify.com/s/files/1/0943/6856/3585/files/CK4627M_2.jpg?v=1784948774,https://cdn.shopify.com/s/files/1/0943/6856/3585/files/CK4627L_2.jpg?v=1784948774	72.90 CHF	in stock	46	3661652175729	LuxeStyle	new	Kostüme & Verkleidung	1-3 Werktage (Lager Schweiz)
fortura-CK4627140	kostum-wednesday-fgssck4627h	Kostüm Wednesday · Modell 3 – 140 cm	Kostüm Wednesday – hochwertige Qualität ab Schweizer Lager. Warum bei LuxeStyle kaufen? 🇨🇭 Versand aus der Schweiz – Lieferung in nur 1–2 Werktagen (DPD) ↩️ 30 Tage Rückgaberecht 🔒 Kauf auf Rechnung mit Klarna · TWINT · Karten · PayPal · Apple Pay 💬 Schweizer Support: info@luxestyle.ch	https://luxestyle.ch/products/kostum-wednesday-fgssck4627h?variant=56057260278145	https://cdn.shopify.com/s/files/1/0943/6856/3585/files/CK4627L_1_d0f86192-cd4d-4677-b16d-5aebf457972e.jpg?v=1784840555	https://cdn.shopify.com/s/files/1/0943/6856/3585/files/CK4627S_2.jpg?v=1784948774,https://cdn.shopify.com/s/files/1/0943/6856/3585/files/CK4627M_2.jpg?v=1784948774,https://cdn.shopify.com/s/files/1/0943/6856/3585/files/CK4627L_2.jpg?v=1784948774	65.90 CHF	in stock	37	3661652175736	LuxeStyle	new	Kostüme & Verkleidung	1-3 Werktage (Lager Schweiz)
fortura-CK4627152	kostum-wednesday-fgssck4627h	Kostüm Wednesday · Modell 3 – 152 cm	Kostüm Wednesday – hochwertige Qualität ab Schweizer Lager. Warum bei LuxeStyle kaufen? 🇨🇭 Versand aus der Schweiz – Lieferung in nur 1–2 Werktagen (DPD) ↩️ 30 Tage Rückgaberecht 🔒 Kauf auf Rechnung mit Klarna · TWINT · Karten · PayPal · Apple Pay 💬 Schweizer Support: info@luxestyle.ch	https://luxestyle.ch/products/kostum-wednesday-fgssck4627h?variant=56057260310913	https://cdn.shopify.com/s/files/1/0943/6856/3585/files/CK4627L_1_d0f86192-cd4d-4677-b16d-5aebf457972e.jpg?v=1784840555	https://cdn.shopify.com/s/files/1/0943/6856/3585/files/CK4627S_2.jpg?v=1784948774,https://cdn.shopify.com/s/files/1/0943/6856/3585/files/CK4627M_2.jpg?v=1784948774,https://cdn.shopify.com/s/files/1/0943/6856/3585/files/CK4627L_2.jpg?v=1784948774	65.90 CHF	in stock	47	3661652175743	LuxeStyle	new	Kostüme & Verkleidung	1-3 Werktage (Lager Schweiz)
fortura-CK4629XS	kostum-wednesday-fgssck4629	Kostüm Wednesday · Modell 2 – XS	Kostüm Wednesday – hochwertige Qualität ab Schweizer Lager. Warum bei LuxeStyle kaufen? 🇨🇭 Versand aus der Schweiz – Lieferung in nur 1–2 Werktagen (DPD) ↩️ 30 Tage Rückgaberecht 🔒 Kauf auf Rechnung mit Klarna · TWINT · Karten · PayPal · Apple Pay 💬 Schweizer Support: info@luxestyle.ch	https://luxestyle.ch/products/kostum-wednesday-fgssck4629?variant=55970752364929	https://cdn.shopify.com/s/files/1/0943/6856/3585/files/CK4629L_1.jpg?v=1784840560	https://cdn.shopify.com/s/files/1/0943/6856/3585/files/CK4629XS_2.jpg?v=1784948784,https://cdn.shopify.com/s/files/1/0943/6856/3585/files/CK4629XS_3.jpg?v=1784948785,https://cdn.shopify.com/s/files/1/0943/6856/3585/files/CK4629XS_4.jpg?v=1784948785,https://cdn.shopify.com/s/files/1/0943/6856/3585/files/CK4629XS_5.jpg?v=1784948785	72.90 CHF	in stock	45	3661652175811	LuxeStyle	new	Kostüme & Verkleidung	1-3 Werktage (Lager Schweiz)
fortura-CK4629S	kostum-wednesday-fgssck4629	Kostüm Wednesday · Modell 2 – S	Kostüm Wednesday – hochwertige Qualität ab Schweizer Lager. Warum bei LuxeStyle kaufen? 🇨🇭 Versand aus der Schweiz – Lieferung in nur 1–2 Werktagen (DPD) ↩️ 30 Tage Rückgaberecht 🔒 Kauf auf Rechnung mit Klarna · TWINT · Karten · PayPal · Apple Pay 💬 Schweizer Support: info@luxestyle.ch	https://luxestyle.ch/products/kostum-wednesday-fgssck4629?variant=55970752397697	https://cdn.shopify.com/s/files/1/0943/6856/3585/files/CK4629L_1.jpg?v=1784840560	https://cdn.shopify.com/s/files/1/0943/6856/3585/files/CK4629XS_2.jpg?v=1784948784,https://cdn.shopify.com/s/files/1/0943/6856/3585/files/CK4629XS_3.jpg?v=1784948785,https://cdn.shopify.com/s/files/1/0943/6856/3585/files/CK4629XS_4.jpg?v=1784948785,https://cdn.shopify.com/s/files/1/0943/6856/3585/files/CK4629XS_5.jpg?v=1784948785	72.90 CHF	in stock	42	3661652175828	LuxeStyle	new	Kostüme & Verkleidung	1-3 Werktage (Lager Schweiz)
fortura-CK4629M	kostum-wednesday-fgssck4629	Kostüm Wednesday · Modell 2 – M	Kostüm Wednesday – hochwertige Qualität ab Schweizer Lager. Warum bei LuxeStyle kaufen? 🇨🇭 Versand aus der Schweiz – Lieferung in nur 1–2 Werktagen (DPD) ↩️ 30 Tage Rückgaberecht 🔒 Kauf auf Rechnung mit Klarna · TWINT · Karten · PayPal · Apple Pay 💬 Schweizer Support: info@luxestyle.ch	https://luxestyle.ch/products/kostum-wednesday-fgssck4629?variant=55970752430465	https://cdn.shopify.com/s/files/1/0943/6856/3585/files/CK4629L_1.jpg?v=1784840560	https://cdn.shopify.com/s/files/1/0943/6856/3585/files/CK4629XS_2.jpg?v=1784948784,https://cdn.shopify.com/s/files/1/0943/6856/3585/files/CK4629XS_3.jpg?v=1784948785,https://cdn.shopify.com/s/files/1/0943/6856/3585/files/CK4629XS_4.jpg?v=1784948785,https://cdn.shopify.com/s/files/1/0943/6856/3585/files/CK4629XS_5.jpg?v=1784948785	72.90 CHF	in stock	32	3661652175835	LuxeStyle	new	Kostüme & Verkleidung	1-3 Werktage (Lager Schweiz)
fortura-CK4629L	kostum-wednesday-fgssck4629	Kostüm Wednesday · Modell 2 – L	Kostüm Wednesday – hochwertige Qualität ab Schweizer Lager. Warum bei LuxeStyle kaufen? 🇨🇭 Versand aus der Schweiz – Lieferung in nur 1–2 Werktagen (DPD) ↩️ 30 Tage Rückgaberecht 🔒 Kauf auf Rechnung mit Klarna · TWINT · Karten · PayPal · Apple Pay 💬 Schweizer Support: info@luxestyle.ch	https://luxestyle.ch/products/kostum-wednesday-fgssck4629?variant=55970752463233	https://cdn.shopify.com/s/files/1/0943/6856/3585/files/CK4629L_1.jpg?v=1784840560	https://cdn.shopify.com/s/files/1/0943/6856/3585/files/CK4629XS_2.jpg?v=1784948784,https://cdn.shopify.com/s/files/1/0943/6856/3585/files/CK4629XS_3.jpg?v=1784948785,https://cdn.shopify.com/s/files/1/0943/6856/3585/files/CK4629XS_4.jpg?v=1784948785,https://cdn.shopify.com/s/files/1/0943/6856/3585/files/CK4629XS_5.jpg?v=1784948785	72.90 CHF	in stock	24	3661652175842	LuxeStyle	new	Kostüme & Verkleidung	1-3 Werktage (Lager Schweiz)
fortura-CK4629140	kostum-wednesday-fgssck4629	Kostüm Wednesday · Modell 2 – 140 cm	Kostüm Wednesday – hochwertige Qualität ab Schweizer Lager. Warum bei LuxeStyle kaufen? 🇨🇭 Versand aus der Schweiz – Lieferung in nur 1–2 Werktagen (DPD) ↩️ 30 Tage Rückgaberecht 🔒 Kauf auf Rechnung mit Klarna · TWINT · Karten · PayPal · Apple Pay 💬 Schweizer Support: info@luxestyle.ch	https://luxestyle.ch/products/kostum-wednesday-fgssck4629?variant=56057260114305	https://cdn.shopify.com/s/files/1/0943/6856/3585/files/CK4629L_1.jpg?v=1784840560	https://cdn.shopify.com/s/files/1/0943/6856/3585/files/CK4629XS_2.jpg?v=1784948784,https://cdn.shopify.com/s/files/1/0943/6856/3585/files/CK4629XS_3.jpg?v=1784948785,https://cdn.shopify.com/s/files/1/0943/6856/3585/files/CK4629XS_4.jpg?v=1784948785,https://cdn.shopify.com/s/files/1/0943/6856/3585/files/CK4629XS_5.jpg?v=1784948785	65.90 CHF	in stock	2	3661652175859	LuxeStyle	new	Kostüme & Verkleidung	1-3 Werktage (Lager Schweiz)
fortura-CK4629164	kostum-wednesday-fgssck4629	Kostüm Wednesday · Modell 2 – 164 cm	Kostüm Wednesday – hochwertige Qualität ab Schweizer Lager. Warum bei LuxeStyle kaufen? 🇨🇭 Versand aus der Schweiz – Lieferung in nur 1–2 Werktagen (DPD) ↩️ 30 Tage Rückgaberecht 🔒 Kauf auf Rechnung mit Klarna · TWINT · Karten · PayPal · Apple Pay 💬 Schweizer Support: info@luxestyle.ch	https://luxestyle.ch/products/kostum-wednesday-fgssck4629?variant=56057260147073	https://cdn.shopify.com/s/files/1/0943/6856/3585/files/CK4629L_1.jpg?v=1784840560	https://cdn.shopify.com/s/files/1/0943/6856/3585/files/CK4629XS_2.jpg?v=1784948784,https://cdn.shopify.com/s/files/1/0943/6856/3585/files/CK4629XS_3.jpg?v=1784948785,https://cdn.shopify.com/s/files/1/0943/6856/3585/files/CK4629XS_4.jpg?v=1784948785,https://cdn.shopify.com/s/files/1/0943/6856/3585/files/CK4629XS_5.jpg?v=1784948785	65.90 CHF	in stock	35	3661652175965	LuxeStyle	new	Kostüme & Verkleidung	1-3 Werktage (Lager Schweiz)
fortura-CK8875	ghost-kostum-fgssck887	Ghost Kostüm – 170 cm	Ghost Kostüm – hochwertige Qualität ab Schweizer Lager. Details Anlass: Fasnacht Warum bei LuxeStyle kaufen? 🇨🇭 Versand aus der Schweiz – Lieferung in nur 1–2 Werktagen (DPD) ↩️ 30 Tage Rückgaberecht 🔒 Kauf auf Rechnung mit Klarna · TWINT · Karten · PayPal · Apple Pay 💬 Schweizer Support: info@luxestyle.ch	https://luxestyle.ch/products/ghost-kostum-fgssck887?variant=55970752856449	https://cdn.shopify.com/s/files/1/0943/6856/3585/files/CK8875_1_1e3344e5-5581-4c28-b4c9-fc7613f83855.jpg?v=1784840565		57.90 CHF	in stock	25	023168088758	LuxeStyle	new	Kostüme & Verkleidung	1-3 Werktage (Lager Schweiz)
fortura-CK4671164	kostum-kigurumi-the-grinch-fgssck4671	Kostüm Kigurumi the Grinch – 164 cm	Kostüm Kigurumi the Grinch – hochwertige Qualität ab Schweizer Lager. Warum bei LuxeStyle kaufen? 🇨🇭 Versand aus der Schweiz – Lieferung in nur 1–2 Werktagen (DPD) ↩️ 30 Tage Rückgaberecht 🔒 Kauf auf Rechnung mit Klarna · TWINT · Karten · PayPal · Apple Pay 💬 Schweizer Support: info@luxestyle.ch	https://luxestyle.ch/products/kostum-kigurumi-the-grinch-fgssck4671?variant=55970754134401	https://cdn.shopify.com/s/files/1/0943/6856/3585/files/CK4671164_1_217dfb1b-dd9f-4a3d-85f4-646c06f72fad.jpg?v=1784840579	https://cdn.shopify.com/s/files/1/0943/6856/3585/files/CK4671164_2_cad6d5c9-d48d-410a-9bce-6bc20c8a6cdd.jpg?v=1784948820,https://cdn.shopify.com/s/files/1/0943/6856/3585/files/CK4671164_3_5e2cf004-db61-4605-97a1-8c76496e34f4.jpg?v=1784948820,https://cdn.shopify.com/s/files/1/0943/6856/3585/files/CK4671180_2.jpg?v=1784948820,https://cdn.shopify.com/s/files/1/0943/6856/3585/files/CK4671180_3.jpg?v=1784948820	72.90 CHF	in stock	18	3661652188026	LuxeStyle	new	Kostüme & Verkleidung	1-3 Werktage (Lager Schweiz)
fortura-CK4671180	kostum-kigurumi-the-grinch-fgssck4671	Kostüm Kigurumi the Grinch – 180 cm	Kostüm Kigurumi the Grinch – hochwertige Qualität ab Schweizer Lager. Warum bei LuxeStyle kaufen? 🇨🇭 Versand aus der Schweiz – Lieferung in nur 1–2 Werktagen (DPD) ↩️ 30 Tage Rückgaberecht 🔒 Kauf auf Rechnung mit Klarna · TWINT · Karten · PayPal · Apple Pay 💬 Schweizer Support: info@luxestyle.ch	https://luxestyle.ch/products/kostum-kigurumi-the-grinch-fgssck4671?variant=55970754167169	https://cdn.shopify.com/s/files/1/0943/6856/3585/files/CK4671164_1_217dfb1b-dd9f-4a3d-85f4-646c06f72fad.jpg?v=1784840579	https://cdn.shopify.com/s/files/1/0943/6856/3585/files/CK4671164_2_cad6d5c9-d48d-410a-9bce-6bc20c8a6cdd.jpg?v=1784948820,https://cdn.shopify.com/s/files/1/0943/6856/3585/files/CK4671164_3_5e2cf004-db61-4605-97a1-8c76496e34f4.jpg?v=1784948820,https://cdn.shopify.com/s/files/1/0943/6856/3585/files/CK4671180_2.jpg?v=1784948820,https://cdn.shopify.com/s/files/1/0943/6856/3585/files/CK4671180_3.jpg?v=1784948820	72.90 CHF	in stock	14	3661652188033	LuxeStyle	new	Kostüme & Verkleidung	1-3 Werktage (Lager Schweiz)
fortura-CK4671190	kostum-kigurumi-the-grinch-fgssck4671	Kostüm Kigurumi the Grinch – 190 cm	Kostüm Kigurumi the Grinch – hochwertige Qualität ab Schweizer Lager. Warum bei LuxeStyle kaufen? 🇨🇭 Versand aus der Schweiz – Lieferung in nur 1–2 Werktagen (DPD) ↩️ 30 Tage Rückgaberecht 🔒 Kauf auf Rechnung mit Klarna · TWINT · Karten · PayPal · Apple Pay 💬 Schweizer Support: info@luxestyle.ch	https://luxestyle.ch/products/kostum-kigurumi-the-grinch-fgssck4671?variant=55970754199937	https://cdn.shopify.com/s/files/1/0943/6856/3585/files/CK4671164_1_217dfb1b-dd9f-4a3d-85f4-646c06f72fad.jpg?v=1784840579	https://cdn.shopify.com/s/files/1/0943/6856/3585/files/CK4671164_2_cad6d5c9-d48d-410a-9bce-6bc20c8a6cdd.jpg?v=1784948820,https://cdn.shopify.com/s/files/1/0943/6856/3585/files/CK4671164_3_5e2cf004-db61-4605-97a1-8c76496e34f4.jpg?v=1784948820,https://cdn.shopify.com/s/files/1/0943/6856/3585/files/CK4671180_2.jpg?v=1784948820,https://cdn.shopify.com/s/files/1/0943/6856/3585/files/CK4671180_3.jpg?v=1784948820	72.90 CHF	in stock	12	3661652188040	LuxeStyle	new	Kostüme & Verkleidung	1-3 Werktage (Lager Schweiz)
fortura-CK4328M	kostum-bonemine-fgssck4328	Kostüm Bonemine – M	Kostüm Bonemine – hochwertige Qualität ab Schweizer Lager. Warum bei LuxeStyle kaufen? 🇨🇭 Versand aus der Schweiz – Lieferung in nur 1–2 Werktagen (DPD) ↩️ 30 Tage Rückgaberecht 🔒 Kauf auf Rechnung mit Klarna · TWINT · Karten · PayPal · Apple Pay 💬 Schweizer Support: info@luxestyle.ch	https://luxestyle.ch/products/kostum-bonemine-fgssck4328?variant=55970754724225	https://cdn.shopify.com/s/files/1/0943/6856/3585/files/CK4328L_1_e63347b2-b634-4ce8-a790-268f23ab44f8.jpg?v=1784840586		75.90 CHF	in stock	9	3661652060322	LuxeStyle	new	Kostüme & Verkleidung	1-3 Werktage (Lager Schweiz)
fortura-CK4328L	kostum-bonemine-fgssck4328	Kostüm Bonemine – L	Kostüm Bonemine – hochwertige Qualität ab Schweizer Lager. Warum bei LuxeStyle kaufen? 🇨🇭 Versand aus der Schweiz – Lieferung in nur 1–2 Werktagen (DPD) ↩️ 30 Tage Rückgaberecht 🔒 Kauf auf Rechnung mit Klarna · TWINT · Karten · PayPal · Apple Pay 💬 Schweizer Support: info@luxestyle.ch	https://luxestyle.ch/products/kostum-bonemine-fgssck4328?variant=55970754756993	https://cdn.shopify.com/s/files/1/0943/6856/3585/files/CK4328L_1_e63347b2-b634-4ce8-a790-268f23ab44f8.jpg?v=1784840586		75.90 CHF	in stock	13	3661652060339	LuxeStyle	new	Kostüme & Verkleidung	1-3 Werktage (Lager Schweiz)
fortura-CK4328XL	kostum-bonemine-fgssck4328	Kostüm Bonemine – XL	Kostüm Bonemine – hochwertige Qualität ab Schweizer Lager. Warum bei LuxeStyle kaufen? 🇨🇭 Versand aus der Schweiz – Lieferung in nur 1–2 Werktagen (DPD) ↩️ 30 Tage Rückgaberecht 🔒 Kauf auf Rechnung mit Klarna · TWINT · Karten · PayPal · Apple Pay 💬 Schweizer Support: info@luxestyle.ch	https://luxestyle.ch/products/kostum-bonemine-fgssck4328?variant=55970754789761	https://cdn.shopify.com/s/files/1/0943/6856/3585/files/CK4328L_1_e63347b2-b634-4ce8-a790-268f23ab44f8.jpg?v=1784840586		75.90 CHF	in stock	14	3661652060346	LuxeStyle	new	Kostüme & Verkleidung	1-3 Werktage (Lager Schweiz)
fortura-CK4383M	kostum-marsupilami-fgssck4383k	Kostüm Marsupilami – M	Kostüm Marsupilami – hochwertige Qualität ab Schweizer Lager. Warum bei LuxeStyle kaufen? 🇨🇭 Versand aus der Schweiz – Lieferung in nur 1–2 Werktagen (DPD) ↩️ 30 Tage Rückgaberecht 🔒 Kauf auf Rechnung mit Klarna · TWINT · Karten · PayPal · Apple Pay 💬 Schweizer Support: info@luxestyle.ch	https://luxestyle.ch/products/kostum-marsupilami-fgssck4383k?variant=56057753403777	https://cdn.shopify.com/s/files/1/0943/6856/3585/files/CK4383116_1_36032195-1f43-45cd-aca9-95c3b2e2d5cb.jpg?v=1784840594	https://cdn.shopify.com/s/files/1/0943/6856/3585/files/CK4383116_2_e5ffd1e6-7403-4691-99af-331af0cdde96.jpg?v=1784948847,https://cdn.shopify.com/s/files/1/0943/6856/3585/files/CK4383128_2.jpg?v=1784948847,https://cdn.shopify.com/s/files/1/0943/6856/3585/files/CK4383140_2.jpg?v=1784948847	86.90 CHF	in stock	35	3661652066119	LuxeStyle	new	Kostüme & Verkleidung	1-3 Werktage (Lager Schweiz)
fortura-CK4383116	kostum-marsupilami-fgssck4383k	Kostüm Marsupilami – 116 cm	Kostüm Marsupilami – hochwertige Qualität ab Schweizer Lager. Warum bei LuxeStyle kaufen? 🇨🇭 Versand aus der Schweiz – Lieferung in nur 1–2 Werktagen (DPD) ↩️ 30 Tage Rückgaberecht 🔒 Kauf auf Rechnung mit Klarna · TWINT · Karten · PayPal · Apple Pay 💬 Schweizer Support: info@luxestyle.ch	https://luxestyle.ch/products/kostum-marsupilami-fgssck4383k?variant=55970755248513	https://cdn.shopify.com/s/files/1/0943/6856/3585/files/CK4383116_1_36032195-1f43-45cd-aca9-95c3b2e2d5cb.jpg?v=1784840594	https://cdn.shopify.com/s/files/1/0943/6856/3585/files/CK4383116_2_e5ffd1e6-7403-4691-99af-331af0cdde96.jpg?v=1784948847,https://cdn.shopify.com/s/files/1/0943/6856/3585/files/CK4383128_2.jpg?v=1784948847,https://cdn.shopify.com/s/files/1/0943/6856/3585/files/CK4383140_2.jpg?v=1784948847	66.90 CHF	in stock	21	3661652071359	LuxeStyle	new	Kostüme & Verkleidung	1-3 Werktage (Lager Schweiz)
fortura-CK4383128	kostum-marsupilami-fgssck4383k	Kostüm Marsupilami – 128 cm	Kostüm Marsupilami – hochwertige Qualität ab Schweizer Lager. Warum bei LuxeStyle kaufen? 🇨🇭 Versand aus der Schweiz – Lieferung in nur 1–2 Werktagen (DPD) ↩️ 30 Tage Rückgaberecht 🔒 Kauf auf Rechnung mit Klarna · TWINT · Karten · PayPal · Apple Pay 💬 Schweizer Support: info@luxestyle.ch	https://luxestyle.ch/products/kostum-marsupilami-fgssck4383k?variant=55970755281281	https://cdn.shopify.com/s/files/1/0943/6856/3585/files/CK4383116_1_36032195-1f43-45cd-aca9-95c3b2e2d5cb.jpg?v=1784840594	https://cdn.shopify.com/s/files/1/0943/6856/3585/files/CK4383116_2_e5ffd1e6-7403-4691-99af-331af0cdde96.jpg?v=1784948847,https://cdn.shopify.com/s/files/1/0943/6856/3585/files/CK4383128_2.jpg?v=1784948847,https://cdn.shopify.com/s/files/1/0943/6856/3585/files/CK4383140_2.jpg?v=1784948847	66.90 CHF	in stock	26	3661652071366	LuxeStyle	new	Kostüme & Verkleidung	1-3 Werktage (Lager Schweiz)
fortura-CK4383140	kostum-marsupilami-fgssck4383k	Kostüm Marsupilami – 140 cm	Kostüm Marsupilami – hochwertige Qualität ab Schweizer Lager. Warum bei LuxeStyle kaufen? 🇨🇭 Versand aus der Schweiz – Lieferung in nur 1–2 Werktagen (DPD) ↩️ 30 Tage Rückgaberecht 🔒 Kauf auf Rechnung mit Klarna · TWINT · Karten · PayPal · Apple Pay 💬 Schweizer Support: info@luxestyle.ch	https://luxestyle.ch/products/kostum-marsupilami-fgssck4383k?variant=55970755314049	https://cdn.shopify.com/s/files/1/0943/6856/3585/files/CK4383116_1_36032195-1f43-45cd-aca9-95c3b2e2d5cb.jpg?v=1784840594	https://cdn.shopify.com/s/files/1/0943/6856/3585/files/CK4383116_2_e5ffd1e6-7403-4691-99af-331af0cdde96.jpg?v=1784948847,https://cdn.shopify.com/s/files/1/0943/6856/3585/files/CK4383128_2.jpg?v=1784948847,https://cdn.shopify.com/s/files/1/0943/6856/3585/files/CK4383140_2.jpg?v=1784948847	66.90 CHF	in stock	22	3661652071373	LuxeStyle	new	Kostüme & Verkleidung	1-3 Werktage (Lager Schweiz)
fortura-CK4383180	kostum-marsupilami-fgssck4383k	Kostüm Marsupilami – 180 cm	Kostüm Marsupilami – hochwertige Qualität ab Schweizer Lager. Warum bei LuxeStyle kaufen? 🇨🇭 Versand aus der Schweiz – Lieferung in nur 1–2 Werktagen (DPD) ↩️ 30 Tage Rückgaberecht 🔒 Kauf auf Rechnung mit Klarna · TWINT · Karten · PayPal · Apple Pay 💬 Schweizer Support: info@luxestyle.ch	https://luxestyle.ch/products/kostum-marsupilami-fgssck4383k?variant=56057753436545	https://cdn.shopify.com/s/files/1/0943/6856/3585/files/CK4383116_1_36032195-1f43-45cd-aca9-95c3b2e2d5cb.jpg?v=1784840594	https://cdn.shopify.com/s/files/1/0943/6856/3585/files/CK4383116_2_e5ffd1e6-7403-4691-99af-331af0cdde96.jpg?v=1784948847,https://cdn.shopify.com/s/files/1/0943/6856/3585/files/CK4383128_2.jpg?v=1784948847,https://cdn.shopify.com/s/files/1/0943/6856/3585/files/CK4383140_2.jpg?v=1784948847	86.90 CHF	in stock	55	3661652066096	LuxeStyle	new	Kostüme & Verkleidung	1-3 Werktage (Lager Schweiz)
fortura-CK4383190	kostum-marsupilami-fgssck4383k	Kostüm Marsupilami – 190 cm	Kostüm Marsupilami – hochwertige Qualität ab Schweizer Lager. Warum bei LuxeStyle kaufen? 🇨🇭 Versand aus der Schweiz – Lieferung in nur 1–2 Werktagen (DPD) ↩️ 30 Tage Rückgaberecht 🔒 Kauf auf Rechnung mit Klarna · TWINT · Karten · PayPal · Apple Pay 💬 Schweizer Support: info@luxestyle.ch	https://luxestyle.ch/products/kostum-marsupilami-fgssck4383k?variant=56057753469313	https://cdn.shopify.com/s/files/1/0943/6856/3585/files/CK4383116_1_36032195-1f43-45cd-aca9-95c3b2e2d5cb.jpg?v=1784840594	https://cdn.shopify.com/s/files/1/0943/6856/3585/files/CK4383116_2_e5ffd1e6-7403-4691-99af-331af0cdde96.jpg?v=1784948847,https://cdn.shopify.com/s/files/1/0943/6856/3585/files/CK4383128_2.jpg?v=1784948847,https://cdn.shopify.com/s/files/1/0943/6856/3585/files/CK4383140_2.jpg?v=1784948847	86.90 CHF	in stock	54	3661652066102	LuxeStyle	new	Kostüme & Verkleidung	1-3 Werktage (Lager Schweiz)
fortura-CK4580M	jacke-schwarz-gothic-fgssck4580	Jacke schwarz Gothic – M	Jacke schwarz Gothic – hochwertige Qualität ab Schweizer Lager. Warum bei LuxeStyle kaufen? 🇨🇭 Versand aus der Schweiz – Lieferung in nur 1–2 Werktagen (DPD) ↩️ 30 Tage Rückgaberecht 🔒 Kauf auf Rechnung mit Klarna · TWINT · Karten · PayPal · Apple Pay 💬 Schweizer Support: info@luxestyle.ch	https://luxestyle.ch/products/jacke-schwarz-gothic-fgssck4580?variant=55970755805569	https://cdn.shopify.com/s/files/1/0943/6856/3585/files/15469966295425-quadrat.jpg?v=1787775247	https://cdn.shopify.com/s/files/1/0943/6856/3585/files/CK4580L_1_d586c4a9-d5eb-4b73-9b20-ddf866410234.jpg?v=1784840598	64.90 CHF	in stock	2	3661652140314	LuxeStyle	new	Kostüme & Verkleidung	1-3 Werktage (Lager Schweiz)
fortura-CK4580L	jacke-schwarz-gothic-fgssck4580	Jacke schwarz Gothic – L	Jacke schwarz Gothic – hochwertige Qualität ab Schweizer Lager. Warum bei LuxeStyle kaufen? 🇨🇭 Versand aus der Schweiz – Lieferung in nur 1–2 Werktagen (DPD) ↩️ 30 Tage Rückgaberecht 🔒 Kauf auf Rechnung mit Klarna · TWINT · Karten · PayPal · Apple Pay 💬 Schweizer Support: info@luxestyle.ch	https://luxestyle.ch/products/jacke-schwarz-gothic-fgssck4580?variant=55970755838337	https://cdn.shopify.com/s/files/1/0943/6856/3585/files/15469966295425-quadrat.jpg?v=1787775247	https://cdn.shopify.com/s/files/1/0943/6856/3585/files/CK4580L_1_d586c4a9-d5eb-4b73-9b20-ddf866410234.jpg?v=1784840598	64.90 CHF	in stock	2	3661652140321	LuxeStyle	new	Kostüme & Verkleidung	1-3 Werktage (Lager Schweiz)
fortura-CK4613S	kostum-one-piece-nami-fgssck4613	Kostüm One Piece Nami – S	Kostüm One Piece Nami – hochwertige Qualität ab Schweizer Lager. Warum bei LuxeStyle kaufen? 🇨🇭 Versand aus der Schweiz – Lieferung in nur 1–2 Werktagen (DPD) ↩️ 30 Tage Rückgaberecht 🔒 Kauf auf Rechnung mit Klarna · TWINT · Karten · PayPal · Apple Pay 💬 Schweizer Support: info@luxestyle.ch	https://luxestyle.ch/products/kostum-one-piece-nami-fgssck4613?variant=55970756198785	https://cdn.shopify.com/s/files/1/0943/6856/3585/files/CK4613M_1_fc78b13b-8787-4571-a033-3c421ba82901.jpg?v=1784840603	https://cdn.shopify.com/s/files/1/0943/6856/3585/files/CK4613S_2.jpg?v=1784948872,https://cdn.shopify.com/s/files/1/0943/6856/3585/files/CK4613M_2.jpg?v=1784948872	70.90 CHF	in stock	16	3661652169995	LuxeStyle	new	Kostüme & Verkleidung	1-3 Werktage (Lager Schweiz)
fortura-CK4613M	kostum-one-piece-nami-fgssck4613	Kostüm One Piece Nami – M	Kostüm One Piece Nami – hochwertige Qualität ab Schweizer Lager. Warum bei LuxeStyle kaufen? 🇨🇭 Versand aus der Schweiz – Lieferung in nur 1–2 Werktagen (DPD) ↩️ 30 Tage Rückgaberecht 🔒 Kauf auf Rechnung mit Klarna · TWINT · Karten · PayPal · Apple Pay 💬 Schweizer Support: info@luxestyle.ch	https://luxestyle.ch/products/kostum-one-piece-nami-fgssck4613?variant=55970756231553	https://cdn.shopify.com/s/files/1/0943/6856/3585/files/CK4613M_1_fc78b13b-8787-4571-a033-3c421ba82901.jpg?v=1784840603	https://cdn.shopify.com/s/files/1/0943/6856/3585/files/CK4613S_2.jpg?v=1784948872,https://cdn.shopify.com/s/files/1/0943/6856/3585/files/CK4613M_2.jpg?v=1784948872	70.90 CHF	in stock	16	3661652170007	LuxeStyle	new	Kostüme & Verkleidung	1-3 Werktage (Lager Schweiz)
fortura-CK4640128	kostum-plusch-wildschwein-fgssck46401k	Kostüm Plüsch Wildschwein – 128 cm	Kostüm Plüsch Wildschwein – hochwertige Qualität ab Schweizer Lager. Warum bei LuxeStyle kaufen? 🇨🇭 Versand aus der Schweiz – Lieferung in nur 1–2 Werktagen (DPD) ↩️ 30 Tage Rückgaberecht 🔒 Kauf auf Rechnung mit Klarna · TWINT · Karten · PayPal · Apple Pay 💬 Schweizer Support: info@luxestyle.ch	https://luxestyle.ch/products/kostum-plusch-wildschwein-fgssck46401k?variant=55970756854145	https://cdn.shopify.com/s/files/1/0943/6856/3585/files/CK4640128_1_5db9a4ec-d6f7-45aa-b413-f16b5c4bcc01.jpg?v=1784840611	https://cdn.shopify.com/s/files/1/0943/6856/3585/files/CK4640128_2_06569fc5-81fe-45cc-8eda-49d22b20e57f.jpg?v=1784948887,https://cdn.shopify.com/s/files/1/0943/6856/3585/files/CK4640140_2_0bbaf9a3-4a18-4a98-a902-4195e6af6949.jpg?v=1784948887,https://cdn.shopify.com/s/files/1/0943/6856/3585/files/CK4640152_2_23eee38e-062a-42a9-999e-50bf0f27aaf5.jpg?v=1784948888	74.90 CHF	in stock	4	3661652181188	LuxeStyle	new	Spielzeug & Spiele	1-3 Werktage (Lager Schweiz)
fortura-CK4640140	kostum-plusch-wildschwein-fgssck46401k	Kostüm Plüsch Wildschwein – 140 cm	Kostüm Plüsch Wildschwein – hochwertige Qualität ab Schweizer Lager. Warum bei LuxeStyle kaufen? 🇨🇭 Versand aus der Schweiz – Lieferung in nur 1–2 Werktagen (DPD) ↩️ 30 Tage Rückgaberecht 🔒 Kauf auf Rechnung mit Klarna · TWINT · Karten · PayPal · Apple Pay 💬 Schweizer Support: info@luxestyle.ch	https://luxestyle.ch/products/kostum-plusch-wildschwein-fgssck46401k?variant=55970756886913	https://cdn.shopify.com/s/files/1/0943/6856/3585/files/CK4640128_1_5db9a4ec-d6f7-45aa-b413-f16b5c4bcc01.jpg?v=1784840611	https://cdn.shopify.com/s/files/1/0943/6856/3585/files/CK4640128_2_06569fc5-81fe-45cc-8eda-49d22b20e57f.jpg?v=1784948887,https://cdn.shopify.com/s/files/1/0943/6856/3585/files/CK4640140_2_0bbaf9a3-4a18-4a98-a902-4195e6af6949.jpg?v=1784948887,https://cdn.shopify.com/s/files/1/0943/6856/3585/files/CK4640152_2_23eee38e-062a-42a9-999e-50bf0f27aaf5.jpg?v=1784948888	74.90 CHF	in stock	4	3661652181256	LuxeStyle	new	Spielzeug & Spiele	1-3 Werktage (Lager Schweiz)
fortura-CK4640152	kostum-plusch-wildschwein-fgssck46401k	Kostüm Plüsch Wildschwein – 152 cm	Kostüm Plüsch Wildschwein – hochwertige Qualität ab Schweizer Lager. Warum bei LuxeStyle kaufen? 🇨🇭 Versand aus der Schweiz – Lieferung in nur 1–2 Werktagen (DPD) ↩️ 30 Tage Rückgaberecht 🔒 Kauf auf Rechnung mit Klarna · TWINT · Karten · PayPal · Apple Pay 💬 Schweizer Support: info@luxestyle.ch	https://luxestyle.ch/products/kostum-plusch-wildschwein-fgssck46401k?variant=55970756919681	https://cdn.shopify.com/s/files/1/0943/6856/3585/files/CK4640128_1_5db9a4ec-d6f7-45aa-b413-f16b5c4bcc01.jpg?v=1784840611	https://cdn.shopify.com/s/files/1/0943/6856/3585/files/CK4640128_2_06569fc5-81fe-45cc-8eda-49d22b20e57f.jpg?v=1784948887,https://cdn.shopify.com/s/files/1/0943/6856/3585/files/CK4640140_2_0bbaf9a3-4a18-4a98-a902-4195e6af6949.jpg?v=1784948887,https://cdn.shopify.com/s/files/1/0943/6856/3585/files/CK4640152_2_23eee38e-062a-42a9-999e-50bf0f27aaf5.jpg?v=1784948888	74.90 CHF	in stock	5	3661652181270	LuxeStyle	new	Spielzeug & Spiele	1-3 Werktage (Lager Schweiz)
fortura-CK4640180	kostum-plusch-wildschwein-fgssck46401k	Kostüm Plüsch Wildschwein – 180 cm	Kostüm Plüsch Wildschwein – hochwertige Qualität ab Schweizer Lager. Warum bei LuxeStyle kaufen? 🇨🇭 Versand aus der Schweiz – Lieferung in nur 1–2 Werktagen (DPD) ↩️ 30 Tage Rückgaberecht 🔒 Kauf auf Rechnung mit Klarna · TWINT · Karten · PayPal · Apple Pay 💬 Schweizer Support: info@luxestyle.ch	https://luxestyle.ch/products/kostum-plusch-wildschwein-fgssck46401k?variant=56057260573057	https://cdn.shopify.com/s/files/1/0943/6856/3585/files/CK4640128_1_5db9a4ec-d6f7-45aa-b413-f16b5c4bcc01.jpg?v=1784840611	https://cdn.shopify.com/s/files/1/0943/6856/3585/files/CK4640128_2_06569fc5-81fe-45cc-8eda-49d22b20e57f.jpg?v=1784948887,https://cdn.shopify.com/s/files/1/0943/6856/3585/files/CK4640140_2_0bbaf9a3-4a18-4a98-a902-4195e6af6949.jpg?v=1784948887,https://cdn.shopify.com/s/files/1/0943/6856/3585/files/CK4640152_2_23eee38e-062a-42a9-999e-50bf0f27aaf5.jpg?v=1784948888	91.90 CHF	in stock	16	3661652180099	LuxeStyle	new	Spielzeug & Spiele	1-3 Werktage (Lager Schweiz)
fortura-CK4640190	kostum-plusch-wildschwein-fgssck46401k	Kostüm Plüsch Wildschwein – 190 cm	Kostüm Plüsch Wildschwein – hochwertige Qualität ab Schweizer Lager. Warum bei LuxeStyle kaufen? 🇨🇭 Versand aus der Schweiz – Lieferung in nur 1–2 Werktagen (DPD) ↩️ 30 Tage Rückgaberecht 🔒 Kauf auf Rechnung mit Klarna · TWINT · Karten · PayPal · Apple Pay 💬 Schweizer Support: info@luxestyle.ch	https://luxestyle.ch/products/kostum-plusch-wildschwein-fgssck46401k?variant=56057260605825	https://cdn.shopify.com/s/files/1/0943/6856/3585/files/CK4640128_1_5db9a4ec-d6f7-45aa-b413-f16b5c4bcc01.jpg?v=1784840611	https://cdn.shopify.com/s/files/1/0943/6856/3585/files/CK4640128_2_06569fc5-81fe-45cc-8eda-49d22b20e57f.jpg?v=1784948887,https://cdn.shopify.com/s/files/1/0943/6856/3585/files/CK4640140_2_0bbaf9a3-4a18-4a98-a902-4195e6af6949.jpg?v=1784948887,https://cdn.shopify.com/s/files/1/0943/6856/3585/files/CK4640152_2_23eee38e-062a-42a9-999e-50bf0f27aaf5.jpg?v=1784948888	91.90 CHF	in stock	15	3661652180105	LuxeStyle	new	Spielzeug & Spiele	1-3 Werktage (Lager Schweiz)
fortura-EU721130S	kostum-skifahrerin-fgsseu721130	Kostüm Skifahrerin – S	Kostüm Skifahrerin – hochwertige Qualität ab Schweizer Lager. Warum bei LuxeStyle kaufen? 🇨🇭 Versand aus der Schweiz – Lieferung in nur 1–2 Werktagen (DPD) ↩️ 30 Tage Rückgaberecht 🔒 Kauf auf Rechnung mit Klarna · TWINT · Karten · PayPal · Apple Pay 💬 Schweizer Support: info@luxestyle.ch	https://luxestyle.ch/products/kostum-skifahrerin-fgsseu721130?variant=55970757706113	https://cdn.shopify.com/s/files/1/0943/6856/3585/files/EU721130ML_1_c249a906-9e5e-4884-8b38-000bb8f6bf51.jpg?v=1784840622	https://cdn.shopify.com/s/files/1/0943/6856/3585/files/EU721130S_2.jpg?v=1784948922,https://cdn.shopify.com/s/files/1/0943/6856/3585/files/EU721130ML_2_6d00b2cf-95a3-4c3b-87ce-25c1cd57941d.jpg?v=1784948922,https://cdn.shopify.com/s/files/1/0943/6856/3585/files/EU721130XL_2.jpg?v=1784948922	58.00 CHF	in stock	5	8423667173351	LuxeStyle	new	Kostüme & Verkleidung	1-3 Werktage (Lager Schweiz)
fortura-EU721130ML	kostum-skifahrerin-fgsseu721130	Kostüm Skifahrerin – M/L	Kostüm Skifahrerin – hochwertige Qualität ab Schweizer Lager. Warum bei LuxeStyle kaufen? 🇨🇭 Versand aus der Schweiz – Lieferung in nur 1–2 Werktagen (DPD) ↩️ 30 Tage Rückgaberecht 🔒 Kauf auf Rechnung mit Klarna · TWINT · Karten · PayPal · Apple Pay 💬 Schweizer Support: info@luxestyle.ch	https://luxestyle.ch/products/kostum-skifahrerin-fgsseu721130?variant=55970757738881	https://cdn.shopify.com/s/files/1/0943/6856/3585/files/EU721130ML_1_c249a906-9e5e-4884-8b38-000bb8f6bf51.jpg?v=1784840622	https://cdn.shopify.com/s/files/1/0943/6856/3585/files/EU721130S_2.jpg?v=1784948922,https://cdn.shopify.com/s/files/1/0943/6856/3585/files/EU721130ML_2_6d00b2cf-95a3-4c3b-87ce-25c1cd57941d.jpg?v=1784948922,https://cdn.shopify.com/s/files/1/0943/6856/3585/files/EU721130XL_2.jpg?v=1784948922	58.00 CHF	in stock	7	8423667173375	LuxeStyle	new	Kostüme & Verkleidung	1-3 Werktage (Lager Schweiz)
fortura-EU721130XL	kostum-skifahrerin-fgsseu721130	Kostüm Skifahrerin – XL	Kostüm Skifahrerin – hochwertige Qualität ab Schweizer Lager. Warum bei LuxeStyle kaufen? 🇨🇭 Versand aus der Schweiz – Lieferung in nur 1–2 Werktagen (DPD) ↩️ 30 Tage Rückgaberecht 🔒 Kauf auf Rechnung mit Klarna · TWINT · Karten · PayPal · Apple Pay 💬 Schweizer Support: info@luxestyle.ch	https://luxestyle.ch/products/kostum-skifahrerin-fgsseu721130?variant=55970757771649	https://cdn.shopify.com/s/files/1/0943/6856/3585/files/EU721130ML_1_c249a906-9e5e-4884-8b38-000bb8f6bf51.jpg?v=1784840622	https://cdn.shopify.com/s/files/1/0943/6856/3585/files/EU721130S_2.jpg?v=1784948922,https://cdn.shopify.com/s/files/1/0943/6856/3585/files/EU721130ML_2_6d00b2cf-95a3-4c3b-87ce-25c1cd57941d.jpg?v=1784948922,https://cdn.shopify.com/s/files/1/0943/6856/3585/files/EU721130XL_2.jpg?v=1784948922	58.00 CHF	in stock	9	8423667173382	LuxeStyle	new	Kostüme & Verkleidung	1-3 Werktage (Lager Schweiz)
fortura-FM11842646	blauer-konigsmantel-fgafm11842646	Blauer Königsmantel – 140/152cm	1 Stück Details Marke: Müller Farbe: blau Anlass: Fasnacht Lieferumfang: 1 Stück Warum bei LuxeStyle kaufen? 🇨🇭 Versand aus der Schweiz – Lieferung in nur 1–2 Werktagen (DPD) ↩️ 30 Tage Rückgaberecht 🔒 Kauf auf Rechnung mit Klarna · TWINT · Karten · PayPal · Apple Pay 💬 Schweizer Support: info@luxestyle.ch	https://luxestyle.ch/products/blauer-konigsmantel-fgafm11842646?variant=55970758164865	https://cdn.shopify.com/s/files/1/0943/6856/3585/files/15469967573377-quadrat.jpg?v=1787775255	https://cdn.shopify.com/s/files/1/0943/6856/3585/files/FM11842646_1_31547a2b-1d3f-40bd-b80f-905090bce74f.jpg?v=1784840631	61.90 CHF	in stock	2	4007487008204	LuxeStyle	new	Kostüme & Verkleidung	1-3 Werktage (Lager Schweiz)
fortura-HB210538	tirolerdirndl-schwarz-rot-fgsshb2105	Tirolerdirndl schwarz/rot – 38	Tirolerdirndl schwarz/rot – hochwertige Qualität ab Schweizer Lager. Warum bei LuxeStyle kaufen? 🇨🇭 Versand aus der Schweiz – Lieferung in nur 1–2 Werktagen (DPD) ↩️ 30 Tage Rückgaberecht 🔒 Kauf auf Rechnung mit Klarna · TWINT · Karten · PayPal · Apple Pay 💬 Schweizer Support: info@luxestyle.ch	https://luxestyle.ch/products/tirolerdirndl-schwarz-rot-fgsshb2105?variant=55970758492545	https://cdn.shopify.com/s/files/1/0943/6856/3585/files/HB210534_1.jpg?v=1784840635	https://cdn.shopify.com/s/files/1/0943/6856/3585/files/HB210538_2_b697ad90-3d67-4cfc-b78e-e4b3795d803a.jpg?v=1784952399,https://cdn.shopify.com/s/files/1/0943/6856/3585/files/HB210538_3_874f3bdf-ae96-4c40-8a0f-3d4b2756420f.jpg?v=1784952399,https://cdn.shopify.com/s/files/1/0943/6856/3585/files/HB210538_4_711d8056-938c-407b-9626-eb70eeb83714.jpg?v=1784952399,https://cdn.shopify.com/s/files/1/0943/6856/3585/files/HB210542_2_d47b8da6-5dce-49e2-a8d0-361baec9e7a2.jpg?v=1784952399	72.90 CHF	in stock	1	8719956263705	LuxeStyle	new	Kostüme & Verkleidung	1-3 Werktage (Lager Schweiz)
fortura-HB210542	tirolerdirndl-schwarz-rot-fgsshb2105	Tirolerdirndl schwarz/rot – 42	Tirolerdirndl schwarz/rot – hochwertige Qualität ab Schweizer Lager. Warum bei LuxeStyle kaufen? 🇨🇭 Versand aus der Schweiz – Lieferung in nur 1–2 Werktagen (DPD) ↩️ 30 Tage Rückgaberecht 🔒 Kauf auf Rechnung mit Klarna · TWINT · Karten · PayPal · Apple Pay 💬 Schweizer Support: info@luxestyle.ch	https://luxestyle.ch/products/tirolerdirndl-schwarz-rot-fgsshb2105?variant=55970758525313	https://cdn.shopify.com/s/files/1/0943/6856/3585/files/HB210534_1.jpg?v=1784840635	https://cdn.shopify.com/s/files/1/0943/6856/3585/files/HB210538_2_b697ad90-3d67-4cfc-b78e-e4b3795d803a.jpg?v=1784952399,https://cdn.shopify.com/s/files/1/0943/6856/3585/files/HB210538_3_874f3bdf-ae96-4c40-8a0f-3d4b2756420f.jpg?v=1784952399,https://cdn.shopify.com/s/files/1/0943/6856/3585/files/HB210538_4_711d8056-938c-407b-9626-eb70eeb83714.jpg?v=1784952399,https://cdn.shopify.com/s/files/1/0943/6856/3585/files/HB210542_2_d47b8da6-5dce-49e2-a8d0-361baec9e7a2.jpg?v=1784952399	72.90 CHF	in stock	3	8719956263729	LuxeStyle	new	Kostüme & Verkleidung	1-3 Werktage (Lager Schweiz)
fortura-HB210836	tirolerdirndl-schwarz-grun-rot-fgsshb2108	Tirolerdirndl schwarz/grün/rot – 36	Tirolerdirndl schwarz/grün/rot – hochwertige Qualität ab Schweizer Lager. Warum bei LuxeStyle kaufen? 🇨🇭 Versand aus der Schweiz – Lieferung in nur 1–2 Werktagen (DPD) ↩️ 30 Tage Rückgaberecht 🔒 Kauf auf Rechnung mit Klarna · TWINT · Karten · PayPal · Apple Pay 💬 Schweizer Support: info@luxestyle.ch	https://luxestyle.ch/products/tirolerdirndl-schwarz-grun-rot-fgsshb2108?variant=55970758787457	https://cdn.shopify.com/s/files/1/0943/6856/3585/files/HB210834_1.jpg?v=1784840638	https://cdn.shopify.com/s/files/1/0943/6856/3585/files/HB210836_2.jpg?v=1784952415,https://cdn.shopify.com/s/files/1/0943/6856/3585/files/HB210836_3.jpg?v=1784952415,https://cdn.shopify.com/s/files/1/0943/6856/3585/files/HB210838_2.jpg?v=1784952415,https://cdn.shopify.com/s/files/1/0943/6856/3585/files/HB210838_3.jpg?v=1784952415	72.90 CHF	in stock	4	8719956263965	LuxeStyle	new	Kostüme & Verkleidung	1-3 Werktage (Lager Schweiz)
fortura-HB210840	tirolerdirndl-schwarz-grun-rot-fgsshb2108	Tirolerdirndl schwarz/grün/rot – 40	Tirolerdirndl schwarz/grün/rot – hochwertige Qualität ab Schweizer Lager. Warum bei LuxeStyle kaufen? 🇨🇭 Versand aus der Schweiz – Lieferung in nur 1–2 Werktagen (DPD) ↩️ 30 Tage Rückgaberecht 🔒 Kauf auf Rechnung mit Klarna · TWINT · Karten · PayPal · Apple Pay 💬 Schweizer Support: info@luxestyle.ch	https://luxestyle.ch/products/tirolerdirndl-schwarz-grun-rot-fgsshb2108?variant=55970758852993	https://cdn.shopify.com/s/files/1/0943/6856/3585/files/HB210834_1.jpg?v=1784840638	https://cdn.shopify.com/s/files/1/0943/6856/3585/files/HB210836_2.jpg?v=1784952415,https://cdn.shopify.com/s/files/1/0943/6856/3585/files/HB210836_3.jpg?v=1784952415,https://cdn.shopify.com/s/files/1/0943/6856/3585/files/HB210838_2.jpg?v=1784952415,https://cdn.shopify.com/s/files/1/0943/6856/3585/files/HB210838_3.jpg?v=1784952415	72.90 CHF	in stock	10	8719956263989	LuxeStyle	new	Kostüme & Verkleidung	1-3 Werktage (Lager Schweiz)
fortura-HB210842	tirolerdirndl-schwarz-grun-rot-fgsshb2108	Tirolerdirndl schwarz/grün/rot – 42	Tirolerdirndl schwarz/grün/rot – hochwertige Qualität ab Schweizer Lager. Warum bei LuxeStyle kaufen? 🇨🇭 Versand aus der Schweiz – Lieferung in nur 1–2 Werktagen (DPD) ↩️ 30 Tage Rückgaberecht 🔒 Kauf auf Rechnung mit Klarna · TWINT · Karten · PayPal · Apple Pay 💬 Schweizer Support: info@luxestyle.ch	https://luxestyle.ch/products/tirolerdirndl-schwarz-grun-rot-fgsshb2108?variant=55970758885761	https://cdn.shopify.com/s/files/1/0943/6856/3585/files/HB210834_1.jpg?v=1784840638	https://cdn.shopify.com/s/files/1/0943/6856/3585/files/HB210836_2.jpg?v=1784952415,https://cdn.shopify.com/s/files/1/0943/6856/3585/files/HB210836_3.jpg?v=1784952415,https://cdn.shopify.com/s/files/1/0943/6856/3585/files/HB210838_2.jpg?v=1784952415,https://cdn.shopify.com/s/files/1/0943/6856/3585/files/HB210838_3.jpg?v=1784952415	72.90 CHF	in stock	4	8719956263996	LuxeStyle	new	Kostüme & Verkleidung	1-3 Werktage (Lager Schweiz)
fortura-HB210844	tirolerdirndl-schwarz-grun-rot-fgsshb2108	Tirolerdirndl schwarz/grün/rot – 44	Tirolerdirndl schwarz/grün/rot – hochwertige Qualität ab Schweizer Lager. Warum bei LuxeStyle kaufen? 🇨🇭 Versand aus der Schweiz – Lieferung in nur 1–2 Werktagen (DPD) ↩️ 30 Tage Rückgaberecht 🔒 Kauf auf Rechnung mit Klarna · TWINT · Karten · PayPal · Apple Pay 💬 Schweizer Support: info@luxestyle.ch	https://luxestyle.ch/products/tirolerdirndl-schwarz-grun-rot-fgsshb2108?variant=55970758918529	https://cdn.shopify.com/s/files/1/0943/6856/3585/files/HB210834_1.jpg?v=1784840638	https://cdn.shopify.com/s/files/1/0943/6856/3585/files/HB210836_2.jpg?v=1784952415,https://cdn.shopify.com/s/files/1/0943/6856/3585/files/HB210836_3.jpg?v=1784952415,https://cdn.shopify.com/s/files/1/0943/6856/3585/files/HB210838_2.jpg?v=1784952415,https://cdn.shopify.com/s/files/1/0943/6856/3585/files/HB210838_3.jpg?v=1784952415	72.90 CHF	in stock	5	8719956264009	LuxeStyle	new	Kostüme & Verkleidung	1-3 Werktage (Lager Schweiz)
fortura-CK4700M	kampfjet-pilot-overall-grun-fgssck4700	Kampfjet Pilot Overall grün – M	Kampfjet Pilot Overall grün – hochwertige Qualität ab Schweizer Lager. Details Farbe: grün Anlass: Fasnacht Warum bei LuxeStyle kaufen? 🇨🇭 Versand aus der Schweiz – Lieferung in nur 1–2 Werktagen (DPD) ↩️ 30 Tage Rückgaberecht 🔒 Kauf auf Rechnung mit Klarna · TWINT · Karten · PayPal · Apple Pay 💬 Schweizer Support: info@luxestyle.ch	https://luxestyle.ch/products/kampfjet-pilot-overall-grun-fgssck4700?variant=55970759311745	https://cdn.shopify.com/s/files/1/0943/6856/3585/files/CK4700L_1_b4db3414-5373-4e59-9e1a-d2e3595429a3.jpg?v=1784840641	https://cdn.shopify.com/s/files/1/0943/6856/3585/files/CK4700M_2.jpg?v=1784952430,https://cdn.shopify.com/s/files/1/0943/6856/3585/files/CK4700M_3.jpg?v=1784952429,https://cdn.shopify.com/s/files/1/0943/6856/3585/files/CK4700M_4.jpg?v=1784952430,https://cdn.shopify.com/s/files/1/0943/6856/3585/files/CK4700L_2.jpg?v=1784952429	87.90 CHF	in stock	12	3661652193341	LuxeStyle	new	Kostüme & Verkleidung	1-3 Werktage (Lager Schweiz)
fortura-CK4700L	kampfjet-pilot-overall-grun-fgssck4700	Kampfjet Pilot Overall grün – L	Kampfjet Pilot Overall grün – hochwertige Qualität ab Schweizer Lager. Details Farbe: grün Anlass: Fasnacht Warum bei LuxeStyle kaufen? 🇨🇭 Versand aus der Schweiz – Lieferung in nur 1–2 Werktagen (DPD) ↩️ 30 Tage Rückgaberecht 🔒 Kauf auf Rechnung mit Klarna · TWINT · Karten · PayPal · Apple Pay 💬 Schweizer Support: info@luxestyle.ch	https://luxestyle.ch/products/kampfjet-pilot-overall-grun-fgssck4700?variant=55970759344513	https://cdn.shopify.com/s/files/1/0943/6856/3585/files/CK4700L_1_b4db3414-5373-4e59-9e1a-d2e3595429a3.jpg?v=1784840641	https://cdn.shopify.com/s/files/1/0943/6856/3585/files/CK4700M_2.jpg?v=1784952430,https://cdn.shopify.com/s/files/1/0943/6856/3585/files/CK4700M_3.jpg?v=1784952429,https://cdn.shopify.com/s/files/1/0943/6856/3585/files/CK4700M_4.jpg?v=1784952430,https://cdn.shopify.com/s/files/1/0943/6856/3585/files/CK4700L_2.jpg?v=1784952429	87.90 CHF	in stock	5	3661652193372	LuxeStyle	new	Kostüme & Verkleidung	1-3 Werktage (Lager Schweiz)
fortura-CK4700XL	kampfjet-pilot-overall-grun-fgssck4700	Kampfjet Pilot Overall grün – XL	Kampfjet Pilot Overall grün – hochwertige Qualität ab Schweizer Lager. Details Farbe: grün Anlass: Fasnacht Warum bei LuxeStyle kaufen? 🇨🇭 Versand aus der Schweiz – Lieferung in nur 1–2 Werktagen (DPD) ↩️ 30 Tage Rückgaberecht 🔒 Kauf auf Rechnung mit Klarna · TWINT · Karten · PayPal · Apple Pay 💬 Schweizer Support: info@luxestyle.ch	https://luxestyle.ch/products/kampfjet-pilot-overall-grun-fgssck4700?variant=55970759377281	https://cdn.shopify.com/s/files/1/0943/6856/3585/files/CK4700L_1_b4db3414-5373-4e59-9e1a-d2e3595429a3.jpg?v=1784840641	https://cdn.shopify.com/s/files/1/0943/6856/3585/files/CK4700M_2.jpg?v=1784952430,https://cdn.shopify.com/s/files/1/0943/6856/3585/files/CK4700M_3.jpg?v=1784952429,https://cdn.shopify.com/s/files/1/0943/6856/3585/files/CK4700M_4.jpg?v=1784952430,https://cdn.shopify.com/s/files/1/0943/6856/3585/files/CK4700L_2.jpg?v=1784952429	87.90 CHF	in stock	8	3661652193389	LuxeStyle	new	Kostüme & Verkleidung	1-3 Werktage (Lager Schweiz)
fortura-HB250440	dirndl-rote-rosen-fgsshb2504	Dirndl rote Rosen	3-teiliges Dirndl mit verspieltem Blumenmotiv. Bluse mit verstellbarer Dekolleté. Satinschürze mit Schmuckborten und Rüschen. Die Rocklänge beträgt ca. 53cm. Details Marke: Haus Huberts Farbe: rot Anlass: Oktoberfest Lieferumfang: Kleid, Bluse und Satinschürze Warum bei LuxeStyle kaufen? 🇨🇭 Versand aus der Schweiz – Lieferung in nur 1–2 Werktagen (DPD) ↩️ 30 Tage Rückgaberecht 🔒 Kauf auf Rechnung mit Klarna · TWINT · Karten · PayPal · Apple Pay 💬 Schweizer Support: info@luxestyle.ch	https://luxestyle.ch/products/dirndl-rote-rosen-fgsshb2504?variant=55970759410049	https://cdn.shopify.com/s/files/1/0943/6856/3585/files/HB250440_1_e3f0984f-dd82-401b-b423-ea1c0ce9e2d2.jpg?v=1784840642		116.90 CHF	in stock	1	8718858226580	LuxeStyle	new	Kostüme & Verkleidung	1-3 Werktage (Lager Schweiz)
fortura-HB252246	dirndl-in-trendigem-olivgrun-fgsshb2522	Dirndl in trendigem olivgrün – 46	Qualitativ hochwertiges Dirndl der Marke Haus Huberts in trendigem olivgrün. Detailverliebt mit hübschen Stickereien. Damit ziehst Du alle Blicke auf Dich am Oktoberfest. Details Marke: Haus Huberts Farbe: grün Anlass: Oktoberfest Lieferumfang: 1 Dirndl mit Schürze und Bluse Warum bei LuxeStyle kaufen? 🇨🇭 Versand aus der Schweiz – Lieferung in nur 1–2 Werktagen (DPD) ↩️ 30 Tage Rückgaberecht 🔒 Kauf auf Rechnung mit Klarna · TWINT · Karten · PayPal · Apple Pay 💬 Schweizer Support: info@luxestyle.ch	https://luxestyle.ch/products/dirndl-in-trendigem-olivgrun-fgsshb2522?variant=55970759639425	https://cdn.shopify.com/s/files/1/0943/6856/3585/files/HB252240_2.jpg?v=1784952439	https://cdn.shopify.com/s/files/1/0943/6856/3585/files/HB252240_1_8c0785f1-bbcf-40e8-9edb-57ff897af074.jpg?v=1784840644,https://cdn.shopify.com/s/files/1/0943/6856/3585/files/HB252244_2.jpg?v=1784952438,https://cdn.shopify.com/s/files/1/0943/6856/3585/files/HB252246_2.jpg?v=1784952439,https://cdn.shopify.com/s/files/1/0943/6856/3585/files/HB252248_2.jpg?v=1784952438	92.90 CHF	in stock	7	8718858228997	LuxeStyle	new	Kostüme & Verkleidung	1-3 Werktage (Lager Schweiz)
fortura-HB252248	dirndl-in-trendigem-olivgrun-fgsshb2522	Dirndl in trendigem olivgrün – 48	Qualitativ hochwertiges Dirndl der Marke Haus Huberts in trendigem olivgrün. Detailverliebt mit hübschen Stickereien. Damit ziehst Du alle Blicke auf Dich am Oktoberfest. Details Marke: Haus Huberts Farbe: grün Anlass: Oktoberfest Lieferumfang: 1 Dirndl mit Schürze und Bluse Warum bei LuxeStyle kaufen? 🇨🇭 Versand aus der Schweiz – Lieferung in nur 1–2 Werktagen (DPD) ↩️ 30 Tage Rückgaberecht 🔒 Kauf auf Rechnung mit Klarna · TWINT · Karten · PayPal · Apple Pay 💬 Schweizer Support: info@luxestyle.ch	https://luxestyle.ch/products/dirndl-in-trendigem-olivgrun-fgsshb2522?variant=55970759672193	https://cdn.shopify.com/s/files/1/0943/6856/3585/files/HB252240_2.jpg?v=1784952439	https://cdn.shopify.com/s/files/1/0943/6856/3585/files/HB252240_1_8c0785f1-bbcf-40e8-9edb-57ff897af074.jpg?v=1784840644,https://cdn.shopify.com/s/files/1/0943/6856/3585/files/HB252244_2.jpg?v=1784952438,https://cdn.shopify.com/s/files/1/0943/6856/3585/files/HB252246_2.jpg?v=1784952439,https://cdn.shopify.com/s/files/1/0943/6856/3585/files/HB252248_2.jpg?v=1784952438	92.90 CHF	in stock	1	8718858229000	LuxeStyle	new	Kostüme & Verkleidung	1-3 Werktage (Lager Schweiz)
fortura-HB253438	dirndl-schwarz-mit-schurze-mit-blumenmuste-fgsshb2534	Dirndl schwarz mit Schürze mit Blumenmuster – 38	Qualitativ hochwertiges Dirndel aus 100% Baumwolle, bestehend aus 3 Teilen: Dirndl, Satinschürze und Bluse. Details Marke: Haus Huberts Farbe: mehrfarbig Anlass: Oktoberfest Lieferumfang: 1 Dirndl mit Schürze Warum bei LuxeStyle kaufen? 🇨🇭 Versand aus der Schweiz – Lieferung in nur 1–2 Werktagen (DPD) ↩️ 30 Tage Rückgaberecht 🔒 Kauf auf Rechnung mit Klarna · TWINT · Karten · PayPal · Apple Pay 💬 Schweizer Support: info@luxestyle.ch	https://luxestyle.ch/products/dirndl-schwarz-mit-schurze-mit-blumenmuste-fgsshb2534?variant=55970759868801	https://cdn.shopify.com/s/files/1/0943/6856/3585/files/HB253438_1_70e67b4d-9bd6-4f97-b9b7-2abae7be54a5.jpg?v=1784840646	https://cdn.shopify.com/s/files/1/0943/6856/3585/files/HB253438_2_d302c0ee-f012-4d5c-a66a-be9b3ef6019e.jpg?v=1784952446,https://cdn.shopify.com/s/files/1/0943/6856/3585/files/HB253438_3_f78400f5-5b7f-44bc-9e65-2605e6b5b2c9.jpg?v=1784952446,https://cdn.shopify.com/s/files/1/0943/6856/3585/files/HB253440_2_228488e5-8d0b-4e17-bd13-0a748dc04aa4.jpg?v=1784952446,https://cdn.shopify.com/s/files/1/0943/6856/3585/files/HB253440_3_2b3b0533-f7ec-43c0-8c60-8bfa32429987.jpg?v=1784952446	99.90 CHF	in stock	1	8718858229239	LuxeStyle	new	Kostüme & Verkleidung	1-3 Werktage (Lager Schweiz)
fortura-HB253440	dirndl-schwarz-mit-schurze-mit-blumenmuste-fgsshb2534	Dirndl schwarz mit Schürze mit Blumenmuster – 40	Qualitativ hochwertiges Dirndel aus 100% Baumwolle, bestehend aus 3 Teilen: Dirndl, Satinschürze und Bluse. Details Marke: Haus Huberts Farbe: mehrfarbig Anlass: Oktoberfest Lieferumfang: 1 Dirndl mit Schürze Warum bei LuxeStyle kaufen? 🇨🇭 Versand aus der Schweiz – Lieferung in nur 1–2 Werktagen (DPD) ↩️ 30 Tage Rückgaberecht 🔒 Kauf auf Rechnung mit Klarna · TWINT · Karten · PayPal · Apple Pay 💬 Schweizer Support: info@luxestyle.ch	https://luxestyle.ch/products/dirndl-schwarz-mit-schurze-mit-blumenmuste-fgsshb2534?variant=55970759901569	https://cdn.shopify.com/s/files/1/0943/6856/3585/files/HB253438_1_70e67b4d-9bd6-4f97-b9b7-2abae7be54a5.jpg?v=1784840646	https://cdn.shopify.com/s/files/1/0943/6856/3585/files/HB253438_2_d302c0ee-f012-4d5c-a66a-be9b3ef6019e.jpg?v=1784952446,https://cdn.shopify.com/s/files/1/0943/6856/3585/files/HB253438_3_f78400f5-5b7f-44bc-9e65-2605e6b5b2c9.jpg?v=1784952446,https://cdn.shopify.com/s/files/1/0943/6856/3585/files/HB253440_2_228488e5-8d0b-4e17-bd13-0a748dc04aa4.jpg?v=1784952446,https://cdn.shopify.com/s/files/1/0943/6856/3585/files/HB253440_3_2b3b0533-f7ec-43c0-8c60-8bfa32429987.jpg?v=1784952446	99.90 CHF	in stock	2	8718858229246	LuxeStyle	new	Kostüme & Verkleidung	1-3 Werktage (Lager Schweiz)
fortura-HB253444	dirndl-schwarz-mit-schurze-mit-blumenmuste-fgsshb2534	Dirndl schwarz mit Schürze mit Blumenmuster – 44	Qualitativ hochwertiges Dirndel aus 100% Baumwolle, bestehend aus 3 Teilen: Dirndl, Satinschürze und Bluse. Details Marke: Haus Huberts Farbe: mehrfarbig Anlass: Oktoberfest Lieferumfang: 1 Dirndl mit Schürze Warum bei LuxeStyle kaufen? 🇨🇭 Versand aus der Schweiz – Lieferung in nur 1–2 Werktagen (DPD) ↩️ 30 Tage Rückgaberecht 🔒 Kauf auf Rechnung mit Klarna · TWINT · Karten · PayPal · Apple Pay 💬 Schweizer Support: info@luxestyle.ch	https://luxestyle.ch/products/dirndl-schwarz-mit-schurze-mit-blumenmuste-fgsshb2534?variant=55970759934337	https://cdn.shopify.com/s/files/1/0943/6856/3585/files/HB253438_1_70e67b4d-9bd6-4f97-b9b7-2abae7be54a5.jpg?v=1784840646	https://cdn.shopify.com/s/files/1/0943/6856/3585/files/HB253438_2_d302c0ee-f012-4d5c-a66a-be9b3ef6019e.jpg?v=1784952446,https://cdn.shopify.com/s/files/1/0943/6856/3585/files/HB253438_3_f78400f5-5b7f-44bc-9e65-2605e6b5b2c9.jpg?v=1784952446,https://cdn.shopify.com/s/files/1/0943/6856/3585/files/HB253440_2_228488e5-8d0b-4e17-bd13-0a748dc04aa4.jpg?v=1784952446,https://cdn.shopify.com/s/files/1/0943/6856/3585/files/HB253440_3_2b3b0533-f7ec-43c0-8c60-8bfa32429987.jpg?v=1784952446	99.90 CHF	in stock	1	8718858229260	LuxeStyle	new	Kostüme & Verkleidung	1-3 Werktage (Lager Schweiz)
fortura-HB253448	dirndl-schwarz-mit-schurze-mit-blumenmuste-fgsshb2534	Dirndl schwarz mit Schürze mit Blumenmuster – 48	Qualitativ hochwertiges Dirndel aus 100% Baumwolle, bestehend aus 3 Teilen: Dirndl, Satinschürze und Bluse. Details Marke: Haus Huberts Farbe: mehrfarbig Anlass: Oktoberfest Lieferumfang: 1 Dirndl mit Schürze Warum bei LuxeStyle kaufen? 🇨🇭 Versand aus der Schweiz – Lieferung in nur 1–2 Werktagen (DPD) ↩️ 30 Tage Rückgaberecht 🔒 Kauf auf Rechnung mit Klarna · TWINT · Karten · PayPal · Apple Pay 💬 Schweizer Support: info@luxestyle.ch	https://luxestyle.ch/products/dirndl-schwarz-mit-schurze-mit-blumenmuste-fgsshb2534?variant=55970759967105	https://cdn.shopify.com/s/files/1/0943/6856/3585/files/HB253438_1_70e67b4d-9bd6-4f97-b9b7-2abae7be54a5.jpg?v=1784840646	https://cdn.shopify.com/s/files/1/0943/6856/3585/files/HB253438_2_d302c0ee-f012-4d5c-a66a-be9b3ef6019e.jpg?v=1784952446,https://cdn.shopify.com/s/files/1/0943/6856/3585/files/HB253438_3_f78400f5-5b7f-44bc-9e65-2605e6b5b2c9.jpg?v=1784952446,https://cdn.shopify.com/s/files/1/0943/6856/3585/files/HB253440_2_228488e5-8d0b-4e17-bd13-0a748dc04aa4.jpg?v=1784952446,https://cdn.shopify.com/s/files/1/0943/6856/3585/files/HB253440_3_2b3b0533-f7ec-43c0-8c60-8bfa32429987.jpg?v=1784952446	99.90 CHF	in stock	1	8718858229284	LuxeStyle	new	Kostüme & Verkleidung	1-3 Werktage (Lager Schweiz)
fortura-HB253450	dirndl-schwarz-mit-schurze-mit-blumenmuste-fgsshb2534	Dirndl schwarz mit Schürze mit Blumenmuster – 50	Qualitativ hochwertiges Dirndel aus 100% Baumwolle, bestehend aus 3 Teilen: Dirndl, Satinschürze und Bluse. Details Marke: Haus Huberts Farbe: mehrfarbig Anlass: Oktoberfest Lieferumfang: 1 Dirndl mit Schürze Warum bei LuxeStyle kaufen? 🇨🇭 Versand aus der Schweiz – Lieferung in nur 1–2 Werktagen (DPD) ↩️ 30 Tage Rückgaberecht 🔒 Kauf auf Rechnung mit Klarna · TWINT · Karten · PayPal · Apple Pay 💬 Schweizer Support: info@luxestyle.ch	https://luxestyle.ch/products/dirndl-schwarz-mit-schurze-mit-blumenmuste-fgsshb2534?variant=55970759999873	https://cdn.shopify.com/s/files/1/0943/6856/3585/files/HB253438_1_70e67b4d-9bd6-4f97-b9b7-2abae7be54a5.jpg?v=1784840646	https://cdn.shopify.com/s/files/1/0943/6856/3585/files/HB253438_2_d302c0ee-f012-4d5c-a66a-be9b3ef6019e.jpg?v=1784952446,https://cdn.shopify.com/s/files/1/0943/6856/3585/files/HB253438_3_f78400f5-5b7f-44bc-9e65-2605e6b5b2c9.jpg?v=1784952446,https://cdn.shopify.com/s/files/1/0943/6856/3585/files/HB253440_2_228488e5-8d0b-4e17-bd13-0a748dc04aa4.jpg?v=1784952446,https://cdn.shopify.com/s/files/1/0943/6856/3585/files/HB253440_3_2b3b0533-f7ec-43c0-8c60-8bfa32429987.jpg?v=1784952446	99.90 CHF	in stock	2	8718858229291	LuxeStyle	new	Kostüme & Verkleidung	1-3 Werktage (Lager Schweiz)
fortura-EU707149ML	kostum-stier-grosse-m-l-fgaeu707149ml	Kostüm Stier Grösse M/L	Kostüm Stier Grösse M/L – hochwertige Qualität ab Schweizer Lager. Warum bei LuxeStyle kaufen? 🇨🇭 Versand aus der Schweiz – Lieferung in nur 1–2 Werktagen (DPD) ↩️ 30 Tage Rückgaberecht 🔒 Kauf auf Rechnung mit Klarna · TWINT · Karten · PayPal · Apple Pay 💬 Schweizer Support: info@luxestyle.ch	https://luxestyle.ch/products/kostum-stier-grosse-m-l-fgaeu707149ml?variant=55970760491393	https://cdn.shopify.com/s/files/1/0943/6856/3585/files/EU707149ML_1_960ac1de-bed6-4234-b0bc-210eafb05234.jpg?v=1784840650	https://cdn.shopify.com/s/files/1/0943/6856/3585/files/EU707149ML_2.jpg?v=1784952456,https://cdn.shopify.com/s/files/1/0943/6856/3585/files/EU707149ML_3.jpg?v=1784952456,https://cdn.shopify.com/s/files/1/0943/6856/3585/files/EU707149ML_4.jpg?v=1784952456	57.90 CHF	in stock	14	8423667150680	LuxeStyle	new	Kostüme & Verkleidung	1-3 Werktage (Lager Schweiz)
fortura-HB287648	trachtenweste-samt-schwarz-fgsshb2876	Trachtenweste Samt schwarz – 48	Trachtenweste Samt schwarz – hochwertige Qualität ab Schweizer Lager. Warum bei LuxeStyle kaufen? 🇨🇭 Versand aus der Schweiz – Lieferung in nur 1–2 Werktagen (DPD) ↩️ 30 Tage Rückgaberecht 🔒 Kauf auf Rechnung mit Klarna · TWINT · Karten · PayPal · Apple Pay 💬 Schweizer Support: info@luxestyle.ch	https://luxestyle.ch/products/trachtenweste-samt-schwarz-fgsshb2876?variant=55970763178369	https://cdn.shopify.com/s/files/1/0943/6856/3585/files/HB287646_1_01833809-20c8-4dce-9610-61c0a9ace891.jpg?v=1784840667		57.90 CHF	in stock	1	7640451287372	LuxeStyle	new	Kostüme & Verkleidung	1-3 Werktage (Lager Schweiz)
fortura-HB287650	trachtenweste-samt-schwarz-fgsshb2876	Trachtenweste Samt schwarz – 50	Trachtenweste Samt schwarz – hochwertige Qualität ab Schweizer Lager. Warum bei LuxeStyle kaufen? 🇨🇭 Versand aus der Schweiz – Lieferung in nur 1–2 Werktagen (DPD) ↩️ 30 Tage Rückgaberecht 🔒 Kauf auf Rechnung mit Klarna · TWINT · Karten · PayPal · Apple Pay 💬 Schweizer Support: info@luxestyle.ch	https://luxestyle.ch/products/trachtenweste-samt-schwarz-fgsshb2876?variant=55970763211137	https://cdn.shopify.com/s/files/1/0943/6856/3585/files/HB287646_1_01833809-20c8-4dce-9610-61c0a9ace891.jpg?v=1784840667		57.90 CHF	in stock	2	8718858229420	LuxeStyle	new	Kostüme & Verkleidung	1-3 Werktage (Lager Schweiz)
fortura-HB287652	trachtenweste-samt-schwarz-fgsshb2876	Trachtenweste Samt schwarz – 52	Trachtenweste Samt schwarz – hochwertige Qualität ab Schweizer Lager. Warum bei LuxeStyle kaufen? 🇨🇭 Versand aus der Schweiz – Lieferung in nur 1–2 Werktagen (DPD) ↩️ 30 Tage Rückgaberecht 🔒 Kauf auf Rechnung mit Klarna · TWINT · Karten · PayPal · Apple Pay 💬 Schweizer Support: info@luxestyle.ch	https://luxestyle.ch/products/trachtenweste-samt-schwarz-fgsshb2876?variant=55970763243905	https://cdn.shopify.com/s/files/1/0943/6856/3585/files/HB287646_1_01833809-20c8-4dce-9610-61c0a9ace891.jpg?v=1784840667		57.90 CHF	in stock	3	8718858229437	LuxeStyle	new	Kostüme & Verkleidung	1-3 Werktage (Lager Schweiz)
fortura-HB287654	trachtenweste-samt-schwarz-fgsshb2876	Trachtenweste Samt schwarz – 54	Trachtenweste Samt schwarz – hochwertige Qualität ab Schweizer Lager. Warum bei LuxeStyle kaufen? 🇨🇭 Versand aus der Schweiz – Lieferung in nur 1–2 Werktagen (DPD) ↩️ 30 Tage Rückgaberecht 🔒 Kauf auf Rechnung mit Klarna · TWINT · Karten · PayPal · Apple Pay 💬 Schweizer Support: info@luxestyle.ch	https://luxestyle.ch/products/trachtenweste-samt-schwarz-fgsshb2876?variant=55970763276673	https://cdn.shopify.com/s/files/1/0943/6856/3585/files/HB287646_1_01833809-20c8-4dce-9610-61c0a9ace891.jpg?v=1784840667		57.90 CHF	in stock	4	8718858229444	LuxeStyle	new	Kostüme & Verkleidung	1-3 Werktage (Lager Schweiz)
fortura-HB287656	trachtenweste-samt-schwarz-fgsshb2876	Trachtenweste Samt schwarz – 56	Trachtenweste Samt schwarz – hochwertige Qualität ab Schweizer Lager. Warum bei LuxeStyle kaufen? 🇨🇭 Versand aus der Schweiz – Lieferung in nur 1–2 Werktagen (DPD) ↩️ 30 Tage Rückgaberecht 🔒 Kauf auf Rechnung mit Klarna · TWINT · Karten · PayPal · Apple Pay 💬 Schweizer Support: info@luxestyle.ch	https://luxestyle.ch/products/trachtenweste-samt-schwarz-fgsshb2876?variant=55970763309441	https://cdn.shopify.com/s/files/1/0943/6856/3585/files/HB287646_1_01833809-20c8-4dce-9610-61c0a9ace891.jpg?v=1784840667		57.90 CHF	in stock	4	8718858229451	LuxeStyle	new	Kostüme & Verkleidung	1-3 Werktage (Lager Schweiz)
fortura-HB287658	trachtenweste-samt-schwarz-fgsshb2876	Trachtenweste Samt schwarz – 58	Trachtenweste Samt schwarz – hochwertige Qualität ab Schweizer Lager. Warum bei LuxeStyle kaufen? 🇨🇭 Versand aus der Schweiz – Lieferung in nur 1–2 Werktagen (DPD) ↩️ 30 Tage Rückgaberecht 🔒 Kauf auf Rechnung mit Klarna · TWINT · Karten · PayPal · Apple Pay 💬 Schweizer Support: info@luxestyle.ch	https://luxestyle.ch/products/trachtenweste-samt-schwarz-fgsshb2876?variant=55970763342209	https://cdn.shopify.com/s/files/1/0943/6856/3585/files/HB287646_1_01833809-20c8-4dce-9610-61c0a9ace891.jpg?v=1784840667		57.90 CHF	in stock	3	8718858229468	LuxeStyle	new	Kostüme & Verkleidung	1-3 Werktage (Lager Schweiz)
fortura-HB287660	trachtenweste-samt-schwarz-fgsshb2876	Trachtenweste Samt schwarz – 60	Trachtenweste Samt schwarz – hochwertige Qualität ab Schweizer Lager. Warum bei LuxeStyle kaufen? 🇨🇭 Versand aus der Schweiz – Lieferung in nur 1–2 Werktagen (DPD) ↩️ 30 Tage Rückgaberecht 🔒 Kauf auf Rechnung mit Klarna · TWINT · Karten · PayPal · Apple Pay 💬 Schweizer Support: info@luxestyle.ch	https://luxestyle.ch/products/trachtenweste-samt-schwarz-fgsshb2876?variant=55970763374977	https://cdn.shopify.com/s/files/1/0943/6856/3585/files/HB287646_1_01833809-20c8-4dce-9610-61c0a9ace891.jpg?v=1784840667		57.90 CHF	in stock	2	8721077011943	LuxeStyle	new	Kostüme & Verkleidung	1-3 Werktage (Lager Schweiz)
fortura-HB287662	trachtenweste-samt-schwarz-fgsshb2876	Trachtenweste Samt schwarz – 62	Trachtenweste Samt schwarz – hochwertige Qualität ab Schweizer Lager. Warum bei LuxeStyle kaufen? 🇨🇭 Versand aus der Schweiz – Lieferung in nur 1–2 Werktagen (DPD) ↩️ 30 Tage Rückgaberecht 🔒 Kauf auf Rechnung mit Klarna · TWINT · Karten · PayPal · Apple Pay 💬 Schweizer Support: info@luxestyle.ch	https://luxestyle.ch/products/trachtenweste-samt-schwarz-fgsshb2876?variant=55970763407745	https://cdn.shopify.com/s/files/1/0943/6856/3585/files/HB287646_1_01833809-20c8-4dce-9610-61c0a9ace891.jpg?v=1784840667		57.90 CHF	in stock	1	8721077012254	LuxeStyle	new	Kostüme & Verkleidung	1-3 Werktage (Lager Schweiz)
fortura-EU706665ML	kostum-gotische-vampir-fgaeu706665ml	Kostüm Gotische Vampir	Kostüm Gotische Vampir – hochwertige Qualität ab Schweizer Lager. Warum bei LuxeStyle kaufen? 🇨🇭 Versand aus der Schweiz – Lieferung in nur 1–2 Werktagen (DPD) ↩️ 30 Tage Rückgaberecht 🔒 Kauf auf Rechnung mit Klarna · TWINT · Karten · PayPal · Apple Pay 💬 Schweizer Support: info@luxestyle.ch	https://luxestyle.ch/products/kostum-gotische-vampir-fgaeu706665ml?variant=55970763637121	https://cdn.shopify.com/s/files/1/0943/6856/3585/files/EU706665ML_1_2361423f-5853-49bf-a29f-0c8dd0171ad8.jpg?v=1784840670	https://cdn.shopify.com/s/files/1/0943/6856/3585/files/EU706665ML_2_5becd23d-8d91-4fbf-9d19-e4ea4a2fb733.jpg?v=1784952493	71.90 CHF	in stock	9	8423667124353	LuxeStyle	new	Kostüme & Verkleidung	1-3 Werktage (Lager Schweiz)
fortura-HB296036	dirndl-altrosa-grun-fgsshb2960	Dirndl altrosa/grün – 36	mit Spitzenschürze ohne Bluse Details Lieferumfang: mit Spitzenschürze ohne Bluse Warum bei LuxeStyle kaufen? 🇨🇭 Versand aus der Schweiz – Lieferung in nur 1–2 Werktagen (DPD) ↩️ 30 Tage Rückgaberecht 🔒 Kauf auf Rechnung mit Klarna · TWINT · Karten · PayPal · Apple Pay 💬 Schweizer Support: info@luxestyle.ch	https://luxestyle.ch/products/dirndl-altrosa-grun-fgsshb2960?variant=55970763768193	https://cdn.shopify.com/s/files/1/0943/6856/3585/files/HB296036_1_5d4ec0ff-9835-4a1a-966d-2287c4ebd626.jpg?v=1784840673	https://cdn.shopify.com/s/files/1/0943/6856/3585/files/HB296036_2.jpg?v=1784952499,https://cdn.shopify.com/s/files/1/0943/6856/3585/files/HB296036_3.jpg?v=1784952499,https://cdn.shopify.com/s/files/1/0943/6856/3585/files/HB296036_4.jpg?v=1784952500,https://cdn.shopify.com/s/files/1/0943/6856/3585/files/HB296038_2.jpg?v=1784952499	104.90 CHF	in stock	1	8719956263538	LuxeStyle	new	Kostüme & Verkleidung	1-3 Werktage (Lager Schweiz)
fortura-HB296038	dirndl-altrosa-grun-fgsshb2960	Dirndl altrosa/grün – 38	mit Spitzenschürze ohne Bluse Details Lieferumfang: mit Spitzenschürze ohne Bluse Warum bei LuxeStyle kaufen? 🇨🇭 Versand aus der Schweiz – Lieferung in nur 1–2 Werktagen (DPD) ↩️ 30 Tage Rückgaberecht 🔒 Kauf auf Rechnung mit Klarna · TWINT · Karten · PayPal · Apple Pay 💬 Schweizer Support: info@luxestyle.ch	https://luxestyle.ch/products/dirndl-altrosa-grun-fgsshb2960?variant=55970763800961	https://cdn.shopify.com/s/files/1/0943/6856/3585/files/HB296036_1_5d4ec0ff-9835-4a1a-966d-2287c4ebd626.jpg?v=1784840673	https://cdn.shopify.com/s/files/1/0943/6856/3585/files/HB296036_2.jpg?v=1784952499,https://cdn.shopify.com/s/files/1/0943/6856/3585/files/HB296036_3.jpg?v=1784952499,https://cdn.shopify.com/s/files/1/0943/6856/3585/files/HB296036_4.jpg?v=1784952500,https://cdn.shopify.com/s/files/1/0943/6856/3585/files/HB296038_2.jpg?v=1784952499	104.90 CHF	in stock	1	8719956263545	LuxeStyle	new	Kostüme & Verkleidung	1-3 Werktage (Lager Schweiz)
fortura-HB296042	dirndl-altrosa-grun-fgsshb2960	Dirndl altrosa/grün – 42	mit Spitzenschürze ohne Bluse Details Lieferumfang: mit Spitzenschürze ohne Bluse Warum bei LuxeStyle kaufen? 🇨🇭 Versand aus der Schweiz – Lieferung in nur 1–2 Werktagen (DPD) ↩️ 30 Tage Rückgaberecht 🔒 Kauf auf Rechnung mit Klarna · TWINT · Karten · PayPal · Apple Pay 💬 Schweizer Support: info@luxestyle.ch	https://luxestyle.ch/products/dirndl-altrosa-grun-fgsshb2960?variant=55970763833729	https://cdn.shopify.com/s/files/1/0943/6856/3585/files/HB296036_1_5d4ec0ff-9835-4a1a-966d-2287c4ebd626.jpg?v=1784840673	https://cdn.shopify.com/s/files/1/0943/6856/3585/files/HB296036_2.jpg?v=1784952499,https://cdn.shopify.com/s/files/1/0943/6856/3585/files/HB296036_3.jpg?v=1784952499,https://cdn.shopify.com/s/files/1/0943/6856/3585/files/HB296036_4.jpg?v=1784952500,https://cdn.shopify.com/s/files/1/0943/6856/3585/files/HB296038_2.jpg?v=1784952499	104.90 CHF	in stock	1	8719956263569	LuxeStyle	new	Kostüme & Verkleidung	1-3 Werktage (Lager Schweiz)
fortura-HB296044	dirndl-altrosa-grun-fgsshb2960	Dirndl altrosa/grün – 44	mit Spitzenschürze ohne Bluse Details Lieferumfang: mit Spitzenschürze ohne Bluse Warum bei LuxeStyle kaufen? 🇨🇭 Versand aus der Schweiz – Lieferung in nur 1–2 Werktagen (DPD) ↩️ 30 Tage Rückgaberecht 🔒 Kauf auf Rechnung mit Klarna · TWINT · Karten · PayPal · Apple Pay 💬 Schweizer Support: info@luxestyle.ch	https://luxestyle.ch/products/dirndl-altrosa-grun-fgsshb2960?variant=55970763866497	https://cdn.shopify.com/s/files/1/0943/6856/3585/files/HB296036_1_5d4ec0ff-9835-4a1a-966d-2287c4ebd626.jpg?v=1784840673	https://cdn.shopify.com/s/files/1/0943/6856/3585/files/HB296036_2.jpg?v=1784952499,https://cdn.shopify.com/s/files/1/0943/6856/3585/files/HB296036_3.jpg?v=1784952499,https://cdn.shopify.com/s/files/1/0943/6856/3585/files/HB296036_4.jpg?v=1784952500,https://cdn.shopify.com/s/files/1/0943/6856/3585/files/HB296038_2.jpg?v=1784952499	104.90 CHF	in stock	1	8719956263576	LuxeStyle	new	Kostüme & Verkleidung	1-3 Werktage (Lager Schweiz)
fortura-HB296048	dirndl-altrosa-grun-fgsshb2960	Dirndl altrosa/grün – 48	mit Spitzenschürze ohne Bluse Details Lieferumfang: mit Spitzenschürze ohne Bluse Warum bei LuxeStyle kaufen? 🇨🇭 Versand aus der Schweiz – Lieferung in nur 1–2 Werktagen (DPD) ↩️ 30 Tage Rückgaberecht 🔒 Kauf auf Rechnung mit Klarna · TWINT · Karten · PayPal · Apple Pay 💬 Schweizer Support: info@luxestyle.ch	https://luxestyle.ch/products/dirndl-altrosa-grun-fgsshb2960?variant=55970763899265	https://cdn.shopify.com/s/files/1/0943/6856/3585/files/HB296036_1_5d4ec0ff-9835-4a1a-966d-2287c4ebd626.jpg?v=1784840673	https://cdn.shopify.com/s/files/1/0943/6856/3585/files/HB296036_2.jpg?v=1784952499,https://cdn.shopify.com/s/files/1/0943/6856/3585/files/HB296036_3.jpg?v=1784952499,https://cdn.shopify.com/s/files/1/0943/6856/3585/files/HB296036_4.jpg?v=1784952500,https://cdn.shopify.com/s/files/1/0943/6856/3585/files/HB296038_2.jpg?v=1784952499	104.90 CHF	in stock	3	8719956263590	LuxeStyle	new	Kostüme & Verkleidung	1-3 Werktage (Lager Schweiz)
fortura-HB362036	dirndl-aus-jacquard-fgsshb3620	Dirndl aus Jacquard – 36	Dirndl aus Jacquard – hochwertige Qualität ab Schweizer Lager. Warum bei LuxeStyle kaufen? 🇨🇭 Versand aus der Schweiz – Lieferung in nur 1–2 Werktagen (DPD) ↩️ 30 Tage Rückgaberecht 🔒 Kauf auf Rechnung mit Klarna · TWINT · Karten · PayPal · Apple Pay 💬 Schweizer Support: info@luxestyle.ch	https://luxestyle.ch/products/dirndl-aus-jacquard-fgsshb3620?variant=55970763997569	https://cdn.shopify.com/s/files/1/0943/6856/3585/files/HB362036_1_97cc5985-d716-44dc-8874-4091758d7143.jpg?v=1784840674		149.00 CHF	in stock	2	8721077011004	LuxeStyle	new	Kostüme & Verkleidung	1-3 Werktage (Lager Schweiz)
fortura-HB362040	dirndl-aus-jacquard-fgsshb3620	Dirndl aus Jacquard – 40	Dirndl aus Jacquard – hochwertige Qualität ab Schweizer Lager. Warum bei LuxeStyle kaufen? 🇨🇭 Versand aus der Schweiz – Lieferung in nur 1–2 Werktagen (DPD) ↩️ 30 Tage Rückgaberecht 🔒 Kauf auf Rechnung mit Klarna · TWINT · Karten · PayPal · Apple Pay 💬 Schweizer Support: info@luxestyle.ch	https://luxestyle.ch/products/dirndl-aus-jacquard-fgsshb3620?variant=55970764063105	https://cdn.shopify.com/s/files/1/0943/6856/3585/files/HB362036_1_97cc5985-d716-44dc-8874-4091758d7143.jpg?v=1784840674		149.00 CHF	in stock	2	8721077011028	LuxeStyle	new	Kostüme & Verkleidung	1-3 Werktage (Lager Schweiz)
fortura-HB362042	dirndl-aus-jacquard-fgsshb3620	Dirndl aus Jacquard – 42	Dirndl aus Jacquard – hochwertige Qualität ab Schweizer Lager. Warum bei LuxeStyle kaufen? 🇨🇭 Versand aus der Schweiz – Lieferung in nur 1–2 Werktagen (DPD) ↩️ 30 Tage Rückgaberecht 🔒 Kauf auf Rechnung mit Klarna · TWINT · Karten · PayPal · Apple Pay 💬 Schweizer Support: info@luxestyle.ch	https://luxestyle.ch/products/dirndl-aus-jacquard-fgsshb3620?variant=55970764095873	https://cdn.shopify.com/s/files/1/0943/6856/3585/files/HB362036_1_97cc5985-d716-44dc-8874-4091758d7143.jpg?v=1784840674		149.00 CHF	in stock	2	8721077011035	LuxeStyle	new	Kostüme & Verkleidung	1-3 Werktage (Lager Schweiz)
fortura-HB362044	dirndl-aus-jacquard-fgsshb3620	Dirndl aus Jacquard – 44	Dirndl aus Jacquard – hochwertige Qualität ab Schweizer Lager. Warum bei LuxeStyle kaufen? 🇨🇭 Versand aus der Schweiz – Lieferung in nur 1–2 Werktagen (DPD) ↩️ 30 Tage Rückgaberecht 🔒 Kauf auf Rechnung mit Klarna · TWINT · Karten · PayPal · Apple Pay 💬 Schweizer Support: info@luxestyle.ch	https://luxestyle.ch/products/dirndl-aus-jacquard-fgsshb3620?variant=55970764128641	https://cdn.shopify.com/s/files/1/0943/6856/3585/files/HB362036_1_97cc5985-d716-44dc-8874-4091758d7143.jpg?v=1784840674		149.00 CHF	in stock	1	8721077011042	LuxeStyle	new	Kostüme & Verkleidung	1-3 Werktage (Lager Schweiz)
fortura-HB362046	dirndl-aus-jacquard-fgsshb3620	Dirndl aus Jacquard – 46	Dirndl aus Jacquard – hochwertige Qualität ab Schweizer Lager. Warum bei LuxeStyle kaufen? 🇨🇭 Versand aus der Schweiz – Lieferung in nur 1–2 Werktagen (DPD) ↩️ 30 Tage Rückgaberecht 🔒 Kauf auf Rechnung mit Klarna · TWINT · Karten · PayPal · Apple Pay 💬 Schweizer Support: info@luxestyle.ch	https://luxestyle.ch/products/dirndl-aus-jacquard-fgsshb3620?variant=55970764161409	https://cdn.shopify.com/s/files/1/0943/6856/3585/files/HB362036_1_97cc5985-d716-44dc-8874-4091758d7143.jpg?v=1784840674		149.00 CHF	in stock	1	8721077011059	LuxeStyle	new	Kostüme & Verkleidung	1-3 Werktage (Lager Schweiz)
fortura-HB363536	dirndl-jaquard-flieder-schwarz-fgsshb3635	Dirndl Jaquard flieder/schwarz – 36	Dirndl Jaquard flieder/schwarz – hochwertige Qualität ab Schweizer Lager. Details Anlass: Oktoberfest Warum bei LuxeStyle kaufen? 🇨🇭 Versand aus der Schweiz – Lieferung in nur 1–2 Werktagen (DPD) ↩️ 30 Tage Rückgaberecht 🔒 Kauf auf Rechnung mit Klarna · TWINT · Karten · PayPal · Apple Pay 💬 Schweizer Support: info@luxestyle.ch	https://luxestyle.ch/products/dirndl-jaquard-flieder-schwarz-fgsshb3635?variant=55970764292481	https://cdn.shopify.com/s/files/1/0943/6856/3585/files/HB363536_1_b8c0ac68-f4cf-4e51-acdd-d355edf0badb.jpg?v=1784840677		138.00 CHF	in stock	3	8721077013695	LuxeStyle	new	Kostüme & Verkleidung	1-3 Werktage (Lager Schweiz)
fortura-HB363538	dirndl-jaquard-flieder-schwarz-fgsshb3635	Dirndl Jaquard flieder/schwarz – 38	Dirndl Jaquard flieder/schwarz – hochwertige Qualität ab Schweizer Lager. Details Anlass: Oktoberfest Warum bei LuxeStyle kaufen? 🇨🇭 Versand aus der Schweiz – Lieferung in nur 1–2 Werktagen (DPD) ↩️ 30 Tage Rückgaberecht 🔒 Kauf auf Rechnung mit Klarna · TWINT · Karten · PayPal · Apple Pay 💬 Schweizer Support: info@luxestyle.ch	https://luxestyle.ch/products/dirndl-jaquard-flieder-schwarz-fgsshb3635?variant=55970764325249	https://cdn.shopify.com/s/files/1/0943/6856/3585/files/HB363536_1_b8c0ac68-f4cf-4e51-acdd-d355edf0badb.jpg?v=1784840677		138.00 CHF	in stock	1	8721077013701	LuxeStyle	new	Kostüme & Verkleidung	1-3 Werktage (Lager Schweiz)
fortura-HB363540	dirndl-jaquard-flieder-schwarz-fgsshb3635	Dirndl Jaquard flieder/schwarz – 40	Dirndl Jaquard flieder/schwarz – hochwertige Qualität ab Schweizer Lager. Details Anlass: Oktoberfest Warum bei LuxeStyle kaufen? 🇨🇭 Versand aus der Schweiz – Lieferung in nur 1–2 Werktagen (DPD) ↩️ 30 Tage Rückgaberecht 🔒 Kauf auf Rechnung mit Klarna · TWINT · Karten · PayPal · Apple Pay 💬 Schweizer Support: info@luxestyle.ch	https://luxestyle.ch/products/dirndl-jaquard-flieder-schwarz-fgsshb3635?variant=55970764358017	https://cdn.shopify.com/s/files/1/0943/6856/3585/files/HB363536_1_b8c0ac68-f4cf-4e51-acdd-d355edf0badb.jpg?v=1784840677		138.00 CHF	in stock	5	8721077013718	LuxeStyle	new	Kostüme & Verkleidung	1-3 Werktage (Lager Schweiz)
fortura-HB363542	dirndl-jaquard-flieder-schwarz-fgsshb3635	Dirndl Jaquard flieder/schwarz – 42	Dirndl Jaquard flieder/schwarz – hochwertige Qualität ab Schweizer Lager. Details Anlass: Oktoberfest Warum bei LuxeStyle kaufen? 🇨🇭 Versand aus der Schweiz – Lieferung in nur 1–2 Werktagen (DPD) ↩️ 30 Tage Rückgaberecht 🔒 Kauf auf Rechnung mit Klarna · TWINT · Karten · PayPal · Apple Pay 💬 Schweizer Support: info@luxestyle.ch	https://luxestyle.ch/products/dirndl-jaquard-flieder-schwarz-fgsshb3635?variant=55970764390785	https://cdn.shopify.com/s/files/1/0943/6856/3585/files/HB363536_1_b8c0ac68-f4cf-4e51-acdd-d355edf0badb.jpg?v=1784840677		138.00 CHF	in stock	10	8721077013725	LuxeStyle	new	Kostüme & Verkleidung	1-3 Werktage (Lager Schweiz)
fortura-HB363544	dirndl-jaquard-flieder-schwarz-fgsshb3635	Dirndl Jaquard flieder/schwarz – 44	Dirndl Jaquard flieder/schwarz – hochwertige Qualität ab Schweizer Lager. Details Anlass: Oktoberfest Warum bei LuxeStyle kaufen? 🇨🇭 Versand aus der Schweiz – Lieferung in nur 1–2 Werktagen (DPD) ↩️ 30 Tage Rückgaberecht 🔒 Kauf auf Rechnung mit Klarna · TWINT · Karten · PayPal · Apple Pay 💬 Schweizer Support: info@luxestyle.ch	https://luxestyle.ch/products/dirndl-jaquard-flieder-schwarz-fgsshb3635?variant=55970764423553	https://cdn.shopify.com/s/files/1/0943/6856/3585/files/HB363536_1_b8c0ac68-f4cf-4e51-acdd-d355edf0badb.jpg?v=1784840677		138.00 CHF	in stock	11	8721077013732	LuxeStyle	new	Kostüme & Verkleidung	1-3 Werktage (Lager Schweiz)
fortura-HB363546	dirndl-jaquard-flieder-schwarz-fgsshb3635	Dirndl Jaquard flieder/schwarz – 46	Dirndl Jaquard flieder/schwarz – hochwertige Qualität ab Schweizer Lager. Details Anlass: Oktoberfest Warum bei LuxeStyle kaufen? 🇨🇭 Versand aus der Schweiz – Lieferung in nur 1–2 Werktagen (DPD) ↩️ 30 Tage Rückgaberecht 🔒 Kauf auf Rechnung mit Klarna · TWINT · Karten · PayPal · Apple Pay 💬 Schweizer Support: info@luxestyle.ch	https://luxestyle.ch/products/dirndl-jaquard-flieder-schwarz-fgsshb3635?variant=55970764456321	https://cdn.shopify.com/s/files/1/0943/6856/3585/files/HB363536_1_b8c0ac68-f4cf-4e51-acdd-d355edf0badb.jpg?v=1784840677		138.00 CHF	in stock	6	8721077013749	LuxeStyle	new	Kostüme & Verkleidung	1-3 Werktage (Lager Schweiz)
fortura-HB363548	dirndl-jaquard-flieder-schwarz-fgsshb3635	Dirndl Jaquard flieder/schwarz – 48	Dirndl Jaquard flieder/schwarz – hochwertige Qualität ab Schweizer Lager. Details Anlass: Oktoberfest Warum bei LuxeStyle kaufen? 🇨🇭 Versand aus der Schweiz – Lieferung in nur 1–2 Werktagen (DPD) ↩️ 30 Tage Rückgaberecht 🔒 Kauf auf Rechnung mit Klarna · TWINT · Karten · PayPal · Apple Pay 💬 Schweizer Support: info@luxestyle.ch	https://luxestyle.ch/products/dirndl-jaquard-flieder-schwarz-fgsshb3635?variant=55970764489089	https://cdn.shopify.com/s/files/1/0943/6856/3585/files/HB363536_1_b8c0ac68-f4cf-4e51-acdd-d355edf0badb.jpg?v=1784840677		138.00 CHF	in stock	5	8721077013756	LuxeStyle	new	Kostüme & Verkleidung	1-3 Werktage (Lager Schweiz)
fortura-HB363550	dirndl-jaquard-flieder-schwarz-fgsshb3635	Dirndl Jaquard flieder/schwarz – 50	Dirndl Jaquard flieder/schwarz – hochwertige Qualität ab Schweizer Lager. Details Anlass: Oktoberfest Warum bei LuxeStyle kaufen? 🇨🇭 Versand aus der Schweiz – Lieferung in nur 1–2 Werktagen (DPD) ↩️ 30 Tage Rückgaberecht 🔒 Kauf auf Rechnung mit Klarna · TWINT · Karten · PayPal · Apple Pay 💬 Schweizer Support: info@luxestyle.ch	https://luxestyle.ch/products/dirndl-jaquard-flieder-schwarz-fgsshb3635?variant=55970764521857	https://cdn.shopify.com/s/files/1/0943/6856/3585/files/HB363536_1_b8c0ac68-f4cf-4e51-acdd-d355edf0badb.jpg?v=1784840677		138.00 CHF	in stock	7	8721077013763	LuxeStyle	new	Kostüme & Verkleidung	1-3 Werktage (Lager Schweiz)
fortura-HB363552	dirndl-jaquard-flieder-schwarz-fgsshb3635	Dirndl Jaquard flieder/schwarz – 52	Dirndl Jaquard flieder/schwarz – hochwertige Qualität ab Schweizer Lager. Details Anlass: Oktoberfest Warum bei LuxeStyle kaufen? 🇨🇭 Versand aus der Schweiz – Lieferung in nur 1–2 Werktagen (DPD) ↩️ 30 Tage Rückgaberecht 🔒 Kauf auf Rechnung mit Klarna · TWINT · Karten · PayPal · Apple Pay 💬 Schweizer Support: info@luxestyle.ch	https://luxestyle.ch/products/dirndl-jaquard-flieder-schwarz-fgsshb3635?variant=55970764554625	https://cdn.shopify.com/s/files/1/0943/6856/3585/files/HB363536_1_b8c0ac68-f4cf-4e51-acdd-d355edf0badb.jpg?v=1784840677		138.00 CHF	in stock	6	8721077013770	LuxeStyle	new	Kostüme & Verkleidung	1-3 Werktage (Lager Schweiz)
fortura-FM11841946	roter-konigsmantel-fgafm11841946	Roter Königsmantel – 140/152cm	1 Stück Details Marke: Müller Farbe: rot Anlass: Fasnacht Lieferumfang: 1 Stück Warum bei LuxeStyle kaufen? 🇨🇭 Versand aus der Schweiz – Lieferung in nur 1–2 Werktagen (DPD) ↩️ 30 Tage Rückgaberecht 🔒 Kauf auf Rechnung mit Klarna · TWINT · Karten · PayPal · Apple Pay 💬 Schweizer Support: info@luxestyle.ch	https://luxestyle.ch/products/roter-konigsmantel-fgafm11841946?variant=55970764620161	https://cdn.shopify.com/s/files/1/0943/6856/3585/files/15469969539457-quadrat.jpg?v=1787775261	https://cdn.shopify.com/s/files/1/0943/6856/3585/files/FM11841946_1_f64b9b8c-987a-40df-9024-b7c2b66b0827.jpg?v=1784840679	61.90 CHF	in stock	5	4007487002172	LuxeStyle	new	Kostüme & Verkleidung	1-3 Werktage (Lager Schweiz)
fortura-HB366538	dirndl-jaquard-fgsshb3665	Dirndl Jaquard – 36	Dirndl Jaquard – hochwertige Qualität ab Schweizer Lager. Details Anlass: Oktoberfest Warum bei LuxeStyle kaufen? 🇨🇭 Versand aus der Schweiz – Lieferung in nur 1–2 Werktagen (DPD) ↩️ 30 Tage Rückgaberecht 🔒 Kauf auf Rechnung mit Klarna · TWINT · Karten · PayPal · Apple Pay 💬 Schweizer Support: info@luxestyle.ch	https://luxestyle.ch/products/dirndl-jaquard-fgsshb3665?variant=55970764652929	https://cdn.shopify.com/s/files/1/0943/6856/3585/files/HB366536_1.jpg?v=1784840680		138.00 CHF	in stock	3	8721077014166	LuxeStyle	new	Kostüme & Verkleidung	1-3 Werktage (Lager Schweiz)
fortura-HB366540	dirndl-jaquard-fgsshb3665	Dirndl Jaquard – 40	Dirndl Jaquard – hochwertige Qualität ab Schweizer Lager. Details Anlass: Oktoberfest Warum bei LuxeStyle kaufen? 🇨🇭 Versand aus der Schweiz – Lieferung in nur 1–2 Werktagen (DPD) ↩️ 30 Tage Rückgaberecht 🔒 Kauf auf Rechnung mit Klarna · TWINT · Karten · PayPal · Apple Pay 💬 Schweizer Support: info@luxestyle.ch	https://luxestyle.ch/products/dirndl-jaquard-fgsshb3665?variant=55970764685697	https://cdn.shopify.com/s/files/1/0943/6856/3585/files/HB366536_1.jpg?v=1784840680		138.00 CHF	in stock	5	8721077014173	LuxeStyle	new	Kostüme & Verkleidung	1-3 Werktage (Lager Schweiz)
fortura-HB366542	dirndl-jaquard-fgsshb3665	Dirndl Jaquard – 42	Dirndl Jaquard – hochwertige Qualität ab Schweizer Lager. Details Anlass: Oktoberfest Warum bei LuxeStyle kaufen? 🇨🇭 Versand aus der Schweiz – Lieferung in nur 1–2 Werktagen (DPD) ↩️ 30 Tage Rückgaberecht 🔒 Kauf auf Rechnung mit Klarna · TWINT · Karten · PayPal · Apple Pay 💬 Schweizer Support: info@luxestyle.ch	https://luxestyle.ch/products/dirndl-jaquard-fgsshb3665?variant=55970764718465	https://cdn.shopify.com/s/files/1/0943/6856/3585/files/HB366536_1.jpg?v=1784840680		138.00 CHF	in stock	9	8721077014180	LuxeStyle	new	Kostüme & Verkleidung	1-3 Werktage (Lager Schweiz)
fortura-HB366544	dirndl-jaquard-fgsshb3665	Dirndl Jaquard – 44	Dirndl Jaquard – hochwertige Qualität ab Schweizer Lager. Details Anlass: Oktoberfest Warum bei LuxeStyle kaufen? 🇨🇭 Versand aus der Schweiz – Lieferung in nur 1–2 Werktagen (DPD) ↩️ 30 Tage Rückgaberecht 🔒 Kauf auf Rechnung mit Klarna · TWINT · Karten · PayPal · Apple Pay 💬 Schweizer Support: info@luxestyle.ch	https://luxestyle.ch/products/dirndl-jaquard-fgsshb3665?variant=55970764751233	https://cdn.shopify.com/s/files/1/0943/6856/3585/files/HB366536_1.jpg?v=1784840680		138.00 CHF	in stock	9	8721077014197	LuxeStyle	new	Kostüme & Verkleidung	1-3 Werktage (Lager Schweiz)
fortura-HB366546	dirndl-jaquard-fgsshb3665	Dirndl Jaquard – 46	Dirndl Jaquard – hochwertige Qualität ab Schweizer Lager. Details Anlass: Oktoberfest Warum bei LuxeStyle kaufen? 🇨🇭 Versand aus der Schweiz – Lieferung in nur 1–2 Werktagen (DPD) ↩️ 30 Tage Rückgaberecht 🔒 Kauf auf Rechnung mit Klarna · TWINT · Karten · PayPal · Apple Pay 💬 Schweizer Support: info@luxestyle.ch	https://luxestyle.ch/products/dirndl-jaquard-fgsshb3665?variant=55970764784001	https://cdn.shopify.com/s/files/1/0943/6856/3585/files/HB366536_1.jpg?v=1784840680		138.00 CHF	in stock	10	8721077014203	LuxeStyle	new	Kostüme & Verkleidung	1-3 Werktage (Lager Schweiz)
fortura-HB366548	dirndl-jaquard-fgsshb3665	Dirndl Jaquard – 48	Dirndl Jaquard – hochwertige Qualität ab Schweizer Lager. Details Anlass: Oktoberfest Warum bei LuxeStyle kaufen? 🇨🇭 Versand aus der Schweiz – Lieferung in nur 1–2 Werktagen (DPD) ↩️ 30 Tage Rückgaberecht 🔒 Kauf auf Rechnung mit Klarna · TWINT · Karten · PayPal · Apple Pay 💬 Schweizer Support: info@luxestyle.ch	https://luxestyle.ch/products/dirndl-jaquard-fgsshb3665?variant=55970764816769	https://cdn.shopify.com/s/files/1/0943/6856/3585/files/HB366536_1.jpg?v=1784840680		138.00 CHF	in stock	4	8721077014210	LuxeStyle	new	Kostüme & Verkleidung	1-3 Werktage (Lager Schweiz)
fortura-HB366550	dirndl-jaquard-fgsshb3665	Dirndl Jaquard – 50	Dirndl Jaquard – hochwertige Qualität ab Schweizer Lager. Details Anlass: Oktoberfest Warum bei LuxeStyle kaufen? 🇨🇭 Versand aus der Schweiz – Lieferung in nur 1–2 Werktagen (DPD) ↩️ 30 Tage Rückgaberecht 🔒 Kauf auf Rechnung mit Klarna · TWINT · Karten · PayPal · Apple Pay 💬 Schweizer Support: info@luxestyle.ch	https://luxestyle.ch/products/dirndl-jaquard-fgsshb3665?variant=55970764849537	https://cdn.shopify.com/s/files/1/0943/6856/3585/files/HB366536_1.jpg?v=1784840680		138.00 CHF	in stock	5	8721077014227	LuxeStyle	new	Kostüme & Verkleidung	1-3 Werktage (Lager Schweiz)
fortura-HB366552	dirndl-jaquard-fgsshb3665	Dirndl Jaquard – 52	Dirndl Jaquard – hochwertige Qualität ab Schweizer Lager. Details Anlass: Oktoberfest Warum bei LuxeStyle kaufen? 🇨🇭 Versand aus der Schweiz – Lieferung in nur 1–2 Werktagen (DPD) ↩️ 30 Tage Rückgaberecht 🔒 Kauf auf Rechnung mit Klarna · TWINT · Karten · PayPal · Apple Pay 💬 Schweizer Support: info@luxestyle.ch	https://luxestyle.ch/products/dirndl-jaquard-fgsshb3665?variant=55970764882305	https://cdn.shopify.com/s/files/1/0943/6856/3585/files/HB366536_1.jpg?v=1784840680		138.00 CHF	in stock	5	8721077014234	LuxeStyle	new	Kostüme & Verkleidung	1-3 Werktage (Lager Schweiz)
fortura-HB210134	dirndl-blau-fgsshb2101	Dirndl blau – 34	Dirndl blau – hochwertige Qualität ab Schweizer Lager. Warum bei LuxeStyle kaufen? 🇨🇭 Versand aus der Schweiz – Lieferung in nur 1–2 Werktagen (DPD) ↩️ 30 Tage Rückgaberecht 🔒 Kauf auf Rechnung mit Klarna · TWINT · Karten · PayPal · Apple Pay 💬 Schweizer Support: info@luxestyle.ch	https://luxestyle.ch/products/dirndl-blau-fgsshb2101?variant=55970764947841	https://cdn.shopify.com/s/files/1/0943/6856/3585/files/HB210134_1_7e3df432-2abc-4c2c-9080-2b811737063c.jpg?v=1784840681		66.90 CHF	in stock	2	8719956269462	LuxeStyle	new	Kostüme & Verkleidung	1-3 Werktage (Lager Schweiz)
fortura-HB210138	dirndl-blau-fgsshb2101	Dirndl blau – 38	Dirndl blau – hochwertige Qualität ab Schweizer Lager. Warum bei LuxeStyle kaufen? 🇨🇭 Versand aus der Schweiz – Lieferung in nur 1–2 Werktagen (DPD) ↩️ 30 Tage Rückgaberecht 🔒 Kauf auf Rechnung mit Klarna · TWINT · Karten · PayPal · Apple Pay 💬 Schweizer Support: info@luxestyle.ch	https://luxestyle.ch/products/dirndl-blau-fgsshb2101?variant=55970764980609	https://cdn.shopify.com/s/files/1/0943/6856/3585/files/HB210134_1_7e3df432-2abc-4c2c-9080-2b811737063c.jpg?v=1784840681		66.90 CHF	in stock	6	8719956268687	LuxeStyle	new	Kostüme & Verkleidung	1-3 Werktage (Lager Schweiz)
fortura-HB210140	dirndl-blau-fgsshb2101	Dirndl blau – 40	Dirndl blau – hochwertige Qualität ab Schweizer Lager. Warum bei LuxeStyle kaufen? 🇨🇭 Versand aus der Schweiz – Lieferung in nur 1–2 Werktagen (DPD) ↩️ 30 Tage Rückgaberecht 🔒 Kauf auf Rechnung mit Klarna · TWINT · Karten · PayPal · Apple Pay 💬 Schweizer Support: info@luxestyle.ch	https://luxestyle.ch/products/dirndl-blau-fgsshb2101?variant=55970765013377	https://cdn.shopify.com/s/files/1/0943/6856/3585/files/HB210134_1_7e3df432-2abc-4c2c-9080-2b811737063c.jpg?v=1784840681		66.90 CHF	in stock	3	8719956268694	LuxeStyle	new	Kostüme & Verkleidung	1-3 Werktage (Lager Schweiz)
fortura-HB3800S	damen-strickjacke-schwarz-fgsshb3800	Damen Strickjacke schwarz – S	Damen Strickjacke schwarz – hochwertige Qualität ab Schweizer Lager. Details Anlass: Oktoberfest Warum bei LuxeStyle kaufen? 🇨🇭 Versand aus der Schweiz – Lieferung in nur 1–2 Werktagen (DPD) ↩️ 30 Tage Rückgaberecht 🔒 Kauf auf Rechnung mit Klarna · TWINT · Karten · PayPal · Apple Pay 💬 Schweizer Support: info@luxestyle.ch	https://luxestyle.ch/products/damen-strickjacke-schwarz-fgsshb3800?variant=55970765046145	https://cdn.shopify.com/s/files/1/0943/6856/3585/files/HB3800L_1_bbacd3f0-ba68-44fb-ae52-c1de492fbc70.jpg?v=1784840683		72.90 CHF	in stock	5	8721077012681	LuxeStyle	new	Kostüme & Verkleidung	1-3 Werktage (Lager Schweiz)
fortura-HB3800M	damen-strickjacke-schwarz-fgsshb3800	Damen Strickjacke schwarz – M	Damen Strickjacke schwarz – hochwertige Qualität ab Schweizer Lager. Details Anlass: Oktoberfest Warum bei LuxeStyle kaufen? 🇨🇭 Versand aus der Schweiz – Lieferung in nur 1–2 Werktagen (DPD) ↩️ 30 Tage Rückgaberecht 🔒 Kauf auf Rechnung mit Klarna · TWINT · Karten · PayPal · Apple Pay 💬 Schweizer Support: info@luxestyle.ch	https://luxestyle.ch/products/damen-strickjacke-schwarz-fgsshb3800?variant=55970765078913	https://cdn.shopify.com/s/files/1/0943/6856/3585/files/HB3800L_1_bbacd3f0-ba68-44fb-ae52-c1de492fbc70.jpg?v=1784840683		72.90 CHF	in stock	8	8721077012674	LuxeStyle	new	Kostüme & Verkleidung	1-3 Werktage (Lager Schweiz)
fortura-HB3800L	damen-strickjacke-schwarz-fgsshb3800	Damen Strickjacke schwarz – L	Damen Strickjacke schwarz – hochwertige Qualität ab Schweizer Lager. Details Anlass: Oktoberfest Warum bei LuxeStyle kaufen? 🇨🇭 Versand aus der Schweiz – Lieferung in nur 1–2 Werktagen (DPD) ↩️ 30 Tage Rückgaberecht 🔒 Kauf auf Rechnung mit Klarna · TWINT · Karten · PayPal · Apple Pay 💬 Schweizer Support: info@luxestyle.ch	https://luxestyle.ch/products/damen-strickjacke-schwarz-fgsshb3800?variant=55970765111681	https://cdn.shopify.com/s/files/1/0943/6856/3585/files/HB3800L_1_bbacd3f0-ba68-44fb-ae52-c1de492fbc70.jpg?v=1784840683		72.90 CHF	in stock	3	8721077012667	LuxeStyle	new	Kostüme & Verkleidung	1-3 Werktage (Lager Schweiz)
fortura-HB3800XXL	damen-strickjacke-schwarz-fgsshb3800	Damen Strickjacke schwarz – XXL	Damen Strickjacke schwarz – hochwertige Qualität ab Schweizer Lager. Details Anlass: Oktoberfest Warum bei LuxeStyle kaufen? 🇨🇭 Versand aus der Schweiz – Lieferung in nur 1–2 Werktagen (DPD) ↩️ 30 Tage Rückgaberecht 🔒 Kauf auf Rechnung mit Klarna · TWINT · Karten · PayPal · Apple Pay 💬 Schweizer Support: info@luxestyle.ch	https://luxestyle.ch/products/damen-strickjacke-schwarz-fgsshb3800?variant=55970765144449	https://cdn.shopify.com/s/files/1/0943/6856/3585/files/HB3800L_1_bbacd3f0-ba68-44fb-ae52-c1de492fbc70.jpg?v=1784840683		72.90 CHF	in stock	9	8721077012711	LuxeStyle	new	Kostüme & Verkleidung	1-3 Werktage (Lager Schweiz)
fortura-HB3800XXXL	damen-strickjacke-schwarz-fgsshb3800	Damen Strickjacke schwarz – XXXL	Damen Strickjacke schwarz – hochwertige Qualität ab Schweizer Lager. Details Anlass: Oktoberfest Warum bei LuxeStyle kaufen? 🇨🇭 Versand aus der Schweiz – Lieferung in nur 1–2 Werktagen (DPD) ↩️ 30 Tage Rückgaberecht 🔒 Kauf auf Rechnung mit Klarna · TWINT · Karten · PayPal · Apple Pay 💬 Schweizer Support: info@luxestyle.ch	https://luxestyle.ch/products/damen-strickjacke-schwarz-fgsshb3800?variant=55970765177217	https://cdn.shopify.com/s/files/1/0943/6856/3585/files/HB3800L_1_bbacd3f0-ba68-44fb-ae52-c1de492fbc70.jpg?v=1784840683		72.90 CHF	in stock	7	8721077012643	LuxeStyle	new	Kostüme & Verkleidung	1-3 Werktage (Lager Schweiz)
fortura-HB3800XXXXL	damen-strickjacke-schwarz-fgsshb3800	Damen Strickjacke schwarz – XXXXL	Damen Strickjacke schwarz – hochwertige Qualität ab Schweizer Lager. Details Anlass: Oktoberfest Warum bei LuxeStyle kaufen? 🇨🇭 Versand aus der Schweiz – Lieferung in nur 1–2 Werktagen (DPD) ↩️ 30 Tage Rückgaberecht 🔒 Kauf auf Rechnung mit Klarna · TWINT · Karten · PayPal · Apple Pay 💬 Schweizer Support: info@luxestyle.ch	https://luxestyle.ch/products/damen-strickjacke-schwarz-fgsshb3800?variant=55970765209985	https://cdn.shopify.com/s/files/1/0943/6856/3585/files/HB3800L_1_bbacd3f0-ba68-44fb-ae52-c1de492fbc70.jpg?v=1784840683		72.90 CHF	in stock	8	8721077012650	LuxeStyle	new	Kostüme & Verkleidung	1-3 Werktage (Lager Schweiz)
fortura-HB211034	tirolerdirndl-schwarz-pink-fgsshb2110	Tirolerdirndl schwarz/pink – 34	Tirolerdirndl schwarz/pink – hochwertige Qualität ab Schweizer Lager. Warum bei LuxeStyle kaufen? 🇨🇭 Versand aus der Schweiz – Lieferung in nur 1–2 Werktagen (DPD) ↩️ 30 Tage Rückgaberecht 🔒 Kauf auf Rechnung mit Klarna · TWINT · Karten · PayPal · Apple Pay 💬 Schweizer Support: info@luxestyle.ch	https://luxestyle.ch/products/tirolerdirndl-schwarz-pink-fgsshb2110?variant=55970765275521	https://cdn.shopify.com/s/files/1/0943/6856/3585/files/HB211034_3.jpg?v=1784952512	https://cdn.shopify.com/s/files/1/0943/6856/3585/files/HB211034_1_862e9913-5583-46c6-abf6-8f4734aaf180.jpg?v=1784840685,https://cdn.shopify.com/s/files/1/0943/6856/3585/files/HB211034_2.jpg?v=1784952512,https://cdn.shopify.com/s/files/1/0943/6856/3585/files/HB211036_2.jpg?v=1784952512,https://cdn.shopify.com/s/files/1/0943/6856/3585/files/HB211036_3.jpg?v=1784952512	72.90 CHF	in stock	1	8719956264092	LuxeStyle	new	Kostüme & Verkleidung	1-3 Werktage (Lager Schweiz)
fortura-HB211036	tirolerdirndl-schwarz-pink-fgsshb2110	Tirolerdirndl schwarz/pink – 36	Tirolerdirndl schwarz/pink – hochwertige Qualität ab Schweizer Lager. Warum bei LuxeStyle kaufen? 🇨🇭 Versand aus der Schweiz – Lieferung in nur 1–2 Werktagen (DPD) ↩️ 30 Tage Rückgaberecht 🔒 Kauf auf Rechnung mit Klarna · TWINT · Karten · PayPal · Apple Pay 💬 Schweizer Support: info@luxestyle.ch	https://luxestyle.ch/products/tirolerdirndl-schwarz-pink-fgsshb2110?variant=55970765308289	https://cdn.shopify.com/s/files/1/0943/6856/3585/files/HB211034_3.jpg?v=1784952512	https://cdn.shopify.com/s/files/1/0943/6856/3585/files/HB211034_1_862e9913-5583-46c6-abf6-8f4734aaf180.jpg?v=1784840685,https://cdn.shopify.com/s/files/1/0943/6856/3585/files/HB211034_2.jpg?v=1784952512,https://cdn.shopify.com/s/files/1/0943/6856/3585/files/HB211036_2.jpg?v=1784952512,https://cdn.shopify.com/s/files/1/0943/6856/3585/files/HB211036_3.jpg?v=1784952512	72.90 CHF	in stock	2	8719956264108	LuxeStyle	new	Kostüme & Verkleidung	1-3 Werktage (Lager Schweiz)
fortura-HB211038	tirolerdirndl-schwarz-pink-fgsshb2110	Tirolerdirndl schwarz/pink – 38	Tirolerdirndl schwarz/pink – hochwertige Qualität ab Schweizer Lager. Warum bei LuxeStyle kaufen? 🇨🇭 Versand aus der Schweiz – Lieferung in nur 1–2 Werktagen (DPD) ↩️ 30 Tage Rückgaberecht 🔒 Kauf auf Rechnung mit Klarna · TWINT · Karten · PayPal · Apple Pay 💬 Schweizer Support: info@luxestyle.ch	https://luxestyle.ch/products/tirolerdirndl-schwarz-pink-fgsshb2110?variant=55970765341057	https://cdn.shopify.com/s/files/1/0943/6856/3585/files/HB211034_3.jpg?v=1784952512	https://cdn.shopify.com/s/files/1/0943/6856/3585/files/HB211034_1_862e9913-5583-46c6-abf6-8f4734aaf180.jpg?v=1784840685,https://cdn.shopify.com/s/files/1/0943/6856/3585/files/HB211034_2.jpg?v=1784952512,https://cdn.shopify.com/s/files/1/0943/6856/3585/files/HB211036_2.jpg?v=1784952512,https://cdn.shopify.com/s/files/1/0943/6856/3585/files/HB211036_3.jpg?v=1784952512	72.90 CHF	in stock	7	8719956264115	LuxeStyle	new	Kostüme & Verkleidung	1-3 Werktage (Lager Schweiz)
fortura-HB211040	tirolerdirndl-schwarz-pink-fgsshb2110	Tirolerdirndl schwarz/pink – 40	Tirolerdirndl schwarz/pink – hochwertige Qualität ab Schweizer Lager. Warum bei LuxeStyle kaufen? 🇨🇭 Versand aus der Schweiz – Lieferung in nur 1–2 Werktagen (DPD) ↩️ 30 Tage Rückgaberecht 🔒 Kauf auf Rechnung mit Klarna · TWINT · Karten · PayPal · Apple Pay 💬 Schweizer Support: info@luxestyle.ch	https://luxestyle.ch/products/tirolerdirndl-schwarz-pink-fgsshb2110?variant=55970765373825	https://cdn.shopify.com/s/files/1/0943/6856/3585/files/HB211034_3.jpg?v=1784952512	https://cdn.shopify.com/s/files/1/0943/6856/3585/files/HB211034_1_862e9913-5583-46c6-abf6-8f4734aaf180.jpg?v=1784840685,https://cdn.shopify.com/s/files/1/0943/6856/3585/files/HB211034_2.jpg?v=1784952512,https://cdn.shopify.com/s/files/1/0943/6856/3585/files/HB211036_2.jpg?v=1784952512,https://cdn.shopify.com/s/files/1/0943/6856/3585/files/HB211036_3.jpg?v=1784952512	72.90 CHF	in stock	3	8719956264122	LuxeStyle	new	Kostüme & Verkleidung	1-3 Werktage (Lager Schweiz)
fortura-HB211042	tirolerdirndl-schwarz-pink-fgsshb2110	Tirolerdirndl schwarz/pink – 42	Tirolerdirndl schwarz/pink – hochwertige Qualität ab Schweizer Lager. Warum bei LuxeStyle kaufen? 🇨🇭 Versand aus der Schweiz – Lieferung in nur 1–2 Werktagen (DPD) ↩️ 30 Tage Rückgaberecht 🔒 Kauf auf Rechnung mit Klarna · TWINT · Karten · PayPal · Apple Pay 💬 Schweizer Support: info@luxestyle.ch	https://luxestyle.ch/products/tirolerdirndl-schwarz-pink-fgsshb2110?variant=55970765406593	https://cdn.shopify.com/s/files/1/0943/6856/3585/files/HB211034_3.jpg?v=1784952512	https://cdn.shopify.com/s/files/1/0943/6856/3585/files/HB211034_1_862e9913-5583-46c6-abf6-8f4734aaf180.jpg?v=1784840685,https://cdn.shopify.com/s/files/1/0943/6856/3585/files/HB211034_2.jpg?v=1784952512,https://cdn.shopify.com/s/files/1/0943/6856/3585/files/HB211036_2.jpg?v=1784952512,https://cdn.shopify.com/s/files/1/0943/6856/3585/files/HB211036_3.jpg?v=1784952512	72.90 CHF	in stock	2	8719956264139	LuxeStyle	new	Kostüme & Verkleidung	1-3 Werktage (Lager Schweiz)
fortura-HB503048	bayrische-lederhosen-kurz-braun-fgsshb5030	Bayrische Lederhosen kurz braun – 48	Trachten-Lederhose für Herren in mittelbrauner Farbe. Die Trachtenhose hat ein gebrauchtes Aussehen (used look) und besteht aus echtem Leder und verfügt somit über eine hohe Qualität. Diese Trachtenhose wurde mit aufwendiger 3D - Traditionsstickerei, einem H-Träger, einer Messertasche, und Eingriffstaschen vorne und hinten angefertigt. Ebenso wurden Hirschhorn-Knöpfe als Zusatz angebracht. Die Hose ist komplett abgefüttert und verfügt über eine super Passform. Details Marke: Haus Huberts Farbe: braun Anlass: Oktoberfest Lieferumfang: 1 Lederhose Warum bei LuxeStyle kaufen? 🇨🇭 Versand aus der Schweiz – Lieferung in nur 1–2 Werktagen (DPD) ↩️ 30 Tage Rückgaberecht 🔒 Kauf auf Rechnung mit Klarna · TWINT · Karten · PayPal · Apple Pay 💬 Schweizer Support: info@luxestyle.ch	https://luxestyle.ch/products/bayrische-lederhosen-kurz-braun-fgsshb5030?variant=55970765799809	https://cdn.shopify.com/s/files/1/0943/6856/3585/files/HB503048_1_ba0fc544-b6de-40bf-a332-b6ed9f8f8ce0.jpg?v=1784840688		125.00 CHF	in stock	2	8718858223930	LuxeStyle	new	Kostüme & Verkleidung	1-3 Werktage (Lager Schweiz)
fortura-HB503050	bayrische-lederhosen-kurz-braun-fgsshb5030	Bayrische Lederhosen kurz braun – 50	Trachten-Lederhose für Herren in mittelbrauner Farbe. Die Trachtenhose hat ein gebrauchtes Aussehen (used look) und besteht aus echtem Leder und verfügt somit über eine hohe Qualität. Diese Trachtenhose wurde mit aufwendiger 3D - Traditionsstickerei, einem H-Träger, einer Messertasche, und Eingriffstaschen vorne und hinten angefertigt. Ebenso wurden Hirschhorn-Knöpfe als Zusatz angebracht. Die Hose ist komplett abgefüttert und verfügt über eine super Passform. Details Marke: Haus Huberts Farbe: braun Anlass: Oktoberfest Lieferumfang: 1 Lederhose Warum bei LuxeStyle kaufen? 🇨🇭 Versand aus der Schweiz – Lieferung in nur 1–2 Werktagen (DPD) ↩️ 30 Tage Rückgaberecht 🔒 Kauf auf Rechnung mit Klarna · TWINT · Karten · PayPal · Apple Pay 💬 Schweizer Support: info@luxestyle.ch	https://luxestyle.ch/products/bayrische-lederhosen-kurz-braun-fgsshb5030?variant=55970765832577	https://cdn.shopify.com/s/files/1/0943/6856/3585/files/HB503048_1_ba0fc544-b6de-40bf-a332-b6ed9f8f8ce0.jpg?v=1784840688		125.00 CHF	in stock	1	8718858223947	LuxeStyle	new	Kostüme & Verkleidung	1-3 Werktage (Lager Schweiz)
fortura-HB503054	bayrische-lederhosen-kurz-braun-fgsshb5030	Bayrische Lederhosen kurz braun – 54	Trachten-Lederhose für Herren in mittelbrauner Farbe. Die Trachtenhose hat ein gebrauchtes Aussehen (used look) und besteht aus echtem Leder und verfügt somit über eine hohe Qualität. Diese Trachtenhose wurde mit aufwendiger 3D - Traditionsstickerei, einem H-Träger, einer Messertasche, und Eingriffstaschen vorne und hinten angefertigt. Ebenso wurden Hirschhorn-Knöpfe als Zusatz angebracht. Die Hose ist komplett abgefüttert und verfügt über eine super Passform. Details Marke: Haus Huberts Farbe: braun Anlass: Oktoberfest Lieferumfang: 1 Lederhose Warum bei LuxeStyle kaufen? 🇨🇭 Versand aus der Schweiz – Lieferung in nur 1–2 Werktagen (DPD) ↩️ 30 Tage Rückgaberecht 🔒 Kauf auf Rechnung mit Klarna · TWINT · Karten · PayPal · Apple Pay 💬 Schweizer Support: info@luxestyle.ch	https://luxestyle.ch/products/bayrische-lederhosen-kurz-braun-fgsshb5030?variant=55970765865345	https://cdn.shopify.com/s/files/1/0943/6856/3585/files/HB503048_1_ba0fc544-b6de-40bf-a332-b6ed9f8f8ce0.jpg?v=1784840688		125.00 CHF	in stock	1	8718858223961	LuxeStyle	new	Kostüme & Verkleidung	1-3 Werktage (Lager Schweiz)
fortura-HB503056	bayrische-lederhosen-kurz-braun-fgsshb5030	Bayrische Lederhosen kurz braun – 56	Trachten-Lederhose für Herren in mittelbrauner Farbe. Die Trachtenhose hat ein gebrauchtes Aussehen (used look) und besteht aus echtem Leder und verfügt somit über eine hohe Qualität. Diese Trachtenhose wurde mit aufwendiger 3D - Traditionsstickerei, einem H-Träger, einer Messertasche, und Eingriffstaschen vorne und hinten angefertigt. Ebenso wurden Hirschhorn-Knöpfe als Zusatz angebracht. Die Hose ist komplett abgefüttert und verfügt über eine super Passform. Details Marke: Haus Huberts Farbe: braun Anlass: Oktoberfest Lieferumfang: 1 Lederhose Warum bei LuxeStyle kaufen? 🇨🇭 Versand aus der Schweiz – Lieferung in nur 1–2 Werktagen (DPD) ↩️ 30 Tage Rückgaberecht 🔒 Kauf auf Rechnung mit Klarna · TWINT · Karten · PayPal · Apple Pay 💬 Schweizer Support: info@luxestyle.ch	https://luxestyle.ch/products/bayrische-lederhosen-kurz-braun-fgsshb5030?variant=55970765898113	https://cdn.shopify.com/s/files/1/0943/6856/3585/files/HB503048_1_ba0fc544-b6de-40bf-a332-b6ed9f8f8ce0.jpg?v=1784840688		125.00 CHF	in stock	1	8718858223978	LuxeStyle	new	Kostüme & Verkleidung	1-3 Werktage (Lager Schweiz)
fortura-HB213134	dirndl-mit-h-tragern-fgsshb2131	Dirndl mit H-Trägern – 34	Dirndl mit H-Trägern – hochwertige Qualität ab Schweizer Lager. Warum bei LuxeStyle kaufen? 🇨🇭 Versand aus der Schweiz – Lieferung in nur 1–2 Werktagen (DPD) ↩️ 30 Tage Rückgaberecht 🔒 Kauf auf Rechnung mit Klarna · TWINT · Karten · PayPal · Apple Pay 💬 Schweizer Support: info@luxestyle.ch	https://luxestyle.ch/products/dirndl-mit-h-tragern-fgsshb2131?variant=55970765930881	https://cdn.shopify.com/s/files/1/0943/6856/3585/files/HB213134_1_16e7bd0a-fb94-427f-8042-4821b1bcbe41.jpg?v=1784840688	https://cdn.shopify.com/s/files/1/0943/6856/3585/files/HB213134_2.jpg?v=1784952519,https://cdn.shopify.com/s/files/1/0943/6856/3585/files/HB213136_2.jpg?v=1784952519,https://cdn.shopify.com/s/files/1/0943/6856/3585/files/HB213138_2.jpg?v=1784952519,https://cdn.shopify.com/s/files/1/0943/6856/3585/files/HB213140_2.jpg?v=1784952519	62.90 CHF	in stock	1	8719956266812	LuxeStyle	new	Kostüme & Verkleidung	1-3 Werktage (Lager Schweiz)
fortura-HB213136	dirndl-mit-h-tragern-fgsshb2131	Dirndl mit H-Trägern – 36	Dirndl mit H-Trägern – hochwertige Qualität ab Schweizer Lager. Warum bei LuxeStyle kaufen? 🇨🇭 Versand aus der Schweiz – Lieferung in nur 1–2 Werktagen (DPD) ↩️ 30 Tage Rückgaberecht 🔒 Kauf auf Rechnung mit Klarna · TWINT · Karten · PayPal · Apple Pay 💬 Schweizer Support: info@luxestyle.ch	https://luxestyle.ch/products/dirndl-mit-h-tragern-fgsshb2131?variant=55970765963649	https://cdn.shopify.com/s/files/1/0943/6856/3585/files/HB213134_1_16e7bd0a-fb94-427f-8042-4821b1bcbe41.jpg?v=1784840688	https://cdn.shopify.com/s/files/1/0943/6856/3585/files/HB213134_2.jpg?v=1784952519,https://cdn.shopify.com/s/files/1/0943/6856/3585/files/HB213136_2.jpg?v=1784952519,https://cdn.shopify.com/s/files/1/0943/6856/3585/files/HB213138_2.jpg?v=1784952519,https://cdn.shopify.com/s/files/1/0943/6856/3585/files/HB213140_2.jpg?v=1784952519	62.90 CHF	in stock	3	8719956266829	LuxeStyle	new	Kostüme & Verkleidung	1-3 Werktage (Lager Schweiz)
fortura-HB213138	dirndl-mit-h-tragern-fgsshb2131	Dirndl mit H-Trägern – 38	Dirndl mit H-Trägern – hochwertige Qualität ab Schweizer Lager. Warum bei LuxeStyle kaufen? 🇨🇭 Versand aus der Schweiz – Lieferung in nur 1–2 Werktagen (DPD) ↩️ 30 Tage Rückgaberecht 🔒 Kauf auf Rechnung mit Klarna · TWINT · Karten · PayPal · Apple Pay 💬 Schweizer Support: info@luxestyle.ch	https://luxestyle.ch/products/dirndl-mit-h-tragern-fgsshb2131?variant=55970765996417	https://cdn.shopify.com/s/files/1/0943/6856/3585/files/HB213134_1_16e7bd0a-fb94-427f-8042-4821b1bcbe41.jpg?v=1784840688	https://cdn.shopify.com/s/files/1/0943/6856/3585/files/HB213134_2.jpg?v=1784952519,https://cdn.shopify.com/s/files/1/0943/6856/3585/files/HB213136_2.jpg?v=1784952519,https://cdn.shopify.com/s/files/1/0943/6856/3585/files/HB213138_2.jpg?v=1784952519,https://cdn.shopify.com/s/files/1/0943/6856/3585/files/HB213140_2.jpg?v=1784952519	62.90 CHF	in stock	4	8719956266836	LuxeStyle	new	Kostüme & Verkleidung	1-3 Werktage (Lager Schweiz)
fortura-HB213142	dirndl-mit-h-tragern-fgsshb2131	Dirndl mit H-Trägern – 42	Dirndl mit H-Trägern – hochwertige Qualität ab Schweizer Lager. Warum bei LuxeStyle kaufen? 🇨🇭 Versand aus der Schweiz – Lieferung in nur 1–2 Werktagen (DPD) ↩️ 30 Tage Rückgaberecht 🔒 Kauf auf Rechnung mit Klarna · TWINT · Karten · PayPal · Apple Pay 💬 Schweizer Support: info@luxestyle.ch	https://luxestyle.ch/products/dirndl-mit-h-tragern-fgsshb2131?variant=55970766061953	https://cdn.shopify.com/s/files/1/0943/6856/3585/files/HB213134_1_16e7bd0a-fb94-427f-8042-4821b1bcbe41.jpg?v=1784840688	https://cdn.shopify.com/s/files/1/0943/6856/3585/files/HB213134_2.jpg?v=1784952519,https://cdn.shopify.com/s/files/1/0943/6856/3585/files/HB213136_2.jpg?v=1784952519,https://cdn.shopify.com/s/files/1/0943/6856/3585/files/HB213138_2.jpg?v=1784952519,https://cdn.shopify.com/s/files/1/0943/6856/3585/files/HB213140_2.jpg?v=1784952519	62.90 CHF	in stock	1	8719956266850	LuxeStyle	new	Kostüme & Verkleidung	1-3 Werktage (Lager Schweiz)
fortura-HB213144	dirndl-mit-h-tragern-fgsshb2131	Dirndl mit H-Trägern – 44	Dirndl mit H-Trägern – hochwertige Qualität ab Schweizer Lager. Warum bei LuxeStyle kaufen? 🇨🇭 Versand aus der Schweiz – Lieferung in nur 1–2 Werktagen (DPD) ↩️ 30 Tage Rückgaberecht 🔒 Kauf auf Rechnung mit Klarna · TWINT · Karten · PayPal · Apple Pay 💬 Schweizer Support: info@luxestyle.ch	https://luxestyle.ch/products/dirndl-mit-h-tragern-fgsshb2131?variant=55970766094721	https://cdn.shopify.com/s/files/1/0943/6856/3585/files/HB213134_1_16e7bd0a-fb94-427f-8042-4821b1bcbe41.jpg?v=1784840688	https://cdn.shopify.com/s/files/1/0943/6856/3585/files/HB213134_2.jpg?v=1784952519,https://cdn.shopify.com/s/files/1/0943/6856/3585/files/HB213136_2.jpg?v=1784952519,https://cdn.shopify.com/s/files/1/0943/6856/3585/files/HB213138_2.jpg?v=1784952519,https://cdn.shopify.com/s/files/1/0943/6856/3585/files/HB213140_2.jpg?v=1784952519	62.90 CHF	in stock	1	8719956266867	LuxeStyle	new	Kostüme & Verkleidung	1-3 Werktage (Lager Schweiz)
fortura-HB220646	lederhose-kurz-100-polyester-fgsshb2206	Lederhose kurz 100% Polyester	Lederhose kurz 100% Polyester – hochwertige Qualität ab Schweizer Lager. Warum bei LuxeStyle kaufen? 🇨🇭 Versand aus der Schweiz – Lieferung in nur 1–2 Werktagen (DPD) ↩️ 30 Tage Rückgaberecht 🔒 Kauf auf Rechnung mit Klarna · TWINT · Karten · PayPal · Apple Pay 💬 Schweizer Support: info@luxestyle.ch	https://luxestyle.ch/products/lederhose-kurz-100-polyester-fgsshb2206?variant=55970766193025	https://cdn.shopify.com/s/files/1/0943/6856/3585/files/HB220646_1_45b17de7-c5a0-4e3e-acfe-787c56c013b6.jpg?v=1784840690	https://cdn.shopify.com/s/files/1/0943/6856/3585/files/HB220646_2.jpg?v=1784952522	79.00 CHF	in stock	2	8719956264207	LuxeStyle	new	Kostüme & Verkleidung	1-3 Werktage (Lager Schweiz)
fortura-HB525544	lederhose-fgsshb5255	Lederhose – 44	Lederhose – hochwertige Qualität ab Schweizer Lager. Details Anlass: Oktoberfest Warum bei LuxeStyle kaufen? 🇨🇭 Versand aus der Schweiz – Lieferung in nur 1–2 Werktagen (DPD) ↩️ 30 Tage Rückgaberecht 🔒 Kauf auf Rechnung mit Klarna · TWINT · Karten · PayPal · Apple Pay 💬 Schweizer Support: info@luxestyle.ch	https://luxestyle.ch/products/lederhose-fgsshb5255?variant=55970766225793	https://cdn.shopify.com/s/files/1/0943/6856/3585/files/HB525544_1_3f971e46-77ce-4cf8-885c-7837475c7645.jpg?v=1784840690		155.00 CHF	in stock	1	8721077011967	LuxeStyle	new	Kostüme & Verkleidung	1-3 Werktage (Lager Schweiz)
fortura-HB525546	lederhose-fgsshb5255	Lederhose – 46	Lederhose – hochwertige Qualität ab Schweizer Lager. Details Anlass: Oktoberfest Warum bei LuxeStyle kaufen? 🇨🇭 Versand aus der Schweiz – Lieferung in nur 1–2 Werktagen (DPD) ↩️ 30 Tage Rückgaberecht 🔒 Kauf auf Rechnung mit Klarna · TWINT · Karten · PayPal · Apple Pay 💬 Schweizer Support: info@luxestyle.ch	https://luxestyle.ch/products/lederhose-fgsshb5255?variant=55970766258561	https://cdn.shopify.com/s/files/1/0943/6856/3585/files/HB525544_1_3f971e46-77ce-4cf8-885c-7837475c7645.jpg?v=1784840690		155.00 CHF	in stock	2	8721077011974	LuxeStyle	new	Kostüme & Verkleidung	1-3 Werktage (Lager Schweiz)
fortura-HB525548	lederhose-fgsshb5255	Lederhose – 48	Lederhose – hochwertige Qualität ab Schweizer Lager. Details Anlass: Oktoberfest Warum bei LuxeStyle kaufen? 🇨🇭 Versand aus der Schweiz – Lieferung in nur 1–2 Werktagen (DPD) ↩️ 30 Tage Rückgaberecht 🔒 Kauf auf Rechnung mit Klarna · TWINT · Karten · PayPal · Apple Pay 💬 Schweizer Support: info@luxestyle.ch	https://luxestyle.ch/products/lederhose-fgsshb5255?variant=55970766291329	https://cdn.shopify.com/s/files/1/0943/6856/3585/files/HB525544_1_3f971e46-77ce-4cf8-885c-7837475c7645.jpg?v=1784840690		155.00 CHF	in stock	2	8721077011981	LuxeStyle	new	Kostüme & Verkleidung	1-3 Werktage (Lager Schweiz)
fortura-HB525550	lederhose-fgsshb5255	Lederhose – 50	Lederhose – hochwertige Qualität ab Schweizer Lager. Details Anlass: Oktoberfest Warum bei LuxeStyle kaufen? 🇨🇭 Versand aus der Schweiz – Lieferung in nur 1–2 Werktagen (DPD) ↩️ 30 Tage Rückgaberecht 🔒 Kauf auf Rechnung mit Klarna · TWINT · Karten · PayPal · Apple Pay 💬 Schweizer Support: info@luxestyle.ch	https://luxestyle.ch/products/lederhose-fgsshb5255?variant=55970766324097	https://cdn.shopify.com/s/files/1/0943/6856/3585/files/HB525544_1_3f971e46-77ce-4cf8-885c-7837475c7645.jpg?v=1784840690		155.00 CHF	in stock	1	8721077011998	LuxeStyle	new	Kostüme & Verkleidung	1-3 Werktage (Lager Schweiz)
fortura-HB525554	lederhose-fgsshb5255	Lederhose – 54	Lederhose – hochwertige Qualität ab Schweizer Lager. Details Anlass: Oktoberfest Warum bei LuxeStyle kaufen? 🇨🇭 Versand aus der Schweiz – Lieferung in nur 1–2 Werktagen (DPD) ↩️ 30 Tage Rückgaberecht 🔒 Kauf auf Rechnung mit Klarna · TWINT · Karten · PayPal · Apple Pay 💬 Schweizer Support: info@luxestyle.ch	https://luxestyle.ch/products/lederhose-fgsshb5255?variant=55970766389633	https://cdn.shopify.com/s/files/1/0943/6856/3585/files/HB525544_1_3f971e46-77ce-4cf8-885c-7837475c7645.jpg?v=1784840690		155.00 CHF	in stock	4	8721077012018	LuxeStyle	new	Kostüme & Verkleidung	1-3 Werktage (Lager Schweiz)
fortura-HB525556	lederhose-fgsshb5255	Lederhose – 56	Lederhose – hochwertige Qualität ab Schweizer Lager. Details Anlass: Oktoberfest Warum bei LuxeStyle kaufen? 🇨🇭 Versand aus der Schweiz – Lieferung in nur 1–2 Werktagen (DPD) ↩️ 30 Tage Rückgaberecht 🔒 Kauf auf Rechnung mit Klarna · TWINT · Karten · PayPal · Apple Pay 💬 Schweizer Support: info@luxestyle.ch	https://luxestyle.ch/products/lederhose-fgsshb5255?variant=55970766422401	https://cdn.shopify.com/s/files/1/0943/6856/3585/files/HB525544_1_3f971e46-77ce-4cf8-885c-7837475c7645.jpg?v=1784840690		155.00 CHF	in stock	4	8721077012025	LuxeStyle	new	Kostüme & Verkleidung	1-3 Werktage (Lager Schweiz)
fortura-HB525558	lederhose-fgsshb5255	Lederhose – 58	Lederhose – hochwertige Qualität ab Schweizer Lager. Details Anlass: Oktoberfest Warum bei LuxeStyle kaufen? 🇨🇭 Versand aus der Schweiz – Lieferung in nur 1–2 Werktagen (DPD) ↩️ 30 Tage Rückgaberecht 🔒 Kauf auf Rechnung mit Klarna · TWINT · Karten · PayPal · Apple Pay 💬 Schweizer Support: info@luxestyle.ch	https://luxestyle.ch/products/lederhose-fgsshb5255?variant=55970766455169	https://cdn.shopify.com/s/files/1/0943/6856/3585/files/HB525544_1_3f971e46-77ce-4cf8-885c-7837475c7645.jpg?v=1784840690		155.00 CHF	in stock	1	8721077012032	LuxeStyle	new	Kostüme & Verkleidung	1-3 Werktage (Lager Schweiz)
fortura-HB525560	lederhose-fgsshb5255	Lederhose – 60	Lederhose – hochwertige Qualität ab Schweizer Lager. Details Anlass: Oktoberfest Warum bei LuxeStyle kaufen? 🇨🇭 Versand aus der Schweiz – Lieferung in nur 1–2 Werktagen (DPD) ↩️ 30 Tage Rückgaberecht 🔒 Kauf auf Rechnung mit Klarna · TWINT · Karten · PayPal · Apple Pay 💬 Schweizer Support: info@luxestyle.ch	https://luxestyle.ch/products/lederhose-fgsshb5255?variant=55970766487937	https://cdn.shopify.com/s/files/1/0943/6856/3585/files/HB525544_1_3f971e46-77ce-4cf8-885c-7837475c7645.jpg?v=1784840690		155.00 CHF	in stock	1	8721077012049	LuxeStyle	new	Kostüme & Verkleidung	1-3 Werktage (Lager Schweiz)
fortura-HB525562	lederhose-fgsshb5255	Lederhose – 62	Lederhose – hochwertige Qualität ab Schweizer Lager. Details Anlass: Oktoberfest Warum bei LuxeStyle kaufen? 🇨🇭 Versand aus der Schweiz – Lieferung in nur 1–2 Werktagen (DPD) ↩️ 30 Tage Rückgaberecht 🔒 Kauf auf Rechnung mit Klarna · TWINT · Karten · PayPal · Apple Pay 💬 Schweizer Support: info@luxestyle.ch	https://luxestyle.ch/products/lederhose-fgsshb5255?variant=55970766520705	https://cdn.shopify.com/s/files/1/0943/6856/3585/files/HB525544_1_3f971e46-77ce-4cf8-885c-7837475c7645.jpg?v=1784840690		155.00 CHF	in stock	2	8721077012056	LuxeStyle	new	Kostüme & Verkleidung	1-3 Werktage (Lager Schweiz)
fortura-HB525564	lederhose-fgsshb5255	Lederhose – 64	Lederhose – hochwertige Qualität ab Schweizer Lager. Details Anlass: Oktoberfest Warum bei LuxeStyle kaufen? 🇨🇭 Versand aus der Schweiz – Lieferung in nur 1–2 Werktagen (DPD) ↩️ 30 Tage Rückgaberecht 🔒 Kauf auf Rechnung mit Klarna · TWINT · Karten · PayPal · Apple Pay 💬 Schweizer Support: info@luxestyle.ch	https://luxestyle.ch/products/lederhose-fgsshb5255?variant=55970766553473	https://cdn.shopify.com/s/files/1/0943/6856/3585/files/HB525544_1_3f971e46-77ce-4cf8-885c-7837475c7645.jpg?v=1784840690		155.00 CHF	in stock	3	8721077012063	LuxeStyle	new	Kostüme & Verkleidung	1-3 Werktage (Lager Schweiz)
fortura-HB256038	dirndl-schwarz-taupe-fgsshb2560	Dirndl schwarz/taupe – 38	mit Bluse & Schürze Warum bei LuxeStyle kaufen? 🇨🇭 Versand aus der Schweiz – Lieferung in nur 1–2 Werktagen (DPD) ↩️ 30 Tage Rückgaberecht 🔒 Kauf auf Rechnung mit Klarna · TWINT · Karten · PayPal · Apple Pay 💬 Schweizer Support: info@luxestyle.ch	https://luxestyle.ch/products/dirndl-schwarz-taupe-fgsshb2560?variant=55970766750081	https://cdn.shopify.com/s/files/1/0943/6856/3585/files/HB256036_1.jpg?v=1784840696	https://cdn.shopify.com/s/files/1/0943/6856/3585/files/HB256038_2.jpg?v=1784952532,https://cdn.shopify.com/s/files/1/0943/6856/3585/files/HB256038_3.jpg?v=1784952531,https://cdn.shopify.com/s/files/1/0943/6856/3585/files/HB256038_4.jpg?v=1784952532,https://cdn.shopify.com/s/files/1/0943/6856/3585/files/HB256040_2.jpg?v=1784952531	114.90 CHF	in stock	3	8719956262449	LuxeStyle	new	Kostüme & Verkleidung	1-3 Werktage (Lager Schweiz)
fortura-HB256040	dirndl-schwarz-taupe-fgsshb2560	Dirndl schwarz/taupe – 40	mit Bluse & Schürze Warum bei LuxeStyle kaufen? 🇨🇭 Versand aus der Schweiz – Lieferung in nur 1–2 Werktagen (DPD) ↩️ 30 Tage Rückgaberecht 🔒 Kauf auf Rechnung mit Klarna · TWINT · Karten · PayPal · Apple Pay 💬 Schweizer Support: info@luxestyle.ch	https://luxestyle.ch/products/dirndl-schwarz-taupe-fgsshb2560?variant=55970766782849	https://cdn.shopify.com/s/files/1/0943/6856/3585/files/HB256036_1.jpg?v=1784840696	https://cdn.shopify.com/s/files/1/0943/6856/3585/files/HB256038_2.jpg?v=1784952532,https://cdn.shopify.com/s/files/1/0943/6856/3585/files/HB256038_3.jpg?v=1784952531,https://cdn.shopify.com/s/files/1/0943/6856/3585/files/HB256038_4.jpg?v=1784952532,https://cdn.shopify.com/s/files/1/0943/6856/3585/files/HB256040_2.jpg?v=1784952531	114.90 CHF	in stock	1	8719956262456	LuxeStyle	new	Kostüme & Verkleidung	1-3 Werktage (Lager Schweiz)
fortura-HB284546	trachtenweste-dunkelblau-fgsshb2845	Trachtenweste dunkelblau – 46	Trachtenweste dunkelblau – hochwertige Qualität ab Schweizer Lager. Details Anlass: Oktoberfest Warum bei LuxeStyle kaufen? 🇨🇭 Versand aus der Schweiz – Lieferung in nur 1–2 Werktagen (DPD) ↩️ 30 Tage Rückgaberecht 🔒 Kauf auf Rechnung mit Klarna · TWINT · Karten · PayPal · Apple Pay 💬 Schweizer Support: info@luxestyle.ch	https://luxestyle.ch/products/trachtenweste-dunkelblau-fgsshb2845?variant=55970768847233	https://cdn.shopify.com/s/files/1/0943/6856/3585/files/HB284546_1_f86d13de-807a-4b45-b690-8661d9dd288f.jpg?v=1784840712		72.90 CHF	in stock	7	8721077012926	LuxeStyle	new	Kostüme & Verkleidung	1-3 Werktage (Lager Schweiz)
fortura-HB284550	trachtenweste-dunkelblau-fgsshb2845	Trachtenweste dunkelblau – 50	Trachtenweste dunkelblau – hochwertige Qualität ab Schweizer Lager. Details Anlass: Oktoberfest Warum bei LuxeStyle kaufen? 🇨🇭 Versand aus der Schweiz – Lieferung in nur 1–2 Werktagen (DPD) ↩️ 30 Tage Rückgaberecht 🔒 Kauf auf Rechnung mit Klarna · TWINT · Karten · PayPal · Apple Pay 💬 Schweizer Support: info@luxestyle.ch	https://luxestyle.ch/products/trachtenweste-dunkelblau-fgsshb2845?variant=55970768880001	https://cdn.shopify.com/s/files/1/0943/6856/3585/files/HB284546_1_f86d13de-807a-4b45-b690-8661d9dd288f.jpg?v=1784840712		72.90 CHF	in stock	5	8721077012940	LuxeStyle	new	Kostüme & Verkleidung	1-3 Werktage (Lager Schweiz)
fortura-HB284552	trachtenweste-dunkelblau-fgsshb2845	Trachtenweste dunkelblau – 52	Trachtenweste dunkelblau – hochwertige Qualität ab Schweizer Lager. Details Anlass: Oktoberfest Warum bei LuxeStyle kaufen? 🇨🇭 Versand aus der Schweiz – Lieferung in nur 1–2 Werktagen (DPD) ↩️ 30 Tage Rückgaberecht 🔒 Kauf auf Rechnung mit Klarna · TWINT · Karten · PayPal · Apple Pay 💬 Schweizer Support: info@luxestyle.ch	https://luxestyle.ch/products/trachtenweste-dunkelblau-fgsshb2845?variant=55970768912769	https://cdn.shopify.com/s/files/1/0943/6856/3585/files/HB284546_1_f86d13de-807a-4b45-b690-8661d9dd288f.jpg?v=1784840712		72.90 CHF	in stock	5	8721077012957	LuxeStyle	new	Kostüme & Verkleidung	1-3 Werktage (Lager Schweiz)
fortura-HB284554	trachtenweste-dunkelblau-fgsshb2845	Trachtenweste dunkelblau – 54	Trachtenweste dunkelblau – hochwertige Qualität ab Schweizer Lager. Details Anlass: Oktoberfest Warum bei LuxeStyle kaufen? 🇨🇭 Versand aus der Schweiz – Lieferung in nur 1–2 Werktagen (DPD) ↩️ 30 Tage Rückgaberecht 🔒 Kauf auf Rechnung mit Klarna · TWINT · Karten · PayPal · Apple Pay 💬 Schweizer Support: info@luxestyle.ch	https://luxestyle.ch/products/trachtenweste-dunkelblau-fgsshb2845?variant=55970768945537	https://cdn.shopify.com/s/files/1/0943/6856/3585/files/HB284546_1_f86d13de-807a-4b45-b690-8661d9dd288f.jpg?v=1784840712		72.90 CHF	in stock	5	8721077012964	LuxeStyle	new	Kostüme & Verkleidung	1-3 Werktage (Lager Schweiz)
fortura-HB284556	trachtenweste-dunkelblau-fgsshb2845	Trachtenweste dunkelblau – 56	Trachtenweste dunkelblau – hochwertige Qualität ab Schweizer Lager. Details Anlass: Oktoberfest Warum bei LuxeStyle kaufen? 🇨🇭 Versand aus der Schweiz – Lieferung in nur 1–2 Werktagen (DPD) ↩️ 30 Tage Rückgaberecht 🔒 Kauf auf Rechnung mit Klarna · TWINT · Karten · PayPal · Apple Pay 💬 Schweizer Support: info@luxestyle.ch	https://luxestyle.ch/products/trachtenweste-dunkelblau-fgsshb2845?variant=55970768978305	https://cdn.shopify.com/s/files/1/0943/6856/3585/files/HB284546_1_f86d13de-807a-4b45-b690-8661d9dd288f.jpg?v=1784840712		72.90 CHF	in stock	9	8721077012971	LuxeStyle	new	Kostüme & Verkleidung	1-3 Werktage (Lager Schweiz)
fortura-HB284558	trachtenweste-dunkelblau-fgsshb2845	Trachtenweste dunkelblau – 58	Trachtenweste dunkelblau – hochwertige Qualität ab Schweizer Lager. Details Anlass: Oktoberfest Warum bei LuxeStyle kaufen? 🇨🇭 Versand aus der Schweiz – Lieferung in nur 1–2 Werktagen (DPD) ↩️ 30 Tage Rückgaberecht 🔒 Kauf auf Rechnung mit Klarna · TWINT · Karten · PayPal · Apple Pay 💬 Schweizer Support: info@luxestyle.ch	https://luxestyle.ch/products/trachtenweste-dunkelblau-fgsshb2845?variant=55970769011073	https://cdn.shopify.com/s/files/1/0943/6856/3585/files/HB284546_1_f86d13de-807a-4b45-b690-8661d9dd288f.jpg?v=1784840712		72.90 CHF	in stock	8	8721077012988	LuxeStyle	new	Kostüme & Verkleidung	1-3 Werktage (Lager Schweiz)
fortura-HB284560	trachtenweste-dunkelblau-fgsshb2845	Trachtenweste dunkelblau – 60	Trachtenweste dunkelblau – hochwertige Qualität ab Schweizer Lager. Details Anlass: Oktoberfest Warum bei LuxeStyle kaufen? 🇨🇭 Versand aus der Schweiz – Lieferung in nur 1–2 Werktagen (DPD) ↩️ 30 Tage Rückgaberecht 🔒 Kauf auf Rechnung mit Klarna · TWINT · Karten · PayPal · Apple Pay 💬 Schweizer Support: info@luxestyle.ch	https://luxestyle.ch/products/trachtenweste-dunkelblau-fgsshb2845?variant=55970769043841	https://cdn.shopify.com/s/files/1/0943/6856/3585/files/HB284546_1_f86d13de-807a-4b45-b690-8661d9dd288f.jpg?v=1784840712		72.90 CHF	in stock	2	8721077012995	LuxeStyle	new	Kostüme & Verkleidung	1-3 Werktage (Lager Schweiz)
fortura-EU720957ML	kostum-kapitan-wayne-fgsseu720957	Kostüm Kapitän Wayne – M/L	Hemd, Hose mit Hosenhalter,Schal & Gürtel Details Lieferumfang: Hemd, Hose mit Hosenhalter,Schal & Gürtel Warum bei LuxeStyle kaufen? 🇨🇭 Versand aus der Schweiz – Lieferung in nur 1–2 Werktagen (DPD) ↩️ 30 Tage Rückgaberecht 🔒 Kauf auf Rechnung mit Klarna · TWINT · Karten · PayPal · Apple Pay 💬 Schweizer Support: info@luxestyle.ch	https://luxestyle.ch/products/kostum-kapitan-wayne-fgsseu720957?variant=55970769076609	https://cdn.shopify.com/s/files/1/0943/6856/3585/files/EU720957ML_3.jpg?v=1784952563	https://cdn.shopify.com/s/files/1/0943/6856/3585/files/EU720957ML_1_6caa4f53-9f45-499d-a9db-93f12e03abcd.jpg?v=1784840712,https://cdn.shopify.com/s/files/1/0943/6856/3585/files/EU720957ML_2.jpg?v=1784952563,https://cdn.shopify.com/s/files/1/0943/6856/3585/files/EU720957XL_2.jpg?v=1784952563,https://cdn.shopify.com/s/files/1/0943/6856/3585/files/EU720957XL_3.jpg?v=1784952563	57.90 CHF	in stock	18	8423667163666	LuxeStyle	new	Kostüme & Verkleidung	1-3 Werktage (Lager Schweiz)
fortura-EU720957XL	kostum-kapitan-wayne-fgsseu720957	Kostüm Kapitän Wayne – XL	Hemd, Hose mit Hosenhalter,Schal & Gürtel Details Lieferumfang: Hemd, Hose mit Hosenhalter,Schal & Gürtel Warum bei LuxeStyle kaufen? 🇨🇭 Versand aus der Schweiz – Lieferung in nur 1–2 Werktagen (DPD) ↩️ 30 Tage Rückgaberecht 🔒 Kauf auf Rechnung mit Klarna · TWINT · Karten · PayPal · Apple Pay 💬 Schweizer Support: info@luxestyle.ch	https://luxestyle.ch/products/kostum-kapitan-wayne-fgsseu720957?variant=55970769109377	https://cdn.shopify.com/s/files/1/0943/6856/3585/files/EU720957ML_3.jpg?v=1784952563	https://cdn.shopify.com/s/files/1/0943/6856/3585/files/EU720957ML_1_6caa4f53-9f45-499d-a9db-93f12e03abcd.jpg?v=1784840712,https://cdn.shopify.com/s/files/1/0943/6856/3585/files/EU720957ML_2.jpg?v=1784952563,https://cdn.shopify.com/s/files/1/0943/6856/3585/files/EU720957XL_2.jpg?v=1784952563,https://cdn.shopify.com/s/files/1/0943/6856/3585/files/EU720957XL_3.jpg?v=1784952563	57.90 CHF	in stock	19	8423667163673	LuxeStyle	new	Kostüme & Verkleidung	1-3 Werktage (Lager Schweiz)
fortura-HB287756	weinrote-trachtenweste-fgsshb2877b	Weinrote Trachtenweste – 56	Weinrote Trachtenweste / Gilet für Herren Diese schöne Trachtenweste hat einen Stehkragen, welche mit einer Stickerei verziert ist. Die Weste kann mit schwarzen Knöpfen in Kugelform geschlossen werden. Das Gilet ist komplett abgefüttert. Das Rückteil ist aus glattem Satin mit verstellbarem Band. Die Trachtenweste besteht aus 100% Polyester. Details Marke: Haus Huberts Farbe: rot Anlass: Oktoberfest Lieferumfang: 1 Trachtenweste Warum bei LuxeStyle kaufen? 🇨🇭 Versand aus der Schweiz – Lieferung in nur 1–2 Werktagen (DPD) ↩️ 30 Tage Rückgaberecht 🔒 Kauf auf Rechnung mit Klarna · TWINT · Karten · PayPal · Apple Pay 💬 Schweizer Support: info@luxestyle.ch	https://luxestyle.ch/products/weinrote-trachtenweste-fgsshb2877b?variant=55970769240449	https://cdn.shopify.com/s/files/1/0943/6856/3585/files/HB287750_1.jpg?v=1784840714	https://cdn.shopify.com/s/files/1/0943/6856/3585/files/HB287752_2.jpg?v=1784952567	57.90 CHF	in stock	4	8718858229536	LuxeStyle	new	Kostüme & Verkleidung	1-3 Werktage (Lager Schweiz)
fortura-HB287758	weinrote-trachtenweste-fgsshb2877b	Weinrote Trachtenweste – 58	Weinrote Trachtenweste / Gilet für Herren Diese schöne Trachtenweste hat einen Stehkragen, welche mit einer Stickerei verziert ist. Die Weste kann mit schwarzen Knöpfen in Kugelform geschlossen werden. Das Gilet ist komplett abgefüttert. Das Rückteil ist aus glattem Satin mit verstellbarem Band. Die Trachtenweste besteht aus 100% Polyester. Details Marke: Haus Huberts Farbe: rot Anlass: Oktoberfest Lieferumfang: 1 Trachtenweste Warum bei LuxeStyle kaufen? 🇨🇭 Versand aus der Schweiz – Lieferung in nur 1–2 Werktagen (DPD) ↩️ 30 Tage Rückgaberecht 🔒 Kauf auf Rechnung mit Klarna · TWINT · Karten · PayPal · Apple Pay 💬 Schweizer Support: info@luxestyle.ch	https://luxestyle.ch/products/weinrote-trachtenweste-fgsshb2877b?variant=55970769273217	https://cdn.shopify.com/s/files/1/0943/6856/3585/files/HB287750_1.jpg?v=1784840714	https://cdn.shopify.com/s/files/1/0943/6856/3585/files/HB287752_2.jpg?v=1784952567	57.90 CHF	in stock	2	8718858229543	LuxeStyle	new	Kostüme & Verkleidung	1-3 Werktage (Lager Schweiz)
fortura-EU721128S	kostum-skifahrer-fgsseu721128	Kostüm Skifahrer – S	Kostüm Skifahrer – hochwertige Qualität ab Schweizer Lager. Warum bei LuxeStyle kaufen? 🇨🇭 Versand aus der Schweiz – Lieferung in nur 1–2 Werktagen (DPD) ↩️ 30 Tage Rückgaberecht 🔒 Kauf auf Rechnung mit Klarna · TWINT · Karten · PayPal · Apple Pay 💬 Schweizer Support: info@luxestyle.ch	https://luxestyle.ch/products/kostum-skifahrer-fgsseu721128?variant=55970771140993	https://cdn.shopify.com/s/files/1/0943/6856/3585/files/EU721128ML_3.jpg?v=1784952585	https://cdn.shopify.com/s/files/1/0943/6856/3585/files/EU721128ML_1_406a6d91-0185-43d2-8d1f-aaa8a91f1e82.jpg?v=1784840722,https://cdn.shopify.com/s/files/1/0943/6856/3585/files/EU721128S_2.jpg?v=1784952585,https://cdn.shopify.com/s/files/1/0943/6856/3585/files/EU721128ML_2.jpg?v=1784952586,https://cdn.shopify.com/s/files/1/0943/6856/3585/files/EU721128XL_2_fbe80119-a16b-483a-97ae-21c37ce384cf.jpg?v=1784952586	58.00 CHF	in stock	6	8423667173276	LuxeStyle	new	Kostüme & Verkleidung	1-3 Werktage (Lager Schweiz)
fortura-EU721128ML	kostum-skifahrer-fgsseu721128	Kostüm Skifahrer – M/L	Kostüm Skifahrer – hochwertige Qualität ab Schweizer Lager. Warum bei LuxeStyle kaufen? 🇨🇭 Versand aus der Schweiz – Lieferung in nur 1–2 Werktagen (DPD) ↩️ 30 Tage Rückgaberecht 🔒 Kauf auf Rechnung mit Klarna · TWINT · Karten · PayPal · Apple Pay 💬 Schweizer Support: info@luxestyle.ch	https://luxestyle.ch/products/kostum-skifahrer-fgsseu721128?variant=55970771173761	https://cdn.shopify.com/s/files/1/0943/6856/3585/files/EU721128ML_3.jpg?v=1784952585	https://cdn.shopify.com/s/files/1/0943/6856/3585/files/EU721128ML_1_406a6d91-0185-43d2-8d1f-aaa8a91f1e82.jpg?v=1784840722,https://cdn.shopify.com/s/files/1/0943/6856/3585/files/EU721128S_2.jpg?v=1784952585,https://cdn.shopify.com/s/files/1/0943/6856/3585/files/EU721128ML_2.jpg?v=1784952586,https://cdn.shopify.com/s/files/1/0943/6856/3585/files/EU721128XL_2_fbe80119-a16b-483a-97ae-21c37ce384cf.jpg?v=1784952586	58.00 CHF	in stock	22	8423667173283	LuxeStyle	new	Kostüme & Verkleidung	1-3 Werktage (Lager Schweiz)
fortura-EU721128XL	kostum-skifahrer-fgsseu721128	Kostüm Skifahrer – XL	Kostüm Skifahrer – hochwertige Qualität ab Schweizer Lager. Warum bei LuxeStyle kaufen? 🇨🇭 Versand aus der Schweiz – Lieferung in nur 1–2 Werktagen (DPD) ↩️ 30 Tage Rückgaberecht 🔒 Kauf auf Rechnung mit Klarna · TWINT · Karten · PayPal · Apple Pay 💬 Schweizer Support: info@luxestyle.ch	https://luxestyle.ch/products/kostum-skifahrer-fgsseu721128?variant=55970771206529	https://cdn.shopify.com/s/files/1/0943/6856/3585/files/EU721128ML_3.jpg?v=1784952585	https://cdn.shopify.com/s/files/1/0943/6856/3585/files/EU721128ML_1_406a6d91-0185-43d2-8d1f-aaa8a91f1e82.jpg?v=1784840722,https://cdn.shopify.com/s/files/1/0943/6856/3585/files/EU721128S_2.jpg?v=1784952585,https://cdn.shopify.com/s/files/1/0943/6856/3585/files/EU721128ML_2.jpg?v=1784952586,https://cdn.shopify.com/s/files/1/0943/6856/3585/files/EU721128XL_2_fbe80119-a16b-483a-97ae-21c37ce384cf.jpg?v=1784952586	58.00 CHF	in stock	9	8423667173306	LuxeStyle	new	Kostüme & Verkleidung	1-3 Werktage (Lager Schweiz)
fortura-HB292044	dirndl-altsilber-altrosa-fgsshb2920	Dirndl altsilber/altrosa – 44	ohne Bluse Warum bei LuxeStyle kaufen? 🇨🇭 Versand aus der Schweiz – Lieferung in nur 1–2 Werktagen (DPD) ↩️ 30 Tage Rückgaberecht 🔒 Kauf auf Rechnung mit Klarna · TWINT · Karten · PayPal · Apple Pay 💬 Schweizer Support: info@luxestyle.ch	https://luxestyle.ch/products/dirndl-altsilber-altrosa-fgsshb2920?variant=55970771239297	https://cdn.shopify.com/s/files/1/0943/6856/3585/files/HB292044_1_86d919d2-c94f-4a4a-8d27-a4f086307933.jpg?v=1784840723	https://cdn.shopify.com/s/files/1/0943/6856/3585/files/HB292044_2.jpg?v=1784952588,https://cdn.shopify.com/s/files/1/0943/6856/3585/files/HB292044_3.jpg?v=1784952588,https://cdn.shopify.com/s/files/1/0943/6856/3585/files/HB292044_4.jpg?v=1784952589,https://cdn.shopify.com/s/files/1/0943/6856/3585/files/HB292046_2.jpg?v=1784952588	104.90 CHF	in stock	2	8719956262586	LuxeStyle	new	Kostüme & Verkleidung	1-3 Werktage (Lager Schweiz)
fortura-HB292046	dirndl-altsilber-altrosa-fgsshb2920	Dirndl altsilber/altrosa – 46	ohne Bluse Warum bei LuxeStyle kaufen? 🇨🇭 Versand aus der Schweiz – Lieferung in nur 1–2 Werktagen (DPD) ↩️ 30 Tage Rückgaberecht 🔒 Kauf auf Rechnung mit Klarna · TWINT · Karten · PayPal · Apple Pay 💬 Schweizer Support: info@luxestyle.ch	https://luxestyle.ch/products/dirndl-altsilber-altrosa-fgsshb2920?variant=55970771272065	https://cdn.shopify.com/s/files/1/0943/6856/3585/files/HB292044_1_86d919d2-c94f-4a4a-8d27-a4f086307933.jpg?v=1784840723	https://cdn.shopify.com/s/files/1/0943/6856/3585/files/HB292044_2.jpg?v=1784952588,https://cdn.shopify.com/s/files/1/0943/6856/3585/files/HB292044_3.jpg?v=1784952588,https://cdn.shopify.com/s/files/1/0943/6856/3585/files/HB292044_4.jpg?v=1784952589,https://cdn.shopify.com/s/files/1/0943/6856/3585/files/HB292046_2.jpg?v=1784952588	104.90 CHF	in stock	2	8719956262593	LuxeStyle	new	Kostüme & Verkleidung	1-3 Werktage (Lager Schweiz)
fortura-HB292048	dirndl-altsilber-altrosa-fgsshb2920	Dirndl altsilber/altrosa – 48	ohne Bluse Warum bei LuxeStyle kaufen? 🇨🇭 Versand aus der Schweiz – Lieferung in nur 1–2 Werktagen (DPD) ↩️ 30 Tage Rückgaberecht 🔒 Kauf auf Rechnung mit Klarna · TWINT · Karten · PayPal · Apple Pay 💬 Schweizer Support: info@luxestyle.ch	https://luxestyle.ch/products/dirndl-altsilber-altrosa-fgsshb2920?variant=55970771304833	https://cdn.shopify.com/s/files/1/0943/6856/3585/files/HB292044_1_86d919d2-c94f-4a4a-8d27-a4f086307933.jpg?v=1784840723	https://cdn.shopify.com/s/files/1/0943/6856/3585/files/HB292044_2.jpg?v=1784952588,https://cdn.shopify.com/s/files/1/0943/6856/3585/files/HB292044_3.jpg?v=1784952588,https://cdn.shopify.com/s/files/1/0943/6856/3585/files/HB292044_4.jpg?v=1784952589,https://cdn.shopify.com/s/files/1/0943/6856/3585/files/HB292046_2.jpg?v=1784952588	104.90 CHF	in stock	2	8719956262609	LuxeStyle	new	Kostüme & Verkleidung	1-3 Werktage (Lager Schweiz)
fortura-HB292050	dirndl-altsilber-altrosa-fgsshb2920	Dirndl altsilber/altrosa – 50	ohne Bluse Warum bei LuxeStyle kaufen? 🇨🇭 Versand aus der Schweiz – Lieferung in nur 1–2 Werktagen (DPD) ↩️ 30 Tage Rückgaberecht 🔒 Kauf auf Rechnung mit Klarna · TWINT · Karten · PayPal · Apple Pay 💬 Schweizer Support: info@luxestyle.ch	https://luxestyle.ch/products/dirndl-altsilber-altrosa-fgsshb2920?variant=55970771337601	https://cdn.shopify.com/s/files/1/0943/6856/3585/files/HB292044_1_86d919d2-c94f-4a4a-8d27-a4f086307933.jpg?v=1784840723	https://cdn.shopify.com/s/files/1/0943/6856/3585/files/HB292044_2.jpg?v=1784952588,https://cdn.shopify.com/s/files/1/0943/6856/3585/files/HB292044_3.jpg?v=1784952588,https://cdn.shopify.com/s/files/1/0943/6856/3585/files/HB292044_4.jpg?v=1784952589,https://cdn.shopify.com/s/files/1/0943/6856/3585/files/HB292046_2.jpg?v=1784952588	104.90 CHF	in stock	1	8719956262616	LuxeStyle	new	Kostüme & Verkleidung	1-3 Werktage (Lager Schweiz)
fortura-HB293542	dirndl-weinrot-fgsshb2935	Dirndl weinrot – 42	Dirndl 2-teilig silber weinrot Details Marke: Haus Huberts Farbe: rot Anlass: Oktoberfest Warum bei LuxeStyle kaufen? 🇨🇭 Versand aus der Schweiz – Lieferung in nur 1–2 Werktagen (DPD) ↩️ 30 Tage Rückgaberecht 🔒 Kauf auf Rechnung mit Klarna · TWINT · Karten · PayPal · Apple Pay 💬 Schweizer Support: info@luxestyle.ch	https://luxestyle.ch/products/dirndl-weinrot-fgsshb2935?variant=55970771665281	https://cdn.shopify.com/s/files/1/0943/6856/3585/files/HB293536_1.jpg?v=1784840726	https://cdn.shopify.com/s/files/1/0943/6856/3585/files/HB293538_2.jpg?v=1784952596,https://cdn.shopify.com/s/files/1/0943/6856/3585/files/HB293542_2.jpg?v=1784952597,https://cdn.shopify.com/s/files/1/0943/6856/3585/files/HB293544_2.jpg?v=1784952596,https://cdn.shopify.com/s/files/1/0943/6856/3585/files/HB293546_2.jpg?v=1784952596	99.90 CHF	in stock	1	8719956262845	LuxeStyle	new	Kostüme & Verkleidung	1-3 Werktage (Lager Schweiz)
fortura-HB293544	dirndl-weinrot-fgsshb2935	Dirndl weinrot – 44	Dirndl 2-teilig silber weinrot Details Marke: Haus Huberts Farbe: rot Anlass: Oktoberfest Warum bei LuxeStyle kaufen? 🇨🇭 Versand aus der Schweiz – Lieferung in nur 1–2 Werktagen (DPD) ↩️ 30 Tage Rückgaberecht 🔒 Kauf auf Rechnung mit Klarna · TWINT · Karten · PayPal · Apple Pay 💬 Schweizer Support: info@luxestyle.ch	https://luxestyle.ch/products/dirndl-weinrot-fgsshb2935?variant=55970771698049	https://cdn.shopify.com/s/files/1/0943/6856/3585/files/HB293536_1.jpg?v=1784840726	https://cdn.shopify.com/s/files/1/0943/6856/3585/files/HB293538_2.jpg?v=1784952596,https://cdn.shopify.com/s/files/1/0943/6856/3585/files/HB293542_2.jpg?v=1784952597,https://cdn.shopify.com/s/files/1/0943/6856/3585/files/HB293544_2.jpg?v=1784952596,https://cdn.shopify.com/s/files/1/0943/6856/3585/files/HB293546_2.jpg?v=1784952596	99.90 CHF	in stock	3	8719956262852	LuxeStyle	new	Kostüme & Verkleidung	1-3 Werktage (Lager Schweiz)
fortura-HB293546	dirndl-weinrot-fgsshb2935	Dirndl weinrot – 46	Dirndl 2-teilig silber weinrot Details Marke: Haus Huberts Farbe: rot Anlass: Oktoberfest Warum bei LuxeStyle kaufen? 🇨🇭 Versand aus der Schweiz – Lieferung in nur 1–2 Werktagen (DPD) ↩️ 30 Tage Rückgaberecht 🔒 Kauf auf Rechnung mit Klarna · TWINT · Karten · PayPal · Apple Pay 💬 Schweizer Support: info@luxestyle.ch	https://luxestyle.ch/products/dirndl-weinrot-fgsshb2935?variant=55970771730817	https://cdn.shopify.com/s/files/1/0943/6856/3585/files/HB293536_1.jpg?v=1784840726	https://cdn.shopify.com/s/files/1/0943/6856/3585/files/HB293538_2.jpg?v=1784952596,https://cdn.shopify.com/s/files/1/0943/6856/3585/files/HB293542_2.jpg?v=1784952597,https://cdn.shopify.com/s/files/1/0943/6856/3585/files/HB293544_2.jpg?v=1784952596,https://cdn.shopify.com/s/files/1/0943/6856/3585/files/HB293546_2.jpg?v=1784952596	99.90 CHF	in stock	2	8719956262869	LuxeStyle	new	Kostüme & Verkleidung	1-3 Werktage (Lager Schweiz)
fortura-HB293548	dirndl-weinrot-fgsshb2935	Dirndl weinrot – 48	Dirndl 2-teilig silber weinrot Details Marke: Haus Huberts Farbe: rot Anlass: Oktoberfest Warum bei LuxeStyle kaufen? 🇨🇭 Versand aus der Schweiz – Lieferung in nur 1–2 Werktagen (DPD) ↩️ 30 Tage Rückgaberecht 🔒 Kauf auf Rechnung mit Klarna · TWINT · Karten · PayPal · Apple Pay 💬 Schweizer Support: info@luxestyle.ch	https://luxestyle.ch/products/dirndl-weinrot-fgsshb2935?variant=55970771763585	https://cdn.shopify.com/s/files/1/0943/6856/3585/files/HB293536_1.jpg?v=1784840726	https://cdn.shopify.com/s/files/1/0943/6856/3585/files/HB293538_2.jpg?v=1784952596,https://cdn.shopify.com/s/files/1/0943/6856/3585/files/HB293542_2.jpg?v=1784952597,https://cdn.shopify.com/s/files/1/0943/6856/3585/files/HB293544_2.jpg?v=1784952596,https://cdn.shopify.com/s/files/1/0943/6856/3585/files/HB293546_2.jpg?v=1784952596	99.90 CHF	in stock	1	8719956262876	LuxeStyle	new	Kostüme & Verkleidung	1-3 Werktage (Lager Schweiz)
fortura-HB293550	dirndl-weinrot-fgsshb2935	Dirndl weinrot – 50	Dirndl 2-teilig silber weinrot Details Marke: Haus Huberts Farbe: rot Anlass: Oktoberfest Warum bei LuxeStyle kaufen? 🇨🇭 Versand aus der Schweiz – Lieferung in nur 1–2 Werktagen (DPD) ↩️ 30 Tage Rückgaberecht 🔒 Kauf auf Rechnung mit Klarna · TWINT · Karten · PayPal · Apple Pay 💬 Schweizer Support: info@luxestyle.ch	https://luxestyle.ch/products/dirndl-weinrot-fgsshb2935?variant=55970771796353	https://cdn.shopify.com/s/files/1/0943/6856/3585/files/HB293536_1.jpg?v=1784840726	https://cdn.shopify.com/s/files/1/0943/6856/3585/files/HB293538_2.jpg?v=1784952596,https://cdn.shopify.com/s/files/1/0943/6856/3585/files/HB293542_2.jpg?v=1784952597,https://cdn.shopify.com/s/files/1/0943/6856/3585/files/HB293544_2.jpg?v=1784952596,https://cdn.shopify.com/s/files/1/0943/6856/3585/files/HB293546_2.jpg?v=1784952596	99.90 CHF	in stock	1	8719956262883	LuxeStyle	new	Kostüme & Verkleidung	1-3 Werktage (Lager Schweiz)
fortura-HB293552	dirndl-weinrot-fgsshb2935	Dirndl weinrot – 52	Dirndl 2-teilig silber weinrot Details Marke: Haus Huberts Farbe: rot Anlass: Oktoberfest Warum bei LuxeStyle kaufen? 🇨🇭 Versand aus der Schweiz – Lieferung in nur 1–2 Werktagen (DPD) ↩️ 30 Tage Rückgaberecht 🔒 Kauf auf Rechnung mit Klarna · TWINT · Karten · PayPal · Apple Pay 💬 Schweizer Support: info@luxestyle.ch	https://luxestyle.ch/products/dirndl-weinrot-fgsshb2935?variant=55970771829121	https://cdn.shopify.com/s/files/1/0943/6856/3585/files/HB293536_1.jpg?v=1784840726	https://cdn.shopify.com/s/files/1/0943/6856/3585/files/HB293538_2.jpg?v=1784952596,https://cdn.shopify.com/s/files/1/0943/6856/3585/files/HB293542_2.jpg?v=1784952597,https://cdn.shopify.com/s/files/1/0943/6856/3585/files/HB293544_2.jpg?v=1784952596,https://cdn.shopify.com/s/files/1/0943/6856/3585/files/HB293546_2.jpg?v=1784952596	99.90 CHF	in stock	2	8719956262890	LuxeStyle	new	Kostüme & Verkleidung	1-3 Werktage (Lager Schweiz)
fortura-HB294138	dirndl-antik-rosa-fgsshb2941	Dirndl antik-rosa – 38	Dirndl mit Schürze ohne Bluse Details Lieferumfang: Dirndl mit Schürze ohne Bluse Warum bei LuxeStyle kaufen? 🇨🇭 Versand aus der Schweiz – Lieferung in nur 1–2 Werktagen (DPD) ↩️ 30 Tage Rückgaberecht 🔒 Kauf auf Rechnung mit Klarna · TWINT · Karten · PayPal · Apple Pay 💬 Schweizer Support: info@luxestyle.ch	https://luxestyle.ch/products/dirndl-antik-rosa-fgsshb2941?variant=55970772025729	https://cdn.shopify.com/s/files/1/0943/6856/3585/files/HB294136_1_c2b2bd1c-b627-4fd6-937c-49a0d8cf4b55.jpg?v=1784840727		104.90 CHF	in stock	9	8719956268779	LuxeStyle	new	Kostüme & Verkleidung	1-3 Werktage (Lager Schweiz)
fortura-HB294140	dirndl-antik-rosa-fgsshb2941	Dirndl antik-rosa – 40	Dirndl mit Schürze ohne Bluse Details Lieferumfang: Dirndl mit Schürze ohne Bluse Warum bei LuxeStyle kaufen? 🇨🇭 Versand aus der Schweiz – Lieferung in nur 1–2 Werktagen (DPD) ↩️ 30 Tage Rückgaberecht 🔒 Kauf auf Rechnung mit Klarna · TWINT · Karten · PayPal · Apple Pay 💬 Schweizer Support: info@luxestyle.ch	https://luxestyle.ch/products/dirndl-antik-rosa-fgsshb2941?variant=55970772058497	https://cdn.shopify.com/s/files/1/0943/6856/3585/files/HB294136_1_c2b2bd1c-b627-4fd6-937c-49a0d8cf4b55.jpg?v=1784840727		104.90 CHF	in stock	10	8719956268786	LuxeStyle	new	Kostüme & Verkleidung	1-3 Werktage (Lager Schweiz)
fortura-HB294142	dirndl-antik-rosa-fgsshb2941	Dirndl antik-rosa – 42	Dirndl mit Schürze ohne Bluse Details Lieferumfang: Dirndl mit Schürze ohne Bluse Warum bei LuxeStyle kaufen? 🇨🇭 Versand aus der Schweiz – Lieferung in nur 1–2 Werktagen (DPD) ↩️ 30 Tage Rückgaberecht 🔒 Kauf auf Rechnung mit Klarna · TWINT · Karten · PayPal · Apple Pay 💬 Schweizer Support: info@luxestyle.ch	https://luxestyle.ch/products/dirndl-antik-rosa-fgsshb2941?variant=55970772091265	https://cdn.shopify.com/s/files/1/0943/6856/3585/files/HB294136_1_c2b2bd1c-b627-4fd6-937c-49a0d8cf4b55.jpg?v=1784840727		104.90 CHF	in stock	2	8719956268793	LuxeStyle	new	Kostüme & Verkleidung	1-3 Werktage (Lager Schweiz)
fortura-HB294144	dirndl-antik-rosa-fgsshb2941	Dirndl antik-rosa – 44	Dirndl mit Schürze ohne Bluse Details Lieferumfang: Dirndl mit Schürze ohne Bluse Warum bei LuxeStyle kaufen? 🇨🇭 Versand aus der Schweiz – Lieferung in nur 1–2 Werktagen (DPD) ↩️ 30 Tage Rückgaberecht 🔒 Kauf auf Rechnung mit Klarna · TWINT · Karten · PayPal · Apple Pay 💬 Schweizer Support: info@luxestyle.ch	https://luxestyle.ch/products/dirndl-antik-rosa-fgsshb2941?variant=55970772124033	https://cdn.shopify.com/s/files/1/0943/6856/3585/files/HB294136_1_c2b2bd1c-b627-4fd6-937c-49a0d8cf4b55.jpg?v=1784840727		104.90 CHF	in stock	8	8719956268809	LuxeStyle	new	Kostüme & Verkleidung	1-3 Werktage (Lager Schweiz)
fortura-HB294146	dirndl-antik-rosa-fgsshb2941	Dirndl antik-rosa – 46	Dirndl mit Schürze ohne Bluse Details Lieferumfang: Dirndl mit Schürze ohne Bluse Warum bei LuxeStyle kaufen? 🇨🇭 Versand aus der Schweiz – Lieferung in nur 1–2 Werktagen (DPD) ↩️ 30 Tage Rückgaberecht 🔒 Kauf auf Rechnung mit Klarna · TWINT · Karten · PayPal · Apple Pay 💬 Schweizer Support: info@luxestyle.ch	https://luxestyle.ch/products/dirndl-antik-rosa-fgsshb2941?variant=55970772156801	https://cdn.shopify.com/s/files/1/0943/6856/3585/files/HB294136_1_c2b2bd1c-b627-4fd6-937c-49a0d8cf4b55.jpg?v=1784840727		104.90 CHF	in stock	10	8719956268816	LuxeStyle	new	Kostüme & Verkleidung	1-3 Werktage (Lager Schweiz)
fortura-HB294148	dirndl-antik-rosa-fgsshb2941	Dirndl antik-rosa – 48	Dirndl mit Schürze ohne Bluse Details Lieferumfang: Dirndl mit Schürze ohne Bluse Warum bei LuxeStyle kaufen? 🇨🇭 Versand aus der Schweiz – Lieferung in nur 1–2 Werktagen (DPD) ↩️ 30 Tage Rückgaberecht 🔒 Kauf auf Rechnung mit Klarna · TWINT · Karten · PayPal · Apple Pay 💬 Schweizer Support: info@luxestyle.ch	https://luxestyle.ch/products/dirndl-antik-rosa-fgsshb2941?variant=55970772189569	https://cdn.shopify.com/s/files/1/0943/6856/3585/files/HB294136_1_c2b2bd1c-b627-4fd6-937c-49a0d8cf4b55.jpg?v=1784840727		104.90 CHF	in stock	11	8719956268823	LuxeStyle	new	Kostüme & Verkleidung	1-3 Werktage (Lager Schweiz)
fortura-HB294150	dirndl-antik-rosa-fgsshb2941	Dirndl antik-rosa – 50	Dirndl mit Schürze ohne Bluse Details Lieferumfang: Dirndl mit Schürze ohne Bluse Warum bei LuxeStyle kaufen? 🇨🇭 Versand aus der Schweiz – Lieferung in nur 1–2 Werktagen (DPD) ↩️ 30 Tage Rückgaberecht 🔒 Kauf auf Rechnung mit Klarna · TWINT · Karten · PayPal · Apple Pay 💬 Schweizer Support: info@luxestyle.ch	https://luxestyle.ch/products/dirndl-antik-rosa-fgsshb2941?variant=55970772222337	https://cdn.shopify.com/s/files/1/0943/6856/3585/files/HB294136_1_c2b2bd1c-b627-4fd6-937c-49a0d8cf4b55.jpg?v=1784840727		104.90 CHF	in stock	7	8719956268830	LuxeStyle	new	Kostüme & Verkleidung	1-3 Werktage (Lager Schweiz)
fortura-HB294152	dirndl-antik-rosa-fgsshb2941	Dirndl antik-rosa – 52	Dirndl mit Schürze ohne Bluse Details Lieferumfang: Dirndl mit Schürze ohne Bluse Warum bei LuxeStyle kaufen? 🇨🇭 Versand aus der Schweiz – Lieferung in nur 1–2 Werktagen (DPD) ↩️ 30 Tage Rückgaberecht 🔒 Kauf auf Rechnung mit Klarna · TWINT · Karten · PayPal · Apple Pay 💬 Schweizer Support: info@luxestyle.ch	https://luxestyle.ch/products/dirndl-antik-rosa-fgsshb2941?variant=55970772255105	https://cdn.shopify.com/s/files/1/0943/6856/3585/files/HB294136_1_c2b2bd1c-b627-4fd6-937c-49a0d8cf4b55.jpg?v=1784840727		104.90 CHF	in stock	13	8719956268847	LuxeStyle	new	Kostüme & Verkleidung	1-3 Werktage (Lager Schweiz)
fortura-HB299238	dirndl-samt-fgsshb2992	Dirndl Samt – 38	Dirndl Samt – hochwertige Qualität ab Schweizer Lager. Details Anlass: Oktoberfest Warum bei LuxeStyle kaufen? 🇨🇭 Versand aus der Schweiz – Lieferung in nur 1–2 Werktagen (DPD) ↩️ 30 Tage Rückgaberecht 🔒 Kauf auf Rechnung mit Klarna · TWINT · Karten · PayPal · Apple Pay 💬 Schweizer Support: info@luxestyle.ch	https://luxestyle.ch/products/dirndl-samt-fgsshb2992?variant=55970772615553	https://cdn.shopify.com/s/files/1/0943/6856/3585/files/HB299236_1.jpg?v=1784840729		138.00 CHF	in stock	2	8721077013589	LuxeStyle	new	Kostüme & Verkleidung	1-3 Werktage (Lager Schweiz)
fortura-HB299240	dirndl-samt-fgsshb2992	Dirndl Samt – 40	Dirndl Samt – hochwertige Qualität ab Schweizer Lager. Details Anlass: Oktoberfest Warum bei LuxeStyle kaufen? 🇨🇭 Versand aus der Schweiz – Lieferung in nur 1–2 Werktagen (DPD) ↩️ 30 Tage Rückgaberecht 🔒 Kauf auf Rechnung mit Klarna · TWINT · Karten · PayPal · Apple Pay 💬 Schweizer Support: info@luxestyle.ch	https://luxestyle.ch/products/dirndl-samt-fgsshb2992?variant=55970772648321	https://cdn.shopify.com/s/files/1/0943/6856/3585/files/HB299236_1.jpg?v=1784840729		138.00 CHF	in stock	1	8721077013596	LuxeStyle	new	Kostüme & Verkleidung	1-3 Werktage (Lager Schweiz)
fortura-HB299242	dirndl-samt-fgsshb2992	Dirndl Samt – 42	Dirndl Samt – hochwertige Qualität ab Schweizer Lager. Details Anlass: Oktoberfest Warum bei LuxeStyle kaufen? 🇨🇭 Versand aus der Schweiz – Lieferung in nur 1–2 Werktagen (DPD) ↩️ 30 Tage Rückgaberecht 🔒 Kauf auf Rechnung mit Klarna · TWINT · Karten · PayPal · Apple Pay 💬 Schweizer Support: info@luxestyle.ch	https://luxestyle.ch/products/dirndl-samt-fgsshb2992?variant=55970772681089	https://cdn.shopify.com/s/files/1/0943/6856/3585/files/HB299236_1.jpg?v=1784840729		138.00 CHF	in stock	3	8721077013602	LuxeStyle	new	Kostüme & Verkleidung	1-3 Werktage (Lager Schweiz)
fortura-HB299244	dirndl-samt-fgsshb2992	Dirndl Samt – 44	Dirndl Samt – hochwertige Qualität ab Schweizer Lager. Details Anlass: Oktoberfest Warum bei LuxeStyle kaufen? 🇨🇭 Versand aus der Schweiz – Lieferung in nur 1–2 Werktagen (DPD) ↩️ 30 Tage Rückgaberecht 🔒 Kauf auf Rechnung mit Klarna · TWINT · Karten · PayPal · Apple Pay 💬 Schweizer Support: info@luxestyle.ch	https://luxestyle.ch/products/dirndl-samt-fgsshb2992?variant=55970772713857	https://cdn.shopify.com/s/files/1/0943/6856/3585/files/HB299236_1.jpg?v=1784840729		138.00 CHF	in stock	9	8721077013619	LuxeStyle	new	Kostüme & Verkleidung	1-3 Werktage (Lager Schweiz)
fortura-HB299246	dirndl-samt-fgsshb2992	Dirndl Samt – 46	Dirndl Samt – hochwertige Qualität ab Schweizer Lager. Details Anlass: Oktoberfest Warum bei LuxeStyle kaufen? 🇨🇭 Versand aus der Schweiz – Lieferung in nur 1–2 Werktagen (DPD) ↩️ 30 Tage Rückgaberecht 🔒 Kauf auf Rechnung mit Klarna · TWINT · Karten · PayPal · Apple Pay 💬 Schweizer Support: info@luxestyle.ch	https://luxestyle.ch/products/dirndl-samt-fgsshb2992?variant=55970772746625	https://cdn.shopify.com/s/files/1/0943/6856/3585/files/HB299236_1.jpg?v=1784840729		138.00 CHF	in stock	7	8721077013626	LuxeStyle	new	Kostüme & Verkleidung	1-3 Werktage (Lager Schweiz)
fortura-HB299248	dirndl-samt-fgsshb2992	Dirndl Samt – 48	Dirndl Samt – hochwertige Qualität ab Schweizer Lager. Details Anlass: Oktoberfest Warum bei LuxeStyle kaufen? 🇨🇭 Versand aus der Schweiz – Lieferung in nur 1–2 Werktagen (DPD) ↩️ 30 Tage Rückgaberecht 🔒 Kauf auf Rechnung mit Klarna · TWINT · Karten · PayPal · Apple Pay 💬 Schweizer Support: info@luxestyle.ch	https://luxestyle.ch/products/dirndl-samt-fgsshb2992?variant=55970772779393	https://cdn.shopify.com/s/files/1/0943/6856/3585/files/HB299236_1.jpg?v=1784840729		138.00 CHF	in stock	10	8721077013633	LuxeStyle	new	Kostüme & Verkleidung	1-3 Werktage (Lager Schweiz)
fortura-HB299250	dirndl-samt-fgsshb2992	Dirndl Samt – 50	Dirndl Samt – hochwertige Qualität ab Schweizer Lager. Details Anlass: Oktoberfest Warum bei LuxeStyle kaufen? 🇨🇭 Versand aus der Schweiz – Lieferung in nur 1–2 Werktagen (DPD) ↩️ 30 Tage Rückgaberecht 🔒 Kauf auf Rechnung mit Klarna · TWINT · Karten · PayPal · Apple Pay 💬 Schweizer Support: info@luxestyle.ch	https://luxestyle.ch/products/dirndl-samt-fgsshb2992?variant=55970772812161	https://cdn.shopify.com/s/files/1/0943/6856/3585/files/HB299236_1.jpg?v=1784840729		138.00 CHF	in stock	6	8721077013640	LuxeStyle	new	Kostüme & Verkleidung	1-3 Werktage (Lager Schweiz)
fortura-HB299252	dirndl-samt-fgsshb2992	Dirndl Samt – 52	Dirndl Samt – hochwertige Qualität ab Schweizer Lager. Details Anlass: Oktoberfest Warum bei LuxeStyle kaufen? 🇨🇭 Versand aus der Schweiz – Lieferung in nur 1–2 Werktagen (DPD) ↩️ 30 Tage Rückgaberecht 🔒 Kauf auf Rechnung mit Klarna · TWINT · Karten · PayPal · Apple Pay 💬 Schweizer Support: info@luxestyle.ch	https://luxestyle.ch/products/dirndl-samt-fgsshb2992?variant=55970772844929	https://cdn.shopify.com/s/files/1/0943/6856/3585/files/HB299236_1.jpg?v=1784840729		138.00 CHF	in stock	2	8721077013657	LuxeStyle	new	Kostüme & Verkleidung	1-3 Werktage (Lager Schweiz)
fortura-HB299254	dirndl-samt-fgsshb2992	Dirndl Samt – 54	Dirndl Samt – hochwertige Qualität ab Schweizer Lager. Details Anlass: Oktoberfest Warum bei LuxeStyle kaufen? 🇨🇭 Versand aus der Schweiz – Lieferung in nur 1–2 Werktagen (DPD) ↩️ 30 Tage Rückgaberecht 🔒 Kauf auf Rechnung mit Klarna · TWINT · Karten · PayPal · Apple Pay 💬 Schweizer Support: info@luxestyle.ch	https://luxestyle.ch/products/dirndl-samt-fgsshb2992?variant=55970772877697	https://cdn.shopify.com/s/files/1/0943/6856/3585/files/HB299236_1.jpg?v=1784840729		138.00 CHF	in stock	3	8721077013664	LuxeStyle	new	Kostüme & Verkleidung	1-3 Werktage (Lager Schweiz)
fortura-HB364036	dirndl-jaquard-nachtblau-fgsshb3640	Dirndl Jaquard nachtblau – 36	Dirndl Jaquard nachtblau – hochwertige Qualität ab Schweizer Lager. Details Anlass: Oktoberfest Warum bei LuxeStyle kaufen? 🇨🇭 Versand aus der Schweiz – Lieferung in nur 1–2 Werktagen (DPD) ↩️ 30 Tage Rückgaberecht 🔒 Kauf auf Rechnung mit Klarna · TWINT · Karten · PayPal · Apple Pay 💬 Schweizer Support: info@luxestyle.ch	https://luxestyle.ch/products/dirndl-jaquard-nachtblau-fgsshb3640?variant=55970773303681	https://cdn.shopify.com/s/files/1/0943/6856/3585/files/HB364036_1_7a3f9bdd-fdf8-4288-ab8e-8df76c5d0e4e.jpg?v=1784840734		138.00 CHF	in stock	5	8721077013800	LuxeStyle	new	Kostüme & Verkleidung	1-3 Werktage (Lager Schweiz)
fortura-HB364038	dirndl-jaquard-nachtblau-fgsshb3640	Dirndl Jaquard nachtblau – 38	Dirndl Jaquard nachtblau – hochwertige Qualität ab Schweizer Lager. Details Anlass: Oktoberfest Warum bei LuxeStyle kaufen? 🇨🇭 Versand aus der Schweiz – Lieferung in nur 1–2 Werktagen (DPD) ↩️ 30 Tage Rückgaberecht 🔒 Kauf auf Rechnung mit Klarna · TWINT · Karten · PayPal · Apple Pay 💬 Schweizer Support: info@luxestyle.ch	https://luxestyle.ch/products/dirndl-jaquard-nachtblau-fgsshb3640?variant=55970773336449	https://cdn.shopify.com/s/files/1/0943/6856/3585/files/HB364036_1_7a3f9bdd-fdf8-4288-ab8e-8df76c5d0e4e.jpg?v=1784840734		138.00 CHF	in stock	4	8721077013817	LuxeStyle	new	Kostüme & Verkleidung	1-3 Werktage (Lager Schweiz)
fortura-HB364040	dirndl-jaquard-nachtblau-fgsshb3640	Dirndl Jaquard nachtblau – 40	Dirndl Jaquard nachtblau – hochwertige Qualität ab Schweizer Lager. Details Anlass: Oktoberfest Warum bei LuxeStyle kaufen? 🇨🇭 Versand aus der Schweiz – Lieferung in nur 1–2 Werktagen (DPD) ↩️ 30 Tage Rückgaberecht 🔒 Kauf auf Rechnung mit Klarna · TWINT · Karten · PayPal · Apple Pay 💬 Schweizer Support: info@luxestyle.ch	https://luxestyle.ch/products/dirndl-jaquard-nachtblau-fgsshb3640?variant=55970773369217	https://cdn.shopify.com/s/files/1/0943/6856/3585/files/HB364036_1_7a3f9bdd-fdf8-4288-ab8e-8df76c5d0e4e.jpg?v=1784840734		138.00 CHF	in stock	2	8721077013824	LuxeStyle	new	Kostüme & Verkleidung	1-3 Werktage (Lager Schweiz)
fortura-HB364042	dirndl-jaquard-nachtblau-fgsshb3640	Dirndl Jaquard nachtblau – 42	Dirndl Jaquard nachtblau – hochwertige Qualität ab Schweizer Lager. Details Anlass: Oktoberfest Warum bei LuxeStyle kaufen? 🇨🇭 Versand aus der Schweiz – Lieferung in nur 1–2 Werktagen (DPD) ↩️ 30 Tage Rückgaberecht 🔒 Kauf auf Rechnung mit Klarna · TWINT · Karten · PayPal · Apple Pay 💬 Schweizer Support: info@luxestyle.ch	https://luxestyle.ch/products/dirndl-jaquard-nachtblau-fgsshb3640?variant=55970773401985	https://cdn.shopify.com/s/files/1/0943/6856/3585/files/HB364036_1_7a3f9bdd-fdf8-4288-ab8e-8df76c5d0e4e.jpg?v=1784840734		138.00 CHF	in stock	2	8721077013831	LuxeStyle	new	Kostüme & Verkleidung	1-3 Werktage (Lager Schweiz)
fortura-HB364044	dirndl-jaquard-nachtblau-fgsshb3640	Dirndl Jaquard nachtblau – 44	Dirndl Jaquard nachtblau – hochwertige Qualität ab Schweizer Lager. Details Anlass: Oktoberfest Warum bei LuxeStyle kaufen? 🇨🇭 Versand aus der Schweiz – Lieferung in nur 1–2 Werktagen (DPD) ↩️ 30 Tage Rückgaberecht 🔒 Kauf auf Rechnung mit Klarna · TWINT · Karten · PayPal · Apple Pay 💬 Schweizer Support: info@luxestyle.ch	https://luxestyle.ch/products/dirndl-jaquard-nachtblau-fgsshb3640?variant=55970773434753	https://cdn.shopify.com/s/files/1/0943/6856/3585/files/HB364036_1_7a3f9bdd-fdf8-4288-ab8e-8df76c5d0e4e.jpg?v=1784840734		138.00 CHF	in stock	2	8721077013848	LuxeStyle	new	Kostüme & Verkleidung	1-3 Werktage (Lager Schweiz)
fortura-HB364046	dirndl-jaquard-nachtblau-fgsshb3640	Dirndl Jaquard nachtblau – 46	Dirndl Jaquard nachtblau – hochwertige Qualität ab Schweizer Lager. Details Anlass: Oktoberfest Warum bei LuxeStyle kaufen? 🇨🇭 Versand aus der Schweiz – Lieferung in nur 1–2 Werktagen (DPD) ↩️ 30 Tage Rückgaberecht 🔒 Kauf auf Rechnung mit Klarna · TWINT · Karten · PayPal · Apple Pay 💬 Schweizer Support: info@luxestyle.ch	https://luxestyle.ch/products/dirndl-jaquard-nachtblau-fgsshb3640?variant=55970773467521	https://cdn.shopify.com/s/files/1/0943/6856/3585/files/HB364036_1_7a3f9bdd-fdf8-4288-ab8e-8df76c5d0e4e.jpg?v=1784840734		138.00 CHF	in stock	4	8721077013855	LuxeStyle	new	Kostüme & Verkleidung	1-3 Werktage (Lager Schweiz)
fortura-HB364048	dirndl-jaquard-nachtblau-fgsshb3640	Dirndl Jaquard nachtblau – 48	Dirndl Jaquard nachtblau – hochwertige Qualität ab Schweizer Lager. Details Anlass: Oktoberfest Warum bei LuxeStyle kaufen? 🇨🇭 Versand aus der Schweiz – Lieferung in nur 1–2 Werktagen (DPD) ↩️ 30 Tage Rückgaberecht 🔒 Kauf auf Rechnung mit Klarna · TWINT · Karten · PayPal · Apple Pay 💬 Schweizer Support: info@luxestyle.ch	https://luxestyle.ch/products/dirndl-jaquard-nachtblau-fgsshb3640?variant=55970773500289	https://cdn.shopify.com/s/files/1/0943/6856/3585/files/HB364036_1_7a3f9bdd-fdf8-4288-ab8e-8df76c5d0e4e.jpg?v=1784840734		138.00 CHF	in stock	2	8721077013862	LuxeStyle	new	Kostüme & Verkleidung	1-3 Werktage (Lager Schweiz)
fortura-HB364050	dirndl-jaquard-nachtblau-fgsshb3640	Dirndl Jaquard nachtblau – 50	Dirndl Jaquard nachtblau – hochwertige Qualität ab Schweizer Lager. Details Anlass: Oktoberfest Warum bei LuxeStyle kaufen? 🇨🇭 Versand aus der Schweiz – Lieferung in nur 1–2 Werktagen (DPD) ↩️ 30 Tage Rückgaberecht 🔒 Kauf auf Rechnung mit Klarna · TWINT · Karten · PayPal · Apple Pay 💬 Schweizer Support: info@luxestyle.ch	https://luxestyle.ch/products/dirndl-jaquard-nachtblau-fgsshb3640?variant=55970773533057	https://cdn.shopify.com/s/files/1/0943/6856/3585/files/HB364036_1_7a3f9bdd-fdf8-4288-ab8e-8df76c5d0e4e.jpg?v=1784840734		138.00 CHF	in stock	1	8721077013879	LuxeStyle	new	Kostüme & Verkleidung	1-3 Werktage (Lager Schweiz)
fortura-HB364052	dirndl-jaquard-nachtblau-fgsshb3640	Dirndl Jaquard nachtblau – 52	Dirndl Jaquard nachtblau – hochwertige Qualität ab Schweizer Lager. Details Anlass: Oktoberfest Warum bei LuxeStyle kaufen? 🇨🇭 Versand aus der Schweiz – Lieferung in nur 1–2 Werktagen (DPD) ↩️ 30 Tage Rückgaberecht 🔒 Kauf auf Rechnung mit Klarna · TWINT · Karten · PayPal · Apple Pay 💬 Schweizer Support: info@luxestyle.ch	https://luxestyle.ch/products/dirndl-jaquard-nachtblau-fgsshb3640?variant=55970773565825	https://cdn.shopify.com/s/files/1/0943/6856/3585/files/HB364036_1_7a3f9bdd-fdf8-4288-ab8e-8df76c5d0e4e.jpg?v=1784840734		138.00 CHF	in stock	2	8721077013886	LuxeStyle	new	Kostüme & Verkleidung	1-3 Werktage (Lager Schweiz)
fortura-HB210034	dirndl-rot-fgsshb2100	Dirndl rot – 34	Knöpfe können variieren Warum bei LuxeStyle kaufen? 🇨🇭 Versand aus der Schweiz – Lieferung in nur 1–2 Werktagen (DPD) ↩️ 30 Tage Rückgaberecht 🔒 Kauf auf Rechnung mit Klarna · TWINT · Karten · PayPal · Apple Pay 💬 Schweizer Support: info@luxestyle.ch	https://luxestyle.ch/products/dirndl-rot-fgsshb2100?variant=55970773598593	https://cdn.shopify.com/s/files/1/0943/6856/3585/files/HB210034_1_4ab07db4-2720-47fb-804f-922fa1d9aa5c.jpg?v=1784840737		66.90 CHF	in stock	1	8718858226092	LuxeStyle	new	Kostüme & Verkleidung	1-3 Werktage (Lager Schweiz)
fortura-HB210038	dirndl-rot-fgsshb2100	Dirndl rot – 38	Knöpfe können variieren Warum bei LuxeStyle kaufen? 🇨🇭 Versand aus der Schweiz – Lieferung in nur 1–2 Werktagen (DPD) ↩️ 30 Tage Rückgaberecht 🔒 Kauf auf Rechnung mit Klarna · TWINT · Karten · PayPal · Apple Pay 💬 Schweizer Support: info@luxestyle.ch	https://luxestyle.ch/products/dirndl-rot-fgsshb2100?variant=55970773631361	https://cdn.shopify.com/s/files/1/0943/6856/3585/files/HB210034_1_4ab07db4-2720-47fb-804f-922fa1d9aa5c.jpg?v=1784840737		66.90 CHF	in stock	1	8718858222063	LuxeStyle	new	Kostüme & Verkleidung	1-3 Werktage (Lager Schweiz)
fortura-HB210040	dirndl-rot-fgsshb2100	Dirndl rot – 40	Knöpfe können variieren Warum bei LuxeStyle kaufen? 🇨🇭 Versand aus der Schweiz – Lieferung in nur 1–2 Werktagen (DPD) ↩️ 30 Tage Rückgaberecht 🔒 Kauf auf Rechnung mit Klarna · TWINT · Karten · PayPal · Apple Pay 💬 Schweizer Support: info@luxestyle.ch	https://luxestyle.ch/products/dirndl-rot-fgsshb2100?variant=55970773664129	https://cdn.shopify.com/s/files/1/0943/6856/3585/files/HB210034_1_4ab07db4-2720-47fb-804f-922fa1d9aa5c.jpg?v=1784840737		66.90 CHF	in stock	4	8718858222070	LuxeStyle	new	Kostüme & Verkleidung	1-3 Werktage (Lager Schweiz)
fortura-HB365536	dirndl-jaquard-meeresgrun-fgsshb3655	Dirndl Jaquard meeresgrün – 36	Dirndl Jaquard meeresgrün – hochwertige Qualität ab Schweizer Lager. Details Anlass: Oktoberfest Warum bei LuxeStyle kaufen? 🇨🇭 Versand aus der Schweiz – Lieferung in nur 1–2 Werktagen (DPD) ↩️ 30 Tage Rückgaberecht 🔒 Kauf auf Rechnung mit Klarna · TWINT · Karten · PayPal · Apple Pay 💬 Schweizer Support: info@luxestyle.ch	https://luxestyle.ch/products/dirndl-jaquard-meeresgrun-fgsshb3655?variant=55970773795201	https://cdn.shopify.com/s/files/1/0943/6856/3585/files/HB365536_1_17b0bea8-6482-4fe3-a961-490d1ad9a19b.jpg?v=1784840737		138.00 CHF	in stock	1	8721077014036	LuxeStyle	new	Kostüme & Verkleidung	1-3 Werktage (Lager Schweiz)
fortura-HB365538	dirndl-jaquard-meeresgrun-fgsshb3655	Dirndl Jaquard meeresgrün – 38	Dirndl Jaquard meeresgrün – hochwertige Qualität ab Schweizer Lager. Details Anlass: Oktoberfest Warum bei LuxeStyle kaufen? 🇨🇭 Versand aus der Schweiz – Lieferung in nur 1–2 Werktagen (DPD) ↩️ 30 Tage Rückgaberecht 🔒 Kauf auf Rechnung mit Klarna · TWINT · Karten · PayPal · Apple Pay 💬 Schweizer Support: info@luxestyle.ch	https://luxestyle.ch/products/dirndl-jaquard-meeresgrun-fgsshb3655?variant=55970773827969	https://cdn.shopify.com/s/files/1/0943/6856/3585/files/HB365536_1_17b0bea8-6482-4fe3-a961-490d1ad9a19b.jpg?v=1784840737		138.00 CHF	in stock	2	8721077014043	LuxeStyle	new	Kostüme & Verkleidung	1-3 Werktage (Lager Schweiz)
fortura-HB365540	dirndl-jaquard-meeresgrun-fgsshb3655	Dirndl Jaquard meeresgrün – 40	Dirndl Jaquard meeresgrün – hochwertige Qualität ab Schweizer Lager. Details Anlass: Oktoberfest Warum bei LuxeStyle kaufen? 🇨🇭 Versand aus der Schweiz – Lieferung in nur 1–2 Werktagen (DPD) ↩️ 30 Tage Rückgaberecht 🔒 Kauf auf Rechnung mit Klarna · TWINT · Karten · PayPal · Apple Pay 💬 Schweizer Support: info@luxestyle.ch	https://luxestyle.ch/products/dirndl-jaquard-meeresgrun-fgsshb3655?variant=55970773860737	https://cdn.shopify.com/s/files/1/0943/6856/3585/files/HB365536_1_17b0bea8-6482-4fe3-a961-490d1ad9a19b.jpg?v=1784840737		138.00 CHF	in stock	2	8721077014050	LuxeStyle	new	Kostüme & Verkleidung	1-3 Werktage (Lager Schweiz)
fortura-HB365542	dirndl-jaquard-meeresgrun-fgsshb3655	Dirndl Jaquard meeresgrün – 42	Dirndl Jaquard meeresgrün – hochwertige Qualität ab Schweizer Lager. Details Anlass: Oktoberfest Warum bei LuxeStyle kaufen? 🇨🇭 Versand aus der Schweiz – Lieferung in nur 1–2 Werktagen (DPD) ↩️ 30 Tage Rückgaberecht 🔒 Kauf auf Rechnung mit Klarna · TWINT · Karten · PayPal · Apple Pay 💬 Schweizer Support: info@luxestyle.ch	https://luxestyle.ch/products/dirndl-jaquard-meeresgrun-fgsshb3655?variant=55970773893505	https://cdn.shopify.com/s/files/1/0943/6856/3585/files/HB365536_1_17b0bea8-6482-4fe3-a961-490d1ad9a19b.jpg?v=1784840737		138.00 CHF	in stock	1	8721077014067	LuxeStyle	new	Kostüme & Verkleidung	1-3 Werktage (Lager Schweiz)
fortura-HB365546	dirndl-jaquard-meeresgrun-fgsshb3655	Dirndl Jaquard meeresgrün – 46	Dirndl Jaquard meeresgrün – hochwertige Qualität ab Schweizer Lager. Details Anlass: Oktoberfest Warum bei LuxeStyle kaufen? 🇨🇭 Versand aus der Schweiz – Lieferung in nur 1–2 Werktagen (DPD) ↩️ 30 Tage Rückgaberecht 🔒 Kauf auf Rechnung mit Klarna · TWINT · Karten · PayPal · Apple Pay 💬 Schweizer Support: info@luxestyle.ch	https://luxestyle.ch/products/dirndl-jaquard-meeresgrun-fgsshb3655?variant=55970773926273	https://cdn.shopify.com/s/files/1/0943/6856/3585/files/HB365536_1_17b0bea8-6482-4fe3-a961-490d1ad9a19b.jpg?v=1784840737		138.00 CHF	in stock	1	8721077014081	LuxeStyle	new	Kostüme & Verkleidung	1-3 Werktage (Lager Schweiz)
fortura-HB365548	dirndl-jaquard-meeresgrun-fgsshb3655	Dirndl Jaquard meeresgrün – 48	Dirndl Jaquard meeresgrün – hochwertige Qualität ab Schweizer Lager. Details Anlass: Oktoberfest Warum bei LuxeStyle kaufen? 🇨🇭 Versand aus der Schweiz – Lieferung in nur 1–2 Werktagen (DPD) ↩️ 30 Tage Rückgaberecht 🔒 Kauf auf Rechnung mit Klarna · TWINT · Karten · PayPal · Apple Pay 💬 Schweizer Support: info@luxestyle.ch	https://luxestyle.ch/products/dirndl-jaquard-meeresgrun-fgsshb3655?variant=55970773959041	https://cdn.shopify.com/s/files/1/0943/6856/3585/files/HB365536_1_17b0bea8-6482-4fe3-a961-490d1ad9a19b.jpg?v=1784840737		138.00 CHF	in stock	3	8721077014098	LuxeStyle	new	Kostüme & Verkleidung	1-3 Werktage (Lager Schweiz)
fortura-HB210634	tirolerdirndl-schwarz-blau-fgsshb2106	Tirolerdirndl schwarz/blau – 34	Tirolerdirndl schwarz/blau – hochwertige Qualität ab Schweizer Lager. Warum bei LuxeStyle kaufen? 🇨🇭 Versand aus der Schweiz – Lieferung in nur 1–2 Werktagen (DPD) ↩️ 30 Tage Rückgaberecht 🔒 Kauf auf Rechnung mit Klarna · TWINT · Karten · PayPal · Apple Pay 💬 Schweizer Support: info@luxestyle.ch	https://luxestyle.ch/products/tirolerdirndl-schwarz-blau-fgsshb2106?variant=55970773991809	https://cdn.shopify.com/s/files/1/0943/6856/3585/files/HB210634_1_5625aeee-c8d3-4d57-af4b-b7e1dd45d26c.jpg?v=1784840740	https://cdn.shopify.com/s/files/1/0943/6856/3585/files/HB210634_2_1b6a4332-d0bd-472c-abe7-e03e833d600a.jpg?v=1784952617,https://cdn.shopify.com/s/files/1/0943/6856/3585/files/HB210634_3_77b8a8f7-eeff-4943-b657-05376a28f25f.jpg?v=1784952616,https://cdn.shopify.com/s/files/1/0943/6856/3585/files/HB210636_2.jpg?v=1784952618,https://cdn.shopify.com/s/files/1/0943/6856/3585/files/HB210636_3.jpg?v=1784952617	72.90 CHF	in stock	1	8719956263750	LuxeStyle	new	Kostüme & Verkleidung	1-3 Werktage (Lager Schweiz)
fortura-HB210638	tirolerdirndl-schwarz-blau-fgsshb2106	Tirolerdirndl schwarz/blau – 38	Tirolerdirndl schwarz/blau – hochwertige Qualität ab Schweizer Lager. Warum bei LuxeStyle kaufen? 🇨🇭 Versand aus der Schweiz – Lieferung in nur 1–2 Werktagen (DPD) ↩️ 30 Tage Rückgaberecht 🔒 Kauf auf Rechnung mit Klarna · TWINT · Karten · PayPal · Apple Pay 💬 Schweizer Support: info@luxestyle.ch	https://luxestyle.ch/products/tirolerdirndl-schwarz-blau-fgsshb2106?variant=55970774057345	https://cdn.shopify.com/s/files/1/0943/6856/3585/files/HB210634_1_5625aeee-c8d3-4d57-af4b-b7e1dd45d26c.jpg?v=1784840740	https://cdn.shopify.com/s/files/1/0943/6856/3585/files/HB210634_2_1b6a4332-d0bd-472c-abe7-e03e833d600a.jpg?v=1784952617,https://cdn.shopify.com/s/files/1/0943/6856/3585/files/HB210634_3_77b8a8f7-eeff-4943-b657-05376a28f25f.jpg?v=1784952616,https://cdn.shopify.com/s/files/1/0943/6856/3585/files/HB210636_2.jpg?v=1784952618,https://cdn.shopify.com/s/files/1/0943/6856/3585/files/HB210636_3.jpg?v=1784952617	72.90 CHF	in stock	3	8719956263774	LuxeStyle	new	Kostüme & Verkleidung	1-3 Werktage (Lager Schweiz)
fortura-HB210640	tirolerdirndl-schwarz-blau-fgsshb2106	Tirolerdirndl schwarz/blau – 40	Tirolerdirndl schwarz/blau – hochwertige Qualität ab Schweizer Lager. Warum bei LuxeStyle kaufen? 🇨🇭 Versand aus der Schweiz – Lieferung in nur 1–2 Werktagen (DPD) ↩️ 30 Tage Rückgaberecht 🔒 Kauf auf Rechnung mit Klarna · TWINT · Karten · PayPal · Apple Pay 💬 Schweizer Support: info@luxestyle.ch	https://luxestyle.ch/products/tirolerdirndl-schwarz-blau-fgsshb2106?variant=55970774090113	https://cdn.shopify.com/s/files/1/0943/6856/3585/files/HB210634_1_5625aeee-c8d3-4d57-af4b-b7e1dd45d26c.jpg?v=1784840740	https://cdn.shopify.com/s/files/1/0943/6856/3585/files/HB210634_2_1b6a4332-d0bd-472c-abe7-e03e833d600a.jpg?v=1784952617,https://cdn.shopify.com/s/files/1/0943/6856/3585/files/HB210634_3_77b8a8f7-eeff-4943-b657-05376a28f25f.jpg?v=1784952616,https://cdn.shopify.com/s/files/1/0943/6856/3585/files/HB210636_2.jpg?v=1784952618,https://cdn.shopify.com/s/files/1/0943/6856/3585/files/HB210636_3.jpg?v=1784952617	72.90 CHF	in stock	1	8719956263781	LuxeStyle	new	Kostüme & Verkleidung	1-3 Werktage (Lager Schweiz)
fortura-HB3805S	strickjacke-damen-dunkelblau-fgsshb3805	Strickjacke Damen dunkelblau – S	Strickjacke Damen dunkelblau – hochwertige Qualität ab Schweizer Lager. Details Anlass: Oktoberfest Warum bei LuxeStyle kaufen? 🇨🇭 Versand aus der Schweiz – Lieferung in nur 1–2 Werktagen (DPD) ↩️ 30 Tage Rückgaberecht 🔒 Kauf auf Rechnung mit Klarna · TWINT · Karten · PayPal · Apple Pay 💬 Schweizer Support: info@luxestyle.ch	https://luxestyle.ch/products/strickjacke-damen-dunkelblau-fgsshb3805?variant=55970774253953	https://cdn.shopify.com/s/files/1/0943/6856/3585/files/HB3805L_1_0cfea2e2-3c28-4c19-bf8b-0e3f5c06b6df.jpg?v=1784840739		72.90 CHF	in stock	7	8721077012766	LuxeStyle	new	Kostüme & Verkleidung	1-3 Werktage (Lager Schweiz)
fortura-HB3805M	strickjacke-damen-dunkelblau-fgsshb3805	Strickjacke Damen dunkelblau – M	Strickjacke Damen dunkelblau – hochwertige Qualität ab Schweizer Lager. Details Anlass: Oktoberfest Warum bei LuxeStyle kaufen? 🇨🇭 Versand aus der Schweiz – Lieferung in nur 1–2 Werktagen (DPD) ↩️ 30 Tage Rückgaberecht 🔒 Kauf auf Rechnung mit Klarna · TWINT · Karten · PayPal · Apple Pay 💬 Schweizer Support: info@luxestyle.ch	https://luxestyle.ch/products/strickjacke-damen-dunkelblau-fgsshb3805?variant=55970774286721	https://cdn.shopify.com/s/files/1/0943/6856/3585/files/HB3805L_1_0cfea2e2-3c28-4c19-bf8b-0e3f5c06b6df.jpg?v=1784840739		72.90 CHF	in stock	9	8721077012759	LuxeStyle	new	Kostüme & Verkleidung	1-3 Werktage (Lager Schweiz)
fortura-HB3805L	strickjacke-damen-dunkelblau-fgsshb3805	Strickjacke Damen dunkelblau – L	Strickjacke Damen dunkelblau – hochwertige Qualität ab Schweizer Lager. Details Anlass: Oktoberfest Warum bei LuxeStyle kaufen? 🇨🇭 Versand aus der Schweiz – Lieferung in nur 1–2 Werktagen (DPD) ↩️ 30 Tage Rückgaberecht 🔒 Kauf auf Rechnung mit Klarna · TWINT · Karten · PayPal · Apple Pay 💬 Schweizer Support: info@luxestyle.ch	https://luxestyle.ch/products/strickjacke-damen-dunkelblau-fgsshb3805?variant=55970774319489	https://cdn.shopify.com/s/files/1/0943/6856/3585/files/HB3805L_1_0cfea2e2-3c28-4c19-bf8b-0e3f5c06b6df.jpg?v=1784840739		72.90 CHF	in stock	7	8721077012742	LuxeStyle	new	Kostüme & Verkleidung	1-3 Werktage (Lager Schweiz)
fortura-HB3805XL	strickjacke-damen-dunkelblau-fgsshb3805	Strickjacke Damen dunkelblau – XL	Strickjacke Damen dunkelblau – hochwertige Qualität ab Schweizer Lager. Details Anlass: Oktoberfest Warum bei LuxeStyle kaufen? 🇨🇭 Versand aus der Schweiz – Lieferung in nur 1–2 Werktagen (DPD) ↩️ 30 Tage Rückgaberecht 🔒 Kauf auf Rechnung mit Klarna · TWINT · Karten · PayPal · Apple Pay 💬 Schweizer Support: info@luxestyle.ch	https://luxestyle.ch/products/strickjacke-damen-dunkelblau-fgsshb3805?variant=55970774352257	https://cdn.shopify.com/s/files/1/0943/6856/3585/files/HB3805L_1_0cfea2e2-3c28-4c19-bf8b-0e3f5c06b6df.jpg?v=1784840739		72.90 CHF	in stock	6	8721077012773	LuxeStyle	new	Kostüme & Verkleidung	1-3 Werktage (Lager Schweiz)
fortura-HB3805XXL	strickjacke-damen-dunkelblau-fgsshb3805	Strickjacke Damen dunkelblau – XXL	Strickjacke Damen dunkelblau – hochwertige Qualität ab Schweizer Lager. Details Anlass: Oktoberfest Warum bei LuxeStyle kaufen? 🇨🇭 Versand aus der Schweiz – Lieferung in nur 1–2 Werktagen (DPD) ↩️ 30 Tage Rückgaberecht 🔒 Kauf auf Rechnung mit Klarna · TWINT · Karten · PayPal · Apple Pay 💬 Schweizer Support: info@luxestyle.ch	https://luxestyle.ch/products/strickjacke-damen-dunkelblau-fgsshb3805?variant=55970774385025	https://cdn.shopify.com/s/files/1/0943/6856/3585/files/HB3805L_1_0cfea2e2-3c28-4c19-bf8b-0e3f5c06b6df.jpg?v=1784840739		72.90 CHF	in stock	11	8721077012797	LuxeStyle	new	Kostüme & Verkleidung	1-3 Werktage (Lager Schweiz)
fortura-HB3805XXXL	strickjacke-damen-dunkelblau-fgsshb3805	Strickjacke Damen dunkelblau – XXXL	Strickjacke Damen dunkelblau – hochwertige Qualität ab Schweizer Lager. Details Anlass: Oktoberfest Warum bei LuxeStyle kaufen? 🇨🇭 Versand aus der Schweiz – Lieferung in nur 1–2 Werktagen (DPD) ↩️ 30 Tage Rückgaberecht 🔒 Kauf auf Rechnung mit Klarna · TWINT · Karten · PayPal · Apple Pay 💬 Schweizer Support: info@luxestyle.ch	https://luxestyle.ch/products/strickjacke-damen-dunkelblau-fgsshb3805?variant=55970774417793	https://cdn.shopify.com/s/files/1/0943/6856/3585/files/HB3805L_1_0cfea2e2-3c28-4c19-bf8b-0e3f5c06b6df.jpg?v=1784840739		72.90 CHF	in stock	9	8721077012728	LuxeStyle	new	Kostüme & Verkleidung	1-3 Werktage (Lager Schweiz)
fortura-HB3805XXXXL	strickjacke-damen-dunkelblau-fgsshb3805	Strickjacke Damen dunkelblau – XXXXL	Strickjacke Damen dunkelblau – hochwertige Qualität ab Schweizer Lager. Details Anlass: Oktoberfest Warum bei LuxeStyle kaufen? 🇨🇭 Versand aus der Schweiz – Lieferung in nur 1–2 Werktagen (DPD) ↩️ 30 Tage Rückgaberecht 🔒 Kauf auf Rechnung mit Klarna · TWINT · Karten · PayPal · Apple Pay 💬 Schweizer Support: info@luxestyle.ch	https://luxestyle.ch/products/strickjacke-damen-dunkelblau-fgsshb3805?variant=55970774450561	https://cdn.shopify.com/s/files/1/0943/6856/3585/files/HB3805L_1_0cfea2e2-3c28-4c19-bf8b-0e3f5c06b6df.jpg?v=1784840739		72.90 CHF	in stock	9	8721077012735	LuxeStyle	new	Kostüme & Verkleidung	1-3 Werktage (Lager Schweiz)
fortura-HB502648	lederhose-kurz-mit-gurtel-fgsshb5026	Lederhose kurz mit Gürtel – 48	Lederhose kurz mit Gürtel – hochwertige Qualität ab Schweizer Lager. Warum bei LuxeStyle kaufen? 🇨🇭 Versand aus der Schweiz – Lieferung in nur 1–2 Werktagen (DPD) ↩️ 30 Tage Rückgaberecht 🔒 Kauf auf Rechnung mit Klarna · TWINT · Karten · PayPal · Apple Pay 💬 Schweizer Support: info@luxestyle.ch	https://luxestyle.ch/products/lederhose-kurz-mit-gurtel-fgsshb5026?variant=55970774811009	https://cdn.shopify.com/s/files/1/0943/6856/3585/files/HB502648_1_2f14e01f-4c64-4f00-81e4-6a697f9ab021.jpg?v=1784840742		109.00 CHF	in stock	3	8721077011516	LuxeStyle	new	Kostüme & Verkleidung	1-3 Werktage (Lager Schweiz)
fortura-HB502654	lederhose-kurz-mit-gurtel-fgsshb5026	Lederhose kurz mit Gürtel – 54	Lederhose kurz mit Gürtel – hochwertige Qualität ab Schweizer Lager. Warum bei LuxeStyle kaufen? 🇨🇭 Versand aus der Schweiz – Lieferung in nur 1–2 Werktagen (DPD) ↩️ 30 Tage Rückgaberecht 🔒 Kauf auf Rechnung mit Klarna · TWINT · Karten · PayPal · Apple Pay 💬 Schweizer Support: info@luxestyle.ch	https://luxestyle.ch/products/lederhose-kurz-mit-gurtel-fgsshb5026?variant=55970774876545	https://cdn.shopify.com/s/files/1/0943/6856/3585/files/HB502648_1_2f14e01f-4c64-4f00-81e4-6a697f9ab021.jpg?v=1784840742		109.00 CHF	in stock	1	8721077011547	LuxeStyle	new	Kostüme & Verkleidung	1-3 Werktage (Lager Schweiz)
fortura-HB220544	lederhose-braun-kurz-fgsshb2205	Lederhose braun kurz – 44	Lederhose 1005 Nylon braun kurz Grösse 44 Details Marke: Haus Huberts Farbe: braun Anlass: Oktoberfest Warum bei LuxeStyle kaufen? 🇨🇭 Versand aus der Schweiz – Lieferung in nur 1–2 Werktagen (DPD) ↩️ 30 Tage Rückgaberecht 🔒 Kauf auf Rechnung mit Klarna · TWINT · Karten · PayPal · Apple Pay 💬 Schweizer Support: info@luxestyle.ch	https://luxestyle.ch/products/lederhose-braun-kurz-fgsshb2205?variant=55970774942081	https://cdn.shopify.com/s/files/1/0943/6856/3585/files/HB220544_1_9b07d597-84a3-46d3-8aac-8f5c1003ea97.jpg?v=1784840745		79.00 CHF	in stock	12	8719956263446	LuxeStyle	new	Kostüme & Verkleidung	1-3 Werktage (Lager Schweiz)
fortura-HB220546	lederhose-braun-kurz-fgsshb2205	Lederhose braun kurz – 46	Lederhose 1005 Nylon braun kurz Grösse 44 Details Marke: Haus Huberts Farbe: braun Anlass: Oktoberfest Warum bei LuxeStyle kaufen? 🇨🇭 Versand aus der Schweiz – Lieferung in nur 1–2 Werktagen (DPD) ↩️ 30 Tage Rückgaberecht 🔒 Kauf auf Rechnung mit Klarna · TWINT · Karten · PayPal · Apple Pay 💬 Schweizer Support: info@luxestyle.ch	https://luxestyle.ch/products/lederhose-braun-kurz-fgsshb2205?variant=55970774974849	https://cdn.shopify.com/s/files/1/0943/6856/3585/files/HB220544_1_9b07d597-84a3-46d3-8aac-8f5c1003ea97.jpg?v=1784840745		79.00 CHF	in stock	5	8719956261893	LuxeStyle	new	Kostüme & Verkleidung	1-3 Werktage (Lager Schweiz)
fortura-HB220548	lederhose-braun-kurz-fgsshb2205	Lederhose braun kurz – 48	Lederhose 1005 Nylon braun kurz Grösse 44 Details Marke: Haus Huberts Farbe: braun Anlass: Oktoberfest Warum bei LuxeStyle kaufen? 🇨🇭 Versand aus der Schweiz – Lieferung in nur 1–2 Werktagen (DPD) ↩️ 30 Tage Rückgaberecht 🔒 Kauf auf Rechnung mit Klarna · TWINT · Karten · PayPal · Apple Pay 💬 Schweizer Support: info@luxestyle.ch	https://luxestyle.ch/products/lederhose-braun-kurz-fgsshb2205?variant=55970775007617	https://cdn.shopify.com/s/files/1/0943/6856/3585/files/HB220544_1_9b07d597-84a3-46d3-8aac-8f5c1003ea97.jpg?v=1784840745		79.00 CHF	in stock	5	8719956261909	LuxeStyle	new	Kostüme & Verkleidung	1-3 Werktage (Lager Schweiz)
fortura-HB220550	lederhose-braun-kurz-fgsshb2205	Lederhose braun kurz – 50	Lederhose 1005 Nylon braun kurz Grösse 44 Details Marke: Haus Huberts Farbe: braun Anlass: Oktoberfest Warum bei LuxeStyle kaufen? 🇨🇭 Versand aus der Schweiz – Lieferung in nur 1–2 Werktagen (DPD) ↩️ 30 Tage Rückgaberecht 🔒 Kauf auf Rechnung mit Klarna · TWINT · Karten · PayPal · Apple Pay 💬 Schweizer Support: info@luxestyle.ch	https://luxestyle.ch/products/lederhose-braun-kurz-fgsshb2205?variant=55970775040385	https://cdn.shopify.com/s/files/1/0943/6856/3585/files/HB220544_1_9b07d597-84a3-46d3-8aac-8f5c1003ea97.jpg?v=1784840745		79.00 CHF	in stock	2	8719956261916	LuxeStyle	new	Kostüme & Verkleidung	1-3 Werktage (Lager Schweiz)
fortura-HB220552	lederhose-braun-kurz-fgsshb2205	Lederhose braun kurz – 52	Lederhose 1005 Nylon braun kurz Grösse 44 Details Marke: Haus Huberts Farbe: braun Anlass: Oktoberfest Warum bei LuxeStyle kaufen? 🇨🇭 Versand aus der Schweiz – Lieferung in nur 1–2 Werktagen (DPD) ↩️ 30 Tage Rückgaberecht 🔒 Kauf auf Rechnung mit Klarna · TWINT · Karten · PayPal · Apple Pay 💬 Schweizer Support: info@luxestyle.ch	https://luxestyle.ch/products/lederhose-braun-kurz-fgsshb2205?variant=55970775073153	https://cdn.shopify.com/s/files/1/0943/6856/3585/files/HB220544_1_9b07d597-84a3-46d3-8aac-8f5c1003ea97.jpg?v=1784840745		79.00 CHF	in stock	1	8719956261923	LuxeStyle	new	Kostüme & Verkleidung	1-3 Werktage (Lager Schweiz)
fortura-HB220554	lederhose-braun-kurz-fgsshb2205	Lederhose braun kurz – 54	Lederhose 1005 Nylon braun kurz Grösse 44 Details Marke: Haus Huberts Farbe: braun Anlass: Oktoberfest Warum bei LuxeStyle kaufen? 🇨🇭 Versand aus der Schweiz – Lieferung in nur 1–2 Werktagen (DPD) ↩️ 30 Tage Rückgaberecht 🔒 Kauf auf Rechnung mit Klarna · TWINT · Karten · PayPal · Apple Pay 💬 Schweizer Support: info@luxestyle.ch	https://luxestyle.ch/products/lederhose-braun-kurz-fgsshb2205?variant=55970775105921	https://cdn.shopify.com/s/files/1/0943/6856/3585/files/HB220544_1_9b07d597-84a3-46d3-8aac-8f5c1003ea97.jpg?v=1784840745		79.00 CHF	in stock	1	8719956261930	LuxeStyle	new	Kostüme & Verkleidung	1-3 Werktage (Lager Schweiz)
fortura-HB220556	lederhose-braun-kurz-fgsshb2205	Lederhose braun kurz – 56	Lederhose 1005 Nylon braun kurz Grösse 44 Details Marke: Haus Huberts Farbe: braun Anlass: Oktoberfest Warum bei LuxeStyle kaufen? 🇨🇭 Versand aus der Schweiz – Lieferung in nur 1–2 Werktagen (DPD) ↩️ 30 Tage Rückgaberecht 🔒 Kauf auf Rechnung mit Klarna · TWINT · Karten · PayPal · Apple Pay 💬 Schweizer Support: info@luxestyle.ch	https://luxestyle.ch/products/lederhose-braun-kurz-fgsshb2205?variant=55970775138689	https://cdn.shopify.com/s/files/1/0943/6856/3585/files/HB220544_1_9b07d597-84a3-46d3-8aac-8f5c1003ea97.jpg?v=1784840745		79.00 CHF	in stock	1	8719956261947	LuxeStyle	new	Kostüme & Verkleidung	1-3 Werktage (Lager Schweiz)
fortura-HB220558	lederhose-braun-kurz-fgsshb2205	Lederhose braun kurz – 58	Lederhose 1005 Nylon braun kurz Grösse 44 Details Marke: Haus Huberts Farbe: braun Anlass: Oktoberfest Warum bei LuxeStyle kaufen? 🇨🇭 Versand aus der Schweiz – Lieferung in nur 1–2 Werktagen (DPD) ↩️ 30 Tage Rückgaberecht 🔒 Kauf auf Rechnung mit Klarna · TWINT · Karten · PayPal · Apple Pay 💬 Schweizer Support: info@luxestyle.ch	https://luxestyle.ch/products/lederhose-braun-kurz-fgsshb2205?variant=55970775171457	https://cdn.shopify.com/s/files/1/0943/6856/3585/files/HB220544_1_9b07d597-84a3-46d3-8aac-8f5c1003ea97.jpg?v=1784840745		79.00 CHF	in stock	4	8719956261954	LuxeStyle	new	Kostüme & Verkleidung	1-3 Werktage (Lager Schweiz)
fortura-HB220560	lederhose-braun-kurz-fgsshb2205	Lederhose braun kurz – 60	Lederhose 1005 Nylon braun kurz Grösse 44 Details Marke: Haus Huberts Farbe: braun Anlass: Oktoberfest Warum bei LuxeStyle kaufen? 🇨🇭 Versand aus der Schweiz – Lieferung in nur 1–2 Werktagen (DPD) ↩️ 30 Tage Rückgaberecht 🔒 Kauf auf Rechnung mit Klarna · TWINT · Karten · PayPal · Apple Pay 💬 Schweizer Support: info@luxestyle.ch	https://luxestyle.ch/products/lederhose-braun-kurz-fgsshb2205?variant=55970775204225	https://cdn.shopify.com/s/files/1/0943/6856/3585/files/HB220544_1_9b07d597-84a3-46d3-8aac-8f5c1003ea97.jpg?v=1784840745		79.00 CHF	in stock	2	8719956262036	LuxeStyle	new	Kostüme & Verkleidung	1-3 Werktage (Lager Schweiz)
fortura-HB504146	lederhose-vintage-dunkelbraun-fgsshb5041	Lederhose vintage dunkelbraun – 46	Lederhose vintage dunkelbraun – hochwertige Qualität ab Schweizer Lager. Warum bei LuxeStyle kaufen? 🇨🇭 Versand aus der Schweiz – Lieferung in nur 1–2 Werktagen (DPD) ↩️ 30 Tage Rückgaberecht 🔒 Kauf auf Rechnung mit Klarna · TWINT · Karten · PayPal · Apple Pay 💬 Schweizer Support: info@luxestyle.ch	https://luxestyle.ch/products/lederhose-vintage-dunkelbraun-fgsshb5041?variant=55970775236993	https://cdn.shopify.com/s/files/1/0943/6856/3585/files/HB504146_2.jpg?v=1784952626	https://cdn.shopify.com/s/files/1/0943/6856/3585/files/HB504146_1_ca90f8ed-9873-410b-b626-e91838f734a5.jpg?v=1784840746,https://cdn.shopify.com/s/files/1/0943/6856/3585/files/HB504146_3.jpg?v=1784952626,https://cdn.shopify.com/s/files/1/0943/6856/3585/files/HB504148_2.jpg?v=1784952627,https://cdn.shopify.com/s/files/1/0943/6856/3585/files/HB504148_3.jpg?v=1784952627	118.90 CHF	in stock	3	8719956265440	LuxeStyle	new	Kostüme & Verkleidung	1-3 Werktage (Lager Schweiz)
fortura-HB504148	lederhose-vintage-dunkelbraun-fgsshb5041	Lederhose vintage dunkelbraun – 48	Lederhose vintage dunkelbraun – hochwertige Qualität ab Schweizer Lager. Warum bei LuxeStyle kaufen? 🇨🇭 Versand aus der Schweiz – Lieferung in nur 1–2 Werktagen (DPD) ↩️ 30 Tage Rückgaberecht 🔒 Kauf auf Rechnung mit Klarna · TWINT · Karten · PayPal · Apple Pay 💬 Schweizer Support: info@luxestyle.ch	https://luxestyle.ch/products/lederhose-vintage-dunkelbraun-fgsshb5041?variant=55970775269761	https://cdn.shopify.com/s/files/1/0943/6856/3585/files/HB504146_2.jpg?v=1784952626	https://cdn.shopify.com/s/files/1/0943/6856/3585/files/HB504146_1_ca90f8ed-9873-410b-b626-e91838f734a5.jpg?v=1784840746,https://cdn.shopify.com/s/files/1/0943/6856/3585/files/HB504146_3.jpg?v=1784952626,https://cdn.shopify.com/s/files/1/0943/6856/3585/files/HB504148_2.jpg?v=1784952627,https://cdn.shopify.com/s/files/1/0943/6856/3585/files/HB504148_3.jpg?v=1784952627	118.90 CHF	in stock	3	8719956265457	LuxeStyle	new	Kostüme & Verkleidung	1-3 Werktage (Lager Schweiz)
fortura-HB504152	lederhose-vintage-dunkelbraun-fgsshb5041	Lederhose vintage dunkelbraun – 52	Lederhose vintage dunkelbraun – hochwertige Qualität ab Schweizer Lager. Warum bei LuxeStyle kaufen? 🇨🇭 Versand aus der Schweiz – Lieferung in nur 1–2 Werktagen (DPD) ↩️ 30 Tage Rückgaberecht 🔒 Kauf auf Rechnung mit Klarna · TWINT · Karten · PayPal · Apple Pay 💬 Schweizer Support: info@luxestyle.ch	https://luxestyle.ch/products/lederhose-vintage-dunkelbraun-fgsshb5041?variant=55970775335297	https://cdn.shopify.com/s/files/1/0943/6856/3585/files/HB504146_2.jpg?v=1784952626	https://cdn.shopify.com/s/files/1/0943/6856/3585/files/HB504146_1_ca90f8ed-9873-410b-b626-e91838f734a5.jpg?v=1784840746,https://cdn.shopify.com/s/files/1/0943/6856/3585/files/HB504146_3.jpg?v=1784952626,https://cdn.shopify.com/s/files/1/0943/6856/3585/files/HB504148_2.jpg?v=1784952627,https://cdn.shopify.com/s/files/1/0943/6856/3585/files/HB504148_3.jpg?v=1784952627	119.00 CHF	in stock	2	8719956265471	LuxeStyle	new	Kostüme & Verkleidung	1-3 Werktage (Lager Schweiz)
fortura-HB504154	lederhose-vintage-dunkelbraun-fgsshb5041	Lederhose vintage dunkelbraun – 54	Lederhose vintage dunkelbraun – hochwertige Qualität ab Schweizer Lager. Warum bei LuxeStyle kaufen? 🇨🇭 Versand aus der Schweiz – Lieferung in nur 1–2 Werktagen (DPD) ↩️ 30 Tage Rückgaberecht 🔒 Kauf auf Rechnung mit Klarna · TWINT · Karten · PayPal · Apple Pay 💬 Schweizer Support: info@luxestyle.ch	https://luxestyle.ch/products/lederhose-vintage-dunkelbraun-fgsshb5041?variant=55970775368065	https://cdn.shopify.com/s/files/1/0943/6856/3585/files/HB504146_2.jpg?v=1784952626	https://cdn.shopify.com/s/files/1/0943/6856/3585/files/HB504146_1_ca90f8ed-9873-410b-b626-e91838f734a5.jpg?v=1784840746,https://cdn.shopify.com/s/files/1/0943/6856/3585/files/HB504146_3.jpg?v=1784952626,https://cdn.shopify.com/s/files/1/0943/6856/3585/files/HB504148_2.jpg?v=1784952627,https://cdn.shopify.com/s/files/1/0943/6856/3585/files/HB504148_3.jpg?v=1784952627	119.00 CHF	in stock	3	8719956265488	LuxeStyle	new	Kostüme & Verkleidung	1-3 Werktage (Lager Schweiz)
fortura-OR97992S-M	pluschjacke-langes-flor-fgssor97992	Plüschjacke langes Flor	Plüschjacke langes Flor – hochwertige Qualität ab Schweizer Lager. Details Anlass: Fasnacht Warum bei LuxeStyle kaufen? 🇨🇭 Versand aus der Schweiz – Lieferung in nur 1–2 Werktagen (DPD) ↩️ 30 Tage Rückgaberecht 🔒 Kauf auf Rechnung mit Klarna · TWINT · Karten · PayPal · Apple Pay 💬 Schweizer Support: info@luxestyle.ch	https://luxestyle.ch/products/pluschjacke-langes-flor-fgssor97992?variant=55970775400833	https://cdn.shopify.com/s/files/1/0943/6856/3585/files/OR97992L-XL_1.jpg?v=1784840745		65.00 CHF	in stock	6	4015101469928	LuxeStyle	new	Spielzeug & Spiele	1-3 Werktage (Lager Schweiz)
fortura-HB512546	bayrische-lederhosen-kurz-schwarz-fgsshb5125	Bayrische Lederhosen kurz schwarz – 46	Superqualität, echtes Leder. Mit aufwendiger 3-dimensionaler Traditions-Stickerei, H-Träger, Messertasche und Hirschhorn-Knöpfen. Komplett abgefüttert. Super Passform. Details Marke: Haus Huberts Farbe: schwarz Anlass: Oktoberfest Lieferumfang: 1 Lederhose Warum bei LuxeStyle kaufen? 🇨🇭 Versand aus der Schweiz – Lieferung in nur 1–2 Werktagen (DPD) ↩️ 30 Tage Rückgaberecht 🔒 Kauf auf Rechnung mit Klarna · TWINT · Karten · PayPal · Apple Pay 💬 Schweizer Support: info@luxestyle.ch	https://luxestyle.ch/products/bayrische-lederhosen-kurz-schwarz-fgsshb5125?variant=55970775564673	https://cdn.shopify.com/s/files/1/0943/6856/3585/files/HB512544_1.jpg?v=1784840750		109.00 CHF	in stock	3	8718858221530	LuxeStyle	new	Kostüme & Verkleidung	1-3 Werktage (Lager Schweiz)
fortura-HB512548	bayrische-lederhosen-kurz-schwarz-fgsshb5125	Bayrische Lederhosen kurz schwarz – 48	Superqualität, echtes Leder. Mit aufwendiger 3-dimensionaler Traditions-Stickerei, H-Träger, Messertasche und Hirschhorn-Knöpfen. Komplett abgefüttert. Super Passform. Details Marke: Haus Huberts Farbe: schwarz Anlass: Oktoberfest Lieferumfang: 1 Lederhose Warum bei LuxeStyle kaufen? 🇨🇭 Versand aus der Schweiz – Lieferung in nur 1–2 Werktagen (DPD) ↩️ 30 Tage Rückgaberecht 🔒 Kauf auf Rechnung mit Klarna · TWINT · Karten · PayPal · Apple Pay 💬 Schweizer Support: info@luxestyle.ch	https://luxestyle.ch/products/bayrische-lederhosen-kurz-schwarz-fgsshb5125?variant=55970775597441	https://cdn.shopify.com/s/files/1/0943/6856/3585/files/HB512544_1.jpg?v=1784840750		109.00 CHF	in stock	8	8718858221431	LuxeStyle	new	Kostüme & Verkleidung	1-3 Werktage (Lager Schweiz)
fortura-HB512550	bayrische-lederhosen-kurz-schwarz-fgsshb5125	Bayrische Lederhosen kurz schwarz – 50	Superqualität, echtes Leder. Mit aufwendiger 3-dimensionaler Traditions-Stickerei, H-Träger, Messertasche und Hirschhorn-Knöpfen. Komplett abgefüttert. Super Passform. Details Marke: Haus Huberts Farbe: schwarz Anlass: Oktoberfest Lieferumfang: 1 Lederhose Warum bei LuxeStyle kaufen? 🇨🇭 Versand aus der Schweiz – Lieferung in nur 1–2 Werktagen (DPD) ↩️ 30 Tage Rückgaberecht 🔒 Kauf auf Rechnung mit Klarna · TWINT · Karten · PayPal · Apple Pay 💬 Schweizer Support: info@luxestyle.ch	https://luxestyle.ch/products/bayrische-lederhosen-kurz-schwarz-fgsshb5125?variant=55970775630209	https://cdn.shopify.com/s/files/1/0943/6856/3585/files/HB512544_1.jpg?v=1784840750		109.00 CHF	in stock	3	8718858221448	LuxeStyle	new	Kostüme & Verkleidung	1-3 Werktage (Lager Schweiz)
fortura-HB512552	bayrische-lederhosen-kurz-schwarz-fgsshb5125	Bayrische Lederhosen kurz schwarz – 52	Superqualität, echtes Leder. Mit aufwendiger 3-dimensionaler Traditions-Stickerei, H-Träger, Messertasche und Hirschhorn-Knöpfen. Komplett abgefüttert. Super Passform. Details Marke: Haus Huberts Farbe: schwarz Anlass: Oktoberfest Lieferumfang: 1 Lederhose Warum bei LuxeStyle kaufen? 🇨🇭 Versand aus der Schweiz – Lieferung in nur 1–2 Werktagen (DPD) ↩️ 30 Tage Rückgaberecht 🔒 Kauf auf Rechnung mit Klarna · TWINT · Karten · PayPal · Apple Pay 💬 Schweizer Support: info@luxestyle.ch	https://luxestyle.ch/products/bayrische-lederhosen-kurz-schwarz-fgsshb5125?variant=55970775662977	https://cdn.shopify.com/s/files/1/0943/6856/3585/files/HB512544_1.jpg?v=1784840750		109.00 CHF	in stock	2	8718858221455	LuxeStyle	new	Kostüme & Verkleidung	1-3 Werktage (Lager Schweiz)
fortura-HB512554	bayrische-lederhosen-kurz-schwarz-fgsshb5125	Bayrische Lederhosen kurz schwarz – 54	Superqualität, echtes Leder. Mit aufwendiger 3-dimensionaler Traditions-Stickerei, H-Träger, Messertasche und Hirschhorn-Knöpfen. Komplett abgefüttert. Super Passform. Details Marke: Haus Huberts Farbe: schwarz Anlass: Oktoberfest Lieferumfang: 1 Lederhose Warum bei LuxeStyle kaufen? 🇨🇭 Versand aus der Schweiz – Lieferung in nur 1–2 Werktagen (DPD) ↩️ 30 Tage Rückgaberecht 🔒 Kauf auf Rechnung mit Klarna · TWINT · Karten · PayPal · Apple Pay 💬 Schweizer Support: info@luxestyle.ch	https://luxestyle.ch/products/bayrische-lederhosen-kurz-schwarz-fgsshb5125?variant=55970775695745	https://cdn.shopify.com/s/files/1/0943/6856/3585/files/HB512544_1.jpg?v=1784840750		109.00 CHF	in stock	5	8718858221462	LuxeStyle	new	Kostüme & Verkleidung	1-3 Werktage (Lager Schweiz)
fortura-HB250838	dirndl-blau-weiss-polka-fgsshb2508	Dirndl blau-weiss Polka – 38	Dirndl blau-weiss Polka – hochwertige Qualität ab Schweizer Lager. Warum bei LuxeStyle kaufen? 🇨🇭 Versand aus der Schweiz – Lieferung in nur 1–2 Werktagen (DPD) ↩️ 30 Tage Rückgaberecht 🔒 Kauf auf Rechnung mit Klarna · TWINT · Karten · PayPal · Apple Pay 💬 Schweizer Support: info@luxestyle.ch	https://luxestyle.ch/products/dirndl-blau-weiss-polka-fgsshb2508?variant=55970775826817	https://cdn.shopify.com/s/files/1/0943/6856/3585/files/HB250838_1_247f3ed9-6227-4d66-be3e-7354fe0f039c.jpg?v=1784840752		92.90 CHF	in stock	5	8719956260629	LuxeStyle	new	Kostüme & Verkleidung	1-3 Werktage (Lager Schweiz)
fortura-HB250840	dirndl-blau-weiss-polka-fgsshb2508	Dirndl blau-weiss Polka – 40	Dirndl blau-weiss Polka – hochwertige Qualität ab Schweizer Lager. Warum bei LuxeStyle kaufen? 🇨🇭 Versand aus der Schweiz – Lieferung in nur 1–2 Werktagen (DPD) ↩️ 30 Tage Rückgaberecht 🔒 Kauf auf Rechnung mit Klarna · TWINT · Karten · PayPal · Apple Pay 💬 Schweizer Support: info@luxestyle.ch	https://luxestyle.ch/products/dirndl-blau-weiss-polka-fgsshb2508?variant=55970775859585	https://cdn.shopify.com/s/files/1/0943/6856/3585/files/HB250838_1_247f3ed9-6227-4d66-be3e-7354fe0f039c.jpg?v=1784840752		92.90 CHF	in stock	2	8719956260636	LuxeStyle	new	Kostüme & Verkleidung	1-3 Werktage (Lager Schweiz)
fortura-HB250842	dirndl-blau-weiss-polka-fgsshb2508	Dirndl blau-weiss Polka – 42	Dirndl blau-weiss Polka – hochwertige Qualität ab Schweizer Lager. Warum bei LuxeStyle kaufen? 🇨🇭 Versand aus der Schweiz – Lieferung in nur 1–2 Werktagen (DPD) ↩️ 30 Tage Rückgaberecht 🔒 Kauf auf Rechnung mit Klarna · TWINT · Karten · PayPal · Apple Pay 💬 Schweizer Support: info@luxestyle.ch	https://luxestyle.ch/products/dirndl-blau-weiss-polka-fgsshb2508?variant=55970775892353	https://cdn.shopify.com/s/files/1/0943/6856/3585/files/HB250838_1_247f3ed9-6227-4d66-be3e-7354fe0f039c.jpg?v=1784840752		92.90 CHF	in stock	14	8719956260643	LuxeStyle	new	Kostüme & Verkleidung	1-3 Werktage (Lager Schweiz)
fortura-HB250844	dirndl-blau-weiss-polka-fgsshb2508	Dirndl blau-weiss Polka – 44	Dirndl blau-weiss Polka – hochwertige Qualität ab Schweizer Lager. Warum bei LuxeStyle kaufen? 🇨🇭 Versand aus der Schweiz – Lieferung in nur 1–2 Werktagen (DPD) ↩️ 30 Tage Rückgaberecht 🔒 Kauf auf Rechnung mit Klarna · TWINT · Karten · PayPal · Apple Pay 💬 Schweizer Support: info@luxestyle.ch	https://luxestyle.ch/products/dirndl-blau-weiss-polka-fgsshb2508?variant=55970775925121	https://cdn.shopify.com/s/files/1/0943/6856/3585/files/HB250838_1_247f3ed9-6227-4d66-be3e-7354fe0f039c.jpg?v=1784840752		92.90 CHF	in stock	1	8719956260650	LuxeStyle	new	Kostüme & Verkleidung	1-3 Werktage (Lager Schweiz)
fortura-HB250848	dirndl-blau-weiss-polka-fgsshb2508	Dirndl blau-weiss Polka – 48	Dirndl blau-weiss Polka – hochwertige Qualität ab Schweizer Lager. Warum bei LuxeStyle kaufen? 🇨🇭 Versand aus der Schweiz – Lieferung in nur 1–2 Werktagen (DPD) ↩️ 30 Tage Rückgaberecht 🔒 Kauf auf Rechnung mit Klarna · TWINT · Karten · PayPal · Apple Pay 💬 Schweizer Support: info@luxestyle.ch	https://luxestyle.ch/products/dirndl-blau-weiss-polka-fgsshb2508?variant=55970775990657	https://cdn.shopify.com/s/files/1/0943/6856/3585/files/HB250838_1_247f3ed9-6227-4d66-be3e-7354fe0f039c.jpg?v=1784840752		92.90 CHF	in stock	1	8719956260674	LuxeStyle	new	Kostüme & Verkleidung	1-3 Werktage (Lager Schweiz)
fortura-HB526044	lederhose-kurz-braun-fgsshb5260	Lederhose kurz braun – 44	Lederhose kurz braun – hochwertige Qualität ab Schweizer Lager. Details Anlass: Oktoberfest Warum bei LuxeStyle kaufen? 🇨🇭 Versand aus der Schweiz – Lieferung in nur 1–2 Werktagen (DPD) ↩️ 30 Tage Rückgaberecht 🔒 Kauf auf Rechnung mit Klarna · TWINT · Karten · PayPal · Apple Pay 💬 Schweizer Support: info@luxestyle.ch	https://luxestyle.ch/products/lederhose-kurz-braun-fgsshb5260?variant=55970776187265	https://cdn.shopify.com/s/files/1/0943/6856/3585/files/HB526044_1_a399ffa8-44cc-43e0-aab6-a4c8138a00c9.jpg?v=1784840752		155.00 CHF	in stock	2	8721077012278	LuxeStyle	new	Kostüme & Verkleidung	1-3 Werktage (Lager Schweiz)
fortura-HB526046	lederhose-kurz-braun-fgsshb5260	Lederhose kurz braun – 46	Lederhose kurz braun – hochwertige Qualität ab Schweizer Lager. Details Anlass: Oktoberfest Warum bei LuxeStyle kaufen? 🇨🇭 Versand aus der Schweiz – Lieferung in nur 1–2 Werktagen (DPD) ↩️ 30 Tage Rückgaberecht 🔒 Kauf auf Rechnung mit Klarna · TWINT · Karten · PayPal · Apple Pay 💬 Schweizer Support: info@luxestyle.ch	https://luxestyle.ch/products/lederhose-kurz-braun-fgsshb5260?variant=55970776220033	https://cdn.shopify.com/s/files/1/0943/6856/3585/files/HB526044_1_a399ffa8-44cc-43e0-aab6-a4c8138a00c9.jpg?v=1784840752		155.00 CHF	in stock	2	8721077012285	LuxeStyle	new	Kostüme & Verkleidung	1-3 Werktage (Lager Schweiz)
fortura-HB526048	lederhose-kurz-braun-fgsshb5260	Lederhose kurz braun – 48	Lederhose kurz braun – hochwertige Qualität ab Schweizer Lager. Details Anlass: Oktoberfest Warum bei LuxeStyle kaufen? 🇨🇭 Versand aus der Schweiz – Lieferung in nur 1–2 Werktagen (DPD) ↩️ 30 Tage Rückgaberecht 🔒 Kauf auf Rechnung mit Klarna · TWINT · Karten · PayPal · Apple Pay 💬 Schweizer Support: info@luxestyle.ch	https://luxestyle.ch/products/lederhose-kurz-braun-fgsshb5260?variant=55970776252801	https://cdn.shopify.com/s/files/1/0943/6856/3585/files/HB526044_1_a399ffa8-44cc-43e0-aab6-a4c8138a00c9.jpg?v=1784840752		155.00 CHF	in stock	5	8721077012292	LuxeStyle	new	Kostüme & Verkleidung	1-3 Werktage (Lager Schweiz)
fortura-HB526054	lederhose-kurz-braun-fgsshb5260	Lederhose kurz braun – 54	Lederhose kurz braun – hochwertige Qualität ab Schweizer Lager. Details Anlass: Oktoberfest Warum bei LuxeStyle kaufen? 🇨🇭 Versand aus der Schweiz – Lieferung in nur 1–2 Werktagen (DPD) ↩️ 30 Tage Rückgaberecht 🔒 Kauf auf Rechnung mit Klarna · TWINT · Karten · PayPal · Apple Pay 💬 Schweizer Support: info@luxestyle.ch	https://luxestyle.ch/products/lederhose-kurz-braun-fgsshb5260?variant=55970776318337	https://cdn.shopify.com/s/files/1/0943/6856/3585/files/HB526044_1_a399ffa8-44cc-43e0-aab6-a4c8138a00c9.jpg?v=1784840752		155.00 CHF	in stock	1	8721077012322	LuxeStyle	new	Kostüme & Verkleidung	1-3 Werktage (Lager Schweiz)
fortura-HB526056	lederhose-kurz-braun-fgsshb5260	Lederhose kurz braun – 56	Lederhose kurz braun – hochwertige Qualität ab Schweizer Lager. Details Anlass: Oktoberfest Warum bei LuxeStyle kaufen? 🇨🇭 Versand aus der Schweiz – Lieferung in nur 1–2 Werktagen (DPD) ↩️ 30 Tage Rückgaberecht 🔒 Kauf auf Rechnung mit Klarna · TWINT · Karten · PayPal · Apple Pay 💬 Schweizer Support: info@luxestyle.ch	https://luxestyle.ch/products/lederhose-kurz-braun-fgsshb5260?variant=55970776351105	https://cdn.shopify.com/s/files/1/0943/6856/3585/files/HB526044_1_a399ffa8-44cc-43e0-aab6-a4c8138a00c9.jpg?v=1784840752		155.00 CHF	in stock	1	8721077012339	LuxeStyle	new	Kostüme & Verkleidung	1-3 Werktage (Lager Schweiz)
fortura-HB526058	lederhose-kurz-braun-fgsshb5260	Lederhose kurz braun – 58	Lederhose kurz braun – hochwertige Qualität ab Schweizer Lager. Details Anlass: Oktoberfest Warum bei LuxeStyle kaufen? 🇨🇭 Versand aus der Schweiz – Lieferung in nur 1–2 Werktagen (DPD) ↩️ 30 Tage Rückgaberecht 🔒 Kauf auf Rechnung mit Klarna · TWINT · Karten · PayPal · Apple Pay 💬 Schweizer Support: info@luxestyle.ch	https://luxestyle.ch/products/lederhose-kurz-braun-fgsshb5260?variant=55970776383873	https://cdn.shopify.com/s/files/1/0943/6856/3585/files/HB526044_1_a399ffa8-44cc-43e0-aab6-a4c8138a00c9.jpg?v=1784840752		155.00 CHF	in stock	2	8721077012346	LuxeStyle	new	Kostüme & Verkleidung	1-3 Werktage (Lager Schweiz)
fortura-HB526060	lederhose-kurz-braun-fgsshb5260	Lederhose kurz braun – 60	Lederhose kurz braun – hochwertige Qualität ab Schweizer Lager. Details Anlass: Oktoberfest Warum bei LuxeStyle kaufen? 🇨🇭 Versand aus der Schweiz – Lieferung in nur 1–2 Werktagen (DPD) ↩️ 30 Tage Rückgaberecht 🔒 Kauf auf Rechnung mit Klarna · TWINT · Karten · PayPal · Apple Pay 💬 Schweizer Support: info@luxestyle.ch	https://luxestyle.ch/products/lederhose-kurz-braun-fgsshb5260?variant=55970776416641	https://cdn.shopify.com/s/files/1/0943/6856/3585/files/HB526044_1_a399ffa8-44cc-43e0-aab6-a4c8138a00c9.jpg?v=1784840752		155.00 CHF	in stock	1	8721077012353	LuxeStyle	new	Kostüme & Verkleidung	1-3 Werktage (Lager Schweiz)
fortura-HB526062	lederhose-kurz-braun-fgsshb5260	Lederhose kurz braun – 62	Lederhose kurz braun – hochwertige Qualität ab Schweizer Lager. Details Anlass: Oktoberfest Warum bei LuxeStyle kaufen? 🇨🇭 Versand aus der Schweiz – Lieferung in nur 1–2 Werktagen (DPD) ↩️ 30 Tage Rückgaberecht 🔒 Kauf auf Rechnung mit Klarna · TWINT · Karten · PayPal · Apple Pay 💬 Schweizer Support: info@luxestyle.ch	https://luxestyle.ch/products/lederhose-kurz-braun-fgsshb5260?variant=55970776449409	https://cdn.shopify.com/s/files/1/0943/6856/3585/files/HB526044_1_a399ffa8-44cc-43e0-aab6-a4c8138a00c9.jpg?v=1784840752		155.00 CHF	in stock	2	8721077012360	LuxeStyle	new	Kostüme & Verkleidung	1-3 Werktage (Lager Schweiz)
fortura-HB526064	lederhose-kurz-braun-fgsshb5260	Lederhose kurz braun – 64	Lederhose kurz braun – hochwertige Qualität ab Schweizer Lager. Details Anlass: Oktoberfest Warum bei LuxeStyle kaufen? 🇨🇭 Versand aus der Schweiz – Lieferung in nur 1–2 Werktagen (DPD) ↩️ 30 Tage Rückgaberecht 🔒 Kauf auf Rechnung mit Klarna · TWINT · Karten · PayPal · Apple Pay 💬 Schweizer Support: info@luxestyle.ch	https://luxestyle.ch/products/lederhose-kurz-braun-fgsshb5260?variant=55970776482177	https://cdn.shopify.com/s/files/1/0943/6856/3585/files/HB526044_1_a399ffa8-44cc-43e0-aab6-a4c8138a00c9.jpg?v=1784840752		155.00 CHF	in stock	2	8721077012377	LuxeStyle	new	Kostüme & Verkleidung	1-3 Werktage (Lager Schweiz)
fortura-HB251148	dirndl-polka-fgsshb2511	Dirndl Polka – 48	Qualitativ hochwertiges Dirndl aus 100% Baumwolle, bestehend aus 3 Teilen: Dirndl, Satinschürze und Bluse. Details Marke: Haus Huberts Farbe: rot Anlass: Oktoberfest Lieferumfang: Kleid, Schürze und Bluse Warum bei LuxeStyle kaufen? 🇨🇭 Versand aus der Schweiz – Lieferung in nur 1–2 Werktagen (DPD) ↩️ 30 Tage Rückgaberecht 🔒 Kauf auf Rechnung mit Klarna · TWINT · Karten · PayPal · Apple Pay 💬 Schweizer Support: info@luxestyle.ch	https://luxestyle.ch/products/dirndl-polka-fgsshb2511?variant=55970776580481	https://cdn.shopify.com/s/files/1/0943/6856/3585/files/HB251140_1.jpg?v=1784840756	https://cdn.shopify.com/s/files/1/0943/6856/3585/files/HB251144_2.jpg?v=1784952637,https://cdn.shopify.com/s/files/1/0943/6856/3585/files/HB251144_3.jpg?v=1784952637,https://cdn.shopify.com/s/files/1/0943/6856/3585/files/HB251148_2.jpg?v=1784952637,https://cdn.shopify.com/s/files/1/0943/6856/3585/files/HB251148_3.jpg?v=1784952637	99.90 CHF	in stock	2	8719956260766	LuxeStyle	new	Kostüme & Verkleidung	1-3 Werktage (Lager Schweiz)
fortura-HB253536	dirndl-mit-blumen-fgsshb2535	Dirndl mit Blumen – 36	Wunderschönes und hochwertiges Dirndl mit elegant-modernem Blumenmuster und aufwendiger Stickerei. Der prachtvoll designte Rücken nimmt jedem Oktoberfestbesucher den Atem! Haus Huberts besticht durch seine Qualität und top Verarbeitung. Details Marke: Haus Huberts Farbe: mehrfarbig Anlass: Oktoberfest Lieferumfang: 1 Dirndl mit Schürze und Bluse Warum bei LuxeStyle kaufen? 🇨🇭 Versand aus der Schweiz – Lieferung in nur 1–2 Werktagen (DPD) ↩️ 30 Tage Rückgaberecht 🔒 Kauf auf Rechnung mit Klarna · TWINT · Karten · PayPal · Apple Pay 💬 Schweizer Support: info@luxestyle.ch	https://luxestyle.ch/products/dirndl-mit-blumen-fgsshb2535?variant=55970776777089	https://cdn.shopify.com/s/files/1/0943/6856/3585/files/HB253536_1_395c6133-4225-4542-9bba-a52c50b6fd77.jpg?v=1784840757	https://cdn.shopify.com/s/files/1/0943/6856/3585/files/HB253536_2.jpg?v=1784952641,https://cdn.shopify.com/s/files/1/0943/6856/3585/files/HB253536_3.jpg?v=1784952642,https://cdn.shopify.com/s/files/1/0943/6856/3585/files/HB253538_2.jpg?v=1784952641,https://cdn.shopify.com/s/files/1/0943/6856/3585/files/HB253538_3.jpg?v=1784952642	99.90 CHF	in stock	1	8718858229314	LuxeStyle	new	Kostüme & Verkleidung	1-3 Werktage (Lager Schweiz)
fortura-HB253538	dirndl-mit-blumen-fgsshb2535	Dirndl mit Blumen – 38	Wunderschönes und hochwertiges Dirndl mit elegant-modernem Blumenmuster und aufwendiger Stickerei. Der prachtvoll designte Rücken nimmt jedem Oktoberfestbesucher den Atem! Haus Huberts besticht durch seine Qualität und top Verarbeitung. Details Marke: Haus Huberts Farbe: mehrfarbig Anlass: Oktoberfest Lieferumfang: 1 Dirndl mit Schürze und Bluse Warum bei LuxeStyle kaufen? 🇨🇭 Versand aus der Schweiz – Lieferung in nur 1–2 Werktagen (DPD) ↩️ 30 Tage Rückgaberecht 🔒 Kauf auf Rechnung mit Klarna · TWINT · Karten · PayPal · Apple Pay 💬 Schweizer Support: info@luxestyle.ch	https://luxestyle.ch/products/dirndl-mit-blumen-fgsshb2535?variant=55970776809857	https://cdn.shopify.com/s/files/1/0943/6856/3585/files/HB253536_1_395c6133-4225-4542-9bba-a52c50b6fd77.jpg?v=1784840757	https://cdn.shopify.com/s/files/1/0943/6856/3585/files/HB253536_2.jpg?v=1784952641,https://cdn.shopify.com/s/files/1/0943/6856/3585/files/HB253536_3.jpg?v=1784952642,https://cdn.shopify.com/s/files/1/0943/6856/3585/files/HB253538_2.jpg?v=1784952641,https://cdn.shopify.com/s/files/1/0943/6856/3585/files/HB253538_3.jpg?v=1784952642	99.90 CHF	in stock	3	8718858229321	LuxeStyle	new	Kostüme & Verkleidung	1-3 Werktage (Lager Schweiz)
fortura-HB253542	dirndl-mit-blumen-fgsshb2535	Dirndl mit Blumen – 42	Wunderschönes und hochwertiges Dirndl mit elegant-modernem Blumenmuster und aufwendiger Stickerei. Der prachtvoll designte Rücken nimmt jedem Oktoberfestbesucher den Atem! Haus Huberts besticht durch seine Qualität und top Verarbeitung. Details Marke: Haus Huberts Farbe: mehrfarbig Anlass: Oktoberfest Lieferumfang: 1 Dirndl mit Schürze und Bluse Warum bei LuxeStyle kaufen? 🇨🇭 Versand aus der Schweiz – Lieferung in nur 1–2 Werktagen (DPD) ↩️ 30 Tage Rückgaberecht 🔒 Kauf auf Rechnung mit Klarna · TWINT · Karten · PayPal · Apple Pay 💬 Schweizer Support: info@luxestyle.ch	https://luxestyle.ch/products/dirndl-mit-blumen-fgsshb2535?variant=55970776842625	https://cdn.shopify.com/s/files/1/0943/6856/3585/files/HB253536_1_395c6133-4225-4542-9bba-a52c50b6fd77.jpg?v=1784840757	https://cdn.shopify.com/s/files/1/0943/6856/3585/files/HB253536_2.jpg?v=1784952641,https://cdn.shopify.com/s/files/1/0943/6856/3585/files/HB253536_3.jpg?v=1784952642,https://cdn.shopify.com/s/files/1/0943/6856/3585/files/HB253538_2.jpg?v=1784952641,https://cdn.shopify.com/s/files/1/0943/6856/3585/files/HB253538_3.jpg?v=1784952642	99.90 CHF	in stock	2	8718858229345	LuxeStyle	new	Kostüme & Verkleidung	1-3 Werktage (Lager Schweiz)
fortura-HB253546	dirndl-mit-blumen-fgsshb2535	Dirndl mit Blumen – 46	Wunderschönes und hochwertiges Dirndl mit elegant-modernem Blumenmuster und aufwendiger Stickerei. Der prachtvoll designte Rücken nimmt jedem Oktoberfestbesucher den Atem! Haus Huberts besticht durch seine Qualität und top Verarbeitung. Details Marke: Haus Huberts Farbe: mehrfarbig Anlass: Oktoberfest Lieferumfang: 1 Dirndl mit Schürze und Bluse Warum bei LuxeStyle kaufen? 🇨🇭 Versand aus der Schweiz – Lieferung in nur 1–2 Werktagen (DPD) ↩️ 30 Tage Rückgaberecht 🔒 Kauf auf Rechnung mit Klarna · TWINT · Karten · PayPal · Apple Pay 💬 Schweizer Support: info@luxestyle.ch	https://luxestyle.ch/products/dirndl-mit-blumen-fgsshb2535?variant=55970776875393	https://cdn.shopify.com/s/files/1/0943/6856/3585/files/HB253536_1_395c6133-4225-4542-9bba-a52c50b6fd77.jpg?v=1784840757	https://cdn.shopify.com/s/files/1/0943/6856/3585/files/HB253536_2.jpg?v=1784952641,https://cdn.shopify.com/s/files/1/0943/6856/3585/files/HB253536_3.jpg?v=1784952642,https://cdn.shopify.com/s/files/1/0943/6856/3585/files/HB253538_2.jpg?v=1784952641,https://cdn.shopify.com/s/files/1/0943/6856/3585/files/HB253538_3.jpg?v=1784952642	99.90 CHF	in stock	2	8718858229369	LuxeStyle	new	Kostüme & Verkleidung	1-3 Werktage (Lager Schweiz)
fortura-HB253548	dirndl-mit-blumen-fgsshb2535	Dirndl mit Blumen – 48	Wunderschönes und hochwertiges Dirndl mit elegant-modernem Blumenmuster und aufwendiger Stickerei. Der prachtvoll designte Rücken nimmt jedem Oktoberfestbesucher den Atem! Haus Huberts besticht durch seine Qualität und top Verarbeitung. Details Marke: Haus Huberts Farbe: mehrfarbig Anlass: Oktoberfest Lieferumfang: 1 Dirndl mit Schürze und Bluse Warum bei LuxeStyle kaufen? 🇨🇭 Versand aus der Schweiz – Lieferung in nur 1–2 Werktagen (DPD) ↩️ 30 Tage Rückgaberecht 🔒 Kauf auf Rechnung mit Klarna · TWINT · Karten · PayPal · Apple Pay 💬 Schweizer Support: info@luxestyle.ch	https://luxestyle.ch/products/dirndl-mit-blumen-fgsshb2535?variant=55970776908161	https://cdn.shopify.com/s/files/1/0943/6856/3585/files/HB253536_1_395c6133-4225-4542-9bba-a52c50b6fd77.jpg?v=1784840757	https://cdn.shopify.com/s/files/1/0943/6856/3585/files/HB253536_2.jpg?v=1784952641,https://cdn.shopify.com/s/files/1/0943/6856/3585/files/HB253536_3.jpg?v=1784952642,https://cdn.shopify.com/s/files/1/0943/6856/3585/files/HB253538_2.jpg?v=1784952641,https://cdn.shopify.com/s/files/1/0943/6856/3585/files/HB253538_3.jpg?v=1784952642	99.90 CHF	in stock	2	8718858229376	LuxeStyle	new	Kostüme & Verkleidung	1-3 Werktage (Lager Schweiz)
fortura-HB253550	dirndl-mit-blumen-fgsshb2535	Dirndl mit Blumen – 50	Wunderschönes und hochwertiges Dirndl mit elegant-modernem Blumenmuster und aufwendiger Stickerei. Der prachtvoll designte Rücken nimmt jedem Oktoberfestbesucher den Atem! Haus Huberts besticht durch seine Qualität und top Verarbeitung. Details Marke: Haus Huberts Farbe: mehrfarbig Anlass: Oktoberfest Lieferumfang: 1 Dirndl mit Schürze und Bluse Warum bei LuxeStyle kaufen? 🇨🇭 Versand aus der Schweiz – Lieferung in nur 1–2 Werktagen (DPD) ↩️ 30 Tage Rückgaberecht 🔒 Kauf auf Rechnung mit Klarna · TWINT · Karten · PayPal · Apple Pay 💬 Schweizer Support: info@luxestyle.ch	https://luxestyle.ch/products/dirndl-mit-blumen-fgsshb2535?variant=55970776940929	https://cdn.shopify.com/s/files/1/0943/6856/3585/files/HB253536_1_395c6133-4225-4542-9bba-a52c50b6fd77.jpg?v=1784840757	https://cdn.shopify.com/s/files/1/0943/6856/3585/files/HB253536_2.jpg?v=1784952641,https://cdn.shopify.com/s/files/1/0943/6856/3585/files/HB253536_3.jpg?v=1784952642,https://cdn.shopify.com/s/files/1/0943/6856/3585/files/HB253538_2.jpg?v=1784952641,https://cdn.shopify.com/s/files/1/0943/6856/3585/files/HB253538_3.jpg?v=1784952642	99.90 CHF	in stock	2	8718858229383	LuxeStyle	new	Kostüme & Verkleidung	1-3 Werktage (Lager Schweiz)
fortura-HB256244	dirndl-blumenmotiv-fgsshb2562	Dirndl Blumenmotiv – 44	Qualitativ hochwertiges Dirndel aus 100% Baumwolle, bestehend aus 3 Teilen: Dirndl, Satinschürze und Bluse. Details Marke: Haus Huberts Farbe: schwarz Anlass: Oktoberfest Lieferumfang: Bluse, Kleid und Schürze Warum bei LuxeStyle kaufen? 🇨🇭 Versand aus der Schweiz – Lieferung in nur 1–2 Werktagen (DPD) ↩️ 30 Tage Rückgaberecht 🔒 Kauf auf Rechnung mit Klarna · TWINT · Karten · PayPal · Apple Pay 💬 Schweizer Support: info@luxestyle.ch	https://luxestyle.ch/products/dirndl-blumenmotiv-fgsshb2562?variant=55970777203073	https://cdn.shopify.com/s/files/1/0943/6856/3585/files/HB256236_1.jpg?v=1784840760	https://cdn.shopify.com/s/files/1/0943/6856/3585/files/HB256238_2.jpg?v=1784952652,https://cdn.shopify.com/s/files/1/0943/6856/3585/files/HB256238_3.jpg?v=1784952652,https://cdn.shopify.com/s/files/1/0943/6856/3585/files/HB256242_2.jpg?v=1784952652,https://cdn.shopify.com/s/files/1/0943/6856/3585/files/HB256242_3.jpg?v=1784952653	99.90 CHF	in stock	1	8719956261251	LuxeStyle	new	Kostüme & Verkleidung	1-3 Werktage (Lager Schweiz)
fortura-HB256248	dirndl-blumenmotiv-fgsshb2562	Dirndl Blumenmotiv – 48	Qualitativ hochwertiges Dirndel aus 100% Baumwolle, bestehend aus 3 Teilen: Dirndl, Satinschürze und Bluse. Details Marke: Haus Huberts Farbe: schwarz Anlass: Oktoberfest Lieferumfang: Bluse, Kleid und Schürze Warum bei LuxeStyle kaufen? 🇨🇭 Versand aus der Schweiz – Lieferung in nur 1–2 Werktagen (DPD) ↩️ 30 Tage Rückgaberecht 🔒 Kauf auf Rechnung mit Klarna · TWINT · Karten · PayPal · Apple Pay 💬 Schweizer Support: info@luxestyle.ch	https://luxestyle.ch/products/dirndl-blumenmotiv-fgsshb2562?variant=55970777235841	https://cdn.shopify.com/s/files/1/0943/6856/3585/files/HB256236_1.jpg?v=1784840760	https://cdn.shopify.com/s/files/1/0943/6856/3585/files/HB256238_2.jpg?v=1784952652,https://cdn.shopify.com/s/files/1/0943/6856/3585/files/HB256238_3.jpg?v=1784952652,https://cdn.shopify.com/s/files/1/0943/6856/3585/files/HB256242_2.jpg?v=1784952652,https://cdn.shopify.com/s/files/1/0943/6856/3585/files/HB256242_3.jpg?v=1784952653	99.90 CHF	in stock	3	8719956261275	LuxeStyle	new	Kostüme & Verkleidung	1-3 Werktage (Lager Schweiz)
fortura-HB256252	dirndl-blumenmotiv-fgsshb2562	Dirndl Blumenmotiv – 52	Qualitativ hochwertiges Dirndel aus 100% Baumwolle, bestehend aus 3 Teilen: Dirndl, Satinschürze und Bluse. Details Marke: Haus Huberts Farbe: schwarz Anlass: Oktoberfest Lieferumfang: Bluse, Kleid und Schürze Warum bei LuxeStyle kaufen? 🇨🇭 Versand aus der Schweiz – Lieferung in nur 1–2 Werktagen (DPD) ↩️ 30 Tage Rückgaberecht 🔒 Kauf auf Rechnung mit Klarna · TWINT · Karten · PayPal · Apple Pay 💬 Schweizer Support: info@luxestyle.ch	https://luxestyle.ch/products/dirndl-blumenmotiv-fgsshb2562?variant=55970777301377	https://cdn.shopify.com/s/files/1/0943/6856/3585/files/HB256236_1.jpg?v=1784840760	https://cdn.shopify.com/s/files/1/0943/6856/3585/files/HB256238_2.jpg?v=1784952652,https://cdn.shopify.com/s/files/1/0943/6856/3585/files/HB256238_3.jpg?v=1784952652,https://cdn.shopify.com/s/files/1/0943/6856/3585/files/HB256242_2.jpg?v=1784952652,https://cdn.shopify.com/s/files/1/0943/6856/3585/files/HB256242_3.jpg?v=1784952653	99.90 CHF	in stock	2	8719956261527	LuxeStyle	new	Kostüme & Verkleidung	1-3 Werktage (Lager Schweiz)
fortura-HB2835L	strickjacke-oktoberfest-fgsshb2835	Strickjacke Oktoberfest – L	Strickjacke Oktoberfest – hochwertige Qualität ab Schweizer Lager. Details Anlass: Oktoberfest Warum bei LuxeStyle kaufen? 🇨🇭 Versand aus der Schweiz – Lieferung in nur 1–2 Werktagen (DPD) ↩️ 30 Tage Rückgaberecht 🔒 Kauf auf Rechnung mit Klarna · TWINT · Karten · PayPal · Apple Pay 💬 Schweizer Support: info@luxestyle.ch	https://luxestyle.ch/products/strickjacke-oktoberfest-fgsshb2835?variant=55970779922817	https://cdn.shopify.com/s/files/1/0943/6856/3585/files/HB2835L_1_97e728c3-2d7f-4cbe-ada9-b4f881fbb36c.jpg?v=1784840784		99.90 CHF	in stock	5	8721077012599	LuxeStyle	new	Kostüme & Verkleidung	1-3 Werktage (Lager Schweiz)
fortura-HB2835XXL	strickjacke-oktoberfest-fgsshb2835	Strickjacke Oktoberfest – XXL	Strickjacke Oktoberfest – hochwertige Qualität ab Schweizer Lager. Details Anlass: Oktoberfest Warum bei LuxeStyle kaufen? 🇨🇭 Versand aus der Schweiz – Lieferung in nur 1–2 Werktagen (DPD) ↩️ 30 Tage Rückgaberecht 🔒 Kauf auf Rechnung mit Klarna · TWINT · Karten · PayPal · Apple Pay 💬 Schweizer Support: info@luxestyle.ch	https://luxestyle.ch/products/strickjacke-oktoberfest-fgsshb2835?variant=55970779955585	https://cdn.shopify.com/s/files/1/0943/6856/3585/files/HB2835L_1_97e728c3-2d7f-4cbe-ada9-b4f881fbb36c.jpg?v=1784840784		99.90 CHF	in stock	3	8721077012636	LuxeStyle	new	Kostüme & Verkleidung	1-3 Werktage (Lager Schweiz)
fortura-HB2835XXXL	strickjacke-oktoberfest-fgsshb2835	Strickjacke Oktoberfest – XXXL	Strickjacke Oktoberfest – hochwertige Qualität ab Schweizer Lager. Details Anlass: Oktoberfest Warum bei LuxeStyle kaufen? 🇨🇭 Versand aus der Schweiz – Lieferung in nur 1–2 Werktagen (DPD) ↩️ 30 Tage Rückgaberecht 🔒 Kauf auf Rechnung mit Klarna · TWINT · Karten · PayPal · Apple Pay 💬 Schweizer Support: info@luxestyle.ch	https://luxestyle.ch/products/strickjacke-oktoberfest-fgsshb2835?variant=55970779988353	https://cdn.shopify.com/s/files/1/0943/6856/3585/files/HB2835L_1_97e728c3-2d7f-4cbe-ada9-b4f881fbb36c.jpg?v=1784840784		99.90 CHF	in stock	8	8721077012568	LuxeStyle	new	Kostüme & Verkleidung	1-3 Werktage (Lager Schweiz)
fortura-HB2835XXXXL	strickjacke-oktoberfest-fgsshb2835	Strickjacke Oktoberfest – XXXXL	Strickjacke Oktoberfest – hochwertige Qualität ab Schweizer Lager. Details Anlass: Oktoberfest Warum bei LuxeStyle kaufen? 🇨🇭 Versand aus der Schweiz – Lieferung in nur 1–2 Werktagen (DPD) ↩️ 30 Tage Rückgaberecht 🔒 Kauf auf Rechnung mit Klarna · TWINT · Karten · PayPal · Apple Pay 💬 Schweizer Support: info@luxestyle.ch	https://luxestyle.ch/products/strickjacke-oktoberfest-fgsshb2835?variant=55970780021121	https://cdn.shopify.com/s/files/1/0943/6856/3585/files/HB2835L_1_97e728c3-2d7f-4cbe-ada9-b4f881fbb36c.jpg?v=1784840784		99.90 CHF	in stock	3	8721077012575	LuxeStyle	new	Kostüme & Verkleidung	1-3 Werktage (Lager Schweiz)
fortura-HB2835XXXXXL	strickjacke-oktoberfest-fgsshb2835	Strickjacke Oktoberfest – XXXXXL	Strickjacke Oktoberfest – hochwertige Qualität ab Schweizer Lager. Details Anlass: Oktoberfest Warum bei LuxeStyle kaufen? 🇨🇭 Versand aus der Schweiz – Lieferung in nur 1–2 Werktagen (DPD) ↩️ 30 Tage Rückgaberecht 🔒 Kauf auf Rechnung mit Klarna · TWINT · Karten · PayPal · Apple Pay 💬 Schweizer Support: info@luxestyle.ch	https://luxestyle.ch/products/strickjacke-oktoberfest-fgsshb2835?variant=55970780053889	https://cdn.shopify.com/s/files/1/0943/6856/3585/files/HB2835L_1_97e728c3-2d7f-4cbe-ada9-b4f881fbb36c.jpg?v=1784840784		99.90 CHF	in stock	3	8721077012582	LuxeStyle	new	Kostüme & Verkleidung	1-3 Werktage (Lager Schweiz)
fortura-HB287452	trachtenweste-aus-jacquard-fgsshb2874	Trachtenweste aus Jacquard – 52	Trachtenweste aus Jacquard – hochwertige Qualität ab Schweizer Lager. Warum bei LuxeStyle kaufen? 🇨🇭 Versand aus der Schweiz – Lieferung in nur 1–2 Werktagen (DPD) ↩️ 30 Tage Rückgaberecht 🔒 Kauf auf Rechnung mit Klarna · TWINT · Karten · PayPal · Apple Pay 💬 Schweizer Support: info@luxestyle.ch	https://luxestyle.ch/products/trachtenweste-aus-jacquard-fgsshb2874?variant=55970780250497	https://cdn.shopify.com/s/files/1/0943/6856/3585/files/HB287446_1_d49223a6-d670-4a5d-8a25-f2be4aba8108.jpg?v=1784840786		72.90 CHF	in stock	2	8721077011677	LuxeStyle	new	Kostüme & Verkleidung	1-3 Werktage (Lager Schweiz)
fortura-HB287458	trachtenweste-aus-jacquard-fgsshb2874	Trachtenweste aus Jacquard – 58	Trachtenweste aus Jacquard – hochwertige Qualität ab Schweizer Lager. Warum bei LuxeStyle kaufen? 🇨🇭 Versand aus der Schweiz – Lieferung in nur 1–2 Werktagen (DPD) ↩️ 30 Tage Rückgaberecht 🔒 Kauf auf Rechnung mit Klarna · TWINT · Karten · PayPal · Apple Pay 💬 Schweizer Support: info@luxestyle.ch	https://luxestyle.ch/products/trachtenweste-aus-jacquard-fgsshb2874?variant=55970780316033	https://cdn.shopify.com/s/files/1/0943/6856/3585/files/HB287446_1_d49223a6-d670-4a5d-8a25-f2be4aba8108.jpg?v=1784840786		72.90 CHF	in stock	5	8721077011707	LuxeStyle	new	Kostüme & Verkleidung	1-3 Werktage (Lager Schweiz)
fortura-HB287460	trachtenweste-aus-jacquard-fgsshb2874	Trachtenweste aus Jacquard – 60	Trachtenweste aus Jacquard – hochwertige Qualität ab Schweizer Lager. Warum bei LuxeStyle kaufen? 🇨🇭 Versand aus der Schweiz – Lieferung in nur 1–2 Werktagen (DPD) ↩️ 30 Tage Rückgaberecht 🔒 Kauf auf Rechnung mit Klarna · TWINT · Karten · PayPal · Apple Pay 💬 Schweizer Support: info@luxestyle.ch	https://luxestyle.ch/products/trachtenweste-aus-jacquard-fgsshb2874?variant=55970780348801	https://cdn.shopify.com/s/files/1/0943/6856/3585/files/HB287446_1_d49223a6-d670-4a5d-8a25-f2be4aba8108.jpg?v=1784840786		72.90 CHF	in stock	2	8721077012124	LuxeStyle	new	Kostüme & Verkleidung	1-3 Werktage (Lager Schweiz)
fortura-HB287462	trachtenweste-aus-jacquard-fgsshb2874	Trachtenweste aus Jacquard – 62	Trachtenweste aus Jacquard – hochwertige Qualität ab Schweizer Lager. Warum bei LuxeStyle kaufen? 🇨🇭 Versand aus der Schweiz – Lieferung in nur 1–2 Werktagen (DPD) ↩️ 30 Tage Rückgaberecht 🔒 Kauf auf Rechnung mit Klarna · TWINT · Karten · PayPal · Apple Pay 💬 Schweizer Support: info@luxestyle.ch	https://luxestyle.ch/products/trachtenweste-aus-jacquard-fgsshb2874?variant=55970780381569	https://cdn.shopify.com/s/files/1/0943/6856/3585/files/HB287446_1_d49223a6-d670-4a5d-8a25-f2be4aba8108.jpg?v=1784840786		72.90 CHF	in stock	5	8721077012131	LuxeStyle	new	Kostüme & Verkleidung	1-3 Werktage (Lager Schweiz)
fortura-PC66560	kostum-vampirin-fgsspc6656	Kostüm Vampirin	Kostüm Vampirin – hochwertige Qualität ab Schweizer Lager. Warum bei LuxeStyle kaufen? 🇨🇭 Versand aus der Schweiz – Lieferung in nur 1–2 Werktagen (DPD) ↩️ 30 Tage Rückgaberecht 🔒 Kauf auf Rechnung mit Klarna · TWINT · Karten · PayPal · Apple Pay 💬 Schweizer Support: info@luxestyle.ch	https://luxestyle.ch/products/kostum-vampirin-fgsspc6656?variant=55970780938625	https://cdn.shopify.com/s/files/1/0943/6856/3585/files/PC66560_1_e2fa845e-aa6d-494f-a34c-e615ba5308e3.jpg?v=1784840792		70.90 CHF	in stock	1	3523160665607	LuxeStyle	new	Kostüme & Verkleidung	1-3 Werktage (Lager Schweiz)
fortura-HB292536	dirndl-altrosa-fgsshb2925	Dirndl altrosa – 36	Dirndl 2-teilig altrosa taupe Details Marke: Haus Huberts Farbe: pink/rosa Anlass: Oktoberfest Lieferumfang: Kleid und Schürze Warum bei LuxeStyle kaufen? 🇨🇭 Versand aus der Schweiz – Lieferung in nur 1–2 Werktagen (DPD) ↩️ 30 Tage Rückgaberecht 🔒 Kauf auf Rechnung mit Klarna · TWINT · Karten · PayPal · Apple Pay 💬 Schweizer Support: info@luxestyle.ch	https://luxestyle.ch/products/dirndl-altrosa-fgsshb2925?variant=55970780971393	https://cdn.shopify.com/s/files/1/0943/6856/3585/files/HB292536_1_6cf9d159-d579-495f-8870-199b639c2c79.jpg?v=1784840794	https://cdn.shopify.com/s/files/1/0943/6856/3585/files/HB292536_2.jpg?v=1784952700,https://cdn.shopify.com/s/files/1/0943/6856/3585/files/HB292538_2.jpg?v=1784952700,https://cdn.shopify.com/s/files/1/0943/6856/3585/files/HB292540_2.jpg?v=1784952700,https://cdn.shopify.com/s/files/1/0943/6856/3585/files/HB292542_2.jpg?v=1784952701	138.00 CHF	in stock	1	8719956262630	LuxeStyle	new	Kostüme & Verkleidung	1-3 Werktage (Lager Schweiz)
fortura-HB292538	dirndl-altrosa-fgsshb2925	Dirndl altrosa – 38	Dirndl 2-teilig altrosa taupe Details Marke: Haus Huberts Farbe: pink/rosa Anlass: Oktoberfest Lieferumfang: Kleid und Schürze Warum bei LuxeStyle kaufen? 🇨🇭 Versand aus der Schweiz – Lieferung in nur 1–2 Werktagen (DPD) ↩️ 30 Tage Rückgaberecht 🔒 Kauf auf Rechnung mit Klarna · TWINT · Karten · PayPal · Apple Pay 💬 Schweizer Support: info@luxestyle.ch	https://luxestyle.ch/products/dirndl-altrosa-fgsshb2925?variant=55970781004161	https://cdn.shopify.com/s/files/1/0943/6856/3585/files/HB292536_1_6cf9d159-d579-495f-8870-199b639c2c79.jpg?v=1784840794	https://cdn.shopify.com/s/files/1/0943/6856/3585/files/HB292536_2.jpg?v=1784952700,https://cdn.shopify.com/s/files/1/0943/6856/3585/files/HB292538_2.jpg?v=1784952700,https://cdn.shopify.com/s/files/1/0943/6856/3585/files/HB292540_2.jpg?v=1784952700,https://cdn.shopify.com/s/files/1/0943/6856/3585/files/HB292542_2.jpg?v=1784952701	138.00 CHF	in stock	2	8719956262647	LuxeStyle	new	Kostüme & Verkleidung	1-3 Werktage (Lager Schweiz)
fortura-HB292540	dirndl-altrosa-fgsshb2925	Dirndl altrosa – 40	Dirndl 2-teilig altrosa taupe Details Marke: Haus Huberts Farbe: pink/rosa Anlass: Oktoberfest Lieferumfang: Kleid und Schürze Warum bei LuxeStyle kaufen? 🇨🇭 Versand aus der Schweiz – Lieferung in nur 1–2 Werktagen (DPD) ↩️ 30 Tage Rückgaberecht 🔒 Kauf auf Rechnung mit Klarna · TWINT · Karten · PayPal · Apple Pay 💬 Schweizer Support: info@luxestyle.ch	https://luxestyle.ch/products/dirndl-altrosa-fgsshb2925?variant=55970781036929	https://cdn.shopify.com/s/files/1/0943/6856/3585/files/HB292536_1_6cf9d159-d579-495f-8870-199b639c2c79.jpg?v=1784840794	https://cdn.shopify.com/s/files/1/0943/6856/3585/files/HB292536_2.jpg?v=1784952700,https://cdn.shopify.com/s/files/1/0943/6856/3585/files/HB292538_2.jpg?v=1784952700,https://cdn.shopify.com/s/files/1/0943/6856/3585/files/HB292540_2.jpg?v=1784952700,https://cdn.shopify.com/s/files/1/0943/6856/3585/files/HB292542_2.jpg?v=1784952701	138.00 CHF	in stock	3	8719956262654	LuxeStyle	new	Kostüme & Verkleidung	1-3 Werktage (Lager Schweiz)
fortura-HB292542	dirndl-altrosa-fgsshb2925	Dirndl altrosa – 42	Dirndl 2-teilig altrosa taupe Details Marke: Haus Huberts Farbe: pink/rosa Anlass: Oktoberfest Lieferumfang: Kleid und Schürze Warum bei LuxeStyle kaufen? 🇨🇭 Versand aus der Schweiz – Lieferung in nur 1–2 Werktagen (DPD) ↩️ 30 Tage Rückgaberecht 🔒 Kauf auf Rechnung mit Klarna · TWINT · Karten · PayPal · Apple Pay 💬 Schweizer Support: info@luxestyle.ch	https://luxestyle.ch/products/dirndl-altrosa-fgsshb2925?variant=55970781069697	https://cdn.shopify.com/s/files/1/0943/6856/3585/files/HB292536_1_6cf9d159-d579-495f-8870-199b639c2c79.jpg?v=1784840794	https://cdn.shopify.com/s/files/1/0943/6856/3585/files/HB292536_2.jpg?v=1784952700,https://cdn.shopify.com/s/files/1/0943/6856/3585/files/HB292538_2.jpg?v=1784952700,https://cdn.shopify.com/s/files/1/0943/6856/3585/files/HB292540_2.jpg?v=1784952700,https://cdn.shopify.com/s/files/1/0943/6856/3585/files/HB292542_2.jpg?v=1784952701	138.00 CHF	in stock	7	8719956262661	LuxeStyle	new	Kostüme & Verkleidung	1-3 Werktage (Lager Schweiz)
fortura-HB292544	dirndl-altrosa-fgsshb2925	Dirndl altrosa – 44	Dirndl 2-teilig altrosa taupe Details Marke: Haus Huberts Farbe: pink/rosa Anlass: Oktoberfest Lieferumfang: Kleid und Schürze Warum bei LuxeStyle kaufen? 🇨🇭 Versand aus der Schweiz – Lieferung in nur 1–2 Werktagen (DPD) ↩️ 30 Tage Rückgaberecht 🔒 Kauf auf Rechnung mit Klarna · TWINT · Karten · PayPal · Apple Pay 💬 Schweizer Support: info@luxestyle.ch	https://luxestyle.ch/products/dirndl-altrosa-fgsshb2925?variant=55970781102465	https://cdn.shopify.com/s/files/1/0943/6856/3585/files/HB292536_1_6cf9d159-d579-495f-8870-199b639c2c79.jpg?v=1784840794	https://cdn.shopify.com/s/files/1/0943/6856/3585/files/HB292536_2.jpg?v=1784952700,https://cdn.shopify.com/s/files/1/0943/6856/3585/files/HB292538_2.jpg?v=1784952700,https://cdn.shopify.com/s/files/1/0943/6856/3585/files/HB292540_2.jpg?v=1784952700,https://cdn.shopify.com/s/files/1/0943/6856/3585/files/HB292542_2.jpg?v=1784952701	138.00 CHF	in stock	4	8719956262678	LuxeStyle	new	Kostüme & Verkleidung	1-3 Werktage (Lager Schweiz)
fortura-HB292548	dirndl-altrosa-fgsshb2925	Dirndl altrosa – 48	Dirndl 2-teilig altrosa taupe Details Marke: Haus Huberts Farbe: pink/rosa Anlass: Oktoberfest Lieferumfang: Kleid und Schürze Warum bei LuxeStyle kaufen? 🇨🇭 Versand aus der Schweiz – Lieferung in nur 1–2 Werktagen (DPD) ↩️ 30 Tage Rückgaberecht 🔒 Kauf auf Rechnung mit Klarna · TWINT · Karten · PayPal · Apple Pay 💬 Schweizer Support: info@luxestyle.ch	https://luxestyle.ch/products/dirndl-altrosa-fgsshb2925?variant=55970781135233	https://cdn.shopify.com/s/files/1/0943/6856/3585/files/HB292536_1_6cf9d159-d579-495f-8870-199b639c2c79.jpg?v=1784840794	https://cdn.shopify.com/s/files/1/0943/6856/3585/files/HB292536_2.jpg?v=1784952700,https://cdn.shopify.com/s/files/1/0943/6856/3585/files/HB292538_2.jpg?v=1784952700,https://cdn.shopify.com/s/files/1/0943/6856/3585/files/HB292540_2.jpg?v=1784952700,https://cdn.shopify.com/s/files/1/0943/6856/3585/files/HB292542_2.jpg?v=1784952701	138.00 CHF	in stock	1	8719956262692	LuxeStyle	new	Kostüme & Verkleidung	1-3 Werktage (Lager Schweiz)
fortura-HB292550	dirndl-altrosa-fgsshb2925	Dirndl altrosa – 50	Dirndl 2-teilig altrosa taupe Details Marke: Haus Huberts Farbe: pink/rosa Anlass: Oktoberfest Lieferumfang: Kleid und Schürze Warum bei LuxeStyle kaufen? 🇨🇭 Versand aus der Schweiz – Lieferung in nur 1–2 Werktagen (DPD) ↩️ 30 Tage Rückgaberecht 🔒 Kauf auf Rechnung mit Klarna · TWINT · Karten · PayPal · Apple Pay 💬 Schweizer Support: info@luxestyle.ch	https://luxestyle.ch/products/dirndl-altrosa-fgsshb2925?variant=55970781168001	https://cdn.shopify.com/s/files/1/0943/6856/3585/files/HB292536_1_6cf9d159-d579-495f-8870-199b639c2c79.jpg?v=1784840794	https://cdn.shopify.com/s/files/1/0943/6856/3585/files/HB292536_2.jpg?v=1784952700,https://cdn.shopify.com/s/files/1/0943/6856/3585/files/HB292538_2.jpg?v=1784952700,https://cdn.shopify.com/s/files/1/0943/6856/3585/files/HB292540_2.jpg?v=1784952700,https://cdn.shopify.com/s/files/1/0943/6856/3585/files/HB292542_2.jpg?v=1784952701	138.00 CHF	in stock	6	8719956262708	LuxeStyle	new	Kostüme & Verkleidung	1-3 Werktage (Lager Schweiz)
fortura-HB294042	dirndl-hellblau-fgsshb2940	Dirndl hellblau – 42	Dirndl hellblau Grösse 36 mit Spitzenschürze Details Marke: Haus Huberts Farbe: blau Anlass: Oktoberfest Warum bei LuxeStyle kaufen? 🇨🇭 Versand aus der Schweiz – Lieferung in nur 1–2 Werktagen (DPD) ↩️ 30 Tage Rückgaberecht 🔒 Kauf auf Rechnung mit Klarna · TWINT · Karten · PayPal · Apple Pay 💬 Schweizer Support: info@luxestyle.ch	https://luxestyle.ch/products/dirndl-hellblau-fgsshb2940?variant=55970781725057	https://cdn.shopify.com/s/files/1/0943/6856/3585/files/HB294036_1_27d0c3b1-6edc-427f-8418-652d4a992666.jpg?v=1784840796	https://cdn.shopify.com/s/files/1/0943/6856/3585/files/HB294036_2.jpg?v=1784952708,https://cdn.shopify.com/s/files/1/0943/6856/3585/files/HB294036_3.jpg?v=1784952708,https://cdn.shopify.com/s/files/1/0943/6856/3585/files/HB294036_4.jpg?v=1784952708,https://cdn.shopify.com/s/files/1/0943/6856/3585/files/HB294038_2.jpg?v=1784952708	104.90 CHF	in stock	4	8719956262937	LuxeStyle	new	Kostüme & Verkleidung	1-3 Werktage (Lager Schweiz)
fortura-HB294048	dirndl-hellblau-fgsshb2940	Dirndl hellblau – 48	Dirndl hellblau Grösse 36 mit Spitzenschürze Details Marke: Haus Huberts Farbe: blau Anlass: Oktoberfest Warum bei LuxeStyle kaufen? 🇨🇭 Versand aus der Schweiz – Lieferung in nur 1–2 Werktagen (DPD) ↩️ 30 Tage Rückgaberecht 🔒 Kauf auf Rechnung mit Klarna · TWINT · Karten · PayPal · Apple Pay 💬 Schweizer Support: info@luxestyle.ch	https://luxestyle.ch/products/dirndl-hellblau-fgsshb2940?variant=55970781790593	https://cdn.shopify.com/s/files/1/0943/6856/3585/files/HB294036_1_27d0c3b1-6edc-427f-8418-652d4a992666.jpg?v=1784840796	https://cdn.shopify.com/s/files/1/0943/6856/3585/files/HB294036_2.jpg?v=1784952708,https://cdn.shopify.com/s/files/1/0943/6856/3585/files/HB294036_3.jpg?v=1784952708,https://cdn.shopify.com/s/files/1/0943/6856/3585/files/HB294036_4.jpg?v=1784952708,https://cdn.shopify.com/s/files/1/0943/6856/3585/files/HB294038_2.jpg?v=1784952708	104.90 CHF	in stock	1	8719956262968	LuxeStyle	new	Kostüme & Verkleidung	1-3 Werktage (Lager Schweiz)
fortura-HB294050	dirndl-hellblau-fgsshb2940	Dirndl hellblau – 50	Dirndl hellblau Grösse 36 mit Spitzenschürze Details Marke: Haus Huberts Farbe: blau Anlass: Oktoberfest Warum bei LuxeStyle kaufen? 🇨🇭 Versand aus der Schweiz – Lieferung in nur 1–2 Werktagen (DPD) ↩️ 30 Tage Rückgaberecht 🔒 Kauf auf Rechnung mit Klarna · TWINT · Karten · PayPal · Apple Pay 💬 Schweizer Support: info@luxestyle.ch	https://luxestyle.ch/products/dirndl-hellblau-fgsshb2940?variant=55970781823361	https://cdn.shopify.com/s/files/1/0943/6856/3585/files/HB294036_1_27d0c3b1-6edc-427f-8418-652d4a992666.jpg?v=1784840796	https://cdn.shopify.com/s/files/1/0943/6856/3585/files/HB294036_2.jpg?v=1784952708,https://cdn.shopify.com/s/files/1/0943/6856/3585/files/HB294036_3.jpg?v=1784952708,https://cdn.shopify.com/s/files/1/0943/6856/3585/files/HB294036_4.jpg?v=1784952708,https://cdn.shopify.com/s/files/1/0943/6856/3585/files/HB294038_2.jpg?v=1784952708	104.90 CHF	in stock	1	8719956262975	LuxeStyle	new	Kostüme & Verkleidung	1-3 Werktage (Lager Schweiz)
fortura-HB299136	dirndl-retro-ohne-bluse-fgsshb2991	Dirndl retro ohne Bluse – 36	Dirndl retro ohne Bluse – hochwertige Qualität ab Schweizer Lager. Warum bei LuxeStyle kaufen? 🇨🇭 Versand aus der Schweiz – Lieferung in nur 1–2 Werktagen (DPD) ↩️ 30 Tage Rückgaberecht 🔒 Kauf auf Rechnung mit Klarna · TWINT · Karten · PayPal · Apple Pay 💬 Schweizer Support: info@luxestyle.ch	https://luxestyle.ch/products/dirndl-retro-ohne-bluse-fgsshb2991?variant=55970782019969	https://cdn.shopify.com/s/files/1/0943/6856/3585/files/HB299136_1_f4d9d714-5202-4832-8270-3f231eaf395b.jpg?v=1784840798		138.00 CHF	in stock	2	8721077010380	LuxeStyle	new	Kostüme & Verkleidung	1-3 Werktage (Lager Schweiz)
fortura-HB299138	dirndl-retro-ohne-bluse-fgsshb2991	Dirndl retro ohne Bluse – 38	Dirndl retro ohne Bluse – hochwertige Qualität ab Schweizer Lager. Warum bei LuxeStyle kaufen? 🇨🇭 Versand aus der Schweiz – Lieferung in nur 1–2 Werktagen (DPD) ↩️ 30 Tage Rückgaberecht 🔒 Kauf auf Rechnung mit Klarna · TWINT · Karten · PayPal · Apple Pay 💬 Schweizer Support: info@luxestyle.ch	https://luxestyle.ch/products/dirndl-retro-ohne-bluse-fgsshb2991?variant=55970782052737	https://cdn.shopify.com/s/files/1/0943/6856/3585/files/HB299136_1_f4d9d714-5202-4832-8270-3f231eaf395b.jpg?v=1784840798		138.00 CHF	in stock	1	8721077010397	LuxeStyle	new	Kostüme & Verkleidung	1-3 Werktage (Lager Schweiz)
fortura-HB299140	dirndl-retro-ohne-bluse-fgsshb2991	Dirndl retro ohne Bluse – 40	Dirndl retro ohne Bluse – hochwertige Qualität ab Schweizer Lager. Warum bei LuxeStyle kaufen? 🇨🇭 Versand aus der Schweiz – Lieferung in nur 1–2 Werktagen (DPD) ↩️ 30 Tage Rückgaberecht 🔒 Kauf auf Rechnung mit Klarna · TWINT · Karten · PayPal · Apple Pay 💬 Schweizer Support: info@luxestyle.ch	https://luxestyle.ch/products/dirndl-retro-ohne-bluse-fgsshb2991?variant=55970782085505	https://cdn.shopify.com/s/files/1/0943/6856/3585/files/HB299136_1_f4d9d714-5202-4832-8270-3f231eaf395b.jpg?v=1784840798		138.00 CHF	in stock	2	8721077010403	LuxeStyle	new	Kostüme & Verkleidung	1-3 Werktage (Lager Schweiz)
fortura-HB299142	dirndl-retro-ohne-bluse-fgsshb2991	Dirndl retro ohne Bluse – 42	Dirndl retro ohne Bluse – hochwertige Qualität ab Schweizer Lager. Warum bei LuxeStyle kaufen? 🇨🇭 Versand aus der Schweiz – Lieferung in nur 1–2 Werktagen (DPD) ↩️ 30 Tage Rückgaberecht 🔒 Kauf auf Rechnung mit Klarna · TWINT · Karten · PayPal · Apple Pay 💬 Schweizer Support: info@luxestyle.ch	https://luxestyle.ch/products/dirndl-retro-ohne-bluse-fgsshb2991?variant=55970782118273	https://cdn.shopify.com/s/files/1/0943/6856/3585/files/HB299136_1_f4d9d714-5202-4832-8270-3f231eaf395b.jpg?v=1784840798		138.00 CHF	in stock	4	8721077010410	LuxeStyle	new	Kostüme & Verkleidung	1-3 Werktage (Lager Schweiz)
fortura-HB299144	dirndl-retro-ohne-bluse-fgsshb2991	Dirndl retro ohne Bluse – 44	Dirndl retro ohne Bluse – hochwertige Qualität ab Schweizer Lager. Warum bei LuxeStyle kaufen? 🇨🇭 Versand aus der Schweiz – Lieferung in nur 1–2 Werktagen (DPD) ↩️ 30 Tage Rückgaberecht 🔒 Kauf auf Rechnung mit Klarna · TWINT · Karten · PayPal · Apple Pay 💬 Schweizer Support: info@luxestyle.ch	https://luxestyle.ch/products/dirndl-retro-ohne-bluse-fgsshb2991?variant=55970782151041	https://cdn.shopify.com/s/files/1/0943/6856/3585/files/HB299136_1_f4d9d714-5202-4832-8270-3f231eaf395b.jpg?v=1784840798		138.00 CHF	in stock	4	8721077010427	LuxeStyle	new	Kostüme & Verkleidung	1-3 Werktage (Lager Schweiz)
fortura-HB299146	dirndl-retro-ohne-bluse-fgsshb2991	Dirndl retro ohne Bluse – 46	Dirndl retro ohne Bluse – hochwertige Qualität ab Schweizer Lager. Warum bei LuxeStyle kaufen? 🇨🇭 Versand aus der Schweiz – Lieferung in nur 1–2 Werktagen (DPD) ↩️ 30 Tage Rückgaberecht 🔒 Kauf auf Rechnung mit Klarna · TWINT · Karten · PayPal · Apple Pay 💬 Schweizer Support: info@luxestyle.ch	https://luxestyle.ch/products/dirndl-retro-ohne-bluse-fgsshb2991?variant=55970782183809	https://cdn.shopify.com/s/files/1/0943/6856/3585/files/HB299136_1_f4d9d714-5202-4832-8270-3f231eaf395b.jpg?v=1784840798		138.00 CHF	in stock	1	8721077010434	LuxeStyle	new	Kostüme & Verkleidung	1-3 Werktage (Lager Schweiz)
fortura-HB299148	dirndl-retro-ohne-bluse-fgsshb2991	Dirndl retro ohne Bluse – 48	Dirndl retro ohne Bluse – hochwertige Qualität ab Schweizer Lager. Warum bei LuxeStyle kaufen? 🇨🇭 Versand aus der Schweiz – Lieferung in nur 1–2 Werktagen (DPD) ↩️ 30 Tage Rückgaberecht 🔒 Kauf auf Rechnung mit Klarna · TWINT · Karten · PayPal · Apple Pay 💬 Schweizer Support: info@luxestyle.ch	https://luxestyle.ch/products/dirndl-retro-ohne-bluse-fgsshb2991?variant=55970782216577	https://cdn.shopify.com/s/files/1/0943/6856/3585/files/HB299136_1_f4d9d714-5202-4832-8270-3f231eaf395b.jpg?v=1784840798		138.00 CHF	in stock	2	8721077010441	LuxeStyle	new	Kostüme & Verkleidung	1-3 Werktage (Lager Schweiz)
fortura-HB299152	dirndl-retro-ohne-bluse-fgsshb2991	Dirndl retro ohne Bluse – 52	Dirndl retro ohne Bluse – hochwertige Qualität ab Schweizer Lager. Warum bei LuxeStyle kaufen? 🇨🇭 Versand aus der Schweiz – Lieferung in nur 1–2 Werktagen (DPD) ↩️ 30 Tage Rückgaberecht 🔒 Kauf auf Rechnung mit Klarna · TWINT · Karten · PayPal · Apple Pay 💬 Schweizer Support: info@luxestyle.ch	https://luxestyle.ch/products/dirndl-retro-ohne-bluse-fgsshb2991?variant=55970782282113	https://cdn.shopify.com/s/files/1/0943/6856/3585/files/HB299136_1_f4d9d714-5202-4832-8270-3f231eaf395b.jpg?v=1784840798		138.00 CHF	in stock	3	8721077010465	LuxeStyle	new	Kostüme & Verkleidung	1-3 Werktage (Lager Schweiz)
fortura-HB299154	dirndl-retro-ohne-bluse-fgsshb2991	Dirndl retro ohne Bluse – 54	Dirndl retro ohne Bluse – hochwertige Qualität ab Schweizer Lager. Warum bei LuxeStyle kaufen? 🇨🇭 Versand aus der Schweiz – Lieferung in nur 1–2 Werktagen (DPD) ↩️ 30 Tage Rückgaberecht 🔒 Kauf auf Rechnung mit Klarna · TWINT · Karten · PayPal · Apple Pay 💬 Schweizer Support: info@luxestyle.ch	https://luxestyle.ch/products/dirndl-retro-ohne-bluse-fgsshb2991?variant=55970782314881	https://cdn.shopify.com/s/files/1/0943/6856/3585/files/HB299136_1_f4d9d714-5202-4832-8270-3f231eaf395b.jpg?v=1784840798		138.00 CHF	in stock	12	8721077010472	LuxeStyle	new	Kostüme & Verkleidung	1-3 Werktage (Lager Schweiz)
fortura-HB3810S	strickjacke-damen-naturfarben-fgsshb3810	Strickjacke Damen naturfarben – S	Strickjacke Damen naturfarben – hochwertige Qualität ab Schweizer Lager. Details Anlass: Oktoberfest Warum bei LuxeStyle kaufen? 🇨🇭 Versand aus der Schweiz – Lieferung in nur 1–2 Werktagen (DPD) ↩️ 30 Tage Rückgaberecht 🔒 Kauf auf Rechnung mit Klarna · TWINT · Karten · PayPal · Apple Pay 💬 Schweizer Support: info@luxestyle.ch	https://luxestyle.ch/products/strickjacke-damen-naturfarben-fgsshb3810?variant=55970782773633	https://cdn.shopify.com/s/files/1/0943/6856/3585/files/HB3810L_1_1b4d5281-576e-471a-8db0-8eab61dfa565.jpg?v=1784840803		72.90 CHF	in stock	6	8721077012841	LuxeStyle	new	Kostüme & Verkleidung	1-3 Werktage (Lager Schweiz)
fortura-HB3810M	strickjacke-damen-naturfarben-fgsshb3810	Strickjacke Damen naturfarben – M	Strickjacke Damen naturfarben – hochwertige Qualität ab Schweizer Lager. Details Anlass: Oktoberfest Warum bei LuxeStyle kaufen? 🇨🇭 Versand aus der Schweiz – Lieferung in nur 1–2 Werktagen (DPD) ↩️ 30 Tage Rückgaberecht 🔒 Kauf auf Rechnung mit Klarna · TWINT · Karten · PayPal · Apple Pay 💬 Schweizer Support: info@luxestyle.ch	https://luxestyle.ch/products/strickjacke-damen-naturfarben-fgsshb3810?variant=55970782806401	https://cdn.shopify.com/s/files/1/0943/6856/3585/files/HB3810L_1_1b4d5281-576e-471a-8db0-8eab61dfa565.jpg?v=1784840803		72.90 CHF	in stock	3	8721077012834	LuxeStyle	new	Kostüme & Verkleidung	1-3 Werktage (Lager Schweiz)
fortura-HB3810L	strickjacke-damen-naturfarben-fgsshb3810	Strickjacke Damen naturfarben – L	Strickjacke Damen naturfarben – hochwertige Qualität ab Schweizer Lager. Details Anlass: Oktoberfest Warum bei LuxeStyle kaufen? 🇨🇭 Versand aus der Schweiz – Lieferung in nur 1–2 Werktagen (DPD) ↩️ 30 Tage Rückgaberecht 🔒 Kauf auf Rechnung mit Klarna · TWINT · Karten · PayPal · Apple Pay 💬 Schweizer Support: info@luxestyle.ch	https://luxestyle.ch/products/strickjacke-damen-naturfarben-fgsshb3810?variant=55970782839169	https://cdn.shopify.com/s/files/1/0943/6856/3585/files/HB3810L_1_1b4d5281-576e-471a-8db0-8eab61dfa565.jpg?v=1784840803		72.90 CHF	in stock	8	8721077012827	LuxeStyle	new	Kostüme & Verkleidung	1-3 Werktage (Lager Schweiz)
fortura-HB3810XL	strickjacke-damen-naturfarben-fgsshb3810	Strickjacke Damen naturfarben – XL	Strickjacke Damen naturfarben – hochwertige Qualität ab Schweizer Lager. Details Anlass: Oktoberfest Warum bei LuxeStyle kaufen? 🇨🇭 Versand aus der Schweiz – Lieferung in nur 1–2 Werktagen (DPD) ↩️ 30 Tage Rückgaberecht 🔒 Kauf auf Rechnung mit Klarna · TWINT · Karten · PayPal · Apple Pay 💬 Schweizer Support: info@luxestyle.ch	https://luxestyle.ch/products/strickjacke-damen-naturfarben-fgsshb3810?variant=55970782871937	https://cdn.shopify.com/s/files/1/0943/6856/3585/files/HB3810L_1_1b4d5281-576e-471a-8db0-8eab61dfa565.jpg?v=1784840803		72.90 CHF	in stock	6	8721077012858	LuxeStyle	new	Kostüme & Verkleidung	1-3 Werktage (Lager Schweiz)
fortura-HB3810XXL	strickjacke-damen-naturfarben-fgsshb3810	Strickjacke Damen naturfarben – XXL	Strickjacke Damen naturfarben – hochwertige Qualität ab Schweizer Lager. Details Anlass: Oktoberfest Warum bei LuxeStyle kaufen? 🇨🇭 Versand aus der Schweiz – Lieferung in nur 1–2 Werktagen (DPD) ↩️ 30 Tage Rückgaberecht 🔒 Kauf auf Rechnung mit Klarna · TWINT · Karten · PayPal · Apple Pay 💬 Schweizer Support: info@luxestyle.ch	https://luxestyle.ch/products/strickjacke-damen-naturfarben-fgsshb3810?variant=55970782904705	https://cdn.shopify.com/s/files/1/0943/6856/3585/files/HB3810L_1_1b4d5281-576e-471a-8db0-8eab61dfa565.jpg?v=1784840803		72.90 CHF	in stock	9	8721077012872	LuxeStyle	new	Kostüme & Verkleidung	1-3 Werktage (Lager Schweiz)
fortura-HB3810XXXL	strickjacke-damen-naturfarben-fgsshb3810	Strickjacke Damen naturfarben – XXXL	Strickjacke Damen naturfarben – hochwertige Qualität ab Schweizer Lager. Details Anlass: Oktoberfest Warum bei LuxeStyle kaufen? 🇨🇭 Versand aus der Schweiz – Lieferung in nur 1–2 Werktagen (DPD) ↩️ 30 Tage Rückgaberecht 🔒 Kauf auf Rechnung mit Klarna · TWINT · Karten · PayPal · Apple Pay 💬 Schweizer Support: info@luxestyle.ch	https://luxestyle.ch/products/strickjacke-damen-naturfarben-fgsshb3810?variant=55970782937473	https://cdn.shopify.com/s/files/1/0943/6856/3585/files/HB3810L_1_1b4d5281-576e-471a-8db0-8eab61dfa565.jpg?v=1784840803		72.90 CHF	in stock	8	8721077012803	LuxeStyle	new	Kostüme & Verkleidung	1-3 Werktage (Lager Schweiz)
fortura-HB3810XXXXL	strickjacke-damen-naturfarben-fgsshb3810	Strickjacke Damen naturfarben – XXXXL	Strickjacke Damen naturfarben – hochwertige Qualität ab Schweizer Lager. Details Anlass: Oktoberfest Warum bei LuxeStyle kaufen? 🇨🇭 Versand aus der Schweiz – Lieferung in nur 1–2 Werktagen (DPD) ↩️ 30 Tage Rückgaberecht 🔒 Kauf auf Rechnung mit Klarna · TWINT · Karten · PayPal · Apple Pay 💬 Schweizer Support: info@luxestyle.ch	https://luxestyle.ch/products/strickjacke-damen-naturfarben-fgsshb3810?variant=55970782970241	https://cdn.shopify.com/s/files/1/0943/6856/3585/files/HB3810L_1_1b4d5281-576e-471a-8db0-8eab61dfa565.jpg?v=1784840803		72.90 CHF	in stock	8	8721077012810	LuxeStyle	new	Kostüme & Verkleidung	1-3 Werktage (Lager Schweiz)
fortura-OR798546-48	set-20er-jahre-4-teilig-fgssor7985	Set 20er Jahre 4-teilig – 46/48	Hut, Hose mit Hosenträger und Ärmelhalter Details Anlass: Fasnacht Warum bei LuxeStyle kaufen? 🇨🇭 Versand aus der Schweiz – Lieferung in nur 1–2 Werktagen (DPD) ↩️ 30 Tage Rückgaberecht 🔒 Kauf auf Rechnung mit Klarna · TWINT · Karten · PayPal · Apple Pay 💬 Schweizer Support: info@luxestyle.ch	https://luxestyle.ch/products/set-20er-jahre-4-teilig-fgssor7985?variant=55970783166849	https://cdn.shopify.com/s/files/1/0943/6856/3585/files/15469974716801-quadrat.jpg?v=1787775384	https://cdn.shopify.com/s/files/1/0943/6856/3585/files/OR798546-48_1_641436bd-090e-4e50-b97b-a91329a68ac2.jpg?v=1784840806,https://cdn.shopify.com/s/files/1/0943/6856/3585/files/OR798546-48_2.jpg?v=1784952717,https://cdn.shopify.com/s/files/1/0943/6856/3585/files/OR798546-48_3.jpg?v=1784952718,https://cdn.shopify.com/s/files/1/0943/6856/3585/files/OR798550-52_2.jpg?v=1784952717	71.90 CHF	in stock	8	4015101798509	LuxeStyle	new	Kostüme & Verkleidung	1-3 Werktage (Lager Schweiz)
fortura-OR798550-52	set-20er-jahre-4-teilig-fgssor7985	Set 20er Jahre 4-teilig – 50/52	Hut, Hose mit Hosenträger und Ärmelhalter Details Anlass: Fasnacht Warum bei LuxeStyle kaufen? 🇨🇭 Versand aus der Schweiz – Lieferung in nur 1–2 Werktagen (DPD) ↩️ 30 Tage Rückgaberecht 🔒 Kauf auf Rechnung mit Klarna · TWINT · Karten · PayPal · Apple Pay 💬 Schweizer Support: info@luxestyle.ch	https://luxestyle.ch/products/set-20er-jahre-4-teilig-fgssor7985?variant=55970783199617	https://cdn.shopify.com/s/files/1/0943/6856/3585/files/15469974716801-quadrat.jpg?v=1787775384	https://cdn.shopify.com/s/files/1/0943/6856/3585/files/OR798546-48_1_641436bd-090e-4e50-b97b-a91329a68ac2.jpg?v=1784840806,https://cdn.shopify.com/s/files/1/0943/6856/3585/files/OR798546-48_2.jpg?v=1784952717,https://cdn.shopify.com/s/files/1/0943/6856/3585/files/OR798546-48_3.jpg?v=1784952718,https://cdn.shopify.com/s/files/1/0943/6856/3585/files/OR798550-52_2.jpg?v=1784952717	71.90 CHF	in stock	1	4015101798516	LuxeStyle	new	Kostüme & Verkleidung	1-3 Werktage (Lager Schweiz)
fortura-OR798554-56	set-20er-jahre-4-teilig-fgssor7985	Set 20er Jahre 4-teilig – 54/56	Hut, Hose mit Hosenträger und Ärmelhalter Details Anlass: Fasnacht Warum bei LuxeStyle kaufen? 🇨🇭 Versand aus der Schweiz – Lieferung in nur 1–2 Werktagen (DPD) ↩️ 30 Tage Rückgaberecht 🔒 Kauf auf Rechnung mit Klarna · TWINT · Karten · PayPal · Apple Pay 💬 Schweizer Support: info@luxestyle.ch	https://luxestyle.ch/products/set-20er-jahre-4-teilig-fgssor7985?variant=55970783232385	https://cdn.shopify.com/s/files/1/0943/6856/3585/files/15469974716801-quadrat.jpg?v=1787775384	https://cdn.shopify.com/s/files/1/0943/6856/3585/files/OR798546-48_1_641436bd-090e-4e50-b97b-a91329a68ac2.jpg?v=1784840806,https://cdn.shopify.com/s/files/1/0943/6856/3585/files/OR798546-48_2.jpg?v=1784952717,https://cdn.shopify.com/s/files/1/0943/6856/3585/files/OR798546-48_3.jpg?v=1784952718,https://cdn.shopify.com/s/files/1/0943/6856/3585/files/OR798550-52_2.jpg?v=1784952717	71.90 CHF	in stock	2	4015101798523	LuxeStyle	new	Kostüme & Verkleidung	1-3 Werktage (Lager Schweiz)
fortura-OR798558-60	set-20er-jahre-4-teilig-fgssor7985	Set 20er Jahre 4-teilig – 58/60	Hut, Hose mit Hosenträger und Ärmelhalter Details Anlass: Fasnacht Warum bei LuxeStyle kaufen? 🇨🇭 Versand aus der Schweiz – Lieferung in nur 1–2 Werktagen (DPD) ↩️ 30 Tage Rückgaberecht 🔒 Kauf auf Rechnung mit Klarna · TWINT · Karten · PayPal · Apple Pay 💬 Schweizer Support: info@luxestyle.ch	https://luxestyle.ch/products/set-20er-jahre-4-teilig-fgssor7985?variant=55970783265153	https://cdn.shopify.com/s/files/1/0943/6856/3585/files/15469974716801-quadrat.jpg?v=1787775384	https://cdn.shopify.com/s/files/1/0943/6856/3585/files/OR798546-48_1_641436bd-090e-4e50-b97b-a91329a68ac2.jpg?v=1784840806,https://cdn.shopify.com/s/files/1/0943/6856/3585/files/OR798546-48_2.jpg?v=1784952717,https://cdn.shopify.com/s/files/1/0943/6856/3585/files/OR798546-48_3.jpg?v=1784952718,https://cdn.shopify.com/s/files/1/0943/6856/3585/files/OR798550-52_2.jpg?v=1784952717	71.90 CHF	in stock	4	4015101798530	LuxeStyle	new	Kostüme & Verkleidung	1-3 Werktage (Lager Schweiz)
fortura-RU702528-XS	kostum-wednesday-addams-fgssru70252	Kostüm Wednesday Addams · Damen – XS	Kostüm Wednesday Addams – hochwertige Qualität ab Schweizer Lager. Warum bei LuxeStyle kaufen? 🇨🇭 Versand aus der Schweiz – Lieferung in nur 1–2 Werktagen (DPD) ↩️ 30 Tage Rückgaberecht 🔒 Kauf auf Rechnung mit Klarna · TWINT · Karten · PayPal · Apple Pay 💬 Schweizer Support: info@luxestyle.ch	https://luxestyle.ch/products/kostum-wednesday-addams-fgssru70252?variant=55970783330689	https://cdn.shopify.com/s/files/1/0943/6856/3585/files/RU702528-L_1_5f09ad8e-fb2e-4a2c-8a4a-5ec6279a014d.jpg?v=1784840809	https://cdn.shopify.com/s/files/1/0943/6856/3585/files/RU702528-XS_2.jpg?v=1784952723,https://cdn.shopify.com/s/files/1/0943/6856/3585/files/RU702528-S_2.jpg?v=1784952723,https://cdn.shopify.com/s/files/1/0943/6856/3585/files/RU702528-M_2.jpg?v=1784952723,https://cdn.shopify.com/s/files/1/0943/6856/3585/files/RU702528-L_2.jpg?v=1784952723	107.90 CHF	in stock	4	883028438327	LuxeStyle	new	Kostüme & Verkleidung	1-3 Werktage (Lager Schweiz)
fortura-RU702528-S	kostum-wednesday-addams-fgssru70252	Kostüm Wednesday Addams · Damen – S	Kostüm Wednesday Addams – hochwertige Qualität ab Schweizer Lager. Warum bei LuxeStyle kaufen? 🇨🇭 Versand aus der Schweiz – Lieferung in nur 1–2 Werktagen (DPD) ↩️ 30 Tage Rückgaberecht 🔒 Kauf auf Rechnung mit Klarna · TWINT · Karten · PayPal · Apple Pay 💬 Schweizer Support: info@luxestyle.ch	https://luxestyle.ch/products/kostum-wednesday-addams-fgssru70252?variant=55970783363457	https://cdn.shopify.com/s/files/1/0943/6856/3585/files/RU702528-L_1_5f09ad8e-fb2e-4a2c-8a4a-5ec6279a014d.jpg?v=1784840809	https://cdn.shopify.com/s/files/1/0943/6856/3585/files/RU702528-XS_2.jpg?v=1784952723,https://cdn.shopify.com/s/files/1/0943/6856/3585/files/RU702528-S_2.jpg?v=1784952723,https://cdn.shopify.com/s/files/1/0943/6856/3585/files/RU702528-M_2.jpg?v=1784952723,https://cdn.shopify.com/s/files/1/0943/6856/3585/files/RU702528-L_2.jpg?v=1784952723	107.90 CHF	in stock	4	883028438310	LuxeStyle	new	Kostüme & Verkleidung	1-3 Werktage (Lager Schweiz)
fortura-RU702528-M	kostum-wednesday-addams-fgssru70252	Kostüm Wednesday Addams · Damen – M	Kostüm Wednesday Addams – hochwertige Qualität ab Schweizer Lager. Warum bei LuxeStyle kaufen? 🇨🇭 Versand aus der Schweiz – Lieferung in nur 1–2 Werktagen (DPD) ↩️ 30 Tage Rückgaberecht 🔒 Kauf auf Rechnung mit Klarna · TWINT · Karten · PayPal · Apple Pay 💬 Schweizer Support: info@luxestyle.ch	https://luxestyle.ch/products/kostum-wednesday-addams-fgssru70252?variant=55970783396225	https://cdn.shopify.com/s/files/1/0943/6856/3585/files/RU702528-L_1_5f09ad8e-fb2e-4a2c-8a4a-5ec6279a014d.jpg?v=1784840809	https://cdn.shopify.com/s/files/1/0943/6856/3585/files/RU702528-XS_2.jpg?v=1784952723,https://cdn.shopify.com/s/files/1/0943/6856/3585/files/RU702528-S_2.jpg?v=1784952723,https://cdn.shopify.com/s/files/1/0943/6856/3585/files/RU702528-M_2.jpg?v=1784952723,https://cdn.shopify.com/s/files/1/0943/6856/3585/files/RU702528-L_2.jpg?v=1784952723	107.90 CHF	in stock	6	883028438303	LuxeStyle	new	Kostüme & Verkleidung	1-3 Werktage (Lager Schweiz)
fortura-RU702528-L	kostum-wednesday-addams-fgssru70252	Kostüm Wednesday Addams · Damen – L	Kostüm Wednesday Addams – hochwertige Qualität ab Schweizer Lager. Warum bei LuxeStyle kaufen? 🇨🇭 Versand aus der Schweiz – Lieferung in nur 1–2 Werktagen (DPD) ↩️ 30 Tage Rückgaberecht 🔒 Kauf auf Rechnung mit Klarna · TWINT · Karten · PayPal · Apple Pay 💬 Schweizer Support: info@luxestyle.ch	https://luxestyle.ch/products/kostum-wednesday-addams-fgssru70252?variant=55970783428993	https://cdn.shopify.com/s/files/1/0943/6856/3585/files/RU702528-L_1_5f09ad8e-fb2e-4a2c-8a4a-5ec6279a014d.jpg?v=1784840809	https://cdn.shopify.com/s/files/1/0943/6856/3585/files/RU702528-XS_2.jpg?v=1784952723,https://cdn.shopify.com/s/files/1/0943/6856/3585/files/RU702528-S_2.jpg?v=1784952723,https://cdn.shopify.com/s/files/1/0943/6856/3585/files/RU702528-M_2.jpg?v=1784952723,https://cdn.shopify.com/s/files/1/0943/6856/3585/files/RU702528-L_2.jpg?v=1784952723	107.90 CHF	in stock	5	883028438297	LuxeStyle	new	Kostüme & Verkleidung	1-3 Werktage (Lager Schweiz)
fortura-HB501646	lederhose-fgsshb5016	Lederhose – 46	Langlebige und hochwertige braune Lederhose aus 100% Rindsleder. Details Marke: Haus Huberts Farbe: braun Anlass: Oktoberfest Lieferumfang: 1 Lederhose Warum bei LuxeStyle kaufen? 🇨🇭 Versand aus der Schweiz – Lieferung in nur 1–2 Werktagen (DPD) ↩️ 30 Tage Rückgaberecht 🔒 Kauf auf Rechnung mit Klarna · TWINT · Karten · PayPal · Apple Pay 💬 Schweizer Support: info@luxestyle.ch	https://luxestyle.ch/products/lederhose-fgsshb5016?variant=55970783461761	https://cdn.shopify.com/s/files/1/0943/6856/3585/files/HB501646_1_79683006-41f7-48ed-8849-75805754f4bb.jpg?v=1784840808	https://cdn.shopify.com/s/files/1/0943/6856/3585/files/HB501646_2.jpg?v=1784952725,https://cdn.shopify.com/s/files/1/0943/6856/3585/files/HB501646_3.jpg?v=1784952725,https://cdn.shopify.com/s/files/1/0943/6856/3585/files/HB501650_2.jpg?v=1784952724,https://cdn.shopify.com/s/files/1/0943/6856/3585/files/HB501650_3.jpg?v=1784952724	138.00 CHF	in stock	2	8718858228621	LuxeStyle	new	Kostüme & Verkleidung	1-3 Werktage (Lager Schweiz)
fortura-HB501650	lederhose-fgsshb5016	Lederhose – 50	Langlebige und hochwertige braune Lederhose aus 100% Rindsleder. Details Marke: Haus Huberts Farbe: braun Anlass: Oktoberfest Lieferumfang: 1 Lederhose Warum bei LuxeStyle kaufen? 🇨🇭 Versand aus der Schweiz – Lieferung in nur 1–2 Werktagen (DPD) ↩️ 30 Tage Rückgaberecht 🔒 Kauf auf Rechnung mit Klarna · TWINT · Karten · PayPal · Apple Pay 💬 Schweizer Support: info@luxestyle.ch	https://luxestyle.ch/products/lederhose-fgsshb5016?variant=55970783494529	https://cdn.shopify.com/s/files/1/0943/6856/3585/files/HB501646_1_79683006-41f7-48ed-8849-75805754f4bb.jpg?v=1784840808	https://cdn.shopify.com/s/files/1/0943/6856/3585/files/HB501646_2.jpg?v=1784952725,https://cdn.shopify.com/s/files/1/0943/6856/3585/files/HB501646_3.jpg?v=1784952725,https://cdn.shopify.com/s/files/1/0943/6856/3585/files/HB501650_2.jpg?v=1784952724,https://cdn.shopify.com/s/files/1/0943/6856/3585/files/HB501650_3.jpg?v=1784952724	125.00 CHF	in stock	2	8718858228645	LuxeStyle	new	Kostüme & Verkleidung	1-3 Werktage (Lager Schweiz)
fortura-HB501652	lederhose-fgsshb5016	Lederhose – 52	Langlebige und hochwertige braune Lederhose aus 100% Rindsleder. Details Marke: Haus Huberts Farbe: braun Anlass: Oktoberfest Lieferumfang: 1 Lederhose Warum bei LuxeStyle kaufen? 🇨🇭 Versand aus der Schweiz – Lieferung in nur 1–2 Werktagen (DPD) ↩️ 30 Tage Rückgaberecht 🔒 Kauf auf Rechnung mit Klarna · TWINT · Karten · PayPal · Apple Pay 💬 Schweizer Support: info@luxestyle.ch	https://luxestyle.ch/products/lederhose-fgsshb5016?variant=55970783527297	https://cdn.shopify.com/s/files/1/0943/6856/3585/files/HB501646_1_79683006-41f7-48ed-8849-75805754f4bb.jpg?v=1784840808	https://cdn.shopify.com/s/files/1/0943/6856/3585/files/HB501646_2.jpg?v=1784952725,https://cdn.shopify.com/s/files/1/0943/6856/3585/files/HB501646_3.jpg?v=1784952725,https://cdn.shopify.com/s/files/1/0943/6856/3585/files/HB501650_2.jpg?v=1784952724,https://cdn.shopify.com/s/files/1/0943/6856/3585/files/HB501650_3.jpg?v=1784952724	125.00 CHF	in stock	1	8718858228652	LuxeStyle	new	Kostüme & Verkleidung	1-3 Werktage (Lager Schweiz)
fortura-HB501654	lederhose-fgsshb5016	Lederhose – 54	Langlebige und hochwertige braune Lederhose aus 100% Rindsleder. Details Marke: Haus Huberts Farbe: braun Anlass: Oktoberfest Lieferumfang: 1 Lederhose Warum bei LuxeStyle kaufen? 🇨🇭 Versand aus der Schweiz – Lieferung in nur 1–2 Werktagen (DPD) ↩️ 30 Tage Rückgaberecht 🔒 Kauf auf Rechnung mit Klarna · TWINT · Karten · PayPal · Apple Pay 💬 Schweizer Support: info@luxestyle.ch	https://luxestyle.ch/products/lederhose-fgsshb5016?variant=55970783560065	https://cdn.shopify.com/s/files/1/0943/6856/3585/files/HB501646_1_79683006-41f7-48ed-8849-75805754f4bb.jpg?v=1784840808	https://cdn.shopify.com/s/files/1/0943/6856/3585/files/HB501646_2.jpg?v=1784952725,https://cdn.shopify.com/s/files/1/0943/6856/3585/files/HB501646_3.jpg?v=1784952725,https://cdn.shopify.com/s/files/1/0943/6856/3585/files/HB501650_2.jpg?v=1784952724,https://cdn.shopify.com/s/files/1/0943/6856/3585/files/HB501650_3.jpg?v=1784952724	125.00 CHF	in stock	1	8718858228669	LuxeStyle	new	Kostüme & Verkleidung	1-3 Werktage (Lager Schweiz)
fortura-HB501658	lederhose-fgsshb5016	Lederhose – 58	Langlebige und hochwertige braune Lederhose aus 100% Rindsleder. Details Marke: Haus Huberts Farbe: braun Anlass: Oktoberfest Lieferumfang: 1 Lederhose Warum bei LuxeStyle kaufen? 🇨🇭 Versand aus der Schweiz – Lieferung in nur 1–2 Werktagen (DPD) ↩️ 30 Tage Rückgaberecht 🔒 Kauf auf Rechnung mit Klarna · TWINT · Karten · PayPal · Apple Pay 💬 Schweizer Support: info@luxestyle.ch	https://luxestyle.ch/products/lederhose-fgsshb5016?variant=55970783592833	https://cdn.shopify.com/s/files/1/0943/6856/3585/files/HB501646_1_79683006-41f7-48ed-8849-75805754f4bb.jpg?v=1784840808	https://cdn.shopify.com/s/files/1/0943/6856/3585/files/HB501646_2.jpg?v=1784952725,https://cdn.shopify.com/s/files/1/0943/6856/3585/files/HB501646_3.jpg?v=1784952725,https://cdn.shopify.com/s/files/1/0943/6856/3585/files/HB501650_2.jpg?v=1784952724,https://cdn.shopify.com/s/files/1/0943/6856/3585/files/HB501650_3.jpg?v=1784952724	125.00 CHF	in stock	1	8718858228683	LuxeStyle	new	Kostüme & Verkleidung	1-3 Werktage (Lager Schweiz)
fortura-RU702703-M	kostum-harley-quinn-fgssru70270	Kostüm Harley Quinn – M	Kostüm Harley Quinn – hochwertige Qualität ab Schweizer Lager. Warum bei LuxeStyle kaufen? 🇨🇭 Versand aus der Schweiz – Lieferung in nur 1–2 Werktagen (DPD) ↩️ 30 Tage Rückgaberecht 🔒 Kauf auf Rechnung mit Klarna · TWINT · Karten · PayPal · Apple Pay 💬 Schweizer Support: info@luxestyle.ch	https://luxestyle.ch/products/kostum-harley-quinn-fgssru70270?variant=55970783756673	https://cdn.shopify.com/s/files/1/0943/6856/3585/files/RU702703-L_1_d093ebdf-2c46-4b98-ac94-154bca129eab.jpg?v=1784840812	https://cdn.shopify.com/s/files/1/0943/6856/3585/files/RU702703-M_2.jpg?v=1784952728,https://cdn.shopify.com/s/files/1/0943/6856/3585/files/RU702703-L_2.jpg?v=1784952728	104.90 CHF	in stock	1	883028452248	LuxeStyle	new	Kostüme & Verkleidung	1-3 Werktage (Lager Schweiz)
fortura-RU702703-L	kostum-harley-quinn-fgssru70270	Kostüm Harley Quinn – L	Kostüm Harley Quinn – hochwertige Qualität ab Schweizer Lager. Warum bei LuxeStyle kaufen? 🇨🇭 Versand aus der Schweiz – Lieferung in nur 1–2 Werktagen (DPD) ↩️ 30 Tage Rückgaberecht 🔒 Kauf auf Rechnung mit Klarna · TWINT · Karten · PayPal · Apple Pay 💬 Schweizer Support: info@luxestyle.ch	https://luxestyle.ch/products/kostum-harley-quinn-fgssru70270?variant=55970783789441	https://cdn.shopify.com/s/files/1/0943/6856/3585/files/RU702703-L_1_d093ebdf-2c46-4b98-ac94-154bca129eab.jpg?v=1784840812	https://cdn.shopify.com/s/files/1/0943/6856/3585/files/RU702703-M_2.jpg?v=1784952728,https://cdn.shopify.com/s/files/1/0943/6856/3585/files/RU702703-L_2.jpg?v=1784952728	104.90 CHF	in stock	14	883028452231	LuxeStyle	new	Kostüme & Verkleidung	1-3 Werktage (Lager Schweiz)
fortura-HB502544	bayrische-lederhosen-kurz-dunkelbraun-fgsshb5025	Bayrische Lederhosen kurz dunkelbraun – 44	Superqualität, echtes Leder. Mit aufwendiger 3-dimensionaler Traditions-Stickerei, H-Träger, Messertasche und Hirschhorn-Knöpfen. Komplett abgefüttert. Super Passform. Details Marke: Haus Huberts Farbe: braun Anlass: Oktoberfest Lieferumfang: 1 Lederhose Warum bei LuxeStyle kaufen? 🇨🇭 Versand aus der Schweiz – Lieferung in nur 1–2 Werktagen (DPD) ↩️ 30 Tage Rückgaberecht 🔒 Kauf auf Rechnung mit Klarna · TWINT · Karten · PayPal · Apple Pay 💬 Schweizer Support: info@luxestyle.ch	https://luxestyle.ch/products/bayrische-lederhosen-kurz-dunkelbraun-fgsshb5025?variant=55970783822209	https://cdn.shopify.com/s/files/1/0943/6856/3585/files/HB502544_1_2dc68e4e-72fd-44cc-bf38-e50867fb8c23.jpg?v=1784840811		109.00 CHF	in stock	3	8718858220250	LuxeStyle	new	Kostüme & Verkleidung	1-3 Werktage (Lager Schweiz)
fortura-HB502546	bayrische-lederhosen-kurz-dunkelbraun-fgsshb5025	Bayrische Lederhosen kurz dunkelbraun – 46	Superqualität, echtes Leder. Mit aufwendiger 3-dimensionaler Traditions-Stickerei, H-Träger, Messertasche und Hirschhorn-Knöpfen. Komplett abgefüttert. Super Passform. Details Marke: Haus Huberts Farbe: braun Anlass: Oktoberfest Lieferumfang: 1 Lederhose Warum bei LuxeStyle kaufen? 🇨🇭 Versand aus der Schweiz – Lieferung in nur 1–2 Werktagen (DPD) ↩️ 30 Tage Rückgaberecht 🔒 Kauf auf Rechnung mit Klarna · TWINT · Karten · PayPal · Apple Pay 💬 Schweizer Support: info@luxestyle.ch	https://luxestyle.ch/products/bayrische-lederhosen-kurz-dunkelbraun-fgsshb5025?variant=55970783854977	https://cdn.shopify.com/s/files/1/0943/6856/3585/files/HB502544_1_2dc68e4e-72fd-44cc-bf38-e50867fb8c23.jpg?v=1784840811		109.00 CHF	in stock	4	8718858220267	LuxeStyle	new	Kostüme & Verkleidung	1-3 Werktage (Lager Schweiz)
fortura-HB502548	bayrische-lederhosen-kurz-dunkelbraun-fgsshb5025	Bayrische Lederhosen kurz dunkelbraun – 48	Superqualität, echtes Leder. Mit aufwendiger 3-dimensionaler Traditions-Stickerei, H-Träger, Messertasche und Hirschhorn-Knöpfen. Komplett abgefüttert. Super Passform. Details Marke: Haus Huberts Farbe: braun Anlass: Oktoberfest Lieferumfang: 1 Lederhose Warum bei LuxeStyle kaufen? 🇨🇭 Versand aus der Schweiz – Lieferung in nur 1–2 Werktagen (DPD) ↩️ 30 Tage Rückgaberecht 🔒 Kauf auf Rechnung mit Klarna · TWINT · Karten · PayPal · Apple Pay 💬 Schweizer Support: info@luxestyle.ch	https://luxestyle.ch/products/bayrische-lederhosen-kurz-dunkelbraun-fgsshb5025?variant=55970783887745	https://cdn.shopify.com/s/files/1/0943/6856/3585/files/HB502544_1_2dc68e4e-72fd-44cc-bf38-e50867fb8c23.jpg?v=1784840811		109.00 CHF	in stock	5	8718858220274	LuxeStyle	new	Kostüme & Verkleidung	1-3 Werktage (Lager Schweiz)
fortura-HB502550	bayrische-lederhosen-kurz-dunkelbraun-fgsshb5025	Bayrische Lederhosen kurz dunkelbraun – 50	Superqualität, echtes Leder. Mit aufwendiger 3-dimensionaler Traditions-Stickerei, H-Träger, Messertasche und Hirschhorn-Knöpfen. Komplett abgefüttert. Super Passform. Details Marke: Haus Huberts Farbe: braun Anlass: Oktoberfest Lieferumfang: 1 Lederhose Warum bei LuxeStyle kaufen? 🇨🇭 Versand aus der Schweiz – Lieferung in nur 1–2 Werktagen (DPD) ↩️ 30 Tage Rückgaberecht 🔒 Kauf auf Rechnung mit Klarna · TWINT · Karten · PayPal · Apple Pay 💬 Schweizer Support: info@luxestyle.ch	https://luxestyle.ch/products/bayrische-lederhosen-kurz-dunkelbraun-fgsshb5025?variant=55970783920513	https://cdn.shopify.com/s/files/1/0943/6856/3585/files/HB502544_1_2dc68e4e-72fd-44cc-bf38-e50867fb8c23.jpg?v=1784840811		109.00 CHF	in stock	4	8718858220281	LuxeStyle	new	Kostüme & Verkleidung	1-3 Werktage (Lager Schweiz)
fortura-HB502552	bayrische-lederhosen-kurz-dunkelbraun-fgsshb5025	Bayrische Lederhosen kurz dunkelbraun – 52	Superqualität, echtes Leder. Mit aufwendiger 3-dimensionaler Traditions-Stickerei, H-Träger, Messertasche und Hirschhorn-Knöpfen. Komplett abgefüttert. Super Passform. Details Marke: Haus Huberts Farbe: braun Anlass: Oktoberfest Lieferumfang: 1 Lederhose Warum bei LuxeStyle kaufen? 🇨🇭 Versand aus der Schweiz – Lieferung in nur 1–2 Werktagen (DPD) ↩️ 30 Tage Rückgaberecht 🔒 Kauf auf Rechnung mit Klarna · TWINT · Karten · PayPal · Apple Pay 💬 Schweizer Support: info@luxestyle.ch	https://luxestyle.ch/products/bayrische-lederhosen-kurz-dunkelbraun-fgsshb5025?variant=55970783953281	https://cdn.shopify.com/s/files/1/0943/6856/3585/files/HB502544_1_2dc68e4e-72fd-44cc-bf38-e50867fb8c23.jpg?v=1784840811		109.00 CHF	in stock	7	8718858220298	LuxeStyle	new	Kostüme & Verkleidung	1-3 Werktage (Lager Schweiz)
fortura-HB502554	bayrische-lederhosen-kurz-dunkelbraun-fgsshb5025	Bayrische Lederhosen kurz dunkelbraun – 54	Superqualität, echtes Leder. Mit aufwendiger 3-dimensionaler Traditions-Stickerei, H-Träger, Messertasche und Hirschhorn-Knöpfen. Komplett abgefüttert. Super Passform. Details Marke: Haus Huberts Farbe: braun Anlass: Oktoberfest Lieferumfang: 1 Lederhose Warum bei LuxeStyle kaufen? 🇨🇭 Versand aus der Schweiz – Lieferung in nur 1–2 Werktagen (DPD) ↩️ 30 Tage Rückgaberecht 🔒 Kauf auf Rechnung mit Klarna · TWINT · Karten · PayPal · Apple Pay 💬 Schweizer Support: info@luxestyle.ch	https://luxestyle.ch/products/bayrische-lederhosen-kurz-dunkelbraun-fgsshb5025?variant=55970783986049	https://cdn.shopify.com/s/files/1/0943/6856/3585/files/HB502544_1_2dc68e4e-72fd-44cc-bf38-e50867fb8c23.jpg?v=1784840811		109.00 CHF	in stock	7	8718858220304	LuxeStyle	new	Kostüme & Verkleidung	1-3 Werktage (Lager Schweiz)
fortura-HB502556	bayrische-lederhosen-kurz-dunkelbraun-fgsshb5025	Bayrische Lederhosen kurz dunkelbraun – 56	Superqualität, echtes Leder. Mit aufwendiger 3-dimensionaler Traditions-Stickerei, H-Träger, Messertasche und Hirschhorn-Knöpfen. Komplett abgefüttert. Super Passform. Details Marke: Haus Huberts Farbe: braun Anlass: Oktoberfest Lieferumfang: 1 Lederhose Warum bei LuxeStyle kaufen? 🇨🇭 Versand aus der Schweiz – Lieferung in nur 1–2 Werktagen (DPD) ↩️ 30 Tage Rückgaberecht 🔒 Kauf auf Rechnung mit Klarna · TWINT · Karten · PayPal · Apple Pay 💬 Schweizer Support: info@luxestyle.ch	https://luxestyle.ch/products/bayrische-lederhosen-kurz-dunkelbraun-fgsshb5025?variant=55970784018817	https://cdn.shopify.com/s/files/1/0943/6856/3585/files/HB502544_1_2dc68e4e-72fd-44cc-bf38-e50867fb8c23.jpg?v=1784840811		109.00 CHF	in stock	2	8718858220311	LuxeStyle	new	Kostüme & Verkleidung	1-3 Werktage (Lager Schweiz)
fortura-HB503146	bayrische-lederhosen-kurz-sandbraun-fgsshb5031	Bayrische Lederhosen kurz sandbraun – 46	Superqualität, echtes Leder. Mit aufwendiger 3-dimensionaler Traditions-Stickerei, H-Träger, Messertasche und Hirschhorn-Knöpfen. Komplett abgefüttert. Super Passform. Details Marke: Haus Huberts Farbe: braun Anlass: Oktoberfest Lieferumfang: 1 Lederhose Warum bei LuxeStyle kaufen? 🇨🇭 Versand aus der Schweiz – Lieferung in nur 1–2 Werktagen (DPD) ↩️ 30 Tage Rückgaberecht 🔒 Kauf auf Rechnung mit Klarna · TWINT · Karten · PayPal · Apple Pay 💬 Schweizer Support: info@luxestyle.ch	https://luxestyle.ch/products/bayrische-lederhosen-kurz-sandbraun-fgsshb5031?variant=55970784215425	https://cdn.shopify.com/s/files/1/0943/6856/3585/files/HB503144_1_b1e6a592-ab06-4e18-9f55-fbf75f65582b.jpg?v=1784840813	https://cdn.shopify.com/s/files/1/0943/6856/3585/files/HB503144_2.jpg?v=1784952732,https://cdn.shopify.com/s/files/1/0943/6856/3585/files/HB503146_2.jpg?v=1784952732,https://cdn.shopify.com/s/files/1/0943/6856/3585/files/HB503148_2.jpg?v=1784952732,https://cdn.shopify.com/s/files/1/0943/6856/3585/files/HB503150_2.jpg?v=1784952732	125.00 CHF	in stock	3	8718858228720	LuxeStyle	new	Kostüme & Verkleidung	1-3 Werktage (Lager Schweiz)
fortura-HB503148	bayrische-lederhosen-kurz-sandbraun-fgsshb5031	Bayrische Lederhosen kurz sandbraun – 48	Superqualität, echtes Leder. Mit aufwendiger 3-dimensionaler Traditions-Stickerei, H-Träger, Messertasche und Hirschhorn-Knöpfen. Komplett abgefüttert. Super Passform. Details Marke: Haus Huberts Farbe: braun Anlass: Oktoberfest Lieferumfang: 1 Lederhose Warum bei LuxeStyle kaufen? 🇨🇭 Versand aus der Schweiz – Lieferung in nur 1–2 Werktagen (DPD) ↩️ 30 Tage Rückgaberecht 🔒 Kauf auf Rechnung mit Klarna · TWINT · Karten · PayPal · Apple Pay 💬 Schweizer Support: info@luxestyle.ch	https://luxestyle.ch/products/bayrische-lederhosen-kurz-sandbraun-fgsshb5031?variant=55970784248193	https://cdn.shopify.com/s/files/1/0943/6856/3585/files/HB503144_1_b1e6a592-ab06-4e18-9f55-fbf75f65582b.jpg?v=1784840813	https://cdn.shopify.com/s/files/1/0943/6856/3585/files/HB503144_2.jpg?v=1784952732,https://cdn.shopify.com/s/files/1/0943/6856/3585/files/HB503146_2.jpg?v=1784952732,https://cdn.shopify.com/s/files/1/0943/6856/3585/files/HB503148_2.jpg?v=1784952732,https://cdn.shopify.com/s/files/1/0943/6856/3585/files/HB503150_2.jpg?v=1784952732	125.00 CHF	in stock	2	8718858228737	LuxeStyle	new	Kostüme & Verkleidung	1-3 Werktage (Lager Schweiz)
fortura-HB503150	bayrische-lederhosen-kurz-sandbraun-fgsshb5031	Bayrische Lederhosen kurz sandbraun – 50	Superqualität, echtes Leder. Mit aufwendiger 3-dimensionaler Traditions-Stickerei, H-Träger, Messertasche und Hirschhorn-Knöpfen. Komplett abgefüttert. Super Passform. Details Marke: Haus Huberts Farbe: braun Anlass: Oktoberfest Lieferumfang: 1 Lederhose Warum bei LuxeStyle kaufen? 🇨🇭 Versand aus der Schweiz – Lieferung in nur 1–2 Werktagen (DPD) ↩️ 30 Tage Rückgaberecht 🔒 Kauf auf Rechnung mit Klarna · TWINT · Karten · PayPal · Apple Pay 💬 Schweizer Support: info@luxestyle.ch	https://luxestyle.ch/products/bayrische-lederhosen-kurz-sandbraun-fgsshb5031?variant=55970784280961	https://cdn.shopify.com/s/files/1/0943/6856/3585/files/HB503144_1_b1e6a592-ab06-4e18-9f55-fbf75f65582b.jpg?v=1784840813	https://cdn.shopify.com/s/files/1/0943/6856/3585/files/HB503144_2.jpg?v=1784952732,https://cdn.shopify.com/s/files/1/0943/6856/3585/files/HB503146_2.jpg?v=1784952732,https://cdn.shopify.com/s/files/1/0943/6856/3585/files/HB503148_2.jpg?v=1784952732,https://cdn.shopify.com/s/files/1/0943/6856/3585/files/HB503150_2.jpg?v=1784952732	125.00 CHF	in stock	9	8718858228744	LuxeStyle	new	Kostüme & Verkleidung	1-3 Werktage (Lager Schweiz)
fortura-HB503152	bayrische-lederhosen-kurz-sandbraun-fgsshb5031	Bayrische Lederhosen kurz sandbraun – 52	Superqualität, echtes Leder. Mit aufwendiger 3-dimensionaler Traditions-Stickerei, H-Träger, Messertasche und Hirschhorn-Knöpfen. Komplett abgefüttert. Super Passform. Details Marke: Haus Huberts Farbe: braun Anlass: Oktoberfest Lieferumfang: 1 Lederhose Warum bei LuxeStyle kaufen? 🇨🇭 Versand aus der Schweiz – Lieferung in nur 1–2 Werktagen (DPD) ↩️ 30 Tage Rückgaberecht 🔒 Kauf auf Rechnung mit Klarna · TWINT · Karten · PayPal · Apple Pay 💬 Schweizer Support: info@luxestyle.ch	https://luxestyle.ch/products/bayrische-lederhosen-kurz-sandbraun-fgsshb5031?variant=55970784313729	https://cdn.shopify.com/s/files/1/0943/6856/3585/files/HB503144_1_b1e6a592-ab06-4e18-9f55-fbf75f65582b.jpg?v=1784840813	https://cdn.shopify.com/s/files/1/0943/6856/3585/files/HB503144_2.jpg?v=1784952732,https://cdn.shopify.com/s/files/1/0943/6856/3585/files/HB503146_2.jpg?v=1784952732,https://cdn.shopify.com/s/files/1/0943/6856/3585/files/HB503148_2.jpg?v=1784952732,https://cdn.shopify.com/s/files/1/0943/6856/3585/files/HB503150_2.jpg?v=1784952732	125.00 CHF	in stock	3	8718858228751	LuxeStyle	new	Kostüme & Verkleidung	1-3 Werktage (Lager Schweiz)
fortura-HB503156	bayrische-lederhosen-kurz-sandbraun-fgsshb5031	Bayrische Lederhosen kurz sandbraun – 56	Superqualität, echtes Leder. Mit aufwendiger 3-dimensionaler Traditions-Stickerei, H-Träger, Messertasche und Hirschhorn-Knöpfen. Komplett abgefüttert. Super Passform. Details Marke: Haus Huberts Farbe: braun Anlass: Oktoberfest Lieferumfang: 1 Lederhose Warum bei LuxeStyle kaufen? 🇨🇭 Versand aus der Schweiz – Lieferung in nur 1–2 Werktagen (DPD) ↩️ 30 Tage Rückgaberecht 🔒 Kauf auf Rechnung mit Klarna · TWINT · Karten · PayPal · Apple Pay 💬 Schweizer Support: info@luxestyle.ch	https://luxestyle.ch/products/bayrische-lederhosen-kurz-sandbraun-fgsshb5031?variant=55970784346497	https://cdn.shopify.com/s/files/1/0943/6856/3585/files/HB503144_1_b1e6a592-ab06-4e18-9f55-fbf75f65582b.jpg?v=1784840813	https://cdn.shopify.com/s/files/1/0943/6856/3585/files/HB503144_2.jpg?v=1784952732,https://cdn.shopify.com/s/files/1/0943/6856/3585/files/HB503146_2.jpg?v=1784952732,https://cdn.shopify.com/s/files/1/0943/6856/3585/files/HB503148_2.jpg?v=1784952732,https://cdn.shopify.com/s/files/1/0943/6856/3585/files/HB503150_2.jpg?v=1784952732	125.00 CHF	in stock	4	8718858228775	LuxeStyle	new	Kostüme & Verkleidung	1-3 Werktage (Lager Schweiz)
fortura-HB503158	bayrische-lederhosen-kurz-sandbraun-fgsshb5031	Bayrische Lederhosen kurz sandbraun – 58	Superqualität, echtes Leder. Mit aufwendiger 3-dimensionaler Traditions-Stickerei, H-Träger, Messertasche und Hirschhorn-Knöpfen. Komplett abgefüttert. Super Passform. Details Marke: Haus Huberts Farbe: braun Anlass: Oktoberfest Lieferumfang: 1 Lederhose Warum bei LuxeStyle kaufen? 🇨🇭 Versand aus der Schweiz – Lieferung in nur 1–2 Werktagen (DPD) ↩️ 30 Tage Rückgaberecht 🔒 Kauf auf Rechnung mit Klarna · TWINT · Karten · PayPal · Apple Pay 💬 Schweizer Support: info@luxestyle.ch	https://luxestyle.ch/products/bayrische-lederhosen-kurz-sandbraun-fgsshb5031?variant=55970784379265	https://cdn.shopify.com/s/files/1/0943/6856/3585/files/HB503144_1_b1e6a592-ab06-4e18-9f55-fbf75f65582b.jpg?v=1784840813	https://cdn.shopify.com/s/files/1/0943/6856/3585/files/HB503144_2.jpg?v=1784952732,https://cdn.shopify.com/s/files/1/0943/6856/3585/files/HB503146_2.jpg?v=1784952732,https://cdn.shopify.com/s/files/1/0943/6856/3585/files/HB503148_2.jpg?v=1784952732,https://cdn.shopify.com/s/files/1/0943/6856/3585/files/HB503150_2.jpg?v=1784952732	125.00 CHF	in stock	2	8718858228782	LuxeStyle	new	Kostüme & Verkleidung	1-3 Werktage (Lager Schweiz)
fortura-HB504046	lederhose-kurz-vintage-braun-fgsshb5040	Lederhose kurz vintage braun – 46	Lederhose kurz vintage braun – hochwertige Qualität ab Schweizer Lager. Warum bei LuxeStyle kaufen? 🇨🇭 Versand aus der Schweiz – Lieferung in nur 1–2 Werktagen (DPD) ↩️ 30 Tage Rückgaberecht 🔒 Kauf auf Rechnung mit Klarna · TWINT · Karten · PayPal · Apple Pay 💬 Schweizer Support: info@luxestyle.ch	https://luxestyle.ch/products/lederhose-kurz-vintage-braun-fgsshb5040?variant=55970784543105	https://cdn.shopify.com/s/files/1/0943/6856/3585/files/HB504046_2.jpg?v=1784952738	https://cdn.shopify.com/s/files/1/0943/6856/3585/files/HB504046_1_07851e17-c6db-49e5-891e-6203c8c62c3f.jpg?v=1784840817,https://cdn.shopify.com/s/files/1/0943/6856/3585/files/HB504046_3.jpg?v=1784952737,https://cdn.shopify.com/s/files/1/0943/6856/3585/files/HB504050_2.jpg?v=1784952738,https://cdn.shopify.com/s/files/1/0943/6856/3585/files/HB504050_3.jpg?v=1784952738	125.00 CHF	in stock	3	8719956261725	LuxeStyle	new	Kostüme & Verkleidung	1-3 Werktage (Lager Schweiz)
fortura-HB504056	lederhose-kurz-vintage-braun-fgsshb5040	Lederhose kurz vintage braun – 56	Lederhose kurz vintage braun – hochwertige Qualität ab Schweizer Lager. Warum bei LuxeStyle kaufen? 🇨🇭 Versand aus der Schweiz – Lieferung in nur 1–2 Werktagen (DPD) ↩️ 30 Tage Rückgaberecht 🔒 Kauf auf Rechnung mit Klarna · TWINT · Karten · PayPal · Apple Pay 💬 Schweizer Support: info@luxestyle.ch	https://luxestyle.ch/products/lederhose-kurz-vintage-braun-fgsshb5040?variant=55970784641409	https://cdn.shopify.com/s/files/1/0943/6856/3585/files/HB504046_2.jpg?v=1784952738	https://cdn.shopify.com/s/files/1/0943/6856/3585/files/HB504046_1_07851e17-c6db-49e5-891e-6203c8c62c3f.jpg?v=1784840817,https://cdn.shopify.com/s/files/1/0943/6856/3585/files/HB504046_3.jpg?v=1784952737,https://cdn.shopify.com/s/files/1/0943/6856/3585/files/HB504050_2.jpg?v=1784952738,https://cdn.shopify.com/s/files/1/0943/6856/3585/files/HB504050_3.jpg?v=1784952738	125.00 CHF	in stock	1	8719956261770	LuxeStyle	new	Kostüme & Verkleidung	1-3 Werktage (Lager Schweiz)
fortura-HB505550	lederhose-kurz-vintage-braun-fgsshb5055	Lederhose kurz vintage braun – 50	Lederhose kurz vintage braun – hochwertige Qualität ab Schweizer Lager. Warum bei LuxeStyle kaufen? 🇨🇭 Versand aus der Schweiz – Lieferung in nur 1–2 Werktagen (DPD) ↩️ 30 Tage Rückgaberecht 🔒 Kauf auf Rechnung mit Klarna · TWINT · Karten · PayPal · Apple Pay 💬 Schweizer Support: info@luxestyle.ch	https://luxestyle.ch/products/lederhose-kurz-vintage-braun-fgsshb5055?variant=55970784805249	https://cdn.shopify.com/s/files/1/0943/6856/3585/files/HB505550_4.jpg?v=1784952744	https://cdn.shopify.com/s/files/1/0943/6856/3585/files/HB505546_1.jpg?v=1784840820,https://cdn.shopify.com/s/files/1/0943/6856/3585/files/HB505550_2.jpg?v=1784952743,https://cdn.shopify.com/s/files/1/0943/6856/3585/files/HB505550_3.jpg?v=1784952744,https://cdn.shopify.com/s/files/1/0943/6856/3585/files/HB505552_2.jpg?v=1784952744	118.90 CHF	in stock	2	8719956268564	LuxeStyle	new	Kostüme & Verkleidung	1-3 Werktage (Lager Schweiz)
fortura-HB505552	lederhose-kurz-vintage-braun-fgsshb5055	Lederhose kurz vintage braun – 52	Lederhose kurz vintage braun – hochwertige Qualität ab Schweizer Lager. Warum bei LuxeStyle kaufen? 🇨🇭 Versand aus der Schweiz – Lieferung in nur 1–2 Werktagen (DPD) ↩️ 30 Tage Rückgaberecht 🔒 Kauf auf Rechnung mit Klarna · TWINT · Karten · PayPal · Apple Pay 💬 Schweizer Support: info@luxestyle.ch	https://luxestyle.ch/products/lederhose-kurz-vintage-braun-fgsshb5055?variant=55970784838017	https://cdn.shopify.com/s/files/1/0943/6856/3585/files/HB505550_4.jpg?v=1784952744	https://cdn.shopify.com/s/files/1/0943/6856/3585/files/HB505546_1.jpg?v=1784840820,https://cdn.shopify.com/s/files/1/0943/6856/3585/files/HB505550_2.jpg?v=1784952743,https://cdn.shopify.com/s/files/1/0943/6856/3585/files/HB505550_3.jpg?v=1784952744,https://cdn.shopify.com/s/files/1/0943/6856/3585/files/HB505552_2.jpg?v=1784952744	118.90 CHF	in stock	1	8719956268571	LuxeStyle	new	Kostüme & Verkleidung	1-3 Werktage (Lager Schweiz)
fortura-HB505556	lederhose-kurz-vintage-braun-fgsshb5055	Lederhose kurz vintage braun – 56	Lederhose kurz vintage braun – hochwertige Qualität ab Schweizer Lager. Warum bei LuxeStyle kaufen? 🇨🇭 Versand aus der Schweiz – Lieferung in nur 1–2 Werktagen (DPD) ↩️ 30 Tage Rückgaberecht 🔒 Kauf auf Rechnung mit Klarna · TWINT · Karten · PayPal · Apple Pay 💬 Schweizer Support: info@luxestyle.ch	https://luxestyle.ch/products/lederhose-kurz-vintage-braun-fgsshb5055?variant=55970784870785	https://cdn.shopify.com/s/files/1/0943/6856/3585/files/HB505550_4.jpg?v=1784952744	https://cdn.shopify.com/s/files/1/0943/6856/3585/files/HB505546_1.jpg?v=1784840820,https://cdn.shopify.com/s/files/1/0943/6856/3585/files/HB505550_2.jpg?v=1784952743,https://cdn.shopify.com/s/files/1/0943/6856/3585/files/HB505550_3.jpg?v=1784952744,https://cdn.shopify.com/s/files/1/0943/6856/3585/files/HB505552_2.jpg?v=1784952744	118.90 CHF	in stock	2	8719956268595	LuxeStyle	new	Kostüme & Verkleidung	1-3 Werktage (Lager Schweiz)
fortura-HB523550	lederhose-kurz-fgsshb5235	Lederhose kurz – 50	Lederhose kurz – hochwertige Qualität ab Schweizer Lager. Warum bei LuxeStyle kaufen? 🇨🇭 Versand aus der Schweiz – Lieferung in nur 1–2 Werktagen (DPD) ↩️ 30 Tage Rückgaberecht 🔒 Kauf auf Rechnung mit Klarna · TWINT · Karten · PayPal · Apple Pay 💬 Schweizer Support: info@luxestyle.ch	https://luxestyle.ch/products/lederhose-kurz-fgsshb5235?variant=55970785001857	https://cdn.shopify.com/s/files/1/0943/6856/3585/files/HB523550_1_45faa5cc-8ae9-4a7a-b5dc-2ec2cb856e3a.jpg?v=1784840822		199.00 CHF	in stock	3	8718858225590	LuxeStyle	new	Kostüme & Verkleidung	1-3 Werktage (Lager Schweiz)
fortura-HB523552	lederhose-kurz-fgsshb5235	Lederhose kurz – 52	Lederhose kurz – hochwertige Qualität ab Schweizer Lager. Warum bei LuxeStyle kaufen? 🇨🇭 Versand aus der Schweiz – Lieferung in nur 1–2 Werktagen (DPD) ↩️ 30 Tage Rückgaberecht 🔒 Kauf auf Rechnung mit Klarna · TWINT · Karten · PayPal · Apple Pay 💬 Schweizer Support: info@luxestyle.ch	https://luxestyle.ch/products/lederhose-kurz-fgsshb5235?variant=55970785034625	https://cdn.shopify.com/s/files/1/0943/6856/3585/files/HB523550_1_45faa5cc-8ae9-4a7a-b5dc-2ec2cb856e3a.jpg?v=1784840822		199.00 CHF	in stock	1	8718858225606	LuxeStyle	new	Kostüme & Verkleidung	1-3 Werktage (Lager Schweiz)
fortura-HB523554	lederhose-kurz-fgsshb5235	Lederhose kurz – 54	Lederhose kurz – hochwertige Qualität ab Schweizer Lager. Warum bei LuxeStyle kaufen? 🇨🇭 Versand aus der Schweiz – Lieferung in nur 1–2 Werktagen (DPD) ↩️ 30 Tage Rückgaberecht 🔒 Kauf auf Rechnung mit Klarna · TWINT · Karten · PayPal · Apple Pay 💬 Schweizer Support: info@luxestyle.ch	https://luxestyle.ch/products/lederhose-kurz-fgsshb5235?variant=55970785067393	https://cdn.shopify.com/s/files/1/0943/6856/3585/files/HB523550_1_45faa5cc-8ae9-4a7a-b5dc-2ec2cb856e3a.jpg?v=1784840822		199.00 CHF	in stock	2	8718858225613	LuxeStyle	new	Kostüme & Verkleidung	1-3 Werktage (Lager Schweiz)
fortura-HB523556	lederhose-kurz-fgsshb5235	Lederhose kurz – 56	Lederhose kurz – hochwertige Qualität ab Schweizer Lager. Warum bei LuxeStyle kaufen? 🇨🇭 Versand aus der Schweiz – Lieferung in nur 1–2 Werktagen (DPD) ↩️ 30 Tage Rückgaberecht 🔒 Kauf auf Rechnung mit Klarna · TWINT · Karten · PayPal · Apple Pay 💬 Schweizer Support: info@luxestyle.ch	https://luxestyle.ch/products/lederhose-kurz-fgsshb5235?variant=55970785100161	https://cdn.shopify.com/s/files/1/0943/6856/3585/files/HB523550_1_45faa5cc-8ae9-4a7a-b5dc-2ec2cb856e3a.jpg?v=1784840822		199.00 CHF	in stock	1	8718858225620	LuxeStyle	new	Kostüme & Verkleidung	1-3 Werktage (Lager Schweiz)
fortura-HB525044	lederhose-kurz-mit-gurtel-fgsshb5250	Lederhose kurz mit Gürtel · Oktoberfest – 44	Lederhose kurz mit Gürtel – hochwertige Qualität ab Schweizer Lager. Details Anlass: Oktoberfest Warum bei LuxeStyle kaufen? 🇨🇭 Versand aus der Schweiz – Lieferung in nur 1–2 Werktagen (DPD) ↩️ 30 Tage Rückgaberecht 🔒 Kauf auf Rechnung mit Klarna · TWINT · Karten · PayPal · Apple Pay 💬 Schweizer Support: info@luxestyle.ch	https://luxestyle.ch/products/lederhose-kurz-mit-gurtel-fgsshb5250?variant=55970785264001	https://cdn.shopify.com/s/files/1/0943/6856/3585/files/HB525044_1_b3da8918-d75e-4f22-bca9-fba9d492e95e.jpg?v=1784840823		155.00 CHF	in stock	2	8721077011837	LuxeStyle	new	Kostüme & Verkleidung	1-3 Werktage (Lager Schweiz)
fortura-HB525048	lederhose-kurz-mit-gurtel-fgsshb5250	Lederhose kurz mit Gürtel · Oktoberfest – 48	Lederhose kurz mit Gürtel – hochwertige Qualität ab Schweizer Lager. Details Anlass: Oktoberfest Warum bei LuxeStyle kaufen? 🇨🇭 Versand aus der Schweiz – Lieferung in nur 1–2 Werktagen (DPD) ↩️ 30 Tage Rückgaberecht 🔒 Kauf auf Rechnung mit Klarna · TWINT · Karten · PayPal · Apple Pay 💬 Schweizer Support: info@luxestyle.ch	https://luxestyle.ch/products/lederhose-kurz-mit-gurtel-fgsshb5250?variant=55970785329537	https://cdn.shopify.com/s/files/1/0943/6856/3585/files/HB525044_1_b3da8918-d75e-4f22-bca9-fba9d492e95e.jpg?v=1784840823		155.00 CHF	in stock	1	8721077011851	LuxeStyle	new	Kostüme & Verkleidung	1-3 Werktage (Lager Schweiz)
fortura-HB525050	lederhose-kurz-mit-gurtel-fgsshb5250	Lederhose kurz mit Gürtel · Oktoberfest – 50	Lederhose kurz mit Gürtel – hochwertige Qualität ab Schweizer Lager. Details Anlass: Oktoberfest Warum bei LuxeStyle kaufen? 🇨🇭 Versand aus der Schweiz – Lieferung in nur 1–2 Werktagen (DPD) ↩️ 30 Tage Rückgaberecht 🔒 Kauf auf Rechnung mit Klarna · TWINT · Karten · PayPal · Apple Pay 💬 Schweizer Support: info@luxestyle.ch	https://luxestyle.ch/products/lederhose-kurz-mit-gurtel-fgsshb5250?variant=55970785362305	https://cdn.shopify.com/s/files/1/0943/6856/3585/files/HB525044_1_b3da8918-d75e-4f22-bca9-fba9d492e95e.jpg?v=1784840823		155.00 CHF	in stock	3	8721077011868	LuxeStyle	new	Kostüme & Verkleidung	1-3 Werktage (Lager Schweiz)
fortura-HB525052	lederhose-kurz-mit-gurtel-fgsshb5250	Lederhose kurz mit Gürtel · Oktoberfest – 52	Lederhose kurz mit Gürtel – hochwertige Qualität ab Schweizer Lager. Details Anlass: Oktoberfest Warum bei LuxeStyle kaufen? 🇨🇭 Versand aus der Schweiz – Lieferung in nur 1–2 Werktagen (DPD) ↩️ 30 Tage Rückgaberecht 🔒 Kauf auf Rechnung mit Klarna · TWINT · Karten · PayPal · Apple Pay 💬 Schweizer Support: info@luxestyle.ch	https://luxestyle.ch/products/lederhose-kurz-mit-gurtel-fgsshb5250?variant=55970785395073	https://cdn.shopify.com/s/files/1/0943/6856/3585/files/HB525044_1_b3da8918-d75e-4f22-bca9-fba9d492e95e.jpg?v=1784840823		155.00 CHF	in stock	2	8721077011875	LuxeStyle	new	Kostüme & Verkleidung	1-3 Werktage (Lager Schweiz)
fortura-HB525054	lederhose-kurz-mit-gurtel-fgsshb5250	Lederhose kurz mit Gürtel · Oktoberfest – 54	Lederhose kurz mit Gürtel – hochwertige Qualität ab Schweizer Lager. Details Anlass: Oktoberfest Warum bei LuxeStyle kaufen? 🇨🇭 Versand aus der Schweiz – Lieferung in nur 1–2 Werktagen (DPD) ↩️ 30 Tage Rückgaberecht 🔒 Kauf auf Rechnung mit Klarna · TWINT · Karten · PayPal · Apple Pay 💬 Schweizer Support: info@luxestyle.ch	https://luxestyle.ch/products/lederhose-kurz-mit-gurtel-fgsshb5250?variant=55970785427841	https://cdn.shopify.com/s/files/1/0943/6856/3585/files/HB525044_1_b3da8918-d75e-4f22-bca9-fba9d492e95e.jpg?v=1784840823		155.00 CHF	in stock	1	8721077011882	LuxeStyle	new	Kostüme & Verkleidung	1-3 Werktage (Lager Schweiz)
fortura-HB525060	lederhose-kurz-mit-gurtel-fgsshb5250	Lederhose kurz mit Gürtel · Oktoberfest – 60	Lederhose kurz mit Gürtel – hochwertige Qualität ab Schweizer Lager. Details Anlass: Oktoberfest Warum bei LuxeStyle kaufen? 🇨🇭 Versand aus der Schweiz – Lieferung in nur 1–2 Werktagen (DPD) ↩️ 30 Tage Rückgaberecht 🔒 Kauf auf Rechnung mit Klarna · TWINT · Karten · PayPal · Apple Pay 💬 Schweizer Support: info@luxestyle.ch	https://luxestyle.ch/products/lederhose-kurz-mit-gurtel-fgsshb5250?variant=55970785460609	https://cdn.shopify.com/s/files/1/0943/6856/3585/files/HB525044_1_b3da8918-d75e-4f22-bca9-fba9d492e95e.jpg?v=1784840823		155.00 CHF	in stock	2	8721077011912	LuxeStyle	new	Kostüme & Verkleidung	1-3 Werktage (Lager Schweiz)
fortura-HB525064	lederhose-kurz-mit-gurtel-fgsshb5250	Lederhose kurz mit Gürtel · Oktoberfest – 64	Lederhose kurz mit Gürtel – hochwertige Qualität ab Schweizer Lager. Details Anlass: Oktoberfest Warum bei LuxeStyle kaufen? 🇨🇭 Versand aus der Schweiz – Lieferung in nur 1–2 Werktagen (DPD) ↩️ 30 Tage Rückgaberecht 🔒 Kauf auf Rechnung mit Klarna · TWINT · Karten · PayPal · Apple Pay 💬 Schweizer Support: info@luxestyle.ch	https://luxestyle.ch/products/lederhose-kurz-mit-gurtel-fgsshb5250?variant=55970785493377	https://cdn.shopify.com/s/files/1/0943/6856/3585/files/HB525044_1_b3da8918-d75e-4f22-bca9-fba9d492e95e.jpg?v=1784840823		155.00 CHF	in stock	2	8721077011936	LuxeStyle	new	Kostüme & Verkleidung	1-3 Werktage (Lager Schweiz)
fortura-OR9919	kostum-charleston-20er-fgaor9919	Kostüm Charleston 20er	Kostüm Charleston 20er – hochwertige Qualität ab Schweizer Lager. Warum bei LuxeStyle kaufen? 🇨🇭 Versand aus der Schweiz – Lieferung in nur 1–2 Werktagen (DPD) ↩️ 30 Tage Rückgaberecht 🔒 Kauf auf Rechnung mit Klarna · TWINT · Karten · PayPal · Apple Pay 💬 Schweizer Support: info@luxestyle.ch	https://luxestyle.ch/products/kostum-charleston-20er-fgaor9919?variant=55970790244737	https://cdn.shopify.com/s/files/1/0943/6856/3585/files/OR9919_1_0417bb0f-3dd8-4431-849e-f9b10a766c0a.jpg?v=1784840884	https://cdn.shopify.com/s/files/1/0943/6856/3585/files/OR9919_2.jpg?v=1784956038,https://cdn.shopify.com/s/files/1/0943/6856/3585/files/OR9919_3.jpg?v=1784956039	57.90 CHF	in stock	1	4015101991955	LuxeStyle	new	Kostüme & Verkleidung	1-3 Werktage (Lager Schweiz)
fortura-OR9985S-M	pluschjacke-lang-langes-flor-fgssor9985	Plüschjacke lang, langes Flor – S/M	Plüschjacke lang, langes Flor – hochwertige Qualität ab Schweizer Lager. Details Anlass: Fasnacht Warum bei LuxeStyle kaufen? 🇨🇭 Versand aus der Schweiz – Lieferung in nur 1–2 Werktagen (DPD) ↩️ 30 Tage Rückgaberecht 🔒 Kauf auf Rechnung mit Klarna · TWINT · Karten · PayPal · Apple Pay 💬 Schweizer Support: info@luxestyle.ch	https://luxestyle.ch/products/pluschjacke-lang-langes-flor-fgssor9985?variant=55970790375809	https://cdn.shopify.com/s/files/1/0943/6856/3585/files/OR9985L-XL_1_482d3f27-6ecc-48ef-a618-3351f73138b6.jpg?v=1784840888	https://cdn.shopify.com/s/files/1/0943/6856/3585/files/OR9985S-M_2.jpg?v=1784956044,https://cdn.shopify.com/s/files/1/0943/6856/3585/files/OR9985L-XL_2.jpg?v=1784956044	75.00 CHF	in stock	30	4015101469850	LuxeStyle	new	Spielzeug & Spiele	1-3 Werktage (Lager Schweiz)
fortura-OR9985L-XL	pluschjacke-lang-langes-flor-fgssor9985	Plüschjacke lang, langes Flor – L/XL	Plüschjacke lang, langes Flor – hochwertige Qualität ab Schweizer Lager. Details Anlass: Fasnacht Warum bei LuxeStyle kaufen? 🇨🇭 Versand aus der Schweiz – Lieferung in nur 1–2 Werktagen (DPD) ↩️ 30 Tage Rückgaberecht 🔒 Kauf auf Rechnung mit Klarna · TWINT · Karten · PayPal · Apple Pay 💬 Schweizer Support: info@luxestyle.ch	https://luxestyle.ch/products/pluschjacke-lang-langes-flor-fgssor9985?variant=55970790408577	https://cdn.shopify.com/s/files/1/0943/6856/3585/files/OR9985L-XL_1_482d3f27-6ecc-48ef-a618-3351f73138b6.jpg?v=1784840888	https://cdn.shopify.com/s/files/1/0943/6856/3585/files/OR9985S-M_2.jpg?v=1784956044,https://cdn.shopify.com/s/files/1/0943/6856/3585/files/OR9985L-XL_2.jpg?v=1784956044	75.00 CHF	in stock	15	4015101985466	LuxeStyle	new	Spielzeug & Spiele	1-3 Werktage (Lager Schweiz)
fortura-RU702563L	kostum-captain-america-fgssru7025	Kostüm Captain America – 152 cm	Kostüm Captain America – hochwertige Qualität ab Schweizer Lager. Warum bei LuxeStyle kaufen? 🇨🇭 Versand aus der Schweiz – Lieferung in nur 1–2 Werktagen (DPD) ↩️ 30 Tage Rückgaberecht 🔒 Kauf auf Rechnung mit Klarna · TWINT · Karten · PayPal · Apple Pay 💬 Schweizer Support: info@luxestyle.ch	https://luxestyle.ch/products/kostum-captain-america-fgssru7025?variant=55970791489921	https://cdn.shopify.com/s/files/1/0943/6856/3585/files/RU702563L_1_3935e2bd-f38a-4764-9b1d-01cdbff0b0d6.jpg?v=1784840897	https://cdn.shopify.com/s/files/1/0943/6856/3585/files/RU702563L_2.jpg?v=1784956069,https://cdn.shopify.com/s/files/1/0943/6856/3585/files/RU702563L_3.jpg?v=1784956069,https://cdn.shopify.com/s/files/1/0943/6856/3585/files/RU702563M_2.jpg?v=1784956068,https://cdn.shopify.com/s/files/1/0943/6856/3585/files/RU702563M_3.jpg?v=1784956068	69.90 CHF	in stock	2	883028442119	LuxeStyle	new	Kostüme & Verkleidung	1-3 Werktage (Lager Schweiz)
fortura-RU702563M	kostum-captain-america-fgssru7025	Kostüm Captain America – 140 cm	Kostüm Captain America – hochwertige Qualität ab Schweizer Lager. Warum bei LuxeStyle kaufen? 🇨🇭 Versand aus der Schweiz – Lieferung in nur 1–2 Werktagen (DPD) ↩️ 30 Tage Rückgaberecht 🔒 Kauf auf Rechnung mit Klarna · TWINT · Karten · PayPal · Apple Pay 💬 Schweizer Support: info@luxestyle.ch	https://luxestyle.ch/products/kostum-captain-america-fgssru7025?variant=55970791522689	https://cdn.shopify.com/s/files/1/0943/6856/3585/files/RU702563L_1_3935e2bd-f38a-4764-9b1d-01cdbff0b0d6.jpg?v=1784840897	https://cdn.shopify.com/s/files/1/0943/6856/3585/files/RU702563L_2.jpg?v=1784956069,https://cdn.shopify.com/s/files/1/0943/6856/3585/files/RU702563L_3.jpg?v=1784956069,https://cdn.shopify.com/s/files/1/0943/6856/3585/files/RU702563M_2.jpg?v=1784956068,https://cdn.shopify.com/s/files/1/0943/6856/3585/files/RU702563M_3.jpg?v=1784956068	69.90 CHF	in stock	2	883028442126	LuxeStyle	new	Kostüme & Verkleidung	1-3 Werktage (Lager Schweiz)
fortura-RU702563S	kostum-captain-america-fgssru7025	Kostüm Captain America – 122 cm	Kostüm Captain America – hochwertige Qualität ab Schweizer Lager. Warum bei LuxeStyle kaufen? 🇨🇭 Versand aus der Schweiz – Lieferung in nur 1–2 Werktagen (DPD) ↩️ 30 Tage Rückgaberecht 🔒 Kauf auf Rechnung mit Klarna · TWINT · Karten · PayPal · Apple Pay 💬 Schweizer Support: info@luxestyle.ch	https://luxestyle.ch/products/kostum-captain-america-fgssru7025?variant=55970791555457	https://cdn.shopify.com/s/files/1/0943/6856/3585/files/RU702563L_1_3935e2bd-f38a-4764-9b1d-01cdbff0b0d6.jpg?v=1784840897	https://cdn.shopify.com/s/files/1/0943/6856/3585/files/RU702563L_2.jpg?v=1784956069,https://cdn.shopify.com/s/files/1/0943/6856/3585/files/RU702563L_3.jpg?v=1784956069,https://cdn.shopify.com/s/files/1/0943/6856/3585/files/RU702563M_2.jpg?v=1784956068,https://cdn.shopify.com/s/files/1/0943/6856/3585/files/RU702563M_3.jpg?v=1784956068	69.90 CHF	in stock	2	883028442133	LuxeStyle	new	Kostüme & Verkleidung	1-3 Werktage (Lager Schweiz)
fortura-RU883482L	kostum-batman-mit-maske-fgssru8834	Kostüm Batman mit Maske – 9 bis 10 Jahre	Kostüm Batman mit Maske – hochwertige Qualität ab Schweizer Lager. Warum bei LuxeStyle kaufen? 🇨🇭 Versand aus der Schweiz – Lieferung in nur 1–2 Werktagen (DPD) ↩️ 30 Tage Rückgaberecht 🔒 Kauf auf Rechnung mit Klarna · TWINT · Karten · PayPal · Apple Pay 💬 Schweizer Support: info@luxestyle.ch	https://luxestyle.ch/products/kostum-batman-mit-maske-fgssru8834?variant=55970791653761	https://cdn.shopify.com/s/files/1/0943/6856/3585/files/RU883482L_1_92a433ba-bf3f-43ae-b9f3-990c5e36a68c.jpg?v=1784840899		70.90 CHF	in stock	1	883028348275	LuxeStyle	new	Kostüme & Verkleidung	1-3 Werktage (Lager Schweiz)
fortura-RU883482M	kostum-batman-mit-maske-fgssru8834	Kostüm Batman mit Maske – 5 bis 7 Jahre	Kostüm Batman mit Maske – hochwertige Qualität ab Schweizer Lager. Warum bei LuxeStyle kaufen? 🇨🇭 Versand aus der Schweiz – Lieferung in nur 1–2 Werktagen (DPD) ↩️ 30 Tage Rückgaberecht 🔒 Kauf auf Rechnung mit Klarna · TWINT · Karten · PayPal · Apple Pay 💬 Schweizer Support: info@luxestyle.ch	https://luxestyle.ch/products/kostum-batman-mit-maske-fgssru8834?variant=55970791686529	https://cdn.shopify.com/s/files/1/0943/6856/3585/files/RU883482L_1_92a433ba-bf3f-43ae-b9f3-990c5e36a68c.jpg?v=1784840899		70.90 CHF	in stock	2	883028348268	LuxeStyle	new	Kostüme & Verkleidung	1-3 Werktage (Lager Schweiz)
fortura-RU888239L	kostum-supergirl-fgssru8882	Kostüm Supergirl	Kostüm Supergirl – hochwertige Qualität ab Schweizer Lager. Warum bei LuxeStyle kaufen? 🇨🇭 Versand aus der Schweiz – Lieferung in nur 1–2 Werktagen (DPD) ↩️ 30 Tage Rückgaberecht 🔒 Kauf auf Rechnung mit Klarna · TWINT · Karten · PayPal · Apple Pay 💬 Schweizer Support: info@luxestyle.ch	https://luxestyle.ch/products/kostum-supergirl-fgssru8882?variant=55970791784833	https://cdn.shopify.com/s/files/1/0943/6856/3585/files/RU888239L_1_0eef989e-7c15-4422-962b-ab3b5c2efd16.jpg?v=1784840901		80.90 CHF	in stock	1	883028823970	LuxeStyle	new	Kostüme & Verkleidung	1-3 Werktage (Lager Schweiz)
fortura-91381	peruckenkopf-fga91381	Perückenkopf	Retouren: Aus hygienischen Gründen können wir retournierte Perücken nur rückvergüten, wenn Du uns diese in ungeöffneter Originalverpackung zustellst. Wir danken für Dein Verständnis. Details Marke: Widmann Lieferumfang: 1 Perücke Warum bei LuxeStyle kaufen? 🇨🇭 Versand aus der Schweiz – Lieferung in nur 1–2 Werktagen (DPD) ↩️ 30 Tage Rückgaberecht 🔒 Kauf auf Rechnung mit Klarna · TWINT · Karten · PayPal · Apple Pay 💬 Schweizer Support: info@luxestyle.ch	https://luxestyle.ch/products/peruckenkopf-fga91381?variant=55970791948673	https://cdn.shopify.com/s/files/1/0943/6856/3585/files/15469978812801-quadrat.jpg?v=1787775453	https://cdn.shopify.com/s/files/1/0943/6856/3585/files/91381_1_bfd7f368-3563-4691-a4b5-6996755cfa6c.jpg?v=1784840903	61.90 CHF	in stock	7	8003558138104	LuxeStyle	new	Kostüme & Verkleidung	1-3 Werktage (Lager Schweiz)
fortura-904858	jetpilotenhelm-fga904858	Jetpilotenhelm	Werde mit diesem klasse Helm zum Top Gun Piloten und sei der coole Hero auf jeder Party! Details Marke: Widmann Farbe: schwarz Anlass: Fasnacht Lieferumfang: 1 Stück Warum bei LuxeStyle kaufen? 🇨🇭 Versand aus der Schweiz – Lieferung in nur 1–2 Werktagen (DPD) ↩️ 30 Tage Rückgaberecht 🔒 Kauf auf Rechnung mit Klarna · TWINT · Karten · PayPal · Apple Pay 💬 Schweizer Support: info@luxestyle.ch	https://luxestyle.ch/products/jetpilotenhelm-fga904858?variant=55970795946369	https://cdn.shopify.com/s/files/1/0943/6856/3585/files/904858_1_96a2eda3-a032-425e-bd0b-2c642bfce0c1.jpg?v=1784840951	https://cdn.shopify.com/s/files/1/0943/6856/3585/files/904858_2.jpg?v=1784956180	64.90 CHF	in stock	2	8003558048588	LuxeStyle	new	Kostüme & Verkleidung	1-3 Werktage (Lager Schweiz)
fortura-RU15526-M	kostum-morticia-addams-fgssru1552	Kostüm Morticia Addams – M	Kostüm Morticia Addams – hochwertige Qualität ab Schweizer Lager. Warum bei LuxeStyle kaufen? 🇨🇭 Versand aus der Schweiz – Lieferung in nur 1–2 Werktagen (DPD) ↩️ 30 Tage Rückgaberecht 🔒 Kauf auf Rechnung mit Klarna · TWINT · Karten · PayPal · Apple Pay 💬 Schweizer Support: info@luxestyle.ch	https://luxestyle.ch/products/kostum-morticia-addams-fgssru1552?variant=55970796208513	https://cdn.shopify.com/s/files/1/0943/6856/3585/files/RU15526-L_1_e58602a6-5617-468c-bc5f-6335c11f7bc4.jpg?v=1784840956		98.90 CHF	in stock	3	883028045464	LuxeStyle	new	Kostüme & Verkleidung	1-3 Werktage (Lager Schweiz)
fortura-RU15526-L	kostum-morticia-addams-fgssru1552	Kostüm Morticia Addams – L	Kostüm Morticia Addams – hochwertige Qualität ab Schweizer Lager. Warum bei LuxeStyle kaufen? 🇨🇭 Versand aus der Schweiz – Lieferung in nur 1–2 Werktagen (DPD) ↩️ 30 Tage Rückgaberecht 🔒 Kauf auf Rechnung mit Klarna · TWINT · Karten · PayPal · Apple Pay 💬 Schweizer Support: info@luxestyle.ch	https://luxestyle.ch/products/kostum-morticia-addams-fgssru1552?variant=55970796241281	https://cdn.shopify.com/s/files/1/0943/6856/3585/files/RU15526-L_1_e58602a6-5617-468c-bc5f-6335c11f7bc4.jpg?v=1784840956		98.90 CHF	in stock	10	082686955263	LuxeStyle	new	Kostüme & Verkleidung	1-3 Werktage (Lager Schweiz)
fortura-RU301360-M	kostum-thor-fgssru3013	Kostüm Thor	Kostüm Thor – hochwertige Qualität ab Schweizer Lager. Warum bei LuxeStyle kaufen? 🇨🇭 Versand aus der Schweiz – Lieferung in nur 1–2 Werktagen (DPD) ↩️ 30 Tage Rückgaberecht 🔒 Kauf auf Rechnung mit Klarna · TWINT · Karten · PayPal · Apple Pay 💬 Schweizer Support: info@luxestyle.ch	https://luxestyle.ch/products/kostum-thor-fgssru3013?variant=55970796339585	https://cdn.shopify.com/s/files/1/0943/6856/3585/files/RU301360-M_2.jpg?v=1784956200	https://cdn.shopify.com/s/files/1/0943/6856/3585/files/RU301360-M_1_d9b50d6c-13dc-4eb2-93ab-49650676e1f1.jpg?v=1784840960,https://cdn.shopify.com/s/files/1/0943/6856/3585/files/RU301360-M_3.jpg?v=1784956200	111.90 CHF	in stock	4	195884031919	LuxeStyle	new	Kostüme & Verkleidung	1-3 Werktage (Lager Schweiz)
fortura-RU3300190-S	kinderkostum-fortnite-brite-bomber-fgssru3300190	Kinderkostüm Fortnite Brite Bomber	Aus dem angesagten Online-Game. Details Marke: Rubie's Farbe: violett Anlass: Fasnacht Warum bei LuxeStyle kaufen? 🇨🇭 Versand aus der Schweiz – Lieferung in nur 1–2 Werktagen (DPD) ↩️ 30 Tage Rückgaberecht 🔒 Kauf auf Rechnung mit Klarna · TWINT · Karten · PayPal · Apple Pay 💬 Schweizer Support: info@luxestyle.ch	https://luxestyle.ch/products/kinderkostum-fortnite-brite-bomber-fgssru3300190?variant=55970796437889	https://cdn.shopify.com/s/files/1/0943/6856/3585/files/15469981270401-quadrat.jpg?v=1787775466	https://cdn.shopify.com/s/files/1/0943/6856/3585/files/RU3300190-M_1.jpg?v=1784840960	103.90 CHF	in stock	1	883028343881	LuxeStyle	new	Kostüme & Verkleidung	1-3 Werktage (Lager Schweiz)
fortura-RU640829L	kostum-iron-man-mit-maske-fgssru64082	Kostüm Iron Man mit Maske – 128 cm	Kostüm Iron Man mit Maske – hochwertige Qualität ab Schweizer Lager. Warum bei LuxeStyle kaufen? 🇨🇭 Versand aus der Schweiz – Lieferung in nur 1–2 Werktagen (DPD) ↩️ 30 Tage Rückgaberecht 🔒 Kauf auf Rechnung mit Klarna · TWINT · Karten · PayPal · Apple Pay 💬 Schweizer Support: info@luxestyle.ch	https://luxestyle.ch/products/kostum-iron-man-mit-maske-fgssru64082?variant=55970796536193	https://cdn.shopify.com/s/files/1/0943/6856/3585/files/RU640829L_1_34679309-5dbe-4757-99f7-e0ef43f600bc.jpg?v=1784840964		76.90 CHF	in stock	3	883028283880	LuxeStyle	new	Kostüme & Verkleidung	1-3 Werktage (Lager Schweiz)
fortura-RU640829M	kostum-iron-man-mit-maske-fgssru64082	Kostüm Iron Man mit Maske – 116 cm	Kostüm Iron Man mit Maske – hochwertige Qualität ab Schweizer Lager. Warum bei LuxeStyle kaufen? 🇨🇭 Versand aus der Schweiz – Lieferung in nur 1–2 Werktagen (DPD) ↩️ 30 Tage Rückgaberecht 🔒 Kauf auf Rechnung mit Klarna · TWINT · Karten · PayPal · Apple Pay 💬 Schweizer Support: info@luxestyle.ch	https://luxestyle.ch/products/kostum-iron-man-mit-maske-fgssru64082?variant=55970796568961	https://cdn.shopify.com/s/files/1/0943/6856/3585/files/RU640829L_1_34679309-5dbe-4757-99f7-e0ef43f600bc.jpg?v=1784840964		73.90 CHF	in stock	1	883028283842	LuxeStyle	new	Kostüme & Verkleidung	1-3 Werktage (Lager Schweiz)
fortura-RU640829S	kostum-iron-man-mit-maske-fgssru64082	Kostüm Iron Man mit Maske – 104	Kostüm Iron Man mit Maske – hochwertige Qualität ab Schweizer Lager. Warum bei LuxeStyle kaufen? 🇨🇭 Versand aus der Schweiz – Lieferung in nur 1–2 Werktagen (DPD) ↩️ 30 Tage Rückgaberecht 🔒 Kauf auf Rechnung mit Klarna · TWINT · Karten · PayPal · Apple Pay 💬 Schweizer Support: info@luxestyle.ch	https://luxestyle.ch/products/kostum-iron-man-mit-maske-fgssru64082?variant=55970796601729	https://cdn.shopify.com/s/files/1/0943/6856/3585/files/RU640829L_1_34679309-5dbe-4757-99f7-e0ef43f600bc.jpg?v=1784840964		73.90 CHF	in stock	2	883028283835	LuxeStyle	new	Kostüme & Verkleidung	1-3 Werktage (Lager Schweiz)
fortura-RU702624-M	kostum-wednesday-addams-fgssru70262	Kostüm Wednesday Addams · Kinder – 5 bis 7 Jahre	Kostüm Wednesday Addams – hochwertige Qualität ab Schweizer Lager. Warum bei LuxeStyle kaufen? 🇨🇭 Versand aus der Schweiz – Lieferung in nur 1–2 Werktagen (DPD) ↩️ 30 Tage Rückgaberecht 🔒 Kauf auf Rechnung mit Klarna · TWINT · Karten · PayPal · Apple Pay 💬 Schweizer Support: info@luxestyle.ch	https://luxestyle.ch/products/kostum-wednesday-addams-fgssru70262?variant=55970796700033	https://cdn.shopify.com/s/files/1/0943/6856/3585/files/RU702624-L_1.jpg?v=1784840966	https://cdn.shopify.com/s/files/1/0943/6856/3585/files/RU702624-M_2.jpg?v=1784956215,https://cdn.shopify.com/s/files/1/0943/6856/3585/files/RU702624-M_3.jpg?v=1784956213,https://cdn.shopify.com/s/files/1/0943/6856/3585/files/RU702624-S_2.jpg?v=1784956213,https://cdn.shopify.com/s/files/1/0943/6856/3585/files/RU702624-S_3.jpg?v=1784956213	72.90 CHF	in stock	1	883028449507	LuxeStyle	new	Kostüme & Verkleidung	1-3 Werktage (Lager Schweiz)
fortura-RU702624-S	kostum-wednesday-addams-fgssru70262	Kostüm Wednesday Addams · Kinder – 3 bis 4 Jahre	Kostüm Wednesday Addams – hochwertige Qualität ab Schweizer Lager. Warum bei LuxeStyle kaufen? 🇨🇭 Versand aus der Schweiz – Lieferung in nur 1–2 Werktagen (DPD) ↩️ 30 Tage Rückgaberecht 🔒 Kauf auf Rechnung mit Klarna · TWINT · Karten · PayPal · Apple Pay 💬 Schweizer Support: info@luxestyle.ch	https://luxestyle.ch/products/kostum-wednesday-addams-fgssru70262?variant=55970796732801	https://cdn.shopify.com/s/files/1/0943/6856/3585/files/RU702624-L_1.jpg?v=1784840966	https://cdn.shopify.com/s/files/1/0943/6856/3585/files/RU702624-M_2.jpg?v=1784956215,https://cdn.shopify.com/s/files/1/0943/6856/3585/files/RU702624-M_3.jpg?v=1784956213,https://cdn.shopify.com/s/files/1/0943/6856/3585/files/RU702624-S_2.jpg?v=1784956213,https://cdn.shopify.com/s/files/1/0943/6856/3585/files/RU702624-S_3.jpg?v=1784956213	72.90 CHF	in stock	6	883028449514	LuxeStyle	new	Kostüme & Verkleidung	1-3 Werktage (Lager Schweiz)
fortura-996653	maske-einhorn-weiss-fga996653	Maske Einhorn weiss	Maske Einhorn weiss – hochwertige Qualität ab Schweizer Lager. Details Marke: Widmann Warum bei LuxeStyle kaufen? 🇨🇭 Versand aus der Schweiz – Lieferung in nur 1–2 Werktagen (DPD) ↩️ 30 Tage Rückgaberecht 🔒 Kauf auf Rechnung mit Klarna · TWINT · Karten · PayPal · Apple Pay 💬 Schweizer Support: info@luxestyle.ch	https://luxestyle.ch/products/maske-einhorn-weiss-fga996653?variant=55970796765569	https://cdn.shopify.com/s/files/1/0943/6856/3585/files/996653_1_c41aa022-de9b-4395-826c-a72091fb7283.jpg?v=1784840968	https://cdn.shopify.com/s/files/1/0943/6856/3585/files/996653_2.jpg?v=1784956216	55.00 CHF	in stock	30	8003558966530	LuxeStyle	new	Kostüme & Verkleidung	1-3 Werktage (Lager Schweiz)
fortura-BO00785	helm-discokugel-regenbogen-fgabo00785	Helm Discokugel Regenbogen	Helm Discokugel Regenbogen – hochwertige Qualität ab Schweizer Lager. Warum bei LuxeStyle kaufen? 🇨🇭 Versand aus der Schweiz – Lieferung in nur 1–2 Werktagen (DPD) ↩️ 30 Tage Rückgaberecht 🔒 Kauf auf Rechnung mit Klarna · TWINT · Karten · PayPal · Apple Pay 💬 Schweizer Support: info@luxestyle.ch	https://luxestyle.ch/products/helm-discokugel-regenbogen-fgabo00785?variant=55970797126017	https://cdn.shopify.com/s/files/1/0943/6856/3585/files/BO00785_1_7ee090e5-9fee-4cbe-a23c-10325b83324c.jpg?v=1784840974	https://cdn.shopify.com/s/files/1/0943/6856/3585/files/BO00785_2.jpg?v=1784956224,https://cdn.shopify.com/s/files/1/0943/6856/3585/files/BO00785_3.jpg?v=1784956224	61.90 CHF	in stock	10	8712026007858	LuxeStyle	new	Kostüme & Verkleidung	1-3 Werktage (Lager Schweiz)
fortura-BO00794	helm-discokugel-fgabo00794	Helm Discokugel	Helm Discokugel – hochwertige Qualität ab Schweizer Lager. Warum bei LuxeStyle kaufen? 🇨🇭 Versand aus der Schweiz – Lieferung in nur 1–2 Werktagen (DPD) ↩️ 30 Tage Rückgaberecht 🔒 Kauf auf Rechnung mit Klarna · TWINT · Karten · PayPal · Apple Pay 💬 Schweizer Support: info@luxestyle.ch	https://luxestyle.ch/products/helm-discokugel-fgabo00794?variant=55970797224321	https://cdn.shopify.com/s/files/1/0943/6856/3585/files/BO00794_1_2cadc516-c922-47b0-825a-3119e5b05957.jpg?v=1784840977	https://cdn.shopify.com/s/files/1/0943/6856/3585/files/BO00794_2.jpg?v=1784956232,https://cdn.shopify.com/s/files/1/0943/6856/3585/files/BO00794_3.jpg?v=1784956232,https://cdn.shopify.com/s/files/1/0943/6856/3585/files/BO00794_4.jpg?v=1784956232,https://cdn.shopify.com/s/files/1/0943/6856/3585/files/BO00794_5.jpg?v=1784956232	61.90 CHF	in stock	12	8712026007940	LuxeStyle	new	Kostüme & Verkleidung	1-3 Werktage (Lager Schweiz)
fortura-BO00793	helm-discokugel-gold-fgabo00793	Helm Discokugel gold	Helm Discokugel gold – hochwertige Qualität ab Schweizer Lager. Details Anlass: Fasnacht Warum bei LuxeStyle kaufen? 🇨🇭 Versand aus der Schweiz – Lieferung in nur 1–2 Werktagen (DPD) ↩️ 30 Tage Rückgaberecht 🔒 Kauf auf Rechnung mit Klarna · TWINT · Karten · PayPal · Apple Pay 💬 Schweizer Support: info@luxestyle.ch	https://luxestyle.ch/products/helm-discokugel-gold-fgabo00793?variant=55970804892033	https://cdn.shopify.com/s/files/1/0943/6856/3585/files/BO00793_1_c7086bd6-fc2a-4b06-bd3b-8dea6d9ac610.jpg?v=1784841114	https://cdn.shopify.com/s/files/1/0943/6856/3585/files/BO00793_2.jpg?v=1784959745,https://cdn.shopify.com/s/files/1/0943/6856/3585/files/BO00793_3.jpg?v=1784959744,https://cdn.shopify.com/s/files/1/0943/6856/3585/files/BO00793_4.jpg?v=1784959744	61.90 CHF	in stock	8	8712026007933	LuxeStyle	new	Kostüme & Verkleidung	1-3 Werktage (Lager Schweiz)
fortura-BO01420	helm-pilot-mit-visier-fgabo01420	Helm Pilot mit Visier	Helm Pilot mit Visier – hochwertige Qualität ab Schweizer Lager. Warum bei LuxeStyle kaufen? 🇨🇭 Versand aus der Schweiz – Lieferung in nur 1–2 Werktagen (DPD) ↩️ 30 Tage Rückgaberecht 🔒 Kauf auf Rechnung mit Klarna · TWINT · Karten · PayPal · Apple Pay 💬 Schweizer Support: info@luxestyle.ch	https://luxestyle.ch/products/helm-pilot-mit-visier-fgabo01420?variant=55970805318017	https://cdn.shopify.com/s/files/1/0943/6856/3585/files/BO01420_1_7926d0fc-cfa8-469a-bea0-fa76d4d8eeda.jpg?v=1784841123	https://cdn.shopify.com/s/files/1/0943/6856/3585/files/BO01420_2.jpg?v=1784959764,https://cdn.shopify.com/s/files/1/0943/6856/3585/files/BO01420_3.jpg?v=1784959764,https://cdn.shopify.com/s/files/1/0943/6856/3585/files/BO01420_4.jpg?v=1784959764,https://cdn.shopify.com/s/files/1/0943/6856/3585/files/BO01420_5.jpg?v=1784959764	61.90 CHF	in stock	27	8712026014207	LuxeStyle	new	Kostüme & Verkleidung	1-3 Werktage (Lager Schweiz)
fortura-77041	schwarze-engelsflugel-fga77041	Schwarze Engelsflügel	Hebe ab. Details Marke: BOLAND Farbe: schwarz Masse: 120cm x 120cm Lieferumfang: 1 Paar Warum bei LuxeStyle kaufen? 🇨🇭 Versand aus der Schweiz – Lieferung in nur 1–2 Werktagen (DPD) ↩️ 30 Tage Rückgaberecht 🔒 Kauf auf Rechnung mit Klarna · TWINT · Karten · PayPal · Apple Pay 💬 Schweizer Support: info@luxestyle.ch	https://luxestyle.ch/products/schwarze-engelsflugel-fga77041?variant=55970805744001	https://cdn.shopify.com/s/files/1/0943/6856/3585/files/77041_1_fed6b66f-1b95-4829-8ec3-d62b78eb42c1.jpg?v=1784841135		78.00 CHF	in stock	10	8712026528179	LuxeStyle	new	Kostüme & Verkleidung	1-3 Werktage (Lager Schweiz)
fortura-902438	schutzbrille-s-w-a-t-schwarz-fga902438	Schutzbrille S.W.A.T schwarz	Schutzbrille S.W.A.T schwarz – hochwertige Qualität ab Schweizer Lager. Details Marke: Widmann Warum bei LuxeStyle kaufen? 🇨🇭 Versand aus der Schweiz – Lieferung in nur 1–2 Werktagen (DPD) ↩️ 30 Tage Rückgaberecht 🔒 Kauf auf Rechnung mit Klarna · TWINT · Karten · PayPal · Apple Pay 💬 Schweizer Support: info@luxestyle.ch	https://luxestyle.ch/products/schutzbrille-s-w-a-t-schwarz-fga902438?variant=55970806825345	https://cdn.shopify.com/s/files/1/0943/6856/3585/files/902438_1_5952f6d9-c102-4e22-99fe-6f2af29f0ac0.jpg?v=1784841158	https://cdn.shopify.com/s/files/1/0943/6856/3585/files/902438_2.jpg?v=1784963166,https://cdn.shopify.com/s/files/1/0943/6856/3585/files/902438_3.jpg?v=1784963166,https://cdn.shopify.com/s/files/1/0943/6856/3585/files/902438_4.jpg?v=1784963166	29.90 CHF	in stock	89	8003558024384	LuxeStyle	new	Accessoires	1-3 Werktage (Lager Schweiz)
fortura-BO00792	helm-discokugel-rose-fgabo00792	Helm Discokugel rosé	Helm Discokugel rosé – hochwertige Qualität ab Schweizer Lager. Details Anlass: Fasnacht Warum bei LuxeStyle kaufen? 🇨🇭 Versand aus der Schweiz – Lieferung in nur 1–2 Werktagen (DPD) ↩️ 30 Tage Rückgaberecht 🔒 Kauf auf Rechnung mit Klarna · TWINT · Karten · PayPal · Apple Pay 💬 Schweizer Support: info@luxestyle.ch	https://luxestyle.ch/products/helm-discokugel-rose-fgabo00792?variant=55970808332673	https://cdn.shopify.com/s/files/1/0943/6856/3585/files/BO00792_1_7abb7a4f-2400-4aba-b71d-63375968ca57.jpg?v=1784841193	https://cdn.shopify.com/s/files/1/0943/6856/3585/files/BO00792_2.jpg?v=1784963257,https://cdn.shopify.com/s/files/1/0943/6856/3585/files/BO00792_3.jpg?v=1784963257,https://cdn.shopify.com/s/files/1/0943/6856/3585/files/BO00792_4.jpg?v=1784963256	61.90 CHF	in stock	13	8712026007926	LuxeStyle	new	Kostüme & Verkleidung	1-3 Werktage (Lager Schweiz)
fortura-CK14056	glitzer-helm-silber-fgack14056	Glitzer Helm silber	Glitzer Helm silber – hochwertige Qualität ab Schweizer Lager. Warum bei LuxeStyle kaufen? 🇨🇭 Versand aus der Schweiz – Lieferung in nur 1–2 Werktagen (DPD) ↩️ 30 Tage Rückgaberecht 🔒 Kauf auf Rechnung mit Klarna · TWINT · Karten · PayPal · Apple Pay 💬 Schweizer Support: info@luxestyle.ch	https://luxestyle.ch/products/glitzer-helm-silber-fgack14056?variant=55970811380097	https://cdn.shopify.com/s/files/1/0943/6856/3585/files/CK14056_2.jpg?v=1784964427	https://cdn.shopify.com/s/files/1/0943/6856/3585/files/CK14056_1_6daf4a0f-4e69-4a83-afaf-a83d3ae3d2b4.jpg?v=1784841244	76.90 CHF	in stock	3	3661652191385	LuxeStyle	new	Kostüme & Verkleidung	1-3 Werktage (Lager Schweiz)
fortura-CK26446	maske-horror-clown-fgack26446	Maske Horror Clown	Maske Horror Clown – hochwertige Qualität ab Schweizer Lager. Warum bei LuxeStyle kaufen? 🇨🇭 Versand aus der Schweiz – Lieferung in nur 1–2 Werktagen (DPD) ↩️ 30 Tage Rückgaberecht 🔒 Kauf auf Rechnung mit Klarna · TWINT · Karten · PayPal · Apple Pay 💬 Schweizer Support: info@luxestyle.ch	https://luxestyle.ch/products/maske-horror-clown-fgack26446?variant=55970811937153	https://cdn.shopify.com/s/files/1/0943/6856/3585/files/CK26446_1_a3f75797-2d8c-4e5b-80ed-8c7ba75aad9c.jpg?v=1784841257		111.90 CHF	in stock	4	886390264464	LuxeStyle	new	Kostüme & Verkleidung	1-3 Werktage (Lager Schweiz)
fortura-CK14057	skibrille-mit-katzenohren-fgack14057	Skibrille mit Katzenohren	Skibrille mit Katzenohren – hochwertige Qualität ab Schweizer Lager. Details Anlass: Fasnacht Warum bei LuxeStyle kaufen? 🇨🇭 Versand aus der Schweiz – Lieferung in nur 1–2 Werktagen (DPD) ↩️ 30 Tage Rückgaberecht 🔒 Kauf auf Rechnung mit Klarna · TWINT · Karten · PayPal · Apple Pay 💬 Schweizer Support: info@luxestyle.ch	https://luxestyle.ch/products/skibrille-mit-katzenohren-fgack14057?variant=55970812723585	https://cdn.shopify.com/s/files/1/0943/6856/3585/files/CK14057_1_5ddd0ae5-e8eb-4063-803b-588e806704cd.jpg?v=1784841276	https://cdn.shopify.com/s/files/1/0943/6856/3585/files/CK14057_2.jpg?v=1784964490	44.90 CHF	in stock	12	3661652191392	LuxeStyle	new	Kostüme & Verkleidung	1-3 Werktage (Lager Schweiz)
fortura-67641	engelsflugel-weiss-fga67641	Engelsflügel weiss	Weisse Engelsflügel mit Federn. Details Marke: BOLAND Farbe: weiss Masse: 120cm Anlass: Fasnacht Lieferumfang: 1 Paar Warum bei LuxeStyle kaufen? 🇨🇭 Versand aus der Schweiz – Lieferung in nur 1–2 Werktagen (DPD) ↩️ 30 Tage Rückgaberecht 🔒 Kauf auf Rechnung mit Klarna · TWINT · Karten · PayPal · Apple Pay 💬 Schweizer Support: info@luxestyle.ch	https://luxestyle.ch/products/engelsflugel-weiss-fga67641?variant=55970814558593	https://cdn.shopify.com/s/files/1/0943/6856/3585/files/67641_1_299d3f49-2252-484a-aa6a-94be19af94a1.jpg?v=1784841315		94.90 CHF	in stock	4	8712026528032	LuxeStyle	new	Kostüme & Verkleidung	1-3 Werktage (Lager Schweiz)
fortura-02032	john-deere-rundballen-presswickelkombinati-fga02032	John Deere Rundballen-Presswickelkombination	John Deere ist schon seit langem nicht nur für seine Traktoren bekannt, sondern auch für seine innovativen Erntemaschinen. Die Kombipresse C441R ist der ideale Helfer für das Ernten von Stroh und Heu. Mit modernster Press- und Fördertechnik hat diese Presswickelkombination eine Ausbringung von bis zu 60 Ballen pro Stunde. Dieses fantastische Erntegerät gibt es nun neu in der Themenwelt Landwirtschaft bei BRUDER. Dabei wurde wieder auf höchste Detailtreue und Funktionalität geachtet. Der funktionierende Pickup ist beweglich und höhenverstellbar. Durch die Klappe an der Oberseite können kleine Landwirte den mitgelieferten Strohballen einlegen. Mit dem neu entwickelten Fördersystem können die Strohballen vom Pressraum auf die Wickeleinrichtung transportiert werden und der drehbare Folienwickler schliesst den Erntevorgang ab. Für noch mehr Nähe zum Vorbild ist auch ein fertig eingewickelter Strohballen enthalten. Dieses tolle, neue Modell von BRUDER passt an alle Traktoren der 2000er und 3000er Serie. Für noch mehr Spielspass kann das Zubehör Rundballen (Art.-Nr. 02345) hinzugefügt werden. - Pickup ist abklappbar und wird während der Fahrt angetrieben - Grosse Klappe zum Einlegen des Rundballens - Transportsystem zur Weitergabe des Ballens auf den Wickeltisch - drehbare Wickelanlage - Ballenauswurf Inkl. ockerfarbenem und weissem Rundballen Allgemein: - Altersempfehlung: ab 4 Jahren zum Spielen für Innen und Aussen geeignet - hergestellt aus hochwertigen Kunststoffen wie z.B. ABS - Massstab 1:16 Details Marke: Bruder Spielwaren Farbe: grün Anlass: Geburtstagsparty Kinder Lieferumfang: 1 Stück Warum bei LuxeStyle kaufen? 🇨🇭 Versand aus der Schweiz – Lieferung in nur 1–2 Werktagen (DPD) ↩️ 30 Tage Rückgaberecht 🔒 Kauf auf Rechnung mit Klarna · TWINT · Karten · PayPal · Apple Pay 💬 Schweizer Support: info@luxestyle.ch	https://luxestyle.ch/products/john-deere-rundballen-presswickelkombinati-fga02032?variant=55970817704321	https://cdn.shopify.com/s/files/1/0943/6856/3585/files/15469999128961-quadrat.jpg?v=1787775570	https://cdn.shopify.com/s/files/1/0943/6856/3585/files/02032_1_25ee7894-a355-4697-b6ae-26ccfa9def57.jpg?v=1784841388,https://cdn.shopify.com/s/files/1/0943/6856/3585/files/02032_2.jpg?v=1784964643,https://cdn.shopify.com/s/files/1/0943/6856/3585/files/02032_3.jpg?v=1784964644,https://cdn.shopify.com/s/files/1/0943/6856/3585/files/02032_4.jpg?v=1784964643	65.90 CHF	in stock	93	4001702020323	LuxeStyle	new	Spielzeug & Spiele	1-3 Werktage (Lager Schweiz)
fortura-02119	claas-lexion-780-terra-trac-mahdrescher-fga02119	Claas Lexion 780 Terra Trac Mähdrescher	Der Claas Lexion 780 Terra Trac Mähdrescher von BRUDER Spielwaren ist dem Original detailgetreu nachempfunden und fasziniert, neben seiner Grösse und der Verarbeitung, insbesondere durch den grossen Funktionsumfang. Besonders fällt das Raupenlaufwerk des Mähdreschers auf. TERRA TRAC eine innovative Entwicklung der Firma Claas. Die heutigen Mega-Erntemaschinen mit ihren hohen Leistungen und den damit verbunden hohen Einsatzgewichten, benötigen diese innovativen Entwicklungen, um den Bodendruck, für einen schonenden Umgang der Böden, zu erreichen. Gleichzeitig steigt damit nochmals die Effizienz bei der Ernte, da der Fahrwiderstand und der Schlupf der Antriebseinheit verringert wird. BRUDER bringt dieses TERRA TRAC Laufwerk voll funktionsfähig wie das Original mit robusten Laufbändern, als weltweit erstes Unternehmen als Spielzeugmodell im Massstab 1:16, auf den Markt. Zusätzlich ermöglicht die leicht zu bedienende Lenkung das einfache Manövrieren des grossen Modells auch für kleine Hände. Ebenfalls geländetauglich ist das Schneidwerk, das während des Einsatzes über einen Niveauausgleich verfügt und nach verrichteter Arbeit durch einen Schneidwerkwagen an die Anhängerkupplung des Mähdreschers angehängt werden kann. Weitere Besonderheiten der bespielbaren Funktionen bilden die über einen Reibradantrieb angetriebene Haspel und der befüllbare Korntank, der durch einen Handspindelantrieb über das Entleerrohr entleert werden kann. Somit sind beim Nachspielen der Arbeitsvorgänge eines Mähdreschers in der Realität kaum Grenzen gesetzt. Die zu öffnende Tür und die Fahrerkabine sind ideal an die zusätzlich erhältliche bworld-Spielfigur angepasst und zahlreiche Klappen und Verstellmöglichkeiten runden das ausgiebige Spielerlebnis ab. Fahrerhaus: - Türen zum Öffnen Fahrzeugaufbau: - Achsschenkellenkung mit Pendelausgleich - Anhängerkupplung - Getreidetank zu öffnen mit selbstfaltenden Deckeln. - Korntankentleerung über Entleerrohr und Handspindelantrieb (rotes Griffstück) Spindel demontierbar zum säubern - Schneidwerk mit Niveuausgleich pendelnd aufgehängt und abnehmbar. Fahrwerk: - drehbarer Handgriff zum Lenken Bewegung/Funktion: - Schneidwerkfunktionen: Haspel und Zentrierschnecke über Reibradantrieb Allgemein: - Kompatibel mit Figur - Achtung! Nicht für Kinder unter 36 Monaten geeignet. Erstickungsgefahr wegen verschluckbarer Kleinteile. - Altersempfehlung: ab 4 Jahren zum Spielen für Innen und Aussen geeignet - hergestellt aus hochwertigen Kunststoffen wie z.B. ABS - Massstab 1:16 Details Marke: Bruder Spielwaren Farbe: grün Lieferumfang: 1 Stück Warum bei LuxeStyle kaufen? 🇨🇭 Versand aus der Schweiz – Lieferung in nur 1–2 Werktagen (DPD) ↩️ 30 Tage Rückgaberecht 🔒 Kauf auf Rechnung mit Klarna · TWINT · Karten · PayPal · Apple Pay 💬 Schweizer Support: info@luxestyle.ch	https://luxestyle.ch/products/claas-lexion-780-terra-trac-mahdrescher-fga02119?variant=55970818294145	https://cdn.shopify.com/s/files/1/0943/6856/3585/files/02119_3.jpg?v=1784964675	https://cdn.shopify.com/s/files/1/0943/6856/3585/files/02119_1_377f3ed8-9e15-4f81-9eac-bf76952df1d7.jpg?v=1784841400,https://cdn.shopify.com/s/files/1/0943/6856/3585/files/02119_2.jpg?v=1784964674,https://cdn.shopify.com/s/files/1/0943/6856/3585/files/02119_4.jpg?v=1784964675,https://cdn.shopify.com/s/files/1/0943/6856/3585/files/02119_5.jpg?v=1784964675	136.90 CHF	in stock	49	4001702021191	LuxeStyle	new	Spielzeug & Spiele	1-3 Werktage (Lager Schweiz)
fortura-02134	claas-jaguar-980-feldhacksler-fga02134	Claas Jaguar 980 Feldhäcksler	Der Jaguar 980 ist der grösste Feldhäcksler im Sortiment des Erntemaschinen Spezialisten Claas. Mit der beeindruckenden Leistung eines V12 Dieselmotors mit 884 PS sowie neu entwickelten Antriebs und Erntesystemen ist diese Maschine überall dort im Einsatz, wo grosse Feldflächen schnell und effizient abgeerntet werden sollen. Ein sehr detailtreues Modell im Massstab 1:16 kommt neu in das landwirtschaftliche Sortiment von BRUDER. Das imposante Maisgebiss des Feldhäckslers ist ausgestattet mit 6 angetriebenen Einzugscheiben und der Auswurfkrümmer lässt sich in jede gewünschte Richtung drehen. Türe und Motorhaube zum Öffnen geben Einblick auf die detaillierte Fahrerkabine und den imposanten Motor und unterstreichen einmal mehr das Credo von BRUDER, just like the real thing. Ein weiteres Highlight sind die wechselbaren Räder, die den Spielwert noch einmal steigern. Erweitert werden kann dieses tolle Fahrzeug durch das Zubehör Claas Pickup (Art.-Nr. 02325) oder auch das Mechaniker Set (Art.-Nr. 62100). FAHRERHAUS: - Fahrerkabine aus transparentem und hochwertigem Kunststoff - Türe zum Öffnen FAHRZEUGAUFBAU: - klappbares Maisgebiss mit 6 angetriebenen Einzugsscheiben - Maisgebiss ist pendelnd aufgehängt und abnehmbar - aufklappen der Seitenabdeckung ermöglicht Sicht auf den Motor - einstellbarer Auswurfkrümmer FAHRWERK: - geländegängige Pendelachse - Abnehmbare Vorderräder - Lenkbare Hinterachse ALLGEMEIN: - Altersempfehlung: ab 4 Jahren zum Spielen für Innen und Aussen geeignet - hergestellt aus hochwertigen Kunststoffen wie z.B. ABS - Kompatibel mit Figur - Massstab 1:16 Details Marke: Bruder Spielwaren Farbe: grün Lieferumfang: 1 Stück Warum bei LuxeStyle kaufen? 🇨🇭 Versand aus der Schweiz – Lieferung in nur 1–2 Werktagen (DPD) ↩️ 30 Tage Rückgaberecht 🔒 Kauf auf Rechnung mit Klarna · TWINT · Karten · PayPal · Apple Pay 💬 Schweizer Support: info@luxestyle.ch	https://luxestyle.ch/products/claas-jaguar-980-feldhacksler-fga02134?variant=55970818720129	https://cdn.shopify.com/s/files/1/0943/6856/3585/files/02134_1_34bac541-add2-4e77-8ff1-db26cb640799.jpg?v=1784841411		95.90 CHF	in stock	46	4001702021344	LuxeStyle	new	Spielzeug & Spiele	1-3 Werktage (Lager Schweiz)
fortura-02452	cat-grosser-kettendozer-fga02452	Cat grosser Kettendozer	Das grosse Vorbild des CAT-Kettendozers beeindruckt jeden Betrachter durch seine Dimension und das Design mit dem hervorstechenden Delta-Kettenlaufwerk. Bei der Entwicklung unseres Modells haben wir uns diesem Eindruck verpflichtet gefühlt und gemäss unseres Anspruchs Im Kleinen wie der Grosse (Just like the real thing) ein auch als Spielzeug beeindruckendes Modell geschaffen.Diese Maschinen werden vor allem auf Grossbaustellen und im Minen Bereich eingesetzt, um grosse Flächen zu planieren. Besonderes Augenmerk erhält die voll funktionsfähige Gliederkette die aus 62 Gliedern besteht und auch im rauhen Alltagsbetrieb (Sandkasten) keine Schwächen zeigt. Das mächtige Planierschild ist wie beim Original in Höhe und Neigung einstellbar. Der beeindruckende Aufreisser lässt sich in der Höhe ein-stellen. Die Kabinentüren können geöffnet werden um den Kettendozer mit unseren bworld Figuren zu ergänzen und damit eine der Wirklichkeit nachempfundene Spielwelt zu schaffen. Dem realitätsnahen Spielen mit dieser wahren Powermaschine steht damit im Kinderzimmer oder im Freien, nichts im Wege. Ideal lassen sich die BRUDER Fahrzeuge mit unserem Baustellenzubehör ergänzen. Fahrerhaus: - Fahrerkabine aus transparentem und bruchsicherem Polycarbonat sowie Tür zum Öffnen Fahrzeugaufbau: - Heckaufreisser mit Auf-/Abbewegung Fahrwerk: - Echtgliederkette (keine Gummilaufbänder) Bewegung/Funktion: - arretierbares Planierschild Allgemein: - Kompatibel mit Figur - Achtung! Nicht für Kinder unter 36 Monaten geeignet. Erstickungsgefahr wegen verschluckbarer Kleinteile. - Altersempfehlung: ab 4 Jahren zum Spielen für Innen und Aussen geeignet - hergestellt aus hochwertigen Kunststoffen wie z.B. ABS - Massstab 1:16 Details Marke: Bruder Spielwaren Lieferumfang: 1 Stück Warum bei LuxeStyle kaufen? 🇨🇭 Versand aus der Schweiz – Lieferung in nur 1–2 Werktagen (DPD) ↩️ 30 Tage Rückgaberecht 🔒 Kauf auf Rechnung mit Klarna · TWINT · Karten · PayPal · Apple Pay 💬 Schweizer Support: info@luxestyle.ch	https://luxestyle.ch/products/cat-grosser-kettendozer-fga02452?variant=55970875310465	https://cdn.shopify.com/s/files/1/0943/6856/3585/files/02452_1_5a3b466c-c1c3-426d-b10f-305f6544be28.jpg?v=1784843363		102.50 CHF	in stock	27	4001702024529	LuxeStyle	new	Kostüme & Verkleidung	1-3 Werktage (Lager Schweiz)
fortura-02455	volvo-a60h-dumper-fga02455	Volvo A60H Dumper	Dumper sind wahre Arbeitstiere! Beim effizienten Transport von Schüttgut im Erdbau, von Asphalt beim Strassenbau, von Abraum in Steinbrüchen und Kieswerken, kann der Dumper seine Stärken ausspielen. Einer der stärksten Dumper, der Volvo A60H, ist neu in der Baumaschinen Themenwelt von BRUDER anzutreffen. Wie beim grossen Vorbild, ist die Geländegängigkeit durch die massive Knicklenkung in Verbindung mit den riesigen Ballonreifen vorbildlich. Durch die Dachluke kann eine bworld Figur in der hochmodernen Fahrkabine Platz nehmen und kleine Dumper-Piloten können die originalgetreue, riesige Kippmulde beladen und entleeren. - Fahrerkabine aus transparentem und hochwertigem Kunststoff - Geländegängige Knicklenkung - funktionierende Kippmulde - Dachluke für Spielfigur - Ballonreifen ALLGEMEIN: - Altersempfehlung: ab 3 Jahren zum Spielen für Innen und Aussen geeignet - hergestellt aus hochwertigen Kunststoffen wie z.B. ABS - Kompatibel mit Figur - Massstab 1:16 Details Marke: Bruder Spielwaren Farbe: gelb Lieferumfang: 1 Stück Warum bei LuxeStyle kaufen? 🇨🇭 Versand aus der Schweiz – Lieferung in nur 1–2 Werktagen (DPD) ↩️ 30 Tage Rückgaberecht 🔒 Kauf auf Rechnung mit Klarna · TWINT · Karten · PayPal · Apple Pay 💬 Schweizer Support: info@luxestyle.ch	https://luxestyle.ch/products/volvo-a60h-dumper-fga02455?variant=55970875408769	https://cdn.shopify.com/s/files/1/0943/6856/3585/files/15470011023745-quadrat.jpg?v=1787775618	https://cdn.shopify.com/s/files/1/0943/6856/3585/files/02455_1_ccdd0751-6398-4d1d-8765-48d77a69695c.jpg?v=1784843366	104.50 CHF	in stock	104	4001702024550	LuxeStyle	new	Spielzeug & Spiele	1-3 Werktage (Lager Schweiz)
fortura-02458	bruder-volvo-radlader-l260h-fga02458	BRUDER Volvo Radlader	BRUDER Volvo Radlader L260H – hochwertige Qualität ab Schweizer Lager. Details Marke: Bruder Spielwaren Warum bei LuxeStyle kaufen? 🇨🇭 Versand aus der Schweiz – Lieferung in nur 1–2 Werktagen (DPD) ↩️ 30 Tage Rückgaberecht 🔒 Kauf auf Rechnung mit Klarna · TWINT · Karten · PayPal · Apple Pay 💬 Schweizer Support: info@luxestyle.ch	https://luxestyle.ch/products/bruder-volvo-radlader-l260h-fga02458?variant=55970875507073	https://cdn.shopify.com/s/files/1/0943/6856/3585/files/02458_1_1d8a444c-9a26-41f4-bff8-9b83d5ec0210.jpg?v=1784843368	https://cdn.shopify.com/s/files/1/0943/6856/3585/files/02458_2.jpg?v=1784966790,https://cdn.shopify.com/s/files/1/0943/6856/3585/files/02458_3.jpg?v=1784966791,https://cdn.shopify.com/s/files/1/0943/6856/3585/files/02458_4.jpg?v=1784966790	89.90 CHF	in stock	38	4001702024581	LuxeStyle	new	Spielzeug & Spiele	1-3 Werktage (Lager Schweiz)
fortura-CK023	latex-katzen-nase-fgack023	Latex Katzen Nase	Latex Katzen Nase – hochwertige Qualität ab Schweizer Lager. Warum bei LuxeStyle kaufen? 🇨🇭 Versand aus der Schweiz – Lieferung in nur 1–2 Werktagen (DPD) ↩️ 30 Tage Rückgaberecht 🔒 Kauf auf Rechnung mit Klarna · TWINT · Karten · PayPal · Apple Pay 💬 Schweizer Support: info@luxestyle.ch	https://luxestyle.ch/products/latex-katzen-nase-fgack023?variant=55970875834753	https://cdn.shopify.com/s/files/1/0943/6856/3585/files/15470011449729-quadrat.jpg?v=1787775655	https://cdn.shopify.com/s/files/1/0943/6856/3585/files/CK023_1_03a7fc92-935a-42ba-afae-70c0315098ab.jpg?v=1784843376	54.90 CHF	in stock	10	813722023383	LuxeStyle	new	Kostüme & Verkleidung	1-3 Werktage (Lager Schweiz)
fortura-02503	ram-2500-power-wagon-mit-anhanger-personal-fga02503	RAM 2500 Power Wagon mit Anhänger, Personal Water Craft u. Fahrer	Urlaub am Meer ist für viele Menschen immer noch der Inbegriff für Erholung. Sonne, Meer und Sandstrand sind die Erfolgsfaktoren für einen schönen Urlaub. An vielen Stränden sind Water Crafts zu sehen. Diese werden sowohl im Verleih für Urlauber, aber auch als Gefährt für die Küstenrettung eingesetzt. BRUDER präsentiert neu im Sortiment die sommerliche Kombination aus RAM mit Personal Water Craft. Zum Wasser zieht der RAM den Anhänger samt Beladung mühelos. Seine Robustheit und Geländegängigkeit ist legendär und bis heute einzigartig. Alle Türen sind zum Öffnen und bieten 4 bworld- Figuren Platz. Für Fahrkomfort ist dieses Modell im Massstab 1:16 mit gefederten Achsen ausgestattet, wobei die Vorderachse mit der enthaltenen Lenkradverlängerung lenkbar ist. Das neue BRUDER Personal Water Craft besitzt eine unsinkbare Konstruktion, die jedes Kentern locker wegsteckt. Der Fahrer ist sicherheitshalber mit Schwimmweste ausgerüstet. Zwei bworld Figuren finden auf dem Water Craft Platz. Für den Transport des Wassergefährts dient dabei ein Anhänger im modernen Design, der über eine herunterklappbare Auffahrrampe und vorne als auch hinten über Stützfüsse verfügt. Fixiert wird das Water Craft mit den mitgelieferten Transporthalterungen. FAHRERHAUS: - Kabinenscheiben aus transparentem und hochwertigem Kunststoff - Klarglasscheinwerfer - Vier Türen links und rechts sowie Heckklappe zum Öffnen FAHRZEUGAUFBAU: - Platz für 4 bworld Figuren - Standardaufnahme für BRUDER Zubehör an der Stossstange (z.B. Seilwinde) - Schiebedach zum Einführen der Lenkradverlängerung - Transporthalterung für Water Craft FAHRWERK: - Gefederte Front- (lenkbar) und Heckachse - abnehmbare Heckkupplung - Neue Räder mit moderner SUV Optik INHALT: - Anhänger im modernen Design mit herunterklappbarer Heckklappe, Stützen vorne und hinten, sowie 2 Transporthalterungen, die auf der Plattform angebracht werden können - Water Craft mit schwimmfähigem Bootskörper (unsinkbar) mit Platz für 2 bworld Figuren - Fahrer mit Schwimmweste - Aufnahme am Kiel für elektr. Zusatzmotor (Motor nicht enthalten) ALLGEMEIN: - Altersempfehlung: ab 4 Jahren zum Spielen für Innen und Aussen geeignet - hergestellt aus hochwertigen Kunststoffen wie z.B. ABS - Kompatibel mit Figur - Massstab 1:16 Details Marke: Bruder Spielwaren Lieferumfang: 1 Set Warum bei LuxeStyle kaufen? 🇨🇭 Versand aus der Schweiz – Lieferung in nur 1–2 Werktagen (DPD) ↩️ 30 Tage Rückgaberecht 🔒 Kauf auf Rechnung mit Klarna · TWINT · Karten · PayPal · Apple Pay 💬 Schweizer Support: info@luxestyle.ch	https://luxestyle.ch/products/ram-2500-power-wagon-mit-anhanger-personal-fga02503?variant=55970875900289	https://cdn.shopify.com/s/files/1/0943/6856/3585/files/15470011515265-quadrat.jpg?v=1787775663	https://cdn.shopify.com/s/files/1/0943/6856/3585/files/02503_1_fab78a68-fe83-4931-8f69-b012761d0646.jpg?v=1784843378	83.90 CHF	in stock	29	4001702025038	LuxeStyle	new	Spielzeug & Spiele	1-3 Werktage (Lager Schweiz)
fortura-02506	bruder-ram-power-wagen-fga02506	BRUDER RAM Power Wagen	BRUDER RAM Power Wagen – hochwertige Qualität ab Schweizer Lager. Details Marke: Bruder Spielwaren Warum bei LuxeStyle kaufen? 🇨🇭 Versand aus der Schweiz – Lieferung in nur 1–2 Werktagen (DPD) ↩️ 30 Tage Rückgaberecht 🔒 Kauf auf Rechnung mit Klarna · TWINT · Karten · PayPal · Apple Pay 💬 Schweizer Support: info@luxestyle.ch	https://luxestyle.ch/products/bruder-ram-power-wagen-fga02506?variant=55970875998593	https://cdn.shopify.com/s/files/1/0943/6856/3585/files/02506_1_abe651b2-d8c3-4113-8ece-4a92db0b633b.jpg?v=1784843381	https://cdn.shopify.com/s/files/1/0943/6856/3585/files/02506_2.jpg?v=1784966811,https://cdn.shopify.com/s/files/1/0943/6856/3585/files/02506_3.jpg?v=1784966811,https://cdn.shopify.com/s/files/1/0943/6856/3585/files/02506_4.jpg?v=1784966812	74.90 CHF	in stock	53	4001702025069	LuxeStyle	new	Spielzeug & Spiele	1-3 Werktage (Lager Schweiz)
fortura-02509	bruder-ram-2500-service-truck-fga02509	BRUDER RAM 2500 Service Truck	BRUDER RAM 2500 Service Truck – hochwertige Qualität ab Schweizer Lager. Details Marke: Bruder Spielwaren Warum bei LuxeStyle kaufen? 🇨🇭 Versand aus der Schweiz – Lieferung in nur 1–2 Werktagen (DPD) ↩️ 30 Tage Rückgaberecht 🔒 Kauf auf Rechnung mit Klarna · TWINT · Karten · PayPal · Apple Pay 💬 Schweizer Support: info@luxestyle.ch	https://luxestyle.ch/products/bruder-ram-2500-service-truck-fga02509?variant=55970876096897	https://cdn.shopify.com/s/files/1/0943/6856/3585/files/02509_3.jpg?v=1784966816	https://cdn.shopify.com/s/files/1/0943/6856/3585/files/02509_1_da065a90-3cb3-47da-aa40-2f3456140a38.jpg?v=1784843382,https://cdn.shopify.com/s/files/1/0943/6856/3585/files/02509_2.jpg?v=1784966816	68.90 CHF	in stock	81	4001702025090	LuxeStyle	new	Spielzeug & Spiele	1-3 Werktage (Lager Schweiz)
fortura-02545	prinoth-pistenraupe-leitwolf-fga02545	Prinoth Pistenraupe Leitwolf	Mit 530 PS dominiert der LEITWOLF als unbestrittenes Alphatier der Pistenfahrzeuge. Sein Sechszylinder Dieselmotor mit 2.460 Nm Drehmoment verbindet Stärke mit Sicherheit  absolut zuverlässig in jeder Extremsituation am Berg. Dank der hohen Flexibilität ist die Arbeitsweise vom LEITWOLF zugleich zeitsparend und nachhaltig. Dieses beeindruckende Fahrzeug kommt nun als neues Modell im Massstab 1:16 zur umfangreichen BRUDER Familie hinzu. Dieses Spielzeug besticht durch aussergewöhnliche Detailtreue und einen riesigen Funktionsumfang. Das eindrucksvolle Masterschild ist höhenverstellbar, schwenkbar und kann die Aussenflügel für ein maximales Räumergebnis verstellen. Durch die zu öffnenden Türen erhalten die optional erhältlichen bworld Figuren Zutritt zur eindrucksvollen Kabine. Die detailgetreue Powerfäse am Heck ist höhenverstellbar und besitzt eine drehbare Fräswalze. Auch die Fräse ist schwenkbar und mit verstellbaren Aussenflügeln ausgestattet. Für jeden kleinen Wintersportler ein absolutes Highlight, getreu dem BRUDER Motto just like the real thing. - Türen zum Öffnen - Heb- und schwenkbares Räumschild mit verstellbaren Aussenflügeln - Heb- und schwenkbare Heckfräse mit drehbarer Fräswalze und verstellbaren Aussenflügeln - Kettenantrieb Allgemein: - Altersempfehlung: ab 4 Jahren zum Spielen für Innen und Aussen geeignet - hergestellt aus hochwertigen Kunststoffen wie z.B. ABS - Kompatibel mit Figur - Massstab 1:16 Details Marke: Bruder Spielwaren Lieferumfang: 1 Stück Warum bei LuxeStyle kaufen? 🇨🇭 Versand aus der Schweiz – Lieferung in nur 1–2 Werktagen (DPD) ↩️ 30 Tage Rückgaberecht 🔒 Kauf auf Rechnung mit Klarna · TWINT · Karten · PayPal · Apple Pay 💬 Schweizer Support: info@luxestyle.ch	https://luxestyle.ch/products/prinoth-pistenraupe-leitwolf-fga02545?variant=55970876293505	https://cdn.shopify.com/s/files/1/0943/6856/3585/files/02545_3.jpg?v=1784966828	https://cdn.shopify.com/s/files/1/0943/6856/3585/files/02545_1_cbad5333-35cf-48f8-a82e-ed4a83c8b747.jpg?v=1784843387,https://cdn.shopify.com/s/files/1/0943/6856/3585/files/02545_2.jpg?v=1784966828	118.90 CHF	in stock	137	4001702025458	LuxeStyle	new	Kostüme & Verkleidung	1-3 Werktage (Lager Schweiz)
fortura-02593	land-rover-defender-einachsanhanger-jcb-mi-fga02593	Land Rover Defender, Einachsanhänger, JCB Mikrobag.+Bauarbeiter	Faszinierende Offroad-Qualität und zeitloses Land Rover-Design kombiniert mit dem detailgetreuen JCB Mikro-bagger aus der neuen bworld Serie - das ist genau das Richtige für kleine Bauarbeiter. Nicht nur die Fans der Marke Land Rover wird das entstandene Modell durch überraschende Details, wie z.B. das erhabene Strukturblech auf der Motorhaube und die zahlreichen bespielbaren Funktionen überzeugen. Die Heck- und Seitentüren können geöffnet und die Rücksitzbank herausgenommen werden. Auch der dazugehörige Mikrobagger hat eine beeindruckende Detailtreue. Alle Figuren der bworld-Serie finden auf dem Sitz perfekten Halt. Mit der zusätzlichen Hilfe des drehbaren Fahrwerks kann jede noch so kleine Stelle der Baustelle bearbeitet werden. Der Einachsanhänger, der eine Heckklappe zum Öffnen, sowie Profilreifen besitzt, ist ebenso im Lieferumfang enthalten. Bei diesem Set fehlt nichts mehr  ausser natürlich der eigenen Kreativität, um über lange Zeit hinweg viele spannende Situationen des Bauarbeiter-Alltags nachspielen zu können. FAHRERHAUS: - Kabinenscheiben aus transparentem und hochwertigem Polycarbonat FAHRZEUGAUFBAU: - eine ausklappbare Motorhaubenstütze ermöglicht den Blick auf den detaillierten Motorblock - Ersatzrad an der Heckklappe - herausnehmbare Rücksitzbank - Motorhaube zum Öffnen FAHRWERK: - Gefederte Front- (lenkbar) und Heckachse - inkl. abnehmbarer Anhängekupplung WEITERES: - Einachsanhänger mit Heckklappe zum Öffnen und Profilreifen ALLGEMEIN: - Kompatibel mit Figur - Altersempfehlung: ab 4 Jahren zum Spielen für Innen und Aussen geeignet - hergestellt aus hochwertigen Kunststoffen wie z.B. ABS - Massstab 1:16 Details Marke: Bruder Spielwaren Lieferumfang: 1 Stück Warum bei LuxeStyle kaufen? 🇨🇭 Versand aus der Schweiz – Lieferung in nur 1–2 Werktagen (DPD) ↩️ 30 Tage Rückgaberecht 🔒 Kauf auf Rechnung mit Klarna · TWINT · Karten · PayPal · Apple Pay 💬 Schweizer Support: info@luxestyle.ch	https://luxestyle.ch/products/land-rover-defender-einachsanhanger-jcb-mi-fga02593?variant=55970876752257	https://cdn.shopify.com/s/files/1/0943/6856/3585/files/02593_1_65dc3f68-1682-4bfa-8565-97585ce00107.jpg?v=1784843396		67.90 CHF	in stock	35	4001702025939	LuxeStyle	new	Spielzeug & Spiele	1-3 Werktage (Lager Schweiz)
fortura-02599	bruder-land-rover-defender-fga02599	BRUDER Land Rover Defender	BRUDER Land Rover Defender Station Wagon mit Anhänger, Personal Water Craft u. Fahrer Details Marke: Bruder Spielwaren Lieferumfang: 1 Set Warum bei LuxeStyle kaufen? 🇨🇭 Versand aus der Schweiz – Lieferung in nur 1–2 Werktagen (DPD) ↩️ 30 Tage Rückgaberecht 🔒 Kauf auf Rechnung mit Klarna · TWINT · Karten · PayPal · Apple Pay 💬 Schweizer Support: info@luxestyle.ch	https://luxestyle.ch/products/bruder-land-rover-defender-fga02599?variant=55970876850561	https://cdn.shopify.com/s/files/1/0943/6856/3585/files/15470012432769-quadrat.jpg?v=1787775670	https://cdn.shopify.com/s/files/1/0943/6856/3585/files/02599_1.jpg?v=1784843398	74.90 CHF	in stock	4	4001702025991	LuxeStyle	new	Spielzeug & Spiele	1-3 Werktage (Lager Schweiz)
fortura-02680	bruder-mb-sprinter-feuerwehr-fga02680	BRUDER MB Sprinter Feuerwehr	Rüstwagen mit Licht und Sound Modul und funktionsfähiger Pumpe Details Marke: Bruder Spielwaren Warum bei LuxeStyle kaufen? 🇨🇭 Versand aus der Schweiz – Lieferung in nur 1–2 Werktagen (DPD) ↩️ 30 Tage Rückgaberecht 🔒 Kauf auf Rechnung mit Klarna · TWINT · Karten · PayPal · Apple Pay 💬 Schweizer Support: info@luxestyle.ch	https://luxestyle.ch/products/bruder-mb-sprinter-feuerwehr-fga02680?variant=55970877211009	https://cdn.shopify.com/s/files/1/0943/6856/3585/files/02680_3.jpg?v=1784966872	https://cdn.shopify.com/s/files/1/0943/6856/3585/files/02680_1.jpg?v=1784843409,https://cdn.shopify.com/s/files/1/0943/6856/3585/files/02680_2.jpg?v=1784966872,https://cdn.shopify.com/s/files/1/0943/6856/3585/files/02680_4.jpg?v=1784966871	97.90 CHF	in stock	11	4001702026806	LuxeStyle	new	Spielzeug & Spiele	1-3 Werktage (Lager Schweiz)
fortura-02683	bruder-mb-sprinter-polizei-fga02683	BRUDER MB Sprinter Polizei	BRUDER MB Sprinter Polizei – hochwertige Qualität ab Schweizer Lager. Details Marke: Bruder Spielwaren Warum bei LuxeStyle kaufen? 🇨🇭 Versand aus der Schweiz – Lieferung in nur 1–2 Werktagen (DPD) ↩️ 30 Tage Rückgaberecht 🔒 Kauf auf Rechnung mit Klarna · TWINT · Karten · PayPal · Apple Pay 💬 Schweizer Support: info@luxestyle.ch	https://luxestyle.ch/products/bruder-mb-sprinter-polizei-fga02683?variant=55970877342081	https://cdn.shopify.com/s/files/1/0943/6856/3585/files/02683_2.jpg?v=1784966877	https://cdn.shopify.com/s/files/1/0943/6856/3585/files/02683_1_04c4754d-187f-40d0-be5a-86b943bfb8dc.jpg?v=1784843414,https://cdn.shopify.com/s/files/1/0943/6856/3585/files/02683_3.jpg?v=1784966877,https://cdn.shopify.com/s/files/1/0943/6856/3585/files/02683_4.jpg?v=1784966877	73.90 CHF	in stock	56	4001702026837	LuxeStyle	new	Spielzeug & Spiele	1-3 Werktage (Lager Schweiz)
fortura-02752	man-tga-kipp-lkw-mit-gelenkradlader-fr-130-fga02752	MAN TGA Kipp-LKW mit Gelenkradlader FR 130	Gute und schnelle Absprachen zwischen den beiden Fahrern sind die Grundvoraussetzung, damit möglichst effektiv gearbeitet werden kann. In diesem Set ist sowohl der MAN Kipplaster, als auch ein Radlader enthalten um direkt losspielen zu können. Die Bordwände des Kipplastwagens sind nach drei Seiten klappbar, um die transportierte Last in alle drei Richtungen abladen zu können. Zudem kann die Mulde gekippt und arretiert wer-den. Der Gelenkradlader FR 130 besitzt eine bewegliche Vorderachse und der voll funktionsfähige Schaufelarm kann arretiert werden. Um die Spielmöglichkeiten zu erweitern, kann der Kipplastwagen mit dem Light and Sound Module (Art.-Nr.: 02801) durch einfaches Aufstecken des Moduls ausgestattet werden (nicht im Liefer-umfang enthalten). FAHRERHAUS: - Kabinenscheiben aus transparentem und hochwertigem Polycarbonat - kippbares Fahrerhaus - klappbare Aussenspiegel - Sicht auf den Motorblock möglich FAHRZEUGAUFBAU: - kipp- und arretierbare Mulde - klappbare Bordwand INKL. GELENKRADLADER FR 130, ART.-NR. 02425: - kippbare Schaufel - Knicklenkung - voll funktionsfähiger Schaufelarm FAHRWERK: - Profilreifen ALLGEMEIN: - Altersempfehlung: ab 3 Jahren zum Spielen für Innen und Aussen geeignet - hergestellt aus hochwertigen Kunststoffen wie z.B. ABS - Massstab 1:16 Details Marke: Bruder Spielwaren Farbe: gelb Lieferumfang: 1 Stück Warum bei LuxeStyle kaufen? 🇨🇭 Versand aus der Schweiz – Lieferung in nur 1–2 Werktagen (DPD) ↩️ 30 Tage Rückgaberecht 🔒 Kauf auf Rechnung mit Klarna · TWINT · Karten · PayPal · Apple Pay 💬 Schweizer Support: info@luxestyle.ch	https://luxestyle.ch/products/man-tga-kipp-lkw-mit-gelenkradlader-fr-130-fga02752?variant=55970877505921	https://cdn.shopify.com/s/files/1/0943/6856/3585/files/02752_1_b7bae1f1-d75d-461e-baed-0b7cfb44a8c8.jpg?v=1784843421		65.90 CHF	in stock	29	4001702027520	LuxeStyle	new	Spielzeug & Spiele	1-3 Werktage (Lager Schweiz)
fortura-02812	mack-granite-mull-lkw-fga02812	MACK Granite Müll-LKW	Die realistische Fahrerhauskabine mit Türen zum Öffnen, kippbarer Motorhaube, was die Sicht auf den Motorblock ermöglicht, einklappbaren Rückspiegeln und vielen Anbauteilen mit Chromeffekt ist ein wahrer Hingucker nicht nur für Trucker-Fans. Als Müll-Truck wird die Abfall- und Wertstoffentsorgung faszinierend für Kinder. Das Entleeren der kleinen farbigen Mülltonnen (im Lieferumfang enthalten) oder der grauen Mülltonne (nicht im Lieferumfang enthalten) ist durch einen funktionsfähigen Tonnenlift möglich. Die farbigen Mülltonnen, wie auch der Müllbehälter, können geöffnet werden. Wie im Original befördern zwei Schneckenpressen den Müll im Inneren des Ladekörpers. Zum Entleeren wird dieser gekippt und die geöffnete Heckklappe arretiert. FAHRERHAUS: - Kabinenscheiben aus transparentem und hochwertigem Polycarbonat - klappbare Aussenspiegel - Sicht auf den Motorblock möglich - Türen zum Öffnen FAHRWERK: - Profilreifen BEWEGUNG/FUNKTION: - Auskippen des Abfalls möglich, durch drehbaren Griff - Drehrad-Mechanik ermöglicht Be- und Entladevorgang - kippbarer Müllbehälter zum Öffnen ALLGEMEIN: - Kompatibel mit Figur - Altersempfehlung: ab 4 Jahren zum Spielen für Innen und Aussen geeignet - hergestellt aus hochwertigen Kunststoffen wie z.B. ABS - Massstab 1:16 Details Marke: Bruder Spielwaren Lieferumfang: 1 Stück Warum bei LuxeStyle kaufen? 🇨🇭 Versand aus der Schweiz – Lieferung in nur 1–2 Werktagen (DPD) ↩️ 30 Tage Rückgaberecht 🔒 Kauf auf Rechnung mit Klarna · TWINT · Karten · PayPal · Apple Pay 💬 Schweizer Support: info@luxestyle.ch	https://luxestyle.ch/products/mack-granite-mull-lkw-fga02812?variant=55970878325121	https://cdn.shopify.com/s/files/1/0943/6856/3585/files/02812_1_3506fd2f-7af2-44f3-80a6-8dce4e36b841.jpg?v=1784843428		115.90 CHF	in stock	6	4001702028121	LuxeStyle	new	Spielzeug & Spiele	1-3 Werktage (Lager Schweiz)
fortura-02815	mack-granite-lkw-mit-kippmulde-fga02815	MACK Granite LKW mit Kippmulde	Die realistische Fahrerhauskabine mit Türen zum Öffnen, verglasten Scheiben, einklappbaren Rückspiegeln und verchromten Bauteilen sowie echt wirkenden Scheinwerfern ist ein wahrer Hingucker nicht nur für Trucker-Fans. Durch die Hydraulik kann die Mulde gekippt werden und die Heckklappe ist zum Öffnen.Um die Spielmöglichkeiten zu erweitern, kann der mit einer Aufnahmehalterung (an der Stossstange) ausgestattete Mack Granite mit einem Räumschild, Mulchmäher oder einer Kehrmaschine ausgestattet werden (nicht im Lieferumfang enthalten). Der aus dem Strassenbau allseits bekannte LKW kann von den Kindern sowohl Innen als auch Aussen eingesetzt werden. So lernen Kinder spielerisch die Welt der Erwachsenen kennen. FAHRERHAUS: - Kabinenscheiben aus transparentem und hochwertigem Polycarbonat - klappbare Aussenspiegel - Motorhaube zum Öffnen - Türen zum Öffnen FAHRZEUGAUFBAU: - kippbare Mulde FAHRWERK: - Profilreifen ALLGEMEIN: - Kompatibel mit Figur - Altersempfehlung: ab 3 Jahren zum Spielen für Innen und Aussen geeignet - hergestellt aus hochwertigen Kunststoffen wie z.B. ABS - Massstab 1:16 Details Marke: Bruder Spielwaren Lieferumfang: 1 Stück Warum bei LuxeStyle kaufen? 🇨🇭 Versand aus der Schweiz – Lieferung in nur 1–2 Werktagen (DPD) ↩️ 30 Tage Rückgaberecht 🔒 Kauf auf Rechnung mit Klarna · TWINT · Karten · PayPal · Apple Pay 💬 Schweizer Support: info@luxestyle.ch	https://luxestyle.ch/products/mack-granite-lkw-mit-kippmulde-fga02815?variant=55970878488961	https://cdn.shopify.com/s/files/1/0943/6856/3585/files/02815_1_5b699f4e-8bea-4359-87ef-c8c26db1fd57.jpg?v=1784843432		71.90 CHF	in stock	8	4001702028152	LuxeStyle	new	Spielzeug & Spiele	1-3 Werktage (Lager Schweiz)
fortura-02818	mack-granite-liebherr-kran-lkw-fga02818	MACK Granite Liebherr Kran-LKW	Im wahrsten Sinne des Wortes ragt der imposante Liebherr-Kran LKW aus der BRUDER Range der Nutzfahrzeuge. Der LKW-Kran hat bei ausgefahrener Teleskoplänge bereits eine beachtliche Grösse und kann durch einen Zusatzausleger nochmals verlängert werden. Unsere kleinen Kunden werden begeistert sein, denn der Kran ist bei voll ausgebautem und aufgerichtetem Kranarm 1,30 m hoch und wird einige der kleinen Baumeister überragen. Stabilität bei dieser Dimension ist da natürlich ein Muss. Erreicht wird eine hohe Standfestigkeit gegen Kippen durch die schwenkbaren und individuell einstellbaren Stützfüsse der Fahrzeugplattform. Für noch mehr Stabilität lässt sich das angebaute Ausgleichsgewicht wie beim Originalkran verwenden. Um für ausreichend Gewicht beim Modell zu sorgen, kann es mit Sand befüllt werden. Der BRUDER Slogan Mulitifunctional wird besonders bei diesem Modell sichtbar. Eine neu entwickelte Seilwinde mit Feststelleinrichtung und Überlastsicherung ermöglicht ein spielend leichtes Handling des Kranhakens beim Heben und Senken, auch von grossen Teilen. Die Liebe zum Detail macht auch vor der Kranführerkabine nicht halt. Wie beim Original besitzt sie den Scheibenschutzrahmen und eine zu öffnende Schiebetüre. Ein in die Plattform integriertes Werkzeugfach rundet die vielen Funktionen des Krans ab. Gleichwertig in der Anmutung ist das Mack Fahrerhaus. Mit seinen vielen Chromteilen und der grossen Motorhaube verkörpert es den American way of live. Ein Truck mit vielen Funktionen, wie zu öffnender Motorhaube und Türen. FAHRERHAUS: - Kabinenscheiben aus transparentem und hochwertigem Polycarbonat - klappbare Aussenspiegel - Motorhaube zum Öffnen FAHRZEUGAUFBAU: - alle Türen des Aufbaus zum Öffnen - ausfahr- und abklappbare Stützfüsse - Gegengewicht durch Aufnahmebügel fixierbar - Gegengewicht mit Sand oder Kies befüllbar - Kranarm einteilig mit Drehknopf und Sperrgetriebe ausfahrbar - Kranarm mit zusätzlicher, seitlich fixierter Kranarmspitze verlängerbar - Schiebetür mit Einrastfunktion - schwenkbarer Kranaufsatz um 360° - Stossstange, Frontblende, Kühlerfigur, Rückspiegel, Auspuffe, Dachlichter, Fanfaren, Rahmenanbauteile mit Chromeffekt FAHRWERK: - Profilreifen BEWEGUNG/FUNKTION: - voll funktionsfähiger Seilhaspel-Antrieb mit speziell entwickelter Überlastsicherung ALLGEMEIN: - Kompatibel mit Figur - Altersempfehlung: ab 4 Jahren zum Spielen für Innen und Aussen geeignet - hergestellt aus hochwertigen Kunststoffen wie z.B. ABS - Massstab 1:16 Details Marke: Bruder Spielwaren Lieferumfang: 1 Stück Warum bei LuxeStyle kaufen? 🇨🇭 Versand aus der Schweiz – Lieferung in nur 1–2 Werktagen (DPD) ↩️ 30 Tage Rückgaberecht 🔒 Kauf auf Rechnung mit Klarna · TWINT · Karten · PayPal · Apple Pay 💬 Schweizer Support: info@luxestyle.ch	https://luxestyle.ch/products/mack-granite-liebherr-kran-lkw-fga02818?variant=55970878554497	https://cdn.shopify.com/s/files/1/0943/6856/3585/files/02818_1_282af46a-52fd-475d-a20b-e51f34aaaefb.jpg?v=1784843435		150.90 CHF	in stock	21	4001702028183	LuxeStyle	new	Spielzeug & Spiele	1-3 Werktage (Lager Schweiz)
fortura-02821	mack-granite-feuerwehr-mit-drehleiter-wass-fga02821	MACK Granite Feuerwehr mit Drehleiter, Wasserpumpe + L&S Module	Kaum ein Thema ist spannender nachzuspielen, als ein grosser Feuerwehreinsatz. Das neue Highlight zum The-ma Feuerwehr im BRUDER Sortiment ist der MACK Granite Feuerwehrleiterwagen. Neben sämtlichen Details, wie z.B. zu öffnenden Türen, anklappbaren Spiegeln, zu öffnender Motorhaube und etlichen Chromteilen besitzt das Fahrzeug einen integrierten Wassertank, der sich spielend leicht befüllen lässt. Der Wasserschlauch kann aufgewickelt, von den BRUDER-Figuren (z.B. Art.Nr. 60000  nicht im Lieferumfang) gehalten oder an dem Leiterkorb befestigt werden und besitzt eine voll funktionsfähige Wasserspritze. Die Drehleiter mit Rettungskorb kann durch ein Handrad ausgefahren und höhenverstellt werden. Neben zwei Sitzplätzen im Fahrerhaus ist eine zusätzliche Sitzmöglichkeit für die BRUDER-Figur an der Feuerwehrleiter gegeben. Vier ausziehbare Stützfüsse können in jeder Situation einen sicheren Stand für das Fahrzeug gewährleisten und ein grosses Stau-raumfach mit aufklappbarer Tür verschafft zusätzlichen Platz zum Aufbewahren von Werkzeugen. Durch den grossen Funktionsumfang und die Detailliertheit der Ausführung sind den kreativen Spielszenen keine Grenzen gesetzt. FAHRERHAUS: - klappbare Aussenspiegel - Sicht auf den Motorblock möglich - Türen zum Öffnen FAHRZEUGAUFBAU: - Aufnahme für Wasserspritze am Leiterkorb - Sitzmöglichkeit der Figur an der Feuerwehrleiter - Ladebox und seitliches Stauraumfach mit zu öffnender Tür - mittels einer Kurbel aufrollbarer Wasserschlauch - ausfahrbare Stützen - Motorhaube zum Öffnen FAHRWERK: - Profilreifen BEWEGUNG/FUNKTION: - befüllbarer Tank - drehbare Leiter - funktionsfähige Pumpe ALLGEMEIN: - Kompatibel mit Figur - Altersempfehlung: ab 4 Jahren zum Spielen für Innen und Aussen geeignet - hergestellt aus hochwertigen Kunststoffen wie z.B. ABS - Massstab 1:16 Details Marke: Bruder Spielwaren Farbe: rot Lieferumfang: 1 Stück Warum bei LuxeStyle kaufen? 🇨🇭 Versand aus der Schweiz – Lieferung in nur 1–2 Werktagen (DPD) ↩️ 30 Tage Rückgaberecht 🔒 Kauf auf Rechnung mit Klarna · TWINT · Karten · PayPal · Apple Pay 💬 Schweizer Support: info@luxestyle.ch	https://luxestyle.ch/products/mack-granite-feuerwehr-mit-drehleiter-wass-fga02821?variant=55970878685569	https://cdn.shopify.com/s/files/1/0943/6856/3585/files/02821_1_6b43ae55-4b36-427f-a5d2-ac493b3c4cb2.jpg?v=1784843437		151.90 CHF	in stock	5	4001702028213	LuxeStyle	new	Spielzeug & Spiele	1-3 Werktage (Lager Schweiz)
fortura-02824	mack-granite-holztransport-lkw-ladekran-gr-fga02824	MACK Granite Holztransport LKW, Ladekran, Greifer + 3 Baumstämmen	Die Forstwirtschaft erlebt seit Jahren eine Renaissance aufgrund der Gewinnung von nachwachsenden Rohstoffen. Die zahlreichen BRUDER-Forstfahrzeuge werden durch den neuen MACK Holztranport-LKW ergänzt, um die gewonnenen Rohstoffe über grössere Distanzen auf der Strasse zu transportieren. Der MACK-LKW zeichnet sich, wie das grosse Vorbild, durch einen hinter der Führerhauskabine montierten Ladekran aus. Zum Rücken der Holzstämme ist der Ladekran mit einem Holzgreifer ausgestattet. Der Holzgreifer kann in geöffneter Stellung arretiert werden. Wenn ein Holzstamm gegriffen werden soll, wird der Holzgreifer auf diesen abgesenkt und bei mittiger Berührung schliesst sich der Greifer automatisch. Ein Beispiel für die Funktionalität dieses LKWs. Weitere Highlights sind die aus- und absenkbaren Kranstützen, sowie die zur Ladungssicherung dienenden Ketten an den Rungen der Ladeplattform. Selbstverständlich können auch zur seitlichen Verladung des Holzes die Rungen heruntergeklappt werden. Rückwärtig kann der LKW durch kippen der Ladeplattform entladen werden. FAHRERHAUS: - Kabinenscheiben aus transparentem und hochwertigem Polycarbonat - klappbare Aussenspiegel - Motorhaube zum Öffnen - Türen zum Öffnen FAHRZEUGAUFBAU: - Holzgreifer mit Schliessautomatik - abklappbare Röhrenhalterungen mit Metallketten verschliessbar - ausfahrbare Stützen - kippbare Ladefläche - schwenkbarer Kranaufsatz um 360° - umklapp- und demontierbare Belade-Rungen FAHRWERK: - Profilreifen Bewegung/Funktion: - funktionsfähiger Ladekran mit Greifer WEITERES: - zur Spielergänzung ausstattbar mit dem Light and Sound Module, Art.-Nr.: 02801 (nicht im Lieferumfang enthalten) ALLGEMEIN: - Kompatibel mit Figur - Altersempfehlung: ab 4 Jahren zum Spielen für Innen und Aussen geeignet - hergestellt aus hochwertigen Kunststoffen wie z.B. ABS - Massstab 1:16 Details Marke: Bruder Spielwaren Farbe: grün Lieferumfang: je 1x Warum bei LuxeStyle kaufen? 🇨🇭 Versand aus der Schweiz – Lieferung in nur 1–2 Werktagen (DPD) ↩️ 30 Tage Rückgaberecht 🔒 Kauf auf Rechnung mit Klarna · TWINT · Karten · PayPal · Apple Pay 💬 Schweizer Support: info@luxestyle.ch	https://luxestyle.ch/products/mack-granite-holztransport-lkw-ladekran-gr-fga02824?variant=55970878783873	https://cdn.shopify.com/s/files/1/0943/6856/3585/files/15470013776257-quadrat.jpg?v=1787775692	https://cdn.shopify.com/s/files/1/0943/6856/3585/files/02824_1_f1e528f1-7476-41a6-8fec-1f77922b711b.jpg?v=1784843439	113.90 CHF	in stock	10	4001702028244	LuxeStyle	new	Spielzeug & Spiele	1-3 Werktage (Lager Schweiz)
fortura-02890	bruder-range-rover-velar-fga02890	BRUDER Range Rover Velar	34cm x 14.3cm x 11.5cm Details Marke: Bruder Spielwaren Warum bei LuxeStyle kaufen? 🇨🇭 Versand aus der Schweiz – Lieferung in nur 1–2 Werktagen (DPD) ↩️ 30 Tage Rückgaberecht 🔒 Kauf auf Rechnung mit Klarna · TWINT · Karten · PayPal · Apple Pay 💬 Schweizer Support: info@luxestyle.ch	https://luxestyle.ch/products/bruder-range-rover-velar-fga02890?variant=55970878849409	https://cdn.shopify.com/s/files/1/0943/6856/3585/files/15470013841793-quadrat.jpg?v=1787775699	https://cdn.shopify.com/s/files/1/0943/6856/3585/files/02890_1.jpg?v=1784843441,https://cdn.shopify.com/s/files/1/0943/6856/3585/files/02890_2.jpg?v=1784966899,https://cdn.shopify.com/s/files/1/0943/6856/3585/files/02890_3.jpg?v=1784966899	64.90 CHF	in stock	33	4001702028909	LuxeStyle	new	Spielzeug & Spiele	1-3 Werktage (Lager Schweiz)
fortura-03472	bruder-roadmax-feuerwehr-fga03472	BRUDER ROADMAX Feuerwehr	BRUDER ROADMAX Feuerwehr – hochwertige Qualität ab Schweizer Lager. Details Marke: Bruder Spielwaren Warum bei LuxeStyle kaufen? 🇨🇭 Versand aus der Schweiz – Lieferung in nur 1–2 Werktagen (DPD) ↩️ 30 Tage Rückgaberecht 🔒 Kauf auf Rechnung mit Klarna · TWINT · Karten · PayPal · Apple Pay 💬 Schweizer Support: info@luxestyle.ch	https://luxestyle.ch/products/bruder-roadmax-feuerwehr-fga03472?variant=55970880160129	https://cdn.shopify.com/s/files/1/0943/6856/3585/files/03472_4.jpg?v=1784966942	https://cdn.shopify.com/s/files/1/0943/6856/3585/files/03472_1_75a6f1d3-8e1a-40b4-b009-3bbeb27b3109.jpg?v=1784843474,https://cdn.shopify.com/s/files/1/0943/6856/3585/files/03472_2.jpg?v=1784966942,https://cdn.shopify.com/s/files/1/0943/6856/3585/files/03472_3.jpg?v=1784966942	67.90 CHF	in stock	66	4001702034726	LuxeStyle	new	Spielzeug & Spiele	1-3 Werktage (Lager Schweiz)
fortura-03553	bruder-scania-560r-berge-fga03553	BRUDER Scania 560R Berge	BRUDER Scania 560R Berge – hochwertige Qualität ab Schweizer Lager. Warum bei LuxeStyle kaufen? 🇨🇭 Versand aus der Schweiz – Lieferung in nur 1–2 Werktagen (DPD) ↩️ 30 Tage Rückgaberecht 🔒 Kauf auf Rechnung mit Klarna · TWINT · Karten · PayPal · Apple Pay 💬 Schweizer Support: info@luxestyle.ch	https://luxestyle.ch/products/bruder-scania-560r-berge-fga03553?variant=55970880455041	https://cdn.shopify.com/s/files/1/0943/6856/3585/files/03553_1_5c2dd844-46e2-4bea-bf2e-de6516459ff1.jpg?v=1784843478	https://cdn.shopify.com/s/files/1/0943/6856/3585/files/03553_2.jpg?v=1784967661,https://cdn.shopify.com/s/files/1/0943/6856/3585/files/03553_3.jpg?v=1784967660	135.00 CHF	in stock	67	4001702035532	LuxeStyle	new	Spielzeug & Spiele	1-3 Werktage (Lager Schweiz)
fortura-03571	scania-super-560r-liebherr-kran-lkw-mit-li-fga03571	Scania Super 560R Liebherr Kran-LKW mit Light & Sound Modul	Scania Super 560R Liebherr Kran-LKW mit Light & Sound Modul – hochwertige Qualität ab Schweizer Lager. Details Marke: Bruder Spielwaren Warum bei LuxeStyle kaufen? 🇨🇭 Versand aus der Schweiz – Lieferung in nur 1–2 Werktagen (DPD) ↩️ 30 Tage Rückgaberecht 🔒 Kauf auf Rechnung mit Klarna · TWINT · Karten · PayPal · Apple Pay 💬 Schweizer Support: info@luxestyle.ch	https://luxestyle.ch/products/scania-super-560r-liebherr-kran-lkw-mit-li-fga03571?variant=55970880586113	https://cdn.shopify.com/s/files/1/0943/6856/3585/files/03571_3.jpg?v=1784967667	https://cdn.shopify.com/s/files/1/0943/6856/3585/files/03571_1_27a9cc1d-8553-41a4-ac31-2a521b1e6f4c.jpg?v=1784843479,https://cdn.shopify.com/s/files/1/0943/6856/3585/files/03571_2.jpg?v=1784967667,https://cdn.shopify.com/s/files/1/0943/6856/3585/files/03571_4.jpg?v=1784967667,https://cdn.shopify.com/s/files/1/0943/6856/3585/files/03571_5.jpg?v=1784967667	139.90 CHF	in stock	71	4001702035716	LuxeStyle	new	Spielzeug & Spiele	1-3 Werktage (Lager Schweiz)
fortura-03655	bruder-mb-arocs-betonmisch-lkw-fga03655	BRUDER MB Arocs Betonmisch LKW	BRUDER MB Arocs Betonmisch LKW – hochwertige Qualität ab Schweizer Lager. Details Marke: Bruder Spielwaren Warum bei LuxeStyle kaufen? 🇨🇭 Versand aus der Schweiz – Lieferung in nur 1–2 Werktagen (DPD) ↩️ 30 Tage Rückgaberecht 🔒 Kauf auf Rechnung mit Klarna · TWINT · Karten · PayPal · Apple Pay 💬 Schweizer Support: info@luxestyle.ch	https://luxestyle.ch/products/bruder-mb-arocs-betonmisch-lkw-fga03655?variant=55970880749953	https://cdn.shopify.com/s/files/1/0943/6856/3585/files/03655_3.jpg?v=1784967673	https://cdn.shopify.com/s/files/1/0943/6856/3585/files/03655_1_e9f68cb6-215d-4bb4-8da6-d9f168d7127b.jpg?v=1784843481,https://cdn.shopify.com/s/files/1/0943/6856/3585/files/03655_2.jpg?v=1784967671,https://cdn.shopify.com/s/files/1/0943/6856/3585/files/03655_4.jpg?v=1784967672	91.00 CHF	in stock	19	4001702036553	LuxeStyle	new	Spielzeug & Spiele	1-3 Werktage (Lager Schweiz)
fortura-03685	mb-arocs-winterdienst-mit-raumschild-fga03685	MB Arocs Winterdienst mit Räumschild	Kraft, Robustheit und Effizienz sind insbesondere an einem kalten Arbeitstag auf Strassen mit winterlichen Bedingungen oft entscheidend. Der neue Mercedes-Benz Arocs wurde speziell auf diese Eigenschaften hin entwickelt. Zusätzlich zu diesen technischen Eigenschaften wurde auch das Design dementsprechend gestaltet. So ist z.B. die Front des Kühlergrills in Baggerzahnoptik gestaltet, wobei die Zähne für Durchbeissen und Zupacken stehen und dadurch die Kraft ausdrücken sollen. Bei dem Modell wurde viel Wert auf die für BRUDER übliche Robustheit gelegt und das Fahrerhaus mit zu öffnenden Türen ausgestattet, damit die BRUDER Spielfiguren einsteigen können. , sobald der Verkehrsfunk diese Meldung bringt sind die Räumfahrzeuge im Einsatz und das rund um die Uhr. BRUDER, bekannt für seine realistischen und allwettertauglichen Fahrzeuge, hat mit dem Arocs Winterdienst ein imposantes Räumfahrzeug entwickelt, das dem Original in nichts nachsteht. Das breite, höhenverstellbare und natürlich auch abnehmbare Räumschild schiebt auch die dicke Schneedecke beiseite und sorgt für eine befahrbare Spur, das äusserst realistische Streuwerk bringt Sand oder anderes Streugut auf die Strasse und sorgt somit für rutschfreies Autofahren. Der Mercedes-Benz Arocs LKW kann mit dem BRUDER Light & Sound Module (Art.-Nr. 02801) nachgerüstet werden. FAHRERHAUS: - klappbare Aussenspiegel - Frontscheibe aus transparentem und bruchsicherem Kunststoff - Türen zum Öffnen AUFBAU: - voll funktionsfähiges Streuwerk mit Förderschnecke und ein- und ausschaltbar mittels Hebel - Streuwerk um 180° drehbar ( Transport- und Reinigungsfunktion ) - befüllbarer Tank zum Öffnen und Schliessen - Arbeitsraum der Schnecke einsehbar ( Klappe zum Öffnen und Schliessen) - drehbare Leiter Räumschild: - Winkel des Schildes ist um +/- 30° verstellbar, selbst hemmend und stufenlos - Ein- bzw. Ausheben des Schildes mittels Hebel (Betriebs- bzw. Transportstellung) - montierbare Fahnen am Räumschild - links und rechts (drehbar) ALLGEMEIN: - hergestellt aus hochwertigen Kunststoffen wie z.B. ABS - Kompatibel mit Figuren - Massstab 1:16 - Altersempfehlung: ab 4 Jahren zum Spielen für Innen und Aussen geeignet Details Marke: Bruder Spielwaren Farbe: orange Lieferumfang: 1 Stück Warum bei LuxeStyle kaufen? 🇨🇭 Versand aus der Schweiz – Lieferung in nur 1–2 Werktagen (DPD) ↩️ 30 Tage Rückgaberecht 🔒 Kauf auf Rechnung mit Klarna · TWINT · Karten · PayPal · Apple Pay 💬 Schweizer Support: info@luxestyle.ch	https://luxestyle.ch/products/mb-arocs-winterdienst-mit-raumschild-fga03685?variant=55970880881025	https://cdn.shopify.com/s/files/1/0943/6856/3585/files/03685_1_d0510494-9ce2-4e35-9e05-97aa0d8dd630.jpg?v=1784843484		92.00 CHF	in stock	11	4001702036850	LuxeStyle	new	Spielzeug & Spiele	1-3 Werktage (Lager Schweiz)
fortura-03760	bruder-man-tgs-muell-lkw-fga03760	BRUDER MAN TGS Muell-LKW	BRUDER MAN TGS Muell-LKW – hochwertige Qualität ab Schweizer Lager. Details Marke: Bruder Spielwaren Warum bei LuxeStyle kaufen? 🇨🇭 Versand aus der Schweiz – Lieferung in nur 1–2 Werktagen (DPD) ↩️ 30 Tage Rückgaberecht 🔒 Kauf auf Rechnung mit Klarna · TWINT · Karten · PayPal · Apple Pay 💬 Schweizer Support: info@luxestyle.ch	https://luxestyle.ch/products/bruder-man-tgs-muell-lkw-fga03760?variant=55970880946561	https://cdn.shopify.com/s/files/1/0943/6856/3585/files/03760_2.jpg?v=1784967679	https://cdn.shopify.com/s/files/1/0943/6856/3585/files/03760_1_bd46f4ba-740f-42f6-9e46-82559bab64c1.jpg?v=1784843486,https://cdn.shopify.com/s/files/1/0943/6856/3585/files/03760_3.jpg?v=1784967679,https://cdn.shopify.com/s/files/1/0943/6856/3585/files/03760_4.jpg?v=1784967679	99.00 CHF	in stock	34	4001702037604	LuxeStyle	new	Spielzeug & Spiele	1-3 Werktage (Lager Schweiz)
fortura-90114	hemd-waggis-rot-fgss90113	Hemd Waggis rot	Das traditionelle glänzende Hemd für den klassischen Waggis. Details Marke: Widmann Farbe: rot Anlass: Fasnacht Lieferumfang: 1 Stück Warum bei LuxeStyle kaufen? 🇨🇭 Versand aus der Schweiz – Lieferung in nur 1–2 Werktagen (DPD) ↩️ 30 Tage Rückgaberecht 🔒 Kauf auf Rechnung mit Klarna · TWINT · Karten · PayPal · Apple Pay 💬 Schweizer Support: info@luxestyle.ch	https://luxestyle.ch/products/hemd-waggis-rot-fgss90113?variant=55970881077633	https://cdn.shopify.com/s/files/1/0943/6856/3585/files/90114_1_68504340-3a27-43e5-aa1a-2d47590d56bf.jpg?v=1784843489		61.90 CHF	in stock	12		LuxeStyle	new	Kostüme & Verkleidung	1-3 Werktage (Lager Schweiz)
fortura-03775	man-tgs-tankwagen-fga03775	MAN TGS Tankwagen	Der MAN TGS ist der perfekte Allrounder für Baustelle, Fernverkehr und Nahverteilung. Robust gebaut, mit durchzugsstarken Motoren ausgestattet und mit einer überdurchschnittlichen Nutzlast ist dieser LKW der Alleskönner, der jede Menge Innovationen an Bord hat. Das BRUDER Modell des MAN TGS Tankwagen im Massstab 1:16 ist eine Kombination aus dem neuen MAN Fahrerhaus und dem neu entwickelten Tankwagen-Aufbau. Dieser voll funktionsfähige Tank bringt jede Menge neue Funktionen für kleine Tankwagenfahrer. Wasser kann in den Tank gefüllt werden. Mittels der eingebauten Handluftpumpe wird Druck aufgebaut und mit der seitlich angebrachten Ablasseinheit kann durch Betätigung des Absperrhebels das Wasser durch den Schlauch abgelassen werden. Als ideale Ergänzung für den MAN TGS Tankwagen bietet BRUDER einen LKW-Tankanhänger (Art.-Nr. 03925) an, der perfekt zu diesem attraktiven Tank-LKW passt und einen nahezu 1 Meter langes Gespann bildet. Zusätzlich bietet BRUDER zahlreiche bworld Spielfiguren an. Diese können in die Kabine gesetzt werden oder auf die Leiter am Fahrzeugheck steigen, um den Tank von oben zu inspizieren. Als Ergänzung kann bei diesem Modell das Light & Sound Module (Art.-Nr. 02801) angebracht werden. FAHRERHAUS: - Kabinenscheiben aus transparentem und bruchsicherem Kunststoff - klappbare Aussenspiegel - Türen zum Öffnen FAHRZEUGAUFBAU: - Wassertank (ca. 390 ml) - Druckluft-Handluftpumpe, um das Wasser ins Schlauchsystem zu pressen - Auslasseinheit mit Absperrhebel und Schlauchhaspel - Leiter als Wartungsaufstieg am Tank Heck WEITERES: - zur Spielergänzung ausstattbar mit dem Light & Sound Module, Art.-Nr.: 02801 (nicht im Lieferumfang enthalten) ALLGEMEIN: - Altersempfehlung: ab 4 Jahren zum Spielen für Innen und Aussen geeignet - hergestellt aus hochwertigen Kunststoffen wie z.B. ABS - Kompatibel mit Figuren - Massstab 1:16 Details Marke: Bruder Spielwaren Lieferumfang: 1 Stück Warum bei LuxeStyle kaufen? 🇨🇭 Versand aus der Schweiz – Lieferung in nur 1–2 Werktagen (DPD) ↩️ 30 Tage Rückgaberecht 🔒 Kauf auf Rechnung mit Klarna · TWINT · Karten · PayPal · Apple Pay 💬 Schweizer Support: info@luxestyle.ch	https://luxestyle.ch/products/man-tgs-tankwagen-fga03775?variant=55970881143169	https://cdn.shopify.com/s/files/1/0943/6856/3585/files/03775_1_c00d5e8e-6b91-496a-96c0-b70a1019d779.jpg?v=1784843491		73.90 CHF	in stock	119	4001702037758	LuxeStyle	new	Spielzeug & Spiele	1-3 Werktage (Lager Schweiz)
fortura-062111	bruder-bworld-tankstelle-fga062111	BRUDER bworld Tankstelle	BRUDER bworld Tankstelle – hochwertige Qualität ab Schweizer Lager. Details Marke: Bruder Spielwaren Warum bei LuxeStyle kaufen? 🇨🇭 Versand aus der Schweiz – Lieferung in nur 1–2 Werktagen (DPD) ↩️ 30 Tage Rückgaberecht 🔒 Kauf auf Rechnung mit Klarna · TWINT · Karten · PayPal · Apple Pay 💬 Schweizer Support: info@luxestyle.ch	https://luxestyle.ch/products/bruder-bworld-tankstelle-fga062111?variant=55970881896833	https://cdn.shopify.com/s/files/1/0943/6856/3585/files/062111_1_e048b0ea-3bf3-4a8a-a295-8dd248c6ed55.jpg?v=1784843508	https://cdn.shopify.com/s/files/1/0943/6856/3585/files/062111_2.jpg?v=1784967695,https://cdn.shopify.com/s/files/1/0943/6856/3585/files/062111_3.jpg?v=1784967695,https://cdn.shopify.com/s/files/1/0943/6856/3585/files/062111_4.jpg?v=1784967696	74.90 CHF	in stock	104	4001702621117	LuxeStyle	new	Spielzeug & Spiele	1-3 Werktage (Lager Schweiz)
fortura-062780	bruder-bworld-life-guard-fga062780	BRUDER bworld Life Guard	BRUDER bworld Life Guard – hochwertige Qualität ab Schweizer Lager. Details Marke: Bruder Spielwaren Warum bei LuxeStyle kaufen? 🇨🇭 Versand aus der Schweiz – Lieferung in nur 1–2 Werktagen (DPD) ↩️ 30 Tage Rückgaberecht 🔒 Kauf auf Rechnung mit Klarna · TWINT · Karten · PayPal · Apple Pay 💬 Schweizer Support: info@luxestyle.ch	https://luxestyle.ch/products/bruder-bworld-life-guard-fga062780?variant=55970882716033	https://cdn.shopify.com/s/files/1/0943/6856/3585/files/062780_1_c4c5328c-8068-4900-aa78-a6855c2a1ef7.jpg?v=1784843525	https://cdn.shopify.com/s/files/1/0943/6856/3585/files/062780_2.jpg?v=1784967720,https://cdn.shopify.com/s/files/1/0943/6856/3585/files/062780_3.jpg?v=1784967720,https://cdn.shopify.com/s/files/1/0943/6856/3585/files/062780_4.jpg?v=1784967720	69.90 CHF	in stock	74	4001702627805	LuxeStyle	new	Spielzeug & Spiele	1-3 Werktage (Lager Schweiz)
fortura-02130	grimme-se75-30-kartoffelvollernter-mit-80-fga02130	Grimme SE75-30 Kartoffelvollernter mit 80 Kartoffelimitaten	Das Reinigungs- und Verleseband wird durch Betätigen der Handkurbel angetrieben, dadurch wird die Beförderung der Kartoffelimitate in den Kartoffelbunker möglich. Dieser ist zudem höhenverstell- und das Austragsförderband ist ausklappbar. Ein ausklappbarer Stützfuss bietet sicheren Halt, reichhaltige Detaillierung und Profilreifen runden das Bild ab. Zur Spielergänzung kann der Grimme Kartoffelvollernter SE 75-30 mit allen Traktoren der Profi-Serie ausgestattet werden (nicht im Lieferumfang enthalten). Neben den enthaltenen Kartoffelimitaten sind Weitere als Zubehör unter der Art.-Nr.: 02305 erhältlich. FAHRZEUGAUFBAU: - ausklappbares Austragsförderband - Beförderung der Kartoffelimitate in den Kartoffelbunker möglich - höhenverstellbarer Kartoffelbunker - klappbarer Stützfuss - Reinigungs- und Verleseband kann durch Betätigen der Handkurbel angetrieben werden FAHRWERK: - Profilreifen ALLGEMEIN: - Achtung! Nicht für Kinder unter 36 Monaten geeignet. Erstickungsgefahr wegen verschluckbarer Kleinteile. - Altersempfehlung: ab 5 Jahren zum Spielen für Innen und Aussen geeignet - hergestellt aus hochwertigen Kunststoffen wie z.B. ABS - Massstab 1:16 Details Marke: Bruder Spielwaren Farbe: rot Lieferumfang: 1 Stück mit 80 Kartoffelimitaten Warum bei LuxeStyle kaufen? 🇨🇭 Versand aus der Schweiz – Lieferung in nur 1–2 Werktagen (DPD) ↩️ 30 Tage Rückgaberecht 🔒 Kauf auf Rechnung mit Klarna · TWINT · Karten · PayPal · Apple Pay 💬 Schweizer Support: info@luxestyle.ch	https://luxestyle.ch/products/grimme-se75-30-kartoffelvollernter-mit-80-fga02130?variant=55970882879873	https://cdn.shopify.com/s/files/1/0943/6856/3585/files/02130_1_a5d939b2-3ca0-483d-9abc-78502bec41d1.jpg?v=1784843529	https://cdn.shopify.com/s/files/1/0943/6856/3585/files/02130_2.jpg?v=1784967726	63.90 CHF	in stock	144	4001702021306	LuxeStyle	new	Kostüme & Verkleidung	1-3 Werktage (Lager Schweiz)
fortura-02133	john-deere-1210e-ruckezug-mit-4-baumstamme-fga02133	John Deere 1210E Rückezug mit 4 Baumstämmen und Holzgreifer	Aufgrund des weltweit drastisch steigenden Energieverbrauchs gewinnen aus ökologischen Gründen insbeson-dere erneuerbare Energien stark an Bedeutung. Das aus der Forstwirtschaft gewonnene Holz gehört zu den effizientesten Bioenergiequellen überhaupt. Somit kann jeder kleine Forstwirt beim Nachspielen der typischen Waldarbeits-Szenen mit den funktionellen BRUDER Fahrzeugen und Figuren stolz auf sein Mitwirken sein. Der 4-achsige Rückezug von John Deere kann die geschlagenen Baumstämme durch unwegsames Gelände transportieren und seine Fracht selbstständig be- und entladen. Hierfür verwendet er einen dreh- und schwenk-baren Ladekran mit automatisch schliessendem Greifer. Die an sich schon sehr gute Geländegängigkeit des John Deere Rückezugs wird durch die vier Pendelachsen nochmals verbessert. Durch eine um 360° schwenk-bare Kabine behält der Fahrer (z.B. Art.-Nr. 60000  nicht im Lieferumfang enthalten) sowohl beim Fahren, als auch beim Beladen stets den Überblick. Der John Deere Rückezug ist das ideale Fahrzeug für stundenlanges Spielvergnügen rund um das Thema Forstwirtschaft. FAHRERHAUS: - abklappbare Treppe - Kabine um 360° schwenkbar - Fahrerkabine aus transparentem und bruchsicherem Polycarbonat sowie Tür zum Öffnen - Motorhaube zum Öffnen FAHRZEUGAUFBAU: - der äussere Kranarm kann rastend bis in seine Endlage herausgezogen bzw. wieder eingeschoben werden - Ladekran-Greifer zum Be- und Entladen - Anhängekupplung hinten - Kranaufbau um 360° drehbar INHALT: - Baumstämme im Lieferumfang enthalten FAHRWERK: - geländegängige Pendelachse - Profilreifen ALLGEMEIN: - Kompatibel mit Figur - Altersempfehlung: ab 4 Jahren zum Spielen für Innen und Aussen geeignet - hergestellt aus hochwertigen Kunststoffen wie z.B. ABS - Massstab 1:16 Details Marke: Bruder Spielwaren Farbe: grün Lieferumfang: John Deere mit Holzgreifer und Baumstämmen Warum bei LuxeStyle kaufen? 🇨🇭 Versand aus der Schweiz – Lieferung in nur 1–2 Werktagen (DPD) ↩️ 30 Tage Rückgaberecht 🔒 Kauf auf Rechnung mit Klarna · TWINT · Karten · PayPal · Apple Pay 💬 Schweizer Support: info@luxestyle.ch	https://luxestyle.ch/products/john-deere-1210e-ruckezug-mit-4-baumstamme-fga02133?variant=55970882978177	https://cdn.shopify.com/s/files/1/0943/6856/3585/files/15470017839489-quadrat.jpg?v=1787775783	https://cdn.shopify.com/s/files/1/0943/6856/3585/files/02133_1_aa65bc61-2f30-450a-8eaa-60046eccca52.jpg?v=1784843530,https://cdn.shopify.com/s/files/1/0943/6856/3585/files/02133_2.jpg?v=1784967730,https://cdn.shopify.com/s/files/1/0943/6856/3585/files/02133_3.jpg?v=1784967730,https://cdn.shopify.com/s/files/1/0943/6856/3585/files/02133_4.jpg?v=1784967730	85.90 CHF	in stock	42	4001702021337	LuxeStyle	new	Spielzeug & Spiele	1-3 Werktage (Lager Schweiz)
fortura-02214	pottinger-jumbo-6600-profiline-ladewagen-fga02214	Pöttinger Jumbo 6600 Profiline Ladewagen	Die Aufnahmewalze des Pöttinger Ladewagens wird während des Fahrbetriebs bewegt. Die seitliche Einstiegsluke kann geöffnet, die Leiter abgeklappt und die Dachbügel und -seile (beiliegend) abgenommen werden. Durch Betätigen der Handkurbel sind die Dosierwalzen antreibbar. Zudem kann die Heckklappe geöffnet werden. Ein Stützfuss bietet sicheren Halt und Profilreifen runden das Bild ab. Der Pöttinger Ladewagen passt zu allen Traktoren der Profi-Serie (nicht im Lieferumfang enthalten). FAHRZEUGAUFBAU: - abnehmbare Dachbügel und -seile - bewegliche Walze während des Fahrbetriebs - Heckklappe zum Öffnen - klappbarer Stützfuss - seitliche Einstiegsluke zum öffnen und abklappbare Leiter FAHRWERK: - Profilreifen ALLGEMEIN: - Achtung! Nicht für Kinder unter 36 Monaten geeignet. Erstickungsgefahr wegen verschluckbarer Kleinteile. - Altersempfehlung: ab 4 Jahren zum Spielen für Innen und Aussen geeignet - hergestellt aus hochwertigen Kunststoffen wie z.B. ABS - Massstab 1:16 Details Marke: Bruder Spielwaren Lieferumfang: 1 Stück Warum bei LuxeStyle kaufen? 🇨🇭 Versand aus der Schweiz – Lieferung in nur 1–2 Werktagen (DPD) ↩️ 30 Tage Rückgaberecht 🔒 Kauf auf Rechnung mit Klarna · TWINT · Karten · PayPal · Apple Pay 💬 Schweizer Support: info@luxestyle.ch	https://luxestyle.ch/products/pottinger-jumbo-6600-profiline-ladewagen-fga02214?variant=55970883600769	https://cdn.shopify.com/s/files/1/0943/6856/3585/files/02214_1_e8d5589a-e3ca-42a8-a627-a6c7b1c8bf3e.jpg?v=1784843546		57.90 CHF	in stock	114	4001702022143	LuxeStyle	new	Kostüme & Verkleidung	1-3 Werktage (Lager Schweiz)
fortura-17851	plusch-lowin-66-cm-fga17851	Plüsch Löwin 66 cm	Plüsch Löwin 66 cm – hochwertige Qualität ab Schweizer Lager. Warum bei LuxeStyle kaufen? 🇨🇭 Versand aus der Schweiz – Lieferung in nur 1–2 Werktagen (DPD) ↩️ 30 Tage Rückgaberecht 🔒 Kauf auf Rechnung mit Klarna · TWINT · Karten · PayPal · Apple Pay 💬 Schweizer Support: info@luxestyle.ch	https://luxestyle.ch/products/plusch-lowin-66-cm-fga17851?variant=55970883895681	https://cdn.shopify.com/s/files/1/0943/6856/3585/files/17851_1_e51431db-8f9f-4576-a2c1-4d469d027db7.jpg?v=1784843552		91.90 CHF	in stock	18	4028667112047	LuxeStyle	new	Spielzeug & Spiele	1-3 Werktage (Lager Schweiz)
fortura-02430	liebherr-radlader-l574-fga02430	Liebherr Radlader	Der Liebherr Radlader L574 verfügt über eine grosse abkippbare Ladeschaufel, die mit einer neu entwickelten Schaufelmechanik einhändig bedient werden kann. Die Knicklenkung und die geländegängige Hinterachse bieten bequeme Manövrierbarkeit. Zudem kann die Motorhaube geöffnet werden und gibt so den Blick auf den Motorblock frei und Profilreifen runden das Bild ab. FAHRZEUGAUFBAU: - grosse abkippbare Ladeschaufel - Motorhaube zum Öffnen FAHRWERK: - geländegängige Hinterachse - Knicklenkung - Profilreifen WEITERES: - Einhandbedienung durch neu entwickelte Schaufelmechanik ALLGEMEIN: - Kompatibel mit Figur - Achtung! Nicht für Kinder unter 36 Monaten geeignet. Erstickungsgefahr wegen verschluckbarer Kleinteile. - Altersempfehlung: ab 4 Jahren zum Spielen für Innen und Aussen geeignet - Ausgezeichnet mit spiel gut, Näheres unter spielgut.org - hergestellt aus hochwertigen Kunststoffen wie z.B. ABS - Massstab 1:16 Details Marke: Bruder Spielwaren Lieferumfang: 1 Stück Warum bei LuxeStyle kaufen? 🇨🇭 Versand aus der Schweiz – Lieferung in nur 1–2 Werktagen (DPD) ↩️ 30 Tage Rückgaberecht 🔒 Kauf auf Rechnung mit Klarna · TWINT · Karten · PayPal · Apple Pay 💬 Schweizer Support: info@luxestyle.ch	https://luxestyle.ch/products/liebherr-radlader-l574-fga02430?variant=55970884551041	https://cdn.shopify.com/s/files/1/0943/6856/3585/files/02430_1_982d45cc-8c8a-4906-b395-b76540a8a66a.jpg?v=1784843567		60.90 CHF	in stock	40	4001702024307	LuxeStyle	new	Spielzeug & Spiele	1-3 Werktage (Lager Schweiz)
fortura-20884	animatronic-xxl-skelett-243-cm-fga20884	Animatronic XXL Skelett 243 cm	Animatronic XXL Skelett 243 cm – hochwertige Qualität ab Schweizer Lager. Details Anlass: Halloween Warum bei LuxeStyle kaufen? 🇨🇭 Versand aus der Schweiz – Lieferung in nur 1–2 Werktagen (DPD) ↩️ 30 Tage Rückgaberecht 🔒 Kauf auf Rechnung mit Klarna · TWINT · Karten · PayPal · Apple Pay 💬 Schweizer Support: info@luxestyle.ch	https://luxestyle.ch/products/animatronic-xxl-skelett-243-cm-fga20884?variant=55970884911489	https://cdn.shopify.com/s/files/1/0943/6856/3585/files/20884_1_f2b39a07-f425-4145-a9b5-edb2284099a7.jpg?v=1784843575	https://cdn.shopify.com/s/files/1/0943/6856/3585/files/20884_2.jpg?v=1784967788	550.00 CHF	in stock	1	4009775004028	LuxeStyle	new	Partydeko & Ballone	1-3 Werktage (Lager Schweiz)
fortura-02502	ram-2500-power-wagon-mit-scrambler-ducati-fga02502	RAM 2500 Power Wagon mit Scrambler Ducati Desert Sled u. Fahrer	Für viele Menschen ist Motorradfahren pure Leidenschaft. Ducati die premium Motorradmarke hat mit ihren Scrambler Modellen voll ins Schwarze bei den Fans getroffen. Die Desert Sled ist eine Enduro mit Stollen profilierten Geländereifen auf Drahtspeichenrädern. Das Design ist herausragend und begeistert nicht nur die alten Hasen unter den Motorradfahrern sondern auch die junge Generation der Neueinsteiger. Neu bei BRUDER im Sortiment ist diese attraktive Kombination aus RAM und Scambler Desert Sled. Für den Transport ins Gelände ist der RAM wie geschaffen, verstaut er doch problemlos die Ducati auf seiner Ladefläche. Seine Robustheit und Geländegängigkeit ist legendär und bis heute einzigartig. Auch beim Thema Leistung ist dieser Wagen besonders eindrucksvoll. Sein V8 HEMI Motor leistet 410 PS und bringt es auf 582 Newtonmeter Drehmoment. Alle Türen sind zum Öffnen und bieten 4 bworld- Figuren Platz. Für Fahrkomfort und Geländegängigkeit ist dieses Modell im Massstab 1:16 mit gefederten Achsen ausgestattet, wobei die Vorderachse mit der enthaltenen Lenkradverlängerung lenkbar ist. Das Modell der Ducati übernimmt Designelemente wie die Drahtspeichenräder, den Auspuff, oder die Motocross Elemente in höchstem Masse detailgetreu. Wie das Original ist auch das BRUDER Modell an der Hinterradschwinge gefedert. Fixiert wird die Ducati auf der Ladefläche, vom top ausgestatteten Fahrer, mit den mitgelieferten Transporthalterungen. FAHRERHAUS: - Kabinenscheiben aus transparentem und hochwertigem Kunststoff - Klarglasscheinwerfer - Vier Türen links und rechts sowie Heckklappe zum Öffnen FAHRZEUGEUFBAU: - Platz für 4 bworld Figuren - Standardaufnahme für BRUDER Zubehör an der Stossstange (z.B. Seilwinde) - Schiebedach zum Einführen der Lenkradverlängerung - Transporthalterung für Motorrad FAHRWERK: - Gefederte Front- (lenkbar) und Heckachse - abnehmbare Heckkupplung - Neue Räder mit moderner SUV Optik INHALT: - Motorrad mit lenkbarer Vordergabel, gefederte Schwinge hinten und ausklappbarer Seitenständer - Fahrer mit stilechter Bekleidung, Helm und Handschuhen ALLGEMEIN: - Altersempfehlung: ab 4 Jahren zum Spielen für Innen und Aussen geeignet - hergestellt aus hochwertigen Kunststoffen wie z.B. ABS - Kompatibel mit Figur - Massstab 1:16 Details Marke: Bruder Spielwaren Farbe: rot Lieferumfang: 1 Stück Warum bei LuxeStyle kaufen? 🇨🇭 Versand aus der Schweiz – Lieferung in nur 1–2 Werktagen (DPD) ↩️ 30 Tage Rückgaberecht 🔒 Kauf auf Rechnung mit Klarna · TWINT · Karten · PayPal · Apple Pay 💬 Schweizer Support: info@luxestyle.ch	https://luxestyle.ch/products/ram-2500-power-wagon-mit-scrambler-ducati-fga02502?variant=55970885304705	https://cdn.shopify.com/s/files/1/0943/6856/3585/files/02502_1_f06cb9be-ecc2-4264-ab0b-ed6ed67bd92d.jpg?v=1784843583	https://cdn.shopify.com/s/files/1/0943/6856/3585/files/02502_2.jpg?v=1784967799	88.90 CHF	in stock	11	4001702025021	LuxeStyle	new	Spielzeug & Spiele	1-3 Werktage (Lager Schweiz)
fortura-90876-3	kostum-nikolaus-xxl-oberteil-fgss9087	Kostüm Nikolaus Oberteil – L	Kostüm Nikolaus XXL, Oberteil – hochwertige Qualität ab Schweizer Lager. Details Marke: Widmann Warum bei LuxeStyle kaufen? 🇨🇭 Versand aus der Schweiz – Lieferung in nur 1–2 Werktagen (DPD) ↩️ 30 Tage Rückgaberecht 🔒 Kauf auf Rechnung mit Klarna · TWINT · Karten · PayPal · Apple Pay 💬 Schweizer Support: info@luxestyle.ch	https://luxestyle.ch/products/kostum-nikolaus-xxl-oberteil-fgss9087?variant=55970885337473	https://cdn.shopify.com/s/files/1/0943/6856/3585/files/90876-3_2.jpg?v=1784967801	https://cdn.shopify.com/s/files/1/0943/6856/3585/files/908760_1.jpg?v=1784843583,https://cdn.shopify.com/s/files/1/0943/6856/3585/files/90876-4_2.jpg?v=1784967801	54.50 CHF	in stock	17	8003558087631	LuxeStyle	new	Kostüme & Verkleidung	1-3 Werktage (Lager Schweiz)
fortura-90876-4	kostum-nikolaus-xxl-oberteil-fgss9087	Kostüm Nikolaus Oberteil – XL	Kostüm Nikolaus XXL, Oberteil – hochwertige Qualität ab Schweizer Lager. Details Marke: Widmann Warum bei LuxeStyle kaufen? 🇨🇭 Versand aus der Schweiz – Lieferung in nur 1–2 Werktagen (DPD) ↩️ 30 Tage Rückgaberecht 🔒 Kauf auf Rechnung mit Klarna · TWINT · Karten · PayPal · Apple Pay 💬 Schweizer Support: info@luxestyle.ch	https://luxestyle.ch/products/kostum-nikolaus-xxl-oberteil-fgss9087?variant=55970885370241	https://cdn.shopify.com/s/files/1/0943/6856/3585/files/90876-3_2.jpg?v=1784967801	https://cdn.shopify.com/s/files/1/0943/6856/3585/files/908760_1.jpg?v=1784843583,https://cdn.shopify.com/s/files/1/0943/6856/3585/files/90876-4_2.jpg?v=1784967801	54.50 CHF	in stock	8	8003558087648	LuxeStyle	new	Kostüme & Verkleidung	1-3 Werktage (Lager Schweiz)
fortura-02505	ram-2500-polizei-pickup-mit-polizist-fga02505	RAM 2500 Polizei Pickup mit Polizist	Die BRUDER Polizei erhält Verstärkung. Um auch abseits der Stadt, im schwer zugänglichem Gelände aktiv sein zu können, kommt zu den BRUDER Einsatzkräften ein 4x4 Polizei Pickup Truck hinzu. Das Einsatzfahrzeug ist auf Basis des bekannten RAM 2500 aufgebaut und besitzt, wie vor allem in den USA üblich, eine attraktive auffällige Farbgestaltung und ein auf dem Dach montiertes Light & Sound Modul. Das Spielzeug ist wie sein grosses Vorbild mit der 4-türigen Kabine, der CREW Cab, ausgestattet. Alle Türen sind zum Öffnen und bieten 4 bworld Figuren Platz. Für Fahrkomfort und Geländegängigkeit ist dieses Modell im Massstab 1:16 mit gefederten Achsen ausgestattet, wobei die Vorderachse mit der enthaltenen Lenkradverlängerung lenkbar ist. Für den Transport im Spielbetrieb kann die Heckklappe geöffnet werden. Der enthaltene Polizist ist bestens ausgerüstet und auf eine Vielzahl möglicher Einsätze vorbereitet. Aus dem breiten Angebot an Einsatzfahrzeugen und Figuren passen besonders gut die bworld Polizeistation (Art.-Nr. 62730) sowie der Jeep Rubicon Unlimited als Polizeifahrzeug (Art.-Nr. 02526). Fahrerhaus: - Klarglasscheinwerfer vorne - Kabinenscheiben aus transparentem und bruchsicherem Kunststoff Fahrzeugaufbau: - Zusatzlenksäule im Fahrzeugboden verstaubar - Normverbinderaufnahmen im Ladebereich zum Befestigen von Zubehör - lenkbar mit Zusatzlenkstange durch Dachluke - Platz für 4 bworld-Figuren - Türen zum Öffnen - Heckklappe zum Öffnen Fahrwerk: - Räder mit modernem SUV-Design - Gefederte Front- (lenkbar) und Heckachse inkl. Zubehör: Light and Sound Modul (universal): - Inkl. Batterien (3xLR44) - Funktionsknöpfe: 1. Motorengeräusch, 2. Polizei-Sirene, 3. Feuerwehr-Sirene, 4. Yelp-Signal - Auto-Ausschaltfunktion nach ca. 20 Sekunden - sofortiges Ausschalten der jeweiligen Funktion durch abermaliges Drücken des Knopfes Inhalt: - Polizist mit Mütze, Gürtel, Schlagstock, Taschenlampe, Pistole, Handschellen und Funkgerät Allgemein: - Altersempfehlung: ab 4 Jahren zum Spielen für Innen und Aussen geeignet - hergestellt aus hochwertigen Kunststoffen wie z.B. ABS - Massstab 1:16 Fahrerhaus: - Klarglasscheinwerfer vorne - Kabinenscheiben aus transparentem und bruchsicherem Kunststoff Fahrzeugaufbau: - Zusatzlenksäule im Fahrzeugboden verstaubar - Normverbinderaufnahmen im Ladebereich zum Befestigen von Zubehör - lenkbar mit Zusatzlenkstange durch Dachluke - Platz für 4 bworld-Figuren - Türen zum Öffnen - Heckklappe zum Öffnen Fahrwerk: - Räder mit modernem SUV-Design - Gefederte Front- (lenkbar) und Heckachse inkl. Zubehör: Light and Sound Modul (universal): - Inkl. Batterien (3xLR44) - Funktionsknöpfe: 1. Motorengeräusch, 2. Polizei-Sirene, 3. Feuerwehr-Sirene, 4. Yelp-Signal - Auto-Ausschaltfunktion nach ca. 20 Sekunden - sofortiges Ausschalten der jeweiligen Funktion durch abermaliges Drücken des Knopfes Inhalt: - Polizist mit Mütze, Gürtel, Schlagstock, Taschenlampe, Pistole, Handschellen und Funkgerät Allgemein: - Altersempfehlung: ab 4 Jahren zum Spielen für Innen und Aussen geeignet - hergestellt aus hochwertigen Kunststoffen wie z.B. ABS - Massstab 1:16 Details Marke: Bruder Spielwaren Farbe: schwarz Warum bei LuxeStyle kaufen? 🇨🇭 Versand aus der Schweiz – Lieferung in nur 1–2 Werktagen (DPD) ↩️ 30 Tage Rückgaberecht 🔒 Kauf auf Rechnung mit Klarna · TWINT · Karten · PayPal · Apple Pay 💬 Schweizer Support: info@luxestyle.ch	https://luxestyle.ch/products/ram-2500-polizei-pickup-mit-polizist-fga02505?variant=55970885435777	https://cdn.shopify.com/s/files/1/0943/6856/3585/files/02505_1_879f64f9-8bbe-4332-a673-8ea867fbd4ce.jpg?v=1784843586		64.90 CHF	in stock	24	4001702025052	LuxeStyle	new	Kostüme & Verkleidung	1-3 Werktage (Lager Schweiz)
fortura-02526	jeep-wrangler-rubicon-unlimited-polizeifah-fga02526	Jeep Wrangler Rubicon Unlimited Polizeifahrzeug mit Polizist	Das BRUDER-Produktsortiment ist riesig. Die zahlreichen Fahrzeuge aus den Bereichen Bau, Einsatz, Nutzfahrzeuge, Freizeit, Landwirtschaft und Forstwirtschaft werden weltweit für ihre spannenden Spielwelten im Massstab 1:16 geschätzt.. Wie im normalen Leben bleiben die Verkehrsverstösse bei wachsendem Verkehr der vielen BRUDER Fahrzeuge nicht aus. Aus diesem Grund hat sich nun auch in der bworld eine Polizei-Einsatzgruppe gebildet um für Recht und Ordnung zu sorgen. Das Einsatzfahrzeug ist auf Basis des bekannten Jeep Wrangler Unlimited aufgebaut und besitzt wie in den USA üblich eine attraktive auffällige Farbgestaltung und ein auf dam Dach montiertes Warnleuchtenmodul. Der Jeep Wrangler Unlimited Rubicon ist für diesen Alltag im attraktiven Police-Look gestaltet und besitzt zahlreiche Funktionen, die fast grenzenlosen Spielspass ermöglichen. Neben dem 2-teilig abnehmbaren Segmentdach, lassen sich auch die Motorhaube, die Hecktür und alle vier Türen öffnen. Selbstverständlich sind die Platzverhältnisse so, dass auch vier BRUDER bworld-Figuren in das Fahrzeug passen. Alternativ zu der Vollbesetzung ist die Rücksitzbank herausnehmbar, um dann im Ladebereich über die BRUDER-Normverbinder Zubehör aufnehmen zu können. Die Zusatzlenksäule dient dem einfachen Lenken durch die Dachluke und kann bei Nichtverwendung im Fahrzeugboden verstaut werden. Die Achsen sind geländewagenüblich gefedert und die profilierten Räder besitzen Felgen in attraktiver SUV-Optik. Durch die Frontschnittstelle, an der z.B. die zusätzlich erhältliche Seilwinde befestigt werden kann, und die abnehmbare Anhängerkupplung, sind den Erweiterungsmöglichkeiten in der BRUDER-Welt keine Grenzen gesetzt. Die Police-Version des Jeep-Modells verfügt über ein neu entwickeltes Light & Sound Modul, welches mit vier Funktionsknöpfen ausgestattet ist (1. Motorengeräusch, 2. Polizei-Sirene, 3. Feuerwehr-Sirene, 4. Yelp-Signal). Der bworld Polizist ist voll ausgestattet um seinen Einsatz Nachdruck zu verleihen. Der Pistolengürtel mit Taschenlampe, Funkgerät sowie Schlagstock sind wichtige Utensilien für den Einsatz. Fahrerhaus: - Klarglasscheinwerfer vorne - Kabinenscheiben aus transparentem und bruchsicherem Kunststoff - 4 Türen zum Öffnen Fahrzeugaufbau: - Normverbinderaufnahmen im Ladebereich zum Befestigen von Zubehör - Heckscheibe zum Öffnen - 2-teilig abnehmbares Segmentdach - lenkbar mit Zusatzlenkstange durch Dachluke - Überrollbügel mit Normverbinderaufnahmen - Standardaufnahme für BRUDER-Zubehör an der Stossstange - Platz für 4 bworld-Figuren - Zusatzlenksäule im Fahrzeugboden verstaubar - Heckklappe zum Öffnen - herausnehmbare Rücksitzbank - Motorhaube zum Öffnen und ausklappbare Motorhaubenstütze ermöglichen den Blick auf den detaillierten Motorblock Inhalt: - Polizist mit Mütze, Gürtel, Taschenlampe, Pistole, Schlagstock, Handschellen und Funkgerät Fahrwerk: - Räder mit modernem SUV-Design - Gefederte Front- (lenkbar) und Heckachse - inkl. abnehmbarer Anhängekupplung Inkl. Zubehör: Light and Sound Modul (universal): - Inkl. Batterien (3xLR44) - Standardverbinder zur Befestigung - Funktionsknöpfe: 1. Motorengeräusch, 2. Polizei-Sirene, 3. Feuerwehr-Sirene, 4. Yelp-Signal - Auto-Ausschaltfunktion nach ca. 20 Sekunden - sofortiges Ausschalten der jeweiligen Funktion durch abermaliges Drücken des Knopfes Allgemein: - Achtung! Nicht für Kinder unter 36 Monaten geeignet. Erstickungsgefahr wegen verschluckbarer Kleinteile. - Altersempfehlung: ab 4 Jahren zum Spielen für Innen und Aussen geeignet - hergestellt aus hochwertigen Kunststoffen wie z.B. ABS - Kompatibel mit Figur - Massstab 1:16 Details Marke: Bruder Spielwaren Lieferumfang: 1 Stück Warum bei LuxeStyle kaufen? 🇨🇭 Versand aus der Schweiz – Lieferung in nur 1–2 Werktagen (DPD) ↩️ 30 Tage Rückgaberecht 🔒 Kauf auf Rechnung mit Klarna · TWINT · Karten · PayPal · Apple Pay 💬 Schweizer Support: info@luxestyle.ch	https://luxestyle.ch/products/jeep-wrangler-rubicon-unlimited-polizeifah-fga02526?variant=55970885632385	https://cdn.shopify.com/s/files/1/0943/6856/3585/files/02526_5.jpg?v=1784967813	https://cdn.shopify.com/s/files/1/0943/6856/3585/files/02526_1_eec84ce5-5cf5-4936-82be-d28e65a35d25.jpg?v=1784843590,https://cdn.shopify.com/s/files/1/0943/6856/3585/files/02526_2.jpg?v=1784967813,https://cdn.shopify.com/s/files/1/0943/6856/3585/files/02526_3.jpg?v=1784967812,https://cdn.shopify.com/s/files/1/0943/6856/3585/files/02526_4.jpg?v=1784967812	61.90 CHF	in stock	40	4001702025267	LuxeStyle	new	Kostüme & Verkleidung	1-3 Werktage (Lager Schweiz)
fortura-25459	plusch-bar-braun-40-cm-fga25459	Plüsch Bär braun 40 cm	Plüsch Bär braun 40 cm – hochwertige Qualität ab Schweizer Lager. Details Marke: Unitoys Farbe: braun Masse: 40cm Warum bei LuxeStyle kaufen? 🇨🇭 Versand aus der Schweiz – Lieferung in nur 1–2 Werktagen (DPD) ↩️ 30 Tage Rückgaberecht 🔒 Kauf auf Rechnung mit Klarna · TWINT · Karten · PayPal · Apple Pay 💬 Schweizer Support: info@luxestyle.ch ⚠️ Achtung! Nicht für Kinder unter 36 Monaten geeignet. Erstickungsgefahr wegen verschluckbarer Kleinteile. Altersempfehlung: ab 3 Jahren.	https://luxestyle.ch/products/plusch-bar-braun-40-cm-fga25459?variant=55970885894529	https://cdn.shopify.com/s/files/1/0943/6856/3585/files/25459_1_0a5729d6-227a-437f-822f-1b73cbc54f8a.jpg?v=1784843596		73.00 CHF	in stock	9	4028667184945	LuxeStyle	new	Spielzeug & Spiele	1-3 Werktage (Lager Schweiz)
fortura-02544	bruder-ram-2500-feuerwehr-fga02544	BRUDER RAM 2500 Feuerwehr	BRUDER RAM 2500 Feuerwehr – hochwertige Qualität ab Schweizer Lager. Details Marke: Bruder Spielwaren Warum bei LuxeStyle kaufen? 🇨🇭 Versand aus der Schweiz – Lieferung in nur 1–2 Werktagen (DPD) ↩️ 30 Tage Rückgaberecht 🔒 Kauf auf Rechnung mit Klarna · TWINT · Karten · PayPal · Apple Pay 💬 Schweizer Support: info@luxestyle.ch	https://luxestyle.ch/products/bruder-ram-2500-feuerwehr-fga02544?variant=55970886058369	https://cdn.shopify.com/s/files/1/0943/6856/3585/files/02544_4.jpg?v=1784967820	https://cdn.shopify.com/s/files/1/0943/6856/3585/files/02544_1_4c4ebc26-5c8e-4f84-ba27-a61d6d4c09cd.jpg?v=1784843599,https://cdn.shopify.com/s/files/1/0943/6856/3585/files/02544_2.jpg?v=1784967821,https://cdn.shopify.com/s/files/1/0943/6856/3585/files/02544_3.jpg?v=1784967820,https://cdn.shopify.com/s/files/1/0943/6856/3585/files/02544_5.jpg?v=1784967820	73.90 CHF	in stock	73	4001702025441	LuxeStyle	new	Spielzeug & Spiele	1-3 Werktage (Lager Schweiz)
fortura-02589	land-rover-defender-mit-anhanger-und-scram-fga02589	Land Rover Defender mit Anhänger und Scrambler Ducati Full	Für viele Menschen ist Motorradfahren pure Leidenschaft und Ducati baut Emotionen! Der Land Rover Defender Station Wagon ist die leistungsfähige Zugmaschine und kombiniert faszinierende Offroad-Qualitäten mit zeitlosem Land Rover-Design. Neben der Motorhaube, die einen Blick auf den detaillierten Motorblock ermöglicht, können auch die Heck- und die Seitentüren geöffnet und die Rücksitzbank herausgenommen bzw. die Anhängekupplung abgenommen werden. Durch die Federung beider Achsen wird auch beim Spielen jedes Terrain mit Leichtigkeit gemeistert. Zudem ist die Vorderachse durch die Zusatzlenksäule (im Lieferumfang enthalten) lenkbar und erlaubt so eine spielerische Kontrolle über das Fahrzeug. Das Modell der Ducati Scrambler Full Throttle ist ein Retrobike im Stile der Flat Track Racer und übernimmt auch die typischen Designelemente wie die Sitzbank, oder den kurzen Auspuff. Für den Transport des Motorrads dient dabei ein Anhänger im modernen Design, der über eine herunterklappbare Auffahrrampe und vorne als auch hinten über Stützfüsse verfügt. Fixiert wird die Ducati auf dem Anhänger, vom top ausgestatteten Fahrer, mit den mitgelieferten Transporthalterungen. Fahrerhaus: - Kabinenscheiben aus transparentem und bruchsicherem Kunststoff Fahrzeugaufbau: - Ersatzrad an der zu öffnende Hecktür - herausnehmbare Rücksitzbank - Motorhaube zum Öffnen - Türen zum Öffnen Fahrwerk: - Gefederte Front- (lenkbar) und Heckachse - inkl. abnehmbarer Anhängekupplung Inhalt: - Anhänger im modernen Design mit herunterklappbarer Heckklappe, Stützen vorne und hinten, sowie 2 Transporthalterungen, die auf der Plattform angebracht werden können - Motorrad mit lenkbarer Vordergabel, gefederte Schwinge hinten und ausklappbarer Seitenständer - Fahrer mit Stilechter Bekleidung, Helm und Handschuhen Allgemein: - Altersempfehlung: ab 4 Jahren zum Spielen für Innen und Aussen geeignet - hergestellt aus hochwertigen Kunststoffen wie z.B. ABS - Kompatibel mit Figur - Massstab 1:16 Details Marke: Bruder Spielwaren Farbe: grün Warum bei LuxeStyle kaufen? 🇨🇭 Versand aus der Schweiz – Lieferung in nur 1–2 Werktagen (DPD) ↩️ 30 Tage Rückgaberecht 🔒 Kauf auf Rechnung mit Klarna · TWINT · Karten · PayPal · Apple Pay 💬 Schweizer Support: info@luxestyle.ch	https://luxestyle.ch/products/land-rover-defender-mit-anhanger-und-scram-fga02589?variant=55970886156673	https://cdn.shopify.com/s/files/1/0943/6856/3585/files/02589_1_b306680f-3f89-4710-a44d-9ed696777fd3.jpg?v=1784843602		79.90 CHF	in stock	38	4001702025892	LuxeStyle	new	Spielzeug & Spiele	1-3 Werktage (Lager Schweiz)
fortura-02592	land-rover-defender-station-wagon-mit-pfer-fga02592	Land Rover Defender Station Wagon mit Pferdeanhänger und 1 Pferd	Faszinierende Offroad-Qualitäten kombiniert mit zeitlosem Land Rover-Design bietet der neue Defender von BRUDER. Wie alle Fahrzeuge wurde auch dieses Modell detailgetreu dem Original nachempfunden. Nicht nur die Fans der Marke Land Rover wird das entstandene Modell durch überraschende Details, wie z.B. das erhabene Strukturblech auf der Motorhaube und die zahlreichen bespielbaren Funktionen, überzeugen. Neben der Motorhaube, die einen Blick auf den detaillierten Motorblock ermöglicht, können auch die Heck- und die Seitentüren geöffnet und die Rücksitzbank herausgenommen bzw. die Anhängekupplung abgenommen werden. Durch die Federung beider Achsen wird auch beim Spielen jedes Terrain mit Leichtigkeit gemeistert. Zudem ist die Vorderachse durch die von BRUDER-Traktoren bekannte Zusatzlenksäule (im Lieferumfang enthalten) lenkbar und erlaubt so eine spielerische Kontrolle über das Fahrzeug. Die Kombination aus offroad-Tauglichkeit, schickem Design und dem anhängenden Pferdeanhänger macht dieses Fahrzeug besonders attraktiv für alle Reitsport-Fans. FAHRERHAUS: - Kabinenscheiben aus transparentem und hochwertigem Polycarbonat FAHRZEUGAUFBAU: - eine ausklappbare Motorhaubenstütze ermöglicht den Blick auf den detaillierten Motorblock - Ersatzrad an der Heckklappe - herausnehmbare Rücksitzbank - Motorhaube zum Öffnen INKL. PFERDEANHäNGER , ART.-NR. 02028: - Seitentür zum Öffnen - abklappbare Rampe - absetzbarer Stützfuss mittels Kurbel FAHRWERK: - Gefederte Front- (lenkbar) und Heckachse - inkl. abnehmbarer Anhängekupplung ALLGEMEIN: - Kompatibel mit Figur - Altersempfehlung: ab 3 Jahren zum Spielen für Innen und Aussen geeignet - hergestellt aus hochwertigen Kunststoffen wie z.B. ABS - Massstab 1:16 Details Marke: Bruder Spielwaren Lieferumfang: 1 Stück Warum bei LuxeStyle kaufen? 🇨🇭 Versand aus der Schweiz – Lieferung in nur 1–2 Werktagen (DPD) ↩️ 30 Tage Rückgaberecht 🔒 Kauf auf Rechnung mit Klarna · TWINT · Karten · PayPal · Apple Pay 💬 Schweizer Support: info@luxestyle.ch	https://luxestyle.ch/products/land-rover-defender-station-wagon-mit-pfer-fga02592?variant=55970886254977	https://cdn.shopify.com/s/files/1/0943/6856/3585/files/15470020919681-quadrat.jpg?v=1787775838	https://cdn.shopify.com/s/files/1/0943/6856/3585/files/02592_1_797b9c1d-b845-4d53-a153-cdc32b757623.jpg?v=1784843603	64.90 CHF	in stock	70	4001702025922	LuxeStyle	new	Spielzeug & Spiele	1-3 Werktage (Lager Schweiz)
fortura-02670	bruder-mb-sprinter-transfer-fga02670	BRUDER MB Sprinter Transfer	BRUDER MB Sprinter Transfer – hochwertige Qualität ab Schweizer Lager. Details Marke: Bruder Spielwaren Warum bei LuxeStyle kaufen? 🇨🇭 Versand aus der Schweiz – Lieferung in nur 1–2 Werktagen (DPD) ↩️ 30 Tage Rückgaberecht 🔒 Kauf auf Rechnung mit Klarna · TWINT · Karten · PayPal · Apple Pay 💬 Schweizer Support: info@luxestyle.ch	https://luxestyle.ch/products/bruder-mb-sprinter-transfer-fga02670?variant=55970886582657	https://cdn.shopify.com/s/files/1/0943/6856/3585/files/02670_1_7483995c-ee58-4257-a46b-4da9f1219183.jpg?v=1784843612	https://cdn.shopify.com/s/files/1/0943/6856/3585/files/02670_2.jpg?v=1784967828,https://cdn.shopify.com/s/files/1/0943/6856/3585/files/02670_3.jpg?v=1784967828	64.90 CHF	in stock	58	4001702026707	LuxeStyle	new	Spielzeug & Spiele	1-3 Werktage (Lager Schweiz)
fortura-02036	bruder-fliegl-fassanhanger-fga02036	BRUDER Fliegl Fassanhänger	BRUDER Fliegl Fassanhänger – hochwertige Qualität ab Schweizer Lager. Details Marke: Bruder Spielwaren Warum bei LuxeStyle kaufen? 🇨🇭 Versand aus der Schweiz – Lieferung in nur 1–2 Werktagen (DPD) ↩️ 30 Tage Rückgaberecht 🔒 Kauf auf Rechnung mit Klarna · TWINT · Karten · PayPal · Apple Pay 💬 Schweizer Support: info@luxestyle.ch	https://luxestyle.ch/products/bruder-fliegl-fassanhanger-fga02036?variant=55970886746497	https://cdn.shopify.com/s/files/1/0943/6856/3585/files/02036_4.jpg?v=1784967836	https://cdn.shopify.com/s/files/1/0943/6856/3585/files/02036_1_44e350a6-1335-4f3f-b267-178dfdf98f93.jpg?v=1784843616,https://cdn.shopify.com/s/files/1/0943/6856/3585/files/02036_2.jpg?v=1784967837,https://cdn.shopify.com/s/files/1/0943/6856/3585/files/02036_3.jpg?v=1784967836,https://cdn.shopify.com/s/files/1/0943/6856/3585/files/02036_5.jpg?v=1784967837	65.90 CHF	in stock	172	4001702020361	LuxeStyle	new	Spielzeug & Spiele	1-3 Werktage (Lager Schweiz)
fortura-02676	bruder-mb-sprinter-ambulanz-m-fga02676	BRUDER MB Sprinter Ambulanz m.	BRUDER MB Sprinter Ambulanz m. – hochwertige Qualität ab Schweizer Lager. Details Marke: Bruder Spielwaren Warum bei LuxeStyle kaufen? 🇨🇭 Versand aus der Schweiz – Lieferung in nur 1–2 Werktagen (DPD) ↩️ 30 Tage Rückgaberecht 🔒 Kauf auf Rechnung mit Klarna · TWINT · Karten · PayPal · Apple Pay 💬 Schweizer Support: info@luxestyle.ch	https://luxestyle.ch/products/bruder-mb-sprinter-ambulanz-m-fga02676?variant=55970886812033	https://cdn.shopify.com/s/files/1/0943/6856/3585/files/15470021476737-quadrat.jpg?v=1787775861	https://cdn.shopify.com/s/files/1/0943/6856/3585/files/02676_1_1e3aac24-c34a-4f37-b941-2bed4c96bac8.jpg?v=1784843616,https://cdn.shopify.com/s/files/1/0943/6856/3585/files/02676_2.jpg?v=1784967842,https://cdn.shopify.com/s/files/1/0943/6856/3585/files/02676_3.jpg?v=1784967842,https://cdn.shopify.com/s/files/1/0943/6856/3585/files/02676_4.jpg?v=1784967841	72.90 CHF	in stock	118	4001702026769	LuxeStyle	new	Spielzeug & Spiele	1-3 Werktage (Lager Schweiz)
fortura-02679	bruder-mb-sprinter-fga02679	BRUDER MB Sprinter – mit Hubarbeitsbühne	BRUDER MB Sprinter – hochwertige Qualität ab Schweizer Lager. Details Marke: Bruder Spielwaren Warum bei LuxeStyle kaufen? 🇨🇭 Versand aus der Schweiz – Lieferung in nur 1–2 Werktagen (DPD) ↩️ 30 Tage Rückgaberecht 🔒 Kauf auf Rechnung mit Klarna · TWINT · Karten · PayPal · Apple Pay 💬 Schweizer Support: info@luxestyle.ch	https://luxestyle.ch/products/bruder-mb-sprinter-fga02679?variant=55970886910337	https://cdn.shopify.com/s/files/1/0943/6856/3585/files/02679_1.jpg?v=1784843618	https://cdn.shopify.com/s/files/1/0943/6856/3585/files/02679_3.jpg?v=1784967849,https://cdn.shopify.com/s/files/1/0943/6856/3585/files/02679_4.jpg?v=1784967848,https://cdn.shopify.com/s/files/1/0943/6856/3585/files/02679_5.jpg?v=1784967848	83.90 CHF	in stock	54	4001702026790	LuxeStyle	new	Spielzeug & Spiele	1-3 Werktage (Lager Schweiz)
fortura-02682	bruder-mb-sprinter-kommunale-fga02682	BRUDER MB Sprinter Kommunale	BRUDER MB Sprinter Kommunale – hochwertige Qualität ab Schweizer Lager. Details Marke: Bruder Spielwaren Warum bei LuxeStyle kaufen? 🇨🇭 Versand aus der Schweiz – Lieferung in nur 1–2 Werktagen (DPD) ↩️ 30 Tage Rückgaberecht 🔒 Kauf auf Rechnung mit Klarna · TWINT · Karten · PayPal · Apple Pay 💬 Schweizer Support: info@luxestyle.ch	https://luxestyle.ch/products/bruder-mb-sprinter-kommunale-fga02682?variant=55970886975873	https://cdn.shopify.com/s/files/1/0943/6856/3585/files/02682_4.jpg?v=1784967851	https://cdn.shopify.com/s/files/1/0943/6856/3585/files/02682_1_32f6c5e4-ec30-49c5-ba75-c6d20f8f549f.jpg?v=1784843621,https://cdn.shopify.com/s/files/1/0943/6856/3585/files/02682_2.jpg?v=1784967851,https://cdn.shopify.com/s/files/1/0943/6856/3585/files/02682_3.jpg?v=1784967851	63.90 CHF	in stock	61	4001702026820	LuxeStyle	new	Spielzeug & Spiele	1-3 Werktage (Lager Schweiz)
fortura-02057	john-deere-6920-mit-wannenkippanhanger-fga02057	John Deere 6920 mit Wannenkippanhänger	Der John Deere 6920 ist ein leistungsstarker und zuverlässiger Helfer in der Landwirtschaft. Auch im Sortiment von BRUDER ist dieses Modell nicht mehr wegzudenken. Die Motorhaube kann geöffnet werden und gibt so den Blick auf den Motorblock frei. Die Lenkung der geländegängigen Pendelvorderachse kann sowohl direkt über das Lenkrad im Fahrerhaus, als auch über eine mitgelieferte Lenkstangenverlängerung erfolgen, welche die Kinder durch das Schiebedach im Fahrerhaus auf das Lenkrad stecken können. Die Mulde des Wannenkippanhängers ist zum Hochklappen, wobei sich die Rückwand automatisch öffnet. Bei umstecken des Gestänges, kann der Getreideauslaufschieber verwendet werden. Profilreifen runden das Bild ab. Alle der zahlreich vorhandenen Anhänger und Anhängegeräte der Profi-Serie können mit dem John Deere 6920 Traktor kombiniert werden, um den kleinen Landwirten das Bestellen der Felder und damit die Produktion landwirtschaftlicher Erzeugnisse begreifbar zu machen. Fahrzeugaufbau: - abnehmbares Frontgewicht - Motorhaube zum Öffnen Fahrwerk: - lenkbare und geländegängige Pendelvorderachse Bewegung/Funktion: - lenkbar mit Zusatzlenkstange durch Traktorschiebedach inkl. Wannenkippanhänger mit Automatikrückwand, Art.-Nr. 02211: - automatisches Öffnen der Rückwand beim Hochklappen - kippbare Mulde - klappbarer Stützfuss - Profilreifen Allgemein: - Altersempfehlung: ab 3 Jahren zum Spielen für Innen und Aussen geeignet - hergestellt aus hochwertigen Kunststoffen wie z.B. ABS - Massstab 1:16 Details Marke: Bruder Spielwaren Farbe: rot Anlass: Geburtstagsparty Kinder Lieferumfang: 1 Spielzeugtraktor Warum bei LuxeStyle kaufen? 🇨🇭 Versand aus der Schweiz – Lieferung in nur 1–2 Werktagen (DPD) ↩️ 30 Tage Rückgaberecht 🔒 Kauf auf Rechnung mit Klarna · TWINT · Karten · PayPal · Apple Pay 💬 Schweizer Support: info@luxestyle.ch	https://luxestyle.ch/products/john-deere-6920-mit-wannenkippanhanger-fga02057?variant=55970887041409	https://cdn.shopify.com/s/files/1/0943/6856/3585/files/15470021706113-quadrat.jpg?v=1787775869	https://cdn.shopify.com/s/files/1/0943/6856/3585/files/02057_1_a1aaeb9e-4219-462f-9826-7c13993becea.jpg?v=1784843622,https://cdn.shopify.com/s/files/1/0943/6856/3585/files/02057_2.jpg?v=1784967853	59.90 CHF	in stock	19	4001702020576	LuxeStyle	new	Spielzeug & Spiele	1-3 Werktage (Lager Schweiz)
fortura-02685	bruder-mb-sprinter-police-fga02685	BRUDER MB Sprinter Police	BRUDER MB Sprinter Police – hochwertige Qualität ab Schweizer Lager. Details Marke: Bruder Spielwaren Warum bei LuxeStyle kaufen? 🇨🇭 Versand aus der Schweiz – Lieferung in nur 1–2 Werktagen (DPD) ↩️ 30 Tage Rückgaberecht 🔒 Kauf auf Rechnung mit Klarna · TWINT · Karten · PayPal · Apple Pay 💬 Schweizer Support: info@luxestyle.ch	https://luxestyle.ch/products/bruder-mb-sprinter-police-fga02685?variant=55970887074177	https://cdn.shopify.com/s/files/1/0943/6856/3585/files/02685_1_8f306fd5-6f86-49a4-944a-3bf6fbf1f0ce.jpg?v=1784843625	https://cdn.shopify.com/s/files/1/0943/6856/3585/files/02685_2.jpg?v=1784967858,https://cdn.shopify.com/s/files/1/0943/6856/3585/files/02685_3.jpg?v=1784967858	73.90 CHF	in stock	35	4001702026851	LuxeStyle	new	Spielzeug & Spiele	1-3 Werktage (Lager Schweiz)
fortura-02120	claas-lexion-480-mahdrescher-fga02120	Claas Lexion 480 Mähdrescher	Das bewegliche abnehmbare Pendelschneidewerk mit Einzugswalze des Claas Lexion 480 Mähdreschers kann hochgeklappt und arretiert werden. Der Strohhäcksler ist ebenfalls zum Hochklappen und das Kornrohr ausschwenkbar. Die Korntankklappen und -schieber können geöffnet, der Rotationsfilter nach oben geschwenkt und das abnehmbare Pendelschneidewerk auf dem beiliegenden Wagen nachgezogen werden. Profilreifen runden das Bild ab. FAHRZEUGAUFBAU: - ausschwenkbares Kornrohr - bewegliches, abnehmbares Pendelschneidewerk - hochklappbarer Strohhäcksler - Korntankklappen und -schieber zum öffnen - nach oben schwenkbarer Rotationsfilter FAHRWERK: - Profilreifen ALLGEMEIN: - Achtung! Nicht für Kinder unter 36 Monaten geeignet. Erstickungsgefahr wegen verschluckbarer Kleinteile. - Altersempfehlung: ab 3 Jahren zum Spielen für Innen und Aussen geeignet - hergestellt aus hochwertigen Kunststoffen wie z.B. ABS - Massstab 1:16 Details Marke: Bruder Spielwaren Farbe: grün Lieferumfang: 1 Stück Warum bei LuxeStyle kaufen? 🇨🇭 Versand aus der Schweiz – Lieferung in nur 1–2 Werktagen (DPD) ↩️ 30 Tage Rückgaberecht 🔒 Kauf auf Rechnung mit Klarna · TWINT · Karten · PayPal · Apple Pay 💬 Schweizer Support: info@luxestyle.ch	https://luxestyle.ch/products/claas-lexion-480-mahdrescher-fga02120?variant=55970887270785	https://cdn.shopify.com/s/files/1/0943/6856/3585/files/02120_5.jpg?v=1784967861	https://cdn.shopify.com/s/files/1/0943/6856/3585/files/02120_1_01467992-607f-4af7-bf48-bbcd38be24fe.jpg?v=1784843626,https://cdn.shopify.com/s/files/1/0943/6856/3585/files/02120_2.jpg?v=1784967861,https://cdn.shopify.com/s/files/1/0943/6856/3585/files/02120_3.jpg?v=1784967861,https://cdn.shopify.com/s/files/1/0943/6856/3585/files/02120_4.jpg?v=1784967861	59.90 CHF	in stock	57	4001702021207	LuxeStyle	new	Spielzeug & Spiele	1-3 Werktage (Lager Schweiz)
fortura-02751	man-tga-kipp-lkw-mit-liebherr-schaufelbagg-fga02751	MAN TGA Kipp-LKW mit Liebherr Schaufelbagger	Erde mit dem Bagger bewegen, damit den Kippanhänger beladen und direkt abtransportieren. All das geht mit diesem Set, bestehend aus Liebherr Bagger und MAN Kipplaster, im Handumdrehen. Die Bordwände des Kipplastwagens sind nach drei Seiten klappbar, um die transportierte Last in alle drei Richtungen abladen zu können. Zudem kann die Mulde gekippt und arretiert werden. Der Baggerarm des Liebherr Schaufelbaggers ist voll funktionsfähig und der Bagger kann um 360° auf dem Unterwagen gedreht werden, wobei zwei Stützen sicheren Stand bieten. Um die Spielmöglichkeiten zu erweitern, kann der Kipplastwagen mit dem Light and Sound Module (Art.-Nr.: 02801) durch einfaches Aufstecken des Moduls ausgestattet werden (nicht im Lieferumfang enthalten). FAHRERHAUS: - Kabinenscheiben aus transparentem und hochwertigem Polycarbonat - kippbares Fahrerhaus - klappbare Aussenspiegel - Sicht auf den Motorblock möglich FAHRZEUGAUFBAU: - kipp- und arretierbare Mulde - klappbare Bordwand INKL. LIEBHERR SCHAUFELBAGGER, ART.-NR. 02426: - Fahrerhaus um 360° drehbar - ausklappbare Stützen - voll funktionsfähiger Baggeram durch Betätigen des Handhebels FAHRWERK: - Profilreifen ALLGEMEIN: - Altersempfehlung: ab 3 Jahren zum Spielen für Innen und Aussen geeignet - hergestellt aus hochwertigen Kunststoffen wie z.B. ABS - Massstab 1:16 Details Marke: Bruder Spielwaren Lieferumfang: 1 Stück Warum bei LuxeStyle kaufen? 🇨🇭 Versand aus der Schweiz – Lieferung in nur 1–2 Werktagen (DPD) ↩️ 30 Tage Rückgaberecht 🔒 Kauf auf Rechnung mit Klarna · TWINT · Karten · PayPal · Apple Pay 💬 Schweizer Support: info@luxestyle.ch	https://luxestyle.ch/products/man-tga-kipp-lkw-mit-liebherr-schaufelbagg-fga02751?variant=55970887303553	https://cdn.shopify.com/s/files/1/0943/6856/3585/files/02751_1_0bcb0cbe-124c-4a75-aece-76cfd4f17197.jpg?v=1784843628		65.90 CHF	in stock	40	4001702027513	LuxeStyle	new	Spielzeug & Spiele	1-3 Werktage (Lager Schweiz)
fortura-02129	manitou-teleskopstapler-mrt-2150-mit-zubeh-fga02129	Manitou Teleskopstapler MRT 2150 mit Zubehör	Der Manitou MRT 2150 PRIVILEGE Teleskopstapler ist eine Baumaschine, die für den universellen Einsatz auf Baustellen gedacht ist, um Materialien an nahezu jede Stelle der Baustelle bringen zu können. Das BRUDER Modell zeichnet sich durch eine Vielzahl von Funktionen wie beim Original aus. Der teleskopierende Arm kann ausgefahren werden und das Neigungsniveau der mitgelieferten Staplergabeln kann gemäss dem Armwinkel beliebig angepasst werden. Die Staplergabeln lassen sich auch gegen eine Schaufel (mitgeliefert) austauschen, oder durch weiteres von BRUDER verfügbares Zubehör aufrüsten, um die Funktionalität zu erweitern. Der Aufbau des Staplers ist selbstverständlich um 360° drehbar um Material nach allen Seiten zu verteilen. Die benötigte Standfestigkeit wird wie beim Original durch 4 teleskopierende Stützen sichergestellt. Eine Besonderheit stellt die 4-Radlenkung (kleiner Wendekreis) dar. Um das Handrad der Lenkbetätigung leicht erreichbar und spielgerecht anzuordnen, wurde dieses auf dem drehbaren Aufbau hinter der zu öffnenden Fahrerkabine platziert. Die Lenkbewegung wird also mit einem Getriebe über den Drehkranz des drehbaren Aufbaus auf das Lenkgestänge im Fahrgestell übertragen  für Spielzeug eine innovative und dem Spielwert besonders gerecht werdende Lösung. Damit ist dieses Modell wieder ein Highlight an kindgerechter Bedienung mit zahlreichen Spielfunktionen. Fahrerhaus: - Kabine um 360° schwenkbar - Seitentür zum Öffnen Fahrzeugaufbau: - ausfahr- und höhenverstellbarer Teleskoparm - ausfahrbare Stützen - Austausch der Schaufel gegen andere Werkzeuge möglich - Motorhaube zum Öffnen - verstell- und abnehmbarer Schaufelgreifer Inhalt: - Trägerplatte mit zwei Staplergabeln und vier runden Gabeln - 1 Gitterpalette Fahrwerk: - inkl. abnehmbarer Anhängekupplung - Profilreifen Allgemein: - Kompatibel mit Figur - Achtung! Nicht für Kinder unter 36 Monaten geeignet. Erstickungsgefahr wegen verschluckbarer Kleinteile. - Altersempfehlung: ab 4 Jahren zum Spielen für Innen und Aussen geeignet - hergestellt aus hochwertigen Kunststoffen wie z.B. ABS - Massstab 1:16 Details Marke: Bruder Spielwaren Farbe: rot Lieferumfang: 1 Stück Warum bei LuxeStyle kaufen? 🇨🇭 Versand aus der Schweiz – Lieferung in nur 1–2 Werktagen (DPD) ↩️ 30 Tage Rückgaberecht 🔒 Kauf auf Rechnung mit Klarna · TWINT · Karten · PayPal · Apple Pay 💬 Schweizer Support: info@luxestyle.ch	https://luxestyle.ch/products/manitou-teleskopstapler-mrt-2150-mit-zubeh-fga02129?variant=55970887369089	https://cdn.shopify.com/s/files/1/0943/6856/3585/files/15470022033793-quadrat.jpg?v=1787775875	https://cdn.shopify.com/s/files/1/0943/6856/3585/files/02129_1_1255c303-5920-4547-91b2-cbda1c9b61ae.jpg?v=1784843629,https://cdn.shopify.com/s/files/1/0943/6856/3585/files/02129_2.jpg?v=1784967864,https://cdn.shopify.com/s/files/1/0943/6856/3585/files/02129_3.jpg?v=1784967864,https://cdn.shopify.com/s/files/1/0943/6856/3585/files/02129_4.jpg?v=1784967863	84.00 CHF	in stock	26	4001702021290	LuxeStyle	new	Spielzeug & Spiele	1-3 Werktage (Lager Schweiz)
fortura-02132	john-deere-mahdrescher-t670i-fga02132	John Deere Mähdrescher T670i	John Deere, der Weltmarktführer bei Traktoren, führt im Produktprogramm auch Mähdrescher. Neu entwickelt wurde bei diesen Erntemaschinen die T-Serie, wobei die Ausführung T 670i das Top-Modell in Leistung und Ausstattung darstellt. Gleiches gilt für das komplett neu entwickelte BRUDER Modell, ein Meilenstein bei der Realisierung technisch anspruchsvollen Spielzeugs. Obwohl die hocheffiziente Technik dieser imposanten Maschinen für den aussenstehenden Betrachter meistens im Verborgenen arbeitet ist es für Kinder immer wieder ein grandioses Schauspiel diesen Mähdreschern beim Ernteeinsatz zu zusehen. BRUDER gelingt es mit dem neuen John Deere Mähdrescher diese Technik erlebbar und begreifbar zu machen. Unsere kleinen Landwirte werden begeistert sein von der einfachen Lenkbarkeit dieses grossen Erntegerätes sowie von der Möglichkeit den Korntank über eine Entleerrohr zu entleeren. Weitere realistische Details wie zu öffnende Kabinentür, zahlreiche zu öffnende Deckel, ein abbaubares, pendelnd aufgehängtes Schneidwerk mit Niveauausgleich - um nur einige zu nennen - garantieren enormen Spielspass. FAHRZEUGAUFBAU: - Achsschenkellenkung mit Pendelausgleich - Anhängerkupplung - Getreidetank zu öffnen mit selbstfaltenden Deckeln. - Korntankentleerung über Entleerrohr und Handspindelantrieb (rotes Griffstück) Spindel demontierbar zum säubern - Schneidwerk mit Niveuausgleich pendelnd aufgehängt und abnehmbar. BEWEGUNG/FUNKTION: - Schneidwerkfunktionen: Haspel und Zentrierschnecke über Reibradantrieb ALLGEMEIN: - Kompatibel mit Figur - Achtung! Nicht für Kinder unter 36 Monaten geeignet. Erstickungsgefahr wegen verschluckbarer Kleinteile. - Altersempfehlung: ab 4 Jahren zum Spielen für Innen und Aussen geeignet - hergestellt aus hochwertigen Kunststoffen wie z.B. ABS - Massstab 1:16 Details Marke: Bruder Spielwaren Farbe: grün Lieferumfang: 1 Stück Warum bei LuxeStyle kaufen? 🇨🇭 Versand aus der Schweiz – Lieferung in nur 1–2 Werktagen (DPD) ↩️ 30 Tage Rückgaberecht 🔒 Kauf auf Rechnung mit Klarna · TWINT · Karten · PayPal · Apple Pay 💬 Schweizer Support: info@luxestyle.ch	https://luxestyle.ch/products/john-deere-mahdrescher-t670i-fga02132?variant=55970887500161	https://cdn.shopify.com/s/files/1/0943/6856/3585/files/02132_1_140cbcf3-3425-4c19-a496-9a0fe4bc2d5a.jpg?v=1784843631		104.50 CHF	in stock	236	4001702021320	LuxeStyle	new	Spielzeug & Spiele	1-3 Werktage (Lager Schweiz)
fortura-33514	plusch-hund-australian-shepherd-fga33514	Plüsch Hund Australian Shepherd	Mit der täuschend echten Imitation dieser hübschen Rasse kommen Hundefans voll auf ihre Kosten. Details Marke: Unitoys Masse: 60cm Anlass: Tiere Warum bei LuxeStyle kaufen? 🇨🇭 Versand aus der Schweiz – Lieferung in nur 1–2 Werktagen (DPD) ↩️ 30 Tage Rückgaberecht 🔒 Kauf auf Rechnung mit Klarna · TWINT · Karten · PayPal · Apple Pay 💬 Schweizer Support: info@luxestyle.ch	https://luxestyle.ch/products/plusch-hund-australian-shepherd-fga33514?variant=55970887532929	https://cdn.shopify.com/s/files/1/0943/6856/3585/files/33514_1_ff1bbe6f-7a0d-4f23-9d37-b8f1d6e4eb12.jpg?v=1784843633	https://cdn.shopify.com/s/files/1/0943/6856/3585/files/33514_2.jpg?v=1784967869,https://cdn.shopify.com/s/files/1/0943/6856/3585/files/33514_3.jpg?v=1784967869	88.90 CHF	in stock	35	4028667190564	LuxeStyle	new	Spielzeug & Spiele	1-3 Werktage (Lager Schweiz)
fortura-02135	john-deere-1270-g-harvester-mit-1-baumstam-fga02135	John Deere 1270 g Harvester mit 1 Baumstamm	John Deere hat eine lange Historie im Bereich der Forstwirtschaft. Darauf aufbauend sind die Harvester der Serie G auf höchste Produktivität, beste Verfügbarkeit und optimierte Wirtschaftlichkeit ausgelegt. Die 8-Rad Variante des 1270 G bietet hier maximale Standfähigkeit und Steigfähigkeit in schwierigem Terrain. Diese beeindruckende Erntemaschine, gibt es nun in höchster detailtreue neu in der Forstthemenwelt von BRUDER. Die Fahrerkabine ist drehbar und über die zu öffnende Türe, erreicht die optional erhältliche bworld Figur, Zugang zum hoch modernen Cockpit. Das Fahrwerk ist mit Pendelachsen und Profilreifen für schwierige Einsätze bestens ausgerüstet. Am voll beweglichen Kranarm befindet sich das detaillierte Harvester Aggregat. Dieses ist mit beweglichen Zangen, Transportrollen und Sägeeinheit ausgerüstet. Kinder können sofort sehr realitätsnah mit der Holzernte beginnen, denn im Lieferumfang befindet sich ein Baumstamm samt abnehmbarem Wurzelstock. Als perfekte Ergänzung zu diesem tollen Fahrzeug gibt es bei BRUDER den bworld Forstarbeiter (Art.-Nr. 60030) und den MACK Holztransport-LKW (Art.-Nr. 02824) im Angebot. Fahrerhaus: - abklappbare Treppe - Kabine um 360° schwenkbar - Kabinenscheiben aus transparentem und bruchsicherem Kunststoff - Türen zum Öffnen Fahrzeugaufbau: - Kranaufbau um 190° drehbar - abnehmbares Harvester-Aggregat mit beweglichen Zangen, Transportrollen und Sägeeinheit Inhalt: - 1 Baumstamm mit Wurzel im Lieferumfang enthalten Fahrwerk: - geländegängige Pendelachse - Profilreifen Allgemein: - Altersempfehlung: ab 4 Jahren zum Spielen für Innen und Aussen geeignet - hergestellt aus hochwertigen Kunststoffen wie z.B. ABS - Kompatibel mit Figur - Massstab 1:16 Details Marke: Bruder Spielwaren Warum bei LuxeStyle kaufen? 🇨🇭 Versand aus der Schweiz – Lieferung in nur 1–2 Werktagen (DPD) ↩️ 30 Tage Rückgaberecht 🔒 Kauf auf Rechnung mit Klarna · TWINT · Karten · PayPal · Apple Pay 💬 Schweizer Support: info@luxestyle.ch	https://luxestyle.ch/products/john-deere-1270-g-harvester-mit-1-baumstam-fga02135?variant=55970887631233	https://cdn.shopify.com/s/files/1/0943/6856/3585/files/02135_4.jpg?v=1784967871	https://cdn.shopify.com/s/files/1/0943/6856/3585/files/02135_1_0eba1905-191d-4a0d-8dcc-be07008d3d19.jpg?v=1784843634,https://cdn.shopify.com/s/files/1/0943/6856/3585/files/02135_2.jpg?v=1784967871,https://cdn.shopify.com/s/files/1/0943/6856/3585/files/02135_3.jpg?v=1784967871	96.90 CHF	in stock	80	4001702021351	LuxeStyle	new	Spielzeug & Spiele	1-3 Werktage (Lager Schweiz)
fortura-02772	bruder-man-tga-mull-lkw-fga02772	BRUDER MAN TGA Müll LKW	BRUDER MAN TGA Müll LKW – hochwertige Qualität ab Schweizer Lager. Details Marke: Bruder Spielwaren Warum bei LuxeStyle kaufen? 🇨🇭 Versand aus der Schweiz – Lieferung in nur 1–2 Werktagen (DPD) ↩️ 30 Tage Rückgaberecht 🔒 Kauf auf Rechnung mit Klarna · TWINT · Karten · PayPal · Apple Pay 💬 Schweizer Support: info@luxestyle.ch	https://luxestyle.ch/products/bruder-man-tga-mull-lkw-fga02772?variant=55970887696769	https://cdn.shopify.com/s/files/1/0943/6856/3585/files/15470022361473-quadrat.jpg?v=1787775883	https://cdn.shopify.com/s/files/1/0943/6856/3585/files/02772_1_3d33b2bf-d458-4dfd-b74e-1afa12f7488f.jpg?v=1784843635	67.90 CHF	in stock	25	4001702027728	LuxeStyle	new	Spielzeug & Spiele	1-3 Werktage (Lager Schweiz)
fortura-02814	mack-granite-betonmisch-lkw-fga02814	MACK Granite Betonmisch-LKW	Die realistische Fahrerhauskabine mit Türen zum Öffnen, kippbarer Motorhaube, was die Sicht auf den Motorblock ermöglicht, einklappbaren Rückspiegeln und vielen Anbauteilen mit Chromeffekt ist ein wahrer Hingucker nicht nur für Trucker-Fans.Die Trommel des Betonmischers kann durch eine im (Atrappe) versenkte und herausklappbare Handkurbel gedreht werden (Trommel mit Mischspirale). Je nach Drehrichtung wird Ladegut in die Trommel gefördert diese entleert. Die am Aufbau seitlich montierten Rutschen können zur Verlängerung an die heckseitige Betonrutsche angesteckt werden. FAHRERHAUS: - Front- und Heckscheibe - Kabinenscheiben aus transparentem und hochwertigem Polycarbonat - klappbare Aussenspiegel - Motorhaube zum Öffnen - Türen zum Öffnen FAHRZEUGAUFBAU: - 2 Auslaufbleche zum Anstecken - drehbare Mischtrommel - im versteckte ausklappbare Kurbel - Stossstange, Frontblende, Kühlerfigur, Rückspiegel, Auspuffe, Dachlichter, Fanfaren, Rahmenanbauteile mit Chromeffekt FAHRWERK: - Profilreifen ALLGEMEIN: - Kompatibel mit Figur - Altersempfehlung: ab 4 Jahren zum Spielen für Innen und Aussen geeignet - hergestellt aus hochwertigen Kunststoffen wie z.B. ABS - Massstab 1:16 Details Marke: Bruder Spielwaren Farbe: blau Lieferumfang: 1 Stück Warum bei LuxeStyle kaufen? 🇨🇭 Versand aus der Schweiz – Lieferung in nur 1–2 Werktagen (DPD) ↩️ 30 Tage Rückgaberecht 🔒 Kauf auf Rechnung mit Klarna · TWINT · Karten · PayPal · Apple Pay 💬 Schweizer Support: info@luxestyle.ch	https://luxestyle.ch/products/mack-granite-betonmisch-lkw-fga02814?variant=55970887893377	https://cdn.shopify.com/s/files/1/0943/6856/3585/files/02814_1_41d151d8-fbae-47fc-9f76-20aae9430f4e.jpg?v=1784843639		101.00 CHF	in stock	4	4001702028145	LuxeStyle	new	Spielzeug & Spiele	1-3 Werktage (Lager Schweiz)
fortura-03018	claas-axion-950-mit-raumschild-fga03018	Claas Axion 950 mit Räumschild	Claas Axion 950 mit Räumschild – hochwertige Qualität ab Schweizer Lager. Details Marke: Bruder Spielwaren Warum bei LuxeStyle kaufen? 🇨🇭 Versand aus der Schweiz – Lieferung in nur 1–2 Werktagen (DPD) ↩️ 30 Tage Rückgaberecht 🔒 Kauf auf Rechnung mit Klarna · TWINT · Karten · PayPal · Apple Pay 💬 Schweizer Support: info@luxestyle.ch	https://luxestyle.ch/products/claas-axion-950-mit-raumschild-fga03018?variant=55970888253825	https://cdn.shopify.com/s/files/1/0943/6856/3585/files/03018_3.jpg?v=1784967886	https://cdn.shopify.com/s/files/1/0943/6856/3585/files/03018_1_20533fdd-aaae-4286-8fe8-2fab606e0c54.jpg?v=1784843648,https://cdn.shopify.com/s/files/1/0943/6856/3585/files/03018_2.jpg?v=1784967885,https://cdn.shopify.com/s/files/1/0943/6856/3585/files/03018_4.jpg?v=1784967885,https://cdn.shopify.com/s/files/1/0943/6856/3585/files/03018_5.jpg?v=1784967885	67.90 CHF	in stock	87	4001702030186	LuxeStyle	new	Spielzeug & Spiele	1-3 Werktage (Lager Schweiz)
fortura-41605	kinder-elektro-traktor-rot-fga41605	Kinder Elektro Traktor rot	Kinder Elektro Traktor rot – hochwertige Qualität ab Schweizer Lager. Ausstattung (Herstellerangabe): inkl. Anhänger und Warnleuchte Warum bei LuxeStyle kaufen? 🇨🇭 Versand aus der Schweiz – Lieferung in nur 1–2 Werktagen (DPD) ↩️ 30 Tage Rückgaberecht 🔒 Kauf auf Rechnung mit Klarna · TWINT · Karten · PayPal · Apple Pay 💬 Schweizer Support: info@luxestyle.ch	https://luxestyle.ch/products/kinder-elektro-traktor-rot-fga41605?variant=55970888647041	https://cdn.shopify.com/s/files/1/0943/6856/3585/files/15470023311745-quadrat.jpg?v=1787775909	https://cdn.shopify.com/s/files/1/0943/6856/3585/files/41605_1_25e995c8-9e71-4df4-a4a6-7a5265175734.jpg?v=1784843655,https://cdn.shopify.com/s/files/1/0943/6856/3585/files/41605_2.jpg?v=1784967896,https://cdn.shopify.com/s/files/1/0943/6856/3585/files/41605_3.jpg?v=1784967897	465.90 CHF	in stock	1	4251814630259	LuxeStyle	new	Spielzeug & Spiele	1-3 Werktage (Lager Schweiz)
fortura-41665	plusch-berner-sennenhund-70-cm-fga41665	Plüsch Berner Sennenhund 70 cm	Plüsch Berner Sennenhund 70 cm – hochwertige Qualität ab Schweizer Lager. Warum bei LuxeStyle kaufen? 🇨🇭 Versand aus der Schweiz – Lieferung in nur 1–2 Werktagen (DPD) ↩️ 30 Tage Rückgaberecht 🔒 Kauf auf Rechnung mit Klarna · TWINT · Karten · PayPal · Apple Pay 💬 Schweizer Support: info@luxestyle.ch ⚠️ Achtung! Nicht für Kinder unter 36 Monaten geeignet. Erstickungsgefahr wegen verschluckbarer Kleinteile. Altersempfehlung: ab 3 Jahren.	https://luxestyle.ch/products/plusch-berner-sennenhund-70-cm-fga41665?variant=55970888876417	https://cdn.shopify.com/s/files/1/0943/6856/3585/files/41665_3.jpg?v=1784967908	https://cdn.shopify.com/s/files/1/0943/6856/3585/files/41665_1_0dbb949e-45e9-486b-9502-f9e2b25bef52.jpg?v=1784843660,https://cdn.shopify.com/s/files/1/0943/6856/3585/files/41665_2.jpg?v=1784967908	91.90 CHF	in stock	9	4028667190809	LuxeStyle	new	Spielzeug & Spiele	1-3 Werktage (Lager Schweiz)
fortura-03198	case-ih-optum-300cvx-mit-frontlader-und-ba-fga03198	Case IH Optum 300CVX mit Frontlader und Ballentransportanhänger	Vor allem der Herbst ist die Zeit, in der die überall zu sehenden Silage- und Strohrundballen vom Bauern in den Stall, oder in die Scheune gebracht werden müssen. Für diese Tätigkeiten gibt es ein neues, faszinierendes Gespann von BRUDER. Die Optum Baureihe bietet leistungsstarke, kompakte und äusserst wendige Traktoren mit einem exzellenten Leistungsgewicht. Diese Modelle meistern jede Arbeit mit maximaler Leistung, Effizienz und Zuverlässigkeit und beeindrucken durch ihr neues Design. In Sachen Design, Funktionalität und Qualität steht das neue Modell von BRUDER im Massstab 1:16 dem Vorbild in nichts nach, getreu dem Motto - just like the real thing. Die Fahrerkabine ist voll verglast und die Türen sind einfach zu öffnen. Die aufklappbare Motorhaube gewährt Einblick auf den imposanten Motor. Ausgezeichnete Steuerbarkeit und Fahrkomfort werden durch die eingebaute Pendelachse und die durch das Schiebedach einsetzbare Lenkverlängerung erreicht. Für noch mehr Spielwert ist bei diesem Modell ein voll funktionsfähiger Frontlader montiert. Durch die höhenverstellbare Heckkupplung können alle Anhänger der Profiserie benutzt werden. Für noch mehr Spielspass sind die neuen, abnehmbaren Räder angebracht. Selbstverständlich passen an diesen Traktor alle landwirtschaftlichen Anhänger und landwirtschaftlichen Arbeitsgeräte aus dem Hause BRUDER. Der BRUDER Ballentransportanhänger zeichnet sich durch klappbare Begrenzungs-Rungen aus und wird mit 8 Rundballen ausgeliefert. Damit ist dieser Anhänger der perfekte Partner für den Ballentransport Zur Erweiterung des ohnehin schon grossen Spielwerts, kann aus dem grossen bworld Sortiment das Figurenset Landwirt (Art.-Nr. 62610) dazu kombiniert werden. Fahrerhaus: - Kabinenscheiben aus transparentem und bruchsicherem Kunststoff - Motorhaube zum Öffnen - Türen zum Öffnen Fahrzeugaufbau: - abnehmbares Frontgewicht - Anhängekupplung mit höhenverstellbarem Hubwerk - Aufnahme für Frontlader Fahrwerk: - geländegängige Pendelachse - lenkbare und geländegängige Pendelvorderachse - Profilreifen - Abnehmbare Räder Bewegung/Funktion: - lenkbar mit Zusatzlenkstange durch Traktorschiebedach Ballentransportanhänger: - umklappbare Belade-Rungen vorne und hinten zu Demontieren - ausklappbarer Stützfuss - 8 Rundballen - Profilreifen Allgemein: - Altersempfehlung: ab 3 Jahren zum Spielen für Innen und Aussen geeignet - hergestellt aus hochwertigen Kunststoffen wie z.B. ABS - Kompatibel mit Figur - Massstab 1:16 Details Marke: Bruder Spielwaren Farbe: rot Lieferumfang: 1 Stück Warum bei LuxeStyle kaufen? 🇨🇭 Versand aus der Schweiz – Lieferung in nur 1–2 Werktagen (DPD) ↩️ 30 Tage Rückgaberecht 🔒 Kauf auf Rechnung mit Klarna · TWINT · Karten · PayPal · Apple Pay 💬 Schweizer Support: info@luxestyle.ch	https://luxestyle.ch/products/case-ih-optum-300cvx-mit-frontlader-und-ba-fga03198?variant=55970888974721	https://cdn.shopify.com/s/files/1/0943/6856/3585/files/15470023639425-quadrat.jpg?v=1787775939	https://cdn.shopify.com/s/files/1/0943/6856/3585/files/03198_1_a08a2cef-c755-46b3-a9be-3488f7790030.jpg?v=1784843663	94.00 CHF	in stock	27	4001702031985	LuxeStyle	new	Spielzeug & Spiele	1-3 Werktage (Lager Schweiz)
fortura-03471	bruder-roadmax-kran-lkw-fga03471	BRUDER ROADMAX Kran LKW	BRUDER ROADMAX Kran LKW – hochwertige Qualität ab Schweizer Lager. Details Marke: Bruder Spielwaren Warum bei LuxeStyle kaufen? 🇨🇭 Versand aus der Schweiz – Lieferung in nur 1–2 Werktagen (DPD) ↩️ 30 Tage Rückgaberecht 🔒 Kauf auf Rechnung mit Klarna · TWINT · Karten · PayPal · Apple Pay 💬 Schweizer Support: info@luxestyle.ch	https://luxestyle.ch/products/bruder-roadmax-kran-lkw-fga03471?variant=55970897985921	https://cdn.shopify.com/s/files/1/0943/6856/3585/files/03471_1_94e86164-13c9-4579-b118-9399e6938d05.jpg?v=1784844301	https://cdn.shopify.com/s/files/1/0943/6856/3585/files/03471_3.jpg?v=1784967928,https://cdn.shopify.com/s/files/1/0943/6856/3585/files/03471_4.jpg?v=1784967928	69.90 CHF	in stock	72	4001702034719	LuxeStyle	new	Spielzeug & Spiele	1-3 Werktage (Lager Schweiz)
fortura-03552	scania-super-560r-abschlepp-lkw-mit-light-fga03552	Scania Super 560R Abschlepp-LKW mit Light & Sound Modul	Scania Super 560R Abschlepp-LKW mit Light & Sound Modul – hochwertige Qualität ab Schweizer Lager. Details Marke: Bruder Spielwaren Warum bei LuxeStyle kaufen? 🇨🇭 Versand aus der Schweiz – Lieferung in nur 1–2 Werktagen (DPD) ↩️ 30 Tage Rückgaberecht 🔒 Kauf auf Rechnung mit Klarna · TWINT · Karten · PayPal · Apple Pay 💬 Schweizer Support: info@luxestyle.ch	https://luxestyle.ch/products/scania-super-560r-abschlepp-lkw-mit-light-fga03552?variant=55970898084225	https://cdn.shopify.com/s/files/1/0943/6856/3585/files/03552_1_427e3e29-5b94-4252-a0d2-256a44afcd8f.jpg?v=1784844301	https://cdn.shopify.com/s/files/1/0943/6856/3585/files/03552_2.jpg?v=1784967930,https://cdn.shopify.com/s/files/1/0943/6856/3585/files/03552_3.jpg?v=1784967930,https://cdn.shopify.com/s/files/1/0943/6856/3585/files/03552_4.jpg?v=1784967930	123.90 CHF	in stock	23	4001702035525	LuxeStyle	new	Spielzeug & Spiele	1-3 Werktage (Lager Schweiz)
fortura-03570	scania-r-serie-liebherr-kran-lkw-mit-light-fga03570	Scania R-Serie Liebherr Kran-LKW mit Light & Sound Module	Im wahrsten Sinne des Wortes ragt der imposante Liebherr-Kran LKW aus der BRUDER Range der Nutzfahr-zeuge. Der LKW-Kran hat bei ausgefahrener Teleskoplänge bereits eine beachtliche Grösse und kann durch einen Zusatzausleger nochmals verlängert werden. Unsere kleinen Kunden werden begeistert sein, denn der Kran ist bei voll ausgebautem und aufgerichtetem Kranarm 1,30 m hoch und wird einige der kleinen Baumeister überragen. Stabilität bei dieser Dimension ist da natürlich ein Muss. Erreicht wird eine hohe Standfestigkeit ge-gen Kippen durch die schwenkbaren und individuell einstellbaren Stützfüsse der Fahrzeugplattform. Für noch mehr Stabilität lässt sich das angebaute Ausgleichsgewicht wie beim Originalkran verwenden. Um für ausrei-chend Gewicht beim Modell zu sorgen, kann es mit Sand befüllt werden. Der BRUDER Slogan Mulitifunctio-nal wird besonders bei diesem Modell sichtbar. Eine neu entwickelte Seilwinde mit Feststelleinrichtung und Überlastsicherung ermöglicht ein spielend leichtes Handling des Kranhakens beim Heben und Senken, auch von grossen Teilen. Die Liebe zum Detail macht auch vor der Kranführerkabine nicht halt. Wie beim Original besitzt sie den Scheibenschutzrahmen und eine zu öffnende Schiebetüre. Ein in die Plattform integriertes Werkzeugfach rundet die vielen Funktionen des Krans ab. Gleichwertig in der Anmutung ist das SCANIA R-Serie Führerhaus. Premium bis ins Detail  Der Leitspruch der Firma Scania kann auch beim BRUDER Modell wörtlich genommen werden. Funktionalität, Verarbeitung und Design dieses Fahrerhauses sprechen für sich. Somit ist es auch keine Überraschung, dass dieses Fahrzeug zum Highlight der LKWs der Profi-Serie von BRUDER wird. Das wie gewohnt detailgetreu nachgebildete Fah-rerhaus hat eine Frontscheibe aus bruchsicherem Polycarbonat und ist bereits mit dem Light and Sound Module (Art.-Nr.: 02801) ausgestattet. Die Spiegel des SCANIA LKW´s können angeklappt und die Türen können geöff-net werden. FAHRERHAUS: - Kabinenscheiben aus transparentem und hochwertigem Polycarbonat - klappbare Aussenspiegel FAHRZEUGAUFBAU: - Gegengewicht durch Aufnahmebügel fixierbar - Gegengewicht mit Sand oder Kies befüllbar - Kranarm einteilig mit Drehknopf und Sperrgetriebe ausfahrbar - Kranarm mit zusätzlicher, seitlich fixierter Kranarmspitze verlängerbar - Kranarm mittels Untersetzungsdrehknopfgetriebe höhenverstellbar - Kranaufbau um 360° drehbar - Schiebetür mit Einrastfunktion - Stützfüsse zum Ausschwenken mit stufenloser Tiefeneinstellung FAHRWERK: - Profilreifen INKL. ZUBEHöR: LIGHT AND SOUND MODUL (TRUCKS) INKL. BATTERIE, ART.-NR. 02801: - Auto-Ausschaltfunktion nach ca. 18 Sekunden - sofortiges Ausschalten der jeweiligen Funktion durch abermaliges Drücken des Knopfes - umschaltbares Sirenengeräusch durch Schalter im Batteriefach von der amerikanischen auf die europäische Version - vier unterschiedlichen Funktionen Hupe, Motoren-, Sirenengeräusch und Blinklicht jeweils durch Betätigen des Druckknopfes auslösbar BEWEGUNG/FUNKTION: - voll funktionsfähiger Seilhaspel-Antrieb mit speziell entwickelter Überlastsicherung ALLGEMEIN: - Kompatibel mit Figuren - Altersempfehlung: ab 4 Jahren zum Spielen für Innen und Aussen geeignet - hergestellt aus hochwertigen Kunststoffen wie z.B. ABS - Massstab 1:16 Details Marke: Bruder Spielwaren Farbe: gelb Lieferumfang: 1 Stück Warum bei LuxeStyle kaufen? 🇨🇭 Versand aus der Schweiz – Lieferung in nur 1–2 Werktagen (DPD) ↩️ 30 Tage Rückgaberecht 🔒 Kauf auf Rechnung mit Klarna · TWINT · Karten · PayPal · Apple Pay 💬 Schweizer Support: info@luxestyle.ch	https://luxestyle.ch/products/scania-r-serie-liebherr-kran-lkw-mit-light-fga03570?variant=55970898215297	https://cdn.shopify.com/s/files/1/0943/6856/3585/files/03570_5.jpg?v=1784967936	https://cdn.shopify.com/s/files/1/0943/6856/3585/files/03570_1_a6365670-2908-4cd9-9170-2b0b3cf778e6.jpg?v=1784844305,https://cdn.shopify.com/s/files/1/0943/6856/3585/files/03570_2.jpg?v=1784967935,https://cdn.shopify.com/s/files/1/0943/6856/3585/files/03570_3.jpg?v=1784967935,https://cdn.shopify.com/s/files/1/0943/6856/3585/files/03570_4.jpg?v=1784967935	138.50 CHF	in stock	1	4001702035709	LuxeStyle	new	Spielzeug & Spiele	1-3 Werktage (Lager Schweiz)
fortura-03582	scania-super-560r-ups-logistik-lkw-mit-mit-fga03582	Scania Super 560R UPS Logistik-LKW mit Mitnahmestapler	Scania Super 560R UPS Logistik-LKW mit Mitnahmestapler – hochwertige Qualität ab Schweizer Lager. Details Marke: Bruder Spielwaren Warum bei LuxeStyle kaufen? 🇨🇭 Versand aus der Schweiz – Lieferung in nur 1–2 Werktagen (DPD) ↩️ 30 Tage Rückgaberecht 🔒 Kauf auf Rechnung mit Klarna · TWINT · Karten · PayPal · Apple Pay 💬 Schweizer Support: info@luxestyle.ch	https://luxestyle.ch/products/scania-super-560r-ups-logistik-lkw-mit-mit-fga03582?variant=55970898313601	https://cdn.shopify.com/s/files/1/0943/6856/3585/files/03582_4.jpg?v=1784967940	https://cdn.shopify.com/s/files/1/0943/6856/3585/files/03582_1_1f5e9c0a-5481-449a-afc7-26b81124bcb9.jpg?v=1784844308,https://cdn.shopify.com/s/files/1/0943/6856/3585/files/03582_2.jpg?v=1784967940,https://cdn.shopify.com/s/files/1/0943/6856/3585/files/03582_3.jpg?v=1784967940	111.50 CHF	in stock	14	4001702035822	LuxeStyle	new	Spielzeug & Spiele	1-3 Werktage (Lager Schweiz)
fortura-03591	scania-super-560r-feuerwehr-mit-drehleiter-fga03591	Scania Super 560R Feuerwehr mit Drehleiter, Wasserpumpe und Light	Scania Super 560R Feuerwehr mit Drehleiter, Wasserpumpe und Light – hochwertige Qualität ab Schweizer Lager. Details Marke: Bruder Spielwaren Warum bei LuxeStyle kaufen? 🇨🇭 Versand aus der Schweiz – Lieferung in nur 1–2 Werktagen (DPD) ↩️ 30 Tage Rückgaberecht 🔒 Kauf auf Rechnung mit Klarna · TWINT · Karten · PayPal · Apple Pay 💬 Schweizer Support: info@luxestyle.ch	https://luxestyle.ch/products/scania-super-560r-feuerwehr-mit-drehleiter-fga03591?variant=55970898411905	https://cdn.shopify.com/s/files/1/0943/6856/3585/files/03591_5.jpg?v=1784967943	https://cdn.shopify.com/s/files/1/0943/6856/3585/files/03591_1_5794d0fa-cf84-468b-9126-a0f9f50c2d23.jpg?v=1784844310,https://cdn.shopify.com/s/files/1/0943/6856/3585/files/03591_2.jpg?v=1784967943,https://cdn.shopify.com/s/files/1/0943/6856/3585/files/03591_3.jpg?v=1784967943,https://cdn.shopify.com/s/files/1/0943/6856/3585/files/03591_4.jpg?v=1784967942	136.90 CHF	in stock	66	4001702035914	LuxeStyle	new	Spielzeug & Spiele	1-3 Werktage (Lager Schweiz)
fortura-49252	plusch-lowe-66cm-fga49252	Plüsch Löwe 66cm	Plüsch Löwe 66cm – hochwertige Qualität ab Schweizer Lager. Details Marke: Unitoys Warum bei LuxeStyle kaufen? 🇨🇭 Versand aus der Schweiz – Lieferung in nur 1–2 Werktagen (DPD) ↩️ 30 Tage Rückgaberecht 🔒 Kauf auf Rechnung mit Klarna · TWINT · Karten · PayPal · Apple Pay 💬 Schweizer Support: info@luxestyle.ch ⚠️ Achtung! Nicht für Kinder unter 36 Monaten geeignet. Erstickungsgefahr wegen verschluckbarer Kleinteile. Altersempfehlung: ab 3 Jahren.	https://luxestyle.ch/products/plusch-lowe-66cm-fga49252?variant=55970898444673	https://cdn.shopify.com/s/files/1/0943/6856/3585/files/15470026654081-quadrat.jpg?v=1787775948	https://cdn.shopify.com/s/files/1/0943/6856/3585/files/49252_1_78e2fd52-80c4-4305-8d6d-0acf0347b5a2.jpg?v=1784844311	91.90 CHF	in stock	25	4028667112146	LuxeStyle	new	Spielzeug & Spiele	1-3 Werktage (Lager Schweiz)
fortura-03621	bruder-mb-arocs-halfpipe-kipp-fga03621	BRUDER MB Arocs Halfpipe Kipp	BRUDER MB Arocs Halfpipe Kipp – hochwertige Qualität ab Schweizer Lager. Details Marke: Bruder Spielwaren Warum bei LuxeStyle kaufen? 🇨🇭 Versand aus der Schweiz – Lieferung in nur 1–2 Werktagen (DPD) ↩️ 30 Tage Rückgaberecht 🔒 Kauf auf Rechnung mit Klarna · TWINT · Karten · PayPal · Apple Pay 💬 Schweizer Support: info@luxestyle.ch	https://luxestyle.ch/products/bruder-mb-arocs-halfpipe-kipp-fga03621?variant=55970898510209	https://cdn.shopify.com/s/files/1/0943/6856/3585/files/03621_3.jpg?v=1784967947	https://cdn.shopify.com/s/files/1/0943/6856/3585/files/03621_1_a91fe99d-5d93-499c-9830-22902117cd22.jpg?v=1784844313,https://cdn.shopify.com/s/files/1/0943/6856/3585/files/03621_2.jpg?v=1784967948	72.90 CHF	in stock	29	4001702036218	LuxeStyle	new	Spielzeug & Spiele	1-3 Werktage (Lager Schweiz)
fortura-02483	bruder-cat-schaufelbagger-fga02483	BRUDER CAT Schaufelbagger	BRUDER CAT Schaufelbagger – hochwertige Qualität ab Schweizer Lager. Details Marke: Bruder Spielwaren Warum bei LuxeStyle kaufen? 🇨🇭 Versand aus der Schweiz – Lieferung in nur 1–2 Werktagen (DPD) ↩️ 30 Tage Rückgaberecht 🔒 Kauf auf Rechnung mit Klarna · TWINT · Karten · PayPal · Apple Pay 💬 Schweizer Support: info@luxestyle.ch	https://luxestyle.ch/products/bruder-cat-schaufelbagger-fga02483?variant=55970898575745	https://cdn.shopify.com/s/files/1/0943/6856/3585/files/02483_1_1129de75-cb54-4833-9f66-4d658500dec4.jpg?v=1784844314	https://cdn.shopify.com/s/files/1/0943/6856/3585/files/02483_2.jpg?v=1784967952,https://cdn.shopify.com/s/files/1/0943/6856/3585/files/02483_3.jpg?v=1784967952,https://cdn.shopify.com/s/files/1/0943/6856/3585/files/02483_4.jpg?v=1784967952	72.90 CHF	in stock	43	4001702024833	LuxeStyle	new	Spielzeug & Spiele	1-3 Werktage (Lager Schweiz)
fortura-03651	mb-arocs-baustellen-lkw-mit-kran-und-zubeh-fga03651	MB Arocs Baustellen LKW mit Kran und Zubehör	Kraft, Robustheit und Effizienz sind an einem Arbeitstag auf Strassen und Baustellen oft entscheidend. Daher wurde der neue Mercedes-Benz Arocs speziell für diese Bedürfnisse entwickelt. Zusätzlich zu diesen technischen Features wurde auch das Design dementsprechend überarbeitet. So ist z.B. die Front des Kühlergrills in Baggerzahnoptik gestaltet, wobei die Zähne für Durchbeissen und Zupacken stehen und dadurch die enorme Kraft ausdrücken sollen. Bei dem Modell wurde das Design übernommen, viel Wert auf die für BRUDER übliche Robustheit gelegt und das Fahrerhaus mit zu öffnenden Türen ausgestattet, damit die BRUDER Spielfiguren einsteigen können. Der Fahrzeugaufbau besteht aus einer kippbaren Ladefläche mit drei abklappbaren Bordwänden. Hinter dem Führerhaus befindet sich ein um 360° drehbarer, ausklapp- und telekopierbarer Ladekran, der frei beweglich von Hand geführt und in jeder Position durch verriegeln der Feststellvorrichtung gehalten werden kann. Zusätzlich sind seitlich vom Ladekran auszieh- und absenkbare Stützen angebracht, um dem Fahrzeug bei einem Verladevorgang mehr Stabilität zu verleihen. Da auch eine Palettengabel mit zwei Paletten und ein Schaufelgreifer mitgeliefert werden, kann das Spiel sofort beginnen. FAHRERHAUS: - Kabinenscheiben aus transparentem und hochwertigem Polycarbonat - klappbare Aussenspiegel - Türen zum Öffnen FAHRZEUGAUFBAU: - Austausch der Palettengabel gegen im Lieferumfang enthaltenem Schaufelgreifer möglich - Kranarm kann um 360° geschwenkt, teleskopiert und in jeder Positionen verrastet werden - abklappbare Bordwände nach 3 Seiten - ausfahr- und abklappbare Stützfüsse - kippbare Ladefläche FAHRWERK: - Profilreifen WEITERES: - zur Spielergänzung ausstattbar mit dem Light and Sound Module, Art.-Nr.: 02801 (nicht im Lieferumfang enthalten) ALLGEMEIN: - Kompatibel mit Figuren - Altersempfehlung: ab 4 Jahren zum Spielen für Innen und Aussen geeignet - hergestellt aus hochwertigen Kunststoffen wie z.B. ABS - Massstab 1:16 Details Marke: Bruder Spielwaren Lieferumfang: 1 Stück Warum bei LuxeStyle kaufen? 🇨🇭 Versand aus der Schweiz – Lieferung in nur 1–2 Werktagen (DPD) ↩️ 30 Tage Rückgaberecht 🔒 Kauf auf Rechnung mit Klarna · TWINT · Karten · PayPal · Apple Pay 💬 Schweizer Support: info@luxestyle.ch	https://luxestyle.ch/products/mb-arocs-baustellen-lkw-mit-kran-und-zubeh-fga03651?variant=55970898608513	https://cdn.shopify.com/s/files/1/0943/6856/3585/files/03651_1_b81ad153-e504-42c3-9df2-312fa3e9b479.jpg?v=1784844316		97.00 CHF	in stock	1	4001702036515	LuxeStyle	new	Spielzeug & Spiele	1-3 Werktage (Lager Schweiz)
fortura-02501	ram-2500-power-wagon-mit-pferdeanhanger-un-fga02501	RAM 2500 Power Wagon mit Pferdeanhänger und 1 Pferd	Der RAM 2500 Power Wagon ist im wahrsten Sinn des Wortes ein Heavy Duty Pickup Truck von RAM Trucks. Seine Robustheit und Geländegängigkeit ist legendär und bis heute einzigartig. Auch beim Thema Leistung ist dieser Wagen besonders eindrucksvoll. Sein V8 HEMI Motor leistet 410 PS und bringt es auf 582 Newtonmeter Drehmoment. Dieses Kraftpaket in markantem Power Wagon Design gibt es nun neu in der BRUDER-Kollektion. Das Spielzeug ist, wie sein grosses Vorbild, mit der 4-türigen Kabine, der CREW Cab ausgestattet. Alle Türen sind zum Öffnen und bieten 4 bworld Figuren Platz. Für Fahrkomfort und Geländegängigkeit ist dieses Modell im Massstab 1:16 mit gefederten Achsen ausgestattet, wobei die Vorderachse mit der enthaltenen Lenkradverlängerung lenkbar ist. Für den Lastentransport im Spielbetrieb kann die Heckklappe geöffnet werden und der Laderaum bietet Platz für BRUDER-Paletten, Gitterboxen oder Quaderballen (Zubehöre 02415 / 02342 nicht im Lieferumfang enthalten). Auch als Zugmaschine ist der RAM einsetzbar. Mit der Anhängerkupplung kann der Pferdeanhänger das Pferd sicher an nahezu jeden Ort bringen, ob auf die Koppel, oder zum gemeinschaftlichen Ausritt, mit dieser Kombination ist alles erreichbar. Das optional erhältliche Light & Sound Module (Zubehör 02802) kann nach öffnen des Schiebedachs montiert werden und erhöht zusätzlich den Spielwert. FAHRERHAUS: - Kabinenscheiben aus transparentem und hochwertigem Polycarbonat - Klarglasscheinwerfer - Vier Türen links und rechts sowie Heckklappe zum Öffnen FAHRZEUGAUFBAU: - Platz für 4 bworld Figuren - Standardaufnahme für Bruder Zubehör an der Stossstange (z.B. Seilwinde) - Schiebedach zum Einführen der Lenkradverlängerung - zur Spielergänzung ausstattbar mit dem Light & Sound Module, Art.-Nr.: 02802 (nicht im Lieferumfang enthalten) - Platz für Paletten/Gitterboxen oder anderes Ladegut auf der Ladefläche Fahrwerk: - Gefederte Front- (lenkbar) und Heckachse - abnehmbare Heckkupplung - Halterung für Lenkradverlängerung - Neue Räder mit moderner SUV Optik Pferdeanhänger: - absetzbarer Stützfuss mittels Kurbel - Seitentür zu Öffnen - abklappbare Rampe - 1 Pferd im Lieferumfang enthalten (Pferde sind separat erhältlich, Art.-Nr.: 02306) Allgemein: - Altersempfehlung: ab 3 Jahren zum Spielen für Innen und Aussen geeignet - hergestellt aus hochwertigen Kunststoffen wie z.B. ABS - Kompatibel mit Figur - Massstab 1:16 Details Marke: Bruder Spielwaren Lieferumfang: 1 Stück Warum bei LuxeStyle kaufen? 🇨🇭 Versand aus der Schweiz – Lieferung in nur 1–2 Werktagen (DPD) ↩️ 30 Tage Rückgaberecht 🔒 Kauf auf Rechnung mit Klarna · TWINT · Karten · PayPal · Apple Pay 💬 Schweizer Support: info@luxestyle.ch	https://luxestyle.ch/products/ram-2500-power-wagon-mit-pferdeanhanger-un-fga02501?variant=55970898674049	https://cdn.shopify.com/s/files/1/0943/6856/3585/files/02501_1_59a57519-1510-49ed-aaa6-b65deb9764ba.jpg?v=1784844317		71.90 CHF	in stock	26	4001702025014	LuxeStyle	new	Spielzeug & Spiele	1-3 Werktage (Lager Schweiz)
fortura-03669	mb-arocs-holztransport-lkw-mit-ladekran-gr-fga03669	MB Arocs Holztransport LKW mit Ladekran, Greifer und 3 Baumstämmen	MB Arocs Holztransport LKW mit Ladekran, Greifer und 3 Baumstämmen – hochwertige Qualität ab Schweizer Lager. Details Marke: Bruder Spielwaren Warum bei LuxeStyle kaufen? 🇨🇭 Versand aus der Schweiz – Lieferung in nur 1–2 Werktagen (DPD) ↩️ 30 Tage Rückgaberecht 🔒 Kauf auf Rechnung mit Klarna · TWINT · Karten · PayPal · Apple Pay 💬 Schweizer Support: info@luxestyle.ch	https://luxestyle.ch/products/mb-arocs-holztransport-lkw-mit-ladekran-gr-fga03669?variant=55970898772353	https://cdn.shopify.com/s/files/1/0943/6856/3585/files/03669_3.jpg?v=1784967954	https://cdn.shopify.com/s/files/1/0943/6856/3585/files/03669_1_e7e4dc3f-b54e-47f7-88de-a1327b40052b.jpg?v=1784844319,https://cdn.shopify.com/s/files/1/0943/6856/3585/files/03669_2.jpg?v=1784967955,https://cdn.shopify.com/s/files/1/0943/6856/3585/files/03669_4.jpg?v=1784967954	94.90 CHF	in stock	33	4001702036690	LuxeStyle	new	Spielzeug & Spiele	1-3 Werktage (Lager Schweiz)
fortura-02504	ram-250-power-wagon-und-bruder-roadster-ra-fga02504	RAM 250 Power Wagon und BRUDER Roadster Racing Team	Motorsport übt eine grosse Begeisterung auf Gross und Klein aus. Dies ist aufgrund der Spannung, des Nervenkitzels und den schnellen Sportwagen auch kein Wunder. Auch BRUDER kann sich dieser Faszination nicht entziehen. Mit dem RAM Powerwagon samt getunten Sportwagen vom Bruder Racing Team, gibt es ein neues, spannendes Gespann in der bworld-Freizeitwelt. Der RAM Powerwagon ist ein Kraftpaket mit bis zu 410 PS und Allradantrieb, das souverän den Rennsportwagen an die Rennstrecke bringt. Bei diesem Pick Up sind alle 4 Türen zum Öffnen und über die bekannte Lenkradverlängerung lässt sich das Fahrzeug einfach manövrieren. Für den sicheren Transport und die Verladung ist der Transportanhänger mit einer kippbaren Plattform, Unterlegkeilen und Seilwinde ausgestattet. Der Roadster besitzt ein abnehmbares Dach, wodurch der enthaltene Rennfahrer in das Fahrzeug gesetzt werden kann. Des Weiteren ist der Sportwagen mit dem neuen Radwechselsystem von BRUDER ausgestattet. Damit jeder kleine Rennfahrer seinen Flitzer individuell gestalten kann, ist ein grosser Etikettenbogen mit vielen Stickern beigelegt. Motorsport übt eine grosse Begeisterung auf Gross und Klein aus. Dies ist aufgrund der Spannung, des Nervenkitzels und den schnellen Sportwagen auch kein Wunder. Auch BRUDER kann sich dieser Faszination nicht entziehen. Mit dem RAM Powerwagon samt getunten Sportwagen vom Bruder Racing Team, gibt es ein neues, spannendes Gespann in der bworld-Freizeitwelt. Der RAM Powerwagon ist ein Kraftpaket mit bis zu 410 PS und Allradantrieb, das souverän den Rennsportwagen an die Rennstrecke bringt. Bei diesem Pick Up sind alle 4 Türen zum Öffnen und über die bekannte Lenkradverlängerung lässt sich das Fahrzeug einfach manövrieren. Für den sicheren Transport und die Verladung ist der Transportanhänger mit einer kippbaren Plattform, Unterlegkeilen und Seilwinde ausgestattet. Der Roadster besitzt ein abnehmbares Dach, wodurch der enthaltene Rennfahrer in das Fahrzeug gesetzt werden kann. Des Weiteren ist der Sportwagen mit dem neuen Radwechselsystem von BRUDER ausgestattet. Damit jeder kleine Rennfahrer seinen Flitzer individuell gestalten kann, ist ein grosser Etikettenbogen mit vielen Stickern beigelegt. Fahrerhaus: - Klarglasscheinwerfer vorne - Fahrerkabine aus transparentem und hochwertigem Kunststoff - Türen zum Öffnen Fahrzeugaufbau: - Zusatzlenksäule im Fahrzeugboden verstaubar - lenkbar mit Zusatzlenkstange durch Dachluke - Standardaufnahme für BRUDER-Zubehör an der Stossstange - Platz für 4 bworld-Figuren Fahrwerk: - Räder mit modernem SUV-Design - Gefederte Front- (lenkbar) und Heckachse - inkl. abnehmbarer Anhängekupplung Inhalt: - Fahrer mit Helm - BRUDER Roadster mit abnehmbaren Dach und Radwechsel System - Anhänger im modernen Design mit herunterklappbarer Plattform, Seilwinde und Unterlegkeilen Allgemein: - Altersempfehlung: ab 4 Jahren zum Spielen für Innen und Aussen geeignet - hergestellt aus hochwertigen Kunststoffen wie z.B. ABS - Kompatibel mit Figur - Massstab 1:16 Details Marke: Bruder Spielwaren Lieferumfang: 1 Stück Warum bei LuxeStyle kaufen? 🇨🇭 Versand aus der Schweiz – Lieferung in nur 1–2 Werktagen (DPD) ↩️ 30 Tage Rückgaberecht 🔒 Kauf auf Rechnung mit Klarna · TWINT · Karten · PayPal · Apple Pay 💬 Schweizer Support: info@luxestyle.ch	https://luxestyle.ch/products/ram-250-power-wagon-und-bruder-roadster-ra-fga02504?variant=55970898805121	https://cdn.shopify.com/s/files/1/0943/6856/3585/files/15470027014529-quadrat.jpg?v=1787775956	https://cdn.shopify.com/s/files/1/0943/6856/3585/files/02504_1_293616d0-0576-4dbb-9113-c51d9386fe0a.jpg?v=1784844319,https://cdn.shopify.com/s/files/1/0943/6856/3585/files/02504_2.jpg?v=1784967957,https://cdn.shopify.com/s/files/1/0943/6856/3585/files/02504_3.jpg?v=1784967957,https://cdn.shopify.com/s/files/1/0943/6856/3585/files/02504_4.jpg?v=1784967957	104.90 CHF	in stock	30	4001702025045	LuxeStyle	new	Spielzeug & Spiele	1-3 Werktage (Lager Schweiz)
fortura-03750	man-tgs-abschlepp-lkw-mit-bruder-roadster-fga03750	MAN TGS Abschlepp-LKW mit BRUDER Roadster und Light & Sound Module	Abschlepp-LKWs sind vielseitige Helfer im Strassenverkehr. Egal ob er havarierte Fahrzeuge auflädt und in die Reparaturwerkstatt bringt oder falsch parkende Fahrzeuge entfernt. Neu im BRUDER Sortiment gibt es den mit vielen Funktionen ausgestatteten MAN TGS Abschlepp-LKW. Um Fahrzeuge bergen zu können kann die Plattform abgesenkt werden. Zusätzlich kann ein Fahrzeug mit dem Hebekran aufgeladen werden. Dieser kann ausgefahren und geschwenkt werden. Dabei ermöglicht das Ladegeschirr bestehend aus Ketten und Radkrallen ein sicheres und schnelles Anheben und Verladen. Unterlegkeile und ausklappbare Stützen bieten sicheren Halt und Profilreifen runden das Fahrzeug ab. Das detailgetreue Fahrerhaus des MAN TGS LKWs besitzt Türen zum Öffnen und die Spiegel des Fahrerhauses können eingeklappt werden. Zusätzlich ist bereits das Light and Sound Modul installiert. Der neue BRUDER Roadster besitzt ein abnehmbares Dach und bietet jeder bworld Figur Platz. Für noch mehr Spielspass, besitzt der BRUDER Roadster das neue Radwechsel System. Fahrerhaus: - Kabinenscheiben aus transparentem und bruchsicherem Kunststoff - klappbare Aussenspiegel - Türen zum Öffnen Fahrzeugaufbau: - absenkbare Fahrzeug Plattform - ausfahr- und schwenkbarer Hebekran - Ladegeschirr (bestehend aus Ketten und Radkrallen) und Unterlegkeile - ausklappbare Stützen Fahrwerk: - Profilreifen inkl. BRUDER Roadster: - abnehmbares Dach - Räder zum Wechseln Allgemein: - Altersempfehlung: ab 4 Jahren zum Spielen für Innen und Aussen geeignet - hergestellt aus hochwertigen Kunststoffen wie z.B. ABS - Kompatibel mit Figur - Massstab 1:16 Details Marke: Bruder Spielwaren Farbe: gelb Lieferumfang: 1 Stück Warum bei LuxeStyle kaufen? 🇨🇭 Versand aus der Schweiz – Lieferung in nur 1–2 Werktagen (DPD) ↩️ 30 Tage Rückgaberecht 🔒 Kauf auf Rechnung mit Klarna · TWINT · Karten · PayPal · Apple Pay 💬 Schweizer Support: info@luxestyle.ch	https://luxestyle.ch/products/man-tgs-abschlepp-lkw-mit-bruder-roadster-fga03750?variant=55970898870657	https://cdn.shopify.com/s/files/1/0943/6856/3585/files/03750_1_c3a1be8c-9e74-43ba-bed0-6e68ff2ec84d.jpg?v=1784844322		119.50 CHF	in stock	42	4001702037505	LuxeStyle	new	Spielzeug & Spiele	1-3 Werktage (Lager Schweiz)
fortura-02507	bruder-ram-2500-polizei-pickup-fga02507	BRUDER RAM 2500 Polizei Pickup	BRUDER RAM 2500 Polizei Pickup – hochwertige Qualität ab Schweizer Lager. Details Marke: Bruder Spielwaren Warum bei LuxeStyle kaufen? 🇨🇭 Versand aus der Schweiz – Lieferung in nur 1–2 Werktagen (DPD) ↩️ 30 Tage Rückgaberecht 🔒 Kauf auf Rechnung mit Klarna · TWINT · Karten · PayPal · Apple Pay 💬 Schweizer Support: info@luxestyle.ch	https://luxestyle.ch/products/bruder-ram-2500-polizei-pickup-fga02507?variant=55970898903425	https://cdn.shopify.com/s/files/1/0943/6856/3585/files/02507_1_8136cb42-7beb-450b-93b0-4be0bb38d7c1.jpg?v=1784844322	https://cdn.shopify.com/s/files/1/0943/6856/3585/files/02507_2.jpg?v=1784967962	124.90 CHF	in stock	10	4001702025076	LuxeStyle	new	Spielzeug & Spiele	1-3 Werktage (Lager Schweiz)
fortura-03771	bruder-man-tgs-kran-lkw-fga03771	BRUDER MAN TGS Kran-LKW	BRUDER MAN TGS Kran-LKW – hochwertige Qualität ab Schweizer Lager. Details Marke: Bruder Spielwaren Warum bei LuxeStyle kaufen? 🇨🇭 Versand aus der Schweiz – Lieferung in nur 1–2 Werktagen (DPD) ↩️ 30 Tage Rückgaberecht 🔒 Kauf auf Rechnung mit Klarna · TWINT · Karten · PayPal · Apple Pay 💬 Schweizer Support: info@luxestyle.ch	https://luxestyle.ch/products/bruder-man-tgs-kran-lkw-fga03771?variant=55970899001729	https://cdn.shopify.com/s/files/1/0943/6856/3585/files/03771_2.jpg?v=1784967966	https://cdn.shopify.com/s/files/1/0943/6856/3585/files/03771_1_23847bd3-c295-4e08-8519-31a08fd5bb1a.jpg?v=1784844324,https://cdn.shopify.com/s/files/1/0943/6856/3585/files/03771_3.jpg?v=1784967966,https://cdn.shopify.com/s/files/1/0943/6856/3585/files/03771_4.jpg?v=1784967966	101.90 CHF	in stock	14	4001702037710	LuxeStyle	new	Spielzeug & Spiele	1-3 Werktage (Lager Schweiz)
fortura-03780	man-tgs-lkw-strassenreinigung-fga03780	MAN TGS LKW Strassenreinigung	Strassenreinigungen sind ein unverzichtbarer Helfer für jede Stadtverwaltung und gehören zum alltäglichen Stadtbild. Kein anderes Fahrzeug sorgt so effizient für saubere Strassen und Gehwege. Die neue Strassenreinigung von BRUDER zeigt in höchstem Masse detailgetreu die Funktionsweise dieses spannenden LKWs. Der MAN TGS ist der perfekte Partner. Robust gebaut, mit durchzugsstarken Motoren mit bis zu 500 PS ausgestattet und mit einer überdurchschnittlichen Nutzlast ist dieser LKW der Prototyp für den viel beschriebenen Alleskönner. Der Kehrmaschinenaufbau besitzt 2 rotierende und verstellbare Reinigungsbürsten die auch in der Höhe anpassbar sind. Damit erreichen sie auch schwer zugängliche Bereiche. Für die Reinigung von Flächen ist unter dem Fahrzeug eine Langbürste montiert, welche bei der Fahrt angetrieben wird. Am Heck befindet sich der flexible Schlauch samt Saugrohr zur Aufnahme grösserer Mengen Schmutz. Zur Entleerung des Abfallkorpus, lässt sich dieser einfach kippen und die Heckklappe öffnen. Im gekippten Zustand zeigt sich auch die beeindruckende Sauganlage des Fahrzeugs. Optional kann die Strassenreinigung mit einem Light & Sound Modul ausgestattet werden (Art.-Nr. 02801 / 02802). Aus der umfangreichen bworld Themenwelt können Kinder den bworld Kommunalarbeiter (Art.-Nr. 62130) wunderbar dazu kombinieren, da dieser den Spielwert nochmals eindrucksvoll erweitert. Fahrerhaus: - Kabinenscheiben aus transparentem und bruchsicherem Kunststoff - klappbare Aussenspiegel - Türen zum Öffnen Fahrzeugaufbau: - 2 rotierende, verstellbare und höhenanpassbare Rundbürsten - Langbürste mit Antrieb unter dem Aufbau - Kippbarer Abfallkorpus mit Heckklappe - Flexibler Schlauch mit Saugrohr und Aufhängung Fahrwerk: - Profilreifen Allgemein: - Altersempfehlung: ab 4 Jahren zum Spielen für Innen und Aussen geeignet - hergestellt aus hochwertigen Kunststoffen wie z.B. ABS - Kompatibel mit Figur - Massstab 1:16 Details Marke: Bruder Spielwaren Farbe: orange Warum bei LuxeStyle kaufen? 🇨🇭 Versand aus der Schweiz – Lieferung in nur 1–2 Werktagen (DPD) ↩️ 30 Tage Rückgaberecht 🔒 Kauf auf Rechnung mit Klarna · TWINT · Karten · PayPal · Apple Pay 💬 Schweizer Support: info@luxestyle.ch	https://luxestyle.ch/products/man-tgs-lkw-strassenreinigung-fga03780?variant=55970899100033	https://cdn.shopify.com/s/files/1/0943/6856/3585/files/03780_1_8c688be7-e8e4-4e00-992f-e8d6834ca623.jpg?v=1784844326		93.90 CHF	in stock	30	4001702037802	LuxeStyle	new	Spielzeug & Spiele	1-3 Werktage (Lager Schweiz)
fortura-50672-1	lottokarten-grun-laminiert-fga506721	Lottokarten grün laminiert	Lottokarten Lam. 14,5x7,2 dick grün Details Masse: 14.5cm x 7.2cm Lieferumfang: 1 Pack à 100 Karten Warum bei LuxeStyle kaufen? 🇨🇭 Versand aus der Schweiz – Lieferung in nur 1–2 Werktagen (DPD) ↩️ 30 Tage Rückgaberecht 🔒 Kauf auf Rechnung mit Klarna · TWINT · Karten · PayPal · Apple Pay 💬 Schweizer Support: info@luxestyle.ch	https://luxestyle.ch/products/lottokarten-grun-laminiert-fga506721?variant=55970899132801	https://cdn.shopify.com/s/files/1/0943/6856/3585/files/50672-1_1_ae49bd5a-ed68-436f-afe8-264ff5dfa232.jpg?v=1784844328		86.90 CHF	in stock	9	7640451285873	LuxeStyle	new	Spielzeug & Spiele	1-3 Werktage (Lager Schweiz)
fortura-02528	jeep-wrangler-rubicon-unlimited-feuerwehre-fga02528	Jeep Wrangler Rubicon Unlimited Feuerwehreinsatzfahrzeug	Bei der Koordination von Feuerwehr-Einsätzen, sowie bei kleinen Notfällen wird das Feuerwehr Einsatzfahrzeug benötigt. Durch seine Robustheit und Geländegängigkeit ist der Jeep Wrangler Unlimited Rubicon die ideale Basis für diesen Zweck. Der Leiter vom Dienst in seinem Führungsfahrzeug koordiniert den Einsatz beim Retten von Menschenleben und der Brandbekämpfung und legt aber auch selbst Hand an. Das BRUDER-Modell ist wie das Original, mit geländegängigen, gefederten Achsen ausgestattet. Die Achsschenkellenkung mit Lenkstangenverlängerung durch das Fahrzeugdach ermöglicht das Nachspielen der Einsatzszenen. Türen, Motorhaube und Laderaum lassen sich öffnen und schnell beladen. Die Feuerwehrfigur lässt sich durch beiliegendes Zubehör, wie Feuerlöscher und Funkgerät, ausstatten. Die Einsatz-Lichteinheit mit Sirene auf dem Dach macht den Weg beim Einsatz frei. Neben drei verschiedenen Sirenenlauten kann auch das Motorgeräusch des Fahrzeugs erzeugt werden. So realistisch kann im Kinderzimmer der Feuerwehr-Einsatz nachgespielt werden  Just like the real thing INHALT: Feuerwehrmann in Uniform mit Helm, Handschuhen, Funkgerät und Feuerlöscher FAHRERHAUS: - Kabinenscheiben aus transparentem und bruchsicherem Kunststoff FAHRZEUGAUFBAU: - 2 Türen zum Öffnen - Hecktüre zum Öffnen - Ersatzrad an der Hecktür - Motorhaube zum Öffnen und ausklappbare Motorhauben-Stütze ermöglichen den Blick auf den detaillierten Motorblock Fahrwerk: - Gefederte, lenkbare Front- und Heckachse - inkl. abnehmbarer Anhängekupplung Inkl. Zubehör: Light & Sound Modul (universal): - inkl. Batterien (3xLR44) - Standardverbinder zur Befestigung - Funktionsknöpfe: 1. Motorengeräusch, 2. Polizei-Sirene, 3. Feuerwehr-Sirene, 4. Yelp-Signal - Auto-Ausschaltfunktion nach ca. 20 Sekunden - sofortiges Ausschalten der jeweiligen Funktion durch abermaliges Drücken des Knopfes ALLGEMEIN: - Altersempfehlung: ab 4 Jahren zum Spielen für Innen und Aussen geeignet - hergestellt aus hochwertigen Kunststoffen wie z.B. ABS - Kompatibel mit Figur - Massstab 1:16 Details Marke: Bruder Spielwaren Lieferumfang: 1 Stück Warum bei LuxeStyle kaufen? 🇨🇭 Versand aus der Schweiz – Lieferung in nur 1–2 Werktagen (DPD) ↩️ 30 Tage Rückgaberecht 🔒 Kauf auf Rechnung mit Klarna · TWINT · Karten · PayPal · Apple Pay 💬 Schweizer Support: info@luxestyle.ch	https://luxestyle.ch/products/jeep-wrangler-rubicon-unlimited-feuerwehre-fga02528?variant=55970899165569	https://cdn.shopify.com/s/files/1/0943/6856/3585/files/02528_2.jpg?v=1784967969	https://cdn.shopify.com/s/files/1/0943/6856/3585/files/02528_1_4a86afa3-706b-4819-ba74-5efbf4f52d78.jpg?v=1784844328,https://cdn.shopify.com/s/files/1/0943/6856/3585/files/02528_3.jpg?v=1784967969	61.90 CHF	in stock	28	4001702025281	LuxeStyle	new	Kostüme & Verkleidung	1-3 Werktage (Lager Schweiz)
fortura-04041	fendt-1050-vario-m-mechaniker-und-werkstat-fga04041	Fendt 1050 Vario m. Mechaniker und Werkstattausstattung	Der neue Fendt 1050 Vario ist das stärkste Modell in der Produktpallette von Fendt. Dieser Traktor hat sich die Attribute gross, stark, einzigartig wahrlich verdient! Er besitzt einmaliges Design, Handling und Zugkraft. Mit diesem Exemplar stellt BRUDER das erste Modell der neuen 4000er Serie vor. Diese ist die neue Referenz mit überragender Detailtreue, Spielbarkeit und der für BRUDER bekannten Robustheit und Qualität. Etablierte Eigenschaften wie die lenkbare Vorderachse, oder die höhenverstellbare Heckkupplung, mit der alle Anhänger der Profiserie gekoppelt werden sind vorhanden. Hinzukommen neue Funktionen, wie die neu designte Frontaufnahme zur Anbringung von Zubehör, und als besonderes Highlight die neu entwickelten Achsen mit abnehmbaren Rädern. Mit dem mitgelieferten Mechaniker samt Werkzeug und Wagenheber lässt sich der Radwechsel, sowie andere Reparaturen detailgetreu nachspielen. Traktor: - Lenkbare Vorderachse - Motorhaube zu öffnen - Heckkupplung höhenverstellbar - Kabinenscheiben aus transparentem und bruchsicherem Polycarbonat - Türen zum Öffnen - Schiebedach zum Einführen der Lenkradverlängerung - geländegängige Pendelachse vorne - Abnehmbare Räder - Frontgewicht abnehmbar - Neu entwickelte Frontaufnahme zur Anbringung von Zubehör Figur: - Mechaniker mit Latzhose und Kappe - Wagenheber mit Unterstellböcken und Werkzeug - Wagenheber in 2 Stufen höhenverstellbar - Unterstellböcke mit Gewinde höhenverstellbar Allgemein: - Altersempfehlung: ab 4 Jahren zum Spielen für Innen und Aussen geeignet - hergestellt aus hochwertigen Kunststoffen wie z.B. ABS - Kompatibel mit Figuren - Massstab 1:16 Details Marke: Bruder Spielwaren Farbe: mehrfarbig Lieferumfang: 1 Stück Warum bei LuxeStyle kaufen? 🇨🇭 Versand aus der Schweiz – Lieferung in nur 1–2 Werktagen (DPD) ↩️ 30 Tage Rückgaberecht 🔒 Kauf auf Rechnung mit Klarna · TWINT · Karten · PayPal · Apple Pay 💬 Schweizer Support: info@luxestyle.ch	https://luxestyle.ch/products/fendt-1050-vario-m-mechaniker-und-werkstat-fga04041?variant=55970899198337	https://cdn.shopify.com/s/files/1/0943/6856/3585/files/04041_1_2eba46bd-d852-454f-8d0b-24bb3fcfc20b.jpg?v=1784844328		95.90 CHF	in stock	34	4001702040413	LuxeStyle	new	Spielzeug & Spiele	1-3 Werktage (Lager Schweiz)
fortura-50672-4	lottokarten-rosa-laminiert-fga506724	Lottokarten rosa laminiert	Lottokarten Lam. 14,5x7,2 dick rosa Details Masse: 14.5cm x 7.2cm Lieferumfang: 1 Pack à 100 Karten Warum bei LuxeStyle kaufen? 🇨🇭 Versand aus der Schweiz – Lieferung in nur 1–2 Werktagen (DPD) ↩️ 30 Tage Rückgaberecht 🔒 Kauf auf Rechnung mit Klarna · TWINT · Karten · PayPal · Apple Pay 💬 Schweizer Support: info@luxestyle.ch	https://luxestyle.ch/products/lottokarten-rosa-laminiert-fga506724?variant=55970899231105	https://cdn.shopify.com/s/files/1/0943/6856/3585/files/50672-4_1_26cf2b87-4dc5-4fc7-9805-00bd313bb9ad.jpg?v=1784844330		86.90 CHF	in stock	12	7640451285903	LuxeStyle	new	Spielzeug & Spiele	1-3 Werktage (Lager Schweiz)
fortura-02546	ram-rental-service-fga02546	RAM Rental Service	Baumaschinenverleiher sind eine wichtige Unterstützung für Firmen, als auch private Personen, wenn auf einer Baustelle noch kurzfristig eine Maschine benötigt wird. Trotz einer Vielzahl von BRUDER Baumaschinen kann es vorkommen, dass noch ein kleiner Bagger in der Sandkasten Baustelle fehlt. Dafür gibt es jetzt das neue Gespann aus RAM Powerwagon mit Anhänger und Bruder Minibagger. Die Robustheit und Zugkraft des RAM ist sagenhaft. Das Spielzeug ist, wie sein grosses Vorbild, mit der 4-türigen Kabine, der CREW Cab ausgestattet. Alle Türen sind zum Öffnen und bieten 4 bworld Figuren Platz. Für Fahrkomfort und Geländegängigkeit ist dieses Modell im Massstab 1:16 mit gefederten Achsen ausgestattet, wobei die Vorderachse mit der enthaltenen Lenkradverlängerung lenkbar ist. Für den Lastentransport im Spielbetrieb kann die Heckklappe geöffnet werden und der Laderaum bietet Platz für Bruder Paletten, Gitterboxen oder Strohballen. Der enthaltende Anhänger hat eine Stütze für die Deichsel und für das einfache Aufladen kann die Plattform über einen Hebel gekippt werden. Der ebenfalls enthaltene BRUDER Minibagger ist voll funktionsfähig, die Schaufel ist abnehmbar und das Räumschild verstellbar. Der Ausleger des Minibaggers kann seitlich abgewinkelt werden. Zudem ist die Kabine Minibaggers um 360° drehbar und er wird mit modernen Gummiketten ausgeliefert. Details Marke: Bruder Spielwaren Warum bei LuxeStyle kaufen? 🇨🇭 Versand aus der Schweiz – Lieferung in nur 1–2 Werktagen (DPD) ↩️ 30 Tage Rückgaberecht 🔒 Kauf auf Rechnung mit Klarna · TWINT · Karten · PayPal · Apple Pay 💬 Schweizer Support: info@luxestyle.ch	https://luxestyle.ch/products/ram-rental-service-fga02546?variant=55970899427713	https://cdn.shopify.com/s/files/1/0943/6856/3585/files/15470027637121-quadrat.jpg?v=1787775976	https://cdn.shopify.com/s/files/1/0943/6856/3585/files/02546_1_02613be1-3166-4a17-b31b-05e2a11daae6.jpg?v=1784844333,https://cdn.shopify.com/s/files/1/0943/6856/3585/files/02546_2.jpg?v=1784967973,https://cdn.shopify.com/s/files/1/0943/6856/3585/files/02546_3.jpg?v=1784967973,https://cdn.shopify.com/s/files/1/0943/6856/3585/files/02546_4.jpg?v=1784967974	92.50 CHF	in stock	34	4001702025465	LuxeStyle	new	Kostüme & Verkleidung	1-3 Werktage (Lager Schweiz)
fortura-02672	mercedes-benz-sprinter-camper-mit-fahrer-fga02672	Mercedes-Benz Sprinter Camper mit Fahrer	Bruder Spielwaren Details Marke: Bruder Spielwaren Warum bei LuxeStyle kaufen? 🇨🇭 Versand aus der Schweiz – Lieferung in nur 1–2 Werktagen (DPD) ↩️ 30 Tage Rückgaberecht 🔒 Kauf auf Rechnung mit Klarna · TWINT · Karten · PayPal · Apple Pay 💬 Schweizer Support: info@luxestyle.ch	https://luxestyle.ch/products/mercedes-benz-sprinter-camper-mit-fahrer-fga02672?variant=55970899624321	https://cdn.shopify.com/s/files/1/0943/6856/3585/files/02672_1_9e0de6fe-44fc-4e3b-b4c6-08f7d99bb782.jpg?v=1784844339	https://cdn.shopify.com/s/files/1/0943/6856/3585/files/02672_2.jpg?v=1784967977,https://cdn.shopify.com/s/files/1/0943/6856/3585/files/02672_3.jpg?v=1784967977,https://cdn.shopify.com/s/files/1/0943/6856/3585/files/02672_4.jpg?v=1784967977	74.90 CHF	in stock	53	4001702026721	LuxeStyle	new	Kostüme & Verkleidung	1-3 Werktage (Lager Schweiz)
fortura-02675	bruder-mb-sprinter-autotrans-fga02675	BRUDER MB Sprinter Autotrans	BRUDER MB Sprinter Autotrans – hochwertige Qualität ab Schweizer Lager. Details Marke: Bruder Spielwaren Warum bei LuxeStyle kaufen? 🇨🇭 Versand aus der Schweiz – Lieferung in nur 1–2 Werktagen (DPD) ↩️ 30 Tage Rückgaberecht 🔒 Kauf auf Rechnung mit Klarna · TWINT · Karten · PayPal · Apple Pay 💬 Schweizer Support: info@luxestyle.ch	https://luxestyle.ch/products/bruder-mb-sprinter-autotrans-fga02675?variant=55970899755393	https://cdn.shopify.com/s/files/1/0943/6856/3585/files/15470027964801-quadrat.jpg?v=1787775991	https://cdn.shopify.com/s/files/1/0943/6856/3585/files/02675_1_ba267187-7c42-464d-a13c-04031391d400.jpg?v=1784844341,https://cdn.shopify.com/s/files/1/0943/6856/3585/files/02675_2.jpg?v=1784967981,https://cdn.shopify.com/s/files/1/0943/6856/3585/files/02675_3.jpg?v=1784967980,https://cdn.shopify.com/s/files/1/0943/6856/3585/files/02675_4.jpg?v=1784967981	83.50 CHF	in stock	50	4001702026752	LuxeStyle	new	Spielzeug & Spiele	1-3 Werktage (Lager Schweiz)
fortura-02678	bruder-mb-sprinter-ups-fga02678	BRUDER MB Sprinter UPS	BRUDER MB Sprinter UPS – hochwertige Qualität ab Schweizer Lager. Details Marke: Bruder Spielwaren Warum bei LuxeStyle kaufen? 🇨🇭 Versand aus der Schweiz – Lieferung in nur 1–2 Werktagen (DPD) ↩️ 30 Tage Rückgaberecht 🔒 Kauf auf Rechnung mit Klarna · TWINT · Karten · PayPal · Apple Pay 💬 Schweizer Support: info@luxestyle.ch	https://luxestyle.ch/products/bruder-mb-sprinter-ups-fga02678?variant=55970899886465	https://cdn.shopify.com/s/files/1/0943/6856/3585/files/15470028063105-quadrat.jpg?v=1787775997	https://cdn.shopify.com/s/files/1/0943/6856/3585/files/02678_1_73a902b0-0550-482c-a3c8-30992ba4bfd4.jpg?v=1784844344,https://cdn.shopify.com/s/files/1/0943/6856/3585/files/02678_2.jpg?v=1784967983,https://cdn.shopify.com/s/files/1/0943/6856/3585/files/02678_3.jpg?v=1784967983,https://cdn.shopify.com/s/files/1/0943/6856/3585/files/02678_4.jpg?v=1784967983	68.90 CHF	in stock	68	4001702026783	LuxeStyle	new	Spielzeug & Spiele	1-3 Werktage (Lager Schweiz)
fortura-02684	mb-sprinter-camper-mit-fahrer-fga02684	MB Sprinter Camper mit Fahrer	Die Version des neue MB Sprinter Camper von BRUDER besticht durch seinen Detailreichtum und Vielseitigkeit. Das Fahrzeug verfügt über Türen zum Öffnen an Fahrerkabine und Heck. Hier hat die mitgelieferte bworld Figur Zugang zum integrierten Doppelbett und grossem Stau Fach. Besonderes Highlight ist die neu entwickelte Schiebetüre an der Beifahrerseite über die man die Küchenzeile erreichen kann. Für sonnige Tage besitzt das Wohnmobil eine ausziehbare Markise, sowie stilechte Campingmöbel und Geschirr. Details Marke: Bruder Spielwaren Warum bei LuxeStyle kaufen? 🇨🇭 Versand aus der Schweiz – Lieferung in nur 1–2 Werktagen (DPD) ↩️ 30 Tage Rückgaberecht 🔒 Kauf auf Rechnung mit Klarna · TWINT · Karten · PayPal · Apple Pay 💬 Schweizer Support: info@luxestyle.ch	https://luxestyle.ch/products/mb-sprinter-camper-mit-fahrer-fga02684?variant=55970900935041	https://cdn.shopify.com/s/files/1/0943/6856/3585/files/02684_4.jpg?v=1784967990	https://cdn.shopify.com/s/files/1/0943/6856/3585/files/02684_1_af82d0d6-f898-43e9-b501-ddaf43e8dbd1.jpg?v=1784844349,https://cdn.shopify.com/s/files/1/0943/6856/3585/files/02684_2.jpg?v=1784967990,https://cdn.shopify.com/s/files/1/0943/6856/3585/files/02684_3.jpg?v=1784967990,https://cdn.shopify.com/s/files/1/0943/6856/3585/files/02684_5.jpg?v=1784967990	74.90 CHF	in stock	36	4001702026844	LuxeStyle	new	Spielzeug & Spiele	1-3 Werktage (Lager Schweiz)
fortura-02750	man-tga-abschlepp-lkw-mit-gelandewagen-fga02750	MAN TGA Abschlepp-LKW mit Geländewagen	Jeder hat diesen Abschlepp-LKW schon im Einsatz gesehen, wenn er havarierte Fahrzeuge auflädt und in die Reparaturwerkstatt bringt. Um Fahrzeuge bergen zu können, kann die Ladeplattform abgesetzt und der Hebekran ausgefahren und geschwenkt werden. Dabei ermöglichen die ausziehbare Abschleppbrille und das Ladegeschirr, bestehend aus Ketten und Radkrallen, ein sicheres und schnelles Abschleppen. Unterlegkeile und ausklappbare Stützen bieten sicheren Halt und Profilreifen runden das Bild ab. Das kippbare Fahrerhaus des MAN LKWs ermöglicht die Sicht auf den Motorblock und die Spiegel des Fahrerhauses können eingeklappt werden. Auch die Motorhaube des Geländewagens kann geöffnet und dessen Windschutzscheibe umgeklappt werden. Zudem ist der Geländewagen lenkbar. Zur Spielergänzung kann der MAN TGA Abschlepp-LKW mit dem Light and Sound Module (Art.-Nr.: 02801) ausgestattet werden (nicht im Lieferumfang enthalten). FAHRERHAUS: - kippbares Fahrerhaus - Motorhaube zum Öffnen FAHRZEUGAUFBAU: - absetzbare Ladeform - ausfahr- und schwenkbarer Hebekran - inkl. Abschleppbrille und Ladegeschirr (bestehend aus Ketten und Radkrallen) - Unterlegkeile und ausklappbare Stützen INKL. GELäNDEWAGEN, ART.-NR. 02540: - umklappbare Windschutzscheibe - Motorhaube zum Öffnen - Achsschenkellenkung FAHRWERK: - Profilreifen ALLGEMEIN: - Altersempfehlung: ab 4 Jahren zum Spielen für Innen und Aussen geeignet - hergestellt aus hochwertigen Kunststoffen wie z.B. ABS - Massstab 1:16 Details Marke: Bruder Spielwaren Lieferumfang: 1 Stück Warum bei LuxeStyle kaufen? 🇨🇭 Versand aus der Schweiz – Lieferung in nur 1–2 Werktagen (DPD) ↩️ 30 Tage Rückgaberecht 🔒 Kauf auf Rechnung mit Klarna · TWINT · Karten · PayPal · Apple Pay 💬 Schweizer Support: info@luxestyle.ch	https://luxestyle.ch/products/man-tga-abschlepp-lkw-mit-gelandewagen-fga02750?variant=55970901131649	https://cdn.shopify.com/s/files/1/0943/6856/3585/files/02750_1_869d51b6-b868-46d3-b66b-26b942a35a32.jpg?v=1784844354		68.90 CHF	in stock	11	4001702027506	LuxeStyle	new	Spielzeug & Spiele	1-3 Werktage (Lager Schweiz)
fortura-062110	bworld-pkw-werkstatt-fga062110	bworld PKW-Werkstatt	Mit den neuen Themensets taucht man noch tiefer in die Bruderwelt ein. Bedruckte Wandelemente mit einfach zu montierenden Stellfüssen bilden nun den Raum für noch mehr Realität beim Spielen und mit dem neuen Regalsystem lässt sich auch mit den Elementen interagieren. Die neue bworld PKW-Werkstatt ist der Anlaufpunkt für eine Vielzahl von BRUDER Fahrzeugen, die eine Inspektion benötigen. Auf der komplett höhenverstellbaren Plattform kann der mitgelieferte Mechaniker die Fahrzeuge inspizieren und auf der angebauten Prüfeinrichtung gleich die Bremsen testen. Das Ergebnis wird ihm gleich am Monitor angezeigt. Kleinere Reparaturen können sofort mit dem enthaltenen Werkzeug durchgeführt werden und zum Schluss wird der Reifendruck kontrolliert. In diesem tollen Set enthalten ist der BRUDER Roadster. Dieser hat sich für einen Reifenwechsel angekündigt. Die Ersatzräder sind ebenfalls enthalten und mit dem neuen Radwechselsystem des Roadsters ist diese Arbeit auch im Nu erledigt. Inhalt: - 2 beidseitig bedruckte Hintergrundelemente mit Stellfüssen - Mechaniker mit Werkzeug und Luftdruckmesser - Kompletter Satz Wechselräder - Wandregal mit Monitor Ablage und Halterung - höhenverstellbare Hebebühne mit Bremsentest inkl. BRUDER Roadster Art.-Nr. 03480 mit abnehmbaren Rädern und abnehmbarem Dach Weiteres: - Alle bworld Hintergrundelemente sind miteinander kombinierbar bworld, das ist die Spielwelt von BRUDER. Diese besteht aus beweglichen Figuren, Tieren, Zubehören und neuestens auch aus Themensets und ist den bekannten BRUDER Kategorien zugeordnet. Ob als Fahrer, Reiter, Wassersportler, in der Krankenstation, oder Motorradwerkstatt, bworld Artikel bieten schon alleine jede Menge Spielspass und sind die ideale Erweiterung zu den detailgetreuen Fahrzeugen. Allgemein: - Altersempfehlung: ab 4 Jahren - hergestellt aus hochwertigen Kunststoffen Details Marke: Bruder Spielwaren Farbe: gelb Lieferumfang: 1 Stück Warum bei LuxeStyle kaufen? 🇨🇭 Versand aus der Schweiz – Lieferung in nur 1–2 Werktagen (DPD) ↩️ 30 Tage Rückgaberecht 🔒 Kauf auf Rechnung mit Klarna · TWINT · Karten · PayPal · Apple Pay 💬 Schweizer Support: info@luxestyle.ch	https://luxestyle.ch/products/bworld-pkw-werkstatt-fga062110?variant=55970901164417	https://cdn.shopify.com/s/files/1/0943/6856/3585/files/062110_1_beea8576-1dc4-4f93-ae15-4d1164850cbd.jpg?v=1784844355		68.90 CHF	in stock	7	4001702621100	LuxeStyle	new	Spielzeug & Spiele	1-3 Werktage (Lager Schweiz)
fortura-57721	plusch-tiger-braun-66-cm-fga57721	Plüsch Tiger braun 66 cm	Plüsch Tiger braun 66 cm – hochwertige Qualität ab Schweizer Lager. Warum bei LuxeStyle kaufen? 🇨🇭 Versand aus der Schweiz – Lieferung in nur 1–2 Werktagen (DPD) ↩️ 30 Tage Rückgaberecht 🔒 Kauf auf Rechnung mit Klarna · TWINT · Karten · PayPal · Apple Pay 💬 Schweizer Support: info@luxestyle.ch ⚠️ Achtung! Nicht für Kinder unter 36 Monaten geeignet. Erstickungsgefahr wegen verschluckbarer Kleinteile. Altersempfehlung: ab 3 Jahren.	https://luxestyle.ch/products/plusch-tiger-braun-66-cm-fga57721?variant=55970901295489	https://cdn.shopify.com/s/files/1/0943/6856/3585/files/15470028652929-quadrat.jpg?v=1787776017	https://cdn.shopify.com/s/files/1/0943/6856/3585/files/57721_1_4a010d2c-7821-444c-8baf-58cf255cdd99.jpg?v=1784844357	104.90 CHF	in stock	18	4028667112061	LuxeStyle	new	Spielzeug & Spiele	1-3 Werktage (Lager Schweiz)
fortura-02771	man-tga-feuerwehr-m-drehleiter-wasserpumpe-fga02771	MAN TGA Feuerwehr m. Drehleiter, Wasserpumpe + Light & Sound	Das kippbare Fahrerhaus des MAN Feuerwehr-LKWs mit Drehleiter und Wasserpumpe ermöglicht die Sicht auf den Motorblock. Die Spiegel des Fahrerhauses lassen sich ausklappen und der integrierte Wassertank befüllen. Der Wasserschlauch kann aufgewickelt werden und besitzt am Ende eine voll funktionsfähige Wasserspritze. Die Drehleiter inkl. Rettungskorb kann durch ein Handrad ausgefahren und höhenverstellt werden. Vier Stützblöcke bieten sicheren Stand. Das Light and Sound Module Art.-Nr.: 02801 mit vier unterschiedlichen Funktionen Hupe, Motorengeräusch, Blinklicht und Sirenengeräusch ist im Lieferumfang enthalten. Profilreifen runden das Bild ab. FAHRERHAUS: - kippbares Fahrerhaus - klappbare Aussenspiegel - Sicht auf den Motorblock möglich FAHRWERK: - Profilreifen INKL. ZUBEHöR: LIGHT AND SOUND MODUL (TRUCKS) INKL. BATTERIE, ART.-NR. 02801: - Auto-Ausschaltfunktion nach ca. 18 Sekunden - sofortiges Ausschalten der jeweiligen Funktion durch abermaliges Drücken des Knopfes - umschaltbares Sirenengeräusch durch Schalter im Batteriefach von der amerikanischen auf die europäische Version - vier unterschiedlichen Funktionen Hupe, Motoren-, Sirenengeräusch und Blinklicht jeweils durch Betätigen des Druckknopfes auslösbar BEWEGUNG/FUNKTION: - befüllbarer Tank ALLGEMEIN: - Massstab 1:16 Details Marke: Bruder Spielwaren Farbe: rot Warum bei LuxeStyle kaufen? 🇨🇭 Versand aus der Schweiz – Lieferung in nur 1–2 Werktagen (DPD) ↩️ 30 Tage Rückgaberecht 🔒 Kauf auf Rechnung mit Klarna · TWINT · Karten · PayPal · Apple Pay 💬 Schweizer Support: info@luxestyle.ch	https://luxestyle.ch/products/man-tga-feuerwehr-m-drehleiter-wasserpumpe-fga02771?variant=55970901328257	https://cdn.shopify.com/s/files/1/0943/6856/3585/files/02771_1_ebe5c7b4-49e1-4689-9d61-6a1513de3d16.jpg?v=1784844358		68.90 CHF	in stock	23	4001702027711	LuxeStyle	new	Spielzeug & Spiele	1-3 Werktage (Lager Schweiz)
fortura-02774	bruder-man-tga-tieflader-fga02774	BRUDER MAN TGA Tieflader	BRUDER MAN TGA Tieflader – hochwertige Qualität ab Schweizer Lager. Details Marke: Bruder Spielwaren Warum bei LuxeStyle kaufen? 🇨🇭 Versand aus der Schweiz – Lieferung in nur 1–2 Werktagen (DPD) ↩️ 30 Tage Rückgaberecht 🔒 Kauf auf Rechnung mit Klarna · TWINT · Karten · PayPal · Apple Pay 💬 Schweizer Support: info@luxestyle.ch	https://luxestyle.ch/products/bruder-man-tga-tieflader-fga02774?variant=55970901426561	https://cdn.shopify.com/s/files/1/0943/6856/3585/files/15470028784001-quadrat.jpg?v=1787776023	https://cdn.shopify.com/s/files/1/0943/6856/3585/files/02774_1_eb4914fd-fa41-4001-badc-3d9edf92b715.jpg?v=1784844360,https://cdn.shopify.com/s/files/1/0943/6856/3585/files/02774_2.jpg?v=1784968007,https://cdn.shopify.com/s/files/1/0943/6856/3585/files/02774_3.jpg?v=1784968007,https://cdn.shopify.com/s/files/1/0943/6856/3585/files/02774_4.jpg?v=1784968007	110.90 CHF	in stock	54	4001702027742	LuxeStyle	new	Spielzeug & Spiele	1-3 Werktage (Lager Schweiz)
fortura-062620	bruder-bworld-landmaschinenhalle-traktor-u-fga062620	BRUDER bworld Landmaschinenhalle Traktor und Figur	BRUDER bworld Landmaschinenhalle mit Figur und Traktor Fendt 209S Details Marke: Bruder Spielwaren Lieferumfang: 1 Stück Warum bei LuxeStyle kaufen? 🇨🇭 Versand aus der Schweiz – Lieferung in nur 1–2 Werktagen (DPD) ↩️ 30 Tage Rückgaberecht 🔒 Kauf auf Rechnung mit Klarna · TWINT · Karten · PayPal · Apple Pay 💬 Schweizer Support: info@luxestyle.ch	https://luxestyle.ch/products/bruder-bworld-landmaschinenhalle-traktor-u-fga062620?variant=55970901459329	https://cdn.shopify.com/s/files/1/0943/6856/3585/files/062620_1_b1b777ab-aadd-42a8-b3e1-daae6ade0b61.jpg?v=1784844361		121.50 CHF	in stock	1	4001702626204	LuxeStyle	new	Spielzeug & Spiele	1-3 Werktage (Lager Schweiz)
fortura-062701	bworld-feuerwehrstation-mit-land-rover-def-fga062701	bworld Feuerwehrstation mit Land Rover Defender und Feuerwehrmann	bworld, das ist die Spielwelt von BRUDER. Diese besteht aus beweglichen Figuren, Tieren, Zubehören und neuestens auch aus Themensets und ist den bekannten BRUDER Kategorien zugeordnet. Ob als Fahrer, Reiter, Wassersportler, in der Krankenstation, oder Motorradwerkstatt, bworld Artikel bieten schon alleine jede Menge Spielspass und sind die ideale Erweiterung zu den detailgetreuen Fahrzeugen. Mit den neuen Themensets taucht man noch tiefer in die Bruderwelt ein. Bedruckte Wandelemente mit einfach zu montierenden Stellfüssen bilden nun den Raum für noch mehr Realität beim Spielen und mit dem neuen Regalsystem und weiteren Bauteilen lässt sich auch mit den Elementen interagieren. Für die Vielzahl an BRUDER Feuerwehrfahrzeugen gibt es jetzt neu, die bworld Feuerwehrstation als koordinierende Stelle. Von der modernen Leitstelle aus wird jeder Einsatz gesteuert. Um selbst schnell zu einem Einsatz zu kommen, steht der BRUDER Land Rover Pick up ein vielseitiges Einsatzfahrzeug bereit, dessen Geländegängigkeit legendär ist. Zwischen den Einsätzen kann sich der BRUDER Feuerwehrmann im Aufenthaltsraum, im ersten Obergeschoss entspannen. Die bworld Feuerwehrstation ist auf einfachste Art und Weise mit den anderen bworld Themensets kombinierbar. Aus dem Angebot an Rettungs- und Einsatzfahrzeugen von BRUDER passen hier besonders gut die MB Sprinter Feuerwehr (Art.-Nr. 02532), die MB Sprinter Ambulanz (Art.-Nr. 02536) und das Jeep Wrangler Rubicon Polizeifahrzeug (Art.-Nr. 02526). Inhalt: - 3 beidseitig bedruckte Hintergrundelemente mit Stellfüssen - 1 bedruckter Zwischenboden - Treppe mit Geländer - Rutschstange mit Griff - 1 bworld Feuerwehrmann mit Zubehör - Pritsche - Einsatzleitstelle mit Bürostuhl und Steuerpult - Wandregal mit Ablagen und Halterungen inkl. Land Rover Pick up Feuerwehr Fahrzeug: - Türen zum Öffnen - Motorhaube zum Öffnen - Gefederte Front- (lenkbar) und Heckachse inkl. Zubehör: Light and Sound Modul (universal), Art.-Nr. 02802: - Inkl. Batterien (3xLR44) - Adapter für LKW-Dachluken mit zusätzlicher Klebemöglichkeit (nicht beim Kauf mit Fahrzeugen enthalten!) - Funktionsknöpfe: 1. Motorengeräusch, 2. Polizei-Sirene, 3. Feuerwehr-Sirene, 4. Yelp-Signal - Standardverbinder zur Befestigung - Auto-Ausschaltfunktion nach ca. 20 Sekunden - sofortiges Ausschalten der jeweiligen Funktion durch abermaliges Drücken des Knopfes Weiteres: - Alle bworld Hintergrundelemente sind miteinander kombinierbar Allgemein: - Altersempfehlung: ab 4 Jahren - hergestellt aus hochwertigen Kunststoffen Details Marke: Bruder Spielwaren Warum bei LuxeStyle kaufen? 🇨🇭 Versand aus der Schweiz – Lieferung in nur 1–2 Werktagen (DPD) ↩️ 30 Tage Rückgaberecht 🔒 Kauf auf Rechnung mit Klarna · TWINT · Karten · PayPal · Apple Pay 💬 Schweizer Support: info@luxestyle.ch	https://luxestyle.ch/products/bworld-feuerwehrstation-mit-land-rover-def-fga062701?variant=55970901655937	https://cdn.shopify.com/s/files/1/0943/6856/3585/files/15470029013377-quadrat.jpg?v=1787776030	https://cdn.shopify.com/s/files/1/0943/6856/3585/files/062701_1_f95e159f-dcbe-4e5b-a494-192e62ba1cc9.jpg?v=1784844365	73.90 CHF	in stock	50	4001702627010	LuxeStyle	new	Spielzeug & Spiele	1-3 Werktage (Lager Schweiz)
fortura-58318	plusch-tiger-mit-jungen-fga58318	Plüsch Tiger mit Jungen	Plüsch Tiger mit Jungen – hochwertige Qualität ab Schweizer Lager. Details Marke: Laurana Farbe: weiss Masse: 80cm Warum bei LuxeStyle kaufen? 🇨🇭 Versand aus der Schweiz – Lieferung in nur 1–2 Werktagen (DPD) ↩️ 30 Tage Rückgaberecht 🔒 Kauf auf Rechnung mit Klarna · TWINT · Karten · PayPal · Apple Pay 💬 Schweizer Support: info@luxestyle.ch ⚠️ Achtung! Nicht für Kinder unter 36 Monaten geeignet. Erstickungsgefahr wegen verschluckbarer Kleinteile. Altersempfehlung: ab 3 Jahren.	https://luxestyle.ch/products/plusch-tiger-mit-jungen-fga58318?variant=55970901787009	https://cdn.shopify.com/s/files/1/0943/6856/3585/files/58318_1_d9b64f62-cfaa-47fc-86aa-ac9d63303e07.jpg?v=1784844369		71.90 CHF	in stock	26	7640103326947	LuxeStyle	new	Spielzeug & Spiele	1-3 Werktage (Lager Schweiz)
fortura-02831	bruder-mack-granite-berge-fga02831	BRUDER Mack Granite Berge	BRUDER Mack Granite Berge – hochwertige Qualität ab Schweizer Lager. Details Marke: Bruder Spielwaren Warum bei LuxeStyle kaufen? 🇨🇭 Versand aus der Schweiz – Lieferung in nur 1–2 Werktagen (DPD) ↩️ 30 Tage Rückgaberecht 🔒 Kauf auf Rechnung mit Klarna · TWINT · Karten · PayPal · Apple Pay 💬 Schweizer Support: info@luxestyle.ch	https://luxestyle.ch/products/bruder-mack-granite-berge-fga02831?variant=55970901819777	https://cdn.shopify.com/s/files/1/0943/6856/3585/files/02831_3.jpg?v=1784968012	https://cdn.shopify.com/s/files/1/0943/6856/3585/files/02831_1_84f0d070-1287-4b6c-b910-2b7d2c6c1676.jpg?v=1784844369,https://cdn.shopify.com/s/files/1/0943/6856/3585/files/02831_2.jpg?v=1784968012	146.90 CHF	in stock	13	4001702028312	LuxeStyle	new	Spielzeug & Spiele	1-3 Werktage (Lager Schweiz)
fortura-02885	bruder-range-rover-notfahr-fga02885	BRUDER Range Rover Notfahr	34cm x 14.3cm x 11.5cm Details Marke: Bruder Spielwaren Warum bei LuxeStyle kaufen? 🇨🇭 Versand aus der Schweiz – Lieferung in nur 1–2 Werktagen (DPD) ↩️ 30 Tage Rückgaberecht 🔒 Kauf auf Rechnung mit Klarna · TWINT · Karten · PayPal · Apple Pay 💬 Schweizer Support: info@luxestyle.ch	https://luxestyle.ch/products/bruder-range-rover-notfahr-fga02885?variant=55970901918081	https://cdn.shopify.com/s/files/1/0943/6856/3585/files/02885_3.jpg?v=1784968017	https://cdn.shopify.com/s/files/1/0943/6856/3585/files/02885_1_8d1fc36e-180e-464f-a7cc-cf2b5ede0357.jpg?v=1784844371,https://cdn.shopify.com/s/files/1/0943/6856/3585/files/02885_2.jpg?v=1784968017,https://cdn.shopify.com/s/files/1/0943/6856/3585/files/02885_4.jpg?v=1784968016	64.90 CHF	in stock	52	4001702028855	LuxeStyle	new	Spielzeug & Spiele	1-3 Werktage (Lager Schweiz)
fortura-03017	claas-axion-950-mit-schneeketten-und-schne-fga03017	Claas Axion 950 mit Schneeketten und Schneefräse	Der Winter kann kommen! Der neu entwickelte Axion 950 wartet mit umfassenden Innovationen in Funktion, Bedienbarkeit und Leistung auf. Kombiniert mit den neuen BRUDER Schneeketten für extra Grip auf Eis und Schnee und der montierten, höhenverstellbaren Schneefräse können auch grosse Schneemassen auf den Strassen spielerisch beseitigt werden. Für das realistische Spielgefühl ist die Fahrerkabine voll verglast und Türen, sowie Motorhaube lassen sich öffnen. Durch die Lenkverlängerung lässt sich der Traktor von aussen leicht steuern und mit der beweglichen Fräswalze, samt drehbarem Auswurf lässt sich die grösste Schneefront einfach beseitigen. Durch die verstellbare Heckkupplung können alle Anhänger der Profi Serie kombiniert werden. -Lenkbare Vorderachse -Höhenverstellbare Heckkupplung -Vollverglaste Kabine aus transparentem und bruchsicherem Polycarbonat mit Türen zum Öffnen -Schiebedach zum Einführen der Lenkradverlängerung -Montierbare Schneeketten für Vorder- und Hinterräder -Pendelachse -Motorhaube zum Öffnen -Aufnahme für Frontlader -Schneefräse mit beweglicher Fräswalze -Auswurfschacht drehbar mit Klappe -Halterung für Lenkradverlängerung Allgemein: - Altersempfehlung: ab 4 Jahren zum Spielen für Innen und Aussen geeignet - hergestellt aus hochwertigen Kunststoffen wie z.B. ABS - Kompatibel mit Figur - Massstab 1:16 Details Marke: Bruder Spielwaren Farbe: grün Lieferumfang: 1 Stück Warum bei LuxeStyle kaufen? 🇨🇭 Versand aus der Schweiz – Lieferung in nur 1–2 Werktagen (DPD) ↩️ 30 Tage Rückgaberecht 🔒 Kauf auf Rechnung mit Klarna · TWINT · Karten · PayPal · Apple Pay 💬 Schweizer Support: info@luxestyle.ch	https://luxestyle.ch/products/claas-axion-950-mit-schneeketten-und-schne-fga03017?variant=55970902016385	https://cdn.shopify.com/s/files/1/0943/6856/3585/files/15470029373825-quadrat.jpg?v=1787776044	https://cdn.shopify.com/s/files/1/0943/6856/3585/files/03017_1_74bd3f0b-545c-4180-9e61-77d42ba14117.jpg?v=1784844374,https://cdn.shopify.com/s/files/1/0943/6856/3585/files/03017_2.jpg?v=1784968019,https://cdn.shopify.com/s/files/1/0943/6856/3585/files/03017_3.jpg?v=1784968019,https://cdn.shopify.com/s/files/1/0943/6856/3585/files/03017_4.jpg?v=1784968019	82.90 CHF	in stock	1	4001702030179	LuxeStyle	new	Kostüme & Verkleidung	1-3 Werktage (Lager Schweiz)
fortura-17730	diy-ballon-bogen-fga17730	DIY Ballon Bogen	Wow - was für ein Empfang! Schon beim Betreten des Festareals wird einem Festlich zumute. Und dann erst noch alles selbst gemacht. Das Kit enthält alle Einzelteile zum Aufbau des Bogens. Dank mit Wasser auffülbaren Fundamenten kann man den Bogen fixieren. Dazu passen zum Beispiel die Ballons Art.Nr.FO19381 bis 87, FO69765 oder 55381. Details Lieferumfang: 1 Schachteln mit allen nötigen Einzelteilen Warum bei LuxeStyle kaufen? 🇨🇭 Versand aus der Schweiz – Lieferung in nur 1–2 Werktagen (DPD) ↩️ 30 Tage Rückgaberecht 🔒 Kauf auf Rechnung mit Klarna · TWINT · Karten · PayPal · Apple Pay 💬 Schweizer Support: info@luxestyle.ch	https://luxestyle.ch/products/diy-ballon-bogen-fga17730?variant=55970902409601	https://cdn.shopify.com/s/files/1/0943/6856/3585/files/17730_1_52b05260-a709-453e-9bba-49fcf19dcb4b.jpg?v=1784844383	https://cdn.shopify.com/s/files/1/0943/6856/3585/files/17730_2.jpg?v=1784970341,https://cdn.shopify.com/s/files/1/0943/6856/3585/files/17730_3.jpg?v=1784970341,https://cdn.shopify.com/s/files/1/0943/6856/3585/files/17730_4.jpg?v=1784970342	122.90 CHF	in stock	1	013051736989	LuxeStyle	new	Partydeko & Ballone	1-3 Werktage (Lager Schweiz)
fortura-64864-2	lottokarten-papier-gelb-fga648642	Lottokarten Papier gelb	Lottokarten Papier gelb – hochwertige Qualität ab Schweizer Lager. Warum bei LuxeStyle kaufen? 🇨🇭 Versand aus der Schweiz – Lieferung in nur 1–2 Werktagen (DPD) ↩️ 30 Tage Rückgaberecht 🔒 Kauf auf Rechnung mit Klarna · TWINT · Karten · PayPal · Apple Pay 💬 Schweizer Support: info@luxestyle.ch	https://luxestyle.ch/products/lottokarten-papier-gelb-fga648642?variant=55970903327105	https://cdn.shopify.com/s/files/1/0943/6856/3585/files/64864-2_1_820906b3-1551-4620-923c-6ab9296b4db0.jpg?v=1784844401		61.90 CHF	in stock	11	7640451285958	LuxeStyle	new	Spielzeug & Spiele	1-3 Werktage (Lager Schweiz)
fortura-17865	plusch-border-collie-fga17865	Plüsch Border Collie	Plüsch Border Collie – hochwertige Qualität ab Schweizer Lager. Warum bei LuxeStyle kaufen? 🇨🇭 Versand aus der Schweiz – Lieferung in nur 1–2 Werktagen (DPD) ↩️ 30 Tage Rückgaberecht 🔒 Kauf auf Rechnung mit Klarna · TWINT · Karten · PayPal · Apple Pay 💬 Schweizer Support: info@luxestyle.ch	https://luxestyle.ch/products/plusch-border-collie-fga17865?variant=55970903359873	https://cdn.shopify.com/s/files/1/0943/6856/3585/files/17865_1_81c0cdc2-2c65-4bf0-8cc3-7e5a6124ed8d.jpg?v=1784844401		79.00 CHF	in stock	12	4028667189018	LuxeStyle	new	Spielzeug & Spiele	1-3 Werktage (Lager Schweiz)
fortura-03548	scania-super-560r-tiertransport-lkw-mit-1-fga03548	Scania Super 560R Tiertransport-LKW mit 1 Rind	Scania Super 560R Tiertransport-LKW mit 1 Rind – hochwertige Qualität ab Schweizer Lager. Details Marke: Bruder Spielwaren Warum bei LuxeStyle kaufen? 🇨🇭 Versand aus der Schweiz – Lieferung in nur 1–2 Werktagen (DPD) ↩️ 30 Tage Rückgaberecht 🔒 Kauf auf Rechnung mit Klarna · TWINT · Karten · PayPal · Apple Pay 💬 Schweizer Support: info@luxestyle.ch	https://luxestyle.ch/products/scania-super-560r-tiertransport-lkw-mit-1-fga03548?variant=55970903392641	https://cdn.shopify.com/s/files/1/0943/6856/3585/files/15470030553473-quadrat.jpg?v=1787776085	https://cdn.shopify.com/s/files/1/0943/6856/3585/files/03548_1_e7ac7b2a-8f75-424a-a2ce-3eec3a3687df.jpg?v=1784844403,https://cdn.shopify.com/s/files/1/0943/6856/3585/files/03548_2.jpg?v=1784970364,https://cdn.shopify.com/s/files/1/0943/6856/3585/files/03548_3.jpg?v=1784970364,https://cdn.shopify.com/s/files/1/0943/6856/3585/files/03548_4.jpg?v=1784970364	103.90 CHF	in stock	55	4001702035488	LuxeStyle	new	Spielzeug & Spiele	1-3 Werktage (Lager Schweiz)
fortura-03551	scania-super-560r-baustellen-lkw-mit-kran-fga03551	Scania Super 560R Baustellen-LKW mit Kran und 2 Paletten	Scania Super 560R Baustellen-LKW mit Kran und 2 Paletten – hochwertige Qualität ab Schweizer Lager. Details Marke: Bruder Spielwaren Warum bei LuxeStyle kaufen? 🇨🇭 Versand aus der Schweiz – Lieferung in nur 1–2 Werktagen (DPD) ↩️ 30 Tage Rückgaberecht 🔒 Kauf auf Rechnung mit Klarna · TWINT · Karten · PayPal · Apple Pay 💬 Schweizer Support: info@luxestyle.ch	https://luxestyle.ch/products/scania-super-560r-baustellen-lkw-mit-kran-fga03551?variant=55970903490945	https://cdn.shopify.com/s/files/1/0943/6856/3585/files/03551_1_0ec8dd1b-97f3-4061-a796-842d1f897898.jpg?v=1784844405	https://cdn.shopify.com/s/files/1/0943/6856/3585/files/03551_2.jpg?v=1784970366,https://cdn.shopify.com/s/files/1/0943/6856/3585/files/03551_3.jpg?v=1784970367,https://cdn.shopify.com/s/files/1/0943/6856/3585/files/03551_4.jpg?v=1784970367	93.90 CHF	in stock	34	4001702035518	LuxeStyle	new	Spielzeug & Spiele	1-3 Werktage (Lager Schweiz)
fortura-03581	scania-r-serie-ups-logistik-lkw-mit-mitnah-fga03581	Scania R-Serie UPS Logistik- LKW mit Mitnahmestapler	Die Scania R-Serie ist ein Synonym für Wirtschaftlichkeit und Dynamik. Auch der weltweit operierende Versanddienstleister UPS setzt auf diesen leistungsstarken LKW. BRUDER bietet jetzt diese Version mit drei Achsen, einer Containerwechselbrücke sowie einem Mitnahmestapler an. Der Containeraufbau der Zugmaschine ist dabei in alle Einzelteile zerlegbar und besitzt Flügeltüren am Heck. Eine weitere herausragende Spielmöglichkeit dieses Fahrzeuges ist die Wechselbrücke, die sich durch Herausziehen und Aufstellen ihrer Stützfüsse automatisch vom Fahrzeug löst und den Container in die Höhe stellt, wodurch der LKW dann unter der Wechselbrücke herausfahren kann. Das Fahrerhaus zeigt das Scania typische, dynamische Design. Klappbare Aussenspiegel, sowie eine Verglasung aus hochwertigem Kunststoff sind selbstverständlich genauso vorhanden, wie Türen zum Öffnen oder auch eine Ergänzungsmöglichkeit für ein Light & Sound Module. FAHRERHAUS: - klappbare Aussenspiegel - Frontscheibe aus transparentem und bruchsicherem Kunststoff - Türen zum Öffnen FAHRWERK: - Profilreifen AUFBAU: - ausklappbaren Stützfüsse - Flügeltüren am Heck zum Öffnen Mitnahmestapler: - Direktlenkung des Hinterrades mittels darüber liegendem Drehrades - 2-teiliger Hubmast mit Seilumlenkung (wie beim Original) sowie Neigefunktion - verstellbare Gabelbreite WEITERES: zur Spielergänzung ausstattbar mit Light & Sound Module, Art.-Nr.: 02801 (nicht im Lieferumfang enthalten) ALLGEMEIN: - Altersempfehlung: ab 4 Jahren zum Spielen für Innen und Aussen geeignet - hergestellt aus hochwertigen Kunststoffen wie z.B. ABS - Kompatibel mit BRUDER Spielfiguren - Massstab 1:16 Details Marke: Bruder Spielwaren Farbe: mehrfarbig Lieferumfang: 1 Set Warum bei LuxeStyle kaufen? 🇨🇭 Versand aus der Schweiz – Lieferung in nur 1–2 Werktagen (DPD) ↩️ 30 Tage Rückgaberecht 🔒 Kauf auf Rechnung mit Klarna · TWINT · Karten · PayPal · Apple Pay 💬 Schweizer Support: info@luxestyle.ch	https://luxestyle.ch/products/scania-r-serie-ups-logistik-lkw-mit-mitnah-fga03581?variant=55970903589249	https://cdn.shopify.com/s/files/1/0943/6856/3585/files/03581_1_c7e63daf-5891-4bdc-b2a9-17ea8eb846e9.jpg?v=1784844408		109.50 CHF	in stock	2	4001702035815	LuxeStyle	new	Spielzeug & Spiele	1-3 Werktage (Lager Schweiz)
fortura-71786-1	bingo-losbox-acryl-fga717861	Bingo Losbox Acryl	Bingo Losbox Acryl 25x25x25 cm, ohne Schlitz Details Marke: FT Farbe: transparent Masse: 25cm x 25cm x 25cm Lieferumfang: 1 Stück mit Schlüssel Warum bei LuxeStyle kaufen? 🇨🇭 Versand aus der Schweiz – Lieferung in nur 1–2 Werktagen (DPD) ↩️ 30 Tage Rückgaberecht 🔒 Kauf auf Rechnung mit Klarna · TWINT · Karten · PayPal · Apple Pay 💬 Schweizer Support: info@luxestyle.ch	https://luxestyle.ch/products/bingo-losbox-acryl-fga717861?variant=55970903654785	https://cdn.shopify.com/s/files/1/0943/6856/3585/files/71786-1_1_1f921b4f-706b-4754-8590-1acb7d3ab083.jpg?v=1784844409		106.90 CHF	in stock	1	7640451288454	LuxeStyle	new	Kostüme & Verkleidung	1-3 Werktage (Lager Schweiz)
fortura-03623	mb-arocs-halfpipe-kipp-lkw-fga03623	MB Arocs Halfpipe Kipp-LKW	Kraft, Robustheit und Effizienz sind an einem Arbeitstag auf Strassen und Baustellen oft entscheidend. Daher wurde der neue Mercedes-Benz Arocs speziell für diese Bedürfnisse entwickelt. Zusätzlich zu diesen technischen Features wurde auch das Design dementsprechend überarbeitet. So ist z.B. die Front des Kühlergrills in Baggerzahnoptik gestaltet, wobei die Zähne für Durchbeissen und Zupacken stehen und dadurch die enorme Kraft ausdrücken sollen. Bei dem Modell wurde das Design übernommen, viel Wert auf die für BRUDER übliche Robustheit gelegt und das Fahrerhaus mit zu öffnenden Türen ausgestattet, damit die BRUDER Spielfiguren einsteigen können. Durch die spezielle Halfpipe-Form ist die geladene Fracht automatisch mittig platziert, was sowohl beim Fahren, als auch beim möglichst einfachen Abladen nützlich ist. Der dreifach ausziehbare Zylinder der Mulde und die Heckklappe können in unterschiedlichen Stufen eingerastet werden, um möglichst viele Spielsituationen zu ermöglichen. FAHRERHAUS: - Kabinenscheiben aus transparentem und hochwertigem Polycarbonat - klappbare Aussenspiegel - Türen zum Öffnen FAHRZEUGAUFBAU: - 3-fach ausziehbare Zylinder mit Rastfunktion - Halfpipe-Wanne mit Kippfunktion - Heckklappe zum Öffnen FAHRWERK: - Profilreifen WEITERES: - zur Spielergänzung ausstattbar mit dem Light and Sound Module, Art.-Nr.: 02801 (nicht im Lieferumfang enthalten) ALLGEMEIN: - Kompatibel mit Figur - Altersempfehlung: ab 3 Jahren zum Spielen für Innen und Aussen geeignet - hergestellt aus hochwertigen Kunststoffen wie z.B. ABS - Massstab 1:16 Details Marke: Bruder Spielwaren Farbe: blau Lieferumfang: 1 Stück Warum bei LuxeStyle kaufen? 🇨🇭 Versand aus der Schweiz – Lieferung in nur 1–2 Werktagen (DPD) ↩️ 30 Tage Rückgaberecht 🔒 Kauf auf Rechnung mit Klarna · TWINT · Karten · PayPal · Apple Pay 💬 Schweizer Support: info@luxestyle.ch	https://luxestyle.ch/products/mb-arocs-halfpipe-kipp-lkw-fga03623?variant=55970903687553	https://cdn.shopify.com/s/files/1/0943/6856/3585/files/03623_1_968678a4-c907-41c3-bb5d-3655cd84c99a.jpg?v=1784844411		72.90 CHF	in stock	18	4001702036232	LuxeStyle	new	Spielzeug & Spiele	1-3 Werktage (Lager Schweiz)
fortura-03761	man-tgs-seitenlader-mull-lkw-fga03761	MAN TGS Seitenlader Müll-LKW	Der MAN TGS ist der perfekte Allrounder für Baustelle, Fernverkehr und Nahverteilung. Robust gebaut, mit durchzugsstarken Motoren ausgestattet und mit einer überdurchschnittlichen Nutzlast ist dieser LKW der Prototyp für den viel beschriebenen Alleskönner der jede Menge Innovationen an Bord hat. Neu in der BRUDER MAN-TGS-Flotte ist ein moderner Müll-Seitenlader LKW. Ein seitlich ausfahrbarer Lifter greift die Mülltonnen und entleert sie ohne Zutun einer zweiten Person, zwei Schneckenpressen befördern den Müll im Inneren des Ladekörpers nach hinten. Zum Entleeren, wird nach Öffnen der Heckklappe, der Aufbau gekippt. Zu diesem Müll-LKW passen unsere kleinen Mülltonnen aus dem Set 02607. Mit diesem detailgetreuen Spielzeug kann das spannende Thema Abfall Entsorgen realitätsnah nachgespielt werden  just like the real thing. FAHRERHAUS: - Kabinenscheiben aus transparentem und bruchsicherem Kunststoff - klappbare Aussenspiegel - Türen zum Öffnen AUFBAU: - voll funktionsfähiger Ladearm - kippbarer Ladekörper - Beförderung des Müllgutes durch zwei Schneckenpressen - Heckklappe zum Öffnen FAHRWERK: - Profilreifen WEITERES: zur Spielergänzung ausstattbar mit Light & Sound Module, Art.-Nr.: 02801 (nicht im Lieferumfang enthalten) ALLGEMEIN: - Altersempfehlung: ab 4 Jahren zum Spielen für Innen und Aussen geeignet - hergestellt aus hochwertigen Kunststoffen wie z.B. ABS - Kompatibel mit Figur - Massstab 1:16 Details Marke: Bruder Spielwaren Farbe: mehrfarbig Lieferumfang: 1 Set Warum bei LuxeStyle kaufen? 🇨🇭 Versand aus der Schweiz – Lieferung in nur 1–2 Werktagen (DPD) ↩️ 30 Tage Rückgaberecht 🔒 Kauf auf Rechnung mit Klarna · TWINT · Karten · PayPal · Apple Pay 💬 Schweizer Support: info@luxestyle.ch	https://luxestyle.ch/products/man-tgs-seitenlader-mull-lkw-fga03761?variant=55970903818625	https://cdn.shopify.com/s/files/1/0943/6856/3585/files/03761_1_dbb9dc48-75be-4fd8-9038-77f30fddcf8e.jpg?v=1784844413		90.50 CHF	in stock	16	4001702037611	LuxeStyle	new	Spielzeug & Spiele	1-3 Werktage (Lager Schweiz)
fortura-03764	bruder-man-tgs-mull-lkw-fga03764	BRUDER MAN TGS Müll-LKW	BRUDER MAN TGS Müll-LKW Hecklader grün/gelb Details Marke: Bruder Spielwaren Farbe: mehrfarbig Lieferumfang: 1 Stück Warum bei LuxeStyle kaufen? 🇨🇭 Versand aus der Schweiz – Lieferung in nur 1–2 Werktagen (DPD) ↩️ 30 Tage Rückgaberecht 🔒 Kauf auf Rechnung mit Klarna · TWINT · Karten · PayPal · Apple Pay 💬 Schweizer Support: info@luxestyle.ch	https://luxestyle.ch/products/bruder-man-tgs-mull-lkw-fga03764?variant=55970903916929	https://cdn.shopify.com/s/files/1/0943/6856/3585/files/15470031077761-quadrat.jpg?v=1787776095	https://cdn.shopify.com/s/files/1/0943/6856/3585/files/03764_1_cf4de312-beae-4a31-bda2-39e983bf84d3.jpg?v=1784844415	69.90 CHF	in stock	1	4001702037642	LuxeStyle	new	Spielzeug & Spiele	1-3 Werktage (Lager Schweiz)
fortura-03767	bruder-man-tgs-lkw-mit-abroll-fga03767	BRUDER MAN TGS LKW mit Abroll	BRUDER MAN TGS LKW mit Abroll – hochwertige Qualität ab Schweizer Lager. Details Marke: Bruder Spielwaren Warum bei LuxeStyle kaufen? 🇨🇭 Versand aus der Schweiz – Lieferung in nur 1–2 Werktagen (DPD) ↩️ 30 Tage Rückgaberecht 🔒 Kauf auf Rechnung mit Klarna · TWINT · Karten · PayPal · Apple Pay 💬 Schweizer Support: info@luxestyle.ch	https://luxestyle.ch/products/bruder-man-tgs-lkw-mit-abroll-fga03767?variant=55970904015233	https://cdn.shopify.com/s/files/1/0943/6856/3585/files/15470031176065-quadrat.jpg?v=1787776103	https://cdn.shopify.com/s/files/1/0943/6856/3585/files/03767_1_ffd5392d-134c-47d5-99f8-53bfe6847ec9.jpg?v=1784844417,https://cdn.shopify.com/s/files/1/0943/6856/3585/files/03767_2.jpg?v=1784970379,https://cdn.shopify.com/s/files/1/0943/6856/3585/files/03767_3.jpg?v=1784970379	89.90 CHF	in stock	28	4001702037673	LuxeStyle	new	Spielzeug & Spiele	1-3 Werktage (Lager Schweiz)
fortura-03785	bruder-man-tgs-winterdienst-fga03785	BRUDER MAN TGS Winterdienst	BRUDER MAN TGS Winterdienst – hochwertige Qualität ab Schweizer Lager. Details Marke: Bruder Spielwaren Warum bei LuxeStyle kaufen? 🇨🇭 Versand aus der Schweiz – Lieferung in nur 1–2 Werktagen (DPD) ↩️ 30 Tage Rückgaberecht 🔒 Kauf auf Rechnung mit Klarna · TWINT · Karten · PayPal · Apple Pay 💬 Schweizer Support: info@luxestyle.ch	https://luxestyle.ch/products/bruder-man-tgs-winterdienst-fga03785?variant=55970904146305	https://cdn.shopify.com/s/files/1/0943/6856/3585/files/03785_4.jpg?v=1784970384	https://cdn.shopify.com/s/files/1/0943/6856/3585/files/03785_1_1896a912-894d-4630-8e3c-2ae092ad9d59.jpg?v=1784844419,https://cdn.shopify.com/s/files/1/0943/6856/3585/files/03785_2.jpg?v=1784970384,https://cdn.shopify.com/s/files/1/0943/6856/3585/files/03785_3.jpg?v=1784970384,https://cdn.shopify.com/s/files/1/0943/6856/3585/files/03785_5.jpg?v=1784970384	93.90 CHF	in stock	27	4001702037857	LuxeStyle	new	Spielzeug & Spiele	1-3 Werktage (Lager Schweiz)
fortura-04040	fendt-1050-vario-fga04040	Fendt 1050 Vario	Der neue Fendt 1050 Vario ist das stärkste Modell in der Produktpallette von Fendt. Dieser Traktor hat sich die Attribute gross, stark, einzigartig wahrlich verdient! Er besitzt einmaliges Design, Handling und Zugkraft. Mit diesem Exemplar stellt BRUDER das erste Modell der neuen 4000er Serie vor. Diese ist die neue Referenz mit überragender Detailtreue, Spielbarkeit und der für BRUDER bekannten Robustheit und Qualität. Etablierte Eigenschaften wie die lenkbare Vorderachse, oder die höhenverstellbare Heckkupplung, mit der alle Anhänger der Profiserie gekoppelt werden können sind vorhanden. Hinzukommen neue Funktionen, wie eine neue designte Frontaufnahme zur Anbringung von Zubehör, und als besonderes Highlight die neu entwickelten Achsen mit abnehmbaren Rädern. - Lenkbare Vorderachse - Motorhaube zu öffnen - Heckkupplung höhenverstellbar - Kabinenscheiben aus transparentem und bruchsicherem Polycarbonat - Türen zum Öffnen - Schiebedach zum Einführen der Lenkradverlängerung - geländegängige Pendelachse vorne - Abnehmbare Räder - Frontgewicht abnehmbar - Neu entwickelte Frontaufnahme zur Anbringung von Zubehör Allgemein: - Altersempfehlung: ab 4 Jahren zum Spielen für Innen und Aussen geeignet - hergestellt aus hochwertigen Kunststoffen wie z.B. ABS - Kompatibel mit Figuren - Massstab 1:16 Details Marke: Bruder Spielwaren Farbe: grün Lieferumfang: 1 Stück Warum bei LuxeStyle kaufen? 🇨🇭 Versand aus der Schweiz – Lieferung in nur 1–2 Werktagen (DPD) ↩️ 30 Tage Rückgaberecht 🔒 Kauf auf Rechnung mit Klarna · TWINT · Karten · PayPal · Apple Pay 💬 Schweizer Support: info@luxestyle.ch	https://luxestyle.ch/products/fendt-1050-vario-fga04040?variant=55970904244609	https://cdn.shopify.com/s/files/1/0943/6856/3585/files/04040_1_c6e2aeae-6aaf-4fbb-adbb-df338782cb50.jpg?v=1784844421		66.90 CHF	in stock	63	4001702040406	LuxeStyle	new	Spielzeug & Spiele	1-3 Werktage (Lager Schweiz)
fortura-04055	john-deere-9620rx-mit-raupenlaufwerk-fga04055	John Deere 9620RX mit Raupenlaufwerk	Weil die Anforderungen an moderne Agrarbetriebe immer grösser werden, ist es heute wichtiger denn je, die Leistungsfähigkeit deiner Maschinen zu steigern. Mit dem 9620RX stellt John Deere den bis dato stärksten und grössten Raupentraktor vor. Mit einer Motorleistung von bis zu 670 PS und seinen vier Raupenlaufwerken, die ihm sagenhafte Zugkraft bei gleichzeitig bestmöglicher Bodenschonung bescheren, ist er der perfekter Partner, wenn es darum geht, schwerste Zugarbeiten mit Anbaugeräten wie Grubber, Pflug und Säh-Kombination zu meistern. Dieser imposante Traktor ist nun auch im Massstab 1:16 in einzigartiger Detailtreue, neu bei BRUDER im Sortiment. Wie das Original, besitzt das Modell einen neu entwickelten Raupenantrieb, sowie die geländegängige Knicklenkung. Die Fahrerkabine besitzt eine Türe zum Öffnen und auch die imposante Motorhaube lässt sich aufklappen und zeigt den riesigen Motor. An die Anhängekupplung mit höhenverstellbarem Hubwerk können zahlreiche Anhängegeräte aus dem landwirtschaftlichen Sortiment von BRUDER angebracht werden. FAHRERHAUS: - Kabinenscheiben aus transparentem und bruchsicherem Kunststoff - Motorhaube zum Öffnen - Türen zum Öffnen FAHRZEUGAUFBAU: - Anhängekupplung mit höhenverstellbarem Hubwerk FAHRWERK: - innovative Knicklenkung - Raupenantrieb ALLGEMEIN: - Altersempfehlung: ab 4 Jahren zum Spielen für Innen und Aussen geeignet - hergestellt aus hochwertigen Kunststoffen wie z.B. ABS - Kompatibel mit BRUDER Spielfiguren - Massstab 1:16 Details Marke: Bruder Spielwaren Farbe: grün Masse: 50cm Lieferumfang: 1 Stück Warum bei LuxeStyle kaufen? 🇨🇭 Versand aus der Schweiz – Lieferung in nur 1–2 Werktagen (DPD) ↩️ 30 Tage Rückgaberecht 🔒 Kauf auf Rechnung mit Klarna · TWINT · Karten · PayPal · Apple Pay 💬 Schweizer Support: info@luxestyle.ch	https://luxestyle.ch/products/john-deere-9620rx-mit-raupenlaufwerk-fga04055?variant=55970904375681	https://cdn.shopify.com/s/files/1/0943/6856/3585/files/04055_1_e7384171-2ac9-443f-9b00-7fcce6358517.jpg?v=1784844424	https://cdn.shopify.com/s/files/1/0943/6856/3585/files/04055_2.jpg?v=1784970391,https://cdn.shopify.com/s/files/1/0943/6856/3585/files/04055_3.jpg?v=1784970391,https://cdn.shopify.com/s/files/1/0943/6856/3585/files/04055_4.jpg?v=1784970391,https://cdn.shopify.com/s/files/1/0943/6856/3585/files/04055_5.jpg?v=1784970391	120.90 CHF	in stock	28	4001702040550	LuxeStyle	new	Spielzeug & Spiele	1-3 Werktage (Lager Schweiz)
fortura-20883	animatronic-xxl-hexe-300-cm-fga20883	Animatronic XXL Hexe 300 cm	Animatronic XXL Hexe 300 cm – hochwertige Qualität ab Schweizer Lager. Details Anlass: Halloween Warum bei LuxeStyle kaufen? 🇨🇭 Versand aus der Schweiz – Lieferung in nur 1–2 Werktagen (DPD) ↩️ 30 Tage Rückgaberecht 🔒 Kauf auf Rechnung mit Klarna · TWINT · Karten · PayPal · Apple Pay 💬 Schweizer Support: info@luxestyle.ch	https://luxestyle.ch/products/animatronic-xxl-hexe-300-cm-fga20883?variant=55970904408449	https://cdn.shopify.com/s/files/1/0943/6856/3585/files/20883_1_dbf373a9-5f40-4141-92b8-d16fdd76dc02.jpg?v=1784844424		550.00 CHF	in stock	1	4009775004011	LuxeStyle	new	Kostüme & Verkleidung	1-3 Werktage (Lager Schweiz)
fortura-21060	plusch-sonic-classic-100-cm-fga21060	Plüsch Sonic Classic 100 cm	Plüsch Sonic Classic 100 cm – hochwertige Qualität ab Schweizer Lager. Warum bei LuxeStyle kaufen? 🇨🇭 Versand aus der Schweiz – Lieferung in nur 1–2 Werktagen (DPD) ↩️ 30 Tage Rückgaberecht 🔒 Kauf auf Rechnung mit Klarna · TWINT · Karten · PayPal · Apple Pay 💬 Schweizer Support: info@luxestyle.ch	https://luxestyle.ch/products/plusch-sonic-classic-100-cm-fga21060?variant=55970904637825	https://cdn.shopify.com/s/files/1/0943/6856/3585/files/21060_1_8c08e68f-cbf3-408b-b9b2-44fa3232c3f4.jpg?v=1784844430		102.90 CHF	in stock	12	8425611653322	LuxeStyle	new	Spielzeug & Spiele	1-3 Werktage (Lager Schweiz)
fortura-87292	plusch-panda-fga87292	Plüsch Panda · 80 cm	Plüschiger Pandabär schwarz und weiss mit blauen Augen. Details Marke: Laurana Farbe: schwarz Masse: 80cm Lieferumfang: 1 Stück Warum bei LuxeStyle kaufen? 🇨🇭 Versand aus der Schweiz – Lieferung in nur 1–2 Werktagen (DPD) ↩️ 30 Tage Rückgaberecht 🔒 Kauf auf Rechnung mit Klarna · TWINT · Karten · PayPal · Apple Pay 💬 Schweizer Support: info@luxestyle.ch ⚠️ Achtung! Nicht für Kinder unter 36 Monaten geeignet. Erstickungsgefahr wegen verschluckbarer Kleinteile. Altersempfehlung: ab 3 Jahren.	https://luxestyle.ch/products/plusch-panda-fga87292?variant=55970906898817	https://cdn.shopify.com/s/files/1/0943/6856/3585/files/87292_1_d3854820-7e6c-405c-8006-1b364482518c.jpg?v=1784844473		78.90 CHF	in stock	61	7640163145465	LuxeStyle	new	Spielzeug & Spiele	1-3 Werktage (Lager Schweiz)
fortura-27000	lotto-spielkontrolltableau-fga27000	Lotto Spielkontrolltableau	Lotto Spielkontrolltableau Details Marke: FT Warum bei LuxeStyle kaufen? 🇨🇭 Versand aus der Schweiz – Lieferung in nur 1–2 Werktagen (DPD) ↩️ 30 Tage Rückgaberecht 🔒 Kauf auf Rechnung mit Klarna · TWINT · Karten · PayPal · Apple Pay 💬 Schweizer Support: info@luxestyle.ch	https://luxestyle.ch/products/lotto-spielkontrolltableau-fga27000?variant=55970907455873	https://cdn.shopify.com/s/files/1/0943/6856/3585/files/27000_1_e6f94c4c-08ef-4cf8-a8f0-9d796328706d.jpg?v=1784844487		61.90 CHF	in stock	2	7640451285866	LuxeStyle	new	Spielzeug & Spiele	1-3 Werktage (Lager Schweiz)
fortura-17867	plusch-husky-mit-geschirr-62-cm-fga17867	Plüsch Husky mit Geschirr 62 cm	Plüsch Husky mit Geschirr 62 cm – hochwertige Qualität ab Schweizer Lager. Warum bei LuxeStyle kaufen? 🇨🇭 Versand aus der Schweiz – Lieferung in nur 1–2 Werktagen (DPD) ↩️ 30 Tage Rückgaberecht 🔒 Kauf auf Rechnung mit Klarna · TWINT · Karten · PayPal · Apple Pay 💬 Schweizer Support: info@luxestyle.ch ⚠️ Achtung! Nicht für Kinder unter 36 Monaten geeignet. Erstickungsgefahr wegen verschluckbarer Kleinteile. Altersempfehlung: ab 3 Jahren.	https://luxestyle.ch/products/plusch-husky-mit-geschirr-62-cm-fga17867?variant=55970908045697	https://cdn.shopify.com/s/files/1/0943/6856/3585/files/17867_1_0f3df9e4-09e1-43d1-9b2b-ecdda4d00106.jpg?v=1784844500		98.00 CHF	in stock	25	4028667182743	LuxeStyle	new	Spielzeug & Spiele	1-3 Werktage (Lager Schweiz)
fortura-41607	kinder-elektro-feuerwehrauto-fga41607	Kinder Elektro Feuerwehrauto	Kinder Elektro Feuerwehrauto – hochwertige Qualität ab Schweizer Lager. Ausstattung (Herstellerangabe): Feuerlöscher, Signalleuchte Warum bei LuxeStyle kaufen? 🇨🇭 Versand aus der Schweiz – Lieferung in nur 1–2 Werktagen (DPD) ↩️ 30 Tage Rückgaberecht 🔒 Kauf auf Rechnung mit Klarna · TWINT · Karten · PayPal · Apple Pay 💬 Schweizer Support: info@luxestyle.ch	https://luxestyle.ch/products/kinder-elektro-feuerwehrauto-fga41607?variant=55970908864897	https://cdn.shopify.com/s/files/1/0943/6856/3585/files/15470035665281-quadrat.jpg?v=1787776153	https://cdn.shopify.com/s/files/1/0943/6856/3585/files/41607_1_8a6c0524-89d0-4ada-be4e-10bea82cfee9.jpg?v=1784844519,https://cdn.shopify.com/s/files/1/0943/6856/3585/files/41607_2.jpg?v=1784970509,https://cdn.shopify.com/s/files/1/0943/6856/3585/files/41607_3.jpg?v=1784970509	724.90 CHF	in stock	2	4251814627853	LuxeStyle	new	Spielzeug & Spiele	1-3 Werktage (Lager Schweiz)
fortura-20885	animatronic-xl-sensemann-fga20885	Animatronic XL Sensemann	Animatronic XL Sensemann – hochwertige Qualität ab Schweizer Lager. Details Anlass: Halloween Warum bei LuxeStyle kaufen? 🇨🇭 Versand aus der Schweiz – Lieferung in nur 1–2 Werktagen (DPD) ↩️ 30 Tage Rückgaberecht 🔒 Kauf auf Rechnung mit Klarna · TWINT · Karten · PayPal · Apple Pay 💬 Schweizer Support: info@luxestyle.ch	https://luxestyle.ch/products/animatronic-xl-sensemann-fga20885?variant=55970909028737	https://cdn.shopify.com/s/files/1/0943/6856/3585/files/20885_1_ea57b84b-21ea-46ec-817e-f8b03dc23e82.jpg?v=1784844522	https://cdn.shopify.com/s/files/1/0943/6856/3585/files/20885_2.jpg?v=1784970519	410.90 CHF	in stock	1	4009775004035	LuxeStyle	new	Kostüme & Verkleidung	1-3 Werktage (Lager Schweiz)
fortura-49455	plusch-kanguru-mama-41-cm-fga49455	Plüsch Känguru Mama 41 cm	Plüsch Känguru Mama 41 cm – hochwertige Qualität ab Schweizer Lager. Warum bei LuxeStyle kaufen? 🇨🇭 Versand aus der Schweiz – Lieferung in nur 1–2 Werktagen (DPD) ↩️ 30 Tage Rückgaberecht 🔒 Kauf auf Rechnung mit Klarna · TWINT · Karten · PayPal · Apple Pay 💬 Schweizer Support: info@luxestyle.ch	https://luxestyle.ch/products/plusch-kanguru-mama-41-cm-fga49455?variant=55970910044545	https://cdn.shopify.com/s/files/1/0943/6856/3585/files/49455_2.jpg?v=1784973967	https://cdn.shopify.com/s/files/1/0943/6856/3585/files/49455_1_0ea06370-cd6b-47d6-a166-6d3a63212bdf.jpg?v=1784844558	65.00 CHF	in stock	74	4028667190663	LuxeStyle	new	Spielzeug & Spiele	1-3 Werktage (Lager Schweiz)
fortura-50672-3	lottokarten-blau-laminiert-fga506723	Lottokarten blau laminiert	Lottokarten Lam. 14,5x7,2 dick blau Details Masse: 14.5cm x 7.2cm Lieferumfang: 1 Pack à 100 Karten Warum bei LuxeStyle kaufen? 🇨🇭 Versand aus der Schweiz – Lieferung in nur 1–2 Werktagen (DPD) ↩️ 30 Tage Rückgaberecht 🔒 Kauf auf Rechnung mit Klarna · TWINT · Karten · PayPal · Apple Pay 💬 Schweizer Support: info@luxestyle.ch	https://luxestyle.ch/products/lottokarten-blau-laminiert-fga506723?variant=55970910372225	https://cdn.shopify.com/s/files/1/0943/6856/3585/files/50672-3_1_7a05ca1d-4a4b-4bfd-a6f0-6ed361e0d15d.jpg?v=1784844570		86.90 CHF	in stock	21	7640451285897	LuxeStyle	new	Spielzeug & Spiele	1-3 Werktage (Lager Schweiz)
fortura-41606	kinder-elektro-gabelstapler-fga41606	Kinder Elektro Gabelstapler	Kinder Elektro Gabelstapler – hochwertige Qualität ab Schweizer Lager. Technische Daten (Herstellerangabe): inkl. Palette · 2× 35 W · 12 V Warum bei LuxeStyle kaufen? 🇨🇭 Versand aus der Schweiz – Lieferung in nur 1–2 Werktagen (DPD) ↩️ 30 Tage Rückgaberecht 🔒 Kauf auf Rechnung mit Klarna · TWINT · Karten · PayPal · Apple Pay 💬 Schweizer Support: info@luxestyle.ch	https://luxestyle.ch/products/kinder-elektro-gabelstapler-fga41606?variant=55970995077505	https://cdn.shopify.com/s/files/1/0943/6856/3585/files/41606_1_1b1591b8-6792-4dbf-8f0c-8d60c9181f8d.jpg?v=1784851611		651.90 CHF	in stock	1	4251814627938	LuxeStyle	new	Spielzeug & Spiele	1-3 Werktage (Lager Schweiz)
fortura-60552	lostrommel-plexiglas-fga60552	Lostrommel/Plexiglas	Lostrommel/Plexiglas Masse 230 x 230 mm Details Marke: FT Warum bei LuxeStyle kaufen? 🇨🇭 Versand aus der Schweiz – Lieferung in nur 1–2 Werktagen (DPD) ↩️ 30 Tage Rückgaberecht 🔒 Kauf auf Rechnung mit Klarna · TWINT · Karten · PayPal · Apple Pay 💬 Schweizer Support: info@luxestyle.ch	https://luxestyle.ch/products/lostrommel-plexiglas-fga60552?variant=55970995175809	https://cdn.shopify.com/s/files/1/0943/6856/3585/files/60552_1_3731bc35-bc8c-4d50-ab68-2df73ab8405a.jpg?v=1784851613		530.90 CHF	in stock	2	7640451287648	LuxeStyle	new	Haushalt & Wohnen	1-3 Werktage (Lager Schweiz)
fortura-64864-1	lottokarten-papier-grun-fga648641	Lottokarten Papier grün	Lottokarten Papier grün – hochwertige Qualität ab Schweizer Lager. Warum bei LuxeStyle kaufen? 🇨🇭 Versand aus der Schweiz – Lieferung in nur 1–2 Werktagen (DPD) ↩️ 30 Tage Rückgaberecht 🔒 Kauf auf Rechnung mit Klarna · TWINT · Karten · PayPal · Apple Pay 💬 Schweizer Support: info@luxestyle.ch	https://luxestyle.ch/products/lottokarten-papier-grun-fga648641?variant=55970995634561	https://cdn.shopify.com/s/files/1/0943/6856/3585/files/64864-1_1_66f67169-42c3-4029-8579-baff6aab496e.jpg?v=1784851631		61.90 CHF	in stock	18	7640451285941	LuxeStyle	new	Spielzeug & Spiele	1-3 Werktage (Lager Schweiz)
fortura-64864-4	lottokarten-papier-rosa-fga648644	Lottokarten Papier rosa	Lottokarten Papier rosa – hochwertige Qualität ab Schweizer Lager. Warum bei LuxeStyle kaufen? 🇨🇭 Versand aus der Schweiz – Lieferung in nur 1–2 Werktagen (DPD) ↩️ 30 Tage Rückgaberecht 🔒 Kauf auf Rechnung mit Klarna · TWINT · Karten · PayPal · Apple Pay 💬 Schweizer Support: info@luxestyle.ch	https://luxestyle.ch/products/lottokarten-papier-rosa-fga648644?variant=55970995700097	https://cdn.shopify.com/s/files/1/0943/6856/3585/files/64864-4_1_6b0afa10-0241-47a5-8b38-d91f24696f09.jpg?v=1784851633		61.90 CHF	in stock	29	7640451285972	LuxeStyle	new	Spielzeug & Spiele	1-3 Werktage (Lager Schweiz)
fortura-67383	90-lottoballe-fur-zahlenmischer-fga67383	90 Lottobälle für Zahlenmischer · 90 Stück	90 Lottobälle D:38mm für Zahlenmischer 64653 multicolor, nummeriert Details Marke: FT Masse: 38mm Durchmesser Lieferumfang: 90 Stück Warum bei LuxeStyle kaufen? 🇨🇭 Versand aus der Schweiz – Lieferung in nur 1–2 Werktagen (DPD) ↩️ 30 Tage Rückgaberecht 🔒 Kauf auf Rechnung mit Klarna · TWINT · Karten · PayPal · Apple Pay 💬 Schweizer Support: info@luxestyle.ch	https://luxestyle.ch/products/90-lottoballe-fur-zahlenmischer-fga67383?variant=55970995765633	https://cdn.shopify.com/s/files/1/0943/6856/3585/files/67383_1_d4bed8e0-ddba-4478-83cd-224a5c1f9b7f.jpg?v=1784851637		104.90 CHF	in stock	1	3580744339101	LuxeStyle	new	Spielzeug & Spiele	1-3 Werktage (Lager Schweiz)
fortura-50672-2	lottokarten-gelb-laminiert-fga506722	Lottokarten gelb laminiert	Lottokarten Lam. 14,5x7,2 dick gelb Details Masse: 14.5cm x 7.2cm Lieferumfang: 1 Pack à 100 Karten Warum bei LuxeStyle kaufen? 🇨🇭 Versand aus der Schweiz – Lieferung in nur 1–2 Werktagen (DPD) ↩️ 30 Tage Rückgaberecht 🔒 Kauf auf Rechnung mit Klarna · TWINT · Karten · PayPal · Apple Pay 💬 Schweizer Support: info@luxestyle.ch	https://luxestyle.ch/products/lottokarten-gelb-laminiert-fga506722?variant=55970996224385	https://cdn.shopify.com/s/files/1/0943/6856/3585/files/50672-2_1_12dfc2da-4bcd-4337-b7fc-31968a4312ab.jpg?v=1784851662		86.90 CHF	in stock	82	7640451285880	LuxeStyle	new	Spielzeug & Spiele	1-3 Werktage (Lager Schweiz)
fortura-82017	bingo-nummernballe-1-90-fga82017	Bingo Nummernbälle 1-90	Geeignet für Zahlenmischer unsere Artikel-Nummer 64653 DM 3.5 cm Details Marke: FT Farbe: mehrfarbig Lieferumfang: 1 Beutel à 90 Bälle Warum bei LuxeStyle kaufen? 🇨🇭 Versand aus der Schweiz – Lieferung in nur 1–2 Werktagen (DPD) ↩️ 30 Tage Rückgaberecht 🔒 Kauf auf Rechnung mit Klarna · TWINT · Karten · PayPal · Apple Pay 💬 Schweizer Support: info@luxestyle.ch	https://luxestyle.ch/products/bingo-nummernballe-1-90-fga82017?variant=55970996388225	https://cdn.shopify.com/s/files/1/0943/6856/3585/files/82017_1_d7288c29-c267-440f-a2f5-1aeefa158e50.jpg?v=1784851676		78.90 CHF	in stock	2	7640451285682	LuxeStyle	new	Kostüme & Verkleidung	1-3 Werktage (Lager Schweiz)
fortura-64864-3	lottokarten-papier-blau-fga648643	Lottokarten Papier blau	Lottokarten Papier blau – hochwertige Qualität ab Schweizer Lager. Warum bei LuxeStyle kaufen? 🇨🇭 Versand aus der Schweiz – Lieferung in nur 1–2 Werktagen (DPD) ↩️ 30 Tage Rückgaberecht 🔒 Kauf auf Rechnung mit Klarna · TWINT · Karten · PayPal · Apple Pay 💬 Schweizer Support: info@luxestyle.ch	https://luxestyle.ch/products/lottokarten-papier-blau-fga648643?variant=55970998157697	https://cdn.shopify.com/s/files/1/0943/6856/3585/files/64864-3_1_3c18d322-02d5-4114-918d-6f76a4845a46.jpg?v=1784851731		61.90 CHF	in stock	19	7640451285965	LuxeStyle	new	Spielzeug & Spiele	1-3 Werktage (Lager Schweiz)
fortura-67596-4	lottokarte-prestige-orang-grun-fga675964	Lottokarte Prestige orang/grün	Lottokarte Prestige orang/grün auf Karton laminiert Warum bei LuxeStyle kaufen? 🇨🇭 Versand aus der Schweiz – Lieferung in nur 1–2 Werktagen (DPD) ↩️ 30 Tage Rückgaberecht 🔒 Kauf auf Rechnung mit Klarna · TWINT · Karten · PayPal · Apple Pay 💬 Schweizer Support: info@luxestyle.ch	https://luxestyle.ch/products/lottokarte-prestige-orang-grun-fga675964?variant=55970998223233	https://cdn.shopify.com/s/files/1/0943/6856/3585/files/67596-4_1_a11b3f03-c6dd-4b65-996c-f903987f6721.jpg?v=1784851733		86.90 CHF	in stock	2	7640451285989	LuxeStyle	new	Spielzeug & Spiele	1-3 Werktage (Lager Schweiz)
fortura-901408	grim-raper-mit-sich-drehendem-fga901408	Sensenmann-Figur mit drehendem Kopf · Halloween-Deko	Grim Raper mit sich drehendem – hochwertige Qualität ab Schweizer Lager. Details Marke: Widmann Warum bei LuxeStyle kaufen? 🇨🇭 Versand aus der Schweiz – Lieferung in nur 1–2 Werktagen (DPD) ↩️ 30 Tage Rückgaberecht 🔒 Kauf auf Rechnung mit Klarna · TWINT · Karten · PayPal · Apple Pay 💬 Schweizer Support: info@luxestyle.ch	https://luxestyle.ch/products/grim-raper-mit-sich-drehendem-fga901408?variant=55970998714753	https://cdn.shopify.com/s/files/1/0943/6856/3585/files/901408_3.jpg?v=1784974043	https://cdn.shopify.com/s/files/1/0943/6856/3585/files/901408_1_9b8be3d1-296b-495e-b7d0-45f050f2364d.jpg?v=1784851749,https://cdn.shopify.com/s/files/1/0943/6856/3585/files/901408_2.jpg?v=1784974043,https://cdn.shopify.com/s/files/1/0943/6856/3585/files/901408_4.jpg?v=1784974043	138.00 CHF	in stock	2	8003558014088	LuxeStyle	new	Partydeko & Ballone	1-3 Werktage (Lager Schweiz)
fortura-97800	skelett-lebensgross-fga97800	Skelett, lebensgross	1 Stück Details Marke: Widmann Farbe: weiss Masse: 160cm Anlass: Halloween Lieferumfang: 1 Stück Warum bei LuxeStyle kaufen? 🇨🇭 Versand aus der Schweiz – Lieferung in nur 1–2 Werktagen (DPD) ↩️ 30 Tage Rückgaberecht 🔒 Kauf auf Rechnung mit Klarna · TWINT · Karten · PayPal · Apple Pay 💬 Schweizer Support: info@luxestyle.ch 📖 Passend dazu im Ratgeber: Halloween-Deko selber machen: 10 Ideen für drinnen und draussen – und was du fertig kaufst	https://luxestyle.ch/products/skelett-lebensgross-fga97800?variant=55970999370113	https://cdn.shopify.com/s/files/1/0943/6856/3585/files/97800_2.jpg?v=1784974065	https://cdn.shopify.com/s/files/1/0943/6856/3585/files/97800_1_a51ebc6c-bcd3-43ca-8cd9-e0319e5f3217.jpg?v=1784851770	128.00 CHF	in stock	1	8003558780006	LuxeStyle	new	Partydeko & Ballone	1-3 Werktage (Lager Schweiz)
fortura-907104	totenkopf-30x20cm-fga907104	Totenkopf 30x20cm	Totenkopf 30x20cm – hochwertige Qualität ab Schweizer Lager. Details Marke: Widmann Warum bei LuxeStyle kaufen? 🇨🇭 Versand aus der Schweiz – Lieferung in nur 1–2 Werktagen (DPD) ↩️ 30 Tage Rückgaberecht 🔒 Kauf auf Rechnung mit Klarna · TWINT · Karten · PayPal · Apple Pay 💬 Schweizer Support: info@luxestyle.ch	https://luxestyle.ch/products/totenkopf-30x20cm-fga907104?variant=55971000418689	https://cdn.shopify.com/s/files/1/0943/6856/3585/files/907104_2.jpg?v=1784974092	https://cdn.shopify.com/s/files/1/0943/6856/3585/files/907104_1_44270f5c-4a29-4519-9e90-7680aa38c36a.jpg?v=1784851814	75.00 CHF	in stock	2	8003558071043	LuxeStyle	new	Partydeko & Ballone	1-3 Werktage (Lager Schweiz)
fortura-975036	aufblasbarer-leuchtender-fga975036	Aufblasbare Leuchtdekoration	Aufblasbare Leuchtdekoration – hochwertige Qualität ab Schweizer Lager. Details Marke: Widmann Warum bei LuxeStyle kaufen? 🇨🇭 Versand aus der Schweiz – Lieferung in nur 1–2 Werktagen (DPD) ↩️ 30 Tage Rückgaberecht 🔒 Kauf auf Rechnung mit Klarna · TWINT · Karten · PayPal · Apple Pay 💬 Schweizer Support: info@luxestyle.ch	https://luxestyle.ch/products/aufblasbarer-leuchtender-fga975036?variant=55971000615297	https://cdn.shopify.com/s/files/1/0943/6856/3585/files/975036_1_cb4d1269-7501-426e-bf5b-693c8bfcaeaa.jpg?v=1784851829	https://cdn.shopify.com/s/files/1/0943/6856/3585/files/975036_2.jpg?v=1784974106	70.90 CHF	in stock	8	8003558750368	LuxeStyle	new	Partydeko & Ballone	1-3 Werktage (Lager Schweiz)
